{"type": "FeatureCollection", "features": [{"type": "Feature", "geometry": {"type": "MultiPolygon", "coordinates": [[[[18.42561, 47.23451], [18.42541, 47.23247], [18.4267, 47.23054], [18.42752, 47.22748], [18.42544, 47.22758], [18.4235, 47.22722], [18.42191, 47.22638], [18.42086, 47.22505], [18.41858, 47.22531], [18.4211, 47.24583], [18.42561, 47.23451]]], [[[18.0247, 47.12317], [18.02516, 47.12358], [18.02521, 47.1226], [18.02469, 47.12315], [18.0247, 47.12317]]], [[[18.02813, 47.11976], [18.03299, 47.11885], [18.03446, 47.11312], [18.02777, 47.11993], [18.02813, 47.11976]]], [[[18.04031, 47.11301], [18.03846, 47.11992], [18.03957, 47.12134], [18.03969, 47.12271], [18.03749, 47.12584], [18.0379, 47.12637], [18.0472, 47.11588], [18.04031, 47.11301]]], [[[18.01838, 47.13078], [18.01838, 47.13078], [18.01836, 47.13065], [18.01826, 47.13079], [18.01838, 47.13078]]], [[[18.04204, 47.13203], [18.04269, 47.13285], [18.04237, 47.13431], [18.04274, 47.13438], [18.04368, 47.13286], [18.04472, 47.13305], [18.04534, 47.13269], [18.04733, 47.13372], [18.04754, 47.13267], [18.04866, 47.13169], [18.04909, 47.13183], [18.04762, 47.13372], [18.05001, 47.13415], [18.05036, 47.13394], [18.05182, 47.13525], [18.05225, 47.13424], [18.05532, 47.13644], [18.05616, 47.13586], [18.05624, 47.13524], [18.05806, 47.13441], [18.0599, 47.13399], [18.06138, 47.13433], [18.06351, 47.13349], [18.0647, 47.13355], [18.06474, 47.13505], [18.06606, 47.13531], [18.06561, 47.13633], [18.06615, 47.13665], [18.06712, 47.13651], [18.06716, 47.13586], [18.06649, 47.13585], [18.06716, 47.13556], [18.06706, 47.13526], [18.06994, 47.13527], [18.07114, 47.13444], [18.07192, 47.13448], [18.07492, 47.13498], [18.07788, 47.13602], [18.07855, 47.1357], [18.07963, 47.13583], [18.08256, 47.13708], [18.08324, 47.13684], [18.09338, 47.13889], [18.10848, 47.13891], [18.10607, 47.14291], [18.10791, 47.14303], [18.11041, 47.13895], [18.11303, 47.13895], [18.11053, 47.14319], [18.11543, 47.14344], [18.11751, 47.14014], [18.1179, 47.14086], [18.11678, 47.14362], [18.1183, 47.14367], [18.11816, 47.14418], [18.12157, 47.14458], [18.12293, 47.13748], [18.12473, 47.1348], [18.12613, 47.12981], [18.12494, 47.12885], [18.12429, 47.12756], [18.12489, 47.12361], [18.12401, 47.12287], [18.12177, 47.123], [18.11928, 47.12252], [18.11872, 47.12294], [18.11879, 47.12237], [18.11834, 47.12219], [18.11512, 47.1229], [18.11255, 47.12601], [18.11108, 47.12691], [18.11235, 47.12749], [18.11193, 47.12812], [18.11276, 47.12843], [18.11136, 47.12985], [18.1115, 47.13087], [18.11026, 47.13169], [18.10907, 47.13142], [18.10855, 47.13087], [18.10702, 47.13186], [18.10637, 47.13169], [18.10622, 47.1325], [18.1073, 47.13287], [18.10773, 47.13214], [18.11344, 47.13553], [18.1144, 47.13678], [18.11337, 47.13822], [18.11077, 47.13818], [18.11206, 47.13612], [18.11036, 47.13594], [18.10897, 47.13809], [18.09362, 47.13797], [18.07994, 47.1352], [18.08025, 47.13216], [18.07675, 47.13251], [18.07673, 47.1317], [18.07484, 47.1312], [18.07605, 47.13101], [18.07707, 47.1301], [18.0758, 47.12945], [18.07578, 47.12876], [18.07679, 47.12851], [18.07736, 47.12872], [18.07791, 47.12827], [18.07844, 47.12864], [18.07855, 47.12814], [18.07913, 47.12814], [18.07898, 47.12865], [18.07945, 47.12886], [18.08018, 47.12778], [18.08099, 47.12783], [18.081, 47.12908], [18.08038, 47.12946], [18.08181, 47.1301], [18.08302, 47.12964], [18.08289, 47.12915], [18.08362, 47.12955], [18.08413, 47.12905], [18.08552, 47.1294], [18.08762, 47.12771], [18.09057, 47.12951], [18.09296, 47.12993], [18.09394, 47.13043], [18.09513, 47.12935], [18.09227, 47.12727], [18.09148, 47.12569], [18.0903, 47.12524], [18.09251, 47.12316], [18.09268, 47.12245], [18.0919, 47.12071], [18.09222, 47.11856], [18.09177, 47.11842], [18.09453, 47.11664], [18.09451, 47.11444], [18.07749, 47.11482], [18.07476, 47.11458], [18.07502, 47.11662], [18.07387, 47.11822], [18.07185, 47.11921], [18.06899, 47.1194], [18.06796, 47.12049], [18.06856, 47.12098], [18.0682, 47.1219], [18.06907, 47.12255], [18.06899, 47.12302], [18.06807, 47.12333], [18.06768, 47.12426], [18.06864, 47.12435], [18.06897, 47.12329], [18.06977, 47.12303], [18.07086, 47.12193], [18.07347, 47.12215], [18.07307, 47.1229], [18.07347, 47.12447], [18.07266, 47.1249], [18.06996, 47.12528], [18.07084, 47.12595], [18.07066, 47.12664], [18.07232, 47.12807], [18.0715, 47.12926], [18.07168, 47.1298], [18.07461, 47.13116], [18.07199, 47.13115], [18.06914, 47.13227], [18.06569, 47.13232], [18.05969, 47.12915], [18.05573, 47.12455], [18.05557, 47.12303], [18.05375, 47.12048], [18.05484, 47.12021], [18.05602, 47.12054], [18.05643, 47.12007], [18.05596, 47.11975], [18.0573, 47.11928], [18.05751, 47.11813], [18.05801, 47.11791], [18.05766, 47.11667], [18.05606, 47.11557], [18.05341, 47.11632], [18.04259, 47.12854], [18.04299, 47.13033], [18.04204, 47.13203]], [[18.04562, 47.12964], [18.04625, 47.13008], [18.04733, 47.13116], [18.04641, 47.1308], [18.04562, 47.12964]], [[18.05412, 47.13408], [18.05441, 47.13405], [18.05462, 47.13432], [18.05428, 47.13428], [18.05412, 47.13408]], [[18.05492, 47.13481], [18.05507, 47.13491], [18.05499, 47.13496], [18.05487, 47.13485], [18.05492, 47.13481]], [[18.05652, 47.13497], [18.05612, 47.13516], [18.05575, 47.1351], [18.05675, 47.13486], [18.05652, 47.13497]], [[18.05605, 47.13531], [18.05602, 47.13537], [18.05581, 47.13521], [18.056, 47.13521], [18.05605, 47.13531]], [[18.05563, 47.1352], [18.056, 47.13546], [18.05597, 47.13579], [18.0551, 47.13505], [18.05563, 47.1352]], [[18.05532, 47.13629], [18.05583, 47.13593], [18.05587, 47.13594], [18.05557, 47.13623], [18.05532, 47.13629]], [[18.0899, 47.12264], [18.08979, 47.1208], [18.09158, 47.12145], [18.08939, 47.12375], [18.08707, 47.12203], [18.08892, 47.12309], [18.0899, 47.12264]]], [[[18.07514, 47.1107], [18.07737, 47.11096], [18.09247, 47.11063], [18.09024, 47.10893], [18.08915, 47.10513], [18.08954, 47.10344], [18.09122, 47.10168], [18.08862, 47.10201], [18.08649, 47.10155], [18.07571, 47.10463], [18.07645, 47.10561], [18.07699, 47.10774], [18.07514, 47.1107]]], [[[18.07934, 47.09936], [18.08168, 47.09872], [18.07944, 47.09734], [18.07829, 47.0952], [18.07792, 47.09308], [18.07895, 47.09131], [18.07754, 47.09019], [18.07688, 47.08863], [18.07514, 47.08721], [18.07159, 47.08648], [18.06333, 47.09122], [18.06552, 47.09247], [18.06578, 47.09387], [18.06502, 47.09497], [18.06637, 47.09562], [18.0644, 47.09874], [18.06306, 47.0983], [18.06205, 47.09945], [18.06121, 47.09888], [18.05954, 47.10027], [18.05772, 47.1006], [18.05739, 47.10125], [18.05835, 47.10472], [18.06069, 47.10351], [18.06351, 47.10323], [18.06681, 47.10196], [18.06767, 47.09903], [18.07027, 47.0965], [18.07235, 47.09556], [18.07482, 47.09539], [18.07727, 47.09611], [18.07886, 47.09743], [18.07934, 47.09936]]], [[[18.12497, 47.06425], [18.115, 47.06717], [18.11267, 47.06805], [18.12093, 47.07014], [18.12479, 47.06526], [18.12497, 47.06425]]], [[[18.12228, 47.07047], [18.12479, 47.07107], [18.13862, 47.07222], [18.15442, 47.07263], [18.15969, 47.07334], [18.15863, 47.0725], [18.15794, 47.07121], [18.15864, 47.0686], [18.16314, 47.06566], [18.16579, 47.0649], [18.16657, 47.06321], [18.16923, 47.06095], [18.17092, 47.05734], [18.17224, 47.05632], [18.17389, 47.05575], [18.17446, 47.05416], [18.15526, 47.05694], [18.13476, 47.06138], [18.12543, 47.06412], [18.1253, 47.06553], [18.12235, 47.06908], [18.12226, 47.06969], [18.1228, 47.0701], [18.12228, 47.07047]]], [[[18.05261, 47.10446], [18.05176, 47.10221], [18.04936, 47.10082], [18.0484, 47.10148], [18.0498, 47.10207], [18.04927, 47.10159], [18.04982, 47.10128], [18.04999, 47.10214], [18.05147, 47.10287], [18.04832, 47.10154], [18.04695, 47.1025], [18.04929, 47.10407], [18.05261, 47.10446]]], [[[18.04453, 47.29879], [18.04499, 47.2979], [18.04451, 47.29775], [18.04499, 47.29758], [18.04243, 47.29661], [18.04104, 47.29479], [18.0398, 47.29511], [18.04453, 47.29879]]], [[[18.00454, 47.15265], [18.00321, 47.15415], [18.00182, 47.15741], [18.00283, 47.15705], [18.00357, 47.15726], [18.0043, 47.15658], [18.00641, 47.15725], [18.00702, 47.15664], [18.01031, 47.15622], [18.01239, 47.15493], [18.02112, 47.15651], [18.02347, 47.15663], [18.0238, 47.15593], [18.02391, 47.15427], [18.01851, 47.15257], [18.01625, 47.15275], [18.01434, 47.15233], [18.01145, 47.15077], [18.01028, 47.14924], [18.00832, 47.14927], [18.00624, 47.14868], [18.00399, 47.15251], [18.00454, 47.15265]]], [[[18.04287, 47.14547], [18.04427, 47.14474], [18.03952, 47.14318], [18.04116, 47.14456], [18.04287, 47.14547]]], [[[18.06306, 47.31169], [18.0657, 47.30945], [18.06919, 47.30738], [18.07225, 47.30641], [18.07089, 47.30558], [18.06885, 47.30503], [18.06531, 47.30303], [18.06551, 47.30252], [18.06629, 47.30277], [18.07007, 47.30009], [18.06893, 47.29968], [18.07033, 47.29815], [18.07138, 47.2975], [18.07238, 47.29762], [18.07296, 47.29705], [18.07133, 47.29621], [18.07186, 47.29533], [18.07089, 47.29498], [18.07037, 47.29547], [18.07067, 47.29699], [18.0701, 47.2983], [18.06651, 47.30068], [18.06566, 47.30223], [18.06345, 47.30366], [18.06052, 47.30405], [18.05776, 47.30327], [18.05643, 47.30218], [18.05403, 47.29885], [18.05216, 47.30007], [18.0515, 47.30121], [18.04944, 47.30293], [18.05464, 47.3065], [18.05602, 47.30579], [18.05767, 47.30558], [18.06007, 47.30625], [18.06149, 47.30838], [18.06123, 47.30932], [18.0602, 47.3102], [18.06253, 47.31174], [18.06306, 47.31169]]], [[[18.05421, 47.29726], [18.05425, 47.29714], [18.05415, 47.29705], [18.05397, 47.29715], [18.05421, 47.29726]]], [[[18.05393, 47.29717], [18.05248, 47.29799], [18.05221, 47.29849], [18.05389, 47.29764], [18.05393, 47.29717]]], [[[18.04661, 47.29782], [18.04665, 47.29766], [18.04619, 47.29768], [18.04661, 47.29782]]], [[[18.04784, 47.28888], [18.05021, 47.28893], [18.05047, 47.28384], [18.05176, 47.28284], [18.05191, 47.28217], [18.05008, 47.28186], [18.04904, 47.28267], [18.04487, 47.28237], [18.04317, 47.28452], [18.04276, 47.28609], [18.04644, 47.28753], [18.04784, 47.28888]]], [[[18.13175, 47.13032], [18.13016, 47.13588], [18.12847, 47.13824], [18.12745, 47.14411], [18.12861, 47.1468], [18.12984, 47.14777], [18.13062, 47.14919], [18.1335, 47.15], [18.13511, 47.15156], [18.13584, 47.1514], [18.13581, 47.14884], [18.13646, 47.14771], [18.13765, 47.14709], [18.14145, 47.14614], [18.14385, 47.14688], [18.1446, 47.14856], [18.14611, 47.14874], [18.14832, 47.14829], [18.1507, 47.14857], [18.15058, 47.14785], [18.14867, 47.14758], [18.14905, 47.14712], [18.15011, 47.14718], [18.15065, 47.14675], [18.15026, 47.14649], [18.15112, 47.14654], [18.15122, 47.14557], [18.15049, 47.1454], [18.15113, 47.14489], [18.14816, 47.14367], [18.14604, 47.14335], [18.1449, 47.1418], [18.14478, 47.13854], [18.14319, 47.13742], [18.14238, 47.13525], [18.14256, 47.13219], [18.14181, 47.13122], [18.14243, 47.12708], [18.14001, 47.12504], [18.13979, 47.1228], [18.13753, 47.12318], [18.13754, 47.12258], [18.1364, 47.12218], [18.13613, 47.12242], [18.13443, 47.12836], [18.13337, 47.12953], [18.13175, 47.13032]]], [[[18.14102, 47.12097], [18.1409, 47.12131], [18.14164, 47.12069], [18.14129, 47.12086], [18.14102, 47.12097]]], [[[18.15025, 47.11522], [18.14994, 47.11642], [18.14824, 47.11797], [18.14862, 47.11812], [18.15067, 47.11659], [18.15309, 47.11665], [18.15324, 47.11623], [18.15237, 47.11586], [18.15276, 47.11405], [18.15428, 47.11413], [18.15382, 47.11682], [18.15651, 47.11702], [18.15826, 47.11853], [18.15847, 47.1198], [18.15765, 47.12084], [18.15922, 47.12145], [18.15656, 47.12319], [18.15616, 47.12412], [18.15337, 47.12528], [18.16144, 47.13138], [18.16235, 47.12992], [18.16451, 47.12876], [18.16536, 47.12752], [18.16701, 47.12654], [18.17063, 47.12095], [18.17574, 47.12173], [18.17117, 47.11917], [18.1772, 47.1224], [18.17894, 47.12214], [18.17932, 47.11902], [18.18402, 47.11878], [18.18749, 47.1085], [18.19011, 47.09751], [18.19333, 47.08934], [18.19592, 47.08504], [18.19675, 47.08271], [18.19338, 47.08227], [18.19113, 47.08099], [18.18106, 47.08028], [18.17099, 47.07862], [18.16542, 47.07809], [18.16281, 47.07983], [18.16248, 47.08409], [18.16341, 47.0842], [18.16378, 47.08387], [18.16743, 47.08447], [18.16996, 47.0855], [18.16991, 47.08585], [18.16467, 47.08474], [18.16354, 47.08498], [18.16144, 47.08473], [18.16065, 47.08609], [18.15903, 47.08738], [18.15726, 47.08694], [18.16003, 47.08497], [18.16222, 47.08162], [18.16241, 47.08009], [18.15612, 47.08428], [18.15415, 47.08637], [18.15604, 47.08838], [18.15657, 47.08969], [18.15647, 47.09105], [18.1555, 47.09249], [18.15255, 47.0942], [18.15225, 47.09478], [18.15479, 47.09553], [18.15665, 47.09417], [18.15925, 47.09331], [18.15702, 47.09505], [18.15739, 47.09531], [18.15663, 47.09613], [18.15498, 47.09626], [18.15206, 47.0957], [18.15071, 47.09681], [18.15183, 47.09448], [18.14964, 47.09482], [18.14787, 47.09818], [18.15069, 47.09932], [18.15224, 47.09894], [18.1543, 47.09909], [18.1553, 47.09781], [18.15461, 47.09914], [18.15653, 47.09923], [18.15913, 47.101], [18.15995, 47.10084], [18.15795, 47.10257], [18.1578, 47.10372], [18.15684, 47.10463], [18.15485, 47.10513], [18.15284, 47.10452], [18.14923, 47.10629], [18.15131, 47.10607], [18.15371, 47.10654], [18.15549, 47.10773], [18.15625, 47.10936], [18.15613, 47.11047], [18.15529, 47.11171], [18.15339, 47.11281], [18.15109, 47.11316], [18.15025, 47.11522]]], [[[18.15158, 47.10433], [18.15235, 47.10403], [18.15212, 47.10354], [18.15193, 47.10387], [18.15158, 47.10433]]], [[[18.14228, 47.09739], [18.14462, 47.09296], [18.14383, 47.09083], [18.14497, 47.08751], [18.14621, 47.08643], [18.14804, 47.08575], [18.15185, 47.08175], [18.15875, 47.07715], [18.15402, 47.07648], [18.14147, 47.07627], [18.13844, 47.08223], [18.13272, 47.08967], [18.1334, 47.0903], [18.13188, 47.09052], [18.131, 47.09146], [18.13144, 47.09231], [18.1333, 47.0933], [18.13558, 47.09396], [18.13641, 47.09324], [18.1364, 47.09466], [18.13708, 47.09405], [18.13715, 47.09465], [18.13794, 47.09512], [18.13748, 47.0956], [18.13796, 47.09594], [18.13937, 47.09566], [18.13806, 47.09725], [18.1393, 47.09863], [18.14066, 47.09662], [18.14169, 47.09627], [18.14212, 47.09566], [18.14191, 47.0966], [18.14056, 47.09738], [18.14005, 47.09827], [18.14228, 47.09739]], [[18.1394, 47.09324], [18.13964, 47.09358], [18.13987, 47.09281], [18.14108, 47.09289], [18.14107, 47.09328], [18.14048, 47.09321], [18.1396, 47.09432], [18.1397, 47.09379], [18.13919, 47.09354], [18.13832, 47.09409], [18.13841, 47.09443], [18.13804, 47.0942], [18.1394, 47.09324]]], [[[18.13872, 47.09903], [18.13565, 47.09613], [18.13394, 47.09511], [18.13348, 47.09523], [18.13537, 47.0963], [18.13818, 47.09955], [18.13872, 47.09903]]], [[[18.13797, 47.09983], [18.13516, 47.09652], [18.13015, 47.09445], [18.12968, 47.09445], [18.12975, 47.09506], [18.13043, 47.09493], [18.13175, 47.09596], [18.1342, 47.09615], [18.13398, 47.09645], [18.13122, 47.09629], [18.13065, 47.09562], [18.12907, 47.09519], [18.12967, 47.09399], [18.1324, 47.095], [18.13234, 47.09423], [18.13042, 47.09241], [18.12855, 47.09188], [18.12731, 47.09241], [18.12461, 47.09276], [18.12958, 47.0981], [18.13002, 47.09981], [18.12956, 47.1013], [18.13692, 47.10144], [18.13797, 47.09983]]], [[[18.12144, 47.09646], [18.1198, 47.09518], [18.11941, 47.09348], [18.11587, 47.09283], [18.11244, 47.09073], [18.11308, 47.09166], [18.11168, 47.09086], [18.11152, 47.0897], [18.10914, 47.08862], [18.10661, 47.08896], [18.10367, 47.08817], [18.10174, 47.08816], [18.0994, 47.08886], [18.09724, 47.08886], [18.09847, 47.09058], [18.0985, 47.09244], [18.09719, 47.09474], [18.09568, 47.09594], [18.0964, 47.09721], [18.09637, 47.09846], [18.09756, 47.09993], [18.09925, 47.09945], [18.10227, 47.0993], [18.10419, 47.09968], [18.1072, 47.10101], [18.10758, 47.10074], [18.10741, 47.10118], [18.10847, 47.10294], [18.10835, 47.10445], [18.11066, 47.10533], [18.11211, 47.10717], [18.11548, 47.10318], [18.1177, 47.1018], [18.11707, 47.09989], [18.11772, 47.09822], [18.11946, 47.09696], [18.12144, 47.09646]]], [[[18.09607, 47.08831], [18.09593, 47.08812], [18.09572, 47.08817], [18.09581, 47.0882], [18.09607, 47.08831]]], [[[18.09383, 47.08782], [18.09382, 47.08778], [18.09373, 47.08781], [18.09374, 47.08782], [18.09383, 47.08782]]], [[[18.09356, 47.08751], [18.09687, 47.08663], [18.09964, 47.08645], [18.09988, 47.08498], [18.10166, 47.08393], [18.09953, 47.0838], [18.09963, 47.08328], [18.09596, 47.08205], [18.09394, 47.08362], [18.10141, 47.0771], [18.09933, 47.07671], [18.09575, 47.07531], [18.09226, 47.07815], [18.09382, 47.08], [18.09332, 47.08261], [18.09386, 47.08283], [18.09048, 47.08541], [18.09208, 47.08613], [18.09356, 47.08751]]], [[[18.09207, 47.07804], [18.09605, 47.07473], [18.09577, 47.07444], [18.08998, 47.07715], [18.09207, 47.07804]]], [[[18.09639, 47.07442], [18.09744, 47.07413], [18.09791, 47.0736], [18.09619, 47.07424], [18.09639, 47.07442]]], [[[18.10249, 47.13154], [18.10085, 47.13175], [18.09948, 47.13334], [18.10257, 47.13445], [18.10524, 47.13135], [18.1041, 47.13088], [18.10076, 47.13322], [18.10249, 47.13154]]], [[[18.11332, 47.11032], [18.11251, 47.10945], [18.11218, 47.10874], [18.11107, 47.11008], [18.11265, 47.11107], [18.11405, 47.11079], [18.11332, 47.11032]]], [[[18.06051, 47.14374], [18.06035, 47.14375], [18.05938, 47.14446], [18.05981, 47.14451], [18.06051, 47.14374]]], [[[18.07869, 47.173], [18.07787, 47.17364], [18.07825, 47.17389], [18.07767, 47.17587], [18.07853, 47.17671], [18.08004, 47.17697], [18.08051, 47.17765], [18.07994, 47.1777], [18.07832, 47.18011], [18.0806, 47.18002], [18.08248, 47.1805], [18.08467, 47.18234], [18.08504, 47.18181], [18.08763, 47.18312], [18.087, 47.18407], [18.08924, 47.18478], [18.08951, 47.1844], [18.08836, 47.18264], [18.08863, 47.18094], [18.08973, 47.17973], [18.09176, 47.17882], [18.09339, 47.17599], [18.09085, 47.17508], [18.08985, 47.17435], [18.08766, 47.17568], [18.08537, 47.1743], [18.08354, 47.17491], [18.08297, 47.17479], [18.08548, 47.17354], [18.08609, 47.17409], [18.08777, 47.17393], [18.08919, 47.17438], [18.0897, 47.17413], [18.08947, 47.1731], [18.09002, 47.1721], [18.08556, 47.17115], [18.08223, 47.16988], [18.07869, 47.173]]], [[[18.08294, 47.16524], [18.08348, 47.16562], [18.08352, 47.16565], [18.08308, 47.16521], [18.08294, 47.16524]]], [[[18.10048, 47.20462], [18.09877, 47.20611], [18.09795, 47.20956], [18.09711, 47.20972], [18.09609, 47.20918], [18.0963, 47.20841], [18.09582, 47.20832], [18.09595, 47.20798], [18.09652, 47.20814], [18.09643, 47.207], [18.09453, 47.20646], [18.0929, 47.20551], [18.09123, 47.20365], [18.09009, 47.20424], [18.091, 47.20466], [18.09028, 47.2056], [18.08924, 47.2053], [18.08866, 47.20602], [18.09004, 47.20996], [18.08896, 47.21171], [18.08815, 47.21192], [18.08806, 47.21253], [18.08746, 47.21278], [18.08743, 47.21426], [18.08927, 47.21408], [18.0944, 47.2148], [18.09756, 47.2137], [18.099, 47.21361], [18.10141, 47.21198], [18.10548, 47.21113], [18.11049, 47.20881], [18.10602, 47.21086], [18.10175, 47.2118], [18.10149, 47.21113], [18.10022, 47.21087], [18.10059, 47.21194], [18.09981, 47.21174], [18.09904, 47.21132], [18.0986, 47.20957], [18.09819, 47.20957], [18.10048, 47.20462]]], [[[18.10199, 47.20478], [18.10107, 47.20598], [18.10056, 47.20686], [18.10138, 47.20703], [18.10303, 47.20479], [18.10199, 47.20478]]], [[[18.10904, 47.20318], [18.11132, 47.20293], [18.11213, 47.20385], [18.11225, 47.20487], [18.1116, 47.20554], [18.11235, 47.2058], [18.11313, 47.20448], [18.11455, 47.20378], [18.11147, 47.20261], [18.11267, 47.20269], [18.11499, 47.20359], [18.11574, 47.20333], [18.11168, 47.20229], [18.10904, 47.20318]]], [[[18.11361, 47.19945], [18.11486, 47.19986], [18.11814, 47.19777], [18.11789, 47.19763], [18.11898, 47.19757], [18.11784, 47.19727], [18.11727, 47.19753], [18.11559, 47.19701], [18.11372, 47.1985], [18.11361, 47.19945]]], [[[18.11388, 47.19603], [18.1144, 47.19607], [18.11673, 47.19312], [18.11688, 47.19188], [18.11388, 47.19603]]], [[[18.11026, 47.19206], [18.11108, 47.19103], [18.1103, 47.19153], [18.10952, 47.19119], [18.10902, 47.19177], [18.11026, 47.19206]]], [[[18.10823, 47.18566], [18.11008, 47.18622], [18.11169, 47.18614], [18.10807, 47.18434], [18.10823, 47.18566]]], [[[18.10578, 47.18229], [18.10532, 47.18164], [18.10513, 47.18114], [18.10415, 47.18186], [18.10578, 47.18229]]], [[[18.10569, 47.17789], [18.107, 47.1785], [18.10768, 47.17893], [18.10608, 47.17717], [18.10569, 47.17789]]], [[[18.10165, 47.16597], [18.10159, 47.1659], [18.1015, 47.16597], [18.10165, 47.16597]]], [[[18.10046, 47.16617], [18.10022, 47.16529], [18.09929, 47.16565], [18.09845, 47.16513], [18.09914, 47.16427], [18.09869, 47.16369], [18.09939, 47.16198], [18.10068, 47.16146], [18.10129, 47.16037], [18.10253, 47.15974], [18.10288, 47.16029], [18.10471, 47.15857], [18.10459, 47.1582], [18.10341, 47.159], [18.10155, 47.15956], [18.09956, 47.1596], [18.09769, 47.15911], [18.09622, 47.15817], [18.09539, 47.15692], [18.09532, 47.15553], [18.09605, 47.15423], [18.09743, 47.15324], [18.09922, 47.15269], [18.1027, 47.15295], [18.10433, 47.15381], [18.10532, 47.15498], [18.1053, 47.15751], [18.10571, 47.15677], [18.10683, 47.15619], [18.10571, 47.15498], [18.10538, 47.15358], [18.10095, 47.15237], [18.10062, 47.15206], [18.10095, 47.15166], [18.10277, 47.15122], [18.10439, 47.15136], [18.10467, 47.15071], [18.10516, 47.15071], [18.10565, 47.15075], [18.10507, 47.15137], [18.10575, 47.1513], [18.10628, 47.1517], [18.10818, 47.15057], [18.10828, 47.14936], [18.10902, 47.14926], [18.11008, 47.1483], [18.11174, 47.1479], [18.11193, 47.14839], [18.11311, 47.14896], [18.11352, 47.1499], [18.1156, 47.14816], [18.12232, 47.14602], [18.12188, 47.14491], [18.11855, 47.14507], [18.11712, 47.14487], [18.11687, 47.14436], [18.11247, 47.14492], [18.10594, 47.1479], [18.09637, 47.15013], [18.09204, 47.15215], [18.09124, 47.15171], [18.09116, 47.15251], [18.09231, 47.15426], [18.0921, 47.15623], [18.09016, 47.15819], [18.08732, 47.15886], [18.08575, 47.15962], [18.08673, 47.16201], [18.08814, 47.16327], [18.08931, 47.16369], [18.08959, 47.16479], [18.09093, 47.16259], [18.09355, 47.16352], [18.09441, 47.16454], [18.0971, 47.16486], [18.09983, 47.16639], [18.10046, 47.16617]], [[18.10607, 47.14945], [18.10726, 47.14987], [18.10712, 47.15033], [18.10629, 47.15041], [18.10607, 47.14945]]], [[[18.06515, 47.15212], [18.06339, 47.15123], [18.06069, 47.15077], [18.05453, 47.1548], [18.05562, 47.15538], [18.05782, 47.15562], [18.05988, 47.15514], [18.06138, 47.15402], [18.0636, 47.15343], [18.06515, 47.15212]]], [[[18.10567, 47.08191], [18.10825, 47.08196], [18.11176, 47.07533], [18.10859, 47.08203], [18.11048, 47.08283], [18.11157, 47.08383], [18.11407, 47.07958], [18.1153, 47.07951], [18.11639, 47.07886], [18.11359, 47.08202], [18.11155, 47.087], [18.1119, 47.08706], [18.11686, 47.07885], [18.11719, 47.07905], [18.11664, 47.08025], [18.11231, 47.08715], [18.11445, 47.08878], [18.11741, 47.08938], [18.11785, 47.08677], [18.11881, 47.08686], [18.12056, 47.08775], [18.12132, 47.08685], [18.12571, 47.08871], [18.12486, 47.08936], [18.12672, 47.09046], [18.12822, 47.09101], [18.12901, 47.09093], [18.13185, 47.08809], [18.13302, 47.08591], [18.13686, 47.08111], [18.1397, 47.07617], [18.12382, 47.07488], [18.11667, 47.07318], [18.11253, 47.07305], [18.11609, 47.07303], [18.10612, 47.07051], [18.09858, 47.07334], [18.09644, 47.07497], [18.09875, 47.07607], [18.10169, 47.0768], [18.10514, 47.07135], [18.1029, 47.07556], [18.10327, 47.07587], [18.10235, 47.07777], [18.10529, 47.07852], [18.10184, 47.08327], [18.10249, 47.08347], [18.10385, 47.08248], [18.10567, 47.08191]], [[18.11154, 47.07519], [18.11135, 47.07499], [18.11209, 47.07296], [18.11225, 47.07337], [18.11154, 47.07519]]], [[[18.08493, 47.18307], [18.0843, 47.18526], [18.08525, 47.18571], [18.08572, 47.18488], [18.08569, 47.18316], [18.08707, 47.18307], [18.08487, 47.18284], [18.08493, 47.18307]]], [[[18.08332, 47.1861], [18.08373, 47.18628], [18.0836, 47.18676], [18.08289, 47.18702], [18.08461, 47.18912], [18.08519, 47.18911], [18.08597, 47.1885], [18.08556, 47.18843], [18.08482, 47.18792], [18.08465, 47.18738], [18.0847, 47.1866], [18.08524, 47.18586], [18.08418, 47.1854], [18.08332, 47.1861]]], [[[18.3118, 47.26333], [18.31216, 47.26362], [18.31416, 47.26282], [18.31664, 47.26272], [18.33217, 47.25011], [18.33192, 47.24928], [18.33039, 47.24991], [18.32655, 47.25055], [18.32405, 47.2505], [18.32154, 47.24941], [18.32004, 47.24722], [18.31964, 47.24699], [18.3203, 47.24806], [18.32036, 47.24943], [18.3186, 47.25155], [18.314, 47.25334], [18.31109, 47.25327], [18.3091, 47.2527], [18.30934, 47.25285], [18.30625, 47.25533], [18.30862, 47.25682], [18.30983, 47.25642], [18.30729, 47.25833], [18.30711, 47.25907], [18.30778, 47.26009], [18.31051, 47.26214], [18.31321, 47.26162], [18.31332, 47.26103], [18.31437, 47.26095], [18.31463, 47.26129], [18.31172, 47.26293], [18.3118, 47.26333]]], [[[18.30882, 47.25256], [18.30781, 47.25189], [18.30513, 47.25209], [18.30403, 47.25321], [18.3032, 47.25294], [18.30451, 47.25408], [18.30595, 47.25453], [18.3073, 47.25373], [18.30724, 47.25436], [18.30912, 47.25283], [18.30882, 47.25256]]], [[[18.30334, 47.25166], [18.29949, 47.24985], [18.29842, 47.25034], [18.30035, 47.25127], [18.30155, 47.2511], [18.30295, 47.2519], [18.30334, 47.25166]]], [[[18.29608, 47.25672], [18.29641, 47.25657], [18.29638, 47.25652], [18.29608, 47.25672]]], [[[18.29567, 47.25693], [18.29543, 47.25703], [18.29596, 47.25697], [18.29588, 47.25682], [18.29567, 47.25693]]], [[[18.29421, 47.25743], [18.29222, 47.25758], [18.29051, 47.25727], [18.2908, 47.25963], [18.29117, 47.26064], [18.2922, 47.26054], [18.29317, 47.2614], [18.29551, 47.26523], [18.29795, 47.26475], [18.29865, 47.26593], [18.30063, 47.26552], [18.30343, 47.26605], [18.30274, 47.26379], [18.29567, 47.26478], [18.29555, 47.26443], [18.30251, 47.26328], [18.30297, 47.26262], [18.30263, 47.26141], [18.30106, 47.26124], [18.3002, 47.2594], [18.30208, 47.2587], [18.30246, 47.25776], [18.3021, 47.25723], [18.30512, 47.2555], [18.30438, 47.25501], [18.30205, 47.25579], [18.29674, 47.25849], [18.29372, 47.25862], [18.29529, 47.25763], [18.29517, 47.25728], [18.29421, 47.25743]]], [[[18.28985, 47.25703], [18.2893, 47.25675], [18.28906, 47.2577], [18.28945, 47.25811], [18.29023, 47.25794], [18.28985, 47.25703]]], [[[18.28958, 47.2583], [18.28973, 47.25864], [18.29033, 47.25905], [18.29027, 47.25813], [18.28958, 47.2583]]], [[[18.26839, 47.24851], [18.26609, 47.24853], [18.26281, 47.2472], [18.26139, 47.24736], [18.26239, 47.24684], [18.26106, 47.24454], [18.26148, 47.24451], [18.26245, 47.24275], [18.2639, 47.2418], [18.26577, 47.2413], [18.26773, 47.24132], [18.26996, 47.24002], [18.27312, 47.23955], [18.26996, 47.23848], [18.26581, 47.24073], [18.26325, 47.23898], [18.26209, 47.2396], [18.25944, 47.23912], [18.25808, 47.24052], [18.25663, 47.24013], [18.25416, 47.24025], [18.25391, 47.24115], [18.24546, 47.24005], [18.24454, 47.24064], [18.24648, 47.24222], [18.24633, 47.24252], [18.24727, 47.24344], [18.25516, 47.2477], [18.25583, 47.24887], [18.2574, 47.24917], [18.25885, 47.24839], [18.2589, 47.24902], [18.25848, 47.2489], [18.25785, 47.24933], [18.25996, 47.25083], [18.25916, 47.2496], [18.2595, 47.2494], [18.26025, 47.24983], [18.26088, 47.25121], [18.2618, 47.25142], [18.26296, 47.25064], [18.26224, 47.24967], [18.26308, 47.25028], [18.26571, 47.2496], [18.26649, 47.24973], [18.26839, 47.24851]], [[18.2546, 47.24483], [18.25615, 47.24584], [18.25576, 47.24607], [18.25003, 47.24286], [18.25106, 47.24299], [18.2546, 47.24483]]], [[[18.26736, 47.23951], [18.26734, 47.23952], [18.26734, 47.23958], [18.26736, 47.23951]]], [[[18.27583, 47.24028], [18.27716, 47.24134], [18.27761, 47.24098], [18.2762, 47.24007], [18.27786, 47.24081], [18.28078, 47.2396], [18.28399, 47.23979], [18.28361, 47.23927], [18.28419, 47.23871], [18.28136, 47.23801], [18.27956, 47.23672], [18.27894, 47.23542], [18.27907, 47.23412], [18.27735, 47.23531], [18.27476, 47.23536], [18.27577, 47.23558], [18.275, 47.23646], [18.27662, 47.2373], [18.27472, 47.23946], [18.27596, 47.23995], [18.27583, 47.24028]]], [[[18.27835, 47.23424], [18.2775, 47.23368], [18.27748, 47.23368], [18.27844, 47.23436], [18.27835, 47.23424]]], [[[18.27, 47.24899], [18.27098, 47.24848], [18.27203, 47.24791], [18.27067, 47.24767], [18.26902, 47.24837], [18.27, 47.24899]]], [[[18.27798, 47.21609], [18.27977, 47.21384], [18.27826, 47.21317], [18.27501, 47.21394], [18.27722, 47.21579], [18.27853, 47.21477], [18.27751, 47.2161], [18.27798, 47.21609]]], [[[18.24268, 47.20901], [18.2427, 47.20823], [18.24103, 47.20894], [18.24174, 47.20637], [18.24227, 47.20633], [18.24287, 47.20501], [18.2441, 47.204], [18.24271, 47.20239], [18.2379, 47.20183], [18.23555, 47.20347], [18.23261, 47.20381], [18.22985, 47.20297], [18.22822, 47.20112], [18.22523, 47.20124], [18.22554, 47.20231], [18.22732, 47.2035], [18.22756, 47.20509], [18.22547, 47.2094], [18.22468, 47.21001], [18.22662, 47.21055], [18.22817, 47.2116], [18.22875, 47.21118], [18.23125, 47.21113], [18.23283, 47.21163], [18.23373, 47.2087], [18.23833, 47.20855], [18.23805, 47.20985], [18.24085, 47.21], [18.24327, 47.21126], [18.24331, 47.20998], [18.24138, 47.20906], [18.24233, 47.20872], [18.24268, 47.20901]], [[18.23874, 47.20467], [18.23972, 47.20661], [18.2349, 47.20684], [18.23926, 47.20648], [18.23816, 47.20461], [18.23861, 47.20377], [18.23874, 47.20467]]], [[[18.23354, 47.21708], [18.23422, 47.21746], [18.23519, 47.21567], [18.23416, 47.21449], [18.23387, 47.21326], [18.23171, 47.21559], [18.23359, 47.21674], [18.23354, 47.21708]]], [[[18.21027, 47.21603], [18.21036, 47.21639], [18.21107, 47.2152], [18.21246, 47.21421], [18.21631, 47.21307], [18.2186, 47.21288], [18.22036, 47.2108], [18.22345, 47.20995], [18.21357, 47.20929], [18.21367, 47.20889], [18.21522, 47.20912], [18.21535, 47.20852], [18.21265, 47.20755], [18.21134, 47.20899], [18.20812, 47.2107], [18.20564, 47.2112], [18.20331, 47.21111], [18.20393, 47.21172], [18.20254, 47.2125], [18.20149, 47.21474], [18.2018, 47.21594], [18.20435, 47.21633], [18.20738, 47.21609], [18.20962, 47.21647], [18.20983, 47.21598], [18.21027, 47.21603]]], [[[18.14663, 47.18465], [18.14678, 47.18503], [18.14852, 47.18449], [18.15038, 47.18443], [18.15227, 47.18278], [18.15183, 47.18183], [18.14853, 47.18378], [18.14707, 47.1839], [18.14576, 47.18358], [18.14557, 47.18388], [18.14663, 47.18465]]], [[[18.16135, 47.19465], [18.16361, 47.19238], [18.16522, 47.19176], [18.16432, 47.18942], [18.16305, 47.18871], [18.16184, 47.18715], [18.15968, 47.18679], [18.15639, 47.18544], [18.1548, 47.18689], [18.1551, 47.18829], [18.15435, 47.18992], [18.15289, 47.19098], [18.15124, 47.19155], [18.15398, 47.19337], [18.15674, 47.19423], [18.16135, 47.19465]]], [[[18.18481, 47.19009], [18.18491, 47.19034], [18.18496, 47.19053], [18.18523, 47.1903], [18.18481, 47.19009]]], [[[18.20055, 47.18424], [18.19953, 47.18395], [18.195, 47.18796], [18.19792, 47.18772], [18.19779, 47.18632], [18.19875, 47.18676], [18.20055, 47.18424]]], [[[18.20411, 47.18879], [18.204, 47.18826], [18.20158, 47.19192], [18.20139, 47.19439], [18.20255, 47.1945], [18.20482, 47.19405], [18.20453, 47.19197], [18.20882, 47.18379], [18.20793, 47.18438], [18.20523, 47.18988], [18.20472, 47.1897], [18.20437, 47.1903], [18.20411, 47.18879]], [[18.20481, 47.19022], [18.20502, 47.19031], [18.20458, 47.19126], [18.20446, 47.19072], [18.20481, 47.19022]]], [[[18.20507, 47.18961], [18.20785, 47.18444], [18.20721, 47.18486], [18.20507, 47.18961]]], [[[18.19994, 47.18359], [18.20082, 47.18387], [18.20456, 47.18124], [18.2048, 47.18019], [18.20581, 47.17931], [18.20822, 47.17871], [18.20674, 47.17839], [18.2065, 47.17803], [18.19994, 47.18359]]], [[[18.21018, 47.17747], [18.21076, 47.17712], [18.21201, 47.17628], [18.2106, 47.17646], [18.21018, 47.17747]]], [[[18.22245, 47.19015], [18.22284, 47.1943], [18.22354, 47.1964], [18.22847, 47.19698], [18.22832, 47.19496], [18.22889, 47.19714], [18.23288, 47.1968], [18.23769, 47.197], [18.25162, 47.19359], [18.25379, 47.19432], [18.25437, 47.19584], [18.25743, 47.19683], [18.25803, 47.19613], [18.25728, 47.19526], [18.25721, 47.19422], [18.25899, 47.1918], [18.25813, 47.18885], [18.2572, 47.18751], [18.25742, 47.18615], [18.25846, 47.18525], [18.26039, 47.18481], [18.26158, 47.1839], [18.26354, 47.1836], [18.26633, 47.182], [18.2691, 47.18132], [18.27158, 47.18191], [18.27388, 47.18339], [18.27458, 47.18449], [18.27427, 47.18588], [18.28093, 47.18877], [18.28185, 47.18957], [18.28209, 47.19077], [18.2815, 47.1917], [18.27662, 47.19432], [18.28141, 47.19267], [18.28343, 47.19272], [18.29217, 47.1898], [18.28966, 47.18875], [18.28744, 47.18892], [18.28515, 47.18836], [18.28369, 47.18738], [18.28286, 47.18585], [18.25572, 47.17426], [18.24941, 47.17452], [18.24639, 47.1751], [18.24592, 47.17651], [18.24222, 47.1793], [18.2423, 47.18023], [18.24171, 47.18115], [18.23679, 47.18356], [18.23794, 47.18429], [18.23604, 47.18441], [18.23713, 47.18828], [18.2383, 47.18951], [18.23824, 47.1907], [18.23755, 47.19168], [18.23635, 47.19231], [18.23465, 47.19249], [18.23318, 47.19213], [18.2336, 47.19563], [18.23297, 47.19561], [18.23136, 47.19643], [18.23069, 47.19229], [18.23271, 47.19188], [18.23179, 47.19069], [18.23198, 47.1893], [18.23343, 47.18815], [18.23608, 47.18777], [18.23545, 47.18562], [18.23386, 47.18461], [18.23482, 47.18352], [18.23329, 47.18269], [18.22999, 47.17816], [18.22821, 47.1775], [18.22682, 47.17624], [18.22619, 47.17601], [18.22536, 47.17834], [18.2241, 47.17729], [18.22101, 47.18081], [18.22447, 47.17655], [18.22175, 47.17759], [18.21801, 47.1773], [18.21705, 47.17838], [18.21864, 47.17921], [18.22072, 47.18144], [18.22099, 47.18563], [18.21707, 47.18586], [18.21696, 47.18698], [18.21912, 47.18723], [18.21928, 47.18836], [18.22063, 47.18829], [18.22068, 47.18958], [18.22279, 47.18981], [18.22245, 47.19015]], [[18.22285, 47.18969], [18.22317, 47.18941], [18.22366, 47.18988], [18.22279, 47.18981], [18.22285, 47.18969]], [[18.22802, 47.19276], [18.22827, 47.19326], [18.22828, 47.19397], [18.22816, 47.19389], [18.22802, 47.19276]], [[18.22841, 47.1948], [18.22825, 47.19463], [18.2283, 47.19435], [18.22845, 47.19447], [18.22841, 47.1948]]], [[[18.23635, 47.18363], [18.23551, 47.18364], [18.23544, 47.18378], [18.23654, 47.1836], [18.23635, 47.18363]]], [[[18.27007, 47.17546], [18.28396, 47.18136], [18.28642, 47.17763], [18.28765, 47.17292], [18.28254, 47.17314], [18.28325, 47.17412], [18.28371, 47.17665], [18.28245, 47.17792], [18.28089, 47.17845], [18.27864, 47.17813], [18.27563, 47.17615], [18.27493, 47.17497], [18.27536, 47.17343], [18.26622, 47.17382], [18.27007, 47.17546]]], [[[18.31147, 47.18331], [18.32121, 47.18004], [18.32199, 47.17976], [18.31981, 47.17868], [18.31911, 47.17767], [18.31772, 47.17739], [18.31598, 47.17624], [18.31529, 47.17617], [18.31362, 47.17658], [18.31477, 47.17843], [18.31169, 47.17976], [18.30991, 47.17657], [18.30907, 47.17666], [18.30766, 47.17887], [18.31147, 47.18331]]], [[[18.33044, 47.17129], [18.33194, 47.1716], [18.33224, 47.17121], [18.3304, 47.17129], [18.33044, 47.17129]]], [[[18.3371, 47.17398], [18.33864, 47.17348], [18.34077, 47.17366], [18.34354, 47.17436], [18.34547, 47.17539], [18.34747, 47.17463], [18.34477, 47.17336], [18.34376, 47.17072], [18.33938, 47.17091], [18.3371, 47.17398]]], [[[18.35567, 47.1729], [18.35523, 47.17041], [18.35262, 47.17039], [18.35128, 47.17162], [18.35356, 47.1726], [18.35446, 47.17429], [18.35567, 47.1729]]], [[[18.35595, 47.17262], [18.35727, 47.17172], [18.35552, 47.17042], [18.35595, 47.17262]]], [[[18.36428, 47.17125], [18.36123, 47.17239], [18.3655, 47.17393], [18.36612, 47.17307], [18.3687, 47.17397], [18.36621, 47.17323], [18.36555, 47.17409], [18.36079, 47.17242], [18.35768, 47.1719], [18.35664, 47.17301], [18.36174, 47.17476], [18.36251, 47.17442], [18.36534, 47.17576], [18.36511, 47.17599], [18.36814, 47.17705], [18.36757, 47.17754], [18.35631, 47.17318], [18.35442, 47.1754], [18.35527, 47.17634], [18.35567, 47.17768], [18.35528, 47.17903], [18.35409, 47.18059], [18.35053, 47.18212], [18.34853, 47.18217], [18.3462, 47.1815], [18.34571, 47.18204], [18.34728, 47.18272], [18.34804, 47.18358], [18.34792, 47.18504], [18.34945, 47.18762], [18.34895, 47.18935], [18.34934, 47.19122], [18.34994, 47.1918], [18.35449, 47.18922], [18.37204, 47.18386], [18.37476, 47.1826], [18.37458, 47.18083], [18.37599, 47.17925], [18.37467, 47.17823], [18.37441, 47.177], [18.37578, 47.17536], [18.37699, 47.17471], [18.37673, 47.17278], [18.36428, 47.17125]]], [[[18.3394, 47.20101], [18.33816, 47.19986], [18.33659, 47.19679], [18.33406, 47.19643], [18.33207, 47.19662], [18.33026, 47.19588], [18.32942, 47.19472], [18.32948, 47.19262], [18.32607, 47.19327], [18.32417, 47.19314], [18.32254, 47.19583], [18.32359, 47.1962], [18.32326, 47.19764], [18.32892, 47.19985], [18.32631, 47.20492], [18.32863, 47.20605], [18.33431, 47.20466], [18.3375, 47.20313], [18.33965, 47.20126], [18.3394, 47.20101]]], [[[18.32416, 47.20424], [18.31953, 47.20307], [18.3188, 47.20415], [18.3179, 47.20383], [18.31558, 47.20718], [18.31388, 47.20673], [18.311, 47.209], [18.31068, 47.20989], [18.30882, 47.21179], [18.31001, 47.21188], [18.31196, 47.21108], [18.3141, 47.21077], [18.31835, 47.20865], [18.3231, 47.20735], [18.32308, 47.20633], [18.32416, 47.20424]]], [[[18.29528, 47.21035], [18.29276, 47.20971], [18.29222, 47.21008], [18.29526, 47.21044], [18.29528, 47.21035]]], [[[18.28696, 47.20869], [18.28694, 47.20847], [18.28614, 47.20862], [18.287, 47.20883], [18.28696, 47.20869]]], [[[18.28613, 47.20843], [18.28695, 47.2083], [18.28703, 47.20797], [18.28241, 47.20535], [18.2811, 47.20422], [18.28109, 47.20573], [18.2803, 47.20711], [18.28463, 47.20825], [18.28563, 47.20725], [18.28483, 47.2083], [18.28613, 47.20843]]], [[[18.28147, 47.20429], [18.28688, 47.20774], [18.28715, 47.2077], [18.28732, 47.20746], [18.28598, 47.20709], [18.28491, 47.20619], [18.28467, 47.20456], [18.28041, 47.20302], [18.28147, 47.20429]]], [[[18.2579, 47.17022], [18.25808, 47.1703], [18.29515, 47.16874], [18.28618, 47.16543], [18.28372, 47.16584], [18.28101, 47.16532], [18.27882, 47.16403], [18.27788, 47.16292], [18.27253, 47.16083], [18.27189, 47.16149], [18.27413, 47.16263], [18.27289, 47.16436], [18.27213, 47.1641], [18.27048, 47.16544], [18.26966, 47.16483], [18.26919, 47.16528], [18.26719, 47.16456], [18.26314, 47.16903], [18.26184, 47.16952], [18.26, 47.16945], [18.25754, 47.17007], [18.2579, 47.17022]]], [[[18.29283, 47.16242], [18.29244, 47.16295], [18.29332, 47.16331], [18.30169, 47.16645], [18.30247, 47.16624], [18.30325, 47.16449], [18.29989, 47.16156], [18.29674, 47.1628], [18.29283, 47.16242]]], [[[18.26382, 47.15048], [18.26475, 47.14956], [18.25197, 47.14307], [18.25291, 47.14583], [18.25546, 47.14541], [18.25775, 47.14646], [18.2583, 47.14909], [18.25991, 47.15059], [18.26106, 47.15108], [18.26149, 47.1507], [18.26005, 47.14968], [18.26099, 47.14904], [18.26382, 47.15048]]], [[[18.23555, 47.14943], [18.23601, 47.14798], [18.23761, 47.14617], [18.23787, 47.14503], [18.23613, 47.14483], [18.23368, 47.14927], [18.23555, 47.14943]]], [[[18.24503, 47.14444], [18.24516, 47.14449], [18.24607, 47.14445], [18.24562, 47.14393], [18.24503, 47.14444]]], [[[18.22645, 47.14894], [18.22781, 47.14894], [18.23052, 47.14405], [18.22654, 47.14455], [18.22795, 47.14522], [18.22682, 47.14714], [18.22409, 47.14726], [18.22361, 47.14906], [18.22645, 47.14894]]], [[[18.21484, 47.1455], [18.21169, 47.14497], [18.20221, 47.14678], [18.20124, 47.14741], [18.20137, 47.14928], [18.20023, 47.1508], [18.19766, 47.15191], [18.19461, 47.15183], [18.19387, 47.15209], [18.19427, 47.15277], [18.19699, 47.15338], [18.19897, 47.15511], [18.20214, 47.15519], [18.20596, 47.15424], [18.20727, 47.15103], [18.2083, 47.14983], [18.20986, 47.14902], [18.21147, 47.14741], [18.21475, 47.14703], [18.21484, 47.1455]]], [[[18.20262, 47.14234], [18.20429, 47.14204], [18.20435, 47.14202], [18.20214, 47.14191], [18.20175, 47.1425], [18.20262, 47.14234]]], [[[18.1742, 47.1572], [18.1751, 47.15714], [18.17533, 47.15679], [18.17467, 47.15525], [18.17525, 47.15346], [18.17493, 47.15167], [18.17262, 47.15176], [18.16838, 47.15111], [18.16666, 47.15032], [18.16566, 47.14933], [18.16267, 47.14986], [18.16238, 47.1509], [18.16104, 47.15063], [18.15586, 47.14802], [18.15175, 47.14526], [18.15095, 47.14866], [18.15234, 47.14975], [18.15253, 47.15152], [18.15176, 47.15287], [18.14955, 47.1538], [18.1499, 47.15512], [18.15147, 47.15541], [18.1543, 47.15502], [18.15623, 47.15539], [18.15812, 47.15651], [18.15902, 47.1582], [18.1742, 47.1572]]], [[[18.1629, 47.14782], [18.1651, 47.14832], [18.16518, 47.14616], [18.16349, 47.1453], [18.16246, 47.14413], [18.16218, 47.14277], [18.16268, 47.14144], [18.16518, 47.13974], [18.16855, 47.13951], [18.16545, 47.1383], [18.16243, 47.13869], [18.16007, 47.13813], [18.15805, 47.13651], [18.15769, 47.13427], [18.14806, 47.127], [18.14539, 47.12748], [18.1428, 47.12715], [18.14358, 47.1276], [18.14287, 47.12782], [18.1425, 47.1288], [18.14316, 47.13472], [18.14871, 47.13638], [18.14914, 47.13717], [18.14776, 47.13855], [18.14838, 47.14051], [18.14948, 47.14149], [18.15426, 47.14286], [18.15486, 47.14364], [18.15517, 47.14548], [18.15727, 47.14643], [18.16029, 47.14911], [18.16145, 47.14951], [18.1629, 47.14782]]], [[[18.15582, 47.12185], [18.15623, 47.12135], [18.15289, 47.12081], [18.15075, 47.1235], [18.15158, 47.12397], [18.15205, 47.12329], [18.15409, 47.12352], [18.15582, 47.12185]]], [[[18.14009, 47.12219], [18.14013, 47.12213], [18.1398, 47.12231], [18.14002, 47.1223], [18.14009, 47.12219]]], [[[18.10856, 47.17258], [18.10877, 47.17288], [18.10976, 47.17066], [18.10509, 47.17122], [18.10804, 47.17295], [18.10815, 47.17253], [18.10856, 47.17258]]], [[[18.12302, 47.18171], [18.12295, 47.18216], [18.12517, 47.18214], [18.12467, 47.18014], [18.12302, 47.18171]]], [[[18.11272, 47.20872], [18.11297, 47.20869], [18.1125, 47.2087], [18.11272, 47.20872]]], [[[18.11754, 47.20211], [18.1159, 47.2033], [18.11732, 47.20295], [18.11686, 47.2027], [18.11745, 47.20235], [18.11875, 47.20289], [18.11774, 47.20236], [18.11836, 47.20186], [18.11754, 47.20211]]], [[[18.11193, 47.1896], [18.11211, 47.1898], [18.11432, 47.18795], [18.1119, 47.18638], [18.11165, 47.18864], [18.11093, 47.18909], [18.11193, 47.1896]]], [[[18.11004, 47.18293], [18.1101, 47.18283], [18.11004, 47.18281], [18.11004, 47.18293]]], [[[18.08008, 47.14715], [18.08181, 47.14772], [18.0819, 47.14759], [18.08068, 47.14702], [18.08008, 47.14715]]], [[[18.06173, 47.29371], [18.06178, 47.29367], [18.06167, 47.29375], [18.06175, 47.29373], [18.06173, 47.29371]]], [[[18.11368, 47.335], [18.11685, 47.33124], [18.11687, 47.33093], [18.11661, 47.33137], [18.11528, 47.33169], [18.11462, 47.33286], [18.11421, 47.33244], [18.11301, 47.33225], [18.11096, 47.33469], [18.11325, 47.3355], [18.11368, 47.335]]], [[[18.12313, 47.32863], [18.1226, 47.32894], [18.12248, 47.33185], [18.12189, 47.33303], [18.12488, 47.33095], [18.12647, 47.32871], [18.12731, 47.32818], [18.12584, 47.32681], [18.12415, 47.32833], [18.12313, 47.32863]]], [[[18.11929, 47.33704], [18.12077, 47.33436], [18.11829, 47.33728], [18.11908, 47.33756], [18.11929, 47.33704]]], [[[18.12975, 47.33958], [18.1286, 47.33958], [18.12443, 47.33907], [18.12996, 47.34058], [18.12975, 47.33958]]], [[[18.26161, 47.33992], [18.26396, 47.3405], [18.26542, 47.34153], [18.26713, 47.34138], [18.26855, 47.34175], [18.26965, 47.34265], [18.26994, 47.3437], [18.273, 47.34348], [18.27647, 47.34449], [18.28021, 47.34368], [18.27859, 47.34367], [18.27697, 47.34245], [18.27832, 47.3406], [18.28176, 47.34197], [18.28119, 47.34308], [18.2824, 47.34321], [18.2839, 47.34288], [18.28407, 47.34186], [18.28319, 47.34136], [18.28347, 47.3409], [18.28453, 47.341], [18.28609, 47.33809], [18.28454, 47.33721], [18.28354, 47.3378], [18.2838, 47.33727], [18.28048, 47.33656], [18.27888, 47.33525], [18.27839, 47.33392], [18.27868, 47.33256], [18.27962, 47.33141], [18.28258, 47.33019], [18.28508, 47.33026], [18.28731, 47.33114], [18.28844, 47.33227], [18.28884, 47.33374], [18.28941, 47.33352], [18.28862, 47.33516], [18.29028, 47.33584], [18.29118, 47.33454], [18.29269, 47.3336], [18.29505, 47.33297], [18.29706, 47.33286], [18.29955, 47.3335], [18.30113, 47.3347], [18.30389, 47.33562], [18.30393, 47.33601], [18.30571, 47.33683], [18.31737, 47.33264], [18.31659, 47.33192], [18.31079, 47.33149], [18.3053, 47.32947], [18.28855, 47.32686], [18.28424, 47.32698], [18.28312, 47.32818], [18.28151, 47.329], [18.28326, 47.32956], [18.28438, 47.33005], [18.28142, 47.32905], [18.27848, 47.33044], [18.27695, 47.33242], [18.27641, 47.33203], [18.27713, 47.33135], [18.27493, 47.33195], [18.2724, 47.33194], [18.27019, 47.33114], [18.26884, 47.32986], [18.26398, 47.33279], [18.26054, 47.33423], [18.26045, 47.33866], [18.26091, 47.33932], [18.26468, 47.33928], [18.26612, 47.3399], [18.2639, 47.33959], [18.26117, 47.33969], [18.26161, 47.33992]], [[18.27782, 47.33205], [18.27794, 47.33166], [18.27802, 47.33163], [18.2781, 47.33175], [18.27782, 47.33205]], [[18.27412, 47.33939], [18.27149, 47.33982], [18.2705, 47.33903], [18.26998, 47.33713], [18.2712, 47.33703], [18.27174, 47.33755], [18.27159, 47.33896], [18.27235, 47.3394], [18.27464, 47.33884], [18.27519, 47.33759], [18.27478, 47.34097], [18.27475, 47.33913], [18.27412, 47.33939]]], [[[18.29381, 47.3401], [18.29313, 47.33988], [18.29268, 47.34047], [18.29152, 47.34037], [18.29136, 47.34103], [18.29421, 47.3402], [18.29381, 47.3401]]], [[[18.29046, 47.34128], [18.29052, 47.34103], [18.28968, 47.34094], [18.29177, 47.33925], [18.29135, 47.33895], [18.28867, 47.34122], [18.28864, 47.34183], [18.29046, 47.34128]]], [[[18.2873, 47.34212], [18.28789, 47.34178], [18.28841, 47.33981], [18.28958, 47.33842], [18.28958, 47.33776], [18.28863, 47.33706], [18.28915, 47.33594], [18.28876, 47.33579], [18.28791, 47.33749], [18.28664, 47.33696], [18.28638, 47.33742], [18.28753, 47.33865], [18.286, 47.34243], [18.2873, 47.34212]]], [[[18.24885, 47.34907], [18.24891, 47.34838], [18.24959, 47.34823], [18.25039, 47.34686], [18.2487, 47.34575], [18.2492, 47.34558], [18.24902, 47.34458], [18.24554, 47.34397], [18.24335, 47.34209], [18.23148, 47.34851], [18.23281, 47.35051], [18.23991, 47.34997], [18.24187, 47.34808], [18.24057, 47.34992], [18.24744, 47.34933], [18.24872, 47.3478], [18.24776, 47.34929], [18.24885, 47.34907]]], [[[18.25355, 47.3481], [18.25342, 47.34722], [18.25289, 47.34732], [18.25187, 47.34869], [18.25369, 47.34843], [18.25355, 47.3481]]], [[[18.25006, 47.34886], [18.24979, 47.34885], [18.24967, 47.34901], [18.25018, 47.34894], [18.25006, 47.34886]]], [[[18.17421, 47.34902], [18.1741, 47.34563], [18.1759, 47.34188], [18.17502, 47.34054], [18.17501, 47.33917], [18.17577, 47.3379], [18.17767, 47.33656], [18.17812, 47.33099], [18.17533, 47.33281], [18.17573, 47.33306], [18.17731, 47.33212], [18.17604, 47.33346], [18.17769, 47.33458], [18.165, 47.34183], [18.16662, 47.3422], [18.16653, 47.34332], [18.16393, 47.34468], [18.16365, 47.34408], [18.1614, 47.34507], [18.16134, 47.34605], [18.15851, 47.34692], [18.15755, 47.34611], [18.15689, 47.34662], [18.16066, 47.34736], [18.17421, 47.34902]]], [[[18.17807, 47.32974], [18.17909, 47.32669], [18.17858, 47.32593], [18.16999, 47.32628], [18.16578, 47.33046], [18.16725, 47.32982], [18.16689, 47.33106], [18.16459, 47.33248], [18.1685, 47.33533], [18.1757, 47.33156], [18.17807, 47.32974]]], [[[18.17525, 47.32136], [18.17433, 47.32215], [18.17811, 47.32195], [18.18012, 47.32219], [18.18251, 47.32313], [18.1841, 47.32457], [18.18476, 47.32686], [18.1836, 47.3327], [18.1872, 47.33082], [18.18918, 47.33058], [18.19126, 47.3309], [18.19355, 47.33222], [18.19435, 47.33448], [18.19755, 47.3359], [18.19886, 47.33736], [18.19909, 47.33872], [18.19852, 47.34004], [18.19535, 47.34228], [18.1918, 47.34276], [18.18991, 47.3423], [18.1883, 47.34145], [18.1873, 47.34347], [18.18497, 47.34481], [18.18126, 47.34569], [18.18009, 47.34516], [18.1797, 47.34797], [18.18152, 47.34777], [18.18348, 47.34806], [18.18582, 47.34903], [18.18724, 47.35036], [18.20345, 47.3513], [18.20754, 47.35126], [18.23157, 47.33178], [18.22906, 47.33244], [18.22604, 47.33223], [18.22381, 47.33145], [18.22229, 47.33016], [18.22024, 47.33033], [18.21793, 47.32999], [18.2156, 47.33106], [18.21322, 47.33148], [18.21129, 47.33169], [18.20877, 47.33129], [18.20881, 47.33182], [18.21022, 47.33305], [18.20857, 47.33201], [18.20732, 47.33011], [18.20614, 47.32669], [18.20394, 47.32723], [18.20199, 47.32713], [18.19855, 47.32979], [18.19637, 47.33084], [18.19586, 47.33056], [18.19751, 47.32928], [18.19701, 47.32893], [18.19744, 47.32858], [18.19836, 47.32892], [18.20092, 47.32686], [18.19845, 47.32509], [18.19804, 47.32375], [18.19832, 47.32258], [18.19477, 47.32213], [18.19374, 47.32143], [18.19136, 47.32114], [18.19049, 47.32132], [18.18961, 47.32226], [18.18882, 47.32206], [18.18684, 47.32301], [18.18183, 47.32117], [18.18246, 47.32109], [18.18552, 47.32213], [18.18406, 47.32041], [18.18463, 47.32], [18.18611, 47.32191], [18.18737, 47.32178], [18.19013, 47.32075], [18.19196, 47.32059], [18.19051, 47.32105], [18.19202, 47.32106], [18.19215, 47.3208], [18.19247, 47.32105], [18.19813, 47.32133], [18.19721, 47.32188], [18.19815, 47.32211], [18.20143, 47.31987], [18.20058, 47.31778], [18.19777, 47.31838], [18.1941, 47.31858], [18.19212, 47.31836], [18.19017, 47.31758], [18.18853, 47.31776], [18.18401, 47.31887], [18.18232, 47.31982], [18.18026, 47.32042], [18.17825, 47.32046], [18.17671, 47.32011], [18.17459, 47.32078], [18.17239, 47.32066], [18.1704, 47.3214], [18.16654, 47.32151], [18.17169, 47.32215], [18.17213, 47.32151], [18.17294, 47.32159], [18.17271, 47.32205], [18.1734, 47.3222], [18.17533, 47.32072], [18.17916, 47.32105], [18.17525, 47.32136]]], [[[18.16561, 47.32136], [18.16623, 47.32133], [18.16407, 47.32023], [18.16194, 47.3204], [18.16561, 47.32136]]], [[[18.16705, 47.31659], [18.16691, 47.31688], [18.16834, 47.3176], [18.17097, 47.31693], [18.1731, 47.31682], [18.17415, 47.31591], [18.17332, 47.31507], [18.17567, 47.31255], [18.17923, 47.31074], [18.18189, 47.31034], [18.18038, 47.30914], [18.18315, 47.30626], [18.18186, 47.30535], [18.18303, 47.30528], [18.18366, 47.30454], [18.18347, 47.30378], [18.18186, 47.30283], [18.18094, 47.30251], [18.17333, 47.30852], [18.17081, 47.31213], [18.16816, 47.31449], [18.16705, 47.31659]], [[18.17665, 47.31037], [18.17753, 47.30991], [18.17587, 47.31106], [18.17617, 47.31071], [18.17665, 47.31037]], [[18.17564, 47.31112], [18.17452, 47.31191], [18.17295, 47.31117], [18.17361, 47.31036], [18.17564, 47.31112]]], [[[18.22925, 47.31327], [18.22952, 47.31388], [18.23272, 47.31266], [18.23586, 47.31295], [18.23992, 47.31141], [18.24356, 47.3087], [18.24544, 47.30822], [18.2482, 47.3081], [18.24971, 47.30621], [18.25229, 47.30524], [18.2529, 47.30233], [18.2547, 47.30008], [18.25421, 47.29991], [18.25279, 47.30113], [18.25403, 47.29984], [18.25259, 47.29895], [18.25135, 47.29889], [18.24898, 47.30032], [18.25106, 47.29874], [18.24958, 47.29735], [18.2486, 47.29752], [18.24677, 47.29903], [18.24494, 47.29958], [18.24244, 47.29954], [18.24042, 47.29888], [18.23944, 47.30058], [18.24156, 47.30155], [18.24224, 47.30152], [18.24499, 47.30332], [18.24142, 47.30181], [18.23999, 47.30326], [18.2435, 47.30509], [18.24137, 47.30715], [18.23982, 47.30696], [18.2383, 47.30829], [18.23757, 47.30823], [18.23675, 47.30902], [18.23523, 47.30927], [18.23493, 47.30984], [18.23428, 47.30914], [18.23307, 47.31083], [18.23187, 47.31156], [18.23543, 47.3108], [18.23686, 47.30995], [18.23735, 47.31016], [18.23613, 47.31125], [18.22929, 47.31251], [18.22925, 47.31327]]], [[[18.28105, 47.27803], [18.28006, 47.27877], [18.28132, 47.27959], [18.28207, 47.27891], [18.28105, 47.27803]]], [[[18.16275, 47.30881], [18.16204, 47.30936], [18.1612, 47.31206], [18.15977, 47.31282], [18.15773, 47.31302], [18.15728, 47.31383], [18.15953, 47.31501], [18.1605, 47.31664], [18.16345, 47.31623], [18.16617, 47.31664], [18.16719, 47.31423], [18.16614, 47.31277], [18.16823, 47.3131], [18.16981, 47.31224], [18.17139, 47.30748], [18.1728, 47.30762], [18.17364, 47.30685], [18.17448, 47.30489], [18.17609, 47.3053], [18.17748, 47.30394], [18.17744, 47.30291], [18.17585, 47.3017], [18.17292, 47.30147], [18.17172, 47.30092], [18.1695, 47.30309], [18.16994, 47.3034], [18.16903, 47.30315], [18.17044, 47.30182], [18.16747, 47.30164], [18.16264, 47.30747], [18.16507, 47.30798], [18.16261, 47.3075], [18.16181, 47.30824], [18.16202, 47.30912], [18.16275, 47.30881]]], [[[18.17551, 47.29576], [18.17483, 47.29766], [18.17558, 47.29801], [18.17588, 47.29691], [18.17686, 47.2963], [18.17725, 47.29772], [18.17543, 47.29972], [18.1738, 47.3008], [18.17576, 47.30087], [18.17682, 47.29996], [18.17744, 47.30015], [18.17881, 47.29893], [18.17898, 47.29767], [18.17989, 47.29645], [18.18193, 47.29537], [18.18472, 47.29511], [18.18684, 47.29299], [18.19297, 47.2892], [18.19274, 47.28778], [18.19342, 47.2877], [18.19495, 47.28841], [18.19542, 47.28789], [18.20045, 47.28564], [18.20389, 47.28732], [18.2061, 47.28578], [18.20664, 47.28464], [18.20763, 47.28398], [18.20268, 47.2806], [18.20248, 47.28207], [18.2012, 47.28354], [18.19943, 47.28436], [18.19649, 47.28457], [18.19509, 47.2852], [18.19185, 47.28803], [18.18958, 47.28864], [18.18708, 47.28845], [18.18492, 47.28966], [18.18246, 47.28994], [18.17951, 47.2892], [18.17763, 47.2875], [18.17739, 47.2858], [18.17897, 47.28327], [18.17875, 47.28291], [18.17233, 47.28659], [18.17045, 47.28809], [18.16929, 47.28837], [18.17045, 47.28715], [18.17, 47.28644], [18.17199, 47.28606], [18.17524, 47.28417], [18.17483, 47.28333], [18.17623, 47.28368], [18.17825, 47.2825], [18.17828, 47.27976], [18.17961, 47.27788], [18.18199, 47.27681], [18.18512, 47.27658], [18.19065, 47.27351], [18.19263, 47.27327], [18.19426, 47.27348], [18.19487, 47.27133], [18.19759, 47.26971], [18.20094, 47.26939], [18.20415, 47.27044], [18.2079, 47.26964], [18.20967, 47.26961], [18.21189, 47.26872], [18.21209, 47.26727], [18.21354, 47.26567], [18.21084, 47.26213], [18.20574, 47.25787], [18.20413, 47.25403], [18.20035, 47.25157], [18.19872, 47.25224], [18.19674, 47.25246], [18.19236, 47.25161], [18.18344, 47.26104], [18.18747, 47.2557], [18.19193, 47.25151], [18.18985, 47.25087], [18.18819, 47.24959], [18.18762, 47.24792], [18.18849, 47.24561], [18.18672, 47.24534], [18.18491, 47.24715], [18.18373, 47.24913], [18.18783, 47.24992], [18.1869, 47.25091], [18.18802, 47.25175], [18.18082, 47.25999], [18.18109, 47.26044], [18.18053, 47.26023], [18.18021, 47.26049], [18.17624, 47.26566], [18.17677, 47.26654], [18.17475, 47.2681], [18.17368, 47.26846], [18.17291, 47.26959], [18.17631, 47.27152], [18.176, 47.27172], [18.17698, 47.27289], [18.17585, 47.27368], [18.17735, 47.27308], [18.18067, 47.27493], [18.17909, 47.27664], [18.1728, 47.27962], [18.1687, 47.27845], [18.16673, 47.27708], [18.16142, 47.27992], [18.16089, 47.27965], [18.16078, 47.27891], [18.14824, 47.27712], [18.13446, 47.27807], [18.13372, 47.28041], [18.15441, 47.28629], [18.15826, 47.28248], [18.16044, 47.28365], [18.16474, 47.28137], [18.16684, 47.28294], [18.16176, 47.28605], [18.1722, 47.29382], [18.17334, 47.29385], [18.17384, 47.29228], [18.17514, 47.29161], [18.1772, 47.29287], [18.18019, 47.29135], [18.18126, 47.29226], [18.1809, 47.29278], [18.17958, 47.293], [18.17845, 47.29255], [18.17759, 47.29326], [18.17615, 47.29363], [18.17513, 47.29466], [18.17592, 47.29531], [18.17551, 47.29576]], [[18.18303, 47.27528], [18.18204, 47.27579], [18.18624, 47.27283], [18.18532, 47.27365], [18.18303, 47.27528]], [[18.17147, 47.28079], [18.17154, 47.28038], [18.17496, 47.27894], [18.17672, 47.27777], [18.17873, 47.27755], [18.17892, 47.27787], [18.17702, 47.27916], [18.17002, 47.28161], [18.17147, 47.28079]], [[18.17581, 47.29145], [18.17528, 47.29127], [18.1783, 47.2895], [18.17906, 47.28942], [18.1785, 47.29008], [18.17581, 47.29145]]], [[[18.18846, 47.24503], [18.18884, 47.24516], [18.18933, 47.2447], [18.1867, 47.24398], [18.18598, 47.24453], [18.18846, 47.24503]]], [[[18.19342, 47.23751], [18.1928, 47.2384], [18.19437, 47.23819], [18.19373, 47.23727], [18.19342, 47.23751]]], [[[18.20652, 47.24754], [18.20552, 47.2471], [18.20463, 47.24778], [18.20441, 47.24888], [18.2068, 47.25042], [18.20836, 47.24919], [18.20794, 47.24818], [18.20652, 47.24754]]], [[[18.20792, 47.24616], [18.20835, 47.24629], [18.20988, 47.24497], [18.21192, 47.24422], [18.20885, 47.24189], [18.20085, 47.23367], [18.19831, 47.23599], [18.19963, 47.23608], [18.19929, 47.2371], [18.19999, 47.23821], [18.20301, 47.24024], [18.20354, 47.24082], [18.20298, 47.24142], [18.20543, 47.24286], [18.20633, 47.24409], [18.20649, 47.24533], [18.20792, 47.24616]]], [[[18.21773, 47.25084], [18.21535, 47.25163], [18.21282, 47.25158], [18.20992, 47.25386], [18.2107, 47.25599], [18.21558, 47.26001], [18.21879, 47.26417], [18.22589, 47.26264], [18.22751, 47.26069], [18.22725, 47.25994], [18.22805, 47.25921], [18.22728, 47.25865], [18.22714, 47.25725], [18.22835, 47.25674], [18.22891, 47.2576], [18.22927, 47.25748], [18.22842, 47.25593], [18.22803, 47.25634], [18.22765, 47.2561], [18.22843, 47.25553], [18.22822, 47.25498], [18.22708, 47.2559], [18.22646, 47.25433], [18.22618, 47.25463], [18.22168, 47.25262], [18.22197, 47.25242], [18.21773, 47.25084]], [[18.21948, 47.25432], [18.21801, 47.25472], [18.21595, 47.25496], [18.21798, 47.2539], [18.21843, 47.25428], [18.21981, 47.25387], [18.21948, 47.25432]]], [[[18.23076, 47.26975], [18.23024, 47.26964], [18.22825, 47.27117], [18.2333, 47.27535], [18.23489, 47.27787], [18.23789, 47.27635], [18.24096, 47.27631], [18.23907, 47.27536], [18.23607, 47.27453], [18.23477, 47.2724], [18.23195, 47.27085], [18.2317, 47.2702], [18.23076, 47.26975]]], [[[18.22882, 47.29096], [18.23093, 47.28859], [18.23431, 47.28579], [18.23316, 47.28428], [18.22958, 47.28155], [18.21792, 47.28679], [18.21621, 47.28712], [18.21656, 47.28752], [18.21434, 47.2878], [18.21429, 47.28914], [18.21288, 47.29026], [18.2101, 47.29084], [18.20866, 47.29071], [18.20746, 47.29017], [18.20693, 47.29046], [18.21709, 47.2966], [18.2224, 47.29281], [18.22214, 47.29233], [18.2229, 47.29201], [18.22277, 47.29163], [18.22647, 47.29061], [18.22388, 47.29242], [18.2249, 47.29339], [18.22685, 47.29239], [18.2263, 47.29209], [18.22882, 47.29096]]], [[[18.22862, 47.27789], [18.22547, 47.27484], [18.22101, 47.27193], [18.21772, 47.27238], [18.21555, 47.27348], [18.21575, 47.27494], [18.21502, 47.27636], [18.21596, 47.277], [18.21722, 47.27619], [18.21753, 47.27641], [18.21989, 47.27536], [18.22201, 47.27595], [18.22273, 47.27551], [18.2223, 47.27498], [18.22284, 47.2743], [18.224, 47.27492], [18.22664, 47.27805], [18.22862, 47.27789]]], [[[18.21725, 47.24382], [18.21695, 47.243], [18.21556, 47.24368], [18.21518, 47.2443], [18.21724, 47.2449], [18.21781, 47.24424], [18.21725, 47.24382]]], [[[18.23048, 47.25805], [18.23005, 47.25783], [18.23042, 47.25837], [18.22936, 47.25871], [18.22935, 47.25941], [18.22937, 47.2588], [18.23048, 47.25839], [18.23048, 47.25805]]], [[[18.25009, 47.21915], [18.25058, 47.21887], [18.2508, 47.21864], [18.24992, 47.21913], [18.25009, 47.21915]]], [[[18.24825, 47.21935], [18.24968, 47.21917], [18.24753, 47.21927], [18.24653, 47.21971], [18.24611, 47.22008], [18.24744, 47.21938], [18.24825, 47.21935]]], [[[18.24445, 47.22337], [18.24541, 47.22194], [18.24531, 47.22189], [18.24431, 47.22338], [18.24424, 47.2239], [18.24437, 47.22393], [18.24445, 47.22337]]], [[[18.25116, 47.21842], [18.25144, 47.21829], [18.25116, 47.21842], [18.25116, 47.21842]]], [[[18.20587, 47.21675], [18.20586, 47.21677], [18.20598, 47.21676], [18.20587, 47.21675]]], [[[18.1896, 47.20454], [18.1905, 47.20469], [18.1903, 47.20335], [18.18856, 47.20437], [18.1896, 47.20454]]], [[[18.18683, 47.2108], [18.18481, 47.21145], [18.18281, 47.21152], [18.18081, 47.21104], [18.17926, 47.21011], [18.1778, 47.21138], [18.17902, 47.2122], [18.17948, 47.21318], [18.17924, 47.21422], [18.17835, 47.21515], [18.18686, 47.21709], [18.18967, 47.21811], [18.18942, 47.21779], [18.19114, 47.21512], [18.1903, 47.21421], [18.18826, 47.21319], [18.18812, 47.21163], [18.18768, 47.211], [18.18683, 47.2108]]], [[[18.17091, 47.21717], [18.17199, 47.21667], [18.17066, 47.21625], [18.16964, 47.21531], [18.16934, 47.21423], [18.16971, 47.21152], [18.16834, 47.21046], [18.16776, 47.20932], [18.16026, 47.21079], [18.16056, 47.21171], [18.15815, 47.21155], [18.16041, 47.21248], [18.15822, 47.21435], [18.15668, 47.21401], [18.15773, 47.21466], [18.15363, 47.21694], [18.15358, 47.2174], [18.15576, 47.21624], [18.15952, 47.2156], [18.1595, 47.2149], [18.15869, 47.21447], [18.16064, 47.21273], [18.16407, 47.21671], [18.17299, 47.21959], [18.17449, 47.22078], [18.17693, 47.22227], [18.17704, 47.2231], [18.18059, 47.22679], [18.18712, 47.23008], [18.18069, 47.22673], [18.17716, 47.22306], [18.17706, 47.22223], [18.17362, 47.21986], [18.17173, 47.21897], [18.16575, 47.21697], [18.16768, 47.2156], [18.16945, 47.21597], [18.1702, 47.21658], [18.16935, 47.21664], [18.16927, 47.21627], [18.16819, 47.21661], [18.16757, 47.21618], [18.16718, 47.21654], [18.16663, 47.21643], [18.16648, 47.2168], [18.16715, 47.2169], [18.16683, 47.21704], [18.16822, 47.21683], [18.17091, 47.21717]], [[18.15793, 47.21481], [18.15876, 47.21478], [18.15933, 47.21534], [18.15666, 47.21575], [18.15793, 47.21481]]], [[[18.16316, 47.21959], [18.16264, 47.21997], [18.16306, 47.22165], [18.16235, 47.2232], [18.16482, 47.22342], [18.16761, 47.22319], [18.17011, 47.22259], [18.17108, 47.22158], [18.17125, 47.22114], [18.1705, 47.22062], [18.17103, 47.21996], [18.17011, 47.2195], [18.16364, 47.21888], [18.16227, 47.21845], [18.16161, 47.21892], [18.16215, 47.21868], [18.16195, 47.21907], [18.16254, 47.21976], [18.16362, 47.21901], [18.16316, 47.21959]]], [[[18.16199, 47.20987], [18.16768, 47.20879], [18.16844, 47.20686], [18.16768, 47.20663], [18.16364, 47.20751], [18.16023, 47.20689], [18.16074, 47.20795], [18.15962, 47.20659], [18.15904, 47.20704], [18.15895, 47.20926], [18.15785, 47.21072], [18.16199, 47.20987]]], [[[18.07331, 47.30635], [18.07382, 47.30638], [18.07275, 47.30611], [18.07242, 47.30639], [18.07331, 47.30635]]], [[[18.0748, 47.31335], [18.07409, 47.31367], [18.07553, 47.31417], [18.0744, 47.31539], [18.07564, 47.31685], [18.07723, 47.31446], [18.0795, 47.31326], [18.08096, 47.31135], [18.08263, 47.31059], [18.08684, 47.30983], [18.0833, 47.3095], [18.08305, 47.30984], [18.07794, 47.30819], [18.07858, 47.30963], [18.07813, 47.31139], [18.07697, 47.31251], [18.0748, 47.31335]]], [[[18.10567, 47.33251], [18.10771, 47.3296], [18.1087, 47.32984], [18.10784, 47.33179], [18.10989, 47.33233], [18.11053, 47.33142], [18.11135, 47.33109], [18.11065, 47.33037], [18.11228, 47.32945], [18.10959, 47.329], [18.10746, 47.32743], [18.10615, 47.32718], [18.10243, 47.32979], [18.10185, 47.33147], [18.10548, 47.33275], [18.10567, 47.33251]]], [[[18.1131, 47.3294], [18.11265, 47.32944], [18.11359, 47.32974], [18.11389, 47.3293], [18.1131, 47.3294]]], [[[18.12818, 47.32858], [18.12755, 47.32831], [18.12726, 47.32852], [18.12754, 47.32879], [18.12695, 47.32979], [18.12716, 47.32896], [18.12672, 47.32892], [18.1252, 47.3309], [18.12572, 47.33102], [18.12524, 47.33204], [18.12468, 47.33238], [18.12338, 47.33226], [18.12173, 47.3334], [18.11941, 47.33767], [18.12143, 47.33825], [18.12335, 47.33467], [18.12405, 47.33416], [18.12752, 47.33242], [18.12714, 47.33298], [18.12875, 47.33357], [18.12984, 47.33251], [18.13196, 47.32968], [18.12883, 47.33157], [18.12985, 47.33035], [18.13214, 47.32923], [18.12818, 47.32858]]], [[[18.13453, 47.32867], [18.13312, 47.32963], [18.13277, 47.33098], [18.13239, 47.33016], [18.12921, 47.33356], [18.13222, 47.33365], [18.13428, 47.33419], [18.13598, 47.33311], [18.13746, 47.33297], [18.14285, 47.33037], [18.14379, 47.33025], [18.14453, 47.32867], [18.14666, 47.32753], [18.14787, 47.32595], [18.14902, 47.32542], [18.14948, 47.32446], [18.14573, 47.32415], [18.1446, 47.32555], [18.14143, 47.32746], [18.13907, 47.32801], [18.13676, 47.32779], [18.13453, 47.32867]]], [[[18.16729, 47.322], [18.16516, 47.32163], [18.16807, 47.32241], [18.16932, 47.32245], [18.16729, 47.322]]], [[[18.16166, 47.321], [18.16156, 47.32116], [18.16278, 47.32129], [18.16166, 47.321]]], [[[18.11176, 47.31405], [18.11287, 47.31374], [18.11273, 47.31204], [18.11359, 47.31056], [18.11347, 47.30919], [18.11249, 47.3076], [18.11264, 47.30479], [18.11128, 47.30518], [18.10961, 47.30505], [18.10829, 47.30437], [18.10762, 47.30328], [18.106, 47.30399], [18.1054, 47.30665], [18.10443, 47.30793], [18.10697, 47.30819], [18.10813, 47.31015], [18.10819, 47.31078], [18.10764, 47.31092], [18.10915, 47.31263], [18.11021, 47.3125], [18.11176, 47.31405]]], [[[18.13783, 47.31707], [18.13807, 47.31676], [18.13822, 47.3166], [18.13787, 47.31654], [18.13783, 47.31707]]], [[[18.13335, 47.31836], [18.13409, 47.31801], [18.13129, 47.3184], [18.12732, 47.31774], [18.12662, 47.31802], [18.12668, 47.31847], [18.12805, 47.31843], [18.12834, 47.319], [18.12605, 47.3192], [18.12695, 47.31955], [18.13335, 47.31836]]], [[[18.12385, 47.31753], [18.12613, 47.31803], [18.12661, 47.31618], [18.12811, 47.31616], [18.12852, 47.31678], [18.13065, 47.31685], [18.13124, 47.31745], [18.1323, 47.31667], [18.13098, 47.31614], [18.13125, 47.31427], [18.13258, 47.31354], [18.13343, 47.31401], [18.13358, 47.31603], [18.13619, 47.31688], [18.13684, 47.31527], [18.13642, 47.31517], [18.13653, 47.31458], [18.13717, 47.31454], [18.13665, 47.31245], [18.13628, 47.31249], [18.13566, 47.31154], [18.13338, 47.31053], [18.12983, 47.31207], [18.12763, 47.31202], [18.12752, 47.31175], [18.12511, 47.31191], [18.12171, 47.31626], [18.12279, 47.31723], [18.12385, 47.31753]]], [[[18.15668, 47.31369], [18.15677, 47.31326], [18.15353, 47.31235], [18.15325, 47.31303], [18.15398, 47.31369], [18.15668, 47.31369]]], [[[18.08042, 47.30869], [18.08, 47.30855], [18.07938, 47.30848], [18.07801, 47.30802], [18.07931, 47.30847], [18.08042, 47.30869]]], [[[18.14027, 47.29877], [18.13652, 47.29804], [18.13506, 47.301], [18.13766, 47.30138], [18.13766, 47.30329], [18.1393, 47.30315], [18.1389, 47.30387], [18.13922, 47.30349], [18.13933, 47.30428], [18.13862, 47.30552], [18.14006, 47.30484], [18.14072, 47.30489], [18.14058, 47.30662], [18.14681, 47.30904], [18.14675, 47.30825], [18.14583, 47.30789], [18.14639, 47.30726], [18.14703, 47.3073], [18.14823, 47.30598], [18.15009, 47.30517], [18.15002, 47.30489], [18.14803, 47.30396], [18.1474, 47.30293], [18.14594, 47.30289], [18.14425, 47.3035], [18.14296, 47.30348], [18.13939, 47.30246], [18.14129, 47.30236], [18.14308, 47.30297], [18.14483, 47.30295], [18.1456, 47.30273], [18.14669, 47.30133], [18.14687, 47.30179], [18.14787, 47.30199], [18.14773, 47.30265], [18.14905, 47.30244], [18.14858, 47.3002], [18.14943, 47.3009], [18.14941, 47.29943], [18.14668, 47.3], [18.14034, 47.29955], [18.141, 47.29734], [18.14189, 47.29641], [18.14095, 47.29733], [18.14029, 47.2995], [18.14027, 47.29877]]], [[[18.09602, 47.25941], [18.09694, 47.25954], [18.09777, 47.25899], [18.09403, 47.25714], [18.09237, 47.25876], [18.09123, 47.26089], [18.0911, 47.26228], [18.09085, 47.26267], [18.09059, 47.26253], [18.08966, 47.26469], [18.08521, 47.26824], [18.08906, 47.26895], [18.08941, 47.26731], [18.09363, 47.26401], [18.09602, 47.25941]], [[18.09273, 47.26364], [18.09218, 47.26344], [18.09206, 47.26324], [18.09291, 47.26352], [18.09273, 47.26364]], [[18.08776, 47.26624], [18.0878, 47.26638], [18.08674, 47.26716], [18.08673, 47.26709], [18.08776, 47.26624]]], [[[18.09186, 47.25867], [18.09169, 47.25973], [18.09168, 47.25974], [18.09199, 47.25924], [18.09186, 47.25867]]], [[[18.15221, 47.14479], [18.15386, 47.146], [18.15587, 47.14711], [18.15371, 47.14431], [18.15347, 47.14302], [18.15081, 47.1429], [18.15079, 47.14382], [18.15221, 47.14479]]], [[[18.15106, 47.16399], [18.15121, 47.16365], [18.14883, 47.16378], [18.14754, 47.16498], [18.14802, 47.1665], [18.14966, 47.16611], [18.15106, 47.16399]]], [[[18.22144, 47.31576], [18.22139, 47.31588], [18.22188, 47.3158], [18.22182, 47.31565], [18.22144, 47.31576]]], [[[18.0878, 47.18558], [18.08797, 47.18495], [18.08736, 47.18496], [18.08796, 47.18486], [18.08765, 47.18453], [18.08576, 47.18435], [18.08587, 47.18506], [18.08542, 47.18582], [18.08755, 47.18651], [18.0878, 47.18558]]], [[[18.08661, 47.1865], [18.08538, 47.1861], [18.0847, 47.18704], [18.08719, 47.18706], [18.0873, 47.18679], [18.08639, 47.18673], [18.08661, 47.1865]]], [[[18.08519, 47.18784], [18.08601, 47.18833], [18.08712, 47.18715], [18.08472, 47.18712], [18.08519, 47.18784]]], [[[18.08641, 47.18335], [18.08573, 47.18333], [18.08575, 47.18427], [18.0867, 47.18427], [18.08698, 47.18342], [18.08641, 47.18335]]], [[[18.04393, 47.13771], [18.04309, 47.13643], [18.04213, 47.1368], [18.04296, 47.1389], [18.0424, 47.13925], [18.04262, 47.13981], [18.04481, 47.14054], [18.04393, 47.13771]]], [[[18.07594, 47.14449], [18.0775, 47.1452], [18.07865, 47.14497], [18.08037, 47.14517], [18.0808, 47.14548], [18.08008, 47.14559], [18.08021, 47.14593], [18.08257, 47.14677], [18.08358, 47.14546], [18.07891, 47.14353], [18.07856, 47.14431], [18.07594, 47.14449]]], [[[18.19659, 47.17182], [18.19734, 47.17223], [18.19758, 47.17149], [18.19643, 47.17167], [18.19659, 47.17182]]], [[[18.18527, 47.16588], [18.18675, 47.1664], [18.18814, 47.16775], [18.19087, 47.16759], [18.19029, 47.16601], [18.19076, 47.16487], [18.19059, 47.16368], [18.18592, 47.16531], [18.18527, 47.16588]]], [[[18.21204, 47.17189], [18.20751, 47.17172], [18.20607, 47.17356], [18.20882, 47.17279], [18.2073, 47.17243], [18.2075, 47.17223], [18.21146, 47.17239], [18.21274, 47.17202], [18.21204, 47.17189]]], [[[18.20581, 47.1708], [18.20566, 47.17061], [18.20517, 47.17101], [18.2037, 47.17061], [18.20166, 47.17153], [18.19854, 47.17204], [18.19904, 47.17296], [18.19827, 47.17351], [18.19849, 47.17394], [18.19915, 47.17441], [18.19983, 47.17316], [18.20526, 47.17227], [18.20581, 47.1708]]], [[[18.1996, 47.1748], [18.2002, 47.17561], [18.20057, 47.1749], [18.2015, 47.17491], [18.2024, 47.17446], [18.20315, 47.17347], [18.20238, 47.17315], [18.20143, 47.17335], [18.19976, 47.17424], [18.1996, 47.1748]]], [[[18.20007, 47.17632], [18.19972, 47.17719], [18.19991, 47.17733], [18.20071, 47.17664], [18.20007, 47.17632]]], [[[18.20545, 47.17022], [18.20582, 47.16829], [18.20711, 47.16606], [18.20597, 47.16614], [18.2044, 47.16695], [18.20384, 47.16802], [18.20275, 47.16867], [18.19971, 47.16897], [18.19945, 47.16999], [18.20074, 47.17011], [18.19877, 47.17101], [18.19976, 47.17104], [18.20016, 47.17043], [18.20119, 47.17049], [18.20149, 47.17006], [18.20255, 47.17023], [18.2048, 47.16872], [18.20461, 47.16912], [18.20545, 47.17022]]], [[[18.19922, 47.17776], [18.19938, 47.1778], [18.19969, 47.17753], [18.19922, 47.17776]]], [[[18.16146, 47.16466], [18.16398, 47.16454], [18.16566, 47.16497], [18.16706, 47.1663], [18.16692, 47.16812], [18.16794, 47.16785], [18.17491, 47.15742], [18.15905, 47.15855], [18.15879, 47.15965], [18.16099, 47.16143], [18.16146, 47.16466]]], [[[18.17583, 47.16548], [18.1768, 47.16543], [18.17654, 47.16429], [18.17574, 47.16549], [18.17583, 47.16548]]], [[[18.19029, 47.16011], [18.18731, 47.15971], [18.1872, 47.15992], [18.19019, 47.16122], [18.19029, 47.16011]]], [[[18.15386, 47.16611], [18.15521, 47.16634], [18.1576, 47.16522], [18.15759, 47.16487], [18.15441, 47.16347], [18.15356, 47.16466], [18.154, 47.16509], [18.15331, 47.16611], [18.15386, 47.16611]]], [[[18.21868, 47.14544], [18.21616, 47.14559], [18.21538, 47.14557], [18.21935, 47.14596], [18.21951, 47.14533], [18.21868, 47.14544]]], [[[18.21375, 47.17211], [18.21327, 47.17234], [18.21391, 47.17231], [18.21375, 47.17211]]], [[[18.14511, 47.34296], [18.14553, 47.34262], [18.14414, 47.3407], [18.1405, 47.34339], [18.1438, 47.34405], [18.14511, 47.34296]]], [[[18.13965, 47.343], [18.14003, 47.3432], [18.14265, 47.34132], [18.13928, 47.34311], [18.13965, 47.343]]], [[[18.14337, 47.33952], [18.14307, 47.33979], [18.14264, 47.33959], [18.14146, 47.34046], [18.14046, 47.33965], [18.13778, 47.34145], [18.13984, 47.34156], [18.14018, 47.342], [18.13861, 47.34293], [18.14034, 47.34214], [18.14974, 47.33561], [18.14799, 47.33531], [18.1475, 47.33551], [18.1432, 47.33844], [18.14286, 47.3382], [18.14155, 47.33901], [18.14235, 47.3394], [18.14343, 47.33872], [18.14337, 47.33952]]], [[[18.16486, 47.32827], [18.16792, 47.3263], [18.16422, 47.32549], [18.16221, 47.32658], [18.16149, 47.32581], [18.16087, 47.32582], [18.15813, 47.32726], [18.15765, 47.32655], [18.15792, 47.32564], [18.15379, 47.32851], [18.15434, 47.3292], [18.15389, 47.32948], [18.15267, 47.32915], [18.14931, 47.33129], [18.15129, 47.33234], [18.15047, 47.33292], [18.15088, 47.33339], [18.1495, 47.33462], [18.15018, 47.33526], [18.15338, 47.33354], [18.15366, 47.33371], [18.1509, 47.33535], [18.15145, 47.33579], [18.15408, 47.3347], [18.15719, 47.33228], [18.1567, 47.33371], [18.15736, 47.33392], [18.15738, 47.33449], [18.15865, 47.33488], [18.16458, 47.33045], [18.16397, 47.32913], [18.16325, 47.32918], [18.15821, 47.33166], [18.15764, 47.33142], [18.16486, 47.32827]]], [[[18.15222, 47.33818], [18.15159, 47.33892], [18.15228, 47.33918], [18.15028, 47.3413], [18.14956, 47.34129], [18.14971, 47.34011], [18.14902, 47.34048], [18.14909, 47.34088], [18.14523, 47.34337], [18.14507, 47.3443], [18.14595, 47.34447], [18.15708, 47.33788], [18.15581, 47.33456], [18.15521, 47.33446], [18.15124, 47.33621], [18.15073, 47.33605], [18.14944, 47.33646], [18.15031, 47.33687], [18.14629, 47.33908], [18.14701, 47.33927], [18.14909, 47.33835], [18.14881, 47.33898], [18.15068, 47.33908], [18.15073, 47.33756], [18.15189, 47.33679], [18.15277, 47.33706], [18.15223, 47.33726], [18.15222, 47.33818]]], [[[18.20342, 47.29012], [18.20117, 47.29027], [18.19999, 47.29154], [18.19912, 47.2918], [18.19917, 47.29242], [18.19783, 47.29399], [18.2042, 47.29092], [18.20561, 47.28976], [18.20342, 47.29012]]], [[[18.20228, 47.29788], [18.202, 47.29749], [18.19998, 47.29927], [18.20089, 47.29982], [18.20296, 47.29826], [18.20274, 47.29806], [18.20206, 47.29837], [18.20177, 47.29814], [18.20228, 47.29788]]], [[[18.20367, 47.30576], [18.21013, 47.30764], [18.21228, 47.30668], [18.21128, 47.30604], [18.20822, 47.30547], [18.20626, 47.30387], [18.20392, 47.30431], [18.20452, 47.30502], [18.20321, 47.30534], [18.20367, 47.30576]]], [[[18.19767, 47.30493], [18.19841, 47.30507], [18.19897, 47.30607], [18.19884, 47.30671], [18.19809, 47.30676], [18.19799, 47.30731], [18.20189, 47.30889], [18.20292, 47.30766], [18.20117, 47.30663], [18.20136, 47.30505], [18.19864, 47.30409], [18.19751, 47.3046], [18.19767, 47.30493]]], [[[18.1898, 47.30503], [18.18889, 47.30561], [18.1897, 47.30622], [18.19051, 47.30568], [18.1898, 47.30503]]], [[[18.21994, 47.27967], [18.21949, 47.27922], [18.21832, 47.27992], [18.21871, 47.28119], [18.22066, 47.28054], [18.21994, 47.27967]]], [[[18.23709, 47.26918], [18.23605, 47.26844], [18.23359, 47.26853], [18.23166, 47.26798], [18.23069, 47.26822], [18.23326, 47.27076], [18.23629, 47.27258], [18.23781, 47.27011], [18.23783, 47.26967], [18.23709, 47.26918]]], [[[18.22664, 47.26259], [18.22868, 47.26314], [18.2303, 47.2642], [18.2328, 47.26415], [18.23368, 47.26276], [18.22825, 47.26062], [18.22664, 47.26259]]], [[[18.23324, 47.26396], [18.23456, 47.26467], [18.23522, 47.26462], [18.23468, 47.26384], [18.23324, 47.26396]]], [[[18.30723, 47.2637], [18.30773, 47.26364], [18.30846, 47.26359], [18.3075, 47.26306], [18.30655, 47.26321], [18.30723, 47.2637]]], [[[18.30628, 47.26392], [18.30662, 47.26383], [18.30624, 47.26325], [18.3059, 47.26391], [18.30628, 47.26392]]], [[[18.3057, 47.26171], [18.3034, 47.25891], [18.30427, 47.25858], [18.30386, 47.2578], [18.30196, 47.259], [18.30406, 47.26274], [18.30622, 47.26243], [18.3057, 47.26171]]], [[[18.30542, 47.25467], [18.3049, 47.25497], [18.30538, 47.25544], [18.30645, 47.25491], [18.30542, 47.25467]]], [[[18.30085, 47.25422], [18.30213, 47.25544], [18.30347, 47.25507], [18.30382, 47.25415], [18.30273, 47.25322], [18.30287, 47.25233], [18.30231, 47.25189], [18.30036, 47.2515], [18.299, 47.25246], [18.29977, 47.25361], [18.30085, 47.25422]]], [[[18.29655, 47.25164], [18.29748, 47.25264], [18.29795, 47.2525], [18.29661, 47.25144], [18.29655, 47.25164]]], [[[18.28423, 47.27067], [18.28291, 47.27038], [18.2828, 47.27039], [18.28481, 47.27119], [18.28423, 47.27067]]], [[[18.28728, 47.27324], [18.28751, 47.27399], [18.28772, 47.2741], [18.28798, 47.27384], [18.28728, 47.27324]]], [[[18.15617, 47.09933], [18.15571, 47.09939], [18.1572, 47.10042], [18.15787, 47.10232], [18.1588, 47.10128], [18.15617, 47.09933]]], [[[18.09661, 47.08212], [18.09881, 47.08278], [18.09973, 47.08189], [18.10035, 47.08293], [18.10137, 47.08198], [18.10214, 47.08204], [18.10477, 47.07882], [18.10166, 47.07831], [18.09802, 47.08237], [18.10138, 47.07801], [18.10071, 47.07802], [18.09631, 47.08166], [18.09611, 47.08191], [18.09661, 47.08212]]], [[[18.16998, 47.07396], [18.16893, 47.07451], [18.17103, 47.0747], [18.17039, 47.07431], [18.16998, 47.07396]]], [[[18.17591, 47.07533], [18.17507, 47.07544], [18.18197, 47.07647], [18.19098, 47.07709], [18.19223, 47.07609], [18.19405, 47.07545], [18.19387, 47.07504], [18.19616, 47.07518], [18.19934, 47.07611], [18.1994, 47.07542], [18.19978, 47.07555], [18.19968, 47.0763], [18.20194, 47.07884], [18.2029, 47.07905], [18.20195, 47.07891], [18.20164, 47.07996], [18.20012, 47.08146], [18.19706, 47.08268], [18.19614, 47.08527], [18.19385, 47.08881], [18.19055, 47.09713], [18.18906, 47.10303], [18.19561, 47.10442], [18.19861, 47.09214], [18.2003, 47.0938], [18.20176, 47.09418], [18.19988, 47.10256], [18.20067, 47.10269], [18.20143, 47.10518], [18.20378, 47.10554], [18.20519, 47.10131], [18.20636, 47.10015], [18.20851, 47.09571], [18.20905, 47.09572], [18.21098, 47.09053], [18.21636, 47.09128], [18.21944, 47.09238], [18.21634, 47.09135], [18.21375, 47.09129], [18.21287, 47.09307], [18.21648, 47.09381], [18.21303, 47.0933], [18.21159, 47.09628], [18.22402, 47.09897], [18.22559, 47.09623], [18.22751, 47.0955], [18.2291, 47.09547], [18.2281, 47.09438], [18.22815, 47.0924], [18.21426, 47.0873], [18.20706, 47.08077], [18.2027, 47.07879], [18.20329, 47.07861], [18.20415, 47.07595], [18.2055, 47.07392], [18.20652, 47.06823], [18.2088, 47.0641], [18.20919, 47.06191], [18.20853, 47.06154], [18.21011, 47.057], [18.20987, 47.0561], [18.21066, 47.05214], [18.19511, 47.05245], [18.19642, 47.05325], [18.19449, 47.05324], [18.19506, 47.0557], [18.19725, 47.05652], [18.20043, 47.05896], [18.19877, 47.05828], [18.19653, 47.05652], [18.19434, 47.05599], [18.19449, 47.05522], [18.193, 47.05378], [18.19307, 47.05261], [18.18598, 47.05315], [18.18574, 47.05375], [18.1865, 47.05526], [18.18771, 47.0558], [18.18746, 47.05622], [18.18569, 47.0562], [18.18516, 47.05742], [18.18534, 47.05581], [18.18437, 47.05513], [18.18493, 47.05474], [18.18456, 47.05385], [18.18225, 47.05461], [18.18011, 47.05459], [18.17938, 47.05684], [18.18066, 47.05893], [18.18009, 47.06339], [18.18051, 47.06452], [18.18328, 47.06647], [18.18375, 47.06898], [18.18295, 47.07042], [18.17937, 47.074], [18.17784, 47.07488], [18.17591, 47.07533]]], [[[18.22707, 47.09179], [18.22822, 47.09221], [18.22916, 47.09119], [18.23072, 47.09068], [18.23401, 47.09116], [18.23763, 47.09269], [18.23948, 47.09424], [18.24147, 47.09416], [18.24324, 47.0945], [18.24532, 47.09521], [18.24655, 47.09607], [18.24864, 47.09625], [18.25348, 47.09763], [18.25549, 47.09502], [18.26316, 47.08169], [18.26612, 47.07911], [18.26392, 47.07713], [18.26255, 47.07645], [18.26145, 47.07839], [18.26026, 47.07791], [18.25988, 47.07857], [18.25928, 47.07827], [18.25894, 47.07582], [18.25942, 47.07522], [18.25882, 47.07502], [18.25681, 47.07586], [18.25521, 47.07421], [18.25503, 47.07484], [18.25464, 47.07475], [18.25267, 47.06952], [18.25156, 47.06936], [18.24742, 47.07018], [18.2474, 47.06938], [18.24558, 47.07411], [18.24314, 47.07569], [18.23959, 47.07613], [18.23581, 47.07578], [18.234, 47.07515], [18.2319, 47.07323], [18.23118, 47.07198], [18.23124, 47.07045], [18.232, 47.06881], [18.23327, 47.06778], [18.23502, 47.06716], [18.24068, 47.06687], [18.24105, 47.06187], [18.23939, 47.0612], [18.23809, 47.06007], [18.23755, 47.05875], [18.23769, 47.05682], [18.23632, 47.05854], [18.23377, 47.06489], [18.23436, 47.06097], [18.23526, 47.06027], [18.2361, 47.05822], [18.23793, 47.05574], [18.23661, 47.05451], [18.23614, 47.05305], [18.21915, 47.05206], [18.21431, 47.05211], [18.21623, 47.05307], [18.21519, 47.05363], [18.21327, 47.05294], [18.21135, 47.05676], [18.21176, 47.05873], [18.22949, 47.06302], [18.22789, 47.06588], [18.22452, 47.06932], [18.22868, 47.07018], [18.22793, 47.07187], [18.22415, 47.07111], [18.22352, 47.07273], [18.22728, 47.07353], [18.22297, 47.08417], [18.23205, 47.08662], [18.23192, 47.08702], [18.21828, 47.08354], [18.21763, 47.08437], [18.21583, 47.08375], [18.21633, 47.08304], [18.21456, 47.08259], [18.21366, 47.08352], [18.21169, 47.08449], [18.21443, 47.0871], [18.22707, 47.09179]], [[18.21639, 47.05751], [18.21587, 47.0573], [18.21611, 47.05447], [18.21564, 47.05386], [18.21667, 47.05341], [18.2172, 47.05411], [18.22021, 47.05574], [18.22094, 47.05676], [18.21992, 47.05815], [18.21781, 47.05752], [18.21639, 47.05751]]], [[[18.2666, 47.0655], [18.26279, 47.06443], [18.25841, 47.06609], [18.25731, 47.0682], [18.25777, 47.06848], [18.2575, 47.06893], [18.2588, 47.06897], [18.26348, 47.07023], [18.26834, 47.06597], [18.2666, 47.0655]]], [[[18.21506, 47.13898], [18.21769, 47.13871], [18.21803, 47.13659], [18.22035, 47.13488], [18.22794, 47.13379], [18.22953, 47.13316], [18.23149, 47.13293], [18.23158, 47.13173], [18.23231, 47.13078], [18.23226, 47.1295], [18.23147, 47.12793], [18.23136, 47.12575], [18.23039, 47.12379], [18.2316, 47.12043], [18.22921, 47.11645], [18.22331, 47.11713], [18.22364, 47.11474], [18.22265, 47.11118], [18.21855, 47.11021], [18.22384, 47.09913], [18.2114, 47.0964], [18.20778, 47.11051], [18.21819, 47.1133], [18.21785, 47.11415], [18.20807, 47.11208], [18.20648, 47.112], [18.20443, 47.12008], [18.2066, 47.12053], [18.20592, 47.12063], [18.20563, 47.12112], [18.20573, 47.12197], [18.20509, 47.1222], [18.20327, 47.12666], [18.20226, 47.12805], [18.20262, 47.12653], [18.20019, 47.1236], [18.19657, 47.13078], [18.20001, 47.1232], [18.19921, 47.12224], [18.1952, 47.13063], [18.19177, 47.12973], [18.19494, 47.13035], [18.1985, 47.12256], [18.19058, 47.12096], [18.18956, 47.1242], [18.19009, 47.12631], [18.18889, 47.12816], [18.18871, 47.12871], [18.18911, 47.12881], [18.18822, 47.13062], [18.19065, 47.13199], [18.19161, 47.13375], [18.19683, 47.13336], [18.19921, 47.13362], [18.20101, 47.13422], [18.20277, 47.13587], [18.20326, 47.13808], [18.21506, 47.13898]], [[18.20307, 47.13049], [18.20357, 47.13034], [18.20438, 47.13124], [18.20351, 47.13117], [18.20307, 47.13049]]], [[[18.18872, 47.1234], [18.1891, 47.1237], [18.19, 47.12072], [18.18876, 47.12033], [18.18796, 47.12295], [18.18872, 47.1234]]], [[[18.18708, 47.12261], [18.18783, 47.12289], [18.18862, 47.12029], [18.18412, 47.1189], [18.1795, 47.11909], [18.17917, 47.12214], [18.18276, 47.1221], [18.18708, 47.12261]]], [[[18.17624, 47.12259], [18.17686, 47.12247], [18.17072, 47.12109], [18.16737, 47.12641], [18.17102, 47.12602], [18.17315, 47.12383], [18.17624, 47.12259]]], [[[18.27654, 47.0608], [18.27842, 47.06277], [18.28025, 47.05962], [18.2743, 47.05844], [18.27654, 47.0608]]], [[[18.19435, 47.0754], [18.19499, 47.07533], [18.19566, 47.07532], [18.19441, 47.07523], [18.19435, 47.0754]]], [[[18.17159, 47.14088], [18.17187, 47.14116], [18.17196, 47.14129], [18.17204, 47.14101], [18.17159, 47.14088]]], [[[18.21379, 47.18411], [18.2153, 47.18435], [18.21621, 47.18194], [18.2136, 47.18061], [18.21013, 47.18394], [18.21194, 47.18446], [18.21379, 47.18411]]], [[[18.21522, 47.27293], [18.21551, 47.2734], [18.21752, 47.27237], [18.21513, 47.27189], [18.21449, 47.27216], [18.21522, 47.27293]]], [[[18.18816, 47.19424], [18.18834, 47.19423], [18.18989, 47.19418], [18.18905, 47.19324], [18.18816, 47.19424]]], [[[18.3889, 47.18768], [18.38695, 47.18737], [18.3843, 47.18623], [18.38509, 47.1923], [18.3889, 47.18768]]], [[[18.38353, 47.17864], [18.3856, 47.17764], [18.38809, 47.17742], [18.38716, 47.17527], [18.38555, 47.17461], [18.38282, 47.17474], [18.38353, 47.17864]]], [[[18.37708, 47.19512], [18.37948, 47.1938], [18.37842, 47.18569], [18.37517, 47.18723], [18.36612, 47.19], [18.36608, 47.19351], [18.36384, 47.19351], [18.36396, 47.19451], [18.36606, 47.19392], [18.36924, 47.19383], [18.37531, 47.19528], [18.37708, 47.19512]]], [[[18.35686, 47.2257], [18.35522, 47.22488], [18.35233, 47.2279], [18.35194, 47.22972], [18.35123, 47.22983], [18.35013, 47.2312], [18.34932, 47.23127], [18.34894, 47.23204], [18.35071, 47.23299], [18.35299, 47.23033], [18.35203, 47.22984], [18.35307, 47.23023], [18.35686, 47.2257]]], [[[18.3199, 47.23968], [18.31995, 47.24051], [18.32205, 47.24024], [18.32642, 47.2404], [18.32759, 47.2396], [18.32782, 47.23721], [18.32669, 47.23648], [18.3199, 47.23968]]], [[[18.33317, 47.23509], [18.3363, 47.23604], [18.34284, 47.23453], [18.34488, 47.2346], [18.34694, 47.2353], [18.34782, 47.23452], [18.34587, 47.23328], [18.34795, 47.23442], [18.3492, 47.23088], [18.34883, 47.23057], [18.35013, 47.22954], [18.35043, 47.22973], [18.35162, 47.22852], [18.35013, 47.22767], [18.35025, 47.22742], [18.35072, 47.22713], [18.35135, 47.22741], [18.3524, 47.22657], [18.34832, 47.22501], [18.34564, 47.22762], [18.33194, 47.23455], [18.33317, 47.23509]]], [[[18.29133, 47.28039], [18.2918, 47.28225], [18.29255, 47.28231], [18.29635, 47.2792], [18.29133, 47.28039]]], [[[18.27048, 47.30023], [18.27555, 47.29609], [18.28327, 47.28984], [18.28182, 47.28966], [18.28059, 47.29116], [18.27862, 47.29208], [18.27073, 47.29802], [18.26875, 47.29864], [18.26668, 47.2987], [18.26563, 47.30043], [18.26376, 47.30194], [18.26143, 47.30257], [18.25941, 47.30248], [18.25836, 47.30348], [18.25761, 47.30658], [18.25866, 47.30835], [18.25832, 47.31003], [18.27048, 47.30023]]], [[[18.20186, 47.32024], [18.20185, 47.32024], [18.20184, 47.32025], [18.20186, 47.32024]]], [[[18.20789, 47.32184], [18.20756, 47.32131], [18.20731, 47.32136], [18.20834, 47.32261], [18.2085, 47.32431], [18.20677, 47.32638], [18.20766, 47.32658], [18.2073, 47.32754], [18.20822, 47.32864], [18.21028, 47.32852], [18.21099, 47.32938], [18.20972, 47.32877], [18.20803, 47.32886], [18.2079, 47.32987], [18.20859, 47.33044], [18.21004, 47.33136], [18.21198, 47.33147], [18.2149, 47.33048], [18.21561, 47.32994], [18.21496, 47.3295], [18.21553, 47.32922], [18.21681, 47.32994], [18.21775, 47.32972], [18.21528, 47.3281], [18.21428, 47.32672], [18.21181, 47.32603], [18.21047, 47.32528], [18.20789, 47.32184]]], [[[18.21528, 47.351], [18.21504, 47.35119], [18.21742, 47.35117], [18.24699, 47.33499], [18.2448, 47.3339], [18.24272, 47.33402], [18.2404, 47.33341], [18.23865, 47.33375], [18.2367, 47.33363], [18.21528, 47.351]]], [[[18.26204, 47.31302], [18.26047, 47.31429], [18.26037, 47.31635], [18.25826, 47.31819], [18.25758, 47.32015], [18.25609, 47.32131], [18.25406, 47.32203], [18.25345, 47.32281], [18.25342, 47.32432], [18.25249, 47.32573], [18.24968, 47.32712], [18.24662, 47.32708], [18.24864, 47.32882], [18.24876, 47.3311], [18.25037, 47.33189], [18.25324, 47.33093], [18.25664, 47.33111], [18.25726, 47.33052], [18.25774, 47.33087], [18.25827, 47.33069], [18.25981, 47.32987], [18.25855, 47.32917], [18.25873, 47.32896], [18.26037, 47.3298], [18.26473, 47.32719], [18.26268, 47.32716], [18.26017, 47.32643], [18.25825, 47.3251], [18.25736, 47.32352], [18.25656, 47.32351], [18.25735, 47.3234], [18.2577, 47.32177], [18.25918, 47.32039], [18.26414, 47.31915], [18.26665, 47.31916], [18.26846, 47.31975], [18.27003, 47.32078], [18.27154, 47.32264], [18.27446, 47.32029], [18.27566, 47.31808], [18.27783, 47.31699], [18.27922, 47.31533], [18.28232, 47.31387], [18.28422, 47.31172], [18.29076, 47.30209], [18.30114, 47.28982], [18.29868, 47.28826], [18.29566, 47.2881], [18.29361, 47.28913], [18.29125, 47.28937], [18.26204, 47.31302]], [[18.28474, 47.30381], [18.28318, 47.30453], [18.28345, 47.3052], [18.28302, 47.30554], [18.28273, 47.30489], [18.28321, 47.30426], [18.2857, 47.30294], [18.28474, 47.30381]], [[18.28093, 47.30923], [18.281, 47.30876], [18.27989, 47.30799], [18.28061, 47.30717], [18.27992, 47.30658], [18.28115, 47.3068], [18.28216, 47.30607], [18.28259, 47.3062], [18.28209, 47.30817], [18.28091, 47.31005], [18.28093, 47.30923]], [[18.26804, 47.31841], [18.26851, 47.31781], [18.26794, 47.31747], [18.2713, 47.31574], [18.26804, 47.31841]], [[18.25483, 47.32227], [18.25486, 47.32237], [18.25476, 47.32242], [18.25473, 47.32232], [18.25483, 47.32227]], [[18.25478, 47.32264], [18.25561, 47.32187], [18.25611, 47.32205], [18.25434, 47.32328], [18.25478, 47.32264]]], [[[18.32049, 47.26762], [18.31983, 47.26842], [18.32264, 47.26799], [18.32177, 47.26762], [18.32242, 47.267], [18.32049, 47.26762]]], [[[18.32392, 47.26659], [18.32413, 47.26633], [18.32385, 47.26645], [18.32392, 47.26659]]], [[[18.33021, 47.26382], [18.32512, 47.26601], [18.32392, 47.26725], [18.33224, 47.26401], [18.33299, 47.26357], [18.33312, 47.26233], [18.33021, 47.26382]]], [[[18.32013, 47.26866], [18.31975, 47.2685], [18.3168, 47.26978], [18.31638, 47.27139], [18.31507, 47.27261], [18.31664, 47.2728], [18.31781, 47.27339], [18.31971, 47.27051], [18.32203, 47.26839], [18.32013, 47.26866]]], [[[18.30521, 47.28586], [18.30471, 47.28609], [18.30391, 47.28628], [18.30457, 47.2867], [18.30613, 47.28536], [18.30521, 47.28586]]], [[[18.33353, 47.25742], [18.33714, 47.25408], [18.33569, 47.25325], [18.32632, 47.26087], [18.33353, 47.25742]]], [[[18.35085, 47.24042], [18.3496, 47.24193], [18.34986, 47.24269], [18.35217, 47.24311], [18.35328, 47.24286], [18.35494, 47.24171], [18.35665, 47.24124], [18.35704, 47.23959], [18.35867, 47.23815], [18.36045, 47.23751], [18.36293, 47.23744], [18.3639, 47.23652], [18.36234, 47.23591], [18.36438, 47.23366], [18.36398, 47.23347], [18.36303, 47.23402], [18.36247, 47.23374], [18.36362, 47.23278], [18.36353, 47.23236], [18.36211, 47.23208], [18.35957, 47.23028], [18.35085, 47.24042]]], [[[18.3678, 47.23328], [18.36763, 47.23308], [18.36686, 47.23381], [18.36621, 47.23493], [18.3678, 47.23328]]], [[[18.31645, 47.07083], [18.31766, 47.0723], [18.31999, 47.07315], [18.32259, 47.07526], [18.32642, 47.07438], [18.31603, 47.07028], [18.31645, 47.07083]]], [[[18.3087, 47.07834], [18.31007, 47.07684], [18.30956, 47.07656], [18.30826, 47.07737], [18.30634, 47.07758], [18.3087, 47.07834]]], [[[18.31003, 47.07665], [18.31035, 47.07665], [18.31034, 47.07585], [18.30968, 47.07645], [18.31003, 47.07665]]], [[[18.26569, 47.0587], [18.26649, 47.05732], [18.26601, 47.05681], [18.2625, 47.05612], [18.26318, 47.05758], [18.26272, 47.05959], [18.26365, 47.0605], [18.2645, 47.06074], [18.26569, 47.0587]]], [[[18.27121, 47.06259], [18.27161, 47.0627], [18.26659, 47.05742], [18.26466, 47.06078], [18.27121, 47.06259]]], [[[18.27778, 47.06954], [18.2768, 47.06818], [18.27386, 47.06741], [18.26681, 47.07377], [18.26984, 47.07606], [18.27778, 47.06954]]], [[[18.28617, 47.0731], [18.28432, 47.07503], [18.28438, 47.07415], [18.28539, 47.07305], [18.28354, 47.07316], [18.28133, 47.07266], [18.26819, 47.08346], [18.26071, 47.0965], [18.25878, 47.09905], [18.26068, 47.10081], [18.26058, 47.10317], [18.26183, 47.10406], [18.26469, 47.1052], [18.26587, 47.10634], [18.2663, 47.1077], [18.26572, 47.10949], [18.26646, 47.10981], [18.26668, 47.11081], [18.26788, 47.11218], [18.27231, 47.11569], [18.27784, 47.11916], [18.28026, 47.1213], [18.28363, 47.12214], [18.29066, 47.12736], [18.28998, 47.12732], [18.28772, 47.12548], [18.28429, 47.13098], [18.28021, 47.13346], [18.27564, 47.13693], [18.27575, 47.13788], [18.27471, 47.13995], [18.2741, 47.13979], [18.27555, 47.13668], [18.27982, 47.1333], [18.27544, 47.13387], [18.26883, 47.14019], [18.26846, 47.14029], [18.26011, 47.13615], [18.25766, 47.13714], [18.25641, 47.13827], [18.25546, 47.14003], [18.26879, 47.14684], [18.27186, 47.14577], [18.27506, 47.1461], [18.27397, 47.14481], [18.27375, 47.14348], [18.27552, 47.14023], [18.27752, 47.13884], [18.28111, 47.1382], [18.28771, 47.13214], [18.28632, 47.13599], [18.28441, 47.1392], [18.28576, 47.14073], [18.28592, 47.14221], [18.28877, 47.14079], [18.29434, 47.14202], [18.29331, 47.14356], [18.29538, 47.1451], [18.29639, 47.14757], [18.29562, 47.1492], [18.29397, 47.15033], [18.29398, 47.15202], [18.29297, 47.15362], [18.2948, 47.15561], [18.29442, 47.15865], [18.29566, 47.15888], [18.29741, 47.15807], [18.29771, 47.15698], [18.29875, 47.15581], [18.30178, 47.1547], [18.3025, 47.15368], [18.30171, 47.15362], [18.30294, 47.15135], [18.30509, 47.14936], [18.30217, 47.14811], [18.30285, 47.14687], [18.30735, 47.1489], [18.30623, 47.15004], [18.31008, 47.14794], [18.31036, 47.14589], [18.31216, 47.1443], [18.31043, 47.14264], [18.30995, 47.13967], [18.31075, 47.13819], [18.31305, 47.13592], [18.31507, 47.13494], [18.31704, 47.13469], [18.31978, 47.13518], [18.32179, 47.13649], [18.32213, 47.13619], [18.31811, 47.1343], [18.31921, 47.13317], [18.31792, 47.13238], [18.31703, 47.13123], [18.31494, 47.13089], [18.31347, 47.13018], [18.31145, 47.13056], [18.30932, 47.13037], [18.30646, 47.12895], [18.30536, 47.12781], [18.30495, 47.12664], [18.30516, 47.12528], [18.30611, 47.12407], [18.31049, 47.12207], [18.31277, 47.1216], [18.31378, 47.11983], [18.31627, 47.11861], [18.31876, 47.11846], [18.32125, 47.11924], [18.32446, 47.11936], [18.32767, 47.12021], [18.33155, 47.11792], [18.33489, 47.11768], [18.33987, 47.11645], [18.33906, 47.11605], [18.33932, 47.11564], [18.33293, 47.11402], [18.32767, 47.1124], [18.32759, 47.11212], [18.34172, 47.11597], [18.34967, 47.1152], [18.35245, 47.11394], [18.3544, 47.11247], [18.34382, 47.10651], [18.34271, 47.10696], [18.34325, 47.10886], [18.3422, 47.11073], [18.34037, 47.11188], [18.33795, 47.11231], [18.33577, 47.11204], [18.33369, 47.11101], [18.3325, 47.10885], [18.33168, 47.10845], [18.33237, 47.10743], [18.33155, 47.10689], [18.32965, 47.10759], [18.32908, 47.10836], [18.32822, 47.10805], [18.32715, 47.10675], [18.32472, 47.10738], [18.3224, 47.10747], [18.31872, 47.10727], [18.3172, 47.10679], [18.31832, 47.10773], [18.31709, 47.10969], [18.31796, 47.11085], [18.31959, 47.10988], [18.32309, 47.10868], [18.3243, 47.10763], [18.326, 47.10751], [18.32158, 47.1136], [18.32113, 47.11353], [18.31818, 47.11157], [18.31723, 47.11201], [18.31776, 47.11099], [18.31697, 47.11025], [18.31637, 47.11055], [18.31537, 47.10955], [18.31689, 47.10908], [18.31748, 47.1077], [18.31632, 47.10706], [18.31587, 47.10625], [18.31112, 47.10534], [18.30888, 47.1038], [18.30828, 47.1018], [18.30967, 47.09971], [18.30686, 47.09823], [18.30605, 47.09623], [18.30221, 47.09943], [18.3046, 47.10077], [18.30559, 47.10235], [18.30501, 47.10513], [18.30384, 47.10654], [18.30235, 47.1074], [18.30002, 47.10785], [18.29547, 47.10724], [18.2935, 47.10647], [18.2919, 47.1047], [18.29226, 47.1023], [18.2936, 47.10099], [18.29508, 47.10029], [18.29572, 47.09876], [18.30425, 47.09175], [18.30544, 47.08987], [18.30603, 47.08858], [18.30569, 47.08831], [18.3065, 47.08724], [18.30481, 47.08469], [18.30568, 47.08187], [18.30322, 47.0808], [18.30131, 47.08129], [18.29941, 47.08092], [18.29804, 47.07964], [18.29825, 47.07815], [18.29447, 47.07624], [18.28617, 47.0731]], [[18.26367, 47.09236], [18.26616, 47.08776], [18.26646, 47.08741], [18.26422, 47.09193], [18.26367, 47.09236]], [[18.26564, 47.0938], [18.26433, 47.09345], [18.26417, 47.09292], [18.26482, 47.09212], [18.26623, 47.09237], [18.26564, 47.0938]], [[18.27319, 47.09882], [18.27438, 47.09972], [18.27467, 47.10123], [18.27408, 47.1023], [18.27153, 47.10459], [18.27011, 47.10526], [18.26886, 47.1054], [18.26548, 47.10448], [18.26458, 47.10338], [18.26444, 47.10149], [18.26483, 47.09996], [18.26596, 47.09843], [18.26718, 47.09785], [18.26865, 47.09772], [18.27319, 47.09882]]], [[[18.3102, 47.0927], [18.31399, 47.09244], [18.31327, 47.08971], [18.31176, 47.08894], [18.3099, 47.0928], [18.3102, 47.0927]]], [[[18.34752, 47.10412], [18.34423, 47.10638], [18.34971, 47.10975], [18.35431, 47.11204], [18.35456, 47.11068], [18.35544, 47.10957], [18.35209, 47.10622], [18.35064, 47.10402], [18.34752, 47.10412]]], [[[18.34751, 47.14476], [18.34456, 47.14505], [18.34259, 47.14454], [18.34003, 47.14445], [18.33786, 47.1436], [18.33506, 47.14322], [18.3329, 47.14183], [18.32876, 47.14051], [18.32706, 47.13842], [18.32575, 47.13761], [18.32556, 47.13815], [18.32226, 47.14015], [18.32233, 47.14124], [18.32357, 47.1418], [18.32327, 47.14162], [18.32408, 47.14107], [18.32486, 47.14142], [18.32653, 47.14002], [18.32487, 47.14164], [18.32492, 47.14231], [18.32684, 47.14257], [18.32956, 47.1437], [18.33104, 47.14484], [18.33171, 47.14647], [18.33449, 47.14779], [18.33655, 47.14755], [18.34032, 47.14638], [18.34327, 47.14665], [18.34469, 47.14591], [18.34666, 47.14547], [18.34751, 47.14476]]], [[[18.26827, 47.1333], [18.26917, 47.13356], [18.27226, 47.13322], [18.27373, 47.13089], [18.28155, 47.1221], [18.2799, 47.12141], [18.27729, 47.11912], [18.27048, 47.11469], [18.26582, 47.12256], [18.26274, 47.12654], [18.26153, 47.12735], [18.26184, 47.12912], [18.26059, 47.13173], [18.26316, 47.13132], [18.26613, 47.12686], [18.26362, 47.13131], [18.26685, 47.13157], [18.26798, 47.13239], [18.26827, 47.1333]]], [[[18.32804, 47.07812], [18.32442, 47.07891], [18.32654, 47.08018], [18.32897, 47.07972], [18.33204, 47.08027], [18.33729, 47.08297], [18.33917, 47.08242], [18.34117, 47.08241], [18.34641, 47.08398], [18.34837, 47.08637], [18.34853, 47.08774], [18.34807, 47.08883], [18.35278, 47.09289], [18.3545, 47.09343], [18.35857, 47.09078], [18.35636, 47.08932], [18.33969, 47.08026], [18.32804, 47.07812]]], [[[18.35581, 47.0928], [18.35468, 47.09356], [18.35715, 47.09582], [18.35764, 47.09749], [18.35692, 47.09913], [18.35484, 47.10095], [18.35511, 47.10137], [18.35791, 47.10031], [18.36077, 47.10094], [18.36233, 47.10239], [18.3627, 47.10337], [18.36236, 47.10435], [18.36083, 47.10575], [18.36333, 47.10562], [18.36561, 47.10631], [18.36718, 47.10741], [18.37004, 47.11071], [18.37337, 47.10796], [18.37346, 47.10665], [18.37429, 47.1054], [18.37665, 47.10406], [18.37086, 47.09892], [18.36135, 47.09263], [18.36193, 47.09349], [18.36113, 47.09271], [18.35766, 47.09519], [18.35721, 47.0946], [18.36061, 47.09214], [18.35875, 47.0909], [18.35581, 47.0928]]], [[[18.39897, 47.14618], [18.40242, 47.14563], [18.40378, 47.14429], [18.40361, 47.14238], [18.40432, 47.14093], [18.40389, 47.13913], [18.40498, 47.13675], [18.405, 47.13442], [18.406, 47.13275], [18.40201, 47.12814], [18.39983, 47.12959], [18.39676, 47.1282], [18.39505, 47.13016], [18.39479, 47.13085], [18.39673, 47.13214], [18.39484, 47.13377], [18.39619, 47.13433], [18.39629, 47.13489], [18.39329, 47.13882], [18.39102, 47.14091], [18.39183, 47.14184], [18.3942, 47.14124], [18.3962, 47.14182], [18.3969, 47.14262], [18.39689, 47.14374], [18.39618, 47.14454], [18.39471, 47.14517], [18.39653, 47.14639], [18.39897, 47.14618]], [[18.40215, 47.13912], [18.40278, 47.1393], [18.40254, 47.13964], [18.4019, 47.13942], [18.40215, 47.13912]], [[18.39864, 47.14494], [18.39909, 47.14509], [18.39853, 47.14587], [18.39807, 47.14572], [18.39864, 47.14494]]], [[[18.3897, 47.13743], [18.39151, 47.13606], [18.39137, 47.13554], [18.39264, 47.13506], [18.39289, 47.13447], [18.39241, 47.13414], [18.39408, 47.13178], [18.39077, 47.12992], [18.38727, 47.13223], [18.38825, 47.13416], [18.3884, 47.13593], [18.38793, 47.13732], [18.38896, 47.13852], [18.3897, 47.13743]]], [[[18.39519, 47.12516], [18.3951, 47.12653], [18.39404, 47.12795], [18.39572, 47.12867], [18.39867, 47.12555], [18.39866, 47.12509], [18.39784, 47.12431], [18.39512, 47.1249], [18.39519, 47.12516]]], [[[18.37272, 47.16454], [18.37189, 47.1648], [18.37094, 47.16683], [18.36915, 47.1679], [18.37512, 47.16866], [18.37329, 47.16453], [18.37272, 47.16454]]], [[[18.33345, 47.16705], [18.33369, 47.16517], [18.33457, 47.16397], [18.33411, 47.16346], [18.33359, 47.16359], [18.33228, 47.16579], [18.32913, 47.16745], [18.3335, 47.16729], [18.33345, 47.16705]]], [[[18.19136, 47.19118], [18.19271, 47.19193], [18.19555, 47.19194], [18.19576, 47.19153], [18.19332, 47.1917], [18.19294, 47.18979], [18.19136, 47.19118]]], [[[18.35689, 47.31181], [18.35444, 47.31015], [18.35316, 47.30831], [18.35252, 47.30872], [18.35005, 47.30846], [18.34925, 47.30911], [18.35028, 47.30964], [18.34673, 47.30863], [18.34654, 47.30777], [18.34757, 47.30631], [18.34997, 47.30714], [18.35176, 47.30536], [18.35455, 47.30639], [18.35747, 47.30361], [18.36016, 47.30529], [18.36209, 47.30428], [18.3658, 47.30664], [18.37308, 47.30229], [18.37565, 47.29989], [18.37654, 47.30047], [18.3898, 47.28912], [18.40151, 47.27677], [18.41139, 47.26371], [18.41257, 47.26168], [18.41176, 47.26181], [18.41279, 47.26129], [18.41359, 47.25991], [18.41321, 47.25949], [18.41372, 47.25969], [18.4163, 47.25526], [18.41259, 47.22377], [18.40904, 47.22395], [18.40961, 47.22269], [18.40965, 47.22044], [18.41097, 47.21991], [18.40736, 47.21945], [18.40517, 47.21863], [18.4036, 47.2173], [18.40302, 47.21538], [18.39988, 47.21426], [18.39847, 47.21587], [18.39684, 47.21693], [18.39882, 47.21821], [18.3996, 47.21983], [18.39917, 47.22152], [18.39781, 47.22293], [18.39622, 47.22377], [18.39378, 47.22414], [18.39183, 47.22383], [18.38891, 47.22272], [18.38711, 47.22437], [18.38416, 47.22506], [18.38247, 47.22661], [18.38468, 47.22777], [18.38606, 47.22948], [18.38621, 47.23118], [18.38546, 47.23245], [18.38212, 47.23435], [18.37911, 47.23464], [18.37681, 47.23406], [18.3751, 47.23507], [18.37281, 47.23548], [18.36696, 47.24016], [18.36668, 47.24228], [18.36466, 47.24391], [18.36903, 47.24672], [18.36964, 47.24803], [18.36949, 47.24933], [18.37453, 47.25262], [18.37365, 47.25275], [18.36936, 47.24961], [18.37049, 47.25211], [18.36941, 47.25444], [18.37259, 47.25369], [18.37441, 47.25389], [18.37014, 47.25677], [18.37035, 47.25853], [18.3733, 47.25661], [18.37621, 47.25615], [18.38145, 47.25701], [18.38304, 47.25792], [18.38396, 47.25914], [18.38413, 47.2605], [18.38353, 47.26178], [18.38391, 47.26442], [18.38558, 47.26529], [18.38389, 47.26456], [18.38262, 47.26666], [18.37953, 47.26783], [18.377, 47.26767], [18.37486, 47.26671], [18.37405, 47.26805], [18.37258, 47.2687], [18.37057, 47.27335], [18.3705, 47.27388], [18.37135, 47.27433], [18.37244, 47.27352], [18.37849, 47.27734], [18.3776, 47.27807], [18.37657, 47.2773], [18.37681, 47.27681], [18.37393, 47.27503], [18.37158, 47.27532], [18.37018, 47.27457], [18.36904, 47.27523], [18.36905, 47.27572], [18.36687, 47.27667], [18.36657, 47.27707], [18.36761, 47.27735], [18.36697, 47.27763], [18.36415, 47.27769], [18.36362, 47.27731], [18.35958, 47.28164], [18.36019, 47.28081], [18.35994, 47.2798], [18.35802, 47.27885], [18.35502, 47.27856], [18.35322, 47.27759], [18.35046, 47.28037], [18.36372, 47.28236], [18.36387, 47.28212], [18.36825, 47.283], [18.36831, 47.28325], [18.34441, 47.27958], [18.33741, 47.2849], [18.33778, 47.28528], [18.33812, 47.28495], [18.33788, 47.2854], [18.33877, 47.28712], [18.34104, 47.28576], [18.34193, 47.28601], [18.3409, 47.28598], [18.33896, 47.2873], [18.33845, 47.28714], [18.3394, 47.28781], [18.34007, 47.28752], [18.33934, 47.28796], [18.33843, 47.2874], [18.33837, 47.28772], [18.34005, 47.28951], [18.33999, 47.29155], [18.33449, 47.29684], [18.3362, 47.29757], [18.33756, 47.299], [18.33784, 47.30041], [18.33732, 47.30173], [18.33528, 47.30322], [18.33269, 47.30371], [18.3298, 47.30318], [18.32803, 47.30193], [18.32662, 47.30517], [18.32553, 47.30614], [18.32383, 47.30683], [18.32037, 47.30688], [18.31575, 47.30482], [18.31359, 47.30286], [18.31351, 47.30066], [18.30291, 47.29535], [18.29547, 47.30429], [18.28856, 47.31439], [18.29157, 47.31598], [18.29287, 47.3174], [18.29322, 47.31889], [18.29252, 47.32079], [18.29343, 47.32222], [18.29341, 47.32355], [18.30116, 47.32486], [18.29865, 47.32326], [18.2979, 47.32229], [18.29837, 47.3218], [18.29737, 47.32155], [18.29696, 47.32064], [18.29728, 47.31936], [18.29767, 47.31906], [18.29729, 47.32105], [18.29883, 47.32151], [18.29964, 47.32026], [18.30112, 47.31906], [18.30244, 47.31986], [18.30318, 47.31938], [18.3026, 47.3186], [18.30411, 47.3176], [18.30369, 47.31741], [18.30383, 47.31639], [18.3045, 47.31556], [18.30541, 47.31576], [18.30791, 47.31483], [18.30998, 47.31485], [18.31036, 47.31516], [18.31184, 47.31438], [18.31286, 47.31442], [18.31314, 47.31484], [18.30822, 47.31801], [18.30664, 47.31794], [18.30557, 47.31847], [18.30367, 47.31819], [18.30289, 47.31863], [18.30342, 47.31947], [18.30256, 47.32], [18.30136, 47.31942], [18.30059, 47.31978], [18.29991, 47.32031], [18.3004, 47.32046], [18.30023, 47.32103], [18.29972, 47.32105], [18.2992, 47.322], [18.30037, 47.32221], [18.30065, 47.32269], [18.30012, 47.3232], [18.30113, 47.32403], [18.30421, 47.32137], [18.30755, 47.32381], [18.309, 47.32417], [18.31299, 47.32203], [18.31308, 47.3246], [18.31182, 47.32587], [18.31016, 47.32591], [18.30861, 47.32543], [18.3062, 47.32565], [18.31098, 47.32693], [18.31297, 47.32793], [18.31917, 47.32846], [18.32084, 47.32935], [18.32234, 47.33077], [18.32704, 47.329], [18.34483, 47.32066], [18.3585, 47.31279], [18.35689, 47.31181]], [[18.30084, 47.30404], [18.30137, 47.30408], [18.30064, 47.30488], [18.29885, 47.30495], [18.29808, 47.3045], [18.29841, 47.30406], [18.29752, 47.3034], [18.29853, 47.30267], [18.30084, 47.30404]], [[18.37457, 47.24545], [18.37583, 47.24462], [18.37354, 47.24677], [18.37308, 47.24651], [18.37457, 47.24545]], [[18.37479, 47.27743], [18.37364, 47.27839], [18.36986, 47.27604], [18.37189, 47.27588], [18.37479, 47.27743]], [[18.36304, 47.30082], [18.36534, 47.30228], [18.36485, 47.30259], [18.36245, 47.30113], [18.36304, 47.30082]], [[18.3626, 47.30422], [18.36216, 47.30425], [18.36392, 47.3032], [18.36366, 47.30364], [18.3626, 47.30422]], [[18.32392, 47.31206], [18.32233, 47.31316], [18.32447, 47.30952], [18.32494, 47.30945], [18.32564, 47.30994], [18.3272, 47.30868], [18.32392, 47.31206]], [[18.39622, 47.27207], [18.39637, 47.27233], [18.3946, 47.27133], [18.39482, 47.27114], [18.39622, 47.27207]], [[18.38493, 47.27223], [18.38342, 47.27338], [18.38341, 47.27235], [18.38158, 47.27127], [18.38353, 47.2723], [18.38493, 47.27223]], [[18.38139, 47.27499], [18.38128, 47.2751], [18.37552, 47.27147], [18.38139, 47.27499]], [[18.40038, 47.26979], [18.40078, 47.26942], [18.39746, 47.26768], [18.39397, 47.27038], [18.39436, 47.27086], [18.39403, 47.2709], [18.38662, 47.26591], [18.39367, 47.2704], [18.3977, 47.26735], [18.40125, 47.26933], [18.39317, 47.27532], [18.38922, 47.27758], [18.37524, 47.28421], [18.36889, 47.28327], [18.3749, 47.28396], [18.37667, 47.28315], [18.37417, 47.28136], [18.37674, 47.28305], [18.38467, 47.27933], [18.38027, 47.27638], [18.38482, 47.27927], [18.39027, 47.2766], [18.38467, 47.27284], [18.39046, 47.27652], [18.39442, 47.27397], [18.39112, 47.27186], [18.39132, 47.27166], [18.39472, 47.27378], [18.40038, 47.26979]], [[18.38266, 47.27453], [18.38775, 47.27778], [18.38258, 47.27458], [18.38266, 47.27453]], [[18.40713, 47.2554], [18.40663, 47.25567], [18.40631, 47.25551], [18.40697, 47.25508], [18.40713, 47.2554]], [[18.41013, 47.25803], [18.40992, 47.25796], [18.40769, 47.25674], [18.41218, 47.2591], [18.41013, 47.25803]], [[18.41278, 47.25941], [18.41219, 47.26009], [18.41203, 47.26015], [18.41324, 47.25871], [18.41278, 47.25941]]], [[[18.3053, 47.32542], [18.30262, 47.32415], [18.30172, 47.32495], [18.30565, 47.32556], [18.3053, 47.32542]]], [[[18.33403, 47.28116], [18.33497, 47.28334], [18.33728, 47.28478], [18.34363, 47.27971], [18.34174, 47.2792], [18.34025, 47.27955], [18.33854, 47.27635], [18.33771, 47.27325], [18.33826, 47.27285], [18.33726, 47.27169], [18.33672, 47.27199], [18.33541, 47.27138], [18.33511, 47.27736], [18.33403, 47.28116]]], [[[18.38881, 47.11713], [18.38845, 47.11744], [18.3889, 47.11948], [18.38768, 47.12169], [18.38946, 47.12186], [18.39101, 47.11986], [18.39161, 47.11968], [18.39377, 47.12096], [18.39345, 47.12121], [18.39447, 47.12102], [18.3897, 47.11632], [18.38881, 47.11713]], [[18.39106, 47.11939], [18.3907, 47.11976], [18.39024, 47.11956], [18.3906, 47.11919], [18.39106, 47.11939]]], [[[18.3191, 47.28027], [18.31468, 47.28419], [18.31785, 47.28411], [18.32108, 47.28521], [18.32204, 47.28324], [18.32418, 47.28204], [18.32534, 47.28067], [18.32698, 47.27988], [18.32855, 47.27959], [18.32946, 47.27699], [18.32975, 47.27127], [18.32666, 47.27418], [18.32518, 47.2762], [18.32172, 47.27721], [18.32063, 47.27925], [18.32098, 47.27845], [18.3191, 47.28027]]], [[[18.32258, 47.27596], [18.32503, 47.27388], [18.32265, 47.27611], [18.32315, 47.27633], [18.32512, 47.27599], [18.32657, 47.27401], [18.32976, 47.27103], [18.32984, 47.26932], [18.32728, 47.27036], [18.32544, 47.27158], [18.3223, 47.27606], [18.32258, 47.27596]]], [[[18.31284, 47.29553], [18.31283, 47.29514], [18.31089, 47.29373], [18.31018, 47.29223], [18.30977, 47.28989], [18.31064, 47.2877], [18.30581, 47.29201], [18.31284, 47.29553]]], [[[18.32634, 47.2308], [18.32763, 47.23191], [18.33857, 47.22652], [18.33525, 47.22394], [18.3356, 47.22231], [18.33825, 47.22071], [18.33679, 47.21972], [18.33564, 47.21956], [18.3358, 47.21912], [18.33295, 47.22095], [18.32958, 47.2194], [18.33015, 47.21899], [18.32529, 47.21888], [18.32158, 47.21745], [18.31705, 47.21681], [18.31478, 47.21764], [18.3122, 47.21767], [18.31008, 47.21701], [18.30836, 47.21571], [18.29858, 47.21476], [18.29796, 47.21606], [18.30152, 47.21832], [18.3024, 47.22017], [18.30443, 47.22086], [18.30642, 47.22057], [18.30804, 47.22092], [18.3174, 47.22561], [18.32634, 47.2308]]], [[[18.34335, 47.21806], [18.34101, 47.21922], [18.33797, 47.21941], [18.33966, 47.22011], [18.34208, 47.22033], [18.3444, 47.22177], [18.34567, 47.22009], [18.34526, 47.21838], [18.34495, 47.21758], [18.34335, 47.21806]]], [[[18.33032, 47.21042], [18.33133, 47.21052], [18.33128, 47.20961], [18.33037, 47.20982], [18.33032, 47.21042]]], [[[18.30083, 47.22398], [18.29605, 47.22807], [18.29703, 47.22906], [18.30236, 47.22447], [18.30083, 47.22398]]], [[[18.29131, 47.214], [18.29013, 47.21378], [18.29154, 47.21444], [18.2929, 47.2142], [18.29131, 47.214]]], [[[18.30005, 47.23243], [18.30132, 47.23355], [18.3022, 47.23284], [18.30459, 47.23394], [18.30581, 47.23498], [18.30731, 47.23486], [18.30929, 47.23547], [18.31063, 47.23664], [18.31608, 47.23675], [18.3224, 47.23378], [18.32159, 47.2329], [18.30803, 47.22582], [18.30005, 47.23243]]], [[[18.35836, 47.14749], [18.35598, 47.14855], [18.35373, 47.15168], [18.35467, 47.1529], [18.35379, 47.15486], [18.35425, 47.15658], [18.35538, 47.15701], [18.35733, 47.15641], [18.35933, 47.1564], [18.36347, 47.15766], [18.36856, 47.15124], [18.35836, 47.14749]]], [[[18.34778, 47.16051], [18.34811, 47.15953], [18.34996, 47.1577], [18.35203, 47.15668], [18.35207, 47.15595], [18.34945, 47.15728], [18.347, 47.16057], [18.34729, 47.16193], [18.34783, 47.1623], [18.34778, 47.16051]]], [[[18.35901, 47.12674], [18.35841, 47.12505], [18.35653, 47.12415], [18.35413, 47.12405], [18.35049, 47.123], [18.34801, 47.12323], [18.34737, 47.12511], [18.34938, 47.12619], [18.35039, 47.12775], [18.35034, 47.12912], [18.3496, 47.13031], [18.35185, 47.13091], [18.35502, 47.13258], [18.35925, 47.12701], [18.35901, 47.12674]]], [[[18.36037, 47.13401], [18.36091, 47.13347], [18.36108, 47.13291], [18.36026, 47.13404], [18.36037, 47.13401]]], [[[18.38283, 47.13956], [18.37991, 47.13908], [18.37777, 47.1376], [18.37583, 47.13717], [18.37201, 47.14039], [18.37104, 47.14018], [18.3745, 47.13516], [18.37594, 47.13558], [18.37713, 47.1343], [18.37281, 47.13069], [18.3702, 47.12983], [18.36672, 47.13636], [18.3621, 47.14019], [18.35971, 47.14341], [18.37409, 47.14874], [18.37617, 47.14611], [18.36934, 47.14386], [18.3763, 47.14594], [18.37931, 47.14215], [18.3856, 47.14375], [18.3876, 47.14553], [18.38637, 47.14713], [18.3896, 47.14696], [18.38329, 47.13955], [18.38283, 47.13956]]], [[[18.25223, 47.12315], [18.24813, 47.12], [18.25795, 47.11168], [18.25413, 47.11141], [18.25241, 47.11085], [18.25048, 47.11209], [18.24897, 47.11535], [18.24521, 47.11997], [18.24331, 47.12311], [18.24472, 47.1243], [18.24602, 47.12718], [18.2474, 47.12807], [18.24822, 47.12917], [18.24975, 47.12969], [18.25281, 47.12372], [18.25223, 47.12315]]], [[[18.23445, 47.11674], [18.23479, 47.11672], [18.23491, 47.11765], [18.23554, 47.11618], [18.23788, 47.11327], [18.23735, 47.11304], [18.23612, 47.11286], [18.23588, 47.1144], [18.23518, 47.11487], [18.23595, 47.11538], [18.23512, 47.11572], [18.23478, 47.11663], [18.23294, 47.11646], [18.23293, 47.11615], [18.23223, 47.11606], [18.23193, 47.11665], [18.23268, 47.1171], [18.2325, 47.11788], [18.23363, 47.11798], [18.23445, 47.11674]]], [[[18.23143, 47.1106], [18.23266, 47.10929], [18.23247, 47.10368], [18.23346, 47.10118], [18.23347, 47.09944], [18.22969, 47.10195], [18.22815, 47.10204], [18.22597, 47.10137], [18.22436, 47.10403], [18.2247, 47.10443], [18.22611, 47.10366], [18.2257, 47.10482], [18.22405, 47.10433], [18.22325, 47.10559], [18.2232, 47.10665], [18.22503, 47.1071], [18.22621, 47.10507], [18.22689, 47.10524], [18.22608, 47.10745], [18.22838, 47.10833], [18.22788, 47.10931], [18.23143, 47.1106]]], [[[18.23397, 47.09732], [18.23384, 47.09726], [18.23391, 47.09744], [18.23397, 47.09732]]], [[[18.25324, 47.12412], [18.25259, 47.12614], [18.25479, 47.12511], [18.25709, 47.12491], [18.25694, 47.12438], [18.25423, 47.12282], [18.25324, 47.12412]]], [[[18.20443, 47.11882], [18.20532, 47.11458], [18.20352, 47.1143], [18.20091, 47.1204], [18.20128, 47.12086], [18.20093, 47.12232], [18.20401, 47.12297], [18.20501, 47.1212], [18.20419, 47.12005], [18.20443, 47.11882]], [[18.20255, 47.12246], [18.20265, 47.12158], [18.20333, 47.1217], [18.20303, 47.12253], [18.20255, 47.12246]]], [[[18.20409, 47.12338], [18.2005, 47.12254], [18.20046, 47.12331], [18.20264, 47.12613], [18.20409, 47.12338]]], [[[18.2128, 47.09239], [18.21344, 47.09119], [18.21128, 47.09075], [18.21062, 47.09268], [18.21209, 47.09344], [18.2128, 47.09239]]], [[[18.20979, 47.09534], [18.20924, 47.0977], [18.20716, 47.10232], [18.20943, 47.10291], [18.21119, 47.09634], [18.20982, 47.09591], [18.2112, 47.09612], [18.21174, 47.09478], [18.21075, 47.09472], [18.21025, 47.0943], [18.20979, 47.09534]]], [[[18.19023, 47.12059], [18.19157, 47.11607], [18.19195, 47.11612], [18.19059, 47.12072], [18.19841, 47.12225], [18.19926, 47.11543], [18.19639, 47.10964], [18.18785, 47.10858], [18.18438, 47.11879], [18.19023, 47.12059]]], [[[18.19899, 47.11336], [18.19933, 47.11486], [18.19971, 47.11491], [18.19945, 47.11327], [18.19899, 47.11336]]], [[[18.19986, 47.12212], [18.19989, 47.1202], [18.19962, 47.12007], [18.19956, 47.12226], [18.2002, 47.12291], [18.20042, 47.1224], [18.19986, 47.12212]]], [[[18.25107, 47.12851], [18.25114, 47.1283], [18.24995, 47.12967], [18.25017, 47.12992], [18.25107, 47.12851]]], [[[18.28288, 47.13133], [18.2847, 47.12983], [18.28754, 47.12533], [18.28361, 47.12244], [18.28069, 47.12872], [18.27671, 47.13268], [18.28094, 47.13265], [18.28288, 47.13133]]], [[[18.2102, 47.17174], [18.21016, 47.17174], [18.21018, 47.17174], [18.2102, 47.17174]]], [[[18.31702, 47.10611], [18.3166, 47.10618], [18.31975, 47.10645], [18.32031, 47.10481], [18.32072, 47.10489], [18.32028, 47.10688], [18.32441, 47.10715], [18.32513, 47.10684], [18.32548, 47.10576], [18.32671, 47.10561], [18.32748, 47.10672], [18.32867, 47.1069], [18.33032, 47.10617], [18.33034, 47.10566], [18.33241, 47.10554], [18.33045, 47.10284], [18.33113, 47.10145], [18.32841, 47.10179], [18.32491, 47.10151], [18.32453, 47.10018], [18.323, 47.09973], [18.32061, 47.09796], [18.31824, 47.09743], [18.31784, 47.09793], [18.31987, 47.0985], [18.32152, 47.09973], [18.32228, 47.10204], [18.3208, 47.10412], [18.31878, 47.10546], [18.31702, 47.10611]]], [[[18.32649, 47.09979], [18.32644, 47.09979], [18.32629, 47.10024], [18.32685, 47.09997], [18.32649, 47.09979]]], [[[18.32927, 47.10055], [18.32903, 47.10073], [18.33119, 47.10116], [18.33168, 47.1003], [18.32927, 47.10055]]], [[[18.33263, 47.09995], [18.33152, 47.10261], [18.33488, 47.10567], [18.33619, 47.10519], [18.33263, 47.09995]]], [[[18.3343, 47.10602], [18.33441, 47.10559], [18.33323, 47.1058], [18.33364, 47.10655], [18.3343, 47.10602]]], [[[18.33311, 47.1071], [18.33317, 47.10638], [18.33285, 47.10651], [18.33263, 47.10607], [18.33066, 47.10654], [18.3323, 47.10662], [18.33311, 47.1071]]], [[[18.3327, 47.10777], [18.3328, 47.10757], [18.33239, 47.10799], [18.33262, 47.108], [18.3327, 47.10777]]], [[[18.33252, 47.10841], [18.33257, 47.10818], [18.33223, 47.10839], [18.33221, 47.10863], [18.33252, 47.10841]]], [[[18.3243, 47.13769], [18.32547, 47.13735], [18.32418, 47.13579], [18.32196, 47.1367], [18.32278, 47.13791], [18.3243, 47.13769]]], [[[18.32243, 47.13376], [18.32329, 47.13434], [18.32282, 47.13372], [18.32243, 47.13376]]], [[[18.29329, 47.2096], [18.29298, 47.20949], [18.29296, 47.20952], [18.29329, 47.2096]]], [[[18.31652, 47.20376], [18.31629, 47.20409], [18.31661, 47.20423], [18.317, 47.204], [18.31652, 47.20376]]], [[[18.3227, 47.1794], [18.32274, 47.17949], [18.32297, 47.17941], [18.32291, 47.17932], [18.3227, 47.1794]]], [[[18.32671, 47.17813], [18.32687, 47.17808], [18.32681, 47.17806], [18.32671, 47.17813]]], [[[18.28848, 47.14343], [18.28892, 47.1433], [18.28886, 47.14277], [18.2897, 47.14315], [18.29294, 47.14343], [18.29374, 47.14217], [18.28874, 47.14091], [18.28707, 47.1417], [18.28586, 47.14246], [18.2851, 47.14384], [18.28231, 47.14648], [18.28197, 47.14761], [18.28294, 47.14894], [18.2854, 47.14739], [18.28619, 47.14485], [18.28848, 47.14343]]], [[[18.28209, 47.14971], [18.28271, 47.14912], [18.28131, 47.14694], [18.27887, 47.14732], [18.27684, 47.147], [18.27978, 47.14915], [18.28078, 47.15051], [18.28209, 47.14971]]], [[[18.34182, 47.26663], [18.34788, 47.26956], [18.35177, 47.26729], [18.35423, 47.26435], [18.35418, 47.26371], [18.35152, 47.26372], [18.34899, 47.26269], [18.3455, 47.26596], [18.34368, 47.26655], [18.34182, 47.26663]]], [[[18.35548, 47.26333], [18.35591, 47.26472], [18.35913, 47.26193], [18.35687, 47.26451], [18.35032, 47.27046], [18.35281, 47.26733], [18.35222, 47.26723], [18.34858, 47.26996], [18.3542, 47.27243], [18.35656, 47.27174], [18.35696, 47.27132], [18.35862, 47.27181], [18.36271, 47.26754], [18.36357, 47.26877], [18.36209, 47.26853], [18.35963, 47.27109], [18.36578, 47.27428], [18.3595, 47.27121], [18.35888, 47.27186], [18.36163, 47.27323], [18.36247, 47.27463], [18.36223, 47.27642], [18.36362, 47.27712], [18.36815, 47.27235], [18.36985, 47.26965], [18.373, 47.26698], [18.373, 47.26616], [18.37151, 47.26555], [18.37183, 47.26484], [18.36941, 47.26191], [18.36937, 47.2602], [18.37026, 47.2589], [18.36961, 47.25701], [18.36858, 47.25593], [18.36631, 47.25723], [18.36378, 47.2575], [18.3607, 47.25981], [18.35792, 47.26083], [18.35723, 47.26214], [18.35548, 47.26333]], [[18.36555, 47.26064], [18.36553, 47.26143], [18.36427, 47.26152], [18.36672, 47.25906], [18.36555, 47.26064]]], [[[18.30306, 47.23388], [18.30207, 47.23333], [18.30177, 47.23359], [18.30239, 47.23369], [18.30306, 47.23388]]], [[[18.31286, 47.27342], [18.31272, 47.27344], [18.31273, 47.27354], [18.31277, 47.2735], [18.31286, 47.27342]]], [[[18.32701, 47.3], [18.32737, 47.30041], [18.32743, 47.29953], [18.32683, 47.29977], [18.32701, 47.3]]], [[[18.36246, 47.19177], [18.36259, 47.19187], [18.36259, 47.19177], [18.36246, 47.19177]]], [[[18.33627, 47.21912], [18.33601, 47.21905], [18.3359, 47.21909], [18.33627, 47.21912]]], [[[18.34987, 47.27259], [18.34999, 47.27429], [18.34919, 47.27558], [18.35292, 47.27746], [18.35209, 47.27491], [18.3526, 47.27378], [18.35397, 47.27255], [18.35013, 47.27065], [18.34305, 47.26879], [18.34174, 47.26997], [18.34241, 47.27047], [18.34436, 47.27007], [18.34683, 47.27032], [18.34858, 47.27112], [18.34987, 47.27259]]], [[[18.35821, 47.27884], [18.35999, 47.27971], [18.36138, 47.27954], [18.36352, 47.27727], [18.36214, 47.27659], [18.36047, 47.27814], [18.35821, 47.27884]]], [[[18.37427, 47.26622], [18.37381, 47.26608], [18.37374, 47.26605], [18.3737, 47.26617], [18.3744, 47.26631], [18.37427, 47.26622]]], [[[18.2509, 47.34844], [18.25182, 47.3473], [18.25088, 47.34707], [18.25043, 47.34841], [18.2509, 47.34844]]]]}, "properties": {"kind": "windland", "area_km2": 228.96}}, {"type": "Feature", "geometry": {"type": "MultiPolygon", "coordinates": [[[[18.14403, 47.14704], [18.14357, 47.14669], [18.14348, 47.14844], [18.1446, 47.14856], [18.14452, 47.1478], [18.14403, 47.14704]]], [[[18.12995, 47.15472], [18.1298, 47.15751], [18.13114, 47.15772], [18.1315, 47.15694], [18.13195, 47.15725], [18.13248, 47.15705], [18.1321, 47.15662], [18.13493, 47.15515], [18.13497, 47.15485], [18.12995, 47.15472]]], [[[18.13139, 47.15797], [18.1317, 47.15798], [18.13197, 47.15807], [18.13194, 47.15789], [18.1312, 47.15787], [18.13103, 47.15802], [18.13139, 47.15797]]], [[[18.147, 47.15919], [18.14869, 47.15906], [18.14847, 47.15876], [18.14555, 47.15897], [18.14528, 47.15946], [18.14699, 47.15933], [18.147, 47.15919]]], [[[18.14376, 47.15953], [18.14415, 47.1596], [18.14384, 47.15926], [18.14341, 47.1594], [18.14376, 47.15953]]], [[[18.13113, 47.15909], [18.13071, 47.15891], [18.13081, 47.15951], [18.13132, 47.15948], [18.13113, 47.15909]]], [[[18.1348, 47.15996], [18.13927, 47.15977], [18.13895, 47.1599], [18.14027, 47.15956], [18.14051, 47.15934], [18.13866, 47.15947], [18.13814, 47.15966], [18.13743, 47.15956], [18.13309, 47.15987], [18.13305, 47.15995], [18.1348, 47.15996]]], [[[18.13012, 47.15977], [18.13004, 47.15965], [18.13002, 47.15955], [18.12992, 47.15972], [18.13012, 47.15977]]], [[[18.13876, 47.15998], [18.13877, 47.15998], [18.13877, 47.15998], [18.13876, 47.15998]]], [[[18.13148, 47.16002], [18.1313, 47.16002], [18.13121, 47.16023], [18.13171, 47.16018], [18.13148, 47.16002]]], [[[18.1308, 47.16005], [18.13076, 47.16005], [18.13074, 47.16026], [18.13103, 47.16004], [18.1308, 47.16005]]], [[[18.11985, 47.16503], [18.11985, 47.16502], [18.11984, 47.16503], [18.11985, 47.16503]]], [[[18.11976, 47.1653], [18.1201, 47.16522], [18.11996, 47.16511], [18.11976, 47.1653]]], [[[18.11783, 47.16637], [18.11726, 47.16681], [18.11822, 47.16668], [18.1188, 47.16694], [18.11897, 47.16658], [18.11945, 47.16637], [18.12019, 47.16637], [18.12064, 47.16662], [18.1216, 47.16585], [18.12088, 47.16591], [18.12035, 47.16561], [18.11953, 47.16569], [18.11859, 47.16583], [18.11783, 47.16637]]], [[[18.11895, 47.1673], [18.11894, 47.16732], [18.11899, 47.16732], [18.11894, 47.16727], [18.11895, 47.1673]]], [[[18.11619, 47.16735], [18.11622, 47.16727], [18.11605, 47.16765], [18.11619, 47.16763], [18.11619, 47.16735]]], [[[18.14503, 47.17179], [18.14596, 47.172], [18.14615, 47.17139], [18.14696, 47.17118], [18.14822, 47.16947], [18.14837, 47.16847], [18.14992, 47.16794], [18.15049, 47.1665], [18.14966, 47.16611], [18.14802, 47.1665], [18.14754, 47.16498], [18.14883, 47.16378], [18.15121, 47.16365], [18.15181, 47.1622], [18.15045, 47.1615], [18.14887, 47.1611], [18.14844, 47.16113], [18.14717, 47.16232], [18.1451, 47.16591], [18.14346, 47.168], [18.14265, 47.16772], [18.14227, 47.16783], [18.1418, 47.16909], [18.14247, 47.16957], [18.142, 47.17016], [18.14273, 47.17012], [18.14285, 47.17189], [18.14042, 47.17216], [18.13784, 47.17414], [18.13597, 47.17698], [18.13837, 47.17747], [18.13988, 47.17842], [18.14055, 47.17937], [18.14093, 47.17871], [18.14198, 47.17832], [18.14259, 47.17845], [18.14284, 47.17803], [18.14353, 47.17772], [18.1444, 47.17766], [18.1453, 47.1779], [18.14582, 47.17738], [18.14668, 47.17729], [18.14688, 47.17718], [18.14653, 47.17664], [18.14796, 47.1757], [18.14761, 47.17556], [18.14752, 47.1752], [18.14682, 47.17503], [18.14629, 47.17575], [18.1433, 47.17625], [18.14292, 47.17658], [18.14119, 47.17689], [18.14086, 47.17679], [18.14033, 47.17612], [18.13931, 47.17595], [18.13953, 47.17635], [18.13891, 47.17715], [18.13838, 47.17723], [18.13784, 47.17698], [18.13787, 47.17626], [18.13861, 47.17577], [18.1382, 47.17524], [18.13866, 47.17477], [18.13924, 47.17475], [18.13951, 47.17494], [18.14024, 47.17487], [18.14077, 47.17518], [18.1414, 47.17499], [18.14218, 47.17524], [18.14266, 47.1748], [18.14335, 47.1749], [18.14346, 47.1746], [18.1426, 47.17471], [18.14192, 47.17451], [18.14155, 47.17271], [18.1425, 47.1723], [18.14324, 47.17233], [18.14503, 47.17179]]], [[[18.12759, 47.1675], [18.12696, 47.16736], [18.12798, 47.16809], [18.1289, 47.16915], [18.12931, 47.16844], [18.12904, 47.1681], [18.12759, 47.1675]]], [[[18.11646, 47.16907], [18.11732, 47.16886], [18.11741, 47.16818], [18.11602, 47.16831], [18.11596, 47.16929], [18.11646, 47.16907]]], [[[18.12812, 47.16958], [18.12836, 47.16957], [18.12771, 47.16893], [18.12733, 47.16904], [18.1277, 47.16972], [18.12812, 47.16958]]], [[[18.138, 47.17093], [18.13881, 47.1699], [18.13874, 47.16944], [18.13677, 47.1706], [18.13668, 47.17111], [18.137, 47.17167], [18.138, 47.17093]]], [[[18.131, 47.17092], [18.13097, 47.17076], [18.13086, 47.17077], [18.131, 47.17092]]], [[[18.13908, 47.17186], [18.1401, 47.17053], [18.13963, 47.17034], [18.13831, 47.17155], [18.13908, 47.17186]]], [[[18.13746, 47.17231], [18.13688, 47.17296], [18.13746, 47.17337], [18.13893, 47.17202], [18.13806, 47.17174], [18.13746, 47.17231]]], [[[18.13916, 47.17577], [18.13903, 47.1758], [18.13926, 47.17591], [18.13919, 47.17583], [18.13916, 47.17577]]], [[[18.12486, 47.18114], [18.12517, 47.18214], [18.12295, 47.18216], [18.12287, 47.18267], [18.1214, 47.18288], [18.12107, 47.18341], [18.11751, 47.18244], [18.12128, 47.18358], [18.12291, 47.18383], [18.12462, 47.18376], [18.12527, 47.18391], [18.12643, 47.18309], [18.12566, 47.18045], [18.12501, 47.17996], [18.12467, 47.18014], [18.12486, 47.18114]]], [[[18.11637, 47.18222], [18.11626, 47.18201], [18.1153, 47.18158], [18.11528, 47.18197], [18.11652, 47.18242], [18.11637, 47.18222]]], [[[18.13031, 47.18268], [18.1311, 47.18262], [18.13018, 47.18234], [18.12926, 47.18265], [18.12914, 47.18285], [18.13031, 47.18268]]], [[[18.11527, 47.18272], [18.11523, 47.18285], [18.11538, 47.18284], [18.11527, 47.18272]]], [[[18.11845, 47.18377], [18.11836, 47.18374], [18.11849, 47.1839], [18.11845, 47.18377]]], [[[18.13159, 47.18459], [18.13166, 47.18415], [18.13298, 47.18389], [18.13293, 47.18359], [18.13108, 47.18334], [18.12907, 47.18356], [18.13041, 47.1845], [18.13025, 47.18505], [18.13044, 47.18513], [18.1305, 47.18492], [18.13111, 47.1851], [18.1309, 47.18571], [18.13117, 47.18577], [18.13177, 47.18481], [18.13185, 47.18468], [18.13159, 47.18459]]], [[[18.12357, 47.18473], [18.12323, 47.18473], [18.12337, 47.18481], [18.12357, 47.18473]]], [[[18.12253, 47.18481], [18.12291, 47.18472], [18.12056, 47.18438], [18.12147, 47.18472], [18.12174, 47.18508], [18.12162, 47.18536], [18.12253, 47.18481]]], [[[18.13309, 47.18443], [18.13201, 47.18467], [18.13132, 47.18622], [18.13172, 47.18633], [18.13205, 47.18586], [18.13252, 47.18568], [18.13356, 47.18591], [18.1337, 47.18566], [18.13309, 47.18443]]], [[[18.11959, 47.18672], [18.12023, 47.18617], [18.11998, 47.18592], [18.12003, 47.18495], [18.11986, 47.18467], [18.11917, 47.18484], [18.11883, 47.18474], [18.11859, 47.18427], [18.11834, 47.18458], [18.11881, 47.18577], [18.11854, 47.18626], [18.11867, 47.1866], [18.11922, 47.18686], [18.11959, 47.18672]]], [[[18.12344, 47.18494], [18.12333, 47.18516], [18.12232, 47.18564], [18.12292, 47.18567], [18.12366, 47.18608], [18.1238, 47.18644], [18.12363, 47.18674], [18.1241, 47.18741], [18.12473, 47.18643], [18.12493, 47.18646], [18.12424, 47.18552], [18.12344, 47.18494]]], [[[18.12999, 47.18749], [18.13106, 47.1877], [18.13099, 47.18735], [18.13064, 47.18742], [18.13073, 47.18642], [18.13057, 47.1859], [18.13028, 47.18576], [18.12981, 47.1866], [18.13009, 47.18676], [18.12983, 47.18751], [18.12999, 47.18749]]], [[[18.11701, 47.18689], [18.11781, 47.1872], [18.11514, 47.18451], [18.11484, 47.18999], [18.11788, 47.18787], [18.11692, 47.18704], [18.11701, 47.18689]]], [[[18.12059, 47.18917], [18.11879, 47.18803], [18.12099, 47.18946], [18.12308, 47.19054], [18.12435, 47.19105], [18.12059, 47.18917]]], [[[18.11509, 47.19069], [18.11478, 47.19105], [18.11459, 47.19473], [18.11688, 47.19188], [18.11673, 47.19312], [18.11723, 47.19256], [18.11991, 47.19608], [18.11942, 47.19759], [18.11898, 47.19757], [18.11891, 47.1977], [18.12241, 47.19875], [18.12566, 47.20525], [18.12328, 47.20592], [18.12284, 47.2059], [18.11913, 47.20309], [18.11853, 47.20287], [18.12041, 47.20414], [18.12277, 47.20613], [18.12215, 47.20635], [18.11732, 47.20295], [18.11499, 47.20359], [18.11895, 47.206], [18.12028, 47.2073], [18.12001, 47.20753], [18.1238, 47.20592], [18.1275, 47.20485], [18.12702, 47.20521], [18.12167, 47.20745], [18.12214, 47.20804], [18.12299, 47.20824], [18.12814, 47.20623], [18.12918, 47.20618], [18.12951, 47.20574], [18.13055, 47.20536], [18.12994, 47.20479], [18.12909, 47.20464], [18.12855, 47.20418], [18.1258, 47.20516], [18.12262, 47.19882], [18.12303, 47.19889], [18.12302, 47.19869], [18.1203, 47.19781], [18.1216, 47.19607], [18.121, 47.19584], [18.12016, 47.19751], [18.11983, 47.19763], [18.1197, 47.19742], [18.1201, 47.19587], [18.11985, 47.19528], [18.11769, 47.19265], [18.1181, 47.19263], [18.11872, 47.19225], [18.1187, 47.19183], [18.11835, 47.19142], [18.11939, 47.19044], [18.12003, 47.1908], [18.12059, 47.19084], [18.12121, 47.19065], [18.12119, 47.19035], [18.12008, 47.18974], [18.12025, 47.18956], [18.11831, 47.18834], [18.11509, 47.19069]]], [[[18.1243, 47.19031], [18.12278, 47.18932], [18.12261, 47.18903], [18.12176, 47.1889], [18.12159, 47.18904], [18.1245, 47.19048], [18.1243, 47.19031]]], [[[18.1247, 47.19057], [18.1247, 47.19057], [18.1247, 47.19057], [18.1247, 47.19057]]], [[[18.14534, 47.19458], [18.14532, 47.19463], [18.14545, 47.19462], [18.14541, 47.19461], [18.14534, 47.19458]]], [[[18.12445, 47.19929], [18.12421, 47.19936], [18.12778, 47.20319], [18.12824, 47.2031], [18.12445, 47.19929]]], [[[18.11408, 47.20406], [18.11524, 47.2043], [18.11556, 47.20414], [18.11455, 47.20378], [18.11408, 47.20406]]], [[[18.11787, 47.20585], [18.11744, 47.20606], [18.11768, 47.20605], [18.11787, 47.20585]]], [[[18.11801, 47.20774], [18.11748, 47.20768], [18.1168, 47.20723], [18.11649, 47.20687], [18.11664, 47.20645], [18.11439, 47.20495], [18.11403, 47.20493], [18.11393, 47.20672], [18.1156, 47.20791], [18.11385, 47.20835], [18.11384, 47.20844], [18.11513, 47.20805], [18.11824, 47.20781], [18.11801, 47.20774]]], [[[18.12579, 47.20905], [18.12731, 47.20944], [18.12972, 47.21004], [18.12987, 47.20963], [18.12929, 47.2094], [18.1291, 47.20887], [18.12804, 47.20831], [18.1275, 47.20841], [18.12711, 47.20883], [18.12579, 47.20905]]], [[[18.12034, 47.20847], [18.12045, 47.20827], [18.11898, 47.21011], [18.11905, 47.2101], [18.12034, 47.20847]]], [[[18.14339, 47.20891], [18.14349, 47.20915], [18.14462, 47.20935], [18.14335, 47.20886], [18.14339, 47.20891]]], [[[18.12116, 47.20865], [18.12125, 47.2086], [18.12109, 47.20859], [18.12116, 47.20865]]], [[[18.13, 47.20971], [18.12986, 47.21007], [18.12998, 47.2101], [18.13012, 47.20976], [18.13, 47.20971]]], [[[18.13564, 47.21135], [18.13764, 47.2118], [18.13027, 47.20998], [18.1303, 47.20981], [18.13025, 47.21005], [18.13564, 47.21135]]], [[[18.13846, 47.21198], [18.13898, 47.21212], [18.13898, 47.21207], [18.13846, 47.21198]]], [[[18.11629, 47.21185], [18.11661, 47.21202], [18.11667, 47.21167], [18.11629, 47.21185]]], [[[18.13811, 47.21635], [18.13667, 47.21805], [18.13692, 47.21829], [18.1369, 47.21876], [18.13894, 47.21872], [18.14008, 47.21914], [18.14386, 47.21945], [18.1442, 47.21891], [18.14315, 47.21859], [18.14291, 47.21856], [18.1425, 47.21902], [18.14186, 47.21911], [18.14085, 47.21892], [18.14035, 47.21846], [18.14073, 47.21785], [18.14125, 47.21777], [18.14236, 47.21798], [18.14281, 47.21745], [18.14239, 47.21693], [18.14292, 47.21639], [18.14193, 47.21644], [18.14132, 47.2159], [18.14164, 47.21506], [18.14125, 47.2146], [18.14131, 47.21386], [18.14178, 47.21351], [18.14246, 47.21352], [18.14286, 47.21377], [18.14292, 47.21428], [18.14399, 47.21566], [18.14393, 47.21612], [18.14431, 47.21605], [18.14464, 47.21543], [18.1452, 47.21527], [18.14588, 47.21546], [18.14646, 47.2161], [18.14645, 47.21647], [18.14612, 47.21677], [18.14632, 47.21728], [18.1467, 47.21747], [18.14627, 47.21738], [18.14603, 47.21802], [18.14721, 47.21827], [18.1475, 47.21879], [18.14717, 47.21926], [18.14672, 47.21947], [18.14556, 47.21917], [18.14548, 47.21964], [18.14651, 47.22023], [18.14698, 47.21998], [18.14757, 47.21901], [18.14807, 47.21887], [18.14865, 47.219], [18.14934, 47.21843], [18.14977, 47.21775], [18.15061, 47.21507], [18.15036, 47.21203], [18.14923, 47.21001], [18.14859, 47.20934], [18.14656, 47.20925], [18.14367, 47.21042], [18.14221, 47.21005], [18.14162, 47.21101], [18.14158, 47.21158], [18.14085, 47.21198], [18.14062, 47.21248], [18.14065, 47.21388], [18.13978, 47.21381], [18.13875, 47.21477], [18.13811, 47.21635]], [[18.13963, 47.21673], [18.13878, 47.21666], [18.13843, 47.2162], [18.13891, 47.21529], [18.13971, 47.21503], [18.14072, 47.21534], [18.14102, 47.21576], [18.14055, 47.21642], [18.13963, 47.21673]], [[18.14918, 47.21661], [18.14922, 47.21715], [18.14862, 47.21759], [18.14801, 47.21765], [18.14741, 47.21739], [18.14736, 47.21687], [18.14798, 47.2164], [18.14868, 47.21636], [18.14918, 47.21661]]], [[[18.17693, 47.14048], [18.17785, 47.14066], [18.1782, 47.14011], [18.1789, 47.13991], [18.17924, 47.13915], [18.17981, 47.13928], [18.1795, 47.13999], [18.18213, 47.13974], [18.18167, 47.13931], [18.18105, 47.13919], [18.18042, 47.13869], [18.17985, 47.13874], [18.17926, 47.13852], [18.17903, 47.13794], [18.17859, 47.13835], [18.17808, 47.13847], [18.17723, 47.13826], [18.17684, 47.13789], [18.17046, 47.13773], [18.17693, 47.14048]]], [[[18.16096, 47.13845], [18.16293, 47.13871], [18.16545, 47.1383], [18.16855, 47.13951], [18.16712, 47.13941], [18.16564, 47.13961], [18.16356, 47.14054], [18.16233, 47.14209], [18.16218, 47.14311], [18.16246, 47.14413], [18.16349, 47.1453], [18.16518, 47.14616], [18.16489, 47.14729], [18.1651, 47.14831], [18.16665, 47.14867], [18.16654, 47.14881], [18.16682, 47.14907], [18.1666, 47.14937], [18.16615, 47.14925], [18.16566, 47.14933], [18.16703, 47.15055], [18.16934, 47.15132], [18.17098, 47.15136], [18.17312, 47.15181], [18.17493, 47.15167], [18.17525, 47.15346], [18.17482, 47.15423], [18.17467, 47.15525], [18.17533, 47.15679], [18.1751, 47.15714], [18.17789, 47.15695], [18.17904, 47.15524], [18.17908, 47.15484], [18.17951, 47.15453], [18.18036, 47.15322], [18.17983, 47.15313], [18.1795, 47.15284], [18.17938, 47.15202], [18.18006, 47.15155], [18.17913, 47.15089], [18.17912, 47.15039], [18.1746, 47.14832], [18.17352, 47.14886], [18.17222, 47.14834], [18.17193, 47.14863], [18.17102, 47.14823], [18.17007, 47.14839], [18.16957, 47.14806], [18.16926, 47.14715], [18.17055, 47.1463], [18.17152, 47.14674], [18.17179, 47.14658], [18.17216, 47.14665], [18.17232, 47.1465], [18.17197, 47.14606], [18.17216, 47.14568], [18.17303, 47.14505], [18.17379, 47.14501], [18.17438, 47.14552], [18.17497, 47.14559], [18.17631, 47.14633], [18.17626, 47.14675], [18.17521, 47.14795], [18.17945, 47.14989], [18.18091, 47.14913], [18.18127, 47.14777], [18.1818, 47.14732], [18.17872, 47.14598], [18.17845, 47.14606], [18.17428, 47.1442], [18.17452, 47.14393], [18.18195, 47.14715], [18.18289, 47.14561], [18.18275, 47.14449], [18.1814, 47.14374], [18.18053, 47.14368], [18.17616, 47.14206], [18.17673, 47.14101], [18.16889, 47.13769], [18.15891, 47.13744], [18.16096, 47.13845]], [[18.16793, 47.14251], [18.16824, 47.14304], [18.16774, 47.1435], [18.16713, 47.14351], [18.16621, 47.14313], [18.1673, 47.14218], [18.16793, 47.14251]], [[18.17187, 47.14116], [18.17159, 47.14088], [18.17143, 47.14074], [18.17204, 47.14101], [18.17196, 47.14129], [18.17187, 47.14116]]], [[[18.15012, 47.15367], [18.15155, 47.15302], [18.15234, 47.15215], [18.15261, 47.15066], [18.15222, 47.14956], [18.15126, 47.14879], [18.14995, 47.1484], [18.14802, 47.1483], [18.14653, 47.14857], [18.14611, 47.14874], [18.15033, 47.1493], [18.15048, 47.14991], [18.14983, 47.15314], [18.14608, 47.15546], [18.14652, 47.15811], [18.1481, 47.15795], [18.14854, 47.15836], [18.14897, 47.15809], [18.1496, 47.15808], [18.15009, 47.15841], [18.15015, 47.15895], [18.15303, 47.15863], [18.15319, 47.15818], [18.15372, 47.15798], [18.1544, 47.15808], [18.15471, 47.15853], [18.15902, 47.1582], [18.15879, 47.15743], [18.15812, 47.15651], [18.15623, 47.15539], [18.1543, 47.15502], [18.15271, 47.1551], [18.15147, 47.15541], [18.1499, 47.15512], [18.14955, 47.1538], [18.15012, 47.15367]]], [[[18.14772, 47.15867], [18.1477, 47.15865], [18.14719, 47.15871], [18.14772, 47.15867], [18.14772, 47.15867]]], [[[18.15886, 47.15951], [18.15905, 47.15855], [18.15768, 47.15865], [18.15879, 47.15965], [18.15886, 47.15951]]], [[[18.15043, 47.16004], [18.1503, 47.16066], [18.15077, 47.16063], [18.15065, 47.15975], [18.15018, 47.15979], [18.15043, 47.16004]]], [[[18.1689, 47.16641], [18.16794, 47.16785], [18.16692, 47.16812], [18.16714, 47.16651], [18.16611, 47.16522], [18.16428, 47.16456], [18.16146, 47.16466], [18.16174, 47.16656], [18.16328, 47.16629], [18.16407, 47.16642], [18.16449, 47.16682], [18.16422, 47.16765], [18.16473, 47.16826], [18.16394, 47.16858], [18.16431, 47.17082], [18.16958, 47.16938], [18.17564, 47.16033], [18.17498, 47.15742], [18.1689, 47.16641]]], [[[18.14906, 47.16072], [18.149, 47.16068], [18.14894, 47.16063], [18.14895, 47.16075], [18.14906, 47.16072]]], [[[18.15306, 47.16648], [18.15471, 47.1667], [18.1554, 47.16641], [18.1563, 47.16681], [18.15611, 47.16911], [18.1568, 47.16916], [18.15738, 47.16942], [18.16103, 47.16922], [18.16109, 47.16891], [18.16044, 47.16862], [18.15871, 47.16864], [18.15713, 47.168], [18.15713, 47.16775], [18.15769, 47.16723], [18.1576, 47.16522], [18.15646, 47.16555], [18.15521, 47.16634], [18.15331, 47.16611], [18.15306, 47.16648]]], [[[18.17667, 47.16728], [18.17694, 47.16702], [18.1768, 47.16543], [18.17574, 47.16549], [18.17654, 47.16429], [18.17586, 47.1613], [18.17068, 47.16906], [18.17667, 47.16728]]], [[[18.15884, 47.17994], [18.15959, 47.17954], [18.15843, 47.17935], [18.15781, 47.17955], [18.15849, 47.18011], [18.15884, 47.17994]]], [[[18.17571, 47.18166], [18.17533, 47.18121], [18.17538, 47.18083], [18.17571, 47.18054], [18.17619, 47.18046], [18.17663, 47.17972], [18.17718, 47.17965], [18.17703, 47.17923], [18.17439, 47.17959], [18.17264, 47.1802], [18.17155, 47.17972], [18.17098, 47.18192], [18.17047, 47.18212], [18.16916, 47.18217], [18.17132, 47.18226], [18.17175, 47.1821], [18.17511, 47.18206], [18.17668, 47.18279], [18.17724, 47.18247], [18.17702, 47.18156], [18.17643, 47.18182], [18.17571, 47.18166]], [[18.17404, 47.18132], [18.17331, 47.18158], [18.17246, 47.18122], [18.1724, 47.18075], [18.17303, 47.18017], [18.17371, 47.18013], [18.17433, 47.18045], [18.17441, 47.18087], [18.17404, 47.18132]]], [[[18.15381, 47.1805], [18.1529, 47.1801], [18.15264, 47.17942], [18.1513, 47.17932], [18.15092, 47.18006], [18.14897, 47.18071], [18.14833, 47.18151], [18.14757, 47.18206], [18.14671, 47.18209], [18.14641, 47.18184], [18.14588, 47.18193], [18.1446, 47.18083], [18.14183, 47.18184], [18.14204, 47.18222], [18.14264, 47.18206], [18.14298, 47.18216], [18.14326, 47.18289], [18.14435, 47.1825], [18.14557, 47.18388], [18.14576, 47.18358], [18.14737, 47.18392], [18.14907, 47.18359], [18.15082, 47.18224], [18.15183, 47.18183], [18.15227, 47.18278], [18.15038, 47.18443], [18.14852, 47.18449], [18.14678, 47.18503], [18.14901, 47.18761], [18.14977, 47.18735], [18.15056, 47.18771], [18.15234, 47.18542], [18.15655, 47.18176], [18.15612, 47.18142], [18.15622, 47.18095], [18.15669, 47.1807], [18.15749, 47.18082], [18.15769, 47.18068], [18.15768, 47.18031], [18.15705, 47.17972], [18.15577, 47.17949], [18.1553, 47.18018], [18.15381, 47.1805]]], [[[18.1624, 47.18241], [18.16332, 47.18224], [18.16383, 47.18234], [18.16538, 47.18227], [18.16325, 47.18205], [18.16308, 47.18141], [18.16343, 47.181], [18.16286, 47.1804], [18.16186, 47.18], [18.16038, 47.17977], [18.15982, 47.18014], [18.16009, 47.18046], [18.16001, 47.18082], [18.16117, 47.18181], [18.16112, 47.18244], [18.15976, 47.18308], [18.15923, 47.18313], [18.15762, 47.18229], [18.15737, 47.18192], [18.15299, 47.18572], [18.15031, 47.18919], [18.14827, 47.19087], [18.14807, 47.1912], [18.1484, 47.19148], [18.14853, 47.19233], [18.14805, 47.19243], [18.14757, 47.19206], [18.14718, 47.19241], [18.15291, 47.19503], [18.15685, 47.19619], [18.15765, 47.19634], [18.15779, 47.19616], [18.15691, 47.19538], [18.15798, 47.19472], [18.15839, 47.19487], [18.15856, 47.19608], [18.16027, 47.19668], [18.16393, 47.19673], [18.1678, 47.19633], [18.16768, 47.1961], [18.16718, 47.19597], [18.16689, 47.19536], [18.16595, 47.19534], [18.1646, 47.1961], [18.16377, 47.19559], [18.16436, 47.19457], [18.16557, 47.19364], [18.16813, 47.19314], [18.1686, 47.19258], [18.16857, 47.19201], [18.16712, 47.19018], [18.16689, 47.18772], [18.16532, 47.18771], [18.16506, 47.18727], [18.16529, 47.18701], [18.16456, 47.18687], [18.164, 47.18593], [18.16234, 47.18531], [18.16154, 47.18473], [18.16106, 47.18346], [18.16168, 47.18258], [18.1624, 47.18241]], [[18.15435, 47.18992], [18.1551, 47.18829], [18.1548, 47.18689], [18.15639, 47.18544], [18.15806, 47.18598], [18.15968, 47.18679], [18.16184, 47.18715], [18.16305, 47.18871], [18.16432, 47.18942], [18.1645, 47.19061], [18.16522, 47.19176], [18.16361, 47.19238], [18.16205, 47.19363], [18.1613, 47.19473], [18.15839, 47.19418], [18.15674, 47.19423], [18.15551, 47.1937], [18.15398, 47.19337], [18.15326, 47.19272], [18.15124, 47.19155], [18.15289, 47.19098], [18.15435, 47.18992]], [[18.16102, 47.19611], [18.1629, 47.19335], [18.16379, 47.19359], [18.16408, 47.19378], [18.16305, 47.19458], [18.16221, 47.19589], [18.16149, 47.19619], [18.16102, 47.19611]]], [[[18.14748, 47.19073], [18.1475, 47.1907], [18.14712, 47.19081], [18.14738, 47.19091], [18.14748, 47.19073]]], [[[18.14686, 47.19137], [18.14687, 47.19169], [18.14657, 47.19206], [18.14714, 47.19143], [18.14686, 47.19137]]], [[[18.1746, 47.19527], [18.17364, 47.19507], [18.17217, 47.19537], [18.17037, 47.19517], [18.17024, 47.19584], [18.16936, 47.1961], [18.1746, 47.19527]]], [[[18.1534, 47.19592], [18.15248, 47.19558], [18.15093, 47.19495], [18.15205, 47.19555], [18.1534, 47.19592]]], [[[18.16601, 47.1972], [18.16538, 47.19731], [18.16809, 47.19717], [18.16943, 47.19686], [18.17292, 47.19692], [18.17326, 47.19615], [18.1733, 47.1969], [18.17399, 47.19686], [18.17413, 47.19626], [18.17509, 47.19676], [18.17721, 47.19671], [18.17905, 47.19643], [18.18096, 47.19588], [18.1791, 47.19556], [18.17693, 47.19561], [18.16601, 47.1972]]], [[[18.16436, 47.19736], [18.16517, 47.19732], [18.16519, 47.19728], [18.16368, 47.19737], [18.16436, 47.19736]]], [[[18.16131, 47.19739], [18.16185, 47.19747], [18.16259, 47.1974], [18.16128, 47.19737], [18.16131, 47.19739]]], [[[18.15352, 47.19751], [18.15301, 47.19749], [18.15392, 47.19777], [18.15446, 47.19823], [18.15447, 47.19753], [18.15466, 47.19735], [18.15509, 47.19735], [18.15417, 47.1971], [18.15352, 47.19751]]], [[[18.15612, 47.19805], [18.15663, 47.19772], [18.15547, 47.19783], [18.15542, 47.19798], [18.15612, 47.19805]]], [[[18.17092, 47.19825], [18.1707, 47.19828], [18.17073, 47.19841], [18.17092, 47.19825]]], [[[18.15396, 47.19879], [18.15411, 47.19882], [18.15445, 47.19829], [18.15398, 47.19877], [18.15396, 47.19879]]], [[[18.14752, 47.19897], [18.148, 47.19918], [18.14855, 47.19848], [18.14764, 47.19831], [18.14728, 47.19786], [18.14692, 47.19777], [18.14645, 47.1987], [18.14752, 47.19897]]], [[[18.15519, 47.19851], [18.15517, 47.19855], [18.15475, 47.19917], [18.15531, 47.19878], [18.15527, 47.19816], [18.15519, 47.19851]]], [[[18.14929, 47.19842], [18.14984, 47.19875], [18.15012, 47.19865], [18.15016, 47.19883], [18.15069, 47.19884], [18.15022, 47.19836], [18.14955, 47.19822], [18.14929, 47.19842]]], [[[18.15249, 47.19866], [18.15203, 47.1987], [18.15309, 47.19879], [18.1527, 47.19862], [18.15249, 47.19866]]], [[[18.15124, 47.19892], [18.15101, 47.19889], [18.15131, 47.19906], [18.15142, 47.19893], [18.15124, 47.19892]]], [[[18.16979, 47.19979], [18.16953, 47.19981], [18.16978, 47.19983], [18.16979, 47.19979]]], [[[18.16058, 47.20002], [18.16029, 47.20015], [18.16021, 47.20031], [18.16084, 47.20019], [18.16071, 47.19992], [18.16058, 47.20002]]], [[[18.16894, 47.20032], [18.16894, 47.20032], [18.16889, 47.20032], [18.16892, 47.20034], [18.16894, 47.20032]]], [[[18.15652, 47.20104], [18.15693, 47.20098], [18.15703, 47.20084], [18.1566, 47.20066], [18.15629, 47.20077], [18.15652, 47.20104]]], [[[18.15712, 47.20152], [18.15672, 47.20156], [18.15674, 47.20169], [18.1572, 47.20192], [18.15712, 47.20152]]], [[[18.15875, 47.20166], [18.15854, 47.20282], [18.15882, 47.20281], [18.1591, 47.20239], [18.15965, 47.20245], [18.1598, 47.20181], [18.16047, 47.20082], [18.1591, 47.20111], [18.15875, 47.20166]]], [[[18.15236, 47.20203], [18.15214, 47.20152], [18.15105, 47.20133], [18.15087, 47.20204], [18.15061, 47.2023], [18.15025, 47.20231], [18.1509, 47.20249], [18.15253, 47.20212], [18.15236, 47.20203]]], [[[18.16167, 47.20221], [18.1617, 47.2022], [18.16167, 47.20218], [18.16167, 47.20221]]], [[[18.1476, 47.20516], [18.148, 47.20516], [18.14834, 47.20494], [18.14728, 47.20455], [18.14696, 47.20402], [18.14733, 47.20362], [18.14793, 47.20347], [18.14683, 47.20259], [18.14667, 47.2031], [18.14626, 47.20347], [18.14574, 47.20357], [18.14507, 47.20342], [18.14518, 47.20392], [18.14433, 47.2046], [18.14434, 47.20492], [18.14544, 47.20476], [18.1476, 47.20516]]], [[[18.1489, 47.20488], [18.14886, 47.20489], [18.14891, 47.2049], [18.1489, 47.20488]]], [[[18.16663, 47.20356], [18.16546, 47.20393], [18.16505, 47.20427], [18.16431, 47.20428], [18.16353, 47.20455], [18.16253, 47.20438], [18.16208, 47.20388], [18.1614, 47.20371], [18.16065, 47.20319], [18.16096, 47.20392], [18.16037, 47.20388], [18.16069, 47.20482], [18.16058, 47.20518], [18.16085, 47.20552], [18.16212, 47.20545], [18.1631, 47.20559], [18.16294, 47.20581], [18.16251, 47.20582], [18.16244, 47.20561], [18.16185, 47.20565], [18.16139, 47.20689], [18.1602, 47.2067], [18.16023, 47.20689], [18.16167, 47.20732], [18.16364, 47.20751], [18.16614, 47.20715], [18.16768, 47.20663], [18.16844, 47.20686], [18.16789, 47.20773], [18.16768, 47.20879], [18.16871, 47.20859], [18.16999, 47.2087], [18.16984, 47.20893], [18.16776, 47.20932], [18.16779, 47.20947], [18.16862, 47.21075], [18.16971, 47.21152], [18.16946, 47.21249], [18.16966, 47.21328], [18.16934, 47.21423], [18.16954, 47.2151], [18.1702, 47.21594], [18.1712, 47.21648], [18.17199, 47.21667], [18.17565, 47.21537], [18.17704, 47.2151], [18.17835, 47.21515], [18.17864, 47.21493], [18.17932, 47.21403], [18.17944, 47.21297], [18.17902, 47.2122], [18.17843, 47.21173], [18.17826, 47.21194], [18.17785, 47.21197], [18.17815, 47.21156], [18.1778, 47.21138], [18.17926, 47.21011], [18.18081, 47.21104], [18.18281, 47.21152], [18.18481, 47.21145], [18.18678, 47.21077], [18.18627, 47.21031], [18.18478, 47.21008], [18.1842, 47.21029], [18.1837, 47.21025], [18.18273, 47.20972], [18.18291, 47.20874], [18.18252, 47.20823], [18.18148, 47.20798], [18.1818, 47.20767], [18.18217, 47.20774], [18.18288, 47.20666], [18.18235, 47.20665], [18.18171, 47.20723], [18.18094, 47.20718], [18.18047, 47.20668], [18.17857, 47.20613], [18.17833, 47.2058], [18.17841, 47.20547], [18.17716, 47.20474], [18.17646, 47.20561], [18.17512, 47.20612], [18.1745, 47.20732], [18.17471, 47.20779], [18.17434, 47.20803], [18.17527, 47.20828], [18.17525, 47.20895], [18.17481, 47.20916], [18.17325, 47.20936], [18.17246, 47.20922], [18.17212, 47.20899], [18.17203, 47.20863], [18.17373, 47.20608], [18.17353, 47.20568], [18.17387, 47.2052], [18.17351, 47.20476], [18.17373, 47.20395], [18.17131, 47.20368], [18.1706, 47.20402], [18.16993, 47.20408], [18.16944, 47.20383], [18.16909, 47.20311], [18.16872, 47.20304], [18.16728, 47.20306], [18.16663, 47.20356]], [[18.17224, 47.21215], [18.17274, 47.21194], [18.17317, 47.21208], [18.17295, 47.21283], [18.17226, 47.21274], [18.17224, 47.21215]], [[18.17677, 47.214], [18.17655, 47.21428], [18.17511, 47.21373], [18.17499, 47.21321], [18.174, 47.21224], [18.17411, 47.21194], [18.17503, 47.212], [18.17668, 47.21313], [18.17677, 47.214]], [[18.17205, 47.21413], [18.17256, 47.21382], [18.173, 47.21394], [18.17316, 47.21452], [18.17292, 47.21502], [18.17219, 47.21469], [18.17205, 47.21413]], [[18.17149, 47.2146], [18.17279, 47.21557], [18.17275, 47.21571], [18.17145, 47.21473], [18.17137, 47.21441], [18.17149, 47.2146]]], [[[18.15904, 47.20704], [18.15973, 47.20665], [18.15972, 47.20611], [18.16022, 47.2054], [18.16015, 47.20467], [18.15986, 47.20454], [18.15876, 47.20477], [18.15825, 47.20528], [18.15645, 47.20458], [18.1553, 47.20576], [18.15602, 47.20605], [18.15736, 47.20512], [18.15774, 47.20522], [18.15778, 47.20549], [18.15618, 47.20665], [18.15465, 47.20612], [18.15471, 47.20861], [18.15383, 47.20903], [18.1538, 47.20948], [18.15313, 47.21015], [18.15207, 47.21093], [18.15139, 47.21117], [18.15115, 47.21201], [18.1544, 47.21133], [18.15494, 47.21135], [18.155, 47.21156], [18.15539, 47.21142], [18.15552, 47.21107], [18.15785, 47.21072], [18.15895, 47.20926], [18.15904, 47.20704]]], [[[18.15128, 47.21825], [18.15014, 47.21854], [18.14915, 47.21942], [18.15083, 47.22063], [18.15028, 47.22181], [18.15002, 47.22321], [18.15089, 47.22336], [18.15261, 47.2232], [18.15291, 47.2228], [18.15351, 47.22271], [18.15338, 47.22293], [18.15359, 47.22277], [18.15403, 47.2228], [18.1553, 47.22321], [18.15854, 47.22296], [18.16235, 47.2232], [18.16306, 47.22165], [18.16264, 47.21997], [18.16241, 47.22014], [18.16098, 47.21967], [18.16082, 47.21989], [18.15983, 47.2196], [18.15937, 47.21915], [18.15701, 47.21862], [18.1544, 47.21851], [18.15345, 47.21885], [18.15152, 47.21896], [18.15223, 47.21825], [18.15349, 47.21757], [18.15363, 47.21694], [18.15128, 47.21825]], [[18.15344, 47.22068], [18.15423, 47.22108], [18.15467, 47.22079], [18.15569, 47.22061], [18.15688, 47.22092], [18.15799, 47.22082], [18.15859, 47.22106], [18.15872, 47.22147], [18.15852, 47.22179], [18.15807, 47.22199], [18.1569, 47.22214], [18.15543, 47.22201], [18.15524, 47.22245], [18.15469, 47.22264], [18.15398, 47.22247], [18.15377, 47.22192], [18.15198, 47.22159], [18.15173, 47.22194], [18.15241, 47.22215], [18.15256, 47.22269], [18.15202, 47.22306], [18.15127, 47.22299], [18.15093, 47.22239], [18.15121, 47.22207], [18.15166, 47.22195], [18.15187, 47.22083], [18.15239, 47.2206], [18.15344, 47.22068]]], [[[18.16037, 47.21938], [18.1603, 47.21927], [18.15964, 47.21835], [18.15961, 47.21887], [18.16037, 47.21938]]], [[[18.16163, 47.21894], [18.16161, 47.21892], [18.16158, 47.21895], [18.16163, 47.21894]]], [[[18.16225, 47.21948], [18.16221, 47.21961], [18.16247, 47.21973], [18.16242, 47.21966], [18.16225, 47.21948]]], [[[18.19329, 47.13348], [18.19161, 47.13375], [18.19065, 47.13199], [18.18964, 47.13122], [18.18822, 47.13062], [18.18867, 47.12918], [18.1872, 47.13072], [18.18674, 47.13243], [18.18646, 47.13239], [18.1874, 47.12915], [18.18425, 47.12907], [18.18407, 47.12921], [18.18368, 47.13657], [18.18416, 47.13603], [18.18414, 47.13556], [18.185, 47.13351], [18.18561, 47.13322], [18.18624, 47.13326], [18.18695, 47.13355], [18.18729, 47.13402], [18.18715, 47.13566], [18.18655, 47.13696], [18.18674, 47.13736], [18.1864, 47.13945], [18.18786, 47.13939], [18.18835, 47.13888], [18.18884, 47.13872], [18.18952, 47.13884], [18.18986, 47.13922], [18.19206, 47.13907], [18.19174, 47.1387], [18.19201, 47.13817], [18.19172, 47.13791], [18.19172, 47.13754], [18.19205, 47.13718], [18.19271, 47.13708], [18.19333, 47.13647], [18.19462, 47.13665], [18.19551, 47.13731], [18.19611, 47.13639], [18.19749, 47.13648], [18.19828, 47.13628], [18.19864, 47.13646], [18.19871, 47.13699], [18.19829, 47.13789], [18.19871, 47.13804], [18.19895, 47.13837], [18.1988, 47.13881], [18.19898, 47.13922], [18.19875, 47.13966], [18.20366, 47.13976], [18.2151, 47.14065], [18.22237, 47.13988], [18.22245, 47.13948], [18.2229, 47.13922], [18.22283, 47.13897], [18.22219, 47.13872], [18.22196, 47.13823], [18.22235, 47.13727], [18.23017, 47.13652], [18.23116, 47.13591], [18.23273, 47.13592], [18.23326, 47.13622], [18.23423, 47.136], [18.23396, 47.13546], [18.23386, 47.13028], [18.23222, 47.13024], [18.23231, 47.13078], [18.23158, 47.13173], [18.23149, 47.13293], [18.22953, 47.13316], [18.22794, 47.13379], [18.22173, 47.13451], [18.21993, 47.13507], [18.21886, 47.13571], [18.21803, 47.13659], [18.21763, 47.13761], [18.21769, 47.13871], [18.21485, 47.139], [18.20326, 47.13808], [18.20258, 47.13555], [18.20175, 47.13469], [18.2006, 47.13402], [18.19909, 47.1336], [18.19683, 47.13336], [18.19477, 47.13357], [18.19329, 47.13348]]], [[[18.18366, 47.13711], [18.18372, 47.13698], [18.18366, 47.13687], [18.18365, 47.13715], [18.18366, 47.13711]]], [[[18.18365, 47.13733], [18.18364, 47.13728], [18.18362, 47.13768], [18.18371, 47.13746], [18.18365, 47.13733]]], [[[18.18218, 47.13811], [18.18275, 47.13839], [18.1837, 47.13817], [18.1836, 47.13801], [18.18196, 47.13801], [18.18218, 47.13811]]], [[[18.19629, 47.13864], [18.19601, 47.13858], [18.19526, 47.13891], [18.1935, 47.13854], [18.19526, 47.13895], [18.19618, 47.13898], [18.19665, 47.13917], [18.19675, 47.13897], [18.19629, 47.13864]]], [[[18.1833, 47.13959], [18.18357, 47.13965], [18.18355, 47.13949], [18.18328, 47.1395], [18.1833, 47.13959]]], [[[18.19621, 47.14429], [18.19615, 47.14472], [18.19775, 47.14528], [18.19714, 47.14628], [18.19755, 47.14642], [18.20068, 47.14461], [18.21111, 47.14261], [18.21189, 47.14257], [18.21509, 47.14308], [18.21609, 47.1412], [18.21761, 47.14094], [18.21416, 47.14119], [18.20359, 47.14029], [18.19863, 47.14019], [18.19859, 47.14085], [18.19808, 47.14083], [18.19745, 47.14131], [18.19793, 47.14132], [18.19725, 47.14268], [18.1972, 47.14342], [18.19621, 47.14429]], [[18.20175, 47.1425], [18.20214, 47.14191], [18.20435, 47.14202], [18.20265, 47.14233], [18.20175, 47.1425]]], [[[18.19575, 47.14669], [18.1949, 47.1466], [18.19427, 47.1477], [18.19353, 47.14789], [18.19257, 47.14847], [18.1927, 47.14888], [18.19688, 47.1468], [18.19575, 47.14669]]], [[[18.1909, 47.14943], [18.19077, 47.14983], [18.19165, 47.14939], [18.19111, 47.14924], [18.1909, 47.14943]]], [[[18.18967, 47.15094], [18.18871, 47.15135], [18.18937, 47.15163], [18.18953, 47.15208], [18.19362, 47.15573], [18.19428, 47.15574], [18.19476, 47.15595], [18.19496, 47.15638], [18.19476, 47.15668], [18.19604, 47.15687], [18.20309, 47.15705], [18.20413, 47.15645], [18.20572, 47.15608], [18.20818, 47.15605], [18.20865, 47.15443], [18.20973, 47.15278], [18.20979, 47.15167], [18.2105, 47.1509], [18.21228, 47.15016], [18.21285, 47.14899], [18.21445, 47.14885], [18.21475, 47.14703], [18.21229, 47.14716], [18.21099, 47.14766], [18.20986, 47.14902], [18.20849, 47.14968], [18.20738, 47.15086], [18.20705, 47.15236], [18.20596, 47.15424], [18.20334, 47.15469], [18.20214, 47.15519], [18.19897, 47.15511], [18.19841, 47.15435], [18.1974, 47.15358], [18.19601, 47.15303], [18.19427, 47.15277], [18.19387, 47.15209], [18.19461, 47.15183], [18.19617, 47.15203], [18.19766, 47.15191], [18.19984, 47.15107], [18.20082, 47.15024], [18.20137, 47.14928], [18.20148, 47.14825], [18.20124, 47.14741], [18.20221, 47.14678], [18.21169, 47.14497], [18.21499, 47.14552], [18.21487, 47.14443], [18.21507, 47.14364], [18.2116, 47.14309], [18.201, 47.14511], [18.19787, 47.147], [18.18967, 47.15094]], [[18.19598, 47.14902], [18.19553, 47.1487], [18.19555, 47.14827], [18.19604, 47.14796], [18.19665, 47.14797], [18.19711, 47.1483], [18.19709, 47.14872], [18.1966, 47.14903], [18.19598, 47.14902]]], [[[18.18212, 47.15357], [18.18149, 47.15345], [18.18173, 47.15414], [18.18319, 47.15406], [18.18369, 47.15462], [18.18479, 47.15505], [18.18495, 47.15633], [18.1846, 47.15633], [18.18464, 47.15677], [18.1891, 47.15702], [18.18864, 47.15647], [18.18894, 47.15561], [18.1894, 47.15539], [18.18991, 47.15567], [18.19119, 47.15585], [18.19157, 47.15612], [18.19145, 47.15678], [18.19054, 47.15708], [18.19363, 47.15729], [18.19409, 47.15705], [18.19336, 47.15673], [18.19321, 47.15621], [18.18902, 47.15252], [18.18846, 47.15262], [18.18792, 47.15242], [18.18771, 47.15209], [18.18783, 47.15175], [18.18705, 47.15203], [18.18461, 47.15217], [18.18288, 47.15257], [18.18311, 47.15289], [18.18298, 47.15328], [18.18212, 47.15357]], [[18.18803, 47.15316], [18.1887, 47.15284], [18.18947, 47.15304], [18.19022, 47.15386], [18.19023, 47.15451], [18.18993, 47.15482], [18.18905, 47.15492], [18.18851, 47.15443], [18.18708, 47.15405], [18.18729, 47.15333], [18.18803, 47.15316]]], [[[18.18019, 47.15563], [18.17965, 47.15563], [18.1788, 47.15689], [18.18057, 47.15675], [18.18019, 47.15563]]], [[[18.18229, 47.15768], [18.18231, 47.1579], [18.1872, 47.15992], [18.18731, 47.15971], [18.19029, 47.16011], [18.19019, 47.16122], [18.19145, 47.16187], [18.19279, 47.16228], [18.19299, 47.16007], [18.19322, 47.15973], [18.19385, 47.15933], [18.19512, 47.15937], [18.1953, 47.15801], [18.19383, 47.15787], [18.19359, 47.15751], [18.18451, 47.15698], [18.18363, 47.15721], [18.18265, 47.1569], [18.1822, 47.15699], [18.18229, 47.15768]]], [[[18.17863, 47.15715], [18.17845, 47.15741], [18.18054, 47.15792], [18.18036, 47.15823], [18.18058, 47.15826], [18.18069, 47.158], [18.18132, 47.15817], [18.18153, 47.15804], [18.18143, 47.1572], [18.18065, 47.15691], [18.17872, 47.15702], [18.17863, 47.15715]]], [[[18.18328, 47.15845], [18.18328, 47.15852], [18.18328, 47.15854], [18.18333, 47.15847], [18.18328, 47.15845]]], [[[18.18115, 47.15851], [18.18111, 47.15857], [18.18113, 47.15866], [18.18114, 47.15864], [18.18115, 47.15851]]], [[[18.1832, 47.15878], [18.18278, 47.15907], [18.18352, 47.1594], [18.18335, 47.15914], [18.18354, 47.15888], [18.1832, 47.15878]]], [[[18.19588, 47.16259], [18.19763, 47.16325], [18.197, 47.16685], [18.19623, 47.16708], [18.19585, 47.16694], [18.19584, 47.16532], [18.1956, 47.167], [18.19361, 47.16726], [18.19298, 47.16599], [18.19348, 47.16539], [18.19363, 47.1631], [18.19305, 47.16295], [18.19059, 47.16368], [18.1908, 47.16395], [18.19076, 47.16487], [18.19029, 47.16601], [18.19087, 47.16759], [18.1898, 47.16749], [18.18814, 47.16775], [18.18767, 47.1671], [18.18675, 47.1664], [18.18526, 47.16588], [18.18458, 47.16658], [18.18404, 47.16751], [18.1849, 47.16773], [18.18558, 47.16833], [18.18563, 47.16907], [18.18522, 47.1697], [18.18474, 47.16999], [18.18477, 47.17038], [18.1853, 47.17086], [18.18719, 47.17132], [18.18872, 47.17234], [18.19105, 47.17247], [18.19058, 47.17153], [18.19023, 47.17142], [18.18882, 47.16979], [18.18904, 47.16948], [18.19008, 47.16934], [18.19161, 47.17087], [18.19244, 47.17272], [18.19315, 47.17289], [18.19331, 47.17317], [18.19446, 47.17333], [18.1955, 47.17323], [18.19524, 47.17276], [18.19434, 47.17264], [18.19426, 47.17243], [18.19451, 47.17207], [18.19543, 47.17209], [18.19604, 47.17191], [18.19513, 47.17037], [18.19532, 47.16994], [18.19216, 47.17032], [18.19174, 47.1701], [18.19253, 47.16906], [18.19427, 47.16918], [18.19357, 47.16807], [18.19366, 47.1678], [18.19582, 47.16742], [18.19612, 47.16712], [18.19681, 47.16719], [18.19723, 47.16796], [18.19663, 47.16977], [18.19695, 47.16993], [18.19688, 47.17087], [18.19665, 47.17118], [18.19611, 47.17116], [18.19606, 47.17135], [18.19643, 47.17167], [18.19697, 47.17161], [18.19758, 47.17149], [18.1979, 47.17087], [18.19813, 47.17115], [18.1983, 47.17109], [18.19945, 47.16999], [18.19971, 47.16897], [18.20193, 47.16888], [18.203, 47.16857], [18.20399, 47.16785], [18.2044, 47.16695], [18.20653, 47.16602], [18.20711, 47.16606], [18.20711, 47.1662], [18.20591, 47.16808], [18.20537, 47.16959], [18.20545, 47.17022], [18.20597, 47.17097], [18.20602, 47.17085], [18.20682, 47.17089], [18.20714, 47.17123], [18.20792, 47.17101], [18.20809, 47.17107], [18.20751, 47.17172], [18.20837, 47.17182], [18.20956, 47.17177], [18.20885, 47.17162], [18.20903, 47.17155], [18.2102, 47.17174], [18.21239, 47.1711], [18.21289, 47.1712], [18.21351, 47.17092], [18.21372, 47.17128], [18.21338, 47.17159], [18.21204, 47.17189], [18.21274, 47.17202], [18.21349, 47.17174], [18.21393, 47.17185], [18.21447, 47.17173], [18.21587, 47.17246], [18.21719, 47.17222], [18.21763, 47.17188], [18.21831, 47.17066], [18.21833, 47.1698], [18.21682, 47.16947], [18.21521, 47.17005], [18.21367, 47.17027], [18.2104, 47.16989], [18.20814, 47.16988], [18.20843, 47.16874], [18.20934, 47.1675], [18.21002, 47.16557], [18.2105, 47.16495], [18.21021, 47.16477], [18.20771, 47.16426], [18.20587, 47.16413], [18.20543, 47.16434], [18.20508, 47.1643], [18.20188, 47.16595], [18.20156, 47.16702], [18.19992, 47.16707], [18.19949, 47.16509], [18.19986, 47.16314], [18.20018, 47.16298], [18.20219, 47.16301], [18.20272, 47.16269], [18.20415, 47.16338], [18.20594, 47.16122], [18.20492, 47.16108], [18.20469, 47.16042], [18.20342, 47.16064], [18.20305, 47.16046], [18.19566, 47.16235], [18.19547, 47.16258], [18.19588, 47.16259]]], [[[18.18229, 47.1678], [18.18349, 47.16769], [18.18367, 47.16748], [18.18397, 47.16682], [18.18388, 47.16671], [18.18327, 47.1668], [18.18307, 47.16621], [18.17968, 47.16716], [18.18093, 47.1677], [18.1811, 47.16832], [18.18229, 47.1678]]], [[[18.19685, 47.17194], [18.19657, 47.17181], [18.19635, 47.17381], [18.1961, 47.17356], [18.19553, 47.17377], [18.19604, 47.17471], [18.19593, 47.17497], [18.19674, 47.17534], [18.19746, 47.17267], [18.19734, 47.17223], [18.19685, 47.17194]]], [[[18.19229, 47.18331], [18.19197, 47.18425], [18.19077, 47.18532], [18.19179, 47.18593], [18.19179, 47.18631], [18.18922, 47.18872], [18.18807, 47.1894], [18.18607, 47.18844], [18.18852, 47.18975], [18.18815, 47.19019], [18.1862, 47.18904], [18.18573, 47.18908], [18.18359, 47.19024], [18.18273, 47.19147], [18.1854, 47.19258], [18.18529, 47.19296], [18.19291, 47.1862], [18.19235, 47.1854], [18.19324, 47.18357], [18.19268, 47.18279], [18.1922, 47.18296], [18.19229, 47.18331]], [[18.18496, 47.19053], [18.18491, 47.19034], [18.18481, 47.19009], [18.18523, 47.1903], [18.18496, 47.19053]]], [[[18.17955, 47.18699], [18.17964, 47.18717], [18.18002, 47.18711], [18.17945, 47.18673], [18.17955, 47.18699]]], [[[18.18982, 47.19032], [18.19136, 47.19118], [18.19294, 47.18979], [18.19261, 47.18815], [18.195, 47.18796], [18.19953, 47.18395], [18.19767, 47.18342], [18.19554, 47.18557], [18.19417, 47.18597], [18.18699, 47.19234], [18.18914, 47.19081], [18.1889, 47.19068], [18.18982, 47.19032]]], [[[18.18905, 47.19324], [18.18895, 47.19313], [18.18787, 47.19347], [18.18824, 47.19396], [18.18905, 47.19324]]], [[[18.18003, 47.19386], [18.17947, 47.19398], [18.17898, 47.1938], [18.17673, 47.19467], [18.17614, 47.19506], [18.17909, 47.1949], [18.18193, 47.19543], [18.18327, 47.19466], [18.18442, 47.19372], [18.18311, 47.19469], [18.18252, 47.19481], [18.18051, 47.19383], [18.18003, 47.19386]]], [[[18.19586, 47.19518], [18.19606, 47.19495], [18.19628, 47.19467], [18.19557, 47.19541], [18.19586, 47.19518]]], [[[18.1879, 47.19426], [18.18822, 47.19397], [18.18634, 47.19308], [18.18647, 47.1928], [18.18445, 47.19457], [18.18272, 47.1957], [18.18488, 47.19651], [18.18632, 47.19686], [18.18709, 47.19625], [18.188, 47.19594], [18.19426, 47.19576], [18.1946, 47.19573], [18.19495, 47.19566], [18.19554, 47.19542], [18.19459, 47.1957], [18.19152, 47.19542], [18.19069, 47.19509], [18.18989, 47.19418], [18.1879, 47.19426]]], [[[18.19486, 47.19651], [18.19509, 47.1962], [18.18853, 47.19643], [18.18774, 47.1966], [18.18721, 47.19695], [18.19474, 47.19684], [18.19486, 47.19651]]], [[[18.1842, 47.19753], [18.18467, 47.19778], [18.18515, 47.19776], [18.18572, 47.19742], [18.18447, 47.19713], [18.18182, 47.19614], [18.18096, 47.19649], [18.18225, 47.19634], [18.18351, 47.1969], [18.1842, 47.19753]]], [[[18.18178, 47.19711], [18.17645, 47.19741], [18.17534, 47.19796], [18.17412, 47.19745], [18.17379, 47.19747], [18.17403, 47.19838], [18.17328, 47.19883], [18.17234, 47.1985], [18.17214, 47.19816], [18.17229, 47.19777], [18.17191, 47.19771], [18.17014, 47.19912], [18.17067, 47.19908], [18.17144, 47.19833], [18.1717, 47.1986], [18.1715, 47.19887], [18.17192, 47.19899], [18.17122, 47.1991], [18.1825, 47.19795], [18.18232, 47.19723], [18.18178, 47.19711]]], [[[18.19311, 47.19752], [18.18656, 47.19755], [18.1862, 47.19819], [18.18491, 47.19831], [18.18574, 47.19857], [18.18756, 47.19834], [18.18891, 47.1979], [18.19146, 47.19761], [18.19265, 47.1976], [18.19295, 47.19785], [18.19311, 47.19752]]], [[[18.18908, 47.19928], [18.18807, 47.1996], [18.18785, 47.20071], [18.18734, 47.20091], [18.18702, 47.20141], [18.18643, 47.20153], [18.18388, 47.2036], [18.1834, 47.20414], [18.18235, 47.20658], [18.18331, 47.2062], [18.18264, 47.20621], [18.18338, 47.20572], [18.18441, 47.20395], [18.18509, 47.20394], [18.1853, 47.20364], [18.18856, 47.20437], [18.1903, 47.20335], [18.1905, 47.20469], [18.19939, 47.20623], [18.20122, 47.20674], [18.2014, 47.20628], [18.20249, 47.20555], [18.20326, 47.20376], [18.20391, 47.20321], [18.20177, 47.2032], [18.1973, 47.20242], [18.19683, 47.2029], [18.19605, 47.20292], [18.19649, 47.20394], [18.19604, 47.2043], [18.19543, 47.20432], [18.1948, 47.20401], [18.19462, 47.20361], [18.19601, 47.20166], [18.19507, 47.19947], [18.19384, 47.19892], [18.19108, 47.19856], [18.18999, 47.19876], [18.18908, 47.19928]], [[18.19089, 47.20212], [18.19068, 47.20227], [18.19064, 47.20175], [18.19139, 47.20111], [18.19243, 47.20128], [18.19162, 47.20221], [18.19089, 47.20212]], [[18.19761, 47.2049], [18.19815, 47.20496], [18.19825, 47.20482], [18.19701, 47.20425], [18.19693, 47.20402], [18.19881, 47.20477], [18.20006, 47.2055], [18.19879, 47.20513], [18.19758, 47.20506], [18.19761, 47.2049]]], [[[18.18373, 47.20737], [18.18388, 47.20742], [18.18366, 47.20717], [18.18323, 47.20736], [18.18373, 47.20737]]], [[[18.18432, 47.20827], [18.18385, 47.20855], [18.1841, 47.20888], [18.1843, 47.20894], [18.18452, 47.20844], [18.18539, 47.20962], [18.185, 47.20838], [18.18437, 47.20778], [18.18432, 47.20827]]], [[[18.19364, 47.2423], [18.19396, 47.24234], [18.19375, 47.24164], [18.19397, 47.24009], [18.19453, 47.23874], [18.19437, 47.23819], [18.1928, 47.2384], [18.19107, 47.23971], [18.18823, 47.24131], [18.1882, 47.24156], [18.18914, 47.24247], [18.19119, 47.24248], [18.19149, 47.24209], [18.19178, 47.24227], [18.19251, 47.24201], [18.19249, 47.2423], [18.19364, 47.2423]]], [[[18.19347, 47.24603], [18.19405, 47.24575], [18.1944, 47.24517], [18.19502, 47.24503], [18.19546, 47.24427], [18.19409, 47.24291], [18.19108, 47.24303], [18.18965, 47.24358], [18.18617, 47.24309], [18.18519, 47.24457], [18.18685, 47.24366], [18.18707, 47.2437], [18.1867, 47.24398], [18.18718, 47.24424], [18.18815, 47.24456], [18.18933, 47.2447], [18.18884, 47.24516], [18.1901, 47.24557], [18.18982, 47.24582], [18.18848, 47.24562], [18.18765, 47.24758], [18.18782, 47.24895], [18.18845, 47.24988], [18.18945, 47.25066], [18.19048, 47.25115], [18.1919, 47.25151], [18.1944, 47.24914], [18.19421, 47.24885], [18.19231, 47.24843], [18.19151, 47.24777], [18.19199, 47.24742], [18.19194, 47.24713], [18.19208, 47.24702], [18.19233, 47.24714], [18.19256, 47.24668], [18.19347, 47.24603]]], [[[18.21868, 47.14544], [18.21951, 47.14533], [18.21961, 47.14493], [18.21665, 47.1447], [18.21672, 47.14391], [18.21554, 47.14392], [18.21538, 47.14556], [18.21868, 47.14544]]], [[[18.21079, 47.17176], [18.21175, 47.17184], [18.21198, 47.17188], [18.21129, 47.17167], [18.21079, 47.17176]]], [[[18.21457, 47.17377], [18.21629, 47.17386], [18.21654, 47.17363], [18.21641, 47.17333], [18.21475, 47.17218], [18.21401, 47.1721], [18.21391, 47.17231], [18.21327, 47.17234], [18.21227, 47.1729], [18.21206, 47.1734], [18.21457, 47.17377]]], [[[18.21, 47.1728], [18.20815, 47.17293], [18.20607, 47.17356], [18.20575, 47.17391], [18.20534, 47.17401], [18.20508, 47.17419], [18.2051, 47.1754], [18.20437, 47.1758], [18.20411, 47.1757], [18.20386, 47.17596], [18.20369, 47.17684], [18.20623, 47.17538], [18.20769, 47.17485], [18.21115, 47.17414], [18.21166, 47.1729], [18.21, 47.1728]]], [[[18.19767, 47.17461], [18.19728, 47.17532], [18.19838, 47.17594], [18.19891, 47.17691], [18.19917, 47.17678], [18.19972, 47.17719], [18.20007, 47.17632], [18.19972, 47.17582], [18.19973, 47.17562], [18.20002, 47.17562], [18.19995, 47.17537], [18.19949, 47.17469], [18.19907, 47.17527], [18.19859, 47.17528], [18.19915, 47.17441], [18.19827, 47.17354], [18.19822, 47.17397], [18.19767, 47.17461]]], [[[18.21105, 47.17554], [18.2106, 47.17646], [18.21201, 47.17628], [18.21019, 47.17748], [18.21029, 47.17757], [18.21161, 47.17765], [18.2138, 47.17742], [18.21492, 47.17662], [18.21622, 47.17443], [18.21499, 47.17467], [18.21173, 47.17469], [18.21148, 47.17525], [18.21105, 47.17554]]], [[[18.21523, 47.17728], [18.2136, 47.1783], [18.21514, 47.17738], [18.21705, 47.17838], [18.21801, 47.1773], [18.21981, 47.17765], [18.22224, 47.17751], [18.224, 47.17685], [18.22522, 47.17568], [18.22458, 47.17515], [18.22469, 47.17484], [18.22315, 47.17411], [18.22219, 47.17415], [18.22048, 47.17617], [18.2217, 47.17451], [18.22159, 47.17439], [18.22081, 47.1747], [18.2197, 47.17452], [18.21695, 47.17463], [18.21523, 47.17728]]], [[[18.20258, 47.17754], [18.20237, 47.17749], [18.20225, 47.17698], [18.20162, 47.17685], [18.20162, 47.17709], [18.20135, 47.17706], [18.20071, 47.17664], [18.19938, 47.1778], [18.20024, 47.17799], [18.20073, 47.17843], [18.20052, 47.1795], [18.2028, 47.17751], [18.20258, 47.17754]]], [[[18.20807, 47.18057], [18.20851, 47.18055], [18.20882, 47.18073], [18.2101, 47.17988], [18.20822, 47.17871], [18.20629, 47.17905], [18.20494, 47.18], [18.20456, 47.18124], [18.20082, 47.18387], [18.20282, 47.18414], [18.2034, 47.1839], [18.20388, 47.184], [18.20769, 47.18148], [18.20725, 47.18095], [18.20807, 47.18057]]], [[[18.21258, 47.1813], [18.2136, 47.18061], [18.21341, 47.18052], [18.21228, 47.181], [18.21072, 47.18022], [18.21258, 47.1813]]], [[[18.20015, 47.18075], [18.19849, 47.18238], [18.19895, 47.18318], [18.19994, 47.18359], [18.20648, 47.17799], [18.20578, 47.17767], [18.20482, 47.1784], [18.20363, 47.17784], [18.20015, 47.18075]]], [[[18.20468, 47.18423], [18.20617, 47.18356], [18.20768, 47.18393], [18.20721, 47.18486], [18.20882, 47.18379], [18.20953, 47.18241], [18.20938, 47.18191], [18.21033, 47.18048], [18.20468, 47.18423]]], [[[18.21258, 47.18424], [18.21194, 47.18446], [18.21492, 47.18537], [18.2153, 47.18435], [18.21379, 47.18411], [18.21258, 47.18424]]], [[[18.2026, 47.18516], [18.20055, 47.18424], [18.19875, 47.18676], [18.19963, 47.18716], [18.19996, 47.1876], [18.20074, 47.18777], [18.2026, 47.18516]]], [[[18.21597, 47.18587], [18.21612, 47.18688], [18.21696, 47.18698], [18.21707, 47.18586], [18.21597, 47.18587]]], [[[18.202, 47.18825], [18.20218, 47.18877], [18.20189, 47.18927], [18.20135, 47.18926], [18.20097, 47.18909], [18.20143, 47.18906], [18.20089, 47.18885], [18.19963, 47.1908], [18.20167, 47.1914], [18.20158, 47.19192], [18.204, 47.18826], [18.20333, 47.18537], [18.2013, 47.18823], [18.202, 47.18825]]], [[[18.19555, 47.19194], [18.19789, 47.19201], [18.19843, 47.19134], [18.19576, 47.19153], [18.19555, 47.19194]]], [[[18.19899, 47.19467], [18.19873, 47.19544], [18.1989, 47.19564], [18.20506, 47.1967], [18.20482, 47.19405], [18.20255, 47.1945], [18.20139, 47.19439], [18.20122, 47.19389], [18.20107, 47.19475], [18.1988, 47.19429], [18.19899, 47.19467]]], [[[18.20049, 47.19654], [18.19828, 47.19601], [18.19794, 47.19555], [18.19818, 47.19462], [18.19738, 47.1944], [18.19613, 47.19579], [18.19553, 47.1969], [18.20298, 47.19816], [18.20358, 47.19726], [18.20404, 47.19708], [18.20049, 47.19654]]], [[[18.20668, 47.19883], [18.20663, 47.19882], [18.20663, 47.19882], [18.20668, 47.19883]]], [[[18.20529, 47.1995], [18.20521, 47.19976], [18.20515, 47.19987], [18.20528, 47.19985], [18.20535, 47.19925], [18.20529, 47.1995]]], [[[18.20709, 47.19957], [18.20621, 47.19943], [18.20605, 47.20003], [18.20639, 47.20013], [18.20667, 47.19975], [18.20731, 47.19961], [18.20709, 47.19957]]], [[[18.21239, 47.20106], [18.21243, 47.20109], [18.2125, 47.20092], [18.21242, 47.20091], [18.21239, 47.20106]]], [[[18.2142, 47.20121], [18.21485, 47.20154], [18.21527, 47.20161], [18.21545, 47.20147], [18.2142, 47.20121]]], [[[18.20367, 47.20772], [18.20302, 47.20729], [18.20257, 47.20738], [18.20275, 47.20762], [18.20367, 47.20772]]], [[[18.21134, 47.20899], [18.21265, 47.20755], [18.21535, 47.20852], [18.21543, 47.20814], [18.21404, 47.20768], [18.21096, 47.20731], [18.2113, 47.20641], [18.20893, 47.20646], [18.20855, 47.20654], [18.20819, 47.20693], [18.20692, 47.20728], [18.20607, 47.20809], [18.20433, 47.20824], [18.20235, 47.2091], [18.20176, 47.20978], [18.20304, 47.21055], [18.20338, 47.21089], [18.20331, 47.21111], [18.20514, 47.21124], [18.20812, 47.2107], [18.21134, 47.20899]]], [[[18.20189, 47.20845], [18.20195, 47.20813], [18.20174, 47.20808], [18.20175, 47.20888], [18.20189, 47.20845]]], [[[18.2168, 47.21298], [18.21381, 47.21366], [18.21169, 47.21466], [18.21043, 47.21617], [18.21036, 47.21643], [18.21086, 47.2166], [18.21087, 47.21684], [18.21157, 47.21691], [18.21161, 47.21668], [18.21172, 47.21691], [18.21255, 47.21712], [18.21279, 47.21673], [18.2146, 47.21702], [18.21482, 47.21671], [18.21563, 47.21635], [18.21694, 47.21649], [18.21743, 47.21594], [18.2186, 47.21587], [18.2191, 47.21619], [18.21911, 47.21661], [18.21856, 47.21697], [18.21745, 47.21701], [18.21732, 47.21734], [18.21764, 47.21767], [18.21798, 47.2173], [18.21857, 47.21736], [18.21993, 47.21613], [18.21939, 47.21584], [18.22003, 47.21533], [18.22067, 47.21517], [18.22268, 47.21627], [18.22286, 47.21583], [18.22263, 47.21556], [18.22388, 47.21413], [18.22305, 47.21388], [18.22291, 47.21333], [18.2234, 47.21295], [18.22426, 47.21294], [18.22463, 47.21334], [18.22468, 47.21381], [18.22514, 47.21367], [18.22506, 47.2125], [18.22665, 47.21438], [18.22696, 47.21437], [18.2275, 47.21507], [18.22791, 47.21493], [18.22685, 47.21204], [18.22596, 47.21193], [18.22597, 47.21179], [18.22817, 47.2116], [18.22703, 47.21075], [18.22557, 47.21018], [18.22468, 47.21001], [18.22259, 47.21003], [18.22119, 47.2104], [18.22, 47.21103], [18.21906, 47.21195], [18.2186, 47.21288], [18.2168, 47.21298]]], [[[18.21533, 47.218], [18.21554, 47.21769], [18.21448, 47.21767], [18.21542, 47.21839], [18.21533, 47.218]]], [[[18.20238, 47.24205], [18.20338, 47.24294], [18.20649, 47.24533], [18.20633, 47.24409], [18.20543, 47.24286], [18.20298, 47.24142], [18.20238, 47.24205]]], [[[18.1955, 47.24158], [18.19555, 47.24208], [18.19664, 47.24297], [18.1965, 47.24338], [18.19583, 47.24367], [18.19594, 47.24381], [18.19716, 47.24325], [18.19613, 47.24205], [18.19571, 47.2411], [18.19528, 47.2413], [18.1955, 47.24158]]], [[[18.21144, 47.24433], [18.20949, 47.24519], [18.20835, 47.24629], [18.2098, 47.24657], [18.21086, 47.24642], [18.2126, 47.24544], [18.21271, 47.24569], [18.20926, 47.24779], [18.20821, 47.24831], [18.20794, 47.24818], [18.20836, 47.24919], [18.2068, 47.25042], [18.20441, 47.24888], [18.20463, 47.24778], [18.20552, 47.2471], [18.20194, 47.24543], [18.2007, 47.24616], [18.20003, 47.2462], [18.19948, 47.24675], [18.20216, 47.24966], [18.20689, 47.25289], [18.21269, 47.24832], [18.21225, 47.24783], [18.21249, 47.24734], [18.21331, 47.24705], [18.21488, 47.2474], [18.21513, 47.24819], [18.21495, 47.24854], [18.2142, 47.24875], [18.21343, 47.24856], [18.20727, 47.25341], [18.20835, 47.2565], [18.20891, 47.25716], [18.21352, 47.26089], [18.21866, 47.26743], [18.22067, 47.26694], [18.22165, 47.26651], [18.22332, 47.26654], [18.22401, 47.26675], [18.2243, 47.26633], [18.22498, 47.26616], [18.22524, 47.26574], [18.22454, 47.26568], [18.22549, 47.26351], [18.22522, 47.26289], [18.22569, 47.26288], [18.22589, 47.26264], [18.22406, 47.26283], [18.2223, 47.26356], [18.22056, 47.26364], [18.21879, 47.26417], [18.21558, 47.26001], [18.21065, 47.25593], [18.20992, 47.25386], [18.21282, 47.25158], [18.21535, 47.25163], [18.21678, 47.25128], [18.21771, 47.25083], [18.21514, 47.24908], [18.217, 47.24828], [18.21684, 47.24753], [18.2164, 47.24746], [18.21607, 47.24695], [18.21468, 47.2465], [18.21453, 47.24628], [18.21411, 47.24637], [18.21326, 47.24614], [18.21221, 47.24444], [18.21192, 47.24422], [18.21144, 47.24433]]], [[[18.20186, 47.25026], [18.19996, 47.24831], [18.19903, 47.24841], [18.19729, 47.24963], [18.19575, 47.24902], [18.19567, 47.24822], [18.19381, 47.25033], [18.19236, 47.25161], [18.19384, 47.25176], [18.19525, 47.25227], [18.19674, 47.25246], [18.19872, 47.25224], [18.20035, 47.25157], [18.20402, 47.25394], [18.20574, 47.25787], [18.21084, 47.26213], [18.21354, 47.26567], [18.21209, 47.26727], [18.21189, 47.26872], [18.21063, 47.26925], [18.20967, 47.26961], [18.2079, 47.26964], [18.20524, 47.27007], [18.20415, 47.27044], [18.20237, 47.26971], [18.20094, 47.26939], [18.19943, 47.26936], [18.19759, 47.26971], [18.19628, 47.27022], [18.19514, 47.27104], [18.19446, 47.27196], [18.19423, 47.2733], [18.1987, 47.27341], [18.19856, 47.27303], [18.19875, 47.27269], [18.20001, 47.27229], [18.20034, 47.27202], [18.20251, 47.27351], [18.20559, 47.27358], [18.20648, 47.27294], [18.20708, 47.27284], [18.20999, 47.2714], [18.21519, 47.26926], [18.21497, 47.26903], [18.2145, 47.26907], [18.2123, 47.26966], [18.2125, 47.26941], [18.21542, 47.26828], [18.21549, 47.268], [18.21629, 47.26759], [18.21654, 47.26782], [18.2177, 47.26736], [18.21286, 47.26119], [18.20789, 47.25708], [18.20617, 47.25312], [18.20186, 47.25026]]], [[[18.23668, 47.13062], [18.23665, 47.13035], [18.23445, 47.13029], [18.23461, 47.13051], [18.23434, 47.13197], [18.23479, 47.13184], [18.23529, 47.13209], [18.23554, 47.13393], [18.23591, 47.13425], [18.23535, 47.13487], [18.23576, 47.13556], [18.23644, 47.13559], [18.23613, 47.13589], [18.23628, 47.13623], [18.23645, 47.1362], [18.23668, 47.13062]]], [[[18.23458, 47.13461], [18.23424, 47.13415], [18.2343, 47.13397], [18.23424, 47.13315], [18.23422, 47.13322], [18.23426, 47.13345], [18.23424, 47.1341], [18.23427, 47.13471], [18.23458, 47.13461]]], [[[18.2355, 47.13706], [18.23588, 47.13664], [18.23556, 47.13603], [18.23492, 47.13613], [18.23532, 47.13727], [18.2355, 47.13706]]], [[[18.2337, 47.13797], [18.23473, 47.13789], [18.23431, 47.1367], [18.23393, 47.13671], [18.23397, 47.13773], [18.23363, 47.13774], [18.2337, 47.13797]]], [[[18.22321, 47.14194], [18.22324, 47.14252], [18.22955, 47.14177], [18.23214, 47.141], [18.2354, 47.13955], [18.23433, 47.13962], [18.23357, 47.13996], [18.23288, 47.13982], [18.23123, 47.13996], [18.2275, 47.14033], [18.22454, 47.14083], [18.22302, 47.14081], [18.2225, 47.14041], [18.21906, 47.14079], [18.22008, 47.1408], [18.22067, 47.14104], [18.22083, 47.14134], [18.22321, 47.14194]]], [[[18.22271, 47.14436], [18.22593, 47.14446], [18.22744, 47.14325], [18.22632, 47.14452], [18.23052, 47.14405], [18.22781, 47.14894], [18.22361, 47.14906], [18.223, 47.15092], [18.22939, 47.15078], [18.23429, 47.14192], [18.23366, 47.14147], [18.23398, 47.14084], [18.23217, 47.14159], [18.22957, 47.14232], [18.21822, 47.14363], [18.2199, 47.14357], [18.21984, 47.14415], [18.22271, 47.14436]]], [[[18.24844, 47.14633], [18.24809, 47.14628], [18.24791, 47.14597], [18.24738, 47.14618], [18.24719, 47.14581], [18.24742, 47.14515], [18.24766, 47.14589], [18.24796, 47.14586], [18.24796, 47.14521], [18.24771, 47.14496], [18.24891, 47.1449], [18.24873, 47.14396], [18.24725, 47.14194], [18.24486, 47.14133], [18.24388, 47.14074], [18.24305, 47.14074], [18.24184, 47.14], [18.24142, 47.13997], [18.24106, 47.14011], [18.24085, 47.14054], [18.24224, 47.14059], [18.24273, 47.1411], [18.24247, 47.14187], [18.24185, 47.14217], [18.24172, 47.14296], [18.2349, 47.14235], [18.23022, 47.15081], [18.23975, 47.15166], [18.24454, 47.15327], [18.25214, 47.15452], [18.25252, 47.15355], [18.2505, 47.15285], [18.24843, 47.15239], [18.24728, 47.15154], [18.24679, 47.15055], [18.246, 47.15144], [18.24432, 47.15108], [18.24423, 47.15078], [18.24514, 47.14973], [18.24446, 47.14921], [18.24294, 47.15042], [18.24211, 47.15036], [18.24144, 47.15061], [18.23926, 47.1501], [18.23911, 47.14975], [18.23856, 47.14971], [18.23826, 47.14943], [18.23842, 47.14878], [18.23914, 47.14825], [18.23942, 47.14755], [18.24, 47.14723], [18.2403, 47.14673], [18.24035, 47.14574], [18.24066, 47.1456], [18.24141, 47.14565], [18.2418, 47.14589], [18.24391, 47.14611], [18.2441, 47.14636], [18.24381, 47.14687], [18.24441, 47.14701], [18.24547, 47.14632], [18.2468, 47.1464], [18.24697, 47.14665], [18.2466, 47.14772], [18.24705, 47.14808], [18.24768, 47.14691], [18.2485, 47.14693], [18.24893, 47.1474], [18.24872, 47.14778], [18.24931, 47.14957], [18.25125, 47.15049], [18.25271, 47.15032], [18.2537, 47.15099], [18.25394, 47.15086], [18.25243, 47.14976], [18.25219, 47.14996], [18.25195, 47.14987], [18.25181, 47.14948], [18.25113, 47.14961], [18.25068, 47.14998], [18.25036, 47.14938], [18.25088, 47.14911], [18.25079, 47.14862], [18.24966, 47.14741], [18.24895, 47.1472], [18.24936, 47.14694], [18.24902, 47.14663], [18.24886, 47.1457], [18.24852, 47.14573], [18.24844, 47.14633]], [[18.23578, 47.14547], [18.23613, 47.14483], [18.23787, 47.14503], [18.23761, 47.14617], [18.23601, 47.14798], [18.23555, 47.14943], [18.23368, 47.14927], [18.23578, 47.14547]], [[18.24544, 47.14406], [18.24562, 47.14393], [18.24607, 47.14445], [18.24488, 47.1444], [18.24544, 47.14406]]], [[[18.24027, 47.14853], [18.24004, 47.14912], [18.23958, 47.14938], [18.24005, 47.14927], [18.24071, 47.14839], [18.24048, 47.14828], [18.24027, 47.14853]]], [[[18.24675, 47.14923], [18.24685, 47.14868], [18.24657, 47.14904], [18.24675, 47.14923]]], [[[18.21812, 47.17365], [18.21805, 47.17321], [18.21844, 47.17283], [18.21853, 47.17223], [18.21982, 47.17183], [18.22052, 47.17197], [18.22082, 47.17235], [18.22147, 47.17265], [18.22154, 47.17308], [18.22122, 47.17354], [18.22578, 47.17334], [18.22416, 47.17317], [18.22321, 47.17329], [18.21896, 47.17102], [18.21748, 47.17367], [18.21812, 47.17365]]], [[[18.22754, 47.1733], [18.22723, 47.17318], [18.22698, 47.17329], [18.22754, 47.1733]]], [[[18.24583, 47.17326], [18.24439, 47.17363], [18.24284, 47.17434], [18.24369, 47.17524], [18.24368, 47.17549], [18.23881, 47.17918], [18.2396, 47.17974], [18.23954, 47.18006], [18.23529, 47.18204], [18.23567, 47.18332], [18.23551, 47.18364], [18.23654, 47.1836], [18.23745, 47.18336], [18.24152, 47.18131], [18.24223, 47.18043], [18.24222, 47.1793], [18.24592, 47.17651], [18.24636, 47.17578], [18.24639, 47.1751], [18.2473, 47.1748], [18.24941, 47.17452], [18.25572, 47.17426], [18.28286, 47.18585], [18.28369, 47.18738], [18.28515, 47.18836], [18.28744, 47.18892], [18.28966, 47.18875], [18.29217, 47.1898], [18.28343, 47.19272], [18.28233, 47.19257], [18.28141, 47.19267], [18.27662, 47.19432], [18.2815, 47.1917], [18.28209, 47.19077], [18.28185, 47.18957], [18.28093, 47.18877], [18.27427, 47.18588], [18.2746, 47.18489], [18.27435, 47.1839], [18.27207, 47.18217], [18.27001, 47.1814], [18.26849, 47.18137], [18.26608, 47.18212], [18.26354, 47.1836], [18.26242, 47.18365], [18.26158, 47.1839], [18.26039, 47.18481], [18.2587, 47.18514], [18.25742, 47.18615], [18.25716, 47.18672], [18.2572, 47.18751], [18.25813, 47.18885], [18.25858, 47.18995], [18.25848, 47.19094], [18.25899, 47.1918], [18.25721, 47.19422], [18.25728, 47.19526], [18.25803, 47.19613], [18.25743, 47.19683], [18.25437, 47.19584], [18.25421, 47.19481], [18.25341, 47.19405], [18.25244, 47.19368], [18.25134, 47.1936], [18.24966, 47.19411], [18.24802, 47.19429], [18.24677, 47.195], [18.2385, 47.19689], [18.23529, 47.19709], [18.23288, 47.1968], [18.23105, 47.19713], [18.22957, 47.19715], [18.2293, 47.19772], [18.22801, 47.19772], [18.22835, 47.19882], [18.23659, 47.19873], [18.23871, 47.19856], [18.24654, 47.19676], [18.24888, 47.19652], [18.24907, 47.19598], [18.25037, 47.19605], [18.25163, 47.19525], [18.25193, 47.1954], [18.25194, 47.19563], [18.25085, 47.19666], [18.25823, 47.19892], [18.25866, 47.19858], [18.25955, 47.19881], [18.25978, 47.19904], [18.25961, 47.19936], [18.26324, 47.20051], [18.26323, 47.20008], [18.26383, 47.19946], [18.25985, 47.19774], [18.26174, 47.1955], [18.26002, 47.19488], [18.25984, 47.19463], [18.26165, 47.19241], [18.26171, 47.19115], [18.26113, 47.19062], [18.26131, 47.19004], [18.26162, 47.18986], [18.2624, 47.18992], [18.26087, 47.189], [18.26092, 47.18867], [18.26148, 47.18853], [18.26007, 47.18758], [18.25983, 47.18698], [18.26043, 47.18665], [18.2639, 47.18762], [18.26484, 47.18768], [18.26493, 47.18721], [18.26468, 47.18702], [18.26278, 47.18609], [18.26288, 47.18553], [18.2633, 47.18542], [18.26576, 47.18621], [18.26605, 47.18615], [18.26636, 47.18559], [18.26588, 47.18525], [18.26583, 47.18456], [18.2662, 47.18444], [18.26715, 47.18462], [18.26764, 47.1843], [18.26759, 47.18364], [18.26909, 47.18316], [18.27016, 47.18347], [18.27182, 47.18457], [18.27168, 47.18539], [18.27142, 47.18558], [18.27025, 47.18576], [18.26914, 47.18551], [18.26742, 47.18746], [18.26793, 47.18774], [18.26953, 47.1875], [18.27054, 47.18669], [18.27096, 47.18663], [18.27943, 47.19037], [18.27927, 47.19065], [18.27153, 47.19464], [18.27465, 47.1975], [18.27628, 47.19698], [18.27725, 47.19614], [18.28149, 47.1948], [18.28217, 47.19443], [18.28255, 47.19446], [18.28307, 47.19489], [18.29719, 47.19014], [18.29639, 47.18949], [18.29642, 47.18931], [18.28819, 47.18597], [18.28756, 47.18589], [18.28674, 47.18534], [18.25681, 47.17255], [18.24594, 47.17302], [18.24583, 47.17326]]], [[[18.22777, 47.17453], [18.22757, 47.17428], [18.22729, 47.17428], [18.22683, 47.17483], [18.22708, 47.17541], [18.22732, 47.1753], [18.22796, 47.17578], [18.22801, 47.17655], [18.22851, 47.17738], [18.22946, 47.1771], [18.23099, 47.17741], [18.23346, 47.17918], [18.23452, 47.18094], [18.23488, 47.18083], [18.23406, 47.17985], [18.23369, 47.17882], [18.23217, 47.17693], [18.2302, 47.17578], [18.22965, 47.17577], [18.22831, 47.17453], [18.22777, 47.17453]]], [[[18.22763, 47.17571], [18.22694, 47.17543], [18.22619, 47.17601], [18.22682, 47.17624], [18.22805, 47.17725], [18.22762, 47.17654], [18.22763, 47.17571]]], [[[18.22958, 47.17794], [18.23117, 47.17953], [18.23161, 47.18061], [18.23329, 47.18269], [18.23482, 47.18352], [18.23513, 47.18288], [18.23493, 47.18227], [18.23325, 47.17946], [18.23081, 47.17762], [18.22942, 47.17738], [18.22878, 47.17752], [18.22958, 47.17794]]], [[[18.2321, 47.18911], [18.23172, 47.19027], [18.23218, 47.19143], [18.23283, 47.19186], [18.23273, 47.19075], [18.23391, 47.19098], [18.23316, 47.19199], [18.23326, 47.19217], [18.23436, 47.19246], [18.23577, 47.19243], [18.23688, 47.19211], [18.23772, 47.19151], [18.23824, 47.1907], [18.23836, 47.18971], [18.23797, 47.18892], [18.23713, 47.18828], [18.23518, 47.18925], [18.23492, 47.18971], [18.23546, 47.18972], [18.23569, 47.18996], [18.23521, 47.19064], [18.23452, 47.19051], [18.23415, 47.18962], [18.23438, 47.18921], [18.23595, 47.18791], [18.23479, 47.18788], [18.23368, 47.18806], [18.23275, 47.18851], [18.2321, 47.18911]]], [[[18.23968, 47.19904], [18.23588, 47.19936], [18.24597, 47.20054], [18.24537, 47.19988], [18.24553, 47.19938], [18.24647, 47.19917], [18.24866, 47.19979], [18.24908, 47.19893], [18.24862, 47.19865], [18.24858, 47.19823], [18.24902, 47.19788], [18.24963, 47.19785], [18.24989, 47.19722], [18.24842, 47.19719], [18.24679, 47.19739], [18.23968, 47.19904]], [[18.24636, 47.1989], [18.24645, 47.19853], [18.24676, 47.19854], [18.24655, 47.19906], [18.24636, 47.1989]]], [[[18.2336, 47.19981], [18.23407, 47.20038], [18.23386, 47.20069], [18.23339, 47.20087], [18.23282, 47.2008], [18.23245, 47.20047], [18.23254, 47.20003], [18.23297, 47.19978], [18.23138, 47.19961], [18.22571, 47.19963], [18.22361, 47.19998], [18.22346, 47.20035], [18.22303, 47.20048], [18.22247, 47.20167], [18.22181, 47.20146], [18.22219, 47.20131], [18.22248, 47.20019], [18.21958, 47.20099], [18.21769, 47.20122], [18.21918, 47.20144], [18.21962, 47.2018], [18.22042, 47.20171], [18.22111, 47.20218], [18.22173, 47.20202], [18.22691, 47.20338], [18.22554, 47.20231], [18.22523, 47.20124], [18.22822, 47.20112], [18.22886, 47.20219], [18.22985, 47.20297], [18.23116, 47.20353], [18.23311, 47.20384], [18.23461, 47.20372], [18.23599, 47.2033], [18.23713, 47.20264], [18.2379, 47.20183], [18.24271, 47.20239], [18.24336, 47.20274], [18.2441, 47.20374], [18.2441, 47.204], [18.24265, 47.20532], [18.24227, 47.20632], [18.24341, 47.20626], [18.24389, 47.20666], [18.24427, 47.20743], [18.24415, 47.20765], [18.2427, 47.20823], [18.243, 47.20871], [18.24327, 47.20821], [18.24368, 47.20806], [18.24375, 47.20977], [18.24445, 47.21009], [18.24331, 47.21221], [18.24458, 47.21237], [18.24542, 47.21215], [18.24484, 47.21208], [18.24506, 47.21164], [18.24635, 47.21186], [18.24765, 47.2105], [18.24776, 47.21006], [18.24834, 47.20964], [18.24857, 47.20884], [18.24818, 47.20859], [18.24813, 47.20819], [18.24689, 47.20739], [18.2466, 47.2068], [18.244, 47.20622], [18.24662, 47.20609], [18.24668, 47.20644], [18.24709, 47.20616], [18.24798, 47.20601], [18.24862, 47.20529], [18.24843, 47.20375], [18.24882, 47.2027], [18.24792, 47.20218], [18.24746, 47.20286], [18.24705, 47.20298], [18.24675, 47.20265], [18.24521, 47.20225], [18.24586, 47.20124], [18.24578, 47.20106], [18.24465, 47.20093], [18.24435, 47.20125], [18.24419, 47.20108], [18.24104, 47.2007], [18.24111, 47.20053], [18.2338, 47.19965], [18.23352, 47.19938], [18.23142, 47.19942], [18.23364, 47.19963], [18.2336, 47.19981]], [[18.24469, 47.20738], [18.24432, 47.20667], [18.24508, 47.20687], [18.24514, 47.20729], [18.24469, 47.20738]]], [[[18.22119, 47.20263], [18.22087, 47.20295], [18.22118, 47.20319], [18.22179, 47.20245], [18.22117, 47.20231], [18.22119, 47.20263]]], [[[18.22115, 47.2042], [18.22155, 47.20426], [18.22006, 47.20315], [18.21975, 47.20362], [18.21909, 47.20376], [18.22115, 47.2042]]], [[[18.22649, 47.20729], [18.22717, 47.20644], [18.22754, 47.20544], [18.22718, 47.20376], [18.22675, 47.20407], [18.22649, 47.20403], [18.22632, 47.20425], [18.22649, 47.20434], [18.22567, 47.20507], [18.22622, 47.20679], [18.22607, 47.20773], [18.22649, 47.20729]]], [[[18.21644, 47.20565], [18.21492, 47.20554], [18.21489, 47.20577], [18.21774, 47.20581], [18.21644, 47.20565]]], [[[18.24324, 47.21122], [18.24131, 47.21013], [18.23933, 47.20978], [18.23805, 47.20985], [18.23885, 47.20991], [18.23833, 47.21037], [18.23648, 47.21096], [18.23553, 47.21217], [18.23639, 47.21257], [18.2366, 47.21242], [18.23748, 47.21278], [18.23933, 47.21273], [18.23977, 47.21301], [18.23988, 47.21338], [18.23947, 47.21381], [18.23878, 47.21385], [18.23822, 47.2134], [18.23854, 47.21286], [18.23672, 47.21292], [18.23538, 47.21237], [18.23469, 47.21329], [18.23443, 47.21325], [18.23463, 47.21286], [18.23438, 47.21277], [18.23399, 47.21309], [18.23387, 47.21348], [18.23416, 47.21449], [18.23519, 47.21567], [18.23422, 47.21746], [18.23489, 47.21779], [18.23493, 47.21831], [18.23534, 47.21849], [18.23579, 47.21778], [18.23651, 47.21811], [18.23727, 47.21799], [18.23839, 47.21833], [18.23896, 47.21804], [18.23868, 47.21771], [18.23876, 47.21736], [18.23921, 47.21707], [18.23976, 47.21707], [18.24034, 47.21539], [18.24133, 47.21407], [18.2425, 47.21352], [18.24258, 47.21289], [18.24382, 47.21017], [18.24331, 47.20998], [18.24324, 47.21122]]], [[[18.21997, 47.21899], [18.22034, 47.21862], [18.22024, 47.2184], [18.21988, 47.21892], [18.21997, 47.21899]]], [[[18.22048, 47.21893], [18.22063, 47.21885], [18.22042, 47.21871], [18.2203, 47.21886], [18.22048, 47.21893]]], [[[18.21654, 47.2459], [18.21724, 47.2449], [18.21518, 47.2443], [18.21474, 47.24609], [18.2161, 47.24657], [18.21654, 47.2459]]], [[[18.2258, 47.26435], [18.22537, 47.26538], [18.2255, 47.26563], [18.22637, 47.26565], [18.22679, 47.266], [18.2297, 47.26592], [18.22974, 47.26517], [18.2328, 47.26524], [18.2328, 47.26415], [18.2303, 47.2642], [18.22868, 47.26314], [18.22679, 47.26268], [18.2266, 47.26267], [18.2258, 47.26435]]], [[[18.23318, 47.2644], [18.23335, 47.26526], [18.23571, 47.26531], [18.23522, 47.26462], [18.23456, 47.26467], [18.23321, 47.26421], [18.23318, 47.2644]]], [[[18.22663, 47.26732], [18.22599, 47.26764], [18.22644, 47.26861], [18.22687, 47.26882], [18.22872, 47.26898], [18.22955, 47.26885], [18.22967, 47.26656], [18.22905, 47.26658], [18.22837, 47.26686], [18.22813, 47.26741], [18.22752, 47.2675], [18.22717, 47.26731], [18.22663, 47.26732]]], [[[18.21778, 47.26766], [18.21774, 47.26767], [18.21774, 47.26767], [18.21778, 47.26766]]], [[[18.21621, 47.26826], [18.21531, 47.26882], [18.21537, 47.26917], [18.21639, 47.2687], [18.21621, 47.26826]]], [[[18.22135, 47.27003], [18.21987, 47.26906], [18.21858, 47.26918], [18.21899, 47.26975], [18.21858, 47.26989], [18.21802, 47.26938], [18.21743, 47.26938], [18.21699, 47.26908], [18.20904, 47.27253], [18.20951, 47.27268], [18.21078, 47.27371], [18.21472, 47.2738], [18.21551, 47.2734], [18.21449, 47.27216], [18.21513, 47.27189], [18.21624, 47.27223], [18.21752, 47.27237], [18.22085, 47.27065], [18.22135, 47.27003]]], [[[18.22522, 47.2689], [18.22439, 47.26885], [18.22391, 47.26824], [18.22325, 47.26827], [18.22174, 47.26879], [18.22064, 47.26882], [18.22126, 47.2693], [18.2262, 47.27181], [18.22927, 47.27416], [18.22938, 47.27203], [18.22825, 47.27117], [18.22946, 47.27047], [18.22951, 47.26949], [18.22712, 47.26929], [18.22612, 47.26858], [18.22522, 47.2689]]], [[[18.21774, 47.27238], [18.22101, 47.27193], [18.2228, 47.27285], [18.22442, 47.27404], [18.22776, 47.27412], [18.22446, 47.27163], [18.22148, 47.27009], [18.221, 47.27065], [18.21774, 47.27238]]], [[[18.21559, 47.27357], [18.21555, 47.27348], [18.21491, 47.27381], [18.21568, 47.27383], [18.21559, 47.27357]]], [[[18.24914, 47.13994], [18.24865, 47.14104], [18.24822, 47.14127], [18.24763, 47.14125], [18.24764, 47.14146], [18.24975, 47.14418], [18.25087, 47.14789], [18.25187, 47.14816], [18.25268, 47.14817], [18.2547, 47.14722], [18.25544, 47.14742], [18.25562, 47.14972], [18.25729, 47.15102], [18.25698, 47.15154], [18.25746, 47.15173], [18.25758, 47.15159], [18.25969, 47.15265], [18.26106, 47.15108], [18.25991, 47.15059], [18.25934, 47.14983], [18.2583, 47.14909], [18.25825, 47.1474], [18.25791, 47.14664], [18.25693, 47.14589], [18.25546, 47.14541], [18.25423, 47.14541], [18.25291, 47.14583], [18.25237, 47.14376], [18.25197, 47.14307], [18.26475, 47.14956], [18.26615, 47.14819], [18.24935, 47.13965], [18.24914, 47.13994]]], [[[18.26657, 47.14773], [18.26678, 47.14785], [18.2674, 47.14729], [18.26742, 47.14772], [18.26712, 47.14806], [18.27058, 47.15066], [18.27107, 47.14979], [18.27169, 47.14951], [18.27185, 47.14894], [18.27261, 47.1487], [18.27343, 47.14886], [18.27397, 47.14943], [18.2762, 47.15082], [18.27667, 47.15146], [18.27666, 47.15183], [18.27586, 47.15227], [18.27584, 47.15268], [18.27547, 47.15304], [18.27496, 47.1531], [18.27527, 47.15361], [18.27507, 47.15401], [18.2766, 47.15516], [18.28349, 47.15709], [18.28364, 47.15652], [18.28446, 47.15586], [18.28671, 47.15601], [18.28718, 47.1553], [18.2877, 47.15546], [18.28823, 47.15528], [18.28836, 47.15275], [18.28805, 47.15277], [18.28733, 47.15329], [18.28627, 47.15318], [18.28575, 47.15267], [18.28551, 47.15171], [18.28619, 47.15089], [18.28729, 47.15035], [18.28764, 47.14993], [18.28851, 47.14986], [18.28852, 47.14959], [18.28709, 47.14955], [18.28658, 47.14978], [18.28672, 47.14954], [18.28633, 47.14953], [18.28518, 47.15101], [18.28535, 47.15108], [18.28468, 47.15227], [18.28322, 47.15017], [18.28465, 47.15142], [18.28566, 47.15011], [18.28503, 47.14989], [18.28507, 47.14969], [18.28466, 47.14949], [18.28315, 47.14946], [18.28314, 47.15007], [18.28289, 47.14945], [18.28239, 47.14944], [18.28172, 47.15014], [18.28078, 47.15051], [18.28, 47.14938], [18.27535, 47.14927], [18.27581, 47.14028], [18.27548, 47.14028], [18.27507, 47.14084], [18.27375, 47.14348], [18.27397, 47.14481], [18.27506, 47.1461], [18.27352, 47.1458], [18.27186, 47.14577], [18.27042, 47.14606], [18.26879, 47.14684], [18.25546, 47.14003], [18.25568, 47.1398], [18.25073, 47.13969], [18.26657, 47.14773]], [[18.28486, 47.15361], [18.28498, 47.15441], [18.28557, 47.15455], [18.28586, 47.15486], [18.28549, 47.15556], [18.28459, 47.15564], [18.2838, 47.15599], [18.28204, 47.15542], [18.28187, 47.15487], [18.28329, 47.15293], [18.28379, 47.15279], [18.28444, 47.15293], [18.28486, 47.15361]]], [[[18.26197, 47.15253], [18.26105, 47.1533], [18.26297, 47.15492], [18.26373, 47.1551], [18.26483, 47.15593], [18.27363, 47.15857], [18.27492, 47.15627], [18.27468, 47.15598], [18.27547, 47.15516], [18.27212, 47.15282], [18.27131, 47.15261], [18.27088, 47.15193], [18.27075, 47.15185], [18.26781, 47.15486], [18.26728, 47.15494], [18.26675, 47.15477], [18.26648, 47.15445], [18.26657, 47.1541], [18.26598, 47.15383], [18.26924, 47.15045], [18.26667, 47.14852], [18.26301, 47.15217], [18.26234, 47.15253], [18.26197, 47.15253]]], [[[18.26887, 47.15774], [18.26821, 47.15753], [18.26802, 47.15791], [18.27041, 47.15895], [18.27005, 47.16012], [18.26823, 47.16127], [18.26667, 47.16189], [18.26536, 47.16307], [18.26135, 47.16766], [18.2609, 47.16772], [18.25792, 47.16655], [18.25763, 47.16696], [18.25714, 47.16712], [18.25641, 47.16698], [18.25604, 47.16668], [18.25536, 47.16748], [18.25633, 47.16801], [18.25683, 47.16992], [18.25745, 47.17087], [18.2586, 47.17142], [18.25888, 47.17193], [18.30067, 47.17018], [18.30074, 47.16878], [18.28722, 47.16373], [18.28567, 47.16322], [18.28201, 47.16243], [18.2744, 47.15934], [18.26887, 47.15774]], [[18.25808, 47.1703], [18.25754, 47.17007], [18.25902, 47.16982], [18.26, 47.16945], [18.26184, 47.16952], [18.26336, 47.16888], [18.26719, 47.16456], [18.26644, 47.16429], [18.269, 47.16101], [18.26943, 47.16082], [18.27029, 47.16101], [18.27059, 47.16127], [18.27135, 47.16128], [18.27189, 47.16149], [18.27253, 47.16083], [18.27313, 47.16096], [18.27788, 47.16292], [18.27882, 47.16403], [18.28101, 47.16532], [18.28224, 47.16567], [18.28372, 47.16584], [18.28618, 47.16543], [18.29515, 47.16874], [18.25808, 47.1703]]], [[[18.24815, 47.16825], [18.25516, 47.17121], [18.25618, 47.17002], [18.24898, 47.16725], [18.24815, 47.16825]]], [[[18.25475, 47.17168], [18.25068, 47.16994], [18.24868, 47.17234], [18.25565, 47.17206], [18.25475, 47.17168]]], [[[18.26419, 47.17512], [18.28743, 47.18499], [18.2879, 47.18483], [18.28846, 47.18492], [18.2888, 47.18521], [18.2888, 47.18559], [18.2956, 47.18842], [18.29826, 47.18928], [18.30279, 47.1883], [18.31313, 47.18479], [18.31323, 47.18271], [18.31147, 47.18331], [18.30766, 47.17887], [18.30881, 47.17706], [18.30619, 47.177], [18.30537, 47.17788], [18.30526, 47.17846], [18.30407, 47.17898], [18.30477, 47.17912], [18.30987, 47.1851], [18.30981, 47.18547], [18.29843, 47.18908], [18.2979, 47.18904], [18.28994, 47.18526], [18.28916, 47.18546], [18.28903, 47.18507], [18.28563, 47.1836], [18.2856, 47.18336], [18.28901, 47.17817], [18.29021, 47.17353], [18.30052, 47.17315], [18.30063, 47.17088], [18.30016, 47.17076], [18.29091, 47.17122], [18.29074, 47.17174], [18.28844, 47.17128], [18.28677, 47.1713], [18.25932, 47.17247], [18.25895, 47.17284], [18.26419, 47.17512]], [[18.27238, 47.17645], [18.26622, 47.17382], [18.27536, 47.17343], [18.27492, 47.17475], [18.27544, 47.17598], [18.27864, 47.17813], [18.27972, 47.17844], [18.2806, 47.17848], [18.28173, 47.17826], [18.28245, 47.17792], [18.28322, 47.17738], [18.28371, 47.17665], [18.28377, 47.17585], [18.28335, 47.17505], [18.28325, 47.17412], [18.28254, 47.17314], [18.28765, 47.17292], [18.28642, 47.17763], [18.28396, 47.18136], [18.27238, 47.17645]], [[18.27761, 47.17483], [18.27804, 47.174], [18.28003, 47.17408], [18.28055, 47.17437], [18.28069, 47.17476], [18.27999, 47.17538], [18.28102, 47.17597], [18.28106, 47.17628], [18.28052, 47.17662], [18.28012, 47.17661], [18.27761, 47.17483]]], [[[18.25062, 47.19749], [18.24958, 47.1996], [18.25231, 47.20051], [18.25326, 47.20063], [18.25408, 47.2012], [18.25631, 47.20192], [18.25713, 47.20194], [18.25816, 47.20238], [18.25974, 47.20258], [18.26143, 47.20235], [18.26111, 47.20168], [18.26202, 47.20082], [18.2519, 47.19759], [18.25067, 47.19732], [18.25062, 47.19749]]], [[[18.26939, 47.20218], [18.26899, 47.20226], [18.26723, 47.20179], [18.27079, 47.20309], [18.27031, 47.20267], [18.27028, 47.20225], [18.27075, 47.20189], [18.27136, 47.20187], [18.2721, 47.20236], [18.27289, 47.20232], [18.27347, 47.20257], [18.27362, 47.20303], [18.27315, 47.20349], [18.27467, 47.20411], [18.27534, 47.20373], [18.27625, 47.20398], [18.27688, 47.20491], [18.27643, 47.20578], [18.27579, 47.20605], [18.27476, 47.20586], [18.27645, 47.20712], [18.27802, 47.205], [18.27881, 47.20452], [18.27894, 47.20475], [18.27673, 47.20732], [18.27833, 47.20826], [18.27979, 47.2088], [18.28313, 47.20964], [18.28463, 47.20825], [18.2803, 47.20711], [18.28095, 47.20606], [18.28122, 47.20505], [18.2811, 47.20422], [18.28004, 47.20349], [18.28021, 47.20328], [18.28097, 47.20388], [18.28041, 47.20302], [18.28467, 47.20456], [18.28453, 47.2052], [18.28478, 47.206], [18.28596, 47.20696], [18.28739, 47.20556], [18.28606, 47.207], [18.28732, 47.20746], [18.28715, 47.2077], [18.28788, 47.20809], [18.28957, 47.20874], [18.28977, 47.20866], [18.28967, 47.20836], [18.29086, 47.20666], [18.28727, 47.20531], [18.28727, 47.20506], [18.28845, 47.20384], [18.27382, 47.19859], [18.2723, 47.1991], [18.27202, 47.20015], [18.26939, 47.20218]]], [[[18.2643, 47.20085], [18.26618, 47.20145], [18.26621, 47.20139], [18.2643, 47.20085]]], [[[18.26324, 47.20205], [18.2631, 47.2026], [18.26328, 47.20306], [18.26372, 47.2031], [18.26372, 47.20333], [18.26454, 47.20328], [18.26545, 47.2035], [18.26587, 47.20279], [18.26606, 47.20284], [18.26591, 47.20346], [18.26622, 47.20352], [18.26621, 47.20374], [18.2665, 47.20348], [18.26683, 47.20358], [18.26798, 47.20323], [18.26893, 47.20351], [18.26983, 47.20342], [18.26466, 47.20166], [18.26443, 47.20234], [18.26324, 47.20205]], [[18.26895, 47.20321], [18.26887, 47.20329], [18.26879, 47.20325], [18.26886, 47.20317], [18.26895, 47.20321]]], [[[18.27024, 47.2039], [18.26944, 47.204], [18.26959, 47.20441], [18.2702, 47.20448], [18.27059, 47.20474], [18.27057, 47.20525], [18.2701, 47.20554], [18.27082, 47.20624], [18.27054, 47.2066], [18.27146, 47.20683], [18.2727, 47.20528], [18.27055, 47.20379], [18.27024, 47.2039]]], [[[18.26365, 47.20654], [18.2629, 47.20715], [18.2623, 47.20729], [18.26184, 47.20776], [18.26222, 47.20791], [18.26272, 47.20784], [18.26302, 47.20825], [18.26435, 47.2067], [18.26365, 47.20654]]], [[[18.2678, 47.20678], [18.26712, 47.20717], [18.26656, 47.20725], [18.26533, 47.20666], [18.2646, 47.20671], [18.26316, 47.20832], [18.26364, 47.20853], [18.26341, 47.209], [18.26398, 47.20922], [18.26435, 47.20877], [18.2649, 47.20891], [18.26522, 47.20862], [18.26506, 47.20921], [18.26578, 47.21007], [18.26669, 47.21026], [18.26725, 47.21078], [18.26975, 47.2088], [18.27091, 47.20727], [18.26972, 47.20697], [18.2708, 47.20725], [18.27069, 47.20741], [18.2678, 47.20678]]], [[[18.2567, 47.21086], [18.25526, 47.2108], [18.25492, 47.21129], [18.25378, 47.21166], [18.25367, 47.21199], [18.25649, 47.21333], [18.25718, 47.2118], [18.25704, 47.21083], [18.2567, 47.21086]]], [[[18.24522, 47.21232], [18.24518, 47.21246], [18.24581, 47.21275], [18.24609, 47.21231], [18.24575, 47.2122], [18.24615, 47.21203], [18.24522, 47.21232]]], [[[18.24848, 47.21377], [18.2488, 47.21321], [18.24932, 47.21302], [18.24929, 47.2127], [18.2487, 47.21241], [18.24859, 47.21196], [18.24798, 47.21185], [18.247, 47.21255], [18.24629, 47.21263], [18.2467, 47.21292], [18.24711, 47.21281], [18.24698, 47.21311], [18.24783, 47.21326], [18.24745, 47.2138], [18.2481, 47.21396], [18.24817, 47.21375], [18.24847, 47.21388], [18.24848, 47.21377]]], [[[18.25384, 47.2141], [18.25297, 47.21391], [18.25151, 47.21247], [18.25095, 47.21235], [18.25096, 47.21296], [18.25052, 47.21333], [18.25062, 47.21395], [18.24986, 47.21429], [18.2497, 47.2147], [18.24926, 47.21493], [18.24941, 47.21516], [18.24962, 47.21503], [18.25119, 47.21509], [18.25175, 47.21493], [18.25171, 47.21452], [18.25209, 47.21419], [18.25302, 47.2141], [18.25356, 47.21461], [18.25376, 47.21458], [18.25384, 47.2141]]], [[[18.2566, 47.21414], [18.25696, 47.21436], [18.25677, 47.21586], [18.25606, 47.21658], [18.25525, 47.217], [18.25635, 47.21643], [18.25685, 47.21589], [18.257, 47.21548], [18.25703, 47.21344], [18.2566, 47.21414]]], [[[18.26888, 47.22427], [18.26916, 47.22425], [18.26883, 47.22425], [18.26888, 47.22427]]], [[[18.26795, 47.2253], [18.26727, 47.22534], [18.26655, 47.22478], [18.26584, 47.22488], [18.26528, 47.22458], [18.2648, 47.22497], [18.26513, 47.22523], [18.26399, 47.22612], [18.26494, 47.22689], [18.26701, 47.22771], [18.26899, 47.22635], [18.26832, 47.22637], [18.26787, 47.22619], [18.26765, 47.22585], [18.2678, 47.22549], [18.26816, 47.22526], [18.26886, 47.22517], [18.26968, 47.22551], [18.27045, 47.22478], [18.27058, 47.22426], [18.26997, 47.22412], [18.26922, 47.22425], [18.26851, 47.2252], [18.26829, 47.22506], [18.26795, 47.2253]]], [[[18.26868, 47.24102], [18.26879, 47.24051], [18.26773, 47.24132], [18.26577, 47.2413], [18.2639, 47.2418], [18.26238, 47.24282], [18.26188, 47.24343], [18.26149, 47.24442], [18.26167, 47.24457], [18.26231, 47.2443], [18.26238, 47.24462], [18.2628, 47.24436], [18.26286, 47.24466], [18.26319, 47.24439], [18.26333, 47.24469], [18.26378, 47.24471], [18.26463, 47.24447], [18.26466, 47.24374], [18.26442, 47.24383], [18.26413, 47.24365], [18.26315, 47.24353], [18.26276, 47.24364], [18.26247, 47.24321], [18.26214, 47.24318], [18.26229, 47.24297], [18.26451, 47.2436], [18.26501, 47.24359], [18.26609, 47.24433], [18.26662, 47.24421], [18.26714, 47.2443], [18.268, 47.24482], [18.26802, 47.24519], [18.26774, 47.2455], [18.26679, 47.24558], [18.26602, 47.24521], [18.2658, 47.24481], [18.26455, 47.24551], [18.26402, 47.24525], [18.2633, 47.24525], [18.26145, 47.24478], [18.26165, 47.24579], [18.26239, 47.24684], [18.26445, 47.24674], [18.26498, 47.24705], [18.26478, 47.24726], [18.26326, 47.24709], [18.26281, 47.2472], [18.26425, 47.24798], [18.2656, 47.24844], [18.26809, 47.24855], [18.26952, 47.24822], [18.27067, 47.24767], [18.27203, 47.24791], [18.26998, 47.249], [18.27205, 47.25042], [18.27293, 47.24964], [18.27522, 47.24829], [18.28081, 47.24554], [18.28062, 47.24528], [18.28092, 47.24501], [18.28036, 47.24453], [18.28076, 47.24381], [18.28051, 47.24343], [18.28075, 47.24302], [18.28017, 47.24262], [18.28065, 47.24177], [18.28093, 47.2424], [18.28139, 47.24263], [18.28207, 47.24192], [18.28411, 47.24094], [18.28449, 47.24046], [18.28399, 47.23979], [18.28278, 47.23955], [18.28078, 47.2396], [18.27938, 47.23998], [18.27786, 47.24081], [18.27967, 47.2417], [18.28019, 47.24212], [18.28013, 47.24229], [18.27761, 47.24098], [18.27716, 47.24134], [18.27573, 47.24023], [18.27553, 47.24037], [18.27312, 47.23955], [18.27154, 47.23962], [18.2689, 47.24045], [18.27226, 47.24209], [18.27214, 47.24246], [18.26902, 47.24094], [18.26871, 47.24161], [18.26659, 47.24307], [18.26648, 47.24349], [18.26611, 47.24336], [18.26577, 47.24305], [18.26772, 47.24203], [18.26868, 47.24102]], [[18.26694, 47.24563], [18.2677, 47.24634], [18.26721, 47.24657], [18.26681, 47.24639], [18.26672, 47.246], [18.26604, 47.24667], [18.26548, 47.24615], [18.26694, 47.24563]], [[18.27336, 47.24277], [18.27418, 47.24446], [18.27347, 47.24493], [18.27237, 47.24494], [18.27193, 47.24473], [18.27155, 47.24414], [18.27127, 47.24308], [18.27158, 47.24278], [18.27249, 47.24251], [18.27336, 47.24277]]], [[[18.25617, 47.24925], [18.25703, 47.24979], [18.25716, 47.24963], [18.25655, 47.24911], [18.25723, 47.24931], [18.2574, 47.24917], [18.25583, 47.24887], [18.25617, 47.24925]]], [[[18.25986, 47.25068], [18.25893, 47.24987], [18.25785, 47.24933], [18.25673, 47.25031], [18.25817, 47.25116], [18.25913, 47.25114], [18.25991, 47.25092], [18.25986, 47.25068]]], [[[18.25652, 47.25034], [18.25651, 47.25032], [18.2565, 47.25033], [18.25652, 47.25034]]], [[[18.26773, 47.25413], [18.26831, 47.25386], [18.26895, 47.25349], [18.26769, 47.25414], [18.26773, 47.25413]]], [[[18.26895, 47.25508], [18.26827, 47.25453], [18.26612, 47.25537], [18.26644, 47.25561], [18.26765, 47.25485], [18.26847, 47.25552], [18.26895, 47.25508]]], [[[18.26489, 47.25536], [18.26574, 47.25489], [18.26755, 47.25419], [18.26564, 47.25458], [18.26581, 47.25484], [18.26527, 47.25501], [18.26444, 47.25485], [18.26343, 47.2552], [18.26302, 47.25603], [18.26229, 47.25643], [18.26237, 47.25657], [18.26325, 47.25636], [18.26489, 47.25536]]], [[[18.26164, 47.25736], [18.26195, 47.2572], [18.26209, 47.2571], [18.26145, 47.25707], [18.26164, 47.25736]]], [[[18.28521, 47.1496], [18.28563, 47.14967], [18.28577, 47.14952], [18.28495, 47.1495], [18.28521, 47.1496]]], [[[18.27696, 47.15628], [18.27711, 47.15592], [18.27626, 47.15565], [18.27573, 47.15567], [18.27536, 47.15612], [18.27552, 47.15626], [18.27506, 47.15655], [18.27504, 47.15786], [18.27469, 47.15883], [18.27699, 47.15981], [18.27787, 47.15899], [18.27805, 47.15838], [18.27899, 47.15824], [18.28002, 47.15921], [18.27932, 47.16016], [18.28218, 47.16129], [18.28417, 47.15927], [18.28265, 47.15892], [18.28222, 47.15861], [18.27695, 47.15684], [18.27714, 47.15665], [18.27696, 47.15628]]], [[[18.28733, 47.16157], [18.28675, 47.16126], [18.28564, 47.16265], [18.28941, 47.16388], [18.30077, 47.16818], [18.30087, 47.16615], [18.29244, 47.16295], [18.29286, 47.16236], [18.29549, 47.16282], [18.29718, 47.16273], [18.2983, 47.16239], [18.29989, 47.16156], [18.30106, 47.16243], [18.30121, 47.15958], [18.29862, 47.16011], [18.29697, 47.161], [18.29618, 47.16118], [18.28913, 47.15992], [18.28862, 47.16066], [18.28888, 47.16101], [18.28868, 47.16148], [18.28809, 47.16172], [18.28733, 47.16157]]], [[[18.28863, 47.184], [18.28728, 47.183], [18.28707, 47.18273], [18.28675, 47.1832], [18.28863, 47.184]]], [[[18.27202, 47.20384], [18.27299, 47.20456], [18.27327, 47.20477], [18.27369, 47.2043], [18.27163, 47.20357], [18.27202, 47.20384]]], [[[18.27237, 47.20679], [18.27221, 47.20701], [18.27326, 47.20726], [18.27429, 47.20644], [18.27324, 47.20567], [18.27237, 47.20679]]], [[[18.27522, 47.20734], [18.27566, 47.20752], [18.27586, 47.20789], [18.276, 47.20769], [18.27461, 47.20668], [18.27361, 47.20734], [18.27413, 47.20747], [18.27496, 47.20713], [18.27522, 47.20734]]], [[[18.27149, 47.20744], [18.27146, 47.2074], [18.27126, 47.20735], [18.27149, 47.20744]]], [[[18.27331, 47.20806], [18.27362, 47.20822], [18.27401, 47.20801], [18.27324, 47.20783], [18.27316, 47.20796], [18.27152, 47.20741], [18.27331, 47.20806]]], [[[18.28551, 47.20862], [18.28579, 47.20853], [18.28483, 47.2083], [18.28423, 47.20894], [18.28551, 47.20862]]], [[[18.276, 47.20853], [18.27545, 47.20837], [18.27526, 47.20843], [18.27529, 47.20845], [18.276, 47.20853]]], [[[18.27796, 47.20882], [18.27716, 47.20848], [18.27624, 47.20855], [18.27813, 47.20891], [18.27796, 47.20882]]], [[[18.28808, 47.21086], [18.28943, 47.20898], [18.28694, 47.20847], [18.287, 47.20883], [18.28614, 47.20862], [18.28397, 47.20928], [18.28358, 47.20963], [18.2836, 47.20976], [18.28808, 47.21086]]], [[[18.27594, 47.20898], [18.27767, 47.21027], [18.28129, 47.2119], [18.28499, 47.21313], [18.28937, 47.21559], [18.29387, 47.21749], [18.29602, 47.21303], [18.29024, 47.21223], [18.28805, 47.21173], [18.28808, 47.21153], [18.28766, 47.21142], [18.28748, 47.2116], [18.2825, 47.21045], [18.27532, 47.20848], [18.27594, 47.20898]], [[18.29078, 47.21422], [18.29013, 47.21378], [18.2929, 47.2142], [18.29154, 47.21444], [18.29078, 47.21422]]], [[[18.27643, 47.2102], [18.27583, 47.21071], [18.27492, 47.21061], [18.27131, 47.21308], [18.27223, 47.21372], [18.27195, 47.21377], [18.27223, 47.21397], [18.27362, 47.21346], [18.27485, 47.21367], [18.27479, 47.21383], [18.27524, 47.21391], [18.27826, 47.21317], [18.27977, 47.21384], [18.27844, 47.21511], [18.27795, 47.21631], [18.27943, 47.21676], [18.27888, 47.21761], [18.27941, 47.21771], [18.2792, 47.21809], [18.28054, 47.21847], [18.28082, 47.21806], [18.28367, 47.21893], [18.28465, 47.21908], [18.28513, 47.21868], [18.28557, 47.21893], [18.28524, 47.2186], [18.28466, 47.21873], [18.28413, 47.21857], [18.2837, 47.21764], [18.28233, 47.21687], [18.2825, 47.21621], [18.28324, 47.21586], [18.28444, 47.21608], [18.28571, 47.21672], [18.28595, 47.21723], [18.28692, 47.21779], [18.28779, 47.21905], [18.28842, 47.21908], [18.28887, 47.21944], [18.28948, 47.2195], [18.28997, 47.21907], [18.29067, 47.21896], [18.29064, 47.21857], [18.29092, 47.21825], [18.29184, 47.21814], [18.29227, 47.21752], [18.29021, 47.21645], [18.28891, 47.21602], [18.28456, 47.21358], [18.28088, 47.21236], [18.27721, 47.21072], [18.27643, 47.2102]]], [[[18.28301, 47.22266], [18.28319, 47.22259], [18.28308, 47.22244], [18.2827, 47.22266], [18.28301, 47.22266]]], [[[18.28507, 47.22422], [18.28511, 47.22408], [18.28493, 47.22401], [18.28499, 47.2242], [18.28507, 47.22422]]], [[[18.28519, 47.22458], [18.28507, 47.22423], [18.28377, 47.22461], [18.28245, 47.22413], [18.28211, 47.22384], [18.28162, 47.22425], [18.28102, 47.22413], [18.28086, 47.22386], [18.28056, 47.22393], [18.28061, 47.22418], [18.27981, 47.22424], [18.27948, 47.22386], [18.27887, 47.22413], [18.27888, 47.22448], [18.27758, 47.22535], [18.27834, 47.22586], [18.28127, 47.22681], [18.28177, 47.22655], [18.28238, 47.2266], [18.28274, 47.22685], [18.28298, 47.22747], [18.28328, 47.2269], [18.28427, 47.22636], [18.28379, 47.22624], [18.2835, 47.22594], [18.28283, 47.22633], [18.28183, 47.22609], [18.28132, 47.22533], [18.28142, 47.22491], [18.28188, 47.22463], [18.28256, 47.22468], [18.28323, 47.22513], [18.28352, 47.2256], [18.28419, 47.22471], [18.28519, 47.22458]]], [[[18.28567, 47.22714], [18.28484, 47.22747], [18.28462, 47.22781], [18.28419, 47.22799], [18.28487, 47.22817], [18.28567, 47.22714]]], [[[18.28398, 47.22812], [18.28413, 47.228], [18.28382, 47.22798], [18.28382, 47.22801], [18.28398, 47.22812]]], [[[18.28155, 47.23486], [18.28195, 47.23445], [18.28412, 47.23377], [18.28243, 47.23311], [18.28183, 47.23327], [18.28129, 47.23302], [18.27983, 47.23339], [18.27898, 47.23439], [18.27902, 47.23576], [18.27983, 47.23701], [18.28095, 47.23781], [18.28274, 47.23843], [18.28383, 47.23855], [18.28344, 47.2383], [18.28304, 47.23841], [18.28224, 47.23751], [18.28213, 47.2371], [18.28286, 47.23661], [18.28419, 47.23604], [18.28473, 47.23655], [18.28457, 47.23708], [18.2849, 47.23707], [18.28532, 47.23735], [18.28542, 47.23701], [18.28593, 47.23668], [18.28644, 47.23642], [18.28677, 47.23647], [18.28735, 47.23608], [18.28732, 47.23582], [18.28585, 47.2359], [18.28556, 47.23571], [18.28367, 47.23604], [18.28316, 47.23569], [18.28244, 47.23585], [18.28168, 47.23561], [18.28083, 47.23592], [18.2803, 47.23584], [18.28138, 47.23522], [18.28155, 47.23486]]], [[[18.28233, 47.24252], [18.28341, 47.2435], [18.28257, 47.24414], [18.28279, 47.24463], [18.28461, 47.24388], [18.28434, 47.24327], [18.28503, 47.24277], [18.28586, 47.24274], [18.28636, 47.24322], [18.28942, 47.24209], [18.28969, 47.24164], [18.28877, 47.24126], [18.28782, 47.24038], [18.28746, 47.24058], [18.28706, 47.24044], [18.28719, 47.24019], [18.28661, 47.23965], [18.28344, 47.24162], [18.28205, 47.24222], [18.28187, 47.24247], [18.28233, 47.24252]]], [[[18.28111, 47.24398], [18.2809, 47.2439], [18.2809, 47.2442], [18.28121, 47.24406], [18.28111, 47.24398]]], [[[18.28226, 47.24624], [18.28147, 47.24589], [18.27572, 47.24871], [18.27314, 47.25027], [18.27193, 47.25178], [18.27895, 47.24799], [18.27972, 47.24774], [18.28023, 47.24777], [18.28048, 47.2472], [18.28215, 47.24639], [18.2829, 47.24649], [18.2832, 47.24679], [18.28318, 47.24714], [18.2841, 47.24739], [18.28424, 47.24775], [18.28406, 47.24805], [18.28441, 47.24848], [18.2908, 47.24863], [18.29125, 47.248], [18.291, 47.24759], [18.29045, 47.24786], [18.28924, 47.24792], [18.28866, 47.24776], [18.28846, 47.24743], [18.28794, 47.2478], [18.28705, 47.24796], [18.28638, 47.24755], [18.28568, 47.24746], [18.28484, 47.24656], [18.28533, 47.24618], [18.28483, 47.24573], [18.28462, 47.2458], [18.28378, 47.24537], [18.28441, 47.2449], [18.28733, 47.2441], [18.28693, 47.24363], [18.28243, 47.24544], [18.2829, 47.24547], [18.28322, 47.24582], [18.28226, 47.24624]]], [[[18.28235, 47.24811], [18.28228, 47.24778], [18.28154, 47.24835], [18.28075, 47.24838], [18.28028, 47.24897], [18.27849, 47.24973], [18.27851, 47.25006], [18.27906, 47.25005], [18.28025, 47.25048], [18.28052, 47.25015], [18.28137, 47.24979], [18.28094, 47.2493], [18.28102, 47.24889], [18.28241, 47.24845], [18.28235, 47.24811]]], [[[18.27737, 47.25048], [18.27735, 47.25044], [18.27732, 47.2505], [18.27737, 47.25048]]], [[[18.27964, 47.25197], [18.27985, 47.25187], [18.27968, 47.25178], [18.27911, 47.252], [18.27946, 47.25209], [18.27964, 47.25197]]], [[[18.26957, 47.25215], [18.26981, 47.25275], [18.26925, 47.25328], [18.27053, 47.25239], [18.27152, 47.25112], [18.26957, 47.25215]]], [[[18.27606, 47.25285], [18.276, 47.25209], [18.27562, 47.25173], [18.27566, 47.25135], [18.27541, 47.25134], [18.27461, 47.2517], [18.27427, 47.25211], [18.27344, 47.25242], [18.2732, 47.25282], [18.2726, 47.25307], [18.2725, 47.25362], [18.27173, 47.25387], [18.27156, 47.25415], [18.27311, 47.2541], [18.27424, 47.2537], [18.27357, 47.25299], [18.2741, 47.25276], [18.27498, 47.25361], [18.27574, 47.25331], [18.27606, 47.25285]]], [[[18.27779, 47.25306], [18.2777, 47.25322], [18.27773, 47.25326], [18.27787, 47.25314], [18.27781, 47.25292], [18.27779, 47.25306]]], [[[18.27931, 47.25496], [18.27919, 47.25444], [18.27978, 47.25405], [18.2798, 47.25349], [18.28077, 47.25293], [18.28016, 47.25302], [18.27968, 47.25289], [18.27935, 47.2542], [18.27824, 47.25454], [18.27875, 47.25481], [18.27856, 47.25517], [18.27898, 47.25542], [18.27931, 47.25496]]], [[[18.28308, 47.25155], [18.28255, 47.25222], [18.28272, 47.25283], [18.28195, 47.25321], [18.28219, 47.25377], [18.28143, 47.2548], [18.28078, 47.25666], [18.27967, 47.25737], [18.28302, 47.25745], [18.28334, 47.25116], [18.28308, 47.25155]]], [[[18.2695, 47.255], [18.27011, 47.25539], [18.27047, 47.25524], [18.27018, 47.25462], [18.2695, 47.255]]], [[[18.2899, 47.15872], [18.29013, 47.15914], [18.2899, 47.15952], [18.29594, 47.16064], [18.29665, 47.1605], [18.29815, 47.15966], [18.30123, 47.15901], [18.30124, 47.15889], [18.2899, 47.15872]]], [[[18.30049, 47.17072], [18.30048, 47.17078], [18.30064, 47.1708], [18.30064, 47.17072], [18.30049, 47.17072]]], [[[18.29969, 47.17431], [18.2997, 47.17432], [18.29974, 47.1743], [18.29967, 47.17429], [18.29969, 47.17431]]], [[[18.30386, 47.17843], [18.30388, 47.17842], [18.30386, 47.17841], [18.30386, 47.17843]]], [[[18.28937, 47.1793], [18.28935, 47.17933], [18.28938, 47.17931], [18.28937, 47.1793]]], [[[18.30841, 47.18502], [18.30372, 47.17944], [18.30374, 47.17914], [18.30179, 47.18002], [18.3022, 47.18014], [18.30701, 47.18527], [18.30699, 47.18554], [18.30654, 47.18578], [18.30598, 47.1857], [18.3013, 47.18067], [18.30129, 47.18024], [18.2972, 47.18209], [18.30191, 47.18694], [18.30175, 47.18731], [18.30868, 47.18513], [18.30841, 47.18502]]], [[[18.29874, 47.1856], [18.29581, 47.18271], [18.2941, 47.18347], [18.2946, 47.18356], [18.29864, 47.18742], [18.29865, 47.18778], [18.29839, 47.18798], [18.29787, 47.18791], [18.29352, 47.18406], [18.29344, 47.18376], [18.29062, 47.1849], [18.29825, 47.18843], [18.30096, 47.18756], [18.29966, 47.18663], [18.29874, 47.1856]]], [[[18.28695, 47.2083], [18.28753, 47.20828], [18.28703, 47.20797], [18.28695, 47.2083]]], [[[18.29745, 47.21005], [18.29822, 47.21026], [18.2985, 47.20939], [18.29171, 47.20702], [18.29075, 47.20834], [18.29745, 47.21005]]], [[[18.30713, 47.20913], [18.30779, 47.20869], [18.30829, 47.20886], [18.30543, 47.21207], [18.30491, 47.21214], [18.30416, 47.213], [18.30985, 47.21354], [18.31143, 47.21325], [18.3117, 47.21311], [18.3118, 47.21113], [18.31001, 47.21188], [18.30882, 47.21179], [18.31068, 47.20989], [18.311, 47.209], [18.31194, 47.20837], [18.31209, 47.20523], [18.31089, 47.2065], [18.30713, 47.20913]]], [[[18.2979, 47.21079], [18.29811, 47.21044], [18.2907, 47.20852], [18.29012, 47.20872], [18.2979, 47.21079]]], [[[18.29528, 47.21035], [18.29222, 47.21008], [18.29276, 47.20971], [18.28997, 47.20902], [18.28819, 47.21088], [18.29107, 47.21159], [18.29377, 47.21198], [18.29709, 47.21229], [18.29798, 47.2119], [18.29792, 47.21097], [18.29528, 47.21035]]], [[[18.30459, 47.21192], [18.3069, 47.20931], [18.30435, 47.21053], [18.30398, 47.21094], [18.30377, 47.21099], [18.30382, 47.21075], [18.30211, 47.21116], [18.30161, 47.21106], [18.29972, 47.21147], [18.29908, 47.21184], [18.29865, 47.21242], [18.30401, 47.21298], [18.30478, 47.21209], [18.30459, 47.21192]]], [[[18.31111, 47.21452], [18.3115, 47.2149], [18.3116, 47.21499], [18.31162, 47.21454], [18.31111, 47.21452]]], [[[18.31067, 47.21504], [18.31008, 47.21452], [18.3093, 47.21417], [18.3095, 47.2143], [18.29681, 47.21311], [18.29443, 47.21801], [18.29671, 47.21913], [18.29716, 47.2196], [18.29788, 47.21994], [18.29807, 47.22029], [18.29943, 47.221], [18.30423, 47.22264], [18.30609, 47.22224], [18.3066, 47.22227], [18.31111, 47.22463], [18.31122, 47.22263], [18.30746, 47.22072], [18.30617, 47.22056], [18.30443, 47.22086], [18.3024, 47.22017], [18.30218, 47.21925], [18.30152, 47.21832], [18.29969, 47.21698], [18.29796, 47.21606], [18.29858, 47.21476], [18.30836, 47.21571], [18.30973, 47.21682], [18.31147, 47.21753], [18.31157, 47.2157], [18.31067, 47.21504]]], [[[18.29767, 47.22117], [18.29669, 47.22304], [18.29528, 47.22397], [18.29391, 47.22544], [18.29254, 47.22593], [18.29201, 47.22637], [18.29124, 47.22632], [18.29112, 47.22664], [18.29126, 47.227], [18.29098, 47.22801], [18.29159, 47.22885], [18.29134, 47.22933], [18.29184, 47.22953], [18.29205, 47.22991], [18.2929, 47.2301], [18.29314, 47.23056], [18.29459, 47.23057], [18.29654, 47.2313], [18.29745, 47.23105], [18.29759, 47.23079], [18.29786, 47.2308], [18.29988, 47.22945], [18.30704, 47.22317], [18.30627, 47.22276], [18.30403, 47.22317], [18.29941, 47.22161], [18.2979, 47.22089], [18.29767, 47.22117]], [[18.29605, 47.22807], [18.2972, 47.22737], [18.29896, 47.22568], [18.3001, 47.22488], [18.30084, 47.22395], [18.30236, 47.22447], [18.29703, 47.22906], [18.29605, 47.22807]]], [[[18.2947, 47.2219], [18.29469, 47.22197], [18.29511, 47.22217], [18.29514, 47.22185], [18.29468, 47.2217], [18.2947, 47.2219]]], [[[18.28892, 47.22359], [18.289, 47.22355], [18.28878, 47.22354], [18.28885, 47.22356], [18.28892, 47.22359]]], [[[18.28672, 47.22441], [18.28624, 47.2248], [18.28676, 47.22523], [18.28684, 47.22469], [18.28716, 47.22442], [18.28675, 47.22425], [18.28672, 47.22441]]], [[[18.28853, 47.22476], [18.28842, 47.22554], [18.28827, 47.22578], [18.28935, 47.22561], [18.28867, 47.22533], [18.28853, 47.22476]]], [[[18.28667, 47.22569], [18.28673, 47.22555], [18.28649, 47.2258], [18.28655, 47.22581], [18.28667, 47.22569]]], [[[18.30135, 47.22903], [18.29899, 47.23083], [18.3023, 47.2309], [18.30803, 47.22582], [18.31098, 47.22725], [18.31108, 47.22528], [18.30766, 47.22351], [18.30135, 47.22903]]], [[[18.28786, 47.23021], [18.288, 47.22965], [18.28893, 47.22921], [18.2882, 47.22881], [18.28801, 47.22847], [18.28764, 47.22886], [18.28722, 47.22874], [18.28712, 47.22909], [18.28769, 47.22925], [18.28748, 47.22959], [18.28677, 47.22941], [18.2867, 47.22958], [18.28732, 47.22973], [18.28634, 47.23098], [18.28646, 47.23163], [18.28584, 47.23209], [18.28762, 47.23181], [18.28806, 47.23146], [18.28771, 47.23106], [18.28809, 47.23044], [18.28786, 47.23021]]], [[[18.29652, 47.23184], [18.2957, 47.2317], [18.29403, 47.23102], [18.29245, 47.23133], [18.29457, 47.23257], [18.29738, 47.23486], [18.29755, 47.23166], [18.29652, 47.23184]]], [[[18.2873, 47.23348], [18.28843, 47.2337], [18.28868, 47.2333], [18.28778, 47.23315], [18.28662, 47.23328], [18.2873, 47.23348]]], [[[18.28564, 47.23328], [18.28548, 47.2339], [18.28513, 47.23412], [18.28536, 47.23465], [18.28604, 47.23423], [18.28583, 47.23392], [18.28595, 47.23356], [18.28655, 47.23328], [18.28564, 47.23328]]], [[[18.29262, 47.23801], [18.29282, 47.23797], [18.29265, 47.23758], [18.29296, 47.23719], [18.29271, 47.2369], [18.29164, 47.23677], [18.29145, 47.23754], [18.29262, 47.23801]]], [[[18.29338, 47.23822], [18.29371, 47.2383], [18.29353, 47.2382], [18.29338, 47.23822]]], [[[18.29184, 47.24054], [18.29205, 47.24039], [18.29149, 47.24032], [18.29184, 47.24054]]], [[[18.29333, 47.2419], [18.29315, 47.24192], [18.29323, 47.24237], [18.29386, 47.2422], [18.29333, 47.2419]]], [[[18.29636, 47.24441], [18.29622, 47.24395], [18.29506, 47.24373], [18.29471, 47.24408], [18.29504, 47.24421], [18.29526, 47.244], [18.29587, 47.24403], [18.29604, 47.24418], [18.29508, 47.24476], [18.29443, 47.24449], [18.29329, 47.24558], [18.29337, 47.24582], [18.29267, 47.24628], [18.29312, 47.24628], [18.29363, 47.24572], [18.29497, 47.24547], [18.29554, 47.24563], [18.29625, 47.24636], [18.2968, 47.24641], [18.29688, 47.24466], [18.29636, 47.24441]]], [[[18.29375, 47.24692], [18.29377, 47.24721], [18.29445, 47.24695], [18.29375, 47.24684], [18.29375, 47.24692]]], [[[18.29626, 47.24778], [18.29557, 47.24781], [18.29494, 47.24739], [18.29351, 47.24797], [18.29281, 47.24842], [18.29278, 47.24868], [18.29668, 47.24877], [18.29674, 47.24756], [18.29626, 47.24778]]]]}, "properties": {"kind": "pv", "area_km2": 40.63, "mw": 2031.4}}, {"type": "Feature", "geometry": {"type": "Point", "coordinates": [18.20639, 47.21176]}, "properties": {"kind": "turbine", "i": 0, "mw": 6.0, "hub_m": 120.0, "rotor_m": 150.0}}, {"type": "Feature", "geometry": {"type": "Point", "coordinates": [18.23081, 47.20578]}, "properties": {"kind": "turbine", "i": 1, "mw": 6.0, "hub_m": 120.0, "rotor_m": 150.0}}, {"type": "Feature", "geometry": {"type": "Point", "coordinates": [18.22204, 47.18913]}, "properties": {"kind": "turbine", "i": 2, "mw": 6.0, "hub_m": 120.0, "rotor_m": 150.0}}, {"type": "Feature", "geometry": {"type": "Point", "coordinates": [18.19298, 47.19171]}, "properties": {"kind": "turbine", "i": 3, "mw": 6.0, "hub_m": 120.0, "rotor_m": 150.0}}, {"type": "Feature", "geometry": {"type": "Point", "coordinates": [18.23614, 47.19605]}, "properties": {"kind": "turbine", "i": 4, "mw": 6.0, "hub_m": 120.0, "rotor_m": 150.0}}, {"type": "Feature", "geometry": {"type": "Point", "coordinates": [18.18713, 47.21128]}, "properties": {"kind": "turbine", "i": 5, "mw": 6.0, "hub_m": 120.0, "rotor_m": 150.0}}, {"type": "Feature", "geometry": {"type": "Point", "coordinates": [18.20313, 47.1821]}, "properties": {"kind": "turbine", "i": 6, "mw": 6.0, "hub_m": 120.0, "rotor_m": 150.0}}, {"type": "Feature", "geometry": {"type": "Point", "coordinates": [18.23512, 47.21574]}, "properties": {"kind": "turbine", "i": 7, "mw": 6.0, "hub_m": 120.0, "rotor_m": 150.0}}, {"type": "Feature", "geometry": {"type": "Point", "coordinates": [18.23665, 47.1862]}, "properties": {"kind": "turbine", "i": 8, "mw": 6.0, "hub_m": 120.0, "rotor_m": 150.0}}, {"type": "Feature", "geometry": {"type": "Point", "coordinates": [18.22255, 47.17929]}, "properties": {"kind": "turbine", "i": 9, "mw": 6.0, "hub_m": 120.0, "rotor_m": 150.0}}, {"type": "Feature", "geometry": {"type": "Point", "coordinates": [18.25076, 47.19311]}, "properties": {"kind": "turbine", "i": 10, "mw": 6.0, "hub_m": 120.0, "rotor_m": 150.0}}, {"type": "Feature", "geometry": {"type": "Point", "coordinates": [18.20382, 47.16897]}, "properties": {"kind": "turbine", "i": 11, "mw": 6.0, "hub_m": 120.0, "rotor_m": 150.0}}, {"type": "Feature", "geometry": {"type": "Point", "coordinates": [18.20036, 47.23461]}, "properties": {"kind": "turbine", "i": 12, "mw": 6.0, "hub_m": 120.0, "rotor_m": 150.0}}, {"type": "Feature", "geometry": {"type": "Point", "coordinates": [18.1641, 47.191]}, "properties": {"kind": "turbine", "i": 13, "mw": 6.0, "hub_m": 120.0, "rotor_m": 150.0}}, {"type": "Feature", "geometry": {"type": "Point", "coordinates": [18.24679, 47.17659]}, "properties": {"kind": "turbine", "i": 14, "mw": 6.0, "hub_m": 120.0, "rotor_m": 150.0}}, {"type": "Feature", "geometry": {"type": "Point", "coordinates": [18.16734, 47.22065]}, "properties": {"kind": "turbine", "i": 15, "mw": 6.0, "hub_m": 120.0, "rotor_m": 150.0}}, {"type": "Feature", "geometry": {"type": "Point", "coordinates": [18.15823, 47.21057]}, "properties": {"kind": "turbine", "i": 16, "mw": 6.0, "hub_m": 120.0, "rotor_m": 150.0}}, {"type": "Feature", "geometry": {"type": "Point", "coordinates": [18.26089, 47.1835]}, "properties": {"kind": "turbine", "i": 17, "mw": 6.0, "hub_m": 120.0, "rotor_m": 150.0}}, {"type": "Feature", "geometry": {"type": "Point", "coordinates": [18.18955, 47.16534]}, "properties": {"kind": "turbine", "i": 18, "mw": 6.0, "hub_m": 120.0, "rotor_m": 150.0}}, {"type": "Feature", "geometry": {"type": "Point", "coordinates": [18.20948, 47.24469]}, "properties": {"kind": "turbine", "i": 19, "mw": 6.0, "hub_m": 120.0, "rotor_m": 150.0}}, {"type": "Feature", "geometry": {"type": "Point", "coordinates": [18.15, 47.18408]}, "properties": {"kind": "turbine", "i": 20, "mw": 6.0, "hub_m": 120.0, "rotor_m": 150.0}}, {"type": "Feature", "geometry": {"type": "Point", "coordinates": [18.24821, 47.24234]}, "properties": {"kind": "turbine", "i": 21, "mw": 6.0, "hub_m": 120.0, "rotor_m": 150.0}}, {"type": "Feature", "geometry": {"type": "Point", "coordinates": [18.27998, 47.18724]}, "properties": {"kind": "turbine", "i": 22, "mw": 6.0, "hub_m": 120.0, "rotor_m": 150.0}}, {"type": "Feature", "geometry": {"type": "Point", "coordinates": [18.18521, 47.24738]}, "properties": {"kind": "turbine", "i": 23, "mw": 6.0, "hub_m": 120.0, "rotor_m": 150.0}}, {"type": "Feature", "geometry": {"type": "Point", "coordinates": [18.27103, 47.17388]}, "properties": {"kind": "turbine", "i": 24, "mw": 6.0, "hub_m": 120.0, "rotor_m": 150.0}}, {"type": "Feature", "geometry": {"type": "Point", "coordinates": [18.28379, 47.20705]}, "properties": {"kind": "turbine", "i": 25, "mw": 6.0, "hub_m": 120.0, "rotor_m": 150.0}}, {"type": "Feature", "geometry": {"type": "Point", "coordinates": [18.19506, 47.15233]}, "properties": {"kind": "turbine", "i": 26, "mw": 6.0, "hub_m": 120.0, "rotor_m": 150.0}}, {"type": "Feature", "geometry": {"type": "Point", "coordinates": [18.16567, 47.16146]}, "properties": {"kind": "turbine", "i": 27, "mw": 6.0, "hub_m": 120.0, "rotor_m": 150.0}}, {"type": "Feature", "geometry": {"type": "Point", "coordinates": [18.26284, 47.23941]}, "properties": {"kind": "turbine", "i": 28, "mw": 6.0, "hub_m": 120.0, "rotor_m": 150.0}}, {"type": "Feature", "geometry": {"type": "Point", "coordinates": [18.19933, 47.2543]}, "properties": {"kind": "turbine", "i": 29, "mw": 6.0, "hub_m": 120.0, "rotor_m": 150.0}}, {"type": "Feature", "geometry": {"type": "Point", "coordinates": [18.21861, 47.25477]}, "properties": {"kind": "turbine", "i": 30, "mw": 6.0, "hub_m": 120.0, "rotor_m": 150.0}}, {"type": "Feature", "geometry": {"type": "Point", "coordinates": [18.20983, 47.14612]}, "properties": {"kind": "turbine", "i": 31, "mw": 6.0, "hub_m": 120.0, "rotor_m": 150.0}}, {"type": "Feature", "geometry": {"type": "Point", "coordinates": [18.2853, 47.17751]}, "properties": {"kind": "turbine", "i": 32, "mw": 6.0, "hub_m": 120.0, "rotor_m": 150.0}}, {"type": "Feature", "geometry": {"type": "Point", "coordinates": [18.22908, 47.14659]}, "properties": {"kind": "turbine", "i": 33, "mw": 6.0, "hub_m": 120.0, "rotor_m": 150.0}}, {"type": "Feature", "geometry": {"type": "Point", "coordinates": [18.27746, 47.23647]}, "properties": {"kind": "turbine", "i": 34, "mw": 6.0, "hub_m": 120.0, "rotor_m": 150.0}}, {"type": "Feature", "geometry": {"type": "Point", "coordinates": [18.27634, 47.16415]}, "properties": {"kind": "turbine", "i": 35, "mw": 6.0, "hub_m": 120.0, "rotor_m": 150.0}}, {"type": "Feature", "geometry": {"type": "Point", "coordinates": [18.18469, 47.25723]}, "properties": {"kind": "turbine", "i": 36, "mw": 6.0, "hub_m": 120.0, "rotor_m": 150.0}}, {"type": "Feature", "geometry": {"type": "Point", "coordinates": [18.16619, 47.15162]}, "properties": {"kind": "turbine", "i": 37, "mw": 6.0, "hub_m": 120.0, "rotor_m": 150.0}}, {"type": "Feature", "geometry": {"type": "Point", "coordinates": [18.26233, 47.24925]}, "properties": {"kind": "turbine", "i": 38, "mw": 6.0, "hub_m": 120.0, "rotor_m": 150.0}}, {"type": "Feature", "geometry": {"type": "Point", "coordinates": [18.19881, 47.26415]}, "properties": {"kind": "turbine", "i": 39, "mw": 6.0, "hub_m": 120.0, "rotor_m": 150.0}}, {"type": "Feature", "geometry": {"type": "Point", "coordinates": [18.30256, 47.21735]}, "properties": {"kind": "turbine", "i": 40, "mw": 6.0, "hub_m": 120.0, "rotor_m": 150.0}}, {"type": "Feature", "geometry": {"type": "Point", "coordinates": [18.20554, 47.13616]}, "properties": {"kind": "turbine", "i": 41, "mw": 6.0, "hub_m": 120.0, "rotor_m": 150.0}}, {"type": "Feature", "geometry": {"type": "Point", "coordinates": [18.15194, 47.14798]}, "properties": {"kind": "turbine", "i": 42, "mw": 6.0, "hub_m": 120.0, "rotor_m": 150.0}}, {"type": "Feature", "geometry": {"type": "Point", "coordinates": [18.11043, 47.2028]}, "properties": {"kind": "turbine", "i": 43, "mw": 6.0, "hub_m": 120.0, "rotor_m": 150.0}}, {"type": "Feature", "geometry": {"type": "Point", "coordinates": [18.17935, 47.26696]}, "properties": {"kind": "turbine", "i": 44, "mw": 6.0, "hub_m": 120.0, "rotor_m": 150.0}}, {"type": "Feature", "geometry": {"type": "Point", "coordinates": [18.30688, 47.22731]}, "properties": {"kind": "turbine", "i": 45, "mw": 6.0, "hub_m": 120.0, "rotor_m": 150.0}}, {"type": "Feature", "geometry": {"type": "Point", "coordinates": [18.19129, 47.13252]}, "properties": {"kind": "turbine", "i": 46, "mw": 6.0, "hub_m": 120.0, "rotor_m": 150.0}}, {"type": "Feature", "geometry": {"type": "Point", "coordinates": [18.30937, 47.17808]}, "properties": {"kind": "turbine", "i": 47, "mw": 6.0, "hub_m": 120.0, "rotor_m": 150.0}}, {"type": "Feature", "geometry": {"type": "Point", "coordinates": [18.27254, 47.14434]}, "properties": {"kind": "turbine", "i": 48, "mw": 6.0, "hub_m": 120.0, "rotor_m": 150.0}}, {"type": "Feature", "geometry": {"type": "Point", "coordinates": [18.30041, 47.16472]}, "properties": {"kind": "turbine", "i": 49, "mw": 6.0, "hub_m": 120.0, "rotor_m": 150.0}}, {"type": "Feature", "geometry": {"type": "Point", "coordinates": [18.23221, 47.27153]}, "properties": {"kind": "turbine", "i": 50, "mw": 6.0, "hub_m": 120.0, "rotor_m": 150.0}}, {"type": "Feature", "geometry": {"type": "Point", "coordinates": [18.25845, 47.13743]}, "properties": {"kind": "turbine", "i": 51, "mw": 6.0, "hub_m": 120.0, "rotor_m": 150.0}}, {"type": "Feature", "geometry": {"type": "Point", "coordinates": [18.31767, 47.20456]}, "properties": {"kind": "turbine", "i": 52, "mw": 6.0, "hub_m": 120.0, "rotor_m": 150.0}}, {"type": "Feature", "geometry": {"type": "Point", "coordinates": [18.22993, 47.13018]}, "properties": {"kind": "turbine", "i": 53, "mw": 6.0, "hub_m": 120.0, "rotor_m": 150.0}}, {"type": "Feature", "geometry": {"type": "Point", "coordinates": [18.21757, 47.27446]}, "properties": {"kind": "turbine", "i": 54, "mw": 6.0, "hub_m": 120.0, "rotor_m": 150.0}}, {"type": "Feature", "geometry": {"type": "Point", "coordinates": [18.15246, 47.13813]}, "properties": {"kind": "turbine", "i": 55, "mw": 6.0, "hub_m": 120.0, "rotor_m": 150.0}}, {"type": "Feature", "geometry": {"type": "Point", "coordinates": [18.21567, 47.12654]}, "properties": {"kind": "turbine", "i": 56, "mw": 6.0, "hub_m": 120.0, "rotor_m": 150.0}}, {"type": "Feature", "geometry": {"type": "Point", "coordinates": [18.13768, 47.14434]}, "properties": {"kind": "turbine", "i": 57, "mw": 6.0, "hub_m": 120.0, "rotor_m": 150.0}}, {"type": "Feature", "geometry": {"type": "Point", "coordinates": [18.29626, 47.15148]}, "properties": {"kind": "turbine", "i": 58, "mw": 6.0, "hub_m": 120.0, "rotor_m": 150.0}}, {"type": "Feature", "geometry": {"type": "Point", "coordinates": [18.32183, 47.2178]}, "properties": {"kind": "turbine", "i": 59, "mw": 6.0, "hub_m": 120.0, "rotor_m": 150.0}}, {"type": "Feature", "geometry": {"type": "Point", "coordinates": [18.17882, 47.2768]}, "properties": {"kind": "turbine", "i": 60, "mw": 6.0, "hub_m": 120.0, "rotor_m": 150.0}}, {"type": "Feature", "geometry": {"type": "Point", "coordinates": [18.20142, 47.12291]}, "properties": {"kind": "turbine", "i": 61, "mw": 6.0, "hub_m": 120.0, "rotor_m": 150.0}}, {"type": "Feature", "geometry": {"type": "Point", "coordinates": [18.20276, 47.28067]}, "properties": {"kind": "turbine", "i": 62, "mw": 6.0, "hub_m": 120.0, "rotor_m": 150.0}}, {"type": "Feature", "geometry": {"type": "Point", "coordinates": [18.3278, 47.19494]}, "properties": {"kind": "turbine", "i": 63, "mw": 6.0, "hub_m": 120.0, "rotor_m": 150.0}}, {"type": "Feature", "geometry": {"type": "Point", "coordinates": [18.30072, 47.25345]}, "properties": {"kind": "turbine", "i": 64, "mw": 6.0, "hub_m": 120.0, "rotor_m": 150.0}}, {"type": "Feature", "geometry": {"type": "Point", "coordinates": [18.27785, 47.13461]}, "properties": {"kind": "turbine", "i": 65, "mw": 6.0, "hub_m": 120.0, "rotor_m": 150.0}}, {"type": "Feature", "geometry": {"type": "Point", "coordinates": [18.2447, 47.12396]}, "properties": {"kind": "turbine", "i": 66, "mw": 6.0, "hub_m": 120.0, "rotor_m": 150.0}}, {"type": "Feature", "geometry": {"type": "Point", "coordinates": [18.321, 47.23421]}, "properties": {"kind": "turbine", "i": 67, "mw": 6.0, "hub_m": 120.0, "rotor_m": 150.0}}, {"type": "Feature", "geometry": {"type": "Point", "coordinates": [18.1578, 47.12841]}, "properties": {"kind": "turbine", "i": 68, "mw": 6.0, "hub_m": 120.0, "rotor_m": 150.0}}, {"type": "Feature", "geometry": {"type": "Point", "coordinates": [18.09099, 47.2056]}, "properties": {"kind": "turbine", "i": 69, "mw": 6.0, "hub_m": 120.0, "rotor_m": 150.0}}, {"type": "Feature", "geometry": {"type": "Point", "coordinates": [18.2267, 47.28454]}, "properties": {"kind": "turbine", "i": 70, "mw": 6.0, "hub_m": 120.0, "rotor_m": 150.0}}, {"type": "Feature", "geometry": {"type": "Point", "coordinates": [18.29212, 47.13824]}, "properties": {"kind": "turbine", "i": 71, "mw": 6.0, "hub_m": 120.0, "rotor_m": 150.0}}, {"type": "Feature", "geometry": {"type": "Point", "coordinates": [18.2954, 47.26318]}, "properties": {"kind": "turbine", "i": 72, "mw": 6.0, "hub_m": 120.0, "rotor_m": 150.0}}, {"type": "Feature", "geometry": {"type": "Point", "coordinates": [18.18717, 47.11927]}, "properties": {"kind": "turbine", "i": 73, "mw": 6.0, "hub_m": 120.0, "rotor_m": 150.0}}, {"type": "Feature", "geometry": {"type": "Point", "coordinates": [18.221, 47.11681]}, "properties": {"kind": "turbine", "i": 74, "mw": 6.0, "hub_m": 120.0, "rotor_m": 150.0}}, {"type": "Feature", "geometry": {"type": "Point", "coordinates": [18.1334, 47.13437]}, "properties": {"kind": "turbine", "i": 75, "mw": 6.0, "hub_m": 120.0, "rotor_m": 150.0}}, {"type": "Feature", "geometry": {"type": "Point", "coordinates": [18.11844, 47.14385]}, "properties": {"kind": "turbine", "i": 76, "mw": 6.0, "hub_m": 120.0, "rotor_m": 150.0}}, {"type": "Feature", "geometry": {"type": "Point", "coordinates": [18.26874, 47.12454]}, "properties": {"kind": "turbine", "i": 77, "mw": 6.0, "hub_m": 120.0, "rotor_m": 150.0}}, {"type": "Feature", "geometry": {"type": "Point", "coordinates": [18.08743, 47.1825]}, "properties": {"kind": "turbine", "i": 78, "mw": 6.0, "hub_m": 120.0, "rotor_m": 150.0}}, {"type": "Feature", "geometry": {"type": "Point", "coordinates": [18.15454, 47.27949]}, "properties": {"kind": "turbine", "i": 79, "mw": 6.0, "hub_m": 120.0, "rotor_m": 150.0}}, {"type": "Feature", "geometry": {"type": "Point", "coordinates": [18.33611, 47.22142]}, "properties": {"kind": "turbine", "i": 80, "mw": 6.0, "hub_m": 120.0, "rotor_m": 150.0}}, {"type": "Feature", "geometry": {"type": "Point", "coordinates": [18.30638, 47.14186]}, "properties": {"kind": "turbine", "i": 81, "mw": 6.0, "hub_m": 120.0, "rotor_m": 150.0}}, {"type": "Feature", "geometry": {"type": "Point", "coordinates": [18.20674, 47.11318]}, "properties": {"kind": "turbine", "i": 82, "mw": 6.0, "hub_m": 120.0, "rotor_m": 150.0}}, {"type": "Feature", "geometry": {"type": "Point", "coordinates": [18.32017, 47.25062]}, "properties": {"kind": "turbine", "i": 83, "mw": 6.0, "hub_m": 120.0, "rotor_m": 150.0}}, {"type": "Feature", "geometry": {"type": "Point", "coordinates": [18.20224, 47.29052]}, "properties": {"kind": "turbine", "i": 84, "mw": 6.0, "hub_m": 120.0, "rotor_m": 150.0}}, {"type": "Feature", "geometry": {"type": "Point", "coordinates": [18.16865, 47.28641]}, "properties": {"kind": "turbine", "i": 85, "mw": 6.0, "hub_m": 120.0, "rotor_m": 150.0}}, {"type": "Feature", "geometry": {"type": "Point", "coordinates": [18.17292, 47.11564]}, "properties": {"kind": "turbine", "i": 86, "mw": 6.0, "hub_m": 120.0, "rotor_m": 150.0}}, {"type": "Feature", "geometry": {"type": "Point", "coordinates": [18.18295, 47.29005]}, "properties": {"kind": "turbine", "i": 87, "mw": 6.0, "hub_m": 120.0, "rotor_m": 150.0}}, {"type": "Feature", "geometry": {"type": "Point", "coordinates": [18.15832, 47.11856]}, "properties": {"kind": "turbine", "i": 88, "mw": 6.0, "hub_m": 120.0, "rotor_m": 150.0}}, {"type": "Feature", "geometry": {"type": "Point", "coordinates": [18.25001, 47.11423]}, "properties": {"kind": "turbine", "i": 89, "mw": 6.0, "hub_m": 120.0, "rotor_m": 150.0}}, {"type": "Feature", "geometry": {"type": "Point", "coordinates": [18.13874, 47.12465]}, "properties": {"kind": "turbine", "i": 90, "mw": 6.0, "hub_m": 120.0, "rotor_m": 150.0}}, {"type": "Feature", "geometry": {"type": "Point", "coordinates": [18.33858, 47.17219]}, "properties": {"kind": "turbine", "i": 91, "mw": 6.0, "hub_m": 120.0, "rotor_m": 150.0}}, {"type": "Feature", "geometry": {"type": "Point", "coordinates": [18.31485, 47.26036]}, "properties": {"kind": "turbine", "i": 92, "mw": 6.0, "hub_m": 120.0, "rotor_m": 150.0}}, {"type": "Feature", "geometry": {"type": "Point", "coordinates": [18.08316, 47.17254]}, "properties": {"kind": "turbine", "i": 93, "mw": 6.0, "hub_m": 120.0, "rotor_m": 150.0}}, {"type": "Feature", "geometry": {"type": "Point", "coordinates": [18.09885, 47.14993]}, "properties": {"kind": "turbine", "i": 94, "mw": 6.0, "hub_m": 120.0, "rotor_m": 150.0}}, {"type": "Feature", "geometry": {"type": "Point", "coordinates": [18.21654, 47.29415]}, "properties": {"kind": "turbine", "i": 95, "mw": 6.0, "hub_m": 120.0, "rotor_m": 150.0}}, {"type": "Feature", "geometry": {"type": "Point", "coordinates": [18.28797, 47.12499]}, "properties": {"kind": "turbine", "i": 96, "mw": 6.0, "hub_m": 120.0, "rotor_m": 150.0}}, {"type": "Feature", "geometry": {"type": "Point", "coordinates": [18.34044, 47.23138]}, "properties": {"kind": "turbine", "i": 97, "mw": 6.0, "hub_m": 120.0, "rotor_m": 150.0}}, {"type": "Feature", "geometry": {"type": "Point", "coordinates": [18.13525, 47.279]}, "properties": {"kind": "turbine", "i": 98, "mw": 6.0, "hub_m": 120.0, "rotor_m": 150.0}}, {"type": "Feature", "geometry": {"type": "Point", "coordinates": [18.08869, 47.15953]}, "properties": {"kind": "turbine", "i": 99, "mw": 6.0, "hub_m": 120.0, "rotor_m": 150.0}}, {"type": "Feature", "geometry": {"type": "Point", "coordinates": [18.18769, 47.10943]}, "properties": {"kind": "turbine", "i": 100, "mw": 6.0, "hub_m": 120.0, "rotor_m": 150.0}}, {"type": "Feature", "geometry": {"type": "Point", "coordinates": [18.11417, 47.13389]}, "properties": {"kind": "turbine", "i": 101, "mw": 6.0, "hub_m": 120.0, "rotor_m": 150.0}}, {"type": "Feature", "geometry": {"type": "Point", "coordinates": [18.34771, 47.18226]}, "properties": {"kind": "turbine", "i": 102, "mw": 6.0, "hub_m": 120.0, "rotor_m": 150.0}}, {"type": "Feature", "geometry": {"type": "Point", "coordinates": [18.30223, 47.12862]}, "properties": {"kind": "turbine", "i": 103, "mw": 6.0, "hub_m": 120.0, "rotor_m": 150.0}}, {"type": "Feature", "geometry": {"type": "Point", "coordinates": [18.29456, 47.27959]}, "properties": {"kind": "turbine", "i": 104, "mw": 6.0, "hub_m": 120.0, "rotor_m": 150.0}}, {"type": "Feature", "geometry": {"type": "Point", "coordinates": [18.27405, 47.1148]}, "properties": {"kind": "turbine", "i": 105, "mw": 6.0, "hub_m": 120.0, "rotor_m": 150.0}}, {"type": "Feature", "geometry": {"type": "Point", "coordinates": [18.32562, 47.14231]}, "properties": {"kind": "turbine", "i": 106, "mw": 6.0, "hub_m": 120.0, "rotor_m": 150.0}}, {"type": "Feature", "geometry": {"type": "Point", "coordinates": [18.21207, 47.10345]}, "properties": {"kind": "turbine", "i": 107, "mw": 6.0, "hub_m": 120.0, "rotor_m": 150.0}}, {"type": "Feature", "geometry": {"type": "Point", "coordinates": [18.09293, 47.25822]}, "properties": {"kind": "turbine", "i": 108, "mw": 6.0, "hub_m": 120.0, "rotor_m": 150.0}}, {"type": "Feature", "geometry": {"type": "Point", "coordinates": [18.23129, 47.10392]}, "properties": {"kind": "turbine", "i": 109, "mw": 6.0, "hub_m": 120.0, "rotor_m": 150.0}}, {"type": "Feature", "geometry": {"type": "Point", "coordinates": [18.17344, 47.10579]}, "properties": {"kind": "turbine", "i": 110, "mw": 6.0, "hub_m": 120.0, "rotor_m": 150.0}}, {"type": "Feature", "geometry": {"type": "Point", "coordinates": [18.15885, 47.10872]}, "properties": {"kind": "turbine", "i": 111, "mw": 6.0, "hub_m": 120.0, "rotor_m": 150.0}}, {"type": "Feature", "geometry": {"type": "Point", "coordinates": [18.3165, 47.13224]}, "properties": {"kind": "turbine", "i": 112, "mw": 6.0, "hub_m": 120.0, "rotor_m": 150.0}}, {"type": "Feature", "geometry": {"type": "Point", "coordinates": [18.25014, 47.29825]}, "properties": {"kind": "turbine", "i": 113, "mw": 6.0, "hub_m": 120.0, "rotor_m": 150.0}}, {"type": "Feature", "geometry": {"type": "Point", "coordinates": [18.31918, 47.27031]}, "properties": {"kind": "turbine", "i": 114, "mw": 6.0, "hub_m": 120.0, "rotor_m": 150.0}}, {"type": "Feature", "geometry": {"type": "Point", "coordinates": [18.1776, 47.29977]}, "properties": {"kind": "turbine", "i": 115, "mw": 6.0, "hub_m": 120.0, "rotor_m": 150.0}}, {"type": "Feature", "geometry": {"type": "Point", "coordinates": [18.35522, 47.22515]}, "properties": {"kind": "turbine", "i": 116, "mw": 6.0, "hub_m": 120.0, "rotor_m": 150.0}}, {"type": "Feature", "geometry": {"type": "Point", "coordinates": [18.1147, 47.12404]}, "properties": {"kind": "turbine", "i": 117, "mw": 6.0, "hub_m": 120.0, "rotor_m": 150.0}}, {"type": "Feature", "geometry": {"type": "Point", "coordinates": [18.27942, 47.29238]}, "properties": {"kind": "turbine", "i": 118, "mw": 6.0, "hub_m": 120.0, "rotor_m": 150.0}}, {"type": "Feature", "geometry": {"type": "Point", "coordinates": [18.29328, 47.11526]}, "properties": {"kind": "turbine", "i": 119, "mw": 6.0, "hub_m": 120.0, "rotor_m": 150.0}}, {"type": "Feature", "geometry": {"type": "Point", "coordinates": [18.26494, 47.10473]}, "properties": {"kind": "turbine", "i": 120, "mw": 6.0, "hub_m": 120.0, "rotor_m": 150.0}}, {"type": "Feature", "geometry": {"type": "Point", "coordinates": [18.33989, 47.14593]}, "properties": {"kind": "turbine", "i": 121, "mw": 6.0, "hub_m": 120.0, "rotor_m": 150.0}}, {"type": "Feature", "geometry": {"type": "Point", "coordinates": [18.36199, 47.18587]}, "properties": {"kind": "turbine", "i": 122, "mw": 6.0, "hub_m": 120.0, "rotor_m": 150.0}}, {"type": "Feature", "geometry": {"type": "Point", "coordinates": [18.35783, 47.17263]}, "properties": {"kind": "turbine", "i": 123, "mw": 6.0, "hub_m": 120.0, "rotor_m": 150.0}}, {"type": "Feature", "geometry": {"type": "Point", "coordinates": [18.29406, 47.28944]}, "properties": {"kind": "turbine", "i": 124, "mw": 6.0, "hub_m": 120.0, "rotor_m": 150.0}}, {"type": "Feature", "geometry": {"type": "Point", "coordinates": [18.20138, 47.30693]}, "properties": {"kind": "turbine", "i": 125, "mw": 6.0, "hub_m": 120.0, "rotor_m": 150.0}}, {"type": "Feature", "geometry": {"type": "Point", "coordinates": [18.30754, 47.11888]}, "properties": {"kind": "turbine", "i": 126, "mw": 6.0, "hub_m": 120.0, "rotor_m": 150.0}}, {"type": "Feature", "geometry": {"type": "Point", "coordinates": [18.19319, 47.09642]}, "properties": {"kind": "turbine", "i": 127, "mw": 6.0, "hub_m": 120.0, "rotor_m": 150.0}}, {"type": "Feature", "geometry": {"type": "Point", "coordinates": [18.35955, 47.23511]}, "properties": {"kind": "turbine", "i": 128, "mw": 6.0, "hub_m": 120.0, "rotor_m": 150.0}}, {"type": "Feature", "geometry": {"type": "Point", "coordinates": [18.26444, 47.30188]}, "properties": {"kind": "turbine", "i": 129, "mw": 6.0, "hub_m": 120.0, "rotor_m": 150.0}}, {"type": "Feature", "geometry": {"type": "Point", "coordinates": [18.08757, 47.26794]}, "properties": {"kind": "turbine", "i": 130, "mw": 6.0, "hub_m": 120.0, "rotor_m": 150.0}}, {"type": "Feature", "geometry": {"type": "Point", "coordinates": [18.23998, 47.30787]}, "properties": {"kind": "turbine", "i": 131, "mw": 6.0, "hub_m": 120.0, "rotor_m": 150.0}}, {"type": "Feature", "geometry": {"type": "Point", "coordinates": [18.08513, 47.13644]}, "properties": {"kind": "turbine", "i": 132, "mw": 6.0, "hub_m": 120.0, "rotor_m": 150.0}}, {"type": "Feature", "geometry": {"type": "Point", "coordinates": [18.21739, 47.09372]}, "properties": {"kind": "turbine", "i": 133, "mw": 6.0, "hub_m": 120.0, "rotor_m": 150.0}}, {"type": "Feature", "geometry": {"type": "Point", "coordinates": [18.28417, 47.10519]}, "properties": {"kind": "turbine", "i": 134, "mw": 6.0, "hub_m": 120.0, "rotor_m": 150.0}}, {"type": "Feature", "geometry": {"type": "Point", "coordinates": [18.15937, 47.09887]}, "properties": {"kind": "turbine", "i": 135, "mw": 6.0, "hub_m": 120.0, "rotor_m": 150.0}}, {"type": "Feature", "geometry": {"type": "Point", "coordinates": [18.17396, 47.09595]}, "properties": {"kind": "turbine", "i": 136, "mw": 6.0, "hub_m": 120.0, "rotor_m": 150.0}}, {"type": "Feature", "geometry": {"type": "Point", "coordinates": [18.13901, 47.29882]}, "properties": {"kind": "turbine", "i": 137, "mw": 6.0, "hub_m": 120.0, "rotor_m": 150.0}}, {"type": "Feature", "geometry": {"type": "Point", "coordinates": [18.3235, 47.28027]}, "properties": {"kind": "turbine", "i": 138, "mw": 6.0, "hub_m": 120.0, "rotor_m": 150.0}}, {"type": "Feature", "geometry": {"type": "Point", "coordinates": [18.24622, 47.09442]}, "properties": {"kind": "turbine", "i": 139, "mw": 6.0, "hub_m": 120.0, "rotor_m": 150.0}}, {"type": "Feature", "geometry": {"type": "Point", "coordinates": [18.35881, 47.15294]}, "properties": {"kind": "turbine", "i": 140, "mw": 6.0, "hub_m": 120.0, "rotor_m": 150.0}}, {"type": "Feature", "geometry": {"type": "Point", "coordinates": [18.28374, 47.30234]}, "properties": {"kind": "turbine", "i": 141, "mw": 6.0, "hub_m": 120.0, "rotor_m": 150.0}}, {"type": "Feature", "geometry": {"type": "Point", "coordinates": [18.37211, 47.17625]}, "properties": {"kind": "turbine", "i": 142, "mw": 6.0, "hub_m": 120.0, "rotor_m": 150.0}}, {"type": "Feature", "geometry": {"type": "Point", "coordinates": [18.1626, 47.30926]}, "properties": {"kind": "turbine", "i": 143, "mw": 6.0, "hub_m": 120.0, "rotor_m": 150.0}}, {"type": "Feature", "geometry": {"type": "Point", "coordinates": [18.30837, 47.29306]}, "properties": {"kind": "turbine", "i": 144, "mw": 6.0, "hub_m": 120.0, "rotor_m": 150.0}}, {"type": "Feature", "geometry": {"type": "Point", "coordinates": [18.37628, 47.18949]}, "properties": {"kind": "turbine", "i": 145, "mw": 6.0, "hub_m": 120.0, "rotor_m": 150.0}}, {"type": "Feature", "geometry": {"type": "Point", "coordinates": [18.06018, 47.15223]}, "properties": {"kind": "turbine", "i": 146, "mw": 6.0, "hub_m": 120.0, "rotor_m": 150.0}}, {"type": "Feature", "geometry": {"type": "Point", "coordinates": [18.33814, 47.27733]}, "properties": {"kind": "turbine", "i": 147, "mw": 6.0, "hub_m": 120.0, "rotor_m": 150.0}}, {"type": "Feature", "geometry": {"type": "Point", "coordinates": [18.20331, 47.08681]}, "properties": {"kind": "turbine", "i": 148, "mw": 6.0, "hub_m": 120.0, "rotor_m": 150.0}}, {"type": "Feature", "geometry": {"type": "Point", "coordinates": [18.3726, 47.1664]}, "properties": {"kind": "turbine", "i": 149, "mw": 6.0, "hub_m": 120.0, "rotor_m": 150.0}}, {"type": "Feature", "geometry": {"type": "Point", "coordinates": [18.13534, 47.09827]}, "properties": {"kind": "turbine", "i": 150, "mw": 6.0, "hub_m": 120.0, "rotor_m": 150.0}}, {"type": "Feature", "geometry": {"type": "Point", "coordinates": [18.3687, 47.24518]}, "properties": {"kind": "turbine", "i": 151, "mw": 6.0, "hub_m": 120.0, "rotor_m": 150.0}}, {"type": "Feature", "geometry": {"type": "Point", "coordinates": [18.26393, 47.31173]}, "properties": {"kind": "turbine", "i": 152, "mw": 6.0, "hub_m": 120.0, "rotor_m": 150.0}}, {"type": "Feature", "geometry": {"type": "Point", "coordinates": [18.09084, 47.12015]}, "properties": {"kind": "turbine", "i": 153, "mw": 6.0, "hub_m": 120.0, "rotor_m": 150.0}}, {"type": "Feature", "geometry": {"type": "Point", "coordinates": [18.26561, 47.0916]}, "properties": {"kind": "turbine", "i": 154, "mw": 6.0, "hub_m": 120.0, "rotor_m": 150.0}}, {"type": "Feature", "geometry": {"type": "Point", "coordinates": [18.27986, 47.09523]}, "properties": {"kind": "turbine", "i": 155, "mw": 6.0, "hub_m": 120.0, "rotor_m": 150.0}}, {"type": "Feature", "geometry": {"type": "Point", "coordinates": [18.3082, 47.10575]}, "properties": {"kind": "turbine", "i": 156, "mw": 6.0, "hub_m": 120.0, "rotor_m": 150.0}}, {"type": "Feature", "geometry": {"type": "Point", "coordinates": [18.35824, 47.26136]}, "properties": {"kind": "turbine", "i": 157, "mw": 6.0, "hub_m": 120.0, "rotor_m": 150.0}}, {"type": "Feature", "geometry": {"type": "Point", "coordinates": [18.18409, 47.08634]}, "properties": {"kind": "turbine", "i": 158, "mw": 6.0, "hub_m": 120.0, "rotor_m": 150.0}}, {"type": "Feature", "geometry": {"type": "Point", "coordinates": [18.3223, 47.11266]}, "properties": {"kind": "turbine", "i": 159, "mw": 6.0, "hub_m": 120.0, "rotor_m": 150.0}}, {"type": "Feature", "geometry": {"type": "Point", "coordinates": [18.15989, 47.08903]}, "properties": {"kind": "turbine", "i": 160, "mw": 6.0, "hub_m": 120.0, "rotor_m": 150.0}}, {"type": "Feature", "geometry": {"type": "Point", "coordinates": [18.22751, 47.08411]}, "properties": {"kind": "turbine", "i": 161, "mw": 6.0, "hub_m": 120.0, "rotor_m": 150.0}}, {"type": "Feature", "geometry": {"type": "Point", "coordinates": [18.35293, 47.2711]}, "properties": {"kind": "turbine", "i": 162, "mw": 6.0, "hub_m": 120.0, "rotor_m": 150.0}}, {"type": "Feature", "geometry": {"type": "Point", "coordinates": [18.30304, 47.3028]}, "properties": {"kind": "turbine", "i": 163, "mw": 6.0, "hub_m": 120.0, "rotor_m": 150.0}}, {"type": "Feature", "geometry": {"type": "Point", "coordinates": [18.0659, 47.13595]}, "properties": {"kind": "turbine", "i": 164, "mw": 6.0, "hub_m": 120.0, "rotor_m": 150.0}}, {"type": "Feature", "geometry": {"type": "Point", "coordinates": [18.37883, 47.23555]}, "properties": {"kind": "turbine", "i": 165, "mw": 6.0, "hub_m": 120.0, "rotor_m": 150.0}}, {"type": "Feature", "geometry": {"type": "Point", "coordinates": [18.1862, 47.3197]}, "properties": {"kind": "turbine", "i": 166, "mw": 6.0, "hub_m": 120.0, "rotor_m": 150.0}}, {"type": "Feature", "geometry": {"type": "Point", "coordinates": [18.36411, 47.1432]}, "properties": {"kind": "turbine", "i": 167, "mw": 6.0, "hub_m": 120.0, "rotor_m": 150.0}}, {"type": "Feature", "geometry": {"type": "Point", "coordinates": [18.24673, 47.08458]}, "properties": {"kind": "turbine", "i": 168, "mw": 6.0, "hub_m": 120.0, "rotor_m": 150.0}}, {"type": "Feature", "geometry": {"type": "Point", "coordinates": [18.38413, 47.22581]}, "properties": {"kind": "turbine", "i": 169, "mw": 6.0, "hub_m": 120.0, "rotor_m": 150.0}}, {"type": "Feature", "geometry": {"type": "Point", "coordinates": [18.33656, 47.11628]}, "properties": {"kind": "turbine", "i": 170, "mw": 6.0, "hub_m": 120.0, "rotor_m": 150.0}}, {"type": "Feature", "geometry": {"type": "Point", "coordinates": [18.28324, 47.31219]}, "properties": {"kind": "turbine", "i": 171, "mw": 6.0, "hub_m": 120.0, "rotor_m": 150.0}}, {"type": "Feature", "geometry": {"type": "Point", "coordinates": [18.29909, 47.09568]}, "properties": {"kind": "turbine", "i": 172, "mw": 6.0, "hub_m": 120.0, "rotor_m": 150.0}}, {"type": "Feature", "geometry": {"type": "Point", "coordinates": [18.07125, 47.12623]}, "properties": {"kind": "turbine", "i": 173, "mw": 6.0, "hub_m": 120.0, "rotor_m": 150.0}}, {"type": "Feature", "geometry": {"type": "Point", "coordinates": [18.13348, 47.31182]}, "properties": {"kind": "turbine", "i": 174, "mw": 6.0, "hub_m": 120.0, "rotor_m": 150.0}}, {"type": "Feature", "geometry": {"type": "Point", "coordinates": [18.37303, 47.25513]}, "properties": {"kind": "turbine", "i": 175, "mw": 6.0, "hub_m": 120.0, "rotor_m": 150.0}}, {"type": "Feature", "geometry": {"type": "Point", "coordinates": [18.11612, 47.09779]}, "properties": {"kind": "turbine", "i": 176, "mw": 6.0, "hub_m": 120.0, "rotor_m": 150.0}}, {"type": "Feature", "geometry": {"type": "Point", "coordinates": [18.35065, 47.12318]}, "properties": {"kind": "turbine", "i": 177, "mw": 6.0, "hub_m": 120.0, "rotor_m": 150.0}}, {"type": "Feature", "geometry": {"type": "Point", "coordinates": [18.35244, 47.28095]}, "properties": {"kind": "turbine", "i": 178, "mw": 6.0, "hub_m": 120.0, "rotor_m": 150.0}}, {"type": "Feature", "geometry": {"type": "Point", "coordinates": [18.32279, 47.10281]}, "properties": {"kind": "turbine", "i": 179, "mw": 6.0, "hub_m": 120.0, "rotor_m": 150.0}}, {"type": "Feature", "geometry": {"type": "Point", "coordinates": [18.20383, 47.07696]}, "properties": {"kind": "turbine", "i": 180, "mw": 6.0, "hub_m": 120.0, "rotor_m": 150.0}}, {"type": "Feature", "geometry": {"type": "Point", "coordinates": [18.20999, 47.32685]}, "properties": {"kind": "turbine", "i": 181, "mw": 6.0, "hub_m": 120.0, "rotor_m": 150.0}}, {"type": "Feature", "geometry": {"type": "Point", "coordinates": [18.0766, 47.1165]}, "properties": {"kind": "turbine", "i": 182, "mw": 6.0, "hub_m": 120.0, "rotor_m": 150.0}}, {"type": "Feature", "geometry": {"type": "Point", "coordinates": [18.17003, 47.07942]}, "properties": {"kind": "turbine", "i": 183, "mw": 6.0, "hub_m": 120.0, "rotor_m": 150.0}}, {"type": "Feature", "geometry": {"type": "Point", "coordinates": [18.13106, 47.08831]}, "properties": {"kind": "turbine", "i": 184, "mw": 6.0, "hub_m": 120.0, "rotor_m": 150.0}}, {"type": "Feature", "geometry": {"type": "Point", "coordinates": [18.3423, 47.29057]}, "properties": {"kind": "turbine", "i": 185, "mw": 6.0, "hub_m": 120.0, "rotor_m": 150.0}}, {"type": "Feature", "geometry": {"type": "Point", "coordinates": [18.32733, 47.30008]}, "properties": {"kind": "turbine", "i": 186, "mw": 6.0, "hub_m": 120.0, "rotor_m": 150.0}}, {"type": "Feature", "geometry": {"type": "Point", "coordinates": [18.2536, 47.32462]}, "properties": {"kind": "turbine", "i": 187, "mw": 6.0, "hub_m": 120.0, "rotor_m": 150.0}}, {"type": "Feature", "geometry": {"type": "Point", "coordinates": [18.18461, 47.07649]}, "properties": {"kind": "turbine", "i": 188, "mw": 6.0, "hub_m": 120.0, "rotor_m": 150.0}}, {"type": "Feature", "geometry": {"type": "Point", "coordinates": [18.30254, 47.31264]}, "properties": {"kind": "turbine", "i": 189, "mw": 6.0, "hub_m": 120.0, "rotor_m": 150.0}}, {"type": "Feature", "geometry": {"type": "Point", "coordinates": [18.27573, 47.08198]}, "properties": {"kind": "turbine", "i": 190, "mw": 6.0, "hub_m": 120.0, "rotor_m": 150.0}}, {"type": "Feature", "geometry": {"type": "Point", "coordinates": [18.3694, 47.13347]}, "properties": {"kind": "turbine", "i": 191, "mw": 6.0, "hub_m": 120.0, "rotor_m": 150.0}}, {"type": "Feature", "geometry": {"type": "Point", "coordinates": [18.28997, 47.08561]}, "properties": {"kind": "turbine", "i": 192, "mw": 6.0, "hub_m": 120.0, "rotor_m": 150.0}}, {"type": "Feature", "geometry": {"type": "Point", "coordinates": [18.22802, 47.07427]}, "properties": {"kind": "turbine", "i": 193, "mw": 6.0, "hub_m": 120.0, "rotor_m": 150.0}}, {"type": "Feature", "geometry": {"type": "Point", "coordinates": [18.26148, 47.07836]}, "properties": {"kind": "turbine", "i": 194, "mw": 6.0, "hub_m": 120.0, "rotor_m": 150.0}}, {"type": "Feature", "geometry": {"type": "Point", "coordinates": [18.38798, 47.24562]}, "properties": {"kind": "turbine", "i": 195, "mw": 6.0, "hub_m": 120.0, "rotor_m": 150.0}}, {"type": "Feature", "geometry": {"type": "Point", "coordinates": [18.1047, 47.30781]}, "properties": {"kind": "turbine", "i": 196, "mw": 6.0, "hub_m": 120.0, "rotor_m": 150.0}}, {"type": "Feature", "geometry": {"type": "Point", "coordinates": [18.39907, 47.21629]}, "properties": {"kind": "turbine", "i": 197, "mw": 6.0, "hub_m": 120.0, "rotor_m": 150.0}}, {"type": "Feature", "geometry": {"type": "Point", "coordinates": [18.18568, 47.32955]}, "properties": {"kind": "turbine", "i": 198, "mw": 6.0, "hub_m": 120.0, "rotor_m": 150.0}}, {"type": "Feature", "geometry": {"type": "Point", "coordinates": [18.24724, 47.07473]}, "properties": {"kind": "turbine", "i": 199, "mw": 6.0, "hub_m": 120.0, "rotor_m": 150.0}}, {"type": "Feature", "geometry": {"type": "Point", "coordinates": [18.15081, 47.07894]}, "properties": {"kind": "turbine", "i": 200, "mw": 6.0, "hub_m": 120.0, "rotor_m": 150.0}}, {"type": "Feature", "geometry": {"type": "Point", "coordinates": [18.31718, 47.3097]}, "properties": {"kind": "turbine", "i": 201, "mw": 6.0, "hub_m": 120.0, "rotor_m": 150.0}}, {"type": "Feature", "geometry": {"type": "Point", "coordinates": [18.36707, 47.278]}, "properties": {"kind": "turbine", "i": 202, "mw": 6.0, "hub_m": 120.0, "rotor_m": 150.0}}, {"type": "Feature", "geometry": {"type": "Point", "coordinates": [18.10188, 47.09414]}, "properties": {"kind": "turbine", "i": 203, "mw": 6.0, "hub_m": 120.0, "rotor_m": 150.0}}, {"type": "Feature", "geometry": {"type": "Point", "coordinates": [18.14724, 47.32531]}, "properties": {"kind": "turbine", "i": 204, "mw": 6.0, "hub_m": 120.0, "rotor_m": 150.0}}, {"type": "Feature", "geometry": {"type": "Point", "coordinates": [18.37721, 47.26837]}, "properties": {"kind": "turbine", "i": 205, "mw": 6.0, "hub_m": 120.0, "rotor_m": 150.0}}, {"type": "Feature", "geometry": {"type": "Point", "coordinates": [18.16155, 47.32895]}, "properties": {"kind": "turbine", "i": 206, "mw": 6.0, "hub_m": 120.0, "rotor_m": 150.0}}, {"type": "Feature", "geometry": {"type": "Point", "coordinates": [18.3981, 47.23599]}, "properties": {"kind": "turbine", "i": 207, "mw": 6.0, "hub_m": 120.0, "rotor_m": 150.0}}, {"type": "Feature", "geometry": {"type": "Point", "coordinates": [18.08212, 47.1035]}, "properties": {"kind": "turbine", "i": 208, "mw": 6.0, "hub_m": 120.0, "rotor_m": 150.0}}, {"type": "Feature", "geometry": {"type": "Point", "coordinates": [18.22413, 47.33377]}, "properties": {"kind": "turbine", "i": 209, "mw": 6.0, "hub_m": 120.0, "rotor_m": 150.0}}, {"type": "Feature", "geometry": {"type": "Point", "coordinates": [18.38351, 47.14036]}, "properties": {"kind": "turbine", "i": 210, "mw": 6.0, "hub_m": 120.0, "rotor_m": 150.0}}, {"type": "Feature", "geometry": {"type": "Point", "coordinates": [18.34666, 47.10665]}, "properties": {"kind": "turbine", "i": 211, "mw": 6.0, "hub_m": 120.0, "rotor_m": 150.0}}, {"type": "Feature", "geometry": {"type": "Point", "coordinates": [18.38733, 47.25875]}, "properties": {"kind": "turbine", "i": 212, "mw": 6.0, "hub_m": 120.0, "rotor_m": 150.0}}, {"type": "Feature", "geometry": {"type": "Point", "coordinates": [18.4034, 47.22625]}, "properties": {"kind": "turbine", "i": 213, "mw": 6.0, "hub_m": 120.0, "rotor_m": 150.0}}, {"type": "Feature", "geometry": {"type": "Point", "coordinates": [18.11683, 47.08466]}, "properties": {"kind": "turbine", "i": 214, "mw": 6.0, "hub_m": 120.0, "rotor_m": 150.0}}, {"type": "Feature", "geometry": {"type": "Point", "coordinates": [18.04703, 47.12889]}, "properties": {"kind": "turbine", "i": 215, "mw": 6.0, "hub_m": 120.0, "rotor_m": 150.0}}, {"type": "Feature", "geometry": {"type": "Point", "coordinates": [18.29721, 47.32237]}, "properties": {"kind": "turbine", "i": 216, "mw": 6.0, "hub_m": 120.0, "rotor_m": 150.0}}, {"type": "Feature", "geometry": {"type": "Point", "coordinates": [18.24344, 47.33424]}, "properties": {"kind": "turbine", "i": 217, "mw": 6.0, "hub_m": 120.0, "rotor_m": 150.0}}, {"type": "Feature", "geometry": {"type": "Point", "coordinates": [18.13159, 47.07846]}, "properties": {"kind": "turbine", "i": 218, "mw": 6.0, "hub_m": 120.0, "rotor_m": 150.0}}, {"type": "Feature", "geometry": {"type": "Point", "coordinates": [18.07148, 47.29711]}, "properties": {"kind": "turbine", "i": 219, "mw": 6.0, "hub_m": 120.0, "rotor_m": 150.0}}, {"type": "Feature", "geometry": {"type": "Point", "coordinates": [18.30456, 47.08267]}, "properties": {"kind": "turbine", "i": 220, "mw": 6.0, "hub_m": 120.0, "rotor_m": 150.0}}, {"type": "Feature", "geometry": {"type": "Point", "coordinates": [18.19982, 47.33646]}, "properties": {"kind": "turbine", "i": 221, "mw": 6.0, "hub_m": 120.0, "rotor_m": 150.0}}, {"type": "Feature", "geometry": {"type": "Point", "coordinates": [18.34164, 47.3037]}, "properties": {"kind": "turbine", "i": 222, "mw": 6.0, "hub_m": 120.0, "rotor_m": 150.0}}, {"type": "Feature", "geometry": {"type": "Point", "coordinates": [18.19474, 47.06688]}, "properties": {"kind": "turbine", "i": 223, "mw": 6.0, "hub_m": 120.0, "rotor_m": 150.0}}, {"type": "Feature", "geometry": {"type": "Point", "coordinates": [18.26774, 47.33153]}, "properties": {"kind": "turbine", "i": 224, "mw": 6.0, "hub_m": 120.0, "rotor_m": 150.0}}, {"type": "Feature", "geometry": {"type": "Point", "coordinates": [18.05238, 47.11917]}, "properties": {"kind": "turbine", "i": 225, "mw": 6.0, "hub_m": 120.0, "rotor_m": 150.0}}, {"type": "Feature", "geometry": {"type": "Point", "coordinates": [18.36658, 47.28784]}, "properties": {"kind": "turbine", "i": 226, "mw": 6.0, "hub_m": 120.0, "rotor_m": 150.0}}, {"type": "Feature", "geometry": {"type": "Point", "coordinates": [18.29047, 47.07576]}, "properties": {"kind": "turbine", "i": 227, "mw": 6.0, "hub_m": 120.0, "rotor_m": 150.0}}, {"type": "Feature", "geometry": {"type": "Point", "coordinates": [18.35644, 47.29747]}, "properties": {"kind": "turbine", "i": 228, "mw": 6.0, "hub_m": 120.0, "rotor_m": 150.0}}, {"type": "Feature", "geometry": {"type": "Point", "coordinates": [18.04809, 47.28336]}, "properties": {"kind": "turbine", "i": 229, "mw": 6.0, "hub_m": 120.0, "rotor_m": 150.0}}, {"type": "Feature", "geometry": {"type": "Point", "coordinates": [18.31668, 47.31955]}, "properties": {"kind": "turbine", "i": 230, "mw": 6.0, "hub_m": 120.0, "rotor_m": 150.0}}, {"type": "Feature", "geometry": {"type": "Point", "coordinates": [18.23814, 47.06465]}, "properties": {"kind": "turbine", "i": 231, "mw": 6.0, "hub_m": 120.0, "rotor_m": 150.0}}, {"type": "Feature", "geometry": {"type": "Point", "coordinates": [18.3315, 47.31332]}, "properties": {"kind": "turbine", "i": 232, "mw": 6.0, "hub_m": 120.0, "rotor_m": 150.0}}, {"type": "Feature", "geometry": {"type": "Point", "coordinates": [18.40228, 47.24923]}, "properties": {"kind": "turbine", "i": 233, "mw": 6.0, "hub_m": 120.0, "rotor_m": 150.0}}, {"type": "Feature", "geometry": {"type": "Point", "coordinates": [18.1805, 47.06325]}, "properties": {"kind": "turbine", "i": 234, "mw": 6.0, "hub_m": 120.0, "rotor_m": 150.0}}, {"type": "Feature", "geometry": {"type": "Point", "coordinates": [18.2764, 47.06886]}, "properties": {"kind": "turbine", "i": 235, "mw": 6.0, "hub_m": 120.0, "rotor_m": 150.0}}, {"type": "Feature", "geometry": {"type": "Point", "coordinates": [18.17067, 47.33903]}, "properties": {"kind": "turbine", "i": 236, "mw": 6.0, "hub_m": 120.0, "rotor_m": 150.0}}, {"type": "Feature", "geometry": {"type": "Point", "coordinates": [18.0804, 47.31048]}, "properties": {"kind": "turbine", "i": 237, "mw": 6.0, "hub_m": 120.0, "rotor_m": 150.0}}, {"type": "Feature", "geometry": {"type": "Point", "coordinates": [18.26215, 47.06523]}, "properties": {"kind": "turbine", "i": 238, "mw": 6.0, "hub_m": 120.0, "rotor_m": 150.0}}, {"type": "Feature", "geometry": {"type": "Point", "coordinates": [18.15631, 47.06593]}, "properties": {"kind": "turbine", "i": 239, "mw": 6.0, "hub_m": 120.0, "rotor_m": 150.0}}, {"type": "Feature", "geometry": {"type": "Point", "coordinates": [18.2239, 47.06102]}, "properties": {"kind": "turbine", "i": 240, "mw": 6.0, "hub_m": 120.0, "rotor_m": 150.0}}, {"type": "Feature", "geometry": {"type": "Point", "coordinates": [18.29188, 47.33211]}, "properties": {"kind": "turbine", "i": 241, "mw": 6.0, "hub_m": 120.0, "rotor_m": 150.0}}, {"type": "Feature", "geometry": {"type": "Point", "coordinates": [18.12758, 47.33139]}, "properties": {"kind": "turbine", "i": 242, "mw": 6.0, "hub_m": 120.0, "rotor_m": 150.0}}, {"type": "Feature", "geometry": {"type": "Point", "coordinates": [18.21395, 47.34338]}, "properties": {"kind": "turbine", "i": 243, "mw": 6.0, "hub_m": 120.0, "rotor_m": 150.0}}, {"type": "Feature", "geometry": {"type": "Point", "coordinates": [18.38636, 47.27844]}, "properties": {"kind": "turbine", "i": 244, "mw": 6.0, "hub_m": 120.0, "rotor_m": 150.0}}, {"type": "Feature", "geometry": {"type": "Point", "coordinates": [18.4124, 47.2396]}, "properties": {"kind": "turbine", "i": 245, "mw": 6.0, "hub_m": 120.0, "rotor_m": 150.0}}, {"type": "Feature", "geometry": {"type": "Point", "coordinates": [18.11736, 47.07482]}, "properties": {"kind": "turbine", "i": 246, "mw": 6.0, "hub_m": 120.0, "rotor_m": 150.0}}, {"type": "Feature", "geometry": {"type": "Point", "coordinates": [18.09281, 47.08406]}, "properties": {"kind": "turbine", "i": 247, "mw": 6.0, "hub_m": 120.0, "rotor_m": 150.0}}, {"type": "Feature", "geometry": {"type": "Point", "coordinates": [18.39649, 47.26881]}, "properties": {"kind": "turbine", "i": 248, "mw": 6.0, "hub_m": 120.0, "rotor_m": 150.0}}, {"type": "Feature", "geometry": {"type": "Point", "coordinates": [18.05809, 47.10288]}, "properties": {"kind": "turbine", "i": 249, "mw": 6.0, "hub_m": 120.0, "rotor_m": 150.0}}, {"type": "Feature", "geometry": {"type": "Point", "coordinates": [18.0119, 47.15427]}, "properties": {"kind": "turbine", "i": 250, "mw": 6.0, "hub_m": 120.0, "rotor_m": 150.0}}, {"type": "Feature", "geometry": {"type": "Point", "coordinates": [18.24292, 47.34408]}, "properties": {"kind": "turbine", "i": 251, "mw": 6.0, "hub_m": 120.0, "rotor_m": 150.0}}, {"type": "Feature", "geometry": {"type": "Point", "coordinates": [18.40275, 47.1408]}, "properties": {"kind": "turbine", "i": 252, "mw": 6.0, "hub_m": 120.0, "rotor_m": 150.0}}, {"type": "Feature", "geometry": {"type": "Point", "coordinates": [18.06611, 47.30683]}, "properties": {"kind": "turbine", "i": 253, "mw": 6.0, "hub_m": 120.0, "rotor_m": 150.0}}, {"type": "Feature", "geometry": {"type": "Point", "coordinates": [18.20486, 47.05727]}, "properties": {"kind": "turbine", "i": 254, "mw": 6.0, "hub_m": 120.0, "rotor_m": 150.0}}, {"type": "Feature", "geometry": {"type": "Point", "coordinates": [18.26724, 47.34138]}, "properties": {"kind": "turbine", "i": 255, "mw": 6.0, "hub_m": 120.0, "rotor_m": 150.0}}]}