{"type": "FeatureCollection", "features": [{"type": "Feature", "geometry": {"type": "MultiPolygon", "coordinates": [[[[-91.16134, 30.18075], [-91.15972, 30.18073], [-91.15855, 30.18033], [-91.15753, 30.17962], [-91.15669, 30.17841], [-91.15645, 30.17705], [-91.15668, 30.17603], [-91.15732, 30.17495], [-91.1586, 30.17391], [-91.16009, 30.17345], [-91.16166, 30.17351], [-91.16309, 30.17409], [-91.16448, 30.17547], [-91.16562, 30.17502], [-91.1672, 30.17493], [-91.16869, 30.17537], [-91.16964, 30.17602], [-91.17069, 30.17786], [-91.17053, 30.17956], [-91.16944, 30.18102], [-91.16767, 30.18186], [-91.16958, 30.18286], [-91.17064, 30.18447], [-91.17067, 30.1862], [-91.16949, 30.18797], [-91.16786, 30.18891], [-91.16632, 30.18918], [-91.16477, 30.18893], [-91.16345, 30.18817], [-91.16236, 30.18664], [-91.16233, 30.18462], [-91.16376, 30.18273], [-91.16561, 30.18184], [-91.16401, 30.1811], [-91.16308, 30.18008], [-91.16134, 30.18075]]], [[[-91.15523, 30.23241], [-91.15742, 30.23114], [-91.15377, 30.23487], [-91.15477, 30.23298], [-91.15523, 30.23241]]], [[[-91.15195, 30.16017], [-91.1504, 30.15981], [-91.14909, 30.15904], [-91.14822, 30.15789], [-91.14793, 30.15654], [-91.14832, 30.15501], [-91.1492, 30.15388], [-91.15052, 30.15312], [-91.15207, 30.15287], [-91.15401, 30.15325], [-91.15532, 30.15402], [-91.15619, 30.15517], [-91.15648, 30.15652], [-91.1561, 30.15805], [-91.15521, 30.15918], [-91.15389, 30.15994], [-91.15195, 30.16017]]], [[[-91.13342, 30.16264], [-91.13341, 30.1661], [-91.13271, 30.16733], [-91.13186, 30.16805], [-91.13042, 30.16862], [-91.12856, 30.16868], [-91.12708, 30.16819], [-91.12592, 30.16726], [-91.12527, 30.16601], [-91.12502, 30.16363], [-91.12551, 30.16188], [-91.12678, 30.16057], [-91.1286, 30.15994], [-91.13089, 30.16015], [-91.13252, 30.16112], [-91.13342, 30.16264]]], [[[-91.14898, 30.16422], [-91.15029, 30.16499], [-91.15116, 30.16615], [-91.15143, 30.16715], [-91.1513, 30.16841], [-91.15221, 30.16982], [-91.15233, 30.17119], [-91.15175, 30.1727], [-91.15073, 30.17374], [-91.14932, 30.17436], [-91.14775, 30.17446], [-91.14608, 30.17399], [-91.14462, 30.17277], [-91.14268, 30.17262], [-91.14132, 30.17193], [-91.1402, 30.17053], [-91.13998, 30.16883], [-91.14096, 30.16695], [-91.14302, 30.16586], [-91.14465, 30.16437], [-91.14671, 30.16386], [-91.14898, 30.16422]]], [[[-91.13421, 30.19416], [-91.13527, 30.1951], [-91.13589, 30.19619], [-91.13604, 30.19756], [-91.13574, 30.19857], [-91.13485, 30.19971], [-91.13347, 30.20053], [-91.13227, 30.20184], [-91.13004, 30.20263], [-91.1313, 30.20289], [-91.1326, 30.20365], [-91.1338, 30.205], [-91.13439, 30.20627], [-91.13438, 30.20765], [-91.13397, 30.20862], [-91.13279, 30.20994], [-91.13136, 30.21068], [-91.12979, 30.21087], [-91.12827, 30.21053], [-91.12701, 30.20971], [-91.12569, 30.20805], [-91.12408, 30.20803], [-91.12232, 30.20728], [-91.11802, 30.20182], [-91.11629, 30.2009], [-91.11523, 30.19931], [-91.11528, 30.19725], [-91.11665, 30.19556], [-91.11849, 30.19472], [-91.1209, 30.1948], [-91.12198, 30.19439], [-91.12277, 30.1934], [-91.1239, 30.19264], [-91.12615, 30.19222], [-91.12726, 30.19058], [-91.129, 30.18966], [-91.13135, 30.18966], [-91.13303, 30.19053], [-91.1341, 30.19205], [-91.13421, 30.19416]]], [[[-91.1285, 30.22056], [-91.13034, 30.22101], [-91.13236, 30.22228], [-91.13318, 30.2233], [-91.13358, 30.22482], [-91.13308, 30.22657], [-91.13179, 30.22812], [-91.13038, 30.22901], [-91.12869, 30.22931], [-91.12588, 30.22878], [-91.1247, 30.22824], [-91.1235, 30.22704], [-91.12299, 30.2252], [-91.12344, 30.22355], [-91.12447, 30.22219], [-91.12654, 30.22089], [-91.1285, 30.22056]]], [[[-91.13316, 30.23566], [-91.13511, 30.23582], [-91.13647, 30.23653], [-91.13777, 30.23788], [-91.13834, 30.23952], [-91.1381, 30.24088], [-91.13728, 30.24206], [-91.13525, 30.24323], [-91.13372, 30.24355], [-91.13167, 30.2432], [-91.1303, 30.24253], [-91.12924, 30.24138], [-91.12881, 30.24005], [-91.12899, 30.23868], [-91.12977, 30.23748], [-91.13168, 30.23612], [-91.13316, 30.23566]]], [[[-91.13055, 29.91921], [-91.13082, 29.92068], [-91.1303, 29.92233], [-91.12895, 29.92357], [-91.12709, 29.92411], [-91.12512, 29.92382], [-91.12234, 29.92239], [-91.12115, 29.9212], [-91.12067, 29.91965], [-91.12102, 29.91802], [-91.12188, 29.91693], [-91.12331, 29.91614], [-91.12527, 29.91579], [-91.12683, 29.91601], [-91.13055, 29.91921]]], [[[-91.11949, 29.95789], [-91.12019, 29.95911], [-91.12031, 29.96055], [-91.11959, 29.96215], [-91.11845, 29.96309], [-91.1148, 29.96448], [-91.11324, 29.96469], [-91.11136, 29.9642], [-91.10996, 29.96301], [-91.10936, 29.96133], [-91.10973, 29.95965], [-91.11066, 29.95854], [-91.11289, 29.95712], [-91.11468, 29.95657], [-91.11681, 29.95655], [-91.1183, 29.95699], [-91.11949, 29.95789]]], [[[-91.0995, 30.04545], [-91.09796, 30.04576], [-91.09649, 30.04565], [-91.09507, 30.04504], [-91.09403, 30.04401], [-91.09352, 30.04271], [-91.09362, 30.04122], [-91.09431, 30.03999], [-91.0955, 30.03908], [-91.09699, 30.03863], [-91.09887, 30.03871], [-91.10028, 30.03932], [-91.10132, 30.04035], [-91.10183, 30.04165], [-91.10174, 30.04315], [-91.10104, 30.04438], [-91.0995, 30.04545]]], [[[-91.11166, 30.20554], [-91.11255, 30.20671], [-91.11285, 30.20806], [-91.11253, 30.20941], [-91.11164, 30.21055], [-91.11028, 30.21132], [-91.10873, 30.21158], [-91.10719, 30.2113], [-91.10588, 30.21054], [-91.10499, 30.20937], [-91.10469, 30.20801], [-91.10501, 30.20666], [-91.1059, 30.20552], [-91.10726, 30.20475], [-91.10881, 30.20449], [-91.11035, 30.20477], [-91.11166, 30.20554]]], [[[-91.10087, 30.21518], [-91.10181, 30.21628], [-91.10264, 30.21855], [-91.10254, 30.21992], [-91.10178, 30.22132], [-91.1006, 30.22224], [-91.09892, 30.22275], [-91.09734, 30.22268], [-91.09549, 30.22189], [-91.09416, 30.22063], [-91.09341, 30.21868], [-91.09336, 30.21728], [-91.09394, 30.21597], [-91.09509, 30.21495], [-91.09698, 30.21433], [-91.09915, 30.21437], [-91.10087, 30.21518]]], [[[-91.09747, 30.23117], [-91.09924, 30.23199], [-91.10122, 30.23236], [-91.10298, 30.23332], [-91.10449, 30.23463], [-91.10504, 30.23616], [-91.10895, 30.23711], [-91.1103, 30.23803], [-91.11112, 30.2392], [-91.11136, 30.24057], [-91.11057, 30.24421], [-91.10899, 30.24586], [-91.10777, 30.24636], [-91.10641, 30.2465], [-91.10606, 30.24723], [-91.10617, 30.24833], [-91.10575, 30.24966], [-91.10478, 30.25081], [-91.10373, 30.25149], [-91.10424, 30.25273], [-91.10417, 30.25425], [-91.1061, 30.25497], [-91.10731, 30.25632], [-91.10765, 30.25771], [-91.1075, 30.25875], [-91.10676, 30.25999], [-91.10553, 30.26088], [-91.10396, 30.26131], [-91.10242, 30.26126], [-91.10099, 30.2624], [-91.09821, 30.26312], [-91.0982, 30.26505], [-91.09732, 30.2667], [-91.09589, 30.26776], [-91.09454, 30.26815], [-91.09367, 30.26915], [-91.09177, 30.27049], [-91.08874, 30.27187], [-91.08694, 30.27308], [-91.0858, 30.27333], [-91.08423, 30.27321], [-91.08283, 30.27259], [-91.08103, 30.27128], [-91.07956, 30.26872], [-91.07801, 30.2679], [-91.07716, 30.26685], [-91.07472, 30.26703], [-91.07159, 30.26672], [-91.07, 30.26571], [-91.06824, 30.26337], [-91.06781, 30.26158], [-91.06827, 30.25992], [-91.07019, 30.25809], [-91.07203, 30.25747], [-91.07328, 30.2575], [-91.07475, 30.25799], [-91.07844, 30.26004], [-91.07942, 30.26099], [-91.07993, 30.26192], [-91.08068, 30.26184], [-91.08175, 30.26058], [-91.08188, 30.2593], [-91.08238, 30.25834], [-91.08197, 30.25715], [-91.082, 30.25586], [-91.08243, 30.25459], [-91.08339, 30.25344], [-91.08169, 30.25299], [-91.08007, 30.25173], [-91.07842, 30.25187], [-91.07669, 30.25141], [-91.07528, 30.2503], [-91.07361, 30.24959], [-91.07283, 30.24884], [-91.07074, 30.24805], [-91.06942, 30.24633], [-91.06944, 30.24427], [-91.07, 30.24304], [-91.071, 30.24199], [-91.07238, 30.24135], [-91.07394, 30.24121], [-91.07562, 30.24164], [-91.07706, 30.24275], [-91.07862, 30.24319], [-91.07997, 30.24422], [-91.08117, 30.24395], [-91.08274, 30.24409], [-91.08406, 30.2446], [-91.08499, 30.24536], [-91.08664, 30.24583], [-91.08867, 30.24511], [-91.09099, 30.24545], [-91.09123, 30.24361], [-91.09276, 30.24187], [-91.09322, 30.23828], [-91.09218, 30.2371], [-91.09175, 30.23613], [-91.09194, 30.23409], [-91.09287, 30.23283], [-91.09441, 30.23155], [-91.0959, 30.23109], [-91.09747, 30.23117]], [[-91.08695, 30.2524], [-91.08692, 30.25231], [-91.08665, 30.25248], [-91.087, 30.25252], [-91.08695, 30.2524]]], [[[-91.08959, 29.89526], [-91.08834, 29.89467], [-91.08725, 29.89366], [-91.08678, 29.89271], [-91.08667, 29.8914], [-91.09308, 29.89488], [-91.09154, 29.8954], [-91.08959, 29.89526]]], [[[-91.06287, 30.21983], [-91.06436, 30.21894], [-91.06614, 30.21867], [-91.06905, 30.21913], [-91.07018, 30.21959], [-91.07143, 30.21936], [-91.07261, 30.21947], [-91.07427, 30.22012], [-91.07551, 30.22145], [-91.07588, 30.22279], [-91.07554, 30.22615], [-91.07489, 30.22789], [-91.07255, 30.22981], [-91.07008, 30.23037], [-91.06741, 30.23202], [-91.06548, 30.23233], [-91.06395, 30.23198], [-91.06176, 30.23064], [-91.06086, 30.22912], [-91.06081, 30.2277], [-91.06011, 30.22702], [-91.05937, 30.22869], [-91.05819, 30.2298], [-91.05716, 30.23141], [-91.05754, 30.23269], [-91.05743, 30.23372], [-91.05643, 30.23573], [-91.0562, 30.23693], [-91.05552, 30.238], [-91.0534, 30.23932], [-91.05247, 30.24113], [-91.05105, 30.24213], [-91.04924, 30.2425], [-91.04704, 30.24197], [-91.04537, 30.2405], [-91.04482, 30.23859], [-91.04514, 30.23706], [-91.04606, 30.23588], [-91.04653, 30.23158], [-91.04528, 30.22987], [-91.04523, 30.22815], [-91.04622, 30.22596], [-91.04804, 30.22471], [-91.04723, 30.22288], [-91.04768, 30.22093], [-91.04678, 30.21998], [-91.04626, 30.21853], [-91.04638, 30.21733], [-91.04695, 30.21623], [-91.0482, 30.21519], [-91.05015, 30.21466], [-91.05269, 30.21491], [-91.05622, 30.21598], [-91.05716, 30.21661], [-91.05885, 30.21859], [-91.05934, 30.22003], [-91.0593, 30.22133], [-91.05998, 30.22246], [-91.06075, 30.22147], [-91.06224, 30.22058], [-91.06287, 30.21983]]], [[[-91.05909, 29.90405], [-91.06053, 29.9029], [-91.06203, 29.90249], [-91.0636, 29.90261], [-91.06508, 29.90329], [-91.06639, 29.90478], [-91.06692, 29.90608], [-91.06683, 29.90746], [-91.06609, 29.90877], [-91.06492, 29.90968], [-91.06344, 29.91013], [-91.06142, 29.91], [-91.05997, 29.90931], [-91.05898, 29.90824], [-91.05834, 29.90653], [-91.05848, 29.90516], [-91.05909, 29.90405]]], [[[-91.02675, 29.93434], [-91.02898, 29.93484], [-91.03093, 29.93424], [-91.03329, 29.93453], [-91.03507, 29.93587], [-91.03556, 29.93681], [-91.03578, 29.93824], [-91.03551, 29.93974], [-91.03474, 29.94094], [-91.0335, 29.94179], [-91.03144, 29.94252], [-91.03138, 29.94368], [-91.0308, 29.94488], [-91.03128, 29.94587], [-91.03136, 29.94725], [-91.03055, 29.94965], [-91.02868, 29.95113], [-91.0268, 29.9516], [-91.02525, 29.95138], [-91.02389, 29.95074], [-91.02204, 29.94902], [-91.02141, 29.946], [-91.02185, 29.94429], [-91.02064, 29.94281], [-91.02028, 29.9407], [-91.02063, 29.93936], [-91.0217, 29.93812], [-91.02194, 29.9368], [-91.02275, 29.93564], [-91.02465, 29.93449], [-91.02675, 29.93434]]], [[[-91.02362, 29.98211], [-91.02355, 29.98348], [-91.0228, 29.98497], [-91.02162, 29.98595], [-91.01985, 29.98654], [-91.01808, 29.98653], [-91.01665, 29.98597], [-91.01556, 29.98498], [-91.01494, 29.9836], [-91.01496, 29.98228], [-91.01556, 29.98067], [-91.01696, 29.97941], [-91.01851, 29.97887], [-91.02009, 29.97887], [-91.02161, 29.97943], [-91.02306, 29.98076], [-91.02362, 29.98211]]], [[[-91.0195, 29.991], [-91.01981, 29.98932], [-91.02064, 29.98811], [-91.02195, 29.98728], [-91.02353, 29.98697], [-91.025, 29.98715], [-91.02648, 29.98789], [-91.02767, 29.9892], [-91.02807, 29.99053], [-91.0278, 29.99209], [-91.02703, 29.99325], [-91.02581, 29.99412], [-91.02431, 29.99453], [-91.02267, 29.99438], [-91.02115, 29.99368], [-91.01989, 29.99233], [-91.0195, 29.991]]], [[[-91.0569, 29.98826], [-91.0581, 29.989], [-91.0592, 29.99026], [-91.06035, 29.99315], [-91.06027, 29.99486], [-91.05927, 29.99634], [-91.05781, 29.9972], [-91.05627, 29.99747], [-91.05349, 29.99704], [-91.05214, 29.99633], [-91.0508, 29.99481], [-91.05001, 29.99288], [-91.05017, 29.99118], [-91.05162, 29.98923], [-91.05287, 29.98831], [-91.05476, 29.98787], [-91.0569, 29.98826]]], [[[-91.05073, 30.00306], [-91.04956, 30.00398], [-91.04801, 30.00445], [-91.0463, 30.00439], [-91.04488, 30.0038], [-91.04383, 30.00278], [-91.04327, 30.00126], [-91.04335, 29.99989], [-91.04404, 29.99865], [-91.04521, 29.99774], [-91.0467, 29.99728], [-91.04841, 29.99734], [-91.04983, 29.99793], [-91.05088, 29.99895], [-91.05149, 30.00039], [-91.05141, 30.00182], [-91.05073, 30.00306]]], [[[-91.04164, 30.01121], [-91.04169, 30.00971], [-91.0424, 30.00832], [-91.04388, 30.0072], [-91.0454, 30.00683], [-91.04776, 30.00715], [-91.0495, 30.0078], [-91.05093, 30.00905], [-91.05152, 30.01069], [-91.05131, 30.01205], [-91.05048, 30.01334], [-91.04883, 30.01448], [-91.04693, 30.01491], [-91.04551, 30.01477], [-91.04411, 30.01414], [-91.04245, 30.01277], [-91.04164, 30.01121]]], [[[-91.03971, 30.04484], [-91.0419, 30.04549], [-91.04353, 30.04661], [-91.04444, 30.04812], [-91.0445, 30.0495], [-91.04395, 30.05079], [-91.04262, 30.05211], [-91.04324, 30.05334], [-91.04333, 30.05437], [-91.04229, 30.05703], [-91.04137, 30.05803], [-91.04038, 30.0586], [-91.03884, 30.05901], [-91.03765, 30.05901], [-91.03617, 30.05855], [-91.03452, 30.05733], [-91.03383, 30.05608], [-91.03375, 30.05471], [-91.03474, 30.05231], [-91.03588, 30.0511], [-91.03509, 30.04998], [-91.03484, 30.04897], [-91.03538, 30.04697], [-91.03706, 30.04535], [-91.03853, 30.04486], [-91.03971, 30.04484]]], [[[-91.02113, 30.0662], [-91.02122, 30.06483], [-91.02196, 30.0635], [-91.02314, 30.0626], [-91.02463, 30.06215], [-91.02661, 30.06231], [-91.02812, 30.0629], [-91.02941, 30.0642], [-91.02983, 30.06552], [-91.02964, 30.06689], [-91.02878, 30.0682], [-91.02754, 30.06905], [-91.02602, 30.06941], [-91.02446, 30.06924], [-91.02269, 30.06853], [-91.02164, 30.0675], [-91.02113, 30.0662]]], [[[-91.03428, 30.08232], [-91.03483, 30.08376], [-91.03461, 30.08546], [-91.03349, 30.08687], [-91.03182, 30.08763], [-91.03316, 30.08851], [-91.03393, 30.08971], [-91.03412, 30.09108], [-91.0338, 30.09221], [-91.03295, 30.09337], [-91.03166, 30.09415], [-91.03012, 30.09445], [-91.02845, 30.09417], [-91.02684, 30.09318], [-91.0259, 30.09131], [-91.02602, 30.08993], [-91.02657, 30.08887], [-91.02766, 30.08788], [-91.02876, 30.08741], [-91.02754, 30.08659], [-91.02675, 30.0854], [-91.0265, 30.08424], [-91.02676, 30.08289], [-91.02819, 30.08126], [-91.03026, 30.08059], [-91.03257, 30.08092], [-91.03428, 30.08232]]], [[[-91.01448, 30.10321], [-91.01411, 30.10187], [-91.01414, 30.09962], [-91.01493, 30.09818], [-91.01643, 30.09709], [-91.01835, 30.09674], [-91.01997, 30.09706], [-91.0219, 30.09789], [-91.02321, 30.09917], [-91.02403, 30.10137], [-91.02397, 30.10275], [-91.02318, 30.10417], [-91.02168, 30.10527], [-91.01976, 30.10562], [-91.01687, 30.10522], [-91.01553, 30.1045], [-91.01448, 30.10321]]], [[[-91.01295, 30.19415], [-91.01517, 30.19478], [-91.01654, 30.19435], [-91.01789, 30.19435], [-91.01919, 30.19473], [-91.02026, 30.19545], [-91.02116, 30.1968], [-91.02135, 30.19799], [-91.02108, 30.19917], [-91.01992, 30.20096], [-91.02211, 30.20161], [-91.02361, 30.20323], [-91.02533, 30.20351], [-91.02656, 30.20417], [-91.02785, 30.2059], [-91.02799, 30.2076], [-91.02722, 30.20923], [-91.02361, 30.21251], [-91.02222, 30.21301], [-91.02067, 30.21305], [-91.01964, 30.21392], [-91.01807, 30.21447], [-91.01677, 30.21449], [-91.01533, 30.21408], [-91.01373, 30.21664], [-91.01243, 30.21789], [-91.01093, 30.21858], [-91.00922, 30.21869], [-91.0076, 30.21819], [-91.00636, 30.21719], [-91.00422, 30.21649], [-91.00263, 30.21533], [-91.00186, 30.21424], [-91.00046, 30.21429], [-90.99921, 30.21397], [-90.99721, 30.21256], [-90.99645, 30.21172], [-90.99595, 30.21042], [-90.99604, 30.20906], [-90.99669, 30.20787], [-90.99551, 30.20773], [-90.99414, 30.20847], [-90.993, 30.20873], [-90.99096, 30.2086], [-90.98915, 30.20789], [-90.98806, 30.2068], [-90.98744, 30.20554], [-90.98742, 30.20416], [-90.988, 30.20288], [-90.98915, 30.20187], [-90.98927, 30.2006], [-90.98997, 30.19902], [-90.98949, 30.19785], [-90.98943, 30.19637], [-90.98964, 30.19483], [-90.99025, 30.19368], [-90.98656, 30.19434], [-90.98523, 30.19512], [-90.98271, 30.19583], [-90.97913, 30.19542], [-90.97766, 30.19493], [-90.97611, 30.19347], [-90.97559, 30.19162], [-90.97431, 30.19108], [-90.97317, 30.18997], [-90.97262, 30.18816], [-90.9714, 30.18694], [-90.97062, 30.18571], [-90.97058, 30.18366], [-90.97186, 30.18194], [-90.97568, 30.17943], [-90.97708, 30.17893], [-90.98131, 30.17911], [-90.9832, 30.17977], [-90.98501, 30.18078], [-90.98676, 30.18006], [-90.98794, 30.1785], [-90.98982, 30.17763], [-90.99179, 30.17766], [-90.99335, 30.17837], [-90.9949, 30.1775], [-90.99683, 30.17721], [-90.99835, 30.17758], [-90.99935, 30.17821], [-91.00292, 30.17616], [-91.00432, 30.17587], [-91.00574, 30.176], [-91.00704, 30.17654], [-91.00805, 30.17743], [-91.0101, 30.18105], [-91.01009, 30.18307], [-91.01199, 30.18367], [-91.01323, 30.18459], [-91.01473, 30.1866], [-91.01497, 30.18842], [-91.01458, 30.1895], [-91.01384, 30.19041], [-91.01243, 30.19158], [-91.01123, 30.19208], [-91.0094, 30.19219], [-91.00741, 30.19147], [-91.00537, 30.18954], [-91.00466, 30.18805], [-91.00395, 30.18841], [-91.00413, 30.18975], [-91.00384, 30.19083], [-91.00635, 30.19179], [-91.00786, 30.19372], [-91.00971, 30.19375], [-91.01128, 30.19442], [-91.01295, 30.19415]]], [[[-91.0352, 30.211], [-91.03737, 30.21134], [-91.03905, 30.21259], [-91.03976, 30.21438], [-91.0395, 30.21593], [-91.03759, 30.21887], [-91.03651, 30.21956], [-91.03497, 30.21995], [-91.03474, 30.22162], [-91.03348, 30.22315], [-91.03147, 30.22393], [-91.02932, 30.22373], [-91.02771, 30.22293], [-91.02663, 30.22178], [-91.02616, 30.22031], [-91.02641, 30.21883], [-91.02705, 30.21785], [-91.028, 30.21709], [-91.03028, 30.21647], [-91.03071, 30.21463], [-91.03253, 30.2121], [-91.03357, 30.21142], [-91.0352, 30.211]]], [[[-91.01477, 30.24944], [-91.01597, 30.25073], [-91.01641, 30.25169], [-91.01651, 30.25272], [-91.01619, 30.25414], [-91.01536, 30.25531], [-91.01443, 30.25595], [-91.01214, 30.25642], [-91.01051, 30.2562], [-91.00909, 30.25559], [-91.00804, 30.25456], [-91.0075, 30.25295], [-91.00604, 30.25257], [-91.00483, 30.25174], [-91.00392, 30.25019], [-91.00381, 30.24846], [-91.00441, 30.24672], [-91.00544, 30.24564], [-91.00689, 30.24499], [-91.00871, 30.2449], [-91.01057, 30.24534], [-91.01159, 30.24594], [-91.01254, 30.24709], [-91.01289, 30.24857], [-91.01477, 30.24944]]], [[[-91.00671, 30.09769], [-91.00729, 30.09897], [-91.00732, 30.10123], [-91.00654, 30.10266], [-91.00503, 30.10375], [-91.00389, 30.10404], [-91.00036, 30.10425], [-90.99894, 30.10567], [-90.9967, 30.10625], [-90.99553, 30.10609], [-90.9943, 30.10558], [-90.99281, 30.10399], [-90.99209, 30.10444], [-90.99194, 30.10559], [-90.99138, 30.10662], [-90.98959, 30.10793], [-90.98805, 30.10822], [-90.98687, 30.10808], [-90.98556, 30.10753], [-90.98415, 30.1079], [-90.98234, 30.10776], [-90.98038, 30.10681], [-90.97931, 30.10541], [-90.97902, 30.10406], [-90.97933, 30.10249], [-90.97797, 30.10061], [-90.97777, 30.09959], [-90.97796, 30.09845], [-90.97623, 30.09722], [-90.97552, 30.09531], [-90.97289, 30.09506], [-90.97112, 30.09392], [-90.97008, 30.09222], [-90.96996, 30.09043], [-90.97078, 30.08889], [-90.97242, 30.08763], [-90.97392, 30.08722], [-90.97586, 30.08746], [-90.97848, 30.08918], [-90.9791, 30.09006], [-90.9794, 30.09113], [-90.98074, 30.09115], [-90.98295, 30.09189], [-90.98417, 30.09274], [-90.98493, 30.09395], [-90.9876, 30.09495], [-90.98887, 30.09587], [-90.99095, 30.09542], [-90.99329, 30.09613], [-90.99457, 30.09743], [-90.99498, 30.09928], [-90.99638, 30.09895], [-90.99671, 30.09833], [-90.99562, 30.09775], [-90.99465, 30.09667], [-90.99412, 30.09434], [-90.99218, 30.09372], [-90.99076, 30.0926], [-90.99026, 30.09169], [-90.99009, 30.09036], [-90.99042, 30.08916], [-90.9919, 30.08701], [-90.99358, 30.08613], [-90.99554, 30.08604], [-90.99731, 30.08671], [-90.99842, 30.08769], [-90.99907, 30.0893], [-90.99876, 30.09101], [-91.0003, 30.09142], [-91.00174, 30.09257], [-91.00241, 30.09407], [-91.00243, 30.09556], [-91.00528, 30.09652], [-91.00671, 30.09769]]], [[[-91.00021, 30.26172], [-90.99988, 30.25986], [-91.00053, 30.25827], [-91.0023, 30.25697], [-91.00433, 30.25668], [-91.00669, 30.25725], [-91.00834, 30.25863], [-91.01012, 30.25855], [-91.01221, 30.25915], [-91.01364, 30.26047], [-91.01414, 30.26247], [-91.01362, 30.26455], [-91.01276, 30.2657], [-91.01139, 30.26654], [-91.00945, 30.26681], [-91.00694, 30.26616], [-91.00572, 30.26513], [-91.00513, 30.26399], [-91.00387, 30.26398], [-91.00204, 30.26344], [-91.00109, 30.26284], [-91.00021, 30.26172]]], [[[-90.99858, 30.17377], [-90.99756, 30.17241], [-90.99722, 30.17106], [-90.9975, 30.16971], [-90.99835, 30.16855], [-90.99965, 30.16777], [-91.00135, 30.16742], [-91.0029, 30.16766], [-91.00423, 30.1684], [-91.00525, 30.16976], [-91.00559, 30.1711], [-91.00532, 30.17246], [-91.00446, 30.17361], [-91.00316, 30.1744], [-91.00146, 30.17475], [-90.99991, 30.17451], [-90.99858, 30.17377]]], [[[-91.00019, 30.26396], [-91.00129, 30.26547], [-91.00151, 30.26736], [-91.00087, 30.26897], [-90.99938, 30.27026], [-90.99726, 30.27084], [-90.9959, 30.27076], [-90.99442, 30.2702], [-90.99233, 30.27059], [-90.99042, 30.27015], [-90.98909, 30.27063], [-90.98925, 30.27204], [-90.98857, 30.27367], [-90.98941, 30.27439], [-90.99082, 30.2731], [-90.9931, 30.27258], [-90.99559, 30.27306], [-90.99725, 30.27436], [-90.99782, 30.27561], [-90.99784, 30.27692], [-90.99743, 30.27853], [-90.99652, 30.27983], [-90.99485, 30.28076], [-90.99326, 30.28093], [-90.99149, 30.2805], [-90.98965, 30.2792], [-90.98806, 30.28041], [-90.98614, 30.28076], [-90.98361, 30.28047], [-90.98184, 30.27945], [-90.98083, 30.27757], [-90.98083, 30.276], [-90.98147, 30.2745], [-90.9806, 30.27312], [-90.98049, 30.27175], [-90.981, 30.27036], [-90.98219, 30.26913], [-90.98189, 30.26761], [-90.98232, 30.26617], [-90.98304, 30.26525], [-90.98426, 30.26437], [-90.98359, 30.2632], [-90.98341, 30.26209], [-90.98358, 30.26107], [-90.98431, 30.25982], [-90.98312, 30.25821], [-90.98294, 30.25656], [-90.98337, 30.25524], [-90.98504, 30.25286], [-90.98634, 30.25209], [-90.98788, 30.2518], [-90.98968, 30.25193], [-90.99109, 30.25256], [-90.9921, 30.25361], [-90.99261, 30.25496], [-90.99446, 30.25581], [-90.99553, 30.25725], [-90.99576, 30.26084], [-90.99476, 30.2627], [-90.99553, 30.2632], [-90.99853, 30.26315], [-91.00019, 30.26396]]], [[[-91.00179, 30.29686], [-91.0022, 30.29827], [-91.00194, 30.29983], [-91.00077, 30.30127], [-90.99934, 30.30195], [-90.9977, 30.30212], [-90.99415, 30.30183], [-90.9928, 30.30112], [-90.99172, 30.29969], [-90.9915, 30.29833], [-90.99192, 30.29672], [-90.99318, 30.29541], [-90.99477, 30.29475], [-90.99687, 30.29457], [-90.99934, 30.29493], [-91.00085, 30.29576], [-91.00179, 30.29686]]], [[[-90.96667, 30.08744], [-90.9653, 30.08671], [-90.96437, 30.0856], [-90.964, 30.08426], [-90.96425, 30.08291], [-90.9651, 30.08171], [-90.96637, 30.0809], [-90.96791, 30.08058], [-90.96946, 30.0808], [-90.97083, 30.08153], [-90.97176, 30.08264], [-90.97213, 30.08397], [-90.97188, 30.08533], [-90.97103, 30.08653], [-90.96976, 30.08733], [-90.96822, 30.08765], [-90.96667, 30.08744]]], [[[-90.98112, 30.12636], [-90.97957, 30.12606], [-90.97809, 30.12517], [-90.97725, 30.124], [-90.97699, 30.12264], [-90.97735, 30.1213], [-90.97827, 30.12005], [-90.97965, 30.11916], [-90.98157, 30.11883], [-90.9831, 30.11916], [-90.98467, 30.12019], [-90.98547, 30.12144], [-90.98564, 30.12283], [-90.98507, 30.12434], [-90.98405, 30.12537], [-90.98269, 30.12612], [-90.98112, 30.12636]]], [[[-90.96831, 30.21518], [-90.96793, 30.21383], [-90.96816, 30.21247], [-90.96898, 30.2113], [-90.97025, 30.21048], [-90.97181, 30.21015], [-90.97338, 30.21035], [-90.97473, 30.21106], [-90.97567, 30.21217], [-90.97605, 30.21353], [-90.97581, 30.21489], [-90.97498, 30.21606], [-90.97371, 30.21687], [-90.97215, 30.2172], [-90.97059, 30.21699], [-90.96925, 30.21628], [-90.96831, 30.21518]]], [[[-90.96399, 30.22654], [-90.96566, 30.22571], [-90.96729, 30.22559], [-90.96878, 30.22599], [-90.96999, 30.22684], [-90.97073, 30.22803], [-90.97101, 30.22996], [-90.97043, 30.2316], [-90.96935, 30.23261], [-90.96791, 30.23319], [-90.96621, 30.23325], [-90.96473, 30.23277], [-90.96357, 30.23184], [-90.96291, 30.2306], [-90.96272, 30.22872], [-90.96305, 30.2277], [-90.96399, 30.22654]]], [[[-90.96772, 30.24694], [-90.96615, 30.24666], [-90.96483, 30.24587], [-90.96394, 30.24467], [-90.96364, 30.24331], [-90.96399, 30.24187], [-90.96488, 30.24073], [-90.9662, 30.23996], [-90.96781, 30.23969], [-90.96928, 30.23993], [-90.97061, 30.24067], [-90.97157, 30.24185], [-90.9719, 30.24329], [-90.9716, 30.24466], [-90.97073, 30.24586], [-90.96938, 30.24667], [-90.96772, 30.24694]]], [[[-90.98814, 30.24001], [-90.98981, 30.24032], [-90.9911, 30.24111], [-90.99231, 30.24275], [-90.99263, 30.24375], [-90.99252, 30.24534], [-90.9918, 30.24657], [-90.99061, 30.24746], [-90.98911, 30.24789], [-90.98724, 30.2478], [-90.98553, 30.24695], [-90.98447, 30.24567], [-90.98395, 30.244], [-90.98414, 30.24252], [-90.98498, 30.24123], [-90.98659, 30.24025], [-90.98814, 30.24001]]], [[[-90.97923, 30.25269], [-90.98065, 30.25387], [-90.98151, 30.25563], [-90.98149, 30.25701], [-90.98075, 30.25851], [-90.97962, 30.25947], [-90.97816, 30.25998], [-90.97658, 30.25997], [-90.97435, 30.25933], [-90.97322, 30.25838], [-90.97258, 30.25712], [-90.97256, 30.25529], [-90.97316, 30.25402], [-90.97427, 30.25304], [-90.97616, 30.25235], [-90.97774, 30.25226], [-90.97923, 30.25269]]], [[[-90.964, 30.26643], [-90.96361, 30.26501], [-90.96371, 30.26334], [-90.96485, 30.26146], [-90.96691, 30.26047], [-90.96876, 30.2604], [-90.96991, 30.26064], [-90.97151, 30.26164], [-90.97213, 30.26251], [-90.97252, 30.26391], [-90.97359, 30.26457], [-90.9743, 30.26541], [-90.97477, 30.26701], [-90.97588, 30.26881], [-90.97565, 30.27101], [-90.97477, 30.27216], [-90.97346, 30.27292], [-90.97191, 30.27318], [-90.97017, 30.27292], [-90.96835, 30.27163], [-90.96766, 30.26967], [-90.96673, 30.26852], [-90.96524, 30.26787], [-90.964, 30.26643]]], [[[-90.96204, 30.28892], [-90.96131, 30.29017], [-90.96005, 30.29114], [-90.95857, 30.2916], [-90.95662, 30.29143], [-90.95326, 30.28936], [-90.95149, 30.28728], [-90.95013, 30.28503], [-90.94954, 30.28486], [-90.94911, 30.28652], [-90.94851, 30.28741], [-90.94765, 30.28811], [-90.9463, 30.28863], [-90.94636, 30.28998], [-90.94604, 30.29097], [-90.94336, 30.29418], [-90.94357, 30.29613], [-90.94502, 30.2969], [-90.94602, 30.29824], [-90.94736, 30.29929], [-90.948, 30.30054], [-90.94809, 30.30246], [-90.94866, 30.30389], [-90.9497, 30.30425], [-90.95061, 30.30203], [-90.95209, 30.30071], [-90.95177, 30.2994], [-90.95192, 30.29832], [-90.9532, 30.2966], [-90.95465, 30.29591], [-90.95644, 30.29575], [-90.95796, 30.29613], [-90.9592, 30.29698], [-90.95997, 30.29818], [-90.96017, 30.29931], [-90.95972, 30.30097], [-90.9585, 30.3022], [-90.95927, 30.30461], [-90.95886, 30.30659], [-90.96026, 30.30789], [-90.96074, 30.30955], [-90.96044, 30.31104], [-90.95941, 30.3123], [-90.95334, 30.31246], [-90.92789, 30.31098], [-90.91768, 30.30941], [-90.91701, 30.3078], [-90.9171, 30.30586], [-90.91771, 30.30459], [-90.91884, 30.30363], [-90.91991, 30.30319], [-90.92143, 30.30305], [-90.92499, 30.30345], [-90.92664, 30.30414], [-90.92804, 30.30398], [-90.92778, 30.30207], [-90.92706, 30.30106], [-90.92677, 30.30006], [-90.92695, 30.29785], [-90.92459, 30.29756], [-90.9235, 30.29716], [-90.92233, 30.29623], [-90.92164, 30.29485], [-90.91983, 30.29444], [-90.91332, 30.29457], [-90.91116, 30.29376], [-90.90899, 30.29137], [-90.9085, 30.29043], [-90.90843, 30.28452], [-90.90906, 30.2829], [-90.91067, 30.2815], [-90.91299, 30.28093], [-90.91663, 30.28088], [-90.91783, 30.27726], [-90.91859, 30.27623], [-90.91738, 30.27531], [-90.91676, 30.27443], [-90.91652, 30.27225], [-90.91765, 30.27042], [-90.91736, 30.26887], [-90.91768, 30.26754], [-90.91854, 30.26641], [-90.91984, 30.26565], [-90.92185, 30.26537], [-90.92343, 30.26563], [-90.92476, 30.2664], [-90.92565, 30.26756], [-90.92593, 30.26858], [-90.92586, 30.26984], [-90.92485, 30.27152], [-90.92557, 30.27267], [-90.92574, 30.27417], [-90.92547, 30.27517], [-90.92477, 30.27616], [-90.92563, 30.27736], [-90.92714, 30.27698], [-90.93366, 30.27706], [-90.93533, 30.27573], [-90.93646, 30.27541], [-90.93799, 30.2754], [-90.93965, 30.27581], [-90.94099, 30.27662], [-90.94169, 30.2775], [-90.94233, 30.27934], [-90.94393, 30.27848], [-90.94385, 30.27806], [-90.94251, 30.27764], [-90.94158, 30.277], [-90.94049, 30.27553], [-90.94027, 30.27383], [-90.94126, 30.27197], [-90.94272, 30.27101], [-90.94495, 30.27042], [-90.94688, 30.27074], [-90.94822, 30.2716], [-90.94965, 30.27171], [-90.95015, 30.26899], [-90.95123, 30.26723], [-90.95321, 30.26613], [-90.95577, 30.26598], [-90.95692, 30.26624], [-90.95824, 30.267], [-90.95935, 30.2688], [-90.96, 30.27385], [-90.95985, 30.27568], [-90.95896, 30.27795], [-90.95785, 30.27905], [-90.95939, 30.28077], [-90.96132, 30.28139], [-90.96279, 30.28299], [-90.96308, 30.28447], [-90.9627, 30.28598], [-90.96278, 30.28734], [-90.96204, 30.28892]]], [[[-90.96957, 30.28752], [-90.97017, 30.28573], [-90.97185, 30.28427], [-90.97367, 30.28362], [-90.97542, 30.28372], [-90.97716, 30.28453], [-90.97827, 30.28579], [-90.97995, 30.28632], [-90.98122, 30.28714], [-90.98214, 30.28866], [-90.98209, 30.29052], [-90.98061, 30.29291], [-90.97976, 30.29368], [-90.97782, 30.29448], [-90.97569, 30.29439], [-90.97348, 30.29342], [-90.97203, 30.29222], [-90.97113, 30.29047], [-90.96995, 30.2892], [-90.96957, 30.28752]]], [[[-90.96286, 30.29716], [-90.96148, 30.2952], [-90.9611, 30.29421], [-90.96107, 30.29318], [-90.96157, 30.29187], [-90.96261, 30.29083], [-90.96418, 30.29011], [-90.96575, 30.29001], [-90.96725, 30.29044], [-90.96948, 30.29239], [-90.97113, 30.29479], [-90.97256, 30.29624], [-90.97298, 30.29757], [-90.97274, 30.29901], [-90.97422, 30.29898], [-90.97536, 30.29929], [-90.97634, 30.29988], [-90.97732, 30.30104], [-90.97769, 30.30266], [-90.97699, 30.30469], [-90.97771, 30.30607], [-90.97778, 30.30733], [-90.97751, 30.30833], [-90.97664, 30.30948], [-90.97444, 30.31055], [-90.97201, 30.31037], [-90.9705, 30.30953], [-90.96947, 30.30807], [-90.9693, 30.30648], [-90.97002, 30.30477], [-90.96981, 30.3045], [-90.96825, 30.30528], [-90.96604, 30.30549], [-90.96449, 30.30524], [-90.96296, 30.30442], [-90.9619, 30.30299], [-90.96173, 30.30126], [-90.9626, 30.29958], [-90.96438, 30.29847], [-90.96286, 30.29716]]], [[[-90.96386, 30.08031], [-90.96201, 30.08044], [-90.9605, 30.08004], [-90.95928, 30.07917], [-90.9585, 30.07787], [-90.95835, 30.07623], [-90.95881, 30.07491], [-90.95981, 30.07385], [-90.9612, 30.07321], [-90.96303, 30.07308], [-90.96454, 30.07348], [-90.96576, 30.07435], [-90.9665, 30.07556], [-90.96671, 30.07729], [-90.96625, 30.07861], [-90.96525, 30.07967], [-90.96386, 30.08031]]], [[[-90.96378, 30.09351], [-90.96443, 30.0949], [-90.96451, 30.09615], [-90.96282, 30.10109], [-90.96016, 30.10329], [-90.95886, 30.10365], [-90.95632, 30.10372], [-90.95439, 30.10313], [-90.95301, 30.10205], [-90.94974, 30.1017], [-90.9473, 30.10062], [-90.94643, 30.09992], [-90.94583, 30.09903], [-90.9449, 30.09625], [-90.94492, 30.09488], [-90.94542, 30.09378], [-90.94425, 30.0922], [-90.94408, 30.09032], [-90.94492, 30.08877], [-90.94613, 30.08789], [-90.94885, 30.08712], [-90.95042, 30.08712], [-90.95154, 30.08746], [-90.95276, 30.08832], [-90.95351, 30.08953], [-90.95374, 30.09088], [-90.95469, 30.09151], [-90.95545, 30.09058], [-90.95662, 30.08985], [-90.958, 30.0895], [-90.95944, 30.08957], [-90.96154, 30.09059], [-90.96323, 30.09234], [-90.96378, 30.09351]]], [[[-90.95059, 30.19229], [-90.95159, 30.1912], [-90.95286, 30.19051], [-90.95398, 30.19016], [-90.95565, 30.19011], [-90.96014, 30.1906], [-90.96126, 30.19094], [-90.96272, 30.19208], [-90.96334, 30.19335], [-90.96345, 30.19861], [-90.96297, 30.20027], [-90.96197, 30.20133], [-90.96095, 30.20186], [-90.95979, 30.20211], [-90.95789, 30.20207], [-90.95841, 30.20376], [-90.9584, 30.20608], [-90.95812, 30.20709], [-90.95915, 30.20783], [-90.95978, 30.20871], [-90.96011, 30.21064], [-90.95948, 30.21226], [-90.95753, 30.21384], [-90.95749, 30.21615], [-90.95685, 30.21758], [-90.95575, 30.2186], [-90.95426, 30.21933], [-90.95207, 30.21941], [-90.94994, 30.22041], [-90.94793, 30.22042], [-90.94613, 30.2197], [-90.94492, 30.21834], [-90.9446, 30.21649], [-90.94508, 30.21473], [-90.94078, 30.21509], [-90.93887, 30.21567], [-90.94045, 30.21705], [-90.94095, 30.21871], [-90.94064, 30.22102], [-90.93917, 30.22261], [-90.93771, 30.22315], [-90.93568, 30.22321], [-90.93416, 30.22283], [-90.9328, 30.22184], [-90.93191, 30.2235], [-90.93032, 30.2245], [-90.92822, 30.22473], [-90.92637, 30.22413], [-90.92507, 30.22285], [-90.92441, 30.22094], [-90.92454, 30.21938], [-90.92553, 30.2179], [-90.92683, 30.21712], [-90.92853, 30.21683], [-90.93009, 30.21708], [-90.93162, 30.21802], [-90.93215, 30.21696], [-90.93294, 30.21619], [-90.93542, 30.21522], [-90.93389, 30.21384], [-90.93341, 30.21203], [-90.93387, 30.2104], [-90.93548, 30.20896], [-90.93493, 30.20753], [-90.93488, 30.20492], [-90.93508, 30.20334], [-90.93558, 30.20241], [-90.93668, 30.20142], [-90.93853, 30.20083], [-90.94088, 30.20106], [-90.9429, 30.20241], [-90.94391, 30.20173], [-90.94503, 30.20139], [-90.94816, 30.20155], [-90.94949, 30.2004], [-90.94823, 30.1988], [-90.94817, 30.19648], [-90.94888, 30.19525], [-90.95013, 30.19433], [-90.95059, 30.19229]]], [[[-90.95069, 30.22106], [-90.95208, 30.22171], [-90.95307, 30.22275], [-90.95365, 30.22428], [-90.95361, 30.22581], [-90.95296, 30.22706], [-90.95143, 30.22833], [-90.94989, 30.22875], [-90.94826, 30.22863], [-90.9465, 30.22784], [-90.94517, 30.22633], [-90.94473, 30.22501], [-90.94491, 30.22348], [-90.94568, 30.22228], [-90.94735, 30.22117], [-90.94907, 30.22082], [-90.95069, 30.22106]]], [[[-90.95996, 30.24484], [-90.96108, 30.24619], [-90.96135, 30.24796], [-90.96089, 30.24927], [-90.95941, 30.2509], [-90.9579, 30.2516], [-90.95616, 30.25174], [-90.95457, 30.2513], [-90.95298, 30.25029], [-90.95215, 30.24912], [-90.95189, 30.24764], [-90.95226, 30.2463], [-90.95319, 30.24519], [-90.95497, 30.24427], [-90.95651, 30.24398], [-90.95826, 30.24408], [-90.95996, 30.24484]]], [[[-90.94105, 30.13844], [-90.94201, 30.13736], [-90.94339, 30.13668], [-90.94507, 30.13649], [-90.94653, 30.13681], [-90.94775, 30.13757], [-90.9485, 30.13851], [-90.94895, 30.13997], [-90.94885, 30.14169], [-90.94817, 30.14291], [-90.94702, 30.14382], [-90.94555, 30.14429], [-90.94391, 30.14427], [-90.94466, 30.14583], [-90.94458, 30.14754], [-90.94385, 30.14875], [-90.94225, 30.14979], [-90.94138, 30.15106], [-90.9394, 30.15214], [-90.93706, 30.1522], [-90.93565, 30.1516], [-90.93416, 30.15014], [-90.93299, 30.14764], [-90.93307, 30.14626], [-90.93358, 30.14525], [-90.93174, 30.1448], [-90.93014, 30.14357], [-90.92939, 30.1422], [-90.92945, 30.14038], [-90.93041, 30.13889], [-90.93249, 30.1378], [-90.93403, 30.13751], [-90.93706, 30.13787], [-90.93885, 30.13858], [-90.93987, 30.13964], [-90.94036, 30.14129], [-90.94007, 30.14283], [-90.94146, 30.14287], [-90.94085, 30.14176], [-90.94062, 30.14058], [-90.94105, 30.13844]]], [[[-90.94356, 30.17558], [-90.94376, 30.17706], [-90.94342, 30.17843], [-90.94218, 30.17981], [-90.94068, 30.18044], [-90.94073, 30.18262], [-90.93969, 30.18417], [-90.93839, 30.18495], [-90.93656, 30.18526], [-90.93499, 30.18502], [-90.93365, 30.18427], [-90.93263, 30.18303], [-90.93229, 30.18126], [-90.93296, 30.1796], [-90.93479, 30.17829], [-90.93404, 30.17447], [-90.934, 30.17234], [-90.93438, 30.17101], [-90.93573, 30.16915], [-90.93709, 30.16844], [-90.93843, 30.16821], [-90.93999, 30.1684], [-90.94135, 30.1691], [-90.94257, 30.17085], [-90.94286, 30.1725], [-90.94266, 30.17398], [-90.94356, 30.17558]]], [[[-90.94265, 30.23584], [-90.94175, 30.23707], [-90.94006, 30.23797], [-90.93816, 30.23811], [-90.93612, 30.23767], [-90.93466, 30.23652], [-90.93405, 30.23525], [-90.934, 30.23322], [-90.93447, 30.2319], [-90.93548, 30.23085], [-90.93688, 30.23021], [-90.93933, 30.23], [-90.94084, 30.23041], [-90.94206, 30.23128], [-90.9428, 30.2325], [-90.94302, 30.23431], [-90.94265, 30.23584]]], [[[-90.93767, 30.26565], [-90.93594, 30.26636], [-90.93444, 30.26651], [-90.9329, 30.26622], [-90.9316, 30.26544], [-90.93077, 30.26444], [-90.93039, 30.26347], [-90.93042, 30.26209], [-90.93091, 30.26103], [-90.92934, 30.2605], [-90.92804, 30.25938], [-90.92739, 30.25793], [-90.92756, 30.25621], [-90.92632, 30.25656], [-90.92478, 30.25658], [-90.92142, 30.25518], [-90.92125, 30.25648], [-90.92045, 30.2578], [-90.92204, 30.25847], [-90.92316, 30.25951], [-90.92378, 30.26077], [-90.92379, 30.26235], [-90.92319, 30.26362], [-90.92208, 30.26459], [-90.92062, 30.26513], [-90.91891, 30.26518], [-90.91705, 30.26462], [-90.91585, 30.26355], [-90.91317, 30.2637], [-90.91131, 30.26313], [-90.91019, 30.26216], [-90.90958, 30.2609], [-90.90957, 30.25939], [-90.91035, 30.25781], [-90.90907, 30.25723], [-90.90827, 30.25651], [-90.90624, 30.25748], [-90.90377, 30.25732], [-90.90217, 30.25633], [-90.90129, 30.2548], [-90.90126, 30.25334], [-90.90184, 30.25206], [-90.90293, 30.25107], [-90.90438, 30.25052], [-90.90688, 30.25068], [-90.90867, 30.25188], [-90.91005, 30.251], [-90.91168, 30.2507], [-90.9136, 30.25108], [-90.91502, 30.25212], [-90.91695, 30.25174], [-90.9157, 30.24989], [-90.91418, 30.24855], [-90.91354, 30.24708], [-90.91013, 30.24677], [-90.90882, 30.24601], [-90.90812, 30.24517], [-90.90767, 30.24386], [-90.90766, 30.24226], [-90.90809, 30.24099], [-90.90896, 30.23988], [-90.90748, 30.2398], [-90.90606, 30.2392], [-90.905, 30.23818], [-90.90401, 30.23633], [-90.90216, 30.23616], [-90.90072, 30.23566], [-90.89984, 30.235], [-90.89907, 30.23382], [-90.899, 30.23171], [-90.90024, 30.22928], [-90.90217, 30.22811], [-90.9043, 30.22796], [-90.90386, 30.22669], [-90.90392, 30.22535], [-90.90431, 30.22438], [-90.90526, 30.22336], [-90.9039, 30.22259], [-90.90283, 30.22107], [-90.90251, 30.21941], [-90.90291, 30.21763], [-90.90413, 30.21618], [-90.9059, 30.21543], [-90.90813, 30.21541], [-90.90992, 30.21612], [-90.91094, 30.21717], [-90.91149, 30.21888], [-90.91124, 30.22133], [-90.90983, 30.22287], [-90.91063, 30.22314], [-90.91115, 30.22203], [-90.91193, 30.22125], [-90.91414, 30.22043], [-90.91346, 30.21932], [-90.91328, 30.21784], [-90.91356, 30.21683], [-90.91442, 30.21568], [-90.91537, 30.21506], [-90.91731, 30.21444], [-90.91864, 30.21428], [-90.91997, 30.21449], [-90.91989, 30.21389], [-90.9182, 30.21302], [-90.91718, 30.21156], [-90.91701, 30.20985], [-90.91767, 30.20824], [-90.91878, 30.20726], [-90.92091, 30.20666], [-90.92226, 30.20548], [-90.92375, 30.205], [-90.92501, 30.20496], [-90.92639, 30.20531], [-90.92834, 30.20452], [-90.93046, 30.20467], [-90.93259, 30.20578], [-90.93377, 30.20757], [-90.93371, 30.20998], [-90.93273, 30.21147], [-90.93044, 30.21258], [-90.92799, 30.21263], [-90.92812, 30.21411], [-90.92769, 30.21542], [-90.92605, 30.21689], [-90.92396, 30.21733], [-90.92392, 30.21913], [-90.92297, 30.22063], [-90.92132, 30.22156], [-90.91907, 30.22174], [-90.91996, 30.22281], [-90.9203, 30.22381], [-90.91992, 30.22586], [-90.91998, 30.22817], [-90.92023, 30.2287], [-90.92104, 30.22958], [-90.92289, 30.22957], [-90.92435, 30.2301], [-90.92546, 30.23108], [-90.92606, 30.23235], [-90.92594, 30.23423], [-90.92645, 30.23536], [-90.92656, 30.23753], [-90.92577, 30.23905], [-90.92453, 30.23996], [-90.92442, 30.24175], [-90.9259, 30.24433], [-90.92598, 30.24599], [-90.9256, 30.2476], [-90.9282, 30.24946], [-90.92907, 30.25046], [-90.9297, 30.25244], [-90.92957, 30.25415], [-90.93133, 30.25361], [-90.9329, 30.25374], [-90.93429, 30.25438], [-90.93544, 30.25558], [-90.93592, 30.25724], [-90.9354, 30.25898], [-90.93693, 30.25941], [-90.93798, 30.26014], [-90.93887, 30.26122], [-90.93926, 30.26232], [-90.93894, 30.26428], [-90.93767, 30.26565]]], [[[-90.93271, 30.16887], [-90.93015, 30.16926], [-90.92792, 30.16863], [-90.92705, 30.16793], [-90.92631, 30.16678], [-90.92604, 30.16577], [-90.9262, 30.16451], [-90.92483, 30.16406], [-90.9239, 30.16798], [-90.92297, 30.16909], [-90.92198, 30.16966], [-90.92046, 30.17001], [-90.91863, 30.16978], [-90.91727, 30.16909], [-90.91616, 30.16767], [-90.91592, 30.16631], [-90.91633, 30.16322], [-90.91726, 30.1615], [-90.9171, 30.16035], [-90.91738, 30.15897], [-90.91819, 30.15779], [-90.91945, 30.15696], [-90.92098, 30.15662], [-90.92314, 30.15697], [-90.92467, 30.15805], [-90.92639, 30.1575], [-90.92552, 30.15601], [-90.92425, 30.1557], [-90.92315, 30.15505], [-90.92202, 30.15336], [-90.92192, 30.15216], [-90.92239, 30.1508], [-90.92334, 30.14979], [-90.92448, 30.1492], [-90.92667, 30.14901], [-90.92832, 30.1496], [-90.92928, 30.15043], [-90.92991, 30.15163], [-90.93124, 30.15195], [-90.93251, 30.15277], [-90.93332, 30.15395], [-90.93356, 30.15505], [-90.93535, 30.15594], [-90.93637, 30.1574], [-90.93654, 30.15876], [-90.93609, 30.16012], [-90.9351, 30.16119], [-90.93378, 30.16182], [-90.93564, 30.1623], [-90.9369, 30.16325], [-90.9376, 30.16453], [-90.93761, 30.16623], [-90.93692, 30.16752], [-90.93576, 30.16845], [-90.93428, 30.16892], [-90.93271, 30.16887]]], [[[-90.93735, 30.19617], [-90.93587, 30.19818], [-90.93378, 30.1991], [-90.93108, 30.19901], [-90.9296, 30.19835], [-90.92873, 30.19764], [-90.92792, 30.19608], [-90.9282, 30.19406], [-90.92658, 30.19277], [-90.92593, 30.1908], [-90.92644, 30.18915], [-90.92841, 30.18691], [-90.93019, 30.18619], [-90.93177, 30.1862], [-90.93392, 30.18704], [-90.93514, 30.18791], [-90.93726, 30.19197], [-90.93769, 30.19482], [-90.93735, 30.19617]]], [[[-90.93062, 30.09938], [-90.92932, 30.09839], [-90.92859, 30.09718], [-90.92844, 30.09582], [-90.9289, 30.09451], [-90.9299, 30.09345], [-90.93177, 30.09246], [-90.93334, 30.09233], [-90.93484, 30.09272], [-90.93606, 30.09359], [-90.93691, 30.09488], [-90.93709, 30.0962], [-90.93669, 30.09749], [-90.93576, 30.09856], [-90.93398, 30.09961], [-90.93208, 30.0998], [-90.93062, 30.09938]]], [[[-90.93104, 30.18343], [-90.93011, 30.18429], [-90.92893, 30.18484], [-90.92541, 30.18494], [-90.92538, 30.18648], [-90.92477, 30.18775], [-90.92189, 30.18986], [-90.91849, 30.19097], [-90.91621, 30.19112], [-90.91505, 30.19089], [-90.91344, 30.1899], [-90.91256, 30.18838], [-90.91249, 30.186], [-90.91335, 30.18436], [-90.91193, 30.18377], [-90.91087, 30.18275], [-90.91033, 30.18141], [-90.91041, 30.18006], [-90.90966, 30.17929], [-90.90789, 30.17937], [-90.90673, 30.17913], [-90.90487, 30.17786], [-90.90393, 30.17599], [-90.90419, 30.17413], [-90.90478, 30.17323], [-90.90598, 30.17234], [-90.90749, 30.17192], [-90.90879, 30.17195], [-90.91139, 30.17262], [-90.91274, 30.17371], [-90.91488, 30.17397], [-90.91638, 30.17496], [-90.91799, 30.17498], [-90.91945, 30.17549], [-90.92118, 30.17713], [-90.92167, 30.17878], [-90.92295, 30.17973], [-90.92401, 30.17868], [-90.92543, 30.17808], [-90.92784, 30.17794], [-90.92913, 30.17819], [-90.93061, 30.17907], [-90.9315, 30.18037], [-90.93167, 30.18194], [-90.93104, 30.18343]]], [[[-90.92305, 30.08193], [-90.92371, 30.08323], [-90.92378, 30.08474], [-90.92438, 30.08597], [-90.92452, 30.08748], [-90.92412, 30.089], [-90.92332, 30.09001], [-90.92184, 30.09086], [-90.92009, 30.0911], [-90.9171, 30.09093], [-90.91364, 30.0899], [-90.91215, 30.0884], [-90.9106, 30.0858], [-90.91058, 30.08419], [-90.91116, 30.08296], [-90.91072, 30.08168], [-90.91079, 30.08051], [-90.9095, 30.07897], [-90.90903, 30.07735], [-90.90928, 30.076], [-90.91031, 30.07424], [-90.91145, 30.07328], [-90.91327, 30.0727], [-90.91541, 30.07261], [-90.9172, 30.07323], [-90.92146, 30.07764], [-90.92204, 30.07928], [-90.92175, 30.08077], [-90.92305, 30.08193]]], [[[-90.92199, 30.13242], [-90.9231, 30.13384], [-90.92323, 30.13588], [-90.9226, 30.13718], [-90.92007, 30.14014], [-90.91869, 30.1408], [-90.91695, 30.14093], [-90.91503, 30.14146], [-90.9131, 30.14113], [-90.91168, 30.14026], [-90.91086, 30.13908], [-90.91042, 30.13708], [-90.91089, 30.13455], [-90.91075, 30.13296], [-90.91213, 30.13014], [-90.91399, 30.12832], [-90.91497, 30.12773], [-90.91649, 30.12738], [-90.91767, 30.12746], [-90.91902, 30.12793], [-90.92043, 30.12912], [-90.92099, 30.13041], [-90.92095, 30.13173], [-90.92199, 30.13242]]], [[[-90.92078, 30.199], [-90.91887, 30.19859], [-90.91764, 30.19772], [-90.9169, 30.19651], [-90.91674, 30.19483], [-90.9174, 30.19322], [-90.91851, 30.19225], [-90.91997, 30.19172], [-90.92174, 30.19168], [-90.92325, 30.1921], [-90.92446, 30.19298], [-90.92518, 30.19421], [-90.9253, 30.19579], [-90.92472, 30.19723], [-90.9237, 30.19821], [-90.92233, 30.1988], [-90.92078, 30.199]]], [[[-90.91218, 30.10427], [-90.91203, 30.10576], [-90.91242, 30.10667], [-90.91239, 30.10837], [-90.91289, 30.10944], [-90.91299, 30.11061], [-90.91158, 30.11458], [-90.91049, 30.1158], [-90.90933, 30.11643], [-90.90569, 30.1171], [-90.90464, 30.11854], [-90.90316, 30.11937], [-90.90124, 30.11961], [-90.89913, 30.11898], [-90.89614, 30.11866], [-90.89442, 30.11762], [-90.89357, 30.11617], [-90.89255, 30.11639], [-90.89175, 30.11784], [-90.89048, 30.11893], [-90.88882, 30.11946], [-90.88744, 30.11942], [-90.88608, 30.11897], [-90.88488, 30.11807], [-90.88359, 30.11808], [-90.8822, 30.11768], [-90.88104, 30.11689], [-90.88025, 30.1158], [-90.8798, 30.11394], [-90.88028, 30.11224], [-90.87895, 30.11062], [-90.87884, 30.10851], [-90.8801, 30.10675], [-90.88335, 30.10506], [-90.89292, 30.10334], [-90.89491, 30.10357], [-90.89875, 30.1024], [-90.90107, 30.10291], [-90.902, 30.10359], [-90.90272, 30.10462], [-90.90339, 30.1044], [-90.90378, 30.10304], [-90.90485, 30.10184], [-90.90597, 30.10125], [-90.90807, 30.10087], [-90.90944, 30.10107], [-90.91076, 30.10175], [-90.91165, 30.10272], [-90.91218, 30.10427]]], [[[-90.90657, 30.26409], [-90.90779, 30.26366], [-90.90918, 30.26358], [-90.9106, 30.26387], [-90.91163, 30.26438], [-90.91278, 30.2655], [-90.91331, 30.26642], [-90.91356, 30.26927], [-90.91269, 30.27106], [-90.9115, 30.27195], [-90.91033, 30.27233], [-90.9099, 30.27364], [-90.90891, 30.27472], [-90.90663, 30.27568], [-90.90434, 30.27579], [-90.90224, 30.27486], [-90.90134, 30.27373], [-90.90094, 30.27245], [-90.89912, 30.2712], [-90.89848, 30.26994], [-90.89844, 30.26795], [-90.89918, 30.26588], [-90.90084, 30.26444], [-90.90196, 30.26409], [-90.90344, 30.26404], [-90.90557, 30.26479], [-90.90657, 30.26409]]], [[[-90.89307, 30.16632], [-90.89473, 30.16541], [-90.89702, 30.16504], [-90.89857, 30.16518], [-90.90024, 30.16604], [-90.90111, 30.16716], [-90.90147, 30.1686], [-90.90087, 30.17083], [-90.9, 30.17198], [-90.89869, 30.17274], [-90.89714, 30.17302], [-90.89463, 30.17261], [-90.89327, 30.17191], [-90.89232, 30.17082], [-90.89192, 30.16949], [-90.89209, 30.1678], [-90.89307, 30.16632]]], [[[-90.90027, 30.19872], [-90.89892, 30.19962], [-90.89741, 30.19998], [-90.89584, 30.19982], [-90.89418, 30.19891], [-90.89327, 30.19766], [-90.89299, 30.1963], [-90.8934, 30.19442], [-90.89429, 30.19328], [-90.89561, 30.19252], [-90.89732, 30.19221], [-90.89887, 30.19248], [-90.90018, 30.19325], [-90.90105, 30.19439], [-90.90138, 30.19581], [-90.90105, 30.19752], [-90.90027, 30.19872]]], [[[-90.89738, 30.21257], [-90.89731, 30.21124], [-90.89776, 30.20992], [-90.89875, 30.20885], [-90.90014, 30.20819], [-90.90197, 30.20804], [-90.90349, 30.20843], [-90.90472, 30.20929], [-90.90548, 30.21049], [-90.90565, 30.21216], [-90.90521, 30.21348], [-90.90422, 30.21454], [-90.90283, 30.2152], [-90.90099, 30.21535], [-90.89947, 30.21497], [-90.898, 30.21383], [-90.89738, 30.21257]]], [[[-90.88442, 30.20844], [-90.88604, 30.20827], [-90.88759, 30.20853], [-90.88892, 30.20929], [-90.88987, 30.21058], [-90.89195, 30.21064], [-90.89394, 30.21173], [-90.89472, 30.21293], [-90.89554, 30.21609], [-90.89689, 30.21733], [-90.89741, 30.21849], [-90.89901, 30.21913], [-90.90024, 30.22047], [-90.9006, 30.22181], [-90.90048, 30.22356], [-90.89977, 30.22479], [-90.89858, 30.22569], [-90.89707, 30.22612], [-90.89537, 30.22602], [-90.89338, 30.22493], [-90.89247, 30.22327], [-90.89026, 30.22262], [-90.88688, 30.21976], [-90.88715, 30.22079], [-90.88873, 30.22197], [-90.88981, 30.22363], [-90.89004, 30.22546], [-90.88968, 30.22704], [-90.89123, 30.22673], [-90.89261, 30.22685], [-90.89403, 30.22746], [-90.89507, 30.22849], [-90.89561, 30.23028], [-90.89499, 30.23225], [-90.89357, 30.23344], [-90.89207, 30.23387], [-90.89068, 30.23386], [-90.88955, 30.23354], [-90.88782, 30.23211], [-90.88694, 30.23285], [-90.8855, 30.23342], [-90.88392, 30.23346], [-90.88049, 30.23251], [-90.87971, 30.23334], [-90.87835, 30.23405], [-90.87577, 30.23413], [-90.87435, 30.23355], [-90.8721, 30.23156], [-90.87144, 30.22994], [-90.87161, 30.22857], [-90.87216, 30.22755], [-90.87296, 30.22679], [-90.87513, 30.22602], [-90.87719, 30.2263], [-90.87908, 30.22765], [-90.87861, 30.2253], [-90.87755, 30.22378], [-90.87741, 30.22215], [-90.87897, 30.2187], [-90.87994, 30.21762], [-90.88132, 30.21694], [-90.88307, 30.21675], [-90.88466, 30.21714], [-90.88606, 30.21817], [-90.88644, 30.2155], [-90.88415, 30.21528], [-90.8821, 30.21601], [-90.88015, 30.21578], [-90.87831, 30.21461], [-90.87739, 30.21273], [-90.87772, 30.21092], [-90.8792, 30.20933], [-90.88104, 30.20875], [-90.88313, 30.20903], [-90.88442, 30.20844]]], [[[-90.88198, 30.30219], [-90.88254, 30.30055], [-90.88392, 30.29933], [-90.8854, 30.29885], [-90.88818, 30.29885], [-90.88993, 30.29965], [-90.89088, 30.30074], [-90.89128, 30.30207], [-90.89122, 30.30397], [-90.89098, 30.30457], [-90.88199, 30.30246], [-90.88198, 30.30219]]], [[[-90.86378, 29.99001], [-90.86516, 29.99069], [-90.86746, 29.99275], [-90.868, 29.99447], [-90.86757, 29.99627], [-90.86686, 29.99721], [-90.86562, 29.99806], [-90.86173, 29.99924], [-90.85792, 30.00088], [-90.85911, 30.00329], [-90.85912, 30.00499], [-90.86087, 30.00428], [-90.86247, 30.00423], [-90.86399, 30.00469], [-90.86524, 30.00561], [-90.86612, 30.00719], [-90.86617, 30.00865], [-90.86809, 30.00933], [-90.86943, 30.01064], [-90.86994, 30.01202], [-90.86983, 30.01346], [-90.86912, 30.01477], [-90.86759, 30.01592], [-90.86478, 30.01698], [-90.86231, 30.01681], [-90.86152, 30.01745], [-90.86114, 30.01839], [-90.86246, 30.0183], [-90.86395, 30.01862], [-90.86501, 30.01919], [-90.86605, 30.0203], [-90.86649, 30.02134], [-90.86669, 30.02325], [-90.86627, 30.02503], [-90.86466, 30.02662], [-90.86048, 30.02834], [-90.85935, 30.02924], [-90.85591, 30.0308], [-90.8545, 30.03176], [-90.85624, 30.03348], [-90.85683, 30.03452], [-90.85703, 30.036], [-90.85643, 30.03774], [-90.85532, 30.03887], [-90.85182, 30.04109], [-90.85024, 30.04152], [-90.8486, 30.04142], [-90.84677, 30.04057], [-90.84464, 30.03818], [-90.84424, 30.0372], [-90.84422, 30.03587], [-90.84457, 30.03487], [-90.84541, 30.03384], [-90.84363, 30.03331], [-90.84219, 30.0321], [-90.84154, 30.03071], [-90.84157, 30.02907], [-90.84056, 30.02734], [-90.84082, 30.02363], [-90.84149, 30.02239], [-90.84255, 30.0215], [-90.84183, 30.01942], [-90.8401, 30.01868], [-90.83907, 30.01765], [-90.83852, 30.01624], [-90.83864, 30.01486], [-90.83914, 30.01391], [-90.84011, 30.01301], [-90.84018, 30.01129], [-90.84131, 30.00886], [-90.84319, 30.00756], [-90.84439, 30.00729], [-90.84578, 30.00735], [-90.84608, 30.00645], [-90.84479, 30.00505], [-90.8428, 30.00451], [-90.8404, 30.00266], [-90.83957, 30.00111], [-90.83962, 29.99934], [-90.8403, 29.99808], [-90.84116, 29.99731], [-90.84584, 29.99531], [-90.84951, 29.99403], [-90.8518, 29.99414], [-90.8535, 29.99275], [-90.86105, 29.98999], [-90.86224, 29.98981], [-90.86378, 29.99001]], [[-90.85637, 30.02068], [-90.8566, 30.02053], [-90.85518, 30.02018], [-90.85413, 30.02053], [-90.85572, 30.02122], [-90.85637, 30.02068]]], [[[-90.86748, 30.05438], [-90.86906, 30.05442], [-90.87055, 30.055], [-90.87163, 30.056], [-90.87223, 30.05763], [-90.87182, 30.05972], [-90.87123, 30.06074], [-90.87009, 30.06168], [-90.86823, 30.06222], [-90.86667, 30.06205], [-90.86514, 30.06132], [-90.86417, 30.06023], [-90.86374, 30.05891], [-90.86394, 30.05754], [-90.86486, 30.0558], [-90.86601, 30.05486], [-90.86748, 30.05438]]], [[[-90.86683, 30.06932], [-90.86273, 30.06934], [-90.86164, 30.06893], [-90.8605, 30.06799], [-90.85985, 30.06674], [-90.85979, 30.0651], [-90.86035, 30.06382], [-90.86143, 30.06282], [-90.86326, 30.0622], [-90.86619, 30.06212], [-90.86806, 30.06264], [-90.86921, 30.06358], [-90.86992, 30.06517], [-90.86971, 30.06713], [-90.86858, 30.06854], [-90.86683, 30.06932]]], [[[-90.88059, 30.06519], [-90.88181, 30.06635], [-90.88236, 30.068], [-90.88209, 30.06958], [-90.88107, 30.07087], [-90.87947, 30.07167], [-90.87613, 30.07205], [-90.87441, 30.07167], [-90.87305, 30.0707], [-90.87228, 30.06932], [-90.87216, 30.06803], [-90.87251, 30.06687], [-90.87356, 30.06565], [-90.87512, 30.06492], [-90.87799, 30.06457], [-90.87934, 30.06469], [-90.88059, 30.06519]]], [[[-90.86528, 30.07505], [-90.86523, 30.07673], [-90.86429, 30.07824], [-90.86373, 30.0801], [-90.86304, 30.08093], [-90.86174, 30.08171], [-90.8598, 30.08198], [-90.85583, 30.0812], [-90.8542, 30.08025], [-90.85339, 30.07906], [-90.85321, 30.07736], [-90.85425, 30.07484], [-90.85509, 30.07412], [-90.85637, 30.07358], [-90.85842, 30.07178], [-90.85963, 30.07122], [-90.86186, 30.07113], [-90.86351, 30.07181], [-90.86465, 30.07302], [-90.86528, 30.07505]]], [[[-90.86711, 30.08395], [-90.8688, 30.08408], [-90.87021, 30.0847], [-90.87123, 30.08575], [-90.87172, 30.08705], [-90.87152, 30.08888], [-90.87095, 30.09015], [-90.86953, 30.09133], [-90.86803, 30.09175], [-90.86627, 30.09162], [-90.86486, 30.091], [-90.86383, 30.08996], [-90.86334, 30.08865], [-90.86356, 30.0868], [-90.86418, 30.08554], [-90.86527, 30.08456], [-90.86711, 30.08395]]], [[[-90.86621, 30.11932], [-90.86645, 30.11796], [-90.86754, 30.11653], [-90.8689, 30.11583], [-90.87091, 30.11554], [-90.87243, 30.11587], [-90.87422, 30.11695], [-90.87514, 30.11839], [-90.8753, 30.11978], [-90.87503, 30.12088], [-90.8741, 30.12213], [-90.87266, 30.12295], [-90.87098, 30.12319], [-90.86934, 30.12282], [-90.86756, 30.12185], [-90.86662, 30.12075], [-90.86621, 30.11932]]], [[[-90.88889, 30.15959], [-90.88695, 30.16083], [-90.88524, 30.16112], [-90.88612, 30.16238], [-90.88633, 30.16374], [-90.88598, 30.16721], [-90.88478, 30.16899], [-90.88305, 30.16984], [-90.88143, 30.16994], [-90.87989, 30.16947], [-90.87808, 30.16838], [-90.87702, 30.16656], [-90.87709, 30.16439], [-90.87921, 30.16103], [-90.88048, 30.16023], [-90.88223, 30.15992], [-90.88111, 30.15855], [-90.88078, 30.15687], [-90.88122, 30.15546], [-90.88251, 30.15403], [-90.88414, 30.15315], [-90.88578, 30.15285], [-90.88733, 30.1531], [-90.88866, 30.15384], [-90.88996, 30.15538], [-90.89033, 30.15685], [-90.88988, 30.15852], [-90.88889, 30.15959]]], [[[-90.86411, 30.17253], [-90.86583, 30.1712], [-90.86779, 30.17087], [-90.86919, 30.17098], [-90.87082, 30.17151], [-90.87173, 30.17215], [-90.87246, 30.1731], [-90.87433, 30.17236], [-90.87654, 30.1725], [-90.87814, 30.17329], [-90.87926, 30.17449], [-90.88167, 30.17413], [-90.8838, 30.17497], [-90.88505, 30.17672], [-90.88498, 30.17877], [-90.8836, 30.18043], [-90.88139, 30.18116], [-90.87916, 30.18073], [-90.87759, 30.17939], [-90.87623, 30.17991], [-90.87505, 30.17999], [-90.87389, 30.17977], [-90.8726, 30.1791], [-90.87267, 30.18117], [-90.87143, 30.18296], [-90.86943, 30.18396], [-90.86713, 30.18385], [-90.86254, 30.18207], [-90.8617, 30.18135], [-90.86103, 30.18012], [-90.86089, 30.17874], [-90.86113, 30.17772], [-90.86203, 30.17643], [-90.86365, 30.17541], [-90.86356, 30.17379], [-90.86411, 30.17253]]], [[[-90.85679, 30.18605], [-90.85774, 30.18413], [-90.85898, 30.18327], [-90.86011, 30.18294], [-90.86248, 30.18285], [-90.86363, 30.18308], [-90.86467, 30.18359], [-90.8657, 30.18463], [-90.86649, 30.18714], [-90.86616, 30.18883], [-90.86488, 30.19025], [-90.86242, 30.1912], [-90.86558, 30.19284], [-90.86688, 30.19436], [-90.8684, 30.19496], [-90.86995, 30.1965], [-90.87034, 30.19783], [-90.87013, 30.19918], [-90.86933, 30.20036], [-90.86782, 30.20162], [-90.86594, 30.20213], [-90.86401, 30.20182], [-90.86249, 30.20083], [-90.86174, 30.19983], [-90.86022, 30.19932], [-90.858, 30.19904], [-90.8559, 30.19743], [-90.85529, 30.19545], [-90.85584, 30.1938], [-90.85839, 30.19171], [-90.85993, 30.19107], [-90.8587, 30.19042], [-90.85794, 30.18963], [-90.85692, 30.18758], [-90.85679, 30.18605]]], [[[-90.88144, 30.19057], [-90.88081, 30.19219], [-90.87971, 30.19318], [-90.87823, 30.19375], [-90.87632, 30.19372], [-90.87488, 30.19312], [-90.87375, 30.19203], [-90.873, 30.19009], [-90.87307, 30.1887], [-90.87381, 30.18735], [-90.87494, 30.18645], [-90.87638, 30.18598], [-90.87792, 30.18601], [-90.87944, 30.18658], [-90.8807, 30.18765], [-90.88129, 30.18892], [-90.88144, 30.19057]]], [[[-90.87717, 30.20599], [-90.87529, 30.20559], [-90.87407, 30.20474], [-90.87332, 30.20355], [-90.87313, 30.20213], [-90.87359, 30.20078], [-90.87462, 30.19969], [-90.87613, 30.19894], [-90.87797, 30.19875], [-90.87952, 30.19915], [-90.88076, 30.20003], [-90.88151, 30.20127], [-90.88164, 30.20274], [-90.88117, 30.20403], [-90.8801, 30.20517], [-90.87863, 30.20585], [-90.87717, 30.20599]]], [[[-90.86157, 30.21913], [-90.8635, 30.22065], [-90.86422, 30.2219], [-90.86438, 30.2236], [-90.86365, 30.22519], [-90.86214, 30.22629], [-90.86012, 30.22679], [-90.85865, 30.22875], [-90.85661, 30.22986], [-90.8546, 30.23012], [-90.85243, 30.22934], [-90.85095, 30.22744], [-90.85071, 30.2254], [-90.85155, 30.22385], [-90.85342, 30.22256], [-90.85361, 30.22138], [-90.85438, 30.22018], [-90.85598, 30.21919], [-90.85852, 30.21872], [-90.86009, 30.21867], [-90.86157, 30.21913]]], [[[-90.8778, 30.237], [-90.87925, 30.23709], [-90.88041, 30.23748], [-90.88204, 30.23895], [-90.88241, 30.23993], [-90.88244, 30.24111], [-90.88195, 30.24241], [-90.88122, 30.24323], [-90.879, 30.24425], [-90.8766, 30.24403], [-90.87391, 30.24595], [-90.87214, 30.24655], [-90.86999, 30.24659], [-90.86792, 30.24561], [-90.86705, 30.24446], [-90.86653, 30.24234], [-90.86675, 30.2406], [-90.86771, 30.23911], [-90.8696, 30.23797], [-90.87071, 30.2376], [-90.87256, 30.23756], [-90.87479, 30.23824], [-90.87622, 30.23731], [-90.8778, 30.237]]], [[[-90.87736, 30.26362], [-90.87903, 30.26271], [-90.88066, 30.26255], [-90.8826, 30.26301], [-90.88442, 30.26425], [-90.88531, 30.26539], [-90.88563, 30.2668], [-90.88532, 30.26851], [-90.88429, 30.26997], [-90.88259, 30.27083], [-90.88085, 30.27095], [-90.87913, 30.27061], [-90.87745, 30.26957], [-90.87655, 30.26844], [-90.87615, 30.26683], [-90.87629, 30.26522], [-90.87736, 30.26362]]], [[[-90.87556, 30.27844], [-90.8741, 30.27897], [-90.87241, 30.27902], [-90.8697, 30.27852], [-90.86811, 30.27752], [-90.86724, 30.27598], [-90.86698, 30.27373], [-90.86742, 30.27241], [-90.8684, 30.27133], [-90.87017, 30.27058], [-90.87271, 30.2705], [-90.87592, 30.27146], [-90.87716, 30.27231], [-90.87803, 30.27384], [-90.87806, 30.27529], [-90.87748, 30.27656], [-90.87556, 30.27844]]], [[[-90.87014, 30.28668], [-90.86854, 30.28655], [-90.86746, 30.28612], [-90.86633, 30.28517], [-90.8657, 30.28392], [-90.86562, 30.28265], [-90.86605, 30.28132], [-90.86705, 30.28024], [-90.86808, 30.27969], [-90.87008, 30.27941], [-90.87199, 30.27982], [-90.87345, 30.28095], [-90.87408, 30.2823], [-90.87469, 30.28123], [-90.87556, 30.28048], [-90.87784, 30.27979], [-90.88042, 30.28037], [-90.882, 30.28189], [-90.88238, 30.28322], [-90.88217, 30.28472], [-90.88139, 30.28588], [-90.88017, 30.2867], [-90.8783, 30.28708], [-90.87654, 30.2868], [-90.87495, 30.28579], [-90.874, 30.28412], [-90.87271, 30.28586], [-90.87169, 30.2864], [-90.87014, 30.28668]]], [[[-90.80544, 29.98801], [-90.80427, 29.98898], [-90.80252, 29.98977], [-90.80097, 29.98998], [-90.79944, 29.98966], [-90.79817, 29.98885], [-90.79733, 29.98764], [-90.79708, 29.98575], [-90.79749, 29.98443], [-90.79846, 29.98334], [-90.79991, 29.98262], [-90.80246, 29.98215], [-90.80435, 29.98261], [-90.80577, 29.98378], [-90.80636, 29.9851], [-90.80632, 29.98648], [-90.80544, 29.98801]]], [[[-90.8319, 29.98915], [-90.83207, 29.98744], [-90.83314, 29.986], [-90.83485, 29.98504], [-90.8368, 29.98485], [-90.83862, 29.98548], [-90.83992, 29.98672], [-90.84199, 29.9864], [-90.84423, 29.98709], [-90.8464, 29.98903], [-90.8469, 29.99039], [-90.84687, 29.99148], [-90.8461, 29.99309], [-90.84492, 29.99406], [-90.84281, 29.99498], [-90.84083, 29.99508], [-90.83896, 29.99437], [-90.83692, 29.99252], [-90.83539, 29.99247], [-90.83375, 29.9918], [-90.83255, 29.99065], [-90.8319, 29.98915]]], [[[-90.82145, 29.98943], [-90.82426, 29.99058], [-90.82549, 29.99232], [-90.82563, 29.99335], [-90.82537, 29.99446], [-90.82432, 29.99641], [-90.82356, 29.9972], [-90.82257, 29.99777], [-90.82036, 29.99835], [-90.81592, 29.99796], [-90.81448, 30.00033], [-90.81251, 30.00143], [-90.81044, 30.00148], [-90.80838, 30.00048], [-90.80749, 29.99929], [-90.80721, 29.99793], [-90.80757, 29.99504], [-90.80855, 29.99356], [-90.8106, 29.99257], [-90.81229, 29.99252], [-90.81341, 29.99279], [-90.81418, 29.99155], [-90.8154, 29.99068], [-90.81776, 29.99029], [-90.81941, 29.98947], [-90.82145, 29.98943]]], [[[-90.77639, 29.99937], [-90.77844, 29.9995], [-90.78033, 30.0007], [-90.78116, 30.00263], [-90.78062, 30.00462], [-90.7786, 30.00709], [-90.77757, 30.0076], [-90.77589, 30.00787], [-90.7744, 30.00914], [-90.77226, 30.00961], [-90.77034, 30.00924], [-90.76909, 30.00839], [-90.76831, 30.00719], [-90.76808, 30.00563], [-90.76853, 30.00428], [-90.77023, 30.0028], [-90.77234, 30.00236], [-90.77428, 30.00026], [-90.77639, 29.99937]]], [[[-90.82668, 30.00624], [-90.82844, 30.00644], [-90.82984, 30.00709], [-90.83118, 30.00855], [-90.83159, 30.00988], [-90.83138, 30.01124], [-90.83021, 30.01314], [-90.82862, 30.01418], [-90.8271, 30.01454], [-90.82555, 30.01436], [-90.82418, 30.01369], [-90.82272, 30.01219], [-90.82221, 30.01053], [-90.82265, 30.00886], [-90.82386, 30.00747], [-90.82516, 30.0066], [-90.82668, 30.00624]]], [[[-90.82683, 30.02639], [-90.82594, 30.02518], [-90.82565, 30.02383], [-90.82597, 30.02249], [-90.82687, 30.02135], [-90.82819, 30.0206], [-90.83004, 30.02025], [-90.83158, 30.02053], [-90.83287, 30.0213], [-90.83377, 30.02251], [-90.83406, 30.02386], [-90.83374, 30.02521], [-90.83284, 30.02634], [-90.83152, 30.02709], [-90.82967, 30.02745], [-90.82813, 30.02717], [-90.82683, 30.02639]]], [[[-90.82907, 30.03395], [-90.8304, 30.03393], [-90.8319, 30.03438], [-90.83324, 30.03544], [-90.83385, 30.03656], [-90.83428, 30.03822], [-90.83427, 30.03942], [-90.83338, 30.04107], [-90.83336, 30.0422], [-90.83277, 30.04351], [-90.83441, 30.0431], [-90.83619, 30.0433], [-90.83766, 30.04408], [-90.83873, 30.04543], [-90.83927, 30.04717], [-90.83909, 30.04842], [-90.83815, 30.04986], [-90.83659, 30.0508], [-90.83419, 30.05101], [-90.83215, 30.05014], [-90.83128, 30.04922], [-90.83056, 30.04757], [-90.83057, 30.04602], [-90.83117, 30.04478], [-90.82839, 30.04521], [-90.8263, 30.04475], [-90.82523, 30.044], [-90.82433, 30.04259], [-90.82327, 30.04185], [-90.82255, 30.04088], [-90.82223, 30.03901], [-90.82306, 30.03721], [-90.8244, 30.03622], [-90.82615, 30.03579], [-90.82746, 30.03453], [-90.82907, 30.03395]]], [[[-90.83489, 30.05311], [-90.83794, 30.05528], [-90.83891, 30.05685], [-90.83881, 30.05888], [-90.83693, 30.06162], [-90.83457, 30.06363], [-90.83184, 30.06434], [-90.82989, 30.06417], [-90.82681, 30.0628], [-90.82565, 30.06168], [-90.82496, 30.05996], [-90.82536, 30.05683], [-90.82602, 30.05558], [-90.82718, 30.05465], [-90.83061, 30.053], [-90.83299, 30.05264], [-90.83489, 30.05311]]], [[[-90.82743, 30.2226], [-90.82395, 30.22251], [-90.82259, 30.22182], [-90.82163, 30.22073], [-90.82122, 30.21927], [-90.82143, 30.2179], [-90.82222, 30.21672], [-90.82348, 30.21588], [-90.82501, 30.21553], [-90.82766, 30.21558], [-90.82907, 30.2162], [-90.8301, 30.21724], [-90.83061, 30.2189], [-90.83034, 30.22045], [-90.82919, 30.22184], [-90.82743, 30.2226]]], [[[-90.83826, 30.22066], [-90.83812, 30.21923], [-90.83846, 30.21789], [-90.83937, 30.21677], [-90.8407, 30.21603], [-90.84252, 30.2158], [-90.84407, 30.21609], [-90.84536, 30.21688], [-90.84621, 30.21804], [-90.84649, 30.21939], [-90.84614, 30.22113], [-90.84523, 30.22225], [-90.8439, 30.22299], [-90.84207, 30.22323], [-90.84053, 30.22293], [-90.83923, 30.22214], [-90.83826, 30.22066]]], [[[-90.84416, 30.24813], [-90.84554, 30.24746], [-90.84731, 30.2473], [-90.84883, 30.2477], [-90.85023, 30.24862], [-90.85125, 30.2502], [-90.85155, 30.25154], [-90.85124, 30.25296], [-90.85008, 30.25433], [-90.8487, 30.25498], [-90.84698, 30.25511], [-90.84505, 30.2547], [-90.84382, 30.25385], [-90.84288, 30.25212], [-90.84274, 30.25052], [-90.84317, 30.2492], [-90.84416, 30.24813]]], [[[-90.84518, 30.28094], [-90.8435, 30.28106], [-90.84199, 30.28064], [-90.84077, 30.27974], [-90.83996, 30.2782], [-90.84, 30.27672], [-90.84066, 30.27543], [-90.84179, 30.2745], [-90.84337, 30.27396], [-90.84504, 30.27394], [-90.84651, 30.27444], [-90.84764, 30.2754], [-90.84827, 30.27666], [-90.84829, 30.27815], [-90.8477, 30.27943], [-90.8466, 30.28041], [-90.84518, 30.28094]]], [[[-90.72463, 29.98954], [-90.72657, 29.98975], [-90.72818, 29.99073], [-90.72901, 29.99206], [-90.72916, 29.99372], [-90.72996, 29.9946], [-90.7304, 29.99564], [-90.73043, 29.99701], [-90.72984, 29.99829], [-90.72874, 29.99927], [-90.72704, 29.99988], [-90.72504, 29.99982], [-90.72334, 29.99896], [-90.72245, 29.99783], [-90.72216, 29.99583], [-90.72146, 29.99505], [-90.72463, 29.98954]]], [[[-90.75419, 30.00131], [-90.75561, 30.00191], [-90.75685, 30.00323], [-90.75741, 30.00526], [-90.75705, 30.00731], [-90.75592, 30.00869], [-90.75456, 30.00936], [-90.75229, 30.00962], [-90.75059, 30.00934], [-90.74919, 30.00854], [-90.74831, 30.0074], [-90.74799, 30.00605], [-90.74833, 30.00457], [-90.74931, 30.00287], [-90.75093, 30.0017], [-90.75242, 30.00124], [-90.75419, 30.00131]]], [[[-90.72059, 30.00528], [-90.72171, 30.00392], [-90.72353, 30.00313], [-90.7251, 30.00308], [-90.72689, 30.00375], [-90.72872, 30.00305], [-90.73068, 30.00312], [-90.73208, 30.00375], [-90.73326, 30.00511], [-90.73361, 30.00625], [-90.73351, 30.00822], [-90.73278, 30.00944], [-90.73121, 30.01047], [-90.72991, 30.01077], [-90.72868, 30.01072], [-90.72746, 30.01163], [-90.72622, 30.01203], [-90.72426, 30.01197], [-90.7223, 30.01103], [-90.7213, 30.00997], [-90.72032, 30.00693], [-90.72059, 30.00528]]], [[[-90.70893, 30.02554], [-90.71036, 30.02471], [-90.71229, 30.02445], [-90.7138, 30.02483], [-90.7155, 30.02604], [-90.71646, 30.02745], [-90.71673, 30.02882], [-90.71637, 30.0304], [-90.71522, 30.03179], [-90.71374, 30.0325], [-90.71218, 30.03266], [-90.71067, 30.03229], [-90.70943, 30.03144], [-90.70785, 30.0289], [-90.70893, 30.02554]]], [[[-90.74702, 30.03703], [-90.74902, 30.03595], [-90.7512, 30.03589], [-90.75323, 30.03691], [-90.75427, 30.03874], [-90.75436, 30.04013], [-90.75386, 30.04143], [-90.75249, 30.04266], [-90.75056, 30.0432], [-90.75031, 30.04501], [-90.74916, 30.0464], [-90.74778, 30.04706], [-90.74376, 30.04774], [-90.74189, 30.04722], [-90.74058, 30.04608], [-90.73926, 30.04658], [-90.7377, 30.04668], [-90.73622, 30.04626], [-90.73502, 30.04538], [-90.73435, 30.04438], [-90.73311, 30.04118], [-90.73344, 30.03949], [-90.73464, 30.03814], [-90.737, 30.03733], [-90.73818, 30.0374], [-90.73956, 30.03791], [-90.74092, 30.03746], [-90.7425, 30.03743], [-90.74435, 30.03817], [-90.74562, 30.03966], [-90.74606, 30.0398], [-90.74623, 30.03822], [-90.74702, 30.03703]]], [[[-90.70345, 30.04574], [-90.70442, 30.04728], [-90.70457, 30.04899], [-90.70377, 30.05055], [-90.70248, 30.0515], [-90.70269, 30.05346], [-90.70156, 30.05528], [-90.70345, 30.04574]]], [[[-90.70521, 30.06493], [-90.70388, 30.06579], [-90.70257, 30.0662], [-90.70139, 30.06623], [-90.7001, 30.0659], [-90.70085, 30.05894], [-90.70232, 30.05872], [-90.70348, 30.05888], [-90.70455, 30.05933], [-90.70565, 30.0603], [-90.70626, 30.06142], [-90.7064, 30.06279], [-90.7061, 30.0638], [-90.70521, 30.06493]]], [[[-90.73396, 30.10552], [-90.73253, 30.10503], [-90.73131, 30.10402], [-90.73065, 30.10275], [-90.73048, 30.10109], [-90.73097, 30.0998], [-90.73223, 30.09856], [-90.73363, 30.09794], [-90.73519, 30.09783], [-90.73669, 30.09825], [-90.73826, 30.09945], [-90.73899, 30.10071], [-90.7391, 30.10212], [-90.73857, 30.10345], [-90.73722, 30.10479], [-90.73587, 30.10542], [-90.73396, 30.10552]]]]}, "properties": {"class": "structures", "buffer_m": 390.0, "area_km2": 186.22}}, {"type": "Feature", "geometry": {"type": "MultiPolygon", "coordinates": [[[[-91.19917, 30.00549], [-91.197, 30.00541], [-91.19616, 30.00736], [-91.19392, 30.01064], [-91.19306, 30.01162], [-91.19194, 30.01236], [-91.19157, 30.01318], [-91.19089, 30.01374], [-91.19086, 30.01544], [-91.19048, 30.01623], [-91.18937, 30.017], [-91.18786, 30.01708], [-91.18692, 30.01885], [-91.18465, 30.02002], [-91.18316, 30.01987], [-91.18211, 30.01893], [-91.18192, 30.01801], [-91.18234, 30.01616], [-91.18174, 30.01519], [-91.18165, 30.01388], [-91.17756, 30.01375], [-91.17358, 30.01309], [-91.15875, 30.0158], [-91.15849, 30.01685], [-91.15746, 30.0177], [-91.15644, 30.01984], [-91.15499, 30.02062], [-91.15354, 30.02075], [-91.15248, 30.02055], [-91.15152, 30.01988], [-91.15096, 30.01889], [-91.1464, 30.01889], [-91.14536, 30.01823], [-91.14492, 30.01707], [-91.13498, 30.01725], [-91.13405, 30.01811], [-91.13432, 30.01976], [-91.1336, 30.02271], [-91.13415, 30.02647], [-91.13398, 30.02795], [-91.13318, 30.03043], [-91.13324, 30.03732], [-91.13434, 30.04007], [-91.13536, 30.04168], [-91.13582, 30.04382], [-91.13733, 30.04698], [-91.14363, 30.04694], [-91.14669, 30.04452], [-91.15152, 30.04413], [-91.15816, 30.04252], [-91.15961, 30.04283], [-91.16052, 30.04387], [-91.16046, 30.04517], [-91.15928, 30.04627], [-91.15232, 30.04794], [-91.14844, 30.0482], [-91.14626, 30.05025], [-91.14536, 30.0507], [-91.13791, 30.05085], [-91.13899, 30.05314], [-91.15409, 30.07582], [-91.15489, 30.07738], [-91.15896, 30.09195], [-91.15926, 30.10387], [-91.16595, 30.10372], [-91.16696, 30.10406], [-91.16775, 30.10495], [-91.16778, 30.10625], [-91.16674, 30.10735], [-91.16545, 30.11911], [-91.16745, 30.11936], [-91.17126, 30.1204], [-91.17562, 30.12193], [-91.18806, 30.11374], [-91.18883, 30.11279], [-91.19026, 30.1124], [-91.19637, 30.10261], [-91.19714, 30.10186], [-91.198, 30.10152], [-91.19907, 30.1015], [-91.20208, 30.10284], [-91.215, 30.10284], [-91.21499, 30.09716], [-91.21568, 30.09621], [-91.21692, 30.09576], [-91.2158, 30.11088], [-91.21456, 30.11033], [-91.21396, 30.10933], [-91.21402, 30.1084], [-91.21502, 30.10671], [-91.20967, 30.10672], [-91.20987, 30.10804], [-91.20906, 30.10914], [-91.20782, 30.10964], [-91.20398, 30.11036], [-91.20757, 30.11203], [-91.20822, 30.11278], [-91.20839, 30.1136], [-91.20936, 30.11385], [-91.21002, 30.11435], [-91.21048, 30.11559], [-91.20994, 30.1168], [-91.20905, 30.11734], [-91.20789, 30.11749], [-91.20538, 30.11684], [-91.19556, 30.11202], [-91.18951, 30.1217], [-91.2028, 30.12798], [-91.20446, 30.12533], [-91.20565, 30.12444], [-91.21116, 30.12334], [-91.2125, 30.12345], [-91.21356, 30.1239], [-91.21283, 30.12776], [-91.2113, 30.12724], [-91.20787, 30.12797], [-91.20667, 30.1299], [-91.20895, 30.131], [-91.21209, 30.1317], [-91.21127, 30.13551], [-91.20805, 30.13484], [-91.20453, 30.13329], [-91.1945, 30.14926], [-91.19596, 30.15035], [-91.19626, 30.15119], [-91.19618, 30.152], [-91.19557, 30.15298], [-91.19253, 30.15585], [-91.19854, 30.16162], [-91.19992, 30.16477], [-91.19958, 30.16622], [-91.19858, 30.16693], [-91.19729, 30.16703], [-91.19615, 30.16649], [-91.19549, 30.16546], [-91.18804, 30.17056], [-91.17199, 30.18083], [-91.1751, 30.18468], [-91.17785, 30.18915], [-91.18563, 30.18654], [-91.18691, 30.18669], [-91.18788, 30.18744], [-91.18819, 30.18871], [-91.18733, 30.18999], [-91.1799, 30.19261], [-91.18341, 30.1985], [-91.1805, 30.20257], [-91.1755, 30.19415], [-91.17333, 30.1949], [-91.17344, 30.1967], [-91.17259, 30.19894], [-91.17259, 30.20134], [-91.1736, 30.20229], [-91.17398, 30.20408], [-91.17965, 30.20375], [-91.17221, 30.21416], [-91.16832, 30.21372], [-91.16605, 30.21611], [-91.16077, 30.22023], [-91.15961, 30.22281], [-91.15569, 30.22657], [-91.15888, 30.22949], [-91.15613, 30.2326], [-91.15263, 30.22939], [-91.15081, 30.2303], [-91.14871, 30.23066], [-91.15305, 30.23553], [-91.14986, 30.2385], [-91.145, 30.23283], [-91.14356, 30.23474], [-91.13929, 30.23805], [-91.13822, 30.23864], [-91.13679, 30.23889], [-91.13417, 30.24099], [-91.13167, 30.24219], [-91.12857, 30.2445], [-91.13, 30.24509], [-91.13065, 30.24584], [-91.13078, 30.24696], [-91.13033, 30.24781], [-91.12925, 30.24844], [-91.12753, 30.24831], [-91.12621, 30.24898], [-91.12513, 30.24892], [-91.12437, 30.24855], [-91.11976, 30.25433], [-91.12011, 30.25509], [-91.12093, 30.25578], [-91.12204, 30.25571], [-91.12319, 30.25623], [-91.12375, 30.25703], [-91.12379, 30.25807], [-91.12437, 30.25853], [-91.1254, 30.25794], [-91.12679, 30.25796], [-91.12182, 30.26175], [-91.11659, 30.25746], [-91.11569, 30.25598], [-91.11527, 30.25432], [-91.11547, 30.25322], [-91.11637, 30.25168], [-91.1212, 30.24576], [-91.12693, 30.24045], [-91.12946, 30.23881], [-91.13146, 30.23791], [-91.13438, 30.23561], [-91.13651, 30.23502], [-91.14031, 30.23209], [-91.14107, 30.23073], [-91.14301, 30.22927], [-91.14619, 30.22729], [-91.14975, 30.22643], [-91.15586, 30.2207], [-91.15657, 30.21885], [-91.15729, 30.21781], [-91.16294, 30.21334], [-91.16755, 30.20836], [-91.16816, 30.19852], [-91.16899, 30.19642], [-91.16861, 30.19284], [-91.16676, 30.18932], [-91.16414, 30.18725], [-91.16265, 30.18539], [-91.15613, 30.17891], [-91.15132, 30.17661], [-91.14878, 30.17567], [-91.14738, 30.17553], [-91.14622, 30.17571], [-91.14406, 30.17534], [-91.14203, 30.1756], [-91.14002, 30.17628], [-91.1365, 30.17766], [-91.13195, 30.18022], [-91.12289, 30.1862], [-91.12319, 30.18757], [-91.1223, 30.18883], [-91.12086, 30.1892], [-91.11935, 30.18857], [-91.10558, 30.19782], [-91.10192, 30.19997], [-91.0978, 30.20172], [-91.08742, 30.20492], [-91.08337, 30.20522], [-91.07274, 30.20514], [-91.05656, 30.20318], [-91.047, 30.20283], [-91.04585, 30.20195], [-91.04049, 30.19895], [-91.03486, 30.19507], [-91.02573, 30.18743], [-91.02255, 30.18432], [-91.01595, 30.17696], [-91.01326, 30.17252], [-91.0071, 30.16442], [-91.00413, 30.15819], [-91.00428, 30.15679], [-91.00528, 30.15548], [-91.0083, 30.15317], [-91.01135, 30.15143], [-91.01388, 30.14907], [-91.01088, 30.14777], [-91.00805, 30.14551], [-91.00693, 30.14551], [-91.00598, 30.14507], [-91.00528, 30.14391], [-91.0057, 30.14248], [-91.00711, 30.14152], [-91.00899, 30.1413], [-91.00994, 30.14175], [-91.01349, 30.14461], [-91.0176, 30.14633], [-91.01896, 30.14548], [-91.02089, 30.14336], [-91.02585, 30.1393], [-91.0291, 30.13562], [-91.03116, 30.13259], [-91.03242, 30.13136], [-91.03426, 30.12688], [-91.03385, 30.12605], [-91.03393, 30.12511], [-91.03451, 30.12432], [-91.03532, 30.12387], [-91.0353, 30.12084], [-91.03464, 30.11947], [-91.0347, 30.11758], [-91.0357, 30.11646], [-91.03811, 30.11563], [-91.02157, 30.11078], [-91.01989, 30.11124], [-91.0163, 30.11073], [-91.00649, 30.11013], [-91.00533, 30.10951], [-91.0048, 30.10824], [-91.00444, 30.10809], [-91.0036, 30.10934], [-91.00247, 30.1099], [-90.99744, 30.11083], [-90.99469, 30.11064], [-90.99326, 30.11101], [-90.99143, 30.1105], [-90.99063, 30.11092], [-90.98956, 30.11101], [-90.98635, 30.10992], [-90.98522, 30.10874], [-90.98334, 30.10808], [-90.9818, 30.10714], [-90.981, 30.10598], [-90.97665, 30.10551], [-90.97516, 30.10483], [-90.96479, 30.10309], [-90.96141, 30.10278], [-90.9602, 30.10308], [-90.95681, 30.10304], [-90.95435, 30.1036], [-90.95072, 30.10516], [-90.94582, 30.10934], [-90.94377, 30.11005], [-90.94221, 30.11369], [-90.94315, 30.11656], [-90.94379, 30.12484], [-90.94348, 30.12668], [-90.94116, 30.13034], [-90.94011, 30.13138], [-90.93628, 30.13282], [-90.9343, 30.13295], [-90.92943, 30.13158], [-90.92782, 30.1307], [-90.92456, 30.12749], [-90.92102, 30.12218], [-90.92021, 30.12048], [-90.91902, 30.116], [-90.91781, 30.11534], [-90.91717, 30.11436], [-90.91736, 30.11307], [-90.91833, 30.11223], [-90.91675, 30.10305], [-90.91559, 30.09939], [-90.91041, 30.10029], [-90.91077, 30.10208], [-90.91064, 30.10377], [-90.91343, 30.11502], [-90.91384, 30.11884], [-90.91448, 30.12111], [-90.91632, 30.1248], [-90.92014, 30.13083], [-90.92246, 30.13314], [-90.92401, 30.134], [-90.926, 30.13577], [-90.92754, 30.13653], [-90.93191, 30.13794], [-90.9365, 30.13871], [-90.94184, 30.13859], [-90.94468, 30.13615], [-90.94793, 30.13421], [-90.94928, 30.1324], [-90.94959, 30.13119], [-90.95048, 30.1297], [-90.95187, 30.12433], [-90.95227, 30.1188], [-90.95186, 30.11556], [-90.95203, 30.11429], [-90.95333, 30.1125], [-90.95526, 30.11162], [-90.9595, 30.11111], [-90.96099, 30.11121], [-90.9769, 30.11452], [-90.98497, 30.1159], [-90.9861, 30.11529], [-90.98776, 30.11509], [-90.98889, 30.11562], [-90.98952, 30.11678], [-90.99167, 30.11716], [-90.99733, 30.11724], [-91.00123, 30.11782], [-91.00512, 30.11806], [-91.01577, 30.11822], [-91.01721, 30.11819], [-91.01873, 30.11734], [-91.02084, 30.11724], [-91.02232, 30.11681], [-91.02472, 30.11717], [-91.0259, 30.11832], [-91.02725, 30.11887], [-91.02786, 30.11986], [-91.02786, 30.12107], [-91.02728, 30.12204], [-91.02639, 30.12253], [-91.02446, 30.12259], [-91.02237, 30.12133], [-91.02031, 30.12109], [-91.01893, 30.12194], [-91.01731, 30.12206], [-91.00358, 30.13473], [-90.99686, 30.14378], [-90.99653, 30.14493], [-90.99644, 30.1504], [-90.99596, 30.15351], [-90.99611, 30.15463], [-90.99573, 30.15551], [-90.99507, 30.15606], [-90.99575, 30.15944], [-90.99564, 30.16298], [-91.00014, 30.16754], [-91.00425, 30.17458], [-91.01577, 30.18895], [-91.02053, 30.19717], [-91.02568, 30.20131], [-91.03062, 30.20583], [-91.04804, 30.21504], [-91.05084, 30.21569], [-91.0548, 30.21614], [-91.05905, 30.21642], [-91.06212, 30.21621], [-91.06566, 30.21688], [-91.07248, 30.21748], [-91.08098, 30.21645], [-91.09151, 30.21367], [-91.10083, 30.20964], [-91.10778, 30.20573], [-91.11402, 30.20113], [-91.12026, 30.19717], [-91.12251, 30.19531], [-91.13214, 30.1891], [-91.13473, 30.18789], [-91.13564, 30.18687], [-91.13855, 30.18531], [-91.1405, 30.18355], [-91.14446, 30.1823], [-91.14604, 30.18205], [-91.14737, 30.18221], [-91.15094, 30.18429], [-91.1523, 30.18592], [-91.15507, 30.19135], [-91.15543, 30.19306], [-91.15494, 30.19791], [-91.15383, 30.19983], [-91.15348, 30.20113], [-91.14631, 30.21422], [-91.13718, 30.22416], [-91.11876, 30.23777], [-91.11732, 30.23829], [-91.11447, 30.23862], [-91.11354, 30.24009], [-91.10996, 30.24337], [-91.10609, 30.24842], [-91.10543, 30.24976], [-91.1049, 30.2549], [-91.10777, 30.2617], [-91.10963, 30.26395], [-91.11341, 30.26734], [-91.1097, 30.26965], [-91.10572, 30.26593], [-91.10336, 30.26267], [-91.10513, 30.26641], [-91.10657, 30.26691], [-91.1073, 30.26825], [-91.10668, 30.26968], [-91.10735, 30.27111], [-91.10363, 30.27343], [-91.10309, 30.27229], [-91.10062, 30.27388], [-91.09891, 30.27388], [-91.09804, 30.27332], [-91.09535, 30.27037], [-91.09535, 30.26889], [-91.09583, 30.26826], [-91.09676, 30.26778], [-91.09845, 30.26792], [-91.1001, 30.26941], [-91.10132, 30.26855], [-91.09766, 30.2608], [-91.08888, 30.26163], [-91.08901, 30.26289], [-91.08868, 30.26378], [-91.08789, 30.26443], [-91.08663, 30.26469], [-91.08542, 30.26429], [-91.08471, 30.26346], [-91.08016, 30.26298], [-91.07928, 30.26243], [-91.07865, 30.26162], [-91.07218, 30.26224], [-91.07046, 30.26208], [-91.05989, 30.25747], [-91.05901, 30.2585], [-91.05778, 30.25884], [-91.05636, 30.2584], [-91.0556, 30.25736], [-91.05264, 30.25737], [-91.05021, 30.26111], [-91.05017, 30.26907], [-91.0515, 30.26971], [-91.05219, 30.27089], [-91.05225, 30.27942], [-91.0519, 30.28031], [-91.0513, 30.28085], [-91.04963, 30.28116], [-91.0484, 30.28059], [-91.04762, 30.2793], [-91.04778, 30.27255], [-91.04646, 30.27196], [-91.04571, 30.27074], [-91.04575, 30.26387], [-91.04164, 30.26361], [-91.04049, 30.26497], [-91.03769, 30.26714], [-91.03819, 30.27149], [-91.03774, 30.27234], [-91.03667, 30.27297], [-91.03517, 30.27292], [-91.03416, 30.27222], [-91.03382, 30.27153], [-91.03351, 30.26913], [-91.03258, 30.26837], [-91.03216, 30.26724], [-91.03277, 30.2658], [-91.03718, 30.26235], [-91.03914, 30.2602], [-91.04067, 30.25968], [-91.04591, 30.26], [-91.0484, 30.25611], [-91.04051, 30.25203], [-91.03488, 30.25024], [-91.02993, 30.24981], [-91.01342, 30.25534], [-91.01393, 30.25611], [-91.014, 30.25686], [-91.01362, 30.25774], [-91.01273, 30.25839], [-91.01265, 30.25993], [-91.01177, 30.26075], [-91.01064, 30.26101], [-91.01014, 30.26365], [-91.0095, 30.26512], [-91.0084, 30.26636], [-91.0068, 30.26728], [-91.00808, 30.2686], [-91.00824, 30.27077], [-91.0094, 30.27127], [-91.00998, 30.27207], [-91.01006, 30.273], [-91.00962, 30.27387], [-91.00997, 30.27469], [-91.00991, 30.27542], [-91.0117, 30.27624], [-91.01246, 30.27749], [-91.01367, 30.27814], [-91.01424, 30.27888], [-91.01452, 30.28103], [-91.01409, 30.28312], [-91.01276, 30.28404], [-91.01126, 30.28395], [-91.01007, 30.28289], [-91.01006, 30.28091], [-91.00876, 30.28021], [-91.00812, 30.27905], [-91.00702, 30.27891], [-91.00605, 30.27841], [-91.00145, 30.27841], [-91.00031, 30.27788], [-90.99966, 30.27671], [-91.00015, 30.27529], [-91.00122, 30.27466], [-91.00374, 30.27456], [-91.00375, 30.27437], [-91.00134, 30.27454], [-90.99939, 30.27512], [-90.99806, 30.27494], [-90.99664, 30.27836], [-90.99593, 30.28212], [-90.99655, 30.28758], [-90.99824, 30.29225], [-90.99942, 30.29456], [-91.00456, 30.30153], [-91.00557, 30.30356], [-91.00601, 30.30651], [-91.00497, 30.30875], [-90.99974, 30.30941], [-90.99982, 30.30894], [-90.99846, 30.30841], [-90.99779, 30.30714], [-90.99666, 30.3063], [-90.9981, 30.3096], [-90.98639, 30.31092], [-90.98503, 30.30913], [-90.9853, 30.30766], [-90.98668, 30.30679], [-90.98838, 30.30699], [-90.98904, 30.30563], [-90.99086, 30.30499], [-90.99023, 30.30225], [-90.98795, 30.30132], [-90.98703, 30.30026], [-90.98713, 30.29659], [-90.98537, 30.2966], [-90.98427, 30.29627], [-90.98487, 30.2977], [-90.98456, 30.2986], [-90.98397, 30.29915], [-90.98223, 30.2995], [-90.9815, 30.30032], [-90.98049, 30.30067], [-90.97648, 30.30032], [-90.97592, 30.3015], [-90.97884, 30.3018], [-90.97966, 30.30241], [-90.98001, 30.3031], [-90.97992, 30.30422], [-90.9793, 30.30499], [-90.97809, 30.30552], [-90.97686, 30.30551], [-90.97855, 30.31178], [-90.95334, 30.31246], [-90.92789, 30.31098], [-90.90274, 30.30733], [-90.88212, 30.30249], [-90.88207, 30.30183], [-90.88072, 30.30135], [-90.88004, 30.3004], [-90.88026, 30.29893], [-90.88083, 30.29836], [-90.88177, 30.298], [-90.88169, 30.29712], [-90.88077, 30.29648], [-90.88037, 30.29568], [-90.87935, 30.29592], [-90.87837, 30.29574], [-90.87742, 30.29634], [-90.87613, 30.29641], [-90.87474, 30.29555], [-90.87434, 30.29368], [-90.87196, 30.29371], [-90.87155, 30.29527], [-90.87287, 30.29592], [-90.87339, 30.29711], [-90.87457, 30.29721], [-90.87682, 30.29808], [-90.87817, 30.2991], [-90.87911, 30.30179], [-90.87812, 30.30155], [-90.86576, 30.29749], [-90.86613, 30.29702], [-90.86516, 30.29634], [-90.86477, 30.29527], [-90.86492, 30.29453], [-90.86549, 30.29382], [-90.85951, 30.29402], [-90.85848, 30.29374], [-90.85784, 30.29323], [-90.85743, 30.29179], [-90.85773, 30.29108], [-90.8585, 30.29042], [-90.85954, 30.29015], [-90.86429, 30.28997], [-90.86427, 30.28918], [-90.8647, 30.28834], [-90.86439, 30.2874], [-90.86457, 30.28659], [-90.85523, 30.28684], [-90.85533, 30.29406], [-90.84343, 30.28904], [-90.84395, 30.28862], [-90.84256, 30.28822], [-90.84172, 30.28701], [-90.8388, 30.28704], [-90.83345, 30.28474], [-90.83437, 30.28381], [-90.8353, 30.2833], [-90.83828, 30.28318], [-90.83862, 30.28185], [-90.83974, 30.28109], [-90.83916, 30.2798], [-90.83772, 30.27967], [-90.83671, 30.27896], [-90.83633, 30.27807], [-90.8363, 30.27538], [-90.83481, 30.27479], [-90.83374, 30.27351], [-90.83362, 30.271], [-90.83447, 30.26972], [-90.83569, 30.26933], [-90.83695, 30.26959], [-90.83772, 30.27024], [-90.83804, 30.2716], [-90.83835, 30.27172], [-90.83908, 30.27084], [-90.84007, 30.27045], [-90.84115, 30.27052], [-90.84206, 30.27103], [-90.84264, 30.27203], [-90.84272, 30.27398], [-90.84201, 30.27512], [-90.84077, 30.27579], [-90.85049, 30.27563], [-90.85107, 30.27474], [-90.85291, 30.27337], [-90.85441, 30.27332], [-90.85581, 30.27423], [-90.85718, 30.27331], [-90.85732, 30.27195], [-90.85801, 30.27123], [-90.85886, 30.2709], [-90.8587, 30.26954], [-90.85974, 30.26837], [-90.86238, 30.26792], [-90.86452, 30.26788], [-90.86339, 30.26563], [-90.86346, 30.26448], [-90.86295, 30.2645], [-90.8625, 30.26528], [-90.86183, 30.26576], [-90.86034, 30.26595], [-90.8592, 30.26542], [-90.85863, 30.26455], [-90.85712, 30.26411], [-90.8563, 30.26294], [-90.8553, 30.26276], [-90.85445, 30.26216], [-90.85274, 30.26275], [-90.85065, 30.26271], [-90.84931, 30.26165], [-90.84907, 30.25992], [-90.84793, 30.2596], [-90.84723, 30.25895], [-90.84687, 30.25995], [-90.84588, 30.26067], [-90.84361, 30.26083], [-90.84221, 30.26024], [-90.84085, 30.26155], [-90.83915, 30.26171], [-90.83701, 30.26062], [-90.83617, 30.2599], [-90.83585, 30.25881], [-90.83618, 30.25751], [-90.7986, 30.25764], [-90.79757, 30.25737], [-90.7967, 30.25674], [-90.7898, 30.24984], [-90.78625, 30.25104], [-90.78194, 30.25141], [-90.81367, 30.27206], [-90.81501, 30.27341], [-90.8164, 30.27571], [-90.80982, 30.27213], [-90.78964, 30.25861], [-90.77555, 30.24707], [-90.77734, 30.24691], [-90.78103, 30.24757], [-90.78474, 30.24734], [-90.78871, 30.24596], [-90.79317, 30.23844], [-90.79192, 30.2374], [-90.79174, 30.23667], [-90.79198, 30.23575], [-90.79288, 30.23494], [-90.79442, 30.23467], [-90.79382, 30.23348], [-90.79422, 30.23223], [-90.79545, 30.23148], [-90.79719, 30.23159], [-90.799, 30.22844], [-90.79925, 30.22761], [-90.79921, 30.22521], [-90.79862, 30.22596], [-90.79788, 30.22635], [-90.79554, 30.2265], [-90.79453, 30.22774], [-90.79362, 30.22826], [-90.79233, 30.2283], [-90.79123, 30.22772], [-90.79068, 30.2267], [-90.79087, 30.22561], [-90.78997, 30.22385], [-90.79014, 30.22274], [-90.79065, 30.22212], [-90.7916, 30.22167], [-90.79453, 30.22186], [-90.79483, 30.22169], [-90.79481, 30.221], [-90.79031, 30.22064], [-90.78931, 30.21989], [-90.78864, 30.21829], [-90.78892, 30.21713], [-90.79005, 30.21627], [-90.79155, 30.21624], [-90.79271, 30.21701], [-90.79674, 30.21719], [-90.79735, 30.21573], [-90.79891, 30.2151], [-90.79886, 30.21362], [-90.79251, 30.21384], [-90.79136, 30.21332], [-90.79074, 30.21234], [-90.79105, 30.21088], [-90.79196, 30.21015], [-90.79241, 30.20903], [-90.79346, 30.20837], [-90.79454, 30.20829], [-90.79535, 30.20855], [-90.79636, 30.20978], [-90.79878, 30.20975], [-90.79872, 30.20815], [-90.79666, 30.2056], [-90.7955, 30.20507], [-90.79489, 30.20423], [-90.79473, 30.20281], [-90.79543, 30.20105], [-90.79609, 30.2003], [-90.79686, 30.19996], [-90.79794, 30.19993], [-90.79891, 30.20034], [-90.79962, 30.20128], [-90.79992, 30.20293], [-90.80301, 30.20686], [-90.80393, 30.20622], [-90.805, 30.20607], [-90.8062, 30.20649], [-90.80686, 30.20727], [-90.80803, 30.20625], [-90.80952, 30.20616], [-90.8103, 30.2065], [-90.81096, 30.20725], [-90.81126, 30.20965], [-90.81549, 30.20963], [-90.8151, 30.20568], [-90.81409, 30.20532], [-90.81322, 30.20459], [-90.81243, 30.20329], [-90.81276, 30.20202], [-90.81396, 30.20122], [-90.81409, 30.2008], [-90.81305, 30.19948], [-90.81069, 30.1974], [-90.80976, 30.19679], [-90.80837, 30.19645], [-90.8075, 30.19539], [-90.80753, 30.19272], [-90.80855, 30.19153], [-90.80937, 30.19128], [-90.81041, 30.19137], [-90.81168, 30.19093], [-90.81312, 30.19129], [-90.81382, 30.19201], [-90.814, 30.19326], [-90.81468, 30.19412], [-90.81462, 30.19549], [-90.81594, 30.19647], [-90.81712, 30.19597], [-90.81699, 30.19334], [-90.81785, 30.19206], [-90.81885, 30.19169], [-90.81992, 30.19177], [-90.82083, 30.19229], [-90.82132, 30.19302], [-90.82144, 30.18946], [-90.82217, 30.18853], [-90.82315, 30.18814], [-90.82504, 30.18818], [-90.82611, 30.18881], [-90.82659, 30.18985], [-90.82658, 30.19236], [-90.82734, 30.19306], [-90.82874, 30.1935], [-90.8295, 30.19459], [-90.84042, 30.19462], [-90.84056, 30.19026], [-90.84121, 30.18937], [-90.84236, 30.18883], [-90.84355, 30.18884], [-90.84531, 30.18957], [-90.84604, 30.19057], [-90.84702, 30.19086], [-90.84765, 30.19137], [-90.84808, 30.19273], [-90.84865, 30.19217], [-90.84846, 30.19097], [-90.84738, 30.18976], [-90.84537, 30.1888], [-90.84477, 30.18826], [-90.84442, 30.18718], [-90.84482, 30.18611], [-90.81726, 30.16497], [-90.8142, 30.16691], [-90.8201, 30.17286], [-90.82029, 30.1736], [-90.82004, 30.17452], [-90.81874, 30.17548], [-90.81745, 30.1755], [-90.81651, 30.17503], [-90.81253, 30.1713], [-90.80997, 30.16844], [-90.80738, 30.16933], [-90.80312, 30.17022], [-90.80219, 30.17015], [-90.80127, 30.16973], [-90.80057, 30.16885], [-90.80034, 30.16752], [-90.80065, 30.16662], [-90.80141, 30.16595], [-90.80267, 30.16568], [-90.80392, 30.16607], [-90.80608, 30.16562], [-90.81121, 30.16401], [-90.8139, 30.16239], [-90.80902, 30.15865], [-90.80684, 30.15871], [-90.79659, 30.15549], [-90.79026, 30.16241], [-90.79022, 30.17099], [-90.79147, 30.17171], [-90.79191, 30.1728], [-90.79519, 30.17277], [-90.79622, 30.17308], [-90.79705, 30.17393], [-90.79715, 30.17523], [-90.79644, 30.17618], [-90.79547, 30.17659], [-90.7903, 30.17669], [-90.79034, 30.17825], [-90.78845, 30.18908], [-90.78834, 30.19122], [-90.78793, 30.19189], [-90.78705, 30.19244], [-90.78598, 30.19257], [-90.78515, 30.19234], [-90.78408, 30.19119], [-90.784, 30.18886], [-90.7859, 30.17786], [-90.78584, 30.17672], [-90.77775, 30.17673], [-90.77639, 30.17583], [-90.77612, 30.17455], [-90.77684, 30.17341], [-90.7783, 30.17292], [-90.77841, 30.17155], [-90.77901, 30.17074], [-90.77999, 30.17027], [-90.78147, 30.17021], [-90.78172, 30.16914], [-90.78089, 30.16861], [-90.78042, 30.16776], [-90.78063, 30.16647], [-90.78173, 30.16559], [-90.78396, 30.16512], [-90.78384, 30.16301], [-90.78419, 30.16212], [-90.78499, 30.16149], [-90.78597, 30.16125], [-90.78664, 30.16016], [-90.79268, 30.15352], [-90.78115, 30.15171], [-90.77385, 30.15015], [-90.70328, 30.12889], [-90.70236, 30.12429], [-90.77519, 30.14621], [-90.78208, 30.14769], [-90.79795, 30.15016], [-90.7444, 30.10911], [-90.73608, 30.10357], [-90.73503, 30.10316], [-90.73428, 30.10208], [-90.72909, 30.09736], [-90.70336, 30.07759], [-90.70152, 30.07644], [-90.69929, 30.07606], [-90.70052, 30.06064], [-90.70475, 30.03882], [-90.70858, 30.02659], [-90.71258, 30.02417], [-90.71597, 30.02144], [-90.71713, 30.02108], [-90.72015, 30.01933], [-90.72029, 30.01829], [-90.72111, 30.01743], [-90.72284, 30.01685], [-90.72403, 30.01699], [-90.72602, 30.01592], [-90.72789, 30.01569], [-90.72873, 30.01511], [-90.72979, 30.01495], [-90.73131, 30.01561], [-90.73186, 30.01688], [-90.7343, 30.0177], [-90.73569, 30.01704], [-90.73655, 30.01694], [-90.74014, 30.01849], [-90.74199, 30.01879], [-90.75168, 30.01895], [-90.75559, 30.01817], [-90.76635, 30.01794], [-90.7742, 30.01722], [-90.77496, 30.01632], [-90.7762, 30.01563], [-90.77956, 30.01489], [-90.78368, 30.01454], [-90.7854, 30.01297], [-90.79212, 30.00866], [-90.79686, 30.00411], [-90.80498, 29.9977], [-90.80571, 29.99678], [-90.8069, 29.99637], [-90.80827, 29.99666], [-90.80974, 29.99544], [-90.80998, 29.99417], [-90.81062, 29.99342], [-90.81182, 29.99299], [-90.8131, 29.99322], [-90.81453, 29.99052], [-90.81541, 29.98997], [-90.8165, 29.98984], [-90.81713, 29.98875], [-90.81826, 29.9882], [-90.81934, 29.98824], [-90.82043, 29.98885], [-90.8209, 29.9897], [-90.82084, 29.99071], [-90.82426, 29.99195], [-90.82595, 29.99205], [-90.82708, 29.99315], [-90.82878, 30.00079], [-90.83015, 30.01224], [-90.8304, 30.01333], [-90.83118, 30.01403], [-90.83146, 30.01474], [-90.8311, 30.01609], [-90.83254, 30.02187], [-90.83371, 30.03142], [-90.83425, 30.03392], [-90.83485, 30.03497], [-90.83469, 30.03617], [-90.83476, 30.03646], [-90.83631, 30.03714], [-90.83682, 30.03817], [-90.83658, 30.03928], [-90.83555, 30.04019], [-90.84091, 30.05396], [-90.84265, 30.05533], [-90.84739, 30.0605], [-90.84847, 30.06054], [-90.84954, 30.06092], [-90.85455, 30.06424], [-90.85863, 30.06598], [-90.86178, 30.06689], [-90.86327, 30.06711], [-90.8681, 30.06678], [-90.87745, 30.06548], [-90.88517, 30.0657], [-90.88573, 30.06559], [-90.88652, 30.06402], [-90.88725, 30.06333], [-90.88849, 30.06302], [-90.88972, 30.06336], [-90.89044, 30.06407], [-90.89069, 30.06498], [-90.88978, 30.06719], [-90.89188, 30.06863], [-90.89263, 30.06821], [-90.8937, 30.0681], [-90.89471, 30.06844], [-90.89532, 30.06902], [-90.89659, 30.06894], [-90.89772, 30.06949], [-90.89833, 30.07068], [-90.89785, 30.07203], [-90.90227, 30.07652], [-90.90414, 30.07918], [-90.90662, 30.0855], [-90.90848, 30.08893], [-90.9084, 30.09165], [-90.90954, 30.09642], [-90.91447, 30.09555], [-90.91325, 30.0914], [-90.91252, 30.09043], [-90.91039, 30.08355], [-90.91027, 30.08242], [-90.91069, 30.08072], [-90.9102, 30.07926], [-90.9094, 30.07782], [-90.90811, 30.07655], [-90.90403, 30.06829], [-90.90003, 30.06509], [-90.89623, 30.06249], [-90.88875, 30.06007], [-90.88458, 30.05928], [-90.87386, 30.06129], [-90.8709, 30.06127], [-90.86874, 30.06161], [-90.86178, 30.06068], [-90.85991, 30.06098], [-90.85666, 30.0602], [-90.85088, 30.05782], [-90.8499, 30.05713], [-90.84803, 30.0546], [-90.84667, 30.05452], [-90.84565, 30.05383], [-90.84526, 30.05257], [-90.84601, 30.05128], [-90.84559, 30.04978], [-90.84444, 30.04927], [-90.84381, 30.04828], [-90.84385, 30.04734], [-90.84454, 30.04641], [-90.84208, 30.03998], [-90.83775, 30.02322], [-90.83781, 30.02115], [-90.83633, 30.0096], [-90.83542, 30.00602], [-90.83468, 30.00027], [-90.83386, 29.99961], [-90.83352, 29.99872], [-90.8337, 29.9978], [-90.83424, 29.99714], [-90.83406, 29.99534], [-90.83281, 29.99434], [-90.83274, 29.99285], [-90.82811, 29.98334], [-90.82573, 29.9806], [-90.82041, 29.97832], [-90.81801, 29.97831], [-90.81626, 29.97973], [-90.81085, 29.98176], [-90.80474, 29.98749], [-90.79324, 29.99555], [-90.79178, 29.99686], [-90.79174, 29.99823], [-90.79131, 29.99915], [-90.7881, 30.00193], [-90.78443, 30.00393], [-90.78322, 30.00524], [-90.78183, 30.00558], [-90.7799, 30.00673], [-90.77896, 30.00778], [-90.77736, 30.00866], [-90.77624, 30.00888], [-90.77194, 30.0088], [-90.77081, 30.0091], [-90.76976, 30.00889], [-90.76829, 30.0095], [-90.76293, 30.00989], [-90.75215, 30.00832], [-90.75093, 30.00838], [-90.74366, 30.00692], [-90.74224, 30.00709], [-90.73949, 30.00664], [-90.73443, 30.00785], [-90.72882, 30.0104], [-90.72617, 30.01102], [-90.7229, 30.0128], [-90.72108, 30.01298], [-90.72075, 30.01317], [-90.7203, 30.0143], [-90.71952, 30.01493], [-90.71856, 30.0152], [-90.71744, 30.01504], [-90.71122, 30.01814], [-90.71995, 29.99797], [-90.72406, 30.00727], [-90.72443, 30.00709], [-90.72453, 30.0061], [-90.72507, 30.00538], [-90.72241, 29.99819], [-90.72252, 29.99707], [-90.72347, 29.99611], [-90.72243, 29.99335], [-90.72612, 29.9869], [-90.72674, 29.98858], [-90.72673, 29.98937], [-90.72826, 29.99344], [-90.72933, 29.99455], [-90.72936, 29.99651], [-90.72975, 29.99755], [-90.73056, 29.99805], [-90.731, 29.9987], [-90.73087, 30.00024], [-90.73173, 30.00115], [-90.73185, 30.00216], [-90.73252, 30.00314], [-90.73254, 30.00396], [-90.73404, 30.00361], [-90.73448, 30.00251], [-90.73572, 30.00179], [-90.73701, 30.00185], [-90.73808, 30.00257], [-90.73904, 30.00232], [-90.73687, 29.99422], [-90.7376, 29.99288], [-90.7392, 29.99238], [-90.74041, 29.99276], [-90.74118, 29.99366], [-90.74371, 30.00269], [-90.75148, 30.00421], [-90.75153, 30.0037], [-90.75032, 30.00368], [-90.74938, 30.00322], [-90.74888, 30.0026], [-90.7487, 30.00168], [-90.74916, 30.00063], [-90.75005, 30.00004], [-90.75029, 29.99937], [-90.7502, 29.9979], [-90.75053, 29.9972], [-90.75152, 29.99648], [-90.75259, 29.99634], [-90.75342, 29.99655], [-90.75423, 29.99717], [-90.75456, 29.99787], [-90.75477, 29.99979], [-90.75591, 30.00095], [-90.75608, 30.00209], [-90.75585, 30.005], [-90.76256, 30.00597], [-90.76507, 30.0059], [-90.76488, 30.00489], [-90.76405, 30.0035], [-90.76413, 30.00275], [-90.76468, 30.00194], [-90.76561, 30.00145], [-90.76647, 30.00138], [-90.7673, 30.00159], [-90.76811, 30.00222], [-90.76894, 30.0014], [-90.77018, 30.00109], [-90.77122, 30.00134], [-90.77201, 30.00198], [-90.77278, 30.00498], [-90.77581, 30.00501], [-90.77636, 30.00433], [-90.77526, 30.00313], [-90.77521, 30.00237], [-90.77555, 30.00157], [-90.77429, 30.00156], [-90.77336, 30.00108], [-90.7728, 30.00028], [-90.77274, 29.99934], [-90.7732, 29.99849], [-90.77406, 29.99792], [-90.77791, 29.99721], [-90.77894, 29.9973], [-90.77884, 29.99406], [-90.77984, 29.99308], [-90.78118, 29.99286], [-90.78033, 29.98847], [-90.78078, 29.98721], [-90.78, 29.98367], [-90.78062, 29.98269], [-90.78177, 29.98217], [-90.78324, 29.98238], [-90.78423, 29.98336], [-90.78576, 29.98888], [-90.78662, 29.98979], [-90.7867, 29.99104], [-90.7876, 29.99158], [-90.78814, 29.99246], [-90.78821, 29.99335], [-90.78774, 29.99456], [-90.78912, 29.99329], [-90.7825, 29.97298], [-90.78247, 29.97206], [-90.78305, 29.97112], [-90.77999, 29.96239], [-90.76821, 29.96319], [-90.77125, 29.97547], [-90.77309, 29.97509], [-90.7757, 29.97533], [-90.77681, 29.97591], [-90.77737, 29.97692], [-90.77718, 29.97803], [-90.77613, 29.97896], [-90.77382, 29.97933], [-90.77222, 29.97925], [-90.77401, 29.98661], [-90.77344, 29.98782], [-90.77212, 29.98843], [-90.77065, 29.98818], [-90.76963, 29.98699], [-90.76774, 29.9795], [-90.76684, 29.97836], [-90.76708, 29.97696], [-90.76377, 29.9636], [-90.76131, 29.96386], [-90.76054, 29.96459], [-90.75952, 29.96489], [-90.75846, 29.96474], [-90.75766, 29.96423], [-90.75698, 29.9643], [-90.75764, 29.96797], [-90.75729, 29.96917], [-90.75598, 29.97005], [-90.75232, 29.97061], [-90.75125, 29.97053], [-90.7505, 29.97016], [-90.74988, 29.96938], [-90.74974, 29.96864], [-90.75003, 29.96773], [-90.75061, 29.96717], [-90.75291, 29.9666], [-90.75257, 29.96477], [-90.73962, 29.9661], [-90.74266, 29.96188], [-90.74947, 29.96119], [-90.74841, 29.95991], [-90.74826, 29.95751], [-90.74897, 29.95634], [-90.75067, 29.95562], [-90.75422, 29.95544], [-90.75558, 29.95603], [-90.75625, 29.95724], [-90.75628, 29.96047], [-90.7671, 29.95938], [-90.77858, 29.9586], [-90.77565, 29.95048], [-90.77612, 29.94906], [-90.77739, 29.94837], [-90.77867, 29.94846], [-90.7798, 29.94933], [-90.78313, 29.95829], [-90.79487, 29.95747], [-90.79407, 29.93618], [-90.79452, 29.93509], [-90.79564, 29.93435], [-90.80862, 29.93319], [-90.81003, 29.93363], [-90.81083, 29.93494], [-90.81046, 29.9362], [-90.80926, 29.93698], [-90.79857, 29.93792], [-90.79937, 29.95717], [-90.80935, 29.95649], [-90.81383, 29.95671], [-90.8547, 29.96642], [-90.86127, 29.96866], [-90.86721, 29.97187], [-90.87251, 29.97608], [-90.89344, 29.99951], [-90.90195, 29.99645], [-90.91153, 29.99632], [-90.9116, 29.99394], [-90.90842, 29.99358], [-90.90755, 29.99275], [-90.90736, 29.99164], [-90.90777, 29.99077], [-90.9088, 29.9901], [-90.9117, 29.99007], [-90.91194, 29.98518], [-90.9132, 29.98291], [-90.91946, 29.95916], [-90.91054, 29.95154], [-90.91042, 29.95024], [-90.91128, 29.94917], [-90.91273, 29.94882], [-90.9141, 29.94935], [-90.92332, 29.95703], [-90.92407, 29.95854], [-90.91748, 29.984], [-90.91631, 29.98591], [-90.91617, 29.9892], [-90.92321, 29.98917], [-90.92478, 29.98975], [-90.92803, 29.98981], [-90.92934, 29.99035], [-90.93372, 29.98989], [-90.93815, 29.9907], [-90.94299, 29.99087], [-90.94759, 29.98518], [-90.94842, 29.98457], [-90.94969, 29.98439], [-90.95086, 29.98485], [-90.95155, 29.9858], [-90.95151, 29.98693], [-90.94706, 29.99244], [-90.94619, 29.9939], [-90.94494, 29.99474], [-90.93812, 29.99459], [-90.93347, 29.99375], [-90.92911, 29.99424], [-90.92706, 29.9937], [-90.92377, 29.9936], [-90.9223, 29.99303], [-90.91607, 29.99307], [-90.91589, 29.99861], [-90.91552, 29.99936], [-90.91476, 29.99995], [-90.91372, 30.00018], [-90.90293, 30.00023], [-90.89638, 30.00263], [-90.93175, 30.03956], [-90.93862, 30.03172], [-90.94021, 30.03118], [-90.94177, 30.03178], [-90.94238, 30.03297], [-90.9421, 30.03407], [-90.93468, 30.04261], [-90.93891, 30.04704], [-90.94034, 30.04574], [-90.9415, 30.04537], [-90.94321, 30.04554], [-90.94529, 30.04646], [-90.94582, 30.04768], [-90.94534, 30.04891], [-90.94407, 30.0496], [-90.94241, 30.04943], [-90.94181, 30.05003], [-90.94743, 30.05588], [-90.94876, 30.05693], [-90.96266, 30.06419], [-90.9682, 30.06655], [-90.98091, 30.04513], [-90.97971, 30.04484], [-90.97888, 30.0441], [-90.97857, 30.04316], [-90.97885, 30.04213], [-90.9794, 30.04154], [-90.98029, 30.04113], [-90.9837, 30.04111], [-90.99623, 30.02581], [-90.99932, 30.02315], [-90.99773, 30.02095], [-90.99768, 30.02019], [-90.99809, 30.01932], [-90.99933, 30.01859], [-91.0007, 30.01866], [-91.00189, 30.01939], [-91.00289, 30.0208], [-91.01971, 30.00972], [-91.02358, 29.9999], [-91.02239, 29.99948], [-91.02168, 29.99878], [-91.02145, 29.99767], [-91.02186, 29.99676], [-91.02084, 29.99639], [-91.02009, 29.99552], [-91.01913, 29.99578], [-91.01827, 29.99568], [-91.01701, 29.99475], [-91.01548, 29.99632], [-91.01508, 29.99739], [-91.01395, 29.99865], [-91.01327, 29.99912], [-91.01222, 29.99934], [-91.01066, 29.99875], [-91.00941, 29.99693], [-91.00949, 29.99599], [-91.00992, 29.99534], [-91.01097, 29.99436], [-91.01206, 29.99385], [-91.0166, 29.98912], [-91.00576, 29.99492], [-91.00468, 29.995], [-91.00387, 29.99473], [-91.00311, 29.99406], [-91.00283, 29.99335], [-91.00295, 29.99241], [-91.00373, 29.99152], [-91.01333, 29.98632], [-91.01265, 29.98522], [-91.01232, 29.98135], [-91.01332, 29.98016], [-91.01545, 29.9798], [-91.01601, 29.97724], [-90.99864, 29.9748], [-90.9974, 29.97406], [-90.99699, 29.97281], [-90.99774, 29.97148], [-90.99935, 29.971], [-91.01662, 29.97341], [-91.01765, 29.97318], [-91.01925, 29.9705], [-91.01102, 29.96935], [-91.00987, 29.96852], [-91.00961, 29.96712], [-91.00042, 29.96637], [-90.99921, 29.9656], [-90.99884, 29.96434], [-90.99946, 29.96315], [-91.00103, 29.96257], [-91.01675, 29.96379], [-91.02143, 29.94998], [-91.02161, 29.94809], [-91.02116, 29.94639], [-91.014, 29.95124], [-91.01274, 29.95151], [-91.01153, 29.95113], [-91.0107, 29.95004], [-91.01096, 29.94858], [-91.01524, 29.94555], [-91.01465, 29.94494], [-91.01183, 29.94677], [-91.01074, 29.94696], [-91.00982, 29.94675], [-91.00619, 29.9431], [-91.0051, 29.94296], [-91.00424, 29.94239], [-91.00379, 29.94154], [-91.0038, 29.94078], [-91.00427, 29.93994], [-91.00525, 29.93919], [-91.00676, 29.93872], [-91.00839, 29.93932], [-91.01121, 29.94236], [-91.01454, 29.94038], [-91.01173, 29.93879], [-91.01106, 29.93789], [-91.00994, 29.93793], [-91.0087, 29.93727], [-91.0057, 29.93666], [-91.00276, 29.93991], [-90.99373, 29.94879], [-90.99236, 29.94931], [-90.98999, 29.94887], [-90.98889, 29.94799], [-90.98872, 29.94654], [-90.98769, 29.94686], [-90.98643, 29.94663], [-90.98563, 29.946], [-90.98526, 29.94492], [-90.98564, 29.94385], [-90.99194, 29.93693], [-90.99045, 29.93584], [-90.9793, 29.9456], [-90.9779, 29.94604], [-90.97648, 29.94561], [-90.97571, 29.94449], [-90.97587, 29.9433], [-90.97466, 29.94302], [-90.9738, 29.94219], [-90.97359, 29.94126], [-90.97391, 29.94037], [-90.98589, 29.93082], [-90.98664, 29.92956], [-90.98786, 29.92909], [-90.98883, 29.92833], [-90.98863, 29.92691], [-90.98797, 29.92561], [-90.98848, 29.92431], [-90.98665, 29.92156], [-90.97727, 29.92352], [-90.98033, 29.93149], [-90.97991, 29.93292], [-90.97844, 29.93367], [-90.97717, 29.9335], [-90.97612, 29.93257], [-90.97275, 29.92401], [-90.95306, 29.92792], [-90.95153, 29.92874], [-90.94986, 29.92843], [-90.94893, 29.92719], [-90.94928, 29.92575], [-90.95146, 29.92428], [-90.97178, 29.92023], [-90.97207, 29.91569], [-90.97134, 29.91522], [-90.96259, 29.91551], [-90.96123, 29.91463], [-90.96098, 29.91316], [-90.96164, 29.9122], [-90.96281, 29.91172], [-90.97226, 29.91131], [-90.97196, 29.90928], [-90.97239, 29.90644], [-90.97363, 29.90543], [-90.97527, 29.90545], [-90.97489, 29.90227], [-90.96268, 29.90245], [-90.96131, 29.90192], [-90.96063, 29.90076], [-90.96096, 29.89949], [-90.96235, 29.89863], [-90.9743, 29.89842], [-90.97427, 29.89794], [-90.96339, 29.89807], [-90.96208, 29.89745], [-90.96151, 29.89625], [-90.96194, 29.895], [-90.96319, 29.89428], [-90.97405, 29.89407], [-90.97377, 29.8916], [-90.96334, 29.89204], [-90.962, 29.89145], [-90.96141, 29.89025], [-90.96182, 29.889], [-90.96305, 29.88826], [-90.97334, 29.88774], [-90.97313, 29.886], [-90.97249, 29.88606], [-90.9716, 29.88689], [-90.97038, 29.88727], [-90.95029, 29.8882], [-90.94952, 29.88962], [-90.94793, 29.89014], [-90.9467, 29.88979], [-90.94592, 29.8889], [-90.94577, 29.88815], [-90.94614, 29.88577], [-90.94699, 29.88484], [-90.94822, 29.8844], [-90.96775, 29.88353], [-90.96699, 29.88238], [-90.96683, 29.88123], [-90.96756, 29.8801], [-90.96874, 29.87964], [-90.97038, 29.88003], [-90.97203, 29.88221], [-90.97271, 29.88215], [-90.97181, 29.8778], [-90.97075, 29.87743], [-90.97007, 29.8767], [-90.9699, 29.87558], [-90.97054, 29.8745], [-90.96969, 29.87422], [-90.96894, 29.87354], [-90.96866, 29.87264], [-90.9688, 29.87189], [-90.96927, 29.87125], [-90.97018, 29.87075], [-90.98138, 29.86782], [-90.98012, 29.86516], [-90.9766, 29.8669], [-90.95293, 29.88032], [-90.95169, 29.88042], [-90.95068, 29.87999], [-90.94824, 29.87658], [-90.94697, 29.87723], [-90.94755, 29.87832], [-90.94751, 29.87926], [-90.94696, 29.88007], [-90.94604, 29.88057], [-90.94475, 29.88058], [-90.94382, 29.8801], [-90.94145, 29.87658], [-90.93507, 29.87988], [-90.93328, 29.88492], [-90.93229, 29.88673], [-90.93106, 29.88754], [-90.9296, 29.88767], [-90.92882, 29.88852], [-90.92574, 29.89046], [-90.92573, 29.89106], [-90.92701, 29.8917], [-90.92755, 29.89291], [-90.92709, 29.89415], [-90.92564, 29.89488], [-90.92578, 29.89683], [-90.92767, 29.89761], [-90.92928, 29.89901], [-90.92966, 29.90009], [-90.9293, 29.90116], [-90.92831, 29.90188], [-90.92703, 29.902], [-90.92623, 29.90172], [-90.92466, 29.90058], [-90.92456, 29.90145], [-90.92371, 29.90274], [-90.92348, 29.90364], [-90.92268, 29.90446], [-90.91973, 29.90547], [-90.9178, 29.90499], [-90.91615, 29.905], [-90.91526, 29.90446], [-90.91477, 29.90362], [-90.91479, 29.90268], [-90.91518, 29.90201], [-90.91603, 29.90142], [-90.91726, 29.90112], [-90.91845, 29.90107], [-90.9195, 29.90136], [-90.91993, 29.90067], [-90.91948, 29.89982], [-90.91937, 29.89862], [-90.92007, 29.89655], [-90.92118, 29.89469], [-90.92117, 29.88575], [-90.92151, 29.88486], [-90.92249, 29.88413], [-90.92377, 29.88399], [-90.92492, 29.88449], [-90.92561, 29.88555], [-90.92689, 29.88416], [-90.929, 29.88379], [-90.93096, 29.87838], [-90.93174, 29.87721], [-90.94031, 29.87268], [-90.93917, 29.87088], [-90.93181, 29.87563], [-90.93073, 29.87564], [-90.92962, 29.87509], [-90.92909, 29.87426], [-90.92909, 29.87327], [-90.92652, 29.87514], [-90.92573, 29.87544], [-90.92444, 29.87535], [-90.92332, 29.87449], [-90.92017, 29.87649], [-90.91888, 29.87647], [-90.91782, 29.87583], [-90.91734, 29.8746], [-90.91801, 29.87324], [-90.93196, 29.86329], [-90.9336, 29.86328], [-90.93478, 29.86403], [-90.93728, 29.86222], [-90.9445, 29.86202], [-90.93785, 29.86694], [-90.94531, 29.862], [-90.95395, 29.86176], [-90.95508, 29.86345], [-90.95872, 29.86163], [-90.96261, 29.86153], [-90.97256, 29.86211], [-90.9738, 29.86387], [-90.97672, 29.86235], [-90.9858, 29.86288], [-90.98882, 29.86962], [-90.99168, 29.86911], [-90.99152, 29.86804], [-90.99208, 29.86703], [-90.99278, 29.86658], [-90.99433, 29.86623], [-90.99506, 29.8653], [-90.99648, 29.8648], [-90.99699, 29.86431], [-91.0002, 29.86478], [-91.00219, 29.86817], [-91.00424, 29.86742], [-91.00572, 29.8676], [-91.0104, 29.8668], [-91.01038, 29.86625], [-91.01299, 29.86663], [-91.03067, 29.87077], [-91.02807, 29.87079], [-91.0268, 29.87183], [-91.02577, 29.8721], [-91.02452, 29.87182], [-91.02359, 29.87083], [-91.01596, 29.87089], [-91.02002, 29.87729], [-91.02116, 29.88018], [-91.0236, 29.88273], [-91.0262, 29.88807], [-91.02636, 29.88983], [-91.02527, 29.89142], [-91.02342, 29.89215], [-90.99152, 29.89549], [-90.99165, 29.89976], [-90.99738, 29.89934], [-90.99852, 29.89986], [-90.99911, 29.90079], [-91.03247, 29.89787], [-91.03375, 29.89834], [-91.03704, 29.90025], [-91.04045, 29.90283], [-91.05556, 29.90988], [-91.05618, 29.90885], [-91.05622, 29.90486], [-91.03908, 29.89691], [-91.03836, 29.89621], [-91.03812, 29.89548], [-91.03821, 29.89473], [-91.03877, 29.89393], [-91.03991, 29.8934], [-91.04119, 29.89352], [-91.05201, 29.89861], [-91.05191, 29.89765], [-91.05234, 29.89678], [-91.05318, 29.8962], [-91.05426, 29.89603], [-91.05475, 29.89474], [-91.05625, 29.89404], [-91.05752, 29.89426], [-91.06418, 29.89741], [-91.06444, 29.89664], [-91.05842, 29.89386], [-91.05514, 29.89092], [-91.05481, 29.88946], [-91.05515, 29.88877], [-91.05595, 29.88814], [-91.05764, 29.888], [-91.05841, 29.88836], [-91.06128, 29.89088], [-91.06441, 29.89216], [-91.06499, 29.89117], [-91.06593, 29.89066], [-91.0644, 29.88869], [-91.06435, 29.88739], [-91.06526, 29.88635], [-91.0665, 29.88604], [-91.06806, 29.88662], [-91.06978, 29.88873], [-91.07285, 29.89128], [-91.07474, 29.89118], [-91.07898, 29.89181], [-91.0828, 29.89295], [-91.08721, 29.89169], [-91.09184, 29.89421], [-91.08806, 29.89561], [-91.08296, 29.89683], [-91.08171, 29.8967], [-91.07812, 29.89561], [-91.07428, 29.89503], [-91.0732, 29.89517], [-91.07121, 29.89568], [-91.07193, 29.89627], [-91.0723, 29.89715], [-91.07215, 29.89808], [-91.07152, 29.89884], [-91.07011, 29.89929], [-91.06836, 29.89875], [-91.06807, 29.89963], [-91.07357, 29.90216], [-91.07431, 29.90286], [-91.07449, 29.90432], [-91.07313, 29.90669], [-91.0796, 29.90911], [-91.08046, 29.90968], [-91.08091, 29.91053], [-91.0809, 29.91129], [-91.07994, 29.91251], [-91.07892, 29.91281], [-91.07785, 29.91267], [-91.0692, 29.90943], [-91.06454, 29.90733], [-91.06375, 29.90845], [-91.06284, 29.90904], [-91.06171, 29.90922], [-91.06063, 29.90897], [-91.06002, 29.91093], [-91.05791, 29.91355], [-91.04727, 29.92096], [-91.05155, 29.9304], [-91.05272, 29.93124], [-91.05387, 29.9337], [-91.0548, 29.93472], [-91.05602, 29.93739], [-91.06641, 29.93473], [-91.06782, 29.93516], [-91.0686, 29.93626], [-91.07036, 29.93586], [-91.07162, 29.93609], [-91.07252, 29.9369], [-91.07277, 29.93781], [-91.07237, 29.93888], [-91.07137, 29.93958], [-91.04756, 29.9456], [-91.04764, 29.94588], [-91.07577, 29.94418], [-91.07678, 29.94453], [-91.07757, 29.94541], [-91.07808, 29.9475], [-91.07775, 29.94854], [-91.08013, 29.94754], [-91.08222, 29.94781], [-91.08487, 29.94654], [-91.08608, 29.94636], [-91.08857, 29.94703], [-91.09091, 29.94838], [-91.09166, 29.94909], [-91.09228, 29.95035], [-91.09356, 29.94977], [-91.09599, 29.94936], [-91.09933, 29.94984], [-91.10042, 29.9504], [-91.10134, 29.95148], [-91.10218, 29.9538], [-91.10344, 29.95608], [-91.10598, 29.96349], [-91.10735, 29.96233], [-91.10945, 29.96155], [-91.11065, 29.96046], [-91.11504, 29.95869], [-91.11784, 29.95835], [-91.11957, 29.95912], [-91.12082, 29.95918], [-91.12184, 29.95963], [-91.12268, 29.95791], [-91.12192, 29.95613], [-91.12222, 29.95487], [-91.12306, 29.95405], [-91.12567, 29.95277], [-91.12586, 29.95114], [-91.12635, 29.9501], [-91.12739, 29.94887], [-91.12945, 29.94724], [-91.1312, 29.94669], [-91.13288, 29.9469], [-91.13679, 29.94519], [-91.13816, 29.94488], [-91.13921, 29.94508], [-91.13989, 29.94555], [-91.14042, 29.94696], [-91.13965, 29.94828], [-91.13654, 29.9498], [-91.13348, 29.95079], [-91.13162, 29.95064], [-91.13065, 29.9515], [-91.12944, 29.95485], [-91.12871, 29.95561], [-91.12749, 29.95631], [-91.12814, 29.95726], [-91.12823, 29.95829], [-91.1275, 29.9595], [-91.12623, 29.9603], [-91.1264, 29.96172], [-91.12615, 29.96277], [-91.12414, 29.96471], [-91.12278, 29.96535], [-91.12171, 29.96539], [-91.12066, 29.96506], [-91.11959, 29.96416], [-91.11911, 29.96312], [-91.11797, 29.96288], [-91.117, 29.96229], [-91.11325, 29.96371], [-91.1123, 29.96471], [-91.1097, 29.96561], [-91.10877, 29.96656], [-91.1073, 29.96736], [-91.10609, 29.96761], [-91.10459, 29.96726], [-91.10272, 29.96613], [-91.10168, 29.96468], [-91.09923, 29.95733], [-91.09738, 29.95339], [-91.09644, 29.95321], [-91.09497, 29.95345], [-91.09393, 29.9545], [-91.09266, 29.95509], [-91.08979, 29.95509], [-91.08808, 29.95414], [-91.08752, 29.95299], [-91.08762, 29.95161], [-91.08672, 29.95131], [-91.08346, 29.95236], [-91.0821, 29.95235], [-91.08073, 29.95197], [-91.08025, 29.9522], [-91.0798, 29.95317], [-91.07892, 29.95404], [-91.07838, 29.95566], [-91.0756, 29.95911], [-91.07273, 29.96105], [-91.0701, 29.96213], [-91.06854, 29.96766], [-91.07827, 29.97358], [-91.079, 29.97466], [-91.07914, 29.97575], [-91.0821, 29.98099], [-91.08405, 29.98164], [-91.08518, 29.98319], [-91.0853, 29.98443], [-91.08471, 29.98545], [-91.0851, 29.98636], [-91.08504, 29.98711], [-91.08464, 29.98778], [-91.08384, 29.98834], [-91.08655, 29.99277], [-91.08733, 29.99715], [-91.08721, 30.00136], [-91.09274, 30.00176], [-91.09405, 30.00213], [-91.09421, 30.00104], [-91.09481, 30.00026], [-91.09577, 29.99983], [-91.097, 29.9998], [-91.09817, 30.00027], [-91.09878, 30.00105], [-91.09887, 30.00389], [-91.11369, 30.00372], [-91.11335, 30.00276], [-91.11334, 29.99954], [-91.11449, 29.99845], [-91.11619, 29.99838], [-91.11709, 29.9989], [-91.11753, 29.99955], [-91.11773, 30.00146], [-91.11866, 30.00269], [-91.11873, 30.00472], [-91.12031, 30.00487], [-91.12133, 30.00583], [-91.12153, 30.0087], [-91.12126, 30.00977], [-91.12225, 30.01006], [-91.12289, 30.01057], [-91.12327, 30.01199], [-91.12747, 30.01378], [-91.12836, 30.01272], [-91.13003, 30.01235], [-91.12932, 30.01116], [-91.12924, 30.00975], [-91.13, 30.00863], [-91.13119, 30.00819], [-91.1326, 30.00848], [-91.13409, 30.00832], [-91.13535, 30.00902], [-91.13574, 30.00969], [-91.13614, 30.01192], [-91.13561, 30.01336], [-91.14825, 30.01314], [-91.1507, 30.0133], [-91.15057, 30.01202], [-91.15082, 30.0113], [-91.15155, 30.01061], [-91.15257, 30.0103], [-91.15364, 30.01044], [-91.15436, 30.01086], [-91.15484, 30.01149], [-91.15509, 30.01259], [-91.17276, 30.00925], [-91.17463, 30.00931], [-91.17817, 30.00991], [-91.18622, 30.01007], [-91.18762, 30.00964], [-91.1881, 30.00892], [-91.18888, 30.00841], [-91.19036, 30.00828], [-91.19221, 30.00558], [-91.19296, 30.00368], [-91.19045, 30.00447], [-91.1884, 30.00476], [-91.18688, 30.00422], [-91.18618, 30.00307], [-91.18649, 30.00179], [-91.18771, 30.00096], [-91.18712, 30.00023], [-91.18699, 29.99929], [-91.18726, 29.99858], [-91.18797, 29.99791], [-91.18679, 29.99725], [-91.18631, 29.9962], [-91.18648, 29.99528], [-91.18701, 29.99462], [-91.18704, 29.99364], [-91.18771, 29.99218], [-91.18864, 29.99149], [-91.18876, 29.99053], [-91.18928, 29.98979], [-91.19015, 29.98922], [-91.19121, 29.98907], [-91.19912, 30.00421], [-91.19961, 30.00546], [-91.19917, 30.00549]], [[-90.93354, 30.09711], [-90.93506, 30.09605], [-90.93078, 30.09881], [-90.92818, 30.10085], [-90.92715, 30.1011], [-90.92598, 30.10087], [-90.92626, 30.10175], [-90.92775, 30.10197], [-90.93354, 30.09711]], [[-90.92491, 30.09987], [-90.92482, 30.09968], [-90.92479, 30.09956], [-90.92477, 30.09999], [-90.92505, 30.1001], [-90.92491, 30.09987]], [[-90.92471, 30.09906], [-90.92525, 30.09772], [-90.92361, 30.09799], [-90.92426, 30.09844], [-90.92472, 30.09922], [-90.92471, 30.09906]], [[-90.93017, 30.0895], [-90.93242, 30.08814], [-90.93328, 30.0881], [-90.9345, 30.08845], [-90.93568, 30.08951], [-90.9359, 30.09087], [-90.93562, 30.09177], [-90.93602, 30.09165], [-90.93692, 30.09109], [-90.94618, 30.08253], [-90.95051, 30.0807], [-90.95364, 30.07985], [-90.95539, 30.07808], [-90.95699, 30.07725], [-90.95681, 30.07156], [-90.9563, 30.07033], [-90.95655, 30.06942], [-90.95727, 30.06872], [-90.95908, 30.06839], [-90.96067, 30.06912], [-90.96122, 30.07026], [-90.96136, 30.075], [-90.96233, 30.07499], [-90.96331, 30.07542], [-90.96376, 30.07405], [-90.96615, 30.06999], [-90.96046, 30.06755], [-90.94706, 30.06066], [-90.9441, 30.05845], [-90.9388, 30.05293], [-90.92242, 30.06836], [-90.92157, 30.06948], [-90.91419, 30.07661], [-90.91531, 30.07887], [-90.91564, 30.08089], [-90.91525, 30.08272], [-90.91745, 30.09009], [-90.92137, 30.08746], [-90.92212, 30.08642], [-90.92331, 30.08599], [-90.92438, 30.08613], [-90.9251, 30.08655], [-90.9268, 30.08922], [-90.92841, 30.08882], [-90.92923, 30.08904], [-90.92999, 30.08964], [-90.93017, 30.0895]], [[-90.91649, 30.06863], [-90.91909, 30.0658], [-90.93586, 30.05], [-90.93175, 30.046], [-90.91063, 30.07085], [-90.91177, 30.07317], [-90.91649, 30.06863]], [[-90.99233, 30.08541], [-90.99325, 30.08482], [-90.99234, 30.08339], [-90.9897, 30.07673], [-90.99027, 30.07534], [-90.99181, 30.0747], [-90.99306, 30.07498], [-90.99382, 30.07564], [-90.99644, 30.08189], [-90.99753, 30.08375], [-90.99853, 30.08377], [-90.99703, 30.07969], [-90.99697, 30.07875], [-90.99791, 30.07752], [-90.99936, 30.07719], [-91.00038, 30.0775], [-91.00111, 30.07819], [-91.00307, 30.0834], [-91.00444, 30.08334], [-91.00521, 30.08368], [-91.00586, 30.08438], [-91.00889, 30.08467], [-91.01003, 30.0852], [-91.01055, 30.08595], [-91.01358, 30.09424], [-91.01751, 30.09421], [-91.01511, 30.09227], [-91.01457, 30.09125], [-91.01468, 30.09032], [-91.01535, 30.0895], [-91.0156, 30.08864], [-91.0167, 30.08776], [-91.0184, 30.08774], [-91.02382, 30.09013], [-91.02471, 30.08938], [-91.02595, 30.08917], [-91.02637, 30.08838], [-91.02642, 30.08613], [-91.02391, 30.07927], [-91.023, 30.07371], [-91.02308, 30.07146], [-91.02416, 30.06701], [-91.01532, 30.06241], [-91.01464, 30.06145], [-91.0147, 30.06033], [-91.01583, 30.05922], [-91.01753, 30.05914], [-91.02592, 30.06342], [-91.03357, 30.05351], [-91.03261, 30.05245], [-91.02766, 30.04957], [-91.02732, 30.04888], [-91.02735, 30.04794], [-91.02789, 30.04713], [-91.02863, 30.04668], [-91.02503, 30.04468], [-91.02462, 30.04362], [-91.02495, 30.04253], [-91.02612, 30.04172], [-91.02777, 30.04171], [-91.03907, 30.04775], [-91.04257, 30.04472], [-91.04527, 30.04163], [-91.0376, 30.03814], [-91.03673, 30.03691], [-91.03702, 30.0354], [-91.03824, 30.03429], [-91.03987, 30.0341], [-91.04774, 30.03723], [-91.04811, 30.03543], [-91.0423, 30.03408], [-91.04141, 30.03306], [-91.04135, 30.03174], [-91.03678, 30.0314], [-91.03597, 30.03112], [-91.03505, 30.03009], [-91.03512, 30.02874], [-91.02148, 30.02729], [-91.02099, 30.0286], [-91.01525, 30.03569], [-91.01993, 30.03831], [-91.0205, 30.0394], [-91.02033, 30.04045], [-91.01389, 30.04817], [-91.01282, 30.0488], [-91.01174, 30.04885], [-91.01033, 30.04802], [-91.00999, 30.04733], [-91.01004, 30.04639], [-91.01507, 30.04014], [-91.01057, 30.03768], [-91.00996, 30.03684], [-91.0099, 30.03591], [-91.0103, 30.03508], [-91.01696, 30.02683], [-91.00421, 30.02546], [-91.00298, 30.02559], [-91.00077, 30.02715], [-90.99075, 30.03917], [-90.99096, 30.05085], [-90.99063, 30.05224], [-90.98995, 30.05292], [-90.98896, 30.05329], [-90.98809, 30.05327], [-90.98713, 30.05283], [-90.98638, 30.05151], [-90.98644, 30.04747], [-90.98433, 30.0478], [-90.96787, 30.07553], [-90.96704, 30.07808], [-90.9656, 30.0801], [-90.97021, 30.08354], [-90.97171, 30.08396], [-90.97253, 30.08528], [-90.97867, 30.08972], [-90.981, 30.09112], [-90.98649, 30.09377], [-90.98956, 30.08868], [-90.99083, 30.08786], [-90.99233, 30.08541]], [[-90.99505, 29.93255], [-90.99708, 29.93051], [-90.99741, 29.92989], [-90.99359, 29.93308], [-90.99427, 29.93358], [-90.99505, 29.93255]], [[-90.99094, 29.91198], [-90.99073, 29.91491], [-90.99112, 29.91707], [-90.99324, 29.91711], [-90.99441, 29.91792], [-90.99473, 29.91882], [-90.99461, 29.91957], [-90.99402, 29.92036], [-90.99315, 29.92086], [-90.99486, 29.92254], [-90.99732, 29.92413], [-91.00429, 29.92655], [-91.00551, 29.9257], [-91.00721, 29.92582], [-91.00853, 29.92692], [-91.00881, 29.92836], [-91.01339, 29.93057], [-91.01839, 29.93403], [-91.01904, 29.933], [-91.02019, 29.9325], [-91.02147, 29.93265], [-91.02259, 29.93345], [-91.0303, 29.92679], [-91.03149, 29.92638], [-91.0328, 29.92663], [-91.03715, 29.92309], [-91.0521, 29.91266], [-91.03817, 29.90615], [-91.03438, 29.90335], [-91.0316, 29.90173], [-90.99758, 29.90479], [-90.99788, 29.90728], [-90.99742, 29.90833], [-90.99638, 29.90898], [-90.99382, 29.90931], [-90.99305, 29.91059], [-90.99105, 29.9112], [-90.99094, 29.91198]], [[-91.00188, 29.8905], [-91.0215, 29.88845], [-91.01966, 29.88451], [-91.0179, 29.88283], [-91.01471, 29.88304], [-91.01374, 29.88263], [-91.0132, 29.88204], [-91.01297, 29.88094], [-91.01347, 29.8799], [-91.01455, 29.87929], [-91.0161, 29.87912], [-91.01387, 29.87557], [-91.01026, 29.87594], [-91.00925, 29.87562], [-91.00852, 29.87493], [-91.00826, 29.87383], [-91.00874, 29.87279], [-91.00981, 29.87216], [-91.01156, 29.87194], [-91.01079, 29.87068], [-90.9945, 29.87332], [-90.99345, 29.87409], [-90.99188, 29.87437], [-90.99188, 29.87581], [-90.99091, 29.87676], [-90.99123, 29.87859], [-90.99135, 29.88282], [-90.99107, 29.88788], [-90.99305, 29.88832], [-90.99393, 29.88886], [-90.99443, 29.88974], [-90.9945, 29.89128], [-91.00188, 29.8905]], [[-91.06512, 30.20032], [-91.07298, 30.20128], [-91.07977, 30.2014], [-91.0862, 30.20119], [-91.08815, 30.20053], [-91.08215, 30.18772], [-91.08232, 30.18625], [-91.08343, 30.18537], [-91.08493, 30.18531], [-91.08625, 30.18625], [-91.09234, 30.19922], [-91.09626, 30.19809], [-91.1008, 30.19597], [-91.10018, 30.19504], [-91.10009, 30.19427], [-91.10046, 30.19334], [-91.10139, 30.1926], [-91.1032, 30.19241], [-91.10477, 30.19349], [-91.10658, 30.19229], [-91.11684, 30.18536], [-91.11649, 30.1837], [-91.1168, 30.183], [-91.11748, 30.1824], [-91.12013, 30.18157], [-91.12182, 30.18203], [-91.12311, 30.18116], [-91.11852, 30.16459], [-91.11123, 30.16642], [-91.10533, 30.17155], [-91.10565, 30.17295], [-91.10504, 30.17412], [-91.09974, 30.17762], [-91.09852, 30.17807], [-91.09744, 30.17803], [-91.09651, 30.17755], [-91.09594, 30.17675], [-91.09588, 30.17581], [-91.09633, 30.17496], [-91.10042, 30.17236], [-91.09996, 30.17102], [-91.10047, 30.16989], [-91.10265, 30.16845], [-91.10824, 30.16355], [-91.10973, 30.16276], [-91.11485, 30.16149], [-91.11335, 30.15661], [-91.0747, 30.13532], [-91.07432, 30.13623], [-91.07352, 30.13686], [-91.07226, 30.13709], [-91.07124, 30.13678], [-91.07028, 30.13555], [-91.07068, 30.133], [-91.07012, 30.1327], [-91.04617, 30.12913], [-91.04586, 30.13011], [-91.04511, 30.13079], [-91.04364, 30.13107], [-91.0422, 30.13037], [-91.0418, 30.13143], [-91.06043, 30.13688], [-91.06149, 30.13775], [-91.06174, 30.13925], [-91.05917, 30.14605], [-91.05852, 30.14681], [-91.0575, 30.14721], [-91.05516, 30.15453], [-91.0545, 30.15531], [-91.05349, 30.15573], [-91.0518, 30.15559], [-91.0332, 30.14793], [-91.03028, 30.14624], [-91.02968, 30.14546], [-91.02958, 30.14453], [-91.03152, 30.14078], [-91.03145, 30.13932], [-91.02912, 30.14192], [-91.02632, 30.1443], [-91.02694, 30.14552], [-91.0265, 30.14679], [-91.05008, 30.15694], [-91.05089, 30.15753], [-91.05133, 30.15856], [-91.05112, 30.15962], [-91.05035, 30.16074], [-91.02898, 30.18238], [-91.02875, 30.18458], [-91.02888, 30.1847], [-91.05232, 30.1609], [-91.05342, 30.1603], [-91.05491, 30.1604], [-91.05577, 30.16098], [-91.05615, 30.16165], [-91.05622, 30.16241], [-91.05582, 30.16328], [-91.03731, 30.18212], [-91.03938, 30.18304], [-91.04776, 30.17446], [-91.04913, 30.17393], [-91.05058, 30.17427], [-91.05149, 30.17552], [-91.05124, 30.1768], [-91.04306, 30.18525], [-91.04471, 30.18624], [-91.05904, 30.1697], [-91.06036, 30.16909], [-91.06202, 30.16946], [-91.06288, 30.17074], [-91.06258, 30.17201], [-91.04388, 30.19371], [-91.04464, 30.1943], [-91.04504, 30.19527], [-91.04664, 30.19672], [-91.04696, 30.19807], [-91.0491, 30.19905], [-91.05416, 30.19924], [-91.05895, 30.18643], [-91.05703, 30.18569], [-91.05632, 30.18454], [-91.05641, 30.18361], [-91.05686, 30.18296], [-91.05844, 30.18231], [-91.05765, 30.18109], [-91.05807, 30.17965], [-91.05891, 30.17906], [-91.05976, 30.17888], [-91.06507, 30.1794], [-91.06582, 30.1781], [-91.06713, 30.17754], [-91.07086, 30.17804], [-91.07174, 30.17858], [-91.07224, 30.17942], [-91.07222, 30.18036], [-91.07169, 30.18118], [-91.07057, 30.18174], [-91.06904, 30.18167], [-91.06853, 30.18274], [-91.06735, 30.18349], [-91.0647, 30.18328], [-91.06445, 30.18404], [-91.06659, 30.18498], [-91.06715, 30.18576], [-91.06725, 30.18649], [-91.06341, 30.1972], [-91.06273, 30.19794], [-91.06172, 30.19832], [-91.06084, 30.19828], [-91.05941, 30.19774], [-91.05872, 30.19955], [-91.06512, 30.20032]], [[-91.09695, 30.12861], [-91.10774, 30.11797], [-91.1092, 30.11731], [-91.11077, 30.11766], [-91.11133, 30.11633], [-91.1133, 30.11497], [-91.08967, 30.115], [-91.08863, 30.11463], [-91.08791, 30.11387], [-91.08767, 30.11123], [-91.08523, 30.11104], [-91.08508, 30.11242], [-91.08397, 30.11334], [-91.08696, 30.1237], [-91.08624, 30.12505], [-91.08465, 30.12556], [-91.08342, 30.12519], [-91.08265, 30.12429], [-91.07925, 30.11327], [-91.07935, 30.1113], [-91.07978, 30.11044], [-91.077, 30.10623], [-91.05232, 30.11431], [-91.05429, 30.11938], [-91.06951, 30.12779], [-91.07105, 30.12794], [-91.07371, 30.1295], [-91.08365, 30.13111], [-91.08464, 30.13151], [-91.08545, 30.13281], [-91.08497, 30.13423], [-91.08369, 30.13491], [-91.08174, 30.13473], [-91.08746, 30.13786], [-91.09695, 30.12861]], [[-91.08597, 30.10707], [-91.0876, 30.10735], [-91.08755, 30.10584], [-91.08189, 30.10586], [-91.08273, 30.10711], [-91.08597, 30.10707]], [[-91.09197, 30.10372], [-91.09197, 30.10388], [-91.09886, 30.10396], [-91.10007, 30.10474], [-91.10044, 30.10581], [-91.09994, 30.10704], [-91.09886, 30.10766], [-91.09207, 30.10775], [-91.09212, 30.11115], [-91.11418, 30.11116], [-91.11603, 30.11189], [-91.11823, 30.11401], [-91.13624, 30.11867], [-91.13746, 30.1146], [-91.13735, 30.11392], [-91.13522, 30.11336], [-91.13439, 30.11247], [-91.13415, 30.11174], [-91.13441, 30.11064], [-91.13554, 30.10978], [-91.13661, 30.10965], [-91.13775, 30.11006], [-91.14006, 30.11035], [-91.14042, 30.10953], [-91.14133, 30.10884], [-91.14217, 30.10863], [-91.14371, 30.10873], [-91.14468, 30.10899], [-91.14539, 30.10955], [-91.14593, 30.11133], [-91.15443, 30.11208], [-91.15377, 30.10613], [-91.15407, 30.10505], [-91.15481, 30.10432], [-91.15465, 30.09309], [-91.15048, 30.0782], [-91.13591, 30.05622], [-91.12881, 30.05634], [-91.12781, 30.0576], [-91.12668, 30.05825], [-91.12125, 30.06007], [-91.11815, 30.06018], [-91.11715, 30.06101], [-91.11566, 30.06114], [-91.11441, 30.06042], [-91.114, 30.05955], [-91.11403, 30.0586], [-91.11254, 30.05769], [-91.11194, 30.05633], [-91.10672, 30.0564], [-91.10466, 30.05559], [-91.10363, 30.05407], [-91.10354, 30.05145], [-91.0975, 30.05148], [-91.09587, 30.05075], [-91.09515, 30.04932], [-91.09511, 30.04414], [-91.09093, 30.04426], [-91.08992, 30.04391], [-91.08923, 30.04319], [-91.08903, 30.04208], [-91.08954, 30.04104], [-91.08979, 30.0393], [-91.08872, 30.03885], [-91.08804, 30.0379], [-91.08803, 30.03695], [-91.08864, 30.03602], [-91.0833, 30.03525], [-91.08305, 30.03613], [-91.08251, 30.03672], [-91.08087, 30.03718], [-91.07937, 30.03675], [-91.07851, 30.03567], [-91.07795, 30.03598], [-91.07765, 30.03683], [-91.07698, 30.03756], [-91.07603, 30.03801], [-91.07497, 30.03812], [-91.05419, 30.03477], [-91.0541, 30.03609], [-91.05319, 30.03935], [-91.08467, 30.05356], [-91.0856, 30.05458], [-91.08561, 30.0558], [-91.09097, 30.05833], [-91.09241, 30.05931], [-91.09294, 30.06034], [-91.09281, 30.06127], [-91.09164, 30.06235], [-91.09079, 30.06252], [-91.08974, 30.06231], [-91.08138, 30.05815], [-91.08058, 30.05717], [-91.08052, 30.05599], [-91.0687, 30.05062], [-91.06715, 30.05406], [-91.06112, 30.06191], [-91.08248, 30.07397], [-91.08325, 30.07524], [-91.08318, 30.07742], [-91.08211, 30.07857], [-91.08063, 30.07877], [-91.07921, 30.07795], [-91.07882, 30.07649], [-91.05606, 30.06366], [-91.0545, 30.06325], [-91.05394, 30.06267], [-91.05345, 30.06138], [-91.05383, 30.05995], [-91.04283, 30.0536], [-91.04194, 30.05442], [-91.04066, 30.05467], [-91.04092, 30.056], [-91.04032, 30.05706], [-91.03941, 30.05758], [-91.03846, 30.05771], [-91.03846, 30.05881], [-91.03781, 30.05973], [-91.03821, 30.06114], [-91.03766, 30.06216], [-91.03696, 30.06261], [-91.0359, 30.0628], [-91.03404, 30.0621], [-91.03122, 30.06589], [-91.0311, 30.06612], [-91.03297, 30.06663], [-91.03374, 30.06715], [-91.03415, 30.06782], [-91.03421, 30.06876], [-91.0337, 30.0699], [-91.03213, 30.07145], [-91.03088, 30.07176], [-91.02929, 30.07133], [-91.02903, 30.07301], [-91.02935, 30.07501], [-91.04526, 30.07168], [-91.04632, 30.07186], [-91.04715, 30.07247], [-91.04756, 30.07334], [-91.04751, 30.07409], [-91.047, 30.07492], [-91.04609, 30.07543], [-91.0348, 30.07784], [-91.03423, 30.07909], [-91.03283, 30.07973], [-91.0334, 30.08113], [-91.03279, 30.08235], [-91.05229, 30.07846], [-91.05357, 30.07764], [-91.05533, 30.07786], [-91.06732, 30.0756], [-91.06857, 30.07591], [-91.06941, 30.07676], [-91.06956, 30.07788], [-91.06897, 30.07888], [-91.06785, 30.07943], [-91.05696, 30.08151], [-91.05769, 30.08421], [-91.08998, 30.08324], [-91.09123, 30.084], [-91.09183, 30.08518], [-91.09194, 30.09432], [-91.09703, 30.09438], [-91.09811, 30.09499], [-91.09861, 30.09603], [-91.09826, 30.09729], [-91.09727, 30.09801], [-91.09314, 30.09819], [-91.09347, 30.09902], [-91.09331, 30.09995], [-91.09283, 30.10058], [-91.09194, 30.10105], [-91.09197, 30.10372]], [[-91.06893, 30.03236], [-91.06276, 30.03143], [-91.06264, 30.03222], [-91.0706, 30.03351], [-91.07136, 30.03272], [-91.06893, 30.03236]], [[-91.06848, 30.02837], [-91.069, 30.02845], [-91.06968, 30.02757], [-91.06401, 30.02681], [-91.06414, 30.02753], [-91.06446, 30.02777], [-91.06848, 30.02837]], [[-91.07413, 30.02938], [-91.07481, 30.02972], [-91.07557, 30.02835], [-91.07301, 30.02801], [-91.07334, 30.02912], [-91.07413, 30.02938]], [[-91.08078, 30.02509], [-91.09378, 30.02708], [-91.09348, 30.0261], [-91.08761, 30.02536], [-91.08681, 30.02506], [-91.08594, 30.024], [-91.08603, 30.0227], [-91.08668, 30.02195], [-91.08766, 30.02156], [-91.09093, 30.02185], [-91.09102, 30.02118], [-91.08973, 30.02079], [-91.08893, 30.01991], [-91.08883, 30.01879], [-91.08932, 30.01795], [-91.09069, 30.01728], [-91.09253, 30.01754], [-91.09382, 30.0166], [-91.09584, 30.016], [-91.09894, 30.01255], [-91.10259, 30.00981], [-91.104, 30.0077], [-91.09679, 30.0077], [-91.09545, 30.00729], [-91.09207, 30.0056], [-91.09051, 30.00545], [-91.08954, 30.00899], [-91.08854, 30.00971], [-91.08747, 30.00985], [-91.08628, 30.00942], [-91.08556, 30.00849], [-91.08548, 30.00773], [-91.08605, 30.00516], [-91.06664, 30.0039], [-91.06521, 30.01445], [-91.07044, 30.01555], [-91.0712, 30.01591], [-91.07184, 30.01667], [-91.07201, 30.01741], [-91.07174, 30.01832], [-91.07102, 30.019], [-91.08138, 30.02049], [-91.08254, 30.02131], [-91.08283, 30.02259], [-91.08213, 30.02374], [-91.08074, 30.02424], [-91.06419, 30.02196], [-91.06406, 30.0229], [-91.08078, 30.02509]], [[-91.05629, 30.00325], [-91.05473, 30.00306], [-91.05162, 30.00501], [-91.05068, 30.00592], [-91.06144, 30.0093], [-91.06221, 30.00363], [-91.05629, 30.00325]], [[-91.06262, 29.99977], [-91.06322, 29.99523], [-91.06303, 29.99342], [-91.05841, 29.99531], [-91.05858, 29.99807], [-91.05829, 29.9995], [-91.06262, 29.99977]], [[-91.06869, 30.00016], [-91.08276, 30.00108], [-91.0829, 29.99745], [-91.08156, 29.99724], [-91.08056, 29.99627], [-91.0801, 29.9929], [-91.08071, 29.99157], [-91.07846, 29.98758], [-91.07614, 29.98796], [-91.0671, 29.9917], [-91.06764, 29.99411], [-91.06759, 29.99615], [-91.06862, 29.99578], [-91.07001, 29.99588], [-91.0709, 29.99642], [-91.07143, 29.99744], [-91.07111, 29.99871], [-91.07014, 29.99946], [-91.06855, 29.99961], [-91.06721, 29.99895], [-91.06706, 30.00005], [-91.06869, 30.00016]], [[-91.18813, 30.15056], [-91.17529, 30.14444], [-91.15802, 30.17171], [-91.16198, 30.1732], [-91.16319, 30.17277], [-91.16517, 30.17289], [-91.16624, 30.17353], [-91.1667, 30.17448], [-91.17238, 30.16979], [-91.17076, 30.16802], [-91.17034, 30.1671], [-91.17038, 30.16617], [-91.17135, 30.16435], [-91.1724, 30.1636], [-91.17351, 30.16346], [-91.17559, 30.1641], [-91.17653, 30.16475], [-91.18544, 30.15709], [-91.19071, 30.15185], [-91.18813, 30.15056]], [[-91.15583, 30.16713], [-91.1716, 30.14224], [-91.18286, 30.1242], [-91.17991, 30.12395], [-91.16715, 30.13234], [-91.16725, 30.13353], [-91.16642, 30.13462], [-91.16499, 30.135], [-91.16372, 30.13459], [-91.16148, 30.13604], [-91.16112, 30.1376], [-91.15794, 30.14506], [-91.15858, 30.14595], [-91.15862, 30.14689], [-91.15827, 30.14759], [-91.15749, 30.14819], [-91.15773, 30.14958], [-91.15203, 30.16552], [-91.15296, 30.16627], [-91.15326, 30.16718], [-91.15304, 30.1681], [-91.15228, 30.16885], [-91.15192, 30.17015], [-91.15209, 30.17062], [-91.15355, 30.17076], [-91.15583, 30.16713]], [[-91.14545, 30.15987], [-91.14585, 30.15869], [-91.14656, 30.15798], [-91.14758, 30.15765], [-91.1488, 30.15767], [-91.15425, 30.14252], [-91.15418, 30.14095], [-91.15464, 30.13766], [-91.15567, 30.13576], [-91.15688, 30.13434], [-91.1558, 30.12426], [-91.14201, 30.12306], [-91.13845, 30.13759], [-91.1386, 30.14111], [-91.13777, 30.14236], [-91.13725, 30.14411], [-91.136, 30.15799], [-91.13573, 30.16428], [-91.14231, 30.16716], [-91.14343, 30.16494], [-91.14446, 30.1616], [-91.14545, 30.15987]], [[-91.1318, 30.15534], [-91.13284, 30.14362], [-91.13406, 30.13939], [-91.13401, 30.13851], [-91.12861, 30.13695], [-91.12762, 30.13603], [-91.12735, 30.13502], [-91.12759, 30.13408], [-91.1288, 30.13215], [-91.12842, 30.13051], [-91.1306, 30.12125], [-91.11667, 30.11764], [-91.11375, 30.11944], [-91.11267, 30.11954], [-91.1117, 30.1192], [-91.11146, 30.1201], [-91.11039, 30.12129], [-91.09127, 30.13995], [-91.1117, 30.15114], [-91.10805, 30.13858], [-91.10826, 30.13765], [-91.10913, 30.13682], [-91.11017, 30.13655], [-91.11123, 30.13674], [-91.11237, 30.13784], [-91.11541, 30.14815], [-91.12458, 30.14731], [-91.12563, 30.14754], [-91.12643, 30.14817], [-91.12681, 30.14924], [-91.12661, 30.1593], [-91.13137, 30.16189], [-91.1318, 30.15534]], [[-91.13322, 30.13269], [-91.13275, 30.13411], [-91.1347, 30.13464], [-91.13748, 30.12303], [-91.13489, 30.12236], [-91.13345, 30.12868], [-91.13396, 30.12933], [-91.13412, 30.13026], [-91.13331, 30.13157], [-91.13322, 30.13269]], [[-91.18886, 30.12572], [-91.18737, 30.1251], [-91.17738, 30.14102], [-91.19062, 30.14735], [-91.20066, 30.13138], [-91.18886, 30.12572]], [[-91.18511, 30.12051], [-91.18518, 30.12052], [-91.18524, 30.12042], [-91.18511, 30.12051]], [[-91.15861, 30.10944], [-91.16202, 30.10981], [-91.16224, 30.10768], [-91.15896, 30.10775], [-91.15861, 30.10944]], [[-91.15912, 30.11402], [-91.15997, 30.12144], [-91.16034, 30.12487], [-91.16159, 30.11366], [-91.15906, 30.11344], [-91.15912, 30.11402]], [[-91.1471, 30.11531], [-91.14193, 30.11487], [-91.14065, 30.11932], [-91.14258, 30.11922], [-91.15537, 30.12034], [-91.15488, 30.11601], [-91.1471, 30.11531]], [[-91.16604, 30.12708], [-91.16717, 30.12746], [-91.17148, 30.12463], [-91.16636, 30.12312], [-91.16503, 30.12297], [-91.16458, 30.12696], [-91.16604, 30.12708]], [[-91.1886, 30.15982], [-91.17916, 30.16793], [-91.17917, 30.16906], [-91.17863, 30.16995], [-91.16899, 30.17795], [-91.18536, 30.16747], [-91.19315, 30.16215], [-91.18963, 30.15883], [-91.1886, 30.15982]], [[-91.14029, 30.17136], [-91.14026, 30.17134], [-91.14015, 30.17206], [-91.14059, 30.1716], [-91.14029, 30.17136]], [[-91.13542, 30.17132], [-91.13548, 30.17328], [-91.13613, 30.16888], [-91.13554, 30.16862], [-91.13542, 30.17132]], [[-91.16786, 30.1847], [-91.16891, 30.18406], [-91.16823, 30.1833], [-91.167, 30.18411], [-91.16764, 30.18484], [-91.16786, 30.1847]], [[-91.17138, 30.18729], [-91.17078, 30.18765], [-91.17255, 30.19101], [-91.17344, 30.1907], [-91.17138, 30.18729]], [[-91.12439, 30.16266], [-91.12189, 30.16128], [-91.12249, 30.16235], [-91.12698, 30.1786], [-91.12841, 30.17764], [-91.1276, 30.1644], [-91.12439, 30.16266]], [[-91.12232, 30.15138], [-91.11653, 30.1519], [-91.11721, 30.15415], [-91.12221, 30.15688], [-91.12232, 30.15138]], [[-91.11947, 30.16041], [-91.12041, 30.16047], [-91.1189, 30.15964], [-91.11914, 30.16044], [-91.11947, 30.16041]], [[-91.12741, 30.01787], [-91.11946, 30.01467], [-91.11793, 30.01536], [-91.11546, 30.0152], [-91.11464, 30.0162], [-91.11233, 30.01703], [-91.10961, 30.01672], [-91.10837, 30.016], [-91.10792, 30.01467], [-91.10676, 30.01342], [-91.10506, 30.0131], [-91.10216, 30.01522], [-91.09917, 30.01857], [-91.10627, 30.01858], [-91.10723, 30.01909], [-91.10785, 30.01988], [-91.114, 30.02126], [-91.11479, 30.02215], [-91.11482, 30.02345], [-91.11407, 30.02437], [-91.11264, 30.02477], [-91.1057, 30.02341], [-91.10428, 30.02238], [-91.0998, 30.02244], [-91.09893, 30.02299], [-91.09686, 30.02312], [-91.097, 30.02331], [-91.0992, 30.02298], [-91.10044, 30.02253], [-91.10195, 30.02252], [-91.10741, 30.02526], [-91.10907, 30.02501], [-91.11255, 30.02562], [-91.11838, 30.02551], [-91.11953, 30.02601], [-91.12017, 30.02699], [-91.1202, 30.02774], [-91.11983, 30.02852], [-91.12009, 30.02996], [-91.11967, 30.03091], [-91.12049, 30.03385], [-91.12025, 30.03474], [-91.11958, 30.03548], [-91.11794, 30.03587], [-91.11646, 30.03513], [-91.11528, 30.03194], [-91.1151, 30.03068], [-91.11192, 30.03249], [-91.11051, 30.03297], [-91.10646, 30.03648], [-91.10546, 30.03685], [-91.104, 30.03692], [-91.10424, 30.03961], [-91.10634, 30.03958], [-91.10828, 30.04036], [-91.10974, 30.04188], [-91.11285, 30.04407], [-91.11347, 30.04505], [-91.11343, 30.04599], [-91.11289, 30.04681], [-91.11197, 30.0473], [-91.11089, 30.04735], [-91.1099, 30.04696], [-91.10653, 30.0446], [-91.10586, 30.04381], [-91.10459, 30.04347], [-91.10512, 30.04763], [-91.10684, 30.04798], [-91.10784, 30.0491], [-91.10798, 30.05253], [-91.13382, 30.05239], [-91.13316, 30.05054], [-91.13342, 30.0489], [-91.13162, 30.04509], [-91.13121, 30.04308], [-91.13017, 30.04141], [-91.12884, 30.03789], [-91.12873, 30.03027], [-91.12971, 30.02615], [-91.12916, 30.02251], [-91.12986, 30.01948], [-91.12955, 30.01773], [-91.12741, 30.01787]], [[-91.11299, 30.00759], [-91.1168, 30.00923], [-91.11708, 30.00844], [-91.11706, 30.0069], [-91.11536, 30.00753], [-91.11299, 30.00759]], [[-91.09994, 30.04147], [-91.09961, 30.03761], [-91.09954, 30.04146], [-91.09994, 30.04147]], [[-91.09441, 30.03836], [-91.09413, 30.04029], [-91.09508, 30.04027], [-91.09516, 30.03696], [-91.0946, 30.03688], [-91.09441, 30.03836]], [[-91.09357, 30.03219], [-91.09443, 30.03231], [-91.09375, 30.03103], [-91.09347, 30.03098], [-91.09315, 30.03213], [-91.09357, 30.03219]], [[-91.089, 30.03026], [-91.08497, 30.02965], [-91.08509, 30.03041], [-91.08481, 30.03154], [-91.08844, 30.03207], [-91.089, 30.03026]], [[-91.07918, 30.02884], [-91.07898, 30.02881], [-91.07906, 30.02895], [-91.07918, 30.02884]], [[-91.10565, 30.02886], [-91.10122, 30.02644], [-91.09837, 30.02709], [-91.0983, 30.02881], [-91.09911, 30.02834], [-91.09997, 30.02821], [-91.1025, 30.02913], [-91.1051, 30.02919], [-91.10613, 30.02963], [-91.10699, 30.03057], [-91.10804, 30.0297], [-91.10988, 30.02903], [-91.10915, 30.0289], [-91.10724, 30.0292], [-91.10565, 30.02886]], [[-91.10263, 30.03308], [-91.10191, 30.033], [-91.10173, 30.03311], [-91.10203, 30.03311], [-91.10263, 30.03308]], [[-91.0514, 29.93772], [-91.05107, 29.93696], [-91.04953, 29.93628], [-91.0488, 29.93497], [-91.04329, 29.93805], [-91.04645, 29.94185], [-91.05264, 29.9403], [-91.0514, 29.93772]], [[-91.04516, 29.93038], [-91.04655, 29.9299], [-91.04602, 29.92874], [-91.04531, 29.92963], [-91.04399, 29.93014], [-91.04247, 29.93129], [-91.04516, 29.93038]], [[-91.03306, 29.93251], [-91.03391, 29.93323], [-91.03419, 29.93438], [-91.03483, 29.93496], [-91.03578, 29.93447], [-91.03596, 29.93435], [-91.03521, 29.93308], [-91.03541, 29.93202], [-91.03631, 29.93088], [-91.03848, 29.92921], [-91.03767, 29.92846], [-91.03713, 29.92918], [-91.03641, 29.92959], [-91.03611, 29.93047], [-91.03549, 29.93112], [-91.03306, 29.93251]], [[-91.06804, 29.90457], [-91.0691, 29.90506], [-91.06938, 29.9046], [-91.06506, 29.90264], [-91.06452, 29.90296], [-91.06804, 29.90457]], [[-91.06584, 29.95974], [-91.06705, 29.95875], [-91.06992, 29.95762], [-91.07187, 29.95646], [-91.07405, 29.95376], [-91.07414, 29.95229], [-91.07526, 29.95111], [-91.07584, 29.94974], [-91.07125, 29.9514], [-91.04905, 29.95309], [-91.05017, 29.95749], [-91.05227, 29.95943], [-91.05358, 29.9597], [-91.05525, 29.95938], [-91.05661, 29.95947], [-91.06011, 29.96046], [-91.06217, 29.96154], [-91.06351, 29.96082], [-91.06546, 29.96031], [-91.06584, 29.95974]], [[-91.08748, 30.09833], [-91.08749, 30.09659], [-91.07574, 30.09688], [-91.07931, 30.10201], [-91.08749, 30.10197], [-91.08748, 30.09833]], [[-91.01624, 30.02285], [-91.02891, 30.02419], [-91.02884, 30.0227], [-91.02917, 30.0218], [-91.03014, 30.02106], [-91.03142, 30.02091], [-91.03241, 30.02129], [-91.03308, 30.02202], [-91.03339, 30.02466], [-91.04678, 30.02606], [-91.04461, 30.0213], [-91.04244, 30.01429], [-91.02939, 30.01421], [-91.02805, 30.01363], [-91.02746, 30.01263], [-91.02782, 30.01119], [-91.02936, 30.01033], [-91.04224, 30.01042], [-91.04234, 30.00995], [-91.02854, 30.00878], [-91.02455, 30.0117], [-91.0084, 30.02203], [-91.01624, 30.02285]], [[-91.02247, 29.9648], [-91.02285, 29.96416], [-91.0213, 29.96405], [-91.02115, 29.9645], [-91.02247, 29.9648]], [[-91.01929, 29.94166], [-91.01796, 29.94056], [-91.01668, 29.94098], [-91.01871, 29.94314], [-91.01974, 29.94238], [-91.01981, 29.94214], [-91.01929, 29.94166]], [[-91.0424, 29.94346], [-91.03958, 29.9402], [-91.03663, 29.94192], [-91.03685, 29.94327], [-91.03587, 29.94448], [-91.03441, 29.94477], [-91.03295, 29.94405], [-91.03104, 29.94501], [-91.03257, 29.94773], [-91.04287, 29.94514], [-91.0424, 29.94346]], [[-91.03639, 30.0055], [-91.03526, 30.00546], [-91.0384, 30.00572], [-91.0381, 30.00551], [-91.03639, 30.0055]], [[-91.03426, 30.00535], [-91.03418, 30.00532], [-91.0338, 30.00533], [-91.03436, 30.00538], [-91.03426, 30.00535]], [[-91.03332, 30.0008], [-91.03519, 29.99988], [-91.03726, 29.99934], [-91.04419, 29.99358], [-91.04271, 29.99363], [-91.04153, 29.9931], [-91.041, 29.99257], [-91.0398, 29.99264], [-91.03841, 29.99181], [-91.03764, 29.99182], [-91.03679, 29.99231], [-91.03487, 29.99432], [-91.03321, 29.99466], [-91.0324, 29.99439], [-91.03165, 29.99372], [-91.03133, 29.99206], [-91.02604, 30.00558], [-91.03332, 30.0008]], [[-91.03997, 29.9815], [-91.04183, 29.98129], [-91.04268, 29.98144], [-91.04355, 29.982], [-91.04401, 29.98285], [-91.04379, 29.98414], [-91.04287, 29.98493], [-91.04175, 29.98519], [-91.04126, 29.98685], [-91.0464, 29.98745], [-91.04767, 29.98649], [-91.04935, 29.9865], [-91.04982, 29.98563], [-91.05088, 29.98501], [-91.05042, 29.98355], [-91.05127, 29.98227], [-91.0527, 29.98187], [-91.05491, 29.98243], [-91.0578, 29.97735], [-91.05862, 29.97654], [-91.06194, 29.9698], [-91.06354, 29.96711], [-91.06457, 29.96592], [-91.06493, 29.96459], [-91.06332, 29.96538], [-91.06139, 29.96546], [-91.05841, 29.96404], [-91.05559, 29.96324], [-91.054, 29.96355], [-91.05265, 29.96348], [-91.03166, 29.95907], [-91.02978, 29.96343], [-91.02733, 29.96803], [-91.03213, 29.96972], [-91.03287, 29.97073], [-91.03286, 29.9719], [-91.03233, 29.97278], [-91.03156, 29.97331], [-91.03007, 29.97347], [-91.02881, 29.97277], [-91.02828, 29.97367], [-91.02717, 29.97424], [-91.02609, 29.97424], [-91.02404, 29.9736], [-91.023, 29.97532], [-91.02406, 29.97594], [-91.02454, 29.97688], [-91.0256, 29.97714], [-91.02637, 29.97779], [-91.02695, 29.97883], [-91.0271, 29.98094], [-91.02571, 29.98336], [-91.02187, 29.98499], [-91.02437, 29.98651], [-91.02912, 29.98678], [-91.0323, 29.98248], [-91.03324, 29.98175], [-91.0344, 29.98148], [-91.03686, 29.98191], [-91.03997, 29.9815]], [[-91.03492, 29.9554], [-91.03495, 29.95582], [-91.04577, 29.95811], [-91.0446, 29.95352], [-91.03504, 29.95436], [-91.0347, 29.95483], [-91.03492, 29.9554]], [[-91.03954, 29.95004], [-91.03956, 29.94999], [-91.03899, 29.95013], [-91.03953, 29.95009], [-91.03954, 29.95004]], [[-91.05131, 30.02215], [-91.05283, 30.02612], [-91.05892, 30.02699], [-91.0596, 30.02269], [-91.05183, 30.02162], [-91.05131, 30.02215]], [[-91.04842, 30.01352], [-91.04848, 30.01373], [-91.05015, 30.01403], [-91.05003, 30.01389], [-91.04842, 30.01352]], [[-91.06572, 29.98693], [-91.06543, 29.98671], [-91.06583, 29.98794], [-91.06692, 29.98748], [-91.06572, 29.98693]], [[-91.07509, 29.97736], [-91.07469, 29.97607], [-91.06624, 29.97098], [-91.06354, 29.97625], [-91.06419, 29.97708], [-91.06428, 29.97805], [-91.06738, 29.97987], [-91.06917, 29.98155], [-91.06948, 29.98225], [-91.06941, 29.98315], [-91.07094, 29.98582], [-91.07807, 29.98262], [-91.07509, 29.97736]], [[-91.06238, 29.9819], [-91.06253, 29.98168], [-91.06084, 29.98071], [-91.05958, 29.98293], [-91.06221, 29.98403], [-91.06238, 29.9819]], [[-91.0543, 29.98733], [-91.05377, 29.98688], [-91.05348, 29.98804], [-91.05444, 29.98767], [-91.05584, 29.98785], [-91.05602, 29.98763], [-91.0543, 29.98733]], [[-91.04558, 29.99773], [-91.0448, 29.99836], [-91.04659, 29.99812], [-91.04608, 29.99799], [-91.04558, 29.99773]], [[-91.04537, 29.99263], [-91.04546, 29.99256], [-91.04541, 29.99255], [-91.04537, 29.99263]], [[-91.04925, 29.997], [-91.0505, 29.9972], [-91.05156, 29.998], [-91.05075, 29.99628], [-91.05029, 29.99617], [-91.04925, 29.997]], [[-91.05941, 30.0464], [-91.05136, 30.04288], [-91.04912, 30.04561], [-91.05034, 30.04627], [-91.05087, 30.04687], [-91.05109, 30.04779], [-91.05089, 30.04852], [-91.04993, 30.04965], [-91.04836, 30.05007], [-91.0479, 30.05088], [-91.04708, 30.05141], [-91.0543, 30.05559], [-91.05593, 30.05573], [-91.05907, 30.05759], [-91.06331, 30.05211], [-91.06473, 30.04878], [-91.05941, 30.0464]], [[-91.05403, 30.0308], [-91.05826, 30.03151], [-91.05836, 30.03083], [-91.0539, 30.0302], [-91.05403, 30.0308]], [[-91.0259, 29.95022], [-91.02552, 29.95164], [-91.02753, 29.95149], [-91.027, 29.94965], [-91.0259, 29.95022]], [[-91.04317, 30.123], [-91.04407, 30.12381], [-91.04431, 30.12489], [-91.0605, 30.12741], [-91.04634, 30.11957], [-91.04499, 30.12018], [-91.04344, 30.11984], [-91.03976, 30.12107], [-91.03978, 30.12253], [-91.04317, 30.123]], [[-91.04469, 30.11325], [-91.0467, 30.11202], [-91.04353, 30.10363], [-91.04342, 30.10272], [-91.04168, 30.10163], [-91.03991, 30.10338], [-91.03963, 30.10486], [-91.03515, 30.11066], [-91.04154, 30.11261], [-91.04399, 30.11368], [-91.04469, 30.11325]], [[-91.03495, 30.10406], [-91.03481, 30.1031], [-91.03521, 30.10218], [-91.04122, 30.0962], [-91.04145, 30.09555], [-91.03708, 30.09364], [-91.03201, 30.09271], [-91.03322, 30.09354], [-91.0336, 30.09461], [-91.03334, 30.09552], [-91.03262, 30.09622], [-91.0316, 30.09654], [-91.03056, 30.09641], [-91.03242, 30.09847], [-91.03238, 30.0996], [-91.0318, 30.10039], [-91.03064, 30.10089], [-91.02936, 30.10074], [-91.02666, 30.09846], [-91.02532, 30.09933], [-91.02376, 30.09939], [-91.02515, 30.10571], [-91.02498, 30.10664], [-91.02421, 30.10746], [-91.03071, 30.10935], [-91.03495, 30.10406]], [[-91.05949, 30.0892], [-91.06012, 30.0901], [-91.06008, 30.09122], [-91.05788, 30.09363], [-91.0594, 30.09393], [-91.06782, 30.08982], [-91.08744, 30.08942], [-91.08741, 30.08705], [-91.05975, 30.08801], [-91.05949, 30.0892]], [[-91.04759, 30.09155], [-91.05295, 30.09266], [-91.05336, 30.09226], [-91.05249, 30.09166], [-91.05206, 30.09079], [-91.05217, 30.08828], [-91.04873, 30.0884], [-91.04759, 30.09155]], [[-91.047, 30.08458], [-91.05316, 30.08437], [-91.05262, 30.08236], [-91.04051, 30.0848], [-91.047, 30.08458]], [[-91.03301, 30.08894], [-91.03544, 30.08939], [-91.03706, 30.08924], [-91.03907, 30.0897], [-91.03996, 30.09022], [-91.04319, 30.09082], [-91.04401, 30.08855], [-91.03301, 30.08894]], [[-91.05849, 30.09772], [-91.04619, 30.09534], [-91.04533, 30.09772], [-91.04462, 30.0987], [-91.04755, 30.10056], [-91.04821, 30.10135], [-91.0484, 30.10237], [-91.04808, 30.10326], [-91.05087, 30.11065], [-91.0688, 30.10478], [-91.068, 30.10352], [-91.06782, 30.10224], [-91.0682, 30.10136], [-91.06921, 30.10067], [-91.07028, 30.10054], [-91.07147, 30.10099], [-91.07296, 30.10342], [-91.07469, 30.10285], [-91.06843, 30.09382], [-91.06072, 30.09774], [-91.05973, 30.09792], [-91.05849, 30.09772]], [[-91.0388, 30.12803], [-91.03854, 30.12793], [-91.03846, 30.12817], [-91.03858, 30.1282], [-91.0388, 30.12803]], [[-91.04248, 30.14093], [-91.04315, 30.1402], [-91.04408, 30.13985], [-91.04, 30.13861], [-91.03989, 30.13951], [-91.03878, 30.14157], [-91.04177, 30.14263], [-91.04248, 30.14093]], [[-91.03695, 30.1451], [-91.03692, 30.14515], [-91.04017, 30.14645], [-91.04025, 30.14627], [-91.03695, 30.1451]], [[-91.04437, 30.14775], [-91.04422, 30.1481], [-91.05161, 30.15121], [-91.05185, 30.15049], [-91.04437, 30.14775]], [[-91.05317, 30.1463], [-91.0459, 30.14408], [-91.04589, 30.14411], [-91.05303, 30.14672], [-91.05317, 30.1463]], [[-91.02526, 30.18022], [-91.04578, 30.15943], [-91.03766, 30.15596], [-91.03701, 30.15703], [-91.03632, 30.15755], [-91.03511, 30.15783], [-91.03408, 30.15771], [-91.01809, 30.15081], [-91.01809, 30.1518], [-91.01758, 30.15266], [-91.01806, 30.15332], [-91.01818, 30.15426], [-91.01749, 30.15541], [-91.01654, 30.15587], [-91.01475, 30.15598], [-91.01255, 30.15537], [-91.01012, 30.15688], [-91.01209, 30.15759], [-91.01316, 30.15941], [-91.01315, 30.16035], [-91.01263, 30.16117], [-91.01172, 30.16169], [-91.01052, 30.16177], [-91.01233, 30.16427], [-91.03438, 30.15918], [-91.03551, 30.15919], [-91.03632, 30.15948], [-91.03704, 30.16011], [-91.03737, 30.16083], [-91.03743, 30.16376], [-91.03687, 30.16488], [-91.02362, 30.17608], [-91.02456, 30.17678], [-91.02492, 30.17767], [-91.02475, 30.1786], [-91.02394, 30.17945], [-91.02494, 30.18067], [-91.02526, 30.18022]], [[-91.03879, 30.18967], [-91.03698, 30.19152], [-91.03896, 30.19299], [-91.04206, 30.18935], [-91.04016, 30.18821], [-91.03879, 30.18967]], [[-91.0359, 30.18659], [-91.03647, 30.186], [-91.03424, 30.18522], [-91.03207, 30.18741], [-91.03373, 30.18887], [-91.0359, 30.18659]], [[-91.01904, 30.10601], [-91.02082, 30.10649], [-91.01957, 30.10094], [-91.018, 30.10102], [-91.01671, 30.10007], [-91.01509, 30.1006], [-91.01487, 30.10326], [-91.01422, 30.10401], [-91.01333, 30.10445], [-91.01904, 30.10601]], [[-91.01722, 30.16818], [-91.01923, 30.16782], [-91.02066, 30.16862], [-91.02106, 30.16969], [-91.02082, 30.17061], [-91.02011, 30.17132], [-91.0186, 30.17206], [-91.01968, 30.17269], [-91.02097, 30.17292], [-91.03185, 30.16374], [-91.01649, 30.16736], [-91.01669, 30.16797], [-91.01722, 30.16818]], [[-90.95244, 30.1001], [-90.95424, 30.09961], [-90.95247, 30.09454], [-90.9513, 30.08973], [-90.95037, 30.08939], [-90.94978, 30.08884], [-90.94869, 30.08596], [-90.94156, 30.09269], [-90.94338, 30.09397], [-90.94896, 30.09218], [-90.94983, 30.09215], [-90.95082, 30.09253], [-90.95167, 30.09381], [-90.95123, 30.09524], [-90.95039, 30.09582], [-90.94655, 30.09698], [-90.95074, 30.10095], [-90.95244, 30.1001]], [[-90.95821, 30.09489], [-90.95799, 30.09427], [-90.95716, 30.09449], [-90.95738, 30.09509], [-90.95821, 30.09489]], [[-90.95494, 30.08463], [-90.95492, 30.08429], [-90.95418, 30.08444], [-90.95467, 30.08593], [-90.95516, 30.08581], [-90.95494, 30.08463]], [[-90.97962, 30.09715], [-90.9799, 30.09661], [-90.9786, 30.09616], [-90.97783, 30.09547], [-90.97762, 30.09399], [-90.96983, 30.08861], [-90.96842, 30.09851], [-90.96877, 30.0998], [-90.97021, 30.09998], [-90.97093, 30.09745], [-90.97226, 30.09652], [-90.97355, 30.09654], [-90.97447, 30.09703], [-90.97507, 30.09803], [-90.97496, 30.09918], [-90.97633, 30.09867], [-90.97868, 30.09908], [-90.97962, 30.09715]], [[-90.96017, 30.08702], [-90.9631, 30.09574], [-90.96301, 30.09671], [-90.9622, 30.09773], [-90.96221, 30.09827], [-90.96396, 30.09835], [-90.96566, 30.0864], [-90.95956, 30.08513], [-90.96017, 30.08702]], [[-90.92383, 30.11711], [-90.92408, 30.11797], [-90.9249, 30.11899], [-90.92485, 30.12019], [-90.92606, 30.12227], [-90.92817, 30.12523], [-90.93086, 30.12788], [-90.93496, 30.12912], [-90.93736, 30.12833], [-90.93935, 30.12516], [-90.9387, 30.11674], [-90.93776, 30.114], [-90.93791, 30.11258], [-90.93895, 30.11015], [-90.93795, 30.10862], [-90.93809, 30.10769], [-90.93864, 30.10699], [-90.93814, 30.10619], [-90.93809, 30.10543], [-90.93837, 30.10472], [-90.93912, 30.10405], [-90.93994, 30.10378], [-90.94108, 30.10383], [-90.93875, 30.10189], [-90.93844, 30.10119], [-90.9385, 30.10032], [-90.93806, 30.09999], [-90.93669, 30.09984], [-90.92272, 30.11156], [-90.92383, 30.11711]], [[-90.93793, 30.09545], [-90.9378, 30.0954], [-90.93594, 30.09591], [-90.93965, 30.09624], [-90.93793, 30.09545]], [[-90.95627, 29.87385], [-90.95672, 29.8736], [-90.9556, 29.87201], [-90.95477, 29.87315], [-90.95205, 29.87459], [-90.9529, 29.87578], [-90.95627, 29.87385]], [[-90.96726, 29.86759], [-90.97009, 29.86599], [-90.96794, 29.86295], [-90.96052, 29.86677], [-90.96282, 29.87012], [-90.96726, 29.86759]], [[-90.98259, 29.87255], [-90.98202, 29.87169], [-90.97371, 29.87386], [-90.97481, 29.87458], [-90.97532, 29.87622], [-90.97634, 29.87744], [-90.97713, 29.88175], [-90.98548, 29.88101], [-90.98543, 29.87957], [-90.9844, 29.8746], [-90.98373, 29.87308], [-90.98259, 29.87255]], [[-90.97755, 29.8856], [-90.97779, 29.88763], [-90.98492, 29.8874], [-90.98513, 29.88493], [-90.97755, 29.8856]], [[-90.97875, 29.89603], [-90.97875, 29.89837], [-90.98545, 29.89817], [-90.98505, 29.89127], [-90.97822, 29.89149], [-90.97875, 29.89603]], [[-90.98251, 29.90203], [-90.97936, 29.90224], [-90.9803, 29.91053], [-90.98509, 29.91037], [-90.98544, 29.90204], [-90.98251, 29.90203]], [[-90.97926, 29.9148], [-90.97826, 29.91516], [-90.97652, 29.91523], [-90.97639, 29.91973], [-90.98536, 29.91785], [-90.98496, 29.91626], [-90.98493, 29.91425], [-90.9797, 29.91442], [-90.97926, 29.9148]], [[-90.94329, 29.86941], [-90.94413, 29.87072], [-90.94647, 29.8695], [-90.94639, 29.86851], [-90.947, 29.86752], [-90.95125, 29.86541], [-90.95008, 29.86366], [-90.94278, 29.86854], [-90.94329, 29.86941]], [[-90.92864, 30.3043], [-90.93028, 30.30425], [-90.93022, 30.30324], [-90.93062, 30.30248], [-90.93054, 30.30072], [-90.92789, 30.30075], [-90.92821, 30.30173], [-90.92773, 30.30431], [-90.92864, 30.3043]], [[-90.92418, 30.29365], [-90.92403, 30.29351], [-90.9238, 30.29323], [-90.92381, 30.29378], [-90.92418, 30.29365]], [[-90.93019, 30.29029], [-90.93101, 30.28976], [-90.93208, 30.28961], [-90.93356, 30.29026], [-90.93621, 30.29047], [-90.93631, 30.28894], [-90.93489, 30.28911], [-90.93385, 30.28868], [-90.93238, 30.28873], [-90.93136, 30.28822], [-90.92987, 30.28918], [-90.92737, 30.28928], [-90.9267, 30.29032], [-90.93019, 30.29029]], [[-90.92886, 30.27878], [-90.9289, 30.27891], [-90.92889, 30.27878], [-90.92886, 30.27878]], [[-90.93348, 30.24539], [-90.93845, 30.24538], [-90.93843, 30.2437], [-90.93723, 30.2432], [-90.93663, 30.2443], [-90.93528, 30.24487], [-90.93401, 30.24467], [-90.93307, 30.24386], [-90.93189, 30.24463], [-90.93281, 30.24539], [-90.93348, 30.24539]], [[-90.93109, 30.23967], [-90.93266, 30.23777], [-90.93385, 30.2369], [-90.93611, 30.23619], [-90.9396, 30.23622], [-90.94016, 30.23546], [-90.94034, 30.23465], [-90.93929, 30.23465], [-90.93856, 30.23572], [-90.93715, 30.23618], [-90.93549, 30.23581], [-90.93455, 30.23468], [-90.93358, 30.23468], [-90.93283, 30.23533], [-90.93276, 30.23708], [-90.93245, 30.23778], [-90.93185, 30.23833], [-90.9309, 30.23866], [-90.93091, 30.2398], [-90.93109, 30.23967]], [[-90.92723, 30.21344], [-90.92722, 30.21281], [-90.92597, 30.21282], [-90.92623, 30.21316], [-90.92723, 30.21344]], [[-90.92323, 30.20481], [-90.92521, 30.2054], [-90.92655, 30.20538], [-90.92841, 30.20472], [-90.93486, 30.20487], [-90.93482, 30.20226], [-90.92267, 30.19619], [-90.92276, 30.20469], [-90.92323, 30.20481]], [[-90.92291, 30.18763], [-90.92506, 30.1884], [-90.92808, 30.18882], [-90.93297, 30.1911], [-90.93536, 30.1907], [-90.94941, 30.19043], [-90.94842, 30.19009], [-90.94765, 30.18943], [-90.94734, 30.18853], [-90.94754, 30.18761], [-90.94888, 30.18659], [-90.94964, 30.18555], [-90.95054, 30.18506], [-90.95005, 30.18374], [-90.95064, 30.18254], [-90.95225, 30.18186], [-90.95391, 30.182], [-90.95474, 30.18256], [-90.95524, 30.18343], [-90.95559, 30.18776], [-90.95591, 30.18863], [-90.95597, 30.20056], [-90.95994, 30.20058], [-90.96032, 30.1992], [-90.96145, 30.19794], [-90.9779, 30.18833], [-90.9771, 30.1872], [-90.97693, 30.18646], [-90.9772, 30.18555], [-90.97775, 30.18497], [-90.9791, 30.1842], [-90.98015, 30.18398], [-90.98156, 30.18444], [-90.98255, 30.18561], [-90.98337, 30.18513], [-90.98054, 30.18351], [-90.97891, 30.18301], [-90.96867, 30.17506], [-90.96808, 30.17367], [-90.96879, 30.17232], [-90.97017, 30.17181], [-90.97188, 30.17219], [-90.97396, 30.17417], [-90.97998, 30.17869], [-90.98094, 30.17897], [-90.98444, 30.1811], [-90.99823, 30.1728], [-90.99599, 30.16914], [-90.99197, 30.16532], [-90.99134, 30.16402], [-90.99119, 30.16243], [-90.9856, 30.16132], [-90.98356, 30.17055], [-90.9823, 30.17154], [-90.98122, 30.17164], [-90.9804, 30.17139], [-90.97963, 30.17072], [-90.97932, 30.16963], [-90.98105, 30.16143], [-90.97864, 30.162], [-90.97457, 30.16125], [-90.97337, 30.16019], [-90.97331, 30.15889], [-90.97387, 30.15809], [-90.97481, 30.15761], [-90.97793, 30.15795], [-90.97845, 30.157], [-90.97927, 30.15648], [-90.98026, 30.15628], [-90.98227, 30.15636], [-90.98238, 30.15596], [-90.98062, 30.15496], [-90.98025, 30.15388], [-90.98092, 30.15252], [-90.9825, 30.15196], [-90.98581, 30.15298], [-90.9868, 30.15369], [-90.98718, 30.15505], [-90.98654, 30.15754], [-90.99103, 30.15843], [-90.99063, 30.15575], [-90.99191, 30.15091], [-90.99204, 30.14593], [-90.98943, 30.14433], [-90.98904, 30.14345], [-90.98916, 30.14252], [-90.98979, 30.14175], [-90.99075, 30.14132], [-90.99183, 30.14134], [-90.99298, 30.14187], [-90.99889, 30.13376], [-90.99869, 30.13225], [-90.9998, 30.13107], [-91.00013, 30.12984], [-91.00156, 30.12847], [-91.00295, 30.12824], [-91.00406, 30.12862], [-91.00551, 30.12728], [-91.00732, 30.12547], [-91.00732, 30.12442], [-91.00687, 30.12358], [-91.00514, 30.12213], [-91.00431, 30.12187], [-91.00069, 30.12166], [-90.99699, 30.1211], [-90.99112, 30.121], [-90.98199, 30.13424], [-90.98081, 30.13503], [-90.97929, 30.13514], [-90.97751, 30.13714], [-90.97625, 30.13739], [-90.97504, 30.13698], [-90.97424, 30.13587], [-90.97434, 30.13475], [-90.97648, 30.13186], [-90.97744, 30.13135], [-90.97878, 30.13125], [-90.98298, 30.12485], [-90.98156, 30.12688], [-90.98063, 30.12765], [-90.97961, 30.12797], [-90.97837, 30.12777], [-90.96726, 30.13336], [-90.96651, 30.13725], [-90.96539, 30.13839], [-90.96413, 30.13862], [-90.96304, 30.13826], [-90.96217, 30.13866], [-90.96109, 30.13871], [-90.95995, 30.13818], [-90.95938, 30.13732], [-90.95618, 30.13894], [-90.9568, 30.14022], [-90.9562, 30.1416], [-90.95634, 30.14311], [-90.95724, 30.14443], [-90.95734, 30.14536], [-90.95679, 30.14638], [-90.95402, 30.14869], [-90.95233, 30.14883], [-90.95156, 30.14847], [-90.95092, 30.14771], [-90.95017, 30.14298], [-90.95047, 30.14179], [-90.94347, 30.14531], [-90.94616, 30.14801], [-90.94695, 30.14929], [-90.94666, 30.15071], [-90.94507, 30.15186], [-90.94343, 30.15205], [-90.94218, 30.15132], [-90.94107, 30.15183], [-90.93955, 30.15199], [-90.93871, 30.15181], [-90.93755, 30.15072], [-90.93713, 30.1485], [-90.9343, 30.14972], [-90.93171, 30.15047], [-90.9338, 30.15239], [-90.93492, 30.15607], [-90.93641, 30.15589], [-90.93785, 30.15653], [-90.93869, 30.1575], [-90.9388, 30.15859], [-90.93824, 30.15957], [-90.93713, 30.16018], [-90.93706, 30.161], [-90.9366, 30.16174], [-90.93584, 30.16226], [-90.93489, 30.16247], [-90.93487, 30.16368], [-90.93442, 30.16454], [-90.93356, 30.16511], [-90.93246, 30.16525], [-90.93211, 30.1663], [-90.93068, 30.16722], [-90.92999, 30.16852], [-90.92891, 30.16905], [-90.92671, 30.16915], [-90.92649, 30.17016], [-90.92555, 30.17101], [-90.9269, 30.17631], [-90.92764, 30.17774], [-90.93531, 30.17901], [-90.93636, 30.17811], [-90.93563, 30.1739], [-90.93575, 30.17297], [-90.9369, 30.17188], [-90.9384, 30.17177], [-90.9395, 30.17236], [-90.94, 30.17319], [-90.94082, 30.17788], [-90.94077, 30.17897], [-90.94022, 30.18014], [-90.939, 30.18126], [-90.93868, 30.18211], [-90.93791, 30.18277], [-90.9367, 30.18305], [-90.93371, 30.18269], [-90.93362, 30.18554], [-90.933, 30.18631], [-90.93203, 30.18673], [-90.93095, 30.18671], [-90.92984, 30.18609], [-90.92867, 30.18612], [-90.92771, 30.18568], [-90.927, 30.18453], [-90.92685, 30.18155], [-90.92584, 30.18137], [-90.92585, 30.1858], [-90.92538, 30.18643], [-90.92446, 30.18693], [-90.92338, 30.18699], [-90.92249, 30.18666], [-90.9225, 30.18754], [-90.92291, 30.18763]], [[-90.99538, 30.25878], [-90.99446, 30.25918], [-90.99526, 30.25983], [-90.99539, 30.25972], [-90.99538, 30.25878]], [[-90.99134, 30.25653], [-90.99134, 30.25901], [-90.99265, 30.25889], [-90.99179, 30.25785], [-90.9917, 30.25653], [-90.99134, 30.25653]], [[-90.99778, 30.24554], [-90.99903, 30.2454], [-91.00033, 30.24589], [-91.00207, 30.24583], [-91.00312, 30.24647], [-91.00363, 30.24744], [-91.00368, 30.24283], [-91.00407, 30.24104], [-90.99943, 30.24122], [-90.99819, 30.24102], [-90.99515, 30.24163], [-90.99375, 30.24126], [-90.99115, 30.24134], [-90.9912, 30.24749], [-90.99191, 30.24791], [-90.99266, 30.24707], [-90.99438, 30.2467], [-90.99488, 30.24597], [-90.9958, 30.24547], [-90.99778, 30.24554]], [[-91.00122, 30.23522], [-91.00247, 30.23568], [-91.00342, 30.23675], [-91.0048, 30.23644], [-91.00624, 30.2369], [-91.00711, 30.23812], [-91.00716, 30.23912], [-91.00683, 30.23984], [-91.00852, 30.24061], [-91.00883, 30.2388], [-91.00855, 30.23625], [-91.00892, 30.23536], [-91.00972, 30.23473], [-91.01055, 30.23451], [-91.01162, 30.23465], [-91.01249, 30.23521], [-91.01296, 30.23606], [-91.01327, 30.23846], [-91.0129, 30.24206], [-91.01196, 30.2434], [-91.00977, 30.24438], [-91.00988, 30.24577], [-91.01303, 30.24551], [-91.01457, 30.24616], [-91.01513, 30.24762], [-91.01474, 30.24887], [-91.01496, 30.25005], [-91.01465, 30.25076], [-91.02755, 30.24637], [-91.0297, 30.24594], [-91.03633, 30.24657], [-91.04229, 30.24849], [-91.04517, 30.24983], [-91.04769, 30.24318], [-91.02897, 30.2384], [-91.02538, 30.23715], [-91.02114, 30.23462], [-91.01272, 30.22739], [-91.01209, 30.22861], [-91.01137, 30.22904], [-91.01039, 30.22919], [-91.00988, 30.23045], [-91.00851, 30.23116], [-91.00682, 30.23087], [-91.00616, 30.2303], [-91.00579, 30.22954], [-91.00423, 30.22924], [-91.00327, 30.22835], [-91.00297, 30.22912], [-91.00297, 30.23039], [-91.00185, 30.2315], [-91.00014, 30.2316], [-90.99836, 30.23042], [-90.99687, 30.23183], [-90.99827, 30.23251], [-90.99878, 30.23364], [-90.9995, 30.23433], [-90.99977, 30.2352], [-91.00122, 30.23522]], [[-90.99255, 30.23027], [-90.99675, 30.22622], [-90.98503, 30.21603], [-90.98451, 30.2149], [-90.98448, 30.21224], [-90.97547, 30.21232], [-90.97534, 30.21485], [-90.97454, 30.21573], [-90.97334, 30.21607], [-90.9738, 30.21852], [-90.9733, 30.21936], [-90.97241, 30.21989], [-90.96337, 30.22012], [-90.95815, 30.21992], [-90.95923, 30.22123], [-90.96008, 30.22067], [-90.96094, 30.22052], [-90.96324, 30.22118], [-90.96435, 30.2225], [-90.96517, 30.22275], [-90.96591, 30.22338], [-90.96623, 30.22412], [-90.96624, 30.22534], [-90.96856, 30.22543], [-90.96976, 30.22622], [-90.97013, 30.22729], [-90.96969, 30.22842], [-90.97004, 30.22929], [-90.96988, 30.23022], [-90.96888, 30.23118], [-90.9675, 30.23141], [-90.96884, 30.2321], [-90.96939, 30.23269], [-90.96966, 30.23493], [-90.97048, 30.23637], [-90.97204, 30.23599], [-90.97241, 30.23436], [-90.9734, 30.23313], [-90.97459, 30.23245], [-90.97592, 30.23216], [-90.97704, 30.23098], [-90.97844, 30.23079], [-90.97825, 30.23046], [-90.97722, 30.23023], [-90.97652, 30.22978], [-90.97596, 30.22857], [-90.97628, 30.22748], [-90.9774, 30.22668], [-90.97747, 30.22518], [-90.9781, 30.22419], [-90.97946, 30.22365], [-90.98091, 30.22399], [-90.98179, 30.22505], [-90.98186, 30.22683], [-90.98259, 30.22683], [-90.9814, 30.22331], [-90.97806, 30.21863], [-90.97827, 30.21716], [-90.97961, 30.21625], [-90.98091, 30.21628], [-90.98196, 30.21692], [-90.98551, 30.22178], [-90.98671, 30.22527], [-90.98901, 30.22534], [-90.99014, 30.22588], [-90.99077, 30.22726], [-90.99005, 30.22865], [-90.9915, 30.22974], [-90.99218, 30.23076], [-90.99255, 30.23027]], [[-91.0002, 30.22296], [-91.00354, 30.21953], [-90.99652, 30.21351], [-90.99433, 30.21246], [-90.99254, 30.21217], [-90.99311, 30.21271], [-90.99342, 30.21352], [-90.99489, 30.21416], [-90.99542, 30.21518], [-90.99511, 30.21646], [-90.99354, 30.21798], [-90.99977, 30.22337], [-91.0002, 30.22296]], [[-91.01313, 30.21029], [-91.021, 30.20279], [-91.02, 30.20201], [-91.01882, 30.20261], [-91.01733, 30.20244], [-91.0164, 30.20165], [-91.01615, 30.20044], [-91.01473, 30.20176], [-91.01378, 30.2022], [-91.01249, 30.20215], [-91.01145, 30.20148], [-91.01101, 30.20043], [-91.01122, 30.1995], [-91.01477, 30.19604], [-91.01199, 30.19101], [-91.01153, 30.19043], [-91.01068, 30.19019], [-91.00989, 30.18955], [-91.00962, 30.18803], [-91.00024, 30.17631], [-90.98977, 30.18252], [-90.99114, 30.18295], [-90.99224, 30.18423], [-90.99331, 30.18415], [-90.9943, 30.18453], [-90.99497, 30.18527], [-90.99517, 30.18619], [-90.99441, 30.18752], [-90.9931, 30.18833], [-90.99206, 30.18859], [-90.991, 30.18839], [-90.9894, 30.1874], [-90.98838, 30.18617], [-90.98699, 30.18789], [-90.9885, 30.18779], [-90.98973, 30.18854], [-90.9901, 30.18998], [-90.98936, 30.19112], [-90.98757, 30.19197], [-90.9867, 30.19195], [-90.98574, 30.19151], [-90.98521, 30.19091], [-90.98498, 30.19], [-90.9854, 30.18893], [-90.98644, 30.18818], [-90.98579, 30.18838], [-90.96439, 30.20087], [-90.96446, 30.20856], [-90.97491, 30.20846], [-90.97477, 30.20722], [-90.97511, 30.20633], [-90.97589, 30.20567], [-90.97693, 30.20542], [-90.97799, 30.20562], [-90.97881, 30.20623], [-90.97939, 30.20835], [-90.98495, 30.20492], [-90.98664, 30.20473], [-90.98774, 30.20533], [-90.98827, 30.20635], [-90.98806, 30.20746], [-90.9871, 30.20833], [-90.99281, 30.2083], [-90.99488, 30.20857], [-90.99758, 30.20948], [-90.99953, 30.21065], [-91.00111, 30.21073], [-91.00219, 30.21164], [-91.00234, 30.21302], [-91.00647, 30.2166], [-91.01313, 30.21029]], [[-91.05162, 30.25326], [-91.06054, 30.25361], [-91.06231, 30.25416], [-91.07015, 30.25767], [-91.06997, 30.25433], [-91.07026, 30.25356], [-91.07103, 30.25286], [-91.07233, 30.25252], [-91.07912, 30.25293], [-91.08021, 30.25332], [-91.08095, 30.25409], [-91.08148, 30.25746], [-91.08532, 30.25699], [-91.08462, 30.25431], [-91.08485, 30.25358], [-91.08549, 30.25292], [-91.05196, 30.24428], [-91.04907, 30.25192], [-91.05162, 30.25326]], [[-91.06465, 30.24355], [-91.08032, 30.24755], [-91.08184, 30.24394], [-91.08722, 30.23787], [-91.08861, 30.23712], [-91.09018, 30.2373], [-91.09365, 30.23969], [-91.09404, 30.24057], [-91.09391, 30.2415], [-91.09311, 30.24239], [-91.09188, 30.24274], [-91.09083, 30.24253], [-91.08946, 30.24166], [-91.08572, 30.24587], [-91.0846, 30.24866], [-91.09568, 30.25163], [-91.09789, 30.25298], [-91.09923, 30.25433], [-91.10006, 30.25564], [-91.10051, 30.2556], [-91.101, 30.24934], [-91.10136, 30.24816], [-91.10265, 30.2459], [-91.10695, 30.24048], [-91.10059, 30.23633], [-91.09912, 30.23752], [-91.09827, 30.23764], [-91.09723, 30.23738], [-91.0962, 30.2362], [-91.09633, 30.2349], [-91.09861, 30.23223], [-91.09955, 30.23182], [-91.10058, 30.23176], [-91.10157, 30.23212], [-91.11006, 30.23767], [-91.11025, 30.23697], [-91.10937, 30.23624], [-91.10777, 30.23592], [-91.1009, 30.23129], [-91.09912, 30.22897], [-91.09784, 30.22572], [-91.0967, 30.22548], [-91.0958, 30.22467], [-91.09415, 30.22019], [-91.09277, 30.22059], [-91.09153, 30.22026], [-91.09081, 30.21955], [-91.09032, 30.21806], [-91.082, 30.22022], [-91.07629, 30.22096], [-91.07453, 30.22884], [-91.07382, 30.22978], [-91.07263, 30.23022], [-91.07117, 30.22991], [-91.07021, 30.22869], [-91.071, 30.22437], [-91.06836, 30.22398], [-91.06618, 30.22333], [-91.06529, 30.22219], [-91.06537, 30.22075], [-91.06113, 30.22011], [-91.05335, 30.24061], [-91.06465, 30.24355]], [[-91.13557, 30.21974], [-91.14302, 30.21154], [-91.15066, 30.19681], [-91.15092, 30.19275], [-91.14823, 30.18754], [-91.14602, 30.18597], [-91.14315, 30.1867], [-91.14131, 30.18835], [-91.13872, 30.18978], [-91.13775, 30.19089], [-91.13464, 30.1923], [-91.12411, 30.19931], [-91.1275, 30.20374], [-91.12756, 30.20504], [-91.12684, 30.20597], [-91.12551, 30.20642], [-91.12401, 30.20605], [-91.12062, 30.20174], [-91.11679, 30.20416], [-91.11063, 30.20872], [-91.1081, 30.21009], [-91.10844, 30.21156], [-91.10749, 30.21279], [-91.10582, 30.21307], [-91.10439, 30.21224], [-91.10256, 30.21323], [-91.10351, 30.21482], [-91.10323, 30.21628], [-91.10226, 30.21703], [-91.1009, 30.21716], [-91.09944, 30.21775], [-91.10272, 30.22629], [-91.10417, 30.22575], [-91.10569, 30.22607], [-91.11736, 30.2338], [-91.13418, 30.2213], [-91.13557, 30.21974]], [[-91.07683, 30.25666], [-91.07692, 30.25718], [-91.07704, 30.25777], [-91.07688, 30.25667], [-91.07683, 30.25666]], [[-91.10244, 30.26064], [-91.10241, 30.26065], [-91.10259, 30.26104], [-91.10249, 30.26077], [-91.10244, 30.26064]], [[-91.04076, 30.23737], [-91.04494, 30.23844], [-91.05198, 30.21973], [-91.05129, 30.21965], [-91.04939, 30.22379], [-91.04966, 30.22559], [-91.04782, 30.2294], [-91.04646, 30.2303], [-91.04497, 30.23019], [-91.04389, 30.22928], [-91.04368, 30.22817], [-91.04496, 30.22522], [-91.04463, 30.22437], [-91.04474, 30.22347], [-91.04686, 30.21877], [-91.04488, 30.21803], [-91.03932, 30.21507], [-91.03545, 30.22062], [-91.03452, 30.221], [-91.03346, 30.22102], [-91.03114, 30.22006], [-91.03014, 30.22156], [-91.02978, 30.22268], [-91.02636, 30.22769], [-91.03113, 30.22937], [-91.03185, 30.23071], [-91.0314, 30.23196], [-91.03056, 30.23255], [-91.0295, 30.23273], [-91.02572, 30.23161], [-91.02532, 30.23257], [-91.02892, 30.23429], [-91.04076, 30.23737]], [[-91.03293, 30.21648], [-91.03318, 30.21659], [-91.03552, 30.21305], [-91.03352, 30.21195], [-91.03087, 30.21534], [-91.03203, 30.21633], [-91.03293, 30.21648]], [[-91.02155, 30.22943], [-91.02146, 30.2289], [-91.02066, 30.22879], [-91.02165, 30.22965], [-91.02155, 30.22943]], [[-91.02726, 30.21303], [-91.02826, 30.21155], [-91.02918, 30.21074], [-91.02631, 30.2092], [-91.02447, 30.21111], [-91.0233, 30.21155], [-91.02701, 30.21341], [-91.02726, 30.21303]], [[-91.02086, 30.20926], [-91.02255, 30.20708], [-91.00965, 30.21931], [-91.01158, 30.22098], [-91.01601, 30.21608], [-91.01776, 30.21543], [-91.01894, 30.21418], [-91.019, 30.2131], [-91.01969, 30.21209], [-91.0207, 30.21144], [-91.02177, 30.21121], [-91.021, 30.21038], [-91.02086, 30.20926]], [[-91.02327, 30.2246], [-91.0237, 30.22348], [-91.02466, 30.22262], [-91.02561, 30.22122], [-91.02588, 30.22024], [-91.02734, 30.21804], [-91.02307, 30.2159], [-91.02045, 30.21864], [-91.01884, 30.21921], [-91.01477, 30.22372], [-91.01602, 30.22417], [-91.02288, 30.22518], [-91.02327, 30.2246]], [[-91.00459, 30.26317], [-91.00512, 30.26368], [-91.00581, 30.26271], [-91.00523, 30.26302], [-91.00459, 30.26317]], [[-91.00367, 30.25249], [-91.00366, 30.25204], [-91.00355, 30.25249], [-91.00367, 30.25249]], [[-91.00362, 30.24814], [-91.00363, 30.24819], [-91.00363, 30.24808], [-91.00362, 30.24814]], [[-91.0067, 30.25826], [-91.00694, 30.25774], [-91.00774, 30.25629], [-91.00657, 30.2563], [-91.00658, 30.25866], [-91.0067, 30.25826]], [[-90.99552, 30.29644], [-90.99471, 30.295], [-90.99378, 30.2929], [-90.99508, 30.3002], [-90.99769, 30.29923], [-90.99552, 30.29644]], [[-91.01105, 30.12208], [-91.0111, 30.12216], [-91.01138, 30.12191], [-91.01092, 30.12188], [-91.01105, 30.12208]], [[-90.94021, 30.14248], [-90.93624, 30.14258], [-90.93227, 30.14196], [-90.93242, 30.14424], [-90.93193, 30.14508], [-90.93093, 30.14564], [-90.93079, 30.14644], [-90.93091, 30.14664], [-90.93139, 30.14651], [-90.93388, 30.14564], [-90.94021, 30.14248]], [[-90.96289, 30.12982], [-90.9625, 30.12895], [-90.96256, 30.12819], [-90.96295, 30.12752], [-90.9638, 30.12694], [-90.96487, 30.12678], [-90.9659, 30.12708], [-90.96748, 30.12878], [-90.97835, 30.1233], [-90.9771, 30.1226], [-90.97645, 30.12146], [-90.97654, 30.12036], [-90.97746, 30.11854], [-90.97541, 30.11819], [-90.97465, 30.11915], [-90.9733, 30.11959], [-90.97315, 30.12047], [-90.97236, 30.12151], [-90.97084, 30.1224], [-90.96955, 30.12247], [-90.96829, 30.12177], [-90.96784, 30.12071], [-90.96778, 30.11867], [-90.96903, 30.11686], [-90.96034, 30.11504], [-90.96221, 30.11578], [-90.96309, 30.11713], [-90.96319, 30.11806], [-90.9627, 30.11899], [-90.96275, 30.12009], [-90.9632, 30.12124], [-90.96309, 30.12209], [-90.96241, 30.12298], [-90.96116, 30.12355], [-90.96021, 30.12365], [-90.95908, 30.12329], [-90.95766, 30.12326], [-90.95633, 30.1239], [-90.95617, 30.1255], [-90.95468, 30.13098], [-90.95579, 30.13104], [-90.95685, 30.13168], [-90.9573, 30.13254], [-90.95713, 30.13367], [-90.95735, 30.13387], [-90.96361, 30.13072], [-90.96289, 30.12982]], [[-90.95837, 30.30784], [-90.95797, 30.3078], [-90.95797, 30.308], [-90.95816, 30.30791], [-90.95837, 30.30784]], [[-90.96522, 30.24428], [-90.96524, 30.24248], [-90.9642, 30.24196], [-90.95886, 30.24195], [-90.9575, 30.24139], [-90.95702, 30.24076], [-90.95686, 30.23983], [-90.95773, 30.23849], [-90.95694, 30.238], [-90.95617, 30.237], [-90.95572, 30.23726], [-90.95623, 30.23825], [-90.95602, 30.23936], [-90.95532, 30.24008], [-90.95432, 30.24043], [-90.95301, 30.24023], [-90.95178, 30.24074], [-90.95018, 30.24062], [-90.94906, 30.23981], [-90.94869, 30.23841], [-90.94749, 30.23815], [-90.94721, 30.23952], [-90.94631, 30.24095], [-90.94771, 30.24103], [-90.94877, 30.24152], [-90.94956, 30.24241], [-90.94981, 30.24336], [-90.94938, 30.24486], [-90.9498, 30.24564], [-90.94984, 30.24695], [-90.94912, 30.2483], [-90.94951, 30.24958], [-90.94916, 30.25047], [-90.94837, 30.2511], [-90.94841, 30.25272], [-90.95679, 30.25271], [-90.95675, 30.24919], [-90.95403, 30.24911], [-90.9531, 30.24862], [-90.95262, 30.248], [-90.95255, 30.24669], [-90.95363, 30.24555], [-90.95468, 30.24532], [-90.96522, 30.24532], [-90.96522, 30.24428]], [[-90.96161, 30.23725], [-90.96129, 30.237], [-90.96057, 30.23809], [-90.96173, 30.23809], [-90.96161, 30.23725]], [[-90.98946, 30.2125], [-90.98986, 30.21219], [-90.98893, 30.2122], [-90.98894, 30.21292], [-90.98946, 30.2125]], [[-90.97673, 30.24726], [-90.97607, 30.2473], [-90.97628, 30.24768], [-90.97693, 30.24768], [-90.97673, 30.24726]], [[-90.97929, 30.23816], [-90.97947, 30.23772], [-90.97896, 30.23667], [-90.97651, 30.23608], [-90.97636, 30.23813], [-90.97929, 30.23816]], [[-90.97004, 30.25143], [-90.97069, 30.25026], [-90.97216, 30.2497], [-90.96968, 30.24525], [-90.96974, 30.25269], [-90.97021, 30.25269], [-90.97004, 30.25143]], [[-90.96969, 30.26157], [-90.96969, 30.26097], [-90.96874, 30.26026], [-90.96865, 30.26215], [-90.96763, 30.26326], [-90.96791, 30.26386], [-90.96887, 30.2637], [-90.9697, 30.26386], [-90.96969, 30.26157]], [[-90.96887, 30.21593], [-90.96864, 30.21239], [-90.96357, 30.21244], [-90.96371, 30.21625], [-90.96889, 30.21615], [-90.96887, 30.21593]], [[-90.95802, 30.2125], [-90.95607, 30.2125], [-90.95612, 30.21436], [-90.95739, 30.21328], [-90.95914, 30.21336], [-90.95911, 30.21249], [-90.95802, 30.2125]], [[-90.95999, 30.20757], [-90.95998, 30.20609], [-90.95997, 30.20547], [-90.95885, 30.20637], [-90.95886, 30.20752], [-90.95956, 30.20862], [-90.96001, 30.20861], [-90.95999, 30.20757]], [[-90.96825, 30.30307], [-90.96892, 30.30386], [-90.96967, 30.30384], [-90.96865, 30.30272], [-90.96825, 30.30307]], [[-90.95695, 30.22655], [-90.95642, 30.22646], [-90.95644, 30.22747], [-90.95776, 30.22838], [-90.95807, 30.22997], [-90.95771, 30.23109], [-90.95685, 30.2318], [-90.9581, 30.23191], [-90.95813, 30.22761], [-90.95726, 30.22655], [-90.95695, 30.22655]], [[-90.95665, 30.11759], [-90.95671, 30.11745], [-90.95658, 30.11721], [-90.95664, 30.11753], [-90.95665, 30.11759]], [[-90.9567, 30.11933], [-90.95677, 30.11929], [-90.9567, 30.11918], [-90.9567, 30.11933]], [[-90.94612, 30.28211], [-90.94518, 30.28174], [-90.94479, 30.28211], [-90.94568, 30.28211], [-90.94612, 30.28211]], [[-90.94326, 30.27483], [-90.94349, 30.27457], [-90.94049, 30.27141], [-90.94053, 30.27484], [-90.94326, 30.27483]], [[-90.94406, 30.26633], [-90.94433, 30.26617], [-90.94427, 30.26407], [-90.94232, 30.26415], [-90.94339, 30.26557], [-90.94341, 30.26708], [-90.94406, 30.26633]], [[-90.94083, 30.26028], [-90.94418, 30.2602], [-90.94408, 30.25695], [-90.94398, 30.25825], [-90.94328, 30.2592], [-90.94252, 30.25956], [-90.93917, 30.26023], [-90.94083, 30.26028]], [[-90.94285, 30.24135], [-90.94242, 30.24084], [-90.94235, 30.24087], [-90.94281, 30.24182], [-90.94317, 30.24157], [-90.94285, 30.24135]], [[-90.94379, 30.22975], [-90.94438, 30.22966], [-90.94445, 30.22732], [-90.94127, 30.22731], [-90.94156, 30.22933], [-90.94287, 30.23023], [-90.94379, 30.22975]], [[-90.94353, 30.22345], [-90.94956, 30.22347], [-90.95015, 30.22251], [-90.94983, 30.22167], [-90.94992, 30.22092], [-90.95063, 30.22001], [-90.94721, 30.22007], [-90.94635, 30.22108], [-90.94512, 30.22141], [-90.94284, 30.22128], [-90.94134, 30.22017], [-90.94171, 30.22175], [-90.94048, 30.22344], [-90.94353, 30.22345]], [[-90.93987, 30.19888], [-90.94088, 30.19855], [-90.9453, 30.19849], [-90.94677, 30.19778], [-90.95143, 30.19768], [-90.95142, 30.19645], [-90.94899, 30.19608], [-90.94825, 30.1954], [-90.94778, 30.19434], [-90.93556, 30.19456], [-90.93421, 30.19499], [-90.93341, 30.19624], [-90.93922, 30.19948], [-90.93987, 30.19888]], [[-90.95253, 30.2881], [-90.95168, 30.2888], [-90.95169, 30.28933], [-90.95317, 30.28933], [-90.95315, 30.28829], [-90.95253, 30.2881]], [[-90.95287, 30.27841], [-90.95302, 30.2785], [-90.95303, 30.27817], [-90.95263, 30.27817], [-90.95287, 30.27841]], [[-90.94909, 30.2738], [-90.94862, 30.27296], [-90.94857, 30.27127], [-90.94728, 30.27128], [-90.94712, 30.27208], [-90.94895, 30.27408], [-90.94909, 30.2738]], [[-90.95004, 30.25697], [-90.94963, 30.25659], [-90.94853, 30.25659], [-90.94856, 30.25781], [-90.95031, 30.25814], [-90.95088, 30.25734], [-90.95004, 30.25697]], [[-90.95787, 30.25889], [-90.95752, 30.25812], [-90.95684, 30.25803], [-90.95654, 30.25875], [-90.95666, 30.26], [-90.95917, 30.25998], [-90.95909, 30.25966], [-90.95787, 30.25889]], [[-90.95896, 30.29348], [-90.95771, 30.29304], [-90.95778, 30.29661], [-90.95823, 30.29661], [-90.95907, 30.29546], [-90.96023, 30.29507], [-90.96095, 30.29387], [-90.95896, 30.29348]], [[-90.94873, 30.26411], [-90.94875, 30.26475], [-90.94888, 30.26479], [-90.94887, 30.26392], [-90.94873, 30.26411]], [[-90.94915, 30.2937], [-90.94965, 30.29369], [-90.9496, 30.29322], [-90.94892, 30.29323], [-90.94915, 30.2937]], [[-90.93141, 30.22356], [-90.93128, 30.22339], [-90.93124, 30.22332], [-90.93124, 30.22357], [-90.93141, 30.22356]], [[-90.93492, 30.20877], [-90.93492, 30.20876], [-90.93492, 30.20876], [-90.93492, 30.20877]], [[-90.93508, 30.22043], [-90.93508, 30.22021], [-90.93432, 30.22021], [-90.93432, 30.22047], [-90.93508, 30.22043]], [[-90.93656, 30.25917], [-90.93638, 30.25862], [-90.93629, 30.25664], [-90.93567, 30.25677], [-90.93604, 30.25766], [-90.93594, 30.25971], [-90.9364, 30.26023], [-90.93799, 30.26023], [-90.93706, 30.25978], [-90.93656, 30.25917]], [[-90.93429, 30.29638], [-90.93467, 30.29584], [-90.93468, 30.29562], [-90.9342, 30.29562], [-90.93422, 30.29656], [-90.93429, 30.29638]], [[-90.93311, 30.30855], [-90.93308, 30.30808], [-90.93287, 30.30808], [-90.93288, 30.3086], [-90.93311, 30.30855]], [[-90.92813, 30.19366], [-90.92953, 30.19434], [-90.92975, 30.194], [-90.92638, 30.1924], [-90.9252, 30.19227], [-90.92813, 30.19366]], [[-90.92242, 30.17619], [-90.92233, 30.17593], [-90.92249, 30.17688], [-90.92242, 30.17619]], [[-90.8813, 30.28768], [-90.88223, 30.28775], [-90.88213, 30.2863], [-90.88069, 30.28631], [-90.88083, 30.28778], [-90.8813, 30.28768]], [[-90.88432, 30.28241], [-90.88534, 30.28241], [-90.88523, 30.2715], [-90.88051, 30.27155], [-90.8793, 30.27339], [-90.87727, 30.27395], [-90.87744, 30.27613], [-90.87893, 30.27611], [-90.87989, 30.27655], [-90.88055, 30.27751], [-90.88049, 30.27863], [-90.87954, 30.27964], [-90.87745, 30.28021], [-90.87862, 30.2812], [-90.87901, 30.28246], [-90.88432, 30.28241]], [[-90.86412, 30.25988], [-90.86374, 30.25844], [-90.86405, 30.25773], [-90.86477, 30.25711], [-90.86346, 30.25714], [-90.86352, 30.26061], [-90.86415, 30.26059], [-90.86454, 30.26026], [-90.86412, 30.25988]], [[-90.86573, 30.23806], [-90.86583, 30.23782], [-90.86405, 30.23727], [-90.86316, 30.23655], [-90.86316, 30.23704], [-90.86431, 30.23755], [-90.86496, 30.23861], [-90.86566, 30.2386], [-90.86573, 30.23806]], [[-90.8662, 30.22177], [-90.86744, 30.22102], [-90.86745, 30.22045], [-90.86667, 30.22004], [-90.86608, 30.21926], [-90.86597, 30.21851], [-90.8663, 30.21761], [-90.86768, 30.21675], [-90.86973, 30.21679], [-90.87122, 30.21553], [-90.8729, 30.21313], [-90.84544, 30.21331], [-90.84542, 30.21552], [-90.84656, 30.2156], [-90.84767, 30.21605], [-90.84869, 30.21701], [-90.84884, 30.21812], [-90.84838, 30.21899], [-90.85, 30.21956], [-90.85516, 30.22255], [-90.85633, 30.22257], [-90.85911, 30.22169], [-90.861, 30.22155], [-90.86105, 30.2179], [-90.86183, 30.217], [-90.86305, 30.21663], [-90.86431, 30.21691], [-90.86506, 30.21758], [-90.86537, 30.21849], [-90.86546, 30.22201], [-90.86599, 30.22211], [-90.8662, 30.22177]], [[-90.87488, 30.2121], [-90.87757, 30.21131], [-90.86033, 30.19804], [-90.85932, 30.19824], [-90.85451, 30.19806], [-90.85366, 30.19751], [-90.85319, 30.19678], [-90.85329, 30.1942], [-90.85305, 30.19407], [-90.85171, 30.19499], [-90.85018, 30.19732], [-90.8494, 30.19908], [-90.8506, 30.19919], [-90.85165, 30.19983], [-90.85209, 30.20069], [-90.85207, 30.20217], [-90.85293, 30.20255], [-90.85357, 30.2033], [-90.85373, 30.20938], [-90.85986, 30.20937], [-90.8599, 30.20694], [-90.86016, 30.20622], [-90.86108, 30.20543], [-90.86235, 30.20522], [-90.86354, 30.20566], [-90.86418, 30.20643], [-90.86431, 30.20937], [-90.86828, 30.20936], [-90.86844, 30.20837], [-90.86909, 30.20762], [-90.87007, 30.20722], [-90.87128, 30.20729], [-90.87247, 30.20805], [-90.87292, 30.20929], [-90.87381, 30.20955], [-90.87458, 30.21021], [-90.87489, 30.2113], [-90.87458, 30.2122], [-90.87488, 30.2121]], [[-90.86987, 30.20002], [-90.87936, 30.20733], [-90.88027, 30.2067], [-90.88157, 30.20653], [-90.88238, 30.20588], [-90.88043, 30.20558], [-90.87806, 30.20567], [-90.87689, 30.20511], [-90.87625, 30.20442], [-90.87592, 30.20334], [-90.8759, 30.19563], [-90.8738, 30.19571], [-90.87249, 30.19492], [-90.87147, 30.19522], [-90.86961, 30.19518], [-90.86868, 30.19471], [-90.8681, 30.19387], [-90.86638, 30.19398], [-90.8647, 30.19293], [-90.86433, 30.19416], [-90.86323, 30.19491], [-90.86987, 30.20002]], [[-90.87263, 30.18776], [-90.87368, 30.18647], [-90.87439, 30.18604], [-90.87546, 30.18589], [-90.87666, 30.1863], [-90.87732, 30.18705], [-90.8775, 30.18788], [-90.87886, 30.18839], [-90.87979, 30.18949], [-90.88003, 30.19058], [-90.87981, 30.19189], [-90.88035, 30.19333], [-90.88035, 30.19517], [-90.8815, 30.19555], [-90.88218, 30.19628], [-90.88429, 30.196], [-90.88441, 30.18595], [-90.88341, 30.18523], [-90.88302, 30.18411], [-90.88341, 30.18304], [-90.88441, 30.18233], [-90.88444, 30.1791], [-90.88491, 30.17793], [-90.87737, 30.17442], [-90.8673, 30.18614], [-90.86846, 30.18678], [-90.86895, 30.18774], [-90.87263, 30.18776]], [[-90.86942, 30.17211], [-90.87028, 30.17218], [-90.87105, 30.17254], [-90.87102, 30.1721], [-90.86893, 30.17147], [-90.86895, 30.17219], [-90.86942, 30.17211]], [[-90.87209, 30.16802], [-90.876, 30.16924], [-90.87845, 30.1664], [-90.87557, 30.16026], [-90.87198, 30.16324], [-90.87069, 30.16369], [-90.86976, 30.1636], [-90.86885, 30.16317], [-90.86664, 30.16073], [-90.86651, 30.15936], [-90.86739, 30.15771], [-90.86833, 30.15724], [-90.86993, 30.15713], [-90.87025, 30.156], [-90.87121, 30.15525], [-90.87227, 30.15507], [-90.87337, 30.15538], [-90.8722, 30.15134], [-90.8519, 30.15099], [-90.84929, 30.15015], [-90.84228, 30.14676], [-90.84156, 30.14605], [-90.84132, 30.14513], [-90.84199, 30.14378], [-90.84358, 30.14323], [-90.84443, 30.14339], [-90.84836, 30.14528], [-90.84839, 30.1186], [-90.84922, 30.11731], [-90.85086, 30.1169], [-90.8522, 30.11748], [-90.85282, 30.11867], [-90.85283, 30.14719], [-90.87149, 30.14752], [-90.8673, 30.12436], [-90.86652, 30.12448], [-90.86576, 30.12554], [-90.86458, 30.12598], [-90.85865, 30.12601], [-90.85631, 30.1257], [-90.85554, 30.12503], [-90.85522, 30.12414], [-90.85553, 30.12304], [-90.85668, 30.12221], [-90.86228, 30.12214], [-90.86291, 30.12145], [-90.86378, 30.12103], [-90.86665, 30.12053], [-90.86654, 30.11734], [-90.86712, 30.114], [-90.86826, 30.11125], [-90.87003, 30.10845], [-90.85223, 30.10282], [-90.85168, 30.10351], [-90.85079, 30.104], [-90.84972, 30.10411], [-90.84873, 30.10385], [-90.84771, 30.10278], [-90.84769, 30.10127], [-90.84364, 30.0992], [-90.84152, 30.09774], [-90.82981, 30.0878], [-90.82903, 30.08835], [-90.8282, 30.08855], [-90.82658, 30.08808], [-90.82596, 30.0873], [-90.82582, 30.08656], [-90.82602, 30.08582], [-90.82663, 30.08509], [-90.82195, 30.08078], [-90.80443, 30.05937], [-90.80139, 30.05669], [-90.79363, 30.05134], [-90.7917, 30.05168], [-90.79032, 30.05119], [-90.7896, 30.05005], [-90.78989, 30.04876], [-90.78729, 30.04697], [-90.78507, 30.0461], [-90.78275, 30.04575], [-90.78183, 30.04662], [-90.78035, 30.04684], [-90.7792, 30.04633], [-90.77856, 30.04531], [-90.777, 30.04514], [-90.77669, 30.04691], [-90.77575, 30.04793], [-90.77429, 30.04821], [-90.77291, 30.04756], [-90.77144, 30.05765], [-90.77051, 30.05867], [-90.76905, 30.05895], [-90.76757, 30.05822], [-90.76711, 30.05698], [-90.76897, 30.04425], [-90.75497, 30.04272], [-90.75477, 30.04343], [-90.75831, 30.04392], [-90.75919, 30.04446], [-90.75968, 30.0453], [-90.75965, 30.04624], [-90.75926, 30.04691], [-90.75841, 30.04749], [-90.75749, 30.04765], [-90.7569, 30.05104], [-90.75792, 30.0518], [-90.75823, 30.05308], [-90.7577, 30.0541], [-90.75626, 30.05474], [-90.7562, 30.05512], [-90.75752, 30.05575], [-90.75858, 30.05731], [-90.75873, 30.05824], [-90.75838, 30.05965], [-90.75913, 30.06036], [-90.75938, 30.06147], [-90.75912, 30.06219], [-90.75838, 30.06288], [-90.757, 30.0632], [-90.75586, 30.06395], [-90.75482, 30.06403], [-90.75384, 30.06757], [-90.75315, 30.06827], [-90.75212, 30.06867], [-90.7517, 30.07225], [-90.75063, 30.07487], [-90.75003, 30.07565], [-90.74907, 30.07609], [-90.74799, 30.07608], [-90.74704, 30.07564], [-90.74644, 30.07485], [-90.74634, 30.07392], [-90.74732, 30.07134], [-90.74721, 30.07031], [-90.74793, 30.06624], [-90.74867, 30.06532], [-90.74994, 30.06486], [-90.75035, 30.06359], [-90.74901, 30.06327], [-90.74819, 30.0624], [-90.74802, 30.06105], [-90.74844, 30.0601], [-90.74841, 30.05898], [-90.7495, 30.05749], [-90.74936, 30.05667], [-90.74969, 30.05578], [-90.75047, 30.05512], [-90.75175, 30.05478], [-90.75185, 30.05424], [-90.75097, 30.05412], [-90.75016, 30.05486], [-90.74891, 30.05513], [-90.74788, 30.05486], [-90.74663, 30.05392], [-90.74605, 30.05309], [-90.74564, 30.05162], [-90.74435, 30.05132], [-90.74351, 30.05047], [-90.74144, 30.04438], [-90.74034, 30.04493], [-90.742, 30.04852], [-90.74191, 30.04983], [-90.74264, 30.05293], [-90.74233, 30.05396], [-90.74151, 30.05472], [-90.73634, 30.05641], [-90.73527, 30.05627], [-90.73427, 30.05556], [-90.73391, 30.0543], [-90.7344, 30.05326], [-90.73507, 30.05278], [-90.73787, 30.05182], [-90.73581, 30.04716], [-90.7344, 30.04785], [-90.73458, 30.04914], [-90.73359, 30.05035], [-90.73192, 30.05059], [-90.73054, 30.04974], [-90.72961, 30.0502], [-90.72954, 30.05152], [-90.72853, 30.05248], [-90.72705, 30.05267], [-90.72581, 30.05204], [-90.71646, 30.05664], [-90.71643, 30.05799], [-90.71544, 30.05896], [-90.71396, 30.05917], [-90.71265, 30.0585], [-90.70622, 30.06164], [-90.70943, 30.06711], [-90.70936, 30.06786], [-90.70883, 30.06868], [-90.70791, 30.06918], [-90.70694, 30.06925], [-90.7064, 30.06993], [-90.70775, 30.07257], [-90.70736, 30.07531], [-90.73254, 30.09463], [-90.73916, 30.10058], [-90.74628, 30.10521], [-90.79885, 30.1455], [-90.80053, 30.14599], [-90.80458, 30.14909], [-90.80559, 30.14808], [-90.79997, 30.14377], [-90.798, 30.14291], [-90.79725, 30.14224], [-90.79703, 30.14077], [-90.79789, 30.1397], [-90.79955, 30.13937], [-90.80238, 30.1405], [-90.80855, 30.14519], [-90.81752, 30.13609], [-90.83101, 30.12386], [-90.83206, 30.12351], [-90.84263, 30.12255], [-90.84426, 30.12297], [-90.84491, 30.12372], [-90.84504, 30.12484], [-90.84459, 30.12569], [-90.84372, 30.12626], [-90.83335, 30.12729], [-90.82078, 30.13872], [-90.81329, 30.14637], [-90.81431, 30.14714], [-90.81478, 30.14799], [-90.81473, 30.14893], [-90.81417, 30.14974], [-90.81345, 30.15016], [-90.81238, 30.1503], [-90.81155, 30.15008], [-90.81035, 30.14928], [-90.80784, 30.15171], [-90.82033, 30.15387], [-90.87209, 30.16802]], [[-90.8736, 30.10496], [-90.87721, 30.10281], [-90.88116, 30.10142], [-90.89535, 30.0989], [-90.89549, 30.09742], [-90.89679, 30.09646], [-90.89962, 30.09601], [-90.9011, 30.09629], [-90.90271, 30.09714], [-90.90414, 30.09671], [-90.90356, 30.09594], [-90.90343, 30.09519], [-90.90375, 30.09429], [-90.90436, 30.09372], [-90.90415, 30.09293], [-90.90315, 30.09269], [-90.89773, 30.09484], [-90.8968, 30.09496], [-90.89584, 30.09471], [-90.89176, 30.09637], [-90.8901, 30.09604], [-90.8892, 30.09478], [-90.88937, 30.09367], [-90.89022, 30.09282], [-90.90045, 30.08846], [-90.90062, 30.08734], [-90.9012, 30.08665], [-90.90217, 30.08613], [-90.902, 30.08567], [-90.89655, 30.089], [-90.89549, 30.08917], [-90.89446, 30.08888], [-90.89347, 30.08767], [-90.89375, 30.08621], [-90.89834, 30.08319], [-90.89756, 30.08244], [-90.89612, 30.08199], [-90.8954, 30.08099], [-90.89441, 30.08097], [-90.89206, 30.08027], [-90.89083, 30.08148], [-90.88907, 30.08167], [-90.88481, 30.08712], [-90.88398, 30.08753], [-90.88299, 30.08759], [-90.87227, 30.08422], [-90.86907, 30.08361], [-90.86797, 30.08274], [-90.86264, 30.08196], [-90.86149, 30.08113], [-90.8612, 30.0799], [-90.85368, 30.09916], [-90.86522, 30.10281], [-90.87756, 30.08983], [-90.87885, 30.08897], [-90.88034, 30.08893], [-90.8811, 30.08931], [-90.88172, 30.09007], [-90.88187, 30.09082], [-90.88158, 30.09172], [-90.86967, 30.10422], [-90.87316, 30.10531], [-90.8736, 30.10496]], [[-90.8595, 30.05652], [-90.86099, 30.05643], [-90.86199, 30.05512], [-90.86287, 30.05457], [-90.86394, 30.05444], [-90.8648, 30.05469], [-90.86659, 30.052], [-90.86756, 30.05158], [-90.86875, 30.05165], [-90.87142, 30.04676], [-90.87225, 30.04616], [-90.87309, 30.04597], [-90.87395, 30.04608], [-90.87485, 30.0466], [-90.8753, 30.04724], [-90.87542, 30.04818], [-90.87098, 30.05671], [-90.8712, 30.05687], [-90.87204, 30.0556], [-90.87312, 30.05476], [-90.8742, 30.05442], [-90.87518, 30.05451], [-90.87604, 30.05494], [-90.87666, 30.05567], [-90.87683, 30.05643], [-90.87897, 30.05601], [-90.87958, 30.05399], [-90.88035, 30.05332], [-90.88116, 30.05307], [-90.88307, 30.05346], [-90.88383, 30.05411], [-90.88418, 30.05495], [-90.88491, 30.05495], [-90.88666, 30.04941], [-90.88731, 30.04891], [-90.88835, 30.04864], [-90.88921, 30.04876], [-90.89007, 30.04927], [-90.89548, 30.03086], [-90.89643, 30.02986], [-90.89812, 30.02964], [-90.89936, 30.03037], [-90.89977, 30.03181], [-90.89307, 30.05457], [-90.8946, 30.05576], [-90.89473, 30.05734], [-90.89819, 30.05852], [-90.90102, 30.06028], [-90.90731, 30.06505], [-90.90862, 30.06677], [-90.92863, 30.04318], [-90.9284, 30.0425], [-90.91391, 30.02738], [-90.91183, 30.02479], [-90.89211, 30.00419], [-90.87757, 30.00959], [-90.87705, 30.00988], [-90.8775, 30.01083], [-90.87748, 30.01177], [-90.87645, 30.01295], [-90.87519, 30.0132], [-90.87408, 30.01287], [-90.87265, 30.01344], [-90.8578, 30.0196], [-90.85756, 30.02069], [-90.85666, 30.0215], [-90.85518, 30.0217], [-90.85401, 30.02116], [-90.85176, 30.02208], [-90.85145, 30.02282], [-90.85072, 30.02345], [-90.84561, 30.02558], [-90.84553, 30.02585], [-90.84681, 30.02669], [-90.84729, 30.02782], [-90.84712, 30.02893], [-90.84623, 30.0298], [-90.84648, 30.03053], [-90.84692, 30.03095], [-90.84874, 30.03078], [-90.84978, 30.03104], [-90.85055, 30.0317], [-90.85117, 30.03301], [-90.85093, 30.03402], [-90.84995, 30.03488], [-90.84949, 30.03582], [-90.84642, 30.03774], [-90.84657, 30.0383], [-90.85593, 30.03219], [-90.85603, 30.03073], [-90.85678, 30.02982], [-90.88325, 30.01235], [-90.88424, 30.01199], [-90.88511, 30.01202], [-90.88607, 30.01245], [-90.88668, 30.01323], [-90.88675, 30.01435], [-90.88609, 30.01532], [-90.86428, 30.02973], [-90.86442, 30.03074], [-90.86387, 30.03175], [-90.85795, 30.03571], [-90.85848, 30.03684], [-90.85819, 30.03793], [-90.8561, 30.03952], [-90.85612, 30.04046], [-90.85562, 30.0413], [-90.85337, 30.04286], [-90.85424, 30.04314], [-90.85498, 30.04382], [-90.85525, 30.04454], [-90.85511, 30.04547], [-90.85465, 30.04611], [-90.8513, 30.04861], [-90.8505, 30.04965], [-90.85061, 30.04988], [-90.85162, 30.04924], [-90.85247, 30.04908], [-90.85405, 30.04963], [-90.85455, 30.05025], [-90.85473, 30.05117], [-90.85425, 30.05222], [-90.85283, 30.05332], [-90.85339, 30.05408], [-90.8595, 30.05652]], [[-90.87361, 30.00644], [-90.87357, 30.00532], [-90.87406, 30.00442], [-90.87476, 30.00388], [-90.87665, 30.00315], [-90.87513, 29.99975], [-90.85461, 30.00731], [-90.85557, 30.00777], [-90.8562, 30.00872], [-90.86134, 30.00673], [-90.86284, 30.00676], [-90.86357, 30.00717], [-90.86414, 30.00797], [-90.86425, 30.00871], [-90.86394, 30.00955], [-90.86516, 30.00933], [-90.86619, 30.00962], [-90.86703, 30.01047], [-90.86721, 30.01142], [-90.87186, 30.0095], [-90.87204, 30.00807], [-90.87276, 30.00738], [-90.87386, 30.00694], [-90.87361, 30.00644]], [[-90.87976, 29.99947], [-90.88182, 30.00379], [-90.88916, 30.00107], [-90.88475, 29.99614], [-90.87924, 29.99827], [-90.87976, 29.99947]], [[-90.90144, 30.11153], [-90.88726, 30.1143], [-90.88567, 30.11378], [-90.88497, 30.11243], [-90.8853, 30.11134], [-90.88648, 30.11053], [-90.90379, 30.1071], [-90.90336, 30.10638], [-90.87365, 30.11222], [-90.8724, 30.11315], [-90.87205, 30.11394], [-90.87166, 30.11503], [-90.88055, 30.11344], [-90.88192, 30.11397], [-90.88256, 30.11494], [-90.88238, 30.11624], [-90.8813, 30.11714], [-90.87117, 30.11914], [-90.8737, 30.13359], [-90.87782, 30.13319], [-90.87893, 30.13376], [-90.87949, 30.13478], [-90.87931, 30.13589], [-90.87845, 30.13672], [-90.87439, 30.13742], [-90.87672, 30.15031], [-90.87799, 30.15015], [-90.87992, 30.15086], [-90.8834, 30.15424], [-90.88435, 30.15318], [-90.88582, 30.15291], [-90.88682, 30.15326], [-90.88791, 30.15457], [-90.88868, 30.15483], [-90.91265, 30.12702], [-90.9115, 30.12452], [-90.88723, 30.13563], [-90.88573, 30.13569], [-90.88453, 30.13491], [-90.8842, 30.13346], [-90.88515, 30.13223], [-90.90984, 30.12091], [-90.90957, 30.11995], [-90.90534, 30.12064], [-90.90368, 30.12018], [-90.90278, 30.11912], [-90.90196, 30.11609], [-90.90215, 30.1148], [-90.90334, 30.11379], [-90.90823, 30.11274], [-90.9077, 30.11029], [-90.90144, 30.11153]], [[-90.91206, 30.30437], [-90.91284, 30.30324], [-90.91236, 30.30192], [-90.91102, 30.30092], [-90.90701, 30.30094], [-90.90709, 30.3049], [-90.91153, 30.30488], [-90.91206, 30.30437]], [[-90.91453, 30.24542], [-90.91482, 30.24542], [-90.91383, 30.24519], [-90.91368, 30.24543], [-90.91453, 30.24542]], [[-90.90692, 30.21363], [-90.91034, 30.21365], [-90.91097, 30.21293], [-90.90617, 30.21298], [-90.90618, 30.21354], [-90.90692, 30.21363]], [[-90.90635, 30.20659], [-90.90683, 30.20554], [-90.90789, 30.20491], [-90.90919, 30.20489], [-90.91023, 30.20547], [-90.91159, 30.20368], [-90.91271, 30.20312], [-90.91445, 30.20332], [-90.91557, 30.20454], [-90.91655, 30.20423], [-90.9151, 30.20357], [-90.91456, 30.20216], [-90.9149, 30.20127], [-90.91568, 30.20062], [-90.91811, 30.20034], [-90.91795, 30.19389], [-90.89298, 30.18183], [-90.89294, 30.18287], [-90.89237, 30.18367], [-90.89144, 30.18414], [-90.89041, 30.18421], [-90.89106, 30.185], [-90.89506, 30.185], [-90.89589, 30.18522], [-90.8969, 30.18618], [-90.89698, 30.18749], [-90.89643, 30.18829], [-90.89529, 30.18883], [-90.88891, 30.18888], [-90.88879, 30.19235], [-90.88941, 30.19301], [-90.88964, 30.19374], [-90.88918, 30.19506], [-90.89325, 30.19523], [-90.89437, 30.19479], [-90.89545, 30.19485], [-90.89686, 30.19377], [-90.89787, 30.19343], [-90.89894, 30.19355], [-90.8998, 30.19407], [-90.90137, 30.19402], [-90.9016, 30.19288], [-90.90249, 30.19207], [-90.90375, 30.19182], [-90.90496, 30.19222], [-90.90553, 30.19279], [-90.90582, 30.1937], [-90.90627, 30.20841], [-90.90635, 30.20659]], [[-90.90726, 30.1798], [-90.90906, 30.18058], [-90.9099, 30.1815], [-90.91056, 30.18182], [-90.91064, 30.17981], [-90.91106, 30.17915], [-90.91187, 30.17862], [-90.91066, 30.17682], [-90.89718, 30.17711], [-90.8969, 30.17857], [-90.90211, 30.18109], [-90.90263, 30.17975], [-90.90381, 30.17895], [-90.9051, 30.17892], [-90.90641, 30.17979], [-90.90726, 30.1798]], [[-90.90881, 30.17252], [-90.90866, 30.17299], [-90.90969, 30.17297], [-90.9092, 30.17263], [-90.90881, 30.17252]], [[-90.90627, 30.16867], [-90.90632, 30.16773], [-90.90688, 30.16692], [-90.90899, 30.16617], [-90.90917, 30.16557], [-90.90804, 30.16469], [-90.90777, 30.16334], [-90.90818, 30.16248], [-90.90908, 30.16182], [-90.90889, 30.16031], [-90.90925, 30.15878], [-90.90989, 30.15802], [-90.91068, 30.15766], [-90.91071, 30.15526], [-90.91158, 30.1523], [-90.89793, 30.15341], [-90.89524, 30.15429], [-90.89345, 30.15575], [-90.88947, 30.16034], [-90.89004, 30.1609], [-90.90056, 30.16656], [-90.90127, 30.1678], [-90.90131, 30.17057], [-90.90216, 30.17043], [-90.90258, 30.16953], [-90.90343, 30.16894], [-90.90479, 30.1688], [-90.90631, 30.16947], [-90.90627, 30.16867]], [[-90.91434, 30.14021], [-90.91457, 30.13945], [-90.91353, 30.13876], [-90.91305, 30.13772], [-90.91324, 30.13672], [-90.91456, 30.13433], [-90.91382, 30.1335], [-90.9137, 30.13237], [-90.89894, 30.14941], [-90.91177, 30.1484], [-90.91434, 30.14021]], [[-90.91506, 30.13077], [-90.91477, 30.1311], [-90.91517, 30.13095], [-90.91506, 30.13077]], [[-90.91588, 30.29613], [-90.9165, 30.29551], [-90.91522, 30.29551], [-90.91547, 30.29701], [-90.91588, 30.29613]], [[-90.9181, 30.20434], [-90.91813, 30.20421], [-90.91755, 30.20422], [-90.91789, 30.20428], [-90.9181, 30.20434]], [[-90.92142, 30.17265], [-90.9211, 30.17141], [-90.92086, 30.17135], [-90.92084, 30.17196], [-90.92177, 30.174], [-90.92142, 30.17265]], [[-90.9206, 30.14673], [-90.92214, 30.13773], [-90.91886, 30.13547], [-90.91821, 30.13666], [-90.91914, 30.13755], [-90.91936, 30.13877], [-90.9165, 30.14803], [-90.92042, 30.14772], [-90.9206, 30.14673]], [[-90.9274, 30.257], [-90.92735, 30.25672], [-90.92698, 30.25751], [-90.92724, 30.25763], [-90.9274, 30.257]], [[-90.92899, 30.25182], [-90.92874, 30.25171], [-90.92863, 30.25164], [-90.92899, 30.25204], [-90.92899, 30.25182]], [[-90.92711, 30.24997], [-90.92708, 30.2493], [-90.92651, 30.2493], [-90.92693, 30.24978], [-90.92711, 30.24997]], [[-90.91785, 30.18871], [-90.91803, 30.18698], [-90.91479, 30.18724], [-90.91703, 30.18832], [-90.91785, 30.18871]], [[-90.9156, 30.26749], [-90.91575, 30.26749], [-90.91566, 30.26683], [-90.91562, 30.26684], [-90.9156, 30.26749]], [[-90.91668, 30.24536], [-90.91654, 30.24541], [-90.9171, 30.24541], [-90.91695, 30.24524], [-90.91668, 30.24536]], [[-90.90922, 30.23045], [-90.90919, 30.23007], [-90.90832, 30.22964], [-90.90897, 30.23022], [-90.90922, 30.23045]], [[-90.89233, 30.10349], [-90.88253, 30.10526], [-90.87945, 30.10636], [-90.87744, 30.10749], [-90.90401, 30.1023], [-90.90389, 30.10143], [-90.89233, 30.10349]], [[-90.92177, 30.09379], [-90.92385, 30.09232], [-90.923, 30.09125], [-90.91866, 30.09418], [-90.91878, 30.09457], [-90.92177, 30.09379]], [[-90.92007, 30.09896], [-90.92007, 30.09899], [-90.92079, 30.09848], [-90.91996, 30.09862], [-90.92007, 30.09896]], [[-90.89137, 30.29314], [-90.89129, 30.29337], [-90.89199, 30.29338], [-90.89198, 30.29311], [-90.89137, 30.29314]], [[-90.89534, 30.28816], [-90.89642, 30.28701], [-90.89747, 30.28679], [-90.8985, 30.28701], [-90.89961, 30.28623], [-90.89514, 30.28625], [-90.89512, 30.28773], [-90.89453, 30.28909], [-90.89527, 30.28905], [-90.89534, 30.28816]], [[-90.88946, 30.2867], [-90.88966, 30.28661], [-90.88965, 30.28628], [-90.88952, 30.28628], [-90.88946, 30.2867]], [[-90.88976, 30.26712], [-90.88959, 30.2671], [-90.8896, 30.26759], [-90.8899, 30.26759], [-90.88976, 30.26712]], [[-90.89623, 30.25226], [-90.89697, 30.25183], [-90.89614, 30.25136], [-90.89473, 30.25199], [-90.89238, 30.25171], [-90.89327, 30.25209], [-90.89393, 30.25285], [-90.89576, 30.25285], [-90.89623, 30.25226]], [[-90.88971, 30.24556], [-90.89256, 30.24554], [-90.89205, 30.2447], [-90.89212, 30.24358], [-90.89257, 30.24294], [-90.89379, 30.24211], [-90.88775, 30.24216], [-90.8876, 30.24302], [-90.88713, 30.24366], [-90.88556, 30.24425], [-90.88398, 30.24371], [-90.88348, 30.24309], [-90.88329, 30.2422], [-90.87233, 30.24238], [-90.87236, 30.24586], [-90.87446, 30.24581], [-90.87493, 30.24505], [-90.87562, 30.24459], [-90.87839, 30.24405], [-90.88004, 30.2445], [-90.88093, 30.24567], [-90.88971, 30.24556]], [[-90.89627, 30.23495], [-90.89685, 30.23595], [-90.89683, 30.23823], [-90.89834, 30.23821], [-90.89755, 30.23769], [-90.89714, 30.23703], [-90.89682, 30.23442], [-90.89543, 30.23375], [-90.8949, 30.23242], [-90.89288, 30.23256], [-90.89287, 30.23386], [-90.89448, 30.23391], [-90.89627, 30.23495]], [[-90.89586, 30.22785], [-90.8959, 30.2254], [-90.89286, 30.22307], [-90.89269, 30.22383], [-90.89462, 30.22494], [-90.89529, 30.22567], [-90.89556, 30.22859], [-90.89577, 30.22863], [-90.89586, 30.22785]], [[-90.89728, 30.21965], [-90.89695, 30.21919], [-90.89563, 30.21873], [-90.89495, 30.2179], [-90.89459, 30.2133], [-90.88716, 30.21335], [-90.8973, 30.22111], [-90.89728, 30.21965]], [[-90.89483, 30.20582], [-90.89584, 30.20579], [-90.89584, 30.20315], [-90.89677, 30.20191], [-90.89844, 30.2016], [-90.89989, 30.20243], [-90.90155, 30.2019], [-90.90147, 30.19789], [-90.90053, 30.19792], [-90.89985, 30.19857], [-90.89884, 30.1989], [-90.89097, 30.19903], [-90.89178, 30.19947], [-90.89227, 30.2001], [-90.89228, 30.20158], [-90.89127, 30.20255], [-90.89009, 30.20303], [-90.8887, 30.20309], [-90.88869, 30.20327], [-90.89112, 30.20347], [-90.8938, 30.20581], [-90.89483, 30.20582]], [[-90.90256, 30.30158], [-90.90255, 30.30097], [-90.90212, 30.30097], [-90.90256, 30.3016], [-90.90256, 30.30158]], [[-90.90012, 30.29681], [-90.89948, 30.2967], [-90.8989, 30.29645], [-90.89894, 30.29711], [-90.90064, 30.2971], [-90.90072, 30.29676], [-90.90012, 30.29681]], [[-90.89973, 30.25974], [-90.89871, 30.25943], [-90.89809, 30.2589], [-90.89771, 30.25782], [-90.89811, 30.25672], [-90.89725, 30.2567], [-90.89722, 30.26023], [-90.9014, 30.2602], [-90.9014, 30.25975], [-90.89973, 30.25974]], [[-90.90997, 30.25662], [-90.90997, 30.25663], [-90.91008, 30.25662], [-90.90997, 30.25662]], [[-90.90683, 30.28811], [-90.90945, 30.28824], [-90.90944, 30.28616], [-90.90683, 30.28618], [-90.90683, 30.28811]], [[-90.89795, 30.24342], [-90.89834, 30.24358], [-90.89881, 30.24391], [-90.89872, 30.24353], [-90.89795, 30.24342]], [[-90.89953, 30.24523], [-90.8994, 30.24505], [-90.89943, 30.24551], [-90.89968, 30.24551], [-90.89953, 30.24523]], [[-90.89793, 30.30608], [-90.89802, 30.30608], [-90.89791, 30.30605], [-90.89793, 30.30608]], [[-90.89378, 30.17356], [-90.89444, 30.17337], [-90.89444, 30.1725], [-90.89314, 30.17181], [-90.89267, 30.17039], [-90.89318, 30.16936], [-90.89443, 30.16871], [-90.89444, 30.16778], [-90.88671, 30.16347], [-90.88371, 30.16686], [-90.8832, 30.1679], [-90.88233, 30.16852], [-90.88039, 30.17085], [-90.89027, 30.17536], [-90.89378, 30.17356]], [[-90.88977, 30.22116], [-90.89037, 30.22115], [-90.88884, 30.21998], [-90.88887, 30.22115], [-90.88977, 30.22116]], [[-90.88281, 30.23486], [-90.88123, 30.23395], [-90.88056, 30.23274], [-90.87651, 30.23285], [-90.87287, 30.23125], [-90.87199, 30.23127], [-90.87201, 30.2318], [-90.87325, 30.23221], [-90.87404, 30.23324], [-90.87526, 30.23382], [-90.87658, 30.23308], [-90.87826, 30.23335], [-90.87909, 30.2342], [-90.87929, 30.23547], [-90.88247, 30.23592], [-90.88376, 30.23497], [-90.88281, 30.23486]], [[-90.87248, 30.22331], [-90.87414, 30.22397], [-90.87526, 30.22342], [-90.87675, 30.22357], [-90.87776, 30.22447], [-90.87934, 30.22507], [-90.87987, 30.22589], [-90.87988, 30.22689], [-90.88014, 30.22696], [-90.88021, 30.22537], [-90.88103, 30.22432], [-90.88102, 30.22388], [-90.87943, 30.22395], [-90.87829, 30.22363], [-90.87727, 30.2227], [-90.87693, 30.22178], [-90.87698, 30.21835], [-90.87752, 30.21754], [-90.8786, 30.21695], [-90.87617, 30.21582], [-90.87594, 30.21596], [-90.87508, 30.21748], [-90.87556, 30.21868], [-90.87499, 30.2216], [-90.87444, 30.22233], [-90.87373, 30.22273], [-90.87186, 30.22279], [-90.87186, 30.22318], [-90.87248, 30.22331]], [[-90.88426, 30.20578], [-90.88426, 30.20572], [-90.88412, 30.20573], [-90.88413, 30.20573], [-90.88426, 30.20578]], [[-90.87972, 30.15679], [-90.87921, 30.15722], [-90.88171, 30.16277], [-90.88373, 30.16049], [-90.8799, 30.15664], [-90.87972, 30.15679]], [[-90.88968, 30.18023], [-90.88951, 30.18033], [-90.88989, 30.18033], [-90.88968, 30.18023]], [[-90.88899, 30.22502], [-90.88765, 30.22501], [-90.88769, 30.22677], [-90.88898, 30.22652], [-90.88899, 30.22502]], [[-90.88145, 30.2574], [-90.88497, 30.25718], [-90.88496, 30.25676], [-90.88095, 30.25682], [-90.88095, 30.25733], [-90.88145, 30.2574]], [[-90.88151, 30.24969], [-90.8816, 30.24963], [-90.88181, 30.24952], [-90.88142, 30.24953], [-90.88151, 30.24969]], [[-90.8847, 30.25012], [-90.88508, 30.251], [-90.88513, 30.25289], [-90.88569, 30.25288], [-90.88561, 30.25069], [-90.88485, 30.24947], [-90.88384, 30.24948], [-90.8847, 30.25012]], [[-90.89211, 30.25166], [-90.8919, 30.2516], [-90.8919, 30.2516], [-90.89221, 30.25168], [-90.89211, 30.25166]], [[-90.87344, 30.24974], [-90.87344, 30.2497], [-90.87289, 30.24972], [-90.87344, 30.24987], [-90.87344, 30.24974]], [[-90.86176, 30.07884], [-90.86287, 30.07826], [-90.86442, 30.07832], [-90.86481, 30.07732], [-90.86552, 30.07665], [-90.86628, 30.0729], [-90.8658, 30.07195], [-90.86603, 30.07077], [-90.86488, 30.07086], [-90.86363, 30.07399], [-90.86299, 30.07472], [-90.863, 30.07592], [-90.8625, 30.07758], [-90.86172, 30.07856], [-90.86149, 30.07916], [-90.86176, 30.07884]], [[-90.87057, 30.07928], [-90.8717, 30.08017], [-90.87375, 30.08054], [-90.88258, 30.08331], [-90.88588, 30.07882], [-90.88454, 30.07762], [-90.88373, 30.07828], [-90.88246, 30.07851], [-90.88144, 30.0782], [-90.88062, 30.07733], [-90.88054, 30.07603], [-90.8826, 30.07159], [-90.8821, 30.07087], [-90.88198, 30.07008], [-90.88122, 30.07111], [-90.87981, 30.07154], [-90.87876, 30.07131], [-90.87809, 30.07083], [-90.87762, 30.06936], [-90.87135, 30.07014], [-90.86956, 30.07907], [-90.87057, 30.07928]], [[-90.80829, 30.25338], [-90.80607, 30.25314], [-90.80505, 30.25245], [-90.80466, 30.25101], [-90.80539, 30.24987], [-90.80678, 30.24939], [-90.80894, 30.24945], [-90.81064, 30.25001], [-90.81801, 30.24996], [-90.81699, 30.2491], [-90.81678, 30.24781], [-90.81765, 30.24665], [-90.81787, 30.24539], [-90.819, 30.24451], [-90.81964, 30.24313], [-90.82099, 30.24257], [-90.82431, 30.24252], [-90.82559, 30.24156], [-90.8276, 30.24106], [-90.82835, 30.23971], [-90.82959, 30.23896], [-90.82973, 30.23836], [-90.82935, 30.23712], [-90.82997, 30.23593], [-90.83131, 30.23535], [-90.83314, 30.23558], [-90.83551, 30.23424], [-90.83586, 30.23375], [-90.83482, 30.23311], [-90.83433, 30.23197], [-90.83372, 30.23161], [-90.83163, 30.23147], [-90.83037, 30.23055], [-90.83005, 30.22973], [-90.83018, 30.2288], [-90.8308, 30.22803], [-90.83178, 30.22759], [-90.8314, 30.22613], [-90.83045, 30.226], [-90.82956, 30.22546], [-90.82908, 30.22462], [-90.82899, 30.22264], [-90.828, 30.22261], [-90.82705, 30.22216], [-90.82646, 30.22138], [-90.82633, 30.22059], [-90.82365, 30.22065], [-90.82311, 30.22242], [-90.82248, 30.22294], [-90.82157, 30.22323], [-90.82158, 30.22532], [-90.82035, 30.2269], [-90.81914, 30.2273], [-90.81792, 30.22706], [-90.81706, 30.22782], [-90.81601, 30.22807], [-90.81496, 30.22785], [-90.81427, 30.22738], [-90.81379, 30.22654], [-90.81373, 30.22555], [-90.81277, 30.22549], [-90.81182, 30.22499], [-90.81183, 30.2265], [-90.81126, 30.2275], [-90.80992, 30.22809], [-90.80845, 30.22781], [-90.80746, 30.22661], [-90.80728, 30.2225], [-90.80609, 30.22161], [-90.80562, 30.22089], [-90.80412, 30.22095], [-90.80365, 30.22133], [-90.8037, 30.22785], [-90.80322, 30.2297], [-90.79304, 30.24718], [-90.79967, 30.25381], [-90.80931, 30.25376], [-90.80829, 30.25338]], [[-90.8473, 30.2829], [-90.84725, 30.28285], [-90.84686, 30.28307], [-90.8474, 30.28307], [-90.8473, 30.2829]], [[-90.84686, 30.27963], [-90.84703, 30.27972], [-90.8472, 30.27982], [-90.84721, 30.27961], [-90.84686, 30.27963]], [[-90.83087, 30.25366], [-90.83157, 30.25363], [-90.83166, 30.25152], [-90.83283, 30.25044], [-90.83389, 30.25027], [-90.83869, 30.25089], [-90.83958, 30.25015], [-90.84063, 30.24993], [-90.84168, 30.25016], [-90.84248, 30.2508], [-90.84283, 30.25169], [-90.84282, 30.25359], [-90.84356, 30.25358], [-90.84363, 30.25123], [-90.84501, 30.24978], [-90.84445, 30.24888], [-90.84326, 30.24857], [-90.84205, 30.24754], [-90.84037, 30.24801], [-90.83929, 30.24795], [-90.8381, 30.24715], [-90.83775, 30.24598], [-90.83626, 30.24618], [-90.83524, 30.24587], [-90.83434, 30.24483], [-90.83424, 30.24264], [-90.83179, 30.24266], [-90.83127, 30.24369], [-90.83036, 30.24447], [-90.82778, 30.24496], [-90.82506, 30.24801], [-90.82497, 30.25232], [-90.82442, 30.25313], [-90.82339, 30.25371], [-90.83087, 30.25366]], [[-90.84971, 30.23776], [-90.84997, 30.23549], [-90.85066, 30.23468], [-90.85182, 30.23413], [-90.85168, 30.23369], [-90.85056, 30.23342], [-90.84979, 30.23276], [-90.84946, 30.23187], [-90.84957, 30.23058], [-90.84786, 30.23081], [-90.84649, 30.22993], [-90.84618, 30.22903], [-90.84622, 30.22509], [-90.84486, 30.22532], [-90.84376, 30.22493], [-90.84243, 30.22507], [-90.84124, 30.22554], [-90.84142, 30.22717], [-90.84058, 30.23039], [-90.8415, 30.23182], [-90.84161, 30.23293], [-90.84113, 30.23378], [-90.84038, 30.23427], [-90.83911, 30.23654], [-90.83937, 30.23687], [-90.84112, 30.23687], [-90.84123, 30.23448], [-90.84231, 30.23334], [-90.8438, 30.23315], [-90.8451, 30.23385], [-90.8461, 30.23259], [-90.84774, 30.23218], [-90.84892, 30.23262], [-90.84963, 30.23357], [-90.84964, 30.23874], [-90.84971, 30.23776]], [[-90.8644, 30.28186], [-90.86432, 30.28088], [-90.86403, 30.28125], [-90.86404, 30.28274], [-90.86506, 30.28271], [-90.8644, 30.28186]], [[-90.85957, 30.28124], [-90.85956, 30.28095], [-90.85809, 30.28035], [-90.85738, 30.28119], [-90.85512, 30.28249], [-90.85513, 30.28297], [-90.85959, 30.28285], [-90.85957, 30.28124]], [[-90.86011, 30.2747], [-90.85991, 30.27471], [-90.85999, 30.27566], [-90.86045, 30.27564], [-90.8604, 30.2747], [-90.86011, 30.2747]], [[-90.87334, 30.2739], [-90.87346, 30.27372], [-90.87277, 30.27363], [-90.87279, 30.27392], [-90.87334, 30.2739]], [[-90.85661, 30.24986], [-90.85667, 30.24987], [-90.85671, 30.24982], [-90.85671, 30.24982], [-90.85661, 30.24986]], [[-90.85537, 30.24317], [-90.85537, 30.24259], [-90.85516, 30.24259], [-90.85515, 30.24317], [-90.85537, 30.24317]], [[-90.85078, 30.1833], [-90.85024, 30.18271], [-90.84999, 30.18179], [-90.85027, 30.18088], [-90.85101, 30.18019], [-90.85203, 30.17989], [-90.85377, 30.1799], [-90.8545, 30.179], [-90.85548, 30.17861], [-90.85994, 30.17861], [-90.85881, 30.17756], [-90.85852, 30.17665], [-90.85886, 30.17557], [-90.8599, 30.17454], [-90.85934, 30.17315], [-90.85981, 30.1716], [-90.86076, 30.17083], [-90.86203, 30.17066], [-90.86321, 30.17112], [-90.86393, 30.17226], [-90.8645, 30.17192], [-90.86494, 30.17036], [-90.81906, 30.15783], [-90.81357, 30.15678], [-90.84843, 30.18352], [-90.85015, 30.1845], [-90.85114, 30.18351], [-90.85078, 30.1833]], [[-90.86635, 30.1803], [-90.86653, 30.18031], [-90.86715, 30.17959], [-90.86575, 30.1803], [-90.86635, 30.1803]], [[-90.84829, 30.20722], [-90.84844, 30.2061], [-90.84929, 30.20524], [-90.84932, 30.20375], [-90.84739, 30.20371], [-90.84595, 30.20704], [-90.84709, 30.2082], [-90.84799, 30.20804], [-90.84888, 30.20821], [-90.84829, 30.20722]], [[-90.82421, 30.21552], [-90.82516, 30.2143], [-90.82662, 30.21398], [-90.82763, 30.21431], [-90.82841, 30.21509], [-90.82972, 30.21471], [-90.83114, 30.21513], [-90.83187, 30.21606], [-90.83213, 30.21779], [-90.83719, 30.2166], [-90.84095, 30.21672], [-90.841, 30.21212], [-90.83956, 30.2119], [-90.83854, 30.21094], [-90.8384, 30.20982], [-90.83894, 30.20888], [-90.83873, 30.20658], [-90.8383, 30.20618], [-90.838, 30.20598], [-90.83507, 30.20603], [-90.83409, 30.20704], [-90.8322, 30.20762], [-90.83079, 30.20719], [-90.83002, 30.20614], [-90.82952, 30.20611], [-90.82865, 30.20675], [-90.82759, 30.20694], [-90.82637, 30.20656], [-90.82568, 30.20583], [-90.82556, 30.20412], [-90.826, 30.20325], [-90.82676, 30.20263], [-90.82796, 30.20221], [-90.83095, 30.2023], [-90.83149, 30.20185], [-90.83074, 30.20126], [-90.8304, 30.20056], [-90.83045, 30.19963], [-90.83096, 30.19885], [-90.83064, 30.19846], [-90.82329, 30.19852], [-90.8184, 30.19973], [-90.81858, 30.20081], [-90.81835, 30.20195], [-90.81976, 30.20303], [-90.82119, 30.20307], [-90.822, 30.20336], [-90.82289, 30.20441], [-90.82272, 30.20588], [-90.82217, 30.20646], [-90.82121, 30.20686], [-90.82196, 30.20767], [-90.82236, 30.20885], [-90.8227, 30.21681], [-90.82416, 30.21677], [-90.82421, 30.21552]], [[-90.84099, 30.20169], [-90.84033, 30.20117], [-90.83993, 30.20029], [-90.84044, 30.19849], [-90.83621, 30.19845], [-90.83644, 30.20213], [-90.83939, 30.20228], [-90.84162, 30.2036], [-90.84099, 30.20169]], [[-90.81174, 30.22236], [-90.81208, 30.22199], [-90.81177, 30.22099], [-90.8117, 30.22123], [-90.81174, 30.22236]], [[-90.81044, 30.21585], [-90.81189, 30.21505], [-90.81275, 30.21487], [-90.81392, 30.21508], [-90.8149, 30.21582], [-90.81546, 30.21495], [-90.81661, 30.21435], [-90.81632, 30.21349], [-90.80332, 30.21359], [-90.80344, 30.21712], [-90.80908, 30.217], [-90.80969, 30.21623], [-90.81044, 30.21585]], [[-90.78509, 30.04212], [-90.78773, 30.04281], [-90.79054, 30.04428], [-90.79216, 30.04426], [-90.79375, 30.04522], [-90.7992, 30.04596], [-90.80255, 30.04828], [-90.80394, 30.04877], [-90.80463, 30.04983], [-90.80591, 30.05015], [-90.80911, 30.05238], [-90.80983, 30.05331], [-90.80984, 30.05443], [-90.80915, 30.05536], [-90.80789, 30.05587], [-90.80945, 30.0575], [-90.80968, 30.05891], [-90.81166, 30.06129], [-90.82898, 30.05371], [-90.82863, 30.05227], [-90.82746, 30.04986], [-90.82776, 30.04877], [-90.8287, 30.048], [-90.82997, 30.04782], [-90.83115, 30.04828], [-90.83303, 30.0512], [-90.83403, 30.05078], [-90.83494, 30.05079], [-90.83399, 30.04844], [-90.83287, 30.04872], [-90.8318, 30.0486], [-90.83092, 30.04805], [-90.8305, 30.04739], [-90.8304, 30.04664], [-90.83075, 30.04575], [-90.83153, 30.04511], [-90.83254, 30.04478], [-90.83215, 30.04381], [-90.83118, 30.04389], [-90.83036, 30.04365], [-90.82931, 30.04249], [-90.82952, 30.04102], [-90.83008, 30.04044], [-90.83101, 30.04007], [-90.83065, 30.03828], [-90.8294, 30.03854], [-90.8291, 30.03955], [-90.82835, 30.04022], [-90.82688, 30.0405], [-90.82555, 30.0399], [-90.82401, 30.03777], [-90.82404, 30.03683], [-90.82489, 30.03524], [-90.82575, 30.03474], [-90.82747, 30.03434], [-90.8282, 30.03319], [-90.82945, 30.03262], [-90.82923, 30.03043], [-90.82761, 30.03086], [-90.82617, 30.03048], [-90.82549, 30.02976], [-90.82461, 30.02783], [-90.82299, 30.02789], [-90.82117, 30.02682], [-90.81917, 30.02421], [-90.81926, 30.02309], [-90.82004, 30.02219], [-90.82172, 30.02186], [-90.82237, 30.02125], [-90.82429, 30.02045], [-90.82601, 30.02039], [-90.82647, 30.01975], [-90.82735, 30.01926], [-90.82658, 30.01623], [-90.8252, 30.01572], [-90.82451, 30.01456], [-90.82472, 30.01345], [-90.82571, 30.01257], [-90.82534, 30.00892], [-90.81093, 30.01834], [-90.80989, 30.0186], [-90.80904, 30.01848], [-90.80815, 30.01794], [-90.80765, 30.01711], [-90.80766, 30.01617], [-90.80834, 30.01521], [-90.82472, 30.00449], [-90.82448, 30.00206], [-90.82381, 30.00095], [-90.82407, 29.99972], [-90.82352, 29.99725], [-90.82252, 29.99712], [-90.82164, 29.99657], [-90.82117, 29.99573], [-90.82116, 29.99496], [-90.82091, 29.99482], [-90.8201, 29.9968], [-90.81851, 29.99745], [-90.81789, 29.99931], [-90.81681, 30.00021], [-90.81531, 30.00031], [-90.81422, 29.99972], [-90.81369, 29.99869], [-90.81392, 29.99741], [-90.81253, 29.99847], [-90.8121, 30.00208], [-90.81102, 30.00323], [-90.80975, 30.00344], [-90.80856, 30.00301], [-90.80792, 30.00225], [-90.80766, 30.0008], [-90.80002, 30.00683], [-90.79513, 30.01151], [-90.79038, 30.01455], [-90.79017, 30.01651], [-90.78954, 30.01749], [-90.78826, 30.01802], [-90.78635, 30.01788], [-90.786, 30.01854], [-90.78588, 30.01987], [-90.7851, 30.02077], [-90.7841, 30.02112], [-90.78303, 30.02102], [-90.78213, 30.02049], [-90.78163, 30.01969], [-90.78087, 30.02579], [-90.77992, 30.02702], [-90.77825, 30.0273], [-90.77683, 30.02648], [-90.77646, 30.0254], [-90.77671, 30.02264], [-90.77395, 30.0409], [-90.78509, 30.04212]], [[-90.85439, 30.06919], [-90.85338, 30.06989], [-90.8521, 30.06999], [-90.8496, 30.06847], [-90.84804, 30.06971], [-90.84677, 30.06992], [-90.84558, 30.06949], [-90.84442, 30.06821], [-90.83202, 30.07749], [-90.83058, 30.07784], [-90.82921, 30.07731], [-90.82852, 30.07596], [-90.82913, 30.07458], [-90.84326, 30.06394], [-90.84358, 30.06257], [-90.83933, 30.05792], [-90.83746, 30.05641], [-90.83653, 30.05476], [-90.81425, 30.06449], [-90.82657, 30.07959], [-90.84448, 30.09485], [-90.84614, 30.096], [-90.84953, 30.09774], [-90.8577, 30.07678], [-90.85853, 30.07565], [-90.85836, 30.07413], [-90.85782, 30.07311], [-90.85794, 30.07217], [-90.85855, 30.0714], [-90.85969, 30.07094], [-90.85905, 30.07022], [-90.85482, 30.06864], [-90.85439, 30.06919]], [[-90.80251, 30.05216], [-90.80211, 30.0522], [-90.80269, 30.05261], [-90.80257, 30.05234], [-90.80251, 30.05216]], [[-90.75023, 30.04851], [-90.75131, 30.04812], [-90.75289, 30.04822], [-90.75308, 30.04712], [-90.751, 30.04664], [-90.74799, 30.04704], [-90.74911, 30.04786], [-90.74955, 30.0491], [-90.75023, 30.04851]], [[-90.74987, 30.02756], [-90.75042, 30.02767], [-90.75039, 30.02579], [-90.74956, 30.02519], [-90.74918, 30.02451], [-90.74918, 30.02357], [-90.74963, 30.0228], [-90.74825, 30.02278], [-90.74748, 30.0234], [-90.74665, 30.02363], [-90.74579, 30.02357], [-90.74488, 30.02312], [-90.74437, 30.02415], [-90.74468, 30.02542], [-90.74641, 30.02548], [-90.7472, 30.02578], [-90.74792, 30.02648], [-90.74828, 30.0277], [-90.74987, 30.02756]], [[-90.75591, 30.02755], [-90.75589, 30.02908], [-90.75698, 30.02248], [-90.75678, 30.02198], [-90.75585, 30.02207], [-90.75591, 30.02755]], [[-90.76899, 30.02485], [-90.76818, 30.02595], [-90.76675, 30.02635], [-90.76536, 30.02587], [-90.76455, 30.02469], [-90.76333, 30.0326], [-90.76627, 30.03318], [-90.76705, 30.03407], [-90.76717, 30.03501], [-90.76677, 30.03588], [-90.76574, 30.03656], [-90.76271, 30.03643], [-90.76217, 30.03962], [-90.76292, 30.0397], [-90.76347, 30.03847], [-90.76477, 30.03783], [-90.76585, 30.0379], [-90.76676, 30.0384], [-90.76981, 30.03865], [-90.77239, 30.02156], [-90.76947, 30.02181], [-90.76899, 30.02485]], [[-90.75708, 30.03277], [-90.75619, 30.03226], [-90.75525, 30.03265], [-90.7542, 30.03266], [-90.75466, 30.03396], [-90.75387, 30.03565], [-90.75275, 30.03639], [-90.7506, 30.03676], [-90.75142, 30.03744], [-90.75178, 30.03848], [-90.75577, 30.03891], [-90.7567, 30.03843], [-90.75788, 30.03839], [-90.75883, 30.03267], [-90.75708, 30.03277]], [[-90.73055, 30.02145], [-90.73083, 30.02236], [-90.73071, 30.02311], [-90.73126, 30.02447], [-90.73112, 30.02537], [-90.73743, 30.03889], [-90.73866, 30.03957], [-90.7394, 30.04094], [-90.7398, 30.04074], [-90.73819, 30.03632], [-90.73729, 30.03392], [-90.73633, 30.03296], [-90.7353, 30.02983], [-90.73554, 30.0289], [-90.73625, 30.02819], [-90.73953, 30.02741], [-90.73882, 30.0265], [-90.7388, 30.02537], [-90.73837, 30.02413], [-90.73458, 30.02432], [-90.73343, 30.02358], [-90.73174, 30.02099], [-90.73034, 30.02052], [-90.73055, 30.02145]], [[-90.71776, 30.03958], [-90.72201, 30.04573], [-90.72255, 30.04757], [-90.72387, 30.04855], [-90.72869, 30.0462], [-90.71888, 30.02939], [-90.71743, 30.03038], [-90.71766, 30.03144], [-90.71717, 30.03248], [-90.7165, 30.03295], [-90.71482, 30.03346], [-90.71485, 30.03487], [-90.71776, 30.03958]], [[-90.72709, 30.03418], [-90.72502, 30.02968], [-90.72515, 30.02893], [-90.72575, 30.02815], [-90.72739, 30.02765], [-90.72703, 30.02689], [-90.72539, 30.02782], [-90.72371, 30.02762], [-90.72293, 30.02696], [-90.72138, 30.02411], [-90.7209, 30.02433], [-90.73065, 30.04102], [-90.73065, 30.04049], [-90.72857, 30.03709], [-90.72827, 30.03511], [-90.72709, 30.03418]], [[-90.70876, 30.0381], [-90.70733, 30.03781], [-90.70589, 30.03883], [-90.71083, 30.04643], [-90.71089, 30.04787], [-90.71148, 30.04891], [-90.71171, 30.04795], [-90.71242, 30.04724], [-90.71343, 30.0469], [-90.71449, 30.04702], [-90.70876, 30.0381]], [[-90.71148, 30.04969], [-90.71114, 30.05038], [-90.71038, 30.05099], [-90.71238, 30.05419], [-90.71405, 30.05338], [-90.71152, 30.0492], [-90.71148, 30.04969]], [[-90.70498, 30.05196], [-90.70478, 30.05206], [-90.70497, 30.05238], [-90.70766, 30.05651], [-90.70851, 30.05609], [-90.7056, 30.05143], [-90.70498, 30.05196]], [[-90.88087, 29.99249], [-90.88152, 29.9932], [-90.88201, 29.99301], [-90.88108, 29.99196], [-90.88033, 29.99222], [-90.88087, 29.99249]], [[-90.79582, 29.97881], [-90.78711, 29.96189], [-90.78455, 29.96207], [-90.7879, 29.97166], [-90.78787, 29.9726], [-90.78728, 29.97351], [-90.79277, 29.99029], [-90.79953, 29.98571], [-90.79582, 29.97881]], [[-90.79986, 29.9772], [-90.80296, 29.98293], [-90.8056, 29.98042], [-90.79651, 29.96124], [-90.79184, 29.96156], [-90.79986, 29.9772]], [[-90.80917, 29.97778], [-90.81123, 29.97699], [-90.81023, 29.97359], [-90.81053, 29.97261], [-90.81135, 29.97192], [-90.8083, 29.96044], [-90.80116, 29.96092], [-90.80917, 29.97778]], [[-90.818, 29.9714], [-90.81851, 29.97371], [-90.81921, 29.97331], [-90.82043, 29.96221], [-90.8157, 29.96109], [-90.818, 29.9714]], [[-90.82398, 29.9707], [-90.82511, 29.97085], [-90.82597, 29.97143], [-90.82643, 29.97248], [-90.82626, 29.97406], [-90.82731, 29.97424], [-90.82817, 29.97005], [-90.82871, 29.96923], [-90.82962, 29.96873], [-90.83048, 29.96864], [-90.83132, 29.96884], [-90.83213, 29.96946], [-90.83252, 29.97072], [-90.8315, 29.97581], [-90.83303, 29.97584], [-90.83426, 29.97686], [-90.83444, 29.9776], [-90.83413, 29.98107], [-90.83561, 29.98146], [-90.83647, 29.98274], [-90.83635, 29.98368], [-90.83556, 29.9847], [-90.83575, 29.98498], [-90.83676, 29.98477], [-90.83761, 29.98492], [-90.83881, 29.98598], [-90.8388, 29.98746], [-90.83733, 29.98893], [-90.8628, 29.97524], [-90.8645, 29.97515], [-90.86577, 29.97613], [-90.86594, 29.97742], [-90.86513, 29.97852], [-90.83832, 29.99299], [-90.83851, 29.99338], [-90.84015, 29.9923], [-90.84324, 29.9911], [-90.8461, 29.99096], [-90.84753, 29.99176], [-90.84792, 29.99299], [-90.84879, 29.99355], [-90.84929, 29.99458], [-90.84874, 29.99708], [-90.84808, 29.99782], [-90.8473, 29.99816], [-90.84612, 29.99819], [-90.84501, 29.99772], [-90.84362, 29.99659], [-90.84327, 29.99544], [-90.83916, 29.99752], [-90.83951, 30.00016], [-90.84093, 29.99968], [-90.84201, 29.99967], [-90.84313, 30.00023], [-90.84368, 30.00115], [-90.87826, 29.98876], [-90.87041, 29.97987], [-90.8678, 29.97741], [-90.86325, 29.97415], [-90.85924, 29.9721], [-90.85615, 29.97092], [-90.82478, 29.96326], [-90.82398, 29.9707]], [[-90.85945, 30.00134], [-90.85951, 30.00025], [-90.85994, 29.99951], [-90.84059, 30.00637], [-90.84078, 30.00737], [-90.84146, 30.00774], [-90.85945, 30.00134]], [[-90.85823, 30.01269], [-90.8585, 30.01206], [-90.85577, 30.01313], [-90.85469, 30.01403], [-90.84432, 30.01804], [-90.84434, 30.02085], [-90.85931, 30.0147], [-90.85839, 30.01381], [-90.85823, 30.01269]], [[-90.84469, 30.01091], [-90.84534, 30.01051], [-90.84266, 30.01151], [-90.84263, 30.01204], [-90.84428, 30.01142], [-90.84469, 30.01091]]], [[[-90.7297, 29.98097], [-90.73044, 29.98136], [-90.73105, 29.98214], [-90.73118, 29.98288], [-90.73087, 29.98378], [-90.72991, 29.98454], [-90.72709, 29.98521], [-90.7297, 29.98097]]], [[[-91.00621, 30.20756], [-91.00526, 30.20713], [-91.00312, 30.20536], [-91.00279, 30.20447], [-91.0031, 30.20338], [-91.00445, 30.20248], [-91.00554, 30.20247], [-91.00657, 30.20296], [-91.00801, 30.20198], [-91.0097, 30.20214], [-91.01077, 30.2033], [-91.01058, 30.20477], [-91.00806, 30.20724], [-91.00707, 30.20759], [-91.00621, 30.20756]]], [[[-90.95858, 29.98504], [-90.95778, 29.98416], [-90.95766, 29.98304], [-90.95814, 29.9822], [-90.95922, 29.98158], [-90.96091, 29.98174], [-90.96662, 29.98514], [-90.97167, 29.98312], [-90.98165, 29.97763], [-90.98282, 29.97743], [-90.98394, 29.97758], [-90.98482, 29.97813], [-90.9853, 29.97897], [-90.98519, 29.98009], [-90.98439, 29.98097], [-90.98319, 29.98131], [-90.97367, 29.98658], [-90.9669, 29.98924], [-90.96534, 29.98905], [-90.95858, 29.98504]]], [[[-90.95161, 30.04491], [-90.95114, 30.04406], [-90.95118, 30.04312], [-90.9517, 30.0423], [-90.95261, 30.04167], [-90.95545, 30.04158], [-90.9564, 30.04204], [-90.95691, 30.04265], [-90.95697, 30.04413], [-90.95582, 30.04521], [-90.95312, 30.04559], [-90.95161, 30.04491]]], [[[-90.92172, 30.07912], [-90.92296, 30.07839], [-90.92445, 30.07851], [-90.92515, 30.07896], [-90.92688, 30.08102], [-90.92703, 30.08247], [-90.92642, 30.08415], [-90.92552, 30.08496], [-90.92246, 30.08563], [-90.92145, 30.0853], [-90.92073, 30.0846], [-90.92048, 30.08369], [-90.92066, 30.08295], [-90.92199, 30.08172], [-90.92129, 30.08037], [-90.92172, 30.07912]]], [[[-90.76044, 29.9754], [-90.76163, 29.97518], [-90.76314, 29.9753], [-90.76429, 29.9758], [-90.76499, 29.97715], [-90.76439, 29.97853], [-90.76348, 29.97904], [-90.76145, 29.97933], [-90.75987, 29.97878], [-90.7593, 29.97798], [-90.75918, 29.97686], [-90.7596, 29.97599], [-90.76044, 29.9754]]]]}, "properties": {"class": "roads", "buffer_m": 214.5, "area_km2": 699.46}}, {"type": "Feature", "geometry": {"type": "MultiPolygon", "coordinates": [[[[-91.17763, 30.19639], [-91.17074, 30.18524], [-91.16848, 30.18268], [-91.16609, 30.18053], [-91.16359, 30.17863], [-91.16033, 30.17665], [-91.15581, 30.17463], [-91.14169, 30.17063], [-91.13752, 30.1692], [-91.1342, 30.16769], [-91.04043, 30.11607], [-91.03453, 30.11388], [-91.00128, 30.10475], [-90.99754, 30.10335], [-90.99349, 30.10143], [-90.97751, 30.09333], [-90.97467, 30.09152], [-90.95772, 30.07894], [-90.95603, 30.08061], [-90.95304, 30.08158], [-90.95284, 30.08194], [-90.95456, 30.08619], [-90.9541, 30.08279], [-90.95457, 30.08156], [-90.95563, 30.08091], [-90.95671, 30.08084], [-90.95786, 30.08135], [-90.95844, 30.08214], [-90.96026, 30.09469], [-90.96117, 30.09594], [-90.9615, 30.09755], [-90.96163, 30.09925], [-90.96101, 30.10044], [-90.96098, 30.10146], [-90.96029, 30.10241], [-90.95911, 30.10286], [-90.95783, 30.10266], [-90.95698, 30.102], [-90.95576, 30.10305], [-90.95276, 30.10353], [-90.95087, 30.10349], [-90.94914, 30.1029], [-90.94787, 30.10185], [-90.94099, 30.09302], [-90.94022, 30.09119], [-90.94064, 30.08893], [-90.94266, 30.08679], [-90.9437, 30.08622], [-90.94889, 30.08446], [-90.94712, 30.07904], [-90.94703, 30.07777], [-90.94799, 30.07605], [-90.95111, 30.07386], [-90.94515, 30.06944], [-90.9431, 30.07175], [-90.92373, 30.08478], [-90.92277, 30.08671], [-90.92009, 30.08865], [-90.91888, 30.08905], [-90.91776, 30.08886], [-90.91585, 30.0895], [-90.91385, 30.08893], [-90.91291, 30.08788], [-90.91259, 30.08622], [-90.91332, 30.0848], [-90.9165, 30.08255], [-90.91522, 30.08066], [-90.9153, 30.07973], [-90.91589, 30.07894], [-90.91705, 30.07844], [-90.91833, 30.07859], [-90.92046, 30.0802], [-90.92097, 30.08093], [-90.92185, 30.08115], [-90.94031, 30.06874], [-90.94177, 30.0669], [-90.87513, 30.017], [-90.86645, 30.02079], [-90.86495, 30.02071], [-90.86382, 30.01978], [-90.84603, 30.02751], [-90.84496, 30.02763], [-90.84377, 30.02718], [-90.843, 30.02586], [-90.8434, 30.0246], [-90.84482, 30.02371], [-90.84558, 30.02278], [-90.84822, 30.0212], [-90.85562, 30.01795], [-90.85631, 30.01714], [-90.85786, 30.01642], [-90.86023, 30.01588], [-90.86691, 30.01307], [-90.86977, 30.01279], [-90.82712, 29.98068], [-90.824, 29.97865], [-90.82098, 29.97775], [-90.81721, 29.97784], [-90.71861, 30.00104], [-90.72059, 29.99657], [-90.8175, 29.97388], [-90.81955, 29.97376], [-90.82238, 29.97403], [-90.8247, 29.97467], [-90.8272, 29.97579], [-90.85121, 29.99348], [-90.85979, 29.99005], [-90.86071, 29.9894], [-90.86494, 29.9878], [-90.86842, 29.98683], [-90.86741, 29.98507], [-90.86692, 29.98507], [-90.86221, 29.98728], [-90.86051, 29.9873], [-90.85951, 29.98659], [-90.8591, 29.98563], [-90.85925, 29.9847], [-90.86006, 29.98383], [-90.86524, 29.98148], [-90.86777, 29.9812], [-90.8708, 29.97981], [-90.87264, 29.97961], [-90.87429, 29.98003], [-90.87549, 29.9808], [-90.87689, 29.98237], [-90.87766, 29.98394], [-90.87759, 29.98607], [-90.87642, 29.98798], [-90.87523, 29.98882], [-90.87123, 29.99076], [-90.8663, 29.99262], [-90.86513, 29.99276], [-90.85787, 29.99527], [-90.85594, 29.9962], [-90.85577, 29.99674], [-90.85608, 29.9972], [-90.89925, 30.02999], [-90.97662, 30.08785], [-90.98094, 30.09062], [-90.98646, 30.09342], [-90.99164, 30.08467], [-90.99292, 30.08398], [-90.9944, 30.08416], [-90.99558, 30.08519], [-90.99567, 30.08649], [-90.99039, 30.09539], [-90.99957, 30.0999], [-91.00278, 30.10111], [-91.03565, 30.11005], [-91.04047, 30.1117], [-91.04352, 30.11306], [-91.13639, 30.16432], [-91.1394, 30.1657], [-91.14321, 30.16699], [-91.15595, 30.17048], [-91.16263, 30.17329], [-91.16683, 30.17587], [-91.16962, 30.17812], [-91.17194, 30.18024], [-91.17588, 30.18513], [-91.18367, 30.19814], [-91.18093, 30.20197], [-91.17763, 30.19639]], [[-90.94891, 30.09063], [-90.94834, 30.08896], [-90.94565, 30.08992], [-90.94488, 30.09065], [-90.94763, 30.09438], [-90.94868, 30.09362], [-90.94987, 30.0935], [-90.94891, 30.09063]], [[-90.95358, 30.07738], [-90.95392, 30.07686], [-90.95286, 30.07759], [-90.95321, 30.07751], [-90.95358, 30.07738]], [[-90.95605, 30.09698], [-90.95601, 30.09672], [-90.95598, 30.09673], [-90.95605, 30.09698]], [[-90.87227, 29.98347], [-90.87163, 29.98382], [-90.87266, 29.98561], [-90.87316, 29.98534], [-90.87332, 29.98482], [-90.87227, 29.98347]]], [[[-91.09742, 30.23456], [-91.09856, 30.23534], [-91.09903, 30.23611], [-91.10792, 30.24221], [-91.1086, 30.24337], [-91.10828, 30.24465], [-91.10684, 30.24556], [-91.10557, 30.24549], [-91.10394, 30.24581], [-91.1017, 30.24477], [-91.1033, 30.24594], [-91.10371, 30.247], [-91.10325, 30.24825], [-91.10201, 30.24911], [-91.1003, 30.24902], [-91.09727, 30.24703], [-91.09711, 30.24726], [-91.09817, 30.2505], [-91.10775, 30.27087], [-91.10402, 30.27318], [-91.09376, 30.25135], [-91.09155, 30.25098], [-91.09039, 30.25281], [-91.08947, 30.2533], [-91.0886, 30.25338], [-91.08741, 30.25296], [-91.08675, 30.2522], [-91.08659, 30.25127], [-91.08689, 30.25025], [-91.08611, 30.25157], [-91.08475, 30.25214], [-91.08232, 30.25151], [-91.0814, 30.25071], [-91.08115, 30.24961], [-91.08159, 30.24823], [-91.08107, 30.24747], [-91.081, 30.24653], [-91.08158, 30.24507], [-91.08247, 30.24426], [-91.08416, 30.24408], [-91.09123, 30.246], [-91.08867, 30.24253], [-91.08535, 30.24005], [-91.0549, 30.22372], [-91.05316, 30.22843], [-91.05258, 30.22934], [-91.05273, 30.2317], [-91.05083, 30.23668], [-91.05017, 30.23742], [-91.04939, 30.23776], [-91.04761, 30.23756], [-91.04682, 30.23692], [-91.04648, 30.23602], [-91.04747, 30.23291], [-91.04705, 30.23153], [-91.04792, 30.22909], [-91.04833, 30.22655], [-91.05006, 30.22335], [-91.04896, 30.22103], [-91.04739, 30.21969], [-91.03893, 30.21514], [-91.03544, 30.22037], [-91.03406, 30.2209], [-91.03272, 30.22061], [-91.03175, 30.21962], [-91.03166, 30.2185], [-91.03271, 30.21675], [-91.0329, 30.21579], [-91.03479, 30.21297], [-91.02621, 30.20839], [-91.02325, 30.21132], [-91.02214, 30.21189], [-91.02105, 30.21188], [-91.02027, 30.21155], [-91.01955, 30.21088], [-91.01925, 30.20994], [-91.00882, 30.21943], [-91.00733, 30.21954], [-91.00617, 30.21892], [-91.00481, 30.21896], [-91.00362, 30.21839], [-91.00212, 30.21686], [-91.002, 30.21611], [-91.00233, 30.21521], [-91.01378, 30.20456], [-91.01479, 30.20222], [-91.01168, 30.20054], [-91.00591, 30.20606], [-91.00512, 30.20653], [-91.00366, 30.20861], [-90.9994, 30.21234], [-90.99822, 30.21279], [-90.99676, 30.2125], [-90.99547, 30.21133], [-90.9954, 30.20985], [-91.00336, 30.20243], [-91.00253, 30.2015], [-91.0024, 30.19993], [-90.9968, 30.20319], [-90.99352, 30.2047], [-90.99244, 30.20466], [-90.9915, 30.20418], [-90.99088, 30.20328], [-90.99082, 30.20234], [-90.99158, 30.20122], [-91.00144, 30.19521], [-90.99993, 30.19442], [-90.99925, 30.19446], [-90.99806, 30.19508], [-90.9979, 30.19606], [-90.99707, 30.19692], [-90.99605, 30.19723], [-90.99488, 30.19704], [-90.99246, 30.1983], [-90.98624, 30.20181], [-90.98371, 30.2037], [-90.97828, 30.2069], [-90.97701, 30.20712], [-90.97581, 30.2067], [-90.975, 30.20581], [-90.97474, 30.20509], [-90.97489, 30.20416], [-90.97553, 30.2034], [-90.99529, 30.19173], [-90.99319, 30.1906], [-90.99023, 30.19233], [-90.98771, 30.19315], [-90.98111, 30.19657], [-90.98004, 30.19672], [-90.97884, 30.1963], [-90.97813, 30.19553], [-90.97786, 30.19462], [-90.97811, 30.1937], [-90.97865, 30.19312], [-90.9834, 30.19009], [-90.98764, 30.18913], [-90.98904, 30.18837], [-90.98349, 30.18539], [-90.97556, 30.19012], [-90.97429, 30.19034], [-90.97309, 30.18992], [-90.97232, 30.1888], [-90.97265, 30.18735], [-90.97629, 30.18433], [-90.97892, 30.18278], [-90.97035, 30.17618], [-90.94046, 30.14611], [-90.93913, 30.14515], [-90.93774, 30.14457], [-90.93158, 30.14384], [-90.92351, 30.14092], [-90.91371, 30.13683], [-90.91193, 30.13574], [-90.91051, 30.13448], [-90.90425, 30.12576], [-90.90205, 30.12214], [-90.90112, 30.11955], [-90.89889, 30.11059], [-90.89825, 30.10914], [-90.89549, 30.10982], [-90.89405, 30.11064], [-90.89231, 30.11097], [-90.89088, 30.11056], [-90.89013, 30.10965], [-90.8898, 30.10805], [-90.89071, 30.1068], [-90.89745, 30.10533], [-90.8975, 30.10499], [-90.89258, 30.08505], [-90.89148, 30.08317], [-90.88736, 30.07991], [-90.8849, 30.07828], [-90.88349, 30.0778], [-90.86093, 30.07456], [-90.85975, 30.07478], [-90.85642, 30.07431], [-90.85479, 30.0737], [-90.85119, 30.07293], [-90.84916, 30.07198], [-90.84685, 30.07046], [-90.83967, 30.06537], [-90.83731, 30.06322], [-90.83597, 30.06321], [-90.83493, 30.06259], [-90.83251, 30.06365], [-90.83393, 30.06624], [-90.83395, 30.06718], [-90.83359, 30.06786], [-90.83296, 30.06838], [-90.83193, 30.06867], [-90.83107, 30.06857], [-90.83016, 30.06806], [-90.82829, 30.06521], [-90.82765, 30.0636], [-90.82768, 30.06248], [-90.82817, 30.06154], [-90.82886, 30.06093], [-90.83257, 30.05929], [-90.83126, 30.05553], [-90.82889, 30.05229], [-90.82732, 30.04891], [-90.82057, 30.02668], [-90.81941, 30.02492], [-90.81759, 30.02358], [-90.81472, 30.02279], [-90.78368, 30.02049], [-90.73342, 30.02482], [-90.73137, 30.02516], [-90.72993, 30.02576], [-90.70459, 30.03966], [-90.7062, 30.0342], [-90.72767, 30.02237], [-90.72986, 30.02147], [-90.73195, 30.02103], [-90.73162, 30.02009], [-90.73186, 30.01906], [-90.73255, 30.01833], [-90.73354, 30.01797], [-90.73842, 30.01887], [-90.74051, 30.02023], [-90.78425, 30.01662], [-90.81518, 30.01886], [-90.81783, 30.01935], [-90.81974, 30.02009], [-90.82268, 30.02217], [-90.82481, 30.02526], [-90.8303, 30.04339], [-90.83238, 30.04284], [-90.8344, 30.04297], [-90.83593, 30.04374], [-90.83717, 30.0452], [-90.83902, 30.04994], [-90.83912, 30.05128], [-90.83818, 30.05326], [-90.83595, 30.05464], [-90.84022, 30.0602], [-90.84326, 30.06295], [-90.85156, 30.06872], [-90.85355, 30.06954], [-90.86957, 30.07187], [-90.87012, 30.06939], [-90.87109, 30.06809], [-90.87358, 30.06703], [-90.87661, 30.06668], [-90.87884, 30.06717], [-90.88046, 30.0686], [-90.88106, 30.0707], [-90.88033, 30.07341], [-90.88448, 30.07403], [-90.88685, 30.0748], [-90.89134, 30.07779], [-90.89215, 30.07652], [-90.89325, 30.07596], [-90.89471, 30.07466], [-90.89621, 30.07456], [-90.89744, 30.07531], [-90.89789, 30.07635], [-90.89771, 30.07727], [-90.89475, 30.08055], [-90.89629, 30.08267], [-90.89685, 30.08396], [-90.89897, 30.0923], [-90.90196, 30.09094], [-90.90543, 30.08983], [-90.90709, 30.09016], [-90.90802, 30.0913], [-90.90801, 30.09259], [-90.90707, 30.09361], [-90.89989, 30.09611], [-90.90585, 30.11993], [-90.90841, 30.12425], [-90.91085, 30.12315], [-90.91192, 30.12302], [-90.91311, 30.12345], [-90.91449, 30.12486], [-90.91488, 30.126], [-90.9145, 30.12707], [-90.91388, 30.1276], [-90.9115, 30.12864], [-90.91422, 30.13222], [-90.91432, 30.13125], [-90.91509, 30.13035], [-90.9161, 30.12999], [-90.91737, 30.13016], [-90.92497, 30.1372], [-90.93248, 30.14003], [-90.93731, 30.1405], [-90.93926, 30.14094], [-90.94256, 30.14254], [-90.96543, 30.16518], [-90.97607, 30.17427], [-90.97995, 30.17822], [-90.98079, 30.17762], [-90.98185, 30.17744], [-90.98269, 30.17762], [-90.98389, 30.17836], [-90.98477, 30.17935], [-90.98526, 30.18106], [-90.98617, 30.18218], [-90.98743, 30.18285], [-90.98896, 30.18212], [-90.99063, 30.1824], [-90.99164, 30.18356], [-90.99148, 30.18503], [-90.99261, 30.18564], [-90.99671, 30.18316], [-90.99753, 30.18221], [-91.00346, 30.17871], [-91.00448, 30.17838], [-91.00575, 30.1786], [-91.00672, 30.17932], [-91.00724, 30.18022], [-91.00725, 30.18098], [-91.00675, 30.18213], [-91.00145, 30.18544], [-91.00074, 30.18639], [-90.99768, 30.18842], [-91.01483, 30.19762], [-91.0168, 30.19586], [-91.01787, 30.19569], [-91.0189, 30.19597], [-91.01981, 30.19689], [-91.01999, 30.19801], [-91.0211, 30.1983], [-91.02201, 30.19917], [-91.02219, 30.20029], [-91.02162, 30.2013], [-91.02301, 30.20204], [-91.0244, 30.20232], [-91.02631, 30.2038], [-91.04899, 30.21594], [-91.05155, 30.21674], [-91.05279, 30.21617], [-91.05449, 30.21641], [-91.05551, 30.2176], [-91.05535, 30.21898], [-91.05699, 30.21855], [-91.05849, 30.21926], [-91.05898, 30.2203], [-91.05881, 30.22126], [-91.06018, 30.222], [-91.0621, 30.22227], [-91.0652, 30.22444], [-91.06687, 30.22508], [-91.0733, 30.22851], [-91.07443, 30.22745], [-91.07444, 30.22506], [-91.07528, 30.22024], [-91.07569, 30.21937], [-91.0785, 30.21777], [-91.0797, 30.21736], [-91.08137, 30.21725], [-91.08315, 30.21774], [-91.08469, 30.2189], [-91.08551, 30.22049], [-91.08667, 30.23354], [-91.09334, 30.23307], [-91.09456, 30.23334], [-91.09742, 30.23456]], [[-91.08171, 30.2312], [-91.07926, 30.23223], [-91.08219, 30.23369], [-91.08198, 30.23106], [-91.08171, 30.2312]], [[-91.09435, 30.23972], [-91.09549, 30.2407], [-91.09874, 30.24279], [-91.09787, 30.24205], [-91.09435, 30.23972]], [[-91.10015, 30.24373], [-91.10018, 30.24375], [-91.10046, 30.24395], [-91.10036, 30.24384], [-91.10015, 30.24373]], [[-90.87404, 30.07238], [-90.87589, 30.07266], [-90.87653, 30.07074], [-90.87432, 30.07101], [-90.87404, 30.07238]], [[-90.83327, 30.05064], [-90.83368, 30.05124], [-90.83457, 30.0508], [-90.83301, 30.04683], [-90.83169, 30.04726], [-90.83327, 30.05064]]], [[[-90.97931, 30.31101], [-90.90752, 30.23173], [-90.70632, 30.07724], [-90.70281, 30.07477], [-90.70109, 30.07421], [-90.69945, 30.07406], [-90.69976, 30.0702], [-90.70196, 30.07042], [-90.7038, 30.07091], [-90.70707, 30.07268], [-90.89002, 30.21311], [-90.89121, 30.21359], [-90.89419, 30.21632], [-90.91072, 30.22904], [-90.91604, 30.23458], [-90.98504, 30.31107], [-90.97989, 30.31165], [-90.97931, 30.31101]]]]}, "properties": {"class": "rails", "buffer_m": 214.5, "area_km2": 89.31}}, {"type": "Feature", "geometry": {"type": "MultiPolygon", "coordinates": [[[[-91.19628, 29.99943], [-91.19599, 30.00103], [-91.19523, 30.00206], [-91.19387, 30.00316], [-91.19105, 30.00433], [-91.1903, 30.00585], [-91.19077, 30.00816], [-91.19205, 30.01002], [-91.19325, 30.01014], [-91.19461, 30.01073], [-91.19564, 30.01153], [-91.19616, 30.01233], [-91.19625, 30.01336], [-91.19577, 30.01431], [-91.19692, 30.01519], [-91.19726, 30.01656], [-91.19698, 30.01733], [-91.19529, 30.01959], [-91.19796, 30.01951], [-91.19924, 30.01977], [-91.20662, 30.02381], [-91.20757, 30.02614], [-91.20717, 30.02692], [-91.20603, 30.02768], [-91.20444, 30.02774], [-91.19745, 30.02393], [-91.19191, 30.02413], [-91.16683, 30.0582], [-91.16728, 30.07312], [-91.16704, 30.07459], [-91.16623, 30.07601], [-91.1538, 30.08536], [-91.15261, 30.08752], [-91.1492, 30.08978], [-91.14721, 30.09154], [-91.14568, 30.09224], [-91.14009, 30.09345], [-91.13801, 30.09624], [-91.13537, 30.0978], [-91.13499, 30.09912], [-91.13406, 30.10018], [-91.13334, 30.1025], [-91.12799, 30.10752], [-91.12339, 30.11306], [-91.1138, 30.11939], [-91.11279, 30.11998], [-91.11116, 30.12043], [-91.09855, 30.13287], [-91.10347, 30.13291], [-91.10465, 30.13358], [-91.10521, 30.1347], [-91.10537, 30.14197], [-91.10499, 30.14316], [-91.10432, 30.14375], [-91.10345, 30.14408], [-91.09857, 30.14415], [-91.10078, 30.14536], [-91.10151, 30.14616], [-91.10196, 30.14981], [-91.10162, 30.15086], [-91.10369, 30.15468], [-91.10314, 30.15621], [-91.10037, 30.15793], [-91.10128, 30.15988], [-91.10121, 30.16072], [-91.10077, 30.16147], [-91.09981, 30.1621], [-91.09386, 30.16426], [-91.0947, 30.16614], [-91.09462, 30.16697], [-91.09418, 30.16771], [-91.09322, 30.16833], [-91.08721, 30.17051], [-91.08669, 30.17255], [-91.08541, 30.17396], [-91.08412, 30.17438], [-91.08247, 30.17415], [-91.08092, 30.17483], [-91.07838, 30.17466], [-91.07749, 30.18195], [-91.07712, 30.18272], [-91.07642, 30.18331], [-91.07552, 30.18361], [-91.07447, 30.18358], [-91.0729, 30.18281], [-91.07238, 30.18171], [-91.07256, 30.1794], [-91.07178, 30.17991], [-91.07061, 30.18014], [-91.06949, 30.17994], [-91.06873, 30.17946], [-91.06779, 30.17961], [-91.06682, 30.17943], [-91.06617, 30.18034], [-91.06533, 30.18079], [-91.06424, 30.18094], [-91.06309, 30.18062], [-91.06149, 30.17904], [-91.06012, 30.1788], [-91.0574, 30.17723], [-91.0566, 30.17618], [-91.05664, 30.17492], [-91.05841, 30.17199], [-91.05702, 30.17076], [-91.05689, 30.16932], [-91.05922, 30.16648], [-91.05158, 30.16308], [-91.05076, 30.16206], [-91.05071, 30.16095], [-91.04095, 30.15667], [-91.04047, 30.15596], [-91.04035, 30.15495], [-91.04197, 30.15117], [-91.0431, 30.15044], [-91.04452, 30.15038], [-91.05348, 30.15408], [-91.05416, 30.15336], [-91.05502, 30.15298], [-91.05598, 30.15293], [-91.05713, 30.15323], [-91.05856, 30.14998], [-91.05952, 30.14939], [-91.06089, 30.1493], [-91.06115, 30.14853], [-91.06061, 30.14772], [-91.06055, 30.14667], [-91.0627, 30.14093], [-91.06404, 30.14009], [-91.0658, 30.14021], [-91.06641, 30.1398], [-91.06739, 30.13796], [-91.06815, 30.13748], [-91.06929, 30.13729], [-91.06983, 30.13634], [-91.07081, 30.13574], [-91.07224, 30.13565], [-91.08305, 30.13782], [-91.08389, 30.13734], [-91.08486, 30.13719], [-91.08677, 30.13774], [-91.09498, 30.12977], [-91.08983, 30.12964], [-91.08895, 30.12934], [-91.08815, 30.1286], [-91.08784, 30.12762], [-91.08762, 30.12024], [-91.08779, 30.11942], [-91.0883, 30.11872], [-91.08909, 30.11825], [-91.09003, 30.11807], [-91.09835, 30.11801], [-91.0995, 30.11825], [-91.10024, 30.11876], [-91.10075, 30.11969], [-91.10086, 30.12406], [-91.10799, 30.11703], [-91.109, 30.11648], [-91.11055, 30.1161], [-91.1196, 30.11019], [-91.12408, 30.10476], [-91.12896, 30.10013], [-91.12936, 30.09856], [-91.13043, 30.09718], [-91.13126, 30.09499], [-91.13201, 30.09433], [-91.13444, 30.09315], [-91.13505, 30.09195], [-91.13655, 30.0903], [-91.13877, 30.0892], [-91.1441, 30.08802], [-91.14541, 30.08637], [-91.14761, 30.08546], [-91.14539, 30.08366], [-91.14468, 30.08251], [-91.1434, 30.08183], [-91.14164, 30.08034], [-91.14022, 30.07865], [-91.13973, 30.07737], [-91.13815, 30.07563], [-91.13745, 30.07309], [-91.13536, 30.06791], [-91.13345, 30.06542], [-91.13166, 30.06139], [-91.1314, 30.05967], [-91.13183, 30.05801], [-91.13275, 30.0568], [-91.1345, 30.05566], [-91.13269, 30.05112], [-91.13281, 30.04872], [-91.1309, 30.04509], [-91.13077, 30.04337], [-91.12978, 30.04171], [-91.12839, 30.03836], [-91.12813, 30.03071], [-91.12778, 30.0294], [-91.12896, 30.02702], [-91.12774, 30.02595], [-91.12364, 30.0272], [-91.11469, 30.02827], [-91.11304, 30.02759], [-91.1123, 30.02604], [-91.11269, 30.02473], [-91.11395, 30.02386], [-91.11704, 30.02353], [-91.11787, 30.02264], [-91.11921, 30.02216], [-91.12041, 30.02231], [-91.1215, 30.02307], [-91.12246, 30.02291], [-91.12617, 30.0217], [-91.12888, 30.0204], [-91.12917, 30.01932], [-91.12867, 30.01754], [-91.12879, 30.01466], [-91.12947, 30.01303], [-91.13076, 30.01171], [-91.12977, 30.01133], [-91.12895, 30.01063], [-91.1286, 30.00985], [-91.12863, 30.00895], [-91.12915, 30.00804], [-91.13016, 30.00741], [-91.13135, 30.00729], [-91.13274, 30.00768], [-91.13335, 30.00641], [-91.13318, 30.00519], [-91.13363, 30.00351], [-91.13482, 30.00168], [-91.13485, 30.0007], [-91.1327, 30.00078], [-91.13126, 30.00004], [-91.1307, 29.99875], [-91.13108, 29.9973], [-91.13256, 29.99634], [-91.1348, 29.99636], [-91.13499, 29.99519], [-91.13574, 29.99426], [-91.13699, 29.99379], [-91.13828, 29.99383], [-91.13934, 29.99439], [-91.13996, 29.99533], [-91.14003, 30.00034], [-91.14205, 30.00118], [-91.14309, 30.0005], [-91.14387, 29.99927], [-91.14537, 29.99867], [-91.14601, 29.99797], [-91.14673, 29.99651], [-91.14821, 29.99586], [-91.14818, 29.9948], [-91.14752, 29.99257], [-91.14775, 29.99147], [-91.14835, 29.99054], [-91.14836, 29.98783], [-91.14911, 29.98572], [-91.15134, 29.98336], [-91.15285, 29.98012], [-91.1535, 29.97952], [-91.15449, 29.97914], [-91.15565, 29.9791], [-91.15676, 29.97943], [-91.15833, 29.9791], [-91.15804, 29.97876], [-91.15528, 29.97779], [-91.15432, 29.97679], [-91.15384, 29.97559], [-91.15402, 29.97387], [-91.15609, 29.97027], [-91.15615, 29.96806], [-91.15398, 29.96742], [-91.15258, 29.96641], [-91.15157, 29.96463], [-91.15117, 29.96127], [-91.14492, 29.95722], [-91.14406, 29.95585], [-91.14412, 29.95505], [-91.1447, 29.954], [-91.14562, 29.95336], [-91.14701, 29.95318], [-91.14755, 29.95131], [-91.14921, 29.94993], [-91.15033, 29.94719], [-91.15024, 29.94511], [-91.15067, 29.94324], [-91.15177, 29.94235], [-91.15357, 29.9418], [-91.15122, 29.94065], [-91.15074, 29.94149], [-91.15003, 29.94201], [-91.14887, 29.9423], [-91.14772, 29.94219], [-91.14685, 29.94184], [-91.14621, 29.94122], [-91.14581, 29.94027], [-91.14589, 29.93941], [-91.14427, 29.93936], [-91.14302, 29.93866], [-91.14204, 29.939], [-91.14109, 29.93896], [-91.13955, 29.93804], [-91.13635, 29.93911], [-91.13328, 29.93919], [-91.13013, 29.93806], [-91.12916, 29.93688], [-91.12929, 29.93544], [-91.13065, 29.93431], [-91.13158, 29.93411], [-91.13299, 29.93439], [-91.13404, 29.93419], [-91.13554, 29.93454], [-91.13661, 29.93379], [-91.13537, 29.93293], [-91.13425, 29.93145], [-91.13403, 29.92977], [-91.1344, 29.92901], [-91.13554, 29.92824], [-91.13611, 29.92727], [-91.1375, 29.92654], [-91.13825, 29.92573], [-91.13855, 29.92557], [-91.14431, 29.93027], [-91.1583, 29.94416], [-91.15549, 29.94635], [-91.15549, 29.94672], [-91.15895, 29.94704], [-91.16093, 29.94676], [-91.16449, 29.95105], [-91.15898, 29.9515], [-91.15438, 29.95109], [-91.1536, 29.95276], [-91.15238, 29.95376], [-91.1525, 29.95492], [-91.15211, 29.95632], [-91.15358, 29.95723], [-91.15537, 29.95676], [-91.15725, 29.95739], [-91.15988, 29.95615], [-91.16152, 29.95588], [-91.16273, 29.95618], [-91.16384, 29.95691], [-91.16558, 29.95505], [-91.16733, 29.9545], [-91.17589, 29.96489], [-91.18083, 29.97233], [-91.17799, 29.97489], [-91.17759, 29.97672], [-91.17689, 29.97796], [-91.17526, 29.97892], [-91.17349, 29.98063], [-91.17401, 29.98252], [-91.17376, 29.98662], [-91.17461, 29.98712], [-91.17572, 29.98834], [-91.17783, 29.99252], [-91.17772, 29.99382], [-91.17679, 29.99485], [-91.17538, 29.99522], [-91.17274, 29.99474], [-91.16961, 29.99237], [-91.16875, 29.99058], [-91.16747, 29.98943], [-91.16736, 29.98731], [-91.166, 29.98412], [-91.16362, 29.98366], [-91.16265, 29.98437], [-91.16145, 29.98457], [-91.16026, 29.98431], [-91.15932, 29.98359], [-91.15707, 29.98393], [-91.15657, 29.9843], [-91.15553, 29.98627], [-91.15403, 29.98764], [-91.15352, 29.98896], [-91.15354, 29.98928], [-91.15483, 29.98936], [-91.15586, 29.98982], [-91.15669, 29.99125], [-91.15656, 29.99244], [-91.15594, 29.99334], [-91.15493, 29.99387], [-91.15329, 29.99395], [-91.15351, 29.99528], [-91.15326, 29.99743], [-91.15439, 29.99719], [-91.15562, 29.99745], [-91.1565, 29.9981], [-91.15702, 29.99922], [-91.15665, 30.00081], [-91.15492, 30.00211], [-91.15611, 30.00361], [-91.15958, 30.00552], [-91.16009, 30.00622], [-91.16024, 30.00724], [-91.15937, 30.0087], [-91.15855, 30.00918], [-91.15761, 30.00934], [-91.1563, 30.009], [-91.15246, 30.0067], [-91.15188, 30.00749], [-91.15353, 30.00828], [-91.15469, 30.00852], [-91.15598, 30.0095], [-91.15657, 30.01075], [-91.15644, 30.01295], [-91.15909, 30.01624], [-91.16021, 30.01679], [-91.16107, 30.01579], [-91.1611, 30.01466], [-91.16161, 30.01331], [-91.16268, 30.01229], [-91.16375, 30.01199], [-91.16497, 30.01217], [-91.16576, 30.01267], [-91.16635, 30.01363], [-91.16595, 30.01721], [-91.16717, 30.01829], [-91.16724, 30.01981], [-91.16664, 30.02066], [-91.16499, 30.02155], [-91.16329, 30.02311], [-91.16446, 30.0242], [-91.1661, 30.02518], [-91.16715, 30.02701], [-91.16533, 30.03276], [-91.16464, 30.03378], [-91.16365, 30.03433], [-91.16251, 30.03443], [-91.16155, 30.03415], [-91.16069, 30.0334], [-91.16037, 30.03177], [-91.16126, 30.02787], [-91.15917, 30.02612], [-91.15838, 30.02491], [-91.15791, 30.02302], [-91.15836, 30.02124], [-91.15735, 30.02053], [-91.15623, 30.02152], [-91.15484, 30.02177], [-91.15371, 30.02143], [-91.15295, 30.02078], [-91.15255, 30.01946], [-91.15332, 30.0177], [-91.15261, 30.01688], [-91.1516, 30.01482], [-91.15082, 30.01221], [-91.1486, 30.01102], [-91.14798, 30.0125], [-91.14738, 30.01318], [-91.14512, 30.01472], [-91.14347, 30.01511], [-91.14249, 30.01507], [-91.14089, 30.01457], [-91.13954, 30.01348], [-91.13892, 30.01177], [-91.13903, 30.0101], [-91.1396, 30.00889], [-91.14063, 30.00766], [-91.14226, 30.00648], [-91.14222, 30.00599], [-91.14059, 30.00571], [-91.13861, 30.00467], [-91.13841, 30.00526], [-91.13865, 30.00689], [-91.1377, 30.00884], [-91.13688, 30.01329], [-91.13561, 30.01473], [-91.13415, 30.0153], [-91.1338, 30.01676], [-91.13428, 30.01953], [-91.13349, 30.02273], [-91.13405, 30.02477], [-91.13418, 30.02663], [-91.13319, 30.03026], [-91.1333, 30.03748], [-91.13544, 30.04185], [-91.13575, 30.04373], [-91.13768, 30.04768], [-91.13789, 30.04887], [-91.13762, 30.05019], [-91.13898, 30.05364], [-91.13976, 30.05484], [-91.14004, 30.05612], [-91.13989, 30.05709], [-91.13931, 30.05805], [-91.1385, 30.05875], [-91.13644, 30.05977], [-91.13647, 30.06014], [-91.13787, 30.06334], [-91.14003, 30.06631], [-91.14215, 30.07157], [-91.1426, 30.07354], [-91.14378, 30.07474], [-91.14542, 30.07741], [-91.14666, 30.07849], [-91.1484, 30.07944], [-91.1495, 30.081], [-91.15064, 30.08194], [-91.16223, 30.07326], [-91.16186, 30.06043], [-91.16121, 30.05974], [-91.16091, 30.05871], [-91.16174, 30.05693], [-91.16137, 30.04543], [-91.16184, 30.04011], [-91.15979, 30.03772], [-91.15959, 30.03687], [-91.15984, 30.03589], [-91.1604, 30.03524], [-91.16141, 30.03476], [-91.16251, 30.03473], [-91.16342, 30.03505], [-91.167, 30.03812], [-91.1676, 30.03919], [-91.16762, 30.04048], [-91.16866, 30.04094], [-91.16937, 30.04179], [-91.16953, 30.04304], [-91.16901, 30.04403], [-91.16777, 30.04484], [-91.16645, 30.04503], [-91.16655, 30.05035], [-91.17336, 30.04116], [-91.1741, 30.03973], [-91.17489, 30.03908], [-91.17898, 30.0335], [-91.17825, 30.03139], [-91.17705, 30.03062], [-91.17664, 30.02984], [-91.17663, 30.02892], [-91.17519, 30.02741], [-91.1751, 30.02584], [-91.17569, 30.02498], [-91.17668, 30.02444], [-91.17714, 30.02288], [-91.17779, 30.02183], [-91.18221, 30.0176], [-91.1827, 30.01574], [-91.18364, 30.01393], [-91.18654, 30.01079], [-91.18582, 30.00928], [-91.18505, 30.00565], [-91.18551, 30.00416], [-91.18537, 30.00231], [-91.18615, 30.00109], [-91.18406, 29.99863], [-91.18374, 29.99726], [-91.18401, 29.99615], [-91.18534, 29.99497], [-91.18642, 29.99478], [-91.18737, 29.99495], [-91.18843, 29.99572], [-91.18902, 29.99695], [-91.19064, 29.99806], [-91.19127, 29.99888], [-91.19131, 29.99797], [-91.19005, 29.99523], [-91.18966, 29.99294], [-91.19021, 29.99146], [-91.19175, 29.99008], [-91.1963, 29.99881], [-91.19628, 29.99943]], [[-91.09109, 30.1401], [-91.09654, 30.14306], [-91.09625, 30.14207], [-91.09616, 30.13519], [-91.09109, 30.1401]], [[-91.17382, 29.97229], [-91.17661, 29.96985], [-91.17696, 29.96945], [-91.17692, 29.96891], [-91.17387, 29.96431], [-91.17202, 29.96202], [-91.17138, 29.96164], [-91.17016, 29.96185], [-91.16905, 29.96155], [-91.16823, 29.96083], [-91.16777, 29.95987], [-91.16635, 29.96111], [-91.16465, 29.96179], [-91.16329, 29.96173], [-91.16116, 29.96076], [-91.1586, 29.96181], [-91.15638, 29.96199], [-91.15662, 29.96353], [-91.15799, 29.96316], [-91.15932, 29.96333], [-91.16054, 29.96409], [-91.16111, 29.96495], [-91.16137, 29.96612], [-91.16126, 29.97049], [-91.16075, 29.97238], [-91.15966, 29.97444], [-91.16096, 29.97499], [-91.16233, 29.97605], [-91.16305, 29.97725], [-91.16357, 29.97908], [-91.16639, 29.9796], [-91.1682, 29.97385], [-91.16908, 29.97287], [-91.17019, 29.9725], [-91.17146, 29.97256], [-91.17248, 29.97307], [-91.17305, 29.9738], [-91.17382, 29.97229]], [[-91.19203, 30.01477], [-91.19021, 30.01558], [-91.18898, 30.01567], [-91.18886, 30.01687], [-91.1882, 30.01811], [-91.18651, 30.0199], [-91.18908, 30.0198], [-91.19269, 30.01498], [-91.19203, 30.01477]], [[-91.18205, 30.02454], [-91.18233, 30.02549], [-91.18209, 30.02646], [-91.18317, 30.02779], [-91.18571, 30.02435], [-91.18205, 30.02454]]], [[[-91.13366, 29.92162], [-91.12931, 29.92164], [-91.12832, 29.92275], [-91.12712, 29.92318], [-91.12596, 29.92315], [-91.12517, 29.92426], [-91.12388, 29.92475], [-91.1221, 29.92431], [-91.12149, 29.92368], [-91.12119, 29.92276], [-91.11953, 29.92344], [-91.11666, 29.92311], [-91.11583, 29.92783], [-91.12427, 29.92942], [-91.12546, 29.93039], [-91.1256, 29.932], [-91.1246, 29.93313], [-91.12325, 29.93346], [-91.11504, 29.932], [-91.11444, 29.93489], [-91.11401, 29.93562], [-91.11285, 29.93632], [-91.11122, 29.93628], [-91.10999, 29.93535], [-91.10969, 29.93415], [-91.1117, 29.92366], [-91.11031, 29.92436], [-91.1087, 29.92414], [-91.10761, 29.92308], [-91.10744, 29.92147], [-91.10321, 29.92151], [-91.1029, 29.92304], [-91.10146, 29.92405], [-91.10028, 29.92409], [-91.09905, 29.9235], [-91.09836, 29.92221], [-91.09849, 29.91887], [-91.09578, 29.91867], [-91.09489, 29.918], [-91.09451, 29.91725], [-91.09461, 29.91602], [-91.09548, 29.91506], [-91.09658, 29.91469], [-91.09906, 29.91463], [-91.09903, 29.91314], [-91.09634, 29.9118], [-91.0957, 29.9112], [-91.09534, 29.91023], [-91.09546, 29.90941], [-91.09647, 29.9083], [-91.0983, 29.90803], [-91.10245, 29.90994], [-91.10355, 29.91116], [-91.10392, 29.91009], [-91.10477, 29.90938], [-91.1059, 29.90911], [-91.10705, 29.90933], [-91.10795, 29.90999], [-91.10834, 29.91074], [-91.10831, 29.91375], [-91.10709, 29.91499], [-91.10389, 29.91595], [-91.10389, 29.91728], [-91.11225, 29.9172], [-91.11232, 29.91393], [-91.11184, 29.91215], [-91.11236, 29.91038], [-91.11066, 29.91019], [-91.1098, 29.9098], [-91.10896, 29.90894], [-91.10865, 29.90795], [-91.10882, 29.90699], [-91.10935, 29.90619], [-91.1101, 29.90564], [-91.11118, 29.90539], [-91.1204, 29.91156], [-91.11753, 29.91157], [-91.11752, 29.91269], [-91.11852, 29.91309], [-91.11928, 29.91392], [-91.11948, 29.91558], [-91.12027, 29.91565], [-91.12074, 29.91483], [-91.12169, 29.91422], [-91.12329, 29.91406], [-91.12287, 29.91321], [-91.12577, 29.91514], [-91.13366, 29.92162]]], [[[-91.11076, 29.90515], [-91.10892, 29.90589], [-91.10748, 29.90587], [-91.09885, 29.90145], [-91.09804, 29.90075], [-91.09767, 29.89992], [-91.0977, 29.8991], [-91.09828, 29.89802], [-91.09848, 29.8978], [-91.10562, 29.90167], [-91.11076, 29.90515]]], [[[-91.13398, 30.19759], [-91.13315, 30.19829], [-91.13199, 30.19869], [-91.13095, 30.19866], [-91.13004, 30.1983], [-91.12841, 30.19618], [-91.12843, 30.1951], [-91.12888, 30.19432], [-91.1306, 30.19341], [-91.13164, 30.19341], [-91.13255, 30.19375], [-91.13422, 30.19574], [-91.13433, 30.19679], [-91.13398, 30.19759]]], [[[-91.13832, 30.20103], [-91.13854, 30.20234], [-91.13811, 30.20337], [-91.13658, 30.20473], [-91.13534, 30.20522], [-91.12928, 30.2045], [-91.12824, 30.20388], [-91.12769, 30.2029], [-91.12781, 30.20165], [-91.12874, 30.20065], [-91.1311, 30.1998], [-91.13506, 30.19894], [-91.13608, 30.19896], [-91.13698, 30.19931], [-91.13832, 30.20103]]], [[[-91.13062, 30.20563], [-91.13162, 30.20609], [-91.13219, 30.2067], [-91.1325, 30.20764], [-91.1324, 30.20839], [-91.13185, 30.20925], [-91.13118, 30.20971], [-91.12927, 30.2099], [-91.12776, 30.2089], [-91.12745, 30.2073], [-91.12792, 30.20642], [-91.12874, 30.20581], [-91.13062, 30.20563]]], [[[-91.03094, 29.96041], [-91.02164, 29.97726], [-91.02068, 29.98067], [-91.02051, 29.98249], [-91.02126, 29.98489], [-91.02316, 29.98627], [-91.02632, 29.98726], [-91.03838, 29.98685], [-91.04597, 29.9875], [-91.04972, 29.98839], [-91.05411, 29.9903], [-91.0564, 29.99219], [-91.05771, 29.99433], [-91.0582, 29.99828], [-91.05774, 29.99972], [-91.0567, 30.00096], [-91.05181, 30.0044], [-91.05007, 30.00592], [-91.049, 30.00743], [-91.0478, 30.01091], [-91.048, 30.01348], [-91.04943, 30.01853], [-91.05247, 30.02595], [-91.0537, 30.03053], [-91.05369, 30.03596], [-91.05263, 30.03992], [-91.05123, 30.04233], [-91.04904, 30.04524], [-91.04094, 30.0531], [-91.03621, 30.05863], [-91.0311, 30.06508], [-91.02938, 30.06866], [-91.02859, 30.07211], [-91.02895, 30.07514], [-91.02986, 30.07956], [-91.03147, 30.08345], [-91.03221, 30.08663], [-91.0319, 30.08937], [-91.02996, 30.09319], [-91.02858, 30.09487], [-91.0268, 30.09638], [-91.0239, 30.09798], [-91.02142, 30.09869], [-91.01569, 30.09923], [-91.00277, 30.09876], [-90.99773, 30.09924], [-90.9968, 30.09956], [-90.9962, 30.10028], [-90.99565, 30.10506], [-90.99388, 30.10776], [-90.99768, 30.10805], [-91.00214, 30.10802], [-91.00176, 30.10675], [-91.00221, 30.10547], [-91.00337, 30.10458], [-91.00471, 30.10441], [-91.00591, 30.10482], [-91.00677, 30.10584], [-91.00686, 30.10707], [-91.00611, 30.10835], [-91.01129, 30.10811], [-91.01709, 30.10866], [-91.02493, 30.10985], [-91.03065, 30.11145], [-91.03508, 30.11448], [-91.03598, 30.11545], [-91.03793, 30.1192], [-91.03829, 30.12062], [-91.03839, 30.12374], [-91.03794, 30.12546], [-91.0369, 30.12685], [-91.03368, 30.12974], [-91.03071, 30.13116], [-91.0291, 30.13277], [-91.02454, 30.13534], [-91.01951, 30.13762], [-91.01595, 30.13846], [-91.01227, 30.13984], [-91.00741, 30.14376], [-91.00606, 30.1452], [-91.0057, 30.14608], [-91.00562, 30.15011], [-91.00693, 30.15543], [-91.00678, 30.15665], [-91.00704, 30.15801], [-91.00768, 30.15952], [-91.00816, 30.16023], [-91.00828, 30.15798], [-91.00951, 30.15678], [-91.01067, 30.15656], [-91.01383, 30.15692], [-91.01391, 30.15668], [-91.01093, 30.1557], [-91.01033, 30.15507], [-91.01005, 30.15407], [-91.01052, 30.15265], [-91.01192, 30.15179], [-91.01237, 30.15049], [-91.01326, 30.14967], [-91.01408, 30.1493], [-91.01677, 30.1492], [-91.02533, 30.15245], [-91.0264, 30.15207], [-91.02759, 30.15218], [-91.02899, 30.15289], [-91.03079, 30.15434], [-91.03147, 30.1559], [-91.03127, 30.15834], [-91.0305, 30.15954], [-91.03014, 30.16167], [-91.02956, 30.16236], [-91.02872, 30.16279], [-91.02742, 30.16309], [-91.02466, 30.16303], [-91.02329, 30.16263], [-91.01014, 30.16186], [-91.00887, 30.16131], [-91.00901, 30.16168], [-91.01117, 30.16545], [-91.01344, 30.1681], [-91.01399, 30.16932], [-91.01794, 30.17468], [-91.01942, 30.17594], [-91.0206, 30.1776], [-91.02094, 30.17899], [-91.02332, 30.18265], [-91.02422, 30.18503], [-91.02768, 30.19048], [-91.03023, 30.19351], [-91.03571, 30.19811], [-91.04028, 30.2013], [-91.04496, 30.20384], [-91.0509, 30.20582], [-91.05819, 30.20698], [-91.05993, 30.20709], [-91.06289, 30.20613], [-91.06349, 30.20515], [-91.06462, 30.20448], [-91.06611, 30.20446], [-91.06729, 30.20513], [-91.06868, 30.20443], [-91.07395, 30.20279], [-91.08224, 30.20242], [-91.08642, 30.20274], [-91.09239, 30.20169], [-91.09614, 30.20064], [-91.09798, 30.19976], [-91.10027, 30.19812], [-91.10644, 30.19524], [-91.10792, 30.19435], [-91.10891, 30.19338], [-91.11059, 30.19265], [-91.11249, 30.1912], [-91.1134, 30.19083], [-91.11668, 30.18826], [-91.11855, 30.18743], [-91.12065, 30.1856], [-91.12345, 30.18398], [-91.12919, 30.17889], [-91.13084, 30.17813], [-91.13193, 30.17718], [-91.13389, 30.17632], [-91.13652, 30.17442], [-91.14323, 30.17294], [-91.14644, 30.17285], [-91.14899, 30.1733], [-91.15395, 30.17486], [-91.15582, 30.17574], [-91.16028, 30.17905], [-91.16337, 30.18215], [-91.16404, 30.18316], [-91.16687, 30.18571], [-91.16755, 30.18704], [-91.16852, 30.18814], [-91.1712, 30.19512], [-91.1714, 30.19633], [-91.17109, 30.19951], [-91.17124, 30.20107], [-91.1707, 30.20387], [-91.16875, 30.20778], [-91.16798, 30.21036], [-91.16542, 30.21423], [-91.1639, 30.21603], [-91.16222, 30.21704], [-91.16025, 30.21894], [-91.15835, 30.2203], [-91.15594, 30.22337], [-91.15202, 30.22614], [-91.15053, 30.22775], [-91.14843, 30.22869], [-91.14464, 30.23156], [-91.14385, 30.2325], [-91.13863, 30.23625], [-91.1371, 30.23692], [-91.13267, 30.23962], [-91.12749, 30.24178], [-91.12434, 30.24356], [-91.1191, 30.24553], [-91.11627, 30.24754], [-91.1159, 30.24826], [-91.11588, 30.25087], [-91.11638, 30.2529], [-91.1187, 30.25627], [-91.12367, 30.26034], [-91.11918, 30.26376], [-91.11178, 30.26836], [-91.10653, 30.26235], [-91.10439, 30.25833], [-91.10308, 30.25183], [-91.10337, 30.24728], [-91.10492, 30.24454], [-91.10638, 30.24267], [-91.11046, 30.23876], [-91.11585, 30.23615], [-91.11791, 30.23489], [-91.11884, 30.23391], [-91.12145, 30.23213], [-91.12553, 30.23017], [-91.13254, 30.22524], [-91.13718, 30.22051], [-91.14328, 30.21327], [-91.14529, 30.21033], [-91.14891, 30.2032], [-91.15023, 30.20169], [-91.15229, 30.19828], [-91.15265, 30.19715], [-91.15341, 30.18816], [-91.15302, 30.1871], [-91.15133, 30.18588], [-91.14756, 30.18473], [-91.14567, 30.18368], [-91.1441, 30.1832], [-91.14101, 30.18286], [-91.14004, 30.18298], [-91.13727, 30.1847], [-91.13607, 30.18618], [-91.1344, 30.18754], [-91.12981, 30.19299], [-91.12573, 30.19706], [-91.12305, 30.19911], [-91.11552, 30.2037], [-91.10904, 30.20811], [-91.10448, 30.21077], [-91.09506, 30.21502], [-91.09295, 30.21554], [-91.09161, 30.21621], [-91.08784, 30.21713], [-91.08722, 30.21777], [-91.08616, 30.21823], [-91.07768, 30.22011], [-91.0754, 30.22009], [-91.07446, 30.21962], [-91.07391, 30.219], [-91.0674, 30.21926], [-91.06311, 30.21867], [-91.0612, 30.2188], [-91.0577, 30.21857], [-91.05342, 30.21766], [-91.04874, 30.2171], [-91.03981, 30.21414], [-91.03733, 30.21278], [-91.03531, 30.21224], [-91.03459, 30.21173], [-91.0341, 30.21092], [-91.03154, 30.20968], [-91.02792, 30.20693], [-91.02191, 30.20118], [-91.01918, 30.19893], [-91.0165, 30.19552], [-91.01428, 30.19739], [-91.01178, 30.19817], [-91.00893, 30.19836], [-91.00614, 30.19699], [-91.00564, 30.19609], [-91.00561, 30.19529], [-91.00658, 30.19386], [-91.00778, 30.19336], [-91.00905, 30.19224], [-91.01018, 30.19207], [-91.01188, 30.19231], [-91.01363, 30.19146], [-91.01061, 30.18719], [-90.98941, 30.19973], [-90.99115, 30.20195], [-90.99381, 30.20059], [-90.99499, 30.20064], [-90.99582, 30.20103], [-90.99653, 30.20185], [-90.99671, 30.20266], [-90.99643, 30.20366], [-90.99583, 30.20429], [-90.9922, 30.20636], [-90.98998, 30.20661], [-90.9885, 30.20601], [-90.98674, 30.20383], [-90.98352, 30.2071], [-90.98241, 30.20745], [-90.98102, 30.20722], [-90.98014, 30.20653], [-90.97831, 30.204], [-90.97831, 30.20278], [-90.97891, 30.2019], [-90.98327, 30.19928], [-90.98377, 30.19811], [-90.98512, 30.19715], [-91.00847, 30.18347], [-90.99935, 30.17135], [-90.99619, 30.16592], [-90.99403, 30.16042], [-90.99361, 30.15281], [-90.99399, 30.14964], [-90.99399, 30.14641], [-90.99451, 30.14345], [-90.99697, 30.13965], [-91.00059, 30.13691], [-91.00143, 30.13484], [-90.98933, 30.13852], [-90.98275, 30.1392], [-90.98104, 30.14084], [-90.97757, 30.14291], [-90.97313, 30.14945], [-90.96965, 30.15166], [-90.96844, 30.15288], [-90.96725, 30.15324], [-90.96559, 30.15305], [-90.96428, 30.15369], [-90.96308, 30.15495], [-90.96199, 30.15549], [-90.9609, 30.15681], [-90.95781, 30.15775], [-90.95658, 30.15921], [-90.95542, 30.15994], [-90.95459, 30.16128], [-90.95306, 30.16206], [-90.95166, 30.16437], [-90.94942, 30.16554], [-90.94358, 30.16807], [-90.94196, 30.16801], [-90.94048, 30.1683], [-90.9189, 30.17313], [-90.9199, 30.17363], [-90.92087, 30.1749], [-90.92105, 30.17719], [-90.9206, 30.17793], [-90.91985, 30.17846], [-90.91657, 30.1793], [-90.91885, 30.18291], [-90.91987, 30.18236], [-90.91997, 30.18035], [-90.92104, 30.1791], [-90.92101, 30.17826], [-90.92139, 30.17733], [-90.92256, 30.17642], [-90.92373, 30.1762], [-90.92524, 30.17668], [-90.92616, 30.17793], [-90.92916, 30.17838], [-90.93033, 30.17906], [-90.93079, 30.17982], [-90.9309, 30.18092], [-90.92998, 30.18345], [-90.93156, 30.18301], [-90.93335, 30.18341], [-90.93476, 30.18313], [-90.93548, 30.18214], [-90.93485, 30.1808], [-90.93535, 30.17927], [-90.93408, 30.17833], [-90.93361, 30.17676], [-90.93188, 30.17688], [-90.9304, 30.17596], [-90.92989, 30.1751], [-90.92961, 30.17296], [-90.9299, 30.17195], [-90.93092, 30.17097], [-90.93185, 30.17066], [-90.93358, 30.17071], [-90.935, 30.17006], [-90.93741, 30.16993], [-90.93887, 30.17084], [-90.93937, 30.17255], [-90.93887, 30.17381], [-90.9396, 30.17481], [-90.94, 30.1775], [-90.94201, 30.17855], [-90.94336, 30.17763], [-90.94476, 30.17753], [-90.946, 30.17812], [-90.94659, 30.179], [-90.94639, 30.18061], [-90.94475, 30.18211], [-90.94263, 30.18314], [-90.94058, 30.18296], [-90.9387, 30.18564], [-90.93783, 30.18644], [-90.93556, 30.18738], [-90.93218, 30.18762], [-90.9306, 30.18928], [-90.93194, 30.18993], [-90.9331, 30.18991], [-90.93415, 30.19034], [-90.93489, 30.19115], [-90.9351, 30.19222], [-90.93461, 30.19361], [-90.93367, 30.19451], [-90.93222, 30.19485], [-90.9309, 30.19447], [-90.93075, 30.1962], [-90.92976, 30.19734], [-90.92863, 30.19768], [-90.92746, 30.19751], [-90.92264, 30.195], [-90.9219, 30.19348], [-90.92223, 30.19204], [-90.92352, 30.19097], [-90.92504, 30.19076], [-90.92332, 30.18979], [-90.92004, 30.19128], [-90.91782, 30.1915], [-90.91783, 30.19298], [-90.91728, 30.19394], [-90.91509, 30.19608], [-90.91267, 30.19758], [-90.9115, 30.19882], [-90.91152, 30.19976], [-90.91311, 30.20017], [-90.91394, 30.19956], [-90.91501, 30.19924], [-90.916, 30.19932], [-90.91699, 30.19982], [-90.91761, 30.20066], [-90.91779, 30.20164], [-90.91723, 30.20316], [-90.91822, 30.20422], [-90.91896, 30.206], [-90.91967, 30.20619], [-90.92021, 30.20539], [-90.92091, 30.20495], [-90.92031, 30.20395], [-90.92026, 30.20268], [-90.92055, 30.20186], [-90.92137, 30.20108], [-90.92244, 30.20075], [-90.92739, 30.2007], [-90.92897, 30.20119], [-90.92959, 30.20182], [-90.92989, 30.20282], [-90.9298, 30.20394], [-90.92916, 30.20488], [-90.92793, 30.20547], [-90.92424, 30.20562], [-90.92507, 30.20696], [-90.92594, 30.20726], [-90.92923, 30.20733], [-90.93056, 30.20815], [-90.93098, 30.20896], [-90.93132, 30.21101], [-90.93089, 30.21195], [-90.9298, 30.2127], [-90.92797, 30.21277], [-90.92649, 30.21167], [-90.92522, 30.21167], [-90.92364, 30.21123], [-90.92082, 30.21127], [-90.91926, 30.21079], [-90.91624, 30.20958], [-90.91508, 30.20859], [-90.9142, 30.20716], [-90.91274, 30.2076], [-90.91102, 30.20726], [-90.91034, 30.20669], [-90.90994, 30.20575], [-90.90929, 30.2064], [-90.90845, 30.20676], [-90.90673, 30.20681], [-90.90586, 30.20657], [-90.90469, 30.20532], [-90.90464, 30.20367], [-90.90534, 30.2025], [-90.90672, 30.20189], [-90.90667, 30.20095], [-90.90478, 30.20092], [-90.90323, 30.20028], [-90.90096, 30.20083], [-90.89762, 30.20023], [-90.89602, 30.19929], [-90.8944, 30.19724], [-90.8926, 30.19741], [-90.8906, 30.19703], [-90.88949, 30.19878], [-90.88752, 30.19946], [-90.88098, 30.19916], [-90.87993, 30.19889], [-90.8782, 30.19787], [-90.87656, 30.19603], [-90.87653, 30.19418], [-90.87582, 30.19342], [-90.87547, 30.19254], [-90.87564, 30.19076], [-90.87443, 30.18932], [-90.87302, 30.18861], [-90.87234, 30.18762], [-90.87131, 30.18709], [-90.87067, 30.1863], [-90.86986, 30.18335], [-90.87023, 30.18215], [-90.86916, 30.18268], [-90.86806, 30.18273], [-90.86647, 30.1822], [-90.86557, 30.18129], [-90.86553, 30.17959], [-90.86718, 30.17801], [-90.86852, 30.17767], [-90.86982, 30.17771], [-90.87084, 30.17815], [-90.87149, 30.17888], [-90.87218, 30.17766], [-90.86715, 30.17481], [-90.86606, 30.17379], [-90.86547, 30.17246], [-90.8594, 30.1764], [-90.85887, 30.17745], [-90.8608, 30.17781], [-90.8619, 30.17857], [-90.86232, 30.17994], [-90.86165, 30.18123], [-90.86043, 30.18183], [-90.85876, 30.18191], [-90.85601, 30.18336], [-90.85334, 30.18344], [-90.85334, 30.18472], [-90.85446, 30.18424], [-90.85572, 30.18429], [-90.85673, 30.1848], [-90.85775, 30.18586], [-90.85815, 30.18728], [-90.85756, 30.18843], [-90.85579, 30.18948], [-90.8541, 30.18947], [-90.85239, 30.18839], [-90.85188, 30.18758], [-90.85178, 30.18675], [-90.85073, 30.1869], [-90.84974, 30.18858], [-90.84936, 30.18992], [-90.84893, 30.1915], [-90.84969, 30.19372], [-90.85522, 30.19943], [-90.8567, 30.20053], [-90.86039, 30.20255], [-90.87321, 30.20685], [-90.87736, 30.20869], [-90.87889, 30.21008], [-90.87925, 30.2119], [-90.87908, 30.21304], [-90.87946, 30.21336], [-90.88122, 30.21299], [-90.88274, 30.21343], [-90.8837, 30.21441], [-90.88481, 30.21419], [-90.88104, 30.2113], [-90.88037, 30.21025], [-90.88033, 30.20936], [-90.88067, 30.20855], [-90.88177, 30.20754], [-90.88267, 30.20721], [-90.88413, 30.20727], [-90.88555, 30.20796], [-90.88677, 30.20898], [-90.88739, 30.21001], [-90.89086, 30.2102], [-90.89207, 30.21077], [-90.89264, 30.21148], [-90.89287, 30.2124], [-90.89268, 30.21386], [-90.89205, 30.21472], [-90.89313, 30.21591], [-90.89315, 30.2173], [-90.8925, 30.2182], [-90.89034, 30.21952], [-90.8887, 30.21945], [-90.88737, 30.21838], [-90.88647, 30.2189], [-90.88552, 30.21906], [-90.88576, 30.22011], [-90.88693, 30.2209], [-90.88751, 30.2221], [-90.88993, 30.22279], [-90.89218, 30.22289], [-90.89328, 30.22321], [-90.89435, 30.22207], [-90.89626, 30.22175], [-90.89733, 30.22217], [-90.89801, 30.22284], [-90.89979, 30.22332], [-90.90223, 30.22516], [-90.90483, 30.22531], [-90.90795, 30.22594], [-90.90928, 30.22507], [-90.91108, 30.22516], [-90.91209, 30.22568], [-90.91262, 30.22635], [-90.91265, 30.2284], [-90.91302, 30.22937], [-90.9141, 30.22962], [-90.91436, 30.22742], [-90.91341, 30.22694], [-90.91278, 30.22616], [-90.91273, 30.22425], [-90.91396, 30.22298], [-90.91549, 30.22273], [-90.91625, 30.22217], [-90.9174, 30.22192], [-90.91841, 30.22201], [-90.91941, 30.22251], [-90.9203, 30.22428], [-90.923, 30.22388], [-90.92596, 30.22442], [-90.927, 30.22497], [-90.93061, 30.22442], [-90.93457, 30.22542], [-90.93664, 30.22494], [-90.93849, 30.22536], [-90.94187, 30.22519], [-90.94305, 30.22568], [-90.94374, 30.22642], [-90.94544, 30.22704], [-90.94659, 30.22848], [-90.94827, 30.22853], [-90.95029, 30.22801], [-90.95154, 30.22802], [-90.95252, 30.22836], [-90.95335, 30.22824], [-90.95278, 30.22693], [-90.95294, 30.22589], [-90.95454, 30.22405], [-90.95637, 30.22333], [-90.95678, 30.22127], [-90.95729, 30.22018], [-90.95976, 30.21782], [-90.96109, 30.21729], [-90.9625, 30.2171], [-90.96328, 30.21571], [-90.96412, 30.21487], [-90.96496, 30.21341], [-90.96465, 30.21239], [-90.96484, 30.21145], [-90.96634, 30.20993], [-90.96638, 30.2088], [-90.96719, 30.20628], [-90.96846, 30.20539], [-90.9701, 30.20541], [-90.97146, 30.20651], [-90.97187, 30.20868], [-90.97121, 30.20993], [-90.97103, 30.21132], [-90.97011, 30.21277], [-90.97004, 30.21423], [-90.96833, 30.21713], [-90.96724, 30.21827], [-90.96734, 30.22011], [-90.96938, 30.21996], [-90.97063, 30.22056], [-90.97128, 30.22156], [-90.97162, 30.22348], [-90.97171, 30.22551], [-90.97121, 30.22652], [-90.97381, 30.22658], [-90.97468, 30.22709], [-90.9752, 30.2278], [-90.97588, 30.23229], [-90.97541, 30.23333], [-90.97432, 30.23407], [-90.97142, 30.23419], [-90.97053, 30.23382], [-90.96978, 30.23307], [-90.96948, 30.23211], [-90.96942, 30.22861], [-90.96999, 30.22723], [-90.96508, 30.22733], [-90.96447, 30.22843], [-90.96306, 30.22909], [-90.96161, 30.22898], [-90.96012, 30.22821], [-90.95912, 30.22873], [-90.95946, 30.23047], [-90.95916, 30.23164], [-90.95855, 30.23259], [-90.95756, 30.23333], [-90.95556, 30.23363], [-90.95323, 30.23267], [-90.95048, 30.23279], [-90.94921, 30.23319], [-90.94925, 30.23454], [-90.95106, 30.23584], [-90.9526, 30.23624], [-90.95348, 30.23719], [-90.95354, 30.23862], [-90.95234, 30.23985], [-90.95119, 30.24009], [-90.94901, 30.23982], [-90.94561, 30.23744], [-90.94376, 30.23835], [-90.94256, 30.23963], [-90.94154, 30.24014], [-90.93977, 30.2406], [-90.93653, 30.24052], [-90.93499, 30.2424], [-90.93339, 30.24361], [-90.93133, 30.24482], [-90.93035, 30.24505], [-90.92576, 30.24453], [-90.92424, 30.24375], [-90.92255, 30.24203], [-90.9177, 30.2418], [-90.91841, 30.24244], [-90.91874, 30.2432], [-90.91831, 30.24532], [-90.91737, 30.2463], [-90.91624, 30.24677], [-90.91523, 30.24684], [-90.9139, 30.24631], [-90.9122, 30.24404], [-90.91084, 30.2437], [-90.90991, 30.24277], [-90.90966, 30.24189], [-90.90979, 30.24023], [-90.91049, 30.23935], [-90.91143, 30.2389], [-90.90754, 30.23903], [-90.90531, 30.23836], [-90.90385, 30.23711], [-90.90325, 30.23536], [-90.90159, 30.23537], [-90.90023, 30.23746], [-90.89908, 30.23815], [-90.89803, 30.23839], [-90.89624, 30.23823], [-90.89492, 30.2375], [-90.89393, 30.23726], [-90.88985, 30.23707], [-90.88713, 30.2361], [-90.88591, 30.23459], [-90.88419, 30.23486], [-90.88201, 30.23436], [-90.88093, 30.23348], [-90.88042, 30.2322], [-90.87844, 30.23216], [-90.87304, 30.23046], [-90.87143, 30.22938], [-90.8709, 30.22806], [-90.86974, 30.22808], [-90.86779, 30.2289], [-90.86654, 30.22887], [-90.86319, 30.22771], [-90.86211, 30.22689], [-90.8616, 30.2259], [-90.86084, 30.22584], [-90.85553, 30.22729], [-90.85381, 30.22728], [-90.85256, 30.2267], [-90.85195, 30.2261], [-90.85, 30.22601], [-90.84885, 30.22568], [-90.84668, 30.22384], [-90.84395, 30.22426], [-90.84175, 30.22373], [-90.84056, 30.223], [-90.83913, 30.22127], [-90.8376, 30.22171], [-90.83594, 30.22151], [-90.83479, 30.22319], [-90.83263, 30.22388], [-90.83101, 30.22369], [-90.82948, 30.22261], [-90.82875, 30.22239], [-90.82764, 30.2231], [-90.82545, 30.22352], [-90.82431, 30.22345], [-90.82331, 30.22306], [-90.82187, 30.22334], [-90.82044, 30.22312], [-90.81953, 30.22257], [-90.8187, 30.22154], [-90.8184, 30.22041], [-90.81859, 30.21941], [-90.81748, 30.21785], [-90.81754, 30.21462], [-90.81669, 30.21272], [-90.81556, 30.21117], [-90.81552, 30.21006], [-90.81598, 30.20907], [-90.8155, 30.20809], [-90.81504, 30.20555], [-90.80978, 30.20561], [-90.80489, 30.206], [-90.80513, 30.20951], [-90.80493, 30.21029], [-90.80414, 30.21118], [-90.80302, 30.21163], [-90.80259, 30.21287], [-90.80149, 30.21362], [-90.80031, 30.21377], [-90.79779, 30.21342], [-90.797, 30.213], [-90.79637, 30.21217], [-90.7949, 30.21343], [-90.79382, 30.21381], [-90.79239, 30.21372], [-90.79088, 30.21275], [-90.79351, 30.2213], [-90.79439, 30.22346], [-90.7953, 30.22462], [-90.79544, 30.22618], [-90.79503, 30.22732], [-90.79643, 30.2275], [-90.79844, 30.22892], [-90.79885, 30.22985], [-90.79858, 30.23118], [-90.7989, 30.23182], [-90.79917, 30.23178], [-90.79917, 30.22999], [-90.79887, 30.22879], [-90.79961, 30.22626], [-90.80086, 30.22539], [-90.80133, 30.22445], [-90.80224, 30.22381], [-90.80563, 30.22369], [-90.80743, 30.22471], [-90.80816, 30.22581], [-90.80819, 30.22684], [-90.80745, 30.22893], [-90.80748, 30.23016], [-90.81086, 30.23163], [-90.82313, 30.23144], [-90.82437, 30.23164], [-90.82649, 30.23246], [-90.82775, 30.23322], [-90.82843, 30.23406], [-90.82896, 30.23567], [-90.82899, 30.23779], [-90.82936, 30.2385], [-90.83045, 30.23914], [-90.83098, 30.24002], [-90.83167, 30.24242], [-90.83105, 30.24395], [-90.82971, 30.24473], [-90.82823, 30.24475], [-90.82753, 30.24512], [-90.82613, 30.24714], [-90.82504, 30.24792], [-90.82366, 30.24811], [-90.82204, 30.24737], [-90.82155, 30.24759], [-90.82135, 30.24799], [-90.82218, 30.24936], [-90.8221, 30.25041], [-90.82057, 30.25249], [-90.81984, 30.25307], [-90.81864, 30.25341], [-90.81738, 30.25324], [-90.81566, 30.25394], [-90.81403, 30.25387], [-90.81307, 30.25346], [-90.81207, 30.25388], [-90.81065, 30.25399], [-90.80929, 30.25382], [-90.80838, 30.25329], [-90.80641, 30.25311], [-90.80696, 30.26702], [-90.8067, 30.26809], [-90.81373, 30.27279], [-90.81558, 30.27526], [-90.80982, 30.27213], [-90.78964, 30.25861], [-90.7711, 30.24343], [-90.75436, 30.22675], [-90.73959, 30.20872], [-90.72693, 30.18952], [-90.7165, 30.16933], [-90.70841, 30.14835], [-90.70272, 30.12678], [-90.69949, 30.10483], [-90.69876, 30.08271], [-90.69939, 30.07474], [-90.70273, 30.07563], [-90.70316, 30.07373], [-90.70365, 30.0729], [-90.70179, 30.06985], [-90.70163, 30.0688], [-90.70239, 30.0675], [-90.70549, 30.06596], [-90.70316, 30.06221], [-90.70287, 30.06121], [-90.70328, 30.06003], [-90.70449, 30.05919], [-90.70529, 30.05782], [-90.71028, 30.05523], [-90.71241, 30.05449], [-90.71323, 30.05379], [-90.71797, 30.05141], [-90.71936, 30.05113], [-90.72081, 30.0504], [-90.72198, 30.05031], [-90.72313, 30.05076], [-90.72724, 30.04908], [-90.72837, 30.04924], [-90.72997, 30.05014], [-90.73242, 30.04894], [-90.73381, 30.04915], [-90.73476, 30.0499], [-90.73549, 30.04968], [-90.73754, 30.04703], [-90.73734, 30.04592], [-90.73792, 30.04477], [-90.73914, 30.04412], [-90.7413, 30.04385], [-90.74245, 30.04416], [-90.74329, 30.04491], [-90.7451, 30.0495], [-90.74624, 30.04958], [-90.74708, 30.04999], [-90.74814, 30.05176], [-90.74922, 30.05148], [-90.75107, 30.05172], [-90.7526, 30.05256], [-90.75306, 30.05388], [-90.75275, 30.05518], [-90.75283, 30.05657], [-90.75233, 30.05795], [-90.75353, 30.05804], [-90.7543, 30.05837], [-90.75581, 30.05758], [-90.75509, 30.05655], [-90.75509, 30.05514], [-90.75636, 30.05261], [-90.75761, 30.05181], [-90.75802, 30.04809], [-90.75678, 30.04732], [-90.75632, 30.04597], [-90.75681, 30.04328], [-90.75764, 30.0423], [-90.75894, 30.04188], [-90.76166, 30.04215], [-90.76194, 30.04115], [-90.76248, 30.04049], [-90.76418, 30.03993], [-90.7658, 30.04012], [-90.76668, 30.04057], [-90.76824, 30.04029], [-90.77528, 30.04131], [-90.77648, 30.04117], [-90.7819, 30.04175], [-90.78311, 30.04233], [-90.7837, 30.04319], [-90.78356, 30.04646], [-90.78571, 30.0474], [-90.7862, 30.04812], [-90.78632, 30.04896], [-90.78833, 30.0488], [-90.78936, 30.04928], [-90.78991, 30.04993], [-90.79014, 30.05072], [-90.78998, 30.05361], [-90.78946, 30.0545], [-90.78865, 30.05504], [-90.7895, 30.05527], [-90.79227, 30.05462], [-90.79257, 30.05354], [-90.79356, 30.05269], [-90.79609, 30.05199], [-90.79727, 30.05204], [-90.79829, 30.05258], [-90.79888, 30.05341], [-90.79989, 30.05415], [-90.80062, 30.05671], [-90.80336, 30.05618], [-90.80427, 30.05643], [-90.805, 30.05697], [-90.80634, 30.05886], [-90.80784, 30.06223], [-90.80791, 30.06298], [-90.80952, 30.06226], [-90.8106, 30.06212], [-90.81618, 30.05973], [-90.81731, 30.05961], [-90.81857, 30.06006], [-90.82402, 30.06391], [-90.82469, 30.06497], [-90.82465, 30.06602], [-90.82803, 30.07044], [-90.82831, 30.07145], [-90.82812, 30.07226], [-90.82757, 30.07295], [-90.82336, 30.07579], [-90.826, 30.07909], [-90.82725, 30.08018], [-90.82992, 30.07799], [-90.82896, 30.07719], [-90.82851, 30.07626], [-90.82869, 30.07507], [-90.8294, 30.07427], [-90.83117, 30.07348], [-90.83282, 30.07387], [-90.83914, 30.06904], [-90.84057, 30.06888], [-90.84186, 30.06947], [-90.84356, 30.07186], [-90.84357, 30.07286], [-90.84319, 30.0736], [-90.8313, 30.08383], [-90.83025, 30.08434], [-90.82958, 30.0853], [-90.83078, 30.08649], [-90.83594, 30.08107], [-90.8372, 30.0805], [-90.83839, 30.08057], [-90.84137, 30.0817], [-90.84275, 30.08046], [-90.84433, 30.08022], [-90.84798, 30.08215], [-90.84867, 30.08323], [-90.84855, 30.08445], [-90.84708, 30.08687], [-90.84596, 30.08755], [-90.84451, 30.0892], [-90.84822, 30.09009], [-90.84944, 30.09127], [-90.84946, 30.09267], [-90.84805, 30.09537], [-90.8474, 30.096], [-90.84637, 30.09638], [-90.84674, 30.09736], [-90.84651, 30.09841], [-90.84811, 30.09889], [-90.84903, 30.09986], [-90.84922, 30.10069], [-90.849, 30.10158], [-90.85412, 30.10269], [-90.85485, 30.10098], [-90.85562, 30.10047], [-90.85679, 30.10026], [-90.86263, 30.10197], [-90.8639, 30.09926], [-90.86327, 30.09837], [-90.86321, 30.09736], [-90.86571, 30.08979], [-90.8663, 30.0889], [-90.8673, 30.08836], [-90.86847, 30.0883], [-90.87081, 30.08904], [-90.87257, 30.08886], [-90.87424, 30.08957], [-90.87499, 30.09039], [-90.8752, 30.09122], [-90.87501, 30.09205], [-90.87203, 30.09693], [-90.87397, 30.09532], [-90.87512, 30.09518], [-90.87627, 30.09555], [-90.87945, 30.09247], [-90.88061, 30.09224], [-90.88219, 30.09146], [-90.88311, 30.09149], [-90.88413, 30.09194], [-90.88496, 30.09271], [-90.88534, 30.09366], [-90.88518, 30.09465], [-90.88468, 30.09533], [-90.88511, 30.09791], [-90.88464, 30.09907], [-90.88355, 30.09981], [-90.88393, 30.10142], [-90.88304, 30.10279], [-90.87695, 30.10473], [-90.87507, 30.10721], [-90.87436, 30.10774], [-90.87052, 30.10826], [-90.87026, 30.10997], [-90.86969, 30.11064], [-90.86887, 30.11107], [-90.86238, 30.11246], [-90.86142, 30.11241], [-90.86052, 30.11201], [-90.85322, 30.11264], [-90.85312, 30.12236], [-90.86743, 30.12251], [-90.86764, 30.12101], [-90.86881, 30.12006], [-90.88211, 30.1176], [-90.88346, 30.11794], [-90.88427, 30.1187], [-90.8861, 30.12334], [-90.88611, 30.12454], [-90.88537, 30.12556], [-90.88457, 30.12596], [-90.88149, 30.12661], [-90.88215, 30.12785], [-90.88372, 30.12766], [-90.88496, 30.12823], [-90.88605, 30.12988], [-90.88622, 30.13085], [-90.88028, 30.1445], [-90.88093, 30.1453], [-90.88189, 30.1482], [-90.88433, 30.14726], [-90.88594, 30.14734], [-90.88725, 30.14846], [-90.88741, 30.15028], [-90.88689, 30.15124], [-90.88361, 30.15401], [-90.88279, 30.15439], [-90.88127, 30.15456], [-90.88069, 30.15506], [-90.88037, 30.15625], [-90.87927, 30.15727], [-90.88, 30.1592], [-90.88106, 30.15927], [-90.88222, 30.15986], [-90.88387, 30.16218], [-90.88387, 30.16374], [-90.8826, 30.16495], [-90.8831, 30.1663], [-90.88301, 30.16731], [-90.88212, 30.16865], [-90.88111, 30.16921], [-90.8747, 30.16939], [-90.87364, 30.17113], [-90.87198, 30.17183], [-90.87184, 30.1722], [-90.87331, 30.17308], [-90.87436, 30.17168], [-90.87551, 30.17105], [-90.87642, 30.17097], [-90.87999, 30.17158], [-90.88334, 30.17281], [-90.89012, 30.17607], [-90.89118, 30.17711], [-90.89136, 30.17811], [-90.89098, 30.17906], [-90.88832, 30.18104], [-90.87643, 30.18135], [-90.87606, 30.18257], [-90.87521, 30.18377], [-90.87668, 30.18541], [-90.87837, 30.18638], [-90.87906, 30.18775], [-90.88016, 30.18887], [-90.88065, 30.19026], [-90.88046, 30.19163], [-90.88151, 30.19307], [-90.88167, 30.19459], [-90.88228, 30.19498], [-90.8858, 30.19503], [-90.88678, 30.19344], [-90.88824, 30.19272], [-90.89084, 30.19276], [-90.89264, 30.19312], [-90.89641, 30.19294], [-90.89796, 30.19353], [-90.89852, 30.19416], [-90.89883, 30.19509], [-90.89984, 30.19634], [-90.90016, 30.1964], [-90.90132, 30.19583], [-90.90272, 30.19582], [-90.90343, 30.19461], [-90.90473, 30.19403], [-90.90647, 30.19428], [-90.90771, 30.19533], [-90.9092, 30.19415], [-90.91057, 30.19372], [-90.91177, 30.19297], [-90.91295, 30.19168], [-90.91299, 30.18995], [-90.91191, 30.18983], [-90.91083, 30.18932], [-90.91013, 30.19021], [-90.90887, 30.1907], [-90.90391, 30.19088], [-90.90256, 30.19044], [-90.90167, 30.18921], [-90.90161, 30.18688], [-90.90125, 30.18578], [-90.90149, 30.18487], [-90.89988, 30.18403], [-90.89919, 30.18301], [-90.89933, 30.18157], [-90.9003, 30.18059], [-90.90119, 30.1803], [-90.90266, 30.18029], [-90.9033, 30.17901], [-90.90459, 30.17818], [-90.9062, 30.17808], [-90.90765, 30.17722], [-90.90905, 30.17729], [-90.90863, 30.17528], [-90.90764, 30.175], [-90.90693, 30.17445], [-90.90645, 30.17301], [-90.90547, 30.17199], [-90.90523, 30.17099], [-90.90575, 30.16968], [-90.90681, 30.16894], [-90.90793, 30.16872], [-90.90967, 30.16901], [-90.9094, 30.16871], [-90.90767, 30.16821], [-90.90671, 30.16716], [-90.90658, 30.16601], [-90.90729, 30.16374], [-90.90404, 30.16302], [-90.90304, 30.16242], [-90.90245, 30.16128], [-90.90269, 30.15964], [-90.90165, 30.15954], [-90.90068, 30.15899], [-90.89806, 30.15543], [-90.89807, 30.15385], [-90.89999, 30.1507], [-90.90066, 30.15011], [-90.90179, 30.14976], [-90.90354, 30.14992], [-90.90633, 30.1494], [-90.90759, 30.14965], [-90.90866, 30.1493], [-90.91296, 30.14895], [-90.91452, 30.14981], [-90.91496, 30.15097], [-90.91462, 30.15239], [-90.9155, 30.15242], [-90.9162, 30.15189], [-90.91722, 30.1516], [-90.91749, 30.15129], [-90.91733, 30.15036], [-90.91764, 30.14942], [-90.91839, 30.1487], [-90.91924, 30.14837], [-90.92094, 30.14825], [-90.92183, 30.14845], [-90.92401, 30.15038], [-90.92332, 30.14893], [-90.92353, 30.14681], [-90.92388, 30.14606], [-90.92473, 30.14536], [-90.92636, 30.14473], [-90.928, 30.14478], [-90.93058, 30.1468], [-90.93112, 30.14898], [-90.93023, 30.15037], [-90.93224, 30.15141], [-90.93342, 30.15258], [-90.93386, 30.15361], [-90.93401, 30.15528], [-90.93768, 30.15387], [-90.93977, 30.15393], [-90.94118, 30.15481], [-90.94163, 30.15577], [-90.94161, 30.15835], [-90.94277, 30.16023], [-90.94312, 30.16176], [-90.94276, 30.16268], [-90.94213, 30.1633], [-90.94094, 30.16377], [-90.93994, 30.1638], [-90.94006, 30.16399], [-90.94271, 30.16369], [-90.94799, 30.16134], [-90.94912, 30.15936], [-90.95058, 30.15842], [-90.95146, 30.15684], [-90.95322, 30.15615], [-90.95381, 30.15515], [-90.95529, 30.15392], [-90.95793, 30.15302], [-90.95961, 30.1512], [-90.96165, 30.15008], [-90.96253, 30.14882], [-90.96406, 30.14835], [-90.96602, 30.14869], [-90.9696, 30.14647], [-90.97384, 30.14018], [-90.97522, 30.13906], [-90.97796, 30.13754], [-90.98028, 30.13543], [-90.98129, 30.13507], [-90.98822, 30.13439], [-90.99965, 30.13108], [-91.00082, 30.13122], [-91.00178, 30.13181], [-91.00231, 30.13273], [-91.00229, 30.1337], [-91.00434, 30.13232], [-91.00553, 30.13106], [-91.00853, 30.12955], [-91.01061, 30.12781], [-91.01275, 30.12674], [-91.01424, 30.12547], [-91.01565, 30.12503], [-91.01737, 30.12495], [-91.01956, 30.12426], [-91.02101, 30.12361], [-91.02395, 30.12125], [-91.02229, 30.12038], [-91.02063, 30.1202], [-91.00435, 30.12031], [-90.989, 30.11936], [-90.98033, 30.11755], [-90.97547, 30.11682], [-90.96886, 30.11493], [-90.9654, 30.11556], [-90.96274, 30.1151], [-90.96144, 30.114], [-90.95406, 30.11395], [-90.95312, 30.11431], [-90.95286, 30.116], [-90.95229, 30.11707], [-90.95363, 30.12201], [-90.95326, 30.12445], [-90.95366, 30.12763], [-90.95323, 30.12885], [-90.95312, 30.13066], [-90.95205, 30.13373], [-90.94886, 30.1375], [-90.94582, 30.13901], [-90.94331, 30.14089], [-90.94098, 30.14167], [-90.93998, 30.14176], [-90.93631, 30.14146], [-90.9335, 30.14153], [-90.9289, 30.1406], [-90.92161, 30.13668], [-90.91639, 30.13172], [-90.91195, 30.12364], [-90.9107, 30.11974], [-90.90935, 30.11287], [-90.90882, 30.1118], [-90.90868, 30.10998], [-90.90791, 30.10767], [-90.90783, 30.10584], [-90.90661, 30.10021], [-90.90653, 30.0981], [-90.90583, 30.09422], [-90.90479, 30.09201], [-90.90477, 30.09065], [-90.90426, 30.0899], [-90.90219, 30.08424], [-90.90178, 30.0823], [-90.90027, 30.0795], [-90.89739, 30.07593], [-90.88986, 30.06787], [-90.88845, 30.06705], [-90.88663, 30.06649], [-90.88335, 30.06654], [-90.87809, 30.0672], [-90.87428, 30.06819], [-90.8735, 30.06883], [-90.87261, 30.06912], [-90.87126, 30.069], [-90.86897, 30.06936], [-90.86302, 30.06956], [-90.85926, 30.06918], [-90.85176, 30.06656], [-90.84744, 30.06374], [-90.84433, 30.06081], [-90.84247, 30.05968], [-90.84136, 30.05848], [-90.83988, 30.05613], [-90.83867, 30.05492], [-90.83721, 30.05209], [-90.83619, 30.04872], [-90.83438, 30.04575], [-90.832, 30.03608], [-90.83166, 30.03337], [-90.82956, 30.02783], [-90.82951, 30.02469], [-90.82643, 30.01189], [-90.82522, 30.00402], [-90.82504, 30.00042], [-90.82331, 29.99338], [-90.82188, 29.99006], [-90.81876, 29.98587], [-90.81562, 29.98703], [-90.81352, 29.98966], [-90.81098, 29.99374], [-90.80714, 29.99845], [-90.798, 30.00715], [-90.79278, 30.01162], [-90.78945, 30.01376], [-90.78531, 30.01596], [-90.77573, 30.01881], [-90.76909, 30.02041], [-90.76724, 30.02064], [-90.76266, 30.02059], [-90.75495, 30.01984], [-90.7526, 30.02053], [-90.74602, 30.02058], [-90.74286, 30.0212], [-90.73611, 30.02014], [-90.73708, 30.0212], [-90.73733, 30.02288], [-90.73638, 30.02407], [-90.73471, 30.02456], [-90.73358, 30.02435], [-90.73284, 30.02387], [-90.73236, 30.02318], [-90.73208, 30.02193], [-90.73241, 30.02091], [-90.73307, 30.02025], [-90.73493, 30.01977], [-90.73262, 30.01932], [-90.73097, 30.0193], [-90.72734, 30.0185], [-90.72551, 30.0186], [-90.72406, 30.01913], [-90.72392, 30.01998], [-90.72318, 30.02102], [-90.7216, 30.02174], [-90.71988, 30.02302], [-90.71697, 30.02431], [-90.71542, 30.02443], [-90.71454, 30.02511], [-90.71314, 30.0254], [-90.70719, 30.03103], [-90.71143, 30.01747], [-90.71315, 30.01352], [-90.71438, 30.01313], [-90.72108, 30.00943], [-90.72482, 30.00861], [-90.72605, 30.00779], [-90.72764, 30.00757], [-90.72994, 30.00675], [-90.73227, 30.00689], [-90.73369, 30.0067], [-90.73765, 30.00738], [-90.74447, 30.01011], [-90.74792, 30.01081], [-90.76066, 30.0096], [-90.77436, 30.00623], [-90.77776, 30.00472], [-90.78139, 30.00265], [-90.78553, 29.99918], [-90.78974, 29.9963], [-90.79306, 29.99324], [-90.79976, 29.98821], [-90.80195, 29.98709], [-90.80304, 29.98597], [-90.8045, 29.9852], [-90.80701, 29.98102], [-90.80822, 29.97993], [-90.81349, 29.97738], [-90.81402, 29.97644], [-90.81603, 29.97478], [-90.82046, 29.97429], [-90.82086, 29.97291], [-90.82219, 29.97202], [-90.82371, 29.97189], [-90.82462, 29.97215], [-90.82561, 29.97305], [-90.82589, 29.97433], [-90.82681, 29.97486], [-90.8274, 29.97578], [-90.82744, 29.97684], [-90.82682, 29.97787], [-90.82812, 29.97872], [-90.83222, 29.98372], [-90.8363, 29.99162], [-90.83677, 29.99338], [-90.83794, 29.99302], [-90.83912, 29.99316], [-90.84009, 29.99378], [-90.84063, 29.99464], [-90.84069, 29.99566], [-90.84019, 29.99659], [-90.83907, 29.9973], [-90.83774, 29.99743], [-90.83826, 30.00237], [-90.83959, 30.00158], [-90.84137, 30.00164], [-90.84261, 30.0026], [-90.84294, 30.00402], [-90.84259, 30.00509], [-90.8416, 30.0059], [-90.84016, 30.00615], [-90.83899, 30.00581], [-90.83907, 30.008], [-90.84027, 30.01318], [-90.84097, 30.01375], [-90.84139, 30.01468], [-90.84138, 30.01594], [-90.84081, 30.01719], [-90.8414, 30.02156], [-90.84517, 30.03657], [-90.84567, 30.04029], [-90.84621, 30.04125], [-90.84677, 30.04362], [-90.84669, 30.04604], [-90.84997, 30.05286], [-90.85313, 30.05565], [-90.85494, 30.05658], [-90.85814, 30.05734], [-90.86166, 30.05771], [-90.86392, 30.05832], [-90.87085, 30.05882], [-90.87508, 30.05843], [-90.88378, 30.05711], [-90.88532, 30.05718], [-90.88635, 30.05752], [-90.88959, 30.05761], [-90.89614, 30.05941], [-90.89944, 30.06118], [-90.90145, 30.06257], [-90.90219, 30.06354], [-90.90448, 30.06552], [-90.90721, 30.06951], [-90.9082, 30.07045], [-90.91071, 30.07536], [-90.91169, 30.07643], [-90.91347, 30.08049], [-90.91742, 30.09311], [-90.91789, 30.09612], [-90.91953, 30.10176], [-90.91977, 30.10416], [-90.92144, 30.11199], [-90.9219, 30.11624], [-90.92386, 30.12118], [-90.92615, 30.12473], [-90.92979, 30.12909], [-90.93333, 30.13115], [-90.93558, 30.13186], [-90.93969, 30.12872], [-90.94049, 30.12776], [-90.94077, 30.12635], [-90.94153, 30.12499], [-90.94136, 30.12039], [-90.94052, 30.11735], [-90.94044, 30.11504], [-90.9406, 30.11335], [-90.94162, 30.10955], [-90.94241, 30.10855], [-90.94518, 30.10659], [-90.9464, 30.10516], [-90.95054, 30.10293], [-90.95808, 30.10063], [-90.96263, 30.10034], [-90.96607, 30.10052], [-90.96939, 30.10105], [-90.9769, 30.10294], [-90.98393, 30.10556], [-90.98864, 30.10682], [-90.98952, 30.10529], [-90.99069, 30.10402], [-90.99107, 30.09925], [-90.99155, 30.09805], [-90.99299, 30.0963], [-90.99458, 30.09531], [-90.99642, 30.09485], [-91.00297, 30.09429], [-91.01463, 30.09474], [-91.01849, 30.09463], [-91.02131, 30.09416], [-91.02376, 30.09275], [-91.025, 30.09148], [-91.0262, 30.0896], [-91.02693, 30.0869], [-91.02676, 30.0856], [-91.02518, 30.08173], [-91.02423, 30.07845], [-91.02337, 30.07331], [-91.0236, 30.07074], [-91.02496, 30.06593], [-91.02683, 30.06249], [-91.03431, 30.05317], [-91.03731, 30.04986], [-91.04292, 30.04464], [-91.04579, 30.04136], [-91.04769, 30.0386], [-91.04848, 30.03615], [-91.04854, 30.03148], [-91.04706, 30.02599], [-91.04529, 30.02218], [-91.04452, 30.01975], [-91.0431, 30.01976], [-91.04203, 30.01937], [-91.04125, 30.01854], [-91.04101, 30.01754], [-91.04164, 30.01622], [-91.0433, 30.01551], [-91.04265, 30.01225], [-91.04276, 30.00978], [-91.04354, 30.00721], [-91.04487, 30.00444], [-91.0479, 30.00134], [-91.05304, 29.99773], [-91.05261, 29.99525], [-91.05135, 29.99414], [-91.04777, 29.99259], [-91.04526, 29.99199], [-91.03754, 29.99137], [-91.02691, 29.99181], [-91.02489, 29.99155], [-91.02179, 29.99068], [-91.0199, 29.98987], [-91.01824, 29.98868], [-91.01665, 29.98699], [-91.01571, 29.98484], [-91.0153, 29.98254], [-91.01553, 29.98009], [-91.01619, 29.97757], [-91.01793, 29.97328], [-91.02506, 29.96084], [-91.02761, 29.95562], [-91.02809, 29.95211], [-91.02784, 29.95006], [-91.02702, 29.94799], [-91.02629, 29.94717], [-91.01863, 29.94064], [-91.01147, 29.93528], [-91.00498, 29.93215], [-90.99671, 29.92919], [-90.99361, 29.9278], [-90.99009, 29.92545], [-90.98697, 29.92094], [-90.9858, 29.91808], [-90.98534, 29.91508], [-90.9861, 29.90041], [-90.98551, 29.88843], [-90.98594, 29.8793], [-90.98464, 29.87339], [-90.98129, 29.86596], [-90.97935, 29.8625], [-90.98535, 29.86285], [-90.98993, 29.87309], [-90.99113, 29.87945], [-90.99067, 29.88807], [-90.99147, 29.90016], [-90.9906, 29.9107], [-90.99051, 29.91532], [-90.9908, 29.91702], [-90.99162, 29.919], [-90.99334, 29.92151], [-90.9964, 29.924], [-91.00721, 29.92805], [-91.01418, 29.93138], [-91.02212, 29.93733], [-91.03035, 29.94442], [-91.03154, 29.94592], [-91.03221, 29.94731], [-91.03307, 29.95003], [-91.03326, 29.95202], [-91.0327, 29.95609], [-91.03094, 29.96041]], [[-91.15969, 30.19533], [-91.15923, 30.19806], [-91.1585, 30.20088], [-91.15976, 30.19846], [-91.1604, 30.19502], [-91.1602, 30.19407], [-91.15969, 30.19533]], [[-90.92077, 30.15826], [-90.9208, 30.15768], [-90.91859, 30.1584], [-90.91889, 30.15938], [-90.91869, 30.16093], [-90.9199, 30.16155], [-90.92067, 30.16286], [-90.92094, 30.1626], [-90.92024, 30.1611], [-90.92102, 30.15902], [-90.92077, 30.15826]], [[-90.92182, 30.15538], [-90.92178, 30.15505], [-90.92142, 30.15486], [-90.92169, 30.1555], [-90.92182, 30.15538]], [[-90.9276, 30.18441], [-90.92555, 30.18359], [-90.92551, 30.18582], [-90.92686, 30.18659], [-90.92931, 30.18402], [-90.9276, 30.18441]], [[-90.9361, 30.23616], [-90.93667, 30.23499], [-90.93775, 30.23433], [-90.93802, 30.2331], [-90.93883, 30.23228], [-90.93985, 30.23191], [-90.94099, 30.23193], [-90.94185, 30.23228], [-90.94257, 30.23301], [-90.94337, 30.2318], [-90.9422, 30.23063], [-90.9409, 30.23019], [-90.93989, 30.22947], [-90.93853, 30.2298], [-90.93648, 30.22932], [-90.93421, 30.22967], [-90.93122, 30.2292], [-90.93005, 30.22877], [-90.92718, 30.22936], [-90.92264, 30.22832], [-90.92059, 30.22859], [-90.91912, 30.22934], [-90.91917, 30.23119], [-90.91855, 30.23238], [-90.91621, 30.234], [-90.91417, 30.23434], [-90.91288, 30.2341], [-90.90979, 30.23275], [-90.90801, 30.23039], [-90.90549, 30.23036], [-90.90301, 30.22942], [-90.90146, 30.22969], [-90.90053, 30.23058], [-90.89897, 30.23091], [-90.89801, 30.23153], [-90.89663, 30.2317], [-90.89551, 30.23142], [-90.89456, 30.23064], [-90.89418, 30.22976], [-90.89411, 30.22854], [-90.89238, 30.22814], [-90.89126, 30.22713], [-90.88863, 30.2269], [-90.88723, 30.22774], [-90.88344, 30.22793], [-90.88342, 30.22824], [-90.88463, 30.229], [-90.88529, 30.23007], [-90.88723, 30.22993], [-90.88915, 30.23052], [-90.89015, 30.23153], [-90.89053, 30.23272], [-90.8911, 30.23295], [-90.89474, 30.2331], [-90.8971, 30.2337], [-90.89793, 30.23205], [-90.89937, 30.23099], [-90.90069, 30.23074], [-90.90253, 30.23118], [-90.90451, 30.2312], [-90.90622, 30.23173], [-90.9076, 30.23271], [-90.90822, 30.23374], [-90.9083, 30.23482], [-90.91472, 30.23466], [-90.91688, 30.2357], [-90.91751, 30.23651], [-90.91776, 30.23743], [-90.92236, 30.23765], [-90.9243, 30.23808], [-90.92605, 30.23891], [-90.92754, 30.24055], [-90.92897, 30.24079], [-90.92951, 30.24081], [-90.93129, 30.23963], [-90.93323, 30.23738], [-90.93446, 30.23666], [-90.9361, 30.23616]], [[-90.81761, 30.1646], [-90.81342, 30.16742], [-90.80998, 30.1685], [-90.81607, 30.17271], [-90.81719, 30.17383], [-90.81886, 30.17376], [-90.82018, 30.17463], [-90.82055, 30.17561], [-90.82117, 30.18253], [-90.82336, 30.18263], [-90.82483, 30.18352], [-90.82521, 30.18429], [-90.82562, 30.18752], [-90.83148, 30.1875], [-90.83144, 30.18194], [-90.83184, 30.18096], [-90.83273, 30.18019], [-90.83364, 30.17987], [-90.83771, 30.17994], [-90.81761, 30.1646]], [[-90.80859, 30.15267], [-90.80973, 30.1524], [-90.81119, 30.15258], [-90.80223, 30.14862], [-90.80293, 30.15006], [-90.80309, 30.15197], [-90.80612, 30.15214], [-90.80816, 30.15294], [-90.80859, 30.15267]], [[-90.91865, 30.18708], [-90.91851, 30.18726], [-90.91913, 30.18696], [-90.91884, 30.18674], [-90.91865, 30.18708]], [[-90.87136, 30.1466], [-90.87018, 30.14456], [-90.85844, 30.14478], [-90.85844, 30.1475], [-90.87253, 30.14777], [-90.87256, 30.14734], [-90.87136, 30.1466]], [[-90.86738, 30.15852], [-90.86759, 30.15853], [-90.86738, 30.15834], [-90.86738, 30.15852]], [[-90.87136, 30.18092], [-90.87102, 30.18136], [-90.8708, 30.18159], [-90.87148, 30.18105], [-90.87149, 30.18072], [-90.87136, 30.18092]], [[-90.87004, 30.22386], [-90.8724, 30.22389], [-90.87412, 30.22453], [-90.87434, 30.22327], [-90.87496, 30.22245], [-90.87585, 30.22194], [-90.87699, 30.22179], [-90.87697, 30.22004], [-90.87631, 30.21949], [-90.87588, 30.21862], [-90.87606, 30.2165], [-90.87457, 30.21575], [-90.87383, 30.21451], [-90.8738, 30.21328], [-90.87428, 30.21201], [-90.8714, 30.21077], [-90.85843, 30.20642], [-90.85387, 30.20397], [-90.85172, 30.20236], [-90.8465, 30.19715], [-90.84524, 30.19546], [-90.84441, 30.19314], [-90.84248, 30.19262], [-90.84101, 30.19181], [-90.83954, 30.19201], [-90.83724, 30.19169], [-90.82519, 30.19174], [-90.82563, 30.19452], [-90.82495, 30.19584], [-90.82508, 30.19682], [-90.82465, 30.19779], [-90.82329, 30.19861], [-90.81985, 30.19928], [-90.81895, 30.19924], [-90.81825, 30.19988], [-90.81844, 30.20091], [-90.81821, 30.20206], [-90.81971, 30.20329], [-90.82016, 30.20641], [-90.82129, 30.20713], [-90.8221, 30.20857], [-90.82208, 30.20991], [-90.82135, 30.21095], [-90.82155, 30.21222], [-90.82244, 30.21393], [-90.8223, 30.21666], [-90.82372, 30.21882], [-90.8253, 30.21917], [-90.82664, 30.21799], [-90.82837, 30.21763], [-90.83191, 30.21887], [-90.83284, 30.21796], [-90.83434, 30.21731], [-90.83568, 30.2171], [-90.83698, 30.21729], [-90.83822, 30.21675], [-90.83951, 30.21664], [-90.84076, 30.21695], [-90.84206, 30.21765], [-90.84414, 30.22002], [-90.8467, 30.2192], [-90.84904, 30.21957], [-90.8502, 30.22041], [-90.85102, 30.22181], [-90.85352, 30.22194], [-90.85523, 30.22278], [-90.85715, 30.22248], [-90.85904, 30.22174], [-90.86287, 30.22162], [-90.86516, 30.22239], [-90.86598, 30.22322], [-90.86637, 30.22423], [-90.86704, 30.22444], [-90.86831, 30.22392], [-90.87004, 30.22386]], [[-90.91305, 30.23893], [-90.91312, 30.23895], [-90.913, 30.23892], [-90.91305, 30.23893]], [[-90.8878, 30.21501], [-90.88699, 30.21443], [-90.88657, 30.21452], [-90.88745, 30.21503], [-90.88799, 30.21577], [-90.88849, 30.21529], [-90.8878, 30.21501]], [[-90.88107, 30.22388], [-90.88114, 30.224], [-90.88121, 30.22378], [-90.88103, 30.22383], [-90.88107, 30.22388]], [[-90.79797, 30.06501], [-90.79713, 30.06532], [-90.79794, 30.06669], [-90.7987, 30.06636], [-90.79797, 30.06501]], [[-90.78573, 30.1724], [-90.78566, 30.16897], [-90.7848, 30.16896], [-90.78409, 30.16919], [-90.78331, 30.1704], [-90.78207, 30.17098], [-90.78131, 30.17226], [-90.77963, 30.17286], [-90.77849, 30.1736], [-90.78513, 30.1739], [-90.78593, 30.17292], [-90.78573, 30.1724]], [[-90.77652, 30.17391], [-90.77664, 30.17386], [-90.77655, 30.17387], [-90.77652, 30.17391]], [[-90.79025, 30.21133], [-90.79018, 30.21086], [-90.78989, 30.21064], [-90.79026, 30.21139], [-90.79025, 30.21133]], [[-90.79618, 30.23502], [-90.79618, 30.23444], [-90.79545, 30.23443], [-90.79544, 30.23543], [-90.79622, 30.23524], [-90.79618, 30.23502]]], [[[-91.10922, 30.0071], [-91.10812, 30.00745], [-91.10499, 30.00744], [-91.10392, 30.007], [-91.10321, 30.00618], [-91.10304, 29.99882], [-91.10358, 29.99769], [-91.10453, 29.99708], [-91.10835, 29.99695], [-91.10942, 29.9974], [-91.11012, 29.99823], [-91.11028, 30.00556], [-91.11, 30.00634], [-91.10922, 30.0071]]], [[[-91.02377, 30.01078], [-91.02242, 30.01172], [-91.02089, 30.01172], [-91.01995, 30.01327], [-91.01838, 30.01407], [-91.01731, 30.01411], [-91.01644, 30.01383], [-91.01535, 30.01255], [-91.0154, 30.01135], [-91.01671, 30.00865], [-91.01737, 30.00783], [-91.01863, 30.00722], [-91.02072, 30.00708], [-91.02319, 30.00778], [-91.02415, 30.00922], [-91.02377, 30.01078]]], [[[-90.9951, 30.05578], [-90.995, 30.05498], [-90.99528, 30.05412], [-90.99674, 30.05304], [-90.99769, 30.05295], [-90.99883, 30.05323], [-90.99957, 30.05376], [-91.00002, 30.05449], [-90.99984, 30.05618], [-90.99844, 30.05724], [-90.99754, 30.05736], [-90.99634, 30.0571], [-90.99559, 30.05657], [-90.9951, 30.05578]]], [[[-91.01886, 30.09039], [-91.01856, 30.09142], [-91.01776, 30.09219], [-91.01688, 30.09251], [-91.01567, 30.09247], [-91.0128, 30.09061], [-91.01236, 30.08965], [-91.01242, 30.08882], [-91.0129, 30.08799], [-91.01363, 30.08745], [-91.01455, 30.08719], [-91.01552, 30.08727], [-91.01819, 30.08893], [-91.01886, 30.09039]]], [[[-91.04773, 30.2406], [-91.04723, 30.23953], [-91.04735, 30.23855], [-91.04789, 30.23739], [-91.04885, 30.23661], [-91.04959, 30.23544], [-91.05044, 30.23496], [-91.05144, 30.23483], [-91.0527, 30.23511], [-91.0535, 30.23558], [-91.05409, 30.23645], [-91.05418, 30.23739], [-91.05304, 30.24046], [-91.05253, 30.24112], [-91.0517, 30.2416], [-91.05049, 30.24174], [-91.04869, 30.24126], [-91.04773, 30.2406]]], [[[-90.99098, 30.24631], [-90.99089, 30.24745], [-90.99013, 30.24841], [-90.99008, 30.24972], [-90.98922, 30.25079], [-90.98813, 30.25121], [-90.98674, 30.25125], [-90.98585, 30.25104], [-90.98498, 30.25047], [-90.98442, 30.24934], [-90.98414, 30.24634], [-90.98432, 30.24512], [-90.98499, 30.24431], [-90.98611, 30.24382], [-90.98746, 30.24391], [-90.99001, 30.24502], [-90.99098, 30.24631]]], [[[-90.99767, 30.24918], [-90.99691, 30.25001], [-90.99585, 30.25046], [-90.99304, 30.25035], [-90.99217, 30.24981], [-90.99168, 30.24906], [-90.99156, 30.24808], [-90.99186, 30.24674], [-90.99254, 30.24597], [-90.99354, 30.24549], [-90.99534, 30.24522], [-90.99654, 30.24546], [-90.9973, 30.24599], [-90.99785, 30.24692], [-90.99767, 30.24918]]], [[[-90.99399, 30.25054], [-90.994, 30.25054], [-90.99399, 30.25054], [-90.99399, 30.25054]]], [[[-90.99401, 30.25054], [-90.99401, 30.25054], [-90.994, 30.25054], [-90.99401, 30.25054]]], [[[-91.08452, 30.25941], [-91.08541, 30.25886], [-91.08664, 30.25869], [-91.08753, 30.25884], [-91.08847, 30.2594], [-91.08898, 30.26014], [-91.08913, 30.26105], [-91.08878, 30.26208], [-91.08809, 30.26289], [-91.08677, 30.26344], [-91.08516, 30.26318], [-91.08417, 30.26229], [-91.08389, 30.26093], [-91.08232, 30.26185], [-91.08029, 30.2618], [-91.07915, 30.26104], [-91.07864, 30.2598], [-91.07884, 30.2588], [-91.07943, 30.25806], [-91.08031, 30.2576], [-91.0816, 30.25739], [-91.08343, 30.25786], [-91.08418, 30.2587], [-91.08439, 30.25955], [-91.08452, 30.25941]]], [[[-90.99695, 30.2677], [-90.99524, 30.26827], [-90.99288, 30.26797], [-90.99173, 30.26748], [-90.99114, 30.26684], [-90.99084, 30.26595], [-90.99093, 30.26448], [-90.99148, 30.26351], [-90.99247, 30.26289], [-90.99373, 30.26272], [-90.99696, 30.26427], [-90.99762, 30.26507], [-90.9978, 30.266], [-90.9976, 30.26687], [-90.99695, 30.2677]]], [[[-91.08524, 30.27072], [-91.08402, 30.27201], [-91.08243, 30.2726], [-91.08125, 30.27271], [-91.07961, 30.27197], [-91.07908, 30.27114], [-91.07897, 30.27026], [-91.07928, 30.26941], [-91.07995, 30.26874], [-91.08176, 30.26789], [-91.08288, 30.26774], [-91.08395, 30.268], [-91.08484, 30.26867], [-91.08532, 30.26965], [-91.08524, 30.27072]]], [[[-90.98982, 30.27397], [-90.98667, 30.27358], [-90.98536, 30.27265], [-90.98488, 30.26985], [-90.98522, 30.26908], [-90.98607, 30.26837], [-90.98745, 30.2681], [-90.99123, 30.26867], [-90.99208, 30.26905], [-90.9927, 30.26968], [-90.99297, 30.27109], [-90.99205, 30.27283], [-90.99102, 30.27373], [-90.98982, 30.27397]]], [[[-91.04202, 30.28918], [-91.04115, 30.29015], [-91.04268, 30.29096], [-91.04333, 30.29176], [-91.04427, 30.29448], [-91.04484, 30.29782], [-91.04441, 30.29938], [-91.03885, 30.30101], [-91.03726, 30.30029], [-91.03183, 30.29515], [-91.03006, 30.29463], [-91.02806, 30.29356], [-91.02716, 30.29232], [-91.0272, 30.29127], [-91.02827, 30.28845], [-91.02784, 30.28747], [-91.0279, 30.28662], [-91.02941, 30.2844], [-91.03054, 30.2837], [-91.03328, 30.28334], [-91.03669, 30.28221], [-91.03783, 30.28217], [-91.03868, 30.28248], [-91.0396, 30.28342], [-91.04078, 30.28388], [-91.04157, 30.28475], [-91.04197, 30.28572], [-91.04161, 30.28705], [-91.04216, 30.28816], [-91.04202, 30.28918]]], [[[-90.99497, 30.30383], [-90.99531, 30.30539], [-90.99457, 30.30717], [-90.99561, 30.30842], [-90.99561, 30.30988], [-90.98925, 30.3106], [-90.98742, 30.30998], [-90.98514, 30.311], [-90.98188, 30.31128], [-90.97983, 30.31066], [-90.97877, 30.30947], [-90.9786, 30.30808], [-90.97915, 30.30689], [-90.97848, 30.30601], [-90.97832, 30.30504], [-90.97887, 30.30384], [-90.97986, 30.30318], [-90.98199, 30.30271], [-90.98464, 30.30287], [-90.98622, 30.30376], [-90.98689, 30.30344], [-90.9864, 30.3015], [-90.98658, 30.30027], [-90.98722, 30.29918], [-90.9882, 30.29852], [-90.98975, 30.29835], [-90.9911, 30.29886], [-90.99185, 30.29974], [-90.99307, 30.30218], [-90.99419, 30.30285], [-90.99497, 30.30383]]], [[[-90.99865, 30.30854], [-90.99776, 30.30805], [-90.99677, 30.30703], [-90.99627, 30.30557], [-90.997, 30.30417], [-90.99876, 30.30351], [-91.00195, 30.30409], [-91.00306, 30.30538], [-91.0031, 30.3068], [-91.0043, 30.30663], [-91.00536, 30.30683], [-91.00652, 30.3075], [-91.00724, 30.30829], [-91.00132, 30.30923], [-91.00139, 30.3083], [-90.99984, 30.30867], [-90.99865, 30.30854]]], [[[-91.01602, 30.30652], [-91.01766, 30.3056], [-91.02237, 30.30375], [-91.02378, 30.30388], [-91.0249, 30.30473], [-91.01602, 30.30652]]], [[[-90.93044, 29.87022], [-90.93072, 29.87101], [-90.93064, 29.87184], [-90.92954, 29.87309], [-90.93077, 29.87439], [-90.93104, 29.8757], [-90.93491, 29.8764], [-90.93584, 29.87732], [-90.93604, 29.87834], [-90.93538, 29.87964], [-90.93402, 29.88035], [-90.92899, 29.87983], [-90.92954, 29.88091], [-90.92957, 29.88221], [-90.93533, 29.88209], [-90.93807, 29.88015], [-90.94775, 29.87805], [-90.94889, 29.87804], [-90.95037, 29.87895], [-90.95099, 29.88105], [-90.95029, 29.88232], [-90.9487, 29.88296], [-90.94876, 29.88445], [-90.94828, 29.88544], [-90.94829, 29.8862], [-90.95054, 29.88614], [-90.95164, 29.88643], [-90.95257, 29.8873], [-90.95291, 29.88848], [-90.95962, 29.88805], [-90.96074, 29.88843], [-90.96151, 29.88923], [-90.9622, 29.89902], [-90.96155, 29.90034], [-90.96027, 29.90097], [-90.95933, 29.90849], [-90.96291, 29.90851], [-90.964, 29.90897], [-90.9646, 29.90962], [-90.96566, 29.9204], [-90.96546, 29.92119], [-90.96476, 29.92199], [-90.96394, 29.92237], [-90.96027, 29.92302], [-90.95948, 29.92444], [-90.95985, 29.92468], [-90.96124, 29.92456], [-90.96234, 29.92492], [-90.9644, 29.92501], [-90.96562, 29.92562], [-90.96809, 29.92484], [-90.96901, 29.92478], [-90.97027, 29.92526], [-90.9718, 29.92519], [-90.97299, 29.92585], [-90.97624, 29.93402], [-90.97826, 29.93727], [-90.97805, 29.9387], [-90.97644, 29.9401], [-90.97829, 29.94245], [-90.97843, 29.94381], [-90.97996, 29.94296], [-90.98147, 29.94293], [-90.9829, 29.94343], [-90.98423, 29.94241], [-90.9859, 29.94236], [-90.98675, 29.94278], [-90.98771, 29.94373], [-90.98835, 29.94575], [-90.99094, 29.94696], [-90.99183, 29.94831], [-90.99587, 29.94549], [-90.99675, 29.94525], [-90.99789, 29.94538], [-90.99883, 29.94595], [-91.00093, 29.94843], [-91.00188, 29.949], [-91.00597, 29.95384], [-91.00624, 29.95542], [-91.00535, 29.9566], [-91.0045, 29.95696], [-91.00172, 29.95736], [-91.00081, 29.95805], [-90.99971, 29.95829], [-91.00049, 29.96014], [-90.9998, 29.96342], [-91.00039, 29.96494], [-90.99979, 29.96656], [-90.99915, 29.96726], [-90.99948, 29.96834], [-90.99899, 29.96999], [-90.99964, 29.97067], [-90.99992, 29.97164], [-90.99933, 29.97356], [-90.99929, 29.97546], [-90.99816, 29.97673], [-90.99586, 29.97769], [-90.99447, 29.97766], [-90.99437, 29.97837], [-91.00016, 29.97895], [-91.00167, 29.97985], [-91.00207, 29.9808], [-91.00202, 29.98437], [-91.00236, 29.98689], [-91.00162, 29.98901], [-91.00317, 29.98984], [-91.00422, 29.99211], [-91.00385, 29.99331], [-91.00265, 29.99419], [-91.00382, 29.99587], [-91.00579, 29.99484], [-91.00759, 29.99518], [-91.01046, 29.99775], [-91.01083, 29.99918], [-91.01037, 30.00016], [-91.00679, 30.00357], [-91.00653, 30.00508], [-91.00508, 30.00726], [-91.00288, 30.00955], [-91.00288, 30.00992], [-91.00532, 30.01215], [-91.00575, 30.01289], [-91.00562, 30.01432], [-91.00468, 30.01525], [-91.00101, 30.01582], [-91.00014, 30.01557], [-90.9988, 30.01463], [-90.99755, 30.01556], [-90.99594, 30.01609], [-90.99472, 30.01609], [-90.99365, 30.01558], [-90.98889, 30.01167], [-90.98654, 30.01132], [-90.98654, 30.01368], [-90.98616, 30.01463], [-90.98531, 30.01532], [-90.98405, 30.01559], [-90.98357, 30.01631], [-90.98279, 30.01681], [-90.98062, 30.01705], [-90.98052, 30.01912], [-90.97938, 30.02036], [-90.97708, 30.02067], [-90.97638, 30.02138], [-90.97555, 30.02173], [-90.97361, 30.02187], [-90.97295, 30.02264], [-90.97188, 30.02308], [-90.96556, 30.02258], [-90.96505, 30.02376], [-90.96394, 30.02446], [-90.95694, 30.02483], [-90.95698, 30.02614], [-90.96972, 30.02583], [-90.96981, 30.02484], [-90.97023, 30.02412], [-90.97178, 30.02333], [-90.98608, 30.0227], [-90.98737, 30.02227], [-90.99434, 30.02212], [-90.99577, 30.0228], [-90.99636, 30.02391], [-90.99651, 30.02638], [-90.99707, 30.02789], [-90.99672, 30.02888], [-90.99588, 30.0296], [-90.99475, 30.0299], [-90.98753, 30.03017], [-90.96116, 30.03033], [-90.95971, 30.03115], [-90.95716, 30.03123], [-90.95725, 30.03297], [-90.957, 30.03379], [-90.9564, 30.03446], [-90.95498, 30.03519], [-90.95732, 30.03706], [-90.95811, 30.03839], [-90.95809, 30.04041], [-90.95692, 30.04159], [-90.95574, 30.04185], [-90.95472, 30.04166], [-90.95269, 30.04022], [-90.95157, 30.03814], [-90.95139, 30.03691], [-90.95095, 30.03711], [-90.95068, 30.03866], [-90.94946, 30.03964], [-90.94787, 30.03979], [-90.9466, 30.03919], [-90.9426, 30.04093], [-90.94145, 30.0408], [-90.94054, 30.0403], [-90.93905, 30.04016], [-90.9364, 30.03878], [-90.93289, 30.04278], [-90.9321, 30.04323], [-90.93116, 30.04339], [-90.93023, 30.04322], [-90.92944, 30.04276], [-90.92763, 30.04101], [-90.92743, 30.03953], [-90.92568, 30.03907], [-90.92322, 30.03632], [-90.92334, 30.03475], [-90.92609, 30.0308], [-90.92317, 30.02961], [-90.92179, 30.03162], [-90.92004, 30.03213], [-90.91874, 30.03171], [-90.91739, 30.03046], [-90.91458, 30.03662], [-90.91372, 30.03757], [-90.91194, 30.03792], [-90.9092, 30.03708], [-90.90774, 30.04028], [-90.90646, 30.04116], [-90.90529, 30.04124], [-90.90235, 30.04049], [-90.89705, 30.05609], [-90.89594, 30.05716], [-90.8943, 30.05736], [-90.89239, 30.05682], [-90.89146, 30.05622], [-90.89097, 30.05531], [-90.89106, 30.05418], [-90.88939, 30.05465], [-90.88788, 30.0541], [-90.88723, 30.05323], [-90.88661, 30.05094], [-90.89005, 30.03813], [-90.88981, 30.03724], [-90.88999, 30.03613], [-90.88977, 30.03609], [-90.88547, 30.05178], [-90.88427, 30.05298], [-90.88267, 30.05316], [-90.881, 30.05259], [-90.88018, 30.05135], [-90.88111, 30.0471], [-90.88023, 30.04625], [-90.87998, 30.04528], [-90.88094, 30.04121], [-90.87789, 30.04206], [-90.87706, 30.04252], [-90.87589, 30.04264], [-90.87425, 30.04201], [-90.87173, 30.04039], [-90.87121, 30.03926], [-90.8714, 30.03825], [-90.87446, 30.0343], [-90.87166, 30.03177], [-90.87122, 30.03101], [-90.86756, 30.03337], [-90.86643, 30.03367], [-90.86468, 30.03312], [-90.86336, 30.0312], [-90.86335, 30.03018], [-90.86406, 30.02914], [-90.88465, 30.01561], [-90.8848, 30.01438], [-90.8855, 30.01352], [-90.88683, 30.01303], [-90.88995, 30.01304], [-90.88989, 30.00909], [-90.888, 30.00902], [-90.88697, 30.00861], [-90.88468, 30.00574], [-90.88421, 30.00342], [-90.88399, 29.99441], [-90.86865, 29.9731], [-90.85489, 29.96867], [-90.85396, 29.96917], [-90.85278, 29.96925], [-90.83637, 29.96525], [-90.83479, 29.96515], [-90.82756, 29.9634], [-90.82591, 29.96224], [-90.82395, 29.95853], [-90.82281, 29.95893], [-90.82146, 29.95883], [-90.82082, 29.95975], [-90.81983, 29.96025], [-90.81871, 29.96045], [-90.81782, 29.96031], [-90.81698, 29.95985], [-90.81643, 29.95914], [-90.81608, 29.95792], [-90.81629, 29.95692], [-90.81741, 29.9559], [-90.81868, 29.95555], [-90.81999, 29.95578], [-90.82032, 29.95526], [-90.81806, 29.95471], [-90.81545, 29.95326], [-90.81239, 29.95325], [-90.81128, 29.955], [-90.80759, 29.95713], [-90.79509, 29.96014], [-90.7906, 29.96044], [-90.78954, 29.96003], [-90.78731, 29.95854], [-90.78537, 29.95906], [-90.78163, 29.95899], [-90.7766, 29.95939], [-90.77551, 29.95894], [-90.77486, 29.95819], [-90.77324, 29.95771], [-90.77232, 29.95651], [-90.77255, 29.95841], [-90.77163, 29.95979], [-90.77163, 29.96109], [-90.77104, 29.96197], [-90.77003, 29.9625], [-90.75504, 29.96419], [-90.75301, 29.96358], [-90.75158, 29.964], [-90.74114, 29.96399], [-90.74528, 29.95823], [-90.76081, 29.94071], [-90.77824, 29.92461], [-90.79739, 29.91007], [-90.81807, 29.89723], [-90.8401, 29.88621], [-90.86325, 29.87712], [-90.88731, 29.87006], [-90.91205, 29.86507], [-90.93723, 29.86222], [-90.94404, 29.86203], [-90.94326, 29.8631], [-90.93589, 29.86844], [-90.93428, 29.86879], [-90.93271, 29.86809], [-90.9302, 29.86991], [-90.93044, 29.87022]], [[-90.92834, 29.88649], [-90.92796, 29.88676], [-90.92792, 29.88679], [-90.92883, 29.88644], [-90.92834, 29.88649]], [[-90.92461, 29.889], [-90.92374, 29.88977], [-90.92396, 29.89035], [-90.92487, 29.88982], [-90.92497, 29.88848], [-90.92532, 29.88777], [-90.92495, 29.88785], [-90.92461, 29.889]]], [[[-90.94441, 30.04805], [-90.94355, 30.04766], [-90.94256, 30.04664], [-90.94229, 30.04585], [-90.94239, 30.04495], [-90.94289, 30.04419], [-90.94432, 30.04309], [-90.94519, 30.04278], [-90.94636, 30.04283], [-90.94827, 30.04417], [-90.94858, 30.04494], [-90.94845, 30.04596], [-90.94796, 30.04667], [-90.9463, 30.04786], [-90.94537, 30.04812], [-90.94441, 30.04805]]], [[[-90.9511, 30.09186], [-90.94849, 30.09278], [-90.94668, 30.09246], [-90.94589, 30.09169], [-90.94541, 30.09039], [-90.94578, 30.0888], [-90.94666, 30.08811], [-90.94869, 30.08756], [-90.95051, 30.08788], [-90.95129, 30.08865], [-90.95181, 30.09016], [-90.95163, 30.09118], [-90.9511, 30.09186]]], [[[-90.98325, 30.09441], [-90.98417, 30.09426], [-90.98532, 30.09449], [-90.98612, 30.09495], [-90.98666, 30.09565], [-90.98684, 30.09647], [-90.98664, 30.09729], [-90.98596, 30.09819], [-90.98519, 30.09863], [-90.98339, 30.09866], [-90.98238, 30.09813], [-90.98184, 30.09747], [-90.98162, 30.09668], [-90.98181, 30.09575], [-90.98247, 30.09486], [-90.98325, 30.09441]]], [[[-90.94661, 30.1468], [-90.94769, 30.14816], [-90.94774, 30.14905], [-90.94729, 30.14996], [-90.94598, 30.15081], [-90.94446, 30.1509], [-90.94399, 30.15167], [-90.94311, 30.15226], [-90.94174, 30.15248], [-90.94035, 30.15209], [-90.93937, 30.15126], [-90.93868, 30.14968], [-90.9379, 30.14907], [-90.93742, 30.14804], [-90.93642, 30.14708], [-90.93616, 30.14575], [-90.93651, 30.14481], [-90.93746, 30.14401], [-90.94002, 30.14293], [-90.94172, 30.14276], [-90.94341, 30.14345], [-90.94477, 30.14521], [-90.94661, 30.1468]]], [[[-90.97317, 30.18347], [-90.97196, 30.18256], [-90.97114, 30.18041], [-90.97149, 30.17901], [-90.97257, 30.17821], [-90.97491, 30.1777], [-90.97603, 30.17802], [-90.97675, 30.17863], [-90.97888, 30.1785], [-90.98069, 30.17936], [-90.98156, 30.18036], [-90.98203, 30.18236], [-90.98196, 30.18319], [-90.98136, 30.18409], [-90.97979, 30.18502], [-90.97811, 30.18511], [-90.97725, 30.18474], [-90.97651, 30.18399], [-90.97317, 30.18347]]], [[[-90.98038, 30.18592], [-90.98174, 30.1851], [-90.98268, 30.18489], [-90.98386, 30.1851], [-90.98463, 30.18562], [-90.98545, 30.18689], [-90.98558, 30.18876], [-90.9854, 30.18956], [-90.98471, 30.19038], [-90.9834, 30.19111], [-90.98248, 30.19128], [-90.98156, 30.19113], [-90.9806, 30.19054], [-90.97974, 30.1894], [-90.97953, 30.18859], [-90.97984, 30.18684], [-90.98038, 30.18592]]], [[[-90.94889, 30.18994], [-90.94802, 30.18958], [-90.94732, 30.18891], [-90.947, 30.18816], [-90.94704, 30.18711], [-90.94763, 30.18611], [-90.94896, 30.18492], [-90.95063, 30.18435], [-90.95216, 30.1847], [-90.9538, 30.18571], [-90.95449, 30.18656], [-90.959, 30.18601], [-90.9614, 30.18659], [-90.96261, 30.18756], [-90.96332, 30.18961], [-90.96308, 30.19062], [-90.96222, 30.19149], [-90.95863, 30.19234], [-90.95753, 30.19217], [-90.95633, 30.19156], [-90.95341, 30.19166], [-90.95249, 30.19124], [-90.95185, 30.19056], [-90.94889, 30.18994]]], [[[-90.96404, 30.19954], [-90.96274, 30.20093], [-90.96164, 30.20146], [-90.95966, 30.20152], [-90.95822, 30.20078], [-90.95767, 30.19979], [-90.95768, 30.19854], [-90.95872, 30.19719], [-90.95887, 30.19602], [-90.95961, 30.19515], [-90.96184, 30.19448], [-90.9628, 30.19466], [-90.96372, 30.19527], [-90.96432, 30.19687], [-90.96434, 30.19877], [-90.96404, 30.19954]]], [[[-90.94659, 30.20852], [-90.94533, 30.20885], [-90.94396, 30.20855], [-90.94049, 30.20528], [-90.94, 30.20438], [-90.93999, 30.20358], [-90.94033, 30.20275], [-90.94102, 30.20207], [-90.94215, 30.20167], [-90.94539, 30.20159], [-90.94647, 30.20187], [-90.9474, 30.2026], [-90.9478, 30.20352], [-90.94797, 30.20628], [-90.94744, 30.20776], [-90.94659, 30.20852]]], [[[-90.96257, 30.21605], [-90.96148, 30.21642], [-90.96, 30.21644], [-90.95892, 30.21604], [-90.95818, 30.21525], [-90.95783, 30.21119], [-90.9583, 30.21023], [-90.95925, 30.20958], [-90.9602, 30.2094], [-90.96115, 30.20956], [-90.96266, 30.2104], [-90.96336, 30.2112], [-90.96356, 30.2147], [-90.96257, 30.21605]]], [[[-90.94579, 30.21714], [-90.9454, 30.21602], [-90.94537, 30.21311], [-90.94563, 30.21233], [-90.9464, 30.21153], [-90.94735, 30.21113], [-90.94925, 30.21134], [-90.95091, 30.21266], [-90.95264, 30.21473], [-90.95304, 30.21589], [-90.9528, 30.21691], [-90.9518, 30.21785], [-90.9505, 30.21816], [-90.94743, 30.21815], [-90.94655, 30.21782], [-90.94579, 30.21714]]], [[[-90.93595, 30.26292], [-90.93424, 30.26119], [-90.93379, 30.26002], [-90.93397, 30.25877], [-90.93485, 30.25785], [-90.9361, 30.25735], [-90.93724, 30.2574], [-90.93872, 30.25842], [-90.94016, 30.25867], [-90.94117, 30.25935], [-90.94163, 30.26014], [-90.94185, 30.26159], [-90.94158, 30.26244], [-90.94097, 30.2631], [-90.94008, 30.26351], [-90.93904, 30.26363], [-90.93701, 30.2634], [-90.93595, 30.26292]]], [[[-90.98492, 30.26707], [-90.98486, 30.2681], [-90.98433, 30.269], [-90.98345, 30.2696], [-90.98235, 30.26982], [-90.97751, 30.26939], [-90.97523, 30.26891], [-90.9741, 30.26811], [-90.9737, 30.26697], [-90.97404, 30.2658], [-90.97474, 30.26491], [-90.97584, 30.26432], [-90.97689, 30.26419], [-90.98291, 30.26503], [-90.98435, 30.266], [-90.98492, 30.26707]]], [[[-90.93921, 30.27345], [-90.93902, 30.27201], [-90.93959, 30.27087], [-90.94085, 30.27018], [-90.94247, 30.27018], [-90.94354, 30.27067], [-90.94563, 30.27277], [-90.94598, 30.27361], [-90.94588, 30.27505], [-90.94471, 30.27629], [-90.94287, 30.27646], [-90.94181, 30.27591], [-90.93921, 30.27345]]], [[[-90.95832, 30.27806], [-90.9585, 30.27976], [-90.95764, 30.28096], [-90.95879, 30.28208], [-90.96038, 30.28271], [-90.96107, 30.28378], [-90.96106, 30.2854], [-90.96013, 30.28645], [-90.95879, 30.28684], [-90.95751, 30.28658], [-90.95631, 30.28546], [-90.95491, 30.28495], [-90.95391, 30.28355], [-90.95317, 30.2832], [-90.95231, 30.2842], [-90.95102, 30.28466], [-90.94963, 30.28447], [-90.94853, 30.28363], [-90.94793, 30.28232], [-90.94812, 30.28025], [-90.949, 30.27934], [-90.95027, 30.27898], [-90.95076, 30.27772], [-90.952, 30.27696], [-90.95173, 30.27615], [-90.95184, 30.27529], [-90.95325, 30.27373], [-90.95511, 30.27343], [-90.95668, 30.27405], [-90.95742, 30.27533], [-90.9571, 30.27702], [-90.95832, 30.27806]]], [[[-90.97503, 30.28132], [-90.97435, 30.28037], [-90.97431, 30.27916], [-90.97478, 30.27826], [-90.97568, 30.27756], [-90.97686, 30.27732], [-90.9789, 30.27755], [-90.97991, 30.27794], [-90.98069, 30.27869], [-90.98102, 30.27969], [-90.98087, 30.28072], [-90.9804, 30.28146], [-90.97962, 30.28197], [-90.97843, 30.28219], [-90.97641, 30.28195], [-90.97503, 30.28132]]], [[[-90.97126, 30.2856], [-90.97121, 30.28439], [-90.97211, 30.28323], [-90.97342, 30.28281], [-90.97557, 30.28307], [-90.97657, 30.28363], [-90.97716, 30.28464], [-90.97841, 30.2849], [-90.97943, 30.28572], [-90.97977, 30.28669], [-90.9795, 30.28836], [-90.97828, 30.28956], [-90.97643, 30.28967], [-90.97562, 30.28926], [-90.97451, 30.2881], [-90.97273, 30.28749], [-90.97126, 30.2856]]], [[[-90.94166, 30.28763], [-90.94132, 30.28592], [-90.9419, 30.28464], [-90.94315, 30.2839], [-90.94546, 30.28353], [-90.94659, 30.28371], [-90.94755, 30.28432], [-90.94902, 30.28745], [-90.94884, 30.28827], [-90.94813, 30.28909], [-90.94729, 30.28948], [-90.94604, 30.28962], [-90.94425, 30.28933], [-90.94226, 30.28825], [-90.94166, 30.28763]]], [[[-90.93448, 30.29199], [-90.93401, 30.29119], [-90.93393, 30.29002], [-90.93489, 30.28861], [-90.93589, 30.28822], [-90.93729, 30.28814], [-90.93838, 30.28846], [-90.9391, 30.28904], [-90.93954, 30.28994], [-90.93954, 30.29095], [-90.93914, 30.29181], [-90.93846, 30.29239], [-90.93747, 30.29273], [-90.93623, 30.29279], [-90.93524, 30.29254], [-90.93448, 30.29199]]], [[[-90.98083, 30.29214], [-90.98112, 30.29313], [-90.98085, 30.29411], [-90.97994, 30.29505], [-90.97906, 30.29545], [-90.97795, 30.29552], [-90.97629, 30.29508], [-90.9751, 30.29387], [-90.97498, 30.29306], [-90.9753, 30.29201], [-90.9759, 30.29135], [-90.97676, 30.29094], [-90.97941, 30.29113], [-90.98083, 30.29214]]], [[[-90.94093, 30.29733], [-90.94255, 30.29747], [-90.94371, 30.29831], [-90.94457, 30.30013], [-90.94412, 30.30165], [-90.9421, 30.30282], [-90.93981, 30.30267], [-90.93963, 30.30432], [-90.93833, 30.30531], [-90.93641, 30.30537], [-90.93426, 30.30477], [-90.93332, 30.30332], [-90.9337, 30.30178], [-90.93499, 30.30092], [-90.93707, 30.30087], [-90.93712, 30.29866], [-90.93588, 30.29814], [-90.93512, 30.29711], [-90.93506, 30.29599], [-90.93551, 30.29503], [-90.93746, 30.29393], [-90.93861, 30.29385], [-90.93953, 30.2941], [-90.94035, 30.29466], [-90.94081, 30.29538], [-90.94072, 30.29733], [-90.94093, 30.29733]]], [[[-90.97511, 30.29936], [-90.97279, 30.29946], [-90.97136, 30.29837], [-90.97108, 30.2974], [-90.97126, 30.29657], [-90.97281, 30.29514], [-90.97376, 30.29496], [-90.97479, 30.29511], [-90.97625, 30.29632], [-90.97651, 30.29713], [-90.97638, 30.29813], [-90.97589, 30.29886], [-90.97511, 30.29936]]], [[[-90.95851, 30.29697], [-90.96061, 30.29702], [-90.96156, 30.2976], [-90.96202, 30.29831], [-90.96203, 30.30105], [-90.96151, 30.30175], [-90.96049, 30.3023], [-90.95808, 30.30225], [-90.95716, 30.30166], [-90.95671, 30.30095], [-90.95675, 30.29871], [-90.9575, 30.29752], [-90.95851, 30.29697]]], [[[-90.94675, 30.30718], [-90.94768, 30.3078], [-90.94818, 30.30873], [-90.94811, 30.3099], [-90.94743, 30.31085], [-90.94788, 30.31215], [-90.93886, 30.31162], [-90.93926, 30.31081], [-90.94018, 30.31011], [-90.94306, 30.30978], [-90.94308, 30.30871], [-90.94115, 30.30843], [-90.94005, 30.3073], [-90.93996, 30.30566], [-90.94097, 30.3044], [-90.94222, 30.30402], [-90.94424, 30.30431], [-90.94534, 30.30545], [-90.94544, 30.30701], [-90.94675, 30.30718]]], [[[-90.93397, 30.25707], [-90.93289, 30.25749], [-90.93191, 30.25747], [-90.93103, 30.25715], [-90.92998, 30.25628], [-90.92951, 30.2555], [-90.92942, 30.2546], [-90.92974, 30.25367], [-90.93035, 30.25305], [-90.93122, 30.25266], [-90.93228, 30.25257], [-90.93347, 30.25283], [-90.93443, 30.25348], [-90.93485, 30.25425], [-90.9349, 30.25553], [-90.93457, 30.25647], [-90.93397, 30.25707]]], [[[-90.92692, 30.276], [-90.92871, 30.27559], [-90.93008, 30.27595], [-90.93097, 30.27688], [-90.93125, 30.27792], [-90.93297, 30.27791], [-90.93407, 30.27834], [-90.935, 30.27942], [-90.93505, 30.28061], [-90.93644, 30.28094], [-90.93741, 30.2819], [-90.93766, 30.28329], [-90.93741, 30.28434], [-90.93666, 30.28513], [-90.93567, 30.28552], [-90.93571, 30.28633], [-90.93534, 30.28722], [-90.93389, 30.28873], [-90.93308, 30.28916], [-90.931, 30.28925], [-90.92961, 30.28849], [-90.92898, 30.28689], [-90.92933, 30.285], [-90.92877, 30.28477], [-90.9276, 30.28509], [-90.92562, 30.28502], [-90.92479, 30.28465], [-90.92407, 30.28385], [-90.92367, 30.28232], [-90.92395, 30.28153], [-90.92455, 30.28088], [-90.92586, 30.28041], [-90.92838, 30.28054], [-90.92833, 30.28022], [-90.92679, 30.2797], [-90.92597, 30.27861], [-90.92596, 30.27712], [-90.92692, 30.276]]], [[[-90.92548, 30.29119], [-90.92457, 30.29144], [-90.92346, 30.29131], [-90.92179, 30.29173], [-90.92007, 30.29113], [-90.91937, 30.29002], [-90.91929, 30.28846], [-90.91943, 30.28745], [-90.91995, 30.28673], [-90.92075, 30.28624], [-90.92169, 30.28605], [-90.92364, 30.28659], [-90.92438, 30.28603], [-90.9253, 30.28577], [-90.9265, 30.2858], [-90.92758, 30.28626], [-90.92835, 30.28733], [-90.92829, 30.28858], [-90.92778, 30.2893], [-90.92666, 30.28999], [-90.92548, 30.29119]]], [[[-90.92549, 30.31058], [-90.92492, 30.309], [-90.92526, 30.30771], [-90.92647, 30.30666], [-90.92808, 30.30639], [-90.92993, 30.30728], [-90.93127, 30.30862], [-90.93172, 30.30959], [-90.9318, 30.31121], [-90.92549, 30.31058]]], [[[-90.91956, 30.25236], [-90.91873, 30.25279], [-90.91769, 30.25293], [-90.91651, 30.25267], [-90.91571, 30.25213], [-90.91521, 30.25132], [-90.9151, 30.25033], [-90.91529, 30.24957], [-90.91597, 30.24875], [-90.91677, 30.24833], [-90.91786, 30.24818], [-90.91891, 30.24839], [-90.91969, 30.24887], [-90.92026, 30.24967], [-90.92041, 30.25062], [-90.92016, 30.25162], [-90.91956, 30.25236]]], [[[-90.92248, 30.25853], [-90.92267, 30.25951], [-90.92243, 30.26035], [-90.92189, 30.261], [-90.92086, 30.26151], [-90.91879, 30.26141], [-90.91793, 30.26087], [-90.91741, 30.26007], [-90.91753, 30.25833], [-90.91823, 30.25756], [-90.91909, 30.25718], [-90.92104, 30.25728], [-90.92189, 30.25776], [-90.92248, 30.25853]]], [[[-90.91978, 30.27537], [-90.92042, 30.27608], [-90.92066, 30.27697], [-90.92062, 30.27816], [-90.92001, 30.27927], [-90.91838, 30.28001], [-90.91681, 30.27998], [-90.91575, 30.27955], [-90.915, 30.2787], [-90.91478, 30.27779], [-90.91491, 30.27644], [-90.91554, 30.27553], [-90.91632, 30.27504], [-90.91726, 30.27485], [-90.91878, 30.2749], [-90.91978, 30.27537]]], [[[-90.9087, 30.27732], [-90.91034, 30.27742], [-90.91152, 30.27824], [-90.91194, 30.27916], [-90.91201, 30.28106], [-90.91177, 30.28201], [-90.91102, 30.2828], [-90.91006, 30.28324], [-90.90845, 30.28343], [-90.90742, 30.28319], [-90.90664, 30.28265], [-90.90611, 30.28181], [-90.90602, 30.28097], [-90.90687, 30.27828], [-90.90776, 30.27756], [-90.9087, 30.27732]]], [[[-90.916, 30.28886], [-90.9136, 30.28885], [-90.91278, 30.28842], [-90.91212, 30.28756], [-90.91204, 30.28486], [-90.91258, 30.28404], [-90.91363, 30.28341], [-90.91637, 30.2834], [-90.91727, 30.28383], [-90.91797, 30.28468], [-90.91843, 30.28613], [-90.9183, 30.28742], [-90.91737, 30.28848], [-90.916, 30.28886]]], [[[-90.86055, 30.08036], [-90.86067, 30.08114], [-90.8619, 30.07988], [-90.86371, 30.07968], [-90.86578, 30.08026], [-90.86676, 30.0814], [-90.86681, 30.08254], [-90.86537, 30.08793], [-90.86472, 30.08883], [-90.86361, 30.08943], [-90.8624, 30.08949], [-90.85985, 30.08892], [-90.85889, 30.08837], [-90.85831, 30.08757], [-90.85817, 30.08653], [-90.85859, 30.08507], [-90.85913, 30.08424], [-90.85999, 30.08369], [-90.86049, 30.08188], [-90.85973, 30.08277], [-90.85837, 30.08323], [-90.85293, 30.08218], [-90.85034, 30.08096], [-90.84976, 30.08016], [-90.84961, 30.07919], [-90.85162, 30.07559], [-90.85257, 30.07502], [-90.85377, 30.07486], [-90.8572, 30.0754], [-90.85818, 30.07592], [-90.859, 30.07737], [-90.85872, 30.07895], [-90.8599, 30.07948], [-90.86055, 30.08036]]], [[[-90.90016, 30.2076], [-90.8993, 30.20717], [-90.89835, 30.20762], [-90.89673, 30.20777], [-90.89539, 30.20722], [-90.89474, 30.20639], [-90.89456, 30.20547], [-90.89467, 30.20464], [-90.89518, 30.20388], [-90.89615, 30.20329], [-90.89745, 30.20307], [-90.89917, 30.20353], [-90.90027, 30.20299], [-90.9016, 30.2029], [-90.9031, 30.20339], [-90.90397, 30.20479], [-90.90396, 30.20588], [-90.90364, 30.20663], [-90.90233, 30.20754], [-90.90016, 30.2076]]], [[[-90.87129, 30.23683], [-90.86982, 30.2362], [-90.86906, 30.23504], [-90.86905, 30.23351], [-90.87002, 30.23232], [-90.8712, 30.2317], [-90.87243, 30.23161], [-90.87567, 30.23289], [-90.87658, 30.2336], [-90.87694, 30.23434], [-90.87696, 30.23544], [-90.87598, 30.23684], [-90.87443, 30.23727], [-90.87283, 30.23673], [-90.87129, 30.23683]]], [[[-90.88505, 30.24121], [-90.87975, 30.24132], [-90.87848, 30.24101], [-90.87766, 30.24035], [-90.87726, 30.23953], [-90.87749, 30.23765], [-90.8781, 30.23698], [-90.87911, 30.23654], [-90.88292, 30.23689], [-90.88484, 30.23568], [-90.88672, 30.23589], [-90.88794, 30.23723], [-90.88797, 30.23949], [-90.8876, 30.24022], [-90.88685, 30.24085], [-90.88505, 30.24121]]], [[[-90.89828, 30.24155], [-90.89804, 30.24315], [-90.89739, 30.24386], [-90.89635, 30.24432], [-90.8954, 30.24438], [-90.89435, 30.24409], [-90.89319, 30.24282], [-90.89309, 30.24202], [-90.89344, 30.24097], [-90.89405, 30.2403], [-90.89492, 30.23989], [-90.89589, 30.23981], [-90.89683, 30.24006], [-90.89775, 30.24067], [-90.89828, 30.24155]]], [[[-90.89572, 30.28368], [-90.89479, 30.28419], [-90.89356, 30.28437], [-90.8926, 30.28418], [-90.89173, 30.28362], [-90.89124, 30.28291], [-90.89108, 30.28199], [-90.89132, 30.28088], [-90.89186, 30.28018], [-90.89358, 30.27953], [-90.89468, 30.27962], [-90.89571, 30.28013], [-90.89634, 30.281], [-90.89647, 30.28216], [-90.89628, 30.28298], [-90.89572, 30.28368]]], [[[-90.87915, 30.28524], [-90.87673, 30.28498], [-90.87593, 30.28442], [-90.87543, 30.28365], [-90.87526, 30.28278], [-90.87547, 30.28193], [-90.8762, 30.28099], [-90.87722, 30.28041], [-90.8783, 30.28028], [-90.87944, 30.28059], [-90.88103, 30.28232], [-90.88118, 30.28328], [-90.88088, 30.28414], [-90.88008, 30.2849], [-90.87915, 30.28524]]], [[[-90.88326, 30.29222], [-90.88252, 30.29276], [-90.88158, 30.293], [-90.87914, 30.29287], [-90.87813, 30.29258], [-90.87773, 30.29438], [-90.87707, 30.29497], [-90.87596, 30.29532], [-90.87465, 30.2953], [-90.87377, 30.29499], [-90.87297, 30.29424], [-90.87269, 30.29345], [-90.87271, 30.29185], [-90.87336, 30.29076], [-90.87484, 30.29014], [-90.87688, 30.2904], [-90.87755, 30.28896], [-90.87922, 30.28791], [-90.8802, 30.28658], [-90.88246, 30.28599], [-90.88515, 30.28611], [-90.8866, 30.28705], [-90.88694, 30.28788], [-90.88689, 30.28877], [-90.88581, 30.29042], [-90.88474, 30.29106], [-90.88375, 30.2913], [-90.88326, 30.29222]]], [[[-90.89762, 30.30535], [-90.89747, 30.30609], [-90.8904, 30.30444], [-90.89055, 30.30346], [-90.89118, 30.3026], [-90.89197, 30.30217], [-90.89314, 30.30195], [-90.89431, 30.30209], [-90.89525, 30.3025], [-90.897, 30.30392], [-90.89762, 30.30535]]], [[[-90.85272, 29.99513], [-90.8533, 29.99586], [-90.8535, 29.99667], [-90.85333, 29.99748], [-90.85273, 29.99827], [-90.84923, 29.99978], [-90.84757, 29.9999], [-90.84622, 29.99917], [-90.84463, 29.99698], [-90.84453, 29.99593], [-90.845, 29.99499], [-90.8446, 29.99423], [-90.84463, 29.99321], [-90.84504, 29.99248], [-90.84606, 29.9917], [-90.84789, 29.99149], [-90.84957, 29.99241], [-90.85055, 29.99355], [-90.85272, 29.99513]]], [[[-90.83185, 30.05806], [-90.83299, 30.05878], [-90.83422, 30.06065], [-90.83445, 30.06145], [-90.83422, 30.06246], [-90.83347, 30.06325], [-90.83204, 30.06388], [-90.83031, 30.06436], [-90.82891, 30.0642], [-90.82799, 30.06357], [-90.82663, 30.06142], [-90.82663, 30.0598], [-90.82734, 30.05897], [-90.8288, 30.05827], [-90.83092, 30.05794], [-90.83185, 30.05806]]], [[[-90.83936, 30.23296], [-90.83868, 30.23529], [-90.83757, 30.23605], [-90.8368, 30.23728], [-90.83461, 30.23888], [-90.83353, 30.23928], [-90.83179, 30.2393], [-90.83068, 30.23894], [-90.83002, 30.23834], [-90.82966, 30.23695], [-90.83073, 30.23279], [-90.83152, 30.23179], [-90.83262, 30.23136], [-90.83302, 30.23041], [-90.83372, 30.22982], [-90.83613, 30.2294], [-90.83753, 30.22968], [-90.83825, 30.23024], [-90.83915, 30.23172], [-90.83936, 30.23296]]], [[[-90.77694, 29.98447], [-90.77792, 29.98522], [-90.77831, 29.98621], [-90.77822, 29.98731], [-90.77738, 29.98833], [-90.77542, 29.9891], [-90.77404, 29.98926], [-90.77235, 29.98905], [-90.77142, 29.98848], [-90.77086, 29.98763], [-90.77075, 29.98667], [-90.77104, 29.98586], [-90.77168, 29.98521], [-90.77451, 29.984], [-90.77574, 29.984], [-90.77694, 29.98447]]], [[[-90.77815, 29.9901], [-90.7793, 29.98997], [-90.78036, 29.99026], [-90.78122, 29.99092], [-90.78158, 29.99166], [-90.78155, 29.99276], [-90.78104, 29.99399], [-90.77955, 29.99496], [-90.7786, 29.995], [-90.77756, 29.99469], [-90.77645, 29.9934], [-90.7764, 29.99258], [-90.77683, 29.99118], [-90.77815, 29.9901]]], [[[-90.75136, 29.99874], [-90.75241, 29.99826], [-90.75381, 29.99819], [-90.75475, 29.99841], [-90.75552, 29.99894], [-90.75598, 29.99969], [-90.75612, 30.00078], [-90.75589, 30.0016], [-90.75521, 30.00237], [-90.75409, 30.00285], [-90.7529, 30.00287], [-90.75118, 30.00216], [-90.75067, 30.00146], [-90.75051, 30.00058], [-90.7507, 29.99959], [-90.75136, 29.99874]]], [[[-90.73694, 30.00177], [-90.73748, 30.00255], [-90.73759, 30.00339], [-90.73733, 30.0042], [-90.73651, 30.005], [-90.73424, 30.00556], [-90.73332, 30.00534], [-90.73239, 30.00463], [-90.73197, 30.00303], [-90.73239, 30.00211], [-90.73311, 30.00149], [-90.734, 30.00111], [-90.7353, 30.00106], [-90.73694, 30.00177]]]]}, "properties": {"class": "water", "buffer_m": 234.0, "area_km2": 819.81}}, {"type": "Feature", "geometry": {"type": "MultiPolygon", "coordinates": [[[[-91.14262, 29.93578], [-91.14168, 29.93691], [-91.14141, 29.93669], [-91.14185, 29.93593], [-91.1417, 29.93554], [-91.14088, 29.93495], [-91.14033, 29.93488], [-91.13872, 29.93606], [-91.13741, 29.93652], [-91.13748, 29.94013], [-91.10607, 29.94037], [-91.10402, 29.93697], [-91.09689, 29.93144], [-91.09047, 29.93753], [-91.08983, 29.93764], [-91.08748, 29.93701], [-91.07846, 29.92198], [-91.0871, 29.92575], [-91.09555, 29.92582], [-91.09543, 29.9187], [-91.11463, 29.91854], [-91.11477, 29.91307], [-91.11467, 29.91272], [-91.11432, 29.91273], [-91.11426, 29.91217], [-91.11477, 29.91108], [-91.11479, 29.90847], [-91.11132, 29.90816], [-91.11107, 29.9078], [-91.11125, 29.9075], [-91.11464, 29.90807], [-91.1147, 29.90775], [-91.11533, 29.90817], [-91.11531, 29.90897], [-91.11647, 29.90893], [-91.11694, 29.90924], [-91.11539, 29.90918], [-91.11514, 29.90977], [-91.11518, 29.9148], [-91.11688, 29.91472], [-91.1171, 29.91522], [-91.11515, 29.91533], [-91.11521, 29.91853], [-91.11914, 29.91851], [-91.11916, 29.91776], [-91.11948, 29.91769], [-91.11975, 29.91786], [-91.11972, 29.91851], [-91.12658, 29.91848], [-91.12659, 29.91823], [-91.12704, 29.91823], [-91.12711, 29.91848], [-91.12984, 29.91847], [-91.14431, 29.93027], [-91.15309, 29.93898], [-91.1503, 29.93813], [-91.14949, 29.93837], [-91.14886, 29.94017], [-91.14829, 29.94013], [-91.14864, 29.93801], [-91.14807, 29.93758], [-91.14631, 29.93704], [-91.145, 29.93735], [-91.14435, 29.93678], [-91.14337, 29.93648], [-91.14262, 29.93578]], [[-91.1384, 29.93521], [-91.13964, 29.93352], [-91.13962, 29.93293], [-91.13735, 29.93294], [-91.13741, 29.93603], [-91.1384, 29.93521]]], [[[-91.10824, 29.90387], [-91.10799, 29.90353], [-91.1001, 29.89964], [-91.10029, 29.89921], [-91.1076, 29.903], [-91.10863, 29.90369], [-91.10824, 29.90387]]], [[[-91.19276, 29.99229], [-91.19224, 29.99284], [-91.19226, 29.99357], [-91.19291, 29.99566], [-91.19388, 29.9975], [-91.19374, 30.00025], [-91.19256, 30.00138], [-91.19055, 30.00225], [-91.18822, 30.0028], [-91.18863, 30.00418], [-91.18779, 30.00549], [-91.18846, 30.00892], [-91.18968, 30.01047], [-91.189, 30.01241], [-91.19082, 30.0128], [-91.19133, 30.01241], [-91.19236, 30.01212], [-91.19386, 30.01301], [-91.19222, 30.01227], [-91.18944, 30.01358], [-91.18951, 30.01309], [-91.18906, 30.01306], [-91.18918, 30.01284], [-91.18866, 30.01266], [-91.18749, 30.01328], [-91.18707, 30.01437], [-91.18602, 30.0151], [-91.18524, 30.01639], [-91.18498, 30.01733], [-91.18529, 30.01754], [-91.18572, 30.01734], [-91.18652, 30.01623], [-91.18593, 30.01732], [-91.18555, 30.01777], [-91.18491, 30.01771], [-91.18437, 30.01889], [-91.18111, 30.02217], [-91.19042, 30.02187], [-91.19471, 30.0162], [-91.19485, 30.01633], [-91.19073, 30.02184], [-91.19809, 30.02166], [-91.20519, 30.0257], [-91.19799, 30.02184], [-91.19058, 30.02206], [-91.19026, 30.02245], [-91.19021, 30.02208], [-91.18081, 30.02242], [-91.18052, 30.02264], [-91.17957, 30.02388], [-91.17934, 30.02529], [-91.1799, 30.02556], [-91.17933, 30.0257], [-91.17923, 30.02656], [-91.17883, 30.02712], [-91.17956, 30.02774], [-91.18032, 30.02791], [-91.18111, 30.0289], [-91.18129, 30.02945], [-91.18086, 30.03084], [-91.18228, 30.03282], [-91.18993, 30.02254], [-91.19014, 30.02261], [-91.16441, 30.05758], [-91.16486, 30.07299], [-91.16429, 30.07474], [-91.15118, 30.08453], [-91.15139, 30.08511], [-91.15085, 30.08607], [-91.14892, 30.0875], [-91.1472, 30.08817], [-91.14722, 30.08856], [-91.14561, 30.08995], [-91.13961, 30.09133], [-91.13839, 30.09192], [-91.13615, 30.09489], [-91.13327, 30.09642], [-91.13281, 30.09818], [-91.13176, 30.0995], [-91.13128, 30.10138], [-91.12966, 30.10263], [-91.12742, 30.10513], [-91.12606, 30.10624], [-91.1217, 30.11155], [-91.11171, 30.11808], [-91.10962, 30.11877], [-91.08807, 30.13985], [-91.10958, 30.11862], [-91.11163, 30.11802], [-91.12138, 30.11162], [-91.12602, 30.10603], [-91.13113, 30.10125], [-91.13165, 30.09926], [-91.13268, 30.09818], [-91.13323, 30.09622], [-91.13623, 30.09459], [-91.13819, 30.09186], [-91.13969, 30.09116], [-91.14532, 30.0899], [-91.14697, 30.08846], [-91.1469, 30.08804], [-91.14828, 30.0876], [-91.14961, 30.08678], [-91.15062, 30.08597], [-91.15112, 30.0851], [-91.14972, 30.08427], [-91.14737, 30.08241], [-91.14675, 30.08124], [-91.14488, 30.08016], [-91.14237, 30.07767], [-91.14185, 30.07632], [-91.14023, 30.07452], [-91.13977, 30.07245], [-91.13758, 30.06704], [-91.13563, 30.0645], [-91.13401, 30.06088], [-91.13383, 30.05964], [-91.13417, 30.05865], [-91.13499, 30.05789], [-91.13721, 30.05664], [-91.13739, 30.05613], [-91.13504, 30.05059], [-91.13529, 30.04848], [-91.1332, 30.04443], [-91.13311, 30.04276], [-91.132, 30.04087], [-91.13077, 30.03795], [-91.13059, 30.02997], [-91.13019, 30.0296], [-91.13069, 30.02916], [-91.13146, 30.02703], [-91.13153, 30.0255], [-91.1312, 30.0241], [-91.13007, 30.02509], [-91.12993, 30.02498], [-91.1309, 30.02381], [-91.13088, 30.02236], [-91.13069, 30.02224], [-91.12744, 30.02378], [-91.12356, 30.02505], [-91.11593, 30.02593], [-91.11551, 30.02615], [-91.11483, 30.02616], [-91.11472, 30.0259], [-91.11945, 30.02545], [-91.11926, 30.02439], [-91.11946, 30.02426], [-91.11996, 30.02536], [-91.12395, 30.02473], [-91.12753, 30.02348], [-91.13096, 30.02166], [-91.13165, 30.01928], [-91.13109, 30.01741], [-91.13118, 30.01499], [-91.13208, 30.0135], [-91.13267, 30.01313], [-91.13404, 30.01285], [-91.13428, 30.01197], [-91.13405, 30.01058], [-91.13099, 30.00941], [-91.13366, 30.01038], [-91.13471, 30.00996], [-91.1351, 30.00814], [-91.1359, 30.00658], [-91.13559, 30.00543], [-91.13597, 30.00407], [-91.13722, 30.00253], [-91.13726, 29.99872], [-91.13316, 29.99871], [-91.13315, 29.9984], [-91.13731, 29.99848], [-91.13721, 29.99618], [-91.13756, 29.99585], [-91.1376, 30.00236], [-91.13954, 30.00241], [-91.14214, 30.00355], [-91.14547, 30.00172], [-91.14569, 30.00147], [-91.14551, 30.00082], [-91.1462, 30.00114], [-91.14782, 29.99937], [-91.14912, 29.99893], [-91.14845, 29.998], [-91.14956, 29.99883], [-91.15013, 29.99826], [-91.1507, 29.99533], [-91.14994, 29.99259], [-91.15076, 29.99088], [-91.15069, 29.98841], [-91.15119, 29.98761], [-91.15126, 29.98669], [-91.15343, 29.98443], [-91.15487, 29.98128], [-91.15739, 29.98152], [-91.16, 29.98084], [-91.16084, 29.98026], [-91.16082, 29.979], [-91.16007, 29.97751], [-91.15923, 29.97691], [-91.15681, 29.97616], [-91.15623, 29.97522], [-91.15637, 29.97443], [-91.15746, 29.97283], [-91.15854, 29.97042], [-91.15844, 29.96573], [-91.15659, 29.96598], [-91.15472, 29.96532], [-91.15388, 29.96397], [-91.15359, 29.96128], [-91.15392, 29.96048], [-91.14646, 29.95559], [-91.14664, 29.95527], [-91.14715, 29.95549], [-91.14873, 29.95663], [-91.14941, 29.95588], [-91.14977, 29.95508], [-91.14947, 29.95273], [-91.15108, 29.95144], [-91.15268, 29.94774], [-91.15277, 29.9443], [-91.15334, 29.9442], [-91.1534, 29.94473], [-91.15652, 29.94239], [-91.1567, 29.94257], [-91.15322, 29.94537], [-91.15302, 29.94768], [-91.15253, 29.9488], [-91.15374, 29.94865], [-91.15578, 29.94884], [-91.15684, 29.9492], [-91.15807, 29.94905], [-91.15877, 29.94926], [-91.16102, 29.94887], [-91.16262, 29.94878], [-91.1628, 29.949], [-91.15883, 29.94939], [-91.1566, 29.94932], [-91.15581, 29.94899], [-91.15246, 29.94896], [-91.15158, 29.9516], [-91.15007, 29.95275], [-91.15003, 29.9552], [-91.14924, 29.95686], [-91.14948, 29.95722], [-91.15415, 29.96009], [-91.15507, 29.95892], [-91.15666, 29.95951], [-91.15757, 29.95956], [-91.1613, 29.95798], [-91.16343, 29.95915], [-91.16429, 29.95928], [-91.16528, 29.95871], [-91.16703, 29.95673], [-91.16744, 29.95661], [-91.17089, 29.95883], [-91.17031, 29.95975], [-91.17056, 29.9588], [-91.16964, 29.95846], [-91.16755, 29.95701], [-91.16446, 29.95964], [-91.1641, 29.95973], [-91.1616, 29.95843], [-91.16098, 29.9584], [-91.15756, 29.95986], [-91.15699, 29.95995], [-91.15528, 29.95937], [-91.15409, 29.96107], [-91.15407, 29.96325], [-91.1548, 29.96498], [-91.15654, 29.96568], [-91.15847, 29.9653], [-91.15893, 29.96603], [-91.15869, 29.97106], [-91.15791, 29.97279], [-91.15659, 29.97473], [-91.15663, 29.97552], [-91.15716, 29.97602], [-91.15922, 29.97656], [-91.16035, 29.97727], [-91.16156, 29.98059], [-91.16248, 29.98109], [-91.16812, 29.98182], [-91.17047, 29.97459], [-91.1708, 29.97459], [-91.1683, 29.98203], [-91.16937, 29.98235], [-91.16923, 29.98256], [-91.16848, 29.98253], [-91.16836, 29.9828], [-91.1697, 29.98564], [-91.17052, 29.98584], [-91.17086, 29.98287], [-91.17032, 29.97997], [-91.17074, 29.97844], [-91.17113, 29.97905], [-91.17247, 29.97815], [-91.1736, 29.9769], [-91.1748, 29.97639], [-91.17578, 29.97353], [-91.17805, 29.97163], [-91.17935, 29.97011], [-91.17949, 29.97032], [-91.17588, 29.97379], [-91.17503, 29.97661], [-91.17376, 29.97722], [-91.17101, 29.97968], [-91.17106, 29.9809], [-91.17159, 29.98253], [-91.17133, 29.98728], [-91.17166, 29.98791], [-91.17293, 29.98865], [-91.17361, 29.98939], [-91.17544, 29.9931], [-91.17462, 29.99233], [-91.17425, 29.99279], [-91.17356, 29.99276], [-91.17213, 29.99113], [-91.17147, 29.99102], [-91.17023, 29.9881], [-91.17001, 29.9887], [-91.16972, 29.98864], [-91.16984, 29.98711], [-91.16799, 29.98248], [-91.16237, 29.98139], [-91.16162, 29.98246], [-91.16134, 29.98242], [-91.16191, 29.98144], [-91.16103, 29.98068], [-91.15856, 29.98158], [-91.15667, 29.98183], [-91.15553, 29.98163], [-91.15525, 29.98254], [-91.15495, 29.98229], [-91.15508, 29.98176], [-91.15379, 29.98474], [-91.15174, 29.98665], [-91.15109, 29.98872], [-91.15115, 29.99129], [-91.15427, 29.99142], [-91.15424, 29.99184], [-91.15112, 29.99165], [-91.15043, 29.9923], [-91.15107, 29.99551], [-91.15077, 29.99768], [-91.14994, 29.99955], [-91.15072, 30.00066], [-91.1516, 30.00111], [-91.15349, 30.0002], [-91.15368, 29.99968], [-91.15454, 29.99935], [-91.15457, 29.9997], [-91.15154, 30.0015], [-91.1542, 30.00494], [-91.15781, 30.00703], [-91.15761, 30.00722], [-91.15422, 30.00524], [-91.15073, 30.001], [-91.15029, 30.0019], [-91.15014, 30.00598], [-91.14984, 30.00486], [-91.14983, 30.00259], [-91.15047, 30.00083], [-91.14982, 29.99997], [-91.14965, 29.99925], [-91.14806, 29.99958], [-91.14559, 30.00234], [-91.14569, 30.00307], [-91.14626, 30.00396], [-91.14569, 30.00495], [-91.14487, 30.00557], [-91.14501, 30.0065], [-91.14556, 30.00688], [-91.14836, 30.00746], [-91.14991, 30.00895], [-91.15277, 30.0104], [-91.1538, 30.01054], [-91.15418, 30.0112], [-91.15376, 30.01233], [-91.15415, 30.01385], [-91.15759, 30.01791], [-91.16011, 30.01924], [-91.16143, 30.01868], [-91.16345, 30.01641], [-91.1635, 30.01498], [-91.16399, 30.01412], [-91.1637, 30.01643], [-91.16148, 30.01903], [-91.16204, 30.01941], [-91.16325, 30.01967], [-91.16493, 30.01916], [-91.16315, 30.02006], [-91.16275, 30.02069], [-91.16132, 30.02177], [-91.16077, 30.02282], [-91.16104, 30.0239], [-91.16171, 30.0249], [-91.16328, 30.0261], [-91.16406, 30.02638], [-91.16473, 30.02718], [-91.16288, 30.03233], [-91.16371, 30.02757], [-91.16314, 30.02626], [-91.16085, 30.02452], [-91.16033, 30.023], [-91.16071, 30.0218], [-91.16164, 30.02049], [-91.16171, 30.01975], [-91.16118, 30.01944], [-91.16028, 30.01985], [-91.15707, 30.01795], [-91.15658, 30.01725], [-91.15624, 30.01863], [-91.15497, 30.0196], [-91.15585, 30.01831], [-91.15612, 30.01705], [-91.1557, 30.01624], [-91.15484, 30.01604], [-91.15383, 30.01399], [-91.15325, 30.01243], [-91.15358, 30.01086], [-91.15258, 30.01069], [-91.14981, 30.00919], [-91.14828, 30.00765], [-91.14502, 30.00679], [-91.14466, 30.00619], [-91.14473, 30.0055], [-91.14581, 30.00455], [-91.1461, 30.00394], [-91.1453, 30.00227], [-91.14513, 30.003], [-91.14461, 30.00249], [-91.14204, 30.00389], [-91.13898, 30.00257], [-91.13791, 30.00262], [-91.13672, 30.0032], [-91.13589, 30.00537], [-91.13622, 30.00672], [-91.13535, 30.00827], [-91.13516, 30.00997], [-91.13447, 30.01063], [-91.1346, 30.01258], [-91.13403, 30.01313], [-91.13239, 30.0135], [-91.13159, 30.01528], [-91.13175, 30.01564], [-91.13144, 30.01606], [-91.13139, 30.01707], [-91.13186, 30.01935], [-91.13104, 30.02294], [-91.13156, 30.02461], [-91.13175, 30.02653], [-91.13077, 30.03009], [-91.13088, 30.03777], [-91.13215, 30.0409], [-91.13322, 30.04271], [-91.13333, 30.04438], [-91.13538, 30.04834], [-91.13516, 30.0505], [-91.13664, 30.05435], [-91.13762, 30.0561], [-91.13724, 30.05692], [-91.13444, 30.05855], [-91.13401, 30.05958], [-91.1341, 30.06062], [-91.13567, 30.06423], [-91.13779, 30.06713], [-91.13982, 30.07219], [-91.14043, 30.07458], [-91.14171, 30.07586], [-91.1436, 30.07881], [-91.14512, 30.08016], [-91.14666, 30.08091], [-91.14741, 30.08228], [-91.15031, 30.08444], [-91.15105, 30.08442], [-91.16398, 30.07473], [-91.16463, 30.07361], [-91.1642, 30.0579], [-91.16355, 30.05879], [-91.16333, 30.05871], [-91.16418, 30.05748], [-91.1638, 30.04544], [-91.16425, 30.04159], [-91.1641, 30.0409], [-91.16491, 30.04], [-91.16475, 30.03958], [-91.1626, 30.03772], [-91.16203, 30.0368], [-91.16521, 30.03957], [-91.16523, 30.04009], [-91.16436, 30.04095], [-91.16572, 30.04181], [-91.16583, 30.04247], [-91.16715, 30.04264], [-91.16666, 30.04292], [-91.16584, 30.0428], [-91.16508, 30.04156], [-91.16446, 30.04144], [-91.16397, 30.04552], [-91.16438, 30.05723], [-91.17627, 30.04112], [-91.1761, 30.04092], [-91.17648, 30.04083], [-91.18154, 30.03392], [-91.18063, 30.03099], [-91.18086, 30.02961], [-91.18065, 30.02883], [-91.17984, 30.02821], [-91.18006, 30.02917], [-91.17959, 30.0294], [-91.1795, 30.02861], [-91.17902, 30.02939], [-91.17895, 30.02792], [-91.17741, 30.02646], [-91.1783, 30.02689], [-91.17885, 30.02661], [-91.17913, 30.02446], [-91.17959, 30.02329], [-91.18434, 30.01865], [-91.18572, 30.01502], [-91.18696, 30.01424], [-91.18706, 30.01339], [-91.18829, 30.01242], [-91.18926, 30.01079], [-91.18923, 30.01037], [-91.18823, 30.00893], [-91.18747, 30.00566], [-91.18824, 30.00422], [-91.18774, 30.00275], [-91.18897, 30.00226], [-91.18887, 30.00003], [-91.18789, 29.99961], [-91.1878, 29.99918], [-91.18648, 29.99815], [-91.18618, 29.99711], [-91.18642, 29.99689], [-91.18648, 29.99757], [-91.18735, 29.99873], [-91.18792, 29.99883], [-91.18813, 29.99935], [-91.189, 29.99962], [-91.18925, 30.00236], [-91.19057, 30.00214], [-91.19255, 30.00128], [-91.19349, 30.00031], [-91.19374, 29.99784], [-91.19212, 29.99373], [-91.19211, 29.99282], [-91.1928, 29.99209], [-91.19276, 29.99229]], [[-91.17263, 29.99111], [-91.17387, 29.99237], [-91.17449, 29.9922], [-91.17305, 29.98966], [-91.17113, 29.98844], [-91.17058, 29.9874], [-91.17048, 29.98617], [-91.16984, 29.98599], [-91.17151, 29.99032], [-91.17263, 29.99111]], [[-91.1901, 30.01303], [-91.19036, 30.01294], [-91.1894, 30.01284], [-91.18988, 30.01319], [-91.1901, 30.01303]], [[-91.19177, 30.01243], [-91.19165, 30.01238], [-91.19152, 30.01246], [-91.19166, 30.0125], [-91.19177, 30.01243]], [[-91.17942, 30.02843], [-91.17952, 30.02841], [-91.17945, 30.02826], [-91.1794, 30.0283], [-91.17942, 30.02843]], [[-91.18113, 30.032], [-91.18164, 30.03328], [-91.18192, 30.03338], [-91.18206, 30.03293], [-91.18113, 30.032]], [[-91.16398, 30.02679], [-91.16379, 30.0267], [-91.16389, 30.02743], [-91.16409, 30.02725], [-91.16398, 30.02679]]], [[[-91.13937, 30.00929], [-91.14012, 30.00924], [-91.14017, 30.01001], [-91.1398, 30.01004], [-91.13992, 30.01116], [-91.14029, 30.01176], [-91.13954, 30.01188], [-91.13937, 30.00929]]], [[[-91.14132, 30.01151], [-91.14166, 30.01001], [-91.14348, 30.00831], [-91.14509, 30.00837], [-91.14617, 30.00984], [-91.14628, 30.01042], [-91.1458, 30.01158], [-91.14417, 30.01249], [-91.14387, 30.01291], [-91.14308, 30.01302], [-91.14193, 30.01266], [-91.14151, 30.01224], [-91.14132, 30.01151]]], [[[-91.1371, 30.01709], [-91.13692, 30.0168], [-91.13647, 30.0168], [-91.13645, 30.01541], [-91.13882, 30.01539], [-91.13884, 30.01691], [-91.1371, 30.01692], [-91.1371, 30.01709]]], [[[-91.14601, 30.06266], [-91.14652, 30.06237], [-91.14666, 30.06307], [-91.14602, 30.06308], [-91.14601, 30.06266]]], [[[-91.13313, 30.11024], [-91.13295, 30.10991], [-91.13497, 30.1089], [-91.13653, 30.11128], [-91.13509, 30.11202], [-91.13407, 30.11073], [-91.13387, 30.11085], [-91.13313, 30.11024]]], [[[-91.14649, 30.16266], [-91.14692, 30.16278], [-91.14683, 30.16304], [-91.14639, 30.16292], [-91.14649, 30.16266]]], [[[-91.15126, 30.16449], [-91.15075, 30.16627], [-91.15144, 30.16645], [-91.15115, 30.16725], [-91.14975, 30.1669], [-91.15064, 30.16443], [-91.15126, 30.16449]]], [[[-91.1338, 30.16563], [-91.13951, 30.16836], [-91.13905, 30.17062], [-91.13823, 30.17054], [-91.13816, 30.17091], [-91.13677, 30.17075], [-91.13629, 30.17387], [-91.13321, 30.17415], [-91.13351, 30.16577], [-91.1338, 30.16563]]], [[[-91.16529, 30.18533], [-91.17011, 30.18234], [-91.17075, 30.18305], [-91.16762, 30.185], [-91.16879, 30.18651], [-91.16755, 30.1873], [-91.16529, 30.18533]]], [[[-91.14057, 30.18767], [-91.13993, 30.18781], [-91.13955, 30.18711], [-91.14001, 30.18683], [-91.14057, 30.18767]]], [[[-91.13162, 30.19628], [-91.13153, 30.19661], [-91.13079, 30.19563], [-91.13115, 30.19547], [-91.13192, 30.19647], [-91.13162, 30.19628]]], [[[-91.11924, 30.19888], [-91.11407, 30.20201], [-91.10774, 30.20632], [-91.10328, 30.20894], [-91.10223, 30.20922], [-91.09813, 30.21134], [-91.09599, 30.21207], [-91.09404, 30.21311], [-91.09167, 30.21367], [-91.09075, 30.21424], [-91.08623, 30.21524], [-91.08543, 30.21622], [-91.08219, 30.21702], [-91.07647, 30.21812], [-91.07601, 30.21794], [-91.08501, 30.21627], [-91.08557, 30.21602], [-91.08568, 30.21557], [-91.08531, 30.21541], [-91.07984, 30.21615], [-91.07578, 30.21631], [-91.07294, 30.21704], [-91.07128, 30.21691], [-91.06948, 30.21711], [-91.06832, 30.21685], [-91.06752, 30.21715], [-91.06318, 30.21652], [-91.06119, 30.21669], [-91.05785, 30.21647], [-91.05393, 30.21559], [-91.04917, 30.21502], [-91.04085, 30.21223], [-91.038, 30.21072], [-91.03703, 30.21065], [-91.03697, 30.21047], [-91.03745, 30.21039], [-91.03721, 30.21005], [-91.03646, 30.21039], [-91.0359, 30.20931], [-91.03349, 30.20831], [-91.02964, 30.20544], [-91.0236, 30.19965], [-91.02105, 30.19758], [-91.01897, 30.19512], [-91.01813, 30.19369], [-91.01623, 30.19151], [-91.01511, 30.18923], [-91.01384, 30.18792], [-91.01341, 30.18693], [-91.0122, 30.18545], [-91.01191, 30.18433], [-91.01113, 30.18312], [-91.00162, 30.17054], [-90.99844, 30.16513], [-90.9967, 30.16095], [-90.99608, 30.15576], [-90.99634, 30.1543], [-90.99604, 30.15281], [-90.9965, 30.14573], [-90.99686, 30.14398], [-90.9989, 30.14093], [-91.00049, 30.13998], [-91.00258, 30.13817], [-91.0034, 30.13608], [-91.00436, 30.13479], [-91.00599, 30.13394], [-91.007, 30.13274], [-91.00997, 30.13126], [-91.01216, 30.12943], [-91.01416, 30.12846], [-91.01562, 30.12721], [-91.01781, 30.12705], [-91.02053, 30.1262], [-91.02247, 30.12533], [-91.02545, 30.12291], [-91.02579, 30.12294], [-91.02678, 30.12179], [-91.02711, 30.12058], [-91.02307, 30.11837], [-91.02062, 30.11795], [-91.01772, 30.11823], [-91.00347, 30.11817], [-90.99002, 30.11734], [-90.98737, 30.11701], [-90.98083, 30.11548], [-90.97619, 30.1148], [-90.96934, 30.11285], [-90.9678, 30.11288], [-90.9656, 30.11346], [-90.96363, 30.11311], [-90.96372, 30.11259], [-90.96546, 30.11302], [-90.96568, 30.11274], [-90.96533, 30.11248], [-90.9617, 30.1119], [-90.95355, 30.11183], [-90.95088, 30.11279], [-90.9505, 30.1155], [-90.94966, 30.11648], [-90.95028, 30.11969], [-90.95078, 30.12018], [-90.9512, 30.12208], [-90.95081, 30.12438], [-90.95124, 30.12753], [-90.95088, 30.12827], [-90.95073, 30.13028], [-90.95014, 30.13234], [-90.94741, 30.1358], [-90.94441, 30.13727], [-90.94213, 30.13905], [-90.94038, 30.13963], [-90.93647, 30.1393], [-90.93409, 30.13945], [-90.9295, 30.13855], [-90.92305, 30.13498], [-90.92228, 30.13384], [-90.92055, 30.13261], [-90.91846, 30.13061], [-90.91425, 30.12296], [-90.91306, 30.11926], [-90.91182, 30.1135], [-90.91175, 30.11207], [-90.91125, 30.11152], [-90.91108, 30.10963], [-90.91032, 30.10743], [-90.91024, 30.10556], [-90.90902, 30.09994], [-90.90896, 30.09797], [-90.90821, 30.09377], [-90.90714, 30.09146], [-90.90728, 30.0904], [-90.90682, 30.08857], [-90.90649, 30.0881], [-90.90666, 30.08931], [-90.9042, 30.08244], [-90.90613, 30.08681], [-90.90473, 30.08279], [-90.90299, 30.07948], [-90.90147, 30.07729], [-90.89671, 30.07167], [-90.89285, 30.06794], [-90.89175, 30.06654], [-90.88941, 30.06511], [-90.88637, 30.06434], [-90.8832, 30.06442], [-90.87747, 30.06515], [-90.87261, 30.06634], [-90.87221, 30.06704], [-90.87164, 30.06673], [-90.86873, 30.06726], [-90.86567, 30.06718], [-90.86312, 30.06745], [-90.85999, 30.06717], [-90.85282, 30.06466], [-90.84893, 30.06207], [-90.84624, 30.05945], [-90.84429, 30.05828], [-90.84195, 30.05502], [-90.84082, 30.05393], [-90.83951, 30.05142], [-90.83913, 30.04956], [-90.83789, 30.04665], [-90.8371, 30.04604], [-90.83673, 30.04522], [-90.83438, 30.03565], [-90.83402, 30.03279], [-90.83192, 30.02735], [-90.83193, 30.02431], [-90.82882, 30.01151], [-90.82764, 30.00389], [-90.82747, 30.00022], [-90.82563, 29.99277], [-90.82404, 29.98906], [-90.822, 29.98608], [-90.8197, 29.98363], [-90.81852, 29.98366], [-90.81636, 29.98433], [-90.81399, 29.98544], [-90.81149, 29.9885], [-90.8089, 29.99264], [-90.80517, 29.99721], [-90.80219, 30.00022], [-90.80162, 30.00042], [-90.79699, 30.00494], [-90.79663, 30.005], [-90.79625, 30.00569], [-90.79154, 30.00974], [-90.78653, 30.0129], [-90.78418, 30.01409], [-90.78161, 30.01494], [-90.76846, 30.01837], [-90.76516, 30.01859], [-90.75425, 30.01771], [-90.7524, 30.01843], [-90.74829, 30.01857], [-90.74669, 30.01838], [-90.74287, 30.01909], [-90.74142, 30.0189], [-90.74096, 30.01849], [-90.73867, 30.01835], [-90.73809, 30.01799], [-90.73715, 30.01819], [-90.73476, 30.01748], [-90.73115, 30.01718], [-90.72935, 30.01655], [-90.72501, 30.01651], [-90.72363, 30.01686], [-90.72215, 30.01762], [-90.72154, 30.01834], [-90.7213, 30.01927], [-90.72164, 30.01926], [-90.72139, 30.0196], [-90.72113, 30.01942], [-90.72014, 30.01991], [-90.71938, 30.0207], [-90.71737, 30.02188], [-90.71605, 30.02235], [-90.71365, 30.02223], [-90.71329, 30.02259], [-90.71339, 30.02325], [-90.71314, 30.02326], [-90.71326, 30.02297], [-90.71293, 30.02275], [-90.71185, 30.02348], [-90.70856, 30.02663], [-90.71178, 30.01667], [-90.71553, 30.015], [-90.72212, 30.01134], [-90.72346, 30.01127], [-90.72579, 30.01059], [-90.72703, 30.00972], [-90.7277, 30.00989], [-90.73016, 30.00885], [-90.73182, 30.00905], [-90.73343, 30.00879], [-90.73705, 30.00943], [-90.73721, 30.01009], [-90.7385, 30.01038], [-90.73885, 30.01008], [-90.73967, 30.01076], [-90.74294, 30.01175], [-90.74304, 30.01197], [-90.74779, 30.01293], [-90.75, 30.01288], [-90.7542, 30.01225], [-90.75786, 30.01215], [-90.76163, 30.0116], [-90.77573, 30.00813], [-90.77619, 30.00766], [-90.77901, 30.00655], [-90.78204, 30.00468], [-90.78261, 30.00457], [-90.78718, 30.00072], [-90.79132, 29.99791], [-90.79462, 29.99485], [-90.80128, 29.98986], [-90.80353, 29.98874], [-90.80465, 29.98755], [-90.80616, 29.98676], [-90.80914, 29.98203], [-90.81053, 29.98109], [-90.81142, 29.98087], [-90.81511, 29.97901], [-90.81802, 29.97821], [-90.82189, 29.97813], [-90.82587, 29.97982], [-90.83018, 29.98488], [-90.83127, 29.98753], [-90.83215, 29.98919], [-90.83261, 29.98946], [-90.83407, 29.99244], [-90.83506, 29.99555], [-90.83585, 30.00107], [-90.83583, 30.00297], [-90.83675, 30.007], [-90.83662, 30.00817], [-90.83797, 30.0146], [-90.83854, 30.015], [-90.83899, 30.01496], [-90.83905, 30.01532], [-90.8387, 30.0156], [-90.83806, 30.01495], [-90.83896, 30.02193], [-90.84219, 30.03442], [-90.84306, 30.0383], [-90.84327, 30.04064], [-90.84388, 30.04182], [-90.84441, 30.04411], [-90.84404, 30.04535], [-90.84463, 30.0475], [-90.84783, 30.05386], [-90.85059, 30.05664], [-90.85197, 30.05754], [-90.8541, 30.05859], [-90.85778, 30.05945], [-90.86117, 30.05978], [-90.86357, 30.06043], [-90.87084, 30.06093], [-90.87556, 30.06051], [-90.88393, 30.05922], [-90.88602, 30.05962], [-90.88921, 30.0597], [-90.89506, 30.06131], [-90.89978, 30.06409], [-90.90022, 30.0648], [-90.90259, 30.06684], [-90.90515, 30.07067], [-90.90616, 30.0716], [-90.90851, 30.07636], [-90.90948, 30.0773], [-90.91074, 30.08009], [-90.91282, 30.08624], [-90.91298, 30.08767], [-90.91377, 30.08889], [-90.91388, 30.0901], [-90.91506, 30.0936], [-90.91553, 30.0966], [-90.91713, 30.10208], [-90.91737, 30.10449], [-90.91903, 30.11225], [-90.91908, 30.11426], [-90.91964, 30.11706], [-90.92167, 30.1221], [-90.92317, 30.1241], [-90.92399, 30.12576], [-90.92822, 30.13084], [-90.93324, 30.13347], [-90.93574, 30.1341], [-90.93759, 30.13336], [-90.94035, 30.13093], [-90.94159, 30.1302], [-90.94274, 30.12856], [-90.94305, 30.12707], [-90.94348, 30.12672], [-90.94402, 30.1252], [-90.94386, 30.12022], [-90.94292, 30.11706], [-90.94286, 30.11506], [-90.94389, 30.1103], [-90.94701, 30.10799], [-90.94797, 30.10677], [-90.95063, 30.10532], [-90.95248, 30.10449], [-90.9585, 30.10271], [-90.96394, 30.10245], [-90.96886, 30.10311], [-90.9762, 30.10496], [-90.9849, 30.10813], [-90.9906, 30.10949], [-90.99672, 30.11012], [-91.00273, 30.11014], [-91.00428, 30.1106], [-91.01189, 30.11025], [-91.02199, 30.11146], [-91.02999, 30.11348], [-91.03353, 30.11611], [-91.0357, 30.12005], [-91.03602, 30.12165], [-91.03596, 30.12364], [-91.0357, 30.12463], [-91.03504, 30.12549], [-91.03211, 30.12813], [-91.0292, 30.12946], [-91.02756, 30.13114], [-91.02349, 30.13344], [-91.01848, 30.13571], [-91.01532, 30.13641], [-91.01237, 30.13741], [-91.00949, 30.13898], [-91.00716, 30.14128], [-91.00575, 30.1422], [-91.00353, 30.14475], [-91.00322, 30.14583], [-91.00319, 30.15032], [-91.00454, 30.15583], [-91.00429, 30.15629], [-91.0046, 30.15877], [-91.00519, 30.15947], [-91.00533, 30.16048], [-91.00648, 30.16175], [-91.0078, 30.16461], [-91.00906, 30.16652], [-91.01001, 30.16741], [-91.01025, 30.16816], [-91.0114, 30.16925], [-91.01189, 30.17046], [-91.01696, 30.17724], [-91.01748, 30.17721], [-91.01851, 30.17868], [-91.0182, 30.17908], [-91.0209, 30.18318], [-91.02181, 30.18558], [-91.0256, 30.1916], [-91.02741, 30.19387], [-91.02948, 30.19588], [-91.03412, 30.1997], [-91.03884, 30.203], [-91.0439, 30.20575], [-91.0483, 30.20732], [-91.05291, 30.20839], [-91.05982, 30.20928], [-91.06037, 30.20928], [-91.06146, 30.20874], [-91.06268, 30.20866], [-91.06567, 30.20757], [-91.06536, 30.20649], [-91.06639, 30.20755], [-91.07441, 30.20486], [-91.08225, 30.20453], [-91.08563, 30.20491], [-91.09023, 30.20432], [-91.098, 30.20226], [-91.10148, 30.19995], [-91.10976, 30.19589], [-91.11026, 30.19514], [-91.11221, 30.19433], [-91.11818, 30.18992], [-91.12006, 30.18919], [-91.1212, 30.18794], [-91.12461, 30.1859], [-91.13069, 30.18055], [-91.13217, 30.17997], [-91.13322, 30.17897], [-91.1353, 30.17805], [-91.13801, 30.17615], [-91.14383, 30.175], [-91.14717, 30.17503], [-91.15387, 30.17715], [-91.15863, 30.1806], [-91.16067, 30.18295], [-91.16143, 30.18343], [-91.16225, 30.1846], [-91.1649, 30.18694], [-91.16551, 30.18843], [-91.16626, 30.18892], [-91.16886, 30.19569], [-91.16881, 30.20093], [-91.16836, 30.20329], [-91.16719, 30.20519], [-91.16575, 30.20952], [-91.16235, 30.21439], [-91.16056, 30.21534], [-91.15847, 30.21751], [-91.15664, 30.21878], [-91.15431, 30.2218], [-91.15171, 30.22384], [-91.15046, 30.22448], [-91.14887, 30.22621], [-91.14693, 30.227], [-91.14492, 30.22844], [-91.14013, 30.23249], [-91.13724, 30.23452], [-91.13535, 30.23537], [-91.13254, 30.23725], [-91.12607, 30.24005], [-91.1233, 30.24165], [-91.1178, 30.24374], [-91.11438, 30.2462], [-91.11384, 30.24688], [-91.11345, 30.24851], [-91.11343, 30.25091], [-91.11412, 30.25377], [-91.11689, 30.25769], [-91.12181, 30.26176], [-91.11918, 30.26376], [-91.11377, 30.26712], [-91.10992, 30.26297], [-91.10858, 30.26122], [-91.10699, 30.25839], [-91.10549, 30.25158], [-91.10566, 30.24799], [-91.10839, 30.24386], [-91.11204, 30.24036], [-91.1172, 30.23791], [-91.11966, 30.23642], [-91.1205, 30.23545], [-91.12274, 30.23421], [-91.12297, 30.23378], [-91.12381, 30.23359], [-91.12696, 30.23188], [-91.13424, 30.22675], [-91.13911, 30.2218], [-91.14519, 30.21458], [-91.1493, 30.20802], [-91.15113, 30.20405], [-91.15222, 30.20295], [-91.15458, 30.19903], [-91.15523, 30.19649], [-91.15586, 30.18999], [-91.15583, 30.18793], [-91.15522, 30.18616], [-91.15258, 30.18406], [-91.14864, 30.18284], [-91.1465, 30.18169], [-91.14362, 30.18098], [-91.14136, 30.18073], [-91.1394, 30.1809], [-91.13704, 30.18209], [-91.13548, 30.18326], [-91.13425, 30.18478], [-91.13356, 30.18499], [-91.13347, 30.18553], [-91.1327, 30.18599], [-91.12792, 30.19166], [-91.12452, 30.19515], [-91.12002, 30.19834], [-91.12028, 30.19867], [-91.11997, 30.19883], [-91.11971, 30.19854], [-91.11924, 30.19888]], [[-91.15809, 30.18802], [-91.15779, 30.19376], [-91.1573, 30.19486], [-91.15619, 30.20022], [-91.15391, 30.20593], [-91.15316, 30.20951], [-91.15336, 30.20977], [-91.15432, 30.20932], [-91.15486, 30.20863], [-91.15807, 30.20622], [-91.16175, 30.19985], [-91.16248, 30.19738], [-91.16283, 30.19483], [-91.16195, 30.19186], [-91.16045, 30.18952], [-91.15829, 30.18715], [-91.15809, 30.18802]]], [[[-91.13462, 30.20315], [-91.13014, 30.20252], [-91.13007, 30.20243], [-91.13203, 30.20177], [-91.13324, 30.20161], [-91.13338, 30.20179], [-91.13349, 30.20153], [-91.13555, 30.20102], [-91.13612, 30.20213], [-91.13506, 30.20308], [-91.13462, 30.20315]]], [[[-91.12994, 30.20787], [-91.12983, 30.20775], [-91.12998, 30.20766], [-91.13007, 30.20777], [-91.12994, 30.20787]]], [[[-91.17248, 30.21065], [-91.1725, 30.21001], [-91.17496, 30.21031], [-91.17465, 30.21074], [-91.17248, 30.21065]]], [[[-91.17506, 30.21015], [-91.17508, 30.21015], [-91.17506, 30.21017], [-91.17506, 30.21015]]], [[[-91.1263, 30.22124], [-91.13108, 30.22606], [-91.12828, 30.22814], [-91.12349, 30.22332], [-91.1263, 30.22124]]], [[[-91.15331, 30.2351], [-91.15365, 30.23305], [-91.14947, 30.22867], [-91.1511, 30.22807], [-91.15279, 30.22655], [-91.15762, 30.23092], [-91.15577, 30.23301], [-91.15331, 30.2351]]], [[[-91.13292, 30.23942], [-91.13394, 30.24078], [-91.13376, 30.24091], [-91.1326, 30.2396], [-91.13292, 30.23942]]], [[[-91.11976, 30.2529], [-91.11979, 30.25302], [-91.1179, 30.25343], [-91.11864, 30.25237], [-91.12015, 30.25215], [-91.12035, 30.25278], [-91.11976, 30.2529]]], [[[-91.12141, 30.25314], [-91.12069, 30.25332], [-91.12042, 30.25278], [-91.12116, 30.25259], [-91.12141, 30.25314]]], [[[-91.11899, 30.2552], [-91.1191, 30.2542], [-91.12074, 30.25376], [-91.12073, 30.25338], [-91.12143, 30.25322], [-91.12122, 30.25209], [-91.12256, 30.25195], [-91.12252, 30.25447], [-91.12076, 30.2551], [-91.11899, 30.2552]]], [[[-91.12833, 30.25436], [-91.12757, 30.25605], [-91.12291, 30.26015], [-91.12163, 30.25761], [-91.12833, 30.25436]]], [[[-91.06118, 29.90487], [-91.06371, 29.90604], [-91.06263, 29.90778], [-91.06011, 29.90661], [-91.06118, 29.90487]]], [[[-91.07989, 29.98543], [-91.07601, 29.98708], [-91.07535, 29.98601], [-91.07749, 29.98512], [-91.07726, 29.98478], [-91.07897, 29.98401], [-91.0787, 29.98349], [-91.08049, 29.98267], [-91.07959, 29.98107], [-91.08145, 29.98029], [-91.08149, 29.98107], [-91.08302, 29.98291], [-91.08359, 29.98261], [-91.08447, 29.98409], [-91.08571, 29.9836], [-91.08644, 29.98501], [-91.08293, 29.98652], [-91.0824, 29.9856], [-91.08036, 29.98642], [-91.07989, 29.98543]]], [[[-91.06485, 29.98561], [-91.06455, 29.98525], [-91.06526, 29.98478], [-91.06566, 29.98524], [-91.06485, 29.98561]]], [[[-91.06069, 29.98704], [-91.06035, 29.98734], [-91.0598, 29.98673], [-91.06007, 29.98653], [-91.06069, 29.98704]]], [[[-91.05448, 29.99058], [-91.05422, 29.9904], [-91.0551, 29.98928], [-91.05559, 29.9897], [-91.05448, 29.99058]]], [[[-91.05568, 29.99112], [-91.05532, 29.99083], [-91.05751, 29.98865], [-91.05852, 29.98963], [-91.05569, 29.99185], [-91.05528, 29.99146], [-91.05568, 29.99112]]], [[[-91.10785, 30.00176], [-91.10761, 30.00219], [-91.10787, 30.00274], [-91.10786, 30.00535], [-91.10545, 30.00537], [-91.10546, 29.99903], [-91.10788, 29.99902], [-91.10785, 30.00176]]], [[[-91.10889, 30.01154], [-91.10711, 30.01206], [-91.10686, 30.01261], [-91.10564, 30.01256], [-91.10516, 30.01303], [-91.10416, 30.01138], [-91.10581, 30.00892], [-91.10792, 30.00794], [-91.10907, 30.00798], [-91.1125, 30.00966], [-91.11209, 30.01157], [-91.11156, 30.01212], [-91.11095, 30.01212], [-91.11049, 30.01136], [-91.10889, 30.01154]]], [[[-91.1005, 30.01087], [-91.1018, 30.0128], [-91.10073, 30.01358], [-91.09941, 30.01164], [-91.1005, 30.01087]]], [[[-91.05371, 30.01679], [-91.05369, 30.01708], [-91.05072, 30.01658], [-91.05095, 30.01565], [-91.05409, 30.01626], [-91.05391, 30.01683], [-91.05371, 30.01679]]], [[[-91.04416, 30.01765], [-91.04344, 30.01763], [-91.04528, 30.0175], [-91.04523, 30.01758], [-91.04416, 30.01765]]], [[[-91.06225, 30.01915], [-91.06218, 30.01965], [-91.04985, 30.01787], [-91.05, 30.01725], [-91.06225, 30.01915]]], [[[-91.06554, 30.01966], [-91.06544, 30.02015], [-91.06236, 30.01967], [-91.06243, 30.01918], [-91.06554, 30.01966]]], [[[-91.09739, 30.03986], [-91.09795, 30.03987], [-91.09794, 30.041], [-91.09739, 30.041], [-91.09739, 30.03986]]], [[[-91.09675, 30.03953], [-91.09722, 30.03953], [-91.09722, 30.04213], [-91.09675, 30.04214], [-91.09675, 30.03953]]], [[[-91.0966, 30.04223], [-91.09724, 30.04224], [-91.09723, 30.04277], [-91.09659, 30.04276], [-91.0966, 30.04223]]], [[[-91.05566, 29.99856], [-91.05451, 29.99987], [-91.05019, 30.00281], [-91.04813, 30.00462], [-91.04674, 30.00664], [-91.04537, 30.01075], [-91.04554, 30.01351], [-91.04707, 30.01903], [-91.04972, 30.02536], [-91.05129, 30.03078], [-91.0513, 30.03562], [-91.05038, 30.03913], [-91.04708, 30.04399], [-91.03911, 30.0517], [-91.03414, 30.05752], [-91.02899, 30.06403], [-91.02705, 30.06807], [-91.02615, 30.07197], [-91.02654, 30.0754], [-91.02751, 30.08012], [-91.02915, 30.08408], [-91.02978, 30.08659], [-91.0296, 30.08869], [-91.02836, 30.0913], [-91.0268, 30.09344], [-91.02536, 30.09467], [-91.0228, 30.0961], [-91.02084, 30.09664], [-91.01576, 30.09712], [-91.00273, 30.09664], [-90.99735, 30.09714], [-90.99558, 30.09772], [-90.99385, 30.09955], [-90.99346, 30.1011], [-90.99334, 30.10443], [-90.99223, 30.10616], [-90.99163, 30.10659], [-90.99304, 30.10459], [-90.99347, 30.09953], [-90.99458, 30.09792], [-90.99556, 30.09724], [-90.99672, 30.09694], [-91.00314, 30.09639], [-91.01624, 30.09688], [-91.01995, 30.09656], [-91.02235, 30.09608], [-91.0249, 30.09467], [-91.02631, 30.09346], [-91.02791, 30.09138], [-91.02894, 30.08928], [-91.02938, 30.08681], [-91.02913, 30.0851], [-91.02751, 30.08114], [-91.0266, 30.07799], [-91.02578, 30.07309], [-91.02584, 30.07178], [-91.02681, 30.06784], [-91.02865, 30.06393], [-91.03627, 30.05442], [-91.03917, 30.05122], [-91.04591, 30.04478], [-91.0488, 30.04123], [-91.04992, 30.03944], [-91.05089, 30.0364], [-91.05094, 30.03116], [-91.04961, 30.02596], [-91.04754, 30.02138], [-91.04615, 30.01685], [-91.04513, 30.01272], [-91.04518, 30.00994], [-91.04586, 30.00783], [-91.04741, 30.00485], [-91.04981, 30.00268], [-91.05478, 29.99922], [-91.05531, 29.99853], [-91.05547, 29.99776], [-91.05493, 29.99462], [-91.05408, 29.99332], [-91.05247, 29.99227], [-91.04845, 29.99056], [-91.04563, 29.9899], [-91.0384, 29.98928], [-91.02645, 29.98967], [-91.02305, 29.98884], [-91.02115, 29.98806], [-91.01871, 29.98585], [-91.01805, 29.98429], [-91.01772, 29.98252], [-91.01791, 29.98051], [-91.01893, 29.97682], [-91.02017, 29.97407], [-91.02725, 29.96175], [-91.02989, 29.95632], [-91.03049, 29.95301], [-91.03018, 29.94951], [-91.02925, 29.94713], [-91.02799, 29.94566], [-91.02022, 29.93904], [-91.013, 29.93364], [-91.00603, 29.93024], [-90.99504, 29.92609], [-90.99223, 29.92402], [-90.99191, 29.92405], [-90.9921, 29.9239], [-90.99079, 29.92259], [-90.98914, 29.92], [-90.98813, 29.91752], [-90.98776, 29.91512], [-90.98852, 29.90054], [-90.98793, 29.88848], [-90.98835, 29.87905], [-90.98691, 29.87266], [-90.98217, 29.86267], [-90.98258, 29.86269], [-90.98378, 29.86494], [-90.9873, 29.87268], [-90.98869, 29.87921], [-90.98825, 29.88806], [-90.98905, 29.90021], [-90.98885, 29.90038], [-90.98807, 29.91466], [-90.9883, 29.91698], [-90.98939, 29.91983], [-90.99147, 29.92286], [-90.99511, 29.92579], [-90.99754, 29.9269], [-91.00622, 29.92998], [-91.01149, 29.93236], [-91.01349, 29.93359], [-91.02051, 29.9389], [-91.02843, 29.94572], [-91.02958, 29.94723], [-91.03055, 29.94992], [-91.03079, 29.95285], [-91.03038, 29.95544], [-91.02943, 29.95803], [-91.02757, 29.96181], [-91.02051, 29.9741], [-91.01917, 29.97709], [-91.01829, 29.98027], [-91.01807, 29.9825], [-91.01837, 29.9842], [-91.01913, 29.98591], [-91.02144, 29.98786], [-91.02595, 29.98936], [-91.03814, 29.98895], [-91.04568, 29.9896], [-91.04866, 29.99029], [-91.05277, 29.99206], [-91.0545, 29.9935], [-91.05545, 29.99521], [-91.05582, 29.99776], [-91.05566, 29.99856]]], [[[-91.06629, 30.04534], [-91.06823, 30.04618], [-91.06899, 30.04482], [-91.07116, 30.0456], [-91.07078, 30.04646], [-91.07488, 30.04814], [-91.07352, 30.05051], [-91.07151, 30.04964], [-91.07109, 30.05041], [-91.0687, 30.04935], [-91.06817, 30.04989], [-91.0668, 30.04929], [-91.06751, 30.04797], [-91.06544, 30.04698], [-91.06568, 30.04654], [-91.06769, 30.04735], [-91.06805, 30.04666], [-91.06607, 30.04583], [-91.06629, 30.04534]]], [[[-91.09532, 30.12768], [-91.09026, 30.12756], [-91.09005, 30.12019], [-91.09838, 30.12012], [-91.09847, 30.12739], [-91.09532, 30.12768]]], [[[-91.1028, 30.13494], [-91.10295, 30.14201], [-91.09868, 30.14205], [-91.09859, 30.13498], [-91.1028, 30.13494]]], [[[-91.06076, 30.17251], [-91.06156, 30.17143], [-91.05923, 30.16989], [-91.06297, 30.16576], [-91.05308, 30.16142], [-91.05379, 30.1599], [-91.04276, 30.15526], [-91.04392, 30.15243], [-91.05492, 30.15702], [-91.05565, 30.15502], [-91.05866, 30.15593], [-91.0604, 30.15136], [-91.06252, 30.15197], [-91.06404, 30.14747], [-91.06293, 30.14709], [-91.06471, 30.14212], [-91.06713, 30.14281], [-91.06756, 30.14166], [-91.06818, 30.14171], [-91.06917, 30.13939], [-91.07093, 30.13978], [-91.07168, 30.1377], [-91.08372, 30.14008], [-91.08481, 30.1393], [-91.08535, 30.13945], [-91.08834, 30.14114], [-91.08837, 30.14241], [-91.08794, 30.14262], [-91.08825, 30.14312], [-91.08915, 30.14316], [-91.08929, 30.14252], [-91.08859, 30.14247], [-91.08854, 30.1412], [-91.0993, 30.14704], [-91.09921, 30.14832], [-91.09953, 30.14978], [-91.09861, 30.1504], [-91.10127, 30.15487], [-91.0973, 30.15717], [-91.09887, 30.16015], [-91.09064, 30.16314], [-91.09229, 30.16639], [-91.08504, 30.169], [-91.08451, 30.17162], [-91.08396, 30.17227], [-91.08078, 30.17166], [-91.08067, 30.17273], [-91.07621, 30.17236], [-91.07512, 30.18153], [-91.07479, 30.18149], [-91.0755, 30.17444], [-91.07132, 30.17396], [-91.07075, 30.178], [-91.06818, 30.17611], [-91.06784, 30.1775], [-91.065, 30.17669], [-91.06438, 30.17883], [-91.06368, 30.17812], [-91.06288, 30.17659], [-91.06318, 30.17617], [-91.06166, 30.17567], [-91.06125, 30.17694], [-91.05894, 30.1756], [-91.06074, 30.17292], [-91.06076, 30.17251]]], [[[-91.10049, 30.19834], [-91.099, 30.19593], [-91.09931, 30.19441], [-91.10009, 30.1939], [-91.10281, 30.19699], [-91.10049, 30.19834]]], [[[-91.11216, 30.20691], [-91.11181, 30.20709], [-91.1116, 30.20679], [-91.11195, 30.2066], [-91.11216, 30.20691]]], [[[-91.10837, 30.20778], [-91.10882, 30.20745], [-91.10929, 30.2081], [-91.10879, 30.20837], [-91.10837, 30.20778]]], [[[-91.10737, 30.20865], [-91.10749, 30.20858], [-91.10757, 30.20868], [-91.10745, 30.20875], [-91.10737, 30.20865]]], [[[-91.08206, 30.23054], [-91.07964, 30.23152], [-91.07791, 30.2319], [-91.07739, 30.23268], [-91.07677, 30.23266], [-91.07612, 30.23164], [-91.0783, 30.21886], [-91.08436, 30.21769], [-91.08477, 30.22113], [-91.08363, 30.2212], [-91.08434, 30.22995], [-91.08206, 30.23054]]], [[[-91.05392, 30.22065], [-91.04943, 30.21845], [-91.04978, 30.21758], [-91.05484, 30.21817], [-91.05392, 30.22065]]], [[[-91.05934, 30.21848], [-91.05761, 30.22282], [-91.05406, 30.22071], [-91.05496, 30.21819], [-91.05934, 30.21848]]], [[[-91.041, 30.22733], [-91.04045, 30.22717], [-91.04092, 30.22581], [-91.04269, 30.22419], [-91.04468, 30.2247], [-91.04679, 30.22395], [-91.04846, 30.22028], [-91.047, 30.21891], [-91.04654, 30.21758], [-91.04682, 30.2172], [-91.05385, 30.22096], [-91.05047, 30.22982], [-91.04938, 30.22952], [-91.04907, 30.2304], [-91.04716, 30.22978], [-91.0464, 30.22975], [-91.04622, 30.23013], [-91.04449, 30.22969], [-91.04046, 30.22838], [-91.041, 30.22733]]], [[[-91.05046, 30.24173], [-91.04654, 30.24072], [-91.05395, 30.22102], [-91.05756, 30.22295], [-91.05046, 30.24173]]], [[[-91.06717, 30.22178], [-91.06862, 30.22209], [-91.06909, 30.22135], [-91.07362, 30.22239], [-91.07325, 30.2239], [-91.07237, 30.22374], [-91.07144, 30.22695], [-91.07368, 30.22761], [-91.07365, 30.22806], [-91.07634, 30.22908], [-91.07557, 30.23229], [-91.06033, 30.22419], [-91.06065, 30.22326], [-91.0628, 30.22444], [-91.06324, 30.22291], [-91.06491, 30.22328], [-91.06543, 30.2215], [-91.06717, 30.22178]]], [[[-91.06837, 30.23029], [-91.06806, 30.23093], [-91.06675, 30.23087], [-91.06659, 30.23166], [-91.06472, 30.23133], [-91.06453, 30.23204], [-91.06423, 30.23197], [-91.06307, 30.23097], [-91.0638, 30.22761], [-91.06868, 30.22981], [-91.06837, 30.23029]]], [[[-91.10106, 30.24818], [-91.10046, 30.24885], [-91.099, 30.24796], [-91.09642, 30.25093], [-91.09385, 30.24544], [-91.09514, 30.24374], [-91.0929, 30.24218], [-91.09368, 30.24107], [-91.09205, 30.23995], [-91.09496, 30.23662], [-91.09453, 30.23617], [-91.09711, 30.23328], [-91.10149, 30.23632], [-91.09934, 30.23869], [-91.10217, 30.2407], [-91.1044, 30.23832], [-91.10887, 30.24136], [-91.1032, 30.24893], [-91.10106, 30.24818]]], [[[-91.08568, 30.23856], [-91.08826, 30.24017], [-91.09011, 30.2419], [-91.09267, 30.24529], [-91.08752, 30.244], [-91.08717, 30.24487], [-91.08767, 30.24501], [-91.08733, 30.24591], [-91.08813, 30.24613], [-91.08778, 30.24704], [-91.0835, 30.24585], [-91.08387, 30.24494], [-91.08523, 30.24344], [-91.08496, 30.24338], [-91.08356, 30.245], [-91.08299, 30.2465], [-91.08028, 30.24579], [-91.07902, 30.24876], [-91.07767, 30.24841], [-91.07889, 30.24498], [-91.0656, 30.24158], [-91.06413, 30.24072], [-91.06433, 30.24011], [-91.06491, 30.2398], [-91.06592, 30.23998], [-91.06678, 30.23675], [-91.07513, 30.23322], [-91.08098, 30.2363], [-91.08115, 30.23607], [-91.08568, 30.23856]]], [[[-91.06612, 30.2422], [-91.06498, 30.2455], [-91.06292, 30.24496], [-91.06407, 30.24166], [-91.06612, 30.2422]]], [[[-91.07163, 30.24722], [-91.06846, 30.24643], [-91.06961, 30.24301], [-91.07278, 30.24381], [-91.07163, 30.24722]]], [[[-91.0721, 30.24739], [-91.07322, 30.24391], [-91.07455, 30.24423], [-91.07344, 30.2477], [-91.0721, 30.24739]]], [[[-91.07632, 30.24477], [-91.07748, 30.24506], [-91.07636, 30.24845], [-91.07519, 30.24817], [-91.07632, 30.24477]]], [[[-91.08519, 30.25073], [-91.08318, 30.2502], [-91.08365, 30.24875], [-91.0825, 30.24813], [-91.08321, 30.24649], [-91.08433, 30.24679], [-91.08399, 30.24769], [-91.08525, 30.24804], [-91.08492, 30.24891], [-91.08576, 30.24913], [-91.08519, 30.25073]]], [[[-91.08133, 30.24692], [-91.08263, 30.24741], [-91.08213, 30.24841], [-91.08088, 30.24827], [-91.08133, 30.24692]]], [[[-91.08737, 30.24776], [-91.09521, 30.24989], [-91.09665, 30.25298], [-91.09382, 30.25281], [-91.08884, 30.25154], [-91.08907, 30.25036], [-91.08848, 30.25016], [-91.0886, 30.24977], [-91.088, 30.24962], [-91.08807, 30.24934], [-91.08692, 30.24903], [-91.08623, 30.25099], [-91.08551, 30.2508], [-91.08665, 30.24757], [-91.08737, 30.24776]]], [[[-91.06092, 30.26329], [-91.06117, 30.25565], [-91.05951, 30.25526], [-91.05475, 30.2553], [-91.05473, 30.25424], [-91.05072, 30.25413], [-91.05033, 30.25467], [-91.04668, 30.25272], [-91.04902, 30.24658], [-91.05117, 30.24545], [-91.0513, 30.24497], [-91.05473, 30.24314], [-91.08125, 30.24986], [-91.0806, 30.25187], [-91.07702, 30.25165], [-91.07689, 30.25217], [-91.08036, 30.25247], [-91.07995, 30.25341], [-91.06986, 30.25273], [-91.07285, 30.26942], [-91.06092, 30.26329]]], [[[-91.08697, 30.2524], [-91.08277, 30.25216], [-91.08336, 30.25043], [-91.08729, 30.25146], [-91.08697, 30.2524]]], [[[-91.10176, 30.25489], [-91.1026, 30.25494], [-91.10294, 30.25604], [-91.0989, 30.25578], [-91.09885, 30.25679], [-91.09781, 30.2546], [-91.10176, 30.25489]]], [[[-91.07662, 30.25468], [-91.07666, 30.25635], [-91.0746, 30.25655], [-91.07436, 30.25455], [-91.07662, 30.25468]]], [[[-91.09782, 30.25607], [-91.09806, 30.25651], [-91.09725, 30.25667], [-91.09715, 30.25616], [-91.09782, 30.25607]]], [[[-91.08582, 30.25371], [-91.0933, 30.25432], [-91.09326, 30.2548], [-91.09384, 30.25481], [-91.09484, 30.25741], [-91.09563, 30.25736], [-91.09608, 30.25898], [-91.0825, 30.26024], [-91.08238, 30.25936], [-91.08608, 30.25899], [-91.08582, 30.25371]]], [[[-91.10324, 30.2591], [-91.10214, 30.25957], [-91.10245, 30.26071], [-91.10093, 30.26125], [-91.10004, 30.25918], [-91.10394, 30.25844], [-91.1041, 30.25893], [-91.10324, 30.2591]]], [[[-91.0811, 30.25977], [-91.08117, 30.25957], [-91.08196, 30.25954], [-91.08172, 30.25981], [-91.0811, 30.25977]]], [[[-91.08549, 30.26001], [-91.08676, 30.25989], [-91.08686, 30.2606], [-91.08557, 30.2607], [-91.08549, 30.26001]]], [[[-91.08661, 30.2608], [-91.08662, 30.26111], [-91.08636, 30.26134], [-91.08632, 30.26083], [-91.08661, 30.2608]]], [[[-91.08219, 30.27037], [-91.0814, 30.2705], [-91.08285, 30.26988], [-91.08285, 30.27016], [-91.08219, 30.27037]]], [[[-91.08693, 30.27212], [-91.09229, 30.26942], [-91.09298, 30.27136], [-91.09054, 30.27271], [-91.0932, 30.27597], [-91.08924, 30.27785], [-91.07984, 30.27316], [-91.08572, 30.27072], [-91.08693, 30.27212]]], [[[-91.07857, 30.27367], [-91.08771, 30.2785], [-91.07802, 30.28341], [-91.07415, 30.27737], [-91.07603, 30.2765], [-91.07658, 30.27454], [-91.07857, 30.27367]]], [[[-91.04248, 30.29733], [-91.04183, 30.29969], [-91.039, 30.29882], [-91.03321, 30.29331], [-91.03116, 30.29275], [-91.02953, 30.29188], [-91.03084, 30.2882], [-91.03025, 30.28716], [-91.03132, 30.2857], [-91.03389, 30.28539], [-91.03734, 30.28424], [-91.03809, 30.28539], [-91.03923, 30.28551], [-91.03955, 30.28593], [-91.03835, 30.28671], [-91.03975, 30.28843], [-91.03806, 30.28947], [-91.03903, 30.29152], [-91.04108, 30.29255], [-91.04248, 30.29733]]], [[[-90.99083, 29.88727], [-90.98969, 29.88738], [-90.98968, 29.88675], [-90.99077, 29.8867], [-90.99083, 29.88727]]], [[[-91.03201, 29.93464], [-91.03218, 29.93436], [-91.03239, 29.93456], [-91.03212, 29.93478], [-91.03201, 29.93464]]], [[[-91.02646, 29.93788], [-91.02608, 29.9376], [-91.02694, 29.93686], [-91.02782, 29.93765], [-91.02734, 29.93805], [-91.02682, 29.93761], [-91.02646, 29.93788]]], [[[-91.02887, 29.93969], [-91.0286, 29.93987], [-91.02825, 29.93949], [-91.0285, 29.9393], [-91.02887, 29.93969]]], [[[-91.0274, 29.94004], [-91.0271, 29.94028], [-91.02687, 29.94007], [-91.02718, 29.93982], [-91.0274, 29.94004]]], [[[-91.02439, 29.96912], [-91.02463, 29.96864], [-91.02582, 29.96901], [-91.02558, 29.9695], [-91.02439, 29.96912]]], [[[-91.02249, 29.98152], [-91.02254, 29.9817], [-91.01989, 29.98276], [-91.01978, 29.98242], [-91.01954, 29.98249], [-91.01948, 29.98226], [-91.02249, 29.98152]]], [[[-91.023, 29.99146], [-91.02185, 29.99108], [-91.02238, 29.99006], [-91.02352, 29.99041], [-91.023, 29.99146]]], [[[-91.04, 29.99951], [-91.03922, 30.00018], [-91.03854, 29.99954], [-91.03935, 29.9989], [-91.04, 29.99951]]], [[[-91.01854, 30.01067], [-91.01796, 30.01189], [-91.0177, 30.01203], [-91.01918, 30.00928], [-91.02038, 30.00917], [-91.02172, 30.00946], [-91.01919, 30.00943], [-91.01854, 30.01067]]], [[[-91.01971, 30.00945], [-91.02153, 30.00956], [-91.0217, 30.00968], [-91.01932, 30.00961], [-91.01818, 30.01176], [-91.01921, 30.00965], [-91.01941, 30.00948], [-91.01971, 30.00945]]], [[[-91.04059, 30.04817], [-91.04021, 30.04861], [-91.03961, 30.04826], [-91.04003, 30.04784], [-91.04059, 30.04817]]], [[[-91.03807, 30.04939], [-91.03854, 30.04877], [-91.03935, 30.04925], [-91.03891, 30.04983], [-91.03807, 30.04939]]], [[[-91.04014, 30.05433], [-91.0396, 30.05507], [-91.03905, 30.05476], [-91.0396, 30.05402], [-91.04014, 30.05433]]], [[[-90.99748, 30.05505], [-90.9977, 30.0551], [-90.99764, 30.05525], [-90.99741, 30.05516], [-90.99748, 30.05505]]], [[[-91.01643, 30.09039], [-91.01565, 30.08997], [-91.01481, 30.08929], [-91.01575, 30.08991], [-91.01643, 30.09039]]], [[[-90.9933, 30.09477], [-90.99344, 30.09454], [-90.99389, 30.09474], [-90.99374, 30.09498], [-90.9933, 30.09477]]], [[[-91.00294, 30.0973], [-91.00193, 30.099], [-91.00053, 30.09851], [-91.0011, 30.09741], [-91.00294, 30.0973]]], [[[-90.98893, 30.09761], [-90.98943, 30.09788], [-90.98858, 30.09926], [-90.98804, 30.09901], [-90.98893, 30.09761]]], [[[-90.98557, 30.10156], [-90.98461, 30.10112], [-90.98588, 30.09901], [-90.98687, 30.09942], [-90.98557, 30.10156]]], [[[-90.98787, 30.1004], [-90.9874, 30.10116], [-90.98634, 30.1006], [-90.98682, 30.09984], [-90.98787, 30.1004]]], [[[-90.98822, 30.10156], [-90.98754, 30.10122], [-90.98803, 30.1005], [-90.98903, 30.10101], [-90.98862, 30.10162], [-90.98822, 30.10156]]], [[[-90.98689, 30.10108], [-90.98664, 30.10146], [-90.98706, 30.10172], [-90.98683, 30.10208], [-90.98573, 30.10153], [-90.98625, 30.10076], [-90.98689, 30.10108]]], [[[-90.9975, 30.10177], [-90.99715, 30.10235], [-90.99646, 30.10205], [-90.99683, 30.10146], [-90.9975, 30.10177]]], [[[-90.98698, 30.10217], [-90.98719, 30.10184], [-90.98768, 30.10209], [-90.98791, 30.1016], [-90.98846, 30.10189], [-90.98792, 30.10267], [-90.98698, 30.10217]]], [[[-90.99671, 30.10273], [-90.99694, 30.10283], [-90.99677, 30.10313], [-90.99638, 30.10295], [-90.99671, 30.10273]]], [[[-90.98511, 30.10364], [-90.9862, 30.10195], [-90.98674, 30.10224], [-90.98566, 30.10396], [-90.98511, 30.10364]]], [[[-90.98969, 30.10377], [-90.98945, 30.1041], [-90.9901, 30.10445], [-90.98975, 30.10494], [-90.9885, 30.10427], [-90.98908, 30.10345], [-90.98969, 30.10377]]], [[[-91.0042, 30.10669], [-91.00438, 30.1065], [-91.00448, 30.10653], [-91.00436, 30.1069], [-91.0042, 30.10669]]], [[[-91.00551, 30.1065], [-91.00616, 30.10676], [-91.00591, 30.10723], [-91.00527, 30.10698], [-91.00551, 30.1065]]], [[[-91.00828, 30.10732], [-91.00877, 30.1075], [-91.00862, 30.10779], [-91.00814, 30.10761], [-91.00828, 30.10732]]], [[[-91.02119, 30.10948], [-91.02139, 30.10889], [-91.02197, 30.10904], [-91.0218, 30.10953], [-91.02119, 30.10948]]], [[[-90.98631, 30.12176], [-90.98609, 30.12211], [-90.9859, 30.12201], [-90.98613, 30.12167], [-90.98631, 30.12176]]], [[[-90.98504, 30.12229], [-90.98444, 30.12328], [-90.98403, 30.1231], [-90.98463, 30.12211], [-90.98504, 30.12229]]], [[[-91.02805, 30.16034], [-91.02793, 30.1608], [-91.02731, 30.16075], [-91.02726, 30.16099], [-91.02472, 30.16092], [-91.02494, 30.16061], [-91.01053, 30.15978], [-91.01058, 30.15867], [-91.01555, 30.15925], [-91.01708, 30.1549], [-91.01473, 30.15429], [-91.01458, 30.15465], [-91.01248, 30.15408], [-91.01254, 30.15382], [-91.01393, 30.15419], [-91.01442, 30.15326], [-91.01416, 30.1528], [-91.01455, 30.15235], [-91.01632, 30.1529], [-91.01643, 30.15272], [-91.01435, 30.15172], [-91.01474, 30.15133], [-91.01665, 30.15198], [-91.01602, 30.1512], [-91.02614, 30.15506], [-91.02675, 30.15416], [-91.02751, 30.15457], [-91.02736, 30.15502], [-91.02895, 30.15572], [-91.02881, 30.15607], [-91.02906, 30.15619], [-91.0289, 30.15791], [-91.02809, 30.15913], [-91.02805, 30.16034]]], [[[-91.01794, 30.1732], [-91.01676, 30.174], [-91.01642, 30.17339], [-91.01752, 30.17274], [-91.01794, 30.1732]]], [[[-91.01951, 30.17542], [-91.01876, 30.17605], [-91.01849, 30.17581], [-91.01924, 30.17519], [-91.01951, 30.17542]]], [[[-90.9804, 30.19546], [-90.97713, 30.19117], [-90.97877, 30.19024], [-90.97761, 30.18868], [-90.97662, 30.18927], [-90.97587, 30.18826], [-90.9731, 30.18985], [-90.97408, 30.19094], [-90.96999, 30.19335], [-90.97093, 30.19458], [-90.96578, 30.1975], [-90.96102, 30.19371], [-90.96366, 30.19269], [-90.96039, 30.18648], [-90.96218, 30.18589], [-90.96084, 30.18225], [-90.97388, 30.18219], [-90.97416, 30.18269], [-90.97113, 30.18361], [-90.97127, 30.18399], [-90.9732, 30.18336], [-90.97388, 30.18448], [-90.97529, 30.18371], [-90.97473, 30.18281], [-90.97778, 30.18185], [-90.98053, 30.18218], [-90.98615, 30.18523], [-90.98598, 30.18604], [-90.98736, 30.18523], [-90.98653, 30.18479], [-90.98632, 30.18301], [-90.98672, 30.18214], [-90.99281, 30.17846], [-90.99409, 30.18051], [-90.99447, 30.18026], [-90.99508, 30.18115], [-90.99669, 30.18019], [-90.99798, 30.18203], [-90.99867, 30.18164], [-90.99908, 30.18218], [-91.00482, 30.17885], [-91.00779, 30.18248], [-90.99577, 30.1896], [-90.99108, 30.18717], [-90.99104, 30.18756], [-90.99199, 30.18871], [-90.9804, 30.19546]]], [[[-91.01003, 30.18536], [-91.01216, 30.18813], [-91.00962, 30.18959], [-91.00749, 30.18682], [-91.01003, 30.18536]]], [[[-91.01115, 30.19434], [-91.01231, 30.19453], [-91.01403, 30.19355], [-91.01478, 30.19398], [-91.01299, 30.1956], [-91.01151, 30.19608], [-91.00939, 30.19629], [-91.00801, 30.19564], [-91.00986, 30.1948], [-91.01002, 30.19418], [-91.01115, 30.19434]]], [[[-91.01331, 30.19658], [-91.01385, 30.19701], [-91.01619, 30.19745], [-91.01415, 30.19942], [-91.01145, 30.19801], [-91.01331, 30.19658]]], [[[-91.01569, 30.20028], [-91.01453, 30.19966], [-91.01756, 30.19676], [-91.01817, 30.19777], [-91.01569, 30.20028]]], [[[-90.99057, 30.19765], [-90.98881, 30.19869], [-90.98823, 30.19838], [-90.98568, 30.19988], [-90.98593, 30.20021], [-90.97684, 30.20548], [-90.97641, 30.20489], [-90.99902, 30.19164], [-91.00602, 30.19535], [-91.00306, 30.19717], [-91.00482, 30.19954], [-91.00795, 30.19687], [-91.00881, 30.1968], [-91.014, 30.19969], [-91.01128, 30.20223], [-91.00856, 30.20033], [-91.01278, 30.20372], [-91.01596, 30.20077], [-91.01833, 30.20205], [-91.01726, 30.20299], [-91.01721, 30.20464], [-91.01822, 30.20376], [-91.01901, 30.20439], [-91.01975, 30.20383], [-91.02153, 30.20511], [-91.00644, 30.21919], [-91.00338, 30.21655], [-91.00553, 30.2146], [-91.00397, 30.21341], [-91.00724, 30.21043], [-91.00571, 30.20914], [-91.00525, 30.2096], [-91.00393, 30.20857], [-90.9992, 30.21297], [-90.99657, 30.2111], [-90.99728, 30.21043], [-90.99316, 30.20701], [-91.00238, 30.20159], [-91.00253, 30.2017], [-91.00139, 30.20267], [-91.00371, 30.20432], [-91.00507, 30.20299], [-91.00289, 30.20121], [-90.99285, 30.20692], [-90.98962, 30.20422], [-90.99096, 30.20425], [-90.98948, 30.20258], [-90.99117, 30.20158], [-90.99044, 30.20071], [-90.99211, 30.1998], [-90.99057, 30.19765]]], [[[-91.02012, 30.19991], [-91.01838, 30.20157], [-91.0172, 30.20095], [-91.01913, 30.19915], [-91.02012, 30.19991]]], [[[-90.98216, 30.20535], [-90.98064, 30.20338], [-90.98588, 30.20032], [-90.98633, 30.20093], [-90.98216, 30.20535]]], [[[-91.0173, 30.21719], [-91.01948, 30.21479], [-91.01476, 30.21173], [-91.02132, 30.20548], [-91.02233, 30.20606], [-91.02311, 30.20513], [-91.02357, 30.20516], [-91.03243, 30.21005], [-91.0284, 30.21604], [-91.02176, 30.21268], [-91.02116, 30.21346], [-91.02366, 30.21518], [-91.01993, 30.21928], [-91.0173, 30.21719]]], [[[-90.9928, 30.2072], [-90.99581, 30.20973], [-90.99504, 30.21052], [-90.99293, 30.21014], [-90.98892, 30.21009], [-90.98908, 30.20935], [-90.9928, 30.2072]]], [[[-90.98434, 30.21066], [-90.98578, 30.21044], [-90.98583, 30.21607], [-90.98563, 30.21675], [-90.98482, 30.21717], [-90.98424, 30.21692], [-90.9842, 30.21597], [-90.9846, 30.21558], [-90.98462, 30.21492], [-90.98399, 30.21492], [-90.98365, 30.21301], [-90.98211, 30.21302], [-90.98209, 30.21068], [-90.98434, 30.21066]]], [[[-91.03266, 30.21676], [-91.03253, 30.21692], [-91.03173, 30.21654], [-91.03236, 30.21557], [-91.03186, 30.21532], [-91.03247, 30.21435], [-91.03288, 30.21454], [-91.03535, 30.21115], [-91.03703, 30.21193], [-91.03725, 30.21213], [-91.0365, 30.21327], [-91.03723, 30.21361], [-91.03491, 30.21703], [-91.03343, 30.21645], [-91.03317, 30.21684], [-91.03266, 30.21676]]], [[[-90.99691, 30.21548], [-90.99932, 30.21747], [-90.99757, 30.21906], [-90.99402, 30.21613], [-90.99587, 30.21446], [-90.99691, 30.21548]]], [[[-90.98489, 30.21904], [-90.98431, 30.21852], [-90.98449, 30.21787], [-90.98729, 30.21535], [-90.98821, 30.21612], [-90.98489, 30.21904]]], [[[-91.03619, 30.22249], [-91.03489, 30.22272], [-91.03405, 30.2221], [-91.0356, 30.21985], [-91.03537, 30.21968], [-91.03566, 30.21921], [-91.03462, 30.21864], [-91.03211, 30.22256], [-91.02876, 30.221], [-91.03099, 30.21763], [-91.03393, 30.219], [-91.03551, 30.21667], [-91.03836, 30.21814], [-91.03826, 30.21906], [-91.03737, 30.22042], [-91.03677, 30.22054], [-91.0362, 30.22157], [-91.03619, 30.22249]]], [[[-91.00808, 30.22563], [-91.00873, 30.22611], [-91.00716, 30.22766], [-91.00617, 30.22694], [-91.00707, 30.22637], [-91.00731, 30.22655], [-91.00808, 30.22563]]], [[[-90.98849, 30.24679], [-90.98662, 30.24648], [-90.98658, 30.2459], [-90.98859, 30.24674], [-90.98849, 30.24679]]], [[[-90.99547, 30.24822], [-90.99478, 30.24837], [-90.99485, 30.24747], [-90.99546, 30.24736], [-90.99547, 30.24822]]], [[[-90.99434, 30.24808], [-90.99424, 30.24843], [-90.99398, 30.2484], [-90.99406, 30.24765], [-90.99432, 30.24749], [-90.99434, 30.24808]]], [[[-90.98721, 30.24913], [-90.98683, 30.24904], [-90.98682, 30.24753], [-90.98748, 30.24744], [-90.98775, 30.24909], [-90.98721, 30.24913]]], [[[-90.99101, 30.26222], [-90.991, 30.26133], [-90.99138, 30.26123], [-90.9913, 30.26047], [-90.99403, 30.26034], [-90.99406, 30.26215], [-90.99101, 30.26222]]], [[[-90.99334, 30.26499], [-90.99346, 30.26482], [-90.99422, 30.26549], [-90.99526, 30.26578], [-90.99533, 30.26612], [-90.9933, 30.26587], [-90.99334, 30.26499]]], [[[-90.98556, 30.26746], [-90.98698, 30.26763], [-90.98655, 30.2682], [-90.98608, 30.26813], [-90.98556, 30.26746]]], [[[-90.99058, 30.27071], [-90.98989, 30.27186], [-90.98746, 30.27158], [-90.98727, 30.27021], [-90.99058, 30.27071]]], [[[-90.9798, 30.30627], [-90.98032, 30.30626], [-90.98122, 30.30556], [-90.98041, 30.30551], [-90.98047, 30.30526], [-90.97987, 30.3049], [-90.98012, 30.30433], [-90.98158, 30.30438], [-90.98169, 30.30326], [-90.98292, 30.30336], [-90.98327, 30.30104], [-90.98158, 30.30017], [-90.98181, 30.29895], [-90.98116, 30.29887], [-90.98126, 30.29811], [-90.98035, 30.29796], [-90.98048, 30.29734], [-90.9808, 30.29739], [-90.98078, 30.29688], [-90.98637, 30.29745], [-90.98613, 30.29941], [-90.989, 30.29965], [-90.99008, 30.30029], [-90.98987, 30.30099], [-90.99047, 30.30122], [-90.99115, 30.29988], [-90.9903, 30.29968], [-90.99004, 30.30002], [-90.98921, 30.29967], [-90.98956, 30.29782], [-90.99006, 30.29782], [-90.99004, 30.29732], [-90.99144, 30.29727], [-90.99247, 30.3032], [-90.9938, 30.30732], [-90.99502, 30.30995], [-90.99367, 30.30991], [-90.99367, 30.3101], [-90.9901, 30.3105], [-90.99001, 30.30948], [-90.9893, 30.3095], [-90.98936, 30.31058], [-90.98527, 30.31105], [-90.98501, 30.30873], [-90.98444, 30.30898], [-90.98474, 30.31111], [-90.98253, 30.31136], [-90.97747, 30.30575], [-90.97793, 30.30556], [-90.97899, 30.30618], [-90.9798, 30.30627]], [[-90.99046, 30.30604], [-90.99239, 30.30603], [-90.9924, 30.30599], [-90.99076, 30.30596], [-90.99046, 30.30604]], [[-90.98574, 30.30841], [-90.98555, 30.30861], [-90.98788, 30.30737], [-90.98722, 30.3076], [-90.98574, 30.30841]]], [[[-91.00049, 30.30587], [-91.00073, 30.30622], [-90.99955, 30.30658], [-90.9987, 30.30568], [-91.00049, 30.30587]]], [[[-91.00373, 30.30894], [-91.00403, 30.30875], [-91.00454, 30.30883], [-91.00412, 30.30892], [-91.00373, 30.30894]]], [[[-90.97578, 30.30949], [-90.97525, 30.30702], [-90.97548, 30.30688], [-90.97608, 30.3076], [-90.97656, 30.30743], [-90.97633, 30.30659], [-90.97732, 30.3063], [-90.97815, 30.30699], [-90.97574, 30.30429], [-90.97478, 30.30453], [-90.9747, 30.30334], [-90.97522, 30.30339], [-90.98244, 30.31137], [-90.97872, 30.31178], [-90.97827, 30.31046], [-90.97643, 30.31071], [-90.97636, 30.31039], [-90.9772, 30.31027], [-90.97702, 30.30938], [-90.97578, 30.30949]]], [[[-90.98487, 29.86319], [-90.98468, 29.86281], [-90.98556, 29.86286], [-90.98487, 29.86319]]], [[[-90.98408, 29.87173], [-90.98403, 29.87108], [-90.98499, 29.87087], [-90.98521, 29.87148], [-90.98408, 29.87173]]], [[[-90.98624, 29.88156], [-90.98642, 29.88183], [-90.9859, 29.88189], [-90.98586, 29.88158], [-90.98624, 29.88156]]], [[[-90.98638, 29.9163], [-90.98577, 29.91639], [-90.98569, 29.91581], [-90.98632, 29.91575], [-90.98638, 29.9163]]], [[[-90.97367, 30.02803], [-90.97503, 30.02527], [-90.98737, 30.02476], [-90.98754, 30.02438], [-90.99396, 30.02421], [-90.99415, 30.02774], [-90.99464, 30.02779], [-90.98742, 30.02806], [-90.97367, 30.02803]]], [[[-90.95439, 30.03871], [-90.95385, 30.03743], [-90.95386, 30.03706], [-90.95453, 30.03851], [-90.9552, 30.03834], [-90.95567, 30.03864], [-90.95576, 30.03973], [-90.95541, 30.03879], [-90.95439, 30.03871]]], [[[-90.96294, 30.07588], [-90.96289, 30.07757], [-90.96211, 30.07701], [-90.96212, 30.07593], [-90.96294, 30.07588]]], [[[-90.96324, 30.078], [-90.96219, 30.07901], [-90.96088, 30.078], [-90.96192, 30.07698], [-90.96324, 30.078]]], [[[-90.97942, 30.09295], [-90.97904, 30.09341], [-90.97806, 30.09286], [-90.97843, 30.09238], [-90.97942, 30.09295]]], [[[-90.95438, 30.08648], [-90.9554, 30.0876], [-90.95691, 30.08717], [-90.95673, 30.08586], [-90.95748, 30.08564], [-90.95773, 30.08633], [-90.95854, 30.08613], [-90.95886, 30.08711], [-90.95952, 30.08695], [-90.95956, 30.0883], [-90.96248, 30.0883], [-90.96259, 30.09284], [-90.96123, 30.09289], [-90.96047, 30.09444], [-90.96118, 30.09631], [-90.96004, 30.09661], [-90.96005, 30.1011], [-90.95607, 30.10112], [-90.95346, 30.10175], [-90.95098, 30.10286], [-90.94128, 30.09034], [-90.94708, 30.08486], [-90.94829, 30.08393], [-90.94949, 30.08348], [-90.95132, 30.08308], [-90.95255, 30.08693], [-90.95438, 30.08648]]], [[[-90.98401, 30.09503], [-90.98536, 30.0957], [-90.98456, 30.09692], [-90.97884, 30.09542], [-90.97991, 30.09309], [-90.98401, 30.09503]]], [[[-90.98468, 30.10205], [-90.98517, 30.10222], [-90.98448, 30.10335], [-90.98321, 30.10269], [-90.98416, 30.10111], [-90.98452, 30.10126], [-90.98418, 30.10183], [-90.98468, 30.10205]]], [[[-90.98311, 30.10367], [-90.98274, 30.10419], [-90.98235, 30.10413], [-90.98315, 30.10278], [-90.9835, 30.10294], [-90.98311, 30.10367]]], [[[-90.98303, 30.11909], [-90.98345, 30.1193], [-90.98163, 30.12209], [-90.98121, 30.12189], [-90.98303, 30.11909]]], [[[-90.98255, 30.12087], [-90.98292, 30.12106], [-90.98202, 30.12228], [-90.98174, 30.12214], [-90.98255, 30.12087]]], [[[-90.97997, 30.12454], [-90.97917, 30.12502], [-90.98068, 30.12265], [-90.98153, 30.12305], [-90.98117, 30.12349], [-90.98048, 30.12317], [-90.97997, 30.12454]]], [[[-90.98115, 30.15346], [-90.98092, 30.1545], [-90.97975, 30.15415], [-90.98008, 30.15309], [-90.98115, 30.15346]]], [[[-90.961, 30.14388], [-90.96354, 30.142], [-90.96702, 30.14546], [-90.96868, 30.14383], [-90.96978, 30.14498], [-90.97375, 30.1411], [-90.97508, 30.14346], [-90.97424, 30.14487], [-90.97362, 30.15094], [-90.97609, 30.15238], [-90.97443, 30.1564], [-90.96987, 30.15528], [-90.96919, 30.15803], [-90.97194, 30.16199], [-90.97548, 30.16351], [-90.97425, 30.16802], [-90.97764, 30.16883], [-90.97729, 30.17087], [-90.97092, 30.17123], [-90.97023, 30.17177], [-90.96601, 30.16774], [-90.96438, 30.16674], [-90.95081, 30.15334], [-90.95954, 30.14949], [-90.95696, 30.14664], [-90.95954, 30.14576], [-90.9544, 30.14086], [-90.95489, 30.13962], [-90.96219, 30.14681], [-90.96271, 30.1464], [-90.9553, 30.13921], [-90.95567, 30.13892], [-90.961, 30.14388]]], [[[-90.94325, 30.18099], [-90.94311, 30.18038], [-90.94419, 30.17947], [-90.94274, 30.17092], [-90.94164, 30.17144], [-90.9409, 30.16728], [-90.942, 30.16696], [-90.94186, 30.16588], [-90.94295, 30.16621], [-90.94771, 30.16394], [-90.94317, 30.16597], [-90.9429, 30.16604], [-90.9419, 30.16584], [-90.94032, 30.16611], [-90.94198, 30.16575], [-90.94303, 30.16593], [-90.9477, 30.16382], [-90.94739, 30.1612], [-90.947, 30.16131], [-90.94665, 30.15839], [-90.94698, 30.15824], [-90.94587, 30.15161], [-90.94626, 30.15145], [-90.94721, 30.15776], [-90.94873, 30.15701], [-90.94804, 30.15197], [-90.94868, 30.15234], [-90.94891, 30.15414], [-90.95, 30.1537], [-90.96822, 30.17213], [-90.96619, 30.17324], [-90.96456, 30.17339], [-90.96462, 30.17384], [-90.95728, 30.17463], [-90.95688, 30.17445], [-90.9567, 30.17481], [-90.95969, 30.18141], [-90.95868, 30.18181], [-90.94509, 30.18161], [-90.94325, 30.18099]]], [[[-90.97302, 30.17985], [-90.97381, 30.18187], [-90.96067, 30.18189], [-90.958, 30.17556], [-90.97053, 30.17437], [-90.97199, 30.17585], [-90.97776, 30.18], [-90.9758, 30.18063], [-90.97514, 30.17946], [-90.97302, 30.17985]]], [[[-90.98281, 30.18], [-90.98321, 30.18051], [-90.98351, 30.18207], [-90.9808, 30.1806], [-90.98096, 30.18045], [-90.98043, 30.18012], [-90.98138, 30.17906], [-90.98281, 30.18]]], [[[-90.97528, 30.18127], [-90.97408, 30.18152], [-90.97355, 30.18014], [-90.97473, 30.1798], [-90.97528, 30.18127]]], [[[-90.977, 30.18097], [-90.97822, 30.18053], [-90.97931, 30.18117], [-90.97743, 30.18176], [-90.97594, 30.18178], [-90.97587, 30.18125], [-90.977, 30.18097]]], [[[-90.96023, 30.183], [-90.96117, 30.18544], [-90.95932, 30.18587], [-90.96282, 30.19233], [-90.95995, 30.19352], [-90.96542, 30.1979], [-90.96282, 30.19942], [-90.9622, 30.20022], [-90.96164, 30.19986], [-90.95376, 30.20002], [-90.95375, 30.18866], [-90.95351, 30.18826], [-90.95341, 30.18269], [-90.95922, 30.18266], [-90.95943, 30.18327], [-90.96023, 30.183]]], [[[-90.94979, 30.18792], [-90.94941, 30.18783], [-90.94942, 30.18757], [-90.95085, 30.18648], [-90.9503, 30.18802], [-90.94979, 30.18792]]], [[[-90.95226, 30.18773], [-90.95214, 30.18845], [-90.95133, 30.18824], [-90.9515, 30.1873], [-90.95215, 30.18726], [-90.95226, 30.18773]]], [[[-90.95363, 30.19059], [-90.95363, 30.1915], [-90.9494, 30.19153], [-90.94938, 30.19064], [-90.95363, 30.19059]]], [[[-90.95355, 30.19494], [-90.95354, 30.196], [-90.94937, 30.19608], [-90.94942, 30.19499], [-90.95355, 30.19494]]], [[[-90.96163, 30.19987], [-90.96207, 30.20015], [-90.96207, 30.20159], [-90.95399, 30.20171], [-90.95393, 30.20003], [-90.96163, 30.19987]]], [[[-90.95524, 30.20292], [-90.95447, 30.20294], [-90.95447, 30.20276], [-90.95523, 30.20274], [-90.95524, 30.20292]]], [[[-90.95806, 30.20915], [-90.95805, 30.21043], [-90.95615, 30.21042], [-90.95616, 30.20915], [-90.95806, 30.20915]]], [[[-90.97879, 30.212], [-90.9812, 30.21199], [-90.9812, 30.21376], [-90.9788, 30.21376], [-90.97879, 30.212]]], [[[-90.96112, 30.21203], [-90.96117, 30.21433], [-90.96038, 30.21435], [-90.96023, 30.21151], [-90.96112, 30.21203]]], [[[-90.95067, 30.21154], [-90.95361, 30.21153], [-90.95373, 30.21574], [-90.95294, 30.21624], [-90.95069, 30.2131], [-90.95067, 30.21154]]], [[[-90.95055, 30.21603], [-90.94783, 30.21599], [-90.94785, 30.21323], [-90.94903, 30.214], [-90.95055, 30.21603]]], [[[-90.96489, 30.2193], [-90.96492, 30.22054], [-90.96433, 30.22045], [-90.96431, 30.21939], [-90.96489, 30.2193]]], [[[-90.96393, 30.2208], [-90.96409, 30.22152], [-90.96365, 30.22154], [-90.96335, 30.22091], [-90.96363, 30.22066], [-90.96393, 30.2208]]], [[[-90.96357, 30.22283], [-90.96339, 30.22305], [-90.96335, 30.22225], [-90.96292, 30.22214], [-90.96296, 30.2218], [-90.96435, 30.22178], [-90.96433, 30.22076], [-90.96495, 30.22088], [-90.965, 30.2222], [-90.96434, 30.22246], [-90.96366, 30.22231], [-90.96357, 30.22283]]], [[[-90.96784, 30.22217], [-90.96889, 30.22203], [-90.96903, 30.22286], [-90.969, 30.22314], [-90.96795, 30.22362], [-90.96829, 30.22331], [-90.96829, 30.2226], [-90.96784, 30.22217]]], [[[-90.96639, 30.22379], [-90.96697, 30.22375], [-90.96668, 30.22428], [-90.965, 30.2242], [-90.96478, 30.22313], [-90.96507, 30.2229], [-90.96653, 30.2228], [-90.96668, 30.22308], [-90.96626, 30.22316], [-90.96639, 30.22379]]], [[[-90.96793, 30.22427], [-90.96823, 30.22436], [-90.9692, 30.22361], [-90.9693, 30.22521], [-90.96671, 30.22527], [-90.96714, 30.22489], [-90.96791, 30.22488], [-90.96745, 30.22445], [-90.96793, 30.22427]]], [[[-90.95965, 30.22442], [-90.95976, 30.22405], [-90.95936, 30.22358], [-90.96083, 30.22284], [-90.96085, 30.22515], [-90.96118, 30.22558], [-90.96113, 30.22607], [-90.95965, 30.22442]]], [[[-90.9651, 30.22481], [-90.96504, 30.22445], [-90.96609, 30.22447], [-90.96587, 30.22515], [-90.96513, 30.22522], [-90.9651, 30.22481]]], [[[-90.95112, 30.22492], [-90.95117, 30.2245], [-90.95153, 30.22461], [-90.95145, 30.22502], [-90.95112, 30.22492]]], [[[-90.96177, 30.22667], [-90.96151, 30.2254], [-90.96265, 30.22546], [-90.96269, 30.227], [-90.96177, 30.22667]]], [[[-90.95796, 30.22603], [-90.95829, 30.22591], [-90.95858, 30.22642], [-90.95839, 30.22672], [-90.95754, 30.22647], [-90.95796, 30.22603]]], [[[-90.95545, 30.22678], [-90.95552, 30.22695], [-90.95535, 30.22703], [-90.95521, 30.22664], [-90.95548, 30.22657], [-90.95545, 30.22678]]], [[[-90.97185, 30.23092], [-90.97188, 30.22855], [-90.97285, 30.22852], [-90.97344, 30.2321], [-90.97194, 30.2321], [-90.97185, 30.23092]]], [[[-90.94978, 30.23061], [-90.94966, 30.23027], [-90.95122, 30.23015], [-90.95118, 30.23063], [-90.94978, 30.23061]]], [[[-90.95571, 30.23118], [-90.95531, 30.23072], [-90.95623, 30.23057], [-90.95622, 30.23111], [-90.95571, 30.23118]]], [[[-90.9523, 30.25476], [-90.95325, 30.25475], [-90.95325, 30.25562], [-90.9523, 30.25563], [-90.9523, 30.25476]]], [[[-90.96388, 30.26914], [-90.96304, 30.26915], [-90.96298, 30.26253], [-90.9638, 30.26289], [-90.96388, 30.26914]]], [[[-90.9818, 30.26695], [-90.98251, 30.26738], [-90.98239, 30.26771], [-90.97613, 30.26695], [-90.97675, 30.2663], [-90.9818, 30.26695]]], [[[-90.9689, 30.26567], [-90.96868, 30.26914], [-90.96775, 30.2678], [-90.96705, 30.26571], [-90.9689, 30.26567]]], [[[-90.95694, 30.27027], [-90.95688, 30.26936], [-90.9572, 30.26936], [-90.95733, 30.27018], [-90.95758, 30.2698], [-90.95807, 30.26998], [-90.95775, 30.27107], [-90.95795, 30.27162], [-90.95779, 30.27202], [-90.95727, 30.27199], [-90.95731, 30.27293], [-90.95703, 30.2729], [-90.95697, 30.27202], [-90.95644, 30.27196], [-90.95568, 30.27062], [-90.95579, 30.27005], [-90.95666, 30.2701], [-90.95667, 30.26967], [-90.95665, 30.27045], [-90.95694, 30.27027]]], [[[-90.95576, 30.27296], [-90.95515, 30.27296], [-90.95513, 30.27244], [-90.95632, 30.27242], [-90.95652, 30.27296], [-90.95576, 30.27296]]], [[[-90.95449, 30.27555], [-90.955, 30.27557], [-90.95495, 30.27602], [-90.95418, 30.27601], [-90.95449, 30.27555]]], [[[-90.95606, 30.27829], [-90.95646, 30.27886], [-90.95594, 30.27891], [-90.95579, 30.27858], [-90.95585, 30.27566], [-90.9564, 30.27581], [-90.95718, 30.27528], [-90.95708, 30.27701], [-90.95643, 30.27702], [-90.95606, 30.27829]]], [[[-90.95464, 30.27992], [-90.95437, 30.28016], [-90.9509, 30.27638], [-90.95128, 30.27663], [-90.95509, 30.27659], [-90.95504, 30.27922], [-90.95464, 30.27992]]], [[[-90.96525, 30.27424], [-90.96626, 30.27433], [-90.96544, 30.28393], [-90.96442, 30.28395], [-90.96525, 30.27424]]], [[[-90.95313, 30.27922], [-90.95317, 30.27938], [-90.95275, 30.27928], [-90.95272, 30.27897], [-90.95313, 30.27922]]], [[[-90.95614, 30.2792], [-90.95586, 30.27948], [-90.95561, 30.27948], [-90.9559, 30.27899], [-90.95614, 30.2792]]], [[[-90.9768, 30.27987], [-90.9768, 30.27943], [-90.97837, 30.27961], [-90.9786, 30.2799], [-90.97856, 30.28008], [-90.9768, 30.27987]]], [[[-90.9723, 30.27894], [-90.97347, 30.28023], [-90.97339, 30.28062], [-90.97154, 30.28038], [-90.97188, 30.27961], [-90.97154, 30.27899], [-90.9723, 30.27894]]], [[[-90.9494, 30.28036], [-90.95134, 30.28028], [-90.95153, 30.28048], [-90.95098, 30.28084], [-90.95102, 30.28267], [-90.94994, 30.28269], [-90.94997, 30.28392], [-90.94917, 30.28393], [-90.94917, 30.28369], [-90.9489, 30.28369], [-90.94883, 30.28035], [-90.9494, 30.28036]]], [[[-90.9551, 30.28392], [-90.95253, 30.28109], [-90.95348, 30.28045], [-90.95438, 30.28044], [-90.9575, 30.28399], [-90.9551, 30.28392]]], [[[-90.95851, 30.28425], [-90.95869, 30.28423], [-90.95873, 30.28472], [-90.95851, 30.28457], [-90.95851, 30.28425]]], [[[-90.97448, 30.28599], [-90.97442, 30.28597], [-90.97356, 30.28492], [-90.97478, 30.28506], [-90.97482, 30.28572], [-90.97448, 30.28599]]], [[[-90.97294, 30.28866], [-90.97301, 30.28764], [-90.9718, 30.28756], [-90.97187, 30.28583], [-90.97448, 30.28614], [-90.97502, 30.28687], [-90.9764, 30.28602], [-90.97826, 30.28625], [-90.97806, 30.28751], [-90.97991, 30.28784], [-90.979, 30.28958], [-90.97744, 30.28931], [-90.97752, 30.28904], [-90.9749, 30.2886], [-90.97458, 30.28788], [-90.97391, 30.2878], [-90.97379, 30.28868], [-90.97294, 30.28866]]], [[[-90.97492, 30.29111], [-90.973, 30.29096], [-90.97299, 30.28947], [-90.97362, 30.28946], [-90.97365, 30.29014], [-90.97491, 30.29015], [-90.97492, 30.29111]]], [[[-90.97734, 30.29222], [-90.97663, 30.29398], [-90.97417, 30.29383], [-90.97425, 30.29214], [-90.97734, 30.29222]]], [[[-90.97825, 30.2932], [-90.9774, 30.2932], [-90.97748, 30.29295], [-90.97757, 30.29314], [-90.97869, 30.29314], [-90.97838, 30.29343], [-90.97825, 30.2932]]], [[[-90.94524, 30.29862], [-90.94508, 30.29269], [-90.94527, 30.29247], [-90.94606, 30.29299], [-90.94609, 30.29174], [-90.94715, 30.29124], [-90.94721, 30.29502], [-90.94808, 30.295], [-90.94809, 30.29859], [-90.94524, 30.29862]]], [[[-90.97352, 30.29734], [-90.9739, 30.29708], [-90.97408, 30.29745], [-90.97359, 30.29746], [-90.97352, 30.29734]]], [[[-90.96016, 30.29952], [-90.9612, 30.29919], [-90.96121, 30.29859], [-90.96198, 30.29858], [-90.96199, 30.30021], [-90.96012, 30.30036], [-90.96016, 30.29952]]], [[[-90.95958, 30.30032], [-90.95903, 30.30031], [-90.95925, 30.29898], [-90.95971, 30.29898], [-90.95958, 30.30032]]], [[[-90.9417, 29.88154], [-90.94833, 29.88009], [-90.94858, 29.88083], [-90.94586, 29.88131], [-90.94636, 29.88416], [-90.94584, 29.88417], [-90.9459, 29.88839], [-90.9504, 29.88825], [-90.95092, 29.89074], [-90.95933, 29.89014], [-90.95978, 29.8989], [-90.95809, 29.89894], [-90.95663, 29.91061], [-90.96244, 29.91058], [-90.96323, 29.92035], [-90.95763, 29.92133], [-90.95785, 29.92288], [-90.95675, 29.92327], [-90.95585, 29.92546], [-90.9554, 29.92546], [-90.9554, 29.92606], [-90.95736, 29.92569], [-90.95922, 29.92691], [-90.96096, 29.92665], [-90.96137, 29.92701], [-90.96386, 29.92706], [-90.9642, 29.92833], [-90.96871, 29.92688], [-90.96937, 29.92775], [-90.97115, 29.92723], [-90.97402, 29.93488], [-90.97589, 29.93774], [-90.97318, 29.93973], [-90.97608, 29.94331], [-90.97514, 29.94408], [-90.97593, 29.94516], [-90.97555, 29.94555], [-90.97577, 29.94582], [-90.97522, 29.94626], [-90.97557, 29.94667], [-90.97672, 29.94595], [-90.97759, 29.94652], [-90.9785, 29.94592], [-90.9789, 29.94629], [-90.98055, 29.94501], [-90.98363, 29.946], [-90.98514, 29.94436], [-90.98565, 29.94484], [-90.98508, 29.94572], [-90.98601, 29.94631], [-90.98527, 29.94752], [-90.9865, 29.94842], [-90.98726, 29.94764], [-90.98943, 29.94861], [-90.9873, 29.95102], [-90.9894, 29.95275], [-90.99702, 29.94735], [-90.99947, 29.95027], [-91.00008, 29.95041], [-91.00389, 29.95492], [-90.99967, 29.95551], [-90.99973, 29.95615], [-90.99718, 29.95651], [-90.99728, 29.95862], [-90.99478, 29.9586], [-90.9948, 29.95936], [-90.99578, 29.95946], [-90.9957, 29.96005], [-90.99807, 29.96027], [-90.99774, 29.96232], [-90.99325, 29.96183], [-90.99288, 29.96415], [-90.99797, 29.96481], [-90.99762, 29.96562], [-90.99693, 29.9655], [-90.99596, 29.96693], [-90.99565, 29.96815], [-90.99705, 29.96831], [-90.99608, 29.97136], [-90.99749, 29.97165], [-90.99683, 29.97322], [-90.99609, 29.97314], [-90.99593, 29.97408], [-90.99704, 29.97425], [-90.99696, 29.9749], [-90.99638, 29.97482], [-90.99529, 29.97563], [-90.99266, 29.97529], [-90.99226, 29.97614], [-90.99191, 29.97841], [-90.99229, 29.98029], [-90.99965, 29.98101], [-90.99951, 29.98388], [-90.99994, 29.98694], [-90.99913, 29.9871], [-90.99941, 29.98805], [-90.99916, 29.98881], [-90.99861, 29.98907], [-90.99931, 29.99034], [-91.0007, 29.99137], [-91.00122, 29.99109], [-91.00179, 29.99218], [-90.99928, 29.99341], [-91.00201, 29.99735], [-91.00347, 29.99878], [-91.00621, 29.99692], [-91.00842, 29.99889], [-91.00362, 30.00346], [-91.00442, 30.00403], [-91.00309, 30.00605], [-90.99996, 30.00929], [-91.00046, 30.00971], [-90.99997, 30.01033], [-91.00341, 30.01345], [-91.00133, 30.01373], [-90.99986, 30.01264], [-90.99953, 30.01162], [-90.99867, 30.01083], [-90.99614, 30.01165], [-90.99669, 30.01359], [-90.99531, 30.01405], [-90.98999, 30.00968], [-90.98742, 30.00935], [-90.98743, 30.00759], [-90.98411, 30.00959], [-90.98412, 30.01348], [-90.98166, 30.01355], [-90.98176, 30.0149], [-90.97819, 30.01502], [-90.97819, 30.01852], [-90.97492, 30.01862], [-90.97494, 30.01969], [-90.97139, 30.01988], [-90.9714, 30.02101], [-90.96311, 30.02018], [-90.96314, 30.02246], [-90.95446, 30.02282], [-90.95461, 30.02829], [-90.97203, 30.02789], [-90.97214, 30.02542], [-90.97483, 30.02529], [-90.97347, 30.02805], [-90.96162, 30.02818], [-90.95922, 30.02835], [-90.9592, 30.02909], [-90.95461, 30.02916], [-90.95482, 30.03286], [-90.94232, 30.03883], [-90.94139, 30.0382], [-90.94188, 30.03773], [-90.94103, 30.03724], [-90.94004, 30.03824], [-90.9371, 30.03643], [-90.93687, 30.03671], [-90.93548, 30.0358], [-90.93404, 30.03754], [-90.93406, 30.03823], [-90.93118, 30.04128], [-90.92978, 30.04004], [-90.93094, 30.03884], [-90.92814, 30.03631], [-90.92721, 30.03743], [-90.92552, 30.03567], [-90.92957, 30.02989], [-90.92207, 30.02684], [-90.9202, 30.03002], [-90.91659, 30.02651], [-90.91233, 30.03584], [-90.90932, 30.03487], [-90.91022, 30.03276], [-90.90872, 30.03227], [-90.90569, 30.03915], [-90.90354, 30.03865], [-90.90433, 30.03657], [-90.90172, 30.0349], [-90.89481, 30.0553], [-90.89335, 30.05489], [-90.89463, 30.05099], [-90.89416, 30.05086], [-90.89436, 30.05008], [-90.8941, 30.04997], [-90.90257, 30.0253], [-90.89946, 30.025], [-90.89545, 30.03765], [-90.89388, 30.03739], [-90.88953, 30.05255], [-90.88901, 30.05065], [-90.89279, 30.03728], [-90.89223, 30.0372], [-90.89281, 30.03449], [-90.88796, 30.0336], [-90.88318, 30.0511], [-90.88258, 30.05099], [-90.88397, 30.04567], [-90.8824, 30.04532], [-90.88582, 30.03154], [-90.88496, 30.03132], [-90.88773, 30.02448], [-90.88719, 30.02394], [-90.87964, 30.03943], [-90.87833, 30.03904], [-90.87785, 30.03995], [-90.8767, 30.03962], [-90.8762, 30.04055], [-90.87363, 30.03908], [-90.87837, 30.03308], [-90.87891, 30.03072], [-90.87833, 30.03037], [-90.87601, 30.03267], [-90.87356, 30.03046], [-90.88099, 30.02513], [-90.88011, 30.0239], [-90.87631, 30.02634], [-90.87496, 30.02597], [-90.86631, 30.03156], [-90.86571, 30.03068], [-90.88545, 30.0176], [-90.88558, 30.01829], [-90.88719, 30.01813], [-90.88706, 30.01513], [-90.8924, 30.01517], [-90.89228, 30.00701], [-90.88849, 30.00696], [-90.88701, 30.00513], [-90.88664, 30.00338], [-90.88642, 29.99402], [-90.88617, 29.99346], [-90.87027, 29.97138], [-90.85847, 29.96753], [-90.86523, 29.96149], [-90.84703, 29.94572], [-90.8461, 29.93477], [-90.84685, 29.93015], [-90.84887, 29.9243], [-90.8489, 29.92332], [-90.84871, 29.92273], [-90.84778, 29.92187], [-90.84636, 29.92147], [-90.84929, 29.92056], [-90.85162, 29.91932], [-90.85216, 29.91938], [-90.85206, 29.91913], [-90.85336, 29.91864], [-90.85486, 29.91767], [-90.8581, 29.9163], [-90.86104, 29.91588], [-90.86202, 29.91612], [-90.86296, 29.91716], [-90.86638, 29.91768], [-90.86655, 29.9179], [-90.867, 29.91771], [-90.86949, 29.91815], [-90.87172, 29.91736], [-90.87286, 29.91725], [-90.8762, 29.91968], [-90.87757, 29.9222], [-90.87817, 29.92274], [-90.87747, 29.92346], [-90.87835, 29.92317], [-90.88064, 29.92465], [-90.88373, 29.92514], [-90.88374, 29.92471], [-90.88564, 29.92367], [-90.88739, 29.92387], [-90.88951, 29.92323], [-90.89227, 29.92393], [-90.90392, 29.92328], [-90.915, 29.92052], [-90.91545, 29.92064], [-90.91743, 29.92259], [-90.91828, 29.92515], [-90.92007, 29.92724], [-90.92132, 29.93003], [-90.92168, 29.93245], [-90.92097, 29.937], [-90.9215, 29.94047], [-90.91846, 29.94585], [-90.9183, 29.94843], [-90.91865, 29.94918], [-90.92107, 29.95062], [-90.92248, 29.95208], [-90.92329, 29.95431], [-90.92327, 29.95663], [-90.92474, 29.95781], [-90.9261, 29.95969], [-90.92632, 29.96072], [-90.92576, 29.9616], [-90.92593, 29.96291], [-90.92529, 29.96418], [-90.92531, 29.9649], [-90.9254, 29.96415], [-90.92609, 29.96297], [-90.92589, 29.96156], [-90.92648, 29.96069], [-90.92607, 29.95939], [-90.92638, 29.95932], [-90.92575, 29.95903], [-90.92501, 29.95788], [-90.92333, 29.95642], [-90.92336, 29.95408], [-90.92302, 29.95273], [-90.92214, 29.95136], [-90.92012, 29.94971], [-90.91873, 29.94909], [-90.91844, 29.9486], [-90.91866, 29.94579], [-90.92161, 29.94072], [-90.92117, 29.93624], [-90.92185, 29.93272], [-90.92147, 29.92979], [-90.92195, 29.92944], [-90.92128, 29.92945], [-90.92021, 29.92715], [-90.91829, 29.92489], [-90.91805, 29.92312], [-90.91551, 29.92039], [-90.91923, 29.91977], [-90.94703, 29.91943], [-90.94738, 29.91066], [-90.94709, 29.91066], [-90.94702, 29.91923], [-90.91807, 29.91965], [-90.90442, 29.92303], [-90.89214, 29.92375], [-90.88931, 29.92303], [-90.88732, 29.92364], [-90.88562, 29.92345], [-90.88339, 29.9247], [-90.88131, 29.92465], [-90.88004, 29.92422], [-90.87906, 29.92339], [-90.87796, 29.92213], [-90.87637, 29.91951], [-90.87352, 29.91724], [-90.87592, 29.91798], [-90.8765, 29.91784], [-90.87797, 29.91525], [-90.87983, 29.91304], [-90.87999, 29.9125], [-90.87781, 29.91518], [-90.87651, 29.91765], [-90.87611, 29.91786], [-90.87472, 29.91748], [-90.8741, 29.91616], [-90.8723, 29.91705], [-90.86911, 29.91786], [-90.86549, 29.91731], [-90.86517, 29.91681], [-90.86497, 29.91681], [-90.86506, 29.91723], [-90.86328, 29.91699], [-90.86156, 29.91569], [-90.85886, 29.91602], [-90.85892, 29.91569], [-90.85478, 29.91724], [-90.85349, 29.91831], [-90.84861, 29.92055], [-90.84546, 29.92151], [-90.83815, 29.92238], [-90.83627, 29.92394], [-90.83465, 29.92475], [-90.83318, 29.92498], [-90.8337, 29.92466], [-90.83423, 29.92369], [-90.83435, 29.92217], [-90.83378, 29.9242], [-90.83247, 29.92501], [-90.82543, 29.9254], [-90.82338, 29.92479], [-90.82276, 29.92449], [-90.82262, 29.92413], [-90.8217, 29.92398], [-90.81933, 29.92282], [-90.81562, 29.9222], [-90.81192, 29.92018], [-90.81142, 29.91947], [-90.81227, 29.91957], [-90.81224, 29.91931], [-90.8111, 29.91923], [-90.80994, 29.91862], [-90.80744, 29.91786], [-90.80106, 29.91453], [-90.79919, 29.91395], [-90.79761, 29.91269], [-90.7967, 29.91059], [-90.81807, 29.89723], [-90.8401, 29.88621], [-90.86325, 29.87712], [-90.88504, 29.87072], [-90.88544, 29.87126], [-90.88523, 29.87067], [-90.88731, 29.87006], [-90.91205, 29.86507], [-90.93723, 29.86222], [-90.94082, 29.86212], [-90.93453, 29.86669], [-90.93288, 29.86521], [-90.92321, 29.87225], [-90.91898, 29.87497], [-90.91674, 29.87476], [-90.91544, 29.87524], [-90.9154, 29.87699], [-90.91854, 29.87655], [-90.91864, 29.87563], [-90.91916, 29.87636], [-90.91923, 29.88441], [-90.9269, 29.88468], [-90.92592, 29.88536], [-90.92328, 29.88585], [-90.9222, 29.88642], [-90.92206, 29.88691], [-90.92254, 29.88788], [-90.92136, 29.88829], [-90.92127, 29.88975], [-90.92221, 29.89237], [-90.92165, 29.89341], [-90.9223, 29.89467], [-90.92072, 29.89662], [-90.92059, 29.8989], [-90.9212, 29.90076], [-90.92058, 29.90109], [-90.92038, 29.90239], [-90.91956, 29.90293], [-90.91888, 29.90289], [-90.9164, 29.90163], [-90.91519, 29.90163], [-90.91534, 29.90549], [-90.91698, 29.90544], [-90.91722, 29.90361], [-90.9187, 29.90378], [-90.91948, 29.90454], [-90.91982, 29.90428], [-90.9206, 29.90456], [-90.92187, 29.90363], [-90.92309, 29.90329], [-90.92274, 29.90173], [-90.92342, 29.90063], [-90.9228, 29.8989], [-90.92298, 29.89812], [-90.92376, 29.89655], [-90.92469, 29.89628], [-90.92496, 29.89592], [-90.92489, 29.8935], [-90.92529, 29.89226], [-90.92594, 29.89172], [-90.92732, 29.89154], [-90.92734, 29.88894], [-90.92858, 29.8891], [-90.92933, 29.88894], [-90.92988, 29.88834], [-90.93374, 29.88653], [-90.93382, 29.88522], [-90.93445, 29.88449], [-90.93656, 29.88407], [-90.93938, 29.882], [-90.94029, 29.88188], [-90.94028, 29.88213], [-90.9417, 29.88154]], [[-90.90433, 29.99903], [-90.90456, 29.99918], [-90.90494, 29.99896], [-90.90566, 29.99962], [-90.90575, 29.99926], [-90.9062, 29.99912], [-90.9062, 29.99834], [-90.90388, 29.99836], [-90.90433, 29.99903]], [[-90.88729, 29.99125], [-90.88609, 29.99077], [-90.89374, 29.99392], [-90.89338, 29.99363], [-90.88729, 29.99125]]], [[[-90.94856, 30.03764], [-90.9482, 30.03761], [-90.9483, 30.0374], [-90.94846, 30.03744], [-90.94856, 30.03764]]], [[[-90.93432, 30.0405], [-90.93361, 30.04133], [-90.93329, 30.04112], [-90.93401, 30.04029], [-90.93432, 30.0405]]], [[[-90.94612, 30.04517], [-90.94509, 30.04603], [-90.9447, 30.04565], [-90.94567, 30.04485], [-90.94612, 30.04517]]], [[[-90.94096, 30.14066], [-90.94105, 30.14139], [-90.93955, 30.14162], [-90.93941, 30.14063], [-90.94096, 30.14066]]], [[[-90.94042, 30.14507], [-90.94171, 30.14495], [-90.94248, 30.14592], [-90.9423, 30.14605], [-90.94017, 30.14544], [-90.94042, 30.14507]]], [[[-90.93901, 30.1458], [-90.93934, 30.14553], [-90.93973, 30.1457], [-90.93873, 30.14627], [-90.93858, 30.14592], [-90.93901, 30.1458]]], [[[-90.94272, 30.14637], [-90.94407, 30.14785], [-90.94534, 30.14871], [-90.94497, 30.14884], [-90.94232, 30.14619], [-90.94272, 30.14637]]], [[[-90.94134, 30.14924], [-90.94134, 30.14977], [-90.94215, 30.15024], [-90.94202, 30.15038], [-90.94128, 30.14996], [-90.94085, 30.14818], [-90.93988, 30.14784], [-90.93987, 30.14719], [-90.94202, 30.14887], [-90.94134, 30.14924]]], [[[-90.93135, 30.15367], [-90.93147, 30.15398], [-90.93156, 30.15528], [-90.93111, 30.15379], [-90.92939, 30.15239], [-90.93044, 30.15287], [-90.93135, 30.15367]]], [[[-90.93045, 30.15435], [-90.9303, 30.15423], [-90.93077, 30.15413], [-90.9311, 30.15461], [-90.93083, 30.15513], [-90.93025, 30.15521], [-90.93082, 30.15468], [-90.93045, 30.15435]]], [[[-90.938, 30.15649], [-90.93774, 30.156], [-90.93923, 30.15607], [-90.93915, 30.15628], [-90.938, 30.15649]]], [[[-90.93112, 30.15632], [-90.9315, 30.1565], [-90.9317, 30.15726], [-90.93156, 30.15716], [-90.93112, 30.15632]]], [[[-90.93902, 30.15712], [-90.93909, 30.15718], [-90.9392, 30.15801], [-90.93887, 30.1576], [-90.93902, 30.15712]]], [[[-90.93216, 30.15788], [-90.93216, 30.1578], [-90.93325, 30.15743], [-90.93203, 30.15825], [-90.93216, 30.15788]]], [[[-90.93505, 30.15812], [-90.93476, 30.15784], [-90.93343, 30.1582], [-90.93337, 30.1587], [-90.93397, 30.1594], [-90.93397, 30.15972], [-90.9338, 30.15941], [-90.93283, 30.15899], [-90.93257, 30.15849], [-90.93362, 30.15792], [-90.93387, 30.15738], [-90.93498, 30.15747], [-90.93645, 30.15659], [-90.93619, 30.15708], [-90.93515, 30.15758], [-90.93505, 30.15812]]], [[[-90.92998, 30.15809], [-90.92978, 30.15828], [-90.92988, 30.16006], [-90.92969, 30.158], [-90.92991, 30.15762], [-90.93046, 30.1573], [-90.93047, 30.15698], [-90.93009, 30.15675], [-90.92944, 30.15696], [-90.92928, 30.15679], [-90.93075, 30.15632], [-90.93095, 30.15642], [-90.93072, 30.15665], [-90.93082, 30.1574], [-90.92999, 30.15764], [-90.92998, 30.15809]]], [[[-90.93701, 30.15896], [-90.93679, 30.15895], [-90.93715, 30.15839], [-90.93749, 30.15903], [-90.93701, 30.15896]]], [[[-90.93524, 30.15903], [-90.93543, 30.15948], [-90.93598, 30.15968], [-90.93577, 30.15996], [-90.93545, 30.15985], [-90.93515, 30.15902], [-90.93547, 30.15847], [-90.93524, 30.15903]]], [[[-90.93934, 30.15975], [-90.93992, 30.15989], [-90.93915, 30.15988], [-90.93858, 30.15957], [-90.93891, 30.15938], [-90.9386, 30.15869], [-90.9392, 30.15906], [-90.93934, 30.15975]]], [[[-90.93331, 30.15954], [-90.93223, 30.15963], [-90.93214, 30.15903], [-90.93258, 30.15932], [-90.93331, 30.15954]]], [[[-90.93666, 30.15978], [-90.9364, 30.16001], [-90.93666, 30.16083], [-90.93712, 30.16091], [-90.93786, 30.16134], [-90.93789, 30.16152], [-90.93711, 30.16099], [-90.9366, 30.16096], [-90.93639, 30.16041], [-90.93567, 30.16079], [-90.93605, 30.16113], [-90.93612, 30.16153], [-90.9359, 30.16114], [-90.93565, 30.16117], [-90.93558, 30.16079], [-90.93625, 30.16026], [-90.93633, 30.15965], [-90.93756, 30.15979], [-90.93784, 30.15961], [-90.93796, 30.15967], [-90.93733, 30.16006], [-90.93666, 30.15978]]], [[[-90.93144, 30.16145], [-90.9315, 30.16058], [-90.93116, 30.15979], [-90.93187, 30.16072], [-90.93152, 30.16112], [-90.93163, 30.16187], [-90.93144, 30.16145]]], [[[-90.93218, 30.16072], [-90.93221, 30.16141], [-90.93206, 30.16148], [-90.93209, 30.16039], [-90.93218, 30.16072]]], [[[-90.93441, 30.16136], [-90.93503, 30.16112], [-90.9347, 30.16166], [-90.93435, 30.16162], [-90.93377, 30.16024], [-90.93441, 30.16136]]], [[[-90.94039, 30.16115], [-90.94072, 30.16147], [-90.94035, 30.16172], [-90.94012, 30.16129], [-90.94037, 30.1608], [-90.94039, 30.16115]]], [[[-90.93339, 30.16137], [-90.93364, 30.16169], [-90.93358, 30.16219], [-90.9332, 30.16235], [-90.93339, 30.16137]]], [[[-90.93026, 30.16171], [-90.93055, 30.16227], [-90.93042, 30.16244], [-90.93016, 30.16192], [-90.93026, 30.16171]]], [[[-90.93027, 30.16322], [-90.9305, 30.16342], [-90.93024, 30.16371], [-90.92964, 30.16289], [-90.92995, 30.16282], [-90.93027, 30.16322]]], [[[-90.93157, 30.16331], [-90.93177, 30.1637], [-90.93169, 30.16384], [-90.93136, 30.16314], [-90.93157, 30.16331]]], [[[-90.93518, 30.16348], [-90.93511, 30.16376], [-90.9346, 30.1639], [-90.93503, 30.16407], [-90.93455, 30.16405], [-90.93446, 30.16345], [-90.93518, 30.16348]]], [[[-90.93138, 30.16424], [-90.93172, 30.16425], [-90.93134, 30.16493], [-90.93128, 30.16484], [-90.93138, 30.16424]]], [[[-90.93473, 30.16476], [-90.93577, 30.16475], [-90.93585, 30.16487], [-90.935, 30.16541], [-90.93473, 30.16476]]], [[[-90.93744, 30.16464], [-90.93785, 30.16487], [-90.93786, 30.16522], [-90.93755, 30.1652], [-90.93746, 30.16563], [-90.93717, 30.16547], [-90.93719, 30.16474], [-90.93744, 30.16464]]], [[[-90.93324, 30.1655], [-90.93328, 30.16563], [-90.93322, 30.16566], [-90.93316, 30.16549], [-90.93324, 30.1655]]], [[[-90.93314, 30.16586], [-90.93314, 30.16592], [-90.93304, 30.16609], [-90.93301, 30.16593], [-90.93314, 30.16586]]], [[[-90.92978, 30.16683], [-90.92945, 30.16659], [-90.92978, 30.16659], [-90.93007, 30.16611], [-90.93063, 30.16624], [-90.92978, 30.16683]]], [[[-90.93554, 30.16659], [-90.93497, 30.16682], [-90.93482, 30.1668], [-90.93482, 30.16647], [-90.93537, 30.16621], [-90.93554, 30.16659]]], [[[-90.93418, 30.16678], [-90.9344, 30.16706], [-90.93416, 30.16708], [-90.93396, 30.16604], [-90.93418, 30.16678]]], [[[-90.93745, 30.16989], [-90.93502, 30.17037], [-90.93471, 30.16778], [-90.9374, 30.16728], [-90.93834, 30.16681], [-90.93911, 30.17111], [-90.93738, 30.17138], [-90.93745, 30.16989]]], [[[-90.92899, 30.17478], [-90.92731, 30.17545], [-90.92599, 30.17521], [-90.92618, 30.17585], [-90.92549, 30.17596], [-90.92564, 30.17506], [-90.92465, 30.17519], [-90.92429, 30.17448], [-90.92511, 30.17425], [-90.92514, 30.17396], [-90.92438, 30.17394], [-90.92415, 30.17437], [-90.92413, 30.17327], [-90.92528, 30.17292], [-90.92445, 30.17006], [-90.925, 30.16994], [-90.92486, 30.16971], [-90.93442, 30.16762], [-90.93474, 30.17296], [-90.9344, 30.17332], [-90.93348, 30.17345], [-90.93311, 30.17254], [-90.93217, 30.17257], [-90.93067, 30.17474], [-90.93016, 30.17472], [-90.93002, 30.17391], [-90.92892, 30.17373], [-90.92899, 30.17478]]], [[[-90.93531, 30.1722], [-90.93682, 30.17198], [-90.93694, 30.17253], [-90.93536, 30.17276], [-90.93531, 30.1722]]], [[[-90.93225, 30.1746], [-90.93204, 30.17294], [-90.93281, 30.17271], [-90.93348, 30.1746], [-90.93248, 30.17484], [-90.93225, 30.1746]]], [[[-90.93596, 30.17549], [-90.93718, 30.17532], [-90.93761, 30.17714], [-90.9362, 30.1773], [-90.93596, 30.17549]]], [[[-90.93992, 30.17977], [-90.94003, 30.17993], [-90.93968, 30.18], [-90.9391, 30.17988], [-90.93921, 30.17954], [-90.93992, 30.17977]]], [[[-90.9381, 30.17986], [-90.93836, 30.18063], [-90.93744, 30.18085], [-90.9374, 30.1804], [-90.9381, 30.17986]]], [[[-90.93788, 30.18158], [-90.93821, 30.18159], [-90.93824, 30.18172], [-90.9379, 30.18174], [-90.93788, 30.18158]]], [[[-90.938, 30.18183], [-90.93682, 30.18351], [-90.93552, 30.18478], [-90.93267, 30.18532], [-90.93272, 30.18191], [-90.938, 30.18183]]], [[[-90.93002, 30.19161], [-90.92864, 30.19095], [-90.92859, 30.19085], [-90.93007, 30.19144], [-90.93002, 30.19161]]], [[[-90.93055, 30.19177], [-90.93215, 30.19244], [-90.93252, 30.19198], [-90.93268, 30.1921], [-90.93234, 30.19274], [-90.93055, 30.19177]]], [[[-90.94373, 30.20526], [-90.94238, 30.20395], [-90.94247, 30.20376], [-90.94531, 30.20372], [-90.94555, 30.2061], [-90.94533, 30.20672], [-90.94373, 30.20526]]], [[[-90.93245, 30.20861], [-90.93187, 30.20776], [-90.93322, 30.20773], [-90.93401, 30.20827], [-90.9341, 30.20867], [-90.93245, 30.20861]]], [[[-90.93572, 30.22079], [-90.93572, 30.22186], [-90.93416, 30.22185], [-90.93417, 30.22079], [-90.93572, 30.22079]]], [[[-90.93319, 30.22214], [-90.93426, 30.22209], [-90.93413, 30.22491], [-90.93101, 30.22496], [-90.93104, 30.22445], [-90.93026, 30.22445], [-90.93027, 30.22304], [-90.93112, 30.22304], [-90.93136, 30.22183], [-90.93322, 30.22184], [-90.93319, 30.22214]]], [[[-90.93746, 30.23543], [-90.93925, 30.23537], [-90.9394, 30.23288], [-90.94161, 30.23282], [-90.94165, 30.23684], [-90.94092, 30.23782], [-90.93961, 30.23816], [-90.93748, 30.23816], [-90.93746, 30.23543]]], [[[-90.93128, 30.23725], [-90.93167, 30.23676], [-90.93153, 30.23633], [-90.93072, 30.23625], [-90.9308, 30.23542], [-90.93147, 30.23516], [-90.93219, 30.23384], [-90.93271, 30.2338], [-90.93273, 30.23294], [-90.93366, 30.2329], [-90.93388, 30.23398], [-90.93447, 30.234], [-90.93451, 30.23292], [-90.93475, 30.23295], [-90.93475, 30.23402], [-90.93538, 30.23464], [-90.93591, 30.23476], [-90.93631, 30.2353], [-90.93733, 30.23534], [-90.93728, 30.23627], [-90.93686, 30.23656], [-90.93598, 30.23648], [-90.93591, 30.23608], [-90.93455, 30.23584], [-90.93465, 30.23867], [-90.93408, 30.23821], [-90.93128, 30.23725]]], [[[-90.93321, 30.23833], [-90.93357, 30.23869], [-90.93266, 30.23933], [-90.9324, 30.2388], [-90.93286, 30.23833], [-90.93321, 30.23833]]], [[[-90.93176, 30.23994], [-90.93222, 30.24017], [-90.93224, 30.24078], [-90.93176, 30.24086], [-90.93124, 30.24045], [-90.93136, 30.24004], [-90.93176, 30.23994]]], [[[-90.93223, 30.25473], [-90.93249, 30.25476], [-90.93245, 30.25541], [-90.93183, 30.25488], [-90.93223, 30.25473]]], [[[-90.93755, 30.26091], [-90.93787, 30.26128], [-90.93757, 30.26135], [-90.9363, 30.26007], [-90.93627, 30.25957], [-90.93662, 30.25947], [-90.93755, 30.26091]]], [[[-90.93842, 30.26051], [-90.93924, 30.26063], [-90.93941, 30.26148], [-90.93907, 30.26152], [-90.93818, 30.26073], [-90.93842, 30.26051]]], [[[-90.94145, 30.27256], [-90.94144, 30.27224], [-90.94191, 30.27223], [-90.94271, 30.27323], [-90.94253, 30.27339], [-90.94184, 30.27264], [-90.94145, 30.27256]]], [[[-90.94341, 30.27373], [-90.94357, 30.2739], [-90.94355, 30.27443], [-90.9428, 30.27365], [-90.94301, 30.27336], [-90.94341, 30.27373]]], [[[-90.92857, 30.27811], [-90.92831, 30.27803], [-90.92828, 30.27775], [-90.92873, 30.2777], [-90.92857, 30.27811]]], [[[-90.93103, 30.28026], [-90.93077, 30.28004], [-90.9327, 30.28009], [-90.93251, 30.28032], [-90.93152, 30.28034], [-90.93132, 30.28011], [-90.93103, 30.28026]]], [[[-90.93148, 30.28299], [-90.93008, 30.28299], [-90.93005, 30.28248], [-90.93145, 30.28247], [-90.93148, 30.28299]]], [[[-90.93492, 30.28324], [-90.93494, 30.28277], [-90.93518, 30.28274], [-90.93522, 30.28344], [-90.93492, 30.28324]]], [[[-90.94276, 30.28716], [-90.94268, 30.28529], [-90.94299, 30.28524], [-90.94298, 30.28419], [-90.94501, 30.28417], [-90.94502, 30.28465], [-90.94547, 30.28464], [-90.94547, 30.28421], [-90.94682, 30.2842], [-90.94684, 30.28591], [-90.95111, 30.28587], [-90.95113, 30.28758], [-90.94481, 30.28764], [-90.94317, 30.28751], [-90.94276, 30.28716]]], [[[-90.93206, 30.28597], [-90.93238, 30.28581], [-90.93331, 30.28601], [-90.93141, 30.28613], [-90.93158, 30.2859], [-90.93206, 30.28597]]], [[[-90.92681, 30.28572], [-90.9261, 30.28491], [-90.92892, 30.28487], [-90.92891, 30.28426], [-90.93, 30.28425], [-90.93001, 30.28723], [-90.92918, 30.28784], [-90.92725, 30.28759], [-90.92685, 30.28707], [-90.92681, 30.28572]]], [[[-90.93845, 30.28618], [-90.93846, 30.28718], [-90.93138, 30.28722], [-90.93145, 30.28629], [-90.93845, 30.28618]]], [[[-90.93713, 30.29028], [-90.9371, 30.29064], [-90.93636, 30.29065], [-90.93637, 30.29029], [-90.93713, 30.29028]]], [[[-90.93829, 30.29594], [-90.93849, 30.29603], [-90.93839, 30.29657], [-90.93747, 30.29654], [-90.93749, 30.29626], [-90.93829, 30.29594]]], [[[-90.93948, 30.30013], [-90.93942, 30.29936], [-90.94014, 30.29938], [-90.93971, 30.30056], [-90.93948, 30.30013]]], [[[-90.94128, 30.30039], [-90.94128, 30.29944], [-90.94159, 30.2994], [-90.94162, 30.3004], [-90.94216, 30.3004], [-90.94119, 30.30076], [-90.94128, 30.30039]]], [[[-90.93732, 30.30326], [-90.93748, 30.30333], [-90.93572, 30.30297], [-90.93736, 30.30299], [-90.93732, 30.30326]]], [[[-90.94308, 30.30632], [-90.94301, 30.3066], [-90.94233, 30.30656], [-90.94237, 30.30612], [-90.94308, 30.30632]]], [[[-90.93722, 30.3078], [-90.93657, 30.30872], [-90.93479, 30.30874], [-90.93473, 30.30616], [-90.93722, 30.30613], [-90.93722, 30.3078]]], [[[-90.94558, 30.30926], [-90.94561, 30.30945], [-90.94553, 30.30951], [-90.94547, 30.30914], [-90.94578, 30.30912], [-90.94558, 30.30926]]], [[[-90.92735, 30.30889], [-90.92771, 30.30848], [-90.92844, 30.30895], [-90.92849, 30.30965], [-90.92931, 30.30987], [-90.92936, 30.31106], [-90.92792, 30.31098], [-90.92783, 30.30994], [-90.92735, 30.30889]]], [[[-90.93057, 30.31068], [-90.93651, 30.31062], [-90.93765, 30.31109], [-90.93896, 30.31109], [-90.93896, 30.31142], [-90.93768, 30.31155], [-90.93057, 30.31113], [-90.93057, 30.31068]]], [[[-90.92865, 29.87539], [-90.92618, 29.87711], [-90.92744, 29.87746], [-90.93363, 29.87819], [-90.93349, 29.87829], [-90.92519, 29.87719], [-90.92364, 29.87731], [-90.92112, 29.87799], [-90.91923, 29.87777], [-90.91913, 29.87532], [-90.927, 29.86987], [-90.92832, 29.87124], [-90.9251, 29.87355], [-90.92598, 29.87457], [-90.92557, 29.87493], [-90.92624, 29.87562], [-90.92799, 29.8747], [-90.92865, 29.87539]]], [[[-90.92719, 29.88287], [-90.92701, 29.88422], [-90.9193, 29.88432], [-90.91931, 29.88101], [-90.92688, 29.88094], [-90.92716, 29.88128], [-90.92719, 29.88287]]], [[[-90.91815, 30.09974], [-90.91764, 30.09819], [-90.91908, 30.09718], [-90.9215, 30.09672], [-90.92163, 30.09735], [-90.91815, 30.09974]]], [[[-90.92394, 30.10185], [-90.92211, 30.10317], [-90.92192, 30.10298], [-90.92376, 30.10166], [-90.92394, 30.10185]]], [[[-90.9208, 30.13744], [-90.92044, 30.13744], [-90.91887, 30.14031], [-90.91681, 30.13951], [-90.91652, 30.14003], [-90.91365, 30.13887], [-90.91408, 30.13732], [-90.91391, 30.13705], [-90.91177, 30.13618], [-90.91643, 30.12913], [-90.91838, 30.13221], [-90.92105, 30.13481], [-90.92202, 30.13522], [-90.92378, 30.13656], [-90.92407, 30.13695], [-90.92407, 30.13882], [-90.9208, 30.13744]]], [[[-90.92945, 30.14414], [-90.93021, 30.14439], [-90.92974, 30.14708], [-90.92896, 30.14687], [-90.92945, 30.14414]]], [[[-90.92702, 30.14715], [-90.9271, 30.14674], [-90.92845, 30.14781], [-90.92837, 30.1485], [-90.92869, 30.14848], [-90.92871, 30.14872], [-90.92575, 30.14891], [-90.92592, 30.1472], [-90.9265, 30.14752], [-90.92702, 30.14715]]], [[[-90.92014, 30.1506], [-90.91983, 30.15058], [-90.91976, 30.15045], [-90.92016, 30.15038], [-90.92014, 30.1506]]], [[[-90.92046, 30.15058], [-90.92059, 30.15038], [-90.92083, 30.15041], [-90.92064, 30.15064], [-90.92046, 30.15058]]], [[[-90.92164, 30.15173], [-90.92125, 30.15169], [-90.92127, 30.15151], [-90.92178, 30.15159], [-90.92164, 30.15173]]], [[[-90.92151, 30.15264], [-90.92133, 30.15264], [-90.92133, 30.15243], [-90.92166, 30.15254], [-90.92151, 30.15264]]], [[[-90.92842, 30.15319], [-90.92792, 30.15282], [-90.9282, 30.1522], [-90.92841, 30.15218], [-90.92842, 30.15319]]], [[[-90.92621, 30.15281], [-90.92451, 30.15284], [-90.92407, 30.15345], [-90.92357, 30.15334], [-90.92395, 30.15334], [-90.9242, 30.15248], [-90.92448, 30.15247], [-90.92456, 30.15277], [-90.92553, 30.15272], [-90.92553, 30.15233], [-90.92591, 30.15226], [-90.92639, 30.15237], [-90.92621, 30.15281]]], [[[-90.91928, 30.153], [-90.91927, 30.15272], [-90.92028, 30.15285], [-90.92005, 30.1531], [-90.91928, 30.153]]], [[[-90.9229, 30.15318], [-90.92292, 30.15285], [-90.92344, 30.15279], [-90.92337, 30.15312], [-90.9229, 30.15318]]], [[[-90.92824, 30.1539], [-90.92836, 30.15424], [-90.9276, 30.1536], [-90.92787, 30.15366], [-90.92824, 30.1539]]], [[[-90.92905, 30.15439], [-90.92898, 30.15389], [-90.92914, 30.15383], [-90.92959, 30.15467], [-90.92905, 30.15439]]], [[[-90.92433, 30.15474], [-90.92447, 30.15441], [-90.92472, 30.15512], [-90.9242, 30.15495], [-90.92433, 30.15474]]], [[[-90.92761, 30.15552], [-90.92705, 30.15534], [-90.92605, 30.15438], [-90.92483, 30.15411], [-90.92609, 30.15416], [-90.92761, 30.15552]]], [[[-90.9291, 30.15513], [-90.92941, 30.15533], [-90.92981, 30.15535], [-90.92926, 30.15559], [-90.9291, 30.15513]]], [[[-90.91901, 30.15595], [-90.91905, 30.15574], [-90.91931, 30.156], [-90.919, 30.1561], [-90.91901, 30.15595]]], [[[-90.92712, 30.15635], [-90.92694, 30.15628], [-90.92677, 30.15572], [-90.92722, 30.15573], [-90.92745, 30.15612], [-90.92737, 30.15641], [-90.92712, 30.15635]]], [[[-90.92437, 30.1563], [-90.92425, 30.15671], [-90.92434, 30.15544], [-90.92442, 30.15548], [-90.92437, 30.1563]]], [[[-90.92556, 30.15635], [-90.92589, 30.15555], [-90.92603, 30.15553], [-90.92637, 30.15603], [-90.92633, 30.15697], [-90.92559, 30.15675], [-90.92556, 30.15635]]], [[[-90.92753, 30.15698], [-90.92784, 30.15677], [-90.92757, 30.15797], [-90.92746, 30.15748], [-90.92753, 30.15698]]], [[[-90.92351, 30.15747], [-90.92373, 30.15773], [-90.92324, 30.15809], [-90.92331, 30.15707], [-90.92351, 30.15747]]], [[[-90.9254, 30.15784], [-90.92564, 30.15897], [-90.9254, 30.15937], [-90.92501, 30.15928], [-90.9254, 30.15784]]], [[[-90.92933, 30.15981], [-90.92945, 30.16015], [-90.92906, 30.16046], [-90.92923, 30.15922], [-90.92933, 30.15981]]], [[[-90.92632, 30.1605], [-90.92596, 30.16083], [-90.92481, 30.16044], [-90.9262, 30.16025], [-90.92683, 30.1596], [-90.92632, 30.1605]]], [[[-90.92319, 30.16089], [-90.92269, 30.16114], [-90.92295, 30.16031], [-90.92316, 30.16059], [-90.92319, 30.16089]]], [[[-90.92424, 30.16317], [-90.92368, 30.1632], [-90.92299, 30.16404], [-90.92354, 30.16326], [-90.92332, 30.16302], [-90.92506, 30.16233], [-90.92515, 30.16198], [-90.92463, 30.16168], [-90.92488, 30.16153], [-90.92548, 30.16195], [-90.92562, 30.16266], [-90.92507, 30.16245], [-90.92482, 30.16308], [-90.92424, 30.16317]]], [[[-90.91816, 30.16309], [-90.91801, 30.16318], [-90.91774, 30.16317], [-90.91794, 30.16296], [-90.91816, 30.16309]]], [[[-90.92689, 30.1631], [-90.92692, 30.16257], [-90.92711, 30.16247], [-90.92727, 30.16318], [-90.92652, 30.16398], [-90.92689, 30.1631]]], [[[-90.91837, 30.16352], [-90.91824, 30.16395], [-90.9181, 30.16396], [-90.91797, 30.16366], [-90.91837, 30.16352]]], [[[-90.9252, 30.16481], [-90.92409, 30.16509], [-90.92396, 30.16489], [-90.92497, 30.16468], [-90.92531, 30.16415], [-90.9252, 30.16481]]], [[[-90.92792, 30.16545], [-90.92843, 30.16503], [-90.92915, 30.16565], [-90.92739, 30.16575], [-90.92792, 30.16545]]], [[[-90.92302, 30.16589], [-90.92218, 30.16647], [-90.92054, 30.16687], [-90.92054, 30.16741], [-90.92159, 30.16824], [-90.92127, 30.16864], [-90.92061, 30.16848], [-90.92075, 30.16763], [-90.92033, 30.16747], [-90.92064, 30.16601], [-90.9216, 30.16649], [-90.92214, 30.1662], [-90.92231, 30.16566], [-90.92183, 30.16514], [-90.92191, 30.16468], [-90.92302, 30.16589]], [[-90.92097, 30.16803], [-90.92081, 30.16828], [-90.92106, 30.16848], [-90.92132, 30.16812], [-90.92097, 30.16803]]], [[[-90.92751, 30.16646], [-90.92658, 30.16651], [-90.92637, 30.16632], [-90.92793, 30.16637], [-90.92751, 30.16646]]], [[[-90.92384, 30.16848], [-90.92348, 30.16844], [-90.92332, 30.16835], [-90.92301, 30.16835], [-90.92331, 30.16833], [-90.92361, 30.1684], [-90.92392, 30.1679], [-90.92391, 30.1673], [-90.92334, 30.16724], [-90.92396, 30.16724], [-90.92415, 30.16765], [-90.92478, 30.16678], [-90.92534, 30.16654], [-90.92547, 30.1669], [-90.9245, 30.16719], [-90.9242, 30.16794], [-90.92511, 30.16836], [-90.92572, 30.16802], [-90.92575, 30.16829], [-90.92524, 30.16852], [-90.92384, 30.16848]]], [[[-90.91956, 30.16743], [-90.91953, 30.16754], [-90.91962, 30.16776], [-90.91941, 30.16762], [-90.91954, 30.16716], [-90.91956, 30.16743]]], [[[-90.91933, 30.16836], [-90.91933, 30.16817], [-90.9194, 30.16809], [-90.91936, 30.16848], [-90.91933, 30.16836]]], [[[-90.92625, 30.16932], [-90.91541, 30.1716], [-90.92341, 30.16966], [-90.93847, 30.16662], [-90.92625, 30.16932]]], [[[-90.92051, 30.16918], [-90.92055, 30.16938], [-90.92112, 30.16953], [-90.92032, 30.16934], [-90.92051, 30.16918]]], [[[-90.91764, 30.17522], [-90.9181, 30.17513], [-90.91824, 30.17528], [-90.91776, 30.17533], [-90.91764, 30.17522]]], [[[-90.91783, 30.17563], [-90.91776, 30.17546], [-90.91849, 30.17547], [-90.9184, 30.17563], [-90.91783, 30.17563]]], [[[-90.91816, 30.17584], [-90.91865, 30.1758], [-90.91868, 30.17594], [-90.91818, 30.17593], [-90.91816, 30.17584]]], [[[-90.91748, 30.17641], [-90.91744, 30.17662], [-90.91699, 30.17622], [-90.91724, 30.17587], [-90.91748, 30.17641]]], [[[-90.91866, 30.17658], [-90.91828, 30.1765], [-90.91821, 30.17608], [-90.91867, 30.17616], [-90.91866, 30.17658]]], [[[-90.92358, 30.17835], [-90.92374, 30.17834], [-90.92383, 30.17875], [-90.92342, 30.17864], [-90.92358, 30.17835]]], [[[-90.92845, 30.18046], [-90.92847, 30.18076], [-90.92818, 30.18091], [-90.92822, 30.18046], [-90.92845, 30.18046]]], [[[-90.92689, 30.1806], [-90.92688, 30.18127], [-90.92664, 30.1811], [-90.92678, 30.18155], [-90.92634, 30.18159], [-90.92629, 30.18004], [-90.92691, 30.1801], [-90.92689, 30.1806]]], [[[-90.92775, 30.1814], [-90.92803, 30.1815], [-90.92784, 30.18231], [-90.92777, 30.18158], [-90.92749, 30.1815], [-90.92775, 30.1814]]], [[[-90.92257, 30.18084], [-90.92343, 30.1815], [-90.92301, 30.18228], [-90.92326, 30.18287], [-90.92306, 30.18309], [-90.92228, 30.18297], [-90.9223, 30.18094], [-90.92257, 30.18084]]], [[[-90.92065, 30.18435], [-90.92172, 30.18483], [-90.9232, 30.18483], [-90.9232, 30.18517], [-90.92066, 30.1853], [-90.92065, 30.18435]]], [[[-90.92209, 30.18527], [-90.92385, 30.18528], [-90.92417, 30.18455], [-90.92432, 30.18162], [-90.92494, 30.18174], [-90.92517, 30.18251], [-90.92614, 30.18253], [-90.9263, 30.184], [-90.92727, 30.18399], [-90.92737, 30.18556], [-90.93042, 30.18548], [-90.93093, 30.18587], [-90.92806, 30.18871], [-90.92625, 30.18767], [-90.92572, 30.18702], [-90.9227, 30.18554], [-90.92206, 30.18549], [-90.92209, 30.18527]]], [[[-90.91871, 30.18547], [-90.91871, 30.18562], [-90.91856, 30.18563], [-90.91856, 30.18547], [-90.91871, 30.18547]]], [[[-90.92606, 30.1929], [-90.92855, 30.19276], [-90.92847, 30.19406], [-90.92606, 30.1929]]], [[[-90.92432, 30.19331], [-90.9246, 30.19286], [-90.92489, 30.19287], [-90.9284, 30.19454], [-90.92843, 30.19557], [-90.92455, 30.1937], [-90.92432, 30.19331]]], [[[-90.92549, 30.20288], [-90.92741, 30.20281], [-90.92747, 30.20335], [-90.92553, 30.20343], [-90.92549, 30.20288]]], [[[-90.92268, 30.20288], [-90.92478, 30.20282], [-90.92484, 30.20347], [-90.92273, 30.20353], [-90.92268, 30.20288]]], [[[-90.91668, 30.20583], [-90.91887, 30.20582], [-90.9189, 30.20781], [-90.91763, 30.20767], [-90.91638, 30.20591], [-90.91668, 30.20583]]], [[[-90.92534, 30.20947], [-90.92437, 30.20913], [-90.92119, 30.20918], [-90.92073, 30.20883], [-90.92195, 30.20872], [-90.92198, 30.20684], [-90.92224, 30.20682], [-90.9222, 30.20739], [-90.92285, 30.2078], [-90.92287, 30.20893], [-90.9241, 30.20891], [-90.92592, 30.2094], [-90.92857, 30.20937], [-90.92869, 30.2107], [-90.92891, 30.21073], [-90.92865, 30.21071], [-90.92829, 30.20959], [-90.92534, 30.20947]]], [[[-90.92735, 30.21908], [-90.92758, 30.2208], [-90.92478, 30.2208], [-90.92478, 30.21836], [-90.92632, 30.21834], [-90.92633, 30.21896], [-90.92735, 30.21908]]], [[[-90.91256, 30.22043], [-90.91817, 30.22036], [-90.9182, 30.22098], [-90.91973, 30.22099], [-90.91997, 30.22168], [-90.9197, 30.22189], [-90.91256, 30.22204], [-90.91256, 30.22043]]], [[[-90.91791, 30.22483], [-90.9174, 30.22487], [-90.9174, 30.22403], [-90.91772, 30.22403], [-90.91791, 30.22483]]], [[[-90.92445, 30.22923], [-90.92394, 30.22899], [-90.92399, 30.22684], [-90.9245, 30.22653], [-90.92482, 30.22655], [-90.92505, 30.22704], [-90.92509, 30.23007], [-90.92451, 30.23012], [-90.92445, 30.22923]]], [[[-90.91638, 30.2328], [-90.91581, 30.23289], [-90.91579, 30.232], [-90.91639, 30.232], [-90.91638, 30.2328]]], [[[-90.92081, 30.2337], [-90.92087, 30.2329], [-90.92174, 30.23288], [-90.92174, 30.23319], [-90.92221, 30.23319], [-90.92227, 30.23501], [-90.92081, 30.23492], [-90.92081, 30.2337]]], [[[-90.92851, 30.23814], [-90.92845, 30.23846], [-90.9267, 30.23901], [-90.92673, 30.24009], [-90.92537, 30.24002], [-90.92529, 30.23965], [-90.92493, 30.23975], [-90.92462, 30.23941], [-90.92532, 30.23898], [-90.92525, 30.23659], [-90.92481, 30.23668], [-90.92481, 30.2382], [-90.92422, 30.23831], [-90.92399, 30.23594], [-90.92429, 30.2356], [-90.92682, 30.23553], [-90.92659, 30.23597], [-90.92675, 30.23656], [-90.92703, 30.23622], [-90.92677, 30.23596], [-90.92737, 30.23594], [-90.92735, 30.23727], [-90.92851, 30.23814]]], [[[-90.92064, 30.23982], [-90.92064, 30.24002], [-90.91893, 30.24002], [-90.91894, 30.23982], [-90.92064, 30.23982]]], [[[-90.91883, 30.23982], [-90.91882, 30.24003], [-90.91801, 30.24004], [-90.91781, 30.23982], [-90.91883, 30.23982]]], [[[-90.91809, 30.24012], [-90.91882, 30.24011], [-90.91879, 30.24084], [-90.91809, 30.24012]]], [[[-90.92007, 30.24132], [-90.92067, 30.24135], [-90.92071, 30.24284], [-90.92006, 30.24219], [-90.92007, 30.24132]]], [[[-90.91552, 30.24473], [-90.91559, 30.24374], [-90.91626, 30.2435], [-90.91606, 30.24452], [-90.91552, 30.24473]]], [[[-90.92697, 30.24513], [-90.92667, 30.2451], [-90.92619, 30.24417], [-90.92552, 30.24437], [-90.92572, 30.24385], [-90.92627, 30.24341], [-90.92835, 30.24321], [-90.92863, 30.24371], [-90.92851, 30.24725], [-90.92694, 30.24727], [-90.92659, 30.24663], [-90.92662, 30.24548], [-90.92713, 30.24548], [-90.92697, 30.24513]]], [[[-90.92799, 30.24963], [-90.92719, 30.24965], [-90.92484, 30.24735], [-90.92603, 30.24738], [-90.92606, 30.24786], [-90.92754, 30.24787], [-90.92865, 30.24939], [-90.92868, 30.24963], [-90.92799, 30.24963]]], [[[-90.91608, 30.24881], [-90.91606, 30.25088], [-90.91538, 30.25104], [-90.91546, 30.24881], [-90.91608, 30.24881]]], [[[-90.91763, 30.25031], [-90.91797, 30.25039], [-90.91791, 30.25081], [-90.91754, 30.25072], [-90.91763, 30.25031]]], [[[-90.92082, 30.2547], [-90.92097, 30.26188], [-90.91265, 30.26202], [-90.91258, 30.25472], [-90.92082, 30.2547]]], [[[-90.9264, 30.28252], [-90.92752, 30.28251], [-90.92765, 30.28286], [-90.92629, 30.28299], [-90.9261, 30.28251], [-90.9264, 30.28252]]], [[[-90.92248, 30.28199], [-90.92285, 30.28199], [-90.92284, 30.28158], [-90.92473, 30.28182], [-90.92562, 30.28303], [-90.92561, 30.28415], [-90.92248, 30.28415], [-90.92248, 30.28199]]], [[[-90.91518, 30.28579], [-90.9146, 30.28615], [-90.91441, 30.28686], [-90.91454, 30.28538], [-90.9157, 30.28544], [-90.91598, 30.28675], [-90.91572, 30.28602], [-90.91518, 30.28579]]], [[[-90.92156, 30.28496], [-90.92578, 30.28493], [-90.92633, 30.28596], [-90.92635, 30.28776], [-90.92159, 30.28779], [-90.92156, 30.28496]]], [[[-90.92369, 30.2897], [-90.9228, 30.28875], [-90.92149, 30.28903], [-90.92149, 30.28812], [-90.92486, 30.28813], [-90.92487, 30.2878], [-90.92632, 30.2878], [-90.92565, 30.28832], [-90.92486, 30.2897], [-90.92369, 30.2897]]], [[[-90.92204, 30.28924], [-90.92203, 30.28961], [-90.92177, 30.28962], [-90.92176, 30.28918], [-90.92204, 30.28924]]], [[[-90.90572, 29.99901], [-90.90513, 29.99894], [-90.90526, 29.99846], [-90.90576, 29.99852], [-90.90572, 29.99901]]], [[[-90.88966, 30.05618], [-90.89042, 30.05363], [-90.8905, 30.05365], [-90.88981, 30.05621], [-90.88966, 30.05618]]], [[[-90.89575, 30.07563], [-90.89625, 30.07599], [-90.89487, 30.07744], [-90.89437, 30.07708], [-90.89575, 30.07563]]], [[[-90.91744, 30.07567], [-90.91816, 30.07518], [-90.91838, 30.07537], [-90.91868, 30.07519], [-90.91961, 30.07622], [-90.92107, 30.07522], [-90.92276, 30.07705], [-90.92113, 30.07816], [-90.92148, 30.0786], [-90.91982, 30.07984], [-90.92034, 30.08063], [-90.9187, 30.08174], [-90.91944, 30.08255], [-90.91977, 30.08227], [-90.91951, 30.08193], [-90.91996, 30.08158], [-90.91981, 30.0813], [-90.92245, 30.07949], [-90.92432, 30.08146], [-90.92212, 30.08295], [-90.92252, 30.08346], [-90.92194, 30.08384], [-90.92478, 30.087], [-90.9222, 30.08863], [-90.9219, 30.08834], [-90.91618, 30.09212], [-90.91374, 30.08392], [-90.91316, 30.08283], [-90.91356, 30.08044], [-90.91339, 30.07955], [-90.91295, 30.07829], [-90.91186, 30.07664], [-90.9128, 30.07579], [-90.91603, 30.07552], [-90.91744, 30.07567]]], [[[-90.89638, 30.09327], [-90.89602, 30.0934], [-90.8959, 30.09317], [-90.89627, 30.09303], [-90.89638, 30.09327]]], [[[-90.9022, 30.11534], [-90.90243, 30.11626], [-90.88896, 30.11881], [-90.88869, 30.11777], [-90.88253, 30.11895], [-90.87997, 30.10909], [-90.89998, 30.10521], [-90.9008, 30.10836], [-90.90908, 30.10676], [-90.9106, 30.1137], [-90.9022, 30.11534]]], [[[-90.89801, 30.12582], [-90.89861, 30.12595], [-90.89843, 30.12622], [-90.8977, 30.12635], [-90.89801, 30.12582]]], [[[-90.91349, 30.12389], [-90.91415, 30.1256], [-90.91115, 30.12781], [-90.90962, 30.12948], [-90.90737, 30.12619], [-90.912, 30.12369], [-90.91218, 30.12398], [-90.91322, 30.1235], [-90.91349, 30.12389]]], [[[-90.90609, 30.15475], [-90.90498, 30.15789], [-90.90348, 30.15731], [-90.90244, 30.15754], [-90.90032, 30.15465], [-90.90201, 30.15186], [-90.90288, 30.15195], [-90.9038, 30.1525], [-90.90442, 30.15233], [-90.90479, 30.15173], [-90.90646, 30.15151], [-90.90655, 30.1525], [-90.90589, 30.1542], [-90.90609, 30.15475]]], [[[-90.91756, 30.15372], [-90.91702, 30.15679], [-90.9168, 30.15633], [-90.91603, 30.1562], [-90.91492, 30.15488], [-90.91281, 30.1544], [-90.91288, 30.15419], [-90.91469, 30.15457], [-90.91624, 30.15446], [-90.91741, 30.15405], [-90.91756, 30.15372]]], [[[-90.90824, 30.15259], [-90.90894, 30.15139], [-90.91253, 30.15103], [-90.90929, 30.16133], [-90.90809, 30.16174], [-90.90487, 30.16103], [-90.90541, 30.1585], [-90.90698, 30.1586], [-90.90751, 30.15819], [-90.90754, 30.15729], [-90.90619, 30.15623], [-90.90652, 30.15489], [-90.90685, 30.15438], [-90.90758, 30.15406], [-90.90824, 30.15259]]], [[[-90.91556, 30.1614], [-90.91466, 30.16039], [-90.91285, 30.16038], [-90.91318, 30.15932], [-90.9138, 30.15863], [-90.91495, 30.15917], [-90.91647, 30.15943], [-90.91605, 30.16208], [-90.91556, 30.1614]]], [[[-90.9107, 30.16153], [-90.91178, 30.1637], [-90.91098, 30.16356], [-90.91018, 30.163], [-90.9107, 30.16153]]], [[[-90.88206, 30.16677], [-90.88215, 30.16584], [-90.88616, 30.16135], [-90.88659, 30.16163], [-90.88708, 30.16114], [-90.88846, 30.16246], [-90.88872, 30.16196], [-90.89962, 30.16758], [-90.88043, 30.1678], [-90.88166, 30.16652], [-90.88206, 30.16677]]], [[[-90.9096, 30.16439], [-90.91022, 30.16452], [-90.90985, 30.16547], [-90.90933, 30.16532], [-90.9096, 30.16439]]], [[[-90.91037, 30.16453], [-90.91102, 30.16468], [-90.91033, 30.16673], [-90.90975, 30.16655], [-90.91037, 30.16453]]], [[[-90.91519, 30.16725], [-90.91547, 30.16737], [-90.91536, 30.1676], [-90.91504, 30.16756], [-90.91521, 30.16641], [-90.91438, 30.16384], [-90.91558, 30.16434], [-90.91519, 30.16725]]], [[[-90.90925, 30.16648], [-90.90897, 30.16639], [-90.90926, 30.16549], [-90.90988, 30.16558], [-90.90964, 30.16655], [-90.90925, 30.16648]]], [[[-90.91145, 30.16758], [-90.9114, 30.16749], [-90.91229, 30.16466], [-90.91296, 30.16637], [-90.91283, 30.16764], [-90.91326, 30.16876], [-90.91249, 30.16868], [-90.9124, 30.16784], [-90.91145, 30.16758]]], [[[-90.91283, 30.16967], [-90.91328, 30.17015], [-90.91168, 30.17093], [-90.91217, 30.16953], [-90.91283, 30.16967]]], [[[-90.91285, 30.17151], [-90.91486, 30.17034], [-90.91566, 30.1702], [-90.91557, 30.17099], [-90.91285, 30.17151]]], [[[-90.90765, 30.17107], [-90.90787, 30.17083], [-90.90936, 30.17112], [-90.91075, 30.17188], [-90.91034, 30.17211], [-90.90866, 30.17154], [-90.90836, 30.1711], [-90.90791, 30.17128], [-90.90765, 30.17107]]], [[[-90.88023, 30.16812], [-90.89649, 30.16803], [-90.89647, 30.16957], [-90.89477, 30.16973], [-90.89462, 30.17014], [-90.89473, 30.17511], [-90.89203, 30.17649], [-90.87918, 30.17053], [-90.87948, 30.16988], [-90.87899, 30.16961], [-90.88023, 30.16812]]], [[[-90.91379, 30.17425], [-90.91378, 30.17378], [-90.91421, 30.17506], [-90.91385, 30.17493], [-90.91379, 30.17425]]], [[[-90.89147, 30.17662], [-90.89001, 30.17723], [-90.8831, 30.17391], [-90.87842, 30.17102], [-90.87853, 30.1707], [-90.89147, 30.17662]]], [[[-90.88284, 30.17419], [-90.88963, 30.17745], [-90.88939, 30.17762], [-90.88257, 30.17432], [-90.88284, 30.17419]]], [[[-90.91274, 30.17772], [-90.9115, 30.17793], [-90.91144, 30.17615], [-90.91108, 30.17534], [-90.91129, 30.17532], [-90.91274, 30.17772]]], [[[-90.91598, 30.17724], [-90.91592, 30.17723], [-90.91575, 30.1765], [-90.91683, 30.177], [-90.91598, 30.17724]]], [[[-90.91348, 30.18036], [-90.91292, 30.17832], [-90.91307, 30.17819], [-90.91448, 30.18047], [-90.91396, 30.18023], [-90.91348, 30.18036]]], [[[-90.90525, 30.18026], [-90.90603, 30.18026], [-90.90565, 30.18112], [-90.90502, 30.1808], [-90.90525, 30.18026]]], [[[-90.90632, 30.18352], [-90.9061, 30.18391], [-90.90429, 30.18547], [-90.90492, 30.18586], [-90.90375, 30.18587], [-90.90387, 30.1854], [-90.90419, 30.18541], [-90.90606, 30.1838], [-90.90729, 30.18184], [-90.90822, 30.18106], [-90.90822, 30.17927], [-90.90844, 30.18092], [-90.90761, 30.18161], [-90.90632, 30.18352]]], [[[-90.90837, 30.18189], [-90.90874, 30.1818], [-90.90919, 30.18283], [-90.90806, 30.18227], [-90.90837, 30.18189]]], [[[-90.9023, 30.18288], [-90.90155, 30.1825], [-90.90154, 30.18243], [-90.90262, 30.18242], [-90.9023, 30.18288]]], [[[-90.91479, 30.18318], [-90.91383, 30.1831], [-90.91457, 30.18265], [-90.91444, 30.18132], [-90.91482, 30.18111], [-90.91705, 30.18467], [-90.91629, 30.18478], [-90.91611, 30.18349], [-90.91479, 30.18318]]], [[[-90.9113, 30.18351], [-90.91098, 30.18369], [-90.90942, 30.18284], [-90.9106, 30.18264], [-90.91117, 30.18332], [-90.91304, 30.18302], [-90.91366, 30.18315], [-90.9113, 30.18351]]], [[[-90.90533, 30.18426], [-90.90327, 30.18343], [-90.90344, 30.18277], [-90.90573, 30.18376], [-90.90533, 30.18426]]], [[[-90.90856, 30.18577], [-90.90823, 30.18576], [-90.90562, 30.18436], [-90.90617, 30.18398], [-90.90965, 30.18575], [-90.90856, 30.18577]]], [[[-90.91573, 30.18575], [-90.91644, 30.18575], [-90.91657, 30.18599], [-90.91554, 30.18619], [-90.91513, 30.18599], [-90.91573, 30.18575]]], [[[-90.91496, 30.18665], [-90.91494, 30.18745], [-90.91321, 30.18664], [-90.91482, 30.18661], [-90.91496, 30.18665]]], [[[-90.91221, 30.18738], [-90.91289, 30.18717], [-90.91358, 30.18764], [-90.91344, 30.18784], [-90.91263, 30.18782], [-90.91221, 30.18738]]], [[[-90.90863, 30.18819], [-90.90854, 30.18861], [-90.90405, 30.18877], [-90.90407, 30.18657], [-90.90493, 30.18642], [-90.90863, 30.18819]]], [[[-90.90507, 30.19645], [-90.90516, 30.1961], [-90.90554, 30.19627], [-90.90546, 30.1966], [-90.90507, 30.19645]]], [[[-90.91456, 30.20188], [-90.91523, 30.20134], [-90.91531, 30.20134], [-90.91537, 30.2018], [-90.91456, 30.20188]]], [[[-90.90709, 30.20397], [-90.90776, 30.20395], [-90.90781, 30.20473], [-90.90702, 30.20471], [-90.90709, 30.20397]]], [[[-90.91371, 30.20388], [-90.91377, 30.20467], [-90.91317, 30.20451], [-90.91263, 30.20484], [-90.91271, 30.20549], [-90.91235, 30.2055], [-90.91233, 30.2039], [-90.91371, 30.20388]]], [[[-90.90085, 30.20507], [-90.90156, 30.20503], [-90.90157, 30.20552], [-90.9009, 30.20559], [-90.90085, 30.20507]]], [[[-90.89701, 30.20565], [-90.89701, 30.20526], [-90.89767, 30.20519], [-90.8977, 30.20558], [-90.89701, 30.20565]]], [[[-90.88323, 30.20926], [-90.88489, 30.21033], [-90.88496, 30.21122], [-90.88452, 30.2112], [-90.88275, 30.20979], [-90.88323, 30.20926]]], [[[-90.88548, 30.21178], [-90.88548, 30.21189], [-90.88522, 30.21165], [-90.88544, 30.21164], [-90.88548, 30.21178]]], [[[-90.9148, 30.21104], [-90.9159, 30.21104], [-90.91593, 30.2135], [-90.91479, 30.2135], [-90.9148, 30.21104]]], [[[-90.88617, 30.2121], [-90.88622, 30.21216], [-90.88619, 30.21244], [-90.88589, 30.21222], [-90.88617, 30.2121]]], [[[-90.89009, 30.21225], [-90.89044, 30.21239], [-90.89038, 30.21318], [-90.88936, 30.21332], [-90.88786, 30.21226], [-90.88808, 30.21205], [-90.89009, 30.21225]]], [[[-90.89046, 30.21652], [-90.89061, 30.21642], [-90.89084, 30.21666], [-90.89046, 30.21659], [-90.89046, 30.21652]]], [[[-90.88481, 30.2163], [-90.88568, 30.21648], [-90.88564, 30.2169], [-90.88523, 30.21688], [-90.88481, 30.2163]]], [[[-90.88964, 30.2175], [-90.88956, 30.2174], [-90.88979, 30.21722], [-90.88984, 30.21732], [-90.88964, 30.2175]]], [[[-90.8847, 30.22258], [-90.8846, 30.22232], [-90.88479, 30.22204], [-90.88501, 30.22233], [-90.88479, 30.22261], [-90.88518, 30.22279], [-90.88483, 30.22287], [-90.8847, 30.22258]]], [[[-90.90598, 30.22479], [-90.90529, 30.22486], [-90.90487, 30.22535], [-90.905, 30.22257], [-90.90593, 30.22275], [-90.90598, 30.22479]]], [[[-90.89547, 30.22415], [-90.89563, 30.22386], [-90.89589, 30.22387], [-90.89571, 30.22425], [-90.89547, 30.22415]]], [[[-90.91538, 30.22539], [-90.91503, 30.22536], [-90.91511, 30.22484], [-90.91546, 30.22488], [-90.91538, 30.22539]]], [[[-90.88459, 30.22539], [-90.8846, 30.22576], [-90.88358, 30.2258], [-90.8841, 30.22555], [-90.88411, 30.22494], [-90.88354, 30.2247], [-90.88355, 30.22442], [-90.88453, 30.22491], [-90.88459, 30.22539]]], [[[-90.88637, 30.22514], [-90.88665, 30.22507], [-90.88661, 30.22571], [-90.88639, 30.22558], [-90.88637, 30.22514]]], [[[-90.89575, 30.22664], [-90.89591, 30.22651], [-90.89633, 30.22695], [-90.89616, 30.22701], [-90.89575, 30.22664]]], [[[-90.90991, 30.22718], [-90.91039, 30.22718], [-90.91039, 30.22762], [-90.90988, 30.22775], [-90.90991, 30.22718]]], [[[-90.89855, 30.22764], [-90.89901, 30.22779], [-90.89879, 30.22822], [-90.89821, 30.22793], [-90.89823, 30.22767], [-90.89855, 30.22764]]], [[[-90.91233, 30.22875], [-90.91233, 30.22808], [-90.91373, 30.22805], [-90.91374, 30.22876], [-90.91233, 30.22875]]], [[[-90.89871, 30.22849], [-90.89921, 30.22872], [-90.89927, 30.22877], [-90.89874, 30.22877], [-90.89871, 30.22849]]], [[[-90.8965, 30.22774], [-90.89704, 30.22882], [-90.897, 30.22961], [-90.89659, 30.22946], [-90.8968, 30.22884], [-90.89656, 30.22876], [-90.8965, 30.22774]]], [[[-90.88386, 30.22947], [-90.88249, 30.22915], [-90.88248, 30.22832], [-90.88357, 30.22832], [-90.88422, 30.22922], [-90.88386, 30.22947]]], [[[-90.91163, 30.23137], [-90.91234, 30.2316], [-90.91235, 30.23281], [-90.91161, 30.23282], [-90.90984, 30.23092], [-90.91065, 30.23029], [-90.91113, 30.23109], [-90.91163, 30.23137]]], [[[-90.91676, 30.23007], [-90.91643, 30.23114], [-90.91491, 30.23213], [-90.91398, 30.2321], [-90.91393, 30.22993], [-90.91647, 30.22967], [-90.91676, 30.23007]]], [[[-90.89328, 30.23108], [-90.8941, 30.23106], [-90.8941, 30.23072], [-90.89567, 30.23081], [-90.89563, 30.23205], [-90.89587, 30.23235], [-90.89622, 30.23236], [-90.8966, 30.23194], [-90.89691, 30.2321], [-90.89703, 30.23279], [-90.8975, 30.23278], [-90.89744, 30.23607], [-90.89525, 30.23519], [-90.89244, 30.23496], [-90.89236, 30.23273], [-90.89332, 30.23271], [-90.89328, 30.23108]]], [[[-90.88376, 30.23891], [-90.88543, 30.23773], [-90.88557, 30.23779], [-90.88554, 30.23907], [-90.88376, 30.23891]]], [[[-90.91211, 30.24188], [-90.91219, 30.24091], [-90.91333, 30.24173], [-90.91432, 30.24189], [-90.91351, 30.24227], [-90.91331, 30.24195], [-90.91211, 30.24188]]], [[[-90.8957, 30.24198], [-90.89593, 30.24207], [-90.89571, 30.24229], [-90.89551, 30.24221], [-90.8957, 30.24198]]], [[[-90.91456, 30.24319], [-90.9147, 30.2431], [-90.91494, 30.2436], [-90.91459, 30.24359], [-90.91456, 30.24319]]], [[[-90.90435, 30.26931], [-90.90428, 30.26216], [-90.92098, 30.26215], [-90.92098, 30.26931], [-90.90999, 30.26938], [-90.91, 30.26586], [-90.90801, 30.26586], [-90.90804, 30.26772], [-90.90615, 30.26774], [-90.90617, 30.26853], [-90.90691, 30.2684], [-90.90718, 30.26941], [-90.90435, 30.26931]]], [[[-90.90448, 30.27261], [-90.90678, 30.2726], [-90.90677, 30.26957], [-90.92106, 30.26949], [-90.92126, 30.28407], [-90.90475, 30.28423], [-90.90448, 30.27261]]], [[[-90.89358, 30.28167], [-90.89403, 30.28166], [-90.89404, 30.28215], [-90.89353, 30.2822], [-90.89358, 30.28167]]], [[[-90.88162, 30.28942], [-90.88166, 30.28827], [-90.88183, 30.28862], [-90.88249, 30.28859], [-90.88252, 30.28811], [-90.88325, 30.28809], [-90.88323, 30.28863], [-90.88381, 30.28864], [-90.88401, 30.28811], [-90.88452, 30.28815], [-90.88373, 30.28914], [-90.88162, 30.28942]]], [[[-90.88122, 30.28978], [-90.88145, 30.28997], [-90.88137, 30.2909], [-90.88049, 30.29089], [-90.88006, 30.29025], [-90.87963, 30.29034], [-90.87937, 30.29077], [-90.87935, 30.29041], [-90.87982, 30.28997], [-90.88122, 30.28978]]], [[[-90.90323, 30.29591], [-90.90334, 30.29543], [-90.90463, 30.2956], [-90.90465, 30.29605], [-90.90323, 30.29591]]], [[[-90.89745, 30.30115], [-90.89738, 30.30188], [-90.89688, 30.30223], [-90.89638, 30.30218], [-90.89631, 30.30269], [-90.89567, 30.30266], [-90.89501, 30.30319], [-90.89468, 30.30299], [-90.89298, 30.30329], [-90.89268, 30.30381], [-90.89218, 30.30359], [-90.89199, 30.30251], [-90.89057, 30.30164], [-90.88918, 30.29937], [-90.88804, 30.29979], [-90.88751, 30.29965], [-90.88717, 30.29886], [-90.88701, 30.29669], [-90.88841, 30.29343], [-90.88966, 30.29327], [-90.88998, 30.29529], [-90.89702, 30.29505], [-90.89726, 30.29851], [-90.89668, 30.29851], [-90.89669, 30.29908], [-90.89866, 30.29908], [-90.89745, 30.30115]]], [[[-90.8942, 30.30452], [-90.89519, 30.30535], [-90.89403, 30.30472], [-90.89315, 30.305], [-90.89285, 30.30413], [-90.89362, 30.30411], [-90.8942, 30.30452]]], [[[-90.87166, 29.98109], [-90.85746, 29.98792], [-90.8536, 29.98261], [-90.8673, 29.97511], [-90.87166, 29.98109]]], [[[-90.85714, 30.00094], [-90.85599, 30.00144], [-90.85767, 30.00492], [-90.85833, 30.0054], [-90.85929, 30.00772], [-90.864, 30.00597], [-90.86561, 30.00731], [-90.85993, 30.0095], [-90.86148, 30.01253], [-90.86579, 30.01083], [-90.86717, 30.01341], [-90.846, 30.02219], [-90.84276, 30.01638], [-90.84462, 30.01563], [-90.84356, 30.0135], [-90.84356, 30.01112], [-90.84293, 30.00994], [-90.84626, 30.00864], [-90.84604, 30.00822], [-90.85051, 30.0068], [-90.84988, 30.00408], [-90.84389, 30.00621], [-90.84263, 30.00375], [-90.84389, 30.0033], [-90.84228, 30.00002], [-90.84822, 29.99783], [-90.84789, 29.99755], [-90.84838, 29.99741], [-90.84869, 29.99766], [-90.84806, 29.9967], [-90.84902, 29.99753], [-90.84843, 29.99667], [-90.84946, 29.99599], [-90.84888, 29.9955], [-90.84922, 29.99531], [-90.85107, 29.9967], [-90.84918, 29.99747], [-90.86567, 29.99134], [-90.86739, 29.99485], [-90.86338, 29.99631], [-90.86431, 29.99814], [-90.85714, 30.00094]]], [[[-90.87147, 30.01641], [-90.87226, 30.01773], [-90.86919, 30.01899], [-90.87005, 30.02054], [-90.84652, 30.03242], [-90.84473, 30.02977], [-90.84391, 30.03013], [-90.84335, 30.02921], [-90.84377, 30.02901], [-90.84322, 30.02791], [-90.84182, 30.0285], [-90.84158, 30.0275], [-90.86483, 30.01734], [-90.8658, 30.01901], [-90.87147, 30.01641]]], [[[-90.87291, 30.04772], [-90.87359, 30.04796], [-90.86909, 30.05662], [-90.86935, 30.05674], [-90.86817, 30.05912], [-90.86679, 30.05892], [-90.87291, 30.04772]]], [[[-90.87893, 30.07027], [-90.87815, 30.07333], [-90.87724, 30.07485], [-90.87126, 30.07403], [-90.87248, 30.06807], [-90.87966, 30.06747], [-90.87898, 30.0692], [-90.87893, 30.07027]]], [[[-90.86319, 30.08723], [-90.86274, 30.08752], [-90.86021, 30.08695], [-90.86044, 30.08612], [-90.85977, 30.08532], [-90.8574, 30.08457], [-90.85875, 30.08128], [-90.85328, 30.08015], [-90.85339, 30.0799], [-90.85182, 30.07956], [-90.85339, 30.07678], [-90.85509, 30.07702], [-90.85763, 30.07216], [-90.86502, 30.07326], [-90.86475, 30.07489], [-90.8652, 30.07498], [-90.86465, 30.07808], [-90.86386, 30.07797], [-90.86333, 30.08018], [-90.86489, 30.08041], [-90.86319, 30.08723]]], [[[-90.86592, 30.08617], [-90.86865, 30.08659], [-90.86815, 30.08901], [-90.86542, 30.08859], [-90.86592, 30.08617]]], [[[-90.87817, 30.09208], [-90.87459, 30.09587], [-90.87317, 30.09481], [-90.8762, 30.09078], [-90.87817, 30.09208]]], [[[-90.86804, 30.09037], [-90.86928, 30.09068], [-90.86845, 30.09292], [-90.86905, 30.09308], [-90.86677, 30.09796], [-90.86559, 30.09774], [-90.86804, 30.09037]]], [[[-90.87632, 30.09882], [-90.88057, 30.09435], [-90.88111, 30.09468], [-90.88256, 30.09355], [-90.88293, 30.09387], [-90.87632, 30.09882]]], [[[-90.87277, 30.09125], [-90.86709, 30.10049], [-90.86762, 30.10068], [-90.8665, 30.10231], [-90.86689, 30.10312], [-90.86659, 30.10318], [-90.86561, 30.10465], [-90.86419, 30.10424], [-90.86936, 30.09321], [-90.87042, 30.0935], [-90.87195, 30.0909], [-90.87277, 30.09125]]], [[[-90.8724, 30.10211], [-90.87659, 30.09891], [-90.87682, 30.09899], [-90.87891, 30.09746], [-90.8792, 30.09764], [-90.88145, 30.09624], [-90.88129, 30.09572], [-90.88181, 30.09546], [-90.88226, 30.09556], [-90.88268, 30.09783], [-90.8724, 30.10211]]], [[[-90.88061, 30.09895], [-90.88152, 30.10114], [-90.87647, 30.10245], [-90.87627, 30.10199], [-90.8703, 30.1038], [-90.87191, 30.10251], [-90.88061, 30.09895]]], [[[-90.87625, 30.09808], [-90.87642, 30.09854], [-90.86767, 30.10545], [-90.86729, 30.10532], [-90.87487, 30.09728], [-90.87625, 30.09808]]], [[[-90.86879, 30.10037], [-90.86977, 30.10097], [-90.86747, 30.1034], [-90.86702, 30.10246], [-90.86879, 30.10037]]], [[[-90.87628, 30.10217], [-90.87649, 30.10263], [-90.86885, 30.10492], [-90.87001, 30.10406], [-90.87628, 30.10217]]], [[[-90.87495, 30.10354], [-90.87318, 30.10589], [-90.8707, 30.10615], [-90.87131, 30.10445], [-90.87495, 30.10354]]], [[[-90.86283, 30.10514], [-90.86001, 30.10995], [-90.85466, 30.1104], [-90.85669, 30.10237], [-90.86294, 30.10431], [-90.86283, 30.10514]]], [[[-90.86819, 30.10609], [-90.86806, 30.10908], [-90.86204, 30.11037], [-90.86179, 30.10969], [-90.86066, 30.10985], [-90.86337, 30.10451], [-90.86819, 30.10609]]], [[[-90.86371, 30.12125], [-90.86395, 30.12219], [-90.85771, 30.12322], [-90.85951, 30.11195], [-90.86069, 30.11006], [-90.86163, 30.10993], [-90.86204, 30.11236], [-90.87127, 30.11045], [-90.86972, 30.11312], [-90.86876, 30.11644], [-90.86904, 30.12151], [-90.86614, 30.12203], [-90.86577, 30.12088], [-90.86371, 30.12125]]], [[[-90.85991, 30.11019], [-90.85898, 30.1119], [-90.85715, 30.12328], [-90.85139, 30.12341], [-90.85128, 30.11093], [-90.85991, 30.11019]]], [[[-90.87129, 30.11873], [-90.87181, 30.12071], [-90.87041, 30.12099], [-90.87023, 30.12026], [-90.86961, 30.12038], [-90.86926, 30.11821], [-90.87017, 30.11841], [-90.87116, 30.11822], [-90.87129, 30.11873]]], [[[-90.88074, 30.12459], [-90.87809, 30.12045], [-90.88214, 30.11971], [-90.88378, 30.12396], [-90.88074, 30.12459]]], [[[-90.87084, 30.12463], [-90.87078, 30.12429], [-90.87027, 30.12426], [-90.86979, 30.12199], [-90.87739, 30.12049], [-90.87752, 30.1208], [-90.87781, 30.12078], [-90.88023, 30.12481], [-90.87829, 30.12525], [-90.87084, 30.12463]]], [[[-90.86969, 30.12477], [-90.87325, 30.14508], [-90.87307, 30.14511], [-90.86492, 30.12799], [-90.86441, 30.12444], [-90.86969, 30.12477]]], [[[-90.87028, 30.12487], [-90.87824, 30.12553], [-90.88114, 30.13097], [-90.88325, 30.12973], [-90.87898, 30.13245], [-90.88035, 30.13474], [-90.88134, 30.13422], [-90.88339, 30.13011], [-90.8838, 30.13066], [-90.8779, 30.144], [-90.8742, 30.14578], [-90.87378, 30.14476], [-90.87028, 30.12487]]], [[[-90.85139, 30.14939], [-90.85125, 30.12464], [-90.86408, 30.1245], [-90.86451, 30.12794], [-90.87148, 30.14242], [-90.86469, 30.14254], [-90.86467, 30.14232], [-90.86694, 30.14229], [-90.86901, 30.14135], [-90.86893, 30.13976], [-90.85602, 30.13971], [-90.85601, 30.14936], [-90.85139, 30.14939]]], [[[-90.85701, 30.14267], [-90.85691, 30.1405], [-90.8639, 30.14055], [-90.8638, 30.14267], [-90.85701, 30.14267]]], [[[-90.87867, 30.14607], [-90.88029, 30.15101], [-90.88207, 30.1503], [-90.88232, 30.15051], [-90.88502, 30.14929], [-90.88503, 30.14989], [-90.88209, 30.15236], [-90.88039, 30.15251], [-90.87563, 30.14771], [-90.87496, 30.14765], [-90.87867, 30.14607]]], [[[-90.8529, 30.14954], [-90.85229, 30.15329], [-90.85137, 30.15306], [-90.85135, 30.1496], [-90.8529, 30.14954]]], [[[-90.87598, 30.15268], [-90.87684, 30.15188], [-90.87764, 30.15282], [-90.87875, 30.15273], [-90.87932, 30.1533], [-90.87873, 30.15372], [-90.87737, 30.15396], [-90.87765, 30.15495], [-90.87827, 30.1552], [-90.87671, 30.15646], [-90.87493, 30.15195], [-90.87598, 30.15268]]], [[[-90.87401, 30.15301], [-90.87485, 30.15331], [-90.87758, 30.15933], [-90.87729, 30.15946], [-90.87378, 30.15947], [-90.87338, 30.15793], [-90.87366, 30.15344], [-90.87343, 30.15312], [-90.87401, 30.15301]]], [[[-90.87102, 30.15538], [-90.8715, 30.15579], [-90.87161, 30.15683], [-90.86919, 30.15694], [-90.86923, 30.15326], [-90.86502, 30.15327], [-90.86492, 30.16057], [-90.87099, 30.16056], [-90.87242, 30.16103], [-90.87376, 30.16101], [-90.87321, 30.1673], [-90.87225, 30.16695], [-90.8704, 30.16698], [-90.8693, 30.16606], [-90.86867, 30.16632], [-90.85259, 30.15333], [-90.85324, 30.14952], [-90.87216, 30.14985], [-90.8723, 30.15108], [-90.87339, 30.15108], [-90.8734, 30.1501], [-90.8739, 30.15013], [-90.87429, 30.15044], [-90.87475, 30.15263], [-90.8716, 30.15263], [-90.87102, 30.15332], [-90.87102, 30.15538]]], [[[-90.86259, 30.16723], [-90.85141, 30.16419], [-90.85142, 30.15353], [-90.85321, 30.1544], [-90.86915, 30.16722], [-90.86259, 30.16723]]], [[[-90.88084, 30.16183], [-90.8816, 30.16298], [-90.88061, 30.16354], [-90.88002, 30.16145], [-90.88053, 30.16137], [-90.88084, 30.16183]]], [[[-90.88063, 30.16634], [-90.88035, 30.1672], [-90.87356, 30.16729], [-90.87364, 30.16548], [-90.87531, 30.166], [-90.87538, 30.16581], [-90.87587, 30.1659], [-90.87613, 30.16331], [-90.87558, 30.16079], [-90.87797, 30.16076], [-90.88063, 30.16634]]], [[[-90.88033, 30.16481], [-90.88147, 30.16473], [-90.88219, 30.16513], [-90.88131, 30.16624], [-90.88033, 30.16481]]], [[[-90.85144, 30.16491], [-90.85964, 30.16715], [-90.85142, 30.16696], [-90.85144, 30.16491]]], [[[-90.86497, 30.16782], [-90.87274, 30.16805], [-90.87183, 30.16973], [-90.86497, 30.16782]]], [[[-90.8695, 30.16998], [-90.86961, 30.17136], [-90.86866, 30.17152], [-90.86832, 30.17104], [-90.86668, 30.17022], [-90.86658, 30.16919], [-90.8695, 30.16998]]], [[[-90.85776, 30.17471], [-90.85454, 30.17466], [-90.85139, 30.17409], [-90.85138, 30.16781], [-90.86168, 30.1677], [-90.86462, 30.16853], [-90.86459, 30.17017], [-90.85776, 30.17471]]], [[[-90.87148, 30.17506], [-90.87185, 30.17531], [-90.87006, 30.17606], [-90.87005, 30.17579], [-90.86975, 30.1758], [-90.86973, 30.17428], [-90.87148, 30.17506]]], [[[-90.87479, 30.17568], [-90.87455, 30.17545], [-90.87484, 30.17528], [-90.87485, 30.17569], [-90.87479, 30.17568]]], [[[-90.87572, 30.17493], [-90.8763, 30.17428], [-90.87561, 30.17378], [-90.87619, 30.17308], [-90.87928, 30.17359], [-90.88216, 30.17465], [-90.88894, 30.17792], [-90.88735, 30.1791], [-90.8742, 30.17927], [-90.87501, 30.17873], [-90.87551, 30.1768], [-90.87604, 30.17601], [-90.87474, 30.1751], [-90.8752, 30.17462], [-90.87572, 30.17493]]], [[[-90.87382, 30.17645], [-90.87383, 30.17726], [-90.87304, 30.17674], [-90.87345, 30.17641], [-90.87382, 30.17645]]], [[[-90.85496, 30.17739], [-90.85398, 30.17763], [-90.85377, 30.17807], [-90.85196, 30.17775], [-90.85195, 30.17497], [-90.85668, 30.17543], [-90.857, 30.17611], [-90.85633, 30.17684], [-90.85569, 30.17688], [-90.85496, 30.17739]]], [[[-90.87465, 30.17767], [-90.87433, 30.1775], [-90.87458, 30.1771], [-90.87483, 30.17729], [-90.87465, 30.17767]]], [[[-90.86711, 30.17769], [-90.86765, 30.17792], [-90.86903, 30.17734], [-90.86896, 30.17685], [-90.86961, 30.17689], [-90.87003, 30.17647], [-90.87119, 30.17605], [-90.87155, 30.17637], [-90.87195, 30.17601], [-90.87223, 30.17647], [-90.86992, 30.17925], [-90.86607, 30.17977], [-90.86632, 30.17922], [-90.86672, 30.17929], [-90.86727, 30.17883], [-90.86736, 30.17854], [-90.86672, 30.17777], [-90.86711, 30.17769]]], [[[-90.87377, 30.17767], [-90.87355, 30.17824], [-90.87397, 30.17856], [-90.87338, 30.17923], [-90.87121, 30.17924], [-90.8728, 30.17687], [-90.87377, 30.17767]]], [[[-90.8691, 30.18005], [-90.86894, 30.1802], [-90.86838, 30.17984], [-90.86929, 30.17977], [-90.8691, 30.18005]]], [[[-90.85701, 30.17983], [-90.85702, 30.18043], [-90.85587, 30.1802], [-90.85532, 30.18134], [-90.85191, 30.18133], [-90.85194, 30.17847], [-90.8599, 30.17977], [-90.85701, 30.17983]]], [[[-90.86846, 30.18065], [-90.86789, 30.18049], [-90.8678, 30.18036], [-90.86802, 30.18026], [-90.86846, 30.18065]]], [[[-90.86506, 30.18062], [-90.86739, 30.18009], [-90.86782, 30.18056], [-90.86855, 30.18097], [-90.86794, 30.18172], [-90.86382, 30.18162], [-90.86409, 30.1806], [-90.86346, 30.18015], [-90.8636, 30.17995], [-90.86506, 30.18062]]], [[[-90.86731, 30.18688], [-90.8651, 30.18695], [-90.86497, 30.18582], [-90.87046, 30.1797], [-90.88714, 30.17951], [-90.88658, 30.1804], [-90.88649, 30.18233], [-90.88212, 30.18235], [-90.8822, 30.18599], [-90.87789, 30.18595], [-90.87797, 30.18816], [-90.87508, 30.18752], [-90.87495, 30.18955], [-90.86752, 30.18953], [-90.86731, 30.18688]]], [[[-90.85502, 30.18748], [-90.8542, 30.18695], [-90.85495, 30.1863], [-90.85574, 30.18704], [-90.85502, 30.18748]]], [[[-90.85814, 30.18894], [-90.85928, 30.18843], [-90.86041, 30.18844], [-90.86041, 30.18947], [-90.85831, 30.18947], [-90.85814, 30.18894]]], [[[-90.87951, 30.21092], [-90.87924, 30.2112], [-90.87902, 30.21107], [-90.87929, 30.21079], [-90.87951, 30.21092]]], [[[-90.87166, 30.21505], [-90.87149, 30.21574], [-90.87081, 30.21643], [-90.86974, 30.21678], [-90.86971, 30.21844], [-90.86058, 30.21843], [-90.86068, 30.2115], [-90.87327, 30.21139], [-90.87383, 30.21246], [-90.8729, 30.21275], [-90.87249, 30.2132], [-90.87251, 30.21384], [-90.87316, 30.21398], [-90.87346, 30.21491], [-90.87166, 30.21505]]], [[[-90.88125, 30.21586], [-90.88063, 30.21572], [-90.88084, 30.21509], [-90.88147, 30.21526], [-90.88125, 30.21586]]], [[[-90.8784, 30.21725], [-90.87912, 30.21729], [-90.87911, 30.21823], [-90.87827, 30.21825], [-90.8784, 30.21725]]], [[[-90.88046, 30.21883], [-90.88052, 30.22171], [-90.87957, 30.22181], [-90.87941, 30.21885], [-90.88046, 30.21883]]], [[[-90.8767, 30.22392], [-90.87726, 30.2241], [-90.8773, 30.22485], [-90.87668, 30.22507], [-90.8767, 30.22392]]], [[[-90.87845, 30.22493], [-90.879, 30.225], [-90.87894, 30.2255], [-90.87852, 30.22585], [-90.87845, 30.22493]]], [[[-90.85645, 30.22609], [-90.8561, 30.22527], [-90.85587, 30.22494], [-90.85647, 30.22492], [-90.85722, 30.22585], [-90.85645, 30.22609]]], [[[-90.85504, 30.22683], [-90.85701, 30.22656], [-90.85709, 30.228], [-90.8545, 30.2283], [-90.85471, 30.22685], [-90.85504, 30.22683]]], [[[-90.88039, 30.22741], [-90.88089, 30.22701], [-90.88114, 30.22723], [-90.88082, 30.22814], [-90.88023, 30.2278], [-90.88039, 30.22741]]], [[[-90.87102, 30.2275], [-90.87104, 30.22842], [-90.86977, 30.22843], [-90.86975, 30.22752], [-90.87102, 30.2275]]], [[[-90.87601, 30.22819], [-90.87626, 30.22787], [-90.87663, 30.22802], [-90.87589, 30.22899], [-90.87601, 30.22819]]], [[[-90.88566, 30.23401], [-90.88605, 30.23406], [-90.88632, 30.23448], [-90.8858, 30.23502], [-90.88571, 30.23574], [-90.88508, 30.23588], [-90.88502, 30.23646], [-90.88309, 30.23782], [-90.87792, 30.23719], [-90.87787, 30.23692], [-90.87723, 30.23662], [-90.87719, 30.23496], [-90.87746, 30.23459], [-90.87714, 30.23408], [-90.87517, 30.23414], [-90.87452, 30.2346], [-90.87382, 30.23462], [-90.87311, 30.23445], [-90.87293, 30.2341], [-90.87283, 30.23405], [-90.87232, 30.23407], [-90.87187, 30.23334], [-90.87155, 30.2337], [-90.87085, 30.23359], [-90.87069, 30.23299], [-90.87107, 30.23239], [-90.87073, 30.23046], [-90.87132, 30.23004], [-90.87259, 30.23028], [-90.87397, 30.22996], [-90.87608, 30.23039], [-90.87661, 30.23099], [-90.87799, 30.23094], [-90.8787, 30.23137], [-90.8822, 30.23127], [-90.88239, 30.23158], [-90.88214, 30.2322], [-90.8816, 30.23253], [-90.88168, 30.2329], [-90.88318, 30.23313], [-90.88365, 30.23376], [-90.88505, 30.23376], [-90.88566, 30.23401]]], [[[-90.87139, 30.23426], [-90.87144, 30.23403], [-90.87206, 30.2337], [-90.87196, 30.23476], [-90.87151, 30.23469], [-90.87139, 30.23426]]], [[[-90.87279, 30.23409], [-90.8729, 30.23441], [-90.87252, 30.2344], [-90.8725, 30.23417], [-90.87279, 30.23409]]], [[[-90.86371, 30.23515], [-90.86336, 30.2337], [-90.86373, 30.23359], [-90.86321, 30.23312], [-90.86434, 30.23323], [-90.86439, 30.23378], [-90.86482, 30.23378], [-90.86483, 30.23412], [-90.86444, 30.2341], [-90.86431, 30.23436], [-90.86482, 30.23463], [-90.86501, 30.23608], [-90.86403, 30.23594], [-90.86371, 30.23515]]], [[[-90.87452, 30.23476], [-90.87457, 30.23506], [-90.87448, 30.23516], [-90.8744, 30.23482], [-90.87452, 30.23476]]], [[[-90.86406, 30.238], [-90.86403, 30.23754], [-90.86348, 30.23718], [-90.86354, 30.23662], [-90.86331, 30.23659], [-90.86284, 30.23789], [-90.86166, 30.23808], [-90.86188, 30.23704], [-90.86279, 30.23688], [-90.86172, 30.23655], [-90.8616, 30.23575], [-90.86104, 30.23576], [-90.86102, 30.23347], [-90.86276, 30.23355], [-90.86369, 30.23617], [-90.86683, 30.23704], [-90.86741, 30.23762], [-90.86726, 30.23869], [-90.8682, 30.23871], [-90.86826, 30.23914], [-90.86545, 30.2392], [-90.86517, 30.2389], [-90.86518, 30.23773], [-90.86466, 30.2381], [-90.86406, 30.238]]], [[[-90.8816, 30.23917], [-90.87978, 30.23921], [-90.87963, 30.23864], [-90.88186, 30.23885], [-90.88249, 30.23913], [-90.8816, 30.23917]]], [[[-90.87212, 30.23909], [-90.87211, 30.23815], [-90.87284, 30.2382], [-90.87341, 30.23858], [-90.87326, 30.23999], [-90.8724, 30.23974], [-90.87243, 30.23928], [-90.87212, 30.23909]]], [[[-90.86573, 30.24163], [-90.86559, 30.2414], [-90.86509, 30.24148], [-90.86512, 30.24126], [-90.8664, 30.24116], [-90.86635, 30.24183], [-90.86573, 30.24163]]], [[[-90.87781, 30.2419], [-90.87748, 30.24285], [-90.87602, 30.24339], [-90.87599, 30.24051], [-90.87667, 30.24049], [-90.87738, 30.24088], [-90.87781, 30.2419]]], [[[-90.86096, 30.24068], [-90.86105, 30.24481], [-90.85958, 30.24484], [-90.85949, 30.24071], [-90.86096, 30.24068]]], [[[-90.86386, 30.2436], [-90.86449, 30.24393], [-90.86442, 30.24435], [-90.86361, 30.24359], [-90.8632, 30.24384], [-90.86335, 30.24423], [-90.86275, 30.24425], [-90.86277, 30.24166], [-90.86316, 30.24166], [-90.86331, 30.2413], [-90.8643, 30.24141], [-90.86425, 30.24167], [-90.86386, 30.24167], [-90.86369, 30.24312], [-90.86431, 30.24339], [-90.86386, 30.2436]]], [[[-90.88077, 30.25857], [-90.87874, 30.25856], [-90.87869, 30.25492], [-90.88077, 30.25489], [-90.88077, 30.25857]]], [[[-90.8707, 30.27396], [-90.87068, 30.27189], [-90.87136, 30.27188], [-90.87135, 30.27116], [-90.87277, 30.27115], [-90.87296, 30.2707], [-90.87326, 30.2707], [-90.87327, 30.27207], [-90.87464, 30.27206], [-90.87468, 30.27391], [-90.8707, 30.27396]]], [[[-90.86167, 30.27756], [-90.86169, 30.27911], [-90.85733, 30.27924], [-90.85731, 30.27748], [-90.86167, 30.27756]]], [[[-90.87807, 30.28306], [-90.87781, 30.28308], [-90.87769, 30.28278], [-90.87815, 30.28238], [-90.87875, 30.2831], [-90.87807, 30.28306]]], [[[-90.85526, 30.28517], [-90.85527, 30.28546], [-90.85493, 30.28547], [-90.85493, 30.28517], [-90.85526, 30.28517]]], [[[-90.87511, 30.29323], [-90.8751, 30.29224], [-90.87569, 30.29224], [-90.8757, 30.29322], [-90.87511, 30.29323]]], [[[-90.82225, 29.95652], [-90.8225, 29.95652], [-90.82251, 29.95684], [-90.82227, 29.95684], [-90.82225, 29.95652]]], [[[-90.81896, 29.95809], [-90.81914, 29.95823], [-90.81867, 29.95833], [-90.8185, 29.95778], [-90.81888, 29.95766], [-90.81896, 29.95809]]], [[[-90.82844, 29.96143], [-90.83462, 29.96197], [-90.8368, 29.95981], [-90.84089, 29.9624], [-90.85389, 29.9664], [-90.8532, 29.96717], [-90.83674, 29.96315], [-90.83543, 29.96311], [-90.82844, 29.96143]]], [[[-90.8232, 29.97494], [-90.82285, 29.97492], [-90.82291, 29.97404], [-90.82344, 29.97399], [-90.82347, 29.97497], [-90.8232, 29.97494]]], [[[-90.82285, 29.97516], [-90.82349, 29.97512], [-90.82347, 29.97551], [-90.82282, 29.97548], [-90.82285, 29.97516]]], [[[-90.82503, 29.9763], [-90.82498, 29.97646], [-90.82448, 29.97635], [-90.82453, 29.97626], [-90.82503, 29.9763]]], [[[-90.82002, 29.97756], [-90.81811, 29.97759], [-90.81627, 29.97814], [-90.81583, 29.97794], [-90.81712, 29.97666], [-90.81978, 29.97635], [-90.82279, 29.97736], [-90.82323, 29.97802], [-90.82271, 29.97817], [-90.82106, 29.97741], [-90.82002, 29.97756]]], [[[-90.84486, 29.99165], [-90.84227, 29.99276], [-90.83908, 29.99043], [-90.84149, 29.98913], [-90.84486, 29.99165]]], [[[-90.8483, 29.99434], [-90.84803, 29.99452], [-90.84697, 29.99376], [-90.84727, 29.99353], [-90.8483, 29.99434]]], [[[-90.83821, 29.99512], [-90.83831, 29.99525], [-90.83814, 29.99535], [-90.83803, 29.99518], [-90.83821, 29.99512]]], [[[-90.84791, 29.99606], [-90.84774, 29.9958], [-90.84757, 29.99551], [-90.84786, 29.99545], [-90.8482, 29.99593], [-90.84791, 29.99606]]], [[[-90.84773, 29.99629], [-90.84809, 29.99612], [-90.84831, 29.99632], [-90.84827, 29.99602], [-90.84873, 29.9956], [-90.84903, 29.99596], [-90.84847, 29.99643], [-90.84791, 29.99656], [-90.84773, 29.99629]]], [[[-90.84712, 29.99611], [-90.84743, 29.99555], [-90.84773, 29.99666], [-90.84758, 29.99673], [-90.84712, 29.99611]]], [[[-90.84729, 29.99684], [-90.84692, 29.99628], [-90.84707, 29.99619], [-90.84745, 29.99675], [-90.84729, 29.99684]]], [[[-90.84778, 29.99746], [-90.8474, 29.99697], [-90.84786, 29.99728], [-90.84788, 29.99676], [-90.84826, 29.99728], [-90.84778, 29.99746]]], [[[-90.84047, 30.00368], [-90.84049, 30.00402], [-90.8403, 30.00404], [-90.84018, 30.00366], [-90.84047, 30.00368]]], [[[-90.84002, 30.01698], [-90.83973, 30.0171], [-90.83969, 30.01621], [-90.84143, 30.0156], [-90.84177, 30.01661], [-90.84016, 30.01718], [-90.84002, 30.01698]]], [[[-90.85245, 30.02069], [-90.85174, 30.02098], [-90.85159, 30.02067], [-90.85229, 30.02038], [-90.85245, 30.02069]]], [[[-90.85222, 30.03334], [-90.85423, 30.03565], [-90.84957, 30.0387], [-90.84747, 30.03631], [-90.85222, 30.03334]]], [[[-90.82894, 30.04267], [-90.82847, 30.04303], [-90.82834, 30.0436], [-90.82639, 30.03735], [-90.83224, 30.03601], [-90.83349, 30.04154], [-90.82894, 30.04267]]], [[[-90.84794, 30.04835], [-90.84643, 30.0437], [-90.8513, 30.04035], [-90.85178, 30.04087], [-90.85356, 30.03965], [-90.85419, 30.04034], [-90.84966, 30.04345], [-90.84991, 30.04371], [-90.84872, 30.04453], [-90.84986, 30.04587], [-90.84821, 30.04692], [-90.84891, 30.04774], [-90.84794, 30.04835]]], [[[-90.83401, 30.04268], [-90.83766, 30.05192], [-90.83298, 30.05407], [-90.83016, 30.04996], [-90.82838, 30.04412], [-90.83401, 30.04268]]], [[[-90.83016, 30.05542], [-90.83294, 30.05429], [-90.83698, 30.06147], [-90.83043, 30.06427], [-90.82987, 30.06328], [-90.82995, 30.06284], [-90.82757, 30.05845], [-90.82781, 30.05802], [-90.82867, 30.05758], [-90.828, 30.05648], [-90.83016, 30.05542]]], [[[-90.82166, 30.06592], [-90.82588, 30.07143], [-90.82237, 30.07387], [-90.82243, 30.07331], [-90.8221, 30.07274], [-90.82144, 30.07256], [-90.82079, 30.07275], [-90.81854, 30.07265], [-90.81164, 30.06402], [-90.81704, 30.0617], [-90.82232, 30.06542], [-90.82166, 30.06592]]], [[[-90.81108, 30.06423], [-90.82016, 30.07548], [-90.8182, 30.07674], [-90.80709, 30.06573], [-90.81042, 30.06422], [-90.81066, 30.06445], [-90.81108, 30.06423]]], [[[-90.8405, 30.0717], [-90.84121, 30.07239], [-90.83728, 30.0757], [-90.83558, 30.0745], [-90.84014, 30.07096], [-90.8405, 30.0717]]], [[[-90.81398, 30.07982], [-90.80659, 30.08495], [-90.80876, 30.08748], [-90.80911, 30.0877], [-90.80668, 30.08498], [-90.81806, 30.0771], [-90.81916, 30.07824], [-90.81845, 30.07868], [-90.81867, 30.07892], [-90.81933, 30.07933], [-90.81989, 30.07892], [-90.82686, 30.08577], [-90.82443, 30.08777], [-90.82514, 30.08827], [-90.82561, 30.0891], [-90.8281, 30.08697], [-90.85081, 30.10985], [-90.85085, 30.11072], [-90.83922, 30.10689], [-90.82526, 30.10036], [-90.82019, 30.09588], [-90.80926, 30.08781], [-90.80884, 30.08798], [-90.82513, 30.10048], [-90.83922, 30.10714], [-90.85081, 30.11091], [-90.85104, 30.16411], [-90.81863, 30.1553], [-90.80854, 30.15358], [-90.8042, 30.15166], [-90.79433, 30.14402], [-90.79509, 30.14242], [-90.78901, 30.13778], [-90.78464, 30.13778], [-90.80005, 30.14955], [-90.80057, 30.15055], [-90.80067, 30.15225], [-90.8003, 30.1531], [-90.80214, 30.15402], [-90.80556, 30.15419], [-90.80683, 30.1547], [-90.81658, 30.16222], [-90.8155, 30.16353], [-90.81219, 30.1656], [-90.80936, 30.16646], [-90.80898, 30.16567], [-90.8064, 30.16676], [-90.80305, 30.1675], [-90.80273, 30.16379], [-90.79662, 30.16374], [-90.79648, 30.16578], [-90.79985, 30.16579], [-90.79966, 30.16821], [-90.80058, 30.16754], [-90.80238, 30.1676], [-90.80088, 30.16806], [-90.8009, 30.16946], [-90.80349, 30.16912], [-90.80376, 30.16957], [-90.80466, 30.16963], [-90.80488, 30.16927], [-90.80673, 30.16933], [-90.80776, 30.16968], [-90.81445, 30.17429], [-90.81643, 30.17611], [-90.81813, 30.17578], [-90.81887, 30.18476], [-90.82284, 30.18473], [-90.82292, 30.1867], [-90.82363, 30.18906], [-90.82153, 30.1895], [-90.80497, 30.18948], [-90.80247, 30.18992], [-90.79924, 30.18922], [-90.78761, 30.1891], [-90.78758, 30.1887], [-90.78641, 30.18867], [-90.78825, 30.17802], [-90.78809, 30.17506], [-90.78782, 30.17516], [-90.78787, 30.17857], [-90.78607, 30.18873], [-90.7857, 30.18904], [-90.75, 30.18888], [-90.75, 30.18928], [-90.78294, 30.18946], [-90.78426, 30.18972], [-90.78363, 30.18996], [-90.7842, 30.19074], [-90.7852, 30.19086], [-90.78526, 30.19118], [-90.78629, 30.19122], [-90.78651, 30.1934], [-90.78637, 30.20874], [-90.78861, 30.21352], [-90.79084, 30.22089], [-90.79196, 30.22338], [-90.79163, 30.22401], [-90.79215, 30.22513], [-90.79295, 30.22516], [-90.79301, 30.2261], [-90.79263, 30.22642], [-90.78736, 30.22651], [-90.78733, 30.22741], [-90.78581, 30.22921], [-90.78574, 30.23002], [-90.79283, 30.23001], [-90.79538, 30.2294], [-90.79644, 30.23013], [-90.79595, 30.2307], [-90.79591, 30.23141], [-90.79654, 30.23233], [-90.79293, 30.23231], [-90.79289, 30.23709], [-90.7916, 30.23627], [-90.7895, 30.23689], [-90.78955, 30.23824], [-90.78989, 30.23833], [-90.79025, 30.23807], [-90.79011, 30.23908], [-90.79053, 30.23957], [-90.7904, 30.23982], [-90.7912, 30.2401], [-90.79104, 30.2407], [-90.79282, 30.24068], [-90.7928, 30.24122], [-90.79078, 30.24128], [-90.79058, 30.24334], [-90.78958, 30.24326], [-90.78963, 30.24381], [-90.79085, 30.244], [-90.79229, 30.24384], [-90.79052, 30.24675], [-90.7883, 30.2481], [-90.78508, 30.24919], [-90.78494, 30.24595], [-90.78445, 30.24598], [-90.78488, 30.24715], [-90.78039, 30.24791], [-90.78039, 30.24868], [-90.7799, 30.24835], [-90.77987, 30.24911], [-90.77898, 30.24895], [-90.779, 30.24845], [-90.77808, 30.24835], [-90.778, 30.24876], [-90.77751, 30.24868], [-90.7711, 30.24343], [-90.75436, 30.22675], [-90.73959, 30.20872], [-90.72693, 30.18952], [-90.7165, 30.16933], [-90.70841, 30.14835], [-90.70272, 30.12678], [-90.69949, 30.10483], [-90.69876, 30.08271], [-90.69922, 30.07691], [-90.70383, 30.07814], [-90.70649, 30.08196], [-90.70806, 30.0827], [-90.7112, 30.08033], [-90.70567, 30.0762], [-90.70515, 30.07552], [-90.70552, 30.07424], [-90.70731, 30.07557], [-90.70792, 30.07509], [-90.71135, 30.07759], [-90.71202, 30.07697], [-90.71528, 30.0662], [-90.73424, 30.05358], [-90.74807, 30.07487], [-90.74844, 30.07487], [-90.73442, 30.05345], [-90.73508, 30.05296], [-90.73454, 30.05214], [-90.73623, 30.05169], [-90.73637, 30.05191], [-90.73767, 30.05106], [-90.7375, 30.05086], [-90.73856, 30.05039], [-90.73821, 30.04966], [-90.73929, 30.04923], [-90.73906, 30.04868], [-90.73933, 30.04857], [-90.74007, 30.0495], [-90.74101, 30.04886], [-90.73975, 30.04616], [-90.74119, 30.04596], [-90.74353, 30.05207], [-90.74548, 30.05158], [-90.74658, 30.05417], [-90.74713, 30.05435], [-90.74704, 30.05546], [-90.74792, 30.05556], [-90.74733, 30.05917], [-90.74754, 30.05921], [-90.74936, 30.05359], [-90.75064, 30.0538], [-90.74991, 30.05564], [-90.75043, 30.05579], [-90.75044, 30.05621], [-90.74885, 30.0561], [-90.74859, 30.05695], [-90.75002, 30.05716], [-90.74993, 30.06008], [-90.75284, 30.06006], [-90.75282, 30.06024], [-90.74989, 30.06029], [-90.75021, 30.06382], [-90.75243, 30.06385], [-90.7523, 30.0643], [-90.7501, 30.06435], [-90.75007, 30.0692], [-90.75112, 30.06928], [-90.75169, 30.06795], [-90.75271, 30.06752], [-90.75373, 30.06631], [-90.75381, 30.06505], [-90.75415, 30.06438], [-90.75258, 30.06434], [-90.75272, 30.06389], [-90.75381, 30.06392], [-90.75496, 30.06341], [-90.75496, 30.06294], [-90.75613, 30.06296], [-90.75729, 30.06165], [-90.75865, 30.06165], [-90.75859, 30.06123], [-90.75727, 30.06121], [-90.75719, 30.06075], [-90.75646, 30.0607], [-90.75642, 30.06026], [-90.7562, 30.06024], [-90.75622, 30.05966], [-90.75841, 30.05963], [-90.7583, 30.05615], [-90.75744, 30.05602], [-90.75746, 30.05562], [-90.75831, 30.05578], [-90.75846, 30.0552], [-90.75795, 30.0551], [-90.75793, 30.0547], [-90.75836, 30.05381], [-90.75981, 30.05397], [-90.76065, 30.04635], [-90.75874, 30.04607], [-90.7591, 30.04398], [-90.76371, 30.04451], [-90.76413, 30.04204], [-90.76505, 30.04213], [-90.76475, 30.04447], [-90.76758, 30.04482], [-90.76792, 30.04239], [-90.7684, 30.04244], [-90.76809, 30.04484], [-90.7695, 30.04498], [-90.76986, 30.0426], [-90.77027, 30.04264], [-90.7692, 30.04981], [-90.76927, 30.05055], [-90.77088, 30.05108], [-90.77222, 30.04287], [-90.77262, 30.04291], [-90.77213, 30.04596], [-90.77253, 30.04599], [-90.77297, 30.04296], [-90.77409, 30.04314], [-90.7737, 30.0455], [-90.77441, 30.04556], [-90.77396, 30.04885], [-90.77535, 30.04855], [-90.77619, 30.04326], [-90.78138, 30.04381], [-90.78098, 30.04789], [-90.7839, 30.0488], [-90.78352, 30.05387], [-90.78515, 30.05314], [-90.78586, 30.05122], [-90.78772, 30.05084], [-90.78761, 30.05313], [-90.78262, 30.05544], [-90.78186, 30.05521], [-90.76596, 30.05757], [-90.75978, 30.06627], [-90.76015, 30.06626], [-90.76617, 30.05782], [-90.78189, 30.05559], [-90.78853, 30.05738], [-90.78908, 30.05784], [-90.79377, 30.0656], [-90.79449, 30.06555], [-90.79952, 30.07405], [-90.7998, 30.07405], [-90.79702, 30.06947], [-90.80633, 30.06534], [-90.81797, 30.07693], [-90.81398, 30.07982]], [[-90.75786, 30.06947], [-90.75838, 30.06875], [-90.75839, 30.0682], [-90.75357, 30.07488], [-90.75398, 30.07488], [-90.75786, 30.06947]], [[-90.84284, 30.12378], [-90.8334, 30.12382], [-90.8334, 30.12382], [-90.84284, 30.12379], [-90.84284, 30.12378]], [[-90.782, 30.16658], [-90.78154, 30.16667], [-90.78154, 30.16738], [-90.782, 30.16781], [-90.78314, 30.16783], [-90.78314, 30.16627], [-90.78205, 30.16623], [-90.782, 30.16658]]], [[[-90.82033, 30.07579], [-90.82124, 30.0768], [-90.81954, 30.07799], [-90.81837, 30.0769], [-90.82033, 30.07579]]], [[[-90.83463, 30.07798], [-90.82962, 30.08231], [-90.82889, 30.08174], [-90.83349, 30.07797], [-90.83091, 30.07593], [-90.83141, 30.07558], [-90.83298, 30.07664], [-90.83548, 30.0746], [-90.83707, 30.07582], [-90.83463, 30.07798]]], [[[-90.82414, 30.08046], [-90.82792, 30.08376], [-90.82652, 30.08496], [-90.81976, 30.0783], [-90.82139, 30.07707], [-90.82414, 30.08046]]], [[[-90.83293, 30.08746], [-90.83764, 30.08258], [-90.8421, 30.08428], [-90.84394, 30.0823], [-90.8463, 30.08367], [-90.84519, 30.08555], [-90.84475, 30.08529], [-90.84315, 30.08746], [-90.84205, 30.08708], [-90.84033, 30.08963], [-90.84134, 30.09009], [-90.83977, 30.09282], [-90.84108, 30.0934], [-90.8424, 30.09362], [-90.8416, 30.09482], [-90.83293, 30.08746]]], [[[-90.84716, 30.09199], [-90.84595, 30.09431], [-90.84247, 30.09349], [-90.8437, 30.0912], [-90.84716, 30.09199]]], [[[-90.84432, 30.0975], [-90.84243, 30.10096], [-90.8322, 30.09076], [-90.83395, 30.08892], [-90.84432, 30.0975]]], [[[-90.8544, 30.11043], [-90.85124, 30.11068], [-90.85123, 30.10982], [-90.84256, 30.10118], [-90.84328, 30.09982], [-90.84679, 30.10066], [-90.84588, 30.10308], [-90.85571, 30.10521], [-90.8544, 30.11043]]], [[[-90.80912, 30.15513], [-90.80979, 30.15451], [-90.81931, 30.15612], [-90.82433, 30.15768], [-90.82456, 30.15822], [-90.82377, 30.16023], [-90.81921, 30.16021], [-90.81874, 30.15991], [-90.81738, 30.16154], [-90.80912, 30.15513]]], [[[-90.83106, 30.16291], [-90.82861, 30.16299], [-90.82676, 30.16248], [-90.82593, 30.15946], [-90.826, 30.15868], [-90.82504, 30.15791], [-90.82504, 30.15763], [-90.84995, 30.16453], [-90.84928, 30.16694], [-90.83406, 30.16586], [-90.8337, 30.16506], [-90.83199, 30.1633], [-90.83106, 30.16291]]], [[[-90.82619, 30.16143], [-90.82621, 30.16224], [-90.82665, 30.16281], [-90.82861, 30.16329], [-90.83135, 30.16328], [-90.83334, 30.16521], [-90.83358, 30.16584], [-90.82452, 30.16522], [-90.82252, 30.16363], [-90.82378, 30.16078], [-90.82423, 30.16092], [-90.8245, 30.16035], [-90.82424, 30.16024], [-90.82498, 30.15856], [-90.82557, 30.15873], [-90.82553, 30.15953], [-90.82619, 30.16143]]], [[[-90.81892, 30.16053], [-90.82364, 30.16051], [-90.82174, 30.16505], [-90.81763, 30.16173], [-90.81892, 30.16053]]], [[[-90.82234, 30.16389], [-90.82402, 30.16517], [-90.82184, 30.16505], [-90.82234, 30.16389]]], [[[-90.85102, 30.16481], [-90.85094, 30.16698], [-90.84957, 30.16693], [-90.85028, 30.16459], [-90.85102, 30.16481]]], [[[-90.83472, 30.16643], [-90.84918, 30.16737], [-90.84789, 30.17273], [-90.83472, 30.16643]]], [[[-90.84955, 30.17349], [-90.84824, 30.17291], [-90.84941, 30.16746], [-90.85088, 30.1675], [-90.85098, 30.17397], [-90.84955, 30.17349]]], [[[-90.82481, 30.16576], [-90.83784, 30.17571], [-90.83598, 30.17577], [-90.82242, 30.16561], [-90.82481, 30.16576]]], [[[-90.8379, 30.1755], [-90.82535, 30.16584], [-90.83347, 30.16641], [-90.84784, 30.17319], [-90.84686, 30.17689], [-90.83952, 30.17572], [-90.8392, 30.17548], [-90.8379, 30.1755]]], [[[-90.85095, 30.17451], [-90.85097, 30.17763], [-90.84716, 30.17695], [-90.84815, 30.17329], [-90.85095, 30.17451]]], [[[-90.84607, 30.18018], [-90.8452, 30.18105], [-90.83884, 30.1762], [-90.84677, 30.17739], [-90.84607, 30.18018]]], [[[-90.84507, 30.18121], [-90.84424, 30.18213], [-90.83646, 30.17616], [-90.83845, 30.17616], [-90.84507, 30.18121]]], [[[-90.84708, 30.17746], [-90.85091, 30.17818], [-90.85091, 30.18479], [-90.85006, 30.1848], [-90.84552, 30.18129], [-90.84629, 30.18032], [-90.84708, 30.17746]]], [[[-90.83392, 30.18907], [-90.83386, 30.18213], [-90.83406, 30.18195], [-90.84189, 30.18216], [-90.84231, 30.18186], [-90.84359, 30.18295], [-90.84281, 30.18385], [-90.84156, 30.18914], [-90.83392, 30.18907]]], [[[-90.84382, 30.18316], [-90.84836, 30.18646], [-90.84805, 30.18706], [-90.8466, 30.18661], [-90.84632, 30.18727], [-90.84731, 30.18858], [-90.84654, 30.1911], [-90.84352, 30.19022], [-90.84181, 30.18914], [-90.84307, 30.18405], [-90.84382, 30.18316]]], [[[-90.82321, 30.19435], [-90.82244, 30.19536], [-90.82266, 30.19657], [-90.82165, 30.1968], [-90.82242, 30.19646], [-90.82203, 30.19574], [-90.82099, 30.19591], [-90.82099, 30.19573], [-90.82185, 30.19566], [-90.82226, 30.19471], [-90.82178, 30.19359], [-90.82191, 30.193], [-90.82107, 30.19295], [-90.82038, 30.19326], [-90.81988, 30.19482], [-90.82011, 30.19591], [-90.82082, 30.19597], [-90.82031, 30.19604], [-90.81994, 30.19669], [-90.82028, 30.19704], [-90.81952, 30.19719], [-90.81984, 30.19632], [-90.81976, 30.1958], [-90.8194, 30.19561], [-90.8193, 30.19261], [-90.81895, 30.19012], [-90.81889, 30.19043], [-90.81807, 30.19082], [-90.81833, 30.1914], [-90.81888, 30.19132], [-90.81924, 30.19559], [-90.81897, 30.19571], [-90.81861, 30.19467], [-90.8174, 30.19523], [-90.81719, 30.19568], [-90.81616, 30.19476], [-90.81702, 30.19582], [-90.8171, 30.19687], [-90.81661, 30.19687], [-90.81677, 30.19736], [-90.81701, 30.19729], [-90.81698, 30.19789], [-90.81664, 30.1982], [-90.8163, 30.1973], [-90.81576, 30.19725], [-90.81617, 30.19712], [-90.8158, 30.19709], [-90.81436, 30.1954], [-90.81344, 30.19502], [-90.81288, 30.19524], [-90.81286, 30.19482], [-90.81253, 30.19499], [-90.81247, 30.19471], [-90.81291, 30.19432], [-90.81281, 30.19372], [-90.8122, 30.19373], [-90.81137, 30.19433], [-90.81004, 30.19279], [-90.80938, 30.19316], [-90.80803, 30.1925], [-90.80743, 30.19174], [-90.80889, 30.18999], [-90.81354, 30.19015], [-90.81353, 30.18997], [-90.82198, 30.18983], [-90.82268, 30.19092], [-90.82273, 30.19264], [-90.82321, 30.19435]]], [[[-90.80613, 30.19189], [-90.8072, 30.19196], [-90.80744, 30.19252], [-90.80967, 30.19363], [-90.80977, 30.19397], [-90.8092, 30.19458], [-90.80954, 30.19535], [-90.81161, 30.19595], [-90.81274, 30.19726], [-90.81442, 30.19846], [-90.8157, 30.20028], [-90.81569, 30.20281], [-90.8153, 30.20221], [-90.81543, 30.20023], [-90.81425, 30.19852], [-90.81327, 30.19768], [-90.81136, 30.19643], [-90.81048, 30.19635], [-90.80978, 30.19646], [-90.80911, 30.1967], [-90.81047, 30.19646], [-90.81147, 30.19658], [-90.81229, 30.19737], [-90.81326, 30.1978], [-90.81328, 30.19799], [-90.81233, 30.19827], [-90.81321, 30.19811], [-90.81395, 30.19843], [-90.81505, 30.19986], [-90.81236, 30.20056], [-90.8103, 30.19824], [-90.81069, 30.19803], [-90.81067, 30.19769], [-90.81025, 30.19749], [-90.80952, 30.19775], [-90.80833, 30.19705], [-90.8089, 30.1967], [-90.80818, 30.19695], [-90.80771, 30.1967], [-90.80715, 30.19627], [-90.80724, 30.19576], [-90.80663, 30.19543], [-90.80604, 30.19619], [-90.80701, 30.19673], [-90.80699, 30.19639], [-90.80618, 30.19614], [-90.8067, 30.1957], [-90.80711, 30.19589], [-90.80715, 30.19641], [-90.80812, 30.19704], [-90.80622, 30.19736], [-90.80511, 30.1971], [-90.80456, 30.19712], [-90.80598, 30.19743], [-90.80832, 30.19717], [-90.81018, 30.19838], [-90.80897, 30.19937], [-90.80819, 30.19913], [-90.80876, 30.19943], [-90.80847, 30.19967], [-90.80917, 30.19978], [-90.80887, 30.20016], [-90.809, 30.20135], [-90.80909, 30.20157], [-90.80952, 30.20155], [-90.80987, 30.2019], [-90.80986, 30.20156], [-90.81076, 30.20226], [-90.8114, 30.20223], [-90.81149, 30.20353], [-90.81039, 30.20357], [-90.80943, 30.2031], [-90.80906, 30.20215], [-90.8092, 30.20313], [-90.80873, 30.2037], [-90.80473, 30.20389], [-90.8039, 30.2036], [-90.8038, 30.20317], [-90.80341, 30.20259], [-90.80383, 30.20358], [-90.80282, 30.20348], [-90.80409, 30.19546], [-90.80443, 30.1901], [-90.80476, 30.19003], [-90.8056, 30.19069], [-90.80581, 30.19166], [-90.80613, 30.19189]]], [[[-90.80962, 30.20032], [-90.80942, 30.19954], [-90.81038, 30.20022], [-90.80934, 30.1994], [-90.81029, 30.19845], [-90.81301, 30.2015], [-90.81211, 30.20221], [-90.81179, 30.20176], [-90.81085, 30.20217], [-90.81003, 30.20155], [-90.8091, 30.2015], [-90.80892, 30.20033], [-90.8092, 30.19983], [-90.80962, 30.20032]]], [[[-90.81527, 30.20179], [-90.81527, 30.20221], [-90.81534, 30.20247], [-90.81461, 30.20287], [-90.81339, 30.20155], [-90.81471, 30.2007], [-90.81323, 30.20142], [-90.81245, 30.20064], [-90.81513, 30.20002], [-90.81537, 30.20067], [-90.81527, 30.20179]]], [[[-90.81224, 30.20316], [-90.81241, 30.2035], [-90.8116, 30.20354], [-90.81155, 30.2021], [-90.81175, 30.20194], [-90.81203, 30.20228], [-90.81311, 30.20159], [-90.81444, 30.20293], [-90.81447, 30.20344], [-90.81278, 30.2035], [-90.81224, 30.20316]]], [[[-90.80578, 30.22626], [-90.80501, 30.22863], [-90.80495, 30.23092], [-90.80345, 30.23042], [-90.80326, 30.22573], [-90.80485, 30.22569], [-90.80493, 30.22619], [-90.80578, 30.22626]]], [[[-90.83628, 30.23291], [-90.83696, 30.23265], [-90.83671, 30.23405], [-90.83578, 30.23379], [-90.83591, 30.23411], [-90.83539, 30.2347], [-90.83511, 30.23576], [-90.83424, 30.23583], [-90.8339, 30.23661], [-90.83332, 30.23676], [-90.83314, 30.2372], [-90.83207, 30.23721], [-90.83304, 30.23344], [-90.83506, 30.23345], [-90.83504, 30.23159], [-90.83631, 30.23151], [-90.83565, 30.23219], [-90.8359, 30.23279], [-90.83628, 30.23291]]], [[[-90.82296, 30.23355], [-90.82613, 30.23479], [-90.82655, 30.23595], [-90.82666, 30.23841], [-90.82746, 30.23987], [-90.82859, 30.2405], [-90.82787, 30.24103], [-90.82883, 30.24143], [-90.82915, 30.24263], [-90.82874, 30.24268], [-90.82829, 30.24161], [-90.82746, 30.24158], [-90.82682, 30.24093], [-90.82672, 30.24197], [-90.826, 30.24199], [-90.82558, 30.24229], [-90.82589, 30.24293], [-90.82651, 30.24287], [-90.82664, 30.24316], [-90.826, 30.24312], [-90.82521, 30.24261], [-90.82469, 30.24279], [-90.82471, 30.24433], [-90.8252, 30.24453], [-90.82456, 30.24462], [-90.82407, 30.24598], [-90.82374, 30.2458], [-90.82384, 30.24415], [-90.82318, 30.24328], [-90.82235, 30.24313], [-90.82196, 30.24437], [-90.82129, 30.24439], [-90.82123, 30.24406], [-90.82089, 30.24398], [-90.82048, 30.24459], [-90.82111, 30.2446], [-90.8211, 30.24476], [-90.82062, 30.24473], [-90.82061, 30.24518], [-90.82018, 30.24519], [-90.82009, 30.24491], [-90.81957, 30.24501], [-90.8197, 30.24533], [-90.82055, 30.24533], [-90.82079, 30.24556], [-90.81889, 30.24561], [-90.81743, 30.24624], [-90.81772, 30.24671], [-90.81921, 30.24686], [-90.81864, 30.24746], [-90.8187, 30.24809], [-90.81904, 30.24864], [-90.81899, 30.24957], [-90.8197, 30.24958], [-90.81975, 30.24987], [-90.81889, 30.2503], [-90.81831, 30.25028], [-90.81849, 30.2513], [-90.81719, 30.2507], [-90.8155, 30.25184], [-90.81459, 30.25181], [-90.81447, 30.2491], [-90.81506, 30.2484], [-90.81577, 30.24849], [-90.81574, 30.24766], [-90.81469, 30.24821], [-90.81427, 30.24925], [-90.81376, 30.24953], [-90.81332, 30.24935], [-90.81268, 30.24828], [-90.81145, 30.24833], [-90.81139, 30.25038], [-90.81222, 30.2506], [-90.81205, 30.25088], [-90.81139, 30.25098], [-90.81155, 30.25181], [-90.81016, 30.25185], [-90.81012, 30.25046], [-90.80938, 30.24945], [-90.80856, 30.24924], [-90.80781, 30.24949], [-90.80828, 30.25057], [-90.80797, 30.25121], [-90.8073, 30.25105], [-90.80708, 30.25016], [-90.8065, 30.24966], [-90.80604, 30.25029], [-90.8063, 30.25092], [-90.80542, 30.25106], [-90.8049, 30.25003], [-90.80514, 30.24894], [-90.80488, 30.24868], [-90.80419, 30.24877], [-90.80344, 30.23095], [-90.81041, 30.23373], [-90.82296, 30.23355]]], [[[-90.8382, 30.24254], [-90.83821, 30.24078], [-90.83918, 30.24078], [-90.83918, 30.24406], [-90.83652, 30.24408], [-90.83652, 30.24252], [-90.8382, 30.24254]]], [[[-90.79708, 29.91207], [-90.79798, 29.91357], [-90.79765, 29.91411], [-90.79559, 29.91438], [-90.79526, 29.91422], [-90.79261, 29.91496], [-90.79081, 29.91506], [-90.79663, 29.91064], [-90.79708, 29.91207]]], [[[-90.78971, 29.91592], [-90.78988, 29.91935], [-90.78945, 29.92107], [-90.78731, 29.92149], [-90.78567, 29.92234], [-90.78254, 29.92312], [-90.78171, 29.92387], [-90.78072, 29.92579], [-90.77825, 29.92797], [-90.77758, 29.92955], [-90.77582, 29.93069], [-90.77438, 29.93115], [-90.77238, 29.93081], [-90.77084, 29.93145], [-90.77824, 29.92461], [-90.78971, 29.91592]]], [[[-90.79839, 29.91404], [-90.7981, 29.91409], [-90.79812, 29.91333], [-90.79838, 29.91352], [-90.79839, 29.91404]]], [[[-90.77072, 29.93167], [-90.77146, 29.93173], [-90.77181, 29.93134], [-90.77291, 29.93115], [-90.77463, 29.93141], [-90.77643, 29.93086], [-90.77627, 29.93066], [-90.77779, 29.92965], [-90.77879, 29.92783], [-90.78103, 29.92582], [-90.78242, 29.92342], [-90.78358, 29.92291], [-90.78588, 29.92245], [-90.78743, 29.92173], [-90.78875, 29.92161], [-90.78981, 29.92096], [-90.79022, 29.91919], [-90.79166, 29.91941], [-90.79009, 29.91894], [-90.79027, 29.91735], [-90.78991, 29.91636], [-90.79039, 29.9156], [-90.79083, 29.91532], [-90.7956, 29.91453], [-90.797, 29.91445], [-90.79769, 29.9147], [-90.79739, 29.91432], [-90.79878, 29.91424], [-90.80055, 29.9147], [-90.80736, 29.9182], [-90.81068, 29.91933], [-90.81256, 29.92099], [-90.81505, 29.92226], [-90.81949, 29.92329], [-90.81921, 29.9236], [-90.81968, 29.92338], [-90.82024, 29.92352], [-90.82233, 29.9246], [-90.82273, 29.92535], [-90.82282, 29.92479], [-90.82408, 29.92539], [-90.82569, 29.92567], [-90.83248, 29.92533], [-90.83312, 29.92554], [-90.83322, 29.92527], [-90.83494, 29.92497], [-90.83603, 29.92445], [-90.83841, 29.92261], [-90.84578, 29.92169], [-90.84744, 29.92199], [-90.84826, 29.92252], [-90.8487, 29.92372], [-90.84687, 29.92923], [-90.84592, 29.93507], [-90.84687, 29.94578], [-90.86497, 29.96138], [-90.85833, 29.96746], [-90.84098, 29.96231], [-90.8368, 29.95955], [-90.83432, 29.96177], [-90.82815, 29.96124], [-90.82371, 29.95319], [-90.81981, 29.95308], [-90.81756, 29.95178], [-90.81562, 29.95114], [-90.81076, 29.95103], [-90.80966, 29.95343], [-90.80688, 29.9551], [-90.79724, 29.95748], [-90.7964, 29.93627], [-90.80872, 29.93504], [-90.79619, 29.93625], [-90.79705, 29.95752], [-90.79475, 29.95805], [-90.79105, 29.95837], [-90.78775, 29.95616], [-90.7852, 29.95695], [-90.78152, 29.95687], [-90.77706, 29.95732], [-90.77664, 29.95596], [-90.77478, 29.95608], [-90.77432, 29.95425], [-90.77368, 29.95477], [-90.77243, 29.9498], [-90.77379, 29.94706], [-90.76219, 29.93945], [-90.77072, 29.93167]], [[-90.77278, 29.94256], [-90.77215, 29.94228], [-90.77247, 29.94249], [-90.77278, 29.94256]], [[-90.76849, 29.94309], [-90.7681, 29.94311], [-90.77257, 29.94342], [-90.7716, 29.94297], [-90.76849, 29.94309]], [[-90.77828, 29.94926], [-90.77876, 29.94944], [-90.77757, 29.94874], [-90.77764, 29.94895], [-90.77828, 29.94926]], [[-90.78231, 29.94175], [-90.78264, 29.94112], [-90.78253, 29.94108], [-90.78221, 29.9417], [-90.78231, 29.94175]]], [[[-90.77514, 29.98611], [-90.77544, 29.9862], [-90.77437, 29.9864], [-90.77442, 29.98625], [-90.77514, 29.98611]]], [[[-90.77359, 29.98713], [-90.77316, 29.98688], [-90.77589, 29.98638], [-90.77592, 29.98665], [-90.7747, 29.98709], [-90.77359, 29.98713]]], [[[-90.77921, 29.99211], [-90.77895, 29.99291], [-90.7788, 29.99288], [-90.77903, 29.99207], [-90.77921, 29.99211]]], [[[-90.80408, 30.05962], [-90.8055, 30.06279], [-90.80372, 30.0635], [-90.80429, 30.06431], [-90.80268, 30.06494], [-90.80289, 30.06558], [-90.80133, 30.06626], [-90.79919, 30.0623], [-90.79394, 30.06417], [-90.78986, 30.05756], [-90.79002, 30.05734], [-90.7952, 30.05612], [-90.7947, 30.05455], [-90.79656, 30.05406], [-90.79722, 30.05546], [-90.79788, 30.05533], [-90.79819, 30.05669], [-90.79667, 30.05712], [-90.79782, 30.05963], [-90.8031, 30.05828], [-90.80408, 30.05962]]], [[[-90.7937, 30.14188], [-90.79257, 30.14298], [-90.79036, 30.1413], [-90.79148, 30.14019], [-90.7937, 30.14188]]], [[[-90.79845, 30.19481], [-90.79218, 30.19264], [-90.7874, 30.19254], [-90.7872, 30.19015], [-90.78965, 30.18969], [-90.7987, 30.18971], [-90.80262, 30.19041], [-90.80415, 30.19012], [-90.80373, 30.19547], [-90.79845, 30.19481]]], [[[-90.80111, 30.19664], [-90.80115, 30.19521], [-90.80365, 30.19552], [-90.80381, 30.19543], [-90.80258, 30.2032], [-90.80097, 30.20173], [-90.79534, 30.20094], [-90.79176, 30.19903], [-90.78847, 30.19829], [-90.7874, 30.19771], [-90.78714, 30.19749], [-90.78718, 30.19628], [-90.78816, 30.19636], [-90.78716, 30.19616], [-90.78718, 30.19323], [-90.78751, 30.19318], [-90.78719, 30.19311], [-90.78717, 30.19261], [-90.79201, 30.1927], [-90.79461, 30.19364], [-90.79358, 30.19572], [-90.79374, 30.19627], [-90.79413, 30.1958], [-90.79377, 30.19613], [-90.79475, 30.19369], [-90.79724, 30.19472], [-90.80096, 30.1952], [-90.80111, 30.19664]]], [[[-90.79623, 30.20412], [-90.79781, 30.20383], [-90.80042, 30.20717], [-90.80043, 30.20746], [-90.79921, 30.20762], [-90.79932, 30.20799], [-90.79855, 30.20858], [-90.79896, 30.20908], [-90.80088, 30.20908], [-90.80094, 30.21052], [-90.80056, 30.21068], [-90.8006, 30.21166], [-90.80013, 30.21147], [-90.80006, 30.20952], [-90.79971, 30.2097], [-90.79959, 30.21036], [-90.79911, 30.21028], [-90.79865, 30.21145], [-90.79846, 30.20864], [-90.79798, 30.20858], [-90.79614, 30.20928], [-90.79603, 30.20749], [-90.79603, 30.20808], [-90.79465, 30.2075], [-90.79432, 30.20764], [-90.79481, 30.20796], [-90.79491, 30.20858], [-90.79463, 30.20859], [-90.79466, 30.20973], [-90.79426, 30.20968], [-90.79418, 30.21126], [-90.7936, 30.21067], [-90.79347, 30.21172], [-90.79291, 30.21159], [-90.79228, 30.20972], [-90.79153, 30.20908], [-90.7914, 30.20852], [-90.7889, 30.20628], [-90.78879, 30.20547], [-90.78705, 30.20516], [-90.78714, 30.19774], [-90.78824, 30.19837], [-90.79189, 30.19922], [-90.79523, 30.20108], [-90.79686, 30.20138], [-90.79687, 30.20167], [-90.79617, 30.20181], [-90.79614, 30.20206], [-90.79597, 30.20175], [-90.79519, 30.20163], [-90.79539, 30.20352], [-90.79623, 30.20412]]], [[[-90.79873, 30.20272], [-90.79877, 30.20155], [-90.80057, 30.20182], [-90.80183, 30.20274], [-90.80256, 30.20368], [-90.8026, 30.20955], [-90.80232, 30.20906], [-90.80198, 30.20564], [-90.80172, 30.20567], [-90.80187, 30.2069], [-90.80138, 30.20575], [-90.80092, 30.20724], [-90.80085, 30.20556], [-90.80025, 30.20555], [-90.79992, 30.20624], [-90.79819, 30.20412], [-90.7986, 30.20389], [-90.79873, 30.20272]]], [[[-90.80164, 30.22742], [-90.80299, 30.22752], [-90.80306, 30.23028], [-90.80161, 30.22974], [-90.80165, 30.22929], [-90.8013, 30.22897], [-90.80164, 30.22742]]], [[[-90.78194, 30.25008], [-90.78275, 30.25082], [-90.78391, 30.25038], [-90.78416, 30.25086], [-90.78503, 30.2509], [-90.78568, 30.25053], [-90.78575, 30.24936], [-90.79026, 30.2476], [-90.79121, 30.24655], [-90.79235, 30.24656], [-90.79204, 30.24696], [-90.79284, 30.24741], [-90.79341, 30.24686], [-90.79311, 30.24654], [-90.79472, 30.24653], [-90.7947, 30.2454], [-90.79409, 30.24529], [-90.79397, 30.24548], [-90.79201, 30.24554], [-90.79141, 30.24609], [-90.79226, 30.24459], [-90.79367, 30.24477], [-90.79584, 30.24363], [-90.79536, 30.24283], [-90.79587, 30.24236], [-90.79607, 30.24151], [-90.79803, 30.23985], [-90.79735, 30.23909], [-90.79673, 30.23907], [-90.79587, 30.2384], [-90.79648, 30.23734], [-90.79987, 30.2375], [-90.80156, 30.23717], [-90.80155, 30.23495], [-90.7986, 30.23482], [-90.79861, 30.23445], [-90.79927, 30.2339], [-90.80055, 30.23397], [-90.80059, 30.2335], [-90.80167, 30.23349], [-90.80155, 30.23041], [-90.8031, 30.23082], [-90.80453, 30.26709], [-90.80419, 30.26773], [-90.7868, 30.25628], [-90.7781, 30.24916], [-90.78101, 30.24967], [-90.78194, 30.25008]]], [[[-90.77015, 29.95811], [-90.76881, 29.95829], [-90.76931, 29.96048], [-90.75494, 29.96208], [-90.75413, 29.96146], [-90.75415, 29.95713], [-90.74713, 29.95703], [-90.74732, 29.95994], [-90.75184, 29.9599], [-90.75157, 29.96189], [-90.74265, 29.96188], [-90.74528, 29.95823], [-90.76201, 29.93961], [-90.77324, 29.94708], [-90.77127, 29.9484], [-90.77017, 29.94564], [-90.76722, 29.9457], [-90.76952, 29.95454], [-90.77015, 29.95811]]], [[[-90.75361, 30.00039], [-90.75312, 30.00041], [-90.75296, 30.00039], [-90.75366, 30.0003], [-90.75361, 30.00039]]], [[[-90.75351, 30.00072], [-90.75297, 30.00075], [-90.75294, 30.00058], [-90.75355, 30.00053], [-90.75351, 30.00072]]], [[[-90.73443, 30.00346], [-90.7346, 30.00316], [-90.73518, 30.00322], [-90.7351, 30.00328], [-90.73443, 30.00346]]], [[[-90.73998, 30.02217], [-90.73464, 30.02264], [-90.73351, 30.01966], [-90.73431, 30.01979], [-90.73685, 30.01949], [-90.73712, 30.02036], [-90.73802, 30.01985], [-90.73953, 30.02049], [-90.73998, 30.02217]]], [[[-90.72947, 30.02363], [-90.72918, 30.02377], [-90.72859, 30.02249], [-90.7289, 30.02236], [-90.72947, 30.02363]]], [[[-90.72951, 30.0245], [-90.72927, 30.02397], [-90.7297, 30.02377], [-90.72996, 30.02435], [-90.72951, 30.0245]]], [[[-90.71546, 30.03134], [-90.71519, 30.03147], [-90.71238, 30.02677], [-90.71257, 30.02665], [-90.71546, 30.03134]]], [[[-90.73753, 30.02982], [-90.74065, 30.02929], [-90.74093, 30.03037], [-90.7379, 30.0309], [-90.73753, 30.02982]]], [[[-90.71228, 30.0294], [-90.71322, 30.02897], [-90.71486, 30.03165], [-90.71397, 30.03212], [-90.71228, 30.0294]]], [[[-90.70381, 30.05023], [-90.70241, 30.0509], [-90.70284, 30.04867], [-90.70381, 30.05023]]], [[[-90.70843, 30.049], [-90.70898, 30.04889], [-90.70936, 30.04946], [-90.70913, 30.04957], [-90.70924, 30.04982], [-90.70899, 30.04992], [-90.70843, 30.049]]], [[[-90.71744, 30.05001], [-90.71846, 30.04953], [-90.72021, 30.05231], [-90.71918, 30.05279], [-90.71744, 30.05001]]], [[[-90.70881, 30.06687], [-90.70529, 30.06121], [-90.70738, 30.06025], [-90.7069, 30.0594], [-90.7115, 30.05705], [-90.71169, 30.05728], [-90.71458, 30.05583], [-90.71445, 30.05562], [-90.71664, 30.05451], [-90.71709, 30.05523], [-90.7176, 30.05501], [-90.71719, 30.05426], [-90.7192, 30.05323], [-90.72152, 30.05662], [-90.72296, 30.05598], [-90.72111, 30.05259], [-90.7216, 30.05239], [-90.72212, 30.05315], [-90.72264, 30.05299], [-90.72286, 30.05333], [-90.72473, 30.05239], [-90.72504, 30.05281], [-90.72551, 30.05259], [-90.72529, 30.05218], [-90.72744, 30.05118], [-90.72813, 30.05191], [-90.72843, 30.05178], [-90.72887, 30.05251], [-90.7294, 30.05229], [-90.73106, 30.05455], [-90.73135, 30.05439], [-90.73089, 30.05368], [-90.73152, 30.05335], [-90.73123, 30.05279], [-90.73169, 30.05262], [-90.73132, 30.0519], [-90.73272, 30.05103], [-90.73417, 30.05332], [-90.71511, 30.06604], [-90.71216, 30.07586], [-90.71183, 30.07578], [-90.71027, 30.07372], [-90.70937, 30.0741], [-90.70766, 30.07089], [-90.70569, 30.07176], [-90.70404, 30.06905], [-90.70881, 30.06687]]], [[[-90.69979, 30.07419], [-90.70193, 30.07455], [-90.70374, 30.07548], [-90.70276, 30.07605], [-90.70105, 30.07588], [-90.7007, 30.07576], [-90.69979, 30.07419]]]]}, "properties": {"class": "landcover", "buffer_m": 0.0, "area_km2": 665.91}}, {"type": "Feature", "geometry": {"type": "MultiPolygon", "coordinates": [[[[-91.09671, 29.93151], [-91.09047, 29.93753], [-91.08983, 29.93764], [-91.08748, 29.93701], [-91.07846, 29.92198], [-91.0871, 29.92575], [-91.09555, 29.92582], [-91.09543, 29.9187], [-91.12984, 29.91847], [-91.14151, 29.92799], [-91.14077, 29.92833], [-91.13999, 29.93033], [-91.13924, 29.93084], [-91.13998, 29.93292], [-91.13735, 29.93294], [-91.13748, 29.94013], [-91.10607, 29.94037], [-91.10402, 29.93697], [-91.09713, 29.93154], [-91.09671, 29.93151]]], [[[-90.70442, 30.08524], [-90.71045, 30.08103], [-90.71671, 30.07515], [-90.72928, 30.0665], [-90.74239, 30.06642], [-90.74256, 30.07486], [-90.75827, 30.07489], [-90.75842, 30.06629], [-90.79362, 30.06565], [-90.79351, 30.07408], [-90.7998, 30.07405], [-90.79702, 30.06947], [-90.80629, 30.06538], [-90.81398, 30.07982], [-90.80659, 30.08495], [-90.80928, 30.08781], [-90.80863, 30.08806], [-90.80863, 30.09474], [-90.81711, 30.09481], [-90.81695, 30.11148], [-90.83354, 30.11168], [-90.8334, 30.12382], [-90.84284, 30.12379], [-90.84245, 30.11035], [-90.8482, 30.11023], [-90.85081, 30.11104], [-90.85104, 30.16411], [-90.81863, 30.1553], [-90.80854, 30.15358], [-90.8042, 30.15166], [-90.79433, 30.14402], [-90.79509, 30.14242], [-90.78901, 30.13778], [-90.74988, 30.13778], [-90.74986, 30.14613], [-90.74209, 30.14771], [-90.74384, 30.15287], [-90.74986, 30.15284], [-90.75009, 30.2123], [-90.7426, 30.21239], [-90.73959, 30.20872], [-90.72693, 30.18952], [-90.7165, 30.16933], [-90.70841, 30.14835], [-90.70272, 30.12678], [-90.69949, 30.10483], [-90.69889, 30.08656], [-90.70442, 30.08524]]]]}, "properties": {"class": "natura", "buffer_m": 0.0, "area_km2": 134.12}}]}