{"type": "FeatureCollection", "features": [{"type": "Feature", "geometry": {"type": "MultiPolygon", "coordinates": [[[[16.74362, 45.43832], [16.74376, 45.43799], [16.74496, 45.43773], [16.74227, 45.43621], [16.74042, 45.43586], [16.7387, 45.43606], [16.73755, 45.43653], [16.73761, 45.43856], [16.73413, 45.43861], [16.73076, 45.4408], [16.73012, 45.44145], [16.72983, 45.44222], [16.72992, 45.443], [16.73044, 45.44383], [16.73469, 45.44755], [16.7368, 45.44983], [16.74176, 45.4525], [16.74146, 45.45152], [16.74165, 45.45067], [16.74077, 45.4505], [16.73669, 45.44629], [16.73268, 45.4429], [16.73243, 45.44236], [16.73273, 45.44201], [16.73817, 45.43848], [16.73971, 45.43775], [16.74021, 45.43769], [16.74519, 45.43889], [16.74619, 45.4394], [16.74683, 45.44026], [16.74749, 45.43998], [16.75037, 45.44039], [16.75356, 45.44379], [16.75553, 45.44269], [16.75773, 45.44206], [16.75824, 45.44124], [16.75739, 45.44156], [16.75582, 45.44076], [16.75432, 45.44127], [16.75257, 45.43937], [16.74888, 45.43995], [16.74569, 45.43814], [16.74401, 45.43849], [16.74362, 45.43832]]], [[[16.74178, 45.44304], [16.74174, 45.44304], [16.74177, 45.44307], [16.74177, 45.44306], [16.74178, 45.44304]]], [[[16.75819, 45.44322], [16.75624, 45.44374], [16.75088, 45.44659], [16.75124, 45.44722], [16.75016, 45.44788], [16.75168, 45.4502], [16.75375, 45.45462], [16.75478, 45.45763], [16.76343, 45.45615], [16.76351, 45.45569], [16.76398, 45.45544], [16.76485, 45.45554], [16.7651, 45.45613], [16.76906, 45.45401], [16.77318, 45.4523], [16.77437, 45.4511], [16.7742, 45.45067], [16.77287, 45.4495], [16.77274, 45.44916], [16.77362, 45.44827], [16.7716, 45.44675], [16.77078, 45.44677], [16.77007, 45.44707], [16.76961, 45.44836], [16.76894, 45.44841], [16.76861, 45.44933], [16.76789, 45.44975], [16.76608, 45.44856], [16.76592, 45.45027], [16.76639, 45.45124], [16.76706, 45.45196], [16.76584, 45.45261], [16.76408, 45.45245], [16.76203, 45.4528], [16.76047, 45.45362], [16.75941, 45.45495], [16.75646, 45.45545], [16.75392, 45.44968], [16.75305, 45.44832], [16.75362, 45.44722], [16.75785, 45.44501], [16.76017, 45.44458], [16.76119, 45.44403], [16.76376, 45.44342], [16.76547, 45.44386], [16.76633, 45.44367], [16.76844, 45.44297], [16.76978, 45.44232], [16.7717, 45.44098], [16.77316, 45.43954], [16.7731, 45.43926], [16.77174, 45.43857], [16.77395, 45.43633], [16.77322, 45.43639], [16.76999, 45.43984], [16.76734, 45.4415], [16.76438, 45.44236], [16.75819, 45.44322]], [[16.77108, 45.44897], [16.77217, 45.44937], [16.77282, 45.45009], [16.77284, 45.45056], [16.77235, 45.45088], [16.77117, 45.45076], [16.77013, 45.44989], [16.77018, 45.44932], [16.77108, 45.44897]]], [[[16.75006, 45.44668], [16.74306, 45.45046], [16.74264, 45.45137], [16.74306, 45.45254], [16.75034, 45.45859], [16.75132, 45.45845], [16.74953, 45.45744], [16.74962, 45.45677], [16.74817, 45.45541], [16.74853, 45.45476], [16.74689, 45.45406], [16.74694, 45.4537], [16.74757, 45.45309], [16.74845, 45.45322], [16.74925, 45.45377], [16.7499, 45.45375], [16.74997, 45.45402], [16.74967, 45.45423], [16.75065, 45.45604], [16.75091, 45.45574], [16.75209, 45.45572], [16.75183, 45.45662], [16.75264, 45.45753], [16.7539, 45.45736], [16.75301, 45.45478], [16.75096, 45.45038], [16.74938, 45.44797], [16.74947, 45.44757], [16.75044, 45.44707], [16.75006, 45.44668]], [[16.74632, 45.45168], [16.74582, 45.45193], [16.7453, 45.45154], [16.74813, 45.45002], [16.74904, 45.45158], [16.74754, 45.45141], [16.74632, 45.45168]]], [[[16.74789, 45.45363], [16.74791, 45.45365], [16.74794, 45.45365], [16.74789, 45.45363]]], [[[16.75277, 45.45997], [16.75298, 45.45925], [16.75267, 45.45878], [16.75087, 45.45908], [16.75222, 45.46029], [16.75289, 45.46012], [16.75277, 45.45997]]], [[[16.75368, 45.46152], [16.75329, 45.46063], [16.75273, 45.46073], [16.75368, 45.46152]]], [[[16.75583, 45.46083], [16.7561, 45.4614], [16.75638, 45.46124], [16.75583, 45.46083]]], [[[16.755, 45.46178], [16.75496, 45.46175], [16.7549, 45.46212], [16.75536, 45.46184], [16.755, 45.46178]]], [[[16.75336, 45.46245], [16.73307, 45.47389], [16.726, 45.47701], [16.72602, 45.47766], [16.73359, 45.4742], [16.73333, 45.47397], [16.74491, 45.46747], [16.74513, 45.46775], [16.74209, 45.46963], [16.75378, 45.46277], [16.75336, 45.46245]]], [[[16.756, 45.46231], [16.75585, 45.4624], [16.7566, 45.46255], [16.757, 45.46305], [16.75759, 45.46328], [16.75797, 45.46396], [16.7579, 45.46466], [16.75753, 45.46498], [16.75787, 45.46548], [16.75767, 45.46604], [16.75782, 45.46659], [16.75927, 45.46743], [16.75972, 45.46747], [16.76153, 45.46675], [16.75849, 45.46307], [16.75699, 45.46173], [16.756, 45.46231]]], [[[16.75404, 45.46498], [16.75355, 45.4641], [16.75375, 45.46376], [16.75427, 45.4635], [16.75417, 45.46338], [16.74177, 45.47068], [16.73688, 45.47333], [16.73151, 45.47599], [16.72604, 45.47841], [16.72615, 45.48189], [16.72769, 45.48289], [16.72813, 45.48371], [16.73197, 45.48365], [16.73198, 45.48307], [16.73145, 45.48175], [16.73056, 45.48086], [16.7294, 45.48023], [16.72783, 45.47982], [16.7277, 45.47965], [16.73281, 45.47738], [16.73831, 45.47465], [16.75003, 45.46798], [16.75057, 45.46914], [16.75157, 45.47013], [16.75315, 45.47087], [16.75494, 45.47214], [16.75627, 45.47258], [16.75741, 45.47271], [16.7584, 45.47397], [16.7601, 45.47472], [16.76105, 45.47573], [16.76235, 45.47637], [16.76306, 45.47709], [16.76403, 45.47764], [16.764, 45.47776], [16.75977, 45.47849], [16.76175, 45.47986], [16.76551, 45.47919], [16.76754, 45.47844], [16.76625, 45.47704], [16.76418, 45.47585], [16.76429, 45.47561], [16.75861, 45.47258], [16.75735, 45.46981], [16.75552, 45.46816], [16.75472, 45.46813], [16.75424, 45.46768], [16.75424, 45.46726], [16.75461, 45.46698], [16.75443, 45.46566], [16.75404, 45.46498]]], [[[16.73893, 45.47141], [16.73863, 45.47156], [16.73382, 45.47408], [16.73635, 45.4728], [16.73893, 45.47141]]], [[[16.75918, 45.47859], [16.75629, 45.4791], [16.758, 45.4805], [16.76163, 45.47988], [16.7597, 45.4785], [16.75918, 45.47859]]], [[[16.75526, 45.48108], [16.75797, 45.4805], [16.75624, 45.47911], [16.73901, 45.48413], [16.73907, 45.48591], [16.75526, 45.48108]]], [[[16.75992, 45.48073], [16.75554, 45.48159], [16.74251, 45.48546], [16.74395, 45.48715], [16.74596, 45.48681], [16.74671, 45.48628], [16.74832, 45.486], [16.74906, 45.48624], [16.75561, 45.48472], [16.75739, 45.48378], [16.7571, 45.48349], [16.75736, 45.48323], [16.75824, 45.48348], [16.75865, 45.4834], [16.75922, 45.48378], [16.75913, 45.48409], [16.76228, 45.4833], [16.76079, 45.48072], [16.75992, 45.48073]]], [[[16.75915, 45.48511], [16.75923, 45.48532], [16.75925, 45.48532], [16.75924, 45.4851], [16.75915, 45.48511]]], [[[16.75858, 45.48537], [16.75939, 45.48637], [16.75979, 45.48659], [16.75981, 45.48608], [16.7593, 45.48544], [16.75896, 45.48538], [16.75887, 45.48514], [16.75858, 45.48537]]], [[[16.74181, 45.48568], [16.73908, 45.4865], [16.73916, 45.48899], [16.73974, 45.48905], [16.74012, 45.48886], [16.73989, 45.48863], [16.74114, 45.48785], [16.7429, 45.48748], [16.74174, 45.48626], [16.74214, 45.48615], [16.74181, 45.48568]]], [[[16.75545, 45.48669], [16.75725, 45.48809], [16.75725, 45.48858], [16.75773, 45.48905], [16.75794, 45.48968], [16.75788, 45.49054], [16.75817, 45.48915], [16.75781, 45.48831], [16.75801, 45.48788], [16.75754, 45.48759], [16.75733, 45.48696], [16.75754, 45.48651], [16.75696, 45.48629], [16.75667, 45.48595], [16.75525, 45.48634], [16.75545, 45.48669]]], [[[16.75509, 45.49183], [16.75523, 45.49136], [16.75457, 45.49093], [16.75433, 45.49042], [16.75482, 45.48984], [16.7553, 45.48963], [16.75516, 45.4892], [16.75471, 45.48846], [16.75368, 45.48769], [16.75316, 45.48687], [16.74974, 45.48774], [16.74988, 45.48821], [16.74968, 45.48894], [16.75064, 45.49162], [16.75025, 45.492], [16.75041, 45.49286], [16.75248, 45.49684], [16.75216, 45.49704], [16.7528, 45.49711], [16.7529, 45.49735], [16.75242, 45.49747], [16.75277, 45.49901], [16.75299, 45.4992], [16.75445, 45.49917], [16.75468, 45.49947], [16.75383, 45.49958], [16.75438, 45.49975], [16.7539, 45.50233], [16.75612, 45.5], [16.75827, 45.49711], [16.75868, 45.49496], [16.75864, 45.49449], [16.75671, 45.49439], [16.75715, 45.49486], [16.75713, 45.49585], [16.75684, 45.49629], [16.75717, 45.4966], [16.75714, 45.49703], [16.75639, 45.49736], [16.75628, 45.49791], [16.75595, 45.49819], [16.75518, 45.49831], [16.75456, 45.49816], [16.75429, 45.49773], [16.75459, 45.49723], [16.75458, 45.49627], [16.75413, 45.49605], [16.75399, 45.4957], [16.75416, 45.49534], [16.7547, 45.49513], [16.75493, 45.49481], [16.75426, 45.49441], [16.75416, 45.49398], [16.7551, 45.49329], [16.75581, 45.49316], [16.75542, 45.493], [16.75499, 45.49246], [16.75509, 45.49183]]], [[[16.74816, 45.49101], [16.74894, 45.49081], [16.74849, 45.48934], [16.74794, 45.48918], [16.74768, 45.48873], [16.74634, 45.48885], [16.74579, 45.4883], [16.74367, 45.48884], [16.74239, 45.48861], [16.74499, 45.49123], [16.74617, 45.49289], [16.74721, 45.49512], [16.74695, 45.4953], [16.74652, 45.49519], [16.74625, 45.49535], [16.74355, 45.49123], [16.74234, 45.4899], [16.74151, 45.48949], [16.74127, 45.48972], [16.74077, 45.48964], [16.74026, 45.4898], [16.73921, 45.49047], [16.73934, 45.49464], [16.74026, 45.49396], [16.74097, 45.49301], [16.74184, 45.49245], [16.7449, 45.49641], [16.74765, 45.4975], [16.74918, 45.49772], [16.7498, 45.49978], [16.74854, 45.5004], [16.74795, 45.50141], [16.75234, 45.50134], [16.75248, 45.50408], [16.75307, 45.50366], [16.75306, 45.50145], [16.75259, 45.50134], [16.75273, 45.5], [16.75188, 45.49984], [16.75215, 45.49949], [16.75187, 45.49917], [16.75177, 45.49808], [16.75152, 45.4981], [16.75133, 45.49779], [16.75171, 45.49768], [16.74989, 45.49472], [16.74915, 45.49473], [16.74869, 45.49439], [16.74896, 45.49324], [16.74816, 45.49101]]], [[[16.75696, 45.49209], [16.75694, 45.49215], [16.75695, 45.49224], [16.75702, 45.49198], [16.75696, 45.49209]]], [[[16.75664, 45.49307], [16.75668, 45.49308], [16.75671, 45.49309], [16.75667, 45.49307], [16.75664, 45.49307]]], [[[16.74143, 45.49971], [16.74062, 45.49888], [16.74108, 45.49793], [16.74094, 45.49713], [16.73935, 45.49527], [16.7395, 45.50004], [16.73986, 45.49992], [16.74002, 45.50012], [16.73951, 45.5003], [16.73952, 45.50051], [16.73979, 45.50046], [16.74024, 45.50104], [16.73976, 45.50125], [16.73989, 45.5015], [16.74244, 45.5015], [16.74143, 45.49971]]], [[[16.75928, 45.49926], [16.75941, 45.49872], [16.76039, 45.49821], [16.75978, 45.4981], [16.75838, 45.50018], [16.75876, 45.50026], [16.75901, 45.50006], [16.75935, 45.49953], [16.75928, 45.49926]]], [[[16.75685, 45.50174], [16.75732, 45.50172], [16.75811, 45.50114], [16.75779, 45.50055], [16.75713, 45.50068], [16.75658, 45.50177], [16.75685, 45.50174]]], [[[16.74613, 45.50139], [16.74559, 45.50139], [16.74514, 45.50145], [16.7465, 45.50143], [16.74613, 45.50139]]], [[[16.76013, 45.50457], [16.76002, 45.50433], [16.75992, 45.50437], [16.75997, 45.50449], [16.76013, 45.50457]]], [[[16.75551, 45.50737], [16.75538, 45.50663], [16.75606, 45.50658], [16.75623, 45.50614], [16.75648, 45.50608], [16.75636, 45.50557], [16.75606, 45.50544], [16.75509, 45.5056], [16.75492, 45.50507], [16.75436, 45.50536], [16.75403, 45.50532], [16.75364, 45.50571], [16.75323, 45.50553], [16.75408, 45.50453], [16.75428, 45.50388], [16.75361, 45.50414], [16.75247, 45.50555], [16.75261, 45.5099], [16.75301, 45.50996], [16.75266, 45.51034], [16.75569, 45.51029], [16.75581, 45.50968], [16.75561, 45.50896], [16.75446, 45.50929], [16.75416, 45.50875], [16.75534, 45.50856], [16.75551, 45.50737]]], [[[16.76216, 45.50887], [16.76159, 45.50824], [16.76093, 45.50817], [16.76088, 45.50787], [16.76122, 45.50773], [16.76072, 45.50689], [16.76039, 45.50542], [16.76018, 45.5058], [16.76023, 45.50644], [16.76001, 45.50652], [16.75974, 45.50717], [16.75905, 45.50733], [16.75916, 45.50779], [16.76025, 45.50769], [16.75935, 45.50797], [16.7588, 45.50776], [16.7587, 45.50701], [16.75833, 45.50692], [16.75762, 45.50819], [16.75756, 45.50789], [16.757, 45.50794], [16.7569, 45.50742], [16.75738, 45.50735], [16.75788, 45.50663], [16.75691, 45.50654], [16.75678, 45.50691], [16.75627, 45.50719], [16.7568, 45.51028], [16.75907, 45.51024], [16.7584, 45.5082], [16.75863, 45.50792], [16.75908, 45.508], [16.76029, 45.5092], [16.75972, 45.50965], [16.76049, 45.50978], [16.76065, 45.51015], [16.75988, 45.51023], [16.76138, 45.51021], [16.76249, 45.50959], [16.76183, 45.50956], [16.76185, 45.50924], [16.76226, 45.50924], [16.76216, 45.50887]]], [[[16.75919, 45.44087], [16.7585, 45.44222], [16.76533, 45.44123], [16.76724, 45.44052], [16.76847, 45.43975], [16.77018, 45.43801], [16.76612, 45.4408], [16.76468, 45.44126], [16.76378, 45.44138], [16.76299, 45.44083], [16.76169, 45.44089], [16.7608, 45.44026], [16.75919, 45.44087]]], [[[16.7744, 45.45565], [16.77447, 45.45447], [16.77373, 45.45429], [16.77308, 45.45454], [16.77243, 45.45446], [16.7703, 45.45476], [16.77039, 45.45538], [16.76979, 45.45576], [16.76902, 45.45562], [16.76865, 45.455], [16.76512, 45.45697], [16.76569, 45.4573], [16.76724, 45.4575], [16.76567, 45.45745], [16.76446, 45.45796], [16.76521, 45.45903], [16.76457, 45.45935], [16.76387, 45.46034], [16.76303, 45.45975], [16.76279, 45.45876], [16.76313, 45.45814], [16.76334, 45.45846], [16.76472, 45.45856], [16.76398, 45.45763], [16.75909, 45.46049], [16.75954, 45.46036], [16.76015, 45.46032], [16.76359, 45.46068], [16.76187, 45.46161], [16.76383, 45.46391], [16.76449, 45.46479], [16.76069, 45.46041], [16.75956, 45.4604], [16.75758, 45.46138], [16.75913, 45.46277], [16.7622, 45.46648], [16.76638, 45.4645], [16.76627, 45.46423], [16.76583, 45.46406], [16.76503, 45.46333], [16.76387, 45.46389], [16.76365, 45.46364], [16.76491, 45.46302], [16.76521, 45.4626], [16.76648, 45.46207], [16.76688, 45.4617], [16.76755, 45.46151], [16.76807, 45.46159], [16.76844, 45.46189], [16.76854, 45.46225], [16.76833, 45.46256], [16.77084, 45.46554], [16.77154, 45.46534], [16.77206, 45.4654], [16.77241, 45.46567], [16.77252, 45.46614], [16.77359, 45.46583], [16.77381, 45.46532], [16.77451, 45.46507], [16.77398, 45.4642], [16.77378, 45.4643], [16.77349, 45.46401], [16.77375, 45.46389], [16.77289, 45.46267], [16.77317, 45.46248], [16.77353, 45.46255], [16.77429, 45.46205], [16.7748, 45.46225], [16.77388, 45.46296], [16.77498, 45.46462], [16.77543, 45.46422], [16.77527, 45.46385], [16.77558, 45.46315], [16.77534, 45.46229], [16.77569, 45.46197], [16.77568, 45.46158], [16.77611, 45.46154], [16.7759, 45.46015], [16.7749, 45.46023], [16.77507, 45.45946], [16.77577, 45.45942], [16.77564, 45.45876], [16.77535, 45.45878], [16.77526, 45.45847], [16.77556, 45.45841], [16.77547, 45.45794], [16.77467, 45.45798], [16.77475, 45.45668], [16.77533, 45.45656], [16.7746, 45.45636], [16.7744, 45.45565]], [[16.76529, 45.45899], [16.76597, 45.45872], [16.76661, 45.45947], [16.76594, 45.45975], [16.76529, 45.45899]], [[16.77108, 45.4624], [16.77066, 45.46255], [16.77024, 45.46244], [16.77005, 45.46217], [16.77019, 45.46185], [16.7706, 45.46171], [16.77102, 45.46181], [16.77122, 45.4621], [16.77108, 45.4624]], [[16.77303, 45.46371], [16.77305, 45.46418], [16.77246, 45.46454], [16.7718, 45.46451], [16.77137, 45.46414], [16.77142, 45.46367], [16.77197, 45.46336], [16.77257, 45.46337], [16.77303, 45.46371]], [[16.77016, 45.45872], [16.77161, 45.45845], [16.77297, 45.45915], [16.77271, 45.45987], [16.77227, 45.46019], [16.77063, 45.45923], [16.76922, 45.45872], [16.77016, 45.45872]], [[16.76791, 45.45855], [16.76777, 45.45855], [16.76803, 45.45856], [16.76791, 45.45855]], [[16.76113, 45.4616], [16.76099, 45.46154], [16.76131, 45.46135], [16.76113, 45.4616]]], [[[16.76386, 45.45655], [16.75587, 45.458], [16.75553, 45.45879], [16.7555, 45.46016], [16.75635, 45.46043], [16.75697, 45.46089], [16.76436, 45.45656], [16.76386, 45.45655]]], [[[16.76839, 45.46443], [16.76749, 45.46489], [16.76818, 45.46516], [16.76907, 45.46484], [16.76917, 45.46494], [16.76821, 45.46547], [16.76897, 45.46573], [16.77017, 45.46702], [16.77089, 45.46666], [16.76871, 45.46405], [16.76839, 45.46443]]], [[[16.76644, 45.46512], [16.76579, 45.46543], [16.7661, 45.46574], [16.76568, 45.46548], [16.76533, 45.46565], [16.76571, 45.46596], [16.76661, 45.46638], [16.76605, 45.46584], [16.76648, 45.46612], [16.76714, 45.4656], [16.76734, 45.46568], [16.76767, 45.46539], [16.76791, 45.46553], [16.76728, 45.46493], [16.76691, 45.4649], [16.76644, 45.46512]]], [[[16.76332, 45.46712], [16.76284, 45.46684], [16.76021, 45.46789], [16.7601, 45.46886], [16.76131, 45.47085], [16.76662, 45.47517], [16.76668, 45.47552], [16.76688, 45.47544], [16.76709, 45.4757], [16.76761, 45.47556], [16.76901, 45.47754], [16.77045, 45.47667], [16.77019, 45.47627], [16.77149, 45.47513], [16.77095, 45.47436], [16.771, 45.47395], [16.77154, 45.4738], [16.77247, 45.47398], [16.7727, 45.47365], [16.7731, 45.47354], [16.77285, 45.47294], [16.77211, 45.47262], [16.77209, 45.47206], [16.77247, 45.47181], [16.77365, 45.47154], [16.77372, 45.47108], [16.77435, 45.47079], [16.77131, 45.46716], [16.76785, 45.4687], [16.76748, 45.4685], [16.76764, 45.4682], [16.76545, 45.46589], [16.76491, 45.46615], [16.76499, 45.46652], [16.76472, 45.46684], [16.76332, 45.46712]], [[16.76311, 45.47098], [16.76392, 45.4701], [16.7647, 45.47001], [16.76609, 45.47078], [16.76807, 45.47118], [16.7678, 45.47239], [16.7683, 45.47432], [16.76811, 45.47445], [16.76759, 45.47425], [16.76667, 45.47323], [16.76526, 45.47258], [16.76433, 45.47158], [16.76311, 45.47098]]], [[[16.77107, 45.47783], [16.77078, 45.4775], [16.76993, 45.47783], [16.77022, 45.47824], [16.77015, 45.47858], [16.77086, 45.47949], [16.77125, 45.47925], [16.7712, 45.47888], [16.7718, 45.47863], [16.77154, 45.47808], [16.77101, 45.47802], [16.77192, 45.47764], [16.77184, 45.47754], [16.77107, 45.47783]]], [[[16.76546, 45.48137], [16.766, 45.48154], [16.76698, 45.48069], [16.76769, 45.48049], [16.76833, 45.48077], [16.76877, 45.48175], [16.76933, 45.48154], [16.76824, 45.48042], [16.76763, 45.47905], [16.766, 45.47976], [16.76222, 45.48033], [16.76231, 45.48046], [16.76085, 45.48071], [16.76235, 45.48329], [16.76444, 45.48284], [16.76412, 45.48245], [16.76413, 45.48197], [16.76546, 45.48137]]], [[[16.76945, 45.48285], [16.7698, 45.48276], [16.76927, 45.48227], [16.76773, 45.48276], [16.76843, 45.48375], [16.7686, 45.48314], [16.76945, 45.48285]]], [[[16.76631, 45.48311], [16.76543, 45.4833], [16.76556, 45.48378], [16.76609, 45.48348], [16.76716, 45.48331], [16.767, 45.48294], [16.76631, 45.48311]]], [[[16.76104, 45.4843], [16.76119, 45.48418], [16.76078, 45.48427], [16.76089, 45.48427], [16.76104, 45.4843]]], [[[16.76353, 45.48667], [16.7634, 45.4867], [16.76306, 45.48675], [16.76383, 45.48677], [16.76353, 45.48667]]], [[[16.75995, 45.48692], [16.75957, 45.48744], [16.76024, 45.48822], [16.7604, 45.4873], [16.75995, 45.48692]]], [[[16.76026, 45.48857], [16.76045, 45.48885], [16.76056, 45.48883], [16.76027, 45.48836], [16.76026, 45.48857]]], [[[16.76866, 45.48908], [16.76835, 45.48874], [16.76795, 45.48726], [16.76761, 45.48727], [16.76751, 45.48708], [16.76766, 45.48687], [16.76714, 45.4866], [16.76674, 45.48585], [16.76611, 45.48568], [16.76593, 45.48632], [16.7661, 45.48753], [16.7669, 45.48819], [16.76682, 45.48901], [16.76763, 45.48969], [16.76753, 45.4913], [16.76801, 45.49136], [16.76827, 45.49072], [16.76819, 45.49008], [16.76855, 45.48983], [16.7694, 45.49091], [16.7691, 45.49103], [16.76919, 45.49145], [16.76786, 45.49206], [16.76809, 45.49243], [16.76866, 45.49237], [16.76883, 45.49262], [16.76997, 45.49243], [16.77006, 45.49258], [16.76879, 45.49286], [16.76912, 45.49354], [16.76875, 45.49355], [16.76926, 45.49457], [16.76975, 45.49484], [16.76948, 45.49495], [16.76964, 45.49538], [16.77021, 45.49607], [16.76998, 45.49656], [16.77006, 45.49668], [16.77039, 45.49661], [16.7705, 45.49676], [16.77026, 45.49687], [16.77105, 45.49721], [16.77212, 45.4967], [16.77196, 45.49627], [16.77121, 45.49646], [16.77111, 45.49632], [16.77191, 45.49609], [16.77127, 45.49491], [16.77177, 45.49472], [16.77172, 45.49455], [16.7714, 45.49461], [16.77135, 45.49428], [16.77185, 45.49402], [16.77156, 45.49358], [16.7705, 45.49361], [16.77044, 45.49348], [16.7708, 45.49339], [16.77085, 45.49314], [16.77171, 45.49293], [16.77146, 45.49212], [16.77116, 45.49215], [16.77107, 45.49187], [16.77049, 45.49192], [16.77017, 45.49163], [16.7707, 45.49148], [16.77037, 45.49084], [16.76913, 45.48918], [16.76866, 45.48908]]], [[[16.76387, 45.49099], [16.76252, 45.48987], [16.76185, 45.48869], [16.7617, 45.48752], [16.76214, 45.48687], [16.76153, 45.48663], [16.76126, 45.48588], [16.76021, 45.48584], [16.76092, 45.4874], [16.76144, 45.48732], [16.76145, 45.48778], [16.76109, 45.48764], [16.76071, 45.48799], [16.76087, 45.48859], [16.76128, 45.48862], [16.76176, 45.49045], [16.76227, 45.4905], [16.76244, 45.49077], [16.76289, 45.49067], [16.76299, 45.4911], [16.76326, 45.49104], [16.76334, 45.49123], [16.76447, 45.49122], [16.76362, 45.49156], [16.76387, 45.49182], [16.76434, 45.49174], [16.76452, 45.49217], [16.76371, 45.4922], [16.76383, 45.49281], [16.76403, 45.49279], [16.76409, 45.49317], [16.76437, 45.49311], [16.76482, 45.4935], [16.76549, 45.49368], [16.76576, 45.49406], [16.76573, 45.49438], [16.76466, 45.49403], [16.76475, 45.49414], [16.7645, 45.4942], [16.76422, 45.49385], [16.76444, 45.49382], [16.7639, 45.49363], [16.76365, 45.49385], [16.7645, 45.4949], [16.7635, 45.49513], [16.76332, 45.49533], [16.76355, 45.49573], [16.76393, 45.49569], [16.76406, 45.49618], [16.76474, 45.49685], [16.76446, 45.49724], [16.76487, 45.49711], [16.76516, 45.49755], [16.76467, 45.49777], [16.76433, 45.49757], [16.76418, 45.49808], [16.76468, 45.49787], [16.765, 45.49827], [16.76552, 45.49833], [16.76571, 45.49871], [16.7657, 45.49893], [16.76534, 45.49894], [16.76533, 45.49968], [16.76509, 45.49968], [16.76509, 45.49982], [16.76609, 45.49989], [16.76555, 45.5003], [16.7658, 45.50072], [16.76574, 45.50089], [16.76549, 45.50087], [16.7655, 45.50122], [16.76574, 45.50129], [16.76702, 45.49867], [16.76482, 45.49617], [16.76527, 45.49551], [16.76641, 45.49527], [16.76675, 45.49539], [16.76609, 45.49264], [16.76653, 45.49237], [16.76644, 45.49202], [16.76675, 45.49191], [16.76387, 45.49099]]], [[[16.76047, 45.48911], [16.76056, 45.4893], [16.76066, 45.48927], [16.76048, 45.48896], [16.76047, 45.48911]]], [[[16.77157, 45.48925], [16.77149, 45.48926], [16.77135, 45.48926], [16.7714, 45.48932], [16.77157, 45.48925]]], [[[16.76404, 45.49024], [16.76381, 45.49002], [16.76363, 45.49004], [16.764, 45.49037], [16.76404, 45.49024]]], [[[16.76125, 45.49082], [16.76086, 45.48943], [16.7606, 45.48933], [16.7607, 45.4899], [16.76021, 45.49048], [16.76006, 45.49181], [16.76048, 45.49251], [16.76051, 45.49369], [16.75989, 45.49421], [16.76038, 45.4944], [16.76034, 45.4958], [16.75981, 45.49577], [16.75954, 45.497], [16.76007, 45.49713], [16.76046, 45.49604], [16.76105, 45.49598], [16.76092, 45.49789], [16.76018, 45.49807], [16.76141, 45.49828], [16.76181, 45.49792], [16.76199, 45.49811], [16.76235, 45.49782], [16.76263, 45.49702], [16.76317, 45.49696], [16.76291, 45.49663], [16.76243, 45.49651], [16.76231, 45.49599], [16.76192, 45.49568], [16.76158, 45.49569], [16.76141, 45.49533], [16.7614, 45.49514], [16.76231, 45.49498], [16.76207, 45.49353], [16.76292, 45.49316], [16.76233, 45.49149], [16.76129, 45.4916], [16.76103, 45.49133], [16.76144, 45.49112], [16.76125, 45.49082]]], [[[16.76754, 45.49536], [16.76757, 45.4955], [16.7688, 45.4952], [16.7685, 45.4947], [16.76754, 45.49493], [16.76754, 45.49536]]], [[[16.7738, 45.50082], [16.77425, 45.50044], [16.77452, 45.49896], [16.77543, 45.49795], [16.7755, 45.49712], [16.77577, 45.49677], [16.77552, 45.49524], [16.77566, 45.49431], [16.77536, 45.49431], [16.77492, 45.49389], [16.77396, 45.49412], [16.77386, 45.49388], [16.77411, 45.4938], [16.77424, 45.49396], [16.77486, 45.49379], [16.77478, 45.49332], [16.77369, 45.49249], [16.773, 45.49261], [16.77174, 45.492], [16.77239, 45.49253], [16.77303, 45.4946], [16.77278, 45.49482], [16.77314, 45.49511], [16.77334, 45.49575], [16.77425, 45.4957], [16.7736, 45.49584], [16.77407, 45.49637], [16.77443, 45.49639], [16.77446, 45.49675], [16.77418, 45.49694], [16.77506, 45.49699], [16.77506, 45.49725], [16.77433, 45.49728], [16.77435, 45.49765], [16.77484, 45.49767], [16.77501, 45.49806], [16.77399, 45.49792], [16.77364, 45.49752], [16.77326, 45.49773], [16.77316, 45.49752], [16.77289, 45.49755], [16.77295, 45.49809], [16.77247, 45.49823], [16.7721, 45.49785], [16.77185, 45.49788], [16.77154, 45.49882], [16.77091, 45.49885], [16.77094, 45.49952], [16.77041, 45.49966], [16.76973, 45.49915], [16.76902, 45.4994], [16.76861, 45.49895], [16.76918, 45.49894], [16.76963, 45.49857], [16.7694, 45.49822], [16.77026, 45.4977], [16.77065, 45.49799], [16.77113, 45.49772], [16.77084, 45.49739], [16.77064, 45.49749], [16.76992, 45.49728], [16.76987, 45.49665], [16.76934, 45.49659], [16.76821, 45.49717], [16.76802, 45.4975], [16.7686, 45.49936], [16.76805, 45.5001], [16.76791, 45.5011], [16.76842, 45.50133], [16.7685, 45.50194], [16.76889, 45.50212], [16.76876, 45.50288], [16.76845, 45.5029], [16.7683, 45.50218], [16.76778, 45.50234], [16.76782, 45.50429], [16.76712, 45.50472], [16.7675, 45.50577], [16.76793, 45.50578], [16.7679, 45.5053], [16.76831, 45.50556], [16.76924, 45.50514], [16.76931, 45.50473], [16.7701, 45.50397], [16.77092, 45.50365], [16.7718, 45.50289], [16.77242, 45.50264], [16.77321, 45.50113], [16.7738, 45.50082]], [[16.77434, 45.49539], [16.77438, 45.49552], [16.77351, 45.4956], [16.77345, 45.49529], [16.77435, 45.4952], [16.77355, 45.49533], [16.77358, 45.49545], [16.77434, 45.49539]]], [[[16.76417, 45.49984], [16.76386, 45.49918], [16.7641, 45.49887], [16.7635, 45.49836], [16.76229, 45.49866], [16.76252, 45.50111], [16.7634, 45.50115], [16.76335, 45.50216], [16.76246, 45.50224], [16.76249, 45.50258], [16.76277, 45.50258], [16.76284, 45.50349], [16.76324, 45.50349], [16.76335, 45.50439], [16.76269, 45.50442], [16.76273, 45.50487], [16.76286, 45.50442], [16.76361, 45.50443], [16.76373, 45.50641], [16.76416, 45.50664], [16.76445, 45.50728], [16.76458, 45.50677], [16.7652, 45.5063], [16.76515, 45.50575], [16.76588, 45.50567], [16.76583, 45.50416], [16.76542, 45.5044], [16.76577, 45.50517], [16.765, 45.50531], [16.76485, 45.5055], [16.76466, 45.50537], [16.76462, 45.50571], [16.76444, 45.50555], [16.76392, 45.50571], [16.76383, 45.50456], [16.76447, 45.50426], [16.7647, 45.50226], [16.76421, 45.50169], [16.76417, 45.49984]]], [[[16.76524, 45.50157], [16.76524, 45.50166], [16.76525, 45.50172], [16.76533, 45.50158], [16.76524, 45.50157]]], [[[16.76521, 45.50202], [16.76523, 45.50178], [16.76499, 45.50216], [16.76517, 45.50241], [16.76541, 45.50239], [16.76521, 45.50202]]], [[[16.76089, 45.50222], [16.76046, 45.50244], [16.7608, 45.50256], [16.76089, 45.5029], [16.76089, 45.50222]]], [[[16.76131, 45.5034], [16.76151, 45.50293], [16.76127, 45.50227], [16.76105, 45.50259], [16.76116, 45.50298], [16.76094, 45.50303], [16.76184, 45.50486], [16.76131, 45.5034]]], [[[16.76212, 45.50602], [16.76293, 45.5059], [16.76289, 45.50504], [16.7623, 45.50508], [16.7623, 45.5049], [16.76189, 45.50493], [16.76212, 45.50602]]], [[[16.76976, 45.50642], [16.77053, 45.50609], [16.7704, 45.50591], [16.77077, 45.50578], [16.77131, 45.50591], [16.77135, 45.50518], [16.77021, 45.50562], [16.77031, 45.50573], [16.76966, 45.50613], [16.76976, 45.50642]]], [[[16.76913, 45.50696], [16.76846, 45.50717], [16.76876, 45.50769], [16.76952, 45.5073], [16.76932, 45.50706], [16.76944, 45.50684], [16.76913, 45.50696]]], [[[16.76954, 45.50809], [16.76914, 45.50784], [16.76823, 45.50867], [16.76912, 45.50902], [16.77019, 45.50814], [16.76993, 45.50794], [16.76954, 45.50809]]], [[[16.77407, 45.42723], [16.77319, 45.42682], [16.77465, 45.43257], [16.77469, 45.43342], [16.77411, 45.4346], [16.77296, 45.43588], [16.77392, 45.43574], [16.77444, 45.4359], [16.7753, 45.43515], [16.77492, 45.43228], [16.77695, 45.43131], [16.77654, 45.4297], [16.77911, 45.43021], [16.78031, 45.4302], [16.78128, 45.43046], [16.7822, 45.43048], [16.78501, 45.42991], [16.78646, 45.42916], [16.78935, 45.42941], [16.79043, 45.4287], [16.7906, 45.42764], [16.79318, 45.42866], [16.7937, 45.42824], [16.79455, 45.42837], [16.79149, 45.42727], [16.79042, 45.42757], [16.78907, 45.42752], [16.78846, 45.42734], [16.78812, 45.42681], [16.78748, 45.42739], [16.78579, 45.42706], [16.78397, 45.42822], [16.78268, 45.42825], [16.78222, 45.42872], [16.78139, 45.42851], [16.78116, 45.42821], [16.78029, 45.42855], [16.77805, 45.42791], [16.7769, 45.42788], [16.77579, 45.42736], [16.77407, 45.42723]]], [[[16.77351, 45.43389], [16.77356, 45.43416], [16.77373, 45.43389], [16.77351, 45.43389]]], [[[16.77344, 45.43433], [16.77334, 45.43445], [16.77342, 45.43435], [16.77344, 45.43433]]], [[[16.77171, 45.44603], [16.77099, 45.44602], [16.77139, 45.44645], [16.77263, 45.44645], [16.77549, 45.44874], [16.77529, 45.45065], [16.77494, 45.45171], [16.77922, 45.45056], [16.7823, 45.44998], [16.78898, 45.44933], [16.78399, 45.44957], [16.78204, 45.4487], [16.78128, 45.44973], [16.77727, 45.45082], [16.7756, 45.45098], [16.77624, 45.44835], [16.77524, 45.44734], [16.77398, 45.44663], [16.77171, 45.44603]]], [[[16.77207, 45.45396], [16.77249, 45.45341], [16.7733, 45.45341], [16.77382, 45.45308], [16.77607, 45.45282], [16.7766, 45.45238], [16.77719, 45.45239], [16.77762, 45.45267], [16.7783, 45.4521], [16.77914, 45.45207], [16.77998, 45.45177], [16.78079, 45.45209], [16.7809, 45.45253], [16.78069, 45.45286], [16.78112, 45.4531], [16.78173, 45.45408], [16.78118, 45.45475], [16.78157, 45.45528], [16.78115, 45.45589], [16.78179, 45.45607], [16.78206, 45.45651], [16.78207, 45.45756], [16.78243, 45.45816], [16.78183, 45.45891], [16.78197, 45.45941], [16.78231, 45.45957], [16.78204, 45.45961], [16.78209, 45.45978], [16.78233, 45.45974], [16.78225, 45.46039], [16.78265, 45.46058], [16.78233, 45.46066], [16.78238, 45.46082], [16.78269, 45.46075], [16.78297, 45.46105], [16.78248, 45.46119], [16.78257, 45.46152], [16.78285, 45.46145], [16.7827, 45.46159], [16.78287, 45.46183], [16.78244, 45.4622], [16.78197, 45.4621], [16.78142, 45.46021], [16.78123, 45.46013], [16.78112, 45.45917], [16.78021, 45.45906], [16.77954, 45.45994], [16.77951, 45.4609], [16.77873, 45.46145], [16.77815, 45.46151], [16.77893, 45.46258], [16.77859, 45.46305], [16.77766, 45.46335], [16.77796, 45.46445], [16.78184, 45.46263], [16.78355, 45.46157], [16.78413, 45.46096], [16.78465, 45.4609], [16.78504, 45.46116], [16.7849, 45.46159], [16.781, 45.46376], [16.7765, 45.46555], [16.77682, 45.46606], [16.77647, 45.46666], [16.77584, 45.46683], [16.77533, 45.46674], [16.77528, 45.4672], [16.77616, 45.46744], [16.7765, 45.46787], [16.77615, 45.46841], [16.77644, 45.46869], [16.77645, 45.46918], [16.77594, 45.46959], [16.77631, 45.47005], [16.7762, 45.47079], [16.77861, 45.46956], [16.77818, 45.46913], [16.7782, 45.46869], [16.77883, 45.46821], [16.77942, 45.46812], [16.78007, 45.46841], [16.78018, 45.46894], [16.78075, 45.46953], [16.78078, 45.46979], [16.77933, 45.47077], [16.78008, 45.47127], [16.79333, 45.46366], [16.79547, 45.46266], [16.81366, 45.4556], [16.82793, 45.45134], [16.83177, 45.45065], [16.83129, 45.44964], [16.83053, 45.44909], [16.82999, 45.449], [16.82934, 45.44859], [16.82879, 45.44779], [16.82816, 45.44773], [16.82747, 45.44718], [16.82586, 45.44729], [16.82546, 45.44698], [16.82537, 45.44639], [16.82296, 45.44603], [16.82187, 45.44516], [16.82136, 45.44552], [16.82048, 45.44566], [16.82122, 45.44559], [16.82169, 45.44575], [16.82193, 45.44623], [16.82168, 45.44661], [16.81968, 45.44699], [16.8191, 45.4469], [16.81862, 45.44599], [16.81883, 45.44536], [16.81943, 45.44508], [16.81987, 45.44443], [16.8194, 45.4443], [16.81723, 45.44514], [16.81732, 45.44565], [16.81827, 45.44673], [16.81804, 45.44739], [16.81373, 45.44912], [16.8101, 45.45023], [16.81001, 45.45057], [16.80961, 45.45081], [16.8091, 45.45086], [16.80862, 45.45063], [16.8053, 45.45138], [16.80518, 45.45179], [16.80456, 45.4521], [16.80401, 45.45215], [16.80356, 45.45196], [16.80308, 45.45129], [16.80262, 45.44989], [16.80303, 45.44931], [16.80693, 45.44851], [16.81126, 45.44722], [16.81562, 45.44557], [16.81606, 45.44492], [16.81939, 45.44375], [16.81904, 45.44344], [16.81532, 45.4452], [16.81213, 45.44644], [16.80856, 45.44756], [16.80485, 45.44847], [16.7986, 45.44945], [16.78691, 45.45011], [16.78248, 45.45062], [16.77671, 45.45188], [16.77325, 45.45301], [16.7704, 45.45417], [16.77207, 45.45396]], [[16.80819, 45.45583], [16.79995, 45.45902], [16.79895, 45.45798], [16.79877, 45.45713], [16.79806, 45.45603], [16.79629, 45.45487], [16.79116, 45.45611], [16.79091, 45.4551], [16.78995, 45.45571], [16.78917, 45.45659], [16.7888, 45.45759], [16.78885, 45.45862], [16.78942, 45.45976], [16.79027, 45.46059], [16.79144, 45.46122], [16.79285, 45.46158], [16.79297, 45.46179], [16.78631, 45.46542], [16.78382, 45.46698], [16.78287, 45.46618], [16.78184, 45.46564], [16.78201, 45.46529], [16.78654, 45.46279], [16.78714, 45.46221], [16.78742, 45.46153], [16.78714, 45.46039], [16.78618, 45.4596], [16.78664, 45.45787], [16.78611, 45.4557], [16.78764, 45.45473], [16.78854, 45.45319], [16.78538, 45.45417], [16.78538, 45.45459], [16.78462, 45.45444], [16.78504, 45.45173], [16.78398, 45.45104], [16.78504, 45.45068], [16.78725, 45.4503], [16.80071, 45.4494], [16.8016, 45.45128], [16.79952, 45.45143], [16.79965, 45.45309], [16.8003, 45.45383], [16.80138, 45.45452], [16.8027, 45.45496], [16.80414, 45.45512], [16.80616, 45.45484], [16.80832, 45.45376], [16.81016, 45.45377], [16.81161, 45.45342], [16.81343, 45.45229], [16.81421, 45.45098], [16.81766, 45.4497], [16.81991, 45.44995], [16.82299, 45.44948], [16.82401, 45.44995], [16.82547, 45.45027], [16.81274, 45.45408], [16.80819, 45.45583]], [[16.78395, 45.45316], [16.78336, 45.45321], [16.7825, 45.45289], [16.78229, 45.4525], [16.78254, 45.45208], [16.78317, 45.45193], [16.78416, 45.45223], [16.78438, 45.45274], [16.78395, 45.45316]], [[16.79539, 45.45781], [16.79575, 45.45793], [16.79863, 45.46099], [16.79847, 45.46124], [16.79628, 45.46207], [16.7959, 45.46193], [16.79393, 45.45869], [16.79335, 45.45856], [16.79299, 45.45808], [16.79316, 45.45763], [16.79374, 45.4574], [16.79438, 45.45753], [16.79475, 45.45804], [16.79539, 45.45781]]], [[[16.77926, 45.45541], [16.77985, 45.45515], [16.77992, 45.45492], [16.77908, 45.4547], [16.77872, 45.45426], [16.77868, 45.45381], [16.77804, 45.45429], [16.77749, 45.45431], [16.77707, 45.45411], [16.77671, 45.45459], [16.77694, 45.45498], [16.7769, 45.45627], [16.77739, 45.45938], [16.77655, 45.45944], [16.7769, 45.4617], [16.77738, 45.46114], [16.7769, 45.46059], [16.77695, 45.46012], [16.77753, 45.45942], [16.77796, 45.45921], [16.77866, 45.45809], [16.77987, 45.45781], [16.77948, 45.45676], [16.77973, 45.45632], [16.77922, 45.45597], [16.77926, 45.45541]]], [[[16.77541, 45.46529], [16.77527, 45.46523], [16.77504, 45.46519], [16.77524, 45.46535], [16.77541, 45.46529]]], [[[16.77238, 45.46737], [16.77261, 45.46765], [16.77381, 45.46908], [16.77331, 45.46831], [16.77371, 45.46763], [16.77279, 45.46757], [16.77236, 45.46677], [16.77197, 45.46689], [16.77238, 45.46737]]], [[[16.77485, 45.47378], [16.77497, 45.47393], [16.77504, 45.47388], [16.7749, 45.47376], [16.77485, 45.47378]]], [[[16.77923, 45.47502], [16.77974, 45.47474], [16.77967, 45.47456], [16.77913, 45.47484], [16.77923, 45.47502]]], [[[16.77581, 45.47655], [16.77587, 45.47678], [16.7762, 45.47665], [16.77521, 45.47535], [16.77485, 45.47564], [16.77581, 45.47655]]], [[[16.7818, 45.476], [16.78169, 45.47602], [16.78183, 45.47622], [16.78193, 45.47619], [16.7818, 45.476]]], [[[16.78293, 45.48368], [16.78344, 45.48489], [16.78303, 45.48595], [16.7839, 45.48546], [16.78389, 45.4847], [16.78255, 45.48281], [16.78307, 45.48363], [16.78293, 45.48368]]], [[[16.7816, 45.48285], [16.78152, 45.48287], [16.78168, 45.48289], [16.78167, 45.48288], [16.7816, 45.48285]]], [[[16.78326, 45.48724], [16.78244, 45.48683], [16.7819, 45.48687], [16.7823, 45.48819], [16.78314, 45.48785], [16.78386, 45.48794], [16.78374, 45.48749], [16.78326, 45.48724]]], [[[16.7724, 45.48892], [16.77238, 45.48891], [16.77237, 45.48893], [16.7724, 45.48892]]], [[[16.77272, 45.48908], [16.77244, 45.48895], [16.77143, 45.48936], [16.77154, 45.48949], [16.77187, 45.48936], [16.772, 45.48951], [16.77285, 45.48917], [16.77272, 45.48908]]], [[[16.77283, 45.49015], [16.77377, 45.49027], [16.77293, 45.48921], [16.77317, 45.48951], [16.77223, 45.4899], [16.77249, 45.49029], [16.77283, 45.49015]]], [[[16.78356, 45.48952], [16.78397, 45.48889], [16.78317, 45.48902], [16.78274, 45.48962], [16.78292, 45.49034], [16.78315, 45.49033], [16.78356, 45.48952]]], [[[16.77402, 45.49054], [16.77403, 45.4908], [16.77416, 45.49085], [16.7742, 45.49084], [16.77402, 45.49054]]], [[[16.77961, 45.49137], [16.77979, 45.49099], [16.78007, 45.49089], [16.78003, 45.49076], [16.77924, 45.49089], [16.77959, 45.49171], [16.77977, 45.49161], [16.77961, 45.49137]]], [[[16.78062, 45.49176], [16.78102, 45.49104], [16.78085, 45.49088], [16.78012, 45.49105], [16.78004, 45.49125], [16.78047, 45.49126], [16.78062, 45.49176]]], [[[16.77455, 45.49171], [16.7745, 45.4916], [16.77447, 45.49148], [16.77456, 45.49188], [16.77455, 45.49171]]], [[[16.78283, 45.49161], [16.78291, 45.49233], [16.78295, 45.49371], [16.78387, 45.49335], [16.78318, 45.49236], [16.78313, 45.49163], [16.78283, 45.49161]]], [[[16.77454, 45.49228], [16.7745, 45.49212], [16.77454, 45.49192], [16.77435, 45.49198], [16.77454, 45.49228]]], [[[16.78397, 45.49226], [16.78393, 45.49207], [16.78388, 45.49207], [16.78391, 45.49219], [16.78397, 45.49226]]], [[[16.78016, 45.49374], [16.77974, 45.4939], [16.78002, 45.49402], [16.78064, 45.4939], [16.78062, 45.49303], [16.77986, 45.49343], [16.78017, 45.4935], [16.78016, 45.49374]]], [[[16.78449, 45.49557], [16.78425, 45.49574], [16.78453, 45.49593], [16.78449, 45.49557]]], [[[16.78354, 45.49676], [16.78409, 45.49638], [16.78344, 45.49581], [16.78413, 45.49494], [16.78312, 45.4948], [16.78295, 45.49516], [16.7832, 45.49553], [16.78313, 45.49644], [16.78324, 45.49686], [16.78354, 45.49676]]], [[[16.77831, 45.49737], [16.77909, 45.49749], [16.77943, 45.49797], [16.77976, 45.49787], [16.77945, 45.49607], [16.78016, 45.49442], [16.77963, 45.49432], [16.77892, 45.49601], [16.77794, 45.49589], [16.77797, 45.49716], [16.77773, 45.49754], [16.77724, 45.49773], [16.77735, 45.49857], [16.77701, 45.4991], [16.77818, 45.49916], [16.77931, 45.50084], [16.77831, 45.49902], [16.7784, 45.49885], [16.7779, 45.4987], [16.7776, 45.49834], [16.77771, 45.49769], [16.77831, 45.49737]]], [[[16.78401, 45.49736], [16.78403, 45.49736], [16.78403, 45.49736], [16.78401, 45.49736]]], [[[16.7834, 45.49741], [16.78348, 45.49739], [16.78327, 45.49749], [16.78337, 45.49743], [16.7834, 45.49741]]], [[[16.78335, 45.49838], [16.78357, 45.4981], [16.78313, 45.49786], [16.78286, 45.49863], [16.78316, 45.49868], [16.78335, 45.49838]]], [[[16.7823, 45.49927], [16.78247, 45.49928], [16.78258, 45.49913], [16.78236, 45.49911], [16.7823, 45.49927]]], [[[16.777, 45.49982], [16.77705, 45.49918], [16.77665, 45.50004], [16.77692, 45.50006], [16.777, 45.49982]]], [[[16.78251, 45.49974], [16.78225, 45.49963], [16.78232, 45.49992], [16.78255, 45.49991], [16.78251, 45.49974]]], [[[16.78252, 45.50038], [16.78254, 45.50011], [16.78239, 45.50012], [16.78252, 45.50038]]], [[[16.78109, 45.5002], [16.78043, 45.50062], [16.77971, 45.50154], [16.7798, 45.50234], [16.78083, 45.50258], [16.78094, 45.50241], [16.78117, 45.50246], [16.7809, 45.50503], [16.78235, 45.50699], [16.78268, 45.5079], [16.78288, 45.50731], [16.7843, 45.50749], [16.78433, 45.5076], [16.78303, 45.50784], [16.7833, 45.50871], [16.78294, 45.50877], [16.78363, 45.51014], [16.78453, 45.50977], [16.78464, 45.50987], [16.78541, 45.50944], [16.78546, 45.50964], [16.78495, 45.51011], [16.78548, 45.51063], [16.78513, 45.51085], [16.78536, 45.5111], [16.78435, 45.51175], [16.78393, 45.51237], [16.78293, 45.51254], [16.78301, 45.51292], [16.78186, 45.51363], [16.78164, 45.51349], [16.78125, 45.5137], [16.78109, 45.51362], [16.78053, 45.51418], [16.7802, 45.51424], [16.78087, 45.51484], [16.78056, 45.51503], [16.78108, 45.51592], [16.78154, 45.51599], [16.78123, 45.51686], [16.78155, 45.51699], [16.78141, 45.51716], [16.78185, 45.51719], [16.78184, 45.51674], [16.78155, 45.5167], [16.78175, 45.51636], [16.78151, 45.51574], [16.78159, 45.51501], [16.78102, 45.51483], [16.78115, 45.51437], [16.78255, 45.51372], [16.78317, 45.51419], [16.78418, 45.5138], [16.78393, 45.51334], [16.78493, 45.51308], [16.78538, 45.514], [16.78745, 45.5134], [16.78769, 45.51327], [16.78743, 45.51283], [16.78845, 45.51246], [16.78782, 45.51143], [16.78788, 45.511], [16.78709, 45.51048], [16.78558, 45.50988], [16.78599, 45.50959], [16.78543, 45.50888], [16.78484, 45.50896], [16.78426, 45.50857], [16.78427, 45.50785], [16.78503, 45.50771], [16.78475, 45.50674], [16.78318, 45.50458], [16.78275, 45.50314], [16.7825, 45.50312], [16.78258, 45.5029], [16.78237, 45.50288], [16.78219, 45.50251], [16.78122, 45.50222], [16.78133, 45.50192], [16.78098, 45.50181], [16.78128, 45.50101], [16.78117, 45.50073], [16.78158, 45.50061], [16.78122, 45.50046], [16.7812, 45.50024], [16.78163, 45.50019], [16.78157, 45.50003], [16.78109, 45.5002]]], [[[16.77635, 45.5005], [16.77602, 45.50125], [16.77529, 45.50238], [16.77586, 45.50237], [16.77604, 45.50202], [16.77652, 45.50204], [16.7767, 45.50118], [16.77631, 45.50078], [16.77652, 45.50033], [16.77635, 45.5005]]], [[[16.78305, 45.5017], [16.783, 45.50168], [16.78304, 45.50178], [16.7831, 45.50171], [16.78305, 45.5017]]], [[[16.78381, 45.50277], [16.78365, 45.50279], [16.78377, 45.50307], [16.78395, 45.50291], [16.78381, 45.50277]]], [[[16.78444, 45.50335], [16.78429, 45.5035], [16.78427, 45.50358], [16.78444, 45.50335]]], [[[16.77412, 45.50326], [16.77401, 45.50357], [16.77334, 45.50412], [16.77368, 45.50414], [16.77466, 45.5035], [16.77409, 45.50312], [16.77412, 45.50326]]], [[[16.77533, 45.50989], [16.77479, 45.51], [16.77629, 45.50998], [16.77615, 45.50984], [16.77533, 45.50989]]], [[[16.78463, 45.51501], [16.7848, 45.51552], [16.78511, 45.51551], [16.78486, 45.51453], [16.78441, 45.51455], [16.78463, 45.51501]]], [[[16.7785, 45.51626], [16.77841, 45.51624], [16.77853, 45.51746], [16.77872, 45.51662], [16.7785, 45.51661], [16.7785, 45.51626]]], [[[16.78402, 45.51769], [16.78426, 45.51765], [16.78432, 45.51729], [16.78381, 45.51712], [16.78356, 45.51596], [16.78282, 45.51571], [16.78323, 45.5155], [16.78318, 45.51487], [16.7823, 45.51569], [16.78278, 45.51687], [16.7836, 45.51707], [16.78351, 45.5177], [16.78265, 45.51764], [16.78259, 45.51737], [16.78236, 45.51888], [16.78404, 45.51886], [16.78333, 45.51814], [16.78357, 45.51779], [16.78402, 45.51769]]], [[[16.78164, 45.51779], [16.78006, 45.51749], [16.77847, 45.518], [16.77848, 45.51853], [16.77918, 45.51893], [16.78118, 45.5189], [16.78125, 45.51871], [16.78089, 45.51866], [16.78094, 45.51846], [16.78136, 45.51846], [16.78151, 45.5181], [16.7808, 45.51798], [16.78086, 45.51772], [16.78164, 45.51779]]], [[[16.78941, 45.47286], [16.78906, 45.47296], [16.78804, 45.47186], [16.78906, 45.47128], [16.78844, 45.47074], [16.78783, 45.47108], [16.78796, 45.47147], [16.78776, 45.4718], [16.7863, 45.47267], [16.78701, 45.47331], [16.78775, 45.47308], [16.78838, 45.47324], [16.78874, 45.4738], [16.78845, 45.47433], [16.79093, 45.47338], [16.78941, 45.47286]]], [[[16.78978, 45.47467], [16.7908, 45.47538], [16.79089, 45.47534], [16.78977, 45.47445], [16.78947, 45.47456], [16.78978, 45.47467]]], [[[16.79109, 45.47524], [16.79097, 45.4753], [16.7911, 45.47524], [16.79141, 45.47507], [16.79098, 45.47515], [16.79109, 45.47524]]], [[[16.78756, 45.47534], [16.78752, 45.47529], [16.78722, 45.47541], [16.78724, 45.47543], [16.78756, 45.47534]]], [[[16.79223, 45.47703], [16.79221, 45.47702], [16.792, 45.47724], [16.79216, 45.47721], [16.79223, 45.47703]]], [[[16.78917, 45.47704], [16.78869, 45.47707], [16.78944, 45.47762], [16.78999, 45.47759], [16.79059, 45.47783], [16.79136, 45.4775], [16.79048, 45.4775], [16.78989, 45.47684], [16.78917, 45.47704]]], [[[16.78916, 45.47758], [16.78923, 45.47758], [16.78929, 45.47759], [16.7892, 45.47752], [16.78916, 45.47758]]], [[[16.7869, 45.47791], [16.78731, 45.47796], [16.78733, 45.47767], [16.78697, 45.47763], [16.7864, 45.4779], [16.7869, 45.47791]]], [[[16.78441, 45.47805], [16.78475, 45.47793], [16.78473, 45.47791], [16.78414, 45.47796], [16.78441, 45.47805]]], [[[16.78432, 45.47836], [16.78457, 45.47854], [16.78483, 45.479], [16.78516, 45.47879], [16.78479, 45.47825], [16.78432, 45.47836]]], [[[16.78948, 45.4797], [16.78904, 45.47997], [16.78812, 45.48006], [16.78833, 45.4803], [16.78901, 45.48004], [16.7896, 45.4801], [16.7901, 45.48054], [16.79018, 45.48097], [16.78871, 45.48202], [16.78857, 45.48275], [16.78809, 45.48306], [16.78895, 45.48469], [16.79012, 45.48546], [16.79273, 45.48441], [16.7925, 45.48411], [16.79187, 45.48394], [16.79211, 45.48342], [16.79196, 45.48322], [16.79132, 45.48346], [16.79175, 45.48321], [16.7916, 45.48303], [16.7912, 45.48321], [16.79101, 45.48292], [16.78959, 45.48368], [16.78948, 45.48356], [16.79136, 45.48239], [16.79093, 45.48236], [16.7912, 45.48194], [16.791, 45.48172], [16.79065, 45.48187], [16.79079, 45.48127], [16.79054, 45.48099], [16.7903, 45.48107], [16.79049, 45.48091], [16.78948, 45.4797]]], [[[16.7939, 45.4796], [16.79323, 45.47978], [16.79175, 45.47944], [16.79089, 45.47949], [16.79191, 45.48072], [16.7926, 45.48061], [16.79304, 45.48093], [16.79218, 45.48114], [16.79271, 45.48164], [16.79365, 45.48181], [16.79402, 45.4826], [16.79556, 45.48214], [16.7948, 45.4812], [16.79497, 45.48029], [16.79523, 45.48039], [16.79661, 45.48271], [16.7972, 45.48439], [16.79705, 45.48452], [16.79559, 45.48317], [16.79612, 45.48283], [16.79492, 45.48306], [16.79503, 45.48337], [16.79403, 45.48349], [16.79479, 45.48448], [16.795, 45.4844], [16.79637, 45.48559], [16.79621, 45.4857], [16.79837, 45.48775], [16.79886, 45.48759], [16.79919, 45.48782], [16.7988, 45.48816], [16.7994, 45.48824], [16.7996, 45.48809], [16.80076, 45.48802], [16.80087, 45.48834], [16.8013, 45.48824], [16.80247, 45.48873], [16.80315, 45.48847], [16.80274, 45.48788], [16.80294, 45.48626], [16.80222, 45.48625], [16.80192, 45.48565], [16.80139, 45.48585], [16.80154, 45.4861], [16.80106, 45.48636], [16.8002, 45.48639], [16.79767, 45.48273], [16.79796, 45.4823], [16.79662, 45.48029], [16.7939, 45.4796]]], [[[16.79267, 45.48462], [16.79262, 45.48498], [16.79068, 45.48583], [16.79224, 45.48703], [16.79319, 45.48758], [16.79399, 45.48749], [16.79509, 45.4879], [16.79587, 45.48778], [16.79702, 45.488], [16.79752, 45.4878], [16.79578, 45.48619], [16.79513, 45.48627], [16.79385, 45.4848], [16.79406, 45.48466], [16.79357, 45.4849], [16.79364, 45.48503], [16.7933, 45.48517], [16.7929, 45.48449], [16.79267, 45.48462]], [[16.79486, 45.48737], [16.79373, 45.48717], [16.79299, 45.48638], [16.7933, 45.48598], [16.79494, 45.48695], [16.79486, 45.48737]]], [[[16.78942, 45.48775], [16.78887, 45.48829], [16.78968, 45.48898], [16.79055, 45.48906], [16.79064, 45.48854], [16.79174, 45.48855], [16.7928, 45.48826], [16.792, 45.48827], [16.79118, 45.48788], [16.79093, 45.48799], [16.79053, 45.48784], [16.79086, 45.48764], [16.79057, 45.48728], [16.78811, 45.48592], [16.78798, 45.48567], [16.78745, 45.48544], [16.78706, 45.48483], [16.7871, 45.48552], [16.78786, 45.48628], [16.78752, 45.48671], [16.78942, 45.48775]]], [[[16.78437, 45.48718], [16.78465, 45.48775], [16.78459, 45.48834], [16.78484, 45.48827], [16.78512, 45.4887], [16.7855, 45.48856], [16.78437, 45.48718]]], [[[16.78509, 45.4907], [16.78491, 45.48965], [16.78522, 45.48941], [16.78559, 45.48951], [16.78568, 45.48983], [16.78749, 45.49042], [16.7882, 45.49028], [16.78755, 45.48964], [16.78475, 45.48906], [16.78395, 45.4902], [16.78403, 45.49099], [16.78462, 45.49098], [16.78509, 45.4907]]], [[[16.78529, 45.49131], [16.78539, 45.49146], [16.78531, 45.49129], [16.78529, 45.49131]]], [[[16.78602, 45.49181], [16.78552, 45.4917], [16.7853, 45.49168], [16.78574, 45.49193], [16.78602, 45.49181]]], [[[16.7872, 45.49358], [16.78473, 45.49205], [16.78493, 45.49284], [16.78476, 45.49339], [16.7852, 45.49338], [16.78541, 45.49386], [16.78468, 45.49405], [16.7844, 45.49383], [16.78365, 45.494], [16.78345, 45.49429], [16.78421, 45.49431], [16.78485, 45.49474], [16.787, 45.49446], [16.78682, 45.49379], [16.78731, 45.49375], [16.7872, 45.49358]]], [[[16.79025, 45.49298], [16.79007, 45.49271], [16.78627, 45.49187], [16.78641, 45.4922], [16.78626, 45.49226], [16.7867, 45.49262], [16.78788, 45.49311], [16.78831, 45.49373], [16.78828, 45.49441], [16.78895, 45.49526], [16.7899, 45.49562], [16.79016, 45.49566], [16.79021, 45.4955], [16.79158, 45.49586], [16.79372, 45.49597], [16.79383, 45.4953], [16.79308, 45.49506], [16.79313, 45.49472], [16.79255, 45.49476], [16.7925, 45.49501], [16.79049, 45.49511], [16.79032, 45.49485], [16.78893, 45.49523], [16.78887, 45.4951], [16.78945, 45.4948], [16.78936, 45.49452], [16.78857, 45.4942], [16.78889, 45.49368], [16.78828, 45.49294], [16.78864, 45.49278], [16.79055, 45.49358], [16.79025, 45.49298]]], [[[16.79132, 45.49706], [16.79136, 45.49638], [16.79056, 45.49625], [16.79055, 45.49679], [16.79101, 45.4968], [16.79104, 45.49711], [16.79178, 45.49709], [16.79132, 45.49706]]], [[[16.78628, 45.49894], [16.78736, 45.49955], [16.78776, 45.49928], [16.78848, 45.49956], [16.7892, 45.49923], [16.78797, 45.49815], [16.78827, 45.49801], [16.78804, 45.49781], [16.7889, 45.49745], [16.78852, 45.49715], [16.78693, 45.49752], [16.78641, 45.49699], [16.78609, 45.49699], [16.78607, 45.49679], [16.78682, 45.49637], [16.78707, 45.49642], [16.7875, 45.49705], [16.78858, 45.49684], [16.78953, 45.49767], [16.79032, 45.49749], [16.78915, 45.49689], [16.78873, 45.49618], [16.78817, 45.49647], [16.78757, 45.49583], [16.78623, 45.496], [16.78607, 45.49576], [16.78553, 45.4959], [16.78566, 45.49619], [16.78504, 45.4964], [16.78469, 45.49681], [16.786, 45.49799], [16.78647, 45.49763], [16.78702, 45.49761], [16.78836, 45.49853], [16.78842, 45.49881], [16.78788, 45.49894], [16.78678, 45.49818], [16.78638, 45.4985], [16.78583, 45.49853], [16.78472, 45.49766], [16.78394, 45.49877], [16.78471, 45.49927], [16.78476, 45.49955], [16.78415, 45.49969], [16.78357, 45.49926], [16.78322, 45.49945], [16.78333, 45.49997], [16.78499, 45.49979], [16.78557, 45.49948], [16.7858, 45.49886], [16.78628, 45.49894]]], [[[16.79062, 45.50378], [16.7902, 45.50391], [16.78996, 45.504], [16.79011, 45.5041], [16.79062, 45.50378]]], [[[16.78548, 45.50394], [16.78476, 45.50419], [16.78436, 45.50401], [16.78427, 45.50361], [16.78444, 45.50462], [16.78465, 45.50494], [16.78575, 45.50547], [16.78571, 45.50522], [16.78686, 45.50525], [16.78716, 45.50466], [16.78607, 45.50392], [16.78548, 45.50394]]], [[[16.79542, 45.50521], [16.79589, 45.50513], [16.79575, 45.50433], [16.79546, 45.50407], [16.79487, 45.50438], [16.7949, 45.5048], [16.79542, 45.50521]]], [[[16.79136, 45.50536], [16.79229, 45.50527], [16.79356, 45.50553], [16.79236, 45.50508], [16.79188, 45.5045], [16.79112, 45.50527], [16.79136, 45.50536]]], [[[16.78571, 45.50672], [16.78527, 45.50604], [16.78577, 45.50756], [16.78664, 45.50739], [16.78571, 45.50672]]], [[[16.7908, 45.50787], [16.79028, 45.50785], [16.79023, 45.50887], [16.79129, 45.50881], [16.7913, 45.50921], [16.79027, 45.50938], [16.79007, 45.51037], [16.79024, 45.51112], [16.79317, 45.51207], [16.79286, 45.51144], [16.79372, 45.51109], [16.79422, 45.51153], [16.79522, 45.5112], [16.79547, 45.5105], [16.79619, 45.50966], [16.79534, 45.50977], [16.79535, 45.50959], [16.79602, 45.50919], [16.7959, 45.50898], [16.79693, 45.50761], [16.7965, 45.50752], [16.79607, 45.50815], [16.79557, 45.5082], [16.7953, 45.50853], [16.79405, 45.50893], [16.7932, 45.51002], [16.79282, 45.51012], [16.79257, 45.51004], [16.79231, 45.50852], [16.79287, 45.50775], [16.79429, 45.50777], [16.79472, 45.50744], [16.79447, 45.50732], [16.79458, 45.50719], [16.79513, 45.50735], [16.79552, 45.50611], [16.7962, 45.50619], [16.79616, 45.50644], [16.79714, 45.50653], [16.79702, 45.5068], [16.79778, 45.50722], [16.79811, 45.50686], [16.79863, 45.50701], [16.79874, 45.5069], [16.79978, 45.50737], [16.80007, 45.50724], [16.79858, 45.50638], [16.79632, 45.50571], [16.79397, 45.50613], [16.79225, 45.50581], [16.79167, 45.50586], [16.79157, 45.5064], [16.79089, 45.507], [16.79031, 45.50723], [16.79033, 45.50751], [16.79073, 45.50719], [16.7912, 45.50732], [16.7908, 45.50787]]], [[[16.7863, 45.50789], [16.78618, 45.50787], [16.78624, 45.50804], [16.78627, 45.50794], [16.7863, 45.50789]]], [[[16.78908, 45.50759], [16.78934, 45.50739], [16.78899, 45.50744], [16.78864, 45.50812], [16.78807, 45.50813], [16.78773, 45.50842], [16.78708, 45.50797], [16.78701, 45.5081], [16.78755, 45.50893], [16.78857, 45.5091], [16.78909, 45.50977], [16.78945, 45.50947], [16.78889, 45.50888], [16.7888, 45.50832], [16.78908, 45.50759]]], [[[16.78677, 45.50887], [16.7866, 45.50871], [16.78639, 45.50843], [16.78645, 45.50857], [16.78677, 45.50887]]], [[[16.78779, 45.50954], [16.78751, 45.50952], [16.788, 45.51005], [16.78814, 45.5096], [16.78779, 45.50954]]], [[[16.78802, 45.51023], [16.78801, 45.51018], [16.788, 45.51014], [16.78794, 45.51018], [16.78802, 45.51023]]], [[[16.78935, 45.51009], [16.78936, 45.51007], [16.78877, 45.51006], [16.78931, 45.51043], [16.78935, 45.51009]]], [[[16.78958, 45.51149], [16.78982, 45.5117], [16.79042, 45.51178], [16.79017, 45.5117], [16.78958, 45.51149]]], [[[16.79056, 45.51233], [16.78997, 45.51229], [16.79022, 45.51307], [16.79057, 45.5125], [16.79056, 45.51233]]], [[[16.79123, 45.51419], [16.79116, 45.51461], [16.79202, 45.51546], [16.79176, 45.51641], [16.79209, 45.51738], [16.79154, 45.51858], [16.79199, 45.51873], [16.79469, 45.51869], [16.79463, 45.51858], [16.79988, 45.51861], [16.79706, 45.51795], [16.79495, 45.5167], [16.7936, 45.51459], [16.79346, 45.51382], [16.79426, 45.51376], [16.79381, 45.5131], [16.7933, 45.51273], [16.79123, 45.51203], [16.79136, 45.51242], [16.79096, 45.51323], [16.79123, 45.51419]]], [[[16.79107, 45.51542], [16.79079, 45.51547], [16.7909, 45.51586], [16.79112, 45.51586], [16.79125, 45.51552], [16.79107, 45.51542]]], [[[16.78947, 45.5169], [16.78977, 45.51538], [16.78917, 45.51419], [16.78845, 45.5142], [16.78798, 45.5138], [16.78583, 45.51445], [16.78753, 45.51449], [16.78879, 45.5155], [16.78814, 45.51593], [16.78776, 45.51589], [16.78773, 45.51603], [16.78803, 45.5161], [16.7876, 45.51629], [16.78649, 45.51613], [16.78594, 45.51639], [16.78592, 45.51659], [16.78639, 45.51679], [16.78773, 45.51713], [16.78759, 45.5188], [16.78959, 45.51877], [16.78967, 45.51792], [16.78925, 45.51791], [16.78924, 45.51766], [16.79005, 45.51764], [16.79009, 45.51724], [16.78993, 45.51693], [16.78947, 45.5169]]], [[[16.79127, 45.51706], [16.79122, 45.51699], [16.7912, 45.51754], [16.79133, 45.51731], [16.79127, 45.51706]]], [[[16.79095, 45.51802], [16.79102, 45.5179], [16.7908, 45.51791], [16.79073, 45.51875], [16.79095, 45.51802]]], [[[16.80044, 45.43143], [16.79967, 45.43012], [16.79897, 45.43048], [16.79828, 45.43049], [16.79701, 45.42934], [16.79609, 45.42941], [16.79686, 45.42994], [16.79689, 45.43078], [16.79961, 45.43185], [16.80275, 45.4324], [16.80259, 45.43198], [16.80317, 45.43154], [16.80263, 45.43147], [16.80137, 45.43168], [16.80044, 45.43143]]], [[[16.79332, 45.43707], [16.7946, 45.43728], [16.7949, 45.43705], [16.79478, 45.43699], [16.79332, 45.43707]]], [[[16.80887, 45.4461], [16.80502, 45.44716], [16.80412, 45.44621], [16.8009, 45.44679], [16.80126, 45.44762], [16.7995, 45.44794], [16.79873, 45.44709], [16.79517, 45.44739], [16.79591, 45.44857], [16.79828, 45.44824], [16.79854, 45.44862], [16.79957, 45.4485], [16.79961, 45.44819], [16.80122, 45.44806], [16.80198, 45.44832], [16.80453, 45.44786], [16.80695, 45.44729], [16.80822, 45.44695], [16.81171, 45.44586], [16.81477, 45.44467], [16.81848, 45.44292], [16.81689, 45.44142], [16.81797, 45.44288], [16.80887, 45.4461]], [[16.80916, 45.44661], [16.80557, 45.44761], [16.80368, 45.44788], [16.80511, 45.44759], [16.80541, 45.44736], [16.81195, 45.44538], [16.81673, 45.44372], [16.81359, 45.44509], [16.80916, 45.44661]]], [[[16.79967, 45.44866], [16.80063, 45.44854], [16.80175, 45.44836], [16.79889, 45.44875], [16.79967, 45.44866]]], [[[16.8016, 45.4609], [16.80482, 45.45992], [16.80514, 45.46024], [16.8069, 45.45991], [16.81026, 45.45866], [16.81073, 45.45876], [16.81063, 45.45913], [16.80623, 45.46088], [16.80793, 45.46319], [16.80597, 45.46391], [16.80723, 45.4665], [16.81703, 45.46278], [16.82602, 45.45998], [16.83091, 45.45897], [16.83599, 45.45815], [16.83588, 45.45739], [16.83665, 45.45699], [16.83571, 45.45651], [16.8354, 45.45574], [16.83562, 45.45523], [16.83537, 45.45491], [16.83542, 45.45451], [16.83592, 45.454], [16.83577, 45.45377], [16.83492, 45.45367], [16.83452, 45.45306], [16.83298, 45.45215], [16.83274, 45.45173], [16.83295, 45.45112], [16.82979, 45.45146], [16.81398, 45.4561], [16.80134, 45.461], [16.8016, 45.4609]], [[16.81434, 45.46189], [16.80999, 45.46355], [16.80915, 45.46158], [16.81195, 45.46051], [16.81254, 45.46012], [16.81311, 45.45927], [16.81304, 45.45835], [16.815, 45.45759], [16.82907, 45.45339], [16.83115, 45.45505], [16.83156, 45.45715], [16.82511, 45.45845], [16.81434, 45.46189]]], [[[16.79703, 45.46299], [16.79766, 45.4625], [16.79391, 45.4641], [16.79595, 45.46348], [16.79703, 45.46299]]], [[[16.80435, 45.46822], [16.79912, 45.47023], [16.79923, 45.47046], [16.80028, 45.47131], [16.80135, 45.4715], [16.8018, 45.47199], [16.80281, 45.4722], [16.80369, 45.47262], [16.80486, 45.4729], [16.80648, 45.47267], [16.80747, 45.47358], [16.8083, 45.47327], [16.80889, 45.47332], [16.80939, 45.47378], [16.80917, 45.47428], [16.80987, 45.47475], [16.81104, 45.47501], [16.81147, 45.47563], [16.81225, 45.47512], [16.81233, 45.47546], [16.81399, 45.47476], [16.8133, 45.4736], [16.81312, 45.47366], [16.81298, 45.47346], [16.81328, 45.47313], [16.8138, 45.47315], [16.81458, 45.47413], [16.81486, 45.47421], [16.81523, 45.47397], [16.81514, 45.47385], [16.81594, 45.47346], [16.81616, 45.47302], [16.81626, 45.47317], [16.81677, 45.47288], [16.8166, 45.47273], [16.81514, 45.47327], [16.81474, 45.47311], [16.81485, 45.4728], [16.8162, 45.47227], [16.81569, 45.47154], [16.81585, 45.47126], [16.81628, 45.47126], [16.81682, 45.47157], [16.81683, 45.47182], [16.81707, 45.47177], [16.81717, 45.47199], [16.81691, 45.47204], [16.81751, 45.47265], [16.81878, 45.47169], [16.81968, 45.47132], [16.81942, 45.47136], [16.81923, 45.47112], [16.8195, 45.47105], [16.81941, 45.47088], [16.81995, 45.47077], [16.82016, 45.47111], [16.82027, 45.47084], [16.82074, 45.47088], [16.82053, 45.47051], [16.82087, 45.47039], [16.82125, 45.47071], [16.8215, 45.47064], [16.82124, 45.4705], [16.8221, 45.47017], [16.82223, 45.47033], [16.82272, 45.4701], [16.82281, 45.47027], [16.82307, 45.4702], [16.8229, 45.46991], [16.82379, 45.46967], [16.82374, 45.46938], [16.82388, 45.46963], [16.82412, 45.46928], [16.82395, 45.469], [16.8242, 45.46894], [16.82448, 45.46912], [16.82492, 45.46872], [16.82472, 45.46866], [16.82495, 45.46847], [16.82482, 45.46825], [16.82532, 45.46799], [16.82515, 45.46783], [16.82551, 45.46796], [16.82544, 45.46747], [16.8261, 45.46712], [16.82591, 45.46678], [16.82623, 45.46668], [16.82638, 45.46682], [16.82617, 45.46722], [16.82647, 45.4671], [16.8267, 45.46648], [16.8273, 45.46595], [16.82709, 45.46477], [16.82745, 45.46312], [16.82518, 45.46481], [16.82444, 45.46608], [16.82319, 45.46757], [16.82183, 45.46876], [16.81999, 45.46927], [16.818, 45.47012], [16.81658, 45.46959], [16.815, 45.46971], [16.81378, 45.47043], [16.81333, 45.47141], [16.81239, 45.47158], [16.81089, 45.47071], [16.80708, 45.46973], [16.80759, 45.46885], [16.81841, 45.46476], [16.82796, 45.46187], [16.82816, 45.46139], [16.82876, 45.46131], [16.8289, 45.46168], [16.83206, 45.46103], [16.83209, 45.46128], [16.82978, 45.46195], [16.82867, 45.46249], [16.82909, 45.46344], [16.83091, 45.46505], [16.83159, 45.46463], [16.83274, 45.46426], [16.83326, 45.46428], [16.83363, 45.4645], [16.83401, 45.46393], [16.83491, 45.46374], [16.83729, 45.46228], [16.83718, 45.46195], [16.83634, 45.46131], [16.8362, 45.4604], [16.83644, 45.46], [16.8361, 45.45868], [16.8311, 45.45949], [16.8263, 45.46048], [16.82159, 45.46187], [16.81577, 45.46384], [16.80435, 45.46822]]], [[[16.79512, 45.47087], [16.79526, 45.471], [16.7977, 45.47005], [16.79731, 45.46955], [16.79701, 45.46949], [16.7949, 45.47073], [16.79512, 45.47087]]], [[[16.79394, 45.47317], [16.79424, 45.47336], [16.79577, 45.47226], [16.79537, 45.4721], [16.79362, 45.47314], [16.79375, 45.47331], [16.79394, 45.47317]]], [[[16.79879, 45.47345], [16.79828, 45.47313], [16.79823, 45.47271], [16.79745, 45.47269], [16.79689, 45.47213], [16.79636, 45.47234], [16.79587, 45.47229], [16.79388, 45.4737], [16.79439, 45.47408], [16.7928, 45.47409], [16.79311, 45.47429], [16.7947, 45.47429], [16.79714, 45.47623], [16.79764, 45.47686], [16.7969, 45.47626], [16.79682, 45.47644], [16.79643, 45.47641], [16.79582, 45.47669], [16.79622, 45.47734], [16.7969, 45.47777], [16.79726, 45.4785], [16.79697, 45.47901], [16.79717, 45.47909], [16.79745, 45.47867], [16.79809, 45.47853], [16.79869, 45.4788], [16.79877, 45.47926], [16.80241, 45.47944], [16.80562, 45.47744], [16.80561, 45.47722], [16.8063, 45.47712], [16.80715, 45.47643], [16.80767, 45.47633], [16.80707, 45.47605], [16.80616, 45.47517], [16.8053, 45.47487], [16.80473, 45.47438], [16.80382, 45.47417], [16.80299, 45.47422], [16.80221, 45.47371], [16.80168, 45.47427], [16.80103, 45.47438], [16.79965, 45.47397], [16.79914, 45.47347], [16.79879, 45.47345]], [[16.80285, 45.47728], [16.80294, 45.47733], [16.80255, 45.47763], [16.80228, 45.47727], [16.80285, 45.47728]]], [[[16.79518, 45.47555], [16.79552, 45.47591], [16.79594, 45.47583], [16.79574, 45.47558], [16.79518, 45.47555]]], [[[16.79647, 45.47854], [16.79645, 45.47853], [16.79644, 45.47853], [16.79647, 45.47854]]], [[[16.8138, 45.47832], [16.81346, 45.47847], [16.81315, 45.47806], [16.81243, 45.47791], [16.81273, 45.47775], [16.8126, 45.47767], [16.81079, 45.47679], [16.81064, 45.47692], [16.81041, 45.47681], [16.81056, 45.47665], [16.80977, 45.47635], [16.80891, 45.47682], [16.80738, 45.47705], [16.80702, 45.47736], [16.80721, 45.47756], [16.80689, 45.47786], [16.80829, 45.47911], [16.80812, 45.47945], [16.80837, 45.47959], [16.80858, 45.47941], [16.80961, 45.48011], [16.80985, 45.48008], [16.81098, 45.48105], [16.81072, 45.4817], [16.81113, 45.48206], [16.81136, 45.48195], [16.81182, 45.48257], [16.81158, 45.48273], [16.81178, 45.48341], [16.81208, 45.48333], [16.81242, 45.48395], [16.81184, 45.48405], [16.81183, 45.4859], [16.81146, 45.48594], [16.81141, 45.48619], [16.81166, 45.48622], [16.81169, 45.48707], [16.81254, 45.48709], [16.81253, 45.48756], [16.81224, 45.48757], [16.81199, 45.48719], [16.81137, 45.48712], [16.81138, 45.48737], [16.81154, 45.48764], [16.81179, 45.4876], [16.81228, 45.48884], [16.81267, 45.48918], [16.81367, 45.48895], [16.8137, 45.48803], [16.81444, 45.48739], [16.81447, 45.48658], [16.81492, 45.48567], [16.81546, 45.48564], [16.81572, 45.48581], [16.81522, 45.48668], [16.8151, 45.48773], [16.81443, 45.48821], [16.81455, 45.48914], [16.81424, 45.4897], [16.81354, 45.48995], [16.81429, 45.48978], [16.8147, 45.48922], [16.81589, 45.48864], [16.81555, 45.48791], [16.81543, 45.48668], [16.81649, 45.48524], [16.81716, 45.48524], [16.81588, 45.48401], [16.81419, 45.48415], [16.81395, 45.48256], [16.81252, 45.48077], [16.81162, 45.48042], [16.81039, 45.47926], [16.80908, 45.47869], [16.80869, 45.47809], [16.80792, 45.47809], [16.80732, 45.47782], [16.8076, 45.47742], [16.80943, 45.47775], [16.80971, 45.4781], [16.81047, 45.47848], [16.81145, 45.47815], [16.81179, 45.4783], [16.81125, 45.47867], [16.81164, 45.47888], [16.81164, 45.47929], [16.81275, 45.47979], [16.81347, 45.47967], [16.81324, 45.47902], [16.81364, 45.47918], [16.8151, 45.47903], [16.81607, 45.4792], [16.81601, 45.47938], [16.81444, 45.47939], [16.8139, 45.47981], [16.81338, 45.47992], [16.81339, 45.48008], [16.8149, 45.48052], [16.81435, 45.47984], [16.8147, 45.47974], [16.81599, 45.48008], [16.8172, 45.47973], [16.8172, 45.48022], [16.8179, 45.48101], [16.81861, 45.48085], [16.81805, 45.47999], [16.8171, 45.4795], [16.81696, 45.47961], [16.81642, 45.47949], [16.81653, 45.47922], [16.81628, 45.4791], [16.81596, 45.47902], [16.81587, 45.47916], [16.81517, 45.47881], [16.81493, 45.47896], [16.8147, 45.4788], [16.81448, 45.47889], [16.8138, 45.47832]]], [[[16.81167, 45.47954], [16.81163, 45.47951], [16.81163, 45.47954], [16.81167, 45.47954]]], [[[16.80848, 45.48089], [16.80731, 45.48014], [16.80694, 45.48025], [16.80662, 45.4798], [16.80686, 45.47952], [16.80572, 45.47901], [16.80488, 45.4791], [16.80461, 45.4793], [16.80478, 45.47944], [16.80353, 45.48005], [16.80407, 45.48105], [16.8037, 45.48117], [16.80409, 45.48175], [16.80465, 45.48154], [16.80493, 45.48216], [16.80454, 45.4824], [16.8049, 45.48257], [16.8052, 45.48368], [16.80441, 45.48377], [16.80408, 45.48362], [16.80379, 45.48256], [16.80326, 45.48225], [16.80226, 45.48043], [16.80127, 45.48051], [16.80237, 45.48341], [16.80255, 45.48338], [16.80287, 45.48414], [16.80236, 45.48416], [16.8033, 45.48573], [16.80376, 45.48433], [16.8041, 45.4843], [16.80511, 45.48464], [16.8054, 45.48356], [16.80597, 45.48346], [16.80642, 45.48284], [16.80666, 45.4823], [16.80612, 45.48224], [16.80572, 45.48142], [16.80594, 45.48079], [16.8074, 45.48164], [16.80791, 45.48132], [16.8072, 45.48032], [16.80788, 45.48058], [16.80781, 45.48072], [16.80836, 45.48127], [16.80936, 45.48199], [16.80975, 45.4818], [16.8096, 45.48209], [16.80981, 45.48246], [16.80885, 45.48246], [16.80833, 45.48291], [16.80928, 45.484], [16.8095, 45.48397], [16.80968, 45.48446], [16.80895, 45.48464], [16.8092, 45.48522], [16.80961, 45.48522], [16.80958, 45.48569], [16.81041, 45.48573], [16.81102, 45.48434], [16.81107, 45.48399], [16.81083, 45.48398], [16.81057, 45.48297], [16.81084, 45.48289], [16.81073, 45.48269], [16.81022, 45.48283], [16.80978, 45.48236], [16.80984, 45.48178], [16.80952, 45.48185], [16.80848, 45.48089]]], [[[16.80124, 45.48238], [16.80044, 45.4804], [16.79874, 45.48028], [16.80089, 45.48429], [16.80159, 45.48416], [16.80166, 45.48377], [16.80124, 45.48238]]], [[[16.81051, 45.48745], [16.80982, 45.48813], [16.81129, 45.48853], [16.81053, 45.48748], [16.81069, 45.4859], [16.81054, 45.48587], [16.81051, 45.48694], [16.80989, 45.48727], [16.81051, 45.48745]]], [[[16.81139, 45.49121], [16.81189, 45.48978], [16.81167, 45.4901], [16.81117, 45.49008], [16.811, 45.49049], [16.81004, 45.49061], [16.81003, 45.49169], [16.80963, 45.49137], [16.80937, 45.49231], [16.80999, 45.49259], [16.81298, 45.49196], [16.81327, 45.4908], [16.81268, 45.49049], [16.81261, 45.49], [16.81209, 45.49139], [16.81162, 45.49149], [16.81139, 45.49121]]], [[[16.80367, 45.49352], [16.8042, 45.49349], [16.80634, 45.49274], [16.80598, 45.49236], [16.80428, 45.49149], [16.80421, 45.49177], [16.80457, 45.49228], [16.80424, 45.49296], [16.80364, 45.49296], [16.80347, 45.49319], [16.80367, 45.49352]]], [[[16.79909, 45.49269], [16.79859, 45.49271], [16.79884, 45.49307], [16.80038, 45.49286], [16.8011, 45.49368], [16.8004, 45.49385], [16.79983, 45.49427], [16.79953, 45.49423], [16.79863, 45.49524], [16.7961, 45.49535], [16.7953, 45.49497], [16.79546, 45.49436], [16.79503, 45.49446], [16.79498, 45.49515], [16.79476, 45.49512], [16.79451, 45.49573], [16.79385, 45.49613], [16.79546, 45.4962], [16.7963, 45.49593], [16.79788, 45.49587], [16.7979, 45.49575], [16.79929, 45.49574], [16.79925, 45.4959], [16.79959, 45.49594], [16.80009, 45.49547], [16.79949, 45.4952], [16.79961, 45.49499], [16.80019, 45.49517], [16.80049, 45.49491], [16.80006, 45.49464], [16.80187, 45.49371], [16.80212, 45.49373], [16.80199, 45.49359], [16.80228, 45.49346], [16.80141, 45.49272], [16.80106, 45.49283], [16.80078, 45.49204], [16.79967, 45.49245], [16.79943, 45.4922], [16.79913, 45.49233], [16.79932, 45.49263], [16.79909, 45.49269]]], [[[16.79427, 45.49769], [16.79494, 45.49765], [16.79504, 45.49731], [16.79626, 45.49746], [16.7962, 45.49691], [16.79742, 45.49672], [16.79763, 45.49695], [16.79871, 45.49696], [16.79911, 45.49648], [16.79694, 45.49642], [16.796, 45.49664], [16.79593, 45.49683], [16.79495, 45.49684], [16.79476, 45.49745], [16.79442, 45.49738], [16.79451, 45.49678], [16.79377, 45.49666], [16.79351, 45.49729], [16.79269, 45.49714], [16.79272, 45.4965], [16.79222, 45.49645], [16.79208, 45.49711], [16.79244, 45.49715], [16.7924, 45.49747], [16.79378, 45.4976], [16.79396, 45.4974], [16.79428, 45.4974], [16.79427, 45.49769]]], [[[16.80354, 45.50142], [16.80411, 45.50125], [16.8051, 45.50058], [16.80427, 45.50043], [16.80354, 45.50142]]], [[[16.8003, 45.50236], [16.8008, 45.50236], [16.80205, 45.50283], [16.80239, 45.50244], [16.80199, 45.50222], [16.80193, 45.50188], [16.80074, 45.50197], [16.80026, 45.50217], [16.8003, 45.50236]]], [[[16.80433, 45.50183], [16.80425, 45.50285], [16.80515, 45.50303], [16.80538, 45.50163], [16.80433, 45.50183]]], [[[16.80656, 45.50213], [16.8069, 45.50261], [16.80659, 45.50301], [16.8069, 45.50299], [16.80789, 45.50252], [16.80851, 45.5019], [16.80701, 45.50171], [16.80656, 45.50213]]], [[[16.80851, 45.50329], [16.80882, 45.50297], [16.80919, 45.50308], [16.80926, 45.50256], [16.80896, 45.50232], [16.80721, 45.50341], [16.80724, 45.50374], [16.80795, 45.50384], [16.80848, 45.50369], [16.80851, 45.50329]]], [[[16.80244, 45.50412], [16.8027, 45.50468], [16.80332, 45.50455], [16.80357, 45.50419], [16.80431, 45.50397], [16.80403, 45.50368], [16.80304, 45.50371], [16.80244, 45.50412]]], [[[16.80696, 45.5053], [16.80734, 45.50498], [16.80735, 45.50464], [16.80665, 45.50376], [16.80574, 45.5046], [16.80631, 45.50513], [16.80696, 45.5053]]], [[[16.79782, 45.50551], [16.79821, 45.50569], [16.79848, 45.50498], [16.798, 45.50482], [16.79755, 45.50543], [16.79782, 45.50551]]], [[[16.80413, 45.50463], [16.80372, 45.50501], [16.8023, 45.50532], [16.80113, 45.50708], [16.80175, 45.50739], [16.80124, 45.507], [16.80382, 45.50544], [16.80474, 45.50589], [16.80502, 45.50505], [16.80472, 45.50444], [16.80413, 45.50463]]], [[[16.79992, 45.50643], [16.80049, 45.50678], [16.80121, 45.50569], [16.79911, 45.50598], [16.79992, 45.50643]]], [[[16.80155, 45.50872], [16.80218, 45.50829], [16.80072, 45.50754], [16.80003, 45.50788], [16.80023, 45.50822], [16.80089, 45.50837], [16.80127, 45.50879], [16.80155, 45.50872]]], [[[16.80563, 45.5081], [16.80496, 45.5071], [16.80403, 45.50683], [16.80192, 45.50748], [16.80325, 45.50825], [16.80305, 45.50865], [16.80355, 45.50929], [16.80235, 45.51028], [16.80361, 45.51026], [16.80478, 45.50981], [16.80556, 45.50891], [16.80499, 45.50893], [16.80414, 45.50827], [16.80516, 45.50792], [16.80563, 45.5081]]], [[[16.79836, 45.50996], [16.79797, 45.51027], [16.79675, 45.51008], [16.79574, 45.5116], [16.79436, 45.51207], [16.79595, 45.51422], [16.79568, 45.51443], [16.79694, 45.51638], [16.79757, 45.51621], [16.79782, 45.51674], [16.80016, 45.51682], [16.80238, 45.51857], [16.81287, 45.5184], [16.81178, 45.51748], [16.81024, 45.51719], [16.8092, 45.51736], [16.80673, 45.51843], [16.80582, 45.51802], [16.80444, 45.51788], [16.80133, 45.5163], [16.79816, 45.51559], [16.79756, 45.5147], [16.79716, 45.51293], [16.79801, 45.51222], [16.79837, 45.51134], [16.79954, 45.51027], [16.79893, 45.50987], [16.79927, 45.50928], [16.79877, 45.50982], [16.79836, 45.50996]]], [[[16.81272, 45.41221], [16.81274, 45.41496], [16.81323, 45.41586], [16.81432, 45.41681], [16.81569, 45.41959], [16.81511, 45.41979], [16.8154, 45.42194], [16.81608, 45.42285], [16.81688, 45.42345], [16.81272, 45.42211], [16.81232, 45.42176], [16.81187, 45.42217], [16.81465, 45.42321], [16.81359, 45.42446], [16.81729, 45.42544], [16.8183, 45.42586], [16.81964, 45.42682], [16.82114, 45.42498], [16.82052, 45.42293], [16.82081, 45.4219], [16.82043, 45.42172], [16.82019, 45.42132], [16.81957, 45.42118], [16.81933, 45.42085], [16.8195, 45.42027], [16.82013, 45.42001], [16.82005, 45.41952], [16.81935, 45.41922], [16.81924, 45.41868], [16.81872, 45.41816], [16.81891, 45.41771], [16.81953, 45.41751], [16.81943, 45.41685], [16.81888, 45.41678], [16.81852, 45.41651], [16.81842, 45.41512], [16.81778, 45.41472], [16.81706, 45.41457], [16.81681, 45.41408], [16.81702, 45.41369], [16.81774, 45.41336], [16.81697, 45.41294], [16.81699, 45.41238], [16.81739, 45.41214], [16.81806, 45.41211], [16.81849, 45.41133], [16.81973, 45.41033], [16.81258, 45.41039], [16.81315, 45.41117], [16.81272, 45.41221]]], [[[16.82143, 45.41302], [16.82172, 45.41272], [16.821, 45.41236], [16.82159, 45.41235], [16.82167, 45.41179], [16.81927, 45.41148], [16.81891, 45.41204], [16.8197, 45.41237], [16.81992, 45.41276], [16.8195, 45.41329], [16.81983, 45.41368], [16.82056, 45.41372], [16.82093, 45.41411], [16.82079, 45.41458], [16.82122, 45.41528], [16.82035, 45.41596], [16.82031, 45.41756], [16.82054, 45.41809], [16.82167, 45.41864], [16.8217, 45.41909], [16.8211, 45.41944], [16.82107, 45.41987], [16.82129, 45.4207], [16.8219, 45.42082], [16.82224, 45.42125], [16.8221, 45.42161], [16.82158, 45.4219], [16.8213, 45.4229], [16.8219, 45.42508], [16.82018, 45.4272], [16.82088, 45.42771], [16.82077, 45.42744], [16.82116, 45.42651], [16.82149, 45.42627], [16.82356, 45.42279], [16.82396, 45.42244], [16.8238, 45.42244], [16.82299, 45.42041], [16.82248, 45.42006], [16.82149, 45.41547], [16.8241, 45.41393], [16.82513, 45.41391], [16.82487, 45.41307], [16.82143, 45.41302]]], [[[16.82679, 45.4334], [16.82711, 45.43328], [16.82765, 45.43353], [16.82874, 45.43261], [16.82585, 45.43301], [16.82641, 45.43355], [16.82679, 45.4334]]], [[[16.82205, 45.44081], [16.82622, 45.43768], [16.83108, 45.43309], [16.83099, 45.43304], [16.83051, 45.4334], [16.83011, 45.43344], [16.82818, 45.43534], [16.82696, 45.43593], [16.82662, 45.43634], [16.82695, 45.43652], [16.82573, 45.43761], [16.81985, 45.44171], [16.82019, 45.44196], [16.82205, 45.44081]]], [[[16.82413, 45.4403], [16.82093, 45.44238], [16.82174, 45.44272], [16.82243, 45.44338], [16.82295, 45.44488], [16.82324, 45.44515], [16.82828, 45.44563], [16.82858, 45.44453], [16.82845, 45.44399], [16.82922, 45.44342], [16.82986, 45.44334], [16.83046, 45.44364], [16.8323, 45.44291], [16.8364, 45.4419], [16.83965, 45.4414], [16.84075, 45.44094], [16.84484, 45.43857], [16.84679, 45.43778], [16.84827, 45.43676], [16.84723, 45.43523], [16.84635, 45.43525], [16.84582, 45.43591], [16.84505, 45.43603], [16.844, 45.43571], [16.84343, 45.43474], [16.84297, 45.43444], [16.84258, 45.43473], [16.84182, 45.43481], [16.8412, 45.43468], [16.84089, 45.43442], [16.84035, 45.4346], [16.83975, 45.43455], [16.83824, 45.43508], [16.83769, 45.43509], [16.83716, 45.4349], [16.83694, 45.43447], [16.83556, 45.43458], [16.83431, 45.43425], [16.8332, 45.43424], [16.83206, 45.43386], [16.83175, 45.43356], [16.82695, 45.43808], [16.82413, 45.4403]], [[16.8397, 45.43937], [16.83863, 45.43989], [16.83534, 45.44042], [16.83405, 45.44002], [16.83247, 45.4399], [16.83009, 45.44038], [16.82841, 45.44048], [16.82662, 45.44109], [16.82485, 45.44243], [16.82463, 45.44227], [16.82797, 45.4398], [16.83128, 45.43682], [16.83253, 45.43694], [16.83394, 45.43681], [16.83509, 45.43751], [16.8369, 45.438], [16.83861, 45.43804], [16.84043, 45.43764], [16.84092, 45.43772], [16.84179, 45.43824], [16.8397, 45.43937]], [[16.82747, 45.43872], [16.82749, 45.43881], [16.82727, 45.43883], [16.82725, 45.43874], [16.82747, 45.43872]]], [[[16.81835, 45.44138], [16.81788, 45.44139], [16.81908, 45.44259], [16.8196, 45.4423], [16.81835, 45.44138]]], [[[16.81965, 45.44311], [16.82027, 45.44365], [16.82042, 45.44374], [16.81972, 45.44307], [16.81965, 45.44311]]], [[[16.82112, 45.4435], [16.82179, 45.44415], [16.82215, 45.44454], [16.82176, 45.44365], [16.82122, 45.44312], [16.82033, 45.44275], [16.82112, 45.4435]]], [[[16.82628, 45.46848], [16.82677, 45.46814], [16.82702, 45.46805], [16.82674, 45.46815], [16.82628, 45.46848]]], [[[16.82696, 45.46772], [16.82702, 45.46805], [16.82737, 45.46792], [16.82774, 45.46868], [16.82702, 45.46916], [16.82736, 45.46968], [16.82797, 45.46973], [16.82811, 45.47022], [16.82924, 45.47015], [16.82987, 45.47057], [16.83033, 45.47146], [16.83096, 45.47186], [16.83104, 45.47213], [16.83124, 45.47206], [16.83116, 45.47132], [16.83174, 45.47095], [16.83219, 45.47029], [16.83163, 45.47007], [16.83142, 45.46963], [16.83074, 45.46915], [16.83081, 45.46874], [16.83136, 45.46843], [16.83124, 45.46802], [16.83072, 45.46784], [16.83049, 45.46745], [16.82969, 45.46754], [16.82905, 45.46737], [16.82868, 45.46705], [16.82721, 45.46742], [16.82719, 45.46762], [16.82693, 45.46754], [16.82696, 45.46772]]], [[[16.82582, 45.46885], [16.82602, 45.46869], [16.82547, 45.46911], [16.82588, 45.46944], [16.82539, 45.46928], [16.82514, 45.46943], [16.82531, 45.46959], [16.82498, 45.46955], [16.82455, 45.4699], [16.82479, 45.47013], [16.82423, 45.47047], [16.8242, 45.47076], [16.82392, 45.4706], [16.82355, 45.47094], [16.82335, 45.4707], [16.82317, 45.47075], [16.82384, 45.47184], [16.82384, 45.47141], [16.82542, 45.47257], [16.82633, 45.47161], [16.82605, 45.47123], [16.82685, 45.47056], [16.82613, 45.46968], [16.82616, 45.46888], [16.82628, 45.46848], [16.8265, 45.46808], [16.82651, 45.46776], [16.82608, 45.46842], [16.8261, 45.46906], [16.82582, 45.46885]]], [[[16.82694, 45.47111], [16.82715, 45.47094], [16.82702, 45.47078], [16.82695, 45.47105], [16.82694, 45.47111]]], [[[16.81984, 45.47124], [16.82004, 45.47116], [16.82003, 45.47115], [16.81982, 45.47121], [16.81984, 45.47124]]], [[[16.82172, 45.47116], [16.82135, 45.47126], [16.82137, 45.47129], [16.82172, 45.47116]]], [[[16.8203, 45.47167], [16.82049, 45.47163], [16.82047, 45.47161], [16.8203, 45.47167]]], [[[16.8226, 45.4713], [16.82243, 45.47097], [16.82165, 45.47151], [16.82112, 45.47134], [16.82071, 45.47151], [16.82075, 45.47179], [16.82043, 45.47176], [16.82056, 45.47217], [16.82024, 45.47217], [16.81998, 45.47183], [16.81953, 45.47207], [16.81967, 45.47222], [16.8195, 45.47232], [16.81934, 45.47219], [16.81929, 45.47243], [16.81855, 45.47273], [16.81859, 45.47328], [16.81894, 45.4737], [16.81864, 45.47383], [16.81912, 45.47392], [16.81921, 45.47419], [16.81896, 45.47423], [16.81909, 45.47452], [16.81891, 45.47474], [16.81859, 45.47486], [16.81871, 45.47507], [16.81962, 45.47499], [16.81955, 45.47463], [16.8202, 45.47453], [16.81981, 45.47377], [16.8202, 45.47376], [16.82005, 45.47298], [16.82073, 45.4729], [16.82107, 45.47332], [16.82132, 45.4732], [16.82171, 45.47377], [16.82166, 45.47507], [16.82199, 45.47553], [16.82302, 45.47567], [16.82289, 45.47619], [16.82151, 45.47654], [16.82161, 45.47695], [16.82342, 45.47681], [16.82413, 45.478], [16.82384, 45.47823], [16.8245, 45.47863], [16.82662, 45.47829], [16.8281, 45.47844], [16.82842, 45.47826], [16.82821, 45.47741], [16.82781, 45.47694], [16.82648, 45.47678], [16.82606, 45.47579], [16.82581, 45.47386], [16.82445, 45.47271], [16.82478, 45.4732], [16.82492, 45.47486], [16.82466, 45.47645], [16.82602, 45.47803], [16.826, 45.4783], [16.82547, 45.47838], [16.82471, 45.47775], [16.82384, 45.47624], [16.82415, 45.47486], [16.82403, 45.47331], [16.8226, 45.4713]]], [[[16.81732, 45.47333], [16.81735, 45.47348], [16.81708, 45.4734], [16.81675, 45.47359], [16.81635, 45.47418], [16.81601, 45.4742], [16.81512, 45.4748], [16.81511, 45.47513], [16.81479, 45.47523], [16.81489, 45.47538], [16.81279, 45.4759], [16.81287, 45.47605], [16.81194, 45.47657], [16.81221, 45.47672], [16.81221, 45.47658], [16.81251, 45.4766], [16.81278, 45.47704], [16.81366, 45.47751], [16.81454, 45.47715], [16.81402, 45.47749], [16.81414, 45.4776], [16.81473, 45.47741], [16.81445, 45.47778], [16.81454, 45.47801], [16.81488, 45.47773], [16.81553, 45.47764], [16.81563, 45.47781], [16.81491, 45.47814], [16.81621, 45.47799], [16.81631, 45.47809], [16.81603, 45.47818], [16.81616, 45.47844], [16.81661, 45.47847], [16.81673, 45.47866], [16.81706, 45.47845], [16.81721, 45.47866], [16.817, 45.47879], [16.81893, 45.47976], [16.81913, 45.48035], [16.81941, 45.48022], [16.8199, 45.48061], [16.81959, 45.48086], [16.81987, 45.48109], [16.82029, 45.48083], [16.82079, 45.48114], [16.82048, 45.48145], [16.82079, 45.48169], [16.82101, 45.48148], [16.82128, 45.48172], [16.82105, 45.48196], [16.82118, 45.48215], [16.82159, 45.48196], [16.82172, 45.48283], [16.82141, 45.48287], [16.8216, 45.48348], [16.8218, 45.4834], [16.82215, 45.48374], [16.822, 45.4839], [16.82242, 45.48408], [16.82237, 45.48388], [16.82275, 45.48366], [16.82314, 45.48394], [16.82282, 45.48423], [16.82388, 45.48446], [16.8239, 45.48371], [16.8245, 45.48331], [16.82457, 45.48295], [16.82379, 45.48271], [16.82364, 45.48214], [16.82249, 45.48292], [16.82182, 45.48264], [16.82235, 45.48193], [16.82217, 45.48163], [16.82298, 45.48101], [16.82258, 45.48061], [16.82249, 45.48052], [16.82133, 45.48136], [16.82027, 45.48024], [16.82119, 45.4795], [16.8207, 45.4788], [16.82015, 45.47891], [16.81979, 45.47861], [16.81889, 45.47917], [16.81863, 45.47873], [16.81992, 45.47822], [16.8178, 45.47717], [16.81576, 45.47659], [16.81672, 45.476], [16.81802, 45.47648], [16.81926, 45.47646], [16.81906, 45.47566], [16.81816, 45.47527], [16.81738, 45.47417], [16.81731, 45.47373], [16.81778, 45.47373], [16.81796, 45.47417], [16.81798, 45.47418], [16.81771, 45.47317], [16.81732, 45.47333]]], [[[16.81571, 45.47365], [16.81563, 45.47367], [16.81564, 45.4737], [16.81571, 45.47365]]], [[[16.82133, 45.47462], [16.82111, 45.47383], [16.82072, 45.47378], [16.82133, 45.47462], [16.82133, 45.47462]]], [[[16.82054, 45.48247], [16.82006, 45.48191], [16.81913, 45.48132], [16.81893, 45.48168], [16.81977, 45.48225], [16.82054, 45.48247]]], [[[16.82018, 45.48288], [16.8206, 45.48281], [16.82058, 45.48265], [16.81928, 45.48326], [16.81963, 45.48354], [16.82068, 45.48325], [16.82064, 45.48302], [16.82023, 45.48305], [16.82018, 45.48288]]], [[[16.82121, 45.48417], [16.82107, 45.48399], [16.8214, 45.48465], [16.82171, 45.48441], [16.82121, 45.48417]]], [[[16.82308, 45.48495], [16.82275, 45.48482], [16.82253, 45.48509], [16.82295, 45.48517], [16.8234, 45.48501], [16.82308, 45.48495]]], [[[16.82642, 45.48487], [16.82856, 45.48583], [16.83213, 45.48535], [16.832, 45.48368], [16.83115, 45.48378], [16.83142, 45.48505], [16.83, 45.48496], [16.82911, 45.4841], [16.8285, 45.48379], [16.82806, 45.48403], [16.82886, 45.48502], [16.8282, 45.48539], [16.82647, 45.48415], [16.82583, 45.48484], [16.82642, 45.48487]]], [[[16.82699, 45.48573], [16.82616, 45.48538], [16.82471, 45.48564], [16.8255, 45.48588], [16.82603, 45.48659], [16.82736, 45.48638], [16.82699, 45.48573]]], [[[16.81962, 45.49105], [16.82099, 45.49086], [16.82393, 45.49095], [16.82417, 45.49082], [16.82454, 45.49092], [16.82461, 45.49128], [16.8251, 45.49132], [16.82509, 45.4907], [16.82312, 45.49055], [16.82242, 45.4899], [16.8199, 45.49021], [16.8196, 45.49101], [16.81897, 45.49099], [16.81962, 45.49105]]], [[[16.81699, 45.49093], [16.81694, 45.49101], [16.81879, 45.49098], [16.81739, 45.49032], [16.81699, 45.49093]]], [[[16.816, 45.49061], [16.81493, 45.4905], [16.81455, 45.49073], [16.81513, 45.49129], [16.81559, 45.4912], [16.81546, 45.49101], [16.81596, 45.49114], [16.81683, 45.49102], [16.81651, 45.49045], [16.816, 45.49061]]], [[[16.82808, 45.49154], [16.82951, 45.49174], [16.82956, 45.49158], [16.83005, 45.49176], [16.83019, 45.49145], [16.8304, 45.49155], [16.83032, 45.49178], [16.83054, 45.49166], [16.83224, 45.49186], [16.83231, 45.4917], [16.83271, 45.49195], [16.83369, 45.4921], [16.83018, 45.49082], [16.82868, 45.49055], [16.82678, 45.49049], [16.82603, 45.49137], [16.82808, 45.49154]]], [[[16.81547, 45.49178], [16.8151, 45.49186], [16.81557, 45.49234], [16.81621, 45.49228], [16.81651, 45.49192], [16.81693, 45.49182], [16.8177, 45.49193], [16.81769, 45.49221], [16.8185, 45.49222], [16.81867, 45.49201], [16.81968, 45.49204], [16.82034, 45.49225], [16.82153, 45.49309], [16.82223, 45.49311], [16.82247, 45.49309], [16.82149, 45.49228], [16.82152, 45.49202], [16.82253, 45.49212], [16.82268, 45.49232], [16.82356, 45.49173], [16.82475, 45.49191], [16.82485, 45.49186], [16.82307, 45.49141], [16.82055, 45.49142], [16.82046, 45.49163], [16.8171, 45.49153], [16.81612, 45.49167], [16.81615, 45.49208], [16.81604, 45.49173], [16.8158, 45.49186], [16.81547, 45.49178]]], [[[16.82779, 45.49207], [16.82774, 45.49243], [16.8276, 45.49204], [16.82616, 45.49215], [16.82613, 45.49192], [16.8259, 45.4919], [16.82674, 45.493], [16.82855, 45.49259], [16.82987, 45.49259], [16.8304, 45.49312], [16.83014, 45.49397], [16.83103, 45.49401], [16.83172, 45.49262], [16.83287, 45.49256], [16.83358, 45.49327], [16.83362, 45.49411], [16.83337, 45.49446], [16.8347, 45.49478], [16.83584, 45.49484], [16.83649, 45.49411], [16.83649, 45.49343], [16.83602, 45.49314], [16.83467, 45.49303], [16.83466, 45.49324], [16.83416, 45.4932], [16.83417, 45.4929], [16.83368, 45.49279], [16.83369, 45.49277], [16.83291, 45.49257], [16.83221, 45.4924], [16.82872, 45.49219], [16.82872, 45.49251], [16.82848, 45.49251], [16.82847, 45.49215], [16.82779, 45.49207]]], [[[16.82935, 45.41021], [16.83901, 45.41132], [16.83901, 45.41123], [16.82935, 45.41021]]], [[[16.83916, 45.41575], [16.83908, 45.41342], [16.83777, 45.41401], [16.83654, 45.41513], [16.83697, 45.41774], [16.83916, 45.41575]]], [[[16.82696, 45.42239], [16.82668, 45.42239], [16.82662, 45.42239], [16.82696, 45.42239], [16.82696, 45.42239]]], [[[16.82918, 45.42268], [16.82932, 45.42249], [16.82833, 45.4225], [16.82928, 45.42296], [16.82918, 45.42268]]], [[[16.83693, 45.42671], [16.83222, 45.43153], [16.83144, 45.43191], [16.83206, 45.43214], [16.84579, 45.41886], [16.84506, 45.41887], [16.83739, 45.42649], [16.83693, 45.42671]]], [[[16.83281, 45.43253], [16.83396, 45.43312], [16.83429, 45.43286], [16.83447, 45.43298], [16.83416, 45.43322], [16.83513, 45.43371], [16.83599, 45.43388], [16.83601, 45.43352], [16.83634, 45.43324], [16.83729, 45.43303], [16.83792, 45.4333], [16.83888, 45.43299], [16.83938, 45.43246], [16.84016, 45.43227], [16.841, 45.43238], [16.84123, 45.43176], [16.84236, 45.43135], [16.8441, 45.4322], [16.84416, 45.43258], [16.84495, 45.43273], [16.84541, 45.43311], [16.84599, 45.43329], [16.84769, 45.43339], [16.84848, 45.43407], [16.85014, 45.43359], [16.85146, 45.4336], [16.85192, 45.43375], [16.85217, 45.4334], [16.85264, 45.43324], [16.85335, 45.43337], [16.85364, 45.43384], [16.85429, 45.43426], [16.85521, 45.43397], [16.85681, 45.43404], [16.85726, 45.43351], [16.85816, 45.43352], [16.85872, 45.43393], [16.85853, 45.43498], [16.86244, 45.43148], [16.84893, 45.42669], [16.84517, 45.42798], [16.84106, 45.42511], [16.84104, 45.42478], [16.84718, 45.41884], [16.84696, 45.41884], [16.83281, 45.43253]], [[16.83925, 45.42911], [16.84085, 45.42757], [16.84222, 45.42853], [16.84047, 45.4287], [16.83925, 45.42911]], [[16.84858, 45.43049], [16.84748, 45.43037], [16.84598, 45.42979], [16.84899, 45.42875], [16.85327, 45.4303], [16.8517, 45.43035], [16.85055, 45.43064], [16.84937, 45.43068], [16.84858, 45.43049]]], [[[16.8311, 45.4324], [16.83154, 45.43266], [16.83161, 45.43258], [16.83128, 45.43243], [16.8311, 45.4324]]], [[[16.8334, 45.4335], [16.83327, 45.43368], [16.83378, 45.43369], [16.8334, 45.43349], [16.8334, 45.4335]]], [[[16.83762, 45.4423], [16.83396, 45.44312], [16.83351, 45.44325], [16.83356, 45.44337], [16.83685, 45.44304], [16.83875, 45.44303], [16.83883, 45.44377], [16.83988, 45.44399], [16.84118, 45.44343], [16.84174, 45.44351], [16.84354, 45.44481], [16.84369, 45.44527], [16.8434, 45.44593], [16.84357, 45.44611], [16.84531, 45.44655], [16.84631, 45.44569], [16.84708, 45.44562], [16.84794, 45.44589], [16.8486, 45.44516], [16.84914, 45.44509], [16.84975, 45.44543], [16.85073, 45.4446], [16.85616, 45.44362], [16.86928, 45.43812], [16.86791, 45.43844], [16.86741, 45.43834], [16.86712, 45.43805], [16.86627, 45.43813], [16.86487, 45.43851], [16.85984, 45.43758], [16.85895, 45.4376], [16.85879, 45.43808], [16.85838, 45.43824], [16.85719, 45.43788], [16.85695, 45.43712], [16.85657, 45.43695], [16.85619, 45.43692], [16.85547, 45.43731], [16.85375, 45.43714], [16.8533, 45.43692], [16.85232, 45.43746], [16.85154, 45.43724], [16.85062, 45.43745], [16.84991, 45.43711], [16.84953, 45.43776], [16.84868, 45.43797], [16.84796, 45.43781], [16.84529, 45.43902], [16.84063, 45.44164], [16.83856, 45.44221], [16.83762, 45.4423]], [[16.85133, 45.44256], [16.84684, 45.44379], [16.84576, 45.44389], [16.84353, 45.44216], [16.84633, 45.44058], [16.84759, 45.44088], [16.84922, 45.44091], [16.85149, 45.44039], [16.85265, 45.44041], [16.85418, 45.44015], [16.85595, 45.44077], [16.85736, 45.44101], [16.85507, 45.44194], [16.85133, 45.44256]]], [[[16.831, 45.44412], [16.83101, 45.44424], [16.83158, 45.44404], [16.83141, 45.44384], [16.831, 45.44412]]], [[[16.83836, 45.44421], [16.8377, 45.44359], [16.83717, 45.4437], [16.83655, 45.44432], [16.83853, 45.44429], [16.83836, 45.44421]]], [[[16.82953, 45.44475], [16.82927, 45.44479], [16.82913, 45.44495], [16.82903, 45.44543], [16.82926, 45.44522], [16.82921, 45.44487], [16.82953, 45.44475]]], [[[16.83385, 45.44452], [16.83223, 45.4447], [16.83259, 45.44479], [16.83889, 45.45007], [16.8557, 45.4491], [16.85791, 45.44935], [16.85993, 45.45006], [16.85995, 45.4493], [16.85914, 45.4485], [16.85583, 45.44616], [16.85485, 45.44524], [16.85409, 45.44492], [16.85325, 45.44477], [16.85109, 45.44509], [16.85004, 45.44596], [16.84945, 45.44594], [16.84894, 45.44568], [16.84861, 45.44624], [16.84809, 45.44642], [16.84661, 45.44619], [16.84619, 45.44676], [16.8453, 45.44713], [16.84473, 45.44693], [16.84397, 45.44696], [16.84324, 45.44667], [16.8421, 45.44553], [16.84047, 45.44446], [16.83385, 45.44452]], [[16.83744, 45.44596], [16.83879, 45.44629], [16.84007, 45.44636], [16.84073, 45.4474], [16.84181, 45.4482], [16.84025, 45.44829], [16.83744, 45.44596]], [[16.85223, 45.44706], [16.85262, 45.44669], [16.85313, 45.44663], [16.85406, 45.44751], [16.85102, 45.44766], [16.85223, 45.44706]]], [[[16.83191, 45.44501], [16.83201, 45.44478], [16.82991, 45.44552], [16.83039, 45.44574], [16.83088, 45.44659], [16.83214, 45.44732], [16.83242, 45.4477], [16.83369, 45.44801], [16.83434, 45.44934], [16.83541, 45.44967], [16.83571, 45.45032], [16.83804, 45.45014], [16.83191, 45.44501]]], [[[16.83578, 45.45119], [16.83716, 45.45216], [16.8372, 45.45261], [16.83821, 45.45441], [16.8393, 45.45428], [16.84131, 45.45437], [16.84202, 45.45478], [16.84268, 45.45482], [16.8431, 45.45516], [16.84299, 45.45625], [16.84196, 45.45679], [16.84017, 45.45647], [16.83957, 45.45661], [16.83873, 45.45647], [16.83881, 45.45784], [16.85325, 45.4566], [16.8532, 45.45612], [16.85381, 45.4555], [16.85518, 45.45499], [16.85616, 45.45421], [16.85751, 45.45364], [16.85966, 45.45324], [16.85866, 45.45287], [16.8583, 45.45204], [16.85874, 45.45127], [16.85967, 45.45058], [16.85768, 45.44987], [16.85628, 45.44965], [16.84064, 45.45048], [16.83561, 45.45087], [16.83557, 45.45111], [16.83578, 45.45119]], [[16.84684, 45.45381], [16.84558, 45.45266], [16.84391, 45.45195], [16.85479, 45.45135], [16.85104, 45.45326], [16.84973, 45.45443], [16.84808, 45.4553], [16.84735, 45.4554], [16.84684, 45.45381]]], [[[16.83918, 45.45872], [16.8396, 45.4595], [16.83919, 45.45996], [16.83958, 45.46048], [16.84, 45.46186], [16.84108, 45.46154], [16.84175, 45.4618], [16.8416, 45.46155], [16.84177, 45.46064], [16.84146, 45.46014], [16.8405, 45.46034], [16.83974, 45.45998], [16.84027, 45.45961], [16.84191, 45.45986], [16.84239, 45.46056], [16.84295, 45.46058], [16.84234, 45.4597], [16.8435, 45.45921], [16.84378, 45.45954], [16.84326, 45.45984], [16.84356, 45.46022], [16.84399, 45.46006], [16.8441, 45.46023], [16.84368, 45.46039], [16.84438, 45.46122], [16.84626, 45.46084], [16.84682, 45.46054], [16.84656, 45.46027], [16.84485, 45.46008], [16.84471, 45.45978], [16.84539, 45.45944], [16.84499, 45.4593], [16.84622, 45.45882], [16.84688, 45.45905], [16.84637, 45.45943], [16.84713, 45.45965], [16.84745, 45.45948], [16.84699, 45.45887], [16.84737, 45.45845], [16.84796, 45.45833], [16.84845, 45.45846], [16.8491, 45.45818], [16.8496, 45.45826], [16.84999, 45.45794], [16.85107, 45.45768], [16.85122, 45.45736], [16.83886, 45.45838], [16.83918, 45.45872]], [[16.84596, 45.4603], [16.84636, 45.46075], [16.84583, 45.46064], [16.84596, 45.4603]]], [[[16.84188, 45.46219], [16.84199, 45.46221], [16.84184, 45.46196], [16.84186, 45.46203], [16.84188, 45.46219]]], [[[16.82787, 45.46518], [16.82828, 45.46585], [16.82769, 45.46672], [16.83012, 45.46599], [16.83003, 45.46564], [16.83027, 45.46532], [16.83001, 45.46485], [16.8289, 45.46351], [16.82847, 45.46331], [16.82839, 45.46394], [16.82771, 45.46478], [16.82787, 45.46518]]], [[[16.84072, 45.46379], [16.84085, 45.46412], [16.84103, 45.46426], [16.84101, 45.46354], [16.84072, 45.46379]]], [[[16.84263, 45.46516], [16.84281, 45.46525], [16.84207, 45.4645], [16.84203, 45.46372], [16.84273, 45.46343], [16.84261, 45.4632], [16.84307, 45.46319], [16.84315, 45.46299], [16.84334, 45.46329], [16.84247, 45.46363], [16.84218, 45.46409], [16.8425, 45.46432], [16.84338, 45.46422], [16.84367, 45.46439], [16.84297, 45.46468], [16.84323, 45.46477], [16.84298, 45.46486], [16.8431, 45.4653], [16.84376, 45.46587], [16.84414, 45.4658], [16.84413, 45.46554], [16.84469, 45.46497], [16.84531, 45.46559], [16.8456, 45.46549], [16.84529, 45.46495], [16.8453, 45.46433], [16.84481, 45.4642], [16.84428, 45.46364], [16.84472, 45.46352], [16.84468, 45.46322], [16.84254, 45.4627], [16.84168, 45.4629], [16.84197, 45.46412], [16.84176, 45.46482], [16.84239, 45.46484], [16.84263, 45.46516]]], [[[16.83971, 45.46407], [16.83941, 45.46401], [16.839, 45.46546], [16.8401, 45.46487], [16.8403, 45.464], [16.83971, 45.46407]]], [[[16.83852, 45.46567], [16.83852, 45.46569], [16.83857, 45.46566], [16.83852, 45.46567]]], [[[16.83659, 45.46847], [16.83609, 45.4683], [16.83629, 45.46823], [16.83626, 45.46765], [16.83682, 45.46733], [16.83636, 45.46718], [16.83612, 45.46685], [16.83651, 45.46549], [16.83606, 45.46572], [16.83534, 45.46568], [16.83416, 45.46605], [16.83347, 45.46647], [16.83549, 45.46819], [16.83558, 45.46901], [16.83665, 45.4693], [16.837, 45.4688], [16.83659, 45.46847]]], [[[16.8379, 45.46897], [16.83773, 45.469], [16.83773, 45.46901], [16.83784, 45.46905], [16.8379, 45.46897]]], [[[16.83671, 45.47254], [16.8369, 45.47228], [16.83635, 45.47177], [16.83674, 45.47111], [16.8362, 45.47062], [16.83638, 45.4697], [16.83505, 45.46971], [16.83433, 45.46935], [16.83432, 45.46788], [16.83274, 45.46643], [16.83246, 45.46636], [16.83215, 45.46668], [16.83284, 45.46735], [16.83357, 45.46756], [16.83413, 45.46856], [16.83413, 45.46916], [16.83372, 45.46972], [16.83398, 45.47038], [16.8336, 45.47077], [16.83409, 45.4705], [16.83385, 45.4712], [16.83423, 45.47087], [16.83506, 45.47061], [16.83486, 45.47028], [16.83455, 45.47024], [16.83458, 45.46984], [16.83586, 45.46997], [16.83587, 45.47041], [16.83561, 45.47051], [16.83593, 45.47076], [16.83588, 45.47158], [16.83618, 45.47171], [16.83629, 45.47209], [16.83562, 45.47231], [16.83451, 45.47219], [16.83442, 45.47276], [16.8351, 45.47312], [16.8366, 45.47324], [16.83664, 45.47338], [16.83611, 45.47349], [16.83599, 45.47411], [16.83686, 45.47431], [16.83779, 45.47582], [16.83773, 45.47623], [16.83886, 45.47651], [16.83828, 45.47545], [16.83706, 45.47415], [16.83671, 45.47254]]], [[[16.83889, 45.46996], [16.83841, 45.46921], [16.83782, 45.47023], [16.83775, 45.47092], [16.83809, 45.47154], [16.8378, 45.47212], [16.83829, 45.47236], [16.83845, 45.47278], [16.83824, 45.47312], [16.83777, 45.47329], [16.83779, 45.47395], [16.83946, 45.47585], [16.83961, 45.47639], [16.84066, 45.47605], [16.8414, 45.47626], [16.84161, 45.47669], [16.84151, 45.47728], [16.84245, 45.47602], [16.84137, 45.47608], [16.8407, 45.47541], [16.84044, 45.47448], [16.83858, 45.47222], [16.83923, 45.47192], [16.83895, 45.47149], [16.84022, 45.47089], [16.84024, 45.47036], [16.83968, 45.4703], [16.839, 45.47073], [16.83869, 45.47044], [16.83889, 45.46996]]], [[[16.8327, 45.47331], [16.83251, 45.47348], [16.83292, 45.4736], [16.83327, 45.47341], [16.8329, 45.47298], [16.8327, 45.47331]]], [[[16.83109, 45.47356], [16.83075, 45.47394], [16.83097, 45.47405], [16.83097, 45.47382], [16.83109, 45.47356]]], [[[16.82942, 45.47707], [16.82985, 45.47732], [16.83011, 45.47713], [16.83093, 45.4772], [16.8328, 45.4778], [16.83456, 45.4778], [16.83361, 45.47886], [16.83414, 45.47906], [16.83505, 45.4782], [16.83466, 45.47772], [16.8349, 45.4769], [16.8347, 45.47617], [16.83404, 45.47557], [16.83354, 45.47553], [16.83259, 45.47507], [16.83227, 45.47525], [16.83312, 45.47557], [16.83344, 45.47653], [16.83269, 45.47698], [16.83232, 45.47694], [16.832, 45.4762], [16.83029, 45.47667], [16.8283, 45.47522], [16.82791, 45.47579], [16.82825, 45.47639], [16.82893, 45.47645], [16.82857, 45.47665], [16.82942, 45.47707]]], [[[16.83609, 45.47664], [16.83654, 45.47705], [16.83657, 45.47744], [16.83699, 45.47726], [16.83758, 45.47642], [16.83724, 45.47629], [16.83704, 45.47661], [16.83609, 45.47664]]], [[[16.83853, 45.47764], [16.83844, 45.47793], [16.83826, 45.47814], [16.83908, 45.47799], [16.83899, 45.47733], [16.83853, 45.47764]]], [[[16.84291, 45.47862], [16.84236, 45.47869], [16.84198, 45.47889], [16.84159, 45.47891], [16.84197, 45.47926], [16.84243, 45.47874], [16.84324, 45.47859], [16.84291, 45.47862]]], [[[16.8326, 45.48536], [16.83662, 45.48526], [16.83921, 45.4854], [16.83927, 45.48514], [16.83839, 45.48477], [16.83702, 45.48462], [16.83578, 45.48502], [16.8326, 45.48536]]], [[[16.83098, 45.48605], [16.83102, 45.48607], [16.83222, 45.48589], [16.83182, 45.48587], [16.83098, 45.48605]]], [[[16.84046, 45.4901], [16.84027, 45.49015], [16.84002, 45.4899], [16.83608, 45.49082], [16.8378, 45.49073], [16.83825, 45.49094], [16.83876, 45.4908], [16.84027, 45.49091], [16.84072, 45.49077], [16.84046, 45.4901]]], [[[16.85062, 45.43581], [16.85069, 45.43594], [16.85069, 45.4357], [16.8505, 45.43569], [16.85062, 45.43581]]], [[[16.84904, 45.43597], [16.8487, 45.43613], [16.84884, 45.43634], [16.84907, 45.43621], [16.84904, 45.43597]]], [[[16.8557, 45.46101], [16.8559, 45.4609], [16.85572, 45.4606], [16.85656, 45.45961], [16.856, 45.45867], [16.85621, 45.45761], [16.85797, 45.45753], [16.85999, 45.45781], [16.86065, 45.45813], [16.86135, 45.45774], [16.85921, 45.45667], [16.85867, 45.45523], [16.85812, 45.45576], [16.85756, 45.45584], [16.85703, 45.45561], [16.85637, 45.456], [16.85646, 45.45643], [16.85598, 45.45752], [16.8551, 45.45781], [16.85475, 45.45776], [16.85279, 45.45871], [16.85225, 45.45927], [16.85148, 45.45941], [16.85103, 45.45981], [16.85008, 45.4598], [16.84918, 45.46013], [16.84909, 45.46053], [16.84974, 45.46301], [16.85302, 45.46242], [16.85496, 45.46153], [16.8557, 45.46101]]], [[[16.85734, 45.45954], [16.85825, 45.46002], [16.85922, 45.45941], [16.85762, 45.45893], [16.85734, 45.45954]]], [[[16.84769, 45.46054], [16.8481, 45.46064], [16.84845, 45.45981], [16.84832, 45.45966], [16.84769, 45.46054]]], [[[16.84281, 45.46213], [16.84319, 45.46195], [16.84355, 45.4617], [16.8437, 45.46147], [16.84318, 45.46085], [16.84196, 45.46129], [16.84248, 45.46216], [16.84281, 45.46213]], [[16.84289, 45.46205], [16.84266, 45.46167], [16.84284, 45.46161], [16.84309, 45.46199], [16.84289, 45.46205]]], [[[16.8478, 45.46177], [16.84725, 45.46107], [16.8469, 45.46124], [16.84715, 45.46144], [16.84685, 45.46159], [16.84671, 45.46139], [16.84634, 45.46138], [16.84494, 45.46164], [16.84513, 45.46183], [16.84471, 45.46207], [16.84446, 45.46182], [16.84442, 45.46185], [16.84512, 45.46249], [16.84555, 45.46228], [16.8457, 45.4624], [16.84522, 45.46272], [16.84684, 45.46328], [16.84874, 45.46518], [16.8512, 45.46497], [16.85032, 45.46387], [16.84999, 45.46399], [16.84922, 45.4637], [16.84901, 45.46291], [16.84862, 45.46246], [16.84879, 45.46233], [16.8478, 45.46177]]], [[[16.84597, 45.46623], [16.84603, 45.46613], [16.84584, 45.46613], [16.84597, 45.46623]]], [[[16.8446, 45.46675], [16.84479, 45.46717], [16.84504, 45.4671], [16.84482, 45.4669], [16.8446, 45.46675]]], [[[16.84338, 45.46657], [16.84257, 45.46542], [16.84176, 45.46524], [16.84217, 45.46736], [16.84545, 45.46997], [16.84608, 45.47138], [16.84716, 45.47264], [16.84714, 45.47319], [16.84803, 45.47362], [16.84829, 45.47454], [16.84908, 45.47491], [16.85003, 45.4743], [16.84972, 45.47383], [16.84835, 45.47329], [16.84662, 45.47154], [16.8481, 45.47056], [16.84779, 45.47023], [16.84679, 45.47038], [16.84582, 45.46963], [16.84553, 45.46887], [16.84456, 45.46823], [16.84427, 45.4674], [16.84338, 45.46657]]], [[[16.8502, 45.46687], [16.85083, 45.46773], [16.85147, 45.46963], [16.85229, 45.47064], [16.85241, 45.47227], [16.85317, 45.47282], [16.85336, 45.47328], [16.85277, 45.47388], [16.8522, 45.47366], [16.85157, 45.47395], [16.85178, 45.47447], [16.85319, 45.47467], [16.85365, 45.47427], [16.8533, 45.47368], [16.8545, 45.47326], [16.8539, 45.47247], [16.85301, 45.47212], [16.85262, 45.4709], [16.85312, 45.47071], [16.85157, 45.46885], [16.85171, 45.46784], [16.85079, 45.4668], [16.8502, 45.46687]]], [[[16.85075, 45.46981], [16.85068, 45.46967], [16.85088, 45.47001], [16.85077, 45.46985], [16.85075, 45.46981]]], [[[16.84536, 45.47157], [16.84481, 45.47027], [16.84368, 45.46948], [16.84338, 45.46971], [16.8451, 45.47106], [16.84614, 45.47313], [16.84637, 45.47321], [16.84644, 45.47285], [16.84536, 45.47157]]], [[[16.85514, 45.47191], [16.85513, 45.4719], [16.85544, 45.47235], [16.85528, 45.47207], [16.85514, 45.47191]]], [[[16.85015, 45.47593], [16.84991, 45.4755], [16.84807, 45.47551], [16.84709, 45.47694], [16.84704, 45.47864], [16.84775, 45.47831], [16.84764, 45.47769], [16.84823, 45.47743], [16.84811, 45.4768], [16.85015, 45.47593]]], [[[16.84344, 45.47731], [16.84389, 45.47771], [16.84445, 45.47781], [16.84491, 45.47814], [16.84591, 45.47843], [16.84626, 45.47835], [16.84633, 45.47687], [16.84663, 45.47616], [16.84578, 45.47651], [16.846, 45.47786], [16.84533, 45.4779], [16.84454, 45.47758], [16.84366, 45.47685], [16.84366, 45.47642], [16.84329, 45.47638], [16.84302, 45.47696], [16.84344, 45.47731]]], [[[16.84483, 45.4787], [16.84482, 45.47872], [16.8449, 45.47872], [16.84483, 45.4787]]], [[[16.84542, 45.47891], [16.84542, 45.47888], [16.84519, 45.47881], [16.84541, 45.47892], [16.84542, 45.47891]]], [[[16.84778, 45.47935], [16.84817, 45.47969], [16.84905, 45.47968], [16.8491, 45.47944], [16.84964, 45.47943], [16.84964, 45.47887], [16.84832, 45.47888], [16.84816, 45.47917], [16.8474, 45.47914], [16.84778, 45.47935]]], [[[16.84923, 45.48101], [16.84935, 45.48107], [16.84924, 45.48095], [16.84923, 45.48101]]], [[[16.84997, 45.48148], [16.8501, 45.48171], [16.85075, 45.48195], [16.85142, 45.48166], [16.85106, 45.48082], [16.85062, 45.4807], [16.85058, 45.48135], [16.84976, 45.48132], [16.84997, 45.48148]]], [[[16.85077, 45.48381], [16.85061, 45.48412], [16.85069, 45.48433], [16.85133, 45.48373], [16.85107, 45.48345], [16.85076, 45.4836], [16.85077, 45.48381]]], [[[16.85102, 45.48514], [16.85113, 45.48514], [16.85103, 45.48501], [16.85103, 45.48505], [16.85102, 45.48514]]], [[[16.85248, 45.48552], [16.85189, 45.48558], [16.8521, 45.48597], [16.85248, 45.48552]]], [[[16.8529, 45.4867], [16.85379, 45.48641], [16.85374, 45.48595], [16.85247, 45.48631], [16.8529, 45.4867]]], [[[16.84457, 45.4866], [16.8448, 45.48656], [16.84438, 45.48631], [16.8444, 45.48664], [16.84457, 45.4866]]], [[[16.84963, 45.48675], [16.84988, 45.48668], [16.8498, 45.48655], [16.85033, 45.48648], [16.84981, 45.4865], [16.84926, 45.48695], [16.84963, 45.48675]]], [[[16.85675, 45.48715], [16.85668, 45.48715], [16.8567, 45.4872], [16.8567, 45.48719], [16.85675, 45.48715]]], [[[16.85484, 45.48729], [16.8548, 45.48761], [16.85579, 45.48721], [16.85496, 45.48721], [16.85484, 45.48729]]], [[[16.85402, 45.4874], [16.85414, 45.48775], [16.85442, 45.48765], [16.85409, 45.48711], [16.85384, 45.48716], [16.85402, 45.4874]]], [[[16.84788, 45.4882], [16.84743, 45.48849], [16.8459, 45.48906], [16.84723, 45.48879], [16.8475, 45.48911], [16.84958, 45.48898], [16.8491, 45.48837], [16.84958, 45.48795], [16.84968, 45.4874], [16.84886, 45.48776], [16.84896, 45.48793], [16.84826, 45.48824], [16.84839, 45.48845], [16.84805, 45.48858], [16.84794, 45.48844], [16.84821, 45.48835], [16.84788, 45.4882]]], [[[16.85524, 45.48849], [16.85566, 45.48826], [16.85542, 45.48808], [16.85534, 45.4882], [16.85524, 45.48849]]], [[[16.8591, 45.48851], [16.85904, 45.4885], [16.85924, 45.48864], [16.85929, 45.48851], [16.8591, 45.48851]]], [[[16.84416, 45.48993], [16.84477, 45.48979], [16.84471, 45.48936], [16.84451, 45.48941], [16.84453, 45.4892], [16.84399, 45.48887], [16.84419, 45.48872], [16.84455, 45.48893], [16.84513, 45.48845], [16.84544, 45.48863], [16.84699, 45.48793], [16.84605, 45.48775], [16.84492, 45.4871], [16.84435, 45.48738], [16.84363, 45.48715], [16.84333, 45.48725], [16.84352, 45.48755], [16.84296, 45.4882], [16.84231, 45.48853], [16.84177, 45.48937], [16.84224, 45.49057], [16.84277, 45.49025], [16.84416, 45.48993]], [[16.84453, 45.4874], [16.84466, 45.48727], [16.84524, 45.48758], [16.84508, 45.48769], [16.84453, 45.4874]], [[16.84459, 45.48767], [16.8447, 45.48773], [16.8446, 45.48781], [16.84449, 45.48777], [16.84459, 45.48767]], [[16.8452, 45.4881], [16.84542, 45.48798], [16.84554, 45.4881], [16.84532, 45.48822], [16.8452, 45.4881]], [[16.84281, 45.48884], [16.84289, 45.48904], [16.84312, 45.4888], [16.84332, 45.48888], [16.84274, 45.48919], [16.84261, 45.48888], [16.84281, 45.48884]]], [[[16.84548, 45.48947], [16.84603, 45.49075], [16.84619, 45.49073], [16.84624, 45.49121], [16.84658, 45.49153], [16.84637, 45.4915], [16.84703, 45.49316], [16.84758, 45.49316], [16.84712, 45.49329], [16.84709, 45.49375], [16.84716, 45.49469], [16.84752, 45.49477], [16.8472, 45.4949], [16.84751, 45.4957], [16.84814, 45.49563], [16.84965, 45.49494], [16.84948, 45.49408], [16.84896, 45.49357], [16.84936, 45.493], [16.84896, 45.49179], [16.84796, 45.49201], [16.84788, 45.49152], [16.84712, 45.49178], [16.84663, 45.4914], [16.84744, 45.49094], [16.84713, 45.49047], [16.84632, 45.49035], [16.84608, 45.4899], [16.84635, 45.48962], [16.84558, 45.48921], [16.84548, 45.48947]]], [[[16.85664, 45.49144], [16.85835, 45.49244], [16.85978, 45.49285], [16.86053, 45.49292], [16.86097, 45.49222], [16.86053, 45.49148], [16.86036, 45.49009], [16.85915, 45.49048], [16.85871, 45.48994], [16.85705, 45.49082], [16.85579, 45.49075], [16.85624, 45.49144], [16.85664, 45.49144]]], [[[16.86014, 45.49399], [16.85988, 45.49447], [16.85975, 45.49477], [16.8602, 45.49434], [16.86014, 45.49399]]], [[[16.84659, 45.49543], [16.84652, 45.49522], [16.8458, 45.49582], [16.84586, 45.49624], [16.84608, 45.49628], [16.84676, 45.49589], [16.84659, 45.49543]]], [[[16.85033, 45.5088], [16.84953, 45.50874], [16.84882, 45.50882], [16.85034, 45.5088], [16.85033, 45.5088]]], [[[16.86104, 45.43395], [16.86131, 45.43456], [16.86206, 45.43478], [16.86332, 45.43563], [16.86329, 45.43617], [16.86274, 45.43654], [16.86344, 45.43659], [16.86441, 45.43704], [16.86619, 45.43715], [16.86742, 45.43676], [16.86964, 45.43648], [16.8654, 45.43654], [16.86539, 45.43611], [16.86483, 45.43604], [16.86421, 45.43563], [16.86412, 45.43526], [16.86437, 45.43488], [16.86534, 45.43475], [16.86521, 45.43062], [16.86496, 45.43053], [16.86288, 45.43193], [16.86091, 45.43388], [16.86104, 45.43395]]], [[[16.87256, 45.43645], [16.87275, 45.43666], [16.87331, 45.43642], [16.87252, 45.43643], [16.87256, 45.43645]]], [[[16.87755, 45.43666], [16.87704, 45.43635], [16.87495, 45.43639], [16.87212, 45.43756], [16.87353, 45.43733], [16.87515, 45.43679], [16.87696, 45.4367], [16.8782, 45.43687], [16.87819, 45.43668], [16.87755, 45.43666]]], [[[16.86978, 45.43791], [16.86984, 45.43788], [16.86982, 45.43787], [16.86978, 45.43791]]], [[[16.87048, 45.44095], [16.87437, 45.43999], [16.87448, 45.43928], [16.8738, 45.43897], [16.87402, 45.43873], [16.87551, 45.43842], [16.87499, 45.4379], [16.8742, 45.4377], [16.87217, 45.43812], [16.87145, 45.43783], [16.85651, 45.4441], [16.85463, 45.4445], [16.85539, 45.44485], [16.8564, 45.4458], [16.85974, 45.44816], [16.86069, 45.44912], [16.86062, 45.45033], [16.86231, 45.4508], [16.86367, 45.45088], [16.86814, 45.4502], [16.87026, 45.44945], [16.87279, 45.44777], [16.87248, 45.44797], [16.87036, 45.44736], [16.86867, 45.44908], [16.86717, 45.44881], [16.86671, 45.4484], [16.86621, 45.44885], [16.86333, 45.44922], [16.86307, 45.44837], [16.86187, 45.4471], [16.85912, 45.44515], [16.86198, 45.44399], [16.86186, 45.44227], [16.86445, 45.44295], [16.86808, 45.4414], [16.87048, 45.44095]]], [[[16.87755, 45.44289], [16.8784, 45.44277], [16.87818, 45.44133], [16.87616, 45.44217], [16.87608, 45.44246], [16.87647, 45.44253], [16.87711, 45.44304], [16.87755, 45.44289]]], [[[16.87401, 45.44313], [16.8744, 45.44354], [16.87513, 45.44333], [16.87592, 45.44281], [16.87586, 45.44257], [16.87401, 45.44313]]], [[[16.87586, 45.44334], [16.87541, 45.44347], [16.87488, 45.44401], [16.87429, 45.44421], [16.87419, 45.44397], [16.8738, 45.44409], [16.87385, 45.44456], [16.87353, 45.44491], [16.8727, 45.44506], [16.87348, 45.4471], [16.87417, 45.44659], [16.8741, 45.44638], [16.87522, 45.44579], [16.87523, 45.44436], [16.87622, 45.44383], [16.87586, 45.44334]]], [[[16.87306, 45.44882], [16.87284, 45.44852], [16.87232, 45.44889], [16.87299, 45.44897], [16.87306, 45.44882]]], [[[16.8739, 45.44912], [16.87385, 45.44909], [16.87379, 45.44914], [16.87381, 45.44915], [16.8739, 45.44912]]], [[[16.87173, 45.44932], [16.87175, 45.44928], [16.87129, 45.44957], [16.8717, 45.44951], [16.87173, 45.44932]]], [[[16.87827, 45.44678], [16.87799, 45.44709], [16.87698, 45.4475], [16.87699, 45.44799], [16.87672, 45.44831], [16.87619, 45.44848], [16.87567, 45.44838], [16.87522, 45.44911], [16.87538, 45.45009], [16.87433, 45.45087], [16.8743, 45.45099], [16.87512, 45.45098], [16.87617, 45.45117], [16.87702, 45.45103], [16.87676, 45.45139], [16.87543, 45.45109], [16.87409, 45.45119], [16.8734, 45.45143], [16.8713, 45.45309], [16.87006, 45.45327], [16.86938, 45.45302], [16.86885, 45.4534], [16.87025, 45.45379], [16.87085, 45.45372], [16.87382, 45.45177], [16.87451, 45.45162], [16.87561, 45.45182], [16.87641, 45.45237], [16.87706, 45.45223], [16.8776, 45.45237], [16.87808, 45.4531], [16.87873, 45.45277], [16.87852, 45.44639], [16.87827, 45.44678]], [[16.87778, 45.45088], [16.87772, 45.45109], [16.87727, 45.45097], [16.87725, 45.45051], [16.87766, 45.45059], [16.87778, 45.45088]]], [[[16.87222, 45.4509], [16.8724, 45.45137], [16.87208, 45.45178], [16.8725, 45.45187], [16.87315, 45.45143], [16.87264, 45.45079], [16.87216, 45.45073], [16.87222, 45.4509]]], [[[16.86776, 45.45263], [16.86825, 45.45286], [16.86834, 45.45276], [16.86789, 45.45219], [16.86808, 45.4519], [16.86851, 45.45192], [16.86887, 45.45236], [16.86919, 45.45209], [16.86941, 45.45187], [16.869, 45.45149], [16.86903, 45.45112], [16.87061, 45.44993], [16.86837, 45.45071], [16.86415, 45.45139], [16.86217, 45.45133], [16.86035, 45.45084], [16.85938, 45.45157], [16.85907, 45.45208], [16.85925, 45.45251], [16.85986, 45.45272], [16.86036, 45.45233], [16.86104, 45.4525], [16.86122, 45.45202], [16.86216, 45.45184], [16.8627, 45.45205], [16.86315, 45.45286], [16.86314, 45.45188], [16.86382, 45.4516], [16.8643, 45.4516], [16.86518, 45.45215], [16.8651, 45.45304], [16.86617, 45.45273], [16.86776, 45.45263]]], [[[16.87114, 45.45235], [16.8712, 45.45299], [16.87228, 45.45209], [16.8715, 45.45202], [16.87114, 45.45235]]], [[[16.86229, 45.45294], [16.86209, 45.45241], [16.86182, 45.45243], [16.86182, 45.45315], [16.86229, 45.45294]]], [[[16.87067, 45.45262], [16.86998, 45.45246], [16.86949, 45.45295], [16.87054, 45.45318], [16.87077, 45.4531], [16.87067, 45.45262]]], [[[16.86445, 45.45378], [16.86473, 45.45377], [16.8648, 45.45359], [16.86422, 45.45327], [16.86452, 45.45253], [16.86402, 45.45213], [16.8638, 45.45238], [16.86407, 45.45335], [16.86445, 45.45378]]], [[[16.8606, 45.45302], [16.86056, 45.45306], [16.8605, 45.4531], [16.86066, 45.45311], [16.8606, 45.45302]]], [[[16.87715, 45.45378], [16.87736, 45.45332], [16.87715, 45.45282], [16.87672, 45.45295], [16.87609, 45.45288], [16.87518, 45.45228], [16.87456, 45.45216], [16.87115, 45.45423], [16.87018, 45.45433], [16.86846, 45.45387], [16.86874, 45.45418], [16.87021, 45.45466], [16.87106, 45.45451], [16.87192, 45.45479], [16.87244, 45.4552], [16.87317, 45.45537], [16.87344, 45.4563], [16.87403, 45.45717], [16.87404, 45.45795], [16.87545, 45.45807], [16.8758, 45.45842], [16.87683, 45.45874], [16.87757, 45.45936], [16.87834, 45.45954], [16.87898, 45.4603], [16.87878, 45.45442], [16.87793, 45.45449], [16.87715, 45.45378]]], [[[16.87803, 45.45372], [16.87802, 45.45361], [16.87811, 45.45391], [16.87804, 45.45377], [16.87803, 45.45372]]], [[[16.85967, 45.45451], [16.85866, 45.45471], [16.85858, 45.45483], [16.86014, 45.45448], [16.85967, 45.45451]]], [[[16.86545, 45.4551], [16.86443, 45.45523], [16.86661, 45.45636], [16.86651, 45.457], [16.86791, 45.45696], [16.86746, 45.45721], [16.86807, 45.45738], [16.86738, 45.45767], [16.86791, 45.4586], [16.86779, 45.45873], [16.86761, 45.45875], [16.86729, 45.45823], [16.86588, 45.45783], [16.86457, 45.45652], [16.86433, 45.45711], [16.8633, 45.45704], [16.8614, 45.4557], [16.86066, 45.45548], [16.86037, 45.45602], [16.86216, 45.45785], [16.86332, 45.45811], [16.8624, 45.45899], [16.86527, 45.46086], [16.86492, 45.4611], [16.86384, 45.46053], [16.86192, 45.46001], [16.86185, 45.46126], [16.86098, 45.46267], [16.86037, 45.46324], [16.86072, 45.46358], [16.86083, 45.46409], [16.85977, 45.46425], [16.86038, 45.46542], [16.86039, 45.46669], [16.86084, 45.46732], [16.86168, 45.46709], [16.86151, 45.46685], [16.86174, 45.46662], [16.86398, 45.46628], [16.86428, 45.46572], [16.86385, 45.46534], [16.86382, 45.46497], [16.86531, 45.46375], [16.86513, 45.46317], [16.86598, 45.46245], [16.86622, 45.46158], [16.86613, 45.46035], [16.86658, 45.46005], [16.86708, 45.46001], [16.8685, 45.45837], [16.86789, 45.45798], [16.86868, 45.45829], [16.86915, 45.45825], [16.86977, 45.45726], [16.8707, 45.45669], [16.87025, 45.45664], [16.86994, 45.45635], [16.87081, 45.45603], [16.87043, 45.45578], [16.86945, 45.4557], [16.86907, 45.45593], [16.86678, 45.45549], [16.86665, 45.45481], [16.86545, 45.4551]]], [[[16.87168, 45.45673], [16.87166, 45.4567], [16.87165, 45.45669], [16.87164, 45.45671], [16.87168, 45.45673]]], [[[16.87158, 45.45782], [16.87145, 45.45786], [16.87116, 45.45836], [16.87207, 45.45764], [16.87202, 45.45757], [16.87158, 45.45782]]], [[[16.87208, 45.4589], [16.87195, 45.45847], [16.87143, 45.45907], [16.8704, 45.45937], [16.87168, 45.45919], [16.87208, 45.4589]]], [[[16.87449, 45.45987], [16.87371, 45.45974], [16.87249, 45.45917], [16.87221, 45.46075], [16.87264, 45.4623], [16.87235, 45.4631], [16.87249, 45.4633], [16.87491, 45.46017], [16.87449, 45.45987]]], [[[16.86888, 45.46118], [16.86972, 45.46186], [16.87027, 45.46201], [16.87063, 45.46154], [16.86909, 45.46075], [16.86888, 45.46118]]], [[[16.87864, 45.46243], [16.87736, 45.46197], [16.87648, 45.46122], [16.87638, 45.4609], [16.87536, 45.46073], [16.87445, 45.4619], [16.87491, 45.46215], [16.87472, 45.46278], [16.87532, 45.46319], [16.87576, 45.46475], [16.87771, 45.46555], [16.87913, 45.46479], [16.87905, 45.4625], [16.87864, 45.46243]]], [[[16.86842, 45.4615], [16.86826, 45.46157], [16.86875, 45.46224], [16.86873, 45.46261], [16.86802, 45.46303], [16.86734, 45.463], [16.86742, 45.46328], [16.86849, 45.46357], [16.8703, 45.4632], [16.86865, 45.46135], [16.86842, 45.4615]]], [[[16.87268, 45.46357], [16.87271, 45.46354], [16.87263, 45.46351], [16.87268, 45.46357]]], [[[16.87039, 45.46636], [16.87152, 45.46497], [16.87272, 45.46522], [16.87371, 45.46513], [16.87287, 45.46378], [16.87061, 45.46413], [16.86929, 45.46525], [16.86951, 45.46679], [16.87001, 45.46695], [16.87039, 45.46636]]], [[[16.86651, 45.46905], [16.86686, 45.46867], [16.86603, 45.46873], [16.8655, 45.46915], [16.86651, 45.46905]]], [[[16.87026, 45.4801], [16.87116, 45.47956], [16.87182, 45.47864], [16.87155, 45.47856], [16.86989, 45.4793], [16.86922, 45.47875], [16.8689, 45.479], [16.87026, 45.4801]]], [[[16.87487, 45.47851], [16.87466, 45.478], [16.87338, 45.47809], [16.87317, 45.47868], [16.87253, 45.47873], [16.87195, 45.47971], [16.87072, 45.48053], [16.87047, 45.48147], [16.87162, 45.48145], [16.87253, 45.48036], [16.87225, 45.47979], [16.87268, 45.47927], [16.87482, 45.47923], [16.87487, 45.47851]]], [[[16.86668, 45.4822], [16.86594, 45.48263], [16.86687, 45.48292], [16.8669, 45.48192], [16.86668, 45.4822]]], [[[16.86138, 45.48305], [16.86006, 45.48315], [16.86079, 45.4833], [16.86155, 45.48376], [16.86298, 45.48562], [16.8663, 45.48459], [16.86698, 45.48419], [16.86695, 45.4835], [16.8663, 45.48425], [16.86544, 45.48362], [16.86404, 45.48419], [16.86216, 45.48299], [16.86138, 45.48305]]], [[[16.86535, 45.48559], [16.86531, 45.4858], [16.8649, 45.48593], [16.86474, 45.48569], [16.863, 45.48622], [16.86314, 45.48648], [16.86378, 45.48611], [16.86548, 45.48653], [16.86582, 45.48558], [16.86702, 45.48553], [16.867, 45.48496], [16.86535, 45.48559]]], [[[16.85984, 45.48856], [16.85982, 45.4885], [16.85979, 45.48863], [16.8598, 45.4886], [16.85984, 45.48856]]], [[[16.86253, 45.48711], [16.86186, 45.48737], [16.8615, 45.48774], [16.86153, 45.48837], [16.8622, 45.48912], [16.86208, 45.48962], [16.86291, 45.49019], [16.86317, 45.48931], [16.86265, 45.48738], [16.86275, 45.48702], [16.86253, 45.48711]]], [[[16.8625, 45.4909], [16.86226, 45.49049], [16.86204, 45.49034], [16.86163, 45.49071], [16.8617, 45.49095], [16.8625, 45.4909]]], [[[16.8634, 45.49101], [16.86344, 45.49105], [16.86346, 45.49071], [16.86321, 45.49071], [16.8634, 45.49101]]], [[[16.86265, 45.49123], [16.86258, 45.49107], [16.86203, 45.49114], [16.86223, 45.49151], [16.86275, 45.49145], [16.86265, 45.49123]]], [[[16.86438, 45.49172], [16.86459, 45.49177], [16.8647, 45.4915], [16.86394, 45.49144], [16.86438, 45.49172]]], [[[16.86548, 45.49236], [16.86651, 45.49288], [16.86728, 45.49336], [16.86725, 45.49262], [16.86644, 45.49264], [16.86587, 45.49207], [16.86516, 45.49182], [16.86497, 45.49195], [16.86548, 45.49236]], [[16.86561, 45.4921], [16.86555, 45.49208], [16.86561, 45.49201], [16.86567, 45.49204], [16.86561, 45.4921]]], [[[16.86505, 45.49297], [16.86578, 45.4938], [16.86635, 45.49357], [16.8644, 45.49231], [16.8637, 45.49206], [16.86387, 45.49262], [16.86436, 45.49257], [16.86459, 45.49282], [16.86441, 45.49314], [16.8638, 45.49325], [16.86361, 45.4936], [16.86453, 45.49359], [16.86453, 45.4931], [16.86505, 45.49297]]], [[[16.86726, 45.49415], [16.8673, 45.49394], [16.86687, 45.49383], [16.86726, 45.49415]]], [[[16.86287, 45.49514], [16.86303, 45.4952], [16.86456, 45.49475], [16.86338, 45.4941], [16.86287, 45.49514]]], [[[16.86238, 45.49451], [16.8611, 45.49433], [16.861, 45.49463], [16.8621, 45.49504], [16.86238, 45.49451]]], [[[16.8619, 45.49556], [16.86209, 45.49505], [16.86159, 45.49543], [16.86146, 45.49581], [16.86179, 45.4961], [16.8619, 45.49556]]], [[[16.86279, 45.49664], [16.86325, 45.49664], [16.86382, 45.4958], [16.8643, 45.49572], [16.86508, 45.49631], [16.8658, 45.49593], [16.86511, 45.49515], [16.86478, 45.4955], [16.86468, 45.49537], [16.86316, 45.49574], [16.86265, 45.49566], [16.86257, 45.49676], [16.86279, 45.49664]]], [[[16.862, 45.49794], [16.86188, 45.49837], [16.86289, 45.49806], [16.8619, 45.49736], [16.86169, 45.49761], [16.862, 45.49794]]], [[[16.86651, 45.4994], [16.86641, 45.49954], [16.86748, 45.49952], [16.86745, 45.4986], [16.86651, 45.4994]]]]}, "properties": {"kind": "pv", "area_km2": 29.74, "mw": 1486.9}}]}