{"type": "FeatureCollection", "features": [{"type": "Feature", "geometry": {"type": "MultiPolygon", "coordinates": [[[[17.06842, 45.43417], [17.0607, 45.43671], [17.04221, 45.4404], [17.03752, 45.44047], [17.03733, 45.44103], [17.03968, 45.44144], [17.04364, 45.44039], [17.04906, 45.44025], [17.0519, 45.4397], [17.06259, 45.43632], [17.06889, 45.43503], [17.06842, 45.43417]]], [[[16.5351, 45.46423], [16.54254, 45.46424], [16.54258, 45.46381], [16.53889, 45.46393], [16.53897, 45.45602], [16.54019, 45.45603], [16.54027, 45.45457], [16.53846, 45.45505], [16.53662, 45.45332], [16.53646, 45.453], [16.53741, 45.45255], [16.5373, 45.45347], [16.53905, 45.45448], [16.53988, 45.45384], [16.53663, 45.45187], [16.53751, 45.45088], [16.53672, 45.45088], [16.53692, 45.45013], [16.53801, 45.45044], [16.53976, 45.45284], [16.54075, 45.4533], [16.54085, 45.45309], [16.54045, 45.45218], [16.53923, 45.4516], [16.53878, 45.45086], [16.53905, 45.45038], [16.53773, 45.4493], [16.53713, 45.44926], [16.5373, 45.44864], [16.53942, 45.44945], [16.53917, 45.44897], [16.53733, 45.44837], [16.53744, 45.44776], [16.53946, 45.44825], [16.53748, 45.4474], [16.5355, 45.44749], [16.53382, 45.44819], [16.53305, 45.44863], [16.53289, 45.44946], [16.53287, 45.4501], [16.53352, 45.45008], [16.53309, 45.44962], [16.53371, 45.44963], [16.53344, 45.44914], [16.53432, 45.44877], [16.53497, 45.44946], [16.53466, 45.44959], [16.53673, 45.45019], [16.53654, 45.45082], [16.53422, 45.44996], [16.53388, 45.45051], [16.53453, 45.45102], [16.53285, 45.45056], [16.53268, 45.45444], [16.53463, 45.45604], [16.53261, 45.45603], [16.53226, 45.46422], [16.5351, 45.46423]]], [[[16.53807, 45.44481], [16.53794, 45.44605], [16.53967, 45.44673], [16.53983, 45.44703], [16.53906, 45.44773], [16.54218, 45.45084], [16.54315, 45.45397], [16.54744, 45.45292], [16.55062, 45.45094], [16.55036, 45.44941], [16.54912, 45.44776], [16.54992, 45.44743], [16.55055, 45.44758], [16.54968, 45.4465], [16.54941, 45.44514], [16.55014, 45.44351], [16.55157, 45.44244], [16.55029, 45.44185], [16.55115, 45.44061], [16.55065, 45.44006], [16.55089, 45.43944], [16.55282, 45.43877], [16.55354, 45.43894], [16.5536, 45.43951], [16.55452, 45.44013], [16.55513, 45.44016], [16.55555, 45.43891], [16.55669, 45.43801], [16.55659, 45.43639], [16.55456, 45.43538], [16.55393, 45.43566], [16.55306, 45.43534], [16.55148, 45.43376], [16.55096, 45.43355], [16.55022, 45.43377], [16.54994, 45.43297], [16.55027, 45.43251], [16.54958, 45.43259], [16.5483, 45.43169], [16.54552, 45.43181], [16.54539, 45.43404], [16.54614, 45.43538], [16.54678, 45.4356], [16.54623, 45.43567], [16.54615, 45.43728], [16.54529, 45.43851], [16.54383, 45.43942], [16.54151, 45.43992], [16.54051, 45.44103], [16.53888, 45.44189], [16.5367, 45.44237], [16.53424, 45.44212], [16.53373, 45.44488], [16.53807, 45.44481]]], [[[17.06829, 45.47989], [17.07042, 45.48196], [17.07112, 45.48175], [17.07154, 45.47932], [17.06829, 45.47989]]], [[[17.072, 45.46165], [17.06922, 45.46288], [17.0647, 45.4664], [17.06102, 45.46797], [17.06049, 45.47002], [17.05611, 45.47515], [17.05778, 45.4765], [17.06048, 45.4774], [17.06162, 45.4783], [17.06739, 45.4724], [17.06836, 45.47256], [17.06874, 45.47211], [17.06794, 45.47184], [17.06785, 45.47051], [17.06729, 45.47011], [17.06686, 45.47091], [17.0661, 45.47133], [17.067, 45.47], [17.06571, 45.47091], [17.06666, 45.46927], [17.06956, 45.47194], [17.07005, 45.47285], [17.07187, 45.47393], [17.072, 45.46165]]], [[[17.07179, 45.47551], [17.07163, 45.4763], [17.07044, 45.47727], [17.06666, 45.4779], [17.06572, 45.47875], [17.0628, 45.47948], [17.06451, 45.48004], [17.06874, 45.47881], [17.07159, 45.479], [17.07179, 45.47551]]], [[[17.04981, 45.53881], [17.04614, 45.53751], [17.03921, 45.53388], [17.03547, 45.53369], [17.03134, 45.53291], [17.02912, 45.53323], [17.02873, 45.53494], [17.03076, 45.53708], [17.03177, 45.54004], [17.03178, 45.54185], [17.03475, 45.54629], [17.03556, 45.54829], [17.03738, 45.54945], [17.03849, 45.55078], [17.0415, 45.55248], [17.04453, 45.54843], [17.04027, 45.54706], [17.03473, 45.54324], [17.03623, 45.54276], [17.03722, 45.54357], [17.03864, 45.54303], [17.04147, 45.54516], [17.04031, 45.54413], [17.04023, 45.54375], [17.04102, 45.54348], [17.03988, 45.54247], [17.03943, 45.54074], [17.04029, 45.54037], [17.04179, 45.54177], [17.04048, 45.54101], [17.04027, 45.54148], [17.04119, 45.54246], [17.0425, 45.54303], [17.04213, 45.54358], [17.04349, 45.54458], [17.04567, 45.54396], [17.04636, 45.54551], [17.05043, 45.53904], [17.04981, 45.53881]]], [[[17.05268, 45.53123], [17.05083, 45.53016], [17.04896, 45.52603], [17.04307, 45.5281], [17.04261, 45.53083], [17.04927, 45.53432], [17.05266, 45.5355], [17.05479, 45.53193], [17.05268, 45.53123]]], [[[16.56568, 45.55436], [16.56726, 45.5538], [16.56884, 45.55398], [16.57112, 45.55611], [16.57656, 45.55431], [16.57929, 45.55227], [16.57959, 45.55128], [16.57429, 45.54411], [16.57342, 45.54351], [16.57116, 45.54326], [16.5743, 45.54542], [16.57494, 45.54505], [16.57429, 45.54548], [16.5711, 45.54329], [16.56957, 45.54405], [16.57125, 45.54306], [16.57021, 45.54218], [16.56994, 45.54105], [16.56543, 45.53753], [16.56201, 45.53692], [16.56262, 45.53766], [16.56172, 45.53836], [16.56167, 45.53927], [16.5595, 45.53918], [16.56031, 45.53915], [16.56125, 45.53687], [16.55974, 45.53591], [16.55771, 45.53756], [16.55361, 45.53864], [16.56429, 45.5542], [16.56568, 45.55436]]], [[[16.57041, 45.53566], [16.57178, 45.53674], [16.57199, 45.5369], [16.57155, 45.53583], [16.57168, 45.53444], [16.57114, 45.5345], [16.57041, 45.53566]]], [[[16.57223, 45.53709], [16.57843, 45.54155], [16.58218, 45.54345], [16.58815, 45.54535], [16.58966, 45.54454], [16.59174, 45.54468], [16.59224, 45.54441], [16.59239, 45.54118], [16.5942, 45.53836], [16.60193, 45.53232], [16.60806, 45.52871], [16.60884, 45.52672], [16.60836, 45.52585], [16.59892, 45.52736], [16.58817, 45.52778], [16.58811, 45.52893], [16.58693, 45.52993], [16.57913, 45.53152], [16.57472, 45.53194], [16.57136, 45.5314], [16.57116, 45.53443], [16.57238, 45.53422], [16.57178, 45.53523], [16.57223, 45.53709]], [[16.57976, 45.53435], [16.57935, 45.53454], [16.57894, 45.53255], [16.58005, 45.53214], [16.58028, 45.53325], [16.57972, 45.53374], [16.57976, 45.53435]], [[16.58463, 45.54209], [16.58335, 45.53951], [16.58343, 45.53947], [16.5847, 45.54206], [16.58463, 45.54209]], [[16.59252, 45.53131], [16.59269, 45.53253], [16.59201, 45.53164], [16.59206, 45.53254], [16.59068, 45.53282], [16.59088, 45.53362], [16.59029, 45.53371], [16.59003, 45.53248], [16.58906, 45.5333], [16.58856, 45.53455], [16.589, 45.53643], [16.588, 45.53695], [16.58671, 45.53183], [16.5877, 45.5316], [16.58807, 45.53293], [16.5886, 45.53286], [16.58916, 45.53233], [16.58839, 45.53039], [16.58907, 45.53051], [16.58929, 45.53126], [16.58966, 45.53086], [16.59013, 45.53196], [16.59025, 45.53165], [16.59399, 45.53079], [16.59336, 45.52929], [16.59375, 45.5292], [16.59426, 45.53089], [16.59282, 45.53133], [16.59316, 45.53347], [16.59252, 45.53131]], [[16.58988, 45.53922], [16.58943, 45.53945], [16.58824, 45.53692], [16.58866, 45.53674], [16.58988, 45.53922]], [[16.58984, 45.54072], [16.59072, 45.54214], [16.59039, 45.5423], [16.58881, 45.53989], [16.58918, 45.53969], [16.58984, 45.54072]], [[16.58624, 45.54465], [16.58466, 45.54216], [16.58474, 45.54212], [16.58631, 45.54462], [16.58624, 45.54465]]], [[[16.61386, 45.52851], [16.61229, 45.5314], [16.6058, 45.53506], [16.59881, 45.54046], [16.59782, 45.54188], [16.59875, 45.54353], [16.59822, 45.54518], [16.59604, 45.5472], [16.59327, 45.54867], [16.59468, 45.55004], [16.59584, 45.55005], [16.60403, 45.53907], [16.60999, 45.53439], [16.6166, 45.53068], [16.61561, 45.52819], [16.61386, 45.52851]]], [[[16.6206, 45.52653], [16.6216, 45.52856], [16.63957, 45.52107], [16.64394, 45.51864], [16.64788, 45.51587], [16.64562, 45.51645], [16.64109, 45.51623], [16.63881, 45.51675], [16.63805, 45.51751], [16.6387, 45.51862], [16.63607, 45.51909], [16.63642, 45.51807], [16.63611, 45.51716], [16.63356, 45.51704], [16.63055, 45.51763], [16.62617, 45.51659], [16.62222, 45.517], [16.62154, 45.51835], [16.62236, 45.51985], [16.62186, 45.522], [16.6225, 45.52411], [16.62193, 45.52542], [16.6206, 45.52653]], [[16.63879, 45.51879], [16.63933, 45.5196], [16.63876, 45.51977], [16.63697, 45.5199], [16.63615, 45.51923], [16.63879, 45.51879]]], [[[16.65647, 45.51454], [16.65119, 45.51921], [16.64403, 45.52371], [16.6239, 45.53221], [16.62796, 45.53677], [16.6297, 45.53765], [16.63002, 45.53912], [16.63828, 45.54839], [16.6454, 45.54484], [16.64433, 45.54395], [16.64503, 45.54393], [16.64529, 45.54432], [16.64467, 45.54413], [16.64546, 45.5448], [16.64581, 45.54456], [16.64659, 45.54394], [16.64573, 45.54323], [16.64663, 45.54391], [16.65311, 45.53855], [16.65304, 45.53706], [16.65408, 45.53547], [16.65628, 45.53435], [16.65846, 45.53412], [16.66799, 45.52625], [16.67881, 45.51864], [16.67808, 45.51804], [16.67659, 45.51884], [16.67488, 45.51921], [16.67283, 45.51938], [16.67135, 45.51896], [16.66864, 45.51634], [16.66844, 45.51268], [16.6656, 45.51233], [16.66219, 45.51271], [16.66049, 45.51249], [16.65812, 45.514], [16.65647, 45.51454]], [[16.64667, 45.53215], [16.64498, 45.53145], [16.64354, 45.5302], [16.64303, 45.52887], [16.64329, 45.52751], [16.64428, 45.52632], [16.64588, 45.52543], [16.64771, 45.52507], [16.6496, 45.52522], [16.65153, 45.52601], [16.65281, 45.52714], [16.65333, 45.52845], [16.65307, 45.52997], [16.65207, 45.53117], [16.65051, 45.532], [16.64861, 45.53235], [16.64667, 45.53215]], [[16.63713, 45.52906], [16.63781, 45.53294], [16.63748, 45.53366], [16.63532, 45.53518], [16.63096, 45.53685], [16.62882, 45.53443], [16.6316, 45.53314], [16.63128, 45.53288], [16.62852, 45.53398], [16.62702, 45.53228], [16.63729, 45.52802], [16.63713, 45.52906]], [[16.63708, 45.54295], [16.63652, 45.54277], [16.63569, 45.54096], [16.637, 45.53934], [16.63416, 45.54042], [16.63132, 45.53724], [16.63615, 45.53544], [16.63804, 45.53351], [16.63805, 45.53205], [16.64129, 45.53524], [16.63974, 45.53604], [16.64042, 45.53666], [16.63919, 45.53739], [16.6392, 45.53907], [16.64165, 45.53807], [16.64152, 45.53774], [16.64486, 45.54093], [16.63782, 45.54378], [16.63708, 45.54295]], [[16.64455, 45.54486], [16.64381, 45.54425], [16.64388, 45.54421], [16.64455, 45.54486]], [[16.64419, 45.54491], [16.64357, 45.54437], [16.64423, 45.54489], [16.64419, 45.54491]], [[16.64189, 45.5458], [16.6414, 45.5457], [16.64097, 45.54561], [16.64196, 45.54565], [16.642, 45.54618], [16.64149, 45.54602], [16.64189, 45.5458]], [[16.64089, 45.54592], [16.64051, 45.54593], [16.63995, 45.54613], [16.64061, 45.54584], [16.64149, 45.54602], [16.64089, 45.54592]]], [[[16.6822, 45.52171], [16.67273, 45.52837], [16.67274, 45.52953], [16.67153, 45.53061], [16.67128, 45.53214], [16.67311, 45.53471], [16.67308, 45.536], [16.67222, 45.53721], [16.67804, 45.53721], [16.6818, 45.53243], [16.68208, 45.53188], [16.68107, 45.5306], [16.68095, 45.5289], [16.68175, 45.52695], [16.68296, 45.52552], [16.68401, 45.52266], [16.6822, 45.52171]]], [[[16.67416, 45.54833], [16.67658, 45.54693], [16.6775, 45.54105], [16.67447, 45.54087], [16.67031, 45.54128], [16.66992, 45.54211], [16.6707, 45.54281], [16.67094, 45.54373], [16.66971, 45.54522], [16.67416, 45.54833]]], [[[16.66416, 45.54793], [16.66233, 45.54453], [16.65998, 45.54489], [16.65806, 45.54394], [16.65775, 45.54266], [16.65895, 45.5412], [16.65711, 45.5412], [16.65268, 45.54486], [16.65417, 45.54547], [16.65542, 45.54657], [16.65594, 45.54898], [16.663, 45.5488], [16.66416, 45.54793]], [[16.66034, 45.54597], [16.66042, 45.54606], [16.65742, 45.54677], [16.66034, 45.54597]]], [[[16.66406, 45.55736], [16.66327, 45.55799], [16.66184, 45.55863], [16.66402, 45.55806], [16.66406, 45.55736]]], [[[16.63173, 45.55177], [16.63377, 45.5506], [16.63133, 45.54789], [16.62851, 45.54903], [16.62932, 45.55024], [16.63134, 45.55148], [16.62922, 45.55306], [16.63143, 45.55161], [16.63173, 45.55177]]], [[[16.62604, 45.54194], [16.6246, 45.54028], [16.62429, 45.5404], [16.6242, 45.54189], [16.62314, 45.54275], [16.62337, 45.54307], [16.62249, 45.54344], [16.62366, 45.54362], [16.62355, 45.54306], [16.62604, 45.54194]]], [[[16.60788, 45.55345], [16.61288, 45.55763], [16.61447, 45.56057], [16.61306, 45.55758], [16.60788, 45.55345]]], [[[16.61962, 45.53776], [16.62169, 45.53699], [16.61922, 45.53423], [16.61685, 45.53546], [16.61876, 45.53726], [16.61324, 45.53772], [16.61908, 45.53728], [16.61962, 45.53776]]], [[[16.60891, 45.5413], [16.60838, 45.54182], [16.60817, 45.54204], [16.60846, 45.54184], [16.60891, 45.5413]]], [[[16.60027, 45.55277], [16.6002, 45.55287], [16.60066, 45.55323], [16.60074, 45.55316], [16.60027, 45.55277]]], [[[16.59955, 45.5538], [16.59952, 45.55385], [16.59961, 45.55386], [16.59955, 45.5538]]], [[[16.59046, 45.56329], [16.57845, 45.57072], [16.58556, 45.57763], [16.58744, 45.57824], [16.59144, 45.57513], [16.59208, 45.57544], [16.59991, 45.57078], [16.59524, 45.56832], [16.59621, 45.56759], [16.60116, 45.57003], [16.60517, 45.56764], [16.60288, 45.56681], [16.60067, 45.5648], [16.59788, 45.56657], [16.59467, 45.56679], [16.59608, 45.56751], [16.59525, 45.56813], [16.5923, 45.56659], [16.59281, 45.56619], [16.59114, 45.56493], [16.59046, 45.56329]]], [[[16.61429, 45.60066], [16.61278, 45.59811], [16.61352, 45.59649], [16.61457, 45.5963], [16.61105, 45.59491], [16.61115, 45.59545], [16.61311, 45.59688], [16.61298, 45.59734], [16.61116, 45.59656], [16.60917, 45.59666], [16.61001, 45.59516], [16.60831, 45.59465], [16.60854, 45.59424], [16.60733, 45.59403], [16.60644, 45.59502], [16.61443, 45.60096], [16.61429, 45.60066]]], [[[16.60557, 45.59434], [16.60539, 45.59424], [16.60555, 45.59436], [16.60557, 45.59434]]], [[[16.6042, 45.59332], [16.60406, 45.59324], [16.60418, 45.59334], [16.6042, 45.59332]]], [[[16.60393, 45.59249], [16.60359, 45.5921], [16.60281, 45.59165], [16.60243, 45.59204], [16.6036, 45.59291], [16.60393, 45.59249]]], [[[16.60145, 45.59111], [16.6014, 45.59103], [16.60088, 45.59088], [16.60135, 45.59123], [16.60145, 45.59111]]], [[[16.60061, 45.59066], [16.60232, 45.58926], [16.60221, 45.58984], [16.60264, 45.58984], [16.60265, 45.58909], [16.60238, 45.58905], [16.60052, 45.59023], [16.60019, 45.59], [16.59998, 45.59021], [16.60061, 45.59066]]], [[[16.60128, 45.5829], [16.60307, 45.58278], [16.60444, 45.58334], [16.60514, 45.58435], [16.60493, 45.58545], [16.60766, 45.58607], [16.61255, 45.58786], [16.61292, 45.5873], [16.61421, 45.58716], [16.61444, 45.58659], [16.61297, 45.58616], [16.61237, 45.58708], [16.61162, 45.58716], [16.61115, 45.58684], [16.61108, 45.58596], [16.6123, 45.58451], [16.61016, 45.58413], [16.60845, 45.58466], [16.60682, 45.58448], [16.6056, 45.58375], [16.60518, 45.58253], [16.6019, 45.58251], [16.60128, 45.5829]]], [[[16.62524, 45.59278], [16.62514, 45.59258], [16.62509, 45.59248], [16.62504, 45.59267], [16.62524, 45.59278]]], [[[16.61611, 45.58779], [16.62051, 45.58743], [16.61946, 45.5858], [16.61685, 45.5847], [16.61664, 45.58658], [16.61647, 45.58505], [16.61601, 45.58687], [16.61625, 45.58457], [16.61586, 45.5862], [16.61611, 45.58779]], [[16.61753, 45.58549], [16.6179, 45.58536], [16.61847, 45.58695], [16.61784, 45.58731], [16.61702, 45.58685], [16.6171, 45.5854], [16.61753, 45.58549]]], [[[16.6208, 45.58742], [16.62304, 45.5872], [16.62414, 45.58626], [16.62311, 45.58585], [16.62007, 45.58598], [16.6208, 45.58742]]], [[[16.62491, 45.58574], [16.62617, 45.58509], [16.62636, 45.58478], [16.62562, 45.58449], [16.62438, 45.58539], [16.62491, 45.58574]]], [[[16.61863, 45.59693], [16.61851, 45.59693], [16.61813, 45.5969], [16.61873, 45.59723], [16.61863, 45.59693]]], [[[16.61943, 45.59804], [16.61942, 45.59923], [16.62094, 45.60222], [16.62114, 45.60504], [16.62558, 45.60623], [16.62401, 45.60465], [16.62383, 45.60336], [16.62509, 45.60217], [16.62734, 45.60199], [16.62449, 45.60063], [16.62399, 45.60064], [16.62414, 45.60112], [16.62263, 45.60044], [16.62617, 45.59812], [16.62471, 45.59859], [16.62246, 45.60004], [16.62132, 45.59984], [16.61991, 45.59811], [16.61943, 45.59804]]], [[[16.62773, 45.59667], [16.62733, 45.59734], [16.62936, 45.59606], [16.62876, 45.5959], [16.62773, 45.59667]]], [[[16.62792, 45.60217], [16.62803, 45.60223], [16.62801, 45.6022], [16.62792, 45.60217]]], [[[16.62935, 45.6033], [16.62964, 45.6036], [16.62989, 45.60384], [16.63007, 45.60362], [16.62935, 45.6033]]], [[[16.63016, 45.60408], [16.63192, 45.60481], [16.63232, 45.60413], [16.63081, 45.60386], [16.63016, 45.60408]]], [[[16.63723, 45.60594], [16.63609, 45.60771], [16.63676, 45.60879], [16.63869, 45.60901], [16.63961, 45.60836], [16.63723, 45.60594]]], [[[16.63211, 45.61106], [16.6317, 45.6116], [16.63185, 45.61169], [16.63195, 45.61139], [16.63211, 45.61106]]], [[[16.63187, 45.61068], [16.63155, 45.61047], [16.63005, 45.61059], [16.63142, 45.61143], [16.63187, 45.61068]]], [[[16.642, 45.61411], [16.64325, 45.61492], [16.64434, 45.6159], [16.64424, 45.61528], [16.64295, 45.61427], [16.642, 45.61411]]], [[[16.65885, 45.61782], [16.65914, 45.61776], [16.65909, 45.61742], [16.65841, 45.61795], [16.65885, 45.61782]]], [[[16.66564, 45.62063], [16.66579, 45.62103], [16.66963, 45.62314], [16.67027, 45.62299], [16.66939, 45.62185], [16.67034, 45.6221], [16.67085, 45.62141], [16.67001, 45.6209], [16.67032, 45.62052], [16.67189, 45.62147], [16.67215, 45.62224], [16.67211, 45.62058], [16.66862, 45.61884], [16.66721, 45.62005], [16.66564, 45.62063]]], [[[16.66984, 45.61471], [16.6706, 45.61504], [16.67094, 45.61453], [16.67076, 45.61356], [16.66979, 45.61372], [16.67118, 45.61259], [16.67001, 45.61316], [16.66963, 45.6129], [16.6708, 45.61245], [16.67032, 45.61153], [16.6702, 45.61201], [16.66887, 45.61256], [16.66984, 45.61471]]], [[[16.67222, 45.61583], [16.67252, 45.616], [16.67256, 45.61567], [16.67231, 45.61576], [16.67222, 45.61583]]], [[[16.67311, 45.61634], [16.67368, 45.61666], [16.67382, 45.6167], [16.67385, 45.61659], [16.67311, 45.61634]]], [[[16.67141, 45.62434], [16.67154, 45.62439], [16.67145, 45.62431], [16.67141, 45.62434]]], [[[16.66244, 45.62668], [16.66368, 45.62698], [16.66419, 45.62575], [16.66151, 45.62575], [16.6615, 45.6254], [16.66023, 45.62469], [16.65908, 45.62436], [16.65847, 45.62473], [16.65764, 45.62451], [16.65791, 45.62494], [16.66244, 45.62668]]], [[[16.66644, 45.62805], [16.66698, 45.62763], [16.6664, 45.62726], [16.66587, 45.62773], [16.66644, 45.62805]]], [[[16.79667, 45.65382], [16.79708, 45.65315], [16.7955, 45.654], [16.79656, 45.65402], [16.79667, 45.65382]]], [[[16.80043, 45.65007], [16.80171, 45.64982], [16.80606, 45.64953], [16.80482, 45.64858], [16.80461, 45.64906], [16.80226, 45.64926], [16.80043, 45.65007]]], [[[16.80475, 45.6485], [16.80447, 45.6481], [16.80289, 45.64844], [16.80298, 45.64875], [16.80475, 45.6485]]], [[[16.80402, 45.64777], [16.80365, 45.64734], [16.80312, 45.64763], [16.80334, 45.64782], [16.80402, 45.64777]]], [[[16.80318, 45.6471], [16.8011, 45.64607], [16.80209, 45.64715], [16.79741, 45.64949], [16.79768, 45.65052], [16.79943, 45.6489], [16.80336, 45.64731], [16.80318, 45.6471]]], [[[16.80106, 45.64605], [16.80064, 45.64588], [16.80055, 45.64619], [16.80082, 45.64616], [16.80106, 45.64605]]], [[[16.79976, 45.64557], [16.7979, 45.6442], [16.79409, 45.64572], [16.79357, 45.64629], [16.79117, 45.64674], [16.78713, 45.64877], [16.78855, 45.6487], [16.79008, 45.64802], [16.79044, 45.64838], [16.792, 45.64811], [16.79224, 45.64779], [16.79277, 45.648], [16.79373, 45.64625], [16.79401, 45.64685], [16.79614, 45.6474], [16.79626, 45.64823], [16.79687, 45.6482], [16.79701, 45.64727], [16.79976, 45.64557]]], [[[16.79725, 45.63338], [16.79763, 45.63345], [16.79727, 45.63334], [16.79725, 45.63338]]], [[[16.83503, 45.64472], [16.83641, 45.64418], [16.83656, 45.64375], [16.83554, 45.64408], [16.83503, 45.64472]]], [[[16.83894, 45.64118], [16.83817, 45.6397], [16.83785, 45.63733], [16.83691, 45.63768], [16.83749, 45.63772], [16.83591, 45.63908], [16.83615, 45.63957], [16.83676, 45.63944], [16.83664, 45.63875], [16.83725, 45.6385], [16.83788, 45.63879], [16.83741, 45.64096], [16.83894, 45.64118]]], [[[16.83785, 45.63731], [16.83793, 45.63448], [16.83704, 45.63385], [16.83705, 45.63438], [16.8363, 45.63395], [16.8352, 45.63393], [16.83421, 45.63454], [16.83512, 45.63455], [16.83624, 45.63521], [16.83506, 45.63542], [16.83453, 45.63495], [16.83409, 45.6355], [16.83479, 45.63603], [16.83423, 45.63625], [16.8338, 45.63664], [16.83531, 45.63662], [16.83785, 45.63731]], [[16.83451, 45.63654], [16.8342, 45.63637], [16.83448, 45.63617], [16.83483, 45.63644], [16.83451, 45.63654]]], [[[16.83674, 45.63283], [16.83618, 45.63139], [16.83532, 45.6315], [16.83464, 45.63119], [16.83499, 45.63156], [16.83457, 45.63196], [16.83674, 45.63283]]], [[[16.83603, 45.63097], [16.83568, 45.63022], [16.835, 45.63008], [16.83522, 45.63073], [16.83603, 45.63097]]], [[[16.8409, 45.62896], [16.84162, 45.63075], [16.84438, 45.62959], [16.84281, 45.62854], [16.8409, 45.62896]]], [[[16.92775, 45.60252], [16.92712, 45.59997], [16.92738, 45.59864], [16.92448, 45.59984], [16.9252, 45.59986], [16.9239, 45.60166], [16.92642, 45.60144], [16.92529, 45.60165], [16.92471, 45.60225], [16.9254, 45.60236], [16.92407, 45.60275], [16.92446, 45.60307], [16.92517, 45.60297], [16.92496, 45.60436], [16.92392, 45.60434], [16.92485, 45.60452], [16.92394, 45.60477], [16.92402, 45.6055], [16.92446, 45.60556], [16.92431, 45.60584], [16.92569, 45.60592], [16.9257, 45.60625], [16.92372, 45.60631], [16.92329, 45.60692], [16.92369, 45.60762], [16.9259, 45.60734], [16.92648, 45.60645], [16.92705, 45.60636], [16.92603, 45.60619], [16.92592, 45.60589], [16.92809, 45.60497], [16.92835, 45.60415], [16.9251, 45.60475], [16.92819, 45.60372], [16.92747, 45.60266], [16.92775, 45.60252]]], [[[16.92333, 45.60068], [16.92263, 45.60114], [16.92244, 45.60125], [16.92303, 45.60116], [16.92333, 45.60068]]], [[[16.91735, 45.60322], [16.91714, 45.60328], [16.91725, 45.60331], [16.91735, 45.60322]]], [[[16.91601, 45.60358], [16.9149, 45.60377], [16.91707, 45.60426], [16.91601, 45.60358]]], [[[16.91456, 45.60388], [16.91136, 45.60748], [16.90953, 45.60863], [16.90783, 45.60891], [16.9089, 45.61026], [16.9083, 45.61127], [16.91063, 45.6127], [16.91187, 45.61131], [16.91324, 45.61148], [16.9124, 45.61083], [16.91343, 45.60981], [16.91292, 45.61056], [16.91399, 45.61034], [16.91374, 45.61016], [16.91463, 45.60972], [16.91657, 45.61065], [16.9163, 45.61128], [16.91533, 45.61092], [16.9152, 45.61138], [16.91581, 45.61179], [16.91506, 45.61386], [16.91553, 45.61367], [16.91711, 45.61402], [16.92179, 45.61006], [16.91821, 45.60936], [16.91724, 45.61016], [16.91451, 45.6087], [16.9156, 45.60775], [16.91843, 45.60905], [16.91862, 45.60879], [16.91517, 45.60722], [16.91535, 45.607], [16.91607, 45.60721], [16.91675, 45.60634], [16.91637, 45.60573], [16.91576, 45.60597], [16.91598, 45.60544], [16.91664, 45.60569], [16.91672, 45.60528], [16.91456, 45.60388]]], [[[16.90512, 45.60918], [16.90232, 45.6117], [16.90215, 45.61303], [16.90126, 45.61425], [16.89916, 45.61537], [16.89717, 45.61565], [16.89535, 45.61813], [16.89842, 45.61689], [16.90274, 45.61391], [16.90459, 45.61393], [16.90601, 45.61477], [16.90634, 45.61605], [16.90557, 45.61711], [16.90777, 45.61563], [16.9083, 45.61467], [16.90652, 45.6139], [16.90755, 45.61365], [16.90912, 45.61425], [16.90913, 45.61313], [16.91023, 45.61312], [16.90799, 45.61152], [16.90753, 45.61195], [16.90637, 45.61141], [16.90707, 45.61098], [16.90669, 45.61065], [16.90719, 45.61031], [16.90512, 45.60918]]], [[[16.89428, 45.62395], [16.89401, 45.62407], [16.89456, 45.6242], [16.89428, 45.62395]]], [[[16.88014, 45.62377], [16.88007, 45.61884], [16.88279, 45.61406], [16.88385, 45.61091], [16.88149, 45.60919], [16.87796, 45.6096], [16.87626, 45.6107], [16.87374, 45.61115], [16.87363, 45.61161], [16.8755, 45.61146], [16.877, 45.61065], [16.87823, 45.61049], [16.87854, 45.61128], [16.8779, 45.61185], [16.87798, 45.61326], [16.87547, 45.6198], [16.87539, 45.62457], [16.87852, 45.62124], [16.87957, 45.62382], [16.88014, 45.62377]]], [[[16.87048, 45.61041], [16.86898, 45.60906], [16.86583, 45.60943], [16.86392, 45.60925], [16.86132, 45.60974], [16.85829, 45.61032], [16.859, 45.6114], [16.85813, 45.61155], [16.85803, 45.61252], [16.85346, 45.61366], [16.85444, 45.61483], [16.8576, 45.61351], [16.85934, 45.6135], [16.86179, 45.61156], [16.86251, 45.61197], [16.86436, 45.61149], [16.86513, 45.6127], [16.8623, 45.6134], [16.86122, 45.61253], [16.86184, 45.61347], [16.86062, 45.61429], [16.86125, 45.61504], [16.86231, 45.61479], [16.8634, 45.6161], [16.86338, 45.61681], [16.85976, 45.6164], [16.85958, 45.61732], [16.86042, 45.61749], [16.85823, 45.62059], [16.85642, 45.62023], [16.8559, 45.62054], [16.85693, 45.62185], [16.86078, 45.6197], [16.86119, 45.62096], [16.86191, 45.62094], [16.86187, 45.61895], [16.86266, 45.61743], [16.86325, 45.61765], [16.86458, 45.617], [16.86831, 45.61647], [16.87, 45.61696], [16.87019, 45.6174], [16.87146, 45.61755], [16.8723, 45.61461], [16.87208, 45.61323], [16.87273, 45.61179], [16.87048, 45.61041]]], [[[16.84175, 45.59567], [16.84174, 45.59563], [16.8417, 45.59566], [16.84175, 45.59567]]], [[[16.84163, 45.59515], [16.84206, 45.59289], [16.84483, 45.58859], [16.84372, 45.58658], [16.84464, 45.58433], [16.83973, 45.58174], [16.83896, 45.58349], [16.8373, 45.58548], [16.83545, 45.58697], [16.83153, 45.58897], [16.83777, 45.59137], [16.83773, 45.59075], [16.83693, 45.59047], [16.83685, 45.58937], [16.8359, 45.58933], [16.83614, 45.58859], [16.83464, 45.5879], [16.83496, 45.5876], [16.8364, 45.58822], [16.83659, 45.58772], [16.83773, 45.58826], [16.83884, 45.58823], [16.83966, 45.58924], [16.83929, 45.58972], [16.84067, 45.59051], [16.84058, 45.5917], [16.84013, 45.59156], [16.84065, 45.59234], [16.8385, 45.59063], [16.84141, 45.59433], [16.84074, 45.59505], [16.84163, 45.59515]]], [[[16.8314, 45.58906], [16.82925, 45.59014], [16.82923, 45.5911], [16.83024, 45.59045], [16.83114, 45.59045], [16.83093, 45.59096], [16.83307, 45.59116], [16.8314, 45.58906]]], [[[16.82837, 45.59042], [16.8272, 45.59082], [16.82784, 45.59173], [16.82742, 45.59284], [16.82754, 45.59497], [16.82824, 45.595], [16.82825, 45.59446], [16.83146, 45.5943], [16.83346, 45.59481], [16.83359, 45.59319], [16.83294, 45.59204], [16.83226, 45.5926], [16.8294, 45.59201], [16.82861, 45.59138], [16.82837, 45.59042]]], [[[16.82698, 45.59089], [16.82692, 45.59091], [16.82669, 45.59097], [16.827, 45.59103], [16.82698, 45.59089]]], [[[16.82426, 45.58744], [16.8245, 45.58741], [16.82297, 45.58514], [16.82376, 45.58695], [16.82426, 45.58744]]], [[[16.82461, 45.58739], [16.82483, 45.58734], [16.82688, 45.58666], [16.82735, 45.58645], [16.82523, 45.58677], [16.82524, 45.58719], [16.82461, 45.58739]]], [[[16.82796, 45.58601], [16.83098, 45.58456], [16.83263, 45.58337], [16.83117, 45.5835], [16.82887, 45.5846], [16.82798, 45.58517], [16.82829, 45.58541], [16.82796, 45.58601]]], [[[16.83364, 45.58228], [16.83559, 45.57857], [16.8326, 45.5783], [16.82873, 45.57717], [16.82803, 45.57791], [16.82838, 45.57821], [16.82812, 45.57863], [16.83149, 45.58017], [16.83147, 45.58068], [16.83078, 45.58092], [16.83193, 45.5815], [16.83083, 45.58174], [16.83084, 45.58246], [16.83254, 45.58216], [16.83329, 45.58241], [16.83354, 45.58195], [16.83364, 45.58228]]], [[[16.82728, 45.5716], [16.82755, 45.57178], [16.82821, 45.57232], [16.82768, 45.57153], [16.8282, 45.5712], [16.82728, 45.5716]]], [[[16.83315, 45.57434], [16.83645, 45.57474], [16.8366, 45.57415], [16.83521, 45.57433], [16.83468, 45.57394], [16.83315, 45.57434]]], [[[16.84184, 45.57559], [16.84167, 45.57654], [16.84318, 45.57672], [16.84416, 45.57723], [16.84511, 45.57844], [16.84684, 45.57936], [16.8477, 45.58112], [16.84965, 45.57996], [16.85205, 45.5795], [16.85472, 45.57651], [16.85482, 45.57261], [16.8577, 45.56705], [16.85629, 45.56479], [16.8556, 45.56519], [16.8556, 45.56573], [16.85489, 45.56596], [16.85315, 45.56996], [16.85014, 45.57136], [16.85092, 45.57259], [16.84911, 45.57322], [16.84915, 45.57356], [16.84877, 45.57342], [16.84859, 45.5741], [16.84787, 45.57411], [16.84845, 45.57471], [16.84693, 45.57388], [16.84604, 45.57416], [16.84517, 45.57369], [16.84457, 45.5741], [16.84469, 45.57478], [16.84419, 45.5744], [16.84318, 45.57528], [16.84326, 45.57572], [16.84184, 45.57559]]], [[[16.85591, 45.56418], [16.85555, 45.56349], [16.85481, 45.56362], [16.85485, 45.56368], [16.85591, 45.56418]]], [[[16.85533, 45.56085], [16.85535, 45.56076], [16.85391, 45.5609], [16.8529, 45.56066], [16.85194, 45.56001], [16.85154, 45.55916], [16.84996, 45.56088], [16.84921, 45.56085], [16.84899, 45.56149], [16.85007, 45.5619], [16.84944, 45.56313], [16.84881, 45.56346], [16.84933, 45.56417], [16.84974, 45.56399], [16.8505, 45.56432], [16.85112, 45.56406], [16.85003, 45.56352], [16.85132, 45.56225], [16.85193, 45.56268], [16.85314, 45.56198], [16.85396, 45.56225], [16.85511, 45.56179], [16.85478, 45.56151], [16.85533, 45.56085]]], [[[16.85339, 45.55703], [16.8558, 45.55593], [16.85655, 45.55203], [16.8578, 45.54965], [16.85622, 45.54954], [16.85477, 45.54884], [16.854, 45.54797], [16.85389, 45.54699], [16.85006, 45.54603], [16.84377, 45.54292], [16.84019, 45.54376], [16.83814, 45.54383], [16.83706, 45.5474], [16.8385, 45.54764], [16.84391, 45.54696], [16.84402, 45.54748], [16.84472, 45.54696], [16.8455, 45.54842], [16.8481, 45.54829], [16.84935, 45.54939], [16.85031, 45.54885], [16.85081, 45.54923], [16.84995, 45.55015], [16.85035, 45.55057], [16.85077, 45.55058], [16.85127, 45.54955], [16.85199, 45.5497], [16.85507, 45.55409], [16.8532, 45.55284], [16.85303, 45.5535], [16.85368, 45.55473], [16.85248, 45.55491], [16.85245, 45.55543], [16.85339, 45.55703]]], [[[16.83701, 45.54753], [16.837, 45.54754], [16.83692, 45.54783], [16.83721, 45.54755], [16.83701, 45.54753]]], [[[16.83134, 45.55051], [16.83076, 45.54922], [16.83189, 45.546], [16.82893, 45.54603], [16.82891, 45.54809], [16.82849, 45.54872], [16.82951, 45.54865], [16.8296, 45.54896], [16.82793, 45.54923], [16.82805, 45.55023], [16.82906, 45.54998], [16.82928, 45.55034], [16.82827, 45.55062], [16.8284, 45.55094], [16.82931, 45.55093], [16.82911, 45.55197], [16.8298, 45.55119], [16.83134, 45.55051]]], [[[16.83193, 45.54588], [16.83186, 45.54494], [16.83086, 45.54501], [16.8309, 45.54553], [16.82761, 45.54496], [16.8268, 45.54562], [16.83193, 45.54588]]], [[[16.8326, 45.54415], [16.83299, 45.54143], [16.83151, 45.53823], [16.83277, 45.53606], [16.83019, 45.53634], [16.82698, 45.53992], [16.82986, 45.54001], [16.83046, 45.54031], [16.82967, 45.54069], [16.82766, 45.54063], [16.82751, 45.54117], [16.82348, 45.5422], [16.82349, 45.54277], [16.82407, 45.54302], [16.82528, 45.54268], [16.82583, 45.54227], [16.82559, 45.54207], [16.82705, 45.54189], [16.82722, 45.5423], [16.82672, 45.54245], [16.82709, 45.54282], [16.82589, 45.54277], [16.82645, 45.54296], [16.82651, 45.54386], [16.82703, 45.54419], [16.82943, 45.54424], [16.8281, 45.54479], [16.83234, 45.54478], [16.83248, 45.54448], [16.83122, 45.5445], [16.83112, 45.54421], [16.8326, 45.54415]]], [[[16.81996, 45.54223], [16.81894, 45.54155], [16.8182, 45.54207], [16.81841, 45.54281], [16.81996, 45.54223]]], [[[16.81856, 45.54026], [16.81846, 45.53981], [16.8187, 45.53963], [16.81881, 45.53846], [16.81871, 45.5382], [16.81759, 45.5387], [16.81744, 45.53974], [16.81775, 45.54032], [16.81856, 45.54026]]], [[[16.81955, 45.53901], [16.82083, 45.53818], [16.82244, 45.53772], [16.82688, 45.53298], [16.82817, 45.53252], [16.82988, 45.53248], [16.83017, 45.53201], [16.82845, 45.52985], [16.82546, 45.53021], [16.8223, 45.53164], [16.81416, 45.53409], [16.8149, 45.53502], [16.81497, 45.5362], [16.81598, 45.53581], [16.81622, 45.53509], [16.81639, 45.53536], [16.81773, 45.53501], [16.81854, 45.53517], [16.819, 45.53602], [16.81854, 45.53674], [16.81967, 45.53663], [16.82039, 45.53756], [16.81906, 45.53815], [16.81955, 45.53901]]], [[[16.81357, 45.53434], [16.81022, 45.53544], [16.81028, 45.53659], [16.81197, 45.53668], [16.81235, 45.5355], [16.81322, 45.535], [16.81439, 45.53562], [16.81444, 45.53462], [16.81357, 45.53434]]], [[[16.80018, 45.53618], [16.80018, 45.53611], [16.79713, 45.53603], [16.79888, 45.53631], [16.80018, 45.53618]]], [[[16.79631, 45.53922], [16.79619, 45.53937], [16.79624, 45.53951], [16.79644, 45.53936], [16.79631, 45.53922]]], [[[16.79629, 45.53966], [16.79634, 45.54003], [16.79706, 45.53988], [16.79681, 45.53959], [16.79629, 45.53966]]], [[[16.79632, 45.54023], [16.79706, 45.54205], [16.79916, 45.54156], [16.79896, 45.54127], [16.80078, 45.54149], [16.80075, 45.54179], [16.79957, 45.54198], [16.79965, 45.54225], [16.80325, 45.54213], [16.80332, 45.54317], [16.80593, 45.54461], [16.80742, 45.54358], [16.80676, 45.54319], [16.80707, 45.54284], [16.8054, 45.54252], [16.80458, 45.5432], [16.80421, 45.54233], [16.80539, 45.54071], [16.80762, 45.54077], [16.80656, 45.54057], [16.808, 45.54041], [16.80746, 45.53988], [16.80463, 45.53966], [16.8039, 45.54083], [16.8024, 45.54066], [16.80134, 45.54131], [16.79969, 45.53923], [16.798, 45.54007], [16.79846, 45.54065], [16.79984, 45.54064], [16.79893, 45.54073], [16.79913, 45.54108], [16.79727, 45.54017], [16.79632, 45.54023]]], [[[16.80722, 45.53939], [16.80683, 45.5395], [16.80643, 45.53958], [16.8072, 45.53962], [16.80722, 45.53939]]], [[[16.79968, 45.55114], [16.79882, 45.55241], [16.80336, 45.5554], [16.80457, 45.55697], [16.8058, 45.55655], [16.80548, 45.55562], [16.80479, 45.5562], [16.80371, 45.55503], [16.80469, 45.55557], [16.80607, 45.55497], [16.80638, 45.55463], [16.80585, 45.55398], [16.80313, 45.55419], [16.80207, 45.55276], [16.79968, 45.55114]]], [[[16.8046, 45.55701], [16.80617, 45.55973], [16.80747, 45.55933], [16.80636, 45.55904], [16.80767, 45.5586], [16.80703, 45.55749], [16.80792, 45.5571], [16.8046, 45.55701]]], [[[16.80625, 45.55994], [16.80828, 45.56039], [16.8097, 45.5595], [16.80779, 45.55955], [16.80625, 45.55994]]], [[[16.80891, 45.56546], [16.807, 45.56415], [16.80618, 45.56403], [16.80388, 45.56492], [16.80417, 45.56535], [16.80654, 45.56447], [16.80711, 45.56478], [16.80716, 45.56431], [16.80736, 45.56549], [16.80891, 45.56546]]], [[[16.80555, 45.56398], [16.80534, 45.56397], [16.80533, 45.56396], [16.8054, 45.56402], [16.80555, 45.56398]]], [[[16.80501, 45.56392], [16.80331, 45.56349], [16.80324, 45.56361], [16.80435, 45.56446], [16.80501, 45.56392]]], [[[16.80145, 45.56214], [16.80144, 45.56212], [16.80131, 45.56188], [16.80138, 45.56213], [16.80145, 45.56214]]], [[[16.80128, 45.56183], [16.80112, 45.56145], [16.80077, 45.56146], [16.80086, 45.56171], [16.80128, 45.56183]]], [[[16.80078, 45.56058], [16.80058, 45.56027], [16.79923, 45.56045], [16.79916, 45.5608], [16.7997, 45.56046], [16.80078, 45.56058]]], [[[16.79654, 45.55843], [16.79619, 45.55743], [16.79564, 45.5573], [16.7951, 45.5579], [16.79654, 45.55843]]], [[[16.79511, 45.55803], [16.79513, 45.55841], [16.79546, 45.55854], [16.79537, 45.55829], [16.79659, 45.55859], [16.79511, 45.55803]]], [[[16.79839, 45.57461], [16.79839, 45.57465], [16.79846, 45.57463], [16.79839, 45.57461]]], [[[16.80054, 45.57374], [16.80086, 45.57351], [16.8014, 45.57323], [16.80024, 45.57322], [16.80054, 45.57374]]], [[[16.80364, 45.57699], [16.80345, 45.57707], [16.80377, 45.57732], [16.80393, 45.57725], [16.80364, 45.57699]]], [[[16.80293, 45.57728], [16.80291, 45.57729], [16.80239, 45.57752], [16.80278, 45.57755], [16.80293, 45.57728]]], [[[16.80219, 45.57761], [16.80186, 45.57774], [16.8024, 45.57797], [16.8024, 45.57783], [16.80219, 45.57761]]], [[[16.80123, 45.57807], [16.80101, 45.57826], [16.80086, 45.5785], [16.80135, 45.57825], [16.80123, 45.57807]]], [[[16.80071, 45.57887], [16.80058, 45.5792], [16.80126, 45.57917], [16.80126, 45.57909], [16.80071, 45.57887]]], [[[16.79903, 45.58135], [16.79897, 45.58141], [16.79904, 45.58143], [16.79903, 45.58135]]], [[[16.79543, 45.5835], [16.79454, 45.5843], [16.7954, 45.58392], [16.7963, 45.58487], [16.79798, 45.58442], [16.79815, 45.58412], [16.79642, 45.58389], [16.79612, 45.58417], [16.79543, 45.5835]]], [[[16.79436, 45.58447], [16.79379, 45.58512], [16.79447, 45.58554], [16.79489, 45.58517], [16.79436, 45.58447]]], [[[16.79377, 45.58514], [16.79263, 45.58659], [16.79351, 45.58736], [16.79376, 45.58603], [16.7945, 45.58584], [16.79377, 45.58514]]], [[[16.79234, 45.58689], [16.79067, 45.58778], [16.78956, 45.58929], [16.79062, 45.58948], [16.78988, 45.58963], [16.79071, 45.59029], [16.79078, 45.58829], [16.79219, 45.58886], [16.79145, 45.58828], [16.79181, 45.58758], [16.79258, 45.5874], [16.79234, 45.58689]]], [[[16.78339, 45.58929], [16.78625, 45.58539], [16.78809, 45.58436], [16.79054, 45.58165], [16.7892, 45.58185], [16.78799, 45.58032], [16.78639, 45.58052], [16.78821, 45.58228], [16.78877, 45.58201], [16.78865, 45.58248], [16.78723, 45.58306], [16.7848, 45.58243], [16.78456, 45.58324], [16.78552, 45.58349], [16.78524, 45.58428], [16.78457, 45.5851], [16.78312, 45.5848], [16.78268, 45.5852], [16.78287, 45.5859], [16.78382, 45.58639], [16.78286, 45.5865], [16.78219, 45.5879], [16.78352, 45.58767], [16.78339, 45.58929]]], [[[16.79138, 45.5805], [16.79148, 45.58038], [16.79138, 45.58038], [16.79138, 45.5805]]], [[[16.78756, 45.57322], [16.78742, 45.57331], [16.78786, 45.57386], [16.78783, 45.57348], [16.78756, 45.57322]]], [[[16.78371, 45.5756], [16.78295, 45.57586], [16.78342, 45.57663], [16.78402, 45.57646], [16.78371, 45.5756]]], [[[16.78195, 45.57618], [16.77974, 45.5765], [16.77836, 45.57747], [16.77539, 45.57812], [16.77648, 45.5799], [16.7772, 45.57997], [16.77738, 45.57944], [16.77797, 45.5799], [16.77789, 45.5787], [16.77691, 45.57846], [16.77768, 45.57836], [16.77749, 45.57791], [16.77842, 45.57973], [16.77828, 45.57862], [16.77882, 45.57849], [16.77899, 45.57928], [16.78026, 45.57965], [16.78164, 45.57931], [16.78122, 45.578], [16.78173, 45.57832], [16.7824, 45.57794], [16.78195, 45.57618]]], [[[16.77545, 45.57966], [16.77516, 45.58067], [16.77588, 45.58206], [16.77658, 45.58214], [16.77645, 45.58065], [16.77545, 45.57966]]], [[[16.77509, 45.58078], [16.77491, 45.58108], [16.77508, 45.58115], [16.7753, 45.58109], [16.77509, 45.58078]]], [[[16.77451, 45.5817], [16.77328, 45.58271], [16.77449, 45.58314], [16.77499, 45.58515], [16.77451, 45.5817]]], [[[16.76862, 45.57713], [16.76855, 45.57695], [16.76853, 45.57687], [16.76838, 45.57703], [16.76862, 45.57713]]], [[[16.76858, 45.57607], [16.76858, 45.57606], [16.76858, 45.57607], [16.76858, 45.57607]]], [[[16.7688, 45.57567], [16.76894, 45.5755], [16.76901, 45.57543], [16.76859, 45.57556], [16.7688, 45.57567]]], [[[16.76924, 45.57523], [16.77081, 45.57465], [16.76966, 45.57384], [16.76873, 45.57436], [16.76924, 45.57523]]], [[[16.77436, 45.57415], [16.77444, 45.57412], [16.77443, 45.57411], [16.77436, 45.57415]]], [[[16.77468, 45.57402], [16.77574, 45.57349], [16.77374, 45.57247], [16.77366, 45.57348], [16.77468, 45.57402]]], [[[16.77753, 45.57278], [16.77767, 45.57275], [16.77784, 45.57272], [16.77764, 45.57264], [16.77753, 45.57278]]], [[[16.78719, 45.56748], [16.78741, 45.56511], [16.78705, 45.56435], [16.78529, 45.56581], [16.78511, 45.5664], [16.78227, 45.56795], [16.78287, 45.56842], [16.78265, 45.56864], [16.78367, 45.56866], [16.78719, 45.56748]]], [[[16.78696, 45.56411], [16.78679, 45.56318], [16.78486, 45.56296], [16.78396, 45.56313], [16.78461, 45.5635], [16.78362, 45.56343], [16.78526, 45.56379], [16.7855, 45.56415], [16.78696, 45.56411]]], [[[16.7866, 45.56253], [16.78626, 45.56242], [16.78554, 45.56249], [16.78556, 45.56258], [16.7866, 45.56253]]], [[[16.78656, 45.56237], [16.78653, 45.56221], [16.7853, 45.5622], [16.78533, 45.56236], [16.78656, 45.56237]]], [[[16.78648, 45.56192], [16.78569, 45.56162], [16.78553, 45.56185], [16.78583, 45.5619], [16.78648, 45.56192]]], [[[16.78642, 45.56144], [16.78641, 45.56098], [16.78345, 45.56086], [16.78414, 45.56137], [16.78642, 45.56144]]], [[[16.78642, 45.56087], [16.78681, 45.55897], [16.78432, 45.55829], [16.78309, 45.55848], [16.78235, 45.55899], [16.78341, 45.55911], [16.78492, 45.55875], [16.78629, 45.559], [16.7862, 45.55935], [16.78612, 45.55905], [16.78529, 45.55894], [16.78489, 45.55936], [16.78405, 45.55919], [16.78355, 45.55984], [16.78129, 45.55976], [16.78112, 45.56041], [16.78642, 45.56087]]], [[[16.78698, 45.55863], [16.78773, 45.55726], [16.7873, 45.55709], [16.7874, 45.55759], [16.78627, 45.55823], [16.78698, 45.55863]]], [[[16.78783, 45.55571], [16.78788, 45.55546], [16.7881, 45.5548], [16.78715, 45.55547], [16.78783, 45.55571]]], [[[16.78809, 45.55456], [16.78694, 45.55305], [16.7863, 45.55284], [16.78532, 45.55334], [16.786, 45.55379], [16.78726, 45.55384], [16.78613, 45.55518], [16.78617, 45.55585], [16.78809, 45.55456]]], [[[16.78694, 45.55268], [16.78714, 45.5519], [16.78673, 45.55152], [16.78248, 45.55031], [16.78244, 45.55114], [16.78334, 45.55098], [16.78694, 45.55268]]], [[[16.78872, 45.54636], [16.78826, 45.54481], [16.78848, 45.54355], [16.7867, 45.54414], [16.78671, 45.5452], [16.78595, 45.54509], [16.78562, 45.54583], [16.78642, 45.5455], [16.78819, 45.54592], [16.78872, 45.54636]]], [[[16.78863, 45.54092], [16.78866, 45.54048], [16.78792, 45.54053], [16.788, 45.54083], [16.78863, 45.54092]]], [[[16.78866, 45.54036], [16.78865, 45.5399], [16.78792, 45.53981], [16.78685, 45.54045], [16.78866, 45.54036]]], [[[16.78864, 45.53935], [16.78882, 45.53421], [16.78852, 45.53309], [16.78678, 45.53056], [16.78656, 45.52811], [16.78252, 45.52824], [16.78145, 45.52966], [16.77977, 45.53066], [16.77961, 45.53141], [16.7805, 45.53127], [16.78172, 45.53191], [16.78123, 45.53218], [16.78324, 45.53303], [16.78291, 45.53385], [16.7849, 45.53446], [16.78494, 45.53545], [16.78409, 45.53559], [16.78518, 45.53575], [16.78509, 45.53674], [16.78471, 45.53672], [16.7845, 45.53728], [16.78306, 45.53715], [16.78347, 45.53822], [16.78624, 45.53816], [16.78656, 45.5389], [16.78864, 45.53935]]], [[[16.77974, 45.53302], [16.77978, 45.5347], [16.78081, 45.53518], [16.78063, 45.53436], [16.78, 45.53403], [16.78024, 45.53324], [16.78214, 45.53352], [16.78243, 45.53324], [16.78039, 45.53273], [16.77974, 45.53302]]], [[[16.77431, 45.53383], [16.77405, 45.53204], [16.77242, 45.53126], [16.77232, 45.53169], [16.77332, 45.53193], [16.77366, 45.53275], [16.77319, 45.53317], [16.77204, 45.5329], [16.77151, 45.53684], [16.77222, 45.53702], [16.77328, 45.53661], [16.7732, 45.53446], [16.7734, 45.53394], [16.77431, 45.53383]]], [[[16.7709, 45.53893], [16.77085, 45.53932], [16.78313, 45.5395], [16.7836, 45.54016], [16.78647, 45.53989], [16.78639, 45.53959], [16.78497, 45.53949], [16.78371, 45.53893], [16.7709, 45.53893]]], [[[16.77074, 45.54059], [16.77062, 45.54301], [16.77194, 45.54364], [16.77314, 45.54374], [16.77361, 45.54322], [16.77361, 45.54197], [16.77234, 45.54163], [16.77223, 45.54059], [16.77074, 45.54059]]], [[[16.76978, 45.54676], [16.76655, 45.55245], [16.7654, 45.55379], [16.76256, 45.55589], [16.76209, 45.55675], [16.76174, 45.55902], [16.76277, 45.56257], [16.76284, 45.56446], [16.7619, 45.56567], [16.75981, 45.56651], [16.76004, 45.56756], [16.76074, 45.56744], [16.76062, 45.56704], [16.76142, 45.56697], [16.76125, 45.56615], [16.76192, 45.56669], [16.76378, 45.56715], [16.76394, 45.56521], [16.76707, 45.56446], [16.76687, 45.56389], [16.76758, 45.56371], [16.76795, 45.56442], [16.7665, 45.56483], [16.7667, 45.56507], [16.76878, 45.5647], [16.76706, 45.56523], [16.76743, 45.56678], [16.76858, 45.56638], [16.7697, 45.56647], [16.76886, 45.5668], [16.76807, 45.56867], [16.76914, 45.56995], [16.76906, 45.57142], [16.76964, 45.57222], [16.77162, 45.57255], [16.77086, 45.57303], [16.77118, 45.5737], [16.77226, 45.57361], [16.7729, 45.57408], [16.77271, 45.57443], [16.77325, 45.5745], [16.77334, 45.57423], [16.7737, 45.5744], [16.77323, 45.57375], [16.77376, 45.57209], [16.7699, 45.56716], [16.77033, 45.565], [16.76921, 45.56433], [16.76992, 45.56292], [16.77057, 45.56276], [16.77149, 45.56336], [16.774, 45.5627], [16.77389, 45.56219], [16.77079, 45.5623], [16.76895, 45.56302], [16.76883, 45.56246], [16.76804, 45.56202], [16.76839, 45.56188], [16.76785, 45.56052], [16.76646, 45.56022], [16.76654, 45.5598], [16.76577, 45.5594], [16.76466, 45.5576], [16.76499, 45.55745], [16.76609, 45.55932], [16.76689, 45.55941], [16.76866, 45.56079], [16.76881, 45.56014], [16.76949, 45.56014], [16.76802, 45.55797], [16.76831, 45.55745], [16.7711, 45.55666], [16.77149, 45.55712], [16.77113, 45.55804], [16.77229, 45.55938], [16.77741, 45.55707], [16.77854, 45.55718], [16.77864, 45.55573], [16.77728, 45.55401], [16.77319, 45.55182], [16.77526, 45.55047], [16.77373, 45.55048], [16.7713, 45.55198], [16.77052, 45.5515], [16.77055, 45.55103], [16.76991, 45.55101], [16.77018, 45.5501], [16.76942, 45.5476], [16.76978, 45.54676]]], [[[16.74573, 45.55835], [16.74844, 45.55854], [16.75406, 45.55807], [16.75453, 45.5575], [16.75084, 45.5553], [16.74981, 45.55518], [16.74962, 45.55585], [16.748, 45.55624], [16.74731, 45.55588], [16.74923, 45.55535], [16.7482, 45.55291], [16.74635, 45.55333], [16.74808, 45.55277], [16.74611, 45.55123], [16.74667, 45.55019], [16.74484, 45.54861], [16.7445, 45.54759], [16.74576, 45.54786], [16.74722, 45.54743], [16.74718, 45.54714], [16.74572, 45.54666], [16.7458, 45.54588], [16.7481, 45.54567], [16.74712, 45.54483], [16.74663, 45.54371], [16.74542, 45.54375], [16.74382, 45.54157], [16.74418, 45.54112], [16.74667, 45.54128], [16.74504, 45.53898], [16.74526, 45.53749], [16.74311, 45.53747], [16.74237, 45.53713], [16.74056, 45.53736], [16.74059, 45.53795], [16.74025, 45.53771], [16.73915, 45.53842], [16.73775, 45.53862], [16.73527, 45.53801], [16.73309, 45.5362], [16.72951, 45.53596], [16.72649, 45.5369], [16.72718, 45.53821], [16.72846, 45.53911], [16.72887, 45.54021], [16.72774, 45.54561], [16.72663, 45.5469], [16.72753, 45.54871], [16.72932, 45.54811], [16.7306, 45.54623], [16.73075, 45.54527], [16.73195, 45.54448], [16.73429, 45.54433], [16.73539, 45.54486], [16.73601, 45.54569], [16.73678, 45.54585], [16.73649, 45.54523], [16.73741, 45.5444], [16.73938, 45.5439], [16.74016, 45.54577], [16.73953, 45.54699], [16.73997, 45.54703], [16.74063, 45.548], [16.73854, 45.54846], [16.73784, 45.54774], [16.73707, 45.54779], [16.73742, 45.54996], [16.73716, 45.54967], [16.73546, 45.54957], [16.73627, 45.55059], [16.734, 45.55041], [16.73356, 45.55092], [16.73641, 45.55093], [16.73687, 45.55146], [16.7376, 45.5515], [16.73743, 45.55313], [16.73447, 45.55284], [16.7359, 45.55354], [16.73636, 45.55317], [16.73852, 45.55361], [16.7379, 45.55447], [16.73892, 45.55369], [16.73968, 45.55404], [16.73914, 45.55428], [16.73905, 45.55494], [16.74179, 45.55696], [16.74332, 45.55751], [16.74468, 45.55701], [16.74643, 45.55751], [16.74751, 45.55621], [16.74779, 45.55632], [16.74757, 45.55703], [16.74573, 45.55835]], [[16.73893, 45.5424], [16.7391, 45.54349], [16.73787, 45.54387], [16.73711, 45.54223], [16.73842, 45.54145], [16.73893, 45.5424]], [[16.74138, 45.55302], [16.73991, 45.55396], [16.739, 45.55363], [16.73902, 45.55112], [16.73806, 45.54968], [16.73861, 45.5488], [16.74001, 45.54861], [16.74049, 45.54885], [16.74153, 45.54958], [16.74242, 45.55142], [16.74314, 45.55178], [16.74138, 45.55302]]], [[[16.7216, 45.54525], [16.72227, 45.54454], [16.72249, 45.54341], [16.72159, 45.54419], [16.72141, 45.54274], [16.72086, 45.54303], [16.71996, 45.54276], [16.72076, 45.54337], [16.72039, 45.54444], [16.72072, 45.54462], [16.72155, 45.54422], [16.72114, 45.54477], [16.7216, 45.54525]]], [[[16.72252, 45.54331], [16.72321, 45.54093], [16.72259, 45.54042], [16.72147, 45.54044], [16.72122, 45.54078], [16.72198, 45.54076], [16.72186, 45.54116], [16.72227, 45.54086], [16.72154, 45.54222], [16.7227, 45.54238], [16.72219, 45.54322], [16.72252, 45.54331]]], [[[16.72252, 45.54033], [16.72175, 45.53889], [16.72072, 45.53924], [16.72069, 45.53986], [16.72226, 45.53998], [16.72252, 45.54033]]], [[[16.72165, 45.53876], [16.72104, 45.53799], [16.72057, 45.53812], [16.72112, 45.5386], [16.72165, 45.53876]]], [[[16.71896, 45.53607], [16.71693, 45.53588], [16.71547, 45.53565], [16.71623, 45.53648], [16.71724, 45.53603], [16.71806, 45.53637], [16.71839, 45.5361], [16.71846, 45.53703], [16.71896, 45.53607]]], [[[16.71495, 45.53556], [16.71451, 45.53581], [16.71445, 45.53557], [16.71412, 45.53621], [16.71441, 45.53666], [16.71359, 45.53749], [16.71489, 45.53673], [16.71495, 45.53556]]], [[[16.70887, 45.54171], [16.70871, 45.54137], [16.70854, 45.54121], [16.70823, 45.54147], [16.70887, 45.54171]]], [[[16.70825, 45.54092], [16.70813, 45.5408], [16.70809, 45.54084], [16.70825, 45.54092]]], [[[16.70786, 45.54054], [16.70721, 45.53968], [16.70546, 45.53868], [16.70522, 45.53916], [16.70786, 45.54054]]], [[[16.70386, 45.53776], [16.7038, 45.53771], [16.70347, 45.53738], [16.70338, 45.53785], [16.70386, 45.53776]]], [[[16.69758, 45.51925], [16.70131, 45.51882], [16.70185, 45.51862], [16.69949, 45.51668], [16.6989, 45.51659], [16.69784, 45.5178], [16.69758, 45.51925]]], [[[16.70122, 45.51154], [16.70844, 45.51112], [16.71151, 45.51165], [16.71309, 45.51144], [16.70988, 45.51048], [16.70676, 45.50852], [16.70122, 45.51154]]], [[[16.69433, 45.50767], [16.70701, 45.49758], [16.7222, 45.48955], [16.72573, 45.4881], [16.72587, 45.4876], [16.72503, 45.48671], [16.72264, 45.48535], [16.71948, 45.48494], [16.71746, 45.48356], [16.68281, 45.49503], [16.68241, 45.4961], [16.68054, 45.49761], [16.68128, 45.49905], [16.68567, 45.49819], [16.687, 45.49821], [16.68866, 45.49912], [16.68897, 45.50041], [16.68761, 45.50175], [16.68307, 45.50287], [16.68107, 45.50292], [16.67979, 45.50387], [16.67832, 45.5043], [16.67787, 45.50639], [16.6788, 45.50757], [16.67988, 45.50814], [16.6817, 45.50779], [16.68369, 45.50791], [16.68619, 45.5091], [16.69433, 45.50767]]], [[[16.67234, 45.50447], [16.67217, 45.50311], [16.67261, 45.50202], [16.6704, 45.50079], [16.66565, 45.50452], [16.67001, 45.50482], [16.67234, 45.50447]]], [[[16.65689, 45.50664], [16.65939, 45.50388], [16.65933, 45.50381], [16.65762, 45.50422], [16.65747, 45.5059], [16.65671, 45.50626], [16.65689, 45.50664]]], [[[16.7309, 45.48553], [16.73168, 45.48632], [16.75624, 45.47911], [16.75315, 45.47657], [16.75159, 45.47734], [16.75526, 45.47532], [16.75977, 45.47849], [16.76403, 45.47764], [16.7601, 45.47472], [16.7584, 45.47397], [16.75741, 45.47271], [16.75494, 45.47214], [16.75157, 45.47013], [16.75003, 45.46798], [16.73831, 45.47465], [16.7277, 45.47965], [16.7302, 45.48063], [16.73165, 45.48207], [16.73196, 45.48376], [16.7309, 45.48553]], [[16.74468, 45.47672], [16.74408, 45.47609], [16.74517, 45.47589], [16.74625, 45.47729], [16.74577, 45.47758], [16.74468, 45.47672]]], [[[16.76311, 45.47098], [16.76667, 45.47323], [16.76759, 45.47425], [16.7683, 45.47432], [16.7678, 45.47239], [16.76807, 45.47118], [16.76609, 45.47078], [16.7647, 45.47001], [16.76392, 45.4701], [16.76311, 45.47098]]], [[[16.75629, 45.4791], [16.7597, 45.4785], [16.75924, 45.47817], [16.75855, 45.47832], [16.75904, 45.47802], [16.75857, 45.47768], [16.75645, 45.47884], [16.75846, 45.47768], [16.75672, 45.47854], [16.75829, 45.47754], [16.75516, 45.47546], [16.75323, 45.47656], [16.75629, 45.4791]]], [[[16.71516, 45.49809], [16.71069, 45.50044], [16.70966, 45.50116], [16.71061, 45.50179], [16.71506, 45.49935], [16.71516, 45.49809]]], [[[16.71888, 45.50212], [16.71647, 45.50337], [16.71973, 45.50533], [16.71996, 45.50703], [16.7222, 45.50874], [16.72346, 45.51065], [16.72483, 45.51739], [16.7237, 45.51949], [16.72422, 45.52086], [16.72368, 45.52217], [16.72259, 45.52306], [16.72036, 45.52375], [16.71833, 45.52386], [16.71512, 45.52341], [16.71271, 45.52358], [16.7092, 45.52253], [16.70809, 45.52049], [16.70227, 45.52281], [16.70593, 45.52511], [16.70745, 45.52508], [16.70881, 45.52567], [16.71146, 45.52801], [16.71183, 45.52928], [16.71129, 45.53027], [16.71263, 45.53092], [16.7152, 45.53065], [16.71451, 45.52961], [16.71423, 45.52735], [16.71465, 45.52617], [16.71582, 45.52541], [16.71766, 45.52526], [16.71904, 45.52582], [16.71968, 45.52665], [16.71981, 45.52819], [16.72073, 45.52898], [16.72172, 45.52731], [16.72393, 45.52683], [16.7239, 45.5255], [16.72507, 45.52449], [16.72714, 45.52426], [16.72891, 45.52513], [16.72811, 45.52374], [16.72672, 45.52301], [16.72624, 45.52184], [16.72503, 45.52112], [16.7245, 45.52006], [16.72477, 45.51914], [16.72562, 45.51842], [16.72739, 45.51805], [16.72892, 45.51843], [16.73009, 45.51726], [16.72903, 45.51177], [16.73004, 45.50941], [16.72737, 45.50954], [16.72637, 45.50854], [16.72724, 45.50785], [16.72692, 45.50674], [16.72794, 45.50615], [16.72766, 45.50575], [16.72896, 45.50497], [16.72843, 45.50451], [16.72879, 45.50367], [16.72836, 45.50314], [16.72746, 45.50348], [16.7254, 45.50071], [16.72188, 45.50205], [16.71888, 45.50212]]], [[[16.7265, 45.50018], [16.72775, 45.50162], [16.72916, 45.50255], [16.72762, 45.4996], [16.7265, 45.50018]]], [[[16.73316, 45.49891], [16.73376, 45.50008], [16.73455, 45.49977], [16.73467, 45.49893], [16.73316, 45.49891]]], [[[16.73896, 45.49484], [16.74085, 45.49696], [16.74108, 45.49793], [16.74062, 45.49888], [16.74318, 45.50255], [16.74434, 45.50171], [16.74559, 45.50139], [16.74691, 45.50152], [16.74804, 45.50213], [16.74824, 45.50072], [16.7498, 45.49978], [16.74918, 45.49772], [16.74765, 45.4975], [16.7449, 45.49641], [16.74184, 45.49245], [16.73896, 45.49484]]], [[[16.76233, 45.49898], [16.76214, 45.49926], [16.76221, 45.49936], [16.76228, 45.49911], [16.76233, 45.49898]]], [[[16.80255, 45.47763], [16.80294, 45.47733], [16.80269, 45.47719], [16.80228, 45.47727], [16.80255, 45.47763]]], [[[16.81239, 45.47158], [16.81333, 45.47141], [16.81378, 45.47043], [16.815, 45.46971], [16.81658, 45.46959], [16.818, 45.47012], [16.82183, 45.46876], [16.82518, 45.46481], [16.82745, 45.46312], [16.82796, 45.46187], [16.81841, 45.46476], [16.80759, 45.46885], [16.80708, 45.46973], [16.81089, 45.47071], [16.81239, 45.47158]]], [[[16.80999, 45.46355], [16.82037, 45.45985], [16.82539, 45.45838], [16.83156, 45.45715], [16.83115, 45.45505], [16.82913, 45.45337], [16.81304, 45.45835], [16.81311, 45.45927], [16.81254, 45.46012], [16.80915, 45.46158], [16.80999, 45.46355]]], [[[16.79995, 45.45902], [16.81251, 45.45416], [16.82547, 45.45027], [16.82299, 45.44948], [16.81991, 45.44995], [16.81766, 45.4497], [16.81421, 45.45098], [16.81343, 45.45229], [16.81204, 45.45325], [16.81016, 45.45377], [16.80832, 45.45376], [16.80512, 45.45505], [16.8018, 45.4547], [16.79965, 45.45309], [16.79974, 45.45423], [16.79614, 45.45482], [16.79806, 45.45603], [16.79895, 45.45798], [16.79995, 45.45902]]], [[[16.79517, 45.44739], [16.79873, 45.44709], [16.79769, 45.44593], [16.79893, 45.44601], [16.79829, 45.44504], [16.79869, 45.44437], [16.79822, 45.44442], [16.79807, 45.44381], [16.79425, 45.44327], [16.79343, 45.44655], [16.79476, 45.44674], [16.79517, 45.44739]]], [[[16.8009, 45.44679], [16.80412, 45.44621], [16.80387, 45.44595], [16.80455, 45.44556], [16.80546, 45.4455], [16.80512, 45.44474], [16.80351, 45.44512], [16.8009, 45.44679]]], [[[16.81232, 45.42176], [16.81272, 45.42211], [16.81688, 45.42345], [16.8154, 45.42194], [16.81511, 45.41979], [16.81232, 45.42176]]], [[[16.81456, 45.41756], [16.81432, 45.41681], [16.81404, 45.41663], [16.81456, 45.41756]]], [[[16.81323, 45.41586], [16.81261, 45.41417], [16.81315, 45.41117], [16.81246, 45.41014], [16.81232, 45.40877], [16.81322, 45.40711], [16.81544, 45.40588], [16.81257, 45.40544], [16.81237, 45.40598], [16.81115, 45.40612], [16.81065, 45.40843], [16.80935, 45.40943], [16.81061, 45.41297], [16.81323, 45.41586]], [[16.81209, 45.40748], [16.81178, 45.40826], [16.8116, 45.40769], [16.81178, 45.40836], [16.81081, 45.40845], [16.81126, 45.40765], [16.81252, 45.4068], [16.81209, 45.40748]]], [[[16.82487, 45.41307], [16.82513, 45.41391], [16.82926, 45.41382], [16.82946, 45.41239], [16.82617, 45.41263], [16.82487, 45.41307]]], [[[16.83654, 45.41513], [16.83777, 45.41401], [16.83645, 45.41461], [16.83654, 45.41513]]], [[[16.8515, 45.40745], [16.85116, 45.4079], [16.85002, 45.40908], [16.85158, 45.40913], [16.85253, 45.40793], [16.8515, 45.40745]]], [[[16.8526, 45.40784], [16.85445, 45.40528], [16.8535, 45.40377], [16.85352, 45.40235], [16.85175, 45.4015], [16.85244, 45.40338], [16.85235, 45.4047], [16.85409, 45.40553], [16.85234, 45.40477], [16.85157, 45.40732], [16.8526, 45.40784]]], [[[16.85354, 45.40228], [16.85461, 45.40064], [16.85629, 45.39961], [16.85096, 45.39709], [16.85173, 45.4014], [16.85354, 45.40228]]], [[[16.85638, 45.39957], [16.8589, 45.39773], [16.85286, 45.39507], [16.85105, 45.397], [16.85638, 45.39957]]], [[[16.85898, 45.39768], [16.86063, 45.39545], [16.85793, 45.39524], [16.85648, 45.39474], [16.85347, 45.39501], [16.85898, 45.39768]]], [[[16.8607, 45.39533], [16.86074, 45.39528], [16.86061, 45.39529], [16.8607, 45.39533]]], [[[16.85324, 45.39484], [16.85181, 45.39449], [16.84876, 45.39551], [16.85073, 45.39691], [16.85262, 45.39471], [16.85324, 45.39484]]], [[[16.84863, 45.39552], [16.84769, 45.39551], [16.84679, 45.39582], [16.84876, 45.39574], [16.84863, 45.39552]]], [[[16.83168, 45.38929], [16.83264, 45.39116], [16.83548, 45.39007], [16.8353, 45.38904], [16.83625, 45.38584], [16.83867, 45.38496], [16.83707, 45.3842], [16.83789, 45.38428], [16.83882, 45.38492], [16.83978, 45.38465], [16.83751, 45.38319], [16.83694, 45.38394], [16.83738, 45.38308], [16.83634, 45.38217], [16.8357, 45.38223], [16.83545, 45.38373], [16.83707, 45.38402], [16.83675, 45.38439], [16.83706, 45.38535], [16.83647, 45.3845], [16.83577, 45.38471], [16.83584, 45.38414], [16.83477, 45.38468], [16.8342, 45.38235], [16.83213, 45.38335], [16.83277, 45.38473], [16.83197, 45.38351], [16.83167, 45.38365], [16.8326, 45.38541], [16.83346, 45.38531], [16.8338, 45.38577], [16.83333, 45.38545], [16.83211, 45.38564], [16.83209, 45.38593], [16.83154, 45.38561], [16.83142, 45.3859], [16.83196, 45.38598], [16.83096, 45.38627], [16.83105, 45.38675], [16.82976, 45.38685], [16.83025, 45.38654], [16.82912, 45.38519], [16.82827, 45.38578], [16.83019, 45.38796], [16.83451, 45.38823], [16.83026, 45.38804], [16.83168, 45.38929]], [[16.83328, 45.38364], [16.83335, 45.38521], [16.8331, 45.38524], [16.83306, 45.38342], [16.83328, 45.38364]], [[16.8341, 45.38634], [16.83435, 45.3859], [16.83471, 45.38592], [16.83474, 45.38634], [16.8341, 45.38634]]], [[[16.84112, 45.38019], [16.84569, 45.3828], [16.8469, 45.38449], [16.85046, 45.38417], [16.85243, 45.38424], [16.85233, 45.38499], [16.85333, 45.38559], [16.85538, 45.3857], [16.85516, 45.38421], [16.85441, 45.38419], [16.85582, 45.38394], [16.8584, 45.38451], [16.85952, 45.3856], [16.86196, 45.3852], [16.86527, 45.38537], [16.86623, 45.38429], [16.86828, 45.38326], [16.87115, 45.37962], [16.86988, 45.3787], [16.86792, 45.37659], [16.85938, 45.38224], [16.84809, 45.37533], [16.85933, 45.38201], [16.86788, 45.37654], [16.86327, 45.37359], [16.86863, 45.37699], [16.87123, 45.37953], [16.87625, 45.37455], [16.87292, 45.3692], [16.87637, 45.37445], [16.88305, 45.36947], [16.87791, 45.37061], [16.87506, 45.36933], [16.87297, 45.36916], [16.87007, 45.36923], [16.86754, 45.36959], [16.86665, 45.37002], [16.86305, 45.37362], [16.86034, 45.37242], [16.85726, 45.37446], [16.84869, 45.37498], [16.84785, 45.37534], [16.84258, 45.37971], [16.84112, 45.38019]], [[16.84888, 45.38171], [16.85285, 45.38417], [16.84998, 45.38258], [16.84392, 45.37868], [16.84888, 45.38171]], [[16.85588, 45.383], [16.85564, 45.38265], [16.85594, 45.38238], [16.85798, 45.38158], [16.85855, 45.38187], [16.85859, 45.38234], [16.85776, 45.38321], [16.85618, 45.38328], [16.85588, 45.383]]], [[[16.88925, 45.36559], [16.89719, 45.36058], [16.8953, 45.35963], [16.89417, 45.35853], [16.89372, 45.35555], [16.88923, 45.35316], [16.88525, 45.35015], [16.88346, 45.3502], [16.8808, 45.3526], [16.87918, 45.35313], [16.87157, 45.35156], [16.86522, 45.34569], [16.86579, 45.34759], [16.86278, 45.34938], [16.86446, 45.35141], [16.86788, 45.35118], [16.87247, 45.35421], [16.87949, 45.35573], [16.88925, 45.36559]]], [[[16.85265, 45.34126], [16.85157, 45.3395], [16.85216, 45.33724], [16.84694, 45.33706], [16.84743, 45.33092], [16.85327, 45.33146], [16.85443, 45.33084], [16.85561, 45.32709], [16.85533, 45.32687], [16.85385, 45.32722], [16.85106, 45.32719], [16.84938, 45.32682], [16.84338, 45.32315], [16.83914, 45.31877], [16.83712, 45.31867], [16.83508, 45.31786], [16.8338, 45.31787], [16.83308, 45.31905], [16.83086, 45.32105], [16.83914, 45.3277], [16.83487, 45.33163], [16.83457, 45.33283], [16.83543, 45.33434], [16.8361, 45.33408], [16.83731, 45.3347], [16.83629, 45.33559], [16.84205, 45.34074], [16.84678, 45.34163], [16.85206, 45.34198], [16.85265, 45.34126]]], [[[16.84898, 45.30877], [16.8461, 45.30928], [16.84182, 45.30925], [16.8416, 45.31122], [16.84439, 45.31397], [16.8446, 45.31533], [16.84389, 45.31684], [16.84558, 45.31886], [16.84828, 45.32119], [16.84996, 45.32184], [16.85209, 45.32335], [16.85807, 45.32203], [16.86225, 45.32244], [16.86485, 45.32365], [16.86295, 45.31553], [16.8661, 45.31179], [16.86564, 45.30936], [16.86557, 45.3101], [16.86531, 45.30924], [16.85036, 45.30937], [16.84898, 45.30877]]], [[[16.87995, 45.32997], [16.87894, 45.3335], [16.88187, 45.3408], [16.88208, 45.34542], [16.88362, 45.34477], [16.88543, 45.34471], [16.88957, 45.34658], [16.89207, 45.34481], [16.89338, 45.34468], [16.89463, 45.34499], [16.89552, 45.34569], [16.89583, 45.34679], [16.89393, 45.34893], [16.89519, 45.35029], [16.89754, 45.35153], [16.89968, 45.35349], [16.90248, 45.35413], [16.90432, 45.35516], [16.90936, 45.35046], [16.91395, 45.34537], [16.91208, 45.34334], [16.91358, 45.34284], [16.91134, 45.34177], [16.9091, 45.33983], [16.90876, 45.33923], [16.90926, 45.33838], [16.9091, 45.33943], [16.9101, 45.33964], [16.90989, 45.33821], [16.90901, 45.3371], [16.90834, 45.33698], [16.90848, 45.33652], [16.9072, 45.33704], [16.90751, 45.33778], [16.90471, 45.33342], [16.89969, 45.331], [16.90171, 45.32689], [16.90236, 45.32649], [16.90174, 45.32407], [16.90298, 45.32257], [16.90355, 45.32261], [16.90345, 45.32226], [16.90054, 45.322], [16.89704, 45.32234], [16.89209, 45.32452], [16.89012, 45.32573], [16.88906, 45.3274], [16.88054, 45.3305], [16.88213, 45.33272], [16.87995, 45.32997]]], [[[16.94309, 45.32625], [16.94215, 45.32497], [16.94003, 45.32564], [16.93971, 45.32631], [16.94018, 45.32683], [16.94309, 45.32625]]], [[[16.94647, 45.31779], [16.94647, 45.31758], [16.94638, 45.31776], [16.94647, 45.31779]]], [[[16.94614, 45.31483], [16.94616, 45.31273], [16.94574, 45.31228], [16.94547, 45.31385], [16.94614, 45.31483]]], [[[16.96322, 45.31297], [16.96497, 45.31616], [16.96728, 45.31729], [16.96855, 45.3188], [16.96894, 45.31998], [16.97368, 45.31757], [16.9706, 45.31569], [16.97069, 45.31626], [16.96956, 45.31647], [16.9688, 45.3147], [16.96502, 45.31268], [16.96426, 45.31305], [16.96322, 45.31297]]], [[[16.55877, 45.38305], [16.55805, 45.38351], [16.55067, 45.39508], [16.54844, 45.39976], [16.5571, 45.40316], [16.55953, 45.4019], [16.56193, 45.40168], [16.56709, 45.40255], [16.57049, 45.40408], [16.57355, 45.40699], [16.57374, 45.40836], [16.57305, 45.40988], [16.57577, 45.41173], [16.57898, 45.41531], [16.58393, 45.41534], [16.58641, 45.41433], [16.58645, 45.41348], [16.5862, 45.41407], [16.586, 45.41327], [16.58787, 45.41276], [16.58786, 45.41424], [16.59098, 45.41207], [16.59411, 45.41163], [16.59474, 45.40912], [16.59257, 45.40901], [16.59067, 45.40803], [16.58983, 45.40879], [16.58926, 45.40803], [16.58678, 45.40909], [16.58697, 45.40957], [16.58639, 45.4099], [16.58605, 45.40924], [16.58438, 45.40957], [16.5836, 45.40906], [16.58408, 45.40849], [16.58233, 45.40675], [16.58178, 45.40683], [16.58256, 45.40889], [16.58216, 45.40839], [16.58161, 45.4085], [16.58187, 45.40919], [16.58086, 45.40927], [16.58001, 45.40771], [16.58026, 45.40673], [16.5796, 45.40674], [16.58016, 45.40488], [16.58129, 45.40468], [16.58156, 45.40368], [16.58153, 45.4046], [16.58232, 45.4044], [16.5826, 45.40371], [16.58291, 45.40369], [16.58261, 45.40425], [16.58348, 45.40416], [16.58521, 45.40331], [16.58488, 45.40396], [16.58593, 45.40448], [16.58433, 45.40424], [16.58526, 45.4051], [16.58692, 45.40624], [16.58776, 45.4054], [16.58968, 45.40554], [16.58923, 45.40682], [16.59006, 45.40685], [16.59068, 45.40533], [16.58801, 45.40445], [16.58813, 45.40382], [16.5876, 45.40341], [16.5884, 45.40359], [16.5889, 45.40271], [16.58975, 45.403], [16.59012, 45.40418], [16.59211, 45.40353], [16.59169, 45.40292], [16.59014, 45.4032], [16.59001, 45.40236], [16.58688, 45.40123], [16.58711, 45.40099], [16.58884, 45.40137], [16.58721, 45.40043], [16.58909, 45.40091], [16.58956, 45.40063], [16.58758, 45.40011], [16.58744, 45.3998], [16.58953, 45.40034], [16.59035, 45.39997], [16.5925, 45.40222], [16.59327, 45.40222], [16.59242, 45.40016], [16.59095, 45.40038], [16.59052, 45.39968], [16.59122, 45.39949], [16.59099, 45.39892], [16.59137, 45.39946], [16.59195, 45.39924], [16.59103, 45.39869], [16.59186, 45.39813], [16.59222, 45.39946], [16.59362, 45.40133], [16.59462, 45.40119], [16.59223, 45.40437], [16.59448, 45.40402], [16.5949, 45.40257], [16.59629, 45.40065], [16.59788, 45.39948], [16.59995, 45.39866], [16.59922, 45.39615], [16.60147, 45.3953], [16.60119, 45.39467], [16.59926, 45.39334], [16.59708, 45.39398], [16.59652, 45.39327], [16.59728, 45.39319], [16.59842, 45.39171], [16.59658, 45.39118], [16.59573, 45.39231], [16.59534, 45.39195], [16.59635, 45.38966], [16.59771, 45.38812], [16.59859, 45.38862], [16.59698, 45.38999], [16.59747, 45.39033], [16.59977, 45.39086], [16.6, 45.39056], [16.59913, 45.39028], [16.5993, 45.39001], [16.60026, 45.39031], [16.60086, 45.38985], [16.60279, 45.38994], [16.60298, 45.3895], [16.60252, 45.38925], [16.60306, 45.38932], [16.60265, 45.38895], [16.60325, 45.38858], [16.60249, 45.38858], [16.6024, 45.38905], [16.60078, 45.38878], [16.59971, 45.3882], [16.59977, 45.38797], [16.60215, 45.38829], [16.60248, 45.38714], [16.6031, 45.38712], [16.60316, 45.38682], [16.6021, 45.38656], [16.60318, 45.38647], [16.60325, 45.38614], [16.59988, 45.3861], [16.59933, 45.38542], [16.5989, 45.38554], [16.59884, 45.38505], [16.59842, 45.38516], [16.59788, 45.38473], [16.59754, 45.38399], [16.59851, 45.38319], [16.59895, 45.38383], [16.59973, 45.38379], [16.60018, 45.38462], [16.60038, 45.38438], [16.59969, 45.38301], [16.59923, 45.38276], [16.59727, 45.38296], [16.59729, 45.38212], [16.59603, 45.38152], [16.59654, 45.38062], [16.59776, 45.38036], [16.59766, 45.38007], [16.59817, 45.37996], [16.59869, 45.38094], [16.598, 45.38104], [16.59813, 45.38164], [16.60047, 45.38108], [16.60048, 45.3808], [16.60085, 45.38118], [16.59956, 45.38202], [16.59999, 45.38275], [16.60078, 45.38265], [16.60056, 45.38188], [16.60118, 45.38264], [16.60162, 45.38244], [16.60133, 45.3821], [16.60184, 45.38155], [16.59999, 45.38021], [16.60089, 45.37996], [16.60099, 45.3804], [16.60223, 45.38052], [16.60269, 45.38119], [16.60309, 45.38094], [16.60503, 45.3821], [16.60545, 45.38173], [16.60536, 45.38212], [16.60587, 45.38245], [16.60616, 45.38222], [16.60652, 45.38321], [16.60704, 45.38303], [16.6074, 45.38348], [16.60744, 45.38293], [16.60769, 45.38362], [16.60673, 45.38397], [16.6069, 45.38503], [16.60808, 45.38519], [16.6086, 45.38479], [16.60864, 45.38528], [16.60732, 45.38601], [16.60682, 45.38589], [16.60677, 45.38665], [16.60718, 45.38683], [16.60847, 45.38603], [16.60949, 45.38676], [16.6094, 45.38753], [16.60999, 45.38692], [16.60978, 45.38863], [16.61023, 45.39073], [16.60987, 45.39038], [16.60899, 45.39049], [16.61009, 45.39249], [16.61104, 45.39221], [16.61238, 45.3939], [16.61148, 45.39322], [16.61109, 45.39337], [16.61181, 45.39419], [16.61104, 45.39498], [16.60956, 45.3952], [16.60939, 45.39462], [16.60766, 45.39473], [16.60703, 45.3959], [16.60853, 45.39634], [16.60921, 45.39562], [16.61109, 45.39722], [16.61071, 45.39728], [16.60967, 45.3964], [16.60855, 45.39706], [16.60933, 45.39751], [16.61029, 45.39725], [16.60934, 45.39772], [16.60744, 45.39676], [16.60654, 45.39764], [16.60551, 45.39697], [16.60423, 45.39695], [16.60406, 45.39756], [16.60298, 45.3974], [16.60188, 45.39821], [16.60442, 45.3981], [16.60733, 45.39854], [16.61414, 45.40116], [16.61492, 45.39574], [16.61726, 45.39216], [16.61681, 45.39168], [16.61694, 45.39082], [16.6176, 45.39081], [16.61767, 45.39044], [16.6169, 45.39043], [16.61636, 45.38913], [16.61685, 45.38825], [16.61462, 45.38689], [16.61361, 45.38527], [16.61221, 45.38563], [16.61201, 45.38531], [16.61058, 45.38592], [16.61009, 45.38553], [16.60931, 45.38275], [16.6085, 45.38198], [16.60796, 45.38217], [16.60881, 45.38126], [16.60811, 45.38108], [16.60684, 45.38181], [16.60502, 45.38046], [16.60445, 45.37893], [16.60059, 45.37786], [16.60246, 45.37645], [16.60465, 45.37591], [16.60464, 45.37562], [16.60321, 45.37565], [16.60397, 45.37554], [16.60381, 45.37492], [16.60268, 45.37503], [16.60293, 45.37561], [16.60268, 45.37538], [16.60195, 45.37559], [16.59978, 45.37713], [16.59743, 45.37754], [16.59509, 45.37712], [16.59327, 45.37595], [16.59182, 45.37551], [16.58992, 45.3762], [16.58762, 45.37623], [16.58492, 45.37751], [16.58172, 45.37755], [16.57788, 45.37646], [16.57594, 45.37529], [16.57458, 45.3751], [16.57291, 45.37697], [16.57049, 45.37802], [16.56825, 45.37823], [16.56779, 45.3789], [16.56797, 45.37936], [16.57049, 45.38059], [16.57294, 45.38114], [16.57274, 45.38225], [16.57092, 45.38181], [16.57105, 45.38146], [16.56751, 45.38019], [16.56758, 45.37913], [16.56426, 45.38109], [16.56676, 45.38224], [16.56713, 45.38182], [16.56765, 45.38197], [16.56655, 45.38328], [16.5662, 45.38291], [16.56652, 45.38233], [16.56503, 45.38167], [16.5643, 45.38226], [16.56243, 45.38134], [16.56399, 45.38216], [16.5635, 45.38276], [16.56133, 45.38141], [16.55919, 45.38278], [16.56367, 45.38502], [16.56331, 45.38567], [16.55877, 45.38305]], [[16.54993, 45.39847], [16.55031, 45.39877], [16.54995, 45.399], [16.54961, 45.3989], [16.54993, 45.39847]], [[16.61257, 45.3912], [16.61195, 45.39167], [16.61056, 45.3906], [16.61011, 45.38899], [16.61041, 45.38672], [16.60998, 45.38665], [16.61181, 45.38585], [16.61147, 45.38651], [16.61267, 45.38569], [16.6127, 45.38665], [16.613, 45.38635], [16.61416, 45.38659], [16.61339, 45.3868], [16.61317, 45.38814], [16.61408, 45.38885], [16.61627, 45.38875], [16.61412, 45.38898], [16.6146, 45.39126], [16.6167, 45.39109], [16.61657, 45.39165], [16.61322, 45.39191], [16.61368, 45.39356], [16.61257, 45.3912]], [[16.58247, 45.41474], [16.58292, 45.41386], [16.5836, 45.41373], [16.58316, 45.41478], [16.58247, 45.41474]], [[16.5842, 45.41362], [16.58455, 45.41355], [16.58395, 45.41529], [16.5837, 45.41521], [16.5842, 45.41362]]], [[[16.5731, 45.36425], [16.57568, 45.36549], [16.57605, 45.36302], [16.57713, 45.36135], [16.579, 45.36028], [16.5819, 45.35993], [16.58512, 45.36062], [16.59116, 45.36122], [16.59608, 45.3639], [16.59726, 45.36174], [16.59586, 45.36054], [16.59688, 45.36044], [16.59717, 45.35944], [16.59648, 45.36001], [16.59583, 45.35904], [16.59379, 45.35873], [16.59394, 45.35776], [16.59312, 45.35745], [16.59248, 45.35649], [16.59196, 45.3566], [16.59228, 45.35738], [16.5914, 45.35634], [16.59048, 45.35606], [16.59025, 45.35472], [16.58985, 45.35483], [16.58954, 45.35414], [16.58921, 45.3542], [16.58966, 45.35539], [16.5853, 45.35303], [16.58555, 45.35193], [16.58522, 45.35166], [16.5833, 45.3544], [16.58309, 45.35625], [16.5823, 45.3576], [16.58009, 45.35891], [16.57729, 45.3593], [16.57469, 45.36187], [16.5731, 45.36425]]], [[[16.59748, 45.36135], [16.59761, 45.36113], [16.59713, 45.36102], [16.59712, 45.36111], [16.59748, 45.36135]]], [[[16.60043, 45.36769], [16.59907, 45.37049], [16.60001, 45.3709], [16.60329, 45.37019], [16.60043, 45.36769]]], [[[16.61141, 45.3691], [16.61232, 45.37041], [16.61234, 45.37263], [16.61442, 45.3736], [16.61668, 45.37357], [16.61943, 45.37431], [16.61969, 45.37377], [16.61899, 45.37342], [16.61962, 45.37355], [16.61972, 45.37238], [16.62127, 45.37219], [16.62067, 45.37251], [16.62077, 45.37349], [16.62259, 45.37379], [16.62268, 45.37255], [16.62287, 45.37343], [16.62326, 45.37335], [16.62323, 45.37267], [16.62399, 45.37222], [16.62334, 45.37211], [16.6227, 45.37245], [16.62189, 45.37213], [16.62352, 45.3719], [16.62323, 45.37116], [16.62376, 45.37174], [16.62441, 45.37134], [16.62348, 45.37069], [16.6232, 45.36978], [16.62415, 45.36918], [16.62251, 45.36685], [16.62339, 45.36642], [16.62359, 45.36562], [16.62384, 45.36655], [16.62454, 45.3665], [16.62419, 45.3654], [16.62564, 45.36419], [16.62581, 45.36305], [16.62379, 45.36235], [16.62413, 45.36004], [16.62273, 45.35884], [16.62315, 45.35898], [16.62421, 45.35808], [16.62476, 45.35833], [16.62327, 45.35907], [16.62421, 45.35987], [16.62521, 45.35875], [16.62507, 45.35839], [16.62555, 45.35866], [16.62639, 45.3583], [16.62785, 45.3583], [16.62892, 45.35921], [16.62946, 45.35898], [16.63012, 45.35992], [16.63337, 45.36222], [16.63282, 45.36249], [16.63342, 45.36342], [16.63428, 45.36371], [16.63433, 45.36484], [16.6381, 45.36371], [16.63768, 45.36281], [16.6381, 45.36247], [16.63782, 45.36291], [16.639, 45.36391], [16.63881, 45.36479], [16.63983, 45.36528], [16.63884, 45.3673], [16.63765, 45.36849], [16.63903, 45.36735], [16.64009, 45.36544], [16.63998, 45.36502], [16.63912, 45.3647], [16.63939, 45.36378], [16.6412, 45.36389], [16.64023, 45.36395], [16.6402, 45.36575], [16.63916, 45.36754], [16.63802, 45.36852], [16.6404, 45.37008], [16.64184, 45.36988], [16.6422, 45.37046], [16.64325, 45.37043], [16.6436, 45.37004], [16.64404, 45.37039], [16.64445, 45.37006], [16.64425, 45.37155], [16.64397, 45.37118], [16.64351, 45.37196], [16.64251, 45.37265], [16.64466, 45.37503], [16.64278, 45.37325], [16.64194, 45.37382], [16.64145, 45.37374], [16.64061, 45.3747], [16.64097, 45.37482], [16.64068, 45.37537], [16.64175, 45.37557], [16.63965, 45.37531], [16.64003, 45.37473], [16.63962, 45.37445], [16.63902, 45.37506], [16.64002, 45.37368], [16.63949, 45.37307], [16.63849, 45.37316], [16.63877, 45.37297], [16.63834, 45.37227], [16.63766, 45.37198], [16.6381, 45.37018], [16.63704, 45.36957], [16.63651, 45.37068], [16.63676, 45.36953], [16.6364, 45.36941], [16.63726, 45.36921], [16.63629, 45.36923], [16.63529, 45.36964], [16.6351, 45.37261], [16.63451, 45.37343], [16.63495, 45.37366], [16.63434, 45.3736], [16.63413, 45.37422], [16.6342, 45.37486], [16.63535, 45.37531], [16.63547, 45.37657], [16.63518, 45.37676], [16.63462, 45.37613], [16.63464, 45.37516], [16.63376, 45.37511], [16.63358, 45.37539], [16.63427, 45.37558], [16.63405, 45.37589], [16.63345, 45.3758], [16.63332, 45.37704], [16.63127, 45.37682], [16.63141, 45.37618], [16.6303, 45.37607], [16.63082, 45.37599], [16.63087, 45.37517], [16.63006, 45.37518], [16.63171, 45.37485], [16.63109, 45.37468], [16.63109, 45.37373], [16.62916, 45.3738], [16.62779, 45.37491], [16.62682, 45.37483], [16.62682, 45.37539], [16.62645, 45.37524], [16.62486, 45.37697], [16.6272, 45.37776], [16.62473, 45.37714], [16.62532, 45.37608], [16.62235, 45.37699], [16.6228, 45.37959], [16.62135, 45.38161], [16.62422, 45.3831], [16.62674, 45.38693], [16.62841, 45.38778], [16.62969, 45.38762], [16.62928, 45.38448], [16.6302, 45.38248], [16.63472, 45.38015], [16.63752, 45.37943], [16.64136, 45.37984], [16.64379, 45.38078], [16.64636, 45.38247], [16.64907, 45.38571], [16.6507, 45.38583], [16.65113, 45.38447], [16.65019, 45.38352], [16.65099, 45.38374], [16.65186, 45.38318], [16.65076, 45.38296], [16.65024, 45.38343], [16.65079, 45.38281], [16.6519, 45.38312], [16.65238, 45.38276], [16.651, 45.38392], [16.65144, 45.38498], [16.65083, 45.3859], [16.65227, 45.38606], [16.65244, 45.38468], [16.65326, 45.38332], [16.65247, 45.38247], [16.65244, 45.38135], [16.6533, 45.38041], [16.65493, 45.37995], [16.65543, 45.37829], [16.65649, 45.37771], [16.6578, 45.37756], [16.66078, 45.37847], [16.66245, 45.37661], [16.65913, 45.37501], [16.65724, 45.37356], [16.6568, 45.3723], [16.65741, 45.37126], [16.65848, 45.3707], [16.66007, 45.3706], [16.665, 45.37318], [16.66711, 45.37278], [16.66734, 45.371], [16.66612, 45.36902], [16.66592, 45.36567], [16.66744, 45.36304], [16.67051, 45.36107], [16.6703, 45.36009], [16.66901, 45.35891], [16.66912, 45.35762], [16.66993, 45.35687], [16.67114, 45.35648], [16.67246, 45.35653], [16.67391, 45.35715], [16.67492, 45.35611], [16.67823, 45.35403], [16.67989, 45.35189], [16.67773, 45.35087], [16.67655, 45.34938], [16.6765, 45.34767], [16.67749, 45.3462], [16.67933, 45.3451], [16.68168, 45.34474], [16.68415, 45.34525], [16.68629, 45.3468], [16.6922, 45.34573], [16.69687, 45.34673], [16.69949, 45.34565], [16.69796, 45.3424], [16.69238, 45.33677], [16.68688, 45.33674], [16.68667, 45.33704], [16.68569, 45.33674], [16.68412, 45.33753], [16.68255, 45.33721], [16.68293, 45.33767], [16.68228, 45.33811], [16.68282, 45.33919], [16.68252, 45.3404], [16.68131, 45.34128], [16.67871, 45.34202], [16.67592, 45.34178], [16.67431, 45.34079], [16.67177, 45.34054], [16.66774, 45.33876], [16.66509, 45.33871], [16.66369, 45.33793], [16.66286, 45.3367], [16.65536, 45.33689], [16.63781, 45.34084], [16.61966, 45.34801], [16.61611, 45.34981], [16.60548, 45.35975], [16.60832, 45.35981], [16.61047, 45.36083], [16.61266, 45.36026], [16.61454, 45.35898], [16.61715, 45.35854], [16.62106, 45.35925], [16.62233, 45.36019], [16.62238, 45.36167], [16.62118, 45.36265], [16.61962, 45.3629], [16.6172, 45.36244], [16.61559, 45.36354], [16.61249, 45.36445], [16.61308, 45.3667], [16.61141, 45.3691]], [[16.66053, 45.34927], [16.66177, 45.34822], [16.66348, 45.34758], [16.66555, 45.34743], [16.6674, 45.34783], [16.6689, 45.3487], [16.66981, 45.34991], [16.67002, 45.35137], [16.66944, 45.35268], [16.6682, 45.35373], [16.66648, 45.35437], [16.66442, 45.35452], [16.66256, 45.35412], [16.66107, 45.35324], [16.66016, 45.35203], [16.65996, 45.35058], [16.66053, 45.34927]]], [[[16.59922, 45.35879], [16.59957, 45.35836], [16.59648, 45.3581], [16.59643, 45.35875], [16.59888, 45.35904], [16.5989, 45.35869], [16.59922, 45.35879]]], [[[16.6021, 45.35579], [16.60245, 45.35547], [16.60382, 45.35417], [16.60312, 45.35416], [16.60113, 45.35535], [16.6021, 45.35579]]], [[[16.60832, 45.34981], [16.61028, 45.34798], [16.61364, 45.34581], [16.61253, 45.34561], [16.61227, 45.34443], [16.60779, 45.34307], [16.60575, 45.3433], [16.60361, 45.34298], [16.60582, 45.34321], [16.60744, 45.34295], [16.60324, 45.34098], [16.60172, 45.33976], [16.59988, 45.33985], [16.60054, 45.33923], [16.59963, 45.3389], [16.59699, 45.34104], [16.59831, 45.34183], [16.59863, 45.34272], [16.59765, 45.34233], [16.59707, 45.34283], [16.5972, 45.34327], [16.59894, 45.34384], [16.59954, 45.34491], [16.60302, 45.34671], [16.60326, 45.34652], [16.60403, 45.34722], [16.60465, 45.34743], [16.60418, 45.34699], [16.60862, 45.34914], [16.60832, 45.34981]]], [[[16.61395, 45.34566], [16.61536, 45.34498], [16.61258, 45.34443], [16.61281, 45.34529], [16.61395, 45.34566]]], [[[16.62146, 45.34247], [16.63526, 45.33703], [16.64399, 45.33492], [16.6412, 45.33215], [16.63881, 45.33297], [16.63595, 45.33275], [16.63372, 45.33142], [16.63292, 45.32975], [16.63218, 45.32972], [16.63226, 45.32898], [16.63086, 45.32877], [16.63027, 45.32916], [16.62942, 45.32873], [16.62931, 45.3294], [16.63029, 45.32956], [16.62977, 45.33108], [16.63067, 45.33128], [16.63189, 45.33001], [16.63263, 45.33018], [16.63246, 45.33067], [16.63086, 45.33342], [16.62609, 45.33788], [16.6259, 45.33628], [16.62415, 45.33333], [16.62279, 45.3324], [16.6224, 45.33147], [16.62131, 45.33189], [16.62228, 45.33077], [16.62135, 45.33106], [16.62145, 45.33063], [16.61949, 45.32986], [16.61906, 45.33089], [16.61873, 45.32973], [16.61783, 45.32918], [16.61513, 45.32873], [16.61403, 45.3295], [16.61306, 45.32966], [16.61274, 45.33037], [16.61381, 45.33289], [16.61153, 45.33066], [16.61111, 45.33158], [16.61247, 45.33219], [16.61266, 45.33271], [16.61182, 45.33308], [16.61255, 45.33267], [16.61205, 45.33221], [16.61092, 45.33299], [16.60985, 45.33311], [16.61042, 45.33264], [16.61009, 45.33215], [16.61032, 45.33066], [16.60893, 45.33159], [16.60984, 45.33161], [16.60897, 45.33253], [16.60975, 45.33299], [16.60803, 45.33219], [16.60068, 45.33805], [16.60181, 45.33871], [16.60182, 45.33937], [16.60319, 45.34075], [16.60782, 45.34296], [16.608, 45.3426], [16.61531, 45.33656], [16.61415, 45.33669], [16.61482, 45.33647], [16.61379, 45.33555], [16.61533, 45.33606], [16.61699, 45.33743], [16.61545, 45.33661], [16.60805, 45.34297], [16.61554, 45.3449], [16.61593, 45.34471], [16.61418, 45.34348], [16.61403, 45.34273], [16.61552, 45.34187], [16.61487, 45.34137], [16.61339, 45.34183], [16.61288, 45.34085], [16.61466, 45.33968], [16.61627, 45.33921], [16.61682, 45.33808], [16.61754, 45.3379], [16.61886, 45.33662], [16.62108, 45.3354], [16.62219, 45.33543], [16.6234, 45.33787], [16.62249, 45.3408], [16.62126, 45.33983], [16.62073, 45.34017], [16.62079, 45.34095], [16.62204, 45.34129], [16.62146, 45.34247]]], [[[16.6638, 45.33249], [16.66775, 45.33249], [16.69015, 45.33253], [16.6865, 45.32825], [16.68601, 45.32702], [16.68143, 45.32746], [16.6809, 45.32703], [16.6805, 45.32708], [16.68064, 45.32752], [16.67923, 45.32771], [16.67521, 45.32753], [16.67477, 45.32774], [16.67586, 45.32789], [16.6723, 45.32788], [16.67182, 45.32395], [16.66542, 45.32398], [16.66289, 45.32725], [16.66317, 45.32856], [16.66187, 45.32947], [16.6638, 45.33249]]], [[[16.75994, 45.3401], [16.75875, 45.34021], [16.76053, 45.34105], [16.76085, 45.34264], [16.75992, 45.34127], [16.7586, 45.34109], [16.7594, 45.34229], [16.76075, 45.34292], [16.76011, 45.34476], [16.76153, 45.34206], [16.75994, 45.3401]]], [[[16.71379, 45.35195], [16.71864, 45.35353], [16.72005, 45.35439], [16.72097, 45.35553], [16.72157, 45.35441], [16.72122, 45.35361], [16.7188, 45.3514], [16.71313, 45.34944], [16.71379, 45.35195]]], [[[16.72927, 45.34978], [16.7313, 45.34899], [16.73181, 45.34709], [16.73302, 45.3454], [16.73481, 45.34395], [16.73771, 45.34267], [16.74083, 45.3424], [16.74113, 45.34061], [16.7394, 45.34019], [16.74099, 45.34048], [16.74251, 45.33877], [16.7426, 45.33773], [16.73955, 45.33807], [16.73753, 45.33982], [16.73719, 45.33979], [16.73755, 45.33875], [16.73808, 45.33886], [16.73872, 45.3381], [16.73689, 45.33838], [16.73671, 45.33794], [16.73459, 45.33837], [16.73286, 45.33649], [16.73018, 45.33545], [16.72665, 45.33489], [16.72366, 45.3359], [16.72435, 45.33665], [16.72388, 45.33652], [16.72365, 45.33826], [16.72205, 45.33984], [16.7215, 45.34131], [16.72194, 45.3436], [16.72783, 45.34719], [16.72927, 45.34978]]], [[[16.74302, 45.34268], [16.74574, 45.34376], [16.74777, 45.34588], [16.74798, 45.34836], [16.74723, 45.35012], [16.74827, 45.35224], [16.74976, 45.34879], [16.75105, 45.34742], [16.75312, 45.34609], [16.74954, 45.34475], [16.74401, 45.34138], [16.74362, 45.34142], [16.74302, 45.34268]]], [[[16.7553, 45.34016], [16.75454, 45.34007], [16.75368, 45.33992], [16.75472, 45.34069], [16.7553, 45.34016]]], [[[16.72845, 45.33244], [16.7258, 45.33227], [16.72087, 45.33279], [16.70747, 45.3359], [16.69898, 45.33664], [16.70277, 45.34054], [16.70483, 45.34477], [16.70671, 45.34321], [16.70657, 45.33948], [16.70841, 45.3375], [16.7107, 45.33682], [16.71296, 45.33694], [16.71394, 45.33639], [16.71512, 45.3347], [16.7176, 45.33365], [16.72108, 45.33388], [16.72346, 45.33556], [16.72603, 45.33465], [16.72809, 45.3346], [16.72845, 45.33244]]], [[[16.64197, 45.38811], [16.64436, 45.38818], [16.64377, 45.38669], [16.64216, 45.38497], [16.64054, 45.38509], [16.64197, 45.38811]]], [[[16.56373, 45.3822], [16.56206, 45.38133], [16.56149, 45.38131], [16.56347, 45.38248], [16.56373, 45.3822]]], [[[16.56488, 45.38164], [16.564, 45.38116], [16.56363, 45.38123], [16.56468, 45.38182], [16.56488, 45.38164]]], [[[16.54653, 45.48282], [16.54656, 45.48307], [16.55521, 45.48249], [16.55838, 45.48184], [16.55835, 45.48162], [16.54653, 45.48282]]], [[[16.56427, 45.47889], [16.56543, 45.4795], [16.56908, 45.47778], [16.57076, 45.47648], [16.57101, 45.47687], [16.57191, 45.47645], [16.5716, 45.47589], [16.57398, 45.47444], [16.57515, 45.47444], [16.57992, 45.46406], [16.57773, 45.46286], [16.57806, 45.46271], [16.58016, 45.46354], [16.57855, 45.46219], [16.57923, 45.46238], [16.5802, 45.46209], [16.5797, 45.46029], [16.58076, 45.46157], [16.58044, 45.46293], [16.58211, 45.4593], [16.58117, 45.45794], [16.57883, 45.45876], [16.58103, 45.45743], [16.58054, 45.45713], [16.57936, 45.45719], [16.58051, 45.4566], [16.5797, 45.45565], [16.578, 45.45612], [16.58101, 45.45525], [16.58245, 45.45564], [16.58238, 45.45579], [16.58156, 45.45602], [16.58217, 45.45572], [16.58116, 45.45531], [16.58022, 45.4556], [16.5815, 45.4576], [16.58304, 45.45728], [16.58326, 45.4568], [16.58256, 45.45582], [16.58331, 45.45636], [16.58361, 45.45603], [16.58187, 45.45485], [16.58087, 45.45513], [16.58147, 45.4543], [16.58021, 45.45264], [16.57843, 45.45522], [16.57595, 45.45687], [16.57176, 45.46116], [16.56964, 45.46286], [16.56526, 45.46531], [16.56829, 45.46693], [16.57094, 45.46943], [16.57187, 45.46935], [16.5716, 45.46892], [16.57189, 45.4691], [16.57266, 45.46838], [16.57416, 45.46799], [16.57243, 45.46896], [16.57263, 45.46952], [16.57446, 45.47069], [16.57399, 45.47173], [16.57437, 45.4722], [16.57345, 45.47296], [16.57304, 45.47405], [16.57182, 45.47462], [16.57038, 45.47319], [16.57034, 45.47214], [16.56984, 45.47193], [16.56792, 45.47314], [16.56762, 45.47291], [16.56473, 45.47324], [16.56414, 45.47289], [16.56378, 45.47217], [16.56451, 45.47275], [16.56512, 45.47265], [16.56472, 45.47299], [16.5666, 45.47257], [16.56705, 45.47209], [16.56671, 45.47267], [16.56534, 45.47307], [16.56722, 45.47287], [16.56916, 45.47208], [16.57026, 45.46977], [16.56815, 45.46862], [16.56731, 45.46897], [16.56772, 45.46962], [16.56708, 45.46902], [16.56618, 45.46933], [16.56586, 45.46906], [16.56505, 45.46923], [16.56548, 45.46895], [16.56484, 45.46845], [16.56575, 45.4687], [16.56536, 45.46823], [16.56501, 45.46834], [16.56521, 45.46801], [16.56455, 45.46751], [16.56338, 45.4689], [16.56118, 45.46995], [16.55926, 45.47015], [16.55598, 45.46938], [16.55499, 45.46957], [16.55613, 45.47092], [16.55583, 45.47106], [16.55528, 45.47042], [16.55463, 45.47056], [16.55471, 45.47334], [16.55538, 45.47345], [16.55466, 45.47362], [16.55477, 45.4739], [16.55572, 45.47379], [16.55439, 45.47426], [16.55461, 45.47496], [16.55265, 45.47634], [16.5547, 45.47593], [16.5551, 45.47538], [16.55546, 45.47565], [16.55593, 45.47545], [16.55624, 45.4747], [16.55576, 45.47393], [16.55646, 45.47483], [16.55713, 45.47453], [16.55664, 45.47504], [16.55882, 45.47394], [16.56182, 45.47354], [16.55868, 45.47451], [16.5595, 45.47517], [16.56103, 45.47481], [16.56162, 45.47553], [16.56274, 45.47509], [16.5633, 45.47568], [16.56533, 45.47469], [16.56512, 45.4739], [16.56615, 45.47481], [16.56714, 45.47669], [16.56857, 45.47664], [16.56873, 45.47682], [16.56703, 45.477], [16.56582, 45.47483], [16.56505, 45.4749], [16.56643, 45.47673], [16.56492, 45.47509], [16.56424, 45.47546], [16.56597, 45.47699], [16.56692, 45.47705], [16.56518, 45.47761], [16.56427, 45.47889]]], [[[16.5819, 45.44188], [16.58207, 45.442], [16.58207, 45.442], [16.58203, 45.4419], [16.5819, 45.44188]]], [[[16.58212, 45.44205], [16.58249, 45.44245], [16.58278, 45.44109], [16.58106, 45.44099], [16.58117, 45.44145], [16.5825, 45.44185], [16.58212, 45.44205]]], [[[16.57877, 45.44], [16.57981, 45.44063], [16.57986, 45.43951], [16.57862, 45.43969], [16.57981, 45.43934], [16.5802, 45.43886], [16.57946, 45.43839], [16.57997, 45.43808], [16.57932, 45.43687], [16.57763, 45.43741], [16.5762, 45.43844], [16.57877, 45.44]]], [[[16.57549, 45.44311], [16.56886, 45.43906], [16.56806, 45.43889], [16.56799, 45.44137], [16.56903, 45.44176], [16.56798, 45.44151], [16.56806, 45.4429], [16.56879, 45.44252], [16.56812, 45.44212], [16.56914, 45.44235], [16.56912, 45.44181], [16.57001, 45.44173], [16.56944, 45.44149], [16.57023, 45.44158], [16.57062, 45.44103], [16.57058, 45.44427], [16.56818, 45.44688], [16.56916, 45.44798], [16.5705, 45.44855], [16.57053, 45.44962], [16.57365, 45.44505], [16.57549, 45.44311]]], [[[16.56861, 45.43881], [16.56845, 45.43862], [16.56793, 45.43856], [16.56792, 45.43869], [16.56861, 45.43881]]], [[[16.56933, 45.43389], [16.56917, 45.43304], [16.56734, 45.43226], [16.56769, 45.43404], [16.56933, 45.43389]]], [[[16.56937, 45.43288], [16.56987, 45.43185], [16.56873, 45.43125], [16.56758, 45.43182], [16.56937, 45.43288]]], [[[16.57009, 45.43154], [16.57114, 45.43034], [16.57121, 45.42757], [16.57285, 45.42411], [16.57119, 45.42277], [16.56849, 45.42194], [16.56615, 45.42061], [16.56531, 45.42196], [16.56718, 45.42317], [16.56644, 45.42574], [16.56749, 45.42369], [16.5681, 45.42416], [16.56737, 45.42653], [16.56972, 45.42803], [16.57056, 45.42754], [16.57024, 45.43023], [16.5706, 45.43045], [16.56944, 45.43085], [16.56955, 45.43055], [16.56723, 45.42985], [16.56714, 45.43043], [16.56936, 45.43087], [16.56919, 45.43107], [16.57009, 45.43154]]], [[[16.57554, 45.43266], [16.57481, 45.43352], [16.57479, 45.43649], [16.57563, 45.43641], [16.57557, 45.43542], [16.57661, 45.43484], [16.57668, 45.43441], [16.57786, 45.43543], [16.5786, 45.43688], [16.57907, 45.43676], [16.57928, 45.43637], [16.57862, 45.43615], [16.57554, 45.43266]]], [[[16.57469, 45.43691], [16.57443, 45.43738], [16.57608, 45.43837], [16.5774, 45.43738], [16.57638, 45.43673], [16.57534, 45.43751], [16.576, 45.43676], [16.57469, 45.43691]]], [[[16.57798, 45.42593], [16.57659, 45.42837], [16.57655, 45.43118], [16.57567, 45.43251], [16.57716, 45.43414], [16.57737, 45.43273], [16.57755, 45.43415], [16.57798, 45.43424], [16.57769, 45.4344], [16.57931, 45.43614], [16.58014, 45.43447], [16.57808, 45.43423], [16.57923, 45.43423], [16.5792, 45.43382], [16.58004, 45.43426], [16.57988, 45.4311], [16.58012, 45.43211], [16.5806, 45.43221], [16.58049, 45.43423], [16.581, 45.43458], [16.58082, 45.43197], [16.58266, 45.43177], [16.58228, 45.42958], [16.58286, 45.43181], [16.58573, 45.43149], [16.58541, 45.42933], [16.58592, 45.43149], [16.5864, 45.43153], [16.58647, 45.43119], [16.5866, 45.43156], [16.58896, 45.43155], [16.59018, 45.43073], [16.59141, 45.4308], [16.59441, 45.43017], [16.5958, 45.43127], [16.59708, 45.43078], [16.59674, 45.43008], [16.59725, 45.42984], [16.60031, 45.42981], [16.60202, 45.43039], [16.60629, 45.42676], [16.60402, 45.42518], [16.60345, 45.42288], [16.59991, 45.42192], [16.59741, 45.42351], [16.59579, 45.4251], [16.59145, 45.42625], [16.58906, 45.42629], [16.58539, 45.42697], [16.5822, 45.42696], [16.57798, 45.42593]]], [[[16.5664, 45.42044], [16.56629, 45.42054], [16.56655, 45.42063], [16.5664, 45.42044]]], [[[16.56585, 45.42025], [16.56552, 45.41757], [16.56259, 45.41471], [16.55563, 45.41242], [16.55257, 45.41214], [16.55018, 45.41048], [16.54872, 45.41196], [16.55052, 45.4119], [16.55106, 45.41217], [16.54868, 45.41554], [16.54966, 45.41586], [16.55082, 45.41535], [16.55133, 45.41548], [16.55099, 45.41641], [16.55162, 45.41554], [16.55273, 45.41606], [16.55313, 45.41565], [16.55276, 45.41685], [16.55352, 45.41733], [16.55382, 45.41693], [16.55491, 45.41704], [16.55568, 45.41598], [16.5556, 45.41534], [16.55659, 45.4143], [16.55748, 45.41481], [16.55694, 45.41473], [16.55533, 45.41701], [16.5565, 45.41668], [16.55756, 45.41689], [16.5585, 45.41611], [16.55771, 45.41714], [16.55911, 45.41872], [16.56005, 45.41906], [16.55991, 45.41952], [16.56111, 45.42069], [16.5616, 45.42052], [16.56154, 45.42128], [16.56313, 45.42272], [16.5636, 45.4226], [16.56378, 45.42337], [16.56585, 45.42025]]], [[[16.54977, 45.41041], [16.55006, 45.4103], [16.54991, 45.41004], [16.54962, 45.41031], [16.54977, 45.41041]]], [[[16.54904, 45.40972], [16.54936, 45.4097], [16.54794, 45.4087], [16.54604, 45.41001], [16.54686, 45.41097], [16.54816, 45.41026], [16.54707, 45.41124], [16.54738, 45.41158], [16.54791, 45.41145], [16.5476, 45.4111], [16.54904, 45.40972]]], [[[16.54522, 45.40945], [16.54535, 45.40945], [16.54567, 45.40909], [16.54534, 45.40909], [16.54522, 45.40945]]], [[[16.53986, 45.46966], [16.53923, 45.46837], [16.54004, 45.46822], [16.54121, 45.46856], [16.53978, 45.46802], [16.53935, 45.46803], [16.53904, 45.46865], [16.53986, 45.46966]]], [[[16.53824, 45.4306], [16.53861, 45.43196], [16.53926, 45.43088], [16.53873, 45.43061], [16.54101, 45.431], [16.54107, 45.43066], [16.54057, 45.43057], [16.54057, 45.42865], [16.54246, 45.42948], [16.54345, 45.42947], [16.54247, 45.42974], [16.54249, 45.43077], [16.54427, 45.43036], [16.54527, 45.43079], [16.54543, 45.42947], [16.54476, 45.42909], [16.54397, 45.42932], [16.54431, 45.42874], [16.53956, 45.42554], [16.53934, 45.42479], [16.54139, 45.42373], [16.54154, 45.42306], [16.54325, 45.42254], [16.54494, 45.4215], [16.5438, 45.42017], [16.54284, 45.42072], [16.5431, 45.4214], [16.54232, 45.42092], [16.54333, 45.42212], [16.54302, 45.42224], [16.54259, 45.42233], [16.54112, 45.42076], [16.54108, 45.42156], [16.54052, 45.42093], [16.54055, 45.42135], [16.5394, 45.42142], [16.53899, 45.42309], [16.54043, 45.42308], [16.54068, 45.42346], [16.53829, 45.42479], [16.53821, 45.42506], [16.53893, 45.4249], [16.53937, 45.4256], [16.53869, 45.42651], [16.53888, 45.42688], [16.53843, 45.42687], [16.5406, 45.42846], [16.53928, 45.42911], [16.53971, 45.42795], [16.53829, 45.42739], [16.53751, 45.42774], [16.53684, 45.42924], [16.53824, 45.4306]]], [[[16.56478, 45.45496], [16.56328, 45.45582], [16.56211, 45.45661], [16.55978, 45.45763], [16.56101, 45.4577], [16.56478, 45.45496]]], [[[16.56448, 45.45328], [16.56667, 45.45193], [16.56766, 45.45234], [16.56807, 45.45205], [16.56677, 45.45151], [16.56448, 45.45328]]], [[[16.56774, 45.45061], [16.56758, 45.45105], [16.56887, 45.4516], [16.56933, 45.45128], [16.56774, 45.45061]]], [[[16.5698, 45.4507], [16.56989, 45.4505], [16.56995, 45.45039], [16.56974, 45.45044], [16.5698, 45.4507]]], [[[16.54447, 45.41908], [16.54471, 45.41943], [16.54594, 45.41898], [16.54456, 45.41755], [16.54212, 45.41819], [16.54313, 45.41961], [16.5423, 45.42017], [16.54367, 45.42002], [16.54339, 45.41947], [16.54447, 45.41908]]], [[[16.54604, 45.41857], [16.54547, 45.41783], [16.54527, 45.41792], [16.54613, 45.41888], [16.54604, 45.41857]]], [[[16.54548, 45.41737], [16.54637, 45.41877], [16.54707, 45.41841], [16.5473, 45.4178], [16.5467, 45.41712], [16.54548, 45.41737]]], [[[16.542, 45.4142], [16.544, 45.41402], [16.54397, 45.41337], [16.54224, 45.41314], [16.542, 45.4142]]], [[[16.54027, 45.41914], [16.541, 45.41887], [16.54047, 45.41846], [16.54011, 45.41925], [16.54027, 45.41914]]], [[[16.5409, 45.41791], [16.54127, 45.41764], [16.54084, 45.417], [16.54052, 45.41799], [16.5409, 45.41791]]], [[[16.54789, 45.41225], [16.54619, 45.41069], [16.54471, 45.41197], [16.54606, 45.41251], [16.54667, 45.41223], [16.54622, 45.41258], [16.54666, 45.41289], [16.54755, 45.41292], [16.54724, 45.41247], [16.54789, 45.41225]]], [[[16.54174, 45.42098], [16.54246, 45.42062], [16.54201, 45.42009], [16.54116, 45.42036], [16.54174, 45.42098]]], [[[16.54271, 45.4222], [16.54306, 45.42206], [16.54222, 45.42099], [16.54183, 45.4212], [16.54271, 45.4222]]], [[[16.54883, 45.4115], [16.54982, 45.41053], [16.54957, 45.41042], [16.54787, 45.41181], [16.54883, 45.4115]]], [[[16.56063, 45.42286], [16.56192, 45.42368], [16.56101, 45.42388], [16.5617, 45.42445], [16.56209, 45.42455], [16.56211, 45.42411], [16.56268, 45.42425], [16.56334, 45.42369], [16.56139, 45.42163], [16.5595, 45.4231], [16.55973, 45.4233], [16.56063, 45.42286]]], [[[16.56489, 45.42513], [16.56422, 45.42406], [16.56571, 45.42479], [16.56626, 45.4244], [16.56627, 45.42473], [16.56679, 45.4234], [16.5652, 45.42214], [16.56454, 45.42379], [16.56095, 45.42556], [16.56165, 45.42544], [16.5634, 45.4272], [16.56624, 45.42623], [16.56489, 45.42513]]], [[[16.56703, 45.43563], [16.56759, 45.43474], [16.56649, 45.4347], [16.56588, 45.43573], [16.567, 45.43586], [16.56703, 45.43563]]], [[[16.56668, 45.43662], [16.56696, 45.43605], [16.56548, 45.43589], [16.56532, 45.43645], [16.56628, 45.43659], [16.56572, 45.43694], [16.56697, 45.43694], [16.56668, 45.43662]]], [[[16.56736, 45.43741], [16.5656, 45.43721], [16.56537, 45.43759], [16.56752, 45.4376], [16.56736, 45.43741]]], [[[16.56527, 45.43787], [16.5659, 45.43797], [16.56516, 45.43812], [16.56762, 45.43812], [16.5665, 45.43798], [16.56756, 45.43775], [16.56527, 45.43787]]], [[[16.56696, 45.44193], [16.56762, 45.44207], [16.56778, 45.44124], [16.5666, 45.44081], [16.56781, 45.44105], [16.56799, 45.43938], [16.56604, 45.43935], [16.56775, 45.43915], [16.56763, 45.43832], [16.56548, 45.43828], [16.56544, 45.44162], [16.56658, 45.44184], [16.56675, 45.44127], [16.56696, 45.44193]]], [[[16.5685, 45.43664], [16.56932, 45.43582], [16.56917, 45.4348], [16.56784, 45.43472], [16.5673, 45.43657], [16.5685, 45.43664]]], [[[16.56824, 45.4371], [16.56841, 45.43676], [16.5673, 45.43669], [16.56736, 45.43691], [16.56824, 45.4371]]], [[[16.54193, 45.42962], [16.54101, 45.42907], [16.54102, 45.43054], [16.54193, 45.43059], [16.54193, 45.42962]]], [[[16.5502, 45.41624], [16.54963, 45.41606], [16.54911, 45.41681], [16.55201, 45.41729], [16.5502, 45.41624]]], [[[16.54883, 45.41705], [16.55048, 45.41823], [16.55185, 45.41748], [16.54991, 45.4171], [16.54883, 45.41705]]], [[[16.55743, 45.42372], [16.55796, 45.42396], [16.55895, 45.42295], [16.55658, 45.4218], [16.55574, 45.42226], [16.55743, 45.42372]]], [[[16.55769, 45.41782], [16.55726, 45.41719], [16.55479, 45.41851], [16.55527, 45.41919], [16.55469, 45.41953], [16.55494, 45.41973], [16.55665, 45.4188], [16.55725, 45.4193], [16.55849, 45.41867], [16.55769, 45.41782]]], [[[16.55633, 45.42092], [16.55907, 45.41938], [16.55877, 45.41901], [16.55599, 45.42058], [16.55633, 45.42092]]], [[[16.55662, 45.42143], [16.55958, 45.41985], [16.55928, 45.4196], [16.5565, 45.42123], [16.55662, 45.42143]]], [[[16.55506, 45.4214], [16.55546, 45.42198], [16.55619, 45.4215], [16.55571, 45.42101], [16.55506, 45.4214]]], [[[16.54803, 45.42029], [16.54645, 45.41899], [16.54612, 45.41913], [16.54756, 45.42047], [16.54803, 45.42029]]], [[[16.54757, 45.41934], [16.5466, 45.41893], [16.54821, 45.42021], [16.54853, 45.42007], [16.54757, 45.41934]]], [[[16.54835, 45.41867], [16.54811, 45.41835], [16.54751, 45.41854], [16.5492, 45.41971], [16.54953, 45.41955], [16.54835, 45.41867]]], [[[16.54592, 45.41915], [16.54505, 45.41956], [16.54627, 45.42107], [16.54732, 45.42052], [16.54592, 45.41915]]], [[[16.56816, 45.4287], [16.56857, 45.43007], [16.56978, 45.43029], [16.57032, 45.42891], [16.56794, 45.42761], [16.56816, 45.4287]]], [[[16.56704, 45.43159], [16.56762, 45.43156], [16.56886, 45.43095], [16.56701, 45.43077], [16.56704, 45.43159]]], [[[16.56497, 45.4313], [16.56652, 45.43171], [16.56673, 45.43062], [16.56488, 45.43005], [16.56441, 45.43066], [16.56497, 45.4313]]], [[[16.56521, 45.46641], [16.56494, 45.46627], [16.56458, 45.46743], [16.56627, 45.46878], [16.56682, 45.46866], [16.56639, 45.46805], [16.56698, 45.46868], [16.56764, 45.46848], [16.56661, 45.46747], [16.56594, 45.46771], [16.56663, 45.46727], [16.56521, 45.46641]]], [[[16.56696, 45.46653], [16.56561, 45.4657], [16.56523, 45.4655], [16.56498, 45.46621], [16.56669, 45.46719], [16.56744, 45.46685], [16.56696, 45.46653]]], [[[16.54376, 45.47963], [16.54361, 45.4798], [16.54375, 45.47999], [16.54403, 45.47985], [16.54376, 45.47963]]], [[[16.55975, 45.47843], [16.56082, 45.47931], [16.56185, 45.47892], [16.56025, 45.47766], [16.55975, 45.47843]]], [[[16.56341, 45.47755], [16.56214, 45.47655], [16.56109, 45.47722], [16.56319, 45.4787], [16.56405, 45.47821], [16.56341, 45.47755]]], [[[16.56343, 45.4774], [16.56427, 45.47789], [16.56493, 45.47749], [16.56303, 45.47603], [16.56225, 45.47647], [16.56343, 45.4774]]], [[[16.56375, 45.47642], [16.56505, 45.47741], [16.56594, 45.47714], [16.56408, 45.47555], [16.56317, 45.47595], [16.56375, 45.47642]]], [[[16.55639, 45.47662], [16.55709, 45.47735], [16.55844, 45.47649], [16.55892, 45.47598], [16.55837, 45.47537], [16.55845, 45.47599], [16.55771, 45.47548], [16.55878, 45.47505], [16.55833, 45.47457], [16.55353, 45.47677], [16.55409, 45.47698], [16.55743, 45.47561], [16.55614, 45.47625], [16.55639, 45.47662]]], [[[16.55883, 45.4764], [16.55967, 45.47704], [16.55986, 45.47681], [16.55907, 45.47614], [16.55883, 45.4764]]], [[[16.56072, 45.47578], [16.56031, 45.47514], [16.55951, 45.47542], [16.55912, 45.47605], [16.55976, 45.47651], [16.56089, 45.47605], [16.56072, 45.47578]]], [[[16.55833, 45.4774], [16.55803, 45.47724], [16.55763, 45.47761], [16.55823, 45.47792], [16.55863, 45.47763], [16.55833, 45.4774]]], [[[16.55723, 45.47805], [16.55672, 45.47858], [16.55803, 45.47895], [16.55822, 45.47846], [16.55723, 45.47805]]], [[[16.55978, 45.4788], [16.56007, 45.47959], [16.5607, 45.47935], [16.55991, 45.4787], [16.55978, 45.4788]]], [[[16.6388, 45.58946], [16.63885, 45.58998], [16.6397, 45.58944], [16.6397, 45.58896], [16.6388, 45.58946]]], [[[16.64227, 45.58725], [16.64273, 45.58726], [16.64392, 45.58652], [16.64366, 45.58635], [16.64227, 45.58725]]], [[[16.65529, 45.5645], [16.65633, 45.56418], [16.65647, 45.56378], [16.65693, 45.56428], [16.65806, 45.56382], [16.65676, 45.56352], [16.65767, 45.56235], [16.66124, 45.56119], [16.66128, 45.56086], [16.6573, 45.56174], [16.65653, 45.56344], [16.65529, 45.5645]]], [[[16.6052, 45.57269], [16.60448, 45.57312], [16.60478, 45.57334], [16.60444, 45.57314], [16.60162, 45.57482], [16.60216, 45.57489], [16.60133, 45.57539], [16.59997, 45.57619], [16.6006, 45.57576], [16.60036, 45.57557], [16.59408, 45.57932], [16.59792, 45.57967], [16.59985, 45.57893], [16.60107, 45.57798], [16.59963, 45.57649], [16.60001, 45.57625], [16.60148, 45.57782], [16.60319, 45.57768], [16.60505, 45.57866], [16.6074, 45.57876], [16.60818, 45.57718], [16.60623, 45.57658], [16.60565, 45.57621], [16.61382, 45.57134], [16.61484, 45.57086], [16.61418, 45.57031], [16.61077, 45.56937], [16.61117, 45.5697], [16.61053, 45.56951], [16.60786, 45.5711], [16.60807, 45.57131], [16.60726, 45.57146], [16.60763, 45.5716], [16.60733, 45.57178], [16.60701, 45.57161], [16.60557, 45.57247], [16.60591, 45.57266], [16.6052, 45.57269]], [[16.61131, 45.57282], [16.60813, 45.57145], [16.60719, 45.57196], [16.60861, 45.57109], [16.61189, 45.57241], [16.61163, 45.57259], [16.60848, 45.57133], [16.61131, 45.57282]], [[16.60658, 45.57241], [16.60637, 45.57259], [16.60623, 45.57254], [16.6065, 45.57237], [16.60658, 45.57241]], [[16.60537, 45.57314], [16.6053, 45.57309], [16.60572, 45.57292], [16.60537, 45.57314]], [[16.60691, 45.57474], [16.60446, 45.57362], [16.6046, 45.57353], [16.60691, 45.57474]], [[16.60404, 45.57577], [16.6013, 45.57745], [16.60103, 45.57724], [16.60368, 45.57561], [16.60404, 45.57577]]], [[[16.61649, 45.58347], [16.61557, 45.58391], [16.61605, 45.58442], [16.61617, 45.58402], [16.61675, 45.58409], [16.61649, 45.58347]]], [[[16.64184, 45.58493], [16.64138, 45.58485], [16.64169, 45.58526], [16.64203, 45.58514], [16.64184, 45.58493]]], [[[16.61083, 45.57384], [16.61122, 45.5732], [16.61191, 45.57253], [16.60949, 45.57405], [16.61066, 45.5744], [16.61083, 45.57384]]], [[[16.61007, 45.57568], [16.61049, 45.57551], [16.61063, 45.57452], [16.60937, 45.57413], [16.60583, 45.57631], [16.60826, 45.57707], [16.61007, 45.57568]]], [[[16.6237, 45.57794], [16.62409, 45.57832], [16.62416, 45.5777], [16.6237, 45.57794]]], [[[16.62402, 45.57946], [16.62416, 45.57883], [16.62369, 45.57884], [16.6233, 45.57813], [16.62218, 45.57886], [16.62339, 45.57865], [16.62349, 45.57886], [16.62214, 45.579], [16.62402, 45.57946]]], [[[16.5903, 45.34658], [16.5915, 45.34592], [16.59152, 45.34547], [16.59005, 45.34666], [16.5903, 45.34658]]], [[[16.59308, 45.34442], [16.59443, 45.34447], [16.59521, 45.34392], [16.59431, 45.34321], [16.59308, 45.34442]]], [[[16.58632, 45.35051], [16.5904, 45.35109], [16.59131, 45.3491], [16.58948, 45.34843], [16.58771, 45.34909], [16.58632, 45.35051]]], [[[16.58938, 45.34738], [16.58983, 45.34699], [16.58978, 45.34693], [16.58923, 45.34747], [16.58938, 45.34738]]], [[[16.60612, 45.35146], [16.60539, 45.35031], [16.60628, 45.35079], [16.60732, 45.35065], [16.60814, 45.34931], [16.59788, 45.34423], [16.59753, 45.34437], [16.597, 45.34372], [16.59484, 45.34505], [16.59586, 45.34594], [16.59737, 45.34592], [16.59798, 45.34783], [16.59976, 45.3494], [16.60334, 45.35078], [16.60368, 45.3513], [16.60609, 45.35192], [16.60612, 45.35146]]], [[[16.61195, 45.3839], [16.61172, 45.38469], [16.61325, 45.38426], [16.61271, 45.38377], [16.61392, 45.38269], [16.61356, 45.38256], [16.61195, 45.3839]]], [[[16.61786, 45.39083], [16.61801, 45.39156], [16.6183, 45.39088], [16.61772, 45.39017], [16.61786, 45.39083]]], [[[16.61722, 45.3895], [16.61739, 45.38943], [16.61701, 45.38879], [16.61654, 45.38911], [16.61722, 45.3895]]], [[[16.617, 45.39001], [16.61775, 45.38983], [16.61748, 45.38954], [16.61695, 45.38971], [16.617, 45.39001]]], [[[16.63345, 45.31712], [16.63477, 45.31762], [16.63232, 45.3167], [16.63345, 45.31712]]], [[[16.63961, 45.31708], [16.63842, 45.3178], [16.63495, 45.31764], [16.63881, 45.31788], [16.63769, 45.31935], [16.63893, 45.31789], [16.64012, 45.31835], [16.63898, 45.31785], [16.63961, 45.31708]]], [[[16.64368, 45.31069], [16.64396, 45.31076], [16.64393, 45.31036], [16.64343, 45.31063], [16.64368, 45.31069]]], [[[16.66873, 45.29931], [16.67014, 45.29996], [16.67231, 45.29965], [16.67338, 45.3011], [16.67321, 45.3015], [16.67393, 45.3018], [16.67439, 45.30176], [16.6745, 45.30073], [16.67462, 45.30188], [16.67401, 45.30204], [16.67385, 45.30224], [16.67506, 45.30198], [16.6757, 45.301], [16.67625, 45.30143], [16.67716, 45.30132], [16.67551, 45.2998], [16.67366, 45.29942], [16.67086, 45.29814], [16.66855, 45.29908], [16.66873, 45.29931]]], [[[16.6785, 45.30292], [16.67788, 45.30242], [16.67601, 45.30354], [16.6731, 45.30363], [16.67413, 45.30289], [16.67467, 45.30302], [16.67471, 45.3026], [16.6736, 45.3027], [16.67156, 45.3036], [16.67098, 45.30425], [16.67099, 45.30515], [16.67219, 45.30507], [16.67214, 45.30428], [16.67293, 45.30375], [16.67373, 45.30385], [16.67475, 45.30446], [16.67466, 45.30545], [16.67558, 45.30642], [16.67592, 45.30631], [16.67595, 45.30476], [16.6778, 45.30427], [16.67837, 45.30456], [16.67809, 45.30375], [16.67843, 45.304], [16.67923, 45.30366], [16.6785, 45.30292]]], [[[16.692, 45.307], [16.69204, 45.30884], [16.69354, 45.31076], [16.6934, 45.31265], [16.69533, 45.31266], [16.69547, 45.3073], [16.70116, 45.30738], [16.70223, 45.30883], [16.70274, 45.31067], [16.70394, 45.31055], [16.70569, 45.30836], [16.7069, 45.30883], [16.70725, 45.30611], [16.71805, 45.30623], [16.71946, 45.30588], [16.7211, 45.30467], [16.7218, 45.30472], [16.72423, 45.30562], [16.72448, 45.30647], [16.73012, 45.30652], [16.73033, 45.30768], [16.73098, 45.29082], [16.73593, 45.2911], [16.73597, 45.29178], [16.7366, 45.29185], [16.7367, 45.29156], [16.74065, 45.29186], [16.74248, 45.29125], [16.7427, 45.28538], [16.73683, 45.28528], [16.73693, 45.28179], [16.73165, 45.2809], [16.72533, 45.28212], [16.72524, 45.28492], [16.72459, 45.28526], [16.73101, 45.28536], [16.73039, 45.30029], [16.71388, 45.29975], [16.71386, 45.3], [16.71888, 45.30016], [16.71587, 45.30021], [16.7155, 45.30178], [16.71705, 45.3017], [16.71736, 45.30359], [16.71583, 45.30364], [16.7147, 45.30306], [16.71297, 45.30284], [16.71279, 45.30573], [16.7089, 45.30577], [16.70887, 45.30425], [16.70921, 45.30443], [16.70974, 45.30313], [16.70906, 45.30278], [16.70874, 45.30166], [16.70732, 45.3014], [16.70703, 45.30596], [16.70514, 45.30703], [16.70364, 45.30727], [16.692, 45.307]]], [[[16.58586, 45.36969], [16.58601, 45.36962], [16.58584, 45.36965], [16.58586, 45.36969]]], [[[16.64794, 45.32635], [16.6476, 45.3267], [16.64863, 45.32665], [16.64829, 45.32584], [16.64794, 45.32635]]], [[[16.63469, 45.32681], [16.63478, 45.32675], [16.63058, 45.32434], [16.63053, 45.32439], [16.63469, 45.32681]]], [[[16.62072, 45.3752], [16.62079, 45.37526], [16.62083, 45.37525], [16.62072, 45.3752]]], [[[16.62097, 45.37545], [16.6214, 45.37608], [16.62223, 45.37582], [16.62211, 45.37502], [16.62097, 45.37545]]], [[[16.64209, 45.37341], [16.64246, 45.37331], [16.64106, 45.37234], [16.64105, 45.37299], [16.64209, 45.37341]]], [[[16.64322, 45.37195], [16.64343, 45.3716], [16.64186, 45.37035], [16.64074, 45.37065], [16.64254, 45.37235], [16.64322, 45.37195]]], [[[16.66709, 45.55472], [16.66678, 45.55515], [16.66806, 45.55539], [16.66823, 45.55615], [16.6685, 45.55532], [16.66891, 45.55536], [16.66871, 45.55609], [16.66977, 45.55639], [16.6685, 45.55474], [16.66709, 45.55472]]], [[[16.6691, 45.55787], [16.66988, 45.55676], [16.66895, 45.55618], [16.66864, 45.55653], [16.66961, 45.55681], [16.66686, 45.55727], [16.66558, 45.55688], [16.66483, 45.55742], [16.66538, 45.55776], [16.6665, 45.55761], [16.66669, 45.55821], [16.66873, 45.55761], [16.6691, 45.55787]]], [[[16.65718, 45.59428], [16.65699, 45.59394], [16.65696, 45.59433], [16.65718, 45.59428]]], [[[16.67463, 45.60665], [16.67402, 45.60666], [16.67376, 45.60717], [16.67168, 45.60862], [16.66812, 45.61191], [16.67463, 45.60665]]], [[[16.79673, 45.61165], [16.79693, 45.61274], [16.79738, 45.61309], [16.79704, 45.61274], [16.79673, 45.61165]]], [[[16.79841, 45.60847], [16.7984, 45.60981], [16.79709, 45.61134], [16.7984, 45.61143], [16.79927, 45.60841], [16.8009, 45.60695], [16.80246, 45.6079], [16.80298, 45.6075], [16.80153, 45.60658], [16.80135, 45.60526], [16.80072, 45.6053], [16.79865, 45.60763], [16.79841, 45.60847]]], [[[16.8028, 45.60058], [16.80225, 45.60158], [16.80254, 45.6017], [16.80281, 45.60078], [16.8028, 45.60058]]], [[[16.80146, 45.59493], [16.80139, 45.59494], [16.80149, 45.59498], [16.80146, 45.59493]]], [[[16.76068, 45.5744], [16.7615, 45.57528], [16.76303, 45.57513], [16.76278, 45.57441], [16.76379, 45.57444], [16.76269, 45.57414], [16.76228, 45.5736], [16.76271, 45.57234], [16.76191, 45.57246], [16.76173, 45.57212], [16.76276, 45.57182], [16.76227, 45.57024], [16.76143, 45.57054], [16.76119, 45.5702], [16.7603, 45.57034], [16.76047, 45.57105], [16.75983, 45.57268], [16.76068, 45.5744]]], [[[16.7605, 45.56821], [16.76018, 45.56825], [16.7602, 45.5696], [16.7609, 45.56942], [16.7605, 45.56821]]], [[[16.70233, 45.54288], [16.70317, 45.5437], [16.70445, 45.54323], [16.70398, 45.54187], [16.70257, 45.54198], [16.70371, 45.54101], [16.70319, 45.54066], [16.70221, 45.54187], [16.70234, 45.54047], [16.70021, 45.54027], [16.69937, 45.54077], [16.69976, 45.54103], [16.69963, 45.5413], [16.69901, 45.54098], [16.69774, 45.54162], [16.70153, 45.54201], [16.70209, 45.5422], [16.70233, 45.54288]]], [[[16.6432, 45.59563], [16.64349, 45.59561], [16.64334, 45.59552], [16.6432, 45.59563]]], [[[16.64507, 45.5955], [16.64643, 45.59553], [16.64531, 45.59379], [16.64491, 45.59384], [16.64557, 45.59517], [16.64507, 45.5955]]], [[[16.64184, 45.61332], [16.64181, 45.61399], [16.64213, 45.61265], [16.64512, 45.61113], [16.64428, 45.61111], [16.64201, 45.61197], [16.64184, 45.61332]]], [[[16.6418, 45.61128], [16.64192, 45.61161], [16.64196, 45.61178], [16.64224, 45.61116], [16.6418, 45.61128]]], [[[16.64115, 45.61035], [16.64146, 45.61072], [16.64181, 45.60995], [16.6429, 45.60993], [16.64312, 45.60956], [16.64009, 45.60854], [16.63921, 45.60884], [16.63891, 45.60907], [16.64115, 45.61035]]], [[[16.65388, 45.60844], [16.65398, 45.60805], [16.65288, 45.60766], [16.65066, 45.60837], [16.65146, 45.60834], [16.65043, 45.60878], [16.65188, 45.60919], [16.65388, 45.60844]]], [[[16.66063, 45.61182], [16.66068, 45.61214], [16.66105, 45.61186], [16.66063, 45.61182]]], [[[16.66427, 45.61089], [16.66493, 45.6109], [16.66383, 45.61072], [16.66357, 45.61095], [16.66427, 45.61089]]], [[[16.75807, 45.34023], [16.75678, 45.34026], [16.75671, 45.34082], [16.75763, 45.34044], [16.75809, 45.34063], [16.75838, 45.34038], [16.75807, 45.34023]]], [[[16.74211, 45.3423], [16.74236, 45.34118], [16.74126, 45.34106], [16.74123, 45.34147], [16.74183, 45.34156], [16.74121, 45.34185], [16.74115, 45.34233], [16.74211, 45.3423]]], [[[16.74201, 45.33959], [16.7415, 45.34032], [16.74134, 45.34083], [16.74208, 45.34086], [16.74243, 45.33995], [16.74201, 45.33959]]], [[[16.73119, 45.44679], [16.7368, 45.44983], [16.73044, 45.44383], [16.72992, 45.44183], [16.73094, 45.44067], [16.73769, 45.43646], [16.74013, 45.43586], [16.74227, 45.43621], [16.7406, 45.43526], [16.7325, 45.436], [16.72942, 45.43475], [16.72673, 45.43472], [16.72526, 45.43379], [16.72308, 45.4352], [16.72109, 45.43869], [16.72486, 45.441], [16.72668, 45.43971], [16.72692, 45.43887], [16.72842, 45.44018], [16.72572, 45.44141], [16.72673, 45.44226], [16.72544, 45.44274], [16.72483, 45.44216], [16.72424, 45.44234], [16.73119, 45.44679]]], [[[16.75257, 45.43937], [16.75432, 45.44127], [16.75582, 45.44076], [16.75297, 45.4393], [16.75257, 45.43937]]], [[[16.78935, 45.42941], [16.78646, 45.42916], [16.78501, 45.42991], [16.78189, 45.4305], [16.77654, 45.4297], [16.77695, 45.43131], [16.77784, 45.43089], [16.77914, 45.43104], [16.78012, 45.43206], [16.7791, 45.43183], [16.77968, 45.43307], [16.77859, 45.4335], [16.77944, 45.43448], [16.7806, 45.43409], [16.78183, 45.4314], [16.78339, 45.43082], [16.78428, 45.43135], [16.78394, 45.43273], [16.78087, 45.43476], [16.78098, 45.43562], [16.78472, 45.43579], [16.78534, 45.4325], [16.7867, 45.43311], [16.78738, 45.43475], [16.7864, 45.43634], [16.79478, 45.43699], [16.79419, 45.43672], [16.79318, 45.43485], [16.7912, 45.43393], [16.78953, 45.43382], [16.78861, 45.4329], [16.78768, 45.43137], [16.78885, 45.4312], [16.78945, 45.43042], [16.78935, 45.42941]]], [[[16.77316, 45.43954], [16.76978, 45.44232], [16.76547, 45.44386], [16.76867, 45.44584], [16.77061, 45.44561], [16.77099, 45.44602], [16.77356, 45.44645], [16.77624, 45.44835], [16.77694, 45.44652], [16.77634, 45.44608], [16.7753, 45.44636], [16.77471, 45.44612], [16.77462, 45.44514], [16.77615, 45.44464], [16.77585, 45.4438], [16.77362, 45.44392], [16.77375, 45.44279], [16.77307, 45.44231], [16.77462, 45.44065], [16.77332, 45.44023], [16.77316, 45.43954]]], [[[16.76017, 45.44458], [16.75722, 45.44528], [16.75362, 45.44722], [16.75305, 45.44832], [16.75646, 45.45545], [16.75941, 45.45495], [16.76047, 45.45362], [16.76203, 45.4528], [16.76408, 45.45245], [16.76584, 45.45261], [16.76706, 45.45196], [16.76592, 45.45027], [16.76608, 45.44856], [16.76487, 45.44777], [16.76262, 45.44986], [16.76165, 45.44877], [16.76105, 45.44693], [16.75891, 45.44526], [16.76017, 45.44458]]], [[[16.78471, 45.32935], [16.78714, 45.33007], [16.78646, 45.32586], [16.78576, 45.32653], [16.78495, 45.32639], [16.78471, 45.32935]]], [[[16.78641, 45.32572], [16.78297, 45.31905], [16.78173, 45.31766], [16.78034, 45.31674], [16.77862, 45.31756], [16.77897, 45.31827], [16.77946, 45.31833], [16.77921, 45.31863], [16.77836, 45.31763], [16.77589, 45.31767], [16.77502, 45.31802], [16.7749, 45.31846], [16.77678, 45.3184], [16.7772, 45.31866], [16.77602, 45.31879], [16.77564, 45.31973], [16.77493, 45.31972], [16.77489, 45.32131], [16.77977, 45.32151], [16.78066, 45.32468], [16.78173, 45.32475], [16.78362, 45.32574], [16.7849, 45.32552], [16.78495, 45.32601], [16.78587, 45.32626], [16.78641, 45.32572]], [[16.77772, 45.3191], [16.77787, 45.31963], [16.77725, 45.3197], [16.77724, 45.31917], [16.77772, 45.3191]], [[16.7752, 45.32074], [16.77688, 45.32049], [16.77772, 45.32084], [16.77519, 45.32085], [16.7752, 45.32074]], [[16.78366, 45.321], [16.78408, 45.32124], [16.7842, 45.32303], [16.78342, 45.32125], [16.78228, 45.32119], [16.78312, 45.32095], [16.78203, 45.32025], [16.78366, 45.321]]], [[[16.58243, 45.45859], [16.58279, 45.45782], [16.58175, 45.45806], [16.58208, 45.45864], [16.58243, 45.45859]]], [[[16.58126, 45.43305], [16.58164, 45.43256], [16.58145, 45.43205], [16.5811, 45.43215], [16.58126, 45.43305]]], [[[16.5817, 45.43227], [16.58183, 45.43267], [16.58165, 45.43344], [16.58264, 45.43267], [16.58275, 45.43192], [16.5817, 45.43227]]], [[[16.58991, 45.43556], [16.58943, 45.43457], [16.59013, 45.43411], [16.58941, 45.43368], [16.58857, 45.43401], [16.5891, 45.43352], [16.58824, 45.43301], [16.58709, 45.43385], [16.58713, 45.43446], [16.58766, 45.43429], [16.58754, 45.43492], [16.58884, 45.43589], [16.58991, 45.43556]]], [[[16.59155, 45.43227], [16.59045, 45.4315], [16.58999, 45.43161], [16.59113, 45.43254], [16.59155, 45.43227]]], [[[16.59223, 45.43167], [16.59142, 45.43108], [16.59047, 45.43138], [16.59329, 45.43321], [16.59386, 45.43265], [16.59223, 45.43167]]], [[[16.59197, 45.43316], [16.59282, 45.43339], [16.59312, 45.43328], [16.59177, 45.43239], [16.59127, 45.43271], [16.59197, 45.43316]]], [[[16.59401, 45.43297], [16.59323, 45.43346], [16.59412, 45.43382], [16.59449, 45.43478], [16.59527, 45.43445], [16.59486, 45.43353], [16.59401, 45.43297]]], [[[16.59471, 45.43561], [16.59527, 45.43567], [16.59526, 45.43466], [16.5945, 45.43493], [16.59471, 45.43561]]], [[[16.59276, 45.43164], [16.59334, 45.43217], [16.5937, 45.43204], [16.59386, 45.43252], [16.59468, 45.43219], [16.59284, 45.4308], [16.5923, 45.43108], [16.59276, 45.43164]]], [[[16.59561, 45.4316], [16.59436, 45.43033], [16.59383, 45.4305], [16.59495, 45.43168], [16.59561, 45.4316]]], [[[16.58646, 45.439], [16.58413, 45.4388], [16.58147, 45.43891], [16.58177, 45.43925], [16.58583, 45.43925], [16.58773, 45.43985], [16.59082, 45.44003], [16.59097, 45.43979], [16.58833, 45.43959], [16.58646, 45.439]]], [[[16.65324, 45.30607], [16.65352, 45.3062], [16.65339, 45.3058], [16.65315, 45.3059], [16.65324, 45.30607]]], [[[16.6519, 45.30663], [16.65044, 45.30935], [16.64947, 45.3095], [16.6496, 45.31031], [16.64908, 45.31113], [16.64957, 45.31206], [16.651, 45.31179], [16.65111, 45.31125], [16.65225, 45.31048], [16.65106, 45.30952], [16.65182, 45.30898], [16.65208, 45.30915], [16.65195, 45.30863], [16.65268, 45.30807], [16.65287, 45.30714], [16.65397, 45.30758], [16.65441, 45.30725], [16.65254, 45.30617], [16.6519, 45.30663]]], [[[16.62032, 45.32413], [16.62072, 45.32405], [16.62083, 45.32367], [16.62022, 45.32407], [16.62032, 45.32413]]], [[[16.66076, 45.33102], [16.66104, 45.33127], [16.66186, 45.33067], [16.66095, 45.33013], [16.66165, 45.32967], [16.66125, 45.32873], [16.66025, 45.32904], [16.66076, 45.33102]]], [[[16.82003, 45.40372], [16.82057, 45.40267], [16.82019, 45.40206], [16.81844, 45.402], [16.82029, 45.40506], [16.82205, 45.40369], [16.82195, 45.4031], [16.82107, 45.40295], [16.82003, 45.40372]]], [[[16.82226, 45.4036], [16.82244, 45.40212], [16.82198, 45.40192], [16.8214, 45.40278], [16.82214, 45.40307], [16.82226, 45.4036]]], [[[16.82253, 45.40189], [16.82239, 45.39997], [16.82149, 45.39929], [16.82183, 45.39893], [16.82106, 45.39854], [16.82121, 45.39789], [16.82202, 45.39763], [16.82222, 45.39718], [16.822, 45.3967], [16.82132, 45.39715], [16.82129, 45.39654], [16.82172, 45.39671], [16.82202, 45.39628], [16.82094, 45.3956], [16.82139, 45.39335], [16.82248, 45.39257], [16.82224, 45.39321], [16.82158, 45.39336], [16.82162, 45.39395], [16.82253, 45.3941], [16.82261, 45.39537], [16.82364, 45.39539], [16.8243, 45.39497], [16.82411, 45.39421], [16.82446, 45.39489], [16.82621, 45.39444], [16.82463, 45.39497], [16.82497, 45.39567], [16.82729, 45.39454], [16.82623, 45.39438], [16.82646, 45.39382], [16.82728, 45.3936], [16.82657, 45.39231], [16.82707, 45.39274], [16.8271, 45.3916], [16.82605, 45.39063], [16.82499, 45.39192], [16.82586, 45.39247], [16.82485, 45.39279], [16.8236, 45.39138], [16.82202, 45.39066], [16.82131, 45.39096], [16.8223, 45.39168], [16.82221, 45.39249], [16.82146, 45.39228], [16.82169, 45.39177], [16.82052, 45.39129], [16.8187, 45.3921], [16.81914, 45.39254], [16.81824, 45.39245], [16.81909, 45.39274], [16.81899, 45.39298], [16.818, 45.39288], [16.81794, 45.39321], [16.81924, 45.39386], [16.8179, 45.39379], [16.8178, 45.39428], [16.81571, 45.39495], [16.81358, 45.3959], [16.81474, 45.39529], [16.81387, 45.39449], [16.81451, 45.39425], [16.81456, 45.39366], [16.81167, 45.39406], [16.81178, 45.39605], [16.81335, 45.39642], [16.81302, 45.39736], [16.80921, 45.3966], [16.80967, 45.39743], [16.80949, 45.39832], [16.8127, 45.3992], [16.81278, 45.39986], [16.80924, 45.39907], [16.80897, 45.39978], [16.81315, 45.40072], [16.81438, 45.40055], [16.81378, 45.3989], [16.8156, 45.40123], [16.81487, 45.39866], [16.81628, 45.39833], [16.81668, 45.40093], [16.81824, 45.40063], [16.81855, 45.40111], [16.82167, 45.40031], [16.82201, 45.40043], [16.82162, 45.4008], [16.8186, 45.40123], [16.81949, 45.40138], [16.82152, 45.40082], [16.82008, 45.40132], [16.81903, 45.40147], [16.82086, 45.40196], [16.82184, 45.40176], [16.82169, 45.40098], [16.82234, 45.401], [16.82253, 45.40189]], [[16.82616, 45.39327], [16.82574, 45.39343], [16.82437, 45.39323], [16.82449, 45.39306], [16.82616, 45.39327]], [[16.82431, 45.39349], [16.82568, 45.39372], [16.8242, 45.3936], [16.8239, 45.39412], [16.82281, 45.39414], [16.82298, 45.39391], [16.82383, 45.39405], [16.82385, 45.39335], [16.82431, 45.39349]], [[16.8169, 45.39618], [16.81583, 45.39497], [16.81709, 45.39615], [16.81786, 45.39517], [16.8172, 45.39626], [16.81747, 45.39789], [16.81694, 45.39705], [16.81343, 45.39746], [16.81308, 45.3981], [16.81351, 45.39665], [16.8169, 45.39618]]], [[[16.8278, 45.39391], [16.82781, 45.3939], [16.82779, 45.39388], [16.8278, 45.39391]]], [[[16.82343, 45.39752], [16.8239, 45.39662], [16.82448, 45.39602], [16.82252, 45.3969], [16.82253, 45.39753], [16.82343, 45.39752]]], [[[16.77004, 45.32226], [16.76748, 45.32333], [16.7671, 45.32373], [16.77221, 45.32152], [16.77004, 45.32226]]], [[[16.76496, 45.31534], [16.76535, 45.30696], [16.76795, 45.30698], [16.76994, 45.2981], [16.77005, 45.29615], [16.76889, 45.29004], [16.76645, 45.28138], [16.76705, 45.27575], [16.76615, 45.27586], [16.76622, 45.28155], [16.76841, 45.2896], [16.76975, 45.29794], [16.76768, 45.30683], [16.76516, 45.30681], [16.76496, 45.31534]]], [[[16.74884, 45.30659], [16.76516, 45.30681], [16.75367, 45.30665], [16.74884, 45.30659]]], [[[16.74689, 45.30677], [16.74787, 45.30691], [16.74884, 45.30659], [16.74681, 45.30657], [16.74689, 45.30677]]], [[[16.76497, 45.32132], [16.76478, 45.32133], [16.76474, 45.32303], [16.76493, 45.32301], [16.76497, 45.32132]]], [[[16.74055, 45.27999], [16.74217, 45.28044], [16.74179, 45.28073], [16.7428, 45.28143], [16.74284, 45.27933], [16.74345, 45.27935], [16.74619, 45.28142], [16.74687, 45.28143], [16.74701, 45.28061], [16.74862, 45.28087], [16.74764, 45.2801], [16.74662, 45.28014], [16.74706, 45.27947], [16.7462, 45.27826], [16.73944, 45.27939], [16.74055, 45.27999]]], [[[16.75398, 45.27774], [16.75398, 45.27846], [16.75446, 45.27862], [16.7545, 45.27726], [16.75405, 45.27731], [16.75398, 45.27774]]], [[[16.6983, 45.33194], [16.70321, 45.3309], [16.70494, 45.32949], [16.70519, 45.32927], [16.70413, 45.32695], [16.70154, 45.32752], [16.69887, 45.32739], [16.69817, 45.32696], [16.69695, 45.32712], [16.6967, 45.3277], [16.69712, 45.32814], [16.69627, 45.32911], [16.69643, 45.32945], [16.69561, 45.32971], [16.69524, 45.33074], [16.69584, 45.33106], [16.69515, 45.33091], [16.69641, 45.33239], [16.6983, 45.33194]]], [[[16.7395, 45.30647], [16.7361, 45.30641], [16.73611, 45.30783], [16.73927, 45.30825], [16.7395, 45.30647]]], [[[16.75496, 45.31632], [16.75624, 45.31653], [16.75862, 45.31607], [16.75875, 45.31499], [16.75695, 45.31446], [16.75596, 45.31363], [16.74754, 45.31357], [16.74737, 45.31845], [16.75028, 45.31794], [16.75329, 45.31809], [16.75327, 45.31692], [16.7539, 45.31686], [16.75441, 45.31624], [16.75496, 45.31632]]], [[[16.701, 45.31751], [16.70196, 45.31726], [16.70196, 45.3164], [16.70351, 45.31642], [16.70563, 45.31518], [16.70573, 45.31365], [16.70684, 45.31362], [16.70698, 45.3128], [16.7003, 45.31275], [16.69932, 45.31431], [16.69811, 45.31479], [16.69658, 45.31672], [16.69517, 45.31721], [16.69451, 45.31937], [16.6987, 45.31948], [16.69985, 45.31793], [16.7009, 45.31852], [16.701, 45.31751]]], [[[16.70223, 45.32361], [16.70155, 45.32162], [16.70072, 45.32171], [16.70065, 45.32474], [16.70161, 45.32471], [16.70223, 45.32361]]], [[[16.7053, 45.31982], [16.70843, 45.31977], [16.70632, 45.31923], [16.7025, 45.31891], [16.69943, 45.31944], [16.70142, 45.32015], [16.7053, 45.31982]]], [[[16.69621, 45.3253], [16.6975, 45.32597], [16.69835, 45.32562], [16.69713, 45.32416], [16.69795, 45.3237], [16.69829, 45.32273], [16.69696, 45.32234], [16.69672, 45.32122], [16.695, 45.32187], [16.69489, 45.32374], [16.69575, 45.3239], [16.69621, 45.3253]]], [[[16.71107, 45.31964], [16.71245, 45.31971], [16.71252, 45.31729], [16.71152, 45.31743], [16.71107, 45.31964]]], [[[16.75817, 45.33431], [16.75848, 45.3343], [16.75782, 45.33436], [16.75708, 45.33385], [16.75601, 45.33275], [16.75634, 45.33244], [16.75564, 45.33236], [16.75744, 45.33193], [16.75564, 45.33124], [16.75395, 45.33278], [16.75478, 45.33293], [16.75615, 45.33433], [16.75704, 45.33605], [16.7603, 45.3357], [16.75905, 45.33334], [16.75817, 45.33431]]], [[[16.75158, 45.33481], [16.75354, 45.33547], [16.75247, 45.33345], [16.75311, 45.33122], [16.75162, 45.33239], [16.75158, 45.33481]]], [[[16.74386, 45.33221], [16.74645, 45.33308], [16.74735, 45.33156], [16.74899, 45.33029], [16.74771, 45.33201], [16.74826, 45.3322], [16.74764, 45.33349], [16.74846, 45.33376], [16.751, 45.32909], [16.74889, 45.32849], [16.74778, 45.32925], [16.74686, 45.32926], [16.74638, 45.32818], [16.74678, 45.32734], [16.74607, 45.32662], [16.74598, 45.32835], [16.74507, 45.32897], [16.74463, 45.3288], [16.74321, 45.32933], [16.74153, 45.33098], [16.74146, 45.33067], [16.7406, 45.3311], [16.74209, 45.33161], [16.74224, 45.3307], [16.7449, 45.32943], [16.74506, 45.32993], [16.74548, 45.3299], [16.74517, 45.33074], [16.74386, 45.33221]]], [[[16.7318, 45.32864], [16.73911, 45.33059], [16.73877, 45.3297], [16.73819, 45.32964], [16.73825, 45.32529], [16.73704, 45.32499], [16.73575, 45.32647], [16.7318, 45.32864]]], [[[16.78232, 45.32697], [16.78041, 45.32569], [16.7786, 45.32539], [16.77926, 45.32597], [16.78232, 45.32697]]], [[[16.77842, 45.32502], [16.77854, 45.32526], [16.77888, 45.32516], [16.77874, 45.32513], [16.77842, 45.32502]]], [[[16.77739, 45.3241], [16.77971, 45.32499], [16.78028, 45.3249], [16.77924, 45.32438], [16.77739, 45.3241]]], [[[16.7776, 45.27627], [16.77691, 45.27698], [16.77673, 45.2797], [16.77767, 45.27982], [16.7776, 45.27627]]], [[[16.78781, 45.27611], [16.78732, 45.27629], [16.7868, 45.27571], [16.78636, 45.27596], [16.78704, 45.278], [16.79002, 45.27966], [16.79112, 45.27881], [16.79088, 45.27754], [16.78936, 45.27713], [16.78949, 45.27442], [16.78818, 45.27473], [16.78781, 45.27611]]], [[[16.796, 45.2883], [16.79581, 45.28878], [16.79953, 45.28807], [16.80384, 45.28855], [16.80554, 45.28942], [16.80707, 45.29103], [16.80775, 45.29099], [16.80644, 45.28893], [16.80392, 45.28738], [16.80057, 45.2871], [16.7984, 45.28735], [16.796, 45.2883]]], [[[16.77424, 45.30956], [16.77438, 45.30996], [16.77568, 45.31025], [16.77492, 45.31046], [16.77533, 45.31095], [16.77598, 45.30989], [16.77393, 45.30911], [16.77424, 45.30956]]], [[[16.78508, 45.29945], [16.78586, 45.29978], [16.78651, 45.29892], [16.78569, 45.29799], [16.78489, 45.29889], [16.78508, 45.29945]]], [[[16.7905, 45.29997], [16.78854, 45.3001], [16.78766, 45.29951], [16.78696, 45.29994], [16.78624, 45.29991], [16.7867, 45.30039], [16.7866, 45.30112], [16.78462, 45.30211], [16.7847, 45.30254], [16.7904, 45.30027], [16.7905, 45.29997]]], [[[16.81033, 45.40027], [16.80903, 45.4], [16.80978, 45.40175], [16.81308, 45.40178], [16.81509, 45.40133], [16.81484, 45.40064], [16.81272, 45.40081], [16.81033, 45.40027]]], [[[16.82242, 45.39974], [16.82243, 45.39965], [16.82249, 45.39942], [16.82216, 45.39958], [16.82242, 45.39974]]], [[[16.82255, 45.39843], [16.8227, 45.39888], [16.82336, 45.39781], [16.82272, 45.39826], [16.82255, 45.39843]]], [[[16.8229, 45.39562], [16.82263, 45.39594], [16.82256, 45.39552], [16.82212, 45.39658], [16.82261, 45.39617], [16.82253, 45.39656], [16.82325, 45.39652], [16.82343, 45.39601], [16.8229, 45.39562]]], [[[16.82396, 45.39589], [16.82466, 45.39556], [16.82429, 45.39514], [16.82368, 45.3956], [16.82396, 45.39589]]], [[[16.7909, 45.45506], [16.78993, 45.45277], [16.78854, 45.45319], [16.78764, 45.45473], [16.78611, 45.4557], [16.78664, 45.45787], [16.78618, 45.4596], [16.78725, 45.46057], [16.78738, 45.46169], [16.78654, 45.46279], [16.78201, 45.46529], [16.78184, 45.46564], [16.78376, 45.46699], [16.79297, 45.46179], [16.79027, 45.46059], [16.78885, 45.45862], [16.78917, 45.45659], [16.7909, 45.45506]]], [[[16.77192, 45.46007], [16.77271, 45.45987], [16.77297, 45.45915], [16.77161, 45.45845], [16.76922, 45.45872], [16.77192, 45.46007]]], [[[16.76131, 45.46135], [16.76099, 45.46154], [16.7611, 45.46165], [16.76113, 45.4616], [16.76131, 45.46135]]], [[[16.76791, 45.45855], [16.76803, 45.45856], [16.76777, 45.45855], [16.76791, 45.45855]]], [[[16.79374, 45.65397], [16.7943, 45.65398], [16.7941, 45.65306], [16.79484, 45.65344], [16.79537, 45.65328], [16.79432, 45.65219], [16.79341, 45.65312], [16.79374, 45.65397]]], [[[16.79376, 45.6487], [16.79406, 45.64823], [16.79346, 45.64773], [16.79222, 45.64894], [16.793, 45.64851], [16.79376, 45.6487]]], [[[16.65543, 45.61421], [16.65509, 45.61246], [16.65395, 45.61265], [16.6547, 45.61193], [16.65453, 45.61117], [16.65321, 45.61094], [16.65148, 45.61258], [16.65257, 45.61297], [16.65306, 45.6138], [16.65428, 45.61401], [16.65465, 45.61454], [16.65429, 45.61509], [16.65482, 45.6155], [16.65518, 45.61515], [16.65662, 45.61638], [16.65738, 45.61559], [16.65556, 45.61442], [16.65543, 45.61462], [16.65543, 45.61421]]], [[[16.77523, 45.56184], [16.77621, 45.56295], [16.77785, 45.56239], [16.77629, 45.56166], [16.77523, 45.56184]]], [[[16.77958, 45.56217], [16.7802, 45.56189], [16.78356, 45.5623], [16.78277, 45.56165], [16.78318, 45.56087], [16.78085, 45.56055], [16.78136, 45.55826], [16.77919, 45.5579], [16.78097, 45.55845], [16.78044, 45.56023], [16.77981, 45.56023], [16.77829, 45.56205], [16.77958, 45.56217]]], [[[16.78345, 45.56624], [16.7856, 45.56552], [16.78515, 45.56443], [16.78479, 45.56482], [16.78251, 45.56437], [16.78177, 45.56455], [16.78155, 45.56557], [16.7789, 45.56611], [16.77843, 45.56661], [16.77746, 45.56647], [16.77739, 45.56672], [16.78163, 45.56783], [16.78345, 45.56624]]], [[[16.7885, 45.58024], [16.78925, 45.5815], [16.79073, 45.58145], [16.79131, 45.58059], [16.79051, 45.57991], [16.79039, 45.5803], [16.78948, 45.58003], [16.7885, 45.58024]]], [[[16.79968, 45.53699], [16.79737, 45.537], [16.79698, 45.5384], [16.79807, 45.5385], [16.80038, 45.538], [16.80026, 45.53701], [16.79968, 45.53699]]], [[[16.81153, 45.57084], [16.81176, 45.57136], [16.8123, 45.57033], [16.81342, 45.57024], [16.81327, 45.56967], [16.81414, 45.56862], [16.81375, 45.5683], [16.81297, 45.5682], [16.81248, 45.56851], [16.81213, 45.56892], [16.81283, 45.56878], [16.81269, 45.56913], [16.81137, 45.56988], [16.8126, 45.57013], [16.81143, 45.57064], [16.81144, 45.5701], [16.81048, 45.57095], [16.81117, 45.57165], [16.81153, 45.57084]]], [[[16.81245, 45.56775], [16.8122, 45.56754], [16.812, 45.56736], [16.81197, 45.56769], [16.81245, 45.56775]]], [[[16.82584, 45.57032], [16.82537, 45.57049], [16.82526, 45.57055], [16.82556, 45.57068], [16.82584, 45.57032]]], [[[16.82342, 45.56935], [16.824, 45.56982], [16.82504, 45.56983], [16.82446, 45.56859], [16.82342, 45.56935]]], [[[16.82525, 45.56095], [16.82507, 45.56202], [16.82321, 45.56264], [16.82235, 45.56218], [16.82115, 45.56213], [16.8205, 45.56306], [16.82161, 45.5632], [16.8217, 45.56397], [16.82276, 45.5645], [16.82251, 45.56512], [16.82329, 45.56543], [16.82493, 45.56472], [16.82553, 45.56399], [16.82726, 45.56391], [16.82758, 45.56346], [16.82735, 45.5629], [16.82592, 45.56224], [16.82525, 45.56095]]], [[[16.80673, 45.54606], [16.80889, 45.5451], [16.80941, 45.54323], [16.80886, 45.5432], [16.80749, 45.54411], [16.80728, 45.54486], [16.80658, 45.54512], [16.80624, 45.54477], [16.80595, 45.54521], [16.8051, 45.54519], [16.80579, 45.54713], [16.80696, 45.54709], [16.80673, 45.54606]]], [[[16.90137, 45.62283], [16.90088, 45.62208], [16.89987, 45.6233], [16.89895, 45.62309], [16.89845, 45.62387], [16.8979, 45.62379], [16.89802, 45.6231], [16.89766, 45.62294], [16.89692, 45.62476], [16.89961, 45.6254], [16.90137, 45.62283]]], [[[16.91924, 45.60808], [16.91917, 45.60852], [16.9232, 45.60869], [16.92318, 45.60857], [16.91924, 45.60808]]], [[[16.79486, 45.56444], [16.79438, 45.56406], [16.79496, 45.56435], [16.79547, 45.56405], [16.7941, 45.56275], [16.7945, 45.56482], [16.79521, 45.56509], [16.79502, 45.56554], [16.79622, 45.56624], [16.7979, 45.56623], [16.79822, 45.56548], [16.79743, 45.56578], [16.79662, 45.56558], [16.79642, 45.56514], [16.79486, 45.56444]]], [[[16.7944, 45.55975], [16.79398, 45.56046], [16.79902, 45.56187], [16.79877, 45.56109], [16.7944, 45.55975]]], [[[16.79495, 45.55905], [16.79455, 45.55958], [16.79595, 45.56], [16.7956, 45.55932], [16.79495, 45.55905]]], [[[16.83526, 45.61041], [16.83433, 45.60778], [16.83367, 45.60714], [16.83353, 45.6055], [16.832, 45.60544], [16.83131, 45.60397], [16.83182, 45.60373], [16.83044, 45.60268], [16.82968, 45.60361], [16.82959, 45.60549], [16.83153, 45.60577], [16.83277, 45.60643], [16.83654, 45.61296], [16.8385, 45.61434], [16.83981, 45.6163], [16.84214, 45.6157], [16.84155, 45.61399], [16.83729, 45.6128], [16.83526, 45.61041]]], [[[16.58056, 45.55697], [16.57838, 45.55806], [16.57309, 45.55972], [16.57131, 45.56081], [16.57228, 45.56136], [16.57085, 45.56219], [16.57543, 45.56732], [16.58593, 45.56087], [16.58435, 45.56081], [16.58324, 45.56028], [16.58249, 45.55829], [16.58121, 45.55772], [16.58056, 45.55697]]], [[[16.58701, 45.55577], [16.58787, 45.55716], [16.58802, 45.55923], [16.59277, 45.55434], [16.59131, 45.55322], [16.58701, 45.55577]]], [[[16.58499, 45.40517], [16.58406, 45.40433], [16.58329, 45.40445], [16.58624, 45.40669], [16.58653, 45.40637], [16.58499, 45.40517]]], [[[16.58226, 45.406], [16.5814, 45.40593], [16.58129, 45.40666], [16.58216, 45.40652], [16.58226, 45.406]]], [[[16.58164, 45.40683], [16.58112, 45.40683], [16.58163, 45.40834], [16.58217, 45.40829], [16.58164, 45.40683]]], [[[16.58091, 45.40678], [16.58043, 45.40679], [16.58023, 45.40757], [16.58109, 45.40738], [16.58091, 45.40678]]], [[[16.58105, 45.40595], [16.58066, 45.40588], [16.58051, 45.40652], [16.58098, 45.40656], [16.58105, 45.40595]]], [[[16.66311, 45.53726], [16.663, 45.53858], [16.66492, 45.53884], [16.6675, 45.5352], [16.66623, 45.53366], [16.66284, 45.53646], [16.66311, 45.53726]]], [[[16.78494, 45.52094], [16.78501, 45.52252], [16.78371, 45.52434], [16.78624, 45.52424], [16.78744, 45.52006], [16.7859, 45.51999], [16.78538, 45.52099], [16.78494, 45.52094]]], [[[16.78753, 45.51943], [16.78773, 45.51713], [16.78592, 45.51659], [16.78546, 45.51797], [16.78633, 45.51831], [16.78634, 45.51899], [16.78753, 45.51943]]], [[[16.78409, 45.51199], [16.78374, 45.5123], [16.78326, 45.51248], [16.78393, 45.51237], [16.78409, 45.51199]]], [[[16.77394, 45.52048], [16.77413, 45.5231], [16.77583, 45.52355], [16.7766, 45.52197], [16.77562, 45.52179], [16.77518, 45.52125], [16.77581, 45.52056], [16.77394, 45.52048]]], [[[16.79469, 45.5271], [16.79472, 45.53067], [16.79595, 45.53257], [16.7966, 45.53479], [16.79751, 45.53452], [16.79714, 45.53363], [16.79846, 45.53342], [16.79978, 45.53411], [16.79969, 45.53328], [16.79918, 45.53304], [16.80058, 45.53253], [16.80113, 45.53265], [16.80114, 45.53166], [16.80027, 45.53218], [16.79899, 45.53213], [16.79916, 45.53113], [16.79789, 45.53124], [16.79747, 45.53085], [16.79817, 45.53053], [16.79792, 45.52997], [16.79917, 45.52885], [16.79849, 45.52828], [16.7998, 45.52789], [16.79985, 45.5267], [16.79615, 45.52732], [16.79469, 45.5271]]], [[[16.80006, 45.52616], [16.80115, 45.52488], [16.79948, 45.52481], [16.80044, 45.52463], [16.79881, 45.52389], [16.79926, 45.52375], [16.79887, 45.5218], [16.79975, 45.5218], [16.80132, 45.52111], [16.79905, 45.51982], [16.79463, 45.51858], [16.796, 45.52158], [16.79595, 45.52348], [16.79499, 45.52492], [16.7976, 45.52459], [16.79815, 45.52506], [16.7991, 45.52496], [16.79935, 45.52517], [16.79877, 45.52527], [16.79905, 45.52579], [16.80006, 45.52574], [16.79919, 45.52605], [16.79928, 45.52638], [16.80006, 45.52616]]], [[[16.79464, 45.52625], [16.79449, 45.52667], [16.7943, 45.52698], [16.79486, 45.52685], [16.79464, 45.52625]]], [[[16.7771, 45.52723], [16.77669, 45.52612], [16.77457, 45.52591], [16.77452, 45.5253], [16.77388, 45.52506], [16.77371, 45.52721], [16.77382, 45.52635], [16.77422, 45.52635], [16.77488, 45.52691], [16.7749, 45.52754], [16.7755, 45.52747], [16.77553, 45.52701], [16.77621, 45.52698], [16.77672, 45.52742], [16.7771, 45.52723]]], [[[16.77423, 45.53055], [16.7743, 45.53031], [16.77425, 45.5303], [16.77415, 45.53052], [16.77423, 45.53055]]], [[[16.73612, 45.54615], [16.73599, 45.54714], [16.73527, 45.54831], [16.73666, 45.54816], [16.73677, 45.54702], [16.73622, 45.54696], [16.73681, 45.54692], [16.73706, 45.5464], [16.73612, 45.54615]]], [[[16.73425, 45.54994], [16.73416, 45.55007], [16.73453, 45.55009], [16.73448, 45.54994], [16.73425, 45.54994]]], [[[16.73617, 45.54837], [16.73592, 45.54826], [16.73525, 45.5484], [16.73515, 45.54878], [16.73617, 45.54837]]], [[[16.74894, 45.54646], [16.74884, 45.54611], [16.74873, 45.546], [16.74866, 45.54618], [16.74894, 45.54646]]], [[[16.7545, 45.55799], [16.75487, 45.55791], [16.75486, 45.55783], [16.75467, 45.5579], [16.7545, 45.55799]]], [[[16.75506, 45.55787], [16.75644, 45.55755], [16.75692, 45.55545], [16.75458, 45.55551], [16.75414, 45.55509], [16.75272, 45.55581], [16.75382, 45.55637], [16.7547, 45.55618], [16.75421, 45.55647], [16.75447, 45.5571], [16.75562, 45.55748], [16.755, 45.55759], [16.75506, 45.55787]]], [[[16.75693, 45.54994], [16.75771, 45.55162], [16.7599, 45.55211], [16.76104, 45.5514], [16.76511, 45.54446], [16.76556, 45.53754], [16.76343, 45.53691], [16.76271, 45.5371], [16.76307, 45.53672], [16.76152, 45.53589], [16.76103, 45.53647], [16.7613, 45.53723], [16.76218, 45.53735], [16.76091, 45.53879], [16.753, 45.53875], [16.75222, 45.53916], [16.76066, 45.53926], [16.76214, 45.53959], [16.76316, 45.54055], [16.75771, 45.54393], [16.76132, 45.54488], [16.76163, 45.54681], [16.75842, 45.54712], [16.75815, 45.54765], [16.7585, 45.5488], [16.7581, 45.54959], [16.76012, 45.54999], [16.75986, 45.55039], [16.75876, 45.55078], [16.7583, 45.55017], [16.75693, 45.54994]]], [[[16.74809, 45.55152], [16.74858, 45.55173], [16.7481, 45.55192], [16.74922, 45.55191], [16.75189, 45.55298], [16.75165, 45.55238], [16.74944, 45.55167], [16.74942, 45.55127], [16.7501, 45.55122], [16.75013, 45.54979], [16.74738, 45.5498], [16.74685, 45.55109], [16.74809, 45.55152]]], [[[16.75159, 45.55338], [16.75167, 45.55373], [16.75104, 45.55414], [16.75267, 45.55361], [16.75159, 45.55338]]], [[[16.74985, 45.55466], [16.75043, 45.55439], [16.74974, 45.55356], [16.74936, 45.55392], [16.74985, 45.55466]]], [[[16.73283, 45.55176], [16.73398, 45.55187], [16.73383, 45.55144], [16.73325, 45.55144], [16.73373, 45.55104], [16.73229, 45.55156], [16.73283, 45.55176]]], [[[16.73217, 45.55159], [16.73135, 45.5517], [16.73087, 45.55186], [16.73244, 45.55224], [16.73217, 45.55159]]], [[[17.06895, 45.44498], [17.0681, 45.44359], [17.06745, 45.44425], [17.06398, 45.44019], [17.06807, 45.43926], [17.06505, 45.4398], [17.06137, 45.44093], [17.06365, 45.44038], [17.06803, 45.44542], [17.06805, 45.44655], [17.07011, 45.44661], [17.07016, 45.44621], [17.06873, 45.44621], [17.06895, 45.44515], [17.07077, 45.44483], [17.07075, 45.4446], [17.06895, 45.44498]]], [[[17.07087, 45.45324], [17.07178, 45.45425], [17.07165, 45.45308], [17.07087, 45.45324]]], [[[17.07185, 45.45654], [17.07205, 45.45685], [17.07201, 45.45647], [17.07185, 45.45654]]], [[[17.07009, 45.45796], [17.0706, 45.45683], [17.07162, 45.4571], [17.07132, 45.45641], [17.06874, 45.45437], [17.06793, 45.45428], [17.06798, 45.45347], [17.06739, 45.45291], [17.06842, 45.45262], [17.0674, 45.45272], [17.067, 45.4523], [17.06702, 45.45167], [17.06748, 45.45179], [17.06716, 45.45127], [17.06734, 45.45106], [17.06889, 45.45169], [17.0665, 45.4501], [17.06616, 45.4502], [17.06662, 45.45052], [17.06678, 45.45235], [17.06786, 45.45509], [17.06908, 45.45634], [17.06795, 45.45656], [17.06692, 45.45489], [17.06672, 45.45626], [17.06885, 45.45821], [17.07009, 45.45796]]], [[[17.06716, 45.45695], [17.06594, 45.45659], [17.06381, 45.45373], [17.06554, 45.45317], [17.06494, 45.44984], [17.0655, 45.44917], [17.06557, 45.44666], [17.06705, 45.4467], [17.06793, 45.44627], [17.06491, 45.44631], [17.06559, 45.44557], [17.06445, 45.44449], [17.06421, 45.44646], [17.06378, 45.44694], [17.06254, 45.44694], [17.05986, 45.44491], [17.06059, 45.44414], [17.059, 45.44414], [17.05838, 45.44324], [17.06016, 45.44267], [17.05791, 45.44283], [17.05742, 45.44219], [17.05111, 45.44388], [17.04472, 45.44417], [17.03924, 45.44563], [17.03827, 45.44707], [17.03881, 45.4487], [17.03837, 45.44977], [17.03272, 45.45241], [17.03485, 45.45353], [17.03797, 45.45252], [17.04125, 45.45301], [17.04342, 45.45492], [17.04339, 45.45724], [17.05245, 45.45701], [17.05263, 45.45562], [17.05278, 45.45669], [17.05768, 45.4566], [17.05787, 45.45544], [17.05891, 45.45507], [17.05874, 45.45566], [17.0599, 45.45623], [17.06002, 45.45677], [17.06486, 45.45692], [17.06771, 45.45787], [17.06716, 45.45695]]], [[[16.86107, 45.32683], [16.86093, 45.32671], [16.85949, 45.32772], [16.85964, 45.32782], [16.86107, 45.32683]]], [[[16.87242, 45.34105], [16.87026, 45.34226], [16.86976, 45.34352], [16.87448, 45.34819], [16.87754, 45.34889], [16.87635, 45.34679], [16.87543, 45.34303], [16.87242, 45.34105]]], [[[16.848, 45.38674], [16.85217, 45.38617], [16.85278, 45.38537], [16.85226, 45.3851], [16.85199, 45.38547], [16.85199, 45.38455], [16.85109, 45.38432], [16.85059, 45.38609], [16.85047, 45.38558], [16.84899, 45.38521], [16.84914, 45.38442], [16.84731, 45.38446], [16.84697, 45.3846], [16.848, 45.38674]]], [[[16.8368, 45.3898], [16.83686, 45.38987], [16.83807, 45.38953], [16.83667, 45.38923], [16.8368, 45.3898]]], [[[16.83986, 45.38459], [16.84002, 45.38452], [16.83957, 45.38431], [16.83986, 45.38459]]], [[[16.84052, 45.38488], [16.84025, 45.38464], [16.83841, 45.3853], [16.83864, 45.38564], [16.84063, 45.38527], [16.84052, 45.38488]]], [[[16.84118, 45.38512], [16.84095, 45.38497], [16.84088, 45.38494], [16.84101, 45.38517], [16.84118, 45.38512]]], [[[16.84161, 45.38555], [16.84128, 45.38518], [16.83867, 45.38577], [16.83863, 45.38662], [16.83846, 45.38579], [16.83682, 45.38592], [16.83607, 45.3883], [16.83705, 45.38774], [16.83721, 45.38721], [16.83729, 45.38782], [16.83825, 45.38804], [16.83869, 45.38672], [16.83821, 45.38836], [16.83933, 45.38847], [16.84037, 45.38719], [16.84204, 45.38633], [16.84188, 45.38603], [16.84098, 45.38636], [16.84079, 45.38626], [16.84083, 45.38598], [16.84104, 45.38623], [16.84183, 45.38596], [16.84161, 45.38555]]], [[[16.83763, 45.44603], [16.84025, 45.44829], [16.84181, 45.4482], [16.84007, 45.44636], [16.83763, 45.44603]]], [[[16.85137, 45.44754], [16.85102, 45.44766], [16.85406, 45.44751], [16.85313, 45.44663], [16.85137, 45.44754]]], [[[16.84402, 45.45201], [16.84633, 45.45322], [16.84735, 45.4554], [16.84769, 45.45538], [16.85479, 45.45135], [16.84402, 45.45201]]], [[[16.87952, 45.45646], [16.88002, 45.4568], [16.88148, 45.45757], [16.88062, 45.45647], [16.87916, 45.45627], [16.87952, 45.45646]]], [[[16.89544, 45.46667], [16.89495, 45.46586], [16.89406, 45.46757], [16.89466, 45.46848], [16.89631, 45.46921], [16.89686, 45.46862], [16.89594, 45.46818], [16.89647, 45.4675], [16.89544, 45.46667]]], [[[16.92508, 45.47874], [16.92067, 45.47661], [16.92113, 45.48408], [16.92827, 45.4839], [16.92642, 45.4817], [16.9266, 45.48018], [16.92508, 45.47874]]], [[[16.92215, 45.49127], [16.92202, 45.49064], [16.91833, 45.49072], [16.91783, 45.49107], [16.91538, 45.49092], [16.91488, 45.49168], [16.90898, 45.49155], [16.91033, 45.4908], [16.91111, 45.48979], [16.91096, 45.48898], [16.91146, 45.4883], [16.91087, 45.4873], [16.90807, 45.48957], [16.90883, 45.4923], [16.92853, 45.49144], [16.92863, 45.49104], [16.92215, 45.49127]]], [[[16.91371, 45.50566], [16.91269, 45.50608], [16.91232, 45.50586], [16.91277, 45.50712], [16.91257, 45.50837], [16.91279, 45.50895], [16.91327, 45.50902], [16.9128, 45.50904], [16.91286, 45.50947], [16.91428, 45.51031], [16.91439, 45.5087], [16.91354, 45.50935], [16.9146, 45.50753], [16.91412, 45.50583], [16.91371, 45.50566]]], [[[16.9153, 45.51185], [16.91578, 45.51492], [16.9147, 45.51716], [16.91514, 45.51915], [16.91455, 45.52045], [16.9131, 45.5216], [16.91936, 45.52273], [16.92017, 45.52139], [16.9219, 45.52032], [16.91931, 45.51949], [16.9174, 45.51727], [16.91624, 45.51851], [16.91596, 45.5182], [16.91722, 45.51697], [16.91625, 45.51229], [16.9153, 45.51185]]], [[[16.91018, 45.49662], [16.91018, 45.49762], [16.90885, 45.49822], [16.91008, 45.50021], [16.91302, 45.49868], [16.9134, 45.50028], [16.91596, 45.50008], [16.91615, 45.49895], [16.92032, 45.49815], [16.92051, 45.49589], [16.91054, 45.49639], [16.90929, 45.49408], [16.90843, 45.49402], [16.90756, 45.49524], [16.90816, 45.49696], [16.91018, 45.49662]]], [[[16.93077, 45.53551], [16.93011, 45.53497], [16.92883, 45.53547], [16.92962, 45.53664], [16.92974, 45.538], [16.93239, 45.53917], [16.93315, 45.54036], [16.93281, 45.54146], [16.93148, 45.54229], [16.93119, 45.54297], [16.93884, 45.54256], [16.93375, 45.53715], [16.93222, 45.536], [16.93077, 45.53551]]], [[[16.94197, 45.54764], [16.94109, 45.54613], [16.93564, 45.54676], [16.93194, 45.54681], [16.9305, 45.54794], [16.93403, 45.54976], [16.93596, 45.55213], [16.94049, 45.55277], [16.94229, 45.55225], [16.94204, 45.55032], [16.94265, 45.54925], [16.94197, 45.54764]]], [[[16.94341, 45.5595], [16.94311, 45.55631], [16.94087, 45.55667], [16.93863, 45.55645], [16.94051, 45.55879], [16.94102, 45.56085], [16.94341, 45.5595]]], [[[16.93219, 45.56855], [16.93232, 45.56843], [16.93205, 45.56826], [16.93211, 45.56837], [16.93219, 45.56855]]], [[[16.92808, 45.5807], [16.9278, 45.58118], [16.92828, 45.58108], [16.92824, 45.58038], [16.92808, 45.5807]]], [[[16.9272, 45.58138], [16.92641, 45.583], [16.92538, 45.58284], [16.92577, 45.58222], [16.91684, 45.57882], [16.91697, 45.57818], [16.91413, 45.57682], [16.9145, 45.57616], [16.9139, 45.57622], [16.91362, 45.57681], [16.91647, 45.57813], [16.91623, 45.57859], [16.91357, 45.57717], [16.91299, 45.57626], [16.91182, 45.57621], [16.90987, 45.57679], [16.91298, 45.57755], [16.91355, 45.57734], [16.91407, 45.5777], [16.91273, 45.57803], [16.91535, 45.57829], [16.9166, 45.57892], [16.91604, 45.57887], [16.91602, 45.57917], [16.91672, 45.57936], [16.91657, 45.57958], [16.91739, 45.57927], [16.91873, 45.57984], [16.91861, 45.58054], [16.91744, 45.58109], [16.91404, 45.58108], [16.91238, 45.58153], [16.91234, 45.58007], [16.91402, 45.58017], [16.91395, 45.57958], [16.9135, 45.57951], [16.91392, 45.57941], [16.91282, 45.57916], [16.91301, 45.57884], [16.91436, 45.579], [16.91444, 45.57865], [16.91328, 45.57851], [16.91337, 45.57827], [16.9122, 45.5784], [16.91211, 45.5789], [16.9126, 45.57917], [16.91186, 45.5793], [16.91241, 45.57943], [16.91145, 45.57945], [16.9119, 45.58163], [16.90954, 45.58211], [16.91278, 45.58186], [16.91415, 45.58134], [16.91409, 45.58222], [16.91561, 45.58229], [16.91561, 45.58159], [16.91772, 45.5816], [16.9175, 45.58211], [16.9186, 45.58181], [16.91868, 45.5816], [16.91792, 45.58167], [16.91935, 45.58086], [16.91921, 45.58167], [16.92325, 45.58228], [16.92369, 45.58204], [16.92471, 45.58289], [16.92489, 45.58414], [16.92536, 45.58434], [16.92575, 45.58436], [16.92636, 45.58347], [16.92594, 45.58471], [16.92762, 45.58526], [16.92877, 45.58633], [16.93035, 45.58598], [16.92835, 45.58133], [16.9272, 45.58138]]], [[[16.92815, 45.58637], [16.92711, 45.58633], [16.92751, 45.58538], [16.92663, 45.58571], [16.92594, 45.58503], [16.92491, 45.58494], [16.92511, 45.58454], [16.92409, 45.58514], [16.92428, 45.5847], [16.92314, 45.58516], [16.92249, 45.58659], [16.92039, 45.58713], [16.92309, 45.58771], [16.9264, 45.58767], [16.92629, 45.58728], [16.92845, 45.58648], [16.92815, 45.58637]]], [[[16.92614, 45.58794], [16.92206, 45.58798], [16.92328, 45.58841], [16.92167, 45.58841], [16.92405, 45.58901], [16.9218, 45.58943], [16.9224, 45.59014], [16.92206, 45.59066], [16.92137, 45.59], [16.92101, 45.59054], [16.91989, 45.58994], [16.91987, 45.59078], [16.91886, 45.59086], [16.91849, 45.5903], [16.91955, 45.58814], [16.92015, 45.58814], [16.92034, 45.58769], [16.91849, 45.58805], [16.918, 45.58895], [16.9159, 45.58976], [16.91491, 45.58935], [16.9154, 45.5884], [16.91312, 45.58861], [16.91269, 45.58934], [16.91222, 45.58936], [16.91233, 45.58852], [16.91143, 45.58858], [16.91064, 45.58972], [16.91239, 45.59005], [16.91259, 45.59114], [16.91312, 45.59126], [16.91315, 45.59087], [16.91404, 45.59089], [16.91456, 45.59033], [16.9147, 45.59105], [16.91573, 45.59112], [16.91596, 45.59069], [16.91842, 45.5918], [16.91971, 45.59202], [16.92148, 45.59179], [16.92021, 45.5924], [16.92229, 45.59329], [16.92218, 45.59363], [16.92271, 45.59379], [16.92348, 45.59316], [16.92437, 45.59338], [16.92428, 45.59366], [16.92609, 45.59315], [16.92522, 45.5926], [16.92636, 45.59274], [16.92731, 45.59136], [16.92569, 45.58969], [16.92614, 45.58794]]], [[[16.92861, 45.59238], [16.92723, 45.59385], [16.92829, 45.59423], [16.92802, 45.59447], [16.92858, 45.59437], [16.9292, 45.59207], [16.92873, 45.59201], [16.92861, 45.59238]]], [[[16.91844, 45.59767], [16.91786, 45.59752], [16.91773, 45.59774], [16.91829, 45.59777], [16.91707, 45.59868], [16.91769, 45.59787], [16.91597, 45.59767], [16.91529, 45.59829], [16.91525, 45.59897], [16.91314, 45.59963], [16.91575, 45.59746], [16.91534, 45.59725], [16.91356, 45.59728], [16.91086, 45.59924], [16.90922, 45.59792], [16.90853, 45.59901], [16.90991, 45.60023], [16.90901, 45.60068], [16.90974, 45.60146], [16.90964, 45.60191], [16.91229, 45.60031], [16.91638, 45.5993], [16.91984, 45.59768], [16.91844, 45.59767]]], [[[16.90836, 45.6033], [16.90706, 45.59966], [16.90325, 45.60169], [16.90216, 45.60171], [16.90085, 45.60103], [16.90215, 45.6012], [16.90478, 45.60076], [16.90431, 45.60032], [16.90511, 45.60017], [16.90644, 45.59914], [16.90536, 45.5992], [16.90562, 45.59951], [16.90359, 45.60002], [16.90367, 45.59978], [16.9077, 45.59743], [16.90623, 45.59878], [16.90692, 45.59922], [16.90898, 45.59778], [16.90939, 45.59669], [16.90763, 45.5959], [16.90686, 45.59639], [16.90573, 45.5962], [16.90662, 45.59534], [16.90531, 45.59464], [16.90299, 45.59545], [16.90159, 45.59488], [16.90285, 45.59605], [16.90184, 45.59662], [16.90131, 45.59599], [16.89985, 45.59578], [16.90026, 45.59694], [16.89764, 45.59716], [16.89625, 45.59798], [16.89505, 45.5974], [16.89481, 45.59765], [16.89432, 45.59747], [16.89379, 45.59804], [16.8931, 45.59791], [16.89308, 45.59687], [16.89245, 45.59614], [16.89251, 45.59764], [16.89193, 45.59757], [16.89254, 45.59822], [16.89241, 45.59878], [16.89309, 45.59851], [16.89452, 45.59906], [16.89409, 45.59954], [16.89283, 45.59898], [16.892, 45.59979], [16.89379, 45.60121], [16.8951, 45.60437], [16.89708, 45.60576], [16.89814, 45.60828], [16.89882, 45.60845], [16.90299, 45.60527], [16.90524, 45.60487], [16.90722, 45.60493], [16.90836, 45.6033]], [[16.89802, 45.60108], [16.89865, 45.60105], [16.89729, 45.60041], [16.89772, 45.60017], [16.89701, 45.59917], [16.89725, 45.59938], [16.89746, 45.59911], [16.89633, 45.59801], [16.89675, 45.59779], [16.8975, 45.59845], [16.89828, 45.59794], [16.89925, 45.59786], [16.90097, 45.59923], [16.90066, 45.59954], [16.90183, 45.60062], [16.89899, 45.60154], [16.89802, 45.60108]], [[16.89972, 45.60141], [16.90083, 45.60159], [16.90005, 45.60194], [16.89956, 45.60275], [16.8993, 45.60205], [16.89965, 45.60166], [16.89842, 45.60183], [16.89846, 45.60232], [16.89809, 45.60207], [16.89744, 45.60234], [16.89824, 45.60177], [16.89972, 45.60141]]], [[[16.88945, 45.59608], [16.8915, 45.59584], [16.89169, 45.59531], [16.88963, 45.59578], [16.88858, 45.59652], [16.88945, 45.59608]]], [[[16.88827, 45.59659], [16.88804, 45.59668], [16.88828, 45.5966], [16.88827, 45.59659]]], [[[16.88593, 45.59819], [16.88663, 45.59811], [16.88698, 45.59746], [16.88593, 45.59819]]], [[[16.88802, 45.59455], [16.88766, 45.59406], [16.88734, 45.59468], [16.88802, 45.59455]]], [[[16.89074, 45.59314], [16.88929, 45.59225], [16.88944, 45.59129], [16.89382, 45.58876], [16.89283, 45.5881], [16.89048, 45.58968], [16.88776, 45.59387], [16.89074, 45.59314]]], [[[16.89444, 45.58636], [16.89462, 45.58598], [16.89434, 45.58632], [16.89444, 45.58636]]], [[[16.89573, 45.58239], [16.89845, 45.58382], [16.89923, 45.58314], [16.90367, 45.58479], [16.90498, 45.5837], [16.90362, 45.58407], [16.90274, 45.58386], [16.90093, 45.5822], [16.90146, 45.58114], [16.90084, 45.58099], [16.89939, 45.5821], [16.89853, 45.58151], [16.89967, 45.58047], [16.89876, 45.58026], [16.89809, 45.58143], [16.89759, 45.58127], [16.89796, 45.58014], [16.89737, 45.57973], [16.89597, 45.57955], [16.8959, 45.58156], [16.89511, 45.58342], [16.89573, 45.58239]]], [[[16.89818, 45.57978], [16.89818, 45.57978], [16.89815, 45.57978], [16.89818, 45.57978]]], [[[16.90782, 45.58053], [16.90838, 45.5805], [16.90859, 45.5795], [16.90932, 45.57952], [16.90983, 45.5805], [16.91049, 45.58056], [16.90972, 45.58085], [16.91067, 45.58079], [16.91071, 45.57964], [16.91109, 45.57954], [16.91045, 45.57963], [16.91066, 45.57919], [16.91183, 45.57889], [16.91243, 45.57786], [16.91122, 45.57788], [16.91067, 45.57848], [16.90931, 45.57826], [16.9085, 45.5786], [16.90848, 45.57956], [16.90782, 45.58053]]], [[[16.90826, 45.57809], [16.90816, 45.57804], [16.90822, 45.57811], [16.90826, 45.57809]]], [[[16.84847, 45.63626], [16.84879, 45.63508], [16.84623, 45.63381], [16.84517, 45.63371], [16.84337, 45.63509], [16.84355, 45.63885], [16.84433, 45.6404], [16.84826, 45.63796], [16.8467, 45.63677], [16.8472, 45.6367], [16.84831, 45.63735], [16.84847, 45.63626]]], [[[16.7739, 45.52388], [16.7739, 45.52429], [16.7766, 45.52486], [16.774, 45.52404], [16.7739, 45.52388]]], [[[16.77917, 45.52116], [16.77894, 45.52048], [16.77799, 45.52041], [16.77783, 45.51999], [16.77717, 45.52011], [16.77703, 45.52069], [16.77861, 45.5208], [16.77935, 45.5215], [16.77917, 45.52116]]], [[[16.77763, 45.52356], [16.77802, 45.52308], [16.77645, 45.52306], [16.77626, 45.52382], [16.77682, 45.52445], [16.77763, 45.52356]]], [[[16.83968, 45.64826], [16.83968, 45.64826], [16.83968, 45.64826], [16.83968, 45.64826]]], [[[16.84224, 45.64645], [16.8416, 45.64691], [16.84186, 45.64719], [16.84245, 45.64703], [16.84224, 45.64645]]], [[[16.84283, 45.64612], [16.84228, 45.64643], [16.84408, 45.64576], [16.84305, 45.64607], [16.84283, 45.64612]]], [[[16.85124, 45.64171], [16.85053, 45.64214], [16.84935, 45.64447], [16.84981, 45.64474], [16.85049, 45.64435], [16.85162, 45.64513], [16.8527, 45.64356], [16.85187, 45.64135], [16.85191, 45.64295], [16.85082, 45.64292], [16.85124, 45.64171]]], [[[16.8618, 45.64324], [16.86045, 45.64412], [16.86142, 45.64427], [16.86042, 45.64467], [16.86011, 45.64434], [16.8589, 45.64485], [16.85931, 45.64542], [16.85898, 45.64561], [16.85804, 45.6452], [16.85824, 45.64501], [16.8558, 45.64505], [16.85604, 45.64552], [16.85558, 45.64608], [16.85494, 45.64578], [16.8549, 45.64508], [16.85403, 45.64497], [16.85342, 45.64538], [16.85451, 45.64603], [16.85403, 45.64621], [16.85446, 45.64693], [16.85276, 45.64636], [16.85195, 45.64635], [16.85165, 45.64694], [16.85089, 45.64657], [16.84895, 45.64838], [16.84792, 45.64844], [16.84674, 45.6503], [16.84599, 45.64753], [16.84731, 45.64718], [16.84636, 45.64637], [16.84528, 45.64824], [16.84565, 45.65036], [16.84458, 45.65043], [16.84454, 45.65174], [16.85283, 45.64982], [16.85548, 45.6483], [16.85602, 45.64705], [16.85743, 45.64565], [16.85825, 45.64602], [16.85754, 45.64683], [16.85826, 45.64749], [16.85893, 45.64606], [16.85919, 45.64629], [16.8602, 45.6453], [16.86148, 45.64445], [16.86185, 45.64481], [16.86244, 45.64448], [16.86173, 45.64428], [16.86246, 45.64397], [16.86249, 45.6433], [16.8618, 45.64324]]], [[[16.86529, 45.6433], [16.86532, 45.64329], [16.86494, 45.64328], [16.86507, 45.64347], [16.86529, 45.6433]]], [[[16.8606, 45.64536], [16.86085, 45.64527], [16.86073, 45.64515], [16.86035, 45.64533], [16.8606, 45.64536]]], [[[16.86103, 45.64519], [16.86106, 45.64507], [16.8608, 45.64517], [16.86088, 45.64525], [16.86103, 45.64519]]], [[[16.85786, 45.64779], [16.85749, 45.64728], [16.85676, 45.64748], [16.8576, 45.64799], [16.85786, 45.64779]]], [[[16.86333, 45.64291], [16.86426, 45.64385], [16.86445, 45.64375], [16.86368, 45.64303], [16.86333, 45.64291]]], [[[16.86392, 45.64311], [16.8645, 45.64372], [16.86496, 45.64352], [16.86475, 45.64327], [16.86392, 45.64311]]], [[[16.84261, 45.65162], [16.8423, 45.6512], [16.84176, 45.65117], [16.84119, 45.65177], [16.8408, 45.65123], [16.8403, 45.65133], [16.83979, 45.6517], [16.83986, 45.65224], [16.84287, 45.65194], [16.84261, 45.65162]]], [[[16.83861, 45.65177], [16.83822, 45.65195], [16.83834, 45.65249], [16.83888, 45.65242], [16.83861, 45.65177]]], [[[16.83791, 45.65231], [16.8375, 45.65235], [16.83724, 45.65262], [16.83805, 45.65252], [16.83791, 45.65231]]], [[[16.83607, 45.65245], [16.83557, 45.65264], [16.83433, 45.65293], [16.83609, 45.65276], [16.83607, 45.65245]]], [[[16.83719, 45.65122], [16.83753, 45.6521], [16.8387, 45.65091], [16.83826, 45.64973], [16.83858, 45.64951], [16.83922, 45.65015], [16.83899, 45.64867], [16.83682, 45.64986], [16.83719, 45.65122]]], [[[16.94075, 45.60935], [16.94039, 45.60931], [16.94123, 45.60954], [16.9412, 45.60937], [16.94075, 45.60935]]], [[[16.9384, 45.60875], [16.93863, 45.6089], [16.9388, 45.60893], [16.9384, 45.60875]]], [[[16.9667, 45.58062], [16.96593, 45.58004], [16.96544, 45.58011], [16.96529, 45.58163], [16.9659, 45.58209], [16.96795, 45.58303], [16.97068, 45.58317], [16.96979, 45.58212], [16.9667, 45.58062]]], [[[16.97219, 45.58343], [16.97146, 45.58349], [16.97379, 45.58551], [16.97607, 45.58612], [16.97785, 45.58773], [16.97818, 45.58987], [16.97694, 45.59169], [16.97767, 45.59328], [16.98329, 45.59209], [16.98469, 45.59312], [16.98628, 45.59225], [16.98362, 45.58832], [16.98166, 45.58385], [16.97775, 45.58426], [16.97905, 45.58581], [16.97755, 45.58425], [16.97219, 45.58343]]], [[[16.99085, 45.59818], [16.98871, 45.59922], [16.98964, 45.60094], [16.99014, 45.59992], [16.99122, 45.59906], [16.99085, 45.59818]]], [[[16.98491, 45.59892], [16.98675, 45.5986], [16.98848, 45.59907], [16.99044, 45.59806], [16.98857, 45.596], [16.98892, 45.59587], [16.9898, 45.59645], [16.9893, 45.59507], [16.98658, 45.59247], [16.98403, 45.59385], [16.98627, 45.59511], [16.98565, 45.59586], [16.98599, 45.59517], [16.98221, 45.59271], [16.97971, 45.59333], [16.97846, 45.59427], [16.97801, 45.59399], [16.98091, 45.59724], [16.98491, 45.59892]]], [[[16.99087, 45.57236], [16.98714, 45.57279], [16.98839, 45.57929], [16.98903, 45.58009], [16.99023, 45.58042], [16.98911, 45.58137], [16.98696, 45.58134], [16.98984, 45.58472], [16.99951, 45.58914], [17.0034, 45.58518], [17.00286, 45.57991], [17.00325, 45.57907], [17.00427, 45.57834], [17.00414, 45.57705], [17.00054, 45.57437], [16.99479, 45.5738], [16.99277, 45.57318], [16.99064, 45.57201], [16.99087, 45.57236]]], [[[17.01512, 45.5794], [17.00997, 45.57983], [17.00963, 45.58078], [17.00853, 45.58156], [17.00876, 45.58382], [17.01034, 45.58373], [17.01255, 45.58188], [17.01513, 45.58142], [17.01751, 45.57908], [17.01512, 45.5794]]], [[[17.01948, 45.57363], [17.02006, 45.57245], [17.01482, 45.57368], [17.01487, 45.57515], [17.01953, 45.57449], [17.01948, 45.57363]]], [[[17.00977, 45.57087], [17.01939, 45.56853], [17.02624, 45.56544], [17.03024, 45.56203], [17.03036, 45.56085], [17.03118, 45.55961], [17.03409, 45.55823], [17.03384, 45.5578], [17.03127, 45.55761], [17.02911, 45.55647], [17.0228, 45.55705], [17.02226, 45.5586], [17.02043, 45.55933], [17.0184, 45.55894], [17.01736, 45.5576], [17.00685, 45.55861], [17.00891, 45.57134], [17.00977, 45.57087]]], [[[16.98851, 45.55968], [16.98778, 45.55901], [16.98842, 45.55859], [16.9891, 45.55928], [16.98991, 45.55879], [16.98941, 45.55841], [16.99087, 45.55828], [16.99267, 45.55714], [16.99076, 45.55554], [16.98974, 45.55615], [16.98905, 45.55576], [16.98887, 45.55749], [16.98639, 45.56023], [16.98651, 45.56088], [16.98851, 45.55968]]], [[[16.97695, 45.53595], [16.97842, 45.53896], [16.99345, 45.53238], [16.99579, 45.53236], [16.99722, 45.53344], [16.99714, 45.53492], [16.99631, 45.53565], [16.99287, 45.53715], [16.99905, 45.54241], [17.00266, 45.54014], [17.00398, 45.53852], [17.00592, 45.53765], [17.01125, 45.5325], [17.01487, 45.53076], [17.01189, 45.53038], [17.00956, 45.52898], [17.00724, 45.52611], [17.00693, 45.52434], [17.00503, 45.52228], [17.0049, 45.51987], [17.0027, 45.51986], [17.00387, 45.52051], [17.00307, 45.5209], [17.00213, 45.52052], [17.00133, 45.52201], [17.00018, 45.52185], [17.00071, 45.52272], [16.99992, 45.52347], [17.00048, 45.52439], [16.99893, 45.52509], [17.00099, 45.5281], [16.99715, 45.52956], [16.9952, 45.52788], [16.99181, 45.52912], [16.98492, 45.51968], [16.9806, 45.52055], [16.9795, 45.51994], [16.97805, 45.52125], [16.97847, 45.52174], [16.97782, 45.52194], [16.97321, 45.52034], [16.97275, 45.5186], [16.97036, 45.51888], [16.96878, 45.51974], [16.96968, 45.5211], [16.96943, 45.52253], [16.97165, 45.52361], [16.97413, 45.52762], [16.97838, 45.52982], [16.98, 45.5321], [16.97956, 45.53408], [16.97695, 45.53595]]], [[[16.96837, 45.51134], [16.96913, 45.51218], [16.96921, 45.51375], [16.97001, 45.51464], [16.97302, 45.51481], [16.9746, 45.51314], [16.9704, 45.50856], [16.96837, 45.51134]]], [[[16.97458, 45.51477], [16.97512, 45.51516], [16.9759, 45.51479], [16.97559, 45.51439], [16.97458, 45.51477]]], [[[16.98214, 45.518], [16.9829, 45.51786], [16.9823, 45.51657], [16.98159, 45.51683], [16.98214, 45.518]]], [[[16.98408, 45.51618], [16.98575, 45.51583], [16.98585, 45.51613], [16.98345, 45.51647], [16.98451, 45.51837], [16.98547, 45.51778], [16.98919, 45.51687], [16.98974, 45.51566], [16.99178, 45.51587], [16.9943, 45.51524], [16.99548, 45.51783], [16.9953, 45.51953], [16.99681, 45.51919], [16.99715, 45.51955], [16.99801, 45.51937], [16.9987, 45.51991], [17.00071, 45.5191], [16.99887, 45.51777], [16.99881, 45.51684], [16.99938, 45.51599], [17.0015, 45.51528], [17.00416, 45.516], [17.0047, 45.51585], [17.00501, 45.51476], [17.00477, 45.51258], [17.00287, 45.50918], [17.00296, 45.50758], [16.99737, 45.5056], [16.99349, 45.50317], [16.99108, 45.50043], [16.9892, 45.49737], [16.97262, 45.4996], [16.96849, 45.50141], [16.97007, 45.50299], [16.97273, 45.50402], [16.97424, 45.50512], [16.97635, 45.5083], [16.98238, 45.51432], [16.98258, 45.51589], [16.98408, 45.51618]], [[16.98593, 45.50452], [16.98691, 45.50417], [16.9872, 45.50458], [16.98608, 45.505], [16.98593, 45.50452]], [[16.99901, 45.50954], [17.00016, 45.51063], [17.00091, 45.51018], [17.00203, 45.5112], [17.0026, 45.51095], [17.0033, 45.51178], [17.00205, 45.51236], [17.00079, 45.51167], [16.9989, 45.51312], [16.99851, 45.51245], [16.99803, 45.51258], [16.99665, 45.51018], [16.99901, 45.50954]]], [[[17.00176, 45.51958], [17.0018, 45.51955], [17.00154, 45.51944], [17.00176, 45.51958]]], [[[16.95775, 45.50399], [16.95858, 45.5095], [16.96458, 45.50848], [16.96619, 45.50575], [16.96354, 45.50312], [16.96036, 45.50101], [16.95961, 45.49703], [16.95403, 45.49427], [16.9561, 45.49834], [16.95647, 45.5023], [16.95775, 45.50399]]], [[[16.94938, 45.48924], [16.95103, 45.48962], [16.95124, 45.48868], [16.95223, 45.48784], [16.95159, 45.48748], [16.95208, 45.48726], [16.95287, 45.48761], [16.95441, 45.4875], [16.95601, 45.48833], [16.9582, 45.48764], [16.96038, 45.48628], [16.96368, 45.48658], [16.96484, 45.48471], [16.96562, 45.48468], [16.96688, 45.48247], [16.96737, 45.4842], [16.97013, 45.48352], [16.96824, 45.47852], [16.96732, 45.4775], [16.96785, 45.47723], [16.96878, 45.47867], [16.96922, 45.47811], [16.96975, 45.47825], [16.96965, 45.47938], [16.97091, 45.47947], [16.97091, 45.47992], [16.96992, 45.48023], [16.97032, 45.48065], [16.97203, 45.48046], [16.97196, 45.48093], [16.97042, 45.48124], [16.97061, 45.48208], [16.97156, 45.48178], [16.97094, 45.48255], [16.97121, 45.48368], [16.97196, 45.48384], [16.9722, 45.48314], [16.97407, 45.48346], [16.97427, 45.48241], [16.97509, 45.48236], [16.97526, 45.48304], [16.97486, 45.48393], [16.9726, 45.48412], [16.97238, 45.48497], [16.97096, 45.48424], [16.9697, 45.48417], [16.96599, 45.48541], [16.96624, 45.48609], [16.96784, 45.48649], [16.9678, 45.48908], [16.96953, 45.48932], [16.97059, 45.49004], [16.97339, 45.49044], [16.97367, 45.49068], [16.97102, 45.49028], [16.97025, 45.49076], [16.97029, 45.49035], [16.96945, 45.49004], [16.96897, 45.49044], [16.96676, 45.48926], [16.96646, 45.48833], [16.96549, 45.48846], [16.96497, 45.48778], [16.96396, 45.4881], [16.96368, 45.48718], [16.96216, 45.48705], [16.9604, 45.4874], [16.95827, 45.48867], [16.95659, 45.4892], [16.9574, 45.49117], [16.96217, 45.49347], [16.96501, 45.49235], [16.96631, 45.49253], [16.96734, 45.49313], [16.96779, 45.49475], [16.9652, 45.49706], [16.96523, 45.49819], [16.97051, 45.49598], [16.98535, 45.49391], [16.98135, 45.49037], [16.97958, 45.48659], [16.97951, 45.48489], [16.98072, 45.4824], [16.98043, 45.48038], [16.97899, 45.47762], [16.97707, 45.47584], [16.97632, 45.4744], [16.9741, 45.47397], [16.97188, 45.47278], [16.97, 45.46997], [16.96526, 45.46689], [16.96432, 45.46498], [16.95842, 45.46336], [16.95433, 45.46118], [16.95219, 45.46183], [16.95133, 45.46251], [16.9509, 45.46223], [16.95116, 45.46191], [16.94981, 45.46185], [16.94811, 45.46237], [16.94603, 45.46241], [16.93876, 45.46084], [16.93346, 45.46193], [16.92863, 45.46239], [16.92472, 45.46226], [16.92174, 45.46149], [16.91946, 45.46159], [16.91564, 45.4609], [16.91482, 45.46285], [16.91181, 45.46709], [16.91402, 45.46775], [16.91492, 45.46734], [16.91488, 45.4666], [16.91779, 45.466], [16.9188, 45.4651], [16.9193, 45.46516], [16.91849, 45.46603], [16.91988, 45.46535], [16.92043, 45.46625], [16.92136, 45.46645], [16.92152, 45.46573], [16.92203, 45.46554], [16.92219, 45.46652], [16.92259, 45.4665], [16.92293, 45.46568], [16.92623, 45.465], [16.92652, 45.46544], [16.9256, 45.46564], [16.92546, 45.46625], [16.92303, 45.46642], [16.92395, 45.46816], [16.9239, 45.46901], [16.92444, 45.46925], [16.92643, 45.46799], [16.9272, 45.46823], [16.92662, 45.46983], [16.9274, 45.47], [16.9288, 45.46908], [16.92895, 45.46836], [16.92968, 45.46809], [16.93007, 45.46734], [16.9307, 45.46758], [16.93065, 45.46867], [16.93011, 45.46887], [16.92992, 45.46956], [16.93031, 45.47013], [16.93322, 45.46983], [16.93259, 45.47204], [16.93448, 45.4717], [16.93681, 45.47371], [16.93671, 45.47639], [16.93817, 45.47646], [16.93875, 45.47544], [16.93992, 45.4749], [16.93992, 45.47415], [16.94244, 45.47238], [16.94346, 45.47041], [16.94428, 45.47034], [16.94365, 45.47187], [16.94457, 45.47231], [16.94719, 45.47238], [16.94734, 45.47194], [16.94603, 45.47129], [16.94656, 45.47058], [16.94884, 45.47037], [16.94986, 45.46966], [16.95375, 45.46908], [16.95379, 45.46945], [16.95307, 45.4699], [16.95132, 45.46986], [16.94986, 45.47037], [16.94991, 45.47132], [16.95146, 45.47098], [16.95176, 45.47177], [16.95253, 45.47163], [16.95433, 45.47228], [16.95588, 45.47204], [16.95768, 45.47085], [16.95894, 45.46935], [16.95782, 45.46816], [16.96476, 45.46785], [16.96453, 45.46953], [16.96699, 45.47166], [16.96762, 45.47357], [16.96859, 45.47452], [16.96403, 45.47745], [16.96297, 45.47878], [16.96219, 45.48189], [16.96134, 45.48186], [16.95983, 45.48414], [16.95881, 45.48402], [16.9595, 45.48532], [16.95839, 45.48576], [16.95765, 45.48436], [16.95586, 45.48436], [16.95353, 45.48335], [16.95308, 45.48219], [16.95171, 45.48137], [16.93806, 45.48584], [16.9384, 45.48727], [16.93783, 45.48863], [16.93923, 45.48874], [16.94006, 45.48975], [16.94264, 45.48982], [16.94505, 45.48899], [16.94757, 45.48662], [16.9499, 45.48657], [16.95044, 45.48575], [16.95165, 45.48548], [16.95157, 45.48689], [16.9458, 45.48983], [16.94938, 45.48924]], [[16.94126, 45.46563], [16.94038, 45.46672], [16.93733, 45.46747], [16.93655, 45.46696], [16.94034, 45.46604], [16.94087, 45.46393], [16.94189, 45.46321], [16.94276, 45.46321], [16.94179, 45.46379], [16.94126, 45.46563]], [[16.95535, 45.46839], [16.95465, 45.46875], [16.954, 45.46865], [16.9555, 45.46707], [16.95615, 45.46693], [16.95742, 45.46851], [16.95535, 45.46839]], [[16.94941, 45.46726], [16.94815, 45.4676], [16.9482, 45.46849], [16.94635, 45.46883], [16.94461, 45.46968], [16.94615, 45.46807], [16.94652, 45.46684], [16.94705, 45.46739], [16.94859, 45.46694], [16.94941, 45.46726]]], [[[16.90107, 45.46325], [16.89889, 45.46269], [16.90124, 45.46399], [16.90107, 45.46325]]], [[[16.89677, 45.45985], [16.89558, 45.46055], [16.89663, 45.46123], [16.89677, 45.45985]]], [[[16.89446, 45.45927], [16.89509, 45.46021], [16.8965, 45.4595], [16.89633, 45.45918], [16.89532, 45.45958], [16.89486, 45.45936], [16.896, 45.45874], [16.8951, 45.45769], [16.89265, 45.45733], [16.89081, 45.45599], [16.89107, 45.45567], [16.89375, 45.45601], [16.89389, 45.45444], [16.89486, 45.4563], [16.89538, 45.45648], [16.89749, 45.45523], [16.89817, 45.45748], [16.89992, 45.45755], [16.90112, 45.4566], [16.9012, 45.45901], [16.90323, 45.45664], [16.90425, 45.45632], [16.90535, 45.4583], [16.90603, 45.45855], [16.90746, 45.45742], [16.90922, 45.45901], [16.90804, 45.46086], [16.90819, 45.46172], [16.9078, 45.4621], [16.90873, 45.46274], [16.91155, 45.45805], [16.90857, 45.45386], [16.90751, 45.4515], [16.90486, 45.44988], [16.90478, 45.44858], [16.90595, 45.44752], [16.90287, 45.44556], [16.89993, 45.44475], [16.89561, 45.44486], [16.89432, 45.44562], [16.89248, 45.44607], [16.89086, 45.44606], [16.88865, 45.44552], [16.8892, 45.44706], [16.88814, 45.44833], [16.88686, 45.44872], [16.88553, 45.44865], [16.8837, 45.44732], [16.88189, 45.44833], [16.87898, 45.45081], [16.88066, 45.45139], [16.88283, 45.45067], [16.88554, 45.45123], [16.88698, 45.45268], [16.88742, 45.45599], [16.88775, 45.45576], [16.88808, 45.45649], [16.88973, 45.45644], [16.8917, 45.457], [16.89446, 45.45927]], [[16.891, 45.45023], [16.89073, 45.44946], [16.89165, 45.44891], [16.89193, 45.4506], [16.89296, 45.45103], [16.89186, 45.45176], [16.89165, 45.45248], [16.89096, 45.45219], [16.89177, 45.45112], [16.89018, 45.45077], [16.891, 45.45023]]], [[[16.86326, 45.44879], [16.86333, 45.44922], [16.86418, 45.44916], [16.86621, 45.44885], [16.86671, 45.4484], [16.86588, 45.44767], [16.86475, 45.44775], [16.86338, 45.44721], [16.86198, 45.44399], [16.85912, 45.44515], [16.86169, 45.44694], [16.86326, 45.44879]]], [[[16.8661, 45.44225], [16.86445, 45.44295], [16.87133, 45.44286], [16.87155, 45.44228], [16.87223, 45.44237], [16.87437, 45.43999], [16.86808, 45.4414], [16.8661, 45.44225]]], [[[16.91703, 45.44104], [16.91464, 45.44133], [16.91631, 45.44331], [16.92329, 45.44425], [16.92517, 45.44039], [16.92453, 45.43942], [16.92304, 45.44002], [16.91703, 45.44104]]], [[[16.93283, 45.44048], [16.93522, 45.44201], [16.93658, 45.44136], [16.93935, 45.44159], [16.94521, 45.44781], [16.94149, 45.44171], [16.93658, 45.44108], [16.93089, 45.43743], [16.93039, 45.43758], [16.93283, 45.44048]]], [[[16.93756, 45.44636], [16.92923, 45.44361], [16.92738, 45.44445], [16.92566, 45.44461], [16.93215, 45.44562], [16.93793, 45.44727], [16.93756, 45.44636]]], [[[16.95564, 45.45399], [16.95543, 45.45434], [16.95489, 45.45385], [16.95442, 45.45428], [16.95412, 45.45413], [16.95661, 45.45584], [16.96385, 45.45595], [16.96389, 45.45563], [16.95564, 45.45399]]], [[[16.97032, 45.45577], [16.97094, 45.45555], [16.96887, 45.45558], [16.97032, 45.45577]]], [[[16.9772, 45.45593], [16.97823, 45.45595], [16.97842, 45.45671], [16.97784, 45.4571], [16.97789, 45.45806], [16.97842, 45.4581], [16.97942, 45.45923], [16.97773, 45.45912], [16.97717, 45.45834], [16.97525, 45.45826], [16.97485, 45.45886], [16.97748, 45.45974], [16.97975, 45.45968], [16.98122, 45.45918], [16.9829, 45.4555], [16.97648, 45.45536], [16.9772, 45.45593]]], [[[16.97545, 45.4605], [16.97668, 45.45994], [16.97406, 45.45903], [16.97195, 45.46026], [16.97545, 45.4605]]], [[[16.97135, 45.45953], [16.97124, 45.45861], [16.96733, 45.45724], [16.96912, 45.45943], [16.97031, 45.46007], [16.97188, 45.46025], [16.97135, 45.45953]]], [[[16.95289, 45.45333], [16.95265, 45.45326], [16.95278, 45.45333], [16.95289, 45.45333]]], [[[16.96335, 45.46042], [16.96388, 45.46061], [16.96321, 45.45981], [16.96069, 45.45972], [16.96335, 45.46042]]], [[[16.91757, 45.44746], [16.92021, 45.45193], [16.92129, 45.45294], [16.92249, 45.45326], [16.92926, 45.45406], [16.93265, 45.45362], [16.93709, 45.45217], [16.94151, 45.45251], [16.93058, 45.44932], [16.91757, 45.44746]]], [[[16.99496, 45.45811], [16.98816, 45.45663], [16.98659, 45.4603], [16.99057, 45.46252], [16.9951, 45.46292], [16.99941, 45.46195], [17.00266, 45.45977], [16.99496, 45.45811]]], [[[17.00853, 45.46123], [17.00391, 45.46441], [16.99978, 45.46613], [16.99469, 45.46679], [16.98669, 45.46596], [16.98698, 45.46698], [16.98988, 45.4669], [16.99525, 45.46778], [17.00286, 45.4674], [17.01038, 45.46788], [17.01227, 45.46833], [17.0138, 45.46929], [17.01883, 45.47006], [17.0208, 45.47113], [17.02112, 45.46995], [17.02219, 45.46877], [17.02589, 45.4674], [17.02337, 45.46536], [17.02485, 45.46498], [17.02681, 45.46567], [17.02791, 45.46453], [17.02762, 45.46339], [17.02676, 45.46322], [17.02573, 45.46495], [17.02622, 45.46339], [17.02565, 45.46327], [17.02543, 45.46358], [17.02517, 45.4633], [17.02482, 45.46357], [17.02399, 45.46322], [17.02345, 45.46529], [17.02312, 45.46525], [17.02179, 45.46449], [17.02191, 45.46428], [17.02302, 45.46479], [17.02376, 45.46306], [17.0221, 45.46234], [17.02146, 45.46499], [17.02143, 45.46443], [17.02085, 45.46477], [17.02128, 45.46431], [17.02118, 45.4632], [17.02016, 45.46357], [17.0195, 45.46445], [17.01993, 45.4636], [17.02111, 45.46286], [17.02308, 45.46053], [17.02397, 45.46021], [17.02646, 45.46047], [17.02477, 45.45908], [17.02331, 45.45897], [17.02203, 45.45822], [17.01773, 45.4592], [17.01826, 45.45922], [17.01842, 45.45993], [17.01752, 45.45939], [17.01737, 45.46113], [17.0182, 45.46146], [17.01808, 45.46207], [17.01782, 45.46187], [17.01737, 45.4623], [17.01738, 45.46398], [17.01679, 45.46343], [17.01601, 45.46391], [17.01594, 45.46339], [17.01601, 45.46305], [17.01716, 45.46302], [17.01603, 45.46281], [17.01715, 45.46267], [17.01723, 45.46192], [17.01588, 45.46115], [17.01327, 45.46082], [17.01322, 45.46027], [17.00853, 45.46123]], [[17.02117, 45.462], [17.0216, 45.46119], [17.02093, 45.46063], [17.02024, 45.46101], [17.01981, 45.46106], [17.01986, 45.4607], [17.01921, 45.46084], [17.01925, 45.46048], [17.01887, 45.46047], [17.0192, 45.46017], [17.0192, 45.46038], [17.02084, 45.46049], [17.02166, 45.46093], [17.0219, 45.46053], [17.0228, 45.46058], [17.02151, 45.46206], [17.02117, 45.462]]], [[[17.01552, 45.4599], [17.01553, 45.45973], [17.01488, 45.45989], [17.01552, 45.4599]]], [[[17.01568, 45.4598], [17.01615, 45.45983], [17.01624, 45.46054], [17.01664, 45.46061], [17.01713, 45.45934], [17.01568, 45.4598]]], [[[17.02762, 45.46228], [17.02451, 45.46112], [17.02263, 45.46202], [17.02455, 45.46319], [17.02761, 45.46307], [17.02826, 45.46437], [17.03006, 45.46341], [17.02893, 45.46247], [17.02762, 45.46228]]], [[[17.03904, 45.46797], [17.03825, 45.4682], [17.0396, 45.46957], [17.03854, 45.46929], [17.03826, 45.46841], [17.0369, 45.46918], [17.03748, 45.46986], [17.03686, 45.47018], [17.0362, 45.4697], [17.03667, 45.46934], [17.03507, 45.46957], [17.03445, 45.46898], [17.03379, 45.46954], [17.0331, 45.46942], [17.03265, 45.46881], [17.03155, 45.46989], [17.03175, 45.47038], [17.03332, 45.47071], [17.03486, 45.47155], [17.03611, 45.4737], [17.03741, 45.47454], [17.03911, 45.47494], [17.04168, 45.47479], [17.03875, 45.47294], [17.0389, 45.47158], [17.03797, 45.4712], [17.03719, 45.47041], [17.0377, 45.46984], [17.03824, 45.4703], [17.03804, 45.47105], [17.03925, 45.47156], [17.03928, 45.47258], [17.04115, 45.47355], [17.04411, 45.47316], [17.04534, 45.47414], [17.0482, 45.47312], [17.04718, 45.47214], [17.04547, 45.47143], [17.04446, 45.47012], [17.04297, 45.46964], [17.0396, 45.46766], [17.03904, 45.46797]]], [[[17.06022, 45.48354], [17.0603, 45.48341], [17.06022, 45.48338], [17.06022, 45.48354]]], [[[17.0601, 45.48359], [17.05959, 45.48378], [17.05912, 45.48333], [17.05757, 45.48382], [17.05598, 45.4834], [17.05646, 45.48257], [17.05561, 45.48248], [17.05566, 45.48322], [17.05438, 45.48271], [17.05381, 45.48201], [17.05323, 45.48233], [17.05255, 45.48161], [17.0534, 45.48073], [17.05209, 45.4806], [17.05102, 45.48126], [17.0496, 45.4807], [17.04913, 45.47983], [17.04835, 45.47999], [17.04714, 45.48117], [17.05351, 45.48615], [17.05635, 45.48628], [17.05907, 45.48772], [17.0603, 45.4897], [17.05992, 45.49148], [17.06246, 45.49307], [17.0642, 45.49258], [17.06615, 45.49258], [17.06903, 45.49379], [17.06978, 45.48943], [17.06774, 45.48805], [17.06751, 45.48607], [17.06493, 45.48665], [17.06321, 45.48651], [17.06282, 45.48667], [17.06433, 45.48709], [17.06209, 45.48827], [17.06013, 45.48707], [17.06063, 45.48675], [17.06112, 45.48709], [17.06196, 45.48666], [17.06173, 45.48612], [17.06003, 45.48668], [17.0591, 45.48638], [17.0591, 45.48569], [17.06025, 45.48459], [17.05909, 45.48485], [17.06025, 45.48436], [17.0601, 45.48359]]], [[[17.05278, 45.47009], [17.05348, 45.47077], [17.05544, 45.46849], [17.05579, 45.46649], [17.05677, 45.46532], [17.06122, 45.46338], [17.06194, 45.4624], [17.06217, 45.46262], [17.06421, 45.46098], [17.06243, 45.4607], [17.06065, 45.46167], [17.06071, 45.462], [17.06047, 45.4616], [17.0596, 45.46189], [17.0598, 45.46232], [17.0589, 45.46258], [17.05852, 45.46414], [17.05797, 45.46232], [17.05659, 45.46296], [17.05735, 45.46246], [17.05723, 45.46197], [17.05764, 45.46226], [17.05798, 45.46202], [17.05792, 45.46047], [17.04983, 45.46114], [17.0504, 45.46143], [17.05033, 45.462], [17.05291, 45.46182], [17.05263, 45.46111], [17.05353, 45.461], [17.05386, 45.46186], [17.054, 45.46149], [17.05471, 45.46173], [17.05359, 45.46595], [17.05339, 45.46484], [17.05387, 45.46398], [17.05186, 45.46358], [17.05214, 45.46389], [17.05161, 45.4644], [17.05205, 45.46459], [17.04967, 45.46419], [17.04882, 45.46117], [17.04494, 45.46114], [17.04518, 45.46317], [17.04003, 45.46268], [17.03679, 45.46152], [17.03657, 45.46072], [17.03701, 45.46036], [17.03435, 45.45876], [17.03268, 45.45714], [17.02916, 45.45551], [17.02887, 45.45598], [17.03621, 45.46194], [17.04181, 45.46365], [17.04511, 45.46507], [17.04646, 45.46608], [17.0485, 45.4668], [17.04989, 45.46804], [17.05155, 45.46864], [17.05278, 45.47009]]], [[[17.03927, 45.46094], [17.03968, 45.46146], [17.0412, 45.46201], [17.04154, 45.46162], [17.04351, 45.46154], [17.0436, 45.46112], [17.03927, 45.46094]]], [[[17.04372, 45.46177], [17.04464, 45.46194], [17.04465, 45.46113], [17.04384, 45.46113], [17.04372, 45.46177]]], [[[17.03204, 45.44807], [17.03108, 45.44763], [17.02524, 45.4491], [17.02292, 45.45006], [17.02353, 45.45067], [17.02559, 45.45055], [17.03204, 45.44807]]], [[[17.06276, 45.43092], [17.06159, 45.43144], [17.06011, 45.43095], [17.05974, 45.4324], [17.05776, 45.43243], [17.05765, 45.43295], [17.06024, 45.4324], [17.06336, 45.43114], [17.06276, 45.43092]]], [[[17.04375, 45.43455], [17.03857, 45.43412], [17.03695, 45.43597], [17.04, 45.43637], [17.04338, 45.43582], [17.04406, 45.43568], [17.04375, 45.43455]]], [[[17.03625, 45.43323], [17.03337, 45.43268], [17.03117, 45.43338], [17.03294, 45.43439], [17.03537, 45.43517], [17.03625, 45.43323]]], [[[17.02916, 45.43158], [17.02896, 45.43152], [17.02912, 45.43173], [17.02916, 45.43158]]], [[[17.06396, 45.42339], [17.06374, 45.42204], [17.06121, 45.42099], [17.06025, 45.41803], [17.06155, 45.41565], [17.06333, 45.41633], [17.06071, 45.40969], [17.05955, 45.4093], [17.05882, 45.40993], [17.05774, 45.41014], [17.05797, 45.41057], [17.05739, 45.41083], [17.05611, 45.41041], [17.05531, 45.41084], [17.05396, 45.4103], [17.05502, 45.40773], [17.05461, 45.40737], [17.05454, 45.40837], [17.05383, 45.40917], [17.05085, 45.41037], [17.04965, 45.41128], [17.04838, 45.41156], [17.05048, 45.4127], [17.05183, 45.4142], [17.054, 45.4146], [17.05511, 45.41523], [17.05635, 45.41645], [17.05701, 45.41792], [17.0594, 45.42007], [17.06056, 45.42224], [17.06396, 45.42339]]], [[[17.05425, 45.40657], [17.05457, 45.40658], [17.05395, 45.40547], [17.05481, 45.40538], [17.05336, 45.40408], [17.05187, 45.40447], [17.0518, 45.40392], [17.04844, 45.40397], [17.04828, 45.40266], [17.04639, 45.40147], [17.04597, 45.40024], [17.04469, 45.40075], [17.04442, 45.39975], [17.0466, 45.39909], [17.04601, 45.39857], [17.04332, 45.39933], [17.04033, 45.40249], [17.04189, 45.40357], [17.04562, 45.40787], [17.05146, 45.40587], [17.05278, 45.40594], [17.05425, 45.40657]]], [[[17.02148, 45.43727], [17.01672, 45.43749], [17.01576, 45.43857], [17.01404, 45.43736], [17.014, 45.43973], [17.01299, 45.43974], [17.01199, 45.44195], [17.01336, 45.44346], [17.01478, 45.44219], [17.01717, 45.44183], [17.02101, 45.4384], [17.02222, 45.43776], [17.02148, 45.43727]]], [[[17.02472, 45.43705], [17.02693, 45.43589], [17.02479, 45.4342], [17.02472, 45.43705]]], [[[17.00415, 45.45179], [17.00506, 45.4508], [16.99916, 45.45159], [16.99189, 45.45124], [16.98944, 45.4525], [16.99457, 45.4536], [17.00068, 45.453], [17.00379, 45.45218], [17.00415, 45.45179]]], [[[16.9555, 45.44953], [16.9643, 45.45142], [16.9827, 45.45122], [16.98257, 45.45008], [16.98124, 45.44965], [16.97135, 45.44986], [16.96423, 45.44902], [16.96068, 45.44766], [16.95814, 45.44566], [16.95515, 45.44533], [16.95188, 45.44381], [16.94877, 45.44294], [16.95227, 45.44852], [16.9555, 45.44953]]], [[[16.94726, 45.43896], [16.94972, 45.44045], [16.95133, 45.44064], [16.95126, 45.43659], [16.95016, 45.43348], [16.94958, 45.43321], [16.94749, 45.43299], [16.94351, 45.43173], [16.94158, 45.43273], [16.93951, 45.43302], [16.93707, 45.43257], [16.93553, 45.43167], [16.93135, 45.43195], [16.93276, 45.43303], [16.9347, 45.43379], [16.93581, 45.43497], [16.93931, 45.43729], [16.94293, 45.43761], [16.94488, 45.43814], [16.9459, 45.43884], [16.94726, 45.43896]]], [[[16.9156, 45.42646], [16.91459, 45.4255], [16.91503, 45.42534], [16.91531, 45.42562], [16.91588, 45.42512], [16.91636, 45.42617], [16.91676, 45.42507], [16.91625, 45.42512], [16.91551, 45.42377], [16.91647, 45.42343], [16.91691, 45.42356], [16.91656, 45.42392], [16.91709, 45.42443], [16.91773, 45.42406], [16.91834, 45.42443], [16.91798, 45.42483], [16.91872, 45.42591], [16.92185, 45.42372], [16.92192, 45.42459], [16.92258, 45.42444], [16.92232, 45.42351], [16.9227, 45.42325], [16.92323, 45.4243], [16.92403, 45.42444], [16.92389, 45.42691], [16.92484, 45.42673], [16.92538, 45.42709], [16.92515, 45.42444], [16.92449, 45.42406], [16.9243, 45.42331], [16.92476, 45.42307], [16.92584, 45.42384], [16.92666, 45.42396], [16.92629, 45.42162], [16.92728, 45.42127], [16.92771, 45.42262], [16.92939, 45.4225], [16.92997, 45.42366], [16.93053, 45.42322], [16.93065, 45.42352], [16.93137, 45.42355], [16.93116, 45.42496], [16.93054, 45.42459], [16.93036, 45.42522], [16.92995, 45.42458], [16.92884, 45.42441], [16.92853, 45.42468], [16.92789, 45.42376], [16.92792, 45.42749], [16.92731, 45.42807], [16.93145, 45.42805], [16.93124, 45.42655], [16.93024, 45.42606], [16.93022, 45.4253], [16.93157, 45.42623], [16.93218, 45.4258], [16.93226, 45.42303], [16.93289, 45.42277], [16.93274, 45.42203], [16.93201, 45.42176], [16.93241, 45.41944], [16.93086, 45.42004], [16.9308, 45.42181], [16.93031, 45.421], [16.93007, 45.42151], [16.93019, 45.41987], [16.92911, 45.42013], [16.92623, 45.41959], [16.92744, 45.42041], [16.92683, 45.42082], [16.9228, 45.41881], [16.92283, 45.41766], [16.92724, 45.41852], [16.92776, 45.41835], [16.92864, 45.41691], [16.92801, 45.41634], [16.93113, 45.41692], [16.93207, 45.41609], [16.93504, 45.41523], [16.94037, 45.41485], [16.93993, 45.41348], [16.94097, 45.41304], [16.9402, 45.41146], [16.94422, 45.41134], [16.94403, 45.40741], [16.94347, 45.40725], [16.94401, 45.40722], [16.94401, 45.40526], [16.9462, 45.40434], [16.94721, 45.40434], [16.9466, 45.40351], [16.94682, 45.40269], [16.94896, 45.40208], [16.95007, 45.40147], [16.94993, 45.40138], [16.94669, 45.40253], [16.94633, 45.40421], [16.94378, 45.40518], [16.94218, 45.40524], [16.94032, 45.40774], [16.93899, 45.40845], [16.9416, 45.41], [16.94163, 45.41127], [16.93646, 45.41137], [16.93879, 45.41227], [16.93928, 45.41327], [16.93986, 45.41347], [16.94002, 45.41393], [16.93945, 45.41401], [16.93988, 45.41479], [16.93798, 45.41428], [16.93865, 45.41494], [16.93532, 45.41468], [16.93541, 45.41513], [16.93308, 45.4157], [16.93143, 45.41628], [16.93087, 45.416], [16.93017, 45.41653], [16.92881, 45.41643], [16.9292, 45.41561], [16.9253, 45.41465], [16.92494, 45.41579], [16.92376, 45.41702], [16.92216, 45.41778], [16.92026, 45.41806], [16.91791, 45.41766], [16.91633, 45.41676], [16.91533, 45.41548], [16.91526, 45.41385], [16.91628, 45.4123], [16.91809, 45.41128], [16.91714, 45.41053], [16.9183, 45.41021], [16.91972, 45.41094], [16.92101, 45.41071], [16.92137, 45.41012], [16.9205, 45.40934], [16.92139, 45.40856], [16.92179, 45.40731], [16.92139, 45.40595], [16.92192, 45.40728], [16.9216, 45.40853], [16.92075, 45.4093], [16.92191, 45.40986], [16.92117, 45.41088], [16.92043, 45.41093], [16.92341, 45.41171], [16.92352, 45.41143], [16.9224, 45.41088], [16.92202, 45.4094], [16.92335, 45.40801], [16.92298, 45.40671], [16.92017, 45.40502], [16.91897, 45.40403], [16.91876, 45.40322], [16.91763, 45.40283], [16.91767, 45.40239], [16.91468, 45.40237], [16.91493, 45.40275], [16.91406, 45.40447], [16.91176, 45.40506], [16.91156, 45.40762], [16.91201, 45.40804], [16.91134, 45.40888], [16.91077, 45.40872], [16.90956, 45.41086], [16.90783, 45.41604], [16.90854, 45.4167], [16.90917, 45.41631], [16.90895, 45.41566], [16.91001, 45.41602], [16.91018, 45.41497], [16.91066, 45.416], [16.90966, 45.41691], [16.90921, 45.41661], [16.90873, 45.41699], [16.9093, 45.41724], [16.91071, 45.41684], [16.9121, 45.4169], [16.91432, 45.4182], [16.916, 45.41772], [16.91565, 45.41813], [16.91443, 45.41837], [16.91457, 45.41947], [16.91379, 45.4206], [16.911, 45.42168], [16.90995, 45.42272], [16.91059, 45.42422], [16.91028, 45.4273], [16.91204, 45.4274], [16.91356, 45.42701], [16.91303, 45.42588], [16.91412, 45.42686], [16.91464, 45.42672], [16.91433, 45.42647], [16.91472, 45.4267], [16.9156, 45.42646]], [[16.918, 45.40773], [16.91772, 45.40847], [16.91664, 45.40845], [16.91545, 45.40772], [16.91558, 45.40733], [16.91711, 45.4077], [16.917, 45.40711], [16.91782, 45.40653], [16.918, 45.40773]], [[16.91266, 45.40976], [16.91289, 45.40993], [16.91444, 45.40884], [16.91512, 45.40914], [16.91264, 45.41041], [16.91228, 45.4099], [16.91266, 45.40976]], [[16.91584, 45.40966], [16.91623, 45.41008], [16.9156, 45.40982], [16.91584, 45.40966]], [[16.9114, 45.40973], [16.91222, 45.41025], [16.91308, 45.41118], [16.91276, 45.41131], [16.91215, 45.41037], [16.91113, 45.41001], [16.9114, 45.40973]], [[16.9143, 45.41077], [16.91343, 45.41104], [16.91432, 45.41042], [16.9143, 45.41077]], [[16.91615, 45.41168], [16.91558, 45.41217], [16.91513, 45.41175], [16.91583, 45.41138], [16.91615, 45.41168]], [[16.91487, 45.41643], [16.91452, 45.416], [16.9134, 45.41663], [16.91484, 45.418], [16.91286, 45.41642], [16.912, 45.41615], [16.91138, 45.4165], [16.91068, 45.41632], [16.91071, 45.41592], [16.91115, 45.41599], [16.91104, 45.41519], [16.91188, 45.41449], [16.9125, 45.41438], [16.91285, 45.4155], [16.91397, 45.41504], [16.91355, 45.41434], [16.915, 45.41512], [16.91527, 45.41591], [16.91477, 45.41601], [16.91487, 45.41643]], [[16.91602, 45.41687], [16.91534, 45.4165], [16.91539, 45.41601], [16.91602, 45.41687]], [[16.91494, 45.42053], [16.9147, 45.42059], [16.91432, 45.42005], [16.91527, 45.42075], [16.91494, 45.42053]], [[16.91603, 45.42125], [16.91493, 45.42015], [16.91553, 45.42028], [16.91597, 45.41969], [16.91674, 45.42056], [16.91728, 45.42031], [16.91788, 45.4209], [16.91928, 45.42098], [16.9206, 45.4226], [16.91827, 45.4219], [16.91777, 45.42144], [16.9175, 45.42179], [16.91666, 45.42117], [16.91603, 45.42125]], [[16.92267, 45.42313], [16.92248, 45.42244], [16.9235, 45.42168], [16.92413, 45.42283], [16.92385, 45.42297], [16.92366, 45.42264], [16.92267, 45.42313]]], [[[16.9085, 45.41687], [16.90842, 45.41684], [16.90836, 45.41688], [16.90854, 45.41693], [16.9085, 45.41687]]], [[[16.9125, 45.40404], [16.91337, 45.4037], [16.91324, 45.40275], [16.91184, 45.40283], [16.91133, 45.4033], [16.91164, 45.40422], [16.9125, 45.40404]]], [[[16.914, 45.40274], [16.91438, 45.40267], [16.91448, 45.40245], [16.91376, 45.40266], [16.914, 45.40274]]], [[[16.94361, 45.40105], [16.94515, 45.40186], [16.94812, 45.40072], [16.94318, 45.40085], [16.94361, 45.40105]]], [[[16.94497, 45.42307], [16.94399, 45.42307], [16.94303, 45.42259], [16.94245, 45.42406], [16.94238, 45.42302], [16.94139, 45.42289], [16.94117, 45.42353], [16.94097, 45.42283], [16.94014, 45.42281], [16.93984, 45.42349], [16.93923, 45.42346], [16.9397, 45.42264], [16.93893, 45.42244], [16.93765, 45.4234], [16.93805, 45.42177], [16.93721, 45.42156], [16.93577, 45.42351], [16.93538, 45.42539], [16.93469, 45.42576], [16.93435, 45.42545], [16.93371, 45.42592], [16.93378, 45.42703], [16.93247, 45.42715], [16.93251, 45.42795], [16.93494, 45.42782], [16.93625, 45.42665], [16.93845, 45.42593], [16.94063, 45.4259], [16.94242, 45.42643], [16.94325, 45.42488], [16.94482, 45.4237], [16.9452, 45.4229], [16.94497, 45.42307]]], [[[16.92674, 45.42787], [16.92659, 45.42709], [16.92579, 45.42689], [16.92523, 45.4274], [16.92674, 45.42787]]], [[[16.92485, 45.42731], [16.92484, 45.42732], [16.92486, 45.42732], [16.92485, 45.42731]]], [[[16.92463, 45.42712], [16.92459, 45.42701], [16.92419, 45.42719], [16.92469, 45.42729], [16.92463, 45.42712]]], [[[16.92372, 45.42704], [16.92345, 45.42633], [16.92283, 45.42633], [16.92263, 45.42551], [16.92152, 45.42564], [16.9208, 45.4269], [16.92203, 45.42728], [16.92372, 45.42704]]], [[[16.92009, 45.42649], [16.91945, 45.42554], [16.91829, 45.42636], [16.92023, 45.42672], [16.92009, 45.42649]]], [[[16.8977, 45.42425], [16.89822, 45.42436], [16.89823, 45.42382], [16.89759, 45.42179], [16.89574, 45.42212], [16.89565, 45.42183], [16.89643, 45.42156], [16.89669, 45.42189], [16.89757, 45.4217], [16.89618, 45.41728], [16.89523, 45.41756], [16.89466, 45.4173], [16.89368, 45.41805], [16.89302, 45.41752], [16.8928, 45.41845], [16.89098, 45.42085], [16.88889, 45.42249], [16.89077, 45.42342], [16.89492, 45.4235], [16.8977, 45.42425]], [[16.89313, 45.42124], [16.89268, 45.42125], [16.89228, 45.42129], [16.89291, 45.42116], [16.89333, 45.42123], [16.89313, 45.42124]], [[16.8934, 45.42123], [16.89431, 45.42208], [16.89526, 45.42221], [16.89384, 45.42236], [16.89419, 45.42207], [16.8934, 45.42123]]], [[[16.89284, 45.41665], [16.89356, 45.4164], [16.89315, 45.41698], [16.89347, 45.41747], [16.89428, 45.41709], [16.89622, 45.41695], [16.89666, 45.41588], [16.89684, 45.41398], [16.89582, 45.41312], [16.89511, 45.41174], [16.89567, 45.40956], [16.89428, 45.41011], [16.89406, 45.41077], [16.89279, 45.41119], [16.89302, 45.41167], [16.89099, 45.41202], [16.89023, 45.41275], [16.89047, 45.41333], [16.8901, 45.41345], [16.88945, 45.41259], [16.88963, 45.41536], [16.89151, 45.41581], [16.89284, 45.41665]], [[16.8961, 45.41423], [16.89616, 45.41401], [16.89626, 45.41421], [16.8953, 45.41489], [16.8961, 45.41423]]], [[[16.88945, 45.41532], [16.88918, 45.41457], [16.88818, 45.41409], [16.88765, 45.4135], [16.88656, 45.41376], [16.88776, 45.41326], [16.88833, 45.41397], [16.88922, 45.41391], [16.88918, 45.41235], [16.88987, 45.41241], [16.89128, 45.41105], [16.89323, 45.41088], [16.89327, 45.41032], [16.89673, 45.40861], [16.89618, 45.40881], [16.89598, 45.40854], [16.89372, 45.40852], [16.89366, 45.40898], [16.8925, 45.40873], [16.89336, 45.40844], [16.89259, 45.40821], [16.89125, 45.40897], [16.88978, 45.4109], [16.88737, 45.41194], [16.88783, 45.41301], [16.88703, 45.41251], [16.88436, 45.41613], [16.88089, 45.41926], [16.88132, 45.41952], [16.88244, 45.41929], [16.88224, 45.41959], [16.88348, 45.41941], [16.88285, 45.41877], [16.8833, 45.41895], [16.8833, 45.41825], [16.8843, 45.41875], [16.88554, 45.41756], [16.88614, 45.41823], [16.88772, 45.41628], [16.88957, 45.41555], [16.88945, 45.41532]], [[16.89409, 45.40865], [16.89465, 45.40942], [16.89324, 45.41023], [16.89243, 45.40874], [16.89314, 45.40967], [16.89417, 45.40929], [16.89409, 45.40865]], [[16.89145, 45.41079], [16.89177, 45.41064], [16.8913, 45.41093], [16.89114, 45.41078], [16.89145, 45.41079]], [[16.88817, 45.41508], [16.88833, 45.41511], [16.88705, 45.41553], [16.88716, 45.41537], [16.88817, 45.41508]]], [[[16.88137, 45.42031], [16.87959, 45.42076], [16.87996, 45.42151], [16.88071, 45.42165], [16.88189, 45.42029], [16.88137, 45.42031]]], [[[16.87722, 45.4219], [16.87768, 45.42142], [16.87881, 45.42163], [16.87845, 45.42079], [16.87875, 45.42046], [16.87692, 45.42196], [16.87722, 45.4219]]], [[[16.87721, 45.4208], [16.8775, 45.4207], [16.87711, 45.42073], [16.87721, 45.4208]]], [[[16.89686, 45.40835], [16.89705, 45.40833], [16.89708, 45.40828], [16.89685, 45.40835], [16.89686, 45.40835]]], [[[16.89814, 45.40798], [16.8994, 45.40751], [16.89953, 45.40663], [16.89802, 45.40789], [16.89814, 45.40798]]], [[[16.86667, 45.41438], [16.86662, 45.41451], [16.86697, 45.41467], [16.86671, 45.41409], [16.86667, 45.41438]]], [[[16.86588, 45.41252], [16.86614, 45.41274], [16.86575, 45.41136], [16.86321, 45.41008], [16.86271, 45.41088], [16.86588, 45.41252]]], [[[16.85958, 45.40759], [16.85916, 45.40816], [16.85979, 45.40794], [16.86155, 45.4087], [16.86573, 45.41126], [16.86575, 45.40845], [16.86116, 45.40612], [16.86044, 45.40639], [16.85958, 45.40759]]], [[[16.86575, 45.39784], [16.86535, 45.39853], [16.86661, 45.3999], [16.86701, 45.39847], [16.86575, 45.39784]]], [[[16.866, 45.39741], [16.86578, 45.39779], [16.86703, 45.39842], [16.86867, 45.39575], [16.87172, 45.39293], [16.87111, 45.39143], [16.86872, 45.39268], [16.866, 45.39741]]], [[[16.86611, 45.40474], [16.86628, 45.40293], [16.8652, 45.40404], [16.86278, 45.40497], [16.86128, 45.40606], [16.86576, 45.40833], [16.86611, 45.40474]]], [[[16.88065, 45.40648], [16.88081, 45.406], [16.87884, 45.40544], [16.87715, 45.40404], [16.87662, 45.40274], [16.87677, 45.40155], [16.87467, 45.40351], [16.87166, 45.40416], [16.87118, 45.40909], [16.87161, 45.40886], [16.87256, 45.4095], [16.87113, 45.41032], [16.87116, 45.41064], [16.87273, 45.41467], [16.87398, 45.41289], [16.87816, 45.4088], [16.88045, 45.40759], [16.88065, 45.40648]], [[16.87441, 45.40901], [16.87538, 45.40983], [16.87515, 45.41001], [16.87255, 45.40831], [16.87477, 45.40673], [16.87395, 45.40762], [16.875, 45.40831], [16.87441, 45.40901]], [[16.87852, 45.40565], [16.87903, 45.40565], [16.87928, 45.40586], [16.87889, 45.40607], [16.87852, 45.40565]]], [[[16.90079, 45.36688], [16.89934, 45.3646], [16.89583, 45.36681], [16.89789, 45.36958], [16.90079, 45.36688]]], [[[16.89682, 45.3683], [16.89574, 45.36687], [16.8882, 45.37154], [16.89073, 45.37301], [16.89163, 45.37535], [16.89775, 45.36971], [16.89682, 45.3683]]], [[[16.89944, 45.36459], [16.89958, 45.36485], [16.89961, 45.3649], [16.89959, 45.36444], [16.89944, 45.36459]]], [[[16.8759, 45.38176], [16.8757, 45.382], [16.87615, 45.38211], [16.877, 45.38112], [16.87845, 45.38031], [16.87998, 45.37844], [16.8825, 45.37728], [16.88158, 45.37625], [16.87989, 45.37771], [16.8802, 45.37812], [16.87953, 45.37803], [16.8759, 45.38176]]], [[[16.90228, 45.37246], [16.90196, 45.37219], [16.90091, 45.37315], [16.90169, 45.37349], [16.90269, 45.3731], [16.90151, 45.37359], [16.90386, 45.37602], [16.90425, 45.37507], [16.90391, 45.37386], [16.90228, 45.37246]]], [[[16.90161, 45.37382], [16.90064, 45.3734], [16.89253, 45.38088], [16.89469, 45.38149], [16.89603, 45.38248], [16.89672, 45.38376], [16.89662, 45.38534], [16.8994, 45.38435], [16.90054, 45.38331], [16.90215, 45.38263], [16.90381, 45.37612], [16.90161, 45.37382]]], [[[16.93679, 45.39695], [16.93597, 45.39681], [16.93605, 45.39694], [16.93679, 45.39695]]], [[[16.94513, 45.39393], [16.94475, 45.3942], [16.94525, 45.39435], [16.94579, 45.39408], [16.94772, 45.39439], [16.94722, 45.39466], [16.94781, 45.39539], [16.94736, 45.39639], [16.94991, 45.39468], [16.94513, 45.39393]]], [[[16.94351, 45.39698], [16.94439, 45.39572], [16.94339, 45.39524], [16.9431, 45.39548], [16.94372, 45.39577], [16.94135, 45.39673], [16.94351, 45.39698]]], [[[16.98103, 45.40314], [16.97505, 45.40116], [16.97345, 45.40265], [16.97318, 45.40391], [16.97737, 45.40529], [16.97974, 45.40571], [16.98183, 45.40452], [16.98538, 45.40331], [16.98103, 45.40314]]], [[[16.99282, 45.39962], [16.99322, 45.39952], [16.99321, 45.39877], [16.99266, 45.39968], [16.99282, 45.39962]]], [[[16.98915, 45.40228], [16.98899, 45.40234], [16.98845, 45.4025], [16.98907, 45.40239], [16.98915, 45.40228]]], [[[17.01668, 45.38636], [17.01528, 45.38645], [17.01028, 45.38777], [17.01182, 45.38847], [17.01351, 45.38859], [17.01407, 45.38846], [17.01425, 45.38753], [17.01557, 45.38873], [17.02087, 45.38926], [17.02099, 45.38826], [17.02202, 45.38853], [17.02259, 45.38789], [17.01668, 45.38636]]], [[[17.02302, 45.38833], [17.02385, 45.38988], [17.0318, 45.39201], [17.03184, 45.3915], [17.02948, 45.39084], [17.02632, 45.38886], [17.02266, 45.38791], [17.02302, 45.38833]]], [[[17.01651, 45.38212], [17.01878, 45.38238], [17.0234, 45.3836], [17.02265, 45.37961], [17.02176, 45.37916], [17.01987, 45.3801], [17.01996, 45.37897], [17.02071, 45.37824], [17.02015, 45.37705], [17.01764, 45.37766], [17.01613, 45.37736], [17.01666, 45.37564], [17.01598, 45.37547], [17.0132, 45.37948], [17.01086, 45.37883], [17.01057, 45.37924], [17.01194, 45.3804], [17.0104, 45.38223], [17.00821, 45.38382], [17.01354, 45.38242], [17.01651, 45.38212]]], [[[17.00658, 45.38325], [17.00568, 45.38399], [17.0061, 45.38438], [17.00819, 45.38383], [17.00658, 45.38325]]], [[[16.99987, 45.38548], [16.99942, 45.38572], [16.9999, 45.38607], [17.00094, 45.38577], [16.99987, 45.38548]]], [[[16.99832, 45.38029], [16.99749, 45.3807], [16.99879, 45.38068], [16.99832, 45.38029]]], [[[16.99282, 45.38334], [16.99238, 45.38392], [16.99254, 45.38404], [16.99302, 45.38344], [16.99282, 45.38334]]], [[[16.99096, 45.38461], [16.98896, 45.38587], [16.98927, 45.38609], [16.99012, 45.3855], [16.99196, 45.38505], [16.99096, 45.38461]]], [[[16.98867, 45.38711], [16.98755, 45.38628], [16.98643, 45.3869], [16.98712, 45.3883], [16.98885, 45.38758], [16.98867, 45.38711]]], [[[16.98526, 45.38769], [16.98453, 45.38772], [16.98482, 45.38892], [16.98331, 45.38943], [16.98326, 45.3883], [16.98136, 45.38693], [16.97579, 45.38747], [16.97765, 45.38895], [16.97807, 45.39091], [16.98231, 45.39176], [16.98465, 45.38983], [16.98619, 45.38925], [16.98526, 45.38769]]], [[[16.96757, 45.38415], [16.96973, 45.38493], [16.97232, 45.38694], [16.97313, 45.38691], [16.9742, 45.38608], [16.97259, 45.38492], [16.97152, 45.38491], [16.97049, 45.38396], [16.9721, 45.38317], [16.97152, 45.38259], [16.97215, 45.38173], [16.9701, 45.38087], [16.96903, 45.38067], [16.9701, 45.38235], [16.96849, 45.38248], [16.96747, 45.38183], [16.9665, 45.38162], [16.96606, 45.38189], [16.96711, 45.38409], [16.96757, 45.38415]]], [[[16.98789, 45.39684], [16.9872, 45.39588], [16.98806, 45.39608], [16.98814, 45.39565], [16.98698, 45.39536], [16.98792, 45.39452], [16.98899, 45.39497], [16.98952, 45.39404], [16.98909, 45.3944], [16.98863, 45.39397], [16.98803, 45.39423], [16.98789, 45.39397], [16.98859, 45.39276], [16.98542, 45.39511], [16.98254, 45.39576], [16.97121, 45.39375], [16.96922, 45.39277], [16.96821, 45.39146], [16.96613, 45.39195], [16.96426, 45.39187], [16.96427, 45.39271], [16.96595, 45.39356], [16.97491, 45.3954], [16.97758, 45.39729], [16.97864, 45.39682], [16.97975, 45.39764], [16.98064, 45.39738], [16.983, 45.39856], [16.98308, 45.39911], [16.98428, 45.39915], [16.98674, 45.39839], [16.98789, 45.39684]], [[16.98038, 45.397], [16.9832, 45.39718], [16.9833, 45.39843], [16.98038, 45.397]]], [[[16.98055, 45.39825], [16.98056, 45.39834], [16.98118, 45.39855], [16.98055, 45.39825]]], [[[16.97815, 45.39751], [16.97806, 45.39752], [16.97884, 45.39783], [16.97815, 45.39751]]], [[[16.99073, 45.3923], [16.99172, 45.39114], [16.99185, 45.39099], [16.99096, 45.39115], [16.99043, 45.39175], [16.99073, 45.3923]]], [[[16.91462, 45.38973], [16.91947, 45.38902], [16.91895, 45.38688], [16.91791, 45.38607], [16.91679, 45.38619], [16.91752, 45.38564], [16.91724, 45.38545], [16.91513, 45.38552], [16.91327, 45.38511], [16.91364, 45.3858], [16.9141, 45.38542], [16.91484, 45.38565], [16.91214, 45.38675], [16.91229, 45.38794], [16.91265, 45.38843], [16.91358, 45.38795], [16.91293, 45.38871], [16.91307, 45.38968], [16.91415, 45.38993], [16.9143, 45.39043], [16.91472, 45.39042], [16.91462, 45.38973]], [[16.91524, 45.38579], [16.91562, 45.38639], [16.91754, 45.38652], [16.9166, 45.38691], [16.91756, 45.38794], [16.91659, 45.38787], [16.91638, 45.38836], [16.91415, 45.38753], [16.91393, 45.3864], [16.91524, 45.38579]]], [[[16.91158, 45.38593], [16.91091, 45.38531], [16.91058, 45.38403], [16.91186, 45.38431], [16.91061, 45.38255], [16.90924, 45.38381], [16.90952, 45.38477], [16.91158, 45.38593]]], [[[16.91055, 45.37441], [16.90934, 45.3778], [16.91463, 45.37367], [16.91516, 45.37087], [16.91353, 45.37123], [16.9118, 45.37077], [16.91102, 45.37001], [16.91085, 45.36908], [16.91132, 45.3682], [16.91231, 45.36756], [16.90963, 45.36741], [16.90873, 45.36765], [16.90864, 45.36889], [16.9094, 45.37217], [16.91055, 45.37441]]], [[[16.75161, 45.36002], [16.75269, 45.3601], [16.75152, 45.35863], [16.75164, 45.35959], [16.75161, 45.36002]]], [[[16.74426, 45.36096], [16.74606, 45.36042], [16.74616, 45.35968], [16.74588, 45.35826], [16.74186, 45.35093], [16.74179, 45.34945], [16.7426, 45.34716], [16.74108, 45.34629], [16.7396, 45.34631], [16.73764, 45.3475], [16.73691, 45.34853], [16.7367, 45.35018], [16.73827, 45.35272], [16.74247, 45.35705], [16.74318, 45.3589], [16.74189, 45.36045], [16.74023, 45.36096], [16.73848, 45.36103], [16.74128, 45.36164], [16.74279, 45.36158], [16.74426, 45.36096]]], [[[16.72869, 45.35972], [16.72971, 45.35979], [16.73059, 45.35895], [16.73322, 45.35773], [16.73616, 45.35722], [16.73236, 45.35314], [16.72852, 45.35384], [16.72793, 45.35663], [16.72516, 45.35949], [16.72869, 45.35972]]], [[[16.80127, 45.52213], [16.80138, 45.52218], [16.80133, 45.52186], [16.80107, 45.52195], [16.80127, 45.52213]]], [[[16.82223, 45.49311], [16.8225, 45.49312], [16.82247, 45.49309], [16.82223, 45.49311]]], [[[16.83103, 45.49401], [16.83014, 45.49397], [16.83014, 45.49399], [16.83045, 45.49429], [16.83103, 45.49401]]], [[[16.83443, 45.49473], [16.83337, 45.49446], [16.83097, 45.496], [16.83159, 45.49612], [16.83292, 45.49569], [16.83331, 45.49615], [16.83415, 45.49494], [16.83503, 45.49485], [16.83534, 45.49565], [16.83596, 45.49538], [16.83584, 45.49484], [16.83443, 45.49473]]], [[[16.8495, 45.49448], [16.84953, 45.49464], [16.84965, 45.49494], [16.84948, 45.49408], [16.8495, 45.49448]]], [[[16.84922, 45.49242], [16.84936, 45.493], [16.85035, 45.49225], [16.85145, 45.49225], [16.85142, 45.49169], [16.85032, 45.49146], [16.84896, 45.49179], [16.84922, 45.49242]], [[16.84948, 45.49183], [16.84969, 45.49211], [16.84945, 45.49219], [16.84924, 45.49192], [16.84948, 45.49183]]], [[[16.86026, 45.49291], [16.85624, 45.49144], [16.85711, 45.49249], [16.85843, 45.4926], [16.85915, 45.4945], [16.85865, 45.49546], [16.85606, 45.49747], [16.85843, 45.49817], [16.86026, 45.49291]]], [[[16.87599, 45.5131], [16.87556, 45.51183], [16.87518, 45.5118], [16.87501, 45.51444], [16.87612, 45.51492], [16.87639, 45.51776], [16.87556, 45.52061], [16.87418, 45.52273], [16.87163, 45.52481], [16.8717, 45.52592], [16.87053, 45.52552], [16.86748, 45.52619], [16.86193, 45.52925], [16.85564, 45.53077], [16.85352, 45.53066], [16.84845, 45.52928], [16.84868, 45.53062], [16.84769, 45.53258], [16.84823, 45.53371], [16.84968, 45.5347], [16.84988, 45.53582], [16.84897, 45.53695], [16.84673, 45.53758], [16.84642, 45.53946], [16.85246, 45.54253], [16.85516, 45.54305], [16.85922, 45.54486], [16.85859, 45.5428], [16.8595, 45.54131], [16.86091, 45.54081], [16.86246, 45.54085], [16.86359, 45.54136], [16.86435, 45.5427], [16.86468, 45.54261], [16.86596, 45.54075], [16.86786, 45.53964], [16.86973, 45.53926], [16.87121, 45.5382], [16.87298, 45.53563], [16.87587, 45.53388], [16.87603, 45.53083], [16.8773, 45.52706], [16.88013, 45.52324], [16.87959, 45.5217], [16.88017, 45.52154], [16.88026, 45.52088], [16.87932, 45.5194], [16.88039, 45.52025], [16.88118, 45.51807], [16.87599, 45.5131]]], [[[16.86943, 45.52213], [16.87011, 45.52231], [16.87025, 45.52201], [16.8728, 45.52288], [16.87446, 45.52037], [16.87577, 45.51626], [16.8746, 45.51515], [16.8748, 45.51167], [16.86936, 45.51047], [16.86329, 45.51119], [16.86219, 45.5125], [16.86129, 45.51225], [16.86178, 45.51148], [16.85785, 45.51148], [16.85578, 45.50969], [16.85144, 45.50844], [16.84557, 45.50866], [16.84613, 45.51008], [16.84413, 45.51346], [16.84165, 45.51433], [16.84103, 45.51535], [16.83814, 45.51637], [16.83672, 45.51588], [16.83535, 45.51679], [16.83316, 45.51578], [16.83094, 45.51533], [16.82574, 45.51264], [16.82467, 45.51258], [16.82458, 45.51205], [16.82385, 45.51177], [16.82354, 45.51223], [16.82201, 45.51211], [16.8217, 45.51241], [16.82213, 45.51266], [16.82484, 45.51296], [16.82506, 45.51342], [16.82413, 45.51492], [16.82139, 45.5148], [16.82131, 45.51522], [16.82173, 45.51575], [16.82444, 45.51708], [16.82521, 45.51769], [16.82467, 45.51776], [16.82478, 45.51816], [16.82673, 45.51942], [16.82504, 45.52], [16.82553, 45.52054], [16.82151, 45.51777], [16.82091, 45.51834], [16.82015, 45.51818], [16.81973, 45.51878], [16.81792, 45.51826], [16.81631, 45.51854], [16.81521, 45.51814], [16.8181, 45.51733], [16.81831, 45.51631], [16.8172, 45.51651], [16.81589, 45.51574], [16.8161, 45.51506], [16.81865, 45.51535], [16.81831, 45.51433], [16.81948, 45.51385], [16.81886, 45.51332], [16.81975, 45.51289], [16.81927, 45.51173], [16.81727, 45.51139], [16.81948, 45.51076], [16.81879, 45.50897], [16.81734, 45.50714], [16.81507, 45.50632], [16.8107, 45.50579], [16.80844, 45.50675], [16.80682, 45.50653], [16.80703, 45.50747], [16.80643, 45.50752], [16.80587, 45.50675], [16.80496, 45.5071], [16.80563, 45.5081], [16.80658, 45.50846], [16.80728, 45.5078], [16.80887, 45.50772], [16.81099, 45.50621], [16.81187, 45.50641], [16.81226, 45.50683], [16.81166, 45.507], [16.81247, 45.50841], [16.81215, 45.50955], [16.81296, 45.50977], [16.81427, 45.50876], [16.81363, 45.50784], [16.8142, 45.50693], [16.81596, 45.50703], [16.81501, 45.50977], [16.81215, 45.51044], [16.81229, 45.51081], [16.81476, 45.51084], [16.81317, 45.51153], [16.81462, 45.51324], [16.81353, 45.51395], [16.81162, 45.51398], [16.81113, 45.51353], [16.81021, 45.51351], [16.81155, 45.51225], [16.80869, 45.51247], [16.80852, 45.51202], [16.80915, 45.51143], [16.81123, 45.51104], [16.81017, 45.51079], [16.80905, 45.51106], [16.80866, 45.51069], [16.81085, 45.50913], [16.80933, 45.50908], [16.80813, 45.5097], [16.807, 45.51091], [16.80626, 45.51096], [16.80615, 45.51039], [16.80615, 45.50965], [16.80735, 45.50943], [16.80693, 45.50898], [16.80556, 45.50891], [16.80435, 45.51004], [16.80235, 45.51028], [16.80254, 45.5109], [16.80332, 45.51058], [16.80445, 45.51195], [16.80581, 45.51135], [16.80638, 45.51199], [16.80576, 45.51277], [16.80674, 45.51238], [16.80749, 45.5129], [16.80609, 45.51349], [16.80645, 45.51417], [16.80503, 45.5142], [16.80572, 45.51399], [16.80575, 45.51331], [16.80467, 45.51249], [16.80357, 45.51271], [16.80394, 45.51231], [16.80092, 45.51218], [16.80126, 45.51088], [16.80079, 45.51054], [16.79986, 45.51131], [16.79925, 45.5111], [16.79954, 45.51027], [16.79716, 45.51293], [16.79816, 45.51559], [16.80133, 45.5163], [16.80444, 45.51788], [16.80673, 45.51843], [16.80945, 45.51729], [16.81155, 45.51739], [16.81293, 45.51851], [16.81278, 45.51999], [16.81637, 45.52147], [16.82038, 45.52254], [16.82139, 45.52188], [16.81841, 45.52114], [16.81982, 45.52196], [16.81918, 45.52214], [16.81804, 45.5214], [16.81728, 45.52167], [16.81553, 45.52047], [16.81516, 45.51871], [16.81685, 45.51899], [16.81861, 45.52019], [16.81966, 45.51976], [16.82084, 45.52009], [16.82167, 45.51955], [16.82443, 45.52126], [16.82713, 45.52191], [16.82865, 45.52304], [16.82923, 45.52077], [16.82991, 45.51996], [16.83157, 45.5194], [16.83337, 45.5197], [16.83449, 45.52074], [16.83462, 45.52217], [16.83399, 45.5243], [16.83263, 45.52577], [16.83313, 45.52775], [16.83421, 45.52939], [16.83807, 45.53235], [16.83962, 45.53133], [16.84292, 45.53067], [16.84316, 45.5303], [16.84208, 45.52681], [16.84114, 45.52562], [16.84095, 45.52177], [16.84155, 45.52049], [16.84467, 45.51746], [16.84692, 45.51259], [16.84706, 45.51], [16.84849, 45.50891], [16.85033, 45.5088], [16.85186, 45.50953], [16.85236, 45.5104], [16.85244, 45.51302], [16.84969, 45.51906], [16.84636, 45.52245], [16.84655, 45.52454], [16.84734, 45.5254], [16.85069, 45.52564], [16.85488, 45.52689], [16.85925, 45.52587], [16.86554, 45.52254], [16.86943, 45.52213]], [[16.81241, 45.51438], [16.81332, 45.51427], [16.81349, 45.51529], [16.81268, 45.51539], [16.81195, 45.51734], [16.81148, 45.51735], [16.81089, 45.51512], [16.8099, 45.5154], [16.8095, 45.5171], [16.80886, 45.51572], [16.80903, 45.51498], [16.80987, 45.51424], [16.8112, 45.51398], [16.81146, 45.51433], [16.81241, 45.51438]]], [[[16.80731, 45.50502], [16.80689, 45.50534], [16.80733, 45.50551], [16.80734, 45.50498], [16.80731, 45.50502]]], [[[16.80926, 45.50256], [16.80919, 45.50308], [16.80953, 45.50317], [16.80964, 45.50285], [16.80926, 45.50256]]], [[[16.80361, 45.5012], [16.80427, 45.50043], [16.8022, 45.5008], [16.80259, 45.50172], [16.80361, 45.5012]]], [[[16.80027, 45.50216], [16.8005, 45.50206], [16.80097, 45.50191], [16.80021, 45.50192], [16.80027, 45.50216]]], [[[16.7902, 45.50391], [16.79078, 45.50335], [16.78984, 45.50329], [16.78979, 45.50218], [16.78867, 45.50235], [16.78875, 45.50168], [16.78774, 45.50172], [16.7878, 45.50225], [16.7902, 45.50391]]], [[[16.78918, 45.48858], [16.78887, 45.48829], [16.78853, 45.48887], [16.78968, 45.48898], [16.78918, 45.48858]]], [[[16.79884, 45.49307], [16.79859, 45.49271], [16.79811, 45.49272], [16.79819, 45.49307], [16.79884, 45.49307]]], [[[16.79503, 45.49446], [16.79546, 45.49436], [16.79552, 45.49414], [16.79517, 45.49409], [16.79503, 45.49446]]], [[[16.79037, 45.49317], [16.79055, 45.49358], [16.79115, 45.49358], [16.79037, 45.49317]]], [[[16.79014, 45.49281], [16.79025, 45.49298], [16.79027, 45.493], [16.79027, 45.49274], [16.79014, 45.49281]]], [[[16.7882, 45.49028], [16.78825, 45.49027], [16.78817, 45.4902], [16.7882, 45.49028]]], [[[16.74877, 45.45099], [16.74813, 45.45002], [16.7453, 45.45154], [16.74582, 45.45193], [16.74728, 45.45143], [16.74904, 45.45158], [16.74877, 45.45099]]], [[[16.84141, 45.43804], [16.84043, 45.43764], [16.8369, 45.438], [16.83394, 45.43681], [16.83128, 45.43682], [16.82463, 45.44227], [16.82485, 45.44243], [16.82662, 45.44109], [16.82841, 45.44048], [16.83198, 45.43993], [16.83534, 45.44042], [16.83863, 45.43989], [16.84179, 45.43824], [16.84141, 45.43804]]], [[[16.85734, 45.44101], [16.85418, 45.44015], [16.84922, 45.44091], [16.84633, 45.44058], [16.84353, 45.44216], [16.84576, 45.44389], [16.85507, 45.44194], [16.85734, 45.44101]]], [[[16.91552, 45.43303], [16.91684, 45.4348], [16.91668, 45.43683], [16.92564, 45.43441], [16.92398, 45.43364], [16.92196, 45.43184], [16.91802, 45.43164], [16.91528, 45.43287], [16.91552, 45.43303]]], [[[16.84606, 45.42984], [16.84937, 45.43068], [16.85327, 45.4303], [16.84899, 45.42875], [16.84606, 45.42984]]], [[[16.83958, 45.42897], [16.84094, 45.42861], [16.84222, 45.42853], [16.84085, 45.42757], [16.83925, 45.42911], [16.83958, 45.42897]]], [[[16.95991, 45.5497], [16.95983, 45.54939], [16.96085, 45.54946], [16.96062, 45.54681], [16.95975, 45.54714], [16.96002, 45.54864], [16.95943, 45.54977], [16.95991, 45.5497]]], [[[16.9614, 45.56138], [16.96154, 45.56421], [16.96381, 45.56414], [16.9687, 45.56152], [16.9614, 45.56138]]], [[[16.82889, 45.46235], [16.83209, 45.46128], [16.83206, 45.46103], [16.8289, 45.46168], [16.82901, 45.46196], [16.8285, 45.4621], [16.82889, 45.46235]]], [[[16.7926, 45.50809], [16.79257, 45.5081], [16.79257, 45.50813], [16.79258, 45.50811], [16.7926, 45.50809]]], [[[16.79311, 45.50773], [16.79351, 45.508], [16.7943, 45.50808], [16.79429, 45.50777], [16.79311, 45.50773]]], [[[16.7935, 45.50955], [16.79405, 45.50893], [16.79335, 45.50911], [16.79243, 45.50863], [16.79257, 45.51004], [16.7932, 45.51002], [16.7935, 45.50955]]], [[[16.7147, 45.517], [16.71258, 45.5168], [16.71362, 45.51964], [16.71777, 45.51968], [16.71796, 45.51861], [16.7147, 45.517]]], [[[16.73019, 45.50661], [16.7299, 45.50609], [16.72929, 45.50642], [16.72966, 45.50727], [16.73029, 45.50756], [16.73019, 45.50661]]], [[[16.72999, 45.50837], [16.72977, 45.50773], [16.72883, 45.50797], [16.7291, 45.50835], [16.72999, 45.50837]]], [[[16.73556, 45.51763], [16.73543, 45.51814], [16.73632, 45.51815], [16.73647, 45.51947], [16.73751, 45.5197], [16.73843, 45.52047], [16.73999, 45.52058], [16.74037, 45.52114], [16.74119, 45.52029], [16.74084, 45.52011], [16.74115, 45.51888], [16.73988, 45.51759], [16.74045, 45.51655], [16.73962, 45.51448], [16.73853, 45.51399], [16.73777, 45.51424], [16.73688, 45.51405], [16.73693, 45.51481], [16.73525, 45.51488], [16.73605, 45.51637], [16.73556, 45.51763]]], [[[16.73579, 45.51011], [16.73565, 45.51059], [16.73578, 45.51062], [16.73647, 45.50997], [16.73579, 45.51011]]], [[[16.73569, 45.50455], [16.73556, 45.50511], [16.73654, 45.50474], [16.73651, 45.50461], [16.73569, 45.50455]]], [[[16.73402, 45.50072], [16.73463, 45.5018], [16.73515, 45.50168], [16.73534, 45.5012], [16.73451, 45.50141], [16.73454, 45.50079], [16.73421, 45.50051], [16.73402, 45.50072]]], [[[16.73715, 45.50262], [16.73677, 45.5019], [16.73614, 45.50207], [16.73691, 45.50249], [16.73635, 45.50278], [16.73667, 45.50322], [16.73741, 45.50304], [16.73715, 45.50262]]], [[[16.74476, 45.51349], [16.74533, 45.51343], [16.74536, 45.5134], [16.74464, 45.51337], [16.7444, 45.51357], [16.74476, 45.51349]]], [[[16.7438, 45.51381], [16.74433, 45.51359], [16.74381, 45.51361], [16.74417, 45.51305], [16.74371, 45.51278], [16.7435, 45.51399], [16.7438, 45.51381]]], [[[16.76399, 45.52345], [16.76319, 45.52367], [16.76524, 45.52493], [16.76447, 45.52365], [16.76481, 45.52345], [16.76399, 45.52345]]], [[[16.76591, 45.52234], [16.76571, 45.52252], [16.76574, 45.52254], [16.76601, 45.52243], [16.76591, 45.52234]]], [[[16.76748, 45.52126], [16.76751, 45.52122], [16.76739, 45.52131], [16.76748, 45.52126]]], [[[16.76836, 45.52522], [16.76841, 45.52348], [16.76815, 45.52451], [16.7673, 45.52416], [16.76764, 45.52523], [16.76726, 45.52593], [16.76557, 45.5267], [16.76627, 45.52798], [16.76765, 45.52793], [16.76836, 45.52522]]], [[[16.76704, 45.53044], [16.76748, 45.52868], [16.76616, 45.52859], [16.76713, 45.52991], [16.76638, 45.53009], [16.7664, 45.53076], [16.76579, 45.53083], [16.76453, 45.53217], [16.76277, 45.53283], [16.7633, 45.53334], [16.76448, 45.53297], [16.76474, 45.53332], [16.76643, 45.53315], [16.76704, 45.53044]]], [[[16.76623, 45.53446], [16.7663, 45.53394], [16.76545, 45.53395], [16.76254, 45.5352], [16.76438, 45.53581], [16.76411, 45.53552], [16.7654, 45.53541], [16.7653, 45.53482], [16.76623, 45.53446]]], [[[16.70609, 45.50418], [16.70612, 45.50402], [16.70567, 45.50438], [16.70609, 45.50418]]], [[[16.71179, 45.50636], [16.71144, 45.50629], [16.71228, 45.50668], [16.71205, 45.50654], [16.71179, 45.50636]]], [[[16.71827, 45.51391], [16.71832, 45.51401], [16.71838, 45.51407], [16.71833, 45.51389], [16.71827, 45.51391]]], [[[16.73909, 45.53473], [16.74004, 45.53473], [16.7402, 45.53433], [16.73875, 45.53419], [16.73851, 45.5348], [16.73909, 45.53473]]], [[[16.73787, 45.53374], [16.73814, 45.53416], [16.73858, 45.53421], [16.73857, 45.53364], [16.73763, 45.53347], [16.73787, 45.53374]]], [[[16.72968, 45.526], [16.72983, 45.52645], [16.73021, 45.52623], [16.72925, 45.52535], [16.72892, 45.52514], [16.72968, 45.526]]], [[[16.74733, 45.53588], [16.74745, 45.53583], [16.74765, 45.53574], [16.74735, 45.53581], [16.74719, 45.53594], [16.74733, 45.53588]]], [[[16.76033, 45.52026], [16.76081, 45.52016], [16.76072, 45.51983], [16.76006, 45.51993], [16.76033, 45.52026]]], [[[16.77457, 45.51505], [16.77446, 45.51504], [16.77431, 45.51528], [16.77463, 45.51527], [16.77457, 45.51505]]], [[[16.77485, 45.51431], [16.7749, 45.51425], [16.77489, 45.5142], [16.77485, 45.51431]]], [[[16.77524, 45.51292], [16.77505, 45.51365], [16.77584, 45.51372], [16.77526, 45.51342], [16.77524, 45.51292]]], [[[16.77616, 45.51115], [16.776, 45.51151], [16.77645, 45.51079], [16.77634, 45.51094], [16.77616, 45.51115]]], [[[16.78107, 45.50533], [16.78088, 45.50496], [16.78178, 45.5079], [16.78268, 45.5079], [16.78107, 45.50533]]], [[[16.7832, 45.50943], [16.78294, 45.50877], [16.77992, 45.50868], [16.77918, 45.50894], [16.77985, 45.50956], [16.77929, 45.50959], [16.77953, 45.51029], [16.78224, 45.50997], [16.78255, 45.51028], [16.78177, 45.51092], [16.78363, 45.51027], [16.7832, 45.50943]]], [[[16.932, 45.62872], [16.93361, 45.63031], [16.93533, 45.62971], [16.94631, 45.62483], [16.94621, 45.62363], [16.94725, 45.62256], [16.95174, 45.62149], [16.95527, 45.6195], [16.95626, 45.616], [16.95112, 45.61197], [16.94615, 45.6159], [16.94494, 45.61629], [16.94363, 45.61624], [16.94315, 45.61687], [16.94429, 45.61673], [16.94391, 45.61713], [16.94851, 45.61889], [16.94922, 45.61843], [16.95135, 45.61948], [16.95177, 45.61996], [16.94952, 45.61946], [16.94872, 45.61987], [16.94333, 45.61778], [16.94277, 45.61838], [16.94556, 45.62004], [16.94403, 45.62171], [16.94359, 45.62171], [16.94068, 45.62114], [16.94025, 45.61933], [16.93828, 45.61953], [16.93602, 45.61828], [16.935, 45.61661], [16.93617, 45.61591], [16.9354, 45.61429], [16.9358, 45.61401], [16.93613, 45.61457], [16.93623, 45.61404], [16.93756, 45.61408], [16.93796, 45.61279], [16.93343, 45.61128], [16.92909, 45.6162], [16.92753, 45.62042], [16.92778, 45.62393], [16.92949, 45.62428], [16.93069, 45.62509], [16.932, 45.62872]]], [[[16.93808, 45.61293], [16.93859, 45.61296], [16.93814, 45.61284], [16.93808, 45.61293]]], [[[16.93908, 45.61383], [16.94024, 45.61411], [16.94094, 45.61362], [16.93926, 45.61315], [16.93908, 45.61383]]], [[[16.94398, 45.58913], [16.94456, 45.59044], [16.94432, 45.59203], [16.94602, 45.59218], [16.94628, 45.59013], [16.94521, 45.58758], [16.94398, 45.58913]]], [[[16.94524, 45.58718], [16.9455, 45.5878], [16.94635, 45.58782], [16.94618, 45.58687], [16.94576, 45.58684], [16.94641, 45.58683], [16.94638, 45.58651], [16.945, 45.58643], [16.94524, 45.58718]]], [[[16.94491, 45.58626], [16.94648, 45.58639], [16.94636, 45.58506], [16.94492, 45.58516], [16.94484, 45.58491], [16.94316, 45.58475], [16.94484, 45.58475], [16.94486, 45.58413], [16.94137, 45.58379], [16.94133, 45.5852], [16.94351, 45.58552], [16.94491, 45.58626]]], [[[16.94486, 45.58393], [16.9449, 45.58359], [16.94191, 45.58303], [16.94143, 45.5832], [16.94138, 45.58359], [16.94486, 45.58393]]], [[[16.96352, 45.5858], [16.96264, 45.5862], [16.96502, 45.58684], [16.96466, 45.58769], [16.96615, 45.58701], [16.96462, 45.58783], [16.96542, 45.58771], [16.9646, 45.58837], [16.96383, 45.58857], [16.96482, 45.58867], [16.96542, 45.58994], [16.96495, 45.59017], [16.96526, 45.59051], [16.96343, 45.59129], [16.96371, 45.59164], [16.96311, 45.59176], [16.96273, 45.59302], [16.96285, 45.59368], [16.96494, 45.59364], [16.96295, 45.594], [16.96297, 45.5946], [16.96344, 45.59454], [16.96298, 45.5949], [16.96319, 45.59591], [16.96185, 45.59609], [16.96054, 45.5971], [16.96116, 45.5978], [16.96033, 45.59804], [16.96043, 45.59886], [16.9595, 45.59888], [16.95886, 45.59969], [16.95948, 45.60013], [16.96473, 45.59714], [16.97002, 45.59613], [16.97225, 45.59414], [16.96946, 45.5929], [16.96796, 45.59047], [16.9678, 45.58877], [16.96877, 45.58722], [16.96841, 45.58688], [16.96643, 45.58678], [16.96352, 45.5858]]], [[[16.95867, 45.59979], [16.95814, 45.60005], [16.95745, 45.60074], [16.9584, 45.60077], [16.95932, 45.60023], [16.95867, 45.59979]]], [[[16.95694, 45.6005], [16.95543, 45.60057], [16.95408, 45.60013], [16.95422, 45.59974], [16.95568, 45.5998], [16.95612, 45.59925], [16.95691, 45.59777], [16.95566, 45.59724], [16.95569, 45.59695], [16.95728, 45.59696], [16.95773, 45.59615], [16.9574, 45.59517], [16.956, 45.59419], [16.95248, 45.5946], [16.95263, 45.59625], [16.95224, 45.5964], [16.94794, 45.59204], [16.95031, 45.59393], [16.95105, 45.59389], [16.95224, 45.59486], [16.95318, 45.58865], [16.95314, 45.5909], [16.95725, 45.59041], [16.95714, 45.58797], [16.95884, 45.58645], [16.95623, 45.58583], [16.95671, 45.58568], [16.9554, 45.5844], [16.95282, 45.5841], [16.9508, 45.58293], [16.94741, 45.58312], [16.94699, 45.58325], [16.94796, 45.58389], [16.9513, 45.58499], [16.95172, 45.58585], [16.95357, 45.58602], [16.95168, 45.58593], [16.95065, 45.58485], [16.94782, 45.5839], [16.94675, 45.58393], [16.94684, 45.59438], [16.94669, 45.59414], [16.94728, 45.59571], [16.94472, 45.59575], [16.94707, 45.59552], [16.94631, 45.59484], [16.94486, 45.59467], [16.94628, 45.59462], [16.94632, 45.59423], [16.94478, 45.5941], [16.94422, 45.59488], [16.94329, 45.59533], [16.94402, 45.59539], [16.9439, 45.59562], [16.94311, 45.59555], [16.94177, 45.59658], [16.94376, 45.59777], [16.94474, 45.59958], [16.94826, 45.59955], [16.95098, 45.60096], [16.95317, 45.60109], [16.957, 45.60078], [16.95694, 45.6005]]], [[[16.92201, 45.38319], [16.92436, 45.38554], [16.92602, 45.38649], [16.92654, 45.38422], [16.92564, 45.38445], [16.92571, 45.38352], [16.92386, 45.38386], [16.92437, 45.38327], [16.92427, 45.38265], [16.92491, 45.3823], [16.92352, 45.38021], [16.92233, 45.37969], [16.92204, 45.38003], [16.92093, 45.37983], [16.92135, 45.38099], [16.92064, 45.3814], [16.92201, 45.38319]]], [[[16.91659, 45.37843], [16.91925, 45.37947], [16.91934, 45.37917], [16.92083, 45.37891], [16.92111, 45.37941], [16.92154, 45.37945], [16.92145, 45.37909], [16.92384, 45.37992], [16.92478, 45.38125], [16.92577, 45.38097], [16.92587, 45.38195], [16.92661, 45.38203], [16.92599, 45.38224], [16.9266, 45.38225], [16.92727, 45.38293], [16.92671, 45.38269], [16.92632, 45.38295], [16.92735, 45.38451], [16.92689, 45.38652], [16.93021, 45.38607], [16.93323, 45.38609], [16.9322, 45.38518], [16.93056, 45.38565], [16.92955, 45.38484], [16.93098, 45.38402], [16.9297, 45.38308], [16.92937, 45.38032], [16.93108, 45.37966], [16.93, 45.37905], [16.92834, 45.37942], [16.92683, 45.37908], [16.92458, 45.37663], [16.92364, 45.37752], [16.92214, 45.3779], [16.9206, 45.37763], [16.91957, 45.37692], [16.91809, 45.37674], [16.91624, 45.37823], [16.91659, 45.37843]]], [[[16.9308, 45.37889], [16.93445, 45.38107], [16.93549, 45.37927], [16.93427, 45.37889], [16.9333, 45.37927], [16.93196, 45.37786], [16.92988, 45.37379], [16.93025, 45.37161], [16.93187, 45.3727], [16.93171, 45.37101], [16.93087, 45.37], [16.9269, 45.37165], [16.93093, 45.37678], [16.93111, 45.37771], [16.93049, 45.37873], [16.9308, 45.37889]]], [[[16.94474, 45.36459], [16.94279, 45.36649], [16.94563, 45.36867], [16.94426, 45.36834], [16.94326, 45.37025], [16.94535, 45.37086], [16.94674, 45.37039], [16.94816, 45.37114], [16.95472, 45.37047], [16.95444, 45.36935], [16.95172, 45.36836], [16.94589, 45.36411], [16.94474, 45.36459]]], [[[16.95446, 45.36532], [16.95997, 45.36464], [16.9717, 45.36742], [16.97239, 45.36619], [16.9674, 45.36444], [16.96288, 45.36056], [16.96528, 45.36106], [16.96492, 45.35975], [16.96522, 45.35855], [16.96479, 45.35827], [16.96392, 45.35926], [16.96226, 45.36013], [16.96038, 45.36046], [16.95869, 45.36035], [16.9577, 45.36201], [16.95567, 45.36312], [16.95329, 45.36342], [16.95127, 45.363], [16.94831, 45.36367], [16.95446, 45.36532]]], [[[16.96839, 45.3747], [16.96392, 45.37442], [16.96284, 45.37583], [16.96137, 45.37563], [16.96032, 45.37672], [16.96022, 45.37544], [16.95893, 45.37542], [16.95878, 45.37632], [16.95804, 45.37619], [16.95816, 45.37516], [16.95725, 45.37486], [16.95713, 45.37371], [16.95591, 45.37375], [16.95572, 45.37443], [16.95889, 45.37794], [16.95641, 45.38089], [16.9625, 45.37895], [16.96728, 45.3769], [16.96925, 45.37559], [16.96839, 45.3747]]], [[[16.95444, 45.38098], [16.95146, 45.37841], [16.95, 45.37529], [16.94019, 45.37469], [16.94026, 45.37579], [16.94325, 45.38035], [16.94383, 45.38262], [16.94531, 45.38308], [16.94974, 45.38128], [16.95386, 45.38109], [16.95433, 45.38135], [16.95576, 45.38098], [16.95444, 45.38098]]], [[[16.95299, 45.38179], [16.9525, 45.38238], [16.95393, 45.38153], [16.95299, 45.38179]]], [[[16.93416, 45.38628], [16.93537, 45.3866], [16.93684, 45.38588], [16.93416, 45.38628]]], [[[16.91993, 45.36754], [16.92185, 45.36772], [16.92371, 45.36849], [16.93378, 45.36403], [16.93319, 45.36239], [16.93461, 45.36108], [16.93903, 45.35971], [16.94095, 45.35986], [16.94291, 45.36067], [16.94771, 45.35978], [16.94822, 45.35781], [16.95007, 45.35621], [16.9526, 45.3554], [16.9552, 45.35551], [16.95739, 45.35375], [16.95843, 45.35232], [16.9609, 45.35086], [16.95541, 45.34351], [16.95402, 45.34095], [16.95088, 45.34024], [16.93821, 45.34871], [16.94059, 45.34874], [16.94233, 45.34934], [16.94371, 45.35044], [16.94438, 45.35208], [16.94363, 45.35405], [16.94145, 45.35542], [16.94125, 45.35618], [16.93817, 45.35773], [16.93852, 45.35818], [16.93804, 45.35845], [16.93705, 45.35831], [16.9357, 45.35904], [16.93251, 45.35881], [16.92998, 45.36175], [16.92792, 45.36176], [16.92741, 45.3607], [16.9251, 45.35889], [16.92104, 45.36204], [16.91664, 45.36418], [16.91639, 45.36472], [16.91759, 45.36634], [16.91993, 45.36754]]], [[[16.9314, 45.35545], [16.93493, 45.35392], [16.93431, 45.35263], [16.93442, 45.35132], [16.93045, 45.35453], [16.9314, 45.35545]]], [[[16.90818, 45.35898], [16.91188, 45.35881], [16.9136, 45.35945], [16.91482, 45.36043], [16.91776, 45.35892], [16.92106, 45.35628], [16.91998, 45.3546], [16.92127, 45.35423], [16.92054, 45.3533], [16.91971, 45.35331], [16.91826, 45.35176], [16.92042, 45.3471], [16.92058, 45.34649], [16.92003, 45.34597], [16.91399, 45.35271], [16.9078, 45.35842], [16.90818, 45.35898]]], [[[16.9434, 45.33739], [16.93658, 45.33845], [16.93288, 45.34068], [16.92795, 45.34237], [16.92988, 45.34559], [16.93207, 45.34749], [16.94763, 45.33709], [16.9434, 45.33739]]], [[[16.90308, 45.63399], [16.90222, 45.63651], [16.90337, 45.63917], [16.90226, 45.63827], [16.90162, 45.63673], [16.90103, 45.63709], [16.90144, 45.63753], [16.89964, 45.63766], [16.90008, 45.6388], [16.90158, 45.63951], [16.90144, 45.64082], [16.90834, 45.63896], [16.90856, 45.63808], [16.90935, 45.63783], [16.91015, 45.63798], [16.90985, 45.63855], [16.91076, 45.6383], [16.91347, 45.63412], [16.91402, 45.63454], [16.91347, 45.63453], [16.91312, 45.63506], [16.91478, 45.63494], [16.91493, 45.63514], [16.9138, 45.63524], [16.91504, 45.63533], [16.91503, 45.63567], [16.91653, 45.63612], [16.91301, 45.63589], [16.91301, 45.63534], [16.91255, 45.63587], [16.91297, 45.63603], [16.91274, 45.63655], [16.9123, 45.63668], [16.91301, 45.6372], [16.9134, 45.63716], [16.91331, 45.63662], [16.91494, 45.6369], [16.9177, 45.63592], [16.91835, 45.63189], [16.91641, 45.63141], [16.9154, 45.63031], [16.91425, 45.63212], [16.91417, 45.63311], [16.91457, 45.63321], [16.91416, 45.63318], [16.91364, 45.63409], [16.91409, 45.63224], [16.90843, 45.63451], [16.90576, 45.63462], [16.90308, 45.63399]], [[16.90889, 45.63658], [16.90821, 45.63662], [16.90775, 45.63665], [16.90828, 45.63641], [16.90889, 45.63658]], [[16.9097, 45.63707], [16.90958, 45.63726], [16.9091, 45.63726], [16.9091, 45.63691], [16.9097, 45.63707]]], [[[16.91278, 45.63736], [16.91201, 45.63733], [16.91183, 45.63693], [16.91099, 45.63824], [16.91354, 45.63739], [16.91278, 45.63736]]], [[[16.86968, 45.60515], [16.87032, 45.60421], [16.86955, 45.60431], [16.86707, 45.60229], [16.86298, 45.60175], [16.86161, 45.60227], [16.86022, 45.60173], [16.86095, 45.60269], [16.85854, 45.60299], [16.85805, 45.60383], [16.85867, 45.60416], [16.85961, 45.60356], [16.8614, 45.60374], [16.86167, 45.60442], [16.85912, 45.60541], [16.85751, 45.60521], [16.85526, 45.60629], [16.85674, 45.60434], [16.85273, 45.60415], [16.85303, 45.60285], [16.85122, 45.60228], [16.85047, 45.60434], [16.85054, 45.60617], [16.85172, 45.60595], [16.85183, 45.60672], [16.8537, 45.60692], [16.85595, 45.60634], [16.8583, 45.60645], [16.8629, 45.60545], [16.86591, 45.60554], [16.86968, 45.60515]]], [[[16.84712, 45.59481], [16.8478, 45.59461], [16.84723, 45.59428], [16.84718, 45.59434], [16.84712, 45.59481]]], [[[16.84762, 45.59377], [16.84962, 45.59484], [16.8497, 45.59328], [16.8509, 45.59337], [16.85225, 45.59413], [16.85243, 45.59314], [16.85436, 45.59374], [16.85451, 45.59443], [16.85408, 45.5949], [16.8547, 45.59507], [16.85471, 45.59569], [16.85616, 45.59596], [16.85615, 45.59559], [16.85685, 45.59574], [16.85678, 45.59488], [16.85466, 45.59421], [16.85475, 45.59345], [16.85324, 45.59098], [16.85674, 45.59102], [16.85732, 45.58838], [16.85525, 45.58721], [16.85574, 45.58586], [16.85372, 45.58733], [16.85271, 45.58869], [16.85037, 45.58979], [16.84894, 45.59118], [16.84762, 45.59377]]], [[[16.8573, 45.58382], [16.86164, 45.58496], [16.86218, 45.58367], [16.86167, 45.58327], [16.86281, 45.5814], [16.863, 45.58001], [16.86643, 45.5803], [16.86674, 45.57821], [16.86884, 45.57858], [16.86884, 45.58125], [16.87199, 45.58116], [16.87085, 45.58018], [16.87088, 45.57952], [16.86897, 45.57952], [16.86895, 45.5789], [16.87056, 45.57896], [16.87217, 45.57641], [16.87476, 45.57498], [16.87501, 45.57311], [16.8755, 45.57314], [16.87503, 45.57504], [16.87591, 45.57525], [16.87554, 45.57166], [16.87645, 45.57127], [16.87751, 45.57161], [16.87871, 45.57139], [16.88131, 45.57422], [16.8808, 45.57335], [16.88115, 45.57308], [16.88088, 45.57227], [16.87936, 45.57169], [16.88173, 45.57198], [16.88278, 45.57249], [16.88228, 45.57176], [16.88184, 45.5719], [16.88065, 45.57133], [16.88079, 45.57065], [16.87968, 45.57056], [16.87794, 45.5693], [16.87939, 45.56949], [16.88044, 45.57032], [16.88223, 45.57103], [16.88356, 45.5711], [16.8805, 45.57019], [16.88136, 45.57043], [16.88292, 45.56996], [16.88352, 45.57062], [16.8814, 45.56452], [16.88123, 45.56262], [16.88049, 45.56225], [16.88101, 45.56204], [16.87848, 45.56175], [16.87919, 45.56163], [16.87893, 45.56139], [16.87696, 45.56173], [16.8766, 45.5615], [16.87727, 45.56129], [16.87573, 45.5608], [16.87554, 45.55981], [16.87506, 45.55998], [16.87407, 45.55954], [16.87539, 45.55957], [16.87525, 45.55889], [16.87385, 45.55873], [16.8751, 45.5586], [16.87469, 45.55806], [16.8752, 45.55705], [16.8733, 45.55572], [16.87266, 45.55654], [16.87365, 45.55688], [16.87262, 45.55715], [16.87421, 45.5616], [16.87579, 45.5616], [16.87706, 45.56246], [16.87946, 45.56787], [16.88127, 45.56823], [16.87988, 45.5686], [16.87946, 45.56815], [16.8786, 45.56872], [16.8791, 45.56925], [16.87765, 45.56925], [16.87635, 45.56853], [16.87751, 45.56798], [16.87747, 45.56762], [16.87609, 45.56826], [16.87491, 45.56578], [16.8741, 45.56563], [16.8726, 45.5682], [16.87135, 45.56795], [16.87161, 45.56615], [16.86912, 45.5657], [16.86768, 45.56722], [16.86457, 45.56636], [16.86744, 45.56037], [16.86703, 45.56026], [16.86663, 45.56124], [16.86579, 45.56031], [16.86423, 45.5598], [16.86242, 45.56063], [16.86217, 45.5614], [16.86075, 45.56157], [16.86097, 45.56268], [16.86269, 45.56492], [16.86316, 45.56753], [16.86016, 45.57356], [16.86052, 45.57557], [16.85991, 45.5778], [16.85679, 45.58146], [16.8573, 45.58382]]], [[[16.86053, 45.55853], [16.86053, 45.55854], [16.86151, 45.55792], [16.86076, 45.55764], [16.86053, 45.55853]]], [[[16.86132, 45.55638], [16.86113, 45.55688], [16.86174, 45.55754], [16.86273, 45.55684], [16.86406, 45.55682], [16.86427, 45.55628], [16.86597, 45.55688], [16.86752, 45.55631], [16.868, 45.55657], [16.86885, 45.556], [16.8682, 45.55526], [16.86853, 45.55478], [16.86948, 45.55517], [16.86968, 45.55444], [16.86862, 45.55462], [16.86552, 45.55402], [16.86241, 45.55197], [16.86132, 45.55638]]], [[[16.87147, 45.55449], [16.8707, 45.55467], [16.86989, 45.55564], [16.87148, 45.55663], [16.87281, 45.55539], [16.87147, 45.55449]]], [[[16.87726, 45.55893], [16.8756, 45.55742], [16.87609, 45.55837], [16.87534, 45.55869], [16.87637, 45.55867], [16.87686, 45.55922], [16.87748, 45.55911], [16.87726, 45.55893]]], [[[16.87786, 45.55937], [16.87695, 45.55987], [16.87737, 45.56014], [16.87874, 45.55988], [16.87786, 45.55937]]], [[[16.88055, 45.561], [16.87947, 45.56027], [16.87997, 45.56122], [16.88069, 45.56122], [16.88055, 45.561]]], [[[16.88386, 45.57184], [16.8829, 45.57214], [16.88387, 45.57259], [16.88427, 45.57236], [16.88386, 45.57184]]], [[[16.88462, 45.57271], [16.88429, 45.57298], [16.88395, 45.57286], [16.88448, 45.5731], [16.88462, 45.57271]]], [[[16.88358, 45.57405], [16.88361, 45.57402], [16.88311, 45.5739], [16.88345, 45.57425], [16.88358, 45.57405]]], [[[16.8832, 45.57531], [16.88319, 45.57516], [16.88206, 45.57482], [16.8836, 45.57611], [16.8832, 45.57531]]], [[[16.88422, 45.5766], [16.88371, 45.57728], [16.88356, 45.57664], [16.88303, 45.57694], [16.88285, 45.5765], [16.88195, 45.57685], [16.88206, 45.57842], [16.88114, 45.5773], [16.88124, 45.57572], [16.88049, 45.57565], [16.88107, 45.57497], [16.87942, 45.57529], [16.87909, 45.57478], [16.88019, 45.57415], [16.87967, 45.5735], [16.87775, 45.57387], [16.87753, 45.57432], [16.87851, 45.57423], [16.87867, 45.57465], [16.87685, 45.57519], [16.8763, 45.57502], [16.87626, 45.57558], [16.87519, 45.57539], [16.87497, 45.57597], [16.87556, 45.57575], [16.87638, 45.57598], [16.87637, 45.57566], [16.87872, 45.57477], [16.87799, 45.57532], [16.8787, 45.57533], [16.87828, 45.57596], [16.87801, 45.57553], [16.87687, 45.57566], [16.87786, 45.57604], [16.8769, 45.57636], [16.87757, 45.57673], [16.8768, 45.57681], [16.87673, 45.57733], [16.87569, 45.57756], [16.87598, 45.57834], [16.87708, 45.57798], [16.87677, 45.57742], [16.87762, 45.57706], [16.87893, 45.57762], [16.88025, 45.57899], [16.87914, 45.57985], [16.87636, 45.58028], [16.8732, 45.58348], [16.87385, 45.58391], [16.8762, 45.58196], [16.87876, 45.58101], [16.87792, 45.58188], [16.878, 45.58234], [16.87996, 45.58259], [16.88019, 45.58293], [16.88112, 45.58228], [16.88195, 45.58264], [16.88509, 45.58156], [16.88631, 45.583], [16.88662, 45.58282], [16.88698, 45.58316], [16.88833, 45.58258], [16.88962, 45.58312], [16.89045, 45.58097], [16.89024, 45.57834], [16.88831, 45.57806], [16.88627, 45.57701], [16.88422, 45.5766]]], [[[16.88749, 45.58633], [16.88695, 45.58643], [16.88702, 45.58661], [16.8873, 45.58643], [16.88749, 45.58633]]], [[[16.88511, 45.58845], [16.88522, 45.58833], [16.88509, 45.58843], [16.88511, 45.58845]]], [[[16.87785, 45.59858], [16.87675, 45.59825], [16.87698, 45.59925], [16.87784, 45.59939], [16.87785, 45.59858]]], [[[16.87825, 45.60062], [16.87742, 45.60241], [16.87806, 45.60306], [16.87782, 45.60335], [16.87924, 45.60428], [16.87959, 45.60547], [16.88035, 45.6054], [16.88045, 45.60315], [16.87952, 45.60341], [16.87942, 45.60276], [16.87946, 45.60243], [16.88031, 45.60232], [16.88023, 45.60188], [16.87825, 45.60062]]], [[[16.88177, 45.60282], [16.8825, 45.60502], [16.88279, 45.6046], [16.88505, 45.60382], [16.8845, 45.60365], [16.88452, 45.60315], [16.88279, 45.60309], [16.88256, 45.60403], [16.88217, 45.60227], [16.88174, 45.60223], [16.88177, 45.60282]]], [[[16.88723, 45.60389], [16.88765, 45.6039], [16.88721, 45.60308], [16.88686, 45.60311], [16.88723, 45.60389]]], [[[16.88819, 45.60309], [16.88894, 45.60423], [16.8891, 45.6043], [16.88871, 45.60293], [16.88819, 45.60309]]], [[[16.88157, 45.60517], [16.88166, 45.60449], [16.88135, 45.60437], [16.88108, 45.60534], [16.8821, 45.60526], [16.88157, 45.60517]]], [[[16.89, 45.61719], [16.89111, 45.615], [16.89248, 45.61361], [16.89168, 45.61164], [16.89289, 45.60942], [16.89232, 45.60796], [16.89143, 45.60805], [16.89077, 45.61076], [16.88907, 45.61218], [16.88807, 45.61518], [16.88571, 45.61893], [16.88552, 45.62076], [16.89, 45.61719]]], [[[16.8897, 45.57102], [16.89307, 45.57114], [16.89752, 45.56708], [16.89767, 45.5665], [16.90012, 45.56523], [16.90013, 45.56474], [16.89903, 45.56494], [16.8929, 45.57012], [16.89262, 45.56983], [16.8921, 45.57012], [16.89249, 45.56939], [16.89104, 45.56927], [16.89194, 45.56869], [16.89299, 45.56869], [16.89504, 45.56634], [16.89475, 45.56605], [16.89514, 45.56615], [16.8973, 45.56398], [16.89979, 45.56383], [16.90008, 45.5632], [16.90105, 45.56348], [16.90156, 45.56449], [16.90085, 45.56465], [16.90131, 45.56614], [16.90055, 45.56713], [16.90098, 45.56841], [16.90411, 45.56742], [16.90528, 45.56678], [16.90595, 45.56534], [16.9065, 45.56514], [16.90653, 45.56442], [16.90929, 45.56192], [16.90948, 45.56062], [16.90879, 45.56045], [16.90776, 45.56102], [16.9076, 45.56063], [16.90867, 45.56025], [16.90833, 45.55981], [16.90689, 45.55982], [16.9033, 45.56115], [16.90379, 45.56184], [16.9036, 45.56451], [16.90225, 45.56575], [16.90254, 45.56428], [16.90163, 45.56442], [16.90131, 45.56345], [16.90244, 45.56317], [16.90252, 45.56162], [16.90295, 45.56212], [16.90255, 45.56135], [16.90178, 45.5611], [16.90032, 45.56182], [16.90118, 45.56319], [16.90066, 45.56325], [16.8992, 45.5625], [16.89977, 45.5611], [16.89726, 45.56167], [16.89751, 45.56077], [16.89618, 45.56123], [16.89526, 45.56084], [16.89581, 45.56122], [16.89341, 45.56176], [16.89332, 45.56152], [16.89301, 45.56183], [16.89254, 45.56149], [16.89313, 45.56029], [16.89176, 45.56098], [16.89223, 45.56146], [16.89161, 45.56177], [16.89194, 45.56195], [16.88949, 45.56301], [16.88789, 45.56535], [16.88903, 45.5704], [16.8897, 45.57102]], [[16.8997, 45.56308], [16.89842, 45.5632], [16.8959, 45.5646], [16.89597, 45.56416], [16.89534, 45.56439], [16.89611, 45.56327], [16.89849, 45.56242], [16.8997, 45.56308]], [[16.89078, 45.56472], [16.89152, 45.56466], [16.89299, 45.56336], [16.89355, 45.56359], [16.89342, 45.56278], [16.89397, 45.5621], [16.89493, 45.56174], [16.89693, 45.56172], [16.89415, 45.56302], [16.89405, 45.56393], [16.89237, 45.56494], [16.89285, 45.56549], [16.89226, 45.56672], [16.89098, 45.56531], [16.88973, 45.56711], [16.88872, 45.567], [16.88822, 45.56587], [16.88873, 45.56583], [16.88899, 45.56506], [16.88985, 45.56503], [16.88952, 45.56445], [16.89102, 45.56327], [16.8896, 45.56355], [16.89173, 45.56261], [16.89145, 45.56246], [16.89308, 45.56202], [16.89326, 45.56272], [16.89266, 45.56352], [16.89078, 45.56472]]], [[[16.89122, 45.56157], [16.89113, 45.56129], [16.89093, 45.56139], [16.89122, 45.56157]]], [[[16.89413, 45.56035], [16.89496, 45.56071], [16.89431, 45.56028], [16.89479, 45.56], [16.89578, 45.56067], [16.89638, 45.56038], [16.89636, 45.55971], [16.89775, 45.55946], [16.89843, 45.56053], [16.90002, 45.56009], [16.90423, 45.55842], [16.90395, 45.55652], [16.90497, 45.55642], [16.90696, 45.55719], [16.90719, 45.55694], [16.90953, 45.55727], [16.91053, 45.557], [16.91087, 45.55763], [16.9122, 45.55812], [16.91304, 45.55948], [16.91374, 45.55958], [16.9133, 45.55794], [16.91428, 45.55851], [16.91521, 45.55763], [16.91398, 45.55586], [16.91319, 45.55603], [16.91309, 45.55531], [16.91573, 45.55514], [16.91631, 45.55576], [16.91742, 45.55608], [16.9186, 45.55735], [16.91814, 45.55764], [16.91888, 45.55765], [16.91999, 45.55917], [16.9202, 45.56024], [16.92139, 45.56092], [16.92067, 45.56112], [16.92095, 45.56161], [16.91986, 45.56174], [16.91928, 45.56103], [16.91865, 45.56098], [16.91818, 45.55938], [16.91757, 45.55956], [16.91848, 45.56265], [16.91712, 45.56301], [16.91652, 45.56251], [16.91647, 45.56165], [16.91694, 45.56134], [16.91651, 45.56043], [16.91295, 45.5608], [16.91309, 45.56228], [16.9139, 45.56388], [16.91266, 45.56474], [16.91254, 45.56639], [16.91312, 45.56673], [16.9183, 45.565], [16.91888, 45.56602], [16.92101, 45.56638], [16.92117, 45.56599], [16.92196, 45.56605], [16.9212, 45.56589], [16.92156, 45.56545], [16.92101, 45.56328], [16.92235, 45.56375], [16.92253, 45.56549], [16.92296, 45.56536], [16.92375, 45.56337], [16.92656, 45.5638], [16.92622, 45.56449], [16.92654, 45.56459], [16.92723, 45.56398], [16.92611, 45.56637], [16.92549, 45.56644], [16.92462, 45.56595], [16.92426, 45.56641], [16.92366, 45.56621], [16.92377, 45.56723], [16.92438, 45.56739], [16.92238, 45.56737], [16.92309, 45.56762], [16.92294, 45.56786], [16.9216, 45.56785], [16.9233, 45.56819], [16.92268, 45.56847], [16.92451, 45.56842], [16.92503, 45.56744], [16.92474, 45.56693], [16.92756, 45.56666], [16.92699, 45.56505], [16.92747, 45.56414], [16.92997, 45.56496], [16.93045, 45.56593], [16.93152, 45.56478], [16.93326, 45.56442], [16.93553, 45.5609], [16.93533, 45.5601], [16.93497, 45.56013], [16.9331, 45.5614], [16.93158, 45.56175], [16.93005, 45.56144], [16.92914, 45.56076], [16.9288, 45.55966], [16.92923, 45.55877], [16.93268, 45.55654], [16.92996, 45.55238], [16.92661, 45.55085], [16.92511, 45.54881], [16.92395, 45.5492], [16.92589, 45.55149], [16.92581, 45.55297], [16.92457, 45.55401], [16.92175, 45.55456], [16.91859, 45.55401], [16.91554, 45.55258], [16.9151, 45.55159], [16.91537, 45.55057], [16.91751, 45.5492], [16.91646, 45.54832], [16.91103, 45.55547], [16.90944, 45.55595], [16.89998, 45.55667], [16.89362, 45.56005], [16.89413, 45.56035]]], [[[16.92978, 45.56654], [16.92889, 45.56641], [16.92865, 45.56688], [16.93073, 45.56729], [16.93043, 45.56668], [16.92978, 45.56654]]], [[[16.92103, 45.56869], [16.92039, 45.56895], [16.92021, 45.56989], [16.92492, 45.5696], [16.92451, 45.56874], [16.92103, 45.56869]]], [[[16.91044, 45.56594], [16.91111, 45.56553], [16.91044, 45.56336], [16.9094, 45.56363], [16.90774, 45.56531], [16.90756, 45.56644], [16.90579, 45.56752], [16.90765, 45.56818], [16.90892, 45.56683], [16.91044, 45.56594]]], [[[16.89667, 45.57547], [16.89662, 45.57536], [16.89676, 45.5756], [16.89667, 45.57547]]], [[[16.88113, 45.55613], [16.8813, 45.55629], [16.88133, 45.55617], [16.88113, 45.55613]]], [[[16.87926, 45.55442], [16.88033, 45.55541], [16.8791, 45.55396], [16.87857, 45.55393], [16.87926, 45.55442]]], [[[16.8771, 45.55293], [16.87832, 45.55344], [16.87823, 45.55239], [16.87747, 45.55171], [16.87702, 45.55195], [16.87769, 45.5522], [16.8776, 45.55263], [16.8771, 45.55293]]], [[[16.87662, 45.55261], [16.877, 45.55248], [16.87678, 45.55227], [16.87645, 45.55249], [16.87662, 45.55261]]], [[[16.87549, 45.55184], [16.87592, 45.55188], [16.87673, 45.55096], [16.87745, 45.54958], [16.87841, 45.54947], [16.87843, 45.54873], [16.87764, 45.54851], [16.87732, 45.54675], [16.88011, 45.5463], [16.88116, 45.54651], [16.88232, 45.54602], [16.88204, 45.54488], [16.88285, 45.54391], [16.88211, 45.54364], [16.88208, 45.54304], [16.88162, 45.54291], [16.8818, 45.54228], [16.8807, 45.54207], [16.88249, 45.54175], [16.88192, 45.54059], [16.88224, 45.54044], [16.88054, 45.53947], [16.88154, 45.53953], [16.88264, 45.53902], [16.88175, 45.53862], [16.88224, 45.53834], [16.88144, 45.53802], [16.88102, 45.5364], [16.88141, 45.53687], [16.88367, 45.53659], [16.88393, 45.53979], [16.88303, 45.54039], [16.88375, 45.54311], [16.8833, 45.54407], [16.8838, 45.54498], [16.88294, 45.54581], [16.88275, 45.54736], [16.88017, 45.54856], [16.88118, 45.54944], [16.88041, 45.5504], [16.88033, 45.55144], [16.87805, 45.55018], [16.87766, 45.55031], [16.87785, 45.55108], [16.87917, 45.55225], [16.87864, 45.55265], [16.87983, 45.55295], [16.88065, 45.55266], [16.88125, 45.55298], [16.88157, 45.55272], [16.88453, 45.55471], [16.88467, 45.55551], [16.88343, 45.55552], [16.88339, 45.55511], [16.88119, 45.55377], [16.87941, 45.55391], [16.88074, 45.55527], [16.88137, 45.55524], [16.88196, 45.55675], [16.88678, 45.55879], [16.89799, 45.55302], [16.90597, 45.55233], [16.90678, 45.55144], [16.90664, 45.55108], [16.90574, 45.55108], [16.90586, 45.55079], [16.90782, 45.54981], [16.90939, 45.54958], [16.91012, 45.54868], [16.91032, 45.54737], [16.90865, 45.54715], [16.9074, 45.54869], [16.90611, 45.5496], [16.90601, 45.54938], [16.90716, 45.5468], [16.90787, 45.54679], [16.90794, 45.54611], [16.90961, 45.54627], [16.91071, 45.54554], [16.9053, 45.5447], [16.90594, 45.54429], [16.90747, 45.54416], [16.90756, 45.54371], [16.90821, 45.54382], [16.90905, 45.54471], [16.91127, 45.54504], [16.91192, 45.54385], [16.91282, 45.54332], [16.91288, 45.54121], [16.91356, 45.54098], [16.90926, 45.5407], [16.90845, 45.54092], [16.90836, 45.54002], [16.90707, 45.53983], [16.90796, 45.53947], [16.90772, 45.53885], [16.91366, 45.54025], [16.9124, 45.5398], [16.91444, 45.5399], [16.91496, 45.53835], [16.91727, 45.53837], [16.91678, 45.54032], [16.91723, 45.54038], [16.91785, 45.54167], [16.91741, 45.5422], [16.91811, 45.54204], [16.91886, 45.54247], [16.91744, 45.54351], [16.92084, 45.54599], [16.92475, 45.54492], [16.92629, 45.54101], [16.92264, 45.54073], [16.92046, 45.53935], [16.91933, 45.53612], [16.91968, 45.53521], [16.9207, 45.53449], [16.91967, 45.5321], [16.91835, 45.53094], [16.916, 45.53104], [16.91455, 45.5301], [16.90989, 45.52888], [16.90794, 45.52786], [16.90676, 45.52628], [16.90307, 45.52601], [16.89939, 45.52484], [16.89764, 45.52339], [16.89267, 45.52274], [16.89523, 45.52323], [16.89492, 45.52415], [16.89225, 45.52729], [16.89226, 45.52658], [16.89025, 45.52633], [16.89002, 45.52809], [16.89195, 45.5285], [16.89179, 45.52897], [16.89022, 45.52868], [16.88885, 45.52914], [16.88693, 45.53268], [16.88655, 45.53454], [16.88472, 45.53457], [16.88431, 45.53525], [16.88384, 45.53487], [16.88199, 45.5347], [16.88224, 45.53661], [16.88159, 45.53668], [16.88053, 45.53595], [16.87933, 45.53708], [16.87731, 45.53801], [16.87595, 45.54016], [16.87467, 45.54123], [16.8752, 45.54254], [16.87496, 45.54406], [16.87392, 45.54532], [16.87218, 45.54634], [16.87464, 45.54769], [16.87489, 45.54831], [16.87404, 45.54811], [16.87421, 45.54834], [16.87578, 45.54923], [16.87491, 45.54907], [16.87309, 45.54772], [16.87233, 45.54829], [16.8735, 45.54888], [16.87212, 45.54853], [16.87186, 45.54911], [16.87234, 45.55033], [16.87467, 45.55074], [16.87455, 45.54991], [16.876, 45.54998], [16.87552, 45.55074], [16.87626, 45.55102], [16.87453, 45.55125], [16.87549, 45.55184]], [[16.88154, 45.55262], [16.88249, 45.55113], [16.88069, 45.55062], [16.88272, 45.54991], [16.88204, 45.54869], [16.88253, 45.54794], [16.88399, 45.54739], [16.88431, 45.5476], [16.88521, 45.54638], [16.8839, 45.54549], [16.88453, 45.5453], [16.88732, 45.54668], [16.8894, 45.54829], [16.89054, 45.55183], [16.88983, 45.55171], [16.88901, 45.55032], [16.88747, 45.55141], [16.88873, 45.55222], [16.88837, 45.55313], [16.88558, 45.55328], [16.88564, 45.55386], [16.88451, 45.55433], [16.88154, 45.55262]], [[16.91461, 45.53527], [16.91248, 45.53488], [16.91245, 45.53409], [16.91191, 45.5337], [16.91298, 45.53377], [16.91495, 45.53467], [16.91461, 45.53527]]], [[[16.88178, 45.53623], [16.88156, 45.53467], [16.88131, 45.53451], [16.88064, 45.53581], [16.88178, 45.53623]]], [[[16.88186, 45.53413], [16.88297, 45.5328], [16.88287, 45.53217], [16.88362, 45.53178], [16.88459, 45.53166], [16.88668, 45.53242], [16.88716, 45.53174], [16.88789, 45.53015], [16.88577, 45.52925], [16.88734, 45.52968], [16.88671, 45.52864], [16.88463, 45.52778], [16.88382, 45.52845], [16.88486, 45.5272], [16.88475, 45.5276], [16.88661, 45.52845], [16.88797, 45.52856], [16.88617, 45.52775], [16.88858, 45.5285], [16.88573, 45.52682], [16.88712, 45.52725], [16.8873, 45.52706], [16.8867, 45.52634], [16.88746, 45.52568], [16.88711, 45.525], [16.88486, 45.52519], [16.88275, 45.52772], [16.88147, 45.5314], [16.88137, 45.53399], [16.88186, 45.53413]]], [[[16.89137, 45.5227], [16.89189, 45.52278], [16.8923, 45.52269], [16.89153, 45.52258], [16.89137, 45.5227]]], [[[16.91661, 45.54301], [16.91714, 45.54286], [16.917, 45.54164], [16.91639, 45.54192], [16.91618, 45.54156], [16.91543, 45.54198], [16.91564, 45.54288], [16.91304, 45.54328], [16.91428, 45.54372], [16.91672, 45.54334], [16.91661, 45.54301]]], [[[16.91107, 45.54725], [16.91105, 45.5474], [16.91113, 45.54726], [16.91107, 45.54725]]], [[[16.88589, 45.5592], [16.88532, 45.55904], [16.88572, 45.55967], [16.88594, 45.55948], [16.88589, 45.5592]]], [[[16.88416, 45.55801], [16.88386, 45.55788], [16.8842, 45.55811], [16.88416, 45.55801]]], [[[16.86512, 45.54838], [16.86617, 45.54915], [16.86775, 45.54934], [16.8679, 45.54848], [16.86899, 45.54893], [16.86938, 45.54848], [16.86906, 45.5471], [16.86692, 45.54616], [16.86619, 45.54634], [16.86512, 45.54838]]], [[[16.8061, 45.52768], [16.80583, 45.52802], [16.80674, 45.53017], [16.80662, 45.53208], [16.80936, 45.53157], [16.82103, 45.52761], [16.8197, 45.52648], [16.81641, 45.52563], [16.81187, 45.52692], [16.81154, 45.52757], [16.80948, 45.52848], [16.80959, 45.52796], [16.80874, 45.52665], [16.8061, 45.52768]]], [[[16.89441, 45.51468], [16.89185, 45.51803], [16.89232, 45.51876], [16.89824, 45.51953], [16.8995, 45.51873], [16.90133, 45.51824], [16.90495, 45.51859], [16.90568, 45.51667], [16.90439, 45.51465], [16.90497, 45.51251], [16.90314, 45.51098], [16.90254, 45.50869], [16.90068, 45.50799], [16.89933, 45.50679], [16.89889, 45.50445], [16.89685, 45.50631], [16.89764, 45.50762], [16.89762, 45.50908], [16.8968, 45.51047], [16.89515, 45.51155], [16.89441, 45.51468]]], [[[16.88315, 45.51222], [16.88202, 45.51263], [16.88584, 45.51602], [16.8872, 45.51592], [16.88792, 45.51498], [16.88586, 45.51316], [16.8853, 45.51137], [16.88297, 45.51171], [16.88315, 45.51222]]], [[[16.88111, 45.51159], [16.88121, 45.51186], [16.88177, 45.5124], [16.88131, 45.51171], [16.88111, 45.51159]]], [[[16.87893, 45.50729], [16.87942, 45.50801], [16.88124, 45.50741], [16.88013, 45.506], [16.87863, 45.5067], [16.87893, 45.50729]]], [[[16.87781, 45.50534], [16.87776, 45.50552], [16.87852, 45.50653], [16.87908, 45.50622], [16.87781, 45.50534]]], [[[16.87289, 45.50304], [16.87383, 45.50335], [16.87436, 45.50312], [16.87327, 45.50244], [16.87309, 45.50291], [16.8722, 45.5028], [16.87175, 45.50198], [16.87236, 45.50158], [16.87215, 45.50112], [16.87103, 45.50145], [16.87082, 45.50082], [16.87023, 45.50063], [16.86978, 45.50108], [16.87099, 45.50151], [16.87189, 45.50273], [16.87289, 45.50304]]], [[[16.86873, 45.49973], [16.86894, 45.50007], [16.86995, 45.49969], [16.86774, 45.49836], [16.86873, 45.49973]]], [[[16.87973, 45.49647], [16.87823, 45.49739], [16.87928, 45.49797], [16.88116, 45.496], [16.87973, 45.49647]]], [[[16.88478, 45.49495], [16.88442, 45.49526], [16.88612, 45.49499], [16.88706, 45.49422], [16.88617, 45.49225], [16.88401, 45.4922], [16.88519, 45.49349], [16.88478, 45.49495]]], [[[16.87185, 45.4889], [16.87111, 45.48888], [16.87086, 45.48994], [16.8716, 45.49059], [16.87337, 45.49105], [16.87343, 45.49059], [16.8721, 45.49008], [16.87388, 45.48974], [16.87261, 45.48958], [16.87244, 45.48917], [16.87287, 45.48888], [16.87185, 45.4889]]], [[[16.87659, 45.48882], [16.87627, 45.48891], [16.87579, 45.48902], [16.87642, 45.4893], [16.87659, 45.48882]]], [[[16.8874, 45.48661], [16.88759, 45.48656], [16.8876, 45.48651], [16.8874, 45.48661]]], [[[16.8947, 45.48403], [16.89436, 45.48432], [16.89465, 45.48498], [16.89564, 45.4848], [16.89536, 45.48369], [16.8947, 45.48403]]], [[[16.89778, 45.49269], [16.89814, 45.49165], [16.89698, 45.48978], [16.89685, 45.48858], [16.89598, 45.4902], [16.89451, 45.49018], [16.89392, 45.49056], [16.89392, 45.49117], [16.89482, 45.49202], [16.89778, 45.49269]]], [[[16.90039, 45.49659], [16.90044, 45.49623], [16.89903, 45.49544], [16.89747, 45.49553], [16.89796, 45.49688], [16.8978, 45.49824], [16.89668, 45.49908], [16.89855, 45.5], [16.90016, 45.49766], [16.90039, 45.49659]]], [[[16.89725, 45.5004], [16.89786, 45.50025], [16.89737, 45.49999], [16.89543, 45.50082], [16.89393, 45.50104], [16.89335, 45.50169], [16.89185, 45.5015], [16.8904, 45.50215], [16.89031, 45.50299], [16.8878, 45.50382], [16.887, 45.50339], [16.88568, 45.50401], [16.88656, 45.50602], [16.88489, 45.50713], [16.88634, 45.50908], [16.88189, 45.50929], [16.88136, 45.50976], [16.88144, 45.51147], [16.8856, 45.51086], [16.88649, 45.5102], [16.88797, 45.5099], [16.88759, 45.50799], [16.88842, 45.50632], [16.88981, 45.50535], [16.89178, 45.50482], [16.89442, 45.50218], [16.89725, 45.5004]]], [[[16.83163, 45.48367], [16.832, 45.48368], [16.83199, 45.48359], [16.83163, 45.48367]]], [[[16.82878, 45.48392], [16.8291, 45.4841], [16.82911, 45.4841], [16.82868, 45.48369], [16.82878, 45.48392]]], [[[16.82377, 45.48268], [16.82457, 45.48295], [16.82464, 45.4825], [16.82366, 45.48213], [16.82377, 45.48268]]], [[[16.82249, 45.48052], [16.82298, 45.48101], [16.82323, 45.48081], [16.82256, 45.48047], [16.82249, 45.48052]]], [[[16.8207, 45.4788], [16.82088, 45.47899], [16.82096, 45.4791], [16.82079, 45.47879], [16.8207, 45.4788]]], [[[16.81801, 45.47726], [16.81997, 45.4782], [16.81926, 45.47646], [16.81802, 45.47648], [16.81672, 45.476], [16.81576, 45.47659], [16.81801, 45.47726]]], [[[16.82129, 45.47424], [16.82166, 45.47507], [16.82171, 45.47377], [16.82132, 45.4732], [16.82129, 45.47424]]], [[[16.82161, 45.47695], [16.82151, 45.47654], [16.82012, 45.47678], [16.82101, 45.4784], [16.82176, 45.47815], [16.82127, 45.47699], [16.82161, 45.47695]]], [[[16.82837, 45.47777], [16.82842, 45.47826], [16.82985, 45.47732], [16.82857, 45.47665], [16.82781, 45.47694], [16.82837, 45.47777]]], [[[16.82695, 45.47105], [16.82685, 45.47056], [16.82605, 45.47123], [16.82633, 45.47161], [16.82695, 45.47105]]], [[[16.84227, 45.48855], [16.84225, 45.4886], [16.84238, 45.48857], [16.84231, 45.48853], [16.84227, 45.48855]]], [[[16.83904, 45.49019], [16.84002, 45.4899], [16.83823, 45.48887], [16.83378, 45.48932], [16.83283, 45.48971], [16.83572, 45.49085], [16.83904, 45.49019]]], [[[16.81527, 45.48397], [16.81588, 45.48401], [16.81557, 45.48329], [16.81473, 45.48326], [16.81395, 45.48256], [16.81419, 45.48415], [16.81527, 45.48397]]], [[[16.81172, 45.47933], [16.81167, 45.47954], [16.81262, 45.47976], [16.81172, 45.47933]]], [[[16.8149, 45.48052], [16.81466, 45.48046], [16.81339, 45.48008], [16.81341, 45.48042], [16.8149, 45.48052]]], [[[16.86135, 45.45774], [16.86065, 45.45813], [16.8624, 45.45899], [16.86332, 45.45811], [16.86135, 45.45774]]], [[[16.8604, 45.4632], [16.86185, 45.46126], [16.86192, 45.46001], [16.86025, 45.46043], [16.85922, 45.45941], [16.85825, 45.46002], [16.85929, 45.46075], [16.85971, 45.46063], [16.86028, 45.46167], [16.85974, 45.46186], [16.85839, 45.46101], [16.8576, 45.46176], [16.8604, 45.4632]]], [[[16.87146, 45.46512], [16.87001, 45.46695], [16.8716, 45.46729], [16.87302, 45.46641], [16.87336, 45.46751], [16.87266, 45.46769], [16.8726, 45.46807], [16.87365, 45.46792], [16.8753, 45.46962], [16.87535, 45.47097], [16.87679, 45.47066], [16.87717, 45.46973], [16.87371, 45.46513], [16.87146, 45.46512]]], [[[16.87771, 45.46554], [16.87576, 45.46475], [16.87599, 45.4668], [16.87771, 45.46555], [16.87771, 45.46554]]], [[[16.89934, 45.47816], [16.90032, 45.47782], [16.90003, 45.47728], [16.89944, 45.47743], [16.899, 45.47833], [16.89934, 45.47816]]], [[[16.89447, 45.47875], [16.89511, 45.4787], [16.89514, 45.4786], [16.89406, 45.4786], [16.89447, 45.47875]]], [[[16.89267, 45.47927], [16.89335, 45.479], [16.89294, 45.4787], [16.89258, 45.47919], [16.89267, 45.47927]]], [[[16.87217, 45.48312], [16.87222, 45.48311], [16.8722, 45.48307], [16.87217, 45.48312]]], [[[16.87489, 45.4787], [16.87482, 45.47923], [16.87532, 45.47922], [16.87589, 45.47791], [16.87466, 45.478], [16.87489, 45.4787]]], [[[16.86668, 45.4822], [16.86712, 45.48154], [16.86474, 45.48129], [16.86397, 45.48091], [16.86384, 45.48142], [16.86594, 45.48263], [16.86668, 45.4822]]], [[[16.86034, 45.48311], [16.86216, 45.48299], [16.8618, 45.48218], [16.86128, 45.48213], [16.86104, 45.48262], [16.85981, 45.48248], [16.85955, 45.48287], [16.86034, 45.48311]]], [[[16.85015, 45.47593], [16.85024, 45.47589], [16.85017, 45.47581], [16.85015, 45.47593]]], [[[16.85514, 45.47191], [16.85544, 45.47235], [16.85848, 45.4704], [16.85813, 45.46984], [16.85681, 45.47028], [16.85491, 45.47158], [16.85514, 45.47191]]], [[[16.85087, 45.46446], [16.8512, 45.46497], [16.8518, 45.46471], [16.85213, 45.4639], [16.85315, 45.46347], [16.85484, 45.46191], [16.85653, 45.46196], [16.85663, 45.46122], [16.85614, 45.4613], [16.8559, 45.4609], [16.85302, 45.46242], [16.84974, 45.46301], [16.85087, 45.46446]]], [[[16.8446, 45.46675], [16.84504, 45.4671], [16.84589, 45.46687], [16.846, 45.46625], [16.84474, 45.46614], [16.8446, 45.46675]]], [[[16.84459, 45.46504], [16.84413, 45.46554], [16.84414, 45.4658], [16.84531, 45.46559], [16.84459, 45.46504]]], [[[16.92422, 45.62725], [16.92352, 45.62692], [16.92408, 45.62873], [16.92381, 45.63108], [16.92457, 45.62955], [16.92606, 45.62852], [16.92584, 45.62761], [16.92422, 45.62725]]], [[[17.01324, 45.53712], [17.01152, 45.53882], [17.01237, 45.53994], [17.01258, 45.5413], [17.01112, 45.54351], [17.0081, 45.54454], [17.00479, 45.54398], [16.99461, 45.55037], [16.99437, 45.55255], [16.99786, 45.55549], [17.01664, 45.55377], [17.01682, 45.5521], [17.01869, 45.5511], [17.02211, 45.55146], [17.02321, 45.55221], [17.02363, 45.55308], [17.02861, 45.55263], [17.02977, 45.55159], [17.03146, 45.55091], [17.02655, 45.54302], [17.02617, 45.53988], [17.02534, 45.53803], [17.02313, 45.53825], [17.02106, 45.53784], [17.01904, 45.53869], [17.01721, 45.53849], [17.01583, 45.53715], [17.016, 45.53604], [17.01689, 45.53524], [17.01608, 45.53474], [17.01324, 45.53712]]], [[[17.01456, 45.51971], [17.0153, 45.52123], [17.01754, 45.52279], [17.01961, 45.52497], [17.01998, 45.52675], [17.01918, 45.52836], [17.0219, 45.52899], [17.0233, 45.52971], [17.02593, 45.52992], [17.02726, 45.52958], [17.02633, 45.52779], [17.0265, 45.52662], [17.02803, 45.52528], [17.03035, 45.52489], [17.03296, 45.52542], [17.03652, 45.52684], [17.03738, 45.52849], [17.03646, 45.52989], [17.03724, 45.52997], [17.03773, 45.527], [17.03923, 45.52505], [17.04983, 45.52136], [17.05135, 45.52139], [17.05259, 45.52195], [17.05423, 45.52495], [17.05507, 45.52527], [17.05385, 45.52402], [17.05338, 45.52212], [17.05554, 45.52239], [17.05524, 45.52206], [17.05399, 45.52154], [17.05372, 45.52107], [17.05273, 45.52086], [17.04861, 45.51799], [17.0467, 45.51725], [17.04374, 45.5166], [17.04279, 45.51687], [17.04309, 45.51817], [17.04387, 45.51872], [17.04278, 45.51901], [17.04085, 45.52084], [17.0425, 45.51738], [17.04122, 45.51658], [17.03344, 45.51606], [17.03136, 45.51762], [17.03016, 45.51683], [17.03119, 45.51571], [17.0301, 45.51254], [17.02763, 45.50842], [17.02705, 45.5079], [17.02542, 45.508], [17.02437, 45.50596], [17.0223, 45.50623], [17.02189, 45.50445], [17.02527, 45.50406], [17.02486, 45.50063], [17.0308, 45.50003], [17.02993, 45.49991], [17.0302, 45.49827], [17.02976, 45.49481], [17.03077, 45.49428], [17.03021, 45.49334], [17.03653, 45.4912], [17.03868, 45.48938], [17.03805, 45.48885], [17.03949, 45.48837], [17.04083, 45.48947], [17.04301, 45.48848], [17.04409, 45.49019], [17.0422, 45.49139], [17.04427, 45.49364], [17.04503, 45.49513], [17.0432, 45.49585], [17.04424, 45.49762], [17.0444, 45.49891], [17.04216, 45.49968], [17.04207, 45.50109], [17.04254, 45.50193], [17.04494, 45.50325], [17.04649, 45.50224], [17.04713, 45.50286], [17.04812, 45.50254], [17.0484, 45.50325], [17.04688, 45.50352], [17.04739, 45.50435], [17.0463, 45.50502], [17.04479, 45.50432], [17.04102, 45.50645], [17.04194, 45.50788], [17.04181, 45.51011], [17.04456, 45.51435], [17.04735, 45.51327], [17.04759, 45.51251], [17.04849, 45.51198], [17.05157, 45.51147], [17.05171, 45.51187], [17.05078, 45.51253], [17.05142, 45.51285], [17.05186, 45.51246], [17.05208, 45.51288], [17.05154, 45.51324], [17.04887, 45.51276], [17.04988, 45.51549], [17.05087, 45.5154], [17.05136, 45.51597], [17.05344, 45.51549], [17.05454, 45.51394], [17.05537, 45.51576], [17.05681, 45.51558], [17.0573, 45.51611], [17.05861, 45.51642], [17.05964, 45.51755], [17.06119, 45.51666], [17.0608, 45.51615], [17.06162, 45.51546], [17.06097, 45.51445], [17.06304, 45.51397], [17.06426, 45.51014], [17.06116, 45.50993], [17.05851, 45.50812], [17.05722, 45.5051], [17.0584, 45.50185], [17.0557, 45.50162], [17.05334, 45.50025], [17.05197, 45.49671], [17.05052, 45.49568], [17.04959, 45.49433], [17.04929, 45.49178], [17.04842, 45.49005], [17.04887, 45.48826], [17.04477, 45.48481], [17.04247, 45.48348], [17.04017, 45.48351], [17.03538, 45.48279], [17.03439, 45.48365], [17.03265, 45.48436], [17.03073, 45.48455], [17.02909, 45.48427], [17.02807, 45.48589], [17.02614, 45.48693], [17.02314, 45.48752], [17.02038, 45.48701], [17.01801, 45.48787], [17.01514, 45.48953], [17.01249, 45.49022], [17.01091, 45.49223], [17.00976, 45.49494], [17.00585, 45.49834], [17.00533, 45.49927], [17.00683, 45.50019], [17.0078, 45.50175], [17.00775, 45.50328], [17.00703, 45.50486], [17.00839, 45.50633], [17.00832, 45.50862], [17.01011, 45.51165], [17.01041, 45.51548], [17.01154, 45.51583], [17.01495, 45.51577], [17.01807, 45.51497], [17.02428, 45.51428], [17.02581, 45.51459], [17.02693, 45.51563], [17.02674, 45.5171], [17.02538, 45.51799], [17.01456, 45.51971]], [[17.04648, 45.51282], [17.04489, 45.50946], [17.04407, 45.50941], [17.0429, 45.50774], [17.04356, 45.50668], [17.04414, 45.50683], [17.04411, 45.50746], [17.04609, 45.50662], [17.04463, 45.50793], [17.04712, 45.50973], [17.04902, 45.50838], [17.04975, 45.50873], [17.04855, 45.50951], [17.04894, 45.50979], [17.05229, 45.51023], [17.05364, 45.50972], [17.05141, 45.51085], [17.05122, 45.51061], [17.04855, 45.51057], [17.04641, 45.51083], [17.0473, 45.51296], [17.04684, 45.51317], [17.04648, 45.51282]]], [[[17.05649, 45.526], [17.05579, 45.52598], [17.05632, 45.52772], [17.05682, 45.52752], [17.05706, 45.5267], [17.05649, 45.526]]], [[[17.05454, 45.5253], [17.05429, 45.52507], [17.0548, 45.52625], [17.05454, 45.5253]]], [[[16.99704, 45.48885], [16.99816, 45.49043], [17.00655, 45.48981], [17.00848, 45.48742], [17.0122, 45.48626], [17.01498, 45.48464], [17.01432, 45.48287], [17.01511, 45.48022], [17.01637, 45.47781], [17.01882, 45.47596], [17.01895, 45.47548], [17.01679, 45.47377], [17.0142, 45.47323], [17.0116, 45.47482], [17.00762, 45.47488], [17.00577, 45.47447], [17.00428, 45.47358], [17.0032, 45.47127], [16.9949, 45.47163], [16.98812, 45.47076], [16.98772, 45.47138], [16.98912, 45.4728], [16.98947, 45.47584], [16.99177, 45.47956], [16.99208, 45.48223], [16.99163, 45.48635], [16.99303, 45.48606], [16.99467, 45.48639], [16.99704, 45.48885]]], [[[17.00246, 45.44685], [17.0031, 45.44715], [17.00544, 45.44645], [17.00789, 45.44453], [17.00672, 45.44342], [17.00611, 45.44208], [17.00854, 45.43702], [17.00701, 45.43654], [17.00692, 45.43549], [17.00331, 45.43525], [17.0025, 45.43547], [17.00241, 45.43647], [17.00163, 45.43699], [17.00489, 45.44147], [17.00524, 45.44427], [17.00407, 45.44424], [17.00383, 45.44204], [17.00251, 45.44297], [17.00226, 45.4403], [17.00153, 45.43921], [16.99978, 45.44048], [16.99919, 45.44024], [17.00031, 45.43935], [16.99997, 45.43774], [16.99763, 45.43897], [16.99714, 45.43764], [16.99617, 45.43692], [16.99771, 45.43615], [16.99631, 45.43594], [16.99619, 45.43479], [16.9937, 45.43386], [16.99144, 45.43412], [16.99449, 45.43597], [16.99014, 45.43583], [16.988, 45.43495], [16.98831, 45.43616], [16.99455, 45.43733], [16.99314, 45.43821], [16.99182, 45.43788], [16.99158, 45.43821], [16.99361, 45.4393], [16.99365, 45.43991], [16.99439, 45.43999], [16.99455, 45.44097], [16.99552, 45.44223], [16.99603, 45.44248], [16.99658, 45.44155], [16.9979, 45.44237], [16.99923, 45.44245], [16.99868, 45.44319], [16.99716, 45.44311], [16.99708, 45.44406], [16.99439, 45.44289], [16.99401, 45.44411], [16.99329, 45.44415], [16.9932, 45.44293], [16.99239, 45.44288], [16.99217, 45.44107], [16.99148, 45.44006], [16.98905, 45.43848], [16.98714, 45.43833], [16.9871, 45.43981], [16.98874, 45.44104], [16.98589, 45.44003], [16.98566, 45.44047], [16.98472, 45.44041], [16.98549, 45.43946], [16.98537, 45.43782], [16.98437, 45.43753], [16.98456, 45.43922], [16.98148, 45.44109], [16.98026, 45.43985], [16.98185, 45.43737], [16.98093, 45.43673], [16.97959, 45.43831], [16.97868, 45.4384], [16.97764, 45.43968], [16.97728, 45.4387], [16.97795, 45.43506], [16.97569, 45.43357], [16.9756, 45.43753], [16.97033, 45.43301], [16.97301, 45.43122], [16.96964, 45.42946], [16.96978, 45.42813], [16.97111, 45.42856], [16.97056, 45.42599], [16.96934, 45.42569], [16.96739, 45.42607], [16.9641, 45.42604], [16.9655, 45.4245], [16.96739, 45.42437], [16.9674, 45.42284], [16.96811, 45.4225], [16.96872, 45.42119], [16.97288, 45.41866], [16.9694, 45.41697], [16.96747, 45.41788], [16.96758, 45.41863], [16.96718, 45.41885], [16.96812, 45.41975], [16.96608, 45.42159], [16.96648, 45.42214], [16.96515, 45.42209], [16.96288, 45.42361], [16.96406, 45.42418], [16.96303, 45.42448], [16.96336, 45.42537], [16.96266, 45.42437], [16.9621, 45.42478], [16.96032, 45.42489], [16.96067, 45.42522], [16.96026, 45.42652], [16.96111, 45.42738], [16.96113, 45.42877], [16.95963, 45.42758], [16.9595, 45.42625], [16.95911, 45.42613], [16.95838, 45.42682], [16.95759, 45.42689], [16.95533, 45.4281], [16.9566, 45.42711], [16.95465, 45.42748], [16.95196, 45.42904], [16.95085, 45.42831], [16.95014, 45.42846], [16.95068, 45.42703], [16.95016, 45.42686], [16.94942, 45.42782], [16.94902, 45.42762], [16.94878, 45.42812], [16.94865, 45.4279], [16.94896, 45.42754], [16.94939, 45.42762], [16.94999, 45.42639], [16.95095, 45.42594], [16.95247, 45.42433], [16.95185, 45.42358], [16.95115, 45.42413], [16.9517, 45.42328], [16.95045, 45.42402], [16.94936, 45.42618], [16.94797, 45.427], [16.94714, 45.42857], [16.94927, 45.42933], [16.95183, 45.42963], [16.95488, 45.43145], [16.95666, 45.43595], [16.95678, 45.43978], [16.95993, 45.44079], [16.96026, 45.43985], [16.95899, 45.43914], [16.96241, 45.43505], [16.96315, 45.43505], [16.96306, 45.437], [16.96502, 45.43859], [16.96642, 45.43712], [16.9685, 45.43716], [16.96481, 45.43508], [16.9655, 45.43413], [16.96454, 45.43352], [16.96477, 45.43298], [16.96624, 45.43364], [16.967, 45.43314], [16.96535, 45.43179], [16.96226, 45.43118], [16.95808, 45.43122], [16.95402, 45.42999], [16.96092, 45.42964], [16.96842, 45.43037], [16.96673, 45.43148], [16.96815, 45.43388], [16.9744, 45.43835], [16.97424, 45.44007], [16.9762, 45.44003], [16.9768, 45.44098], [16.97554, 45.44155], [16.97402, 45.44048], [16.97272, 45.44148], [16.97016, 45.44041], [16.97016, 45.4393], [16.97212, 45.43839], [16.97005, 45.43709], [16.96885, 45.44152], [16.96695, 45.44548], [16.97005, 45.44587], [16.97272, 45.44465], [16.97478, 45.44581], [16.97756, 45.44575], [16.97786, 45.44339], [16.97893, 45.44264], [16.98054, 45.44238], [16.98425, 45.44302], [16.98544, 45.44355], [16.99014, 45.44357], [16.99177, 45.44401], [16.99299, 45.44542], [16.9928, 45.44635], [16.992, 45.44711], [16.99224, 45.44737], [16.99886, 45.44774], [17.00036, 45.44679], [17.00246, 45.44685]]], [[[16.9657, 45.44343], [16.96663, 45.44099], [16.96511, 45.44093], [16.96281, 45.43961], [16.96163, 45.44252], [16.96337, 45.44419], [16.9657, 45.44343]]], [[[16.97138, 45.40782], [16.97171, 45.40801], [16.97211, 45.40781], [16.97178, 45.4077], [16.97138, 45.40782]]], [[[16.98093, 45.41317], [16.97781, 45.41346], [16.97727, 45.41397], [16.97595, 45.41408], [16.97659, 45.41465], [16.97832, 45.41384], [16.98139, 45.41344], [16.98093, 45.41317]]], [[[17.02169, 45.42696], [17.02409, 45.42616], [17.0276, 45.42633], [17.0274, 45.42589], [17.02692, 45.42602], [17.02554, 45.42376], [17.02254, 45.42288], [17.02073, 45.42328], [17.0217, 45.42632], [17.01782, 45.42618], [17.02094, 45.42725], [17.02169, 45.42696]]], [[[16.98699, 45.41012], [16.98916, 45.40928], [16.9891, 45.40905], [16.98767, 45.40883], [16.98607, 45.40915], [16.98699, 45.41012]]], [[[16.98513, 45.40852], [16.98593, 45.4081], [16.98605, 45.40869], [16.9871, 45.4086], [16.98669, 45.4079], [16.98716, 45.40761], [16.98857, 45.40848], [16.99009, 45.40829], [16.99022, 45.40772], [16.99045, 45.40823], [16.9949, 45.40736], [16.99193, 45.40707], [16.99009, 45.40619], [16.98704, 45.40702], [16.98755, 45.40776], [16.98674, 45.40712], [16.98385, 45.40829], [16.98513, 45.40852]]], [[[16.99932, 45.4006], [16.99966, 45.40089], [17.00152, 45.40022], [17.0033, 45.40012], [17.00654, 45.40086], [17.00829, 45.40248], [17.00946, 45.40596], [17.01074, 45.40554], [17.01222, 45.40672], [17.01235, 45.40564], [17.01407, 45.40484], [17.01369, 45.40237], [17.01578, 45.40036], [17.01997, 45.39903], [17.02216, 45.39889], [17.02416, 45.39936], [17.02682, 45.39836], [17.03235, 45.40063], [17.03187, 45.4013], [17.03339, 45.40504], [17.03149, 45.40658], [17.03101, 45.40865], [17.02787, 45.41132], [17.02377, 45.41186], [17.02529, 45.41279], [17.02319, 45.41392], [17.02387, 45.41558], [17.02505, 45.41639], [17.02415, 45.41767], [17.02499, 45.4179], [17.02615, 45.41745], [17.02718, 45.41835], [17.02885, 45.41742], [17.02847, 45.41618], [17.02916, 45.41575], [17.02829, 45.41471], [17.02841, 45.4136], [17.03018, 45.41245], [17.0309, 45.41115], [17.03398, 45.40954], [17.03568, 45.40821], [17.03923, 45.40787], [17.03738, 45.40576], [17.0353, 45.40462], [17.03462, 45.40333], [17.03513, 45.40098], [17.03717, 45.39882], [17.03535, 45.39911], [17.03501, 45.39854], [17.0328, 45.39853], [17.03201, 45.39884], [17.02969, 45.39842], [17.02741, 45.39782], [17.02709, 45.39705], [17.02582, 45.39654], [17.01816, 45.3973], [17.01034, 45.40072], [17.00629, 45.39999], [17.00275, 45.39713], [17.00066, 45.39404], [17.00359, 45.3922], [17.00394, 45.39096], [16.9987, 45.39506], [16.99829, 45.39596], [16.99932, 45.4006]]], [[[16.95748, 45.39697], [16.95484, 45.39637], [16.95298, 45.39811], [16.95424, 45.39895], [16.95874, 45.39907], [16.95872, 45.40124], [16.96121, 45.40063], [16.96548, 45.40128], [16.96735, 45.3997], [16.96517, 45.39865], [16.96222, 45.39839], [16.95929, 45.39727], [16.95748, 45.39697]]], [[[16.96542, 45.40219], [16.96368, 45.40259], [16.96384, 45.4031], [16.96747, 45.40376], [16.96764, 45.40344], [16.96542, 45.40219]]], [[[16.9552, 45.38739], [16.95386, 45.38717], [16.95082, 45.38812], [16.95257, 45.38897], [16.95541, 45.38818], [16.9552, 45.38739]]], [[[16.96109, 45.38599], [16.95726, 45.38623], [16.95707, 45.38675], [16.95812, 45.38808], [16.96071, 45.38724], [16.96208, 45.38564], [16.96188, 45.38523], [16.96122, 45.38513], [16.96085, 45.38404], [16.95917, 45.38434], [16.96109, 45.38599]]], [[[16.95897, 45.60479], [16.95578, 45.60462], [16.95409, 45.60497], [16.95335, 45.60808], [16.96247, 45.6151], [16.96558, 45.61541], [16.97115, 45.61242], [16.97508, 45.60954], [16.97843, 45.60684], [16.97887, 45.60525], [16.97863, 45.60432], [16.97717, 45.60491], [16.97337, 45.6051], [16.9725, 45.60453], [16.9747, 45.60415], [16.9722, 45.60429], [16.97056, 45.60656], [16.96801, 45.60803], [16.96616, 45.60872], [16.96589, 45.60849], [16.96476, 45.60809], [16.96581, 45.609], [16.96413, 45.61072], [16.96389, 45.61051], [16.96479, 45.60975], [16.9644, 45.60953], [16.96482, 45.60966], [16.96508, 45.60926], [16.96361, 45.60865], [16.96406, 45.608], [16.96211, 45.607], [16.96386, 45.6071], [16.96578, 45.60812], [16.96617, 45.60779], [16.96695, 45.60822], [16.96729, 45.60767], [16.96424, 45.60584], [16.96475, 45.60577], [16.96538, 45.60612], [16.96521, 45.60638], [16.96578, 45.60625], [16.96791, 45.60729], [16.96859, 45.60676], [16.96579, 45.60517], [16.96605, 45.60497], [16.96924, 45.60653], [16.96984, 45.60613], [16.96863, 45.60543], [16.96888, 45.60523], [16.97015, 45.60589], [16.97046, 45.60564], [16.96939, 45.60505], [16.9707, 45.60438], [16.97061, 45.60368], [16.97196, 45.60332], [16.97139, 45.60183], [16.96984, 45.60091], [16.97002, 45.60072], [16.96857, 45.60056], [16.96758, 45.60114], [16.967, 45.60066], [16.96072, 45.60438], [16.95897, 45.60479]], [[16.96608, 45.60875], [16.96585, 45.60887], [16.96547, 45.60854], [16.96594, 45.60862], [16.96608, 45.60875]], [[16.96375, 45.61076], [16.96196, 45.6107], [16.95957, 45.60957], [16.95795, 45.60835], [16.95811, 45.60809], [16.96098, 45.60951], [16.9614, 45.60906], [16.96193, 45.60929], [16.96138, 45.60994], [16.96375, 45.61076]], [[16.96203, 45.61214], [16.96249, 45.61221], [16.96144, 45.61214], [16.96163, 45.612], [16.96203, 45.61214]], [[16.96171, 45.61283], [16.96135, 45.61268], [16.9614, 45.61263], [16.96175, 45.61277], [16.96171, 45.61283]]], [[[16.96772, 45.60058], [16.96793, 45.60057], [16.96799, 45.60052], [16.96771, 45.60056], [16.96772, 45.60058]]], [[[16.96944, 45.60049], [16.97081, 45.60062], [16.97064, 45.60091], [16.97222, 45.60269], [16.9727, 45.60272], [16.97387, 45.60388], [16.97624, 45.60317], [16.97644, 45.6038], [16.97851, 45.60357], [16.98013, 45.60292], [16.98137, 45.60328], [16.98241, 45.60243], [16.97754, 45.6003], [16.97499, 45.59815], [16.97277, 45.59951], [16.96876, 45.60042], [16.96944, 45.60049]]], [[[16.98276, 45.60264], [16.98168, 45.60335], [16.97997, 45.60378], [16.97955, 45.60429], [16.98032, 45.60416], [16.97895, 45.60486], [16.97913, 45.60549], [16.97994, 45.60594], [16.97895, 45.60628], [16.97887, 45.60654], [16.98071, 45.60567], [16.98459, 45.60313], [16.98276, 45.60264]]], [[[16.99066, 45.54133], [16.98817, 45.53922], [16.9817, 45.54207], [16.98788, 45.54722], [16.98745, 45.54556], [16.9887, 45.54415], [16.99053, 45.54358], [16.99341, 45.54382], [16.99066, 45.54133]]], [[[17.03539, 45.41779], [17.03598, 45.41849], [17.03791, 45.41852], [17.03834, 45.41921], [17.03672, 45.42248], [17.03252, 45.42437], [17.03343, 45.42587], [17.03656, 45.42783], [17.04118, 45.42856], [17.03977, 45.42723], [17.03882, 45.42529], [17.03939, 45.42282], [17.04167, 45.42295], [17.04272, 45.42021], [17.04653, 45.41956], [17.05344, 45.42115], [17.05132, 45.41805], [17.04798, 45.41704], [17.04652, 45.41538], [17.0432, 45.41355], [17.04184, 45.41202], [17.03846, 45.41177], [17.03551, 45.41337], [17.03562, 45.41524], [17.03425, 45.41808], [17.03539, 45.41779]]], [[[17.0547, 45.42256], [17.05463, 45.42205], [17.05437, 45.42187], [17.0547, 45.42256]]], [[[17.05171, 45.42354], [17.05311, 45.42448], [17.05577, 45.42413], [17.05474, 45.42269], [17.05171, 45.42354]]], [[[16.76137, 45.53051], [16.76151, 45.53104], [16.76214, 45.53092], [16.76192, 45.52995], [16.76107, 45.52997], [16.76137, 45.53051]]], [[[16.76347, 45.52828], [16.76261, 45.5285], [16.76168, 45.52895], [16.76232, 45.5289], [16.76256, 45.52946], [16.76382, 45.52821], [16.76347, 45.52828]]], [[[16.7602, 45.52837], [16.76003, 45.52891], [16.7614, 45.52855], [16.76144, 45.52757], [16.7602, 45.52837]]], [[[16.76265, 45.53161], [16.76194, 45.53124], [16.76108, 45.5314], [16.76125, 45.53196], [16.76265, 45.53161]]], [[[16.75537, 45.5311], [16.75492, 45.53154], [16.75599, 45.53222], [16.75654, 45.53332], [16.75724, 45.53348], [16.75743, 45.53292], [16.75858, 45.53219], [16.75661, 45.53181], [16.75585, 45.53105], [16.75537, 45.5311]]], [[[16.82026, 45.51741], [16.82087, 45.51758], [16.82193, 45.51617], [16.8206, 45.51585], [16.81995, 45.51622], [16.82026, 45.51741]]], [[[16.86334, 45.47207], [16.86387, 45.47272], [16.86653, 45.46905], [16.8655, 45.46915], [16.86466, 45.46981], [16.86369, 45.47086], [16.86404, 45.47133], [16.86334, 45.47207]]], [[[16.88361, 45.50538], [16.88471, 45.505], [16.884, 45.50432], [16.88471, 45.50395], [16.88396, 45.50337], [16.88272, 45.50411], [16.88233, 45.50482], [16.88361, 45.50538]]], [[[16.83764, 45.49705], [16.83728, 45.49819], [16.83847, 45.4981], [16.84033, 45.49535], [16.83913, 45.49516], [16.83764, 45.49705]]], [[[16.88161, 45.50544], [16.88049, 45.50585], [16.88115, 45.50667], [16.88219, 45.50609], [16.88161, 45.50544]]], [[[16.84774, 45.50739], [16.8465, 45.50638], [16.84593, 45.50696], [16.84588, 45.50764], [16.84668, 45.50804], [16.84774, 45.50739]]], [[[16.8855, 45.47039], [16.88505, 45.46963], [16.88223, 45.47033], [16.88308, 45.47172], [16.88374, 45.47167], [16.88392, 45.47094], [16.88611, 45.47096], [16.88697, 45.47045], [16.88629, 45.4699], [16.8855, 45.47039]]], [[[16.88776, 45.49852], [16.88844, 45.49821], [16.88627, 45.49692], [16.88339, 45.49834], [16.88285, 45.49731], [16.88189, 45.49692], [16.88113, 45.49743], [16.88155, 45.49807], [16.88491, 45.49991], [16.88655, 45.49876], [16.88604, 45.49815], [16.88683, 45.49795], [16.88776, 45.49852]]], [[[16.88793, 45.50089], [16.88674, 45.49987], [16.88616, 45.50024], [16.88731, 45.50126], [16.88793, 45.50089]]], [[[16.86109, 45.47115], [16.86109, 45.47065], [16.85918, 45.47066], [16.85967, 45.47127], [16.86109, 45.47115]]], [[[16.8831, 45.4692], [16.8826, 45.46847], [16.88301, 45.46807], [16.88216, 45.46766], [16.88001, 45.46858], [16.88161, 45.4699], [16.8831, 45.4692]]], [[[16.86786, 45.47402], [16.869, 45.47414], [16.8694, 45.47318], [16.87192, 45.47325], [16.87174, 45.47185], [16.87006, 45.47213], [16.86852, 45.47148], [16.86786, 45.47402]]], [[[16.87608, 45.50334], [16.87669, 45.50361], [16.87834, 45.50288], [16.88, 45.50392], [16.88237, 45.50195], [16.88077, 45.5004], [16.87983, 45.50071], [16.87923, 45.5001], [16.87801, 45.50052], [16.8752, 45.49917], [16.87388, 45.50002], [16.87763, 45.50253], [16.87608, 45.50334]]], [[[16.88747, 45.47736], [16.88847, 45.47775], [16.88874, 45.47869], [16.88836, 45.47901], [16.88973, 45.47933], [16.89, 45.47878], [16.88873, 45.47793], [16.88849, 45.47622], [16.88759, 45.47671], [16.88747, 45.47736]]], [[[16.88696, 45.49075], [16.88775, 45.49081], [16.88762, 45.48927], [16.88683, 45.48933], [16.88696, 45.49075]]], [[[16.89211, 45.50012], [16.89315, 45.50022], [16.89335, 45.49955], [16.89191, 45.49929], [16.89016, 45.49965], [16.88932, 45.50123], [16.88836, 45.50193], [16.88929, 45.502], [16.89053, 45.50072], [16.89186, 45.50052], [16.89211, 45.50012]]], [[[16.81244, 45.525], [16.81011, 45.52374], [16.8088, 45.52436], [16.80945, 45.52489], [16.81031, 45.52516], [16.81083, 45.52498], [16.81159, 45.52552], [16.81278, 45.52534], [16.81244, 45.525]]], [[[16.83813, 45.38868], [16.83802, 45.38932], [16.83904, 45.38934], [16.83929, 45.38857], [16.83813, 45.38868]]], [[[16.83789, 45.38871], [16.8381, 45.3882], [16.83701, 45.3879], [16.83601, 45.38847], [16.83625, 45.39001], [16.8365, 45.38907], [16.8378, 45.38929], [16.83789, 45.38871]]], [[[16.83568, 45.39004], [16.83607, 45.39002], [16.83575, 45.38841], [16.83548, 45.38905], [16.83568, 45.39004]]], [[[16.85404, 45.38595], [16.85392, 45.38614], [16.85545, 45.38611], [16.85536, 45.38574], [16.85404, 45.38595]]], [[[16.85552, 45.38585], [16.85555, 45.3861], [16.85645, 45.38603], [16.85601, 45.38408], [16.85533, 45.38421], [16.85552, 45.38585]]], [[[16.85644, 45.38497], [16.85658, 45.38603], [16.857, 45.38598], [16.85673, 45.38432], [16.85635, 45.38415], [16.85644, 45.38497]]], [[[16.85885, 45.38549], [16.8589, 45.38581], [16.85942, 45.38563], [16.85935, 45.38548], [16.85885, 45.38549]]], [[[16.84938, 45.38443], [16.84928, 45.38505], [16.85063, 45.38547], [16.85094, 45.38435], [16.84938, 45.38443]]], [[[16.85278, 45.38556], [16.85247, 45.38596], [16.85231, 45.38616], [16.85319, 45.38559], [16.85278, 45.38556]]], [[[16.8539, 45.3859], [16.8533, 45.38568], [16.85285, 45.38615], [16.85379, 45.38616], [16.8539, 45.3859]]], [[[16.857, 45.38492], [16.85716, 45.38596], [16.85782, 45.38592], [16.85766, 45.38467], [16.85687, 45.38437], [16.857, 45.38492]]], [[[16.85843, 45.38493], [16.8579, 45.38469], [16.85812, 45.38588], [16.85876, 45.38584], [16.85843, 45.38493]]], [[[16.87215, 45.60418], [16.8717, 45.60418], [16.87164, 45.60431], [16.87201, 45.60421], [16.87215, 45.60418]]], [[[16.8772, 45.60306], [16.87647, 45.60291], [16.87584, 45.60311], [16.87723, 45.60319], [16.8772, 45.60306]]], [[[16.87339, 45.57932], [16.8721, 45.57978], [16.8723, 45.58047], [16.87339, 45.57932]]], [[[16.86831, 45.58341], [16.86721, 45.58311], [16.86659, 45.58239], [16.86659, 45.58146], [16.86532, 45.5811], [16.86496, 45.58177], [16.86423, 45.58177], [16.86408, 45.58221], [16.86466, 45.58255], [16.8653, 45.5823], [16.86541, 45.58314], [16.86605, 45.58347], [16.86629, 45.5829], [16.86704, 45.58392], [16.86839, 45.58418], [16.86831, 45.58341]]], [[[16.88018, 45.52181], [16.88013, 45.52184], [16.88019, 45.52189], [16.88018, 45.52181]]], [[[16.89014, 45.52338], [16.88956, 45.52369], [16.88868, 45.52437], [16.89099, 45.52391], [16.89081, 45.52307], [16.89014, 45.52338]]], [[[16.89126, 45.52279], [16.8912, 45.52283], [16.8912, 45.52283], [16.89124, 45.52285], [16.89126, 45.52279]]], [[[16.8969, 45.64196], [16.89715, 45.64129], [16.89492, 45.64115], [16.89487, 45.64259], [16.8969, 45.64196]]], [[[16.89455, 45.64032], [16.89474, 45.64067], [16.89708, 45.64072], [16.89728, 45.63942], [16.89689, 45.63936], [16.8973, 45.63937], [16.89782, 45.63776], [16.89455, 45.64032]]], [[[16.89872, 45.63774], [16.89821, 45.63777], [16.89801, 45.63853], [16.8985, 45.63838], [16.89872, 45.63774]]], [[[16.89794, 45.64033], [16.89802, 45.63998], [16.89735, 45.6403], [16.89741, 45.6409], [16.8979, 45.64088], [16.89794, 45.64033]]], [[[16.89927, 45.64011], [16.89997, 45.64006], [16.8997, 45.6392], [16.89918, 45.63925], [16.89927, 45.64011]]], [[[16.9406, 45.36713], [16.9397, 45.3672], [16.93985, 45.37052], [16.93888, 45.37155], [16.93967, 45.37163], [16.94045, 45.37066], [16.94159, 45.36694], [16.9406, 45.36713]]], [[[16.98777, 45.38233], [16.99136, 45.3796], [16.99081, 45.37918], [16.98933, 45.3791], [16.98769, 45.37957], [16.98551, 45.37801], [16.98457, 45.3788], [16.9852, 45.38017], [16.9861, 45.38094], [16.98395, 45.38242], [16.98231, 45.3817], [16.98064, 45.38228], [16.98103, 45.38362], [16.9804, 45.38442], [16.97818, 45.38428], [16.97709, 45.38225], [16.97627, 45.38222], [16.97615, 45.38348], [16.97498, 45.38554], [16.97572, 45.38603], [16.98095, 45.38516], [16.98777, 45.38233]]], [[[16.99574, 45.40701], [16.9953, 45.40713], [16.99605, 45.40691], [16.99574, 45.40701]]], [[[16.99629, 45.40682], [16.9962, 45.40685], [16.99658, 45.40673], [16.99649, 45.40673], [16.99629, 45.40682]]], [[[17.04686, 45.39795], [17.04693, 45.39803], [17.04699, 45.39783], [17.04697, 45.39785], [17.04686, 45.39795]]], [[[17.03381, 45.38139], [17.03377, 45.38178], [17.03515, 45.38199], [17.03335, 45.3795], [17.03379, 45.37927], [17.03302, 45.3794], [17.03381, 45.38139]]], [[[16.90892, 45.50363], [16.90898, 45.50367], [16.90889, 45.50326], [16.90868, 45.50333], [16.90892, 45.50363]]], [[[16.92168, 45.57793], [16.92126, 45.57806], [16.92169, 45.57844], [16.9241, 45.57964], [16.92506, 45.57886], [16.9234, 45.5779], [16.92348, 45.5773], [16.92313, 45.57718], [16.92168, 45.57793]]], [[[16.92411, 45.57621], [16.92422, 45.57646], [16.92546, 45.57692], [16.92529, 45.57734], [16.92517, 45.57696], [16.92417, 45.57662], [16.92388, 45.57697], [16.92564, 45.57776], [16.92565, 45.57718], [16.92614, 45.57715], [16.92743, 45.58005], [16.92782, 45.58014], [16.9284, 45.57896], [16.92807, 45.57758], [16.92698, 45.57744], [16.92602, 45.57684], [16.92569, 45.57701], [16.92426, 45.57601], [16.92411, 45.57621]]], [[[16.92807, 45.57737], [16.9281, 45.57708], [16.927, 45.57713], [16.9271, 45.57727], [16.92807, 45.57737]]], [[[16.92818, 45.57675], [16.92985, 45.57448], [16.92848, 45.57411], [16.9276, 45.57456], [16.92785, 45.57481], [16.92588, 45.57487], [16.92588, 45.57524], [16.92475, 45.57534], [16.92818, 45.57675]]], [[[16.89389, 45.57131], [16.89437, 45.5716], [16.89455, 45.57138], [16.89405, 45.57125], [16.89389, 45.57131]]], [[[16.89945, 45.56836], [16.89825, 45.56848], [16.89541, 45.57178], [16.89481, 45.57184], [16.89637, 45.5733], [16.89708, 45.57211], [16.89872, 45.57073], [16.89822, 45.57073], [16.89839, 45.57012], [16.89784, 45.56999], [16.89945, 45.56836]]], [[[16.94365, 45.59468], [16.94413, 45.59471], [16.94485, 45.59377], [16.94565, 45.59355], [16.94567, 45.59388], [16.94664, 45.59388], [16.94647, 45.58851], [16.94637, 45.59248], [16.94425, 45.59217], [16.94365, 45.59468]], [[16.9457, 45.59331], [16.94597, 45.59284], [16.94619, 45.59256], [16.94636, 45.5933], [16.9457, 45.59331]]], [[[16.94508, 45.58358], [16.94508, 45.58395], [16.94636, 45.58404], [16.94637, 45.58348], [16.94508, 45.58358]]], [[[16.96196, 45.58647], [16.95903, 45.58648], [16.95766, 45.58805], [16.96076, 45.58902], [16.96201, 45.58848], [16.96356, 45.58824], [16.96366, 45.58779], [16.96231, 45.58765], [16.96246, 45.58702], [16.96196, 45.58647]], [[16.96, 45.58775], [16.96196, 45.58811], [16.9618, 45.58852], [16.95989, 45.58814], [16.96, 45.58775]]], [[[16.94618, 45.5846], [16.94621, 45.58427], [16.94503, 45.58418], [16.94505, 45.58479], [16.94626, 45.58492], [16.94618, 45.5846]]], [[[16.95604, 45.59403], [16.9565, 45.59331], [16.95576, 45.59261], [16.95674, 45.59205], [16.95722, 45.59057], [16.95313, 45.591], [16.95252, 45.59443], [16.95604, 45.59403]]], [[[16.96353, 45.58959], [16.96292, 45.58857], [16.96132, 45.58889], [16.96163, 45.58941], [16.96073, 45.58946], [16.96064, 45.58997], [16.96016, 45.58979], [16.9604, 45.58956], [16.95741, 45.5892], [16.95741, 45.59035], [16.95898, 45.59052], [16.95935, 45.58989], [16.95992, 45.58987], [16.9602, 45.59038], [16.95942, 45.59105], [16.96039, 45.59112], [16.96029, 45.59136], [16.95891, 45.59114], [16.9588, 45.59145], [16.95712, 45.59125], [16.95667, 45.59235], [16.96254, 45.59289], [16.96353, 45.58959]]], [[[16.95743, 45.5942], [16.95746, 45.59468], [16.96135, 45.59486], [16.96206, 45.59442], [16.96275, 45.59457], [16.9625, 45.59307], [16.96177, 45.59339], [16.95939, 45.59346], [16.95904, 45.59392], [16.9574, 45.5938], [16.95708, 45.59406], [16.95743, 45.5942]]], [[[16.95964, 45.59552], [16.96054, 45.59511], [16.95771, 45.59503], [16.95772, 45.59541], [16.95964, 45.59552]]], [[[16.95955, 45.59831], [16.95929, 45.59876], [16.95797, 45.59872], [16.9578, 45.59911], [16.95895, 45.59935], [16.95955, 45.59831]]], [[[16.96032, 45.59734], [16.961, 45.59598], [16.95789, 45.59583], [16.95769, 45.59674], [16.96052, 45.59677], [16.96032, 45.59734]]], [[[16.91426, 45.59215], [16.91451, 45.59349], [16.91578, 45.59333], [16.91524, 45.59189], [16.91426, 45.59215]]], [[[16.90162, 45.5805], [16.9012, 45.58046], [16.90373, 45.58141], [16.90597, 45.58168], [16.90382, 45.58074], [16.90349, 45.58124], [16.90228, 45.58033], [16.90187, 45.58069], [16.90162, 45.5805]]], [[[16.90711, 45.58183], [16.90839, 45.582], [16.90813, 45.58174], [16.90711, 45.58183]]], [[[16.92034, 45.38064], [16.92051, 45.381], [16.92067, 45.38046], [16.91986, 45.38], [16.92034, 45.38064]]], [[[17.02872, 45.46768], [17.02895, 45.4675], [17.02816, 45.46708], [17.02779, 45.46746], [17.02872, 45.46768]]], [[[17.02941, 45.46796], [17.02941, 45.46791], [17.02935, 45.46793], [17.02941, 45.46796]]], [[[17.06793, 45.44725], [17.06799, 45.44685], [17.06712, 45.44689], [17.06736, 45.44746], [17.06793, 45.44725]]], [[[17.06708, 45.44921], [17.06787, 45.4481], [17.06723, 45.44798], [17.06641, 45.44938], [17.06708, 45.44921]]], [[[16.81589, 45.39705], [16.817, 45.39694], [16.81693, 45.39642], [16.81366, 45.39683], [16.81341, 45.39729], [16.81589, 45.39705]]], [[[16.85623, 45.38246], [16.85589, 45.3826], [16.85622, 45.38308], [16.85748, 45.38311], [16.85843, 45.38212], [16.85775, 45.38182], [16.85623, 45.38246]]]]}, "properties": {"kind": "windland", "area_km2": 240.48}}, {"type": "Feature", "geometry": {"type": "MultiPolygon", "coordinates": [[[[16.7436, 45.43829], [16.74376, 45.43799], [16.74496, 45.43773], [16.74227, 45.43621], [16.74042, 45.43586], [16.7387, 45.43606], [16.73642, 45.43712], [16.73094, 45.44067], [16.73012, 45.44145], [16.72983, 45.44222], [16.72992, 45.443], [16.73044, 45.44383], [16.73469, 45.44755], [16.7368, 45.44983], [16.74176, 45.4525], [16.74146, 45.45152], [16.74165, 45.45067], [16.74077, 45.4505], [16.73669, 45.44629], [16.73268, 45.4429], [16.73243, 45.44236], [16.73273, 45.44201], [16.73817, 45.43848], [16.73971, 45.43775], [16.74021, 45.43769], [16.74519, 45.43889], [16.74619, 45.4394], [16.74683, 45.44026], [16.74749, 45.43998], [16.75037, 45.44039], [16.75356, 45.44379], [16.75553, 45.44269], [16.75773, 45.44206], [16.75824, 45.44124], [16.75739, 45.44156], [16.75582, 45.44076], [16.75432, 45.44127], [16.75257, 45.43937], [16.74888, 45.43995], [16.74569, 45.43814], [16.74401, 45.43849], [16.7436, 45.43829]]], [[[16.74174, 45.44304], [16.74176, 45.44305], [16.74177, 45.44307], [16.74178, 45.44304], [16.74174, 45.44304]]], [[[16.7494, 45.44767], [16.75044, 45.44707], [16.75006, 45.44664], [16.74306, 45.45046], [16.74264, 45.45137], [16.74306, 45.45254], [16.75034, 45.45859], [16.75132, 45.45845], [16.74953, 45.45744], [16.74962, 45.45677], [16.74817, 45.45541], [16.74853, 45.45476], [16.74689, 45.45406], [16.74694, 45.4537], [16.74757, 45.45309], [16.74845, 45.45322], [16.74925, 45.45377], [16.7499, 45.45375], [16.74997, 45.45402], [16.74967, 45.45423], [16.75065, 45.45604], [16.75091, 45.45574], [16.75209, 45.45572], [16.75183, 45.45662], [16.75264, 45.45753], [16.7539, 45.45736], [16.75229, 45.45321], [16.75096, 45.45038], [16.74939, 45.448], [16.7494, 45.44767]], [[16.74632, 45.45168], [16.74582, 45.45193], [16.7453, 45.45154], [16.74813, 45.45002], [16.74904, 45.45158], [16.74754, 45.45141], [16.74632, 45.45168]]], [[[16.74791, 45.45365], [16.74794, 45.45365], [16.74789, 45.45363], [16.74791, 45.45365]]], [[[16.73555, 45.47252], [16.73307, 45.47389], [16.72865, 45.47592], [16.71967, 45.47953], [16.72005, 45.48003], [16.72846, 45.47661], [16.73359, 45.4742], [16.73333, 45.47397], [16.74491, 45.46747], [16.74513, 45.46775], [16.74209, 45.46963], [16.75378, 45.46277], [16.75336, 45.46245], [16.73555, 45.47252]]], [[[16.73687, 45.47333], [16.729, 45.47715], [16.72226, 45.47995], [16.72277, 45.47984], [16.72241, 45.48028], [16.72286, 45.48044], [16.72317, 45.48022], [16.72399, 45.48103], [16.72419, 45.48088], [16.72563, 45.48179], [16.72586, 45.4817], [16.72769, 45.48289], [16.72851, 45.48444], [16.72792, 45.48478], [16.72795, 45.48502], [16.72847, 45.48482], [16.72901, 45.4854], [16.7291, 45.48604], [16.72973, 45.48643], [16.7297, 45.48698], [16.73042, 45.48753], [16.73007, 45.48819], [16.72891, 45.48825], [16.7288, 45.48899], [16.75525, 45.48109], [16.75797, 45.4805], [16.75624, 45.47911], [16.73168, 45.48632], [16.7309, 45.48553], [16.73157, 45.48476], [16.73196, 45.48376], [16.73165, 45.48207], [16.7302, 45.48063], [16.72888, 45.48005], [16.72783, 45.47982], [16.7277, 45.47965], [16.73281, 45.47738], [16.73831, 45.47465], [16.75003, 45.46798], [16.75057, 45.46914], [16.75157, 45.47013], [16.75315, 45.47087], [16.75494, 45.47214], [16.75627, 45.47258], [16.75741, 45.47271], [16.7584, 45.47397], [16.7601, 45.47472], [16.76105, 45.47573], [16.76235, 45.47637], [16.76306, 45.47709], [16.76403, 45.47764], [16.764, 45.47776], [16.75977, 45.47849], [16.76175, 45.47986], [16.76551, 45.47919], [16.76754, 45.47844], [16.76625, 45.47704], [16.76418, 45.47585], [16.76429, 45.47561], [16.75861, 45.47258], [16.75735, 45.46981], [16.75552, 45.46816], [16.75487, 45.46817], [16.75444, 45.46795], [16.75418, 45.46747], [16.75461, 45.46698], [16.75449, 45.46587], [16.75355, 45.46415], [16.7537, 45.4638], [16.75427, 45.4635], [16.75417, 45.46338], [16.74177, 45.47068], [16.73687, 45.47333]]], [[[16.73863, 45.47157], [16.73893, 45.47141], [16.73382, 45.47408], [16.73635, 45.4728], [16.73863, 45.47157]]], [[[16.72071, 45.48072], [16.72079, 45.48057], [16.72089, 45.48048], [16.72049, 45.48062], [16.72069, 45.48088], [16.72071, 45.48072]]], [[[16.70102, 45.4859], [16.70068, 45.48602], [16.7007, 45.48657], [16.71937, 45.48028], [16.71899, 45.47977], [16.70102, 45.4859]]], [[[16.72256, 45.48238], [16.72142, 45.4823], [16.7198, 45.48087], [16.70072, 45.48728], [16.70077, 45.4891], [16.71746, 45.48356], [16.71851, 45.48445], [16.71992, 45.4851], [16.72133, 45.48537], [16.72264, 45.48535], [16.72357, 45.4861], [16.72503, 45.48671], [16.72587, 45.4876], [16.72573, 45.4881], [16.7222, 45.48955], [16.70727, 45.49742], [16.70119, 45.50212], [16.70438, 45.50207], [16.70868, 45.49875], [16.72362, 45.49088], [16.7277, 45.48931], [16.7277, 45.48882], [16.72797, 45.48865], [16.72759, 45.48871], [16.72647, 45.48556], [16.72539, 45.48397], [16.72485, 45.48332], [16.72337, 45.48274], [16.72304, 45.48237], [16.72256, 45.48238]]], [[[16.74283, 45.4859], [16.74395, 45.48715], [16.74596, 45.48681], [16.74671, 45.48628], [16.74832, 45.486], [16.74906, 45.48624], [16.75561, 45.48472], [16.75739, 45.48378], [16.7571, 45.48349], [16.75736, 45.48323], [16.75824, 45.48348], [16.75865, 45.4834], [16.75922, 45.48378], [16.75913, 45.48409], [16.76228, 45.4833], [16.76079, 45.48072], [16.76037, 45.48065], [16.75554, 45.48159], [16.74361, 45.48509], [16.74251, 45.48546], [16.74283, 45.4859]]], [[[16.74181, 45.48568], [16.72972, 45.4893], [16.7304, 45.48986], [16.73092, 45.49167], [16.73106, 45.49265], [16.73042, 45.49298], [16.7312, 45.49384], [16.73145, 45.49342], [16.73222, 45.49313], [16.7328, 45.49323], [16.73316, 45.49364], [16.73283, 45.49313], [16.73461, 45.49237], [16.73348, 45.49122], [16.73369, 45.49064], [16.73405, 45.49059], [16.73441, 45.49092], [16.73463, 45.49084], [16.73543, 45.49153], [16.7363, 45.49098], [16.73694, 45.48977], [16.73889, 45.48897], [16.73974, 45.48905], [16.74012, 45.48886], [16.73989, 45.48863], [16.74114, 45.48785], [16.7429, 45.48748], [16.74174, 45.48626], [16.74214, 45.48615], [16.74181, 45.48568]]], [[[16.74816, 45.49101], [16.74894, 45.49081], [16.74849, 45.48934], [16.74794, 45.48918], [16.74768, 45.48873], [16.74634, 45.48885], [16.74579, 45.4883], [16.74367, 45.48884], [16.74239, 45.48861], [16.74499, 45.49123], [16.74617, 45.49289], [16.74721, 45.49488], [16.74695, 45.4953], [16.74652, 45.49519], [16.74625, 45.49535], [16.74355, 45.49123], [16.74234, 45.4899], [16.74151, 45.48949], [16.74127, 45.48972], [16.74077, 45.48964], [16.74026, 45.4898], [16.73867, 45.4907], [16.73756, 45.49202], [16.73801, 45.49235], [16.73757, 45.49265], [16.73704, 45.49242], [16.73501, 45.49364], [16.73567, 45.49434], [16.73591, 45.49427], [16.73709, 45.49552], [16.73707, 45.49584], [16.73742, 45.49559], [16.73757, 45.49582], [16.73798, 45.49571], [16.73808, 45.49589], [16.73771, 45.49612], [16.73919, 45.49771], [16.73869, 45.49791], [16.73866, 45.49814], [16.73788, 45.4987], [16.73784, 45.49898], [16.7383, 45.49888], [16.73864, 45.49938], [16.73838, 45.49954], [16.73866, 45.4998], [16.7391, 45.49967], [16.73905, 45.5002], [16.73986, 45.49992], [16.74002, 45.50012], [16.73925, 45.50039], [16.73938, 45.50054], [16.73979, 45.50046], [16.74024, 45.50104], [16.73979, 45.50132], [16.73989, 45.5015], [16.74027, 45.50141], [16.74116, 45.50316], [16.74153, 45.50344], [16.74129, 45.50364], [16.74166, 45.50421], [16.74182, 45.50411], [16.74226, 45.50447], [16.74194, 45.50467], [16.74244, 45.5053], [16.74563, 45.5031], [16.74621, 45.50318], [16.7462, 45.50346], [16.74546, 45.50406], [16.74544, 45.50462], [16.74449, 45.50512], [16.74405, 45.50503], [16.74303, 45.50572], [16.74344, 45.50593], [16.74366, 45.5057], [16.74414, 45.50603], [16.74399, 45.50619], [16.7444, 45.50659], [16.74457, 45.50649], [16.74507, 45.50722], [16.74495, 45.50745], [16.74526, 45.50739], [16.74545, 45.50754], [16.74567, 45.50822], [16.746, 45.50844], [16.74634, 45.50819], [16.74661, 45.50847], [16.74639, 45.50873], [16.74678, 45.50903], [16.74709, 45.50924], [16.74737, 45.50899], [16.7477, 45.50927], [16.74749, 45.5095], [16.74817, 45.5094], [16.74887, 45.50973], [16.74926, 45.5095], [16.74959, 45.50784], [16.75027, 45.5073], [16.74965, 45.50643], [16.74881, 45.50578], [16.74836, 45.50492], [16.74881, 45.50471], [16.75029, 45.50613], [16.751, 45.50579], [16.75131, 45.50491], [16.75088, 45.50394], [16.75038, 45.50397], [16.75018, 45.50262], [16.75083, 45.5024], [16.75031, 45.50153], [16.75079, 45.50135], [16.75128, 45.50175], [16.75236, 45.5041], [16.75307, 45.50366], [16.75306, 45.50145], [16.75259, 45.50134], [16.75273, 45.5], [16.75188, 45.49984], [16.75215, 45.49949], [16.75187, 45.49917], [16.75177, 45.49808], [16.75152, 45.4981], [16.75133, 45.49779], [16.75171, 45.49768], [16.75043, 45.49552], [16.74989, 45.49472], [16.74915, 45.49473], [16.74869, 45.49439], [16.74896, 45.49324], [16.74816, 45.49101]], [[16.74189, 45.5005], [16.74062, 45.49888], [16.74108, 45.49793], [16.74094, 45.49713], [16.73896, 45.49484], [16.73995, 45.49422], [16.74097, 45.49301], [16.74184, 45.49245], [16.7449, 45.49641], [16.74765, 45.4975], [16.74918, 45.49772], [16.7498, 45.49978], [16.74891, 45.50013], [16.74824, 45.50072], [16.74795, 45.50144], [16.74804, 45.50213], [16.74691, 45.50152], [16.74559, 45.50139], [16.74434, 45.50171], [16.74318, 45.50255], [16.74189, 45.5005]]], [[[16.7264, 45.49032], [16.72407, 45.49131], [16.70916, 45.49917], [16.70542, 45.50205], [16.7133, 45.50194], [16.71338, 45.50153], [16.71588, 45.50042], [16.71866, 45.49833], [16.71977, 45.49812], [16.72058, 45.49769], [16.7212, 45.49698], [16.72256, 45.4964], [16.72266, 45.49585], [16.72308, 45.49554], [16.72387, 45.49529], [16.72519, 45.49543], [16.72592, 45.49497], [16.72832, 45.49447], [16.72938, 45.49463], [16.72943, 45.49432], [16.72895, 45.49431], [16.72841, 45.49296], [16.72833, 45.4917], [16.72866, 45.4914], [16.72793, 45.49092], [16.72767, 45.48991], [16.7264, 45.49032]], [[16.71506, 45.49935], [16.71167, 45.50102], [16.71061, 45.50179], [16.70966, 45.50116], [16.71069, 45.50044], [16.71516, 45.49809], [16.71506, 45.49935]]], [[[16.73208, 45.49506], [16.73208, 45.4949], [16.73214, 45.49475], [16.73192, 45.49484], [16.73207, 45.49526], [16.73218, 45.49526], [16.73208, 45.49506]]], [[[16.73822, 45.50071], [16.73805, 45.50037], [16.73822, 45.5003], [16.73683, 45.49887], [16.7371, 45.49874], [16.73733, 45.4981], [16.73717, 45.49795], [16.73752, 45.49771], [16.73625, 45.49667], [16.73506, 45.49467], [16.73442, 45.49399], [16.73361, 45.49447], [16.73451, 45.49521], [16.73431, 45.49594], [16.73374, 45.49616], [16.73271, 45.49566], [16.73337, 45.49632], [16.73357, 45.49628], [16.73634, 45.49917], [16.73598, 45.49919], [16.73594, 45.49953], [16.73543, 45.49909], [16.73519, 45.49924], [16.73564, 45.49973], [16.73599, 45.49962], [16.73623, 45.50005], [16.73605, 45.50014], [16.73634, 45.50015], [16.73643, 45.50038], [16.73625, 45.50051], [16.73647, 45.50047], [16.73664, 45.50078], [16.73708, 45.50067], [16.73686, 45.50095], [16.73807, 45.50068], [16.73705, 45.50103], [16.73713, 45.50145], [16.73782, 45.50131], [16.73795, 45.50156], [16.73677, 45.5019], [16.73741, 45.50304], [16.73763, 45.50299], [16.73802, 45.50362], [16.73862, 45.5035], [16.73878, 45.50361], [16.73888, 45.50394], [16.73849, 45.50409], [16.73856, 45.5042], [16.73929, 45.50405], [16.73931, 45.50376], [16.73959, 45.50371], [16.73993, 45.50421], [16.74029, 45.50415], [16.7406, 45.50396], [16.73887, 45.50153], [16.73903, 45.50143], [16.73885, 45.50105], [16.73851, 45.50059], [16.73822, 45.50071]]], [[[16.7251, 45.49712], [16.72446, 45.49759], [16.7255, 45.4988], [16.72585, 45.49968], [16.7265, 45.50018], [16.72762, 45.4996], [16.72855, 45.50133], [16.73148, 45.50386], [16.73144, 45.5062], [16.73062, 45.50638], [16.73015, 45.50619], [16.73025, 45.50686], [16.73057, 45.50678], [16.73082, 45.50699], [16.73147, 45.50684], [16.73179, 45.50701], [16.73263, 45.50679], [16.73256, 45.50653], [16.73185, 45.50669], [16.73172, 45.50641], [16.73224, 45.50632], [16.73186, 45.50568], [16.73246, 45.50549], [16.7324, 45.50476], [16.73211, 45.50477], [16.73208, 45.50409], [16.7302, 45.50104], [16.72959, 45.49942], [16.72997, 45.49924], [16.72829, 45.49648], [16.72732, 45.49634], [16.72553, 45.49679], [16.7251, 45.49712]]], [[[16.73355, 45.50016], [16.73376, 45.50008], [16.73316, 45.49891], [16.73436, 45.49888], [16.73391, 45.49843], [16.73408, 45.49777], [16.73332, 45.49719], [16.73327, 45.49687], [16.73232, 45.49639], [16.73219, 45.49589], [16.73168, 45.49541], [16.7317, 45.49492], [16.73145, 45.495], [16.73156, 45.49527], [16.73105, 45.49583], [16.73032, 45.49596], [16.72978, 45.49566], [16.72936, 45.49616], [16.73001, 45.49682], [16.73045, 45.49865], [16.73098, 45.49848], [16.73161, 45.49956], [16.73125, 45.50004], [16.73201, 45.49973], [16.73216, 45.50003], [16.73181, 45.5013], [16.73212, 45.50184], [16.73272, 45.50163], [16.733, 45.50209], [16.73238, 45.50232], [16.73256, 45.50265], [16.73299, 45.50257], [16.73324, 45.50302], [16.73275, 45.50309], [16.7328, 45.50323], [16.73378, 45.50334], [16.73372, 45.50421], [16.73315, 45.50454], [16.73389, 45.5057], [16.73327, 45.50599], [16.73367, 45.50702], [16.73357, 45.50763], [16.7342, 45.50799], [16.73446, 45.50846], [16.73395, 45.50872], [16.73372, 45.50862], [16.73353, 45.50786], [16.73307, 45.50875], [16.73364, 45.50869], [16.73379, 45.50902], [16.73346, 45.50908], [16.73346, 45.50987], [16.73568, 45.51012], [16.73567, 45.51049], [16.73516, 45.51045], [16.73499, 45.51015], [16.73443, 45.51015], [16.73502, 45.51054], [16.73565, 45.51059], [16.73581, 45.51001], [16.73549, 45.5097], [16.73483, 45.50967], [16.73494, 45.50908], [16.73465, 45.5091], [16.73438, 45.50871], [16.73557, 45.50847], [16.73531, 45.50816], [16.73583, 45.50805], [16.73576, 45.50788], [16.73554, 45.50793], [16.73531, 45.5074], [16.73489, 45.5075], [16.73478, 45.50735], [16.7352, 45.50714], [16.73518, 45.50686], [16.73448, 45.50687], [16.73475, 45.50642], [16.73412, 45.50609], [16.73461, 45.50599], [16.73437, 45.50537], [16.73556, 45.50511], [16.73552, 45.50462], [16.73541, 45.50479], [16.73473, 45.5049], [16.73478, 45.5044], [16.73502, 45.50431], [16.73472, 45.50403], [16.73476, 45.50376], [16.73444, 45.50379], [16.73438, 45.50359], [16.73468, 45.50325], [16.73461, 45.50286], [16.73414, 45.50291], [16.7343, 45.50231], [16.73367, 45.50242], [16.73353, 45.50217], [16.73463, 45.5018], [16.73395, 45.50056], [16.73308, 45.50052], [16.73366, 45.50037], [16.73355, 45.50016]]], [[[16.7347, 45.49918], [16.73487, 45.49911], [16.73471, 45.49896], [16.7347, 45.49907], [16.7347, 45.49918]]], [[[16.72511, 45.50032], [16.72375, 45.49763], [16.72342, 45.49745], [16.72312, 45.49809], [16.72194, 45.49896], [16.71617, 45.50223], [16.71399, 45.50299], [16.71404, 45.5047], [16.71466, 45.5046], [16.71543, 45.50486], [16.71778, 45.50635], [16.7176, 45.50657], [16.71721, 45.50657], [16.71461, 45.50517], [16.71545, 45.50635], [16.71635, 45.50725], [16.71853, 45.50835], [16.71901, 45.50893], [16.71975, 45.50925], [16.72118, 45.51108], [16.72114, 45.51154], [16.72162, 45.51259], [16.72142, 45.51354], [16.7219, 45.51468], [16.72181, 45.51521], [16.72246, 45.51739], [16.72214, 45.51811], [16.72089, 45.5194], [16.72106, 45.51982], [16.72393, 45.51978], [16.7237, 45.51949], [16.72473, 45.51801], [16.72481, 45.51722], [16.72386, 45.51344], [16.72383, 45.51177], [16.72339, 45.51048], [16.72232, 45.50888], [16.71996, 45.50703], [16.72014, 45.50622], [16.71973, 45.50533], [16.71647, 45.50337], [16.71888, 45.50212], [16.71999, 45.50225], [16.72142, 45.50215], [16.72418, 45.50133], [16.7254, 45.50071], [16.72511, 45.50032]]], [[[16.72866, 45.5016], [16.72916, 45.50255], [16.72967, 45.50259], [16.72876, 45.5017], [16.72866, 45.5016]]], [[[16.74074, 45.50412], [16.74082, 45.50421], [16.74076, 45.50411], [16.74074, 45.50412]]], [[[16.74107, 45.5054], [16.74084, 45.50561], [16.74123, 45.50649], [16.7419, 45.50634], [16.74143, 45.50658], [16.74228, 45.5068], [16.74296, 45.50653], [16.74212, 45.50606], [16.74138, 45.50508], [16.74114, 45.50515], [16.74097, 45.50445], [16.73973, 45.50485], [16.73996, 45.50534], [16.74107, 45.5054]]], [[[16.73172, 45.50718], [16.73057, 45.50751], [16.73035, 45.50726], [16.73029, 45.50756], [16.7306, 45.50779], [16.73126, 45.50764], [16.73179, 45.5074], [16.73172, 45.50718]]], [[[16.71979, 45.51035], [16.71958, 45.50995], [16.71844, 45.5093], [16.71802, 45.50877], [16.71577, 45.50761], [16.71407, 45.50556], [16.71418, 45.50933], [16.71533, 45.50978], [16.71639, 45.50989], [16.71756, 45.51051], [16.71916, 45.51177], [16.72044, 45.5113], [16.71979, 45.51035]]], [[[16.74248, 45.50784], [16.74273, 45.50813], [16.74348, 45.50779], [16.74374, 45.50811], [16.74355, 45.50829], [16.7438, 45.5085], [16.74346, 45.50846], [16.7431, 45.50873], [16.74325, 45.50893], [16.74395, 45.50873], [16.74533, 45.5095], [16.74581, 45.50932], [16.74335, 45.50656], [16.74334, 45.50747], [16.74248, 45.50784]]], [[[16.73097, 45.51029], [16.73078, 45.51022], [16.73074, 45.50964], [16.73231, 45.50955], [16.73237, 45.50911], [16.73144, 45.50924], [16.73146, 45.50899], [16.73231, 45.50894], [16.73229, 45.50875], [16.73204, 45.50878], [16.73175, 45.50822], [16.73129, 45.50839], [16.73113, 45.5082], [16.73019, 45.50832], [16.73018, 45.508], [16.72999, 45.50837], [16.731, 45.50874], [16.7312, 45.50938], [16.73004, 45.50941], [16.73015, 45.50967], [16.72933, 45.5107], [16.72903, 45.51177], [16.72931, 45.51428], [16.73006, 45.51623], [16.73, 45.51748], [16.72892, 45.51843], [16.72739, 45.51805], [16.72584, 45.51832], [16.72489, 45.51898], [16.72452, 45.51977], [16.72745, 45.51974], [16.72825, 45.52008], [16.72944, 45.52101], [16.73054, 45.52118], [16.73094, 45.52142], [16.73157, 45.5202], [16.73109, 45.51952], [16.73108, 45.51911], [16.73168, 45.51868], [16.732, 45.51771], [16.73236, 45.51771], [16.73245, 45.51738], [16.73243, 45.51604], [16.73208, 45.51505], [16.7318, 45.51453], [16.73141, 45.51459], [16.73137, 45.51431], [16.7317, 45.51423], [16.73162, 45.51384], [16.73128, 45.51373], [16.73144, 45.51274], [16.73101, 45.51273], [16.73104, 45.51117], [16.73138, 45.51084], [16.7316, 45.51093], [16.73177, 45.51032], [16.73236, 45.51035], [16.73269, 45.50984], [16.73231, 45.5098], [16.73232, 45.50965], [16.73094, 45.50974], [16.73097, 45.51029]]], [[[16.71608, 45.51039], [16.71509, 45.51029], [16.7142, 45.50997], [16.71429, 45.51289], [16.71476, 45.51288], [16.71551, 45.51327], [16.71555, 45.51396], [16.71591, 45.51414], [16.71619, 45.5148], [16.71793, 45.51611], [16.71929, 45.5166], [16.72072, 45.51659], [16.7214, 45.51627], [16.72104, 45.51525], [16.72113, 45.51472], [16.72066, 45.51364], [16.72085, 45.5126], [16.72059, 45.51194], [16.71937, 45.51229], [16.71883, 45.51226], [16.71608, 45.51039]], [[16.71827, 45.51391], [16.71833, 45.51389], [16.71838, 45.51407], [16.71832, 45.51401], [16.71827, 45.51391]]], [[[16.73236, 45.51129], [16.73217, 45.51209], [16.73239, 45.51386], [16.73276, 45.51419], [16.73311, 45.51417], [16.73321, 45.51466], [16.73284, 45.51472], [16.73261, 45.51451], [16.73308, 45.51562], [16.73348, 45.51597], [16.73333, 45.51632], [16.73356, 45.51641], [16.73366, 45.51701], [16.73319, 45.51752], [16.73387, 45.51821], [16.73437, 45.51834], [16.73543, 45.51814], [16.73557, 45.51684], [16.73421, 45.51695], [16.73422, 45.51646], [16.73387, 45.51579], [16.73367, 45.51577], [16.73363, 45.51558], [16.73391, 45.5155], [16.73358, 45.51482], [16.73417, 45.51467], [16.73421, 45.51451], [16.73387, 45.51414], [16.73404, 45.51402], [16.73382, 45.51364], [16.73315, 45.51346], [16.73313, 45.51325], [16.73372, 45.51317], [16.73364, 45.51281], [16.733, 45.5127], [16.73299, 45.51256], [16.73261, 45.51259], [16.73255, 45.5122], [16.73319, 45.51218], [16.73263, 45.51171], [16.73285, 45.51123], [16.73269, 45.51098], [16.73407, 45.511], [16.73458, 45.5109], [16.73459, 45.51074], [16.73399, 45.51063], [16.73396, 45.51031], [16.7333, 45.51029], [16.73236, 45.51129]]], [[[16.71483, 45.51457], [16.7153, 45.51461], [16.71484, 45.51424], [16.71483, 45.51358], [16.71454, 45.51343], [16.71431, 45.51353], [16.71435, 45.51473], [16.71483, 45.51457]]], [[[16.74624, 45.5156], [16.74648, 45.51555], [16.74634, 45.51527], [16.74661, 45.51512], [16.74591, 45.51431], [16.74544, 45.51421], [16.74496, 45.51368], [16.74533, 45.51343], [16.74426, 45.51362], [16.7435, 45.51399], [16.7446, 45.51436], [16.74479, 45.51418], [16.74498, 45.51426], [16.745, 45.5146], [16.74545, 45.51496], [16.74423, 45.51521], [16.74445, 45.51577], [16.74411, 45.51605], [16.74453, 45.51649], [16.74483, 45.51665], [16.74518, 45.51637], [16.74549, 45.51649], [16.74505, 45.5156], [16.74521, 45.51514], [16.74577, 45.51522], [16.74615, 45.51621], [16.74661, 45.5162], [16.74681, 45.51587], [16.74624, 45.5156]]], [[[16.73509, 45.5149], [16.73476, 45.51488], [16.73468, 45.51517], [16.73516, 45.51587], [16.73554, 45.51587], [16.73525, 45.51488], [16.73509, 45.5149]]], [[[16.75161, 45.51547], [16.75131, 45.51533], [16.75078, 45.51563], [16.75127, 45.51585], [16.75161, 45.51547]]], [[[16.7512, 45.51594], [16.75122, 45.51592], [16.75123, 45.51591], [16.7512, 45.51594]]], [[[16.74971, 45.516], [16.74941, 45.51542], [16.74915, 45.51543], [16.74774, 45.51641], [16.74876, 45.51692], [16.74987, 45.51702], [16.75029, 45.51688], [16.75114, 45.516], [16.75066, 45.51573], [16.74999, 45.51624], [16.74971, 45.516]]], [[[16.72015, 45.51923], [16.72164, 45.51762], [16.72143, 45.5169], [16.72068, 45.51717], [16.71888, 45.51708], [16.71744, 45.51653], [16.71564, 45.51518], [16.71491, 45.51511], [16.71437, 45.51534], [16.71442, 45.51701], [16.71468, 45.51698], [16.71621, 45.51795], [16.71796, 45.51861], [16.71777, 45.51968], [16.71449, 45.51956], [16.71451, 45.51992], [16.7202, 45.51984], [16.72015, 45.51923]]], [[[16.7469, 45.51735], [16.7474, 45.51724], [16.74771, 45.51736], [16.74709, 45.51767], [16.74708, 45.51793], [16.74746, 45.51814], [16.74799, 45.51776], [16.74859, 45.51804], [16.74916, 45.51757], [16.7484, 45.5174], [16.74705, 45.51672], [16.74632, 45.51675], [16.7469, 45.51735]]], [[[16.73218, 45.51974], [16.73281, 45.51942], [16.73258, 45.51919], [16.73197, 45.51949], [16.73218, 45.51974]]], [[[16.73277, 45.52171], [16.73355, 45.52089], [16.73393, 45.52075], [16.7337, 45.52053], [16.7339, 45.52027], [16.73365, 45.52035], [16.73323, 45.52018], [16.73283, 45.52039], [16.73233, 45.52032], [16.73178, 45.52146], [16.73217, 45.52173], [16.73277, 45.52171]]], [[[16.72854, 45.5273], [16.72983, 45.52645], [16.72947, 45.52568], [16.72892, 45.52514], [16.73021, 45.52623], [16.73168, 45.52493], [16.73077, 45.52553], [16.73077, 45.52408], [16.73051, 45.52382], [16.73034, 45.52293], [16.73069, 45.52212], [16.72874, 45.52213], [16.72866, 45.52177], [16.72931, 45.52156], [16.72732, 45.52033], [16.72742, 45.5235], [16.72811, 45.52374], [16.72838, 45.52454], [16.72891, 45.52513], [16.72744, 45.52433], [16.72752, 45.52679], [16.72832, 45.52871], [16.72921, 45.5287], [16.72928, 45.52839], [16.72899, 45.52799], [16.72814, 45.52775], [16.72854, 45.5273]]], [[[16.75884, 45.44162], [16.7585, 45.44222], [16.76346, 45.44159], [16.76627, 45.44096], [16.76847, 45.43975], [16.77018, 45.43801], [16.76612, 45.4408], [16.76378, 45.44138], [16.76299, 45.44083], [16.76169, 45.44089], [16.7608, 45.44026], [16.75919, 45.44087], [16.75884, 45.44162]]], [[[16.75785, 45.44328], [16.75584, 45.44393], [16.75088, 45.44659], [16.75124, 45.44722], [16.75016, 45.44788], [16.75168, 45.4502], [16.75375, 45.45462], [16.75478, 45.45763], [16.76343, 45.45615], [16.76351, 45.45569], [16.76398, 45.45544], [16.76485, 45.45554], [16.7651, 45.45613], [16.76906, 45.45401], [16.77318, 45.4523], [16.77437, 45.4511], [16.7742, 45.45067], [16.77287, 45.4495], [16.77274, 45.44916], [16.77362, 45.44827], [16.7716, 45.44675], [16.77078, 45.44677], [16.77007, 45.44707], [16.76961, 45.44836], [16.76894, 45.44841], [16.76861, 45.44933], [16.76789, 45.44975], [16.76608, 45.44856], [16.76592, 45.45027], [16.76639, 45.45124], [16.76706, 45.45196], [16.76584, 45.45261], [16.76408, 45.45245], [16.76203, 45.4528], [16.76047, 45.45362], [16.75941, 45.45495], [16.75646, 45.45545], [16.75392, 45.44968], [16.75305, 45.44832], [16.75362, 45.44722], [16.75785, 45.44501], [16.76017, 45.44458], [16.76119, 45.44403], [16.76376, 45.44342], [16.76547, 45.44386], [16.76633, 45.44367], [16.76844, 45.44297], [16.76978, 45.44232], [16.7717, 45.44098], [16.77316, 45.43954], [16.7731, 45.43926], [16.77174, 45.43857], [16.77395, 45.43633], [16.77322, 45.43639], [16.76999, 45.43984], [16.76731, 45.44151], [16.76438, 45.44236], [16.75785, 45.44328]], [[16.77108, 45.44897], [16.77217, 45.44937], [16.77282, 45.45009], [16.77284, 45.45056], [16.77235, 45.45088], [16.77117, 45.45076], [16.77013, 45.44989], [16.77018, 45.44932], [16.77108, 45.44897]]], [[[16.76386, 45.45655], [16.75587, 45.458], [16.75553, 45.45879], [16.7555, 45.46016], [16.75635, 45.46043], [16.75697, 45.46089], [16.76436, 45.45656], [16.76386, 45.45655]]], [[[16.75963, 45.46035], [16.7605, 45.46033], [16.76359, 45.46068], [16.76187, 45.46161], [16.76383, 45.46391], [16.76449, 45.46479], [16.76069, 45.46041], [16.75956, 45.4604], [16.75758, 45.46138], [16.75913, 45.46277], [16.7622, 45.46648], [16.76638, 45.4645], [16.76627, 45.46423], [16.76583, 45.46406], [16.76503, 45.46333], [16.76387, 45.46389], [16.76365, 45.46364], [16.76688, 45.4617], [16.76763, 45.46151], [16.76813, 45.46162], [16.76844, 45.46189], [16.76854, 45.46225], [16.76833, 45.46256], [16.77084, 45.46554], [16.77154, 45.46534], [16.77206, 45.4654], [16.77241, 45.46567], [16.77252, 45.46614], [16.77359, 45.46583], [16.77381, 45.46532], [16.77451, 45.46507], [16.77398, 45.4642], [16.77378, 45.4643], [16.77349, 45.46401], [16.77375, 45.46389], [16.7729, 45.46265], [16.77317, 45.46248], [16.77353, 45.46255], [16.77429, 45.46205], [16.7748, 45.46225], [16.77388, 45.46296], [16.77498, 45.46462], [16.77543, 45.46422], [16.77527, 45.46385], [16.77558, 45.46315], [16.77534, 45.46229], [16.77569, 45.46197], [16.77568, 45.46158], [16.77611, 45.46154], [16.7759, 45.46015], [16.7749, 45.46023], [16.77507, 45.45946], [16.77577, 45.45942], [16.77564, 45.45876], [16.77535, 45.45878], [16.77526, 45.45847], [16.77556, 45.45841], [16.77547, 45.45794], [16.77467, 45.45798], [16.77475, 45.45668], [16.77533, 45.45656], [16.77476, 45.45647], [16.77441, 45.45611], [16.77447, 45.45447], [16.77373, 45.45429], [16.77308, 45.45454], [16.77243, 45.45446], [16.77052, 45.4547], [16.77028, 45.45477], [16.77032, 45.45548], [16.76971, 45.45577], [16.76902, 45.45562], [16.76865, 45.455], [16.76512, 45.45697], [16.76569, 45.4573], [16.76724, 45.4575], [16.76567, 45.45745], [16.76446, 45.45796], [16.76521, 45.45903], [16.76457, 45.45935], [16.76387, 45.46034], [16.76303, 45.45975], [16.76279, 45.45876], [16.76313, 45.45814], [16.76334, 45.45846], [16.76472, 45.45856], [16.76398, 45.45763], [16.75909, 45.46049], [16.75963, 45.46035]], [[16.76113, 45.4616], [16.76099, 45.46154], [16.76131, 45.46135], [16.76113, 45.4616]], [[16.76597, 45.45872], [16.76661, 45.45947], [16.76594, 45.45975], [16.76529, 45.45899], [16.76597, 45.45872]], [[16.77105, 45.46243], [16.77061, 45.46255], [16.7702, 45.46241], [16.77004, 45.46211], [16.77024, 45.46182], [16.77065, 45.46171], [16.77106, 45.46184], [16.77123, 45.46215], [16.77105, 45.46243]], [[16.77306, 45.46376], [16.77301, 45.46423], [16.77239, 45.46456], [16.77173, 45.46448], [16.77135, 45.46409], [16.77146, 45.46362], [16.77204, 45.46334], [16.77264, 45.46339], [16.77306, 45.46376]], [[16.77066, 45.45866], [16.77161, 45.45845], [16.77297, 45.45915], [16.77271, 45.45987], [16.77227, 45.46019], [16.77063, 45.45923], [16.76922, 45.45872], [16.77066, 45.45866]], [[16.76777, 45.45855], [16.76783, 45.45851], [16.76803, 45.45856], [16.76791, 45.45855], [16.76777, 45.45855]]], [[[16.75289, 45.46012], [16.75298, 45.45925], [16.75267, 45.45878], [16.75087, 45.45908], [16.75222, 45.46029], [16.75289, 45.46012]]], [[[16.75354, 45.46095], [16.75329, 45.46063], [16.75273, 45.46073], [16.75368, 45.46152], [16.75354, 45.46095]]], [[[16.7561, 45.4614], [16.75638, 45.46124], [16.75583, 45.46083], [16.7561, 45.4614]]], [[[16.75497, 45.46176], [16.75496, 45.46175], [16.7549, 45.46212], [16.75536, 45.46184], [16.75497, 45.46176]]], [[[16.756, 45.46231], [16.75585, 45.4624], [16.7566, 45.46255], [16.757, 45.46305], [16.75759, 45.46328], [16.75797, 45.46396], [16.7579, 45.46466], [16.75753, 45.46498], [16.75787, 45.46548], [16.75767, 45.46604], [16.75782, 45.46659], [16.75927, 45.46743], [16.75972, 45.46747], [16.76153, 45.46675], [16.75849, 45.46307], [16.75699, 45.46173], [16.756, 45.46231]]], [[[16.76332, 45.46712], [16.76284, 45.46684], [16.76021, 45.46789], [16.7601, 45.46886], [16.76131, 45.47085], [16.76662, 45.47517], [16.76668, 45.47552], [16.76688, 45.47544], [16.76709, 45.4757], [16.76761, 45.47556], [16.76901, 45.47754], [16.77045, 45.47667], [16.77019, 45.47627], [16.77149, 45.47513], [16.77095, 45.47436], [16.771, 45.47395], [16.77154, 45.4738], [16.77247, 45.47398], [16.7727, 45.47365], [16.7731, 45.47354], [16.77285, 45.47294], [16.77211, 45.47262], [16.77209, 45.47206], [16.77247, 45.47181], [16.77365, 45.47154], [16.77372, 45.47108], [16.77435, 45.47079], [16.77131, 45.46716], [16.76785, 45.4687], [16.76748, 45.4685], [16.76764, 45.4682], [16.76545, 45.46589], [16.76491, 45.46615], [16.76499, 45.46652], [16.76472, 45.46684], [16.76332, 45.46712]], [[16.76364, 45.47118], [16.76311, 45.47098], [16.76392, 45.4701], [16.7647, 45.47001], [16.76609, 45.47078], [16.76807, 45.47118], [16.7678, 45.47239], [16.76832, 45.47389], [16.76811, 45.47445], [16.76759, 45.47425], [16.76649, 45.47311], [16.76526, 45.47258], [16.76433, 45.47158], [16.76364, 45.47118]]], [[[16.75918, 45.47859], [16.75629, 45.4791], [16.758, 45.4805], [16.76163, 45.47988], [16.7597, 45.4785], [16.75918, 45.47859]]], [[[16.76235, 45.48329], [16.76444, 45.48284], [16.76408, 45.48228], [16.76425, 45.48183], [16.76523, 45.48139], [16.766, 45.48154], [16.76739, 45.48052], [16.76824, 45.48068], [16.76877, 45.4814], [16.76877, 45.48175], [16.76933, 45.48154], [16.76824, 45.48042], [16.76763, 45.47905], [16.766, 45.47976], [16.76222, 45.48033], [16.76231, 45.48046], [16.76085, 45.48071], [16.76235, 45.48329]]], [[[16.76106, 45.4843], [16.76119, 45.48418], [16.76078, 45.48427], [16.76089, 45.48427], [16.76106, 45.4843]]], [[[16.75923, 45.48532], [16.75925, 45.48532], [16.75924, 45.4851], [16.75915, 45.48511], [16.75923, 45.48532]]], [[[16.75858, 45.48537], [16.75939, 45.48637], [16.75979, 45.48659], [16.75981, 45.48608], [16.7593, 45.48544], [16.75896, 45.48538], [16.75887, 45.48514], [16.75858, 45.48537]]], [[[16.76348, 45.48668], [16.7634, 45.4867], [16.76306, 45.48675], [16.76383, 45.48677], [16.76348, 45.48668]]], [[[16.75995, 45.48694], [16.75957, 45.48744], [16.76024, 45.48822], [16.7604, 45.4873], [16.75995, 45.48694]]], [[[16.75548, 45.48672], [16.75725, 45.48809], [16.75725, 45.48858], [16.75773, 45.48905], [16.75794, 45.48968], [16.75788, 45.49054], [16.75817, 45.48915], [16.75781, 45.48831], [16.75801, 45.48788], [16.75754, 45.48759], [16.75733, 45.48696], [16.75754, 45.48651], [16.75696, 45.48629], [16.75667, 45.48595], [16.75525, 45.48634], [16.75548, 45.48672]]], [[[16.7603, 45.48861], [16.76045, 45.48885], [16.76056, 45.48883], [16.76027, 45.48836], [16.7603, 45.48861]]], [[[16.76387, 45.49099], [16.76252, 45.48987], [16.76185, 45.48869], [16.7617, 45.48752], [16.76214, 45.48687], [16.76153, 45.48663], [16.76126, 45.48588], [16.76021, 45.48584], [16.76092, 45.4874], [16.76144, 45.48732], [16.76145, 45.48778], [16.76109, 45.48764], [16.76071, 45.48799], [16.76087, 45.48859], [16.76128, 45.48862], [16.76176, 45.49045], [16.76227, 45.4905], [16.76244, 45.49077], [16.76289, 45.49067], [16.76299, 45.4911], [16.76326, 45.49104], [16.76334, 45.49123], [16.76447, 45.49122], [16.76362, 45.49156], [16.76387, 45.49182], [16.76434, 45.49174], [16.76452, 45.49217], [16.76371, 45.4922], [16.76383, 45.49281], [16.76403, 45.49279], [16.76409, 45.49317], [16.76437, 45.49311], [16.76482, 45.4935], [16.76549, 45.49368], [16.76576, 45.49406], [16.76573, 45.49438], [16.76466, 45.49403], [16.76475, 45.49414], [16.7645, 45.4942], [16.76422, 45.49385], [16.76444, 45.49382], [16.7639, 45.49363], [16.76365, 45.49385], [16.7645, 45.4949], [16.7635, 45.49513], [16.76332, 45.49533], [16.76355, 45.49573], [16.76393, 45.49569], [16.76406, 45.49618], [16.76474, 45.49685], [16.76446, 45.49724], [16.76487, 45.49711], [16.76516, 45.49755], [16.76467, 45.49777], [16.76433, 45.49757], [16.76418, 45.49808], [16.76468, 45.49787], [16.765, 45.49827], [16.76552, 45.49833], [16.76571, 45.49871], [16.7657, 45.49893], [16.76534, 45.49894], [16.76533, 45.49968], [16.76509, 45.49968], [16.76509, 45.49982], [16.76609, 45.49989], [16.76555, 45.5003], [16.7658, 45.50072], [16.76574, 45.50089], [16.76549, 45.50087], [16.7655, 45.50122], [16.76574, 45.50129], [16.76702, 45.49867], [16.76482, 45.49617], [16.76527, 45.49551], [16.76641, 45.49527], [16.76675, 45.49539], [16.76609, 45.49264], [16.76653, 45.49237], [16.76644, 45.49202], [16.76675, 45.49191], [16.76387, 45.49099]]], [[[16.76049, 45.48914], [16.76056, 45.4893], [16.76066, 45.48927], [16.76048, 45.48896], [16.76049, 45.48914]]], [[[16.75514, 45.49178], [16.75523, 45.49136], [16.75457, 45.49093], [16.75433, 45.49047], [16.75449, 45.49012], [16.7553, 45.48963], [16.75516, 45.4892], [16.75471, 45.48846], [16.75368, 45.48769], [16.75316, 45.48687], [16.74974, 45.48774], [16.74988, 45.48821], [16.74968, 45.48894], [16.75064, 45.49162], [16.75025, 45.492], [16.75041, 45.49286], [16.75248, 45.49684], [16.75216, 45.49704], [16.7528, 45.49711], [16.7529, 45.49735], [16.75242, 45.49747], [16.75277, 45.49901], [16.75299, 45.4992], [16.75445, 45.49917], [16.75468, 45.49947], [16.75383, 45.49958], [16.75438, 45.49975], [16.7539, 45.50233], [16.75612, 45.5], [16.75827, 45.49711], [16.75868, 45.49496], [16.75864, 45.49449], [16.75671, 45.49439], [16.75715, 45.49486], [16.75713, 45.49585], [16.75684, 45.49629], [16.75717, 45.4966], [16.75714, 45.49703], [16.75639, 45.49736], [16.75628, 45.49791], [16.75595, 45.49819], [16.75518, 45.49831], [16.75456, 45.49816], [16.75429, 45.49773], [16.75459, 45.49723], [16.75458, 45.49627], [16.75413, 45.49605], [16.75399, 45.4957], [16.75416, 45.49534], [16.7547, 45.49513], [16.75493, 45.49481], [16.75426, 45.49441], [16.75416, 45.49398], [16.7551, 45.49329], [16.75581, 45.49316], [16.75537, 45.49296], [16.75497, 45.49241], [16.75514, 45.49178]]], [[[16.76404, 45.49024], [16.76381, 45.49002], [16.76363, 45.49004], [16.764, 45.49037], [16.76404, 45.49024]]], [[[16.76115, 45.49084], [16.76097, 45.48969], [16.7606, 45.48933], [16.7607, 45.4899], [16.76021, 45.49048], [16.76006, 45.49181], [16.76048, 45.49251], [16.76051, 45.49369], [16.75989, 45.49421], [16.76038, 45.4944], [16.76034, 45.4958], [16.75981, 45.49577], [16.75954, 45.497], [16.76007, 45.49713], [16.76046, 45.49604], [16.76105, 45.49598], [16.76092, 45.49789], [16.76018, 45.49807], [16.76141, 45.49828], [16.76181, 45.49792], [16.76199, 45.49811], [16.76235, 45.49782], [16.76263, 45.49702], [16.76317, 45.49696], [16.76291, 45.49663], [16.76243, 45.49651], [16.76231, 45.49599], [16.76192, 45.49568], [16.76158, 45.49569], [16.76141, 45.49533], [16.7614, 45.49514], [16.76231, 45.49498], [16.76207, 45.49353], [16.76292, 45.49316], [16.76233, 45.49149], [16.76129, 45.4916], [16.76103, 45.49133], [16.76144, 45.49112], [16.76115, 45.49084]]], [[[16.75695, 45.49215], [16.75695, 45.49224], [16.75702, 45.49198], [16.75697, 45.49203], [16.75695, 45.49215]]], [[[16.75671, 45.49309], [16.75667, 45.49307], [16.75664, 45.49307], [16.75668, 45.49308], [16.75671, 45.49309]]], [[[16.75925, 45.49905], [16.75963, 45.49853], [16.76039, 45.49821], [16.75978, 45.4981], [16.75838, 45.50018], [16.75876, 45.50026], [16.75901, 45.50006], [16.75935, 45.49953], [16.75925, 45.49905]]], [[[16.76408, 45.49944], [16.76386, 45.49918], [16.7641, 45.49887], [16.7635, 45.49836], [16.76229, 45.49866], [16.76252, 45.50111], [16.7634, 45.50115], [16.76335, 45.50216], [16.76246, 45.50224], [16.76249, 45.50258], [16.76277, 45.50258], [16.76284, 45.50349], [16.76324, 45.50349], [16.76335, 45.50439], [16.76269, 45.50442], [16.76273, 45.50487], [16.76286, 45.50442], [16.76361, 45.50443], [16.76373, 45.50641], [16.76416, 45.50664], [16.76445, 45.50728], [16.76458, 45.50677], [16.7652, 45.5063], [16.76515, 45.50575], [16.76588, 45.50567], [16.76583, 45.50416], [16.76542, 45.5044], [16.76577, 45.50517], [16.765, 45.50531], [16.76485, 45.5055], [16.76466, 45.50537], [16.76462, 45.50571], [16.76444, 45.50555], [16.76392, 45.50571], [16.76383, 45.50456], [16.76447, 45.50426], [16.7647, 45.50226], [16.76421, 45.50169], [16.76408, 45.49944]]], [[[16.75732, 45.50172], [16.75815, 45.50105], [16.75779, 45.50055], [16.75713, 45.50068], [16.75658, 45.50177], [16.75732, 45.50172]]], [[[16.76524, 45.50166], [16.76525, 45.50172], [16.76533, 45.50158], [16.76524, 45.50157], [16.76524, 45.50166]]], [[[16.76522, 45.50194], [16.76523, 45.50178], [16.76499, 45.50216], [16.76517, 45.50241], [16.76541, 45.50239], [16.76522, 45.50194]]], [[[16.76077, 45.50222], [16.76046, 45.50244], [16.76068, 45.50245], [16.76098, 45.5029], [16.76077, 45.50222]]], [[[16.76132, 45.50331], [16.76151, 45.50293], [16.76127, 45.50227], [16.76105, 45.50259], [16.76116, 45.50298], [16.76094, 45.50303], [16.76184, 45.50486], [16.76132, 45.50331]]], [[[16.76002, 45.50433], [16.75992, 45.50437], [16.76013, 45.50457], [16.76002, 45.50433]]], [[[16.76293, 45.5059], [16.76289, 45.50504], [16.76189, 45.50493], [16.76212, 45.50602], [16.76293, 45.5059]]], [[[16.75547, 45.50725], [16.75538, 45.50663], [16.75606, 45.50658], [16.75623, 45.50614], [16.75648, 45.50608], [16.75636, 45.50557], [16.75606, 45.50544], [16.75509, 45.5056], [16.75492, 45.50507], [16.75436, 45.50536], [16.75403, 45.50532], [16.75364, 45.50571], [16.75323, 45.50553], [16.75408, 45.50453], [16.75428, 45.50388], [16.75361, 45.50414], [16.75187, 45.50623], [16.75222, 45.50667], [16.75223, 45.50714], [16.75153, 45.50893], [16.75149, 45.51011], [16.7512, 45.51047], [16.75136, 45.51093], [16.75109, 45.51131], [16.75155, 45.51169], [16.75225, 45.51053], [16.7522, 45.51021], [16.75262, 45.50989], [16.75301, 45.50996], [16.75228, 45.51076], [16.75212, 45.51188], [16.75248, 45.51236], [16.75342, 45.51245], [16.75413, 45.51199], [16.75448, 45.51248], [16.75562, 45.51246], [16.75648, 45.51164], [16.7561, 45.51109], [16.7556, 45.51109], [16.75581, 45.50968], [16.75561, 45.50896], [16.75446, 45.50929], [16.75416, 45.50875], [16.75534, 45.50856], [16.75547, 45.50725]]], [[[16.76212, 45.50885], [16.76159, 45.50824], [16.76093, 45.50817], [16.76088, 45.50787], [16.76122, 45.50773], [16.76072, 45.50689], [16.76039, 45.50542], [16.76018, 45.5058], [16.76023, 45.50644], [16.76001, 45.50652], [16.75974, 45.50717], [16.75905, 45.50733], [16.75916, 45.50779], [16.76025, 45.50769], [16.75935, 45.50797], [16.7588, 45.50776], [16.7587, 45.50701], [16.75833, 45.50692], [16.75762, 45.50819], [16.75756, 45.50789], [16.757, 45.50794], [16.7569, 45.50742], [16.75738, 45.50735], [16.75788, 45.50663], [16.75691, 45.50654], [16.75678, 45.50691], [16.75627, 45.50719], [16.75667, 45.50881], [16.75669, 45.51011], [16.75714, 45.51084], [16.75685, 45.51093], [16.75722, 45.51147], [16.75798, 45.51114], [16.75933, 45.51104], [16.7584, 45.50822], [16.75854, 45.50796], [16.75905, 45.50798], [16.76029, 45.5092], [16.75972, 45.50965], [16.76049, 45.50978], [16.76065, 45.51015], [16.75988, 45.51022], [16.75999, 45.5106], [16.76088, 45.51044], [16.76249, 45.50959], [16.76183, 45.50956], [16.76185, 45.50924], [16.76226, 45.50924], [16.76212, 45.50885]]], [[[16.7513, 45.51311], [16.75146, 45.51357], [16.75129, 45.51378], [16.75175, 45.51466], [16.75141, 45.51479], [16.75166, 45.51505], [16.75154, 45.51524], [16.75285, 45.51404], [16.75174, 45.51415], [16.75154, 45.51306], [16.7513, 45.51311]]], [[[16.75364, 45.51566], [16.75322, 45.51529], [16.75344, 45.51498], [16.75312, 45.51472], [16.75093, 45.5172], [16.75093, 45.51793], [16.75151, 45.51841], [16.75239, 45.51828], [16.75192, 45.51808], [16.7525, 45.51792], [16.75233, 45.51729], [16.75283, 45.51698], [16.75265, 45.51691], [16.75279, 45.51671], [16.75324, 45.51667], [16.75307, 45.51626], [16.75344, 45.51653], [16.75364, 45.51632], [16.75339, 45.51616], [16.75373, 45.51582], [16.75364, 45.51566]]], [[[16.76499, 45.5184], [16.76484, 45.51848], [16.76539, 45.51899], [16.76479, 45.51936], [16.76456, 45.5192], [16.76431, 45.51932], [16.76439, 45.51951], [16.76406, 45.5198], [16.76424, 45.52003], [16.76368, 45.52034], [16.7638, 45.52048], [16.76446, 45.51996], [16.76533, 45.51964], [16.76589, 45.51878], [16.76729, 45.51769], [16.76824, 45.51746], [16.77009, 45.51738], [16.77071, 45.51591], [16.7692, 45.51644], [16.76844, 45.51633], [16.7673, 45.51706], [16.76691, 45.51688], [16.76615, 45.51729], [16.76568, 45.51718], [16.76548, 45.51733], [16.76559, 45.51767], [16.76512, 45.51768], [16.76559, 45.51834], [16.76521, 45.51852], [16.76499, 45.5184]]], [[[16.75218, 45.5185], [16.75192, 45.51856], [16.7521, 45.51873], [16.75232, 45.51867], [16.75218, 45.5185]]], [[[16.76646, 45.51919], [16.76618, 45.51966], [16.76661, 45.52002], [16.76684, 45.51994], [16.76646, 45.51919]]], [[[16.76177, 45.52039], [16.76081, 45.52016], [16.76009, 45.52026], [16.76039, 45.52086], [16.76015, 45.52112], [16.75979, 45.52123], [16.75964, 45.52107], [16.75922, 45.52124], [16.75939, 45.52153], [16.75916, 45.52137], [16.75889, 45.52142], [16.75872, 45.52109], [16.75846, 45.52118], [16.75827, 45.52091], [16.75799, 45.52097], [16.75803, 45.52126], [16.75768, 45.52136], [16.75744, 45.52125], [16.75732, 45.52156], [16.75677, 45.52165], [16.75656, 45.5215], [16.75658, 45.5221], [16.75628, 45.52181], [16.75553, 45.52165], [16.7554, 45.52142], [16.75582, 45.52109], [16.75579, 45.52068], [16.75557, 45.52073], [16.75489, 45.52104], [16.75453, 45.521], [16.7546, 45.52204], [16.75624, 45.52234], [16.75839, 45.52191], [16.76087, 45.52188], [16.76291, 45.52139], [16.76362, 45.5207], [16.76323, 45.52032], [16.76278, 45.52044], [16.76297, 45.52076], [16.76264, 45.52102], [16.76233, 45.52062], [16.76204, 45.52071], [16.76177, 45.52039]]], [[[16.76435, 45.52087], [16.76343, 45.52179], [16.76069, 45.52244], [16.76083, 45.52262], [16.76115, 45.52285], [16.76212, 45.52232], [16.76249, 45.5225], [16.76318, 45.52228], [16.76336, 45.52242], [16.76259, 45.52292], [16.76263, 45.52332], [16.76319, 45.52367], [16.76348, 45.5236], [16.76455, 45.52326], [16.76377, 45.52265], [16.76362, 45.52226], [16.76378, 45.52206], [16.76442, 45.52192], [16.76571, 45.52252], [16.76591, 45.52234], [16.76546, 45.52191], [16.76615, 45.52159], [16.76669, 45.52165], [16.76771, 45.52097], [16.76692, 45.52086], [16.76702, 45.52044], [16.7666, 45.52038], [16.76604, 45.51985], [16.76435, 45.52087]]], [[[16.75865, 45.52243], [16.75837, 45.52248], [16.7577, 45.52269], [16.75808, 45.52301], [16.75883, 45.52277], [16.75895, 45.52247], [16.75865, 45.52243]]], [[[16.75535, 45.52343], [16.75512, 45.5236], [16.75541, 45.52384], [16.75576, 45.52384], [16.75602, 45.52352], [16.75638, 45.52355], [16.75632, 45.52374], [16.75696, 45.52377], [16.75742, 45.52359], [16.75717, 45.52331], [16.75763, 45.52303], [16.75749, 45.52287], [16.75711, 45.52304], [16.7572, 45.5228], [16.75589, 45.52288], [16.75415, 45.52253], [16.75417, 45.52297], [16.75535, 45.52343]]], [[[16.77407, 45.42723], [16.77319, 45.42682], [16.77465, 45.43257], [16.77469, 45.43342], [16.77411, 45.4346], [16.77296, 45.43588], [16.77392, 45.43574], [16.77444, 45.4359], [16.7753, 45.43515], [16.77492, 45.43228], [16.77695, 45.43131], [16.77654, 45.4297], [16.77911, 45.43021], [16.78031, 45.4302], [16.78128, 45.43046], [16.7822, 45.43048], [16.78501, 45.42991], [16.78646, 45.42916], [16.78935, 45.42941], [16.79043, 45.4287], [16.7906, 45.42764], [16.79318, 45.42866], [16.7937, 45.42824], [16.79455, 45.42837], [16.79149, 45.42727], [16.79042, 45.42757], [16.78907, 45.42752], [16.78846, 45.42734], [16.78812, 45.42681], [16.78748, 45.42739], [16.78579, 45.42706], [16.78397, 45.42822], [16.78268, 45.42825], [16.78222, 45.42872], [16.78139, 45.42851], [16.78116, 45.42821], [16.78029, 45.42855], [16.77805, 45.42791], [16.7769, 45.42788], [16.77579, 45.42736], [16.77407, 45.42723]]], [[[16.77351, 45.43389], [16.77356, 45.43416], [16.77373, 45.43389], [16.77351, 45.43389]]], [[[16.77334, 45.43445], [16.77342, 45.43435], [16.77344, 45.43433], [16.77334, 45.43445]]], [[[16.77123, 45.44601], [16.77099, 45.44602], [16.77139, 45.44645], [16.77263, 45.44645], [16.77549, 45.44874], [16.77529, 45.45065], [16.77494, 45.45171], [16.77922, 45.45056], [16.7823, 45.44998], [16.78898, 45.44933], [16.78399, 45.44957], [16.78204, 45.4487], [16.78128, 45.44973], [16.77727, 45.45082], [16.7756, 45.45098], [16.77624, 45.44835], [16.77585, 45.44788], [16.77488, 45.44711], [16.77356, 45.44645], [16.77123, 45.44601]]], [[[16.77206, 45.45394], [16.77249, 45.45341], [16.7733, 45.45341], [16.77382, 45.45308], [16.77607, 45.45282], [16.7766, 45.45238], [16.77719, 45.45239], [16.77762, 45.45267], [16.7783, 45.4521], [16.77914, 45.45207], [16.77998, 45.45177], [16.78079, 45.45209], [16.7809, 45.45253], [16.78069, 45.45286], [16.78112, 45.4531], [16.78173, 45.45408], [16.78118, 45.45475], [16.78157, 45.45528], [16.78115, 45.45589], [16.78179, 45.45607], [16.78206, 45.45651], [16.78207, 45.45756], [16.78243, 45.45816], [16.78183, 45.45891], [16.78197, 45.45941], [16.78231, 45.45957], [16.78204, 45.45961], [16.78209, 45.45978], [16.78233, 45.45974], [16.78225, 45.46039], [16.78265, 45.46058], [16.78233, 45.46066], [16.78238, 45.46082], [16.78269, 45.46075], [16.78297, 45.46105], [16.78248, 45.46119], [16.78257, 45.46152], [16.78285, 45.46145], [16.7827, 45.46159], [16.78287, 45.46183], [16.78244, 45.4622], [16.78197, 45.4621], [16.78142, 45.46021], [16.78123, 45.46013], [16.78112, 45.45917], [16.78021, 45.45906], [16.77954, 45.45994], [16.77951, 45.4609], [16.77873, 45.46145], [16.77815, 45.46151], [16.77893, 45.46258], [16.77859, 45.46305], [16.77766, 45.46335], [16.77796, 45.46445], [16.78184, 45.46263], [16.78355, 45.46157], [16.78413, 45.46096], [16.78465, 45.4609], [16.78504, 45.46116], [16.7849, 45.46159], [16.781, 45.46376], [16.7765, 45.46555], [16.77682, 45.46606], [16.77647, 45.46666], [16.77584, 45.46683], [16.77533, 45.46674], [16.77528, 45.4672], [16.77616, 45.46744], [16.7765, 45.46787], [16.77615, 45.46841], [16.77644, 45.46869], [16.77645, 45.46918], [16.77594, 45.46959], [16.77631, 45.47005], [16.7762, 45.47079], [16.77861, 45.46956], [16.77818, 45.46913], [16.7782, 45.46869], [16.77883, 45.46821], [16.77942, 45.46812], [16.78007, 45.46841], [16.78018, 45.46894], [16.78075, 45.46953], [16.78078, 45.46979], [16.77933, 45.47077], [16.78008, 45.47127], [16.79333, 45.46366], [16.79547, 45.46266], [16.81366, 45.4556], [16.82793, 45.45134], [16.83177, 45.45065], [16.83129, 45.44964], [16.83053, 45.44909], [16.82999, 45.449], [16.82934, 45.44859], [16.82879, 45.44779], [16.82816, 45.44773], [16.82747, 45.44718], [16.82586, 45.44729], [16.82546, 45.44698], [16.82537, 45.44639], [16.82296, 45.44603], [16.82187, 45.44516], [16.82136, 45.44552], [16.82048, 45.44566], [16.82122, 45.44559], [16.82169, 45.44575], [16.82193, 45.44623], [16.82168, 45.44661], [16.81968, 45.44699], [16.8191, 45.4469], [16.81862, 45.44599], [16.81883, 45.44536], [16.81943, 45.44508], [16.81987, 45.44443], [16.8194, 45.4443], [16.81723, 45.44514], [16.81732, 45.44565], [16.81827, 45.44673], [16.81804, 45.44739], [16.81373, 45.44912], [16.8101, 45.45023], [16.81001, 45.45057], [16.80961, 45.45081], [16.8091, 45.45086], [16.80862, 45.45063], [16.8053, 45.45138], [16.80518, 45.45179], [16.80456, 45.4521], [16.80401, 45.45215], [16.80356, 45.45196], [16.80308, 45.45129], [16.80262, 45.44989], [16.80303, 45.44931], [16.80693, 45.44851], [16.81126, 45.44722], [16.81562, 45.44557], [16.81606, 45.44492], [16.81939, 45.44375], [16.81904, 45.44344], [16.81532, 45.4452], [16.81213, 45.44644], [16.80856, 45.44756], [16.80485, 45.44847], [16.7986, 45.44945], [16.78691, 45.45011], [16.78248, 45.45062], [16.77671, 45.45188], [16.77325, 45.45301], [16.7704, 45.45417], [16.77206, 45.45394]], [[16.78762, 45.46479], [16.78376, 45.46699], [16.78289, 45.46619], [16.78184, 45.46564], [16.78201, 45.46529], [16.78654, 45.46279], [16.78714, 45.46221], [16.78742, 45.46153], [16.78714, 45.46039], [16.78618, 45.4596], [16.78664, 45.45787], [16.78611, 45.4557], [16.78764, 45.45473], [16.78854, 45.45319], [16.78538, 45.45417], [16.78538, 45.45459], [16.78462, 45.45444], [16.78504, 45.45173], [16.78398, 45.45104], [16.78504, 45.45068], [16.78725, 45.4503], [16.80071, 45.4494], [16.8016, 45.45128], [16.79952, 45.45143], [16.79965, 45.45309], [16.8003, 45.45383], [16.80138, 45.45452], [16.8027, 45.45496], [16.80414, 45.45512], [16.80616, 45.45484], [16.80832, 45.45376], [16.81016, 45.45377], [16.81161, 45.45342], [16.81343, 45.45229], [16.81421, 45.45098], [16.81766, 45.4497], [16.81991, 45.44995], [16.82299, 45.44948], [16.82401, 45.44995], [16.82547, 45.45027], [16.81251, 45.45416], [16.79995, 45.45902], [16.79895, 45.45798], [16.79877, 45.45713], [16.79806, 45.45603], [16.79629, 45.45487], [16.79116, 45.45611], [16.79091, 45.4551], [16.78995, 45.45571], [16.78917, 45.45659], [16.7888, 45.45759], [16.78885, 45.45862], [16.78942, 45.45976], [16.79027, 45.46059], [16.79144, 45.46122], [16.79285, 45.46158], [16.79297, 45.46179], [16.78762, 45.46479]], [[16.78395, 45.45316], [16.78336, 45.45321], [16.7825, 45.45289], [16.78229, 45.4525], [16.78254, 45.45208], [16.78317, 45.45193], [16.78416, 45.45223], [16.78438, 45.45274], [16.78395, 45.45316]], [[16.79539, 45.45781], [16.79575, 45.45793], [16.79863, 45.46099], [16.79847, 45.46124], [16.79628, 45.46207], [16.7959, 45.46193], [16.79393, 45.45869], [16.79335, 45.45856], [16.79299, 45.45808], [16.79316, 45.45763], [16.79374, 45.4574], [16.79438, 45.45753], [16.79475, 45.45804], [16.79539, 45.45781]]], [[[16.77926, 45.45541], [16.77985, 45.45515], [16.77992, 45.45492], [16.77908, 45.4547], [16.77872, 45.45426], [16.77868, 45.45381], [16.77804, 45.45429], [16.77749, 45.45431], [16.77707, 45.45411], [16.77671, 45.45459], [16.77694, 45.45498], [16.7769, 45.45627], [16.77739, 45.45938], [16.77655, 45.45944], [16.7769, 45.4617], [16.77738, 45.46114], [16.7769, 45.46059], [16.77695, 45.46012], [16.77753, 45.45942], [16.77796, 45.45921], [16.77866, 45.45809], [16.77987, 45.45781], [16.77948, 45.45676], [16.77973, 45.45632], [16.77922, 45.45597], [16.77926, 45.45541]]], [[[16.76834, 45.46447], [16.76749, 45.46489], [16.76818, 45.46516], [16.76907, 45.46484], [16.76917, 45.46494], [16.76821, 45.46547], [16.76897, 45.46573], [16.77017, 45.46702], [16.77089, 45.46666], [16.76871, 45.46405], [16.76834, 45.46447]]], [[[16.76593, 45.46553], [16.76599, 45.46577], [16.76568, 45.46548], [16.76533, 45.46565], [16.76571, 45.46596], [16.76661, 45.46638], [16.76605, 45.46584], [16.76648, 45.46612], [16.76714, 45.4656], [16.76734, 45.46568], [16.76767, 45.46539], [16.76791, 45.46553], [16.76728, 45.46493], [16.76691, 45.4649], [16.76579, 45.46543], [16.76593, 45.46553]]], [[[16.77534, 45.46526], [16.77527, 45.46523], [16.77504, 45.46519], [16.77524, 45.46535], [16.77534, 45.46526]]], [[[16.77261, 45.46765], [16.77294, 45.46805], [16.77381, 45.46908], [16.77331, 45.46831], [16.77371, 45.46763], [16.77279, 45.46757], [16.77236, 45.46677], [16.77197, 45.46689], [16.77261, 45.46765]]], [[[16.77504, 45.47388], [16.7749, 45.47376], [16.77485, 45.47378], [16.77497, 45.47393], [16.77504, 45.47388]]], [[[16.77924, 45.47501], [16.77974, 45.47474], [16.77967, 45.47456], [16.77913, 45.47484], [16.77924, 45.47501]]], [[[16.77583, 45.4766], [16.77587, 45.47678], [16.7762, 45.47665], [16.77521, 45.47535], [16.77485, 45.47564], [16.77583, 45.4766]]], [[[16.77078, 45.4775], [16.76993, 45.47783], [16.77022, 45.47824], [16.77015, 45.47858], [16.77086, 45.47949], [16.77125, 45.47925], [16.7712, 45.47888], [16.7718, 45.47863], [16.77154, 45.47808], [16.77101, 45.47802], [16.77192, 45.47764], [16.77184, 45.47754], [16.77107, 45.47783], [16.77078, 45.4775]]], [[[16.76945, 45.48285], [16.7698, 45.48276], [16.76927, 45.48227], [16.76773, 45.48276], [16.76843, 45.48375], [16.7686, 45.48314], [16.76945, 45.48285]]], [[[16.76624, 45.48312], [16.76543, 45.4833], [16.76556, 45.48378], [16.76609, 45.48348], [16.76716, 45.48331], [16.767, 45.48294], [16.76624, 45.48312]]], [[[16.76866, 45.48908], [16.76835, 45.48874], [16.76795, 45.48726], [16.76761, 45.48727], [16.76751, 45.48708], [16.76766, 45.48687], [16.76714, 45.4866], [16.76674, 45.48585], [16.76611, 45.48568], [16.76593, 45.48632], [16.7661, 45.48753], [16.7669, 45.48819], [16.76682, 45.48901], [16.76763, 45.48969], [16.76753, 45.4913], [16.76801, 45.49136], [16.76827, 45.49072], [16.76819, 45.49008], [16.76855, 45.48983], [16.7694, 45.49091], [16.7691, 45.49103], [16.76919, 45.49145], [16.76786, 45.49206], [16.76809, 45.49243], [16.76866, 45.49237], [16.76883, 45.49262], [16.76997, 45.49243], [16.77006, 45.49258], [16.76879, 45.49286], [16.76912, 45.49354], [16.76875, 45.49355], [16.76926, 45.49457], [16.76975, 45.49484], [16.76948, 45.49495], [16.76964, 45.49538], [16.77021, 45.49607], [16.76998, 45.49656], [16.77006, 45.49668], [16.77039, 45.49661], [16.7705, 45.49676], [16.77026, 45.49687], [16.77105, 45.49721], [16.77212, 45.4967], [16.77196, 45.49627], [16.77121, 45.49646], [16.77111, 45.49632], [16.77191, 45.49609], [16.77127, 45.49491], [16.77177, 45.49472], [16.77172, 45.49455], [16.7714, 45.49461], [16.77135, 45.49428], [16.77185, 45.49402], [16.77156, 45.49358], [16.7705, 45.49361], [16.77044, 45.49348], [16.7708, 45.49339], [16.77085, 45.49314], [16.77171, 45.49293], [16.77146, 45.49212], [16.77116, 45.49215], [16.77107, 45.49187], [16.77049, 45.49192], [16.77017, 45.49163], [16.7707, 45.49148], [16.77037, 45.49084], [16.76913, 45.48918], [16.76866, 45.48908]]], [[[16.7724, 45.48892], [16.77238, 45.48891], [16.77237, 45.48893], [16.7724, 45.48892]]], [[[16.77272, 45.48908], [16.77244, 45.48895], [16.77143, 45.48936], [16.77154, 45.48949], [16.77187, 45.48936], [16.772, 45.48951], [16.77285, 45.48917], [16.77272, 45.48908]]], [[[16.77157, 45.48925], [16.77149, 45.48926], [16.77135, 45.48926], [16.7714, 45.48932], [16.77157, 45.48925]]], [[[16.77291, 45.49013], [16.77377, 45.49027], [16.77293, 45.48921], [16.77317, 45.48951], [16.77223, 45.4899], [16.77249, 45.49029], [16.77291, 45.49013]]], [[[16.774, 45.49052], [16.77403, 45.4908], [16.77416, 45.49085], [16.7742, 45.49084], [16.774, 45.49052]]], [[[16.77961, 45.49137], [16.77979, 45.49099], [16.78007, 45.49089], [16.78003, 45.49076], [16.77924, 45.49089], [16.77959, 45.49171], [16.77977, 45.49161], [16.77961, 45.49137]]], [[[16.78062, 45.49176], [16.78102, 45.49104], [16.78085, 45.49088], [16.78012, 45.49105], [16.78004, 45.49125], [16.78047, 45.49126], [16.78062, 45.49176]]], [[[16.7745, 45.4916], [16.77447, 45.49148], [16.77456, 45.49188], [16.77461, 45.49182], [16.7745, 45.4916]]], [[[16.77452, 45.49223], [16.7745, 45.49207], [16.77454, 45.49192], [16.77435, 45.49198], [16.77452, 45.49223]]], [[[16.77239, 45.49253], [16.77303, 45.4946], [16.77278, 45.49482], [16.77314, 45.49511], [16.77334, 45.49575], [16.77425, 45.4957], [16.77362, 45.49595], [16.77407, 45.49637], [16.77443, 45.49639], [16.77446, 45.49675], [16.77418, 45.49694], [16.77506, 45.49699], [16.77506, 45.49725], [16.77433, 45.49728], [16.77435, 45.49765], [16.77484, 45.49767], [16.77501, 45.49806], [16.77399, 45.49792], [16.77364, 45.49752], [16.77326, 45.49773], [16.77316, 45.49752], [16.77289, 45.49755], [16.77295, 45.49809], [16.77247, 45.49823], [16.7721, 45.49785], [16.77185, 45.49788], [16.77154, 45.49882], [16.77091, 45.49885], [16.77094, 45.49952], [16.77041, 45.49966], [16.76973, 45.49915], [16.76902, 45.4994], [16.76861, 45.49895], [16.76918, 45.49894], [16.76963, 45.49857], [16.7694, 45.49822], [16.77026, 45.4977], [16.77065, 45.49799], [16.77113, 45.49772], [16.77084, 45.49739], [16.77064, 45.49749], [16.76992, 45.49728], [16.76987, 45.49665], [16.76934, 45.49659], [16.76821, 45.49717], [16.76802, 45.4975], [16.7686, 45.49936], [16.76805, 45.5001], [16.76791, 45.5011], [16.76842, 45.50133], [16.7685, 45.50194], [16.76889, 45.50212], [16.76876, 45.50288], [16.76845, 45.5029], [16.7683, 45.50218], [16.76778, 45.50234], [16.76782, 45.50429], [16.76712, 45.50472], [16.7675, 45.50577], [16.76793, 45.50578], [16.7679, 45.5053], [16.76831, 45.50556], [16.76924, 45.50514], [16.76931, 45.50473], [16.7701, 45.50397], [16.77092, 45.50365], [16.7718, 45.50289], [16.77242, 45.50264], [16.77321, 45.50113], [16.77425, 45.50044], [16.77452, 45.49896], [16.77543, 45.49795], [16.7755, 45.49712], [16.77577, 45.49677], [16.77552, 45.49524], [16.77566, 45.49431], [16.77536, 45.49431], [16.77492, 45.49389], [16.77396, 45.49412], [16.77386, 45.49388], [16.77411, 45.4938], [16.77424, 45.49396], [16.77486, 45.49379], [16.77478, 45.49332], [16.77369, 45.49249], [16.773, 45.49261], [16.77174, 45.492], [16.77239, 45.49253]], [[16.77438, 45.49552], [16.77351, 45.4956], [16.77345, 45.49529], [16.77435, 45.4952], [16.77355, 45.49533], [16.77358, 45.49545], [16.77434, 45.49539], [16.77438, 45.49552]]], [[[16.77974, 45.4939], [16.78002, 45.49402], [16.78064, 45.4939], [16.78062, 45.49303], [16.77986, 45.49343], [16.78017, 45.4935], [16.78016, 45.49374], [16.77974, 45.4939]]], [[[16.76754, 45.49538], [16.76757, 45.4955], [16.7688, 45.4952], [16.7685, 45.4947], [16.76754, 45.49493], [16.76754, 45.49538]]], [[[16.77838, 45.49736], [16.77909, 45.49749], [16.77943, 45.49797], [16.77976, 45.49787], [16.77945, 45.49607], [16.78016, 45.49442], [16.77963, 45.49432], [16.77892, 45.49601], [16.77794, 45.49589], [16.77797, 45.49716], [16.77773, 45.49754], [16.77724, 45.49773], [16.77735, 45.49857], [16.77701, 45.4991], [16.77818, 45.49916], [16.77931, 45.50084], [16.77831, 45.49902], [16.7784, 45.49885], [16.7779, 45.4987], [16.7776, 45.49834], [16.77771, 45.49769], [16.77838, 45.49736]]], [[[16.777, 45.49982], [16.77705, 45.49918], [16.77665, 45.50004], [16.77692, 45.50006], [16.777, 45.49982]]], [[[16.78109, 45.5002], [16.78043, 45.50062], [16.77971, 45.50154], [16.7798, 45.50234], [16.78083, 45.50258], [16.78094, 45.50241], [16.78117, 45.50246], [16.7809, 45.50503], [16.78235, 45.50699], [16.78268, 45.5079], [16.78288, 45.50731], [16.7843, 45.50749], [16.78433, 45.5076], [16.78303, 45.50784], [16.7833, 45.50871], [16.78294, 45.50877], [16.78363, 45.51014], [16.78453, 45.50977], [16.78464, 45.50987], [16.78541, 45.50944], [16.78546, 45.50964], [16.78495, 45.51011], [16.78548, 45.51063], [16.78513, 45.51085], [16.78536, 45.5111], [16.78435, 45.51175], [16.78393, 45.51237], [16.78293, 45.51254], [16.78301, 45.51292], [16.78186, 45.51363], [16.78164, 45.51349], [16.78125, 45.5137], [16.78109, 45.51362], [16.78053, 45.51418], [16.7802, 45.51424], [16.78087, 45.51484], [16.78056, 45.51503], [16.78108, 45.51592], [16.78154, 45.51599], [16.78123, 45.51686], [16.78155, 45.51699], [16.78141, 45.51716], [16.78185, 45.51719], [16.78184, 45.51674], [16.78155, 45.5167], [16.78175, 45.51636], [16.78151, 45.51574], [16.78159, 45.51501], [16.78102, 45.51483], [16.78115, 45.51437], [16.78255, 45.51372], [16.78317, 45.51419], [16.78418, 45.5138], [16.78393, 45.51334], [16.78493, 45.51308], [16.78538, 45.514], [16.78745, 45.5134], [16.78769, 45.51327], [16.78743, 45.51283], [16.78845, 45.51246], [16.78782, 45.51143], [16.78788, 45.511], [16.78709, 45.51048], [16.78558, 45.50988], [16.78599, 45.50959], [16.78543, 45.50888], [16.78484, 45.50896], [16.78426, 45.50857], [16.78427, 45.50785], [16.78503, 45.50771], [16.78475, 45.50674], [16.78318, 45.50458], [16.78275, 45.50314], [16.7825, 45.50312], [16.78258, 45.5029], [16.78237, 45.50288], [16.78219, 45.50251], [16.78122, 45.50222], [16.78133, 45.50192], [16.78098, 45.50181], [16.78128, 45.50101], [16.78117, 45.50073], [16.78158, 45.50061], [16.78122, 45.50046], [16.7812, 45.50024], [16.78163, 45.50019], [16.78157, 45.50003], [16.78109, 45.5002]]], [[[16.77633, 45.50056], [16.77602, 45.50125], [16.77529, 45.50238], [16.77586, 45.50237], [16.77604, 45.50202], [16.77652, 45.50204], [16.7767, 45.50118], [16.77631, 45.50078], [16.77652, 45.50033], [16.77633, 45.50056]]], [[[16.77412, 45.50331], [16.77397, 45.50361], [16.77334, 45.50412], [16.77368, 45.50414], [16.77466, 45.5035], [16.77409, 45.50312], [16.77412, 45.50331]]], [[[16.76975, 45.50647], [16.77053, 45.50609], [16.7704, 45.50591], [16.77077, 45.50578], [16.77131, 45.50591], [16.77135, 45.50518], [16.77021, 45.50562], [16.77031, 45.50573], [16.76966, 45.50613], [16.76975, 45.50647]]], [[[16.76906, 45.50698], [16.76846, 45.50717], [16.76876, 45.50769], [16.76952, 45.5073], [16.76932, 45.50706], [16.76944, 45.50684], [16.76906, 45.50698]]], [[[16.76954, 45.50809], [16.76914, 45.50784], [16.76823, 45.50867], [16.76912, 45.50902], [16.77019, 45.50814], [16.76993, 45.50794], [16.76954, 45.50809]]], [[[16.7742, 45.51022], [16.77351, 45.51134], [16.77278, 45.51192], [16.7729, 45.51261], [16.77265, 45.51367], [16.77088, 45.51734], [16.77175, 45.51722], [16.77281, 45.51733], [16.77381, 45.51698], [16.77567, 45.51681], [16.77566, 45.51655], [16.77384, 45.51658], [16.77367, 45.51615], [16.77386, 45.51615], [16.77386, 45.51583], [16.77322, 45.51578], [16.77467, 45.51542], [16.77463, 45.51527], [16.77431, 45.51528], [16.77446, 45.51504], [16.77412, 45.515], [16.77418, 45.51439], [16.77485, 45.51431], [16.77525, 45.51284], [16.77506, 45.51262], [16.77429, 45.51254], [16.77432, 45.51238], [16.7756, 45.51211], [16.77544, 45.51143], [16.776, 45.51151], [16.77669, 45.51018], [16.77585, 45.50984], [16.77435, 45.51003], [16.7742, 45.51022]]], [[[16.77658, 45.51711], [16.77861, 45.51744], [16.77872, 45.51662], [16.7785, 45.51661], [16.7785, 45.51626], [16.77775, 45.51651], [16.77735, 45.51634], [16.77656, 45.51644], [16.77658, 45.51711]]], [[[16.77685, 45.51775], [16.77612, 45.51757], [16.77592, 45.51807], [16.77764, 45.51808], [16.77767, 45.51829], [16.77857, 45.51856], [16.77971, 45.51937], [16.77921, 45.51977], [16.77967, 45.5205], [16.77894, 45.52048], [16.77935, 45.5215], [16.78007, 45.52178], [16.78105, 45.52167], [16.78092, 45.52204], [16.78047, 45.52214], [16.78064, 45.52295], [16.78029, 45.52295], [16.78008, 45.5234], [16.77853, 45.52325], [16.77859, 45.52297], [16.77838, 45.52295], [16.77802, 45.52308], [16.77682, 45.52445], [16.77803, 45.52439], [16.77894, 45.52521], [16.77904, 45.52437], [16.7796, 45.52452], [16.77978, 45.52425], [16.77943, 45.52414], [16.77959, 45.52382], [16.78006, 45.52393], [16.78114, 45.52307], [16.7809, 45.52295], [16.78175, 45.52174], [16.7813, 45.52176], [16.78092, 45.51985], [16.78043, 45.51983], [16.78066, 45.51907], [16.78112, 45.51908], [16.78125, 45.51871], [16.78089, 45.51866], [16.78094, 45.51846], [16.78136, 45.51846], [16.78151, 45.5181], [16.7808, 45.51798], [16.78086, 45.51772], [16.78167, 45.51772], [16.78006, 45.51749], [16.77856, 45.518], [16.77685, 45.51775]]], [[[16.77309, 45.51784], [16.77264, 45.51786], [16.7728, 45.5186], [16.77236, 45.51897], [16.77147, 45.51876], [16.77147, 45.51799], [16.77177, 45.51777], [16.77085, 45.51789], [16.77158, 45.51992], [16.77151, 45.52515], [16.76939, 45.5343], [16.77082, 45.53442], [16.77113, 45.53348], [16.77117, 45.53468], [16.77107, 45.53481], [16.7704, 45.53467], [16.7704, 45.53478], [16.77125, 45.53545], [16.77136, 45.53664], [16.77204, 45.5329], [16.77158, 45.53279], [16.77116, 45.5334], [16.77166, 45.53197], [16.77084, 45.53119], [16.77075, 45.5308], [16.77122, 45.53041], [16.7712, 45.5302], [16.77188, 45.53027], [16.77202, 45.53015], [16.77148, 45.52986], [16.7715, 45.52905], [16.77185, 45.52856], [16.77127, 45.52859], [16.77112, 45.52784], [16.77167, 45.52769], [16.77206, 45.52783], [16.77228, 45.52706], [16.77339, 45.52643], [16.77347, 45.5268], [16.77386, 45.5253], [16.77353, 45.52468], [16.77279, 45.52468], [16.77296, 45.52451], [16.77273, 45.52416], [16.77229, 45.52402], [16.7722, 45.52379], [16.7739, 45.52429], [16.7739, 45.52388], [16.77293, 45.52357], [16.77293, 45.52341], [16.7734, 45.52334], [16.77345, 45.52233], [16.7739, 45.52227], [16.77399, 45.52045], [16.77344, 45.52018], [16.77278, 45.52025], [16.77209, 45.52008], [16.77259, 45.51979], [16.7724, 45.51903], [16.77334, 45.51898], [16.77335, 45.51881], [16.77371, 45.51872], [16.77333, 45.51775], [16.77309, 45.51784]]], [[[16.76683, 45.51878], [16.76906, 45.5184], [16.76904, 45.51905], [16.76932, 45.5191], [16.76898, 45.51973], [16.77082, 45.52003], [16.77009, 45.51792], [16.76768, 45.51816], [16.76683, 45.51878]]], [[[16.77078, 45.52117], [16.77081, 45.52052], [16.7702, 45.5205], [16.77015, 45.5208], [16.7693, 45.52086], [16.76891, 45.52121], [16.76852, 45.5212], [16.76843, 45.52161], [16.76891, 45.52167], [16.7691, 45.52221], [16.76988, 45.52261], [16.76841, 45.52348], [16.76836, 45.52522], [16.76765, 45.52793], [16.76793, 45.52751], [16.76875, 45.52764], [16.76926, 45.52785], [16.76927, 45.52853], [16.76903, 45.52876], [16.76802, 45.52896], [16.76748, 45.52868], [16.76643, 45.53315], [16.76769, 45.53317], [16.76772, 45.53355], [16.7681, 45.53362], [16.76777, 45.53406], [16.76861, 45.53436], [16.77069, 45.52549], [16.77078, 45.52117]]], [[[16.77909, 45.52598], [16.77892, 45.52595], [16.779, 45.52617], [16.77918, 45.52615], [16.77909, 45.52598]]], [[[16.77671, 45.52615], [16.7771, 45.52723], [16.7773, 45.52704], [16.77822, 45.52734], [16.77853, 45.52808], [16.77899, 45.52829], [16.77951, 45.52758], [16.77925, 45.52639], [16.77899, 45.52659], [16.779, 45.52684], [16.77933, 45.52689], [16.77929, 45.5274], [16.77874, 45.5274], [16.77754, 45.5268], [16.77712, 45.52679], [16.77671, 45.52615]]], [[[16.77692, 45.52736], [16.77673, 45.52742], [16.77672, 45.52742], [16.77704, 45.52729], [16.77692, 45.52736]]], [[[16.77577, 45.53153], [16.77598, 45.53174], [16.77568, 45.53198], [16.77646, 45.53245], [16.77641, 45.53146], [16.77676, 45.52992], [16.77739, 45.52913], [16.778, 45.52884], [16.77723, 45.52848], [16.77699, 45.52891], [16.7763, 45.52857], [16.776, 45.52891], [16.77609, 45.52948], [16.7755, 45.52964], [16.77521, 45.53001], [16.7758, 45.53022], [16.77483, 45.53043], [16.7743, 45.53031], [16.77423, 45.53055], [16.77519, 45.53097], [16.77514, 45.53142], [16.77577, 45.53153]]], [[[16.77242, 45.53126], [16.77177, 45.531], [16.77102, 45.53093], [16.77084, 45.53107], [16.77179, 45.53184], [16.77232, 45.53169], [16.77242, 45.53126]]], [[[16.77798, 45.52948], [16.7775, 45.53008], [16.77715, 45.53172], [16.77753, 45.53417], [16.77874, 45.53424], [16.77978, 45.5347], [16.77994, 45.53392], [16.77974, 45.53302], [16.77944, 45.53262], [16.77869, 45.53295], [16.77825, 45.53251], [16.7795, 45.53209], [16.77884, 45.53163], [16.77961, 45.53141], [16.77977, 45.53066], [16.78145, 45.52966], [16.78252, 45.52824], [16.78656, 45.52811], [16.78678, 45.53056], [16.78852, 45.53309], [16.78882, 45.53421], [16.78848, 45.5363], [16.78864, 45.53935], [16.78918, 45.53909], [16.78934, 45.53867], [16.79083, 45.53922], [16.79033, 45.53919], [16.78948, 45.53961], [16.78953, 45.53987], [16.78865, 45.5399], [16.78866, 45.54036], [16.79036, 45.54017], [16.79027, 45.54035], [16.78866, 45.54048], [16.78863, 45.54092], [16.79, 45.54087], [16.79022, 45.54047], [16.79044, 45.5405], [16.79052, 45.54085], [16.79023, 45.54145], [16.791, 45.54093], [16.79084, 45.53638], [16.79117, 45.53404], [16.7908, 45.5326], [16.78908, 45.53019], [16.78888, 45.5291], [16.789, 45.52648], [16.78534, 45.52641], [16.78263, 45.52659], [16.78003, 45.52635], [16.78028, 45.52729], [16.78007, 45.52813], [16.77937, 45.52879], [16.77798, 45.52948]]], [[[16.77673, 45.53424], [16.7768, 45.53379], [16.77647, 45.53313], [16.77539, 45.53316], [16.77523, 45.53331], [16.77458, 45.53311], [16.77415, 45.53263], [16.77405, 45.53204], [16.77431, 45.53383], [16.77526, 45.53398], [16.77559, 45.53466], [16.77603, 45.53481], [16.77673, 45.53424]]], [[[16.76682, 45.53372], [16.7663, 45.53394], [16.76623, 45.53446], [16.76834, 45.53518], [16.76811, 45.53531], [16.76817, 45.53585], [16.76786, 45.5356], [16.76742, 45.53564], [16.76635, 45.53608], [16.76711, 45.53712], [16.76802, 45.53711], [16.76856, 45.53481], [16.76784, 45.53459], [16.76763, 45.53412], [16.76682, 45.53372]]], [[[16.77057, 45.53616], [16.77036, 45.53531], [16.77069, 45.53515], [16.77007, 45.53493], [16.77005, 45.53463], [16.76936, 45.53452], [16.7688, 45.5371], [16.77054, 45.53707], [16.77025, 45.53678], [16.77038, 45.53663], [16.77066, 45.53667], [16.77086, 45.5364], [16.77057, 45.53616]]], [[[16.78934, 45.47285], [16.78906, 45.47296], [16.78804, 45.47186], [16.78906, 45.47128], [16.78844, 45.47074], [16.78783, 45.47108], [16.78796, 45.47147], [16.78776, 45.4718], [16.7863, 45.47267], [16.78701, 45.47331], [16.78775, 45.47308], [16.78838, 45.47324], [16.78874, 45.4738], [16.78845, 45.47433], [16.79093, 45.47338], [16.78934, 45.47285]]], [[[16.78984, 45.4747], [16.7908, 45.47538], [16.79089, 45.47534], [16.78977, 45.47445], [16.78947, 45.47456], [16.78984, 45.4747]]], [[[16.78756, 45.47534], [16.78752, 45.47529], [16.78722, 45.47541], [16.78724, 45.47543], [16.78756, 45.47534]]], [[[16.7818, 45.476], [16.78169, 45.47602], [16.78183, 45.47622], [16.78193, 45.47619], [16.7818, 45.476]]], [[[16.78909, 45.47704], [16.78869, 45.47707], [16.78944, 45.47762], [16.78999, 45.47759], [16.79059, 45.47783], [16.79136, 45.4775], [16.79048, 45.4775], [16.78989, 45.47684], [16.78909, 45.47704]]], [[[16.78923, 45.47758], [16.78929, 45.47759], [16.78914, 45.47753], [16.78916, 45.47758], [16.78923, 45.47758]]], [[[16.7869, 45.47791], [16.78731, 45.47796], [16.78733, 45.47767], [16.78697, 45.47763], [16.7864, 45.4779], [16.7869, 45.47791]]], [[[16.78441, 45.47805], [16.78475, 45.47793], [16.78473, 45.47791], [16.78414, 45.47796], [16.78441, 45.47805]]], [[[16.78437, 45.47838], [16.78461, 45.47859], [16.78483, 45.479], [16.78516, 45.47879], [16.78479, 45.47825], [16.78426, 45.47827], [16.78437, 45.47838]]], [[[16.78944, 45.47975], [16.78904, 45.47997], [16.78812, 45.48006], [16.78833, 45.4803], [16.78901, 45.48004], [16.7896, 45.4801], [16.7901, 45.48054], [16.79018, 45.48097], [16.78871, 45.48202], [16.78857, 45.48275], [16.78809, 45.48306], [16.78895, 45.48469], [16.79012, 45.48546], [16.79273, 45.48441], [16.7925, 45.48411], [16.79187, 45.48394], [16.79211, 45.48342], [16.79196, 45.48322], [16.79132, 45.48346], [16.79175, 45.48321], [16.7916, 45.48303], [16.7912, 45.48321], [16.79101, 45.48292], [16.78959, 45.48368], [16.78948, 45.48356], [16.79136, 45.48239], [16.79093, 45.48236], [16.7912, 45.48194], [16.791, 45.48172], [16.79065, 45.48187], [16.79079, 45.48127], [16.79054, 45.48099], [16.7903, 45.48107], [16.79049, 45.48091], [16.78944, 45.47975]]], [[[16.78293, 45.48368], [16.78344, 45.48489], [16.78303, 45.48595], [16.7839, 45.48546], [16.78389, 45.4847], [16.78255, 45.48281], [16.78307, 45.48363], [16.78293, 45.48368]]], [[[16.78152, 45.48287], [16.78168, 45.48289], [16.7816, 45.48285], [16.78152, 45.48287]]], [[[16.78942, 45.48775], [16.78887, 45.48829], [16.78968, 45.48898], [16.79055, 45.48906], [16.79064, 45.48854], [16.79174, 45.48855], [16.7928, 45.48826], [16.792, 45.48827], [16.79118, 45.48788], [16.79093, 45.48799], [16.79053, 45.48784], [16.79086, 45.48764], [16.79057, 45.48728], [16.78811, 45.48592], [16.78798, 45.48567], [16.78745, 45.48544], [16.78706, 45.48483], [16.7871, 45.48552], [16.78786, 45.48628], [16.78752, 45.48671], [16.78942, 45.48775]]], [[[16.78271, 45.48702], [16.78244, 45.48683], [16.7819, 45.48687], [16.7823, 45.48819], [16.78314, 45.48785], [16.78386, 45.48794], [16.78366, 45.4874], [16.78271, 45.48702]]], [[[16.7844, 45.48721], [16.78465, 45.48775], [16.78459, 45.48834], [16.78484, 45.48827], [16.78512, 45.4887], [16.7855, 45.48856], [16.7844, 45.48721]]], [[[16.78358, 45.4895], [16.78397, 45.48889], [16.78317, 45.48902], [16.78274, 45.48962], [16.78292, 45.49034], [16.78315, 45.49033], [16.78358, 45.4895]]], [[[16.78511, 45.49065], [16.78491, 45.48965], [16.78522, 45.48941], [16.78559, 45.48951], [16.78568, 45.48983], [16.78749, 45.49042], [16.7882, 45.49028], [16.78755, 45.48964], [16.78475, 45.48906], [16.78395, 45.4902], [16.78403, 45.49099], [16.78462, 45.49098], [16.78511, 45.49065]]], [[[16.78539, 45.49146], [16.78531, 45.49129], [16.78529, 45.49131], [16.78539, 45.49146]]], [[[16.78281, 45.49166], [16.78291, 45.49233], [16.78295, 45.49371], [16.78387, 45.49335], [16.78318, 45.49236], [16.78313, 45.49163], [16.78281, 45.49166]]], [[[16.78602, 45.49181], [16.78552, 45.4917], [16.7853, 45.49168], [16.78574, 45.49193], [16.78602, 45.49181]]], [[[16.78398, 45.49228], [16.78393, 45.49207], [16.78388, 45.49207], [16.78391, 45.49219], [16.78398, 45.49228]]], [[[16.78703, 45.49345], [16.78473, 45.49205], [16.78493, 45.49284], [16.78476, 45.49339], [16.7852, 45.49338], [16.78541, 45.49386], [16.78468, 45.49405], [16.7844, 45.49383], [16.78365, 45.494], [16.78345, 45.49429], [16.78421, 45.49431], [16.78485, 45.49474], [16.787, 45.49446], [16.78682, 45.49379], [16.78731, 45.49375], [16.78703, 45.49345]]], [[[16.79014, 45.49281], [16.78627, 45.49187], [16.78641, 45.4922], [16.78626, 45.49226], [16.7867, 45.49262], [16.78788, 45.49311], [16.78831, 45.49373], [16.78828, 45.49441], [16.78895, 45.49526], [16.7899, 45.49562], [16.79016, 45.49566], [16.79021, 45.4955], [16.79158, 45.49586], [16.79372, 45.49597], [16.79383, 45.4953], [16.79308, 45.49506], [16.79313, 45.49472], [16.79255, 45.49476], [16.7925, 45.49501], [16.79049, 45.49511], [16.79032, 45.49485], [16.78893, 45.49523], [16.78887, 45.4951], [16.78945, 45.4948], [16.78936, 45.49452], [16.78857, 45.4942], [16.78889, 45.49368], [16.78828, 45.49294], [16.78864, 45.49278], [16.79055, 45.49358], [16.79014, 45.49281]]], [[[16.78449, 45.49557], [16.78425, 45.49574], [16.78453, 45.49593], [16.78449, 45.49557]]], [[[16.78354, 45.49676], [16.78409, 45.49638], [16.78344, 45.49581], [16.78413, 45.49494], [16.78312, 45.4948], [16.78295, 45.49516], [16.7832, 45.49553], [16.78313, 45.49644], [16.78324, 45.49686], [16.78354, 45.49676]]], [[[16.79082, 45.49628], [16.79056, 45.49625], [16.79055, 45.49679], [16.79101, 45.4968], [16.79104, 45.49711], [16.79178, 45.49709], [16.79132, 45.49706], [16.79136, 45.49638], [16.79082, 45.49628]]], [[[16.78403, 45.49736], [16.78403, 45.49736], [16.78401, 45.49736], [16.78403, 45.49736]]], [[[16.78344, 45.4974], [16.7833, 45.4974], [16.78327, 45.49749], [16.78337, 45.49743], [16.78344, 45.4974]]], [[[16.78736, 45.49955], [16.78776, 45.49928], [16.78848, 45.49956], [16.7892, 45.49923], [16.78797, 45.49815], [16.78827, 45.49801], [16.78804, 45.49781], [16.7889, 45.49745], [16.78852, 45.49715], [16.78693, 45.49752], [16.78641, 45.49699], [16.78609, 45.49699], [16.78607, 45.49679], [16.78682, 45.49637], [16.78707, 45.49642], [16.7875, 45.49705], [16.78858, 45.49684], [16.78953, 45.49767], [16.79032, 45.49749], [16.78915, 45.49689], [16.78873, 45.49618], [16.78817, 45.49647], [16.78757, 45.49583], [16.78623, 45.496], [16.78607, 45.49576], [16.78553, 45.4959], [16.78566, 45.49619], [16.78504, 45.4964], [16.78469, 45.49681], [16.786, 45.49799], [16.78647, 45.49763], [16.78702, 45.49761], [16.78836, 45.49853], [16.78842, 45.49881], [16.78788, 45.49894], [16.78678, 45.49818], [16.78638, 45.4985], [16.78583, 45.49853], [16.78472, 45.49766], [16.78394, 45.49877], [16.78471, 45.49927], [16.78476, 45.49955], [16.78415, 45.49969], [16.78357, 45.49926], [16.78322, 45.49945], [16.78333, 45.49997], [16.78499, 45.49979], [16.78557, 45.49948], [16.7858, 45.49886], [16.78602, 45.4988], [16.78736, 45.49955]]], [[[16.78335, 45.49838], [16.78357, 45.4981], [16.78313, 45.49786], [16.78286, 45.49863], [16.78316, 45.49868], [16.78335, 45.49838]]], [[[16.78247, 45.49928], [16.78258, 45.49913], [16.78236, 45.49911], [16.7823, 45.49927], [16.78247, 45.49928]]], [[[16.78248, 45.49962], [16.78225, 45.49963], [16.78232, 45.49992], [16.78255, 45.49991], [16.78248, 45.49962]]], [[[16.78252, 45.50038], [16.78254, 45.50011], [16.78239, 45.50012], [16.78252, 45.50038]]], [[[16.78302, 45.50169], [16.783, 45.50168], [16.78304, 45.50178], [16.7831, 45.50171], [16.78302, 45.50169]]], [[[16.78381, 45.50277], [16.78365, 45.50279], [16.78377, 45.50307], [16.78395, 45.50291], [16.78381, 45.50277]]], [[[16.78443, 45.50335], [16.78429, 45.5035], [16.78427, 45.50358], [16.78444, 45.50335], [16.78443, 45.50335]]], [[[16.7902, 45.50391], [16.78996, 45.504], [16.79011, 45.5041], [16.79073, 45.50376], [16.7902, 45.50391]]], [[[16.78548, 45.50394], [16.78476, 45.50419], [16.78436, 45.50401], [16.78427, 45.50361], [16.78444, 45.50462], [16.78465, 45.50494], [16.78575, 45.50547], [16.78571, 45.50522], [16.78686, 45.50525], [16.78716, 45.50466], [16.78607, 45.50392], [16.78548, 45.50394]]], [[[16.78569, 45.50669], [16.78527, 45.50604], [16.78577, 45.50756], [16.78664, 45.50739], [16.78569, 45.50669]]], [[[16.79027, 45.5075], [16.79073, 45.50719], [16.7912, 45.50732], [16.7908, 45.50787], [16.79028, 45.50785], [16.79023, 45.50887], [16.79129, 45.50881], [16.7913, 45.50921], [16.79027, 45.50938], [16.79007, 45.51037], [16.79024, 45.51112], [16.79317, 45.51207], [16.79286, 45.51144], [16.79372, 45.51109], [16.79422, 45.51153], [16.79522, 45.5112], [16.79547, 45.5105], [16.79619, 45.50966], [16.79534, 45.50977], [16.79535, 45.50959], [16.79602, 45.50919], [16.7959, 45.50898], [16.79693, 45.50761], [16.7965, 45.50752], [16.79607, 45.50815], [16.79557, 45.5082], [16.7953, 45.50853], [16.79405, 45.50893], [16.7932, 45.51002], [16.79282, 45.51012], [16.79257, 45.51004], [16.79231, 45.50852], [16.79287, 45.50775], [16.79429, 45.50777], [16.79472, 45.50744], [16.79447, 45.50732], [16.79458, 45.50719], [16.79513, 45.50735], [16.79552, 45.50611], [16.7962, 45.50619], [16.79616, 45.50644], [16.79714, 45.50653], [16.79702, 45.5068], [16.79778, 45.50722], [16.79811, 45.50686], [16.79863, 45.50701], [16.79874, 45.5069], [16.79978, 45.50737], [16.80007, 45.50724], [16.79858, 45.50638], [16.79602, 45.50566], [16.79397, 45.50613], [16.79225, 45.50581], [16.79167, 45.50586], [16.79159, 45.50638], [16.79089, 45.507], [16.79031, 45.50723], [16.79027, 45.5075]]], [[[16.7863, 45.50789], [16.78618, 45.50787], [16.78624, 45.50804], [16.78627, 45.50794], [16.7863, 45.50789]]], [[[16.78934, 45.50739], [16.78899, 45.50744], [16.78864, 45.50812], [16.78807, 45.50813], [16.78773, 45.50842], [16.78708, 45.50797], [16.78701, 45.5081], [16.78755, 45.50893], [16.78857, 45.5091], [16.78909, 45.50977], [16.78944, 45.5094], [16.78889, 45.50888], [16.7888, 45.50832], [16.78934, 45.50739]]], [[[16.78663, 45.50874], [16.78658, 45.50868], [16.78639, 45.50843], [16.78645, 45.50857], [16.78677, 45.50887], [16.78663, 45.50874]]], [[[16.78751, 45.50952], [16.78782, 45.50978], [16.788, 45.51005], [16.78811, 45.50955], [16.78751, 45.50952]]], [[[16.78801, 45.51018], [16.788, 45.51014], [16.78794, 45.51018], [16.78802, 45.51023], [16.78801, 45.51018]]], [[[16.78935, 45.51009], [16.78936, 45.51007], [16.78877, 45.51006], [16.78931, 45.51043], [16.78935, 45.51009]]], [[[16.78964, 45.51159], [16.79002, 45.51175], [16.79042, 45.51178], [16.78958, 45.51149], [16.78964, 45.51159]]], [[[16.79019, 45.51231], [16.78997, 45.51229], [16.79022, 45.51307], [16.7906, 45.51237], [16.79019, 45.51231]]], [[[16.79111, 45.51382], [16.79116, 45.51461], [16.79202, 45.51546], [16.79176, 45.51641], [16.79209, 45.51738], [16.79154, 45.51858], [16.79198, 45.51872], [16.79202, 45.51925], [16.79237, 45.51954], [16.79241, 45.52079], [16.79303, 45.52089], [16.79339, 45.52165], [16.79328, 45.52196], [16.79292, 45.52213], [16.79291, 45.52248], [16.79334, 45.52273], [16.79339, 45.5231], [16.79257, 45.52357], [16.79251, 45.52432], [16.79186, 45.5246], [16.79161, 45.52544], [16.79205, 45.52598], [16.79187, 45.52624], [16.79127, 45.52639], [16.79147, 45.52725], [16.79224, 45.52821], [16.79237, 45.52909], [16.79198, 45.52945], [16.79222, 45.53009], [16.79176, 45.53129], [16.79197, 45.53172], [16.79249, 45.53172], [16.79276, 45.53191], [16.79269, 45.53279], [16.79347, 45.53315], [16.794, 45.53459], [16.79352, 45.5353], [16.79411, 45.53558], [16.79406, 45.53616], [16.79474, 45.53678], [16.79464, 45.53756], [16.79361, 45.53887], [16.79429, 45.53888], [16.79432, 45.53959], [16.79365, 45.53987], [16.79372, 45.54002], [16.79436, 45.53981], [16.79444, 45.54033], [16.79345, 45.54034], [16.79383, 45.54082], [16.7936, 45.54141], [16.79421, 45.54185], [16.79465, 45.54305], [16.79509, 45.54336], [16.79561, 45.54326], [16.79537, 45.54286], [16.79474, 45.54287], [16.79524, 45.54275], [16.79547, 45.54242], [16.79507, 45.5413], [16.79484, 45.54133], [16.79462, 45.54078], [16.79448, 45.53974], [16.79494, 45.53977], [16.79488, 45.53958], [16.79557, 45.53945], [16.79561, 45.5397], [16.79594, 45.53976], [16.79493, 45.54031], [16.79579, 45.54234], [16.79706, 45.54205], [16.79632, 45.54023], [16.79573, 45.54021], [16.79574, 45.54006], [16.79634, 45.54003], [16.79613, 45.53955], [16.79631, 45.53922], [16.79445, 45.53955], [16.79445, 45.53886], [16.79524, 45.53876], [16.79494, 45.53785], [16.7956, 45.53739], [16.79557, 45.53713], [16.795, 45.53715], [16.79491, 45.53658], [16.79581, 45.53604], [16.79716, 45.53609], [16.79587, 45.53592], [16.79563, 45.53506], [16.7966, 45.53479], [16.7966, 45.53436], [16.79595, 45.53257], [16.79472, 45.53067], [16.79498, 45.52914], [16.79483, 45.52795], [16.79443, 45.52717], [16.7942, 45.52724], [16.7941, 45.52702], [16.7946, 45.52638], [16.79432, 45.52593], [16.79458, 45.52561], [16.79318, 45.52481], [16.79499, 45.52492], [16.796, 45.52328], [16.7959, 45.52106], [16.79505, 45.51972], [16.79463, 45.51858], [16.79654, 45.51929], [16.79905, 45.51982], [16.80102, 45.5209], [16.80131, 45.52132], [16.80229, 45.5213], [16.80311, 45.52091], [16.80324, 45.52117], [16.80133, 45.52186], [16.8019, 45.52332], [16.80213, 45.52334], [16.80204, 45.5238], [16.80266, 45.52452], [16.80279, 45.52501], [16.80241, 45.52518], [16.80251, 45.5255], [16.80207, 45.52553], [16.80198, 45.52529], [16.80141, 45.52514], [16.80115, 45.52488], [16.80006, 45.52616], [16.8005, 45.52604], [16.80067, 45.52625], [16.79985, 45.5267], [16.7998, 45.52789], [16.80215, 45.52711], [16.80357, 45.52518], [16.80353, 45.52454], [16.80312, 45.52459], [16.80311, 45.52432], [16.80358, 45.52422], [16.80348, 45.5225], [16.80377, 45.52217], [16.8037, 45.52102], [16.80129, 45.51905], [16.79706, 45.51795], [16.79495, 45.5167], [16.7936, 45.51459], [16.79346, 45.51382], [16.79426, 45.51376], [16.79348, 45.51282], [16.79123, 45.51203], [16.79136, 45.51242], [16.79096, 45.51322], [16.79111, 45.51382]]], [[[16.78472, 45.51511], [16.7848, 45.51552], [16.78511, 45.51551], [16.78486, 45.51453], [16.78441, 45.51455], [16.78472, 45.51511]]], [[[16.79079, 45.51547], [16.7909, 45.51586], [16.79112, 45.51586], [16.79124, 45.5155], [16.79105, 45.51536], [16.79079, 45.51547]]], [[[16.78976, 45.5161], [16.78977, 45.51538], [16.78917, 45.51419], [16.78845, 45.5142], [16.78798, 45.5138], [16.78583, 45.51445], [16.78753, 45.51449], [16.78879, 45.5155], [16.78814, 45.51593], [16.78776, 45.51589], [16.78773, 45.51603], [16.78803, 45.5161], [16.7876, 45.51629], [16.78649, 45.51613], [16.78594, 45.51639], [16.78592, 45.51659], [16.78639, 45.51679], [16.78773, 45.51713], [16.78753, 45.51943], [16.78813, 45.51986], [16.78811, 45.52006], [16.78744, 45.52006], [16.78624, 45.52424], [16.78371, 45.52434], [16.78488, 45.52284], [16.78513, 45.52165], [16.78461, 45.52051], [16.7832, 45.52051], [16.7825, 45.52018], [16.78258, 45.51972], [16.78328, 45.5197], [16.78361, 45.51934], [16.78388, 45.51937], [16.78407, 45.51875], [16.78365, 45.51861], [16.78333, 45.51814], [16.78357, 45.51779], [16.78426, 45.51765], [16.78432, 45.51729], [16.78381, 45.51712], [16.78356, 45.51596], [16.78282, 45.51571], [16.78323, 45.5155], [16.78318, 45.51487], [16.78238, 45.51555], [16.78278, 45.51687], [16.7836, 45.51707], [16.78351, 45.5177], [16.78265, 45.51764], [16.78259, 45.51737], [16.78224, 45.51938], [16.78185, 45.51935], [16.78187, 45.51959], [16.7819, 45.51972], [16.78242, 45.51971], [16.78248, 45.52008], [16.78202, 45.52008], [16.7821, 45.52034], [16.78231, 45.52034], [16.7825, 45.5211], [16.78278, 45.52106], [16.78288, 45.52152], [16.78356, 45.52177], [16.78288, 45.52304], [16.78222, 45.52291], [16.78201, 45.52316], [16.78239, 45.52322], [16.78196, 45.52407], [16.78108, 45.5239], [16.78019, 45.52544], [16.7797, 45.52547], [16.77982, 45.5258], [16.78269, 45.52605], [16.7853, 45.52588], [16.78896, 45.52594], [16.78855, 45.52468], [16.78907, 45.52272], [16.78874, 45.5227], [16.78885, 45.52125], [16.7891, 45.52128], [16.78935, 45.52062], [16.78952, 45.52064], [16.7897, 45.51957], [16.78989, 45.51954], [16.78994, 45.51892], [16.78958, 45.51889], [16.78967, 45.51792], [16.78925, 45.51791], [16.78924, 45.51766], [16.79005, 45.51764], [16.78993, 45.51693], [16.78947, 45.5169], [16.78976, 45.5161]]], [[[16.79127, 45.51706], [16.79122, 45.51699], [16.7912, 45.51754], [16.79133, 45.51731], [16.79127, 45.51706]]], [[[16.79102, 45.5179], [16.7908, 45.51791], [16.79069, 45.51915], [16.79091, 45.51915], [16.79086, 45.51972], [16.79064, 45.51975], [16.79022, 45.52146], [16.79092, 45.52155], [16.79092, 45.5222], [16.79018, 45.52229], [16.79012, 45.52272], [16.78985, 45.52274], [16.78932, 45.52468], [16.78977, 45.52599], [16.78965, 45.52907], [16.78983, 45.53006], [16.79152, 45.53241], [16.79194, 45.53399], [16.79161, 45.53641], [16.7918, 45.54048], [16.79147, 45.54529], [16.79175, 45.54574], [16.79476, 45.54569], [16.79513, 45.54531], [16.79437, 45.54476], [16.794, 45.54411], [16.79398, 45.54381], [16.79429, 45.54357], [16.79387, 45.54321], [16.79353, 45.54211], [16.79289, 45.54162], [16.79278, 45.54133], [16.79306, 45.5409], [16.79248, 45.54052], [16.79256, 45.54011], [16.79222, 45.53974], [16.79389, 45.53743], [16.79399, 45.53696], [16.79329, 45.5363], [16.79337, 45.53583], [16.79291, 45.53573], [16.79266, 45.53544], [16.79321, 45.53456], [16.79273, 45.53337], [16.79199, 45.53305], [16.79182, 45.5323], [16.7912, 45.53184], [16.79099, 45.53118], [16.79119, 45.53076], [16.79075, 45.53036], [16.79135, 45.52986], [16.79117, 45.52933], [16.79157, 45.529], [16.79149, 45.52835], [16.79073, 45.5274], [16.79055, 45.52613], [16.79098, 45.52576], [16.79085, 45.52534], [16.79117, 45.52434], [16.79185, 45.52403], [16.79183, 45.52336], [16.79256, 45.52296], [16.79218, 45.52268], [16.79206, 45.52211], [16.79223, 45.52172], [16.79261, 45.52162], [16.79165, 45.52112], [16.79128, 45.5202], [16.79159, 45.51974], [16.79113, 45.5196], [16.79127, 45.5191], [16.79076, 45.51872], [16.79102, 45.5179]]], [[[16.79088, 45.54276], [16.79099, 45.54109], [16.78997, 45.54183], [16.78997, 45.54204], [16.78979, 45.54189], [16.78905, 45.54268], [16.78936, 45.54289], [16.7903, 45.54257], [16.7893, 45.54308], [16.78964, 45.54336], [16.78906, 45.54315], [16.78848, 45.54355], [16.78825, 45.54464], [16.78842, 45.54579], [16.79092, 45.54575], [16.79062, 45.54464], [16.79088, 45.54276]]], [[[16.80526, 45.4063], [16.80509, 45.40636], [16.80509, 45.40637], [16.80525, 45.40631], [16.80526, 45.4063]]], [[[16.80042, 45.4314], [16.79967, 45.43012], [16.79897, 45.43048], [16.79828, 45.43049], [16.79701, 45.42934], [16.79609, 45.42941], [16.79686, 45.42994], [16.79689, 45.43078], [16.79961, 45.43185], [16.80275, 45.4324], [16.80259, 45.43198], [16.80317, 45.43154], [16.80263, 45.43147], [16.80137, 45.43168], [16.80042, 45.4314]]], [[[16.79332, 45.43707], [16.7946, 45.43728], [16.7949, 45.43705], [16.79478, 45.43699], [16.79332, 45.43707]]], [[[16.79873, 45.44709], [16.79517, 45.44739], [16.79591, 45.44857], [16.79828, 45.44824], [16.79854, 45.44862], [16.79957, 45.4485], [16.79961, 45.44819], [16.80122, 45.44806], [16.80198, 45.44832], [16.80453, 45.44786], [16.80695, 45.44729], [16.80822, 45.44695], [16.81171, 45.44586], [16.81477, 45.44467], [16.81848, 45.44292], [16.81689, 45.44142], [16.81797, 45.44288], [16.80887, 45.4461], [16.80502, 45.44716], [16.80412, 45.44621], [16.8009, 45.44679], [16.80126, 45.44762], [16.7995, 45.44794], [16.79873, 45.44709]], [[16.80557, 45.44761], [16.80368, 45.44788], [16.80511, 45.44759], [16.80541, 45.44736], [16.81195, 45.44538], [16.81673, 45.44372], [16.81118, 45.446], [16.80557, 45.44761]]], [[[16.80063, 45.44854], [16.80175, 45.44836], [16.79889, 45.44875], [16.79967, 45.44866], [16.80063, 45.44854]]], [[[16.8016, 45.4609], [16.80482, 45.45992], [16.80514, 45.46024], [16.8069, 45.45991], [16.81026, 45.45866], [16.81073, 45.45876], [16.81063, 45.45913], [16.80623, 45.46088], [16.80793, 45.46319], [16.80597, 45.46391], [16.80723, 45.4665], [16.81703, 45.46278], [16.82602, 45.45998], [16.83091, 45.45897], [16.83599, 45.45815], [16.83588, 45.45739], [16.83665, 45.45699], [16.83571, 45.45651], [16.8354, 45.45574], [16.83562, 45.45523], [16.83537, 45.45491], [16.83542, 45.45451], [16.83592, 45.454], [16.83577, 45.45377], [16.83492, 45.45367], [16.83452, 45.45306], [16.83298, 45.45215], [16.83274, 45.45173], [16.83295, 45.45112], [16.82979, 45.45146], [16.81398, 45.4561], [16.80134, 45.461], [16.8016, 45.4609]], [[16.82539, 45.45838], [16.81604, 45.46127], [16.80999, 45.46355], [16.80915, 45.46158], [16.81195, 45.46051], [16.81254, 45.46012], [16.81311, 45.45927], [16.81304, 45.45835], [16.815, 45.45759], [16.82913, 45.45337], [16.83117, 45.45508], [16.83156, 45.45715], [16.82539, 45.45838]]], [[[16.79717, 45.46289], [16.79766, 45.4625], [16.79391, 45.4641], [16.79595, 45.46348], [16.79717, 45.46289]]], [[[16.80435, 45.46822], [16.79912, 45.47023], [16.79923, 45.47046], [16.80028, 45.47131], [16.80135, 45.4715], [16.8018, 45.47199], [16.80281, 45.4722], [16.80369, 45.47262], [16.80486, 45.4729], [16.80648, 45.47267], [16.80747, 45.47358], [16.8083, 45.47327], [16.80889, 45.47332], [16.80939, 45.47378], [16.80917, 45.47428], [16.80987, 45.47475], [16.81104, 45.47501], [16.81147, 45.47563], [16.81225, 45.47512], [16.81233, 45.47546], [16.81399, 45.47476], [16.8133, 45.4736], [16.81312, 45.47366], [16.81298, 45.47346], [16.81328, 45.47313], [16.8138, 45.47315], [16.81458, 45.47413], [16.81486, 45.47421], [16.81523, 45.47397], [16.81514, 45.47385], [16.81594, 45.47346], [16.81616, 45.47302], [16.81626, 45.47317], [16.81677, 45.47288], [16.8166, 45.47273], [16.81514, 45.47327], [16.81474, 45.47311], [16.81485, 45.4728], [16.8162, 45.47227], [16.81569, 45.47154], [16.81585, 45.47126], [16.81628, 45.47126], [16.81682, 45.47157], [16.81683, 45.47182], [16.81707, 45.47177], [16.81717, 45.47199], [16.81691, 45.47204], [16.81751, 45.47265], [16.81878, 45.47169], [16.81968, 45.47132], [16.81942, 45.47136], [16.81923, 45.47112], [16.8195, 45.47105], [16.81941, 45.47088], [16.81995, 45.47077], [16.82016, 45.47111], [16.82027, 45.47084], [16.82074, 45.47088], [16.82053, 45.47051], [16.82087, 45.47039], [16.82125, 45.47071], [16.8215, 45.47064], [16.82124, 45.4705], [16.8221, 45.47017], [16.82223, 45.47033], [16.82272, 45.4701], [16.82281, 45.47027], [16.82307, 45.4702], [16.8229, 45.46991], [16.82379, 45.46967], [16.82374, 45.46938], [16.82388, 45.46963], [16.82412, 45.46928], [16.82395, 45.469], [16.8242, 45.46894], [16.82448, 45.46912], [16.82492, 45.46872], [16.82472, 45.46866], [16.82495, 45.46847], [16.82482, 45.46825], [16.82532, 45.46799], [16.82515, 45.46783], [16.82551, 45.46796], [16.82544, 45.46747], [16.8261, 45.46712], [16.82591, 45.46678], [16.82623, 45.46668], [16.82638, 45.46682], [16.82617, 45.46722], [16.82647, 45.4671], [16.8267, 45.46648], [16.8273, 45.46595], [16.82709, 45.46477], [16.82745, 45.46312], [16.82518, 45.46481], [16.82444, 45.46608], [16.82319, 45.46757], [16.82183, 45.46876], [16.81999, 45.46927], [16.818, 45.47012], [16.81658, 45.46959], [16.815, 45.46971], [16.81378, 45.47043], [16.81333, 45.47141], [16.81239, 45.47158], [16.81089, 45.47071], [16.80708, 45.46973], [16.80759, 45.46885], [16.81841, 45.46476], [16.82796, 45.46187], [16.82816, 45.46139], [16.82876, 45.46131], [16.8289, 45.46168], [16.83206, 45.46103], [16.83209, 45.46128], [16.82978, 45.46195], [16.82867, 45.46249], [16.82909, 45.46344], [16.83091, 45.46505], [16.83159, 45.46463], [16.83274, 45.46426], [16.83326, 45.46428], [16.83363, 45.4645], [16.83401, 45.46393], [16.83491, 45.46374], [16.83729, 45.46228], [16.83718, 45.46195], [16.83634, 45.46131], [16.8362, 45.4604], [16.83644, 45.46], [16.8361, 45.45868], [16.8311, 45.45949], [16.8263, 45.46048], [16.82159, 45.46187], [16.81577, 45.46384], [16.80435, 45.46822]]], [[[16.79512, 45.47087], [16.79526, 45.471], [16.7977, 45.47005], [16.79731, 45.46955], [16.79701, 45.46949], [16.7949, 45.47073], [16.79512, 45.47087]]], [[[16.79407, 45.47318], [16.79424, 45.47336], [16.79577, 45.47226], [16.79537, 45.4721], [16.79362, 45.47314], [16.79375, 45.47331], [16.79407, 45.47318]]], [[[16.79872, 45.47343], [16.79828, 45.47313], [16.79823, 45.47271], [16.79745, 45.47269], [16.79689, 45.47213], [16.79636, 45.47234], [16.79587, 45.47229], [16.79388, 45.4737], [16.79439, 45.47408], [16.7928, 45.47409], [16.79311, 45.47429], [16.7947, 45.47429], [16.79714, 45.47623], [16.79764, 45.47686], [16.7969, 45.47626], [16.79682, 45.47644], [16.79643, 45.47641], [16.79582, 45.47669], [16.79622, 45.47734], [16.7969, 45.47777], [16.79726, 45.4785], [16.79697, 45.47901], [16.79717, 45.47909], [16.79745, 45.47867], [16.79809, 45.47853], [16.79869, 45.4788], [16.79877, 45.47926], [16.80241, 45.47944], [16.80562, 45.47744], [16.80561, 45.47722], [16.8063, 45.47712], [16.80715, 45.47643], [16.80767, 45.47633], [16.80707, 45.47605], [16.80616, 45.47517], [16.8053, 45.47487], [16.80473, 45.47438], [16.80382, 45.47417], [16.80299, 45.47422], [16.80221, 45.47371], [16.80168, 45.47427], [16.80103, 45.47438], [16.79965, 45.47397], [16.79914, 45.47347], [16.79872, 45.47343]], [[16.80269, 45.47719], [16.80294, 45.47733], [16.80255, 45.47763], [16.80228, 45.47727], [16.80269, 45.47719]]], [[[16.79097, 45.4753], [16.7911, 45.47524], [16.79141, 45.47507], [16.79098, 45.47515], [16.79097, 45.4753]]], [[[16.79545, 45.47584], [16.79565, 45.47595], [16.79594, 45.47583], [16.79533, 45.47547], [16.79518, 45.47555], [16.79545, 45.47584]]], [[[16.79223, 45.47703], [16.79221, 45.47702], [16.792, 45.47724], [16.79216, 45.47721], [16.79223, 45.47703]]], [[[16.79647, 45.47854], [16.79645, 45.47853], [16.79644, 45.47853], [16.79647, 45.47854]]], [[[16.80848, 45.48089], [16.80731, 45.48014], [16.80694, 45.48025], [16.80662, 45.4798], [16.80686, 45.47952], [16.80572, 45.47901], [16.80488, 45.4791], [16.80461, 45.4793], [16.80478, 45.47944], [16.80353, 45.48005], [16.80407, 45.48105], [16.8037, 45.48117], [16.80409, 45.48175], [16.80465, 45.48154], [16.80493, 45.48216], [16.80454, 45.4824], [16.8049, 45.48257], [16.8052, 45.48368], [16.80441, 45.48377], [16.80408, 45.48362], [16.80379, 45.48256], [16.80326, 45.48225], [16.80226, 45.48043], [16.80127, 45.48051], [16.80237, 45.48341], [16.80255, 45.48338], [16.80287, 45.48414], [16.80236, 45.48416], [16.8033, 45.48573], [16.80376, 45.48433], [16.8041, 45.4843], [16.80511, 45.48464], [16.8054, 45.48356], [16.80597, 45.48346], [16.80642, 45.48284], [16.80666, 45.4823], [16.80612, 45.48224], [16.80572, 45.48142], [16.80594, 45.48079], [16.8074, 45.48164], [16.80791, 45.48132], [16.8072, 45.48032], [16.80788, 45.48058], [16.80781, 45.48072], [16.80836, 45.48127], [16.80936, 45.48199], [16.80975, 45.4818], [16.8096, 45.48209], [16.80981, 45.48246], [16.80885, 45.48246], [16.80833, 45.48291], [16.80928, 45.484], [16.8095, 45.48397], [16.80968, 45.48446], [16.80895, 45.48464], [16.8092, 45.48522], [16.80961, 45.48522], [16.80958, 45.48569], [16.81041, 45.48573], [16.81102, 45.48434], [16.81107, 45.48399], [16.81083, 45.48398], [16.81057, 45.48297], [16.81084, 45.48289], [16.81073, 45.48269], [16.81022, 45.48283], [16.80978, 45.48236], [16.80984, 45.48178], [16.80952, 45.48185], [16.80848, 45.48089]]], [[[16.7939, 45.4796], [16.79323, 45.47978], [16.79175, 45.47944], [16.79089, 45.47949], [16.79191, 45.48072], [16.7926, 45.48061], [16.79304, 45.48093], [16.79218, 45.48114], [16.79271, 45.48164], [16.79365, 45.48181], [16.79402, 45.4826], [16.79556, 45.48214], [16.7948, 45.4812], [16.79497, 45.48029], [16.79523, 45.48039], [16.79661, 45.48271], [16.7972, 45.48439], [16.79705, 45.48452], [16.79559, 45.48317], [16.79612, 45.48283], [16.79492, 45.48306], [16.79503, 45.48337], [16.79403, 45.48349], [16.79479, 45.48448], [16.795, 45.4844], [16.79637, 45.48559], [16.79621, 45.4857], [16.79837, 45.48775], [16.79886, 45.48759], [16.79919, 45.48782], [16.7988, 45.48816], [16.7994, 45.48824], [16.7996, 45.48809], [16.80076, 45.48802], [16.80087, 45.48834], [16.8013, 45.48824], [16.80247, 45.48873], [16.80315, 45.48847], [16.80274, 45.48788], [16.80294, 45.48626], [16.80222, 45.48625], [16.80192, 45.48565], [16.80139, 45.48585], [16.80154, 45.4861], [16.80106, 45.48636], [16.8002, 45.48639], [16.79767, 45.48273], [16.79796, 45.4823], [16.79662, 45.48029], [16.7939, 45.4796]]], [[[16.80086, 45.484], [16.80089, 45.48429], [16.80159, 45.48416], [16.80167, 45.48371], [16.80044, 45.4804], [16.79874, 45.48028], [16.80086, 45.484]]], [[[16.79269, 45.48464], [16.79262, 45.48498], [16.79068, 45.48583], [16.79224, 45.48703], [16.79319, 45.48758], [16.79399, 45.48749], [16.79509, 45.4879], [16.79587, 45.48778], [16.79702, 45.488], [16.79752, 45.4878], [16.79578, 45.48619], [16.79513, 45.48627], [16.79385, 45.4848], [16.79406, 45.48466], [16.79357, 45.4849], [16.79364, 45.48503], [16.7933, 45.48517], [16.7929, 45.48449], [16.79269, 45.48464]], [[16.79373, 45.48717], [16.79299, 45.48638], [16.7933, 45.48598], [16.79494, 45.48695], [16.79486, 45.48737], [16.79373, 45.48717]]], [[[16.80424, 45.49296], [16.80364, 45.49296], [16.80347, 45.49319], [16.80367, 45.49352], [16.8042, 45.49349], [16.80634, 45.49274], [16.80598, 45.49236], [16.80428, 45.49149], [16.80421, 45.49177], [16.80457, 45.49228], [16.80424, 45.49296]]], [[[16.79909, 45.49269], [16.79859, 45.49271], [16.79884, 45.49307], [16.80038, 45.49286], [16.8011, 45.49368], [16.8004, 45.49385], [16.79983, 45.49427], [16.79953, 45.49423], [16.79863, 45.49524], [16.7961, 45.49535], [16.7953, 45.49497], [16.79546, 45.49436], [16.79503, 45.49446], [16.79498, 45.49515], [16.79476, 45.49512], [16.79451, 45.49573], [16.79385, 45.49613], [16.79546, 45.4962], [16.7963, 45.49593], [16.79788, 45.49587], [16.7979, 45.49575], [16.79929, 45.49574], [16.79925, 45.4959], [16.79959, 45.49594], [16.80009, 45.49547], [16.79949, 45.4952], [16.79961, 45.49499], [16.80019, 45.49517], [16.80049, 45.49491], [16.80006, 45.49464], [16.80187, 45.49371], [16.80212, 45.49373], [16.80199, 45.49359], [16.80228, 45.49346], [16.80141, 45.49272], [16.80106, 45.49283], [16.80078, 45.49204], [16.79967, 45.49245], [16.79943, 45.4922], [16.79913, 45.49233], [16.79932, 45.49263], [16.79909, 45.49269]]], [[[16.79427, 45.49769], [16.79494, 45.49765], [16.79504, 45.49731], [16.79626, 45.49746], [16.7962, 45.49691], [16.79742, 45.49672], [16.79763, 45.49695], [16.79871, 45.49696], [16.79911, 45.49648], [16.79694, 45.49642], [16.796, 45.49664], [16.79593, 45.49683], [16.79495, 45.49684], [16.79476, 45.49745], [16.79442, 45.49738], [16.79451, 45.49678], [16.79377, 45.49666], [16.79351, 45.49729], [16.79269, 45.49714], [16.79272, 45.4965], [16.79222, 45.49645], [16.79208, 45.49711], [16.79244, 45.49715], [16.7924, 45.49747], [16.79378, 45.4976], [16.79396, 45.4974], [16.79428, 45.4974], [16.79427, 45.49769]]], [[[16.80411, 45.50125], [16.8051, 45.50058], [16.80427, 45.50043], [16.80348, 45.50144], [16.80411, 45.50125]]], [[[16.8003, 45.50236], [16.8008, 45.50236], [16.80205, 45.50283], [16.80239, 45.50244], [16.80199, 45.50222], [16.80193, 45.50188], [16.80074, 45.50197], [16.80026, 45.50217], [16.8003, 45.50236]]], [[[16.80433, 45.50183], [16.80425, 45.50285], [16.80515, 45.50303], [16.80538, 45.50163], [16.80433, 45.50183]]], [[[16.80656, 45.50214], [16.8069, 45.50261], [16.80659, 45.50301], [16.8069, 45.50299], [16.80789, 45.50252], [16.80851, 45.5019], [16.80701, 45.50171], [16.80656, 45.50214]]], [[[16.80882, 45.50297], [16.80919, 45.50308], [16.80923, 45.50293], [16.80926, 45.50256], [16.80896, 45.50232], [16.80721, 45.50341], [16.80724, 45.50374], [16.80795, 45.50384], [16.80848, 45.50369], [16.80882, 45.50297]]], [[[16.80262, 45.50449], [16.8027, 45.50468], [16.80305, 45.50464], [16.80357, 45.50419], [16.80431, 45.50397], [16.80403, 45.50368], [16.80304, 45.50371], [16.80244, 45.50412], [16.80262, 45.50449]]], [[[16.79542, 45.50521], [16.79589, 45.50513], [16.79575, 45.50433], [16.79546, 45.50407], [16.79487, 45.50438], [16.7949, 45.5048], [16.79542, 45.50521]]], [[[16.80696, 45.5053], [16.80734, 45.50498], [16.80735, 45.50464], [16.80665, 45.50376], [16.80574, 45.5046], [16.80631, 45.50513], [16.80696, 45.5053]]], [[[16.79144, 45.50534], [16.79229, 45.50527], [16.79356, 45.50553], [16.79236, 45.50508], [16.79188, 45.5045], [16.79112, 45.50527], [16.79144, 45.50534]]], [[[16.7979, 45.50554], [16.79821, 45.50569], [16.79848, 45.50498], [16.798, 45.50482], [16.79755, 45.50543], [16.7979, 45.50554]]], [[[16.80412, 45.50465], [16.80372, 45.50501], [16.8023, 45.50532], [16.80113, 45.50708], [16.80175, 45.50739], [16.80124, 45.507], [16.80382, 45.50544], [16.80474, 45.50589], [16.80502, 45.50505], [16.80472, 45.50444], [16.80412, 45.50465]]], [[[16.79993, 45.50644], [16.80049, 45.50678], [16.80121, 45.50569], [16.79911, 45.50598], [16.79993, 45.50644]]], [[[16.80155, 45.50872], [16.80218, 45.50829], [16.80072, 45.50754], [16.80003, 45.50788], [16.80023, 45.50822], [16.80089, 45.50837], [16.80127, 45.50879], [16.80155, 45.50872]]], [[[16.80563, 45.50809], [16.80496, 45.5071], [16.80403, 45.50683], [16.80192, 45.50748], [16.80325, 45.50825], [16.80305, 45.50865], [16.80355, 45.50929], [16.80235, 45.51028], [16.80361, 45.51026], [16.80478, 45.50981], [16.80556, 45.50891], [16.80499, 45.50893], [16.80414, 45.50827], [16.80516, 45.50792], [16.80563, 45.50809]]], [[[16.79797, 45.51027], [16.79675, 45.51008], [16.79574, 45.5116], [16.79436, 45.51207], [16.79595, 45.51422], [16.79568, 45.51443], [16.79694, 45.51638], [16.79757, 45.51621], [16.79782, 45.51674], [16.80016, 45.51682], [16.80149, 45.51771], [16.80218, 45.51845], [16.80375, 45.51936], [16.80358, 45.51959], [16.80496, 45.51957], [16.80593, 45.51989], [16.80644, 45.52028], [16.80799, 45.51991], [16.80953, 45.51913], [16.81046, 45.51887], [16.8107, 45.51906], [16.81058, 45.51932], [16.80872, 45.52024], [16.80738, 45.52059], [16.81195, 45.52154], [16.81334, 45.52197], [16.81575, 45.5231], [16.82342, 45.52509], [16.82337, 45.52474], [16.82364, 45.5244], [16.82448, 45.52425], [16.82515, 45.5248], [16.82465, 45.52541], [16.82945, 45.52672], [16.82883, 45.52577], [16.82941, 45.52489], [16.82976, 45.52483], [16.83011, 45.52445], [16.82991, 45.52426], [16.831, 45.52276], [16.83139, 45.52271], [16.83154, 45.52103], [16.8321, 45.52111], [16.83225, 45.52144], [16.83283, 45.52143], [16.83286, 45.5218], [16.83225, 45.52193], [16.83224, 45.52239], [16.83264, 45.52236], [16.83278, 45.52271], [16.83221, 45.52275], [16.83197, 45.5243], [16.83124, 45.52429], [16.83076, 45.52475], [16.83038, 45.52627], [16.83077, 45.52758], [16.83126, 45.52802], [16.83083, 45.52821], [16.83228, 45.53036], [16.83545, 45.53257], [16.83863, 45.53599], [16.84153, 45.53595], [16.8417, 45.53559], [16.84114, 45.53535], [16.84094, 45.535], [16.84139, 45.53423], [16.84029, 45.5338], [16.84019, 45.53347], [16.84061, 45.53333], [16.84193, 45.53382], [16.84245, 45.53384], [16.84454, 45.53132], [16.84499, 45.53147], [16.84517, 45.5312], [16.84533, 45.53074], [16.84505, 45.53067], [16.84552, 45.53012], [16.84446, 45.52695], [16.8444, 45.52616], [16.84344, 45.52526], [16.84321, 45.52391], [16.84328, 45.52201], [16.84362, 45.52129], [16.84477, 45.52039], [16.84684, 45.51815], [16.84803, 45.51577], [16.84848, 45.5142], [16.84928, 45.51298], [16.84927, 45.5106], [16.84981, 45.51042], [16.85002, 45.51065], [16.85007, 45.51294], [16.84921, 45.51438], [16.84877, 45.51592], [16.84752, 45.5184], [16.84539, 45.52071], [16.84427, 45.52158], [16.84404, 45.5221], [16.84398, 45.52388], [16.8442, 45.52515], [16.8451, 45.52592], [16.84538, 45.52726], [16.84746, 45.52706], [16.8491, 45.52709], [16.85439, 45.52854], [16.85495, 45.52862], [16.85563, 45.52847], [16.85558, 45.52673], [16.85488, 45.52689], [16.85041, 45.52559], [16.84734, 45.5254], [16.84655, 45.52454], [16.84634, 45.52374], [16.84636, 45.52245], [16.84738, 45.52161], [16.84969, 45.51906], [16.85101, 45.51643], [16.85145, 45.51492], [16.85235, 45.51343], [16.85231, 45.51021], [16.85186, 45.50953], [16.85084, 45.50893], [16.8498, 45.50874], [16.849, 45.50879], [16.84802, 45.5091], [16.8473, 45.50966], [16.8469, 45.51055], [16.84692, 45.51259], [16.84624, 45.51367], [16.84572, 45.51533], [16.84467, 45.51746], [16.84283, 45.51944], [16.84167, 45.52035], [16.84102, 45.52154], [16.84085, 45.5239], [16.8411, 45.52545], [16.84147, 45.52624], [16.84208, 45.52681], [16.84316, 45.5303], [16.84292, 45.53067], [16.84097, 45.53094], [16.83962, 45.53133], [16.83807, 45.53235], [16.83708, 45.53136], [16.83421, 45.52939], [16.83313, 45.52775], [16.83313, 45.527], [16.83263, 45.52577], [16.83387, 45.52451], [16.83459, 45.52263], [16.83455, 45.52093], [16.83428, 45.52039], [16.83359, 45.51982], [16.83264, 45.51947], [16.83184, 45.51939], [16.83079, 45.51954], [16.82991, 45.51996], [16.82923, 45.52077], [16.8291, 45.52242], [16.82865, 45.52304], [16.82801, 45.52244], [16.82672, 45.52173], [16.82443, 45.52126], [16.82515, 45.52215], [16.82436, 45.52141], [16.82349, 45.52234], [16.82199, 45.52306], [16.82111, 45.52234], [16.82181, 45.52202], [16.82139, 45.52188], [16.82038, 45.52254], [16.81637, 45.52147], [16.81458, 45.52056], [16.81278, 45.51999], [16.81306, 45.51925], [16.81293, 45.51851], [16.81239, 45.51785], [16.81155, 45.51739], [16.81051, 45.5172], [16.80945, 45.51729], [16.80673, 45.51843], [16.80582, 45.51802], [16.80444, 45.51788], [16.80133, 45.5163], [16.79816, 45.51559], [16.79756, 45.5147], [16.79716, 45.51293], [16.79801, 45.51222], [16.79837, 45.51134], [16.79954, 45.51027], [16.79893, 45.50987], [16.79927, 45.50928], [16.79877, 45.50982], [16.79797, 45.51027]]], [[[16.80449, 45.5201], [16.80456, 45.52012], [16.8046, 45.52008], [16.80445, 45.52008], [16.80449, 45.5201]]], [[[16.80593, 45.521], [16.80539, 45.52092], [16.80445, 45.52121], [16.80454, 45.52216], [16.80683, 45.52139], [16.80665, 45.52111], [16.80593, 45.521]]], [[[16.81236, 45.53034], [16.80936, 45.53157], [16.80662, 45.53208], [16.80669, 45.52987], [16.80583, 45.52802], [16.80453, 45.52876], [16.80418, 45.52849], [16.80351, 45.52856], [16.80406, 45.52925], [16.8044, 45.53037], [16.80429, 45.53333], [16.80474, 45.53378], [16.80554, 45.53403], [16.80635, 45.53372], [16.80678, 45.53332], [16.80729, 45.5333], [16.80754, 45.5335], [16.8096, 45.53317], [16.8127, 45.53169], [16.81432, 45.53105], [16.81515, 45.53096], [16.81676, 45.53041], [16.81816, 45.52974], [16.81837, 45.52997], [16.81916, 45.5299], [16.81921, 45.53016], [16.82093, 45.52967], [16.82084, 45.5295], [16.82258, 45.52845], [16.82387, 45.52805], [16.82371, 45.52782], [16.82505, 45.52749], [16.82532, 45.52768], [16.82631, 45.52731], [16.82669, 45.52764], [16.82804, 45.52736], [16.82937, 45.52734], [16.81674, 45.52394], [16.81665, 45.52404], [16.81802, 45.52489], [16.81641, 45.52563], [16.8197, 45.52648], [16.82103, 45.52761], [16.81948, 45.52831], [16.81236, 45.53034]]], [[[16.80369, 45.53375], [16.80348, 45.533], [16.80362, 45.53054], [16.80114, 45.53166], [16.80113, 45.53265], [16.80175, 45.53284], [16.80177, 45.53319], [16.80156, 45.53326], [16.80183, 45.534], [16.80369, 45.53375]]], [[[16.80377, 45.53411], [16.80401, 45.53437], [16.80406, 45.53501], [16.80432, 45.53518], [16.80511, 45.53512], [16.80494, 45.53556], [16.80549, 45.53553], [16.80596, 45.53578], [16.806, 45.53672], [16.80644, 45.53659], [16.80681, 45.5369], [16.80713, 45.53672], [16.80739, 45.53629], [16.807, 45.53563], [16.80775, 45.53546], [16.80785, 45.5356], [16.80835, 45.5355], [16.8087, 45.53619], [16.81028, 45.53659], [16.81022, 45.53544], [16.81187, 45.53501], [16.81357, 45.53434], [16.81373, 45.53407], [16.81416, 45.53409], [16.8223, 45.53164], [16.82546, 45.53021], [16.82685, 45.5299], [16.82845, 45.52985], [16.82944, 45.53131], [16.83017, 45.53201], [16.82988, 45.53248], [16.82817, 45.53252], [16.82688, 45.53298], [16.82244, 45.53772], [16.82083, 45.53818], [16.81955, 45.53901], [16.81919, 45.54036], [16.81859, 45.54013], [16.81856, 45.54026], [16.81894, 45.54155], [16.81996, 45.54223], [16.82162, 45.54122], [16.82356, 45.54057], [16.82542, 45.54076], [16.8261, 45.54053], [16.82698, 45.53992], [16.83028, 45.53634], [16.83027, 45.53613], [16.83701, 45.53602], [16.83756, 45.53583], [16.83485, 45.53291], [16.83356, 45.53202], [16.83208, 45.53444], [16.83088, 45.53467], [16.82891, 45.53467], [16.82477, 45.53928], [16.82244, 45.54008], [16.82146, 45.54078], [16.82101, 45.54074], [16.82095, 45.5404], [16.82197, 45.53964], [16.82419, 45.53892], [16.82844, 45.53423], [16.83158, 45.53403], [16.83297, 45.53161], [16.83163, 45.53064], [16.83017, 45.52849], [16.82963, 45.52874], [16.82907, 45.52837], [16.82723, 45.52869], [16.82692, 45.52823], [16.82653, 45.52825], [16.82677, 45.529], [16.82535, 45.52922], [16.82491, 45.52858], [16.82457, 45.52866], [16.82379, 45.52898], [16.82388, 45.5293], [16.82308, 45.52954], [16.82294, 45.52936], [16.82171, 45.53], [16.82198, 45.53034], [16.81951, 45.53095], [16.81935, 45.5307], [16.81872, 45.53088], [16.81891, 45.53132], [16.81824, 45.53143], [16.81821, 45.53112], [16.81783, 45.53114], [16.81758, 45.53122], [16.81778, 45.53167], [16.81613, 45.53209], [16.81595, 45.53171], [16.81487, 45.53201], [16.81491, 45.53219], [16.8115, 45.53325], [16.81164, 45.53346], [16.81102, 45.53375], [16.8108, 45.53363], [16.80608, 45.53509], [16.80372, 45.53379], [16.80377, 45.53411]]], [[[16.80278, 45.53619], [16.80162, 45.5359], [16.80109, 45.53613], [16.80018, 45.53611], [16.80109, 45.5362], [16.80161, 45.53661], [16.80328, 45.53657], [16.80346, 45.53698], [16.8044, 45.53696], [16.80465, 45.53656], [16.80446, 45.53633], [16.80278, 45.53619]]], [[[16.79715, 45.53807], [16.79737, 45.537], [16.79583, 45.53712], [16.79674, 45.53832], [16.79698, 45.5384], [16.79715, 45.53807]]], [[[16.80546, 45.53755], [16.80499, 45.53759], [16.8049, 45.53726], [16.80576, 45.53702], [16.80558, 45.53667], [16.80525, 45.53711], [16.80497, 45.53715], [16.80492, 45.53669], [16.80487, 45.53713], [16.80453, 45.53709], [16.80394, 45.53768], [16.80262, 45.53783], [16.80262, 45.53832], [16.8046, 45.53858], [16.80475, 45.53881], [16.80621, 45.53855], [16.80591, 45.53824], [16.80602, 45.53754], [16.80546, 45.53755]]], [[[16.80723, 45.53936], [16.80742, 45.53875], [16.80783, 45.53865], [16.80776, 45.53846], [16.80568, 45.53872], [16.80508, 45.53906], [16.80463, 45.53966], [16.80587, 45.53966], [16.80723, 45.53936]]], [[[16.79568, 45.54337], [16.79517, 45.54345], [16.7951, 45.54382], [16.79477, 45.544], [16.79501, 45.54445], [16.79574, 45.54493], [16.79583, 45.54565], [16.79664, 45.54566], [16.79612, 45.54475], [16.7965, 45.54462], [16.7963, 45.5439], [16.79596, 45.54334], [16.79568, 45.54337]]], [[[16.82202, 45.39066], [16.82183, 45.39053], [16.8212, 45.39089], [16.82131, 45.39096], [16.82202, 45.39066]]], [[[16.81973, 45.39084], [16.81942, 45.39108], [16.82001, 45.39143], [16.81924, 45.39124], [16.81841, 45.39199], [16.8187, 45.3921], [16.82052, 45.39129], [16.81973, 45.39084]]], [[[16.81288, 45.39327], [16.81182, 45.39331], [16.81167, 45.39406], [16.81456, 45.39366], [16.81437, 45.39322], [16.81288, 45.39327]]], [[[16.82334, 45.39791], [16.8227, 45.39888], [16.82292, 45.39903], [16.82374, 45.39852], [16.82354, 45.39772], [16.82334, 45.39791]]], [[[16.82242, 45.39974], [16.82322, 45.39946], [16.82297, 45.39919], [16.82249, 45.39942], [16.82242, 45.39974]]], [[[16.82549, 45.39912], [16.82569, 45.39849], [16.82546, 45.39812], [16.82511, 45.39895], [16.82479, 45.39909], [16.82515, 45.3983], [16.82516, 45.39813], [16.8249, 45.39807], [16.82462, 45.39857], [16.82388, 45.39863], [16.82309, 45.39916], [16.82333, 45.39945], [16.82463, 45.39906], [16.82458, 45.39976], [16.82431, 45.3993], [16.82411, 45.39932], [16.82276, 45.39973], [16.82259, 45.40008], [16.82239, 45.39997], [16.82276, 45.40147], [16.82253, 45.40189], [16.82285, 45.40221], [16.82457, 45.40231], [16.82515, 45.40152], [16.82475, 45.40062], [16.8249, 45.40059], [16.82553, 45.40173], [16.82504, 45.4018], [16.82466, 45.40246], [16.82296, 45.40243], [16.82244, 45.40212], [16.82226, 45.4036], [16.82257, 45.40442], [16.8245, 45.40428], [16.82536, 45.4032], [16.82657, 45.40272], [16.82737, 45.40176], [16.82756, 45.40121], [16.82687, 45.40056], [16.82626, 45.40133], [16.82641, 45.40097], [16.82612, 45.4005], [16.82684, 45.40054], [16.82659, 45.40016], [16.82587, 45.40016], [16.82584, 45.40034], [16.82554, 45.40038], [16.82441, 45.40026], [16.82302, 45.40075], [16.8227, 45.40033], [16.82287, 45.40025], [16.82315, 45.40066], [16.824, 45.40033], [16.82403, 45.39994], [16.82523, 45.39977], [16.82675, 45.39975], [16.82709, 45.39957], [16.82724, 45.39903], [16.82681, 45.39835], [16.82655, 45.39831], [16.82603, 45.39964], [16.82581, 45.39966], [16.82638, 45.39846], [16.82605, 45.39815], [16.82557, 45.39935], [16.82549, 45.39912]]], [[[16.81093, 45.40785], [16.81115, 45.40612], [16.81054, 45.40612], [16.81021, 45.4053], [16.80892, 45.40528], [16.80904, 45.40445], [16.80883, 45.40447], [16.80864, 45.40526], [16.80979, 45.40769], [16.81013, 45.4078], [16.8108, 45.40767], [16.81087, 45.40797], [16.81093, 45.40785]]], [[[16.82429, 45.40715], [16.82367, 45.40649], [16.82315, 45.40633], [16.82298, 45.40571], [16.82419, 45.40556], [16.82444, 45.40438], [16.82302, 45.40448], [16.82337, 45.40472], [16.82326, 45.40554], [16.82225, 45.4043], [16.82205, 45.40369], [16.82095, 45.40436], [16.82029, 45.40506], [16.82254, 45.40877], [16.82275, 45.4088], [16.82337, 45.40816], [16.82404, 45.40783], [16.82433, 45.40749], [16.82429, 45.40715]]], [[[16.80836, 45.40675], [16.80837, 45.40641], [16.80888, 45.40644], [16.80844, 45.40535], [16.80781, 45.40546], [16.80786, 45.40454], [16.80589, 45.40524], [16.80603, 45.40582], [16.80546, 45.40596], [16.80542, 45.40622], [16.80594, 45.40605], [16.8066, 45.40611], [16.80694, 45.40639], [16.80698, 45.40684], [16.80669, 45.40715], [16.80587, 45.4074], [16.80508, 45.40733], [16.80508, 45.40766], [16.80635, 45.408], [16.80656, 45.40743], [16.808, 45.40804], [16.80779, 45.40838], [16.80909, 45.40871], [16.80935, 45.40943], [16.81059, 45.40839], [16.8104, 45.40793], [16.80989, 45.40812], [16.80944, 45.40783], [16.8082, 45.40773], [16.80827, 45.40715], [16.80908, 45.40714], [16.80892, 45.40675], [16.80836, 45.40675]]], [[[16.81862, 45.40971], [16.81809, 45.40931], [16.81761, 45.40973], [16.81688, 45.40968], [16.81652, 45.40935], [16.81658, 45.40891], [16.81716, 45.4086], [16.81773, 45.40867], [16.81809, 45.40898], [16.81855, 45.40862], [16.8194, 45.40866], [16.81966, 45.40793], [16.81741, 45.40731], [16.81753, 45.4068], [16.81648, 45.40635], [16.81629, 45.40698], [16.8155, 45.4069], [16.81569, 45.40601], [16.81544, 45.40588], [16.81386, 45.40659], [16.81296, 45.4074], [16.81229, 45.40911], [16.81246, 45.41014], [16.81315, 45.41117], [16.81272, 45.41221], [16.81265, 45.41462], [16.81323, 45.41586], [16.81432, 45.41681], [16.81569, 45.41959], [16.81511, 45.41979], [16.8154, 45.42194], [16.81608, 45.42285], [16.81688, 45.42345], [16.81272, 45.42211], [16.81232, 45.42176], [16.81187, 45.42217], [16.81465, 45.42321], [16.81359, 45.42446], [16.81729, 45.42544], [16.8183, 45.42586], [16.81964, 45.42682], [16.82114, 45.42498], [16.82052, 45.42293], [16.82081, 45.4219], [16.82043, 45.42172], [16.82019, 45.42132], [16.81957, 45.42118], [16.81933, 45.42085], [16.8195, 45.42027], [16.82013, 45.42001], [16.82005, 45.41952], [16.81935, 45.41922], [16.81924, 45.41868], [16.81872, 45.41816], [16.81891, 45.41771], [16.81953, 45.41751], [16.81943, 45.41685], [16.81888, 45.41678], [16.81852, 45.41651], [16.81842, 45.41512], [16.81778, 45.41472], [16.81712, 45.41461], [16.81681, 45.41419], [16.81697, 45.41373], [16.81774, 45.41336], [16.81697, 45.41294], [16.81699, 45.41238], [16.81739, 45.41214], [16.81806, 45.41211], [16.81849, 45.41133], [16.81973, 45.41033], [16.81931, 45.40968], [16.81862, 45.40971]]], [[[16.82143, 45.41302], [16.82172, 45.41272], [16.821, 45.41236], [16.82159, 45.41235], [16.82167, 45.41179], [16.81927, 45.41148], [16.81891, 45.41204], [16.8197, 45.41237], [16.81992, 45.41276], [16.8195, 45.41329], [16.81983, 45.41368], [16.82056, 45.41372], [16.82093, 45.41411], [16.82079, 45.41458], [16.82122, 45.41528], [16.82035, 45.41596], [16.82031, 45.41756], [16.82054, 45.41809], [16.82167, 45.41864], [16.8217, 45.41909], [16.8211, 45.41944], [16.82107, 45.41987], [16.82129, 45.4207], [16.8219, 45.42082], [16.82224, 45.42125], [16.8221, 45.42161], [16.82158, 45.4219], [16.8213, 45.4229], [16.8219, 45.42508], [16.82018, 45.4272], [16.82088, 45.42771], [16.82077, 45.42744], [16.82116, 45.42651], [16.82149, 45.42627], [16.82356, 45.42279], [16.82396, 45.42244], [16.8238, 45.42244], [16.82299, 45.42041], [16.82248, 45.42006], [16.82149, 45.41547], [16.8241, 45.41393], [16.82513, 45.41391], [16.82487, 45.41307], [16.82143, 45.41302]]], [[[16.82349, 45.43982], [16.82749, 45.43654], [16.83108, 45.43309], [16.83099, 45.43304], [16.83051, 45.4334], [16.83011, 45.43344], [16.82818, 45.43534], [16.82696, 45.43593], [16.82662, 45.43634], [16.82695, 45.43652], [16.82573, 45.43761], [16.81985, 45.44171], [16.82019, 45.44196], [16.82349, 45.43982]]], [[[16.82412, 45.4403], [16.82093, 45.44238], [16.82174, 45.44272], [16.82243, 45.44338], [16.82295, 45.44488], [16.82324, 45.44515], [16.82828, 45.44563], [16.82858, 45.44453], [16.82845, 45.44399], [16.82922, 45.44342], [16.82986, 45.44334], [16.83046, 45.44364], [16.8323, 45.44291], [16.8364, 45.4419], [16.83965, 45.4414], [16.84075, 45.44094], [16.84484, 45.43857], [16.84679, 45.43778], [16.84827, 45.43676], [16.84723, 45.43523], [16.84635, 45.43525], [16.84582, 45.43591], [16.84505, 45.43603], [16.844, 45.43571], [16.84343, 45.43474], [16.84297, 45.43444], [16.84258, 45.43473], [16.84182, 45.43481], [16.8412, 45.43468], [16.84089, 45.43442], [16.84035, 45.4346], [16.83975, 45.43455], [16.83824, 45.43508], [16.83769, 45.43509], [16.83716, 45.4349], [16.83694, 45.43447], [16.83556, 45.43458], [16.83431, 45.43425], [16.8332, 45.43424], [16.83206, 45.43386], [16.83175, 45.43356], [16.82695, 45.43808], [16.82412, 45.4403]], [[16.82702, 45.4409], [16.82568, 45.44166], [16.82485, 45.44243], [16.82463, 45.44227], [16.82797, 45.4398], [16.83128, 45.43682], [16.83253, 45.43694], [16.83394, 45.43681], [16.83509, 45.43751], [16.8369, 45.438], [16.83861, 45.43804], [16.84043, 45.43764], [16.84092, 45.43772], [16.84179, 45.43824], [16.83902, 45.43975], [16.83786, 45.44006], [16.83534, 45.44042], [16.83357, 45.43995], [16.83198, 45.43993], [16.83009, 45.44038], [16.82841, 45.44048], [16.82702, 45.4409]], [[16.82747, 45.43872], [16.82749, 45.43881], [16.82727, 45.43883], [16.82725, 45.43874], [16.82747, 45.43872]]], [[[16.81788, 45.44139], [16.81908, 45.44259], [16.8196, 45.4423], [16.81835, 45.44138], [16.81788, 45.44139]]], [[[16.81965, 45.44311], [16.82027, 45.44365], [16.82042, 45.44374], [16.81972, 45.44307], [16.81965, 45.44311]]], [[[16.82148, 45.44385], [16.82215, 45.44454], [16.82176, 45.44365], [16.82122, 45.44312], [16.82033, 45.44275], [16.82148, 45.44385]]], [[[16.82582, 45.46885], [16.82602, 45.46869], [16.82547, 45.46911], [16.82588, 45.46944], [16.82539, 45.46928], [16.82514, 45.46943], [16.82531, 45.46959], [16.82498, 45.46955], [16.82455, 45.4699], [16.82479, 45.47013], [16.82423, 45.47047], [16.8242, 45.47076], [16.82392, 45.4706], [16.82355, 45.47094], [16.82335, 45.4707], [16.82317, 45.47075], [16.82384, 45.47184], [16.82384, 45.47141], [16.82542, 45.47257], [16.82633, 45.47161], [16.82605, 45.47123], [16.82685, 45.47056], [16.82613, 45.46968], [16.82616, 45.46888], [16.82628, 45.46848], [16.8265, 45.46808], [16.82651, 45.46776], [16.82608, 45.46842], [16.8261, 45.46906], [16.82582, 45.46885]]], [[[16.81986, 45.47123], [16.82004, 45.47116], [16.82003, 45.47115], [16.81982, 45.47121], [16.81986, 45.47123]]], [[[16.82135, 45.47126], [16.82137, 45.47129], [16.82172, 45.47116], [16.82135, 45.47126]]], [[[16.82049, 45.47163], [16.82047, 45.47161], [16.8203, 45.47167], [16.82049, 45.47163]]], [[[16.82253, 45.47115], [16.82239, 45.4712], [16.82243, 45.47097], [16.82216, 45.47104], [16.82226, 45.47123], [16.82168, 45.47134], [16.82165, 45.47151], [16.82112, 45.47134], [16.82071, 45.47151], [16.82075, 45.47179], [16.82043, 45.47176], [16.82056, 45.47217], [16.82024, 45.47217], [16.81998, 45.47183], [16.81953, 45.47207], [16.81967, 45.47222], [16.8195, 45.47232], [16.81934, 45.47219], [16.81929, 45.47243], [16.81855, 45.47273], [16.81859, 45.47328], [16.81894, 45.4737], [16.81864, 45.47383], [16.81912, 45.47392], [16.81921, 45.47419], [16.81896, 45.47423], [16.81909, 45.47452], [16.81891, 45.47474], [16.81859, 45.47486], [16.81871, 45.47507], [16.81962, 45.47499], [16.81955, 45.47463], [16.8202, 45.47453], [16.81981, 45.47377], [16.8202, 45.47376], [16.82005, 45.47298], [16.82073, 45.4729], [16.82107, 45.47332], [16.82132, 45.4732], [16.82171, 45.47377], [16.82166, 45.47507], [16.82199, 45.47553], [16.82302, 45.47567], [16.82289, 45.47619], [16.82151, 45.47654], [16.82161, 45.47695], [16.82342, 45.47681], [16.82413, 45.478], [16.82384, 45.47823], [16.8245, 45.47863], [16.82662, 45.47829], [16.8281, 45.47844], [16.82842, 45.47826], [16.82821, 45.47741], [16.82781, 45.47694], [16.82648, 45.47678], [16.82606, 45.47579], [16.82581, 45.47386], [16.82445, 45.47271], [16.82478, 45.4732], [16.82492, 45.47486], [16.82466, 45.47645], [16.82602, 45.47803], [16.826, 45.4783], [16.82547, 45.47838], [16.82471, 45.47775], [16.82384, 45.47624], [16.82415, 45.47486], [16.82403, 45.47331], [16.82253, 45.47115]]], [[[16.81732, 45.47333], [16.81735, 45.47348], [16.81708, 45.4734], [16.81675, 45.47359], [16.81635, 45.47418], [16.81601, 45.4742], [16.81512, 45.4748], [16.81511, 45.47513], [16.81479, 45.47523], [16.81489, 45.47538], [16.81279, 45.4759], [16.81287, 45.47605], [16.81194, 45.47657], [16.81221, 45.47672], [16.81221, 45.47658], [16.81251, 45.4766], [16.81278, 45.47704], [16.81366, 45.47751], [16.81454, 45.47715], [16.81402, 45.47749], [16.81414, 45.4776], [16.81473, 45.47741], [16.81445, 45.47778], [16.81454, 45.47801], [16.81488, 45.47773], [16.81553, 45.47764], [16.81563, 45.47781], [16.81491, 45.47814], [16.81621, 45.47799], [16.81631, 45.47809], [16.81603, 45.47818], [16.81616, 45.47844], [16.81661, 45.47847], [16.81673, 45.47866], [16.81706, 45.47845], [16.81721, 45.47866], [16.817, 45.47879], [16.81893, 45.47976], [16.81913, 45.48035], [16.81941, 45.48022], [16.8199, 45.48061], [16.81959, 45.48086], [16.81987, 45.48109], [16.82029, 45.48083], [16.82079, 45.48114], [16.82048, 45.48145], [16.82079, 45.48169], [16.82101, 45.48148], [16.82128, 45.48172], [16.82105, 45.48196], [16.82118, 45.48215], [16.82159, 45.48196], [16.82172, 45.48283], [16.82141, 45.48287], [16.8216, 45.48348], [16.8218, 45.4834], [16.82215, 45.48374], [16.822, 45.4839], [16.82242, 45.48408], [16.82237, 45.48388], [16.82275, 45.48366], [16.82314, 45.48394], [16.82282, 45.48423], [16.82388, 45.48446], [16.8239, 45.48371], [16.8245, 45.48331], [16.82457, 45.48295], [16.82379, 45.48271], [16.82364, 45.48214], [16.82249, 45.48292], [16.82182, 45.48264], [16.82235, 45.48193], [16.82217, 45.48163], [16.82298, 45.48101], [16.82258, 45.48061], [16.82249, 45.48052], [16.82133, 45.48136], [16.82027, 45.48024], [16.82119, 45.4795], [16.8207, 45.4788], [16.82015, 45.47891], [16.81979, 45.47861], [16.81889, 45.47917], [16.81863, 45.47873], [16.81992, 45.47822], [16.8178, 45.47717], [16.81576, 45.47659], [16.81672, 45.476], [16.81802, 45.47648], [16.81926, 45.47646], [16.81906, 45.47566], [16.81816, 45.47527], [16.81738, 45.47417], [16.81731, 45.47373], [16.81778, 45.47373], [16.81796, 45.47417], [16.81798, 45.47418], [16.81771, 45.47317], [16.81732, 45.47333]]], [[[16.81571, 45.47365], [16.81563, 45.47367], [16.81564, 45.4737], [16.81571, 45.47365]]], [[[16.82133, 45.47443], [16.82111, 45.47383], [16.82072, 45.47378], [16.82133, 45.47462], [16.82133, 45.47443]]], [[[16.8138, 45.47832], [16.81346, 45.47847], [16.81315, 45.47806], [16.81243, 45.47791], [16.81273, 45.47775], [16.8126, 45.47767], [16.81079, 45.47679], [16.81064, 45.47692], [16.81041, 45.47681], [16.81056, 45.47665], [16.80977, 45.47635], [16.80891, 45.47682], [16.80738, 45.47705], [16.80702, 45.47736], [16.80721, 45.47756], [16.80689, 45.47786], [16.80829, 45.47911], [16.80812, 45.47945], [16.80837, 45.47959], [16.80858, 45.47941], [16.80961, 45.48011], [16.80985, 45.48008], [16.81098, 45.48105], [16.81072, 45.4817], [16.81113, 45.48206], [16.81136, 45.48195], [16.81182, 45.48257], [16.81158, 45.48273], [16.81178, 45.48341], [16.81208, 45.48333], [16.81242, 45.48395], [16.81184, 45.48405], [16.81183, 45.4859], [16.81146, 45.48594], [16.81141, 45.48619], [16.81166, 45.48622], [16.81169, 45.48707], [16.81254, 45.48709], [16.81253, 45.48756], [16.81224, 45.48757], [16.81199, 45.48719], [16.81137, 45.48712], [16.81138, 45.48737], [16.81154, 45.48764], [16.81179, 45.4876], [16.81228, 45.48884], [16.81267, 45.48918], [16.81367, 45.48895], [16.8137, 45.48803], [16.81444, 45.48739], [16.81447, 45.48658], [16.81492, 45.48567], [16.81546, 45.48564], [16.81572, 45.48581], [16.81522, 45.48668], [16.8151, 45.48773], [16.81443, 45.48821], [16.81455, 45.48914], [16.81424, 45.4897], [16.81354, 45.48995], [16.81429, 45.48978], [16.8147, 45.48922], [16.81589, 45.48864], [16.81555, 45.48791], [16.81543, 45.48668], [16.81649, 45.48524], [16.81716, 45.48524], [16.81588, 45.48401], [16.81419, 45.48415], [16.81395, 45.48256], [16.81252, 45.48077], [16.81162, 45.48042], [16.81039, 45.47926], [16.80908, 45.47869], [16.80869, 45.47809], [16.80792, 45.47809], [16.80732, 45.47782], [16.8076, 45.47742], [16.80943, 45.47775], [16.80971, 45.4781], [16.81047, 45.47848], [16.81145, 45.47815], [16.81179, 45.4783], [16.81125, 45.47867], [16.81164, 45.47888], [16.81164, 45.47929], [16.81275, 45.47979], [16.81347, 45.47967], [16.81324, 45.47902], [16.81364, 45.47918], [16.8151, 45.47903], [16.81607, 45.4792], [16.81601, 45.47938], [16.81444, 45.47939], [16.8139, 45.47981], [16.81338, 45.47992], [16.81339, 45.48008], [16.8149, 45.48052], [16.81435, 45.47984], [16.8147, 45.47974], [16.81599, 45.48008], [16.8172, 45.47973], [16.8172, 45.48022], [16.8179, 45.48101], [16.81861, 45.48085], [16.81805, 45.47999], [16.8171, 45.4795], [16.81696, 45.47961], [16.81642, 45.47949], [16.81653, 45.47922], [16.81628, 45.4791], [16.81596, 45.47902], [16.81587, 45.47916], [16.81517, 45.47881], [16.81493, 45.47896], [16.8147, 45.4788], [16.81448, 45.47889], [16.8138, 45.47832]]], [[[16.81163, 45.47951], [16.81163, 45.47954], [16.81167, 45.47954], [16.81163, 45.47951]]], [[[16.82054, 45.48247], [16.82006, 45.48191], [16.81913, 45.48132], [16.81893, 45.48168], [16.81977, 45.48225], [16.82054, 45.48247]]], [[[16.8206, 45.48281], [16.82058, 45.48265], [16.81928, 45.48326], [16.81963, 45.48354], [16.82068, 45.48325], [16.82064, 45.48302], [16.82023, 45.48305], [16.82018, 45.48288], [16.8206, 45.48281]]], [[[16.82121, 45.48417], [16.82107, 45.48399], [16.8214, 45.48465], [16.82171, 45.48441], [16.82121, 45.48417]]], [[[16.82308, 45.48495], [16.82275, 45.48482], [16.82253, 45.48509], [16.82295, 45.48517], [16.8234, 45.48501], [16.82308, 45.48495]]], [[[16.82699, 45.48573], [16.82616, 45.48538], [16.82471, 45.48564], [16.8255, 45.48588], [16.82603, 45.48659], [16.82736, 45.48638], [16.82699, 45.48573]]], [[[16.80982, 45.48813], [16.81129, 45.48853], [16.81053, 45.48748], [16.81069, 45.4859], [16.81054, 45.48587], [16.81051, 45.48694], [16.80989, 45.48727], [16.81051, 45.48745], [16.80982, 45.48813]]], [[[16.81139, 45.49119], [16.81189, 45.48978], [16.81167, 45.4901], [16.81117, 45.49008], [16.811, 45.49049], [16.81004, 45.49061], [16.81003, 45.49169], [16.80963, 45.49137], [16.80937, 45.49231], [16.80999, 45.49259], [16.81298, 45.49196], [16.81327, 45.4908], [16.81268, 45.49049], [16.81261, 45.49], [16.81209, 45.49139], [16.81162, 45.49149], [16.81139, 45.49119]]], [[[16.81962, 45.49105], [16.82099, 45.49086], [16.82393, 45.49095], [16.82417, 45.49082], [16.82454, 45.49092], [16.82461, 45.49128], [16.8251, 45.49132], [16.82509, 45.4907], [16.82312, 45.49055], [16.82242, 45.4899], [16.8199, 45.49021], [16.8196, 45.49101], [16.81897, 45.49099], [16.81962, 45.49105]]], [[[16.81697, 45.491], [16.81851, 45.49093], [16.81879, 45.49098], [16.81739, 45.49032], [16.81697, 45.491]]], [[[16.81566, 45.49058], [16.81493, 45.4905], [16.81455, 45.49073], [16.81513, 45.49129], [16.81559, 45.4912], [16.81546, 45.49101], [16.81596, 45.49114], [16.81683, 45.49102], [16.81651, 45.49045], [16.81566, 45.49058]]], [[[16.8151, 45.49186], [16.81557, 45.49234], [16.81621, 45.49228], [16.81651, 45.49192], [16.81693, 45.49182], [16.8177, 45.49193], [16.81769, 45.49221], [16.8185, 45.49222], [16.81867, 45.49201], [16.81968, 45.49204], [16.82034, 45.49225], [16.82153, 45.49309], [16.82223, 45.49311], [16.82247, 45.49309], [16.82149, 45.49228], [16.82152, 45.49202], [16.82253, 45.49212], [16.82268, 45.49232], [16.82356, 45.49173], [16.82475, 45.49191], [16.82485, 45.49186], [16.82334, 45.49144], [16.8226, 45.49141], [16.82055, 45.49142], [16.82046, 45.49163], [16.8171, 45.49153], [16.81612, 45.49167], [16.81615, 45.49208], [16.81595, 45.4917], [16.8158, 45.49186], [16.81574, 45.49173], [16.8151, 45.49186]]], [[[16.81116, 45.5219], [16.81078, 45.52193], [16.81099, 45.52233], [16.81139, 45.52248], [16.81172, 45.52206], [16.81116, 45.5219]]], [[[16.81347, 45.52321], [16.8138, 45.52341], [16.81414, 45.52307], [16.81222, 45.52221], [16.81188, 45.52292], [16.81239, 45.52312], [16.81276, 45.52282], [16.81352, 45.52303], [16.81347, 45.52321]]], [[[16.81552, 45.5244], [16.81585, 45.52397], [16.81488, 45.52341], [16.81405, 45.52415], [16.81495, 45.52489], [16.81552, 45.5244]]], [[[16.82547, 45.38754], [16.82532, 45.38759], [16.8252, 45.38769], [16.82547, 45.3877], [16.82547, 45.38754]]], [[[16.8284, 45.39214], [16.82841, 45.39215], [16.8289, 45.39213], [16.8284, 45.39214]]], [[[16.82757, 45.39215], [16.82764, 45.3922], [16.82798, 45.39214], [16.82757, 45.39215]]], [[[16.83015, 45.39211], [16.83018, 45.39245], [16.83075, 45.39273], [16.83077, 45.3921], [16.83015, 45.39211]]], [[[16.83094, 45.3921], [16.83092, 45.39276], [16.8315, 45.39286], [16.8317, 45.39208], [16.83094, 45.3921]]], [[[16.83257, 45.3923], [16.83324, 45.39206], [16.83184, 45.39208], [16.8316, 45.3929], [16.832, 45.39301], [16.83257, 45.3923]]], [[[16.82774, 45.39325], [16.82864, 45.39328], [16.82878, 45.39224], [16.82726, 45.3923], [16.82749, 45.39215], [16.82702, 45.39216], [16.82707, 45.39274], [16.82712, 45.39235], [16.82749, 45.39238], [16.82774, 45.39325]]], [[[16.82948, 45.39268], [16.82938, 45.3922], [16.82899, 45.39223], [16.82888, 45.39337], [16.82968, 45.39339], [16.83031, 45.39319], [16.82948, 45.39268]]], [[[16.83575, 45.39213], [16.8334, 45.39206], [16.83323, 45.39228], [16.83268, 45.39238], [16.83212, 45.39306], [16.83253, 45.39327], [16.8349, 45.39253], [16.83502, 45.39335], [16.83549, 45.39366], [16.83521, 45.39383], [16.83493, 45.39348], [16.83444, 45.39367], [16.83472, 45.39397], [16.83523, 45.39396], [16.83554, 45.39373], [16.83558, 45.39331], [16.83589, 45.39308], [16.83742, 45.39297], [16.83938, 45.39239], [16.83925, 45.39218], [16.83986, 45.39208], [16.83979, 45.39195], [16.83972, 45.39206], [16.83587, 45.39202], [16.83597, 45.3925], [16.83575, 45.39213]], [[16.83515, 45.39223], [16.83519, 45.39245], [16.83531, 45.39257], [16.83485, 45.39231], [16.83515, 45.39223]]], [[[16.83373, 45.39379], [16.83488, 45.39342], [16.83468, 45.39265], [16.83263, 45.39335], [16.83348, 45.39391], [16.83372, 45.39384], [16.8343, 45.39415], [16.83445, 45.39407], [16.83424, 45.39372], [16.83373, 45.39379]]], [[[16.83119, 45.3953], [16.83143, 45.39496], [16.82962, 45.39479], [16.82965, 45.3955], [16.8311, 45.39562], [16.83119, 45.3953]]], [[[16.82754, 45.39809], [16.82923, 45.39716], [16.83019, 45.3972], [16.83012, 45.39562], [16.82881, 45.39579], [16.82949, 45.39563], [16.82928, 45.39427], [16.83021, 45.39413], [16.82953, 45.39428], [16.82942, 45.39458], [16.83133, 45.39486], [16.83199, 45.39452], [16.83122, 45.39562], [16.83297, 45.39475], [16.83171, 45.39351], [16.83052, 45.39324], [16.83017, 45.39337], [16.83017, 45.3938], [16.83001, 45.39342], [16.82949, 45.39353], [16.82757, 45.39336], [16.82781, 45.3939], [16.82749, 45.39485], [16.82721, 45.39479], [16.82732, 45.39449], [16.82514, 45.39557], [16.82415, 45.39633], [16.82343, 45.39752], [16.82388, 45.39759], [16.82412, 45.39825], [16.82459, 45.39824], [16.82422, 45.39774], [16.82675, 45.39824], [16.82754, 45.39809]], [[16.82565, 45.39598], [16.8252, 45.39585], [16.82519, 45.39563], [16.82555, 45.39587], [16.82589, 45.39573], [16.82565, 45.39598]], [[16.82764, 45.39682], [16.82745, 45.39668], [16.82727, 45.39705], [16.82651, 45.397], [16.82644, 45.39721], [16.82602, 45.39712], [16.82588, 45.39609], [16.82727, 45.39603], [16.82734, 45.39588], [16.82708, 45.39586], [16.82721, 45.3955], [16.82749, 45.39562], [16.82771, 45.39578], [16.82764, 45.39682]]], [[[16.83096, 45.39648], [16.83104, 45.39576], [16.83075, 45.3957], [16.8308, 45.39621], [16.83068, 45.39578], [16.83036, 45.39569], [16.8304, 45.39668], [16.83096, 45.39648]]], [[[16.83654, 45.39595], [16.83626, 45.39622], [16.83637, 45.3964], [16.83582, 45.39655], [16.83576, 45.39644], [16.83525, 45.39673], [16.83533, 45.39712], [16.83296, 45.39787], [16.833, 45.39829], [16.83213, 45.39847], [16.83223, 45.39882], [16.83188, 45.39885], [16.83214, 45.39941], [16.83181, 45.39976], [16.83093, 45.39988], [16.8304, 45.39952], [16.83031, 45.399], [16.83087, 45.39819], [16.83161, 45.39858], [16.83097, 45.39804], [16.82949, 45.399], [16.8293, 45.39921], [16.82934, 45.40007], [16.82978, 45.40084], [16.82963, 45.40118], [16.83493, 45.40014], [16.83421, 45.39832], [16.83505, 45.40012], [16.83962, 45.39921], [16.83949, 45.39893], [16.83981, 45.39887], [16.84017, 45.39827], [16.84005, 45.39789], [16.84037, 45.39834], [16.84019, 45.39863], [16.8412, 45.39891], [16.84344, 45.39842], [16.84342, 45.39829], [16.84389, 45.39822], [16.84383, 45.39784], [16.84411, 45.39784], [16.8442, 45.39812], [16.8449, 45.39786], [16.84506, 45.39804], [16.84898, 45.39728], [16.84891, 45.39661], [16.84854, 45.39634], [16.84797, 45.39679], [16.84806, 45.39705], [16.84787, 45.39692], [16.84721, 45.39721], [16.84717, 45.39708], [16.8478, 45.39677], [16.84771, 45.3965], [16.84794, 45.39663], [16.84884, 45.39601], [16.84876, 45.39574], [16.84679, 45.39582], [16.84769, 45.39551], [16.84863, 45.39552], [16.84828, 45.39491], [16.84876, 45.39551], [16.85041, 45.39519], [16.85181, 45.39449], [16.8535, 45.3948], [16.85354, 45.39451], [16.85382, 45.39441], [16.85373, 45.39355], [16.85395, 45.39438], [16.8542, 45.39433], [16.85422, 45.39446], [16.85387, 45.39453], [16.85377, 45.39478], [16.85529, 45.39455], [16.8552, 45.39344], [16.85541, 45.39451], [16.8561, 45.39445], [16.85601, 45.39309], [16.85621, 45.39441], [16.8592, 45.39397], [16.85904, 45.39364], [16.85831, 45.39381], [16.85786, 45.39284], [16.85883, 45.3926], [16.85858, 45.39165], [16.85545, 45.3917], [16.85461, 45.39201], [16.8539, 45.39173], [16.85157, 45.39176], [16.85158, 45.39194], [16.85079, 45.39178], [16.84994, 45.39188], [16.84905, 45.39212], [16.84847, 45.39255], [16.84826, 45.39359], [16.84748, 45.39353], [16.84466, 45.39405], [16.84456, 45.39355], [16.84331, 45.3937], [16.84312, 45.39375], [16.84334, 45.39451], [16.84078, 45.39485], [16.84065, 45.39447], [16.84028, 45.39459], [16.84042, 45.39506], [16.84014, 45.3954], [16.8404, 45.39586], [16.83814, 45.39626], [16.83761, 45.39555], [16.83654, 45.39595]], [[16.83553, 45.39926], [16.835, 45.39807], [16.8351, 45.39802], [16.83583, 45.39979], [16.83553, 45.39926]], [[16.8364, 45.39863], [16.83697, 45.39932], [16.83644, 45.39886], [16.8364, 45.39863]], [[16.8397, 45.39774], [16.83995, 45.39774], [16.83916, 45.39797], [16.83911, 45.39788], [16.8397, 45.39774]], [[16.85451, 45.39437], [16.85412, 45.39305], [16.85564, 45.39303], [16.85429, 45.39315], [16.85451, 45.39437]]], [[[16.82586, 45.39981], [16.82439, 45.39994], [16.82416, 45.40012], [16.82486, 45.40029], [16.82564, 45.40026], [16.82583, 45.40008], [16.82659, 45.40011], [16.82669, 45.39982], [16.82586, 45.39981]]], [[[16.82654, 45.40458], [16.82677, 45.40524], [16.82775, 45.40345], [16.82714, 45.40352], [16.82665, 45.40328], [16.8264, 45.40355], [16.82588, 45.40362], [16.8258, 45.40403], [16.82647, 45.40425], [16.82654, 45.40458]]], [[[16.82491, 45.40582], [16.82495, 45.4061], [16.82554, 45.40639], [16.82562, 45.40676], [16.82508, 45.40722], [16.82495, 45.40786], [16.82412, 45.40857], [16.8245, 45.40935], [16.82657, 45.40546], [16.82571, 45.40531], [16.82491, 45.40582]]], [[[16.83901, 45.41132], [16.84001, 45.41143], [16.82935, 45.41021], [16.83901, 45.41132]]], [[[16.84071, 45.41434], [16.84141, 45.41369], [16.84078, 45.41266], [16.83777, 45.41401], [16.83654, 45.41513], [16.83697, 45.41774], [16.84071, 45.41434]]], [[[16.82668, 45.42239], [16.82662, 45.42239], [16.82696, 45.42239], [16.82696, 45.42239], [16.82668, 45.42239]]], [[[16.82919, 45.42265], [16.82932, 45.42249], [16.82833, 45.4225], [16.82928, 45.42296], [16.82919, 45.42265]]], [[[16.83689, 45.42671], [16.83682, 45.42698], [16.83222, 45.43153], [16.83144, 45.43191], [16.83206, 45.43214], [16.84778, 45.41691], [16.85177, 45.41262], [16.85115, 45.41259], [16.85109, 45.41288], [16.83739, 45.42649], [16.83689, 45.42671]]], [[[16.83281, 45.43253], [16.83396, 45.43312], [16.83429, 45.43286], [16.83447, 45.43298], [16.83416, 45.43322], [16.83513, 45.43371], [16.83599, 45.43388], [16.83601, 45.43352], [16.83634, 45.43324], [16.83729, 45.43303], [16.83792, 45.4333], [16.83888, 45.43299], [16.83938, 45.43246], [16.84016, 45.43227], [16.841, 45.43238], [16.84123, 45.43176], [16.84236, 45.43135], [16.8441, 45.4322], [16.84416, 45.43258], [16.84495, 45.43273], [16.84541, 45.43311], [16.84599, 45.43329], [16.84769, 45.43339], [16.84848, 45.43407], [16.85014, 45.43359], [16.85146, 45.4336], [16.85192, 45.43375], [16.85217, 45.4334], [16.85264, 45.43324], [16.85335, 45.43337], [16.85364, 45.43384], [16.85429, 45.43426], [16.85521, 45.43397], [16.85681, 45.43404], [16.85726, 45.43351], [16.85816, 45.43352], [16.85872, 45.43393], [16.85853, 45.43498], [16.8609, 45.43297], [16.86244, 45.43148], [16.84893, 45.42669], [16.84517, 45.42798], [16.84099, 45.42502], [16.85071, 45.41542], [16.85164, 45.41476], [16.85162, 45.41445], [16.85288, 45.41306], [16.85258, 45.41293], [16.8485, 45.41731], [16.83281, 45.43253]], [[16.8517, 45.43035], [16.85055, 45.43064], [16.84937, 45.43068], [16.84748, 45.43037], [16.84598, 45.42979], [16.84899, 45.42875], [16.85327, 45.4303], [16.8517, 45.43035]], [[16.83958, 45.4288], [16.84085, 45.42757], [16.84222, 45.42853], [16.84047, 45.4287], [16.83925, 45.42911], [16.83958, 45.4288]]], [[[16.83109, 45.4324], [16.83154, 45.43266], [16.83161, 45.43258], [16.83128, 45.43243], [16.83109, 45.4324]]], [[[16.82813, 45.43317], [16.82831, 45.43282], [16.82874, 45.43261], [16.82585, 45.43301], [16.82641, 45.43355], [16.82711, 45.43328], [16.82754, 45.43358], [16.82813, 45.43317]]], [[[16.8334, 45.4335], [16.83327, 45.43368], [16.83378, 45.43369], [16.8334, 45.43349], [16.8334, 45.4335]]], [[[16.83706, 45.44234], [16.83396, 45.44312], [16.83351, 45.44325], [16.83356, 45.44337], [16.83685, 45.44304], [16.83875, 45.44303], [16.83883, 45.44377], [16.83988, 45.44399], [16.84118, 45.44343], [16.84174, 45.44351], [16.84354, 45.44481], [16.84369, 45.44527], [16.8434, 45.44593], [16.84357, 45.44611], [16.84531, 45.44655], [16.84631, 45.44569], [16.84708, 45.44562], [16.84794, 45.44589], [16.8486, 45.44516], [16.84914, 45.44509], [16.84975, 45.44543], [16.85073, 45.4446], [16.85616, 45.44362], [16.86928, 45.43812], [16.86791, 45.43844], [16.86741, 45.43834], [16.86712, 45.43805], [16.86627, 45.43813], [16.86487, 45.43851], [16.85984, 45.43758], [16.85895, 45.4376], [16.85879, 45.43808], [16.85838, 45.43824], [16.85719, 45.43788], [16.85695, 45.43712], [16.85657, 45.43695], [16.85619, 45.43692], [16.85547, 45.43731], [16.85375, 45.43714], [16.8533, 45.43692], [16.85232, 45.43746], [16.85154, 45.43724], [16.85062, 45.43745], [16.84991, 45.43711], [16.84953, 45.43776], [16.84868, 45.43797], [16.84796, 45.43781], [16.84529, 45.43902], [16.84059, 45.44166], [16.83856, 45.44221], [16.83706, 45.44234]], [[16.85254, 45.44244], [16.85083, 45.44264], [16.84684, 45.44379], [16.84576, 45.44389], [16.84353, 45.44216], [16.84633, 45.44058], [16.84759, 45.44088], [16.84922, 45.44091], [16.85149, 45.44039], [16.85265, 45.44041], [16.85418, 45.44015], [16.85595, 45.44077], [16.85736, 45.44101], [16.85507, 45.44194], [16.85254, 45.44244]]], [[[16.83101, 45.44418], [16.83158, 45.44404], [16.83141, 45.44384], [16.83097, 45.44405], [16.83101, 45.44418]]], [[[16.83836, 45.44421], [16.8377, 45.44359], [16.83717, 45.4437], [16.83655, 45.44432], [16.83853, 45.44429], [16.83836, 45.44421]]], [[[16.82953, 45.44475], [16.82927, 45.44479], [16.82913, 45.44495], [16.82903, 45.44543], [16.82926, 45.44522], [16.82921, 45.44487], [16.82953, 45.44475]]], [[[16.83378, 45.44455], [16.83294, 45.44454], [16.83223, 45.4447], [16.83259, 45.44479], [16.83889, 45.45007], [16.8557, 45.4491], [16.85791, 45.44935], [16.85993, 45.45006], [16.85995, 45.4493], [16.85914, 45.4485], [16.85583, 45.44616], [16.85485, 45.44524], [16.85409, 45.44492], [16.85325, 45.44477], [16.85109, 45.44509], [16.85004, 45.44596], [16.84945, 45.44594], [16.84894, 45.44568], [16.84861, 45.44624], [16.84809, 45.44642], [16.84661, 45.44619], [16.84619, 45.44676], [16.8453, 45.44713], [16.84473, 45.44693], [16.84397, 45.44696], [16.84324, 45.44667], [16.8421, 45.44553], [16.84047, 45.44446], [16.83378, 45.44455]], [[16.85217, 45.44759], [16.85102, 45.44766], [16.85202, 45.44721], [16.85262, 45.44669], [16.85313, 45.44663], [16.85406, 45.44751], [16.85217, 45.44759]], [[16.83754, 45.446], [16.83879, 45.44629], [16.84007, 45.44636], [16.84073, 45.4474], [16.84181, 45.4482], [16.84025, 45.44829], [16.83754, 45.446]]], [[[16.83191, 45.44496], [16.83201, 45.44478], [16.82991, 45.44552], [16.83039, 45.44574], [16.83088, 45.44659], [16.83214, 45.44732], [16.83242, 45.4477], [16.83369, 45.44801], [16.83434, 45.44934], [16.83541, 45.44967], [16.83571, 45.45032], [16.83804, 45.45014], [16.83191, 45.44496]]], [[[16.83583, 45.4512], [16.83716, 45.45216], [16.8372, 45.45261], [16.83821, 45.45441], [16.8393, 45.45428], [16.84145, 45.45439], [16.84202, 45.45478], [16.84274, 45.45485], [16.84312, 45.45521], [16.84299, 45.45625], [16.84196, 45.45679], [16.84017, 45.45647], [16.83957, 45.45661], [16.83873, 45.45647], [16.83881, 45.45784], [16.85325, 45.4566], [16.8532, 45.45612], [16.85381, 45.4555], [16.85518, 45.45499], [16.85616, 45.45421], [16.85751, 45.45364], [16.85966, 45.45324], [16.85866, 45.45287], [16.8583, 45.45204], [16.85874, 45.45127], [16.85967, 45.45058], [16.85768, 45.44987], [16.85628, 45.44965], [16.83561, 45.45087], [16.83557, 45.45111], [16.83583, 45.4512]], [[16.85268, 45.4525], [16.85104, 45.45326], [16.84973, 45.45443], [16.84821, 45.45526], [16.84735, 45.4554], [16.84704, 45.45413], [16.84633, 45.45322], [16.8452, 45.45244], [16.84391, 45.45195], [16.85479, 45.45135], [16.85268, 45.4525]]], [[[16.82779, 45.46526], [16.82828, 45.46585], [16.82769, 45.46672], [16.83012, 45.46599], [16.83003, 45.46564], [16.83027, 45.46532], [16.83001, 45.46485], [16.8289, 45.46351], [16.82847, 45.46331], [16.82839, 45.46394], [16.82771, 45.46478], [16.82779, 45.46526]]], [[[16.83963, 45.46406], [16.83941, 45.46401], [16.839, 45.46546], [16.8401, 45.46487], [16.8403, 45.464], [16.83963, 45.46406]]], [[[16.83852, 45.46567], [16.83852, 45.46569], [16.83857, 45.46566], [16.83852, 45.46567]]], [[[16.83653, 45.46844], [16.83629, 45.46848], [16.83609, 45.4683], [16.83629, 45.46823], [16.83626, 45.46765], [16.83682, 45.46733], [16.83636, 45.46718], [16.83612, 45.46685], [16.83651, 45.46549], [16.83606, 45.46572], [16.83534, 45.46568], [16.83416, 45.46605], [16.83347, 45.46647], [16.83549, 45.46819], [16.83558, 45.46901], [16.83665, 45.4693], [16.837, 45.4688], [16.83653, 45.46844]]], [[[16.82677, 45.46814], [16.82702, 45.46805], [16.82628, 45.46848], [16.82677, 45.46814]]], [[[16.82702, 45.46805], [16.82737, 45.46792], [16.82774, 45.46868], [16.82702, 45.46916], [16.82736, 45.46968], [16.82797, 45.46973], [16.82811, 45.47022], [16.82924, 45.47015], [16.82987, 45.47057], [16.83033, 45.47146], [16.83096, 45.47186], [16.83104, 45.47213], [16.83124, 45.47206], [16.83116, 45.47132], [16.83174, 45.47095], [16.83219, 45.47029], [16.83163, 45.47007], [16.83142, 45.46963], [16.83074, 45.46915], [16.83081, 45.46874], [16.83136, 45.46843], [16.83124, 45.46802], [16.83072, 45.46784], [16.83049, 45.46745], [16.82969, 45.46754], [16.82905, 45.46737], [16.82868, 45.46705], [16.82721, 45.46742], [16.82719, 45.46762], [16.82693, 45.46754], [16.82702, 45.46805]]], [[[16.8379, 45.46897], [16.83773, 45.469], [16.83773, 45.46901], [16.83784, 45.46905], [16.8379, 45.46897]]], [[[16.83671, 45.47254], [16.8369, 45.47228], [16.83635, 45.47177], [16.83674, 45.47111], [16.8362, 45.47062], [16.83638, 45.4697], [16.83505, 45.46971], [16.83433, 45.46935], [16.83432, 45.46788], [16.83274, 45.46643], [16.83246, 45.46636], [16.83215, 45.46668], [16.83284, 45.46735], [16.83357, 45.46756], [16.83413, 45.46856], [16.83413, 45.46916], [16.83372, 45.46972], [16.83398, 45.47038], [16.8336, 45.47077], [16.83409, 45.4705], [16.83385, 45.4712], [16.83423, 45.47087], [16.83506, 45.47061], [16.83486, 45.47028], [16.83455, 45.47024], [16.83458, 45.46984], [16.83586, 45.46997], [16.83587, 45.47041], [16.83561, 45.47051], [16.83593, 45.47076], [16.83588, 45.47158], [16.83618, 45.47171], [16.83629, 45.47209], [16.83562, 45.47231], [16.83451, 45.47219], [16.83442, 45.47276], [16.8351, 45.47312], [16.8366, 45.47324], [16.83664, 45.47338], [16.83611, 45.47349], [16.83599, 45.47411], [16.83686, 45.47431], [16.83779, 45.47582], [16.83773, 45.47623], [16.83886, 45.47651], [16.83828, 45.47545], [16.83706, 45.47415], [16.83671, 45.47254]]], [[[16.82694, 45.47111], [16.82715, 45.47094], [16.82702, 45.47078], [16.82695, 45.47105], [16.82694, 45.47111]]], [[[16.83889, 45.46996], [16.83841, 45.46921], [16.83782, 45.47023], [16.83775, 45.47092], [16.83809, 45.47154], [16.8378, 45.47212], [16.83829, 45.47236], [16.83845, 45.47278], [16.83824, 45.47312], [16.83777, 45.47329], [16.83779, 45.47395], [16.83946, 45.47585], [16.83961, 45.47639], [16.84066, 45.47605], [16.8414, 45.47626], [16.84161, 45.47669], [16.84151, 45.47728], [16.84245, 45.47602], [16.84137, 45.47608], [16.8407, 45.47541], [16.84044, 45.47448], [16.83858, 45.47222], [16.83923, 45.47192], [16.83895, 45.47149], [16.84022, 45.47089], [16.84024, 45.47036], [16.83968, 45.4703], [16.839, 45.47073], [16.83869, 45.47044], [16.83889, 45.46996]]], [[[16.8326, 45.47339], [16.83251, 45.47348], [16.83292, 45.4736], [16.83327, 45.47341], [16.83282, 45.47298], [16.8326, 45.47339]]], [[[16.83111, 45.47355], [16.83075, 45.47394], [16.83097, 45.47405], [16.83097, 45.47382], [16.83111, 45.47355]]], [[[16.82967, 45.4772], [16.82985, 45.47732], [16.83011, 45.47713], [16.83093, 45.4772], [16.8328, 45.4778], [16.83456, 45.4778], [16.83361, 45.47886], [16.83414, 45.47906], [16.83505, 45.4782], [16.83466, 45.47772], [16.8349, 45.4769], [16.8347, 45.47617], [16.83404, 45.47557], [16.83354, 45.47553], [16.83259, 45.47507], [16.83227, 45.47525], [16.83312, 45.47557], [16.83344, 45.47653], [16.83269, 45.47698], [16.83232, 45.47694], [16.832, 45.4762], [16.83029, 45.47667], [16.8283, 45.47522], [16.82791, 45.47579], [16.82825, 45.47639], [16.82893, 45.47645], [16.82857, 45.47665], [16.82967, 45.4772]]], [[[16.8361, 45.47664], [16.83654, 45.47705], [16.83657, 45.47744], [16.83699, 45.47726], [16.83758, 45.47642], [16.83724, 45.47629], [16.83704, 45.47661], [16.8361, 45.47664]]], [[[16.83853, 45.47764], [16.83844, 45.47793], [16.83826, 45.47814], [16.83908, 45.47799], [16.83899, 45.47733], [16.83853, 45.47764]]], [[[16.8286, 45.4847], [16.82886, 45.48502], [16.8282, 45.48539], [16.82647, 45.48415], [16.82583, 45.48484], [16.82691, 45.48504], [16.82856, 45.48583], [16.83213, 45.48535], [16.832, 45.48368], [16.83115, 45.48378], [16.83142, 45.48505], [16.83, 45.48496], [16.82911, 45.4841], [16.8285, 45.48379], [16.82806, 45.48403], [16.8286, 45.4847]]], [[[16.8326, 45.48536], [16.83662, 45.48526], [16.83921, 45.4854], [16.83927, 45.48514], [16.83839, 45.48477], [16.83702, 45.48462], [16.83578, 45.48502], [16.8326, 45.48536]]], [[[16.83102, 45.48607], [16.83222, 45.48589], [16.83182, 45.48587], [16.83102, 45.48607]]], [[[16.84027, 45.49015], [16.84002, 45.4899], [16.83608, 45.49082], [16.8378, 45.49073], [16.83843, 45.49096], [16.83876, 45.4908], [16.84063, 45.49085], [16.84046, 45.4901], [16.84027, 45.49015]]], [[[16.82808, 45.49154], [16.82951, 45.49174], [16.82956, 45.49158], [16.83005, 45.49176], [16.83019, 45.49145], [16.8304, 45.49155], [16.83032, 45.49178], [16.83054, 45.49166], [16.83224, 45.49186], [16.83231, 45.4917], [16.83271, 45.49195], [16.83369, 45.4921], [16.83018, 45.49082], [16.82868, 45.49055], [16.82678, 45.49049], [16.82603, 45.49137], [16.82808, 45.49154]]], [[[16.82779, 45.49207], [16.82774, 45.49243], [16.8276, 45.49204], [16.82616, 45.49215], [16.82613, 45.49192], [16.8259, 45.4919], [16.82674, 45.493], [16.82855, 45.49259], [16.82987, 45.49259], [16.8304, 45.49312], [16.83014, 45.49397], [16.83103, 45.49401], [16.83172, 45.49262], [16.83287, 45.49256], [16.83358, 45.49327], [16.83362, 45.49411], [16.83337, 45.49446], [16.8347, 45.49478], [16.83584, 45.49484], [16.83649, 45.49411], [16.83649, 45.49343], [16.83602, 45.49314], [16.83467, 45.49303], [16.83466, 45.49324], [16.83416, 45.4932], [16.83417, 45.4929], [16.83368, 45.49279], [16.83369, 45.49277], [16.83291, 45.49257], [16.83221, 45.4924], [16.82872, 45.49219], [16.82872, 45.49251], [16.82848, 45.49251], [16.82847, 45.49215], [16.82779, 45.49207]]], [[[16.84104, 45.39194], [16.8411, 45.39193], [16.84097, 45.39193], [16.84104, 45.39194]]], [[[16.84029, 45.39204], [16.84061, 45.39194], [16.84023, 45.39195], [16.84029, 45.39204]]], [[[16.84978, 45.39608], [16.84894, 45.39578], [16.84909, 45.39601], [16.84868, 45.39624], [16.84916, 45.39681], [16.8492, 45.39723], [16.85073, 45.39691], [16.84978, 45.39608]]], [[[16.84839, 45.39774], [16.84869, 45.39903], [16.85071, 45.39705], [16.8483, 45.3976], [16.84839, 45.39774]]], [[[16.84875, 45.39931], [16.84891, 45.40002], [16.85173, 45.4014], [16.85087, 45.39717], [16.84875, 45.39931]]], [[[16.85246, 45.40358], [16.85175, 45.4015], [16.84895, 45.40021], [16.84989, 45.40355], [16.85235, 45.4047], [16.85246, 45.40358]]], [[[16.85229, 45.40524], [16.85234, 45.40477], [16.84993, 45.40369], [16.84953, 45.40626], [16.85157, 45.40732], [16.85207, 45.40635], [16.85229, 45.40524]]], [[[16.85116, 45.4079], [16.8515, 45.40745], [16.84946, 45.40648], [16.84838, 45.40795], [16.84896, 45.40826], [16.84829, 45.40918], [16.85067, 45.4102], [16.85308, 45.40997], [16.85186, 45.41171], [16.85208, 45.41176], [16.85449, 45.40886], [16.85253, 45.40793], [16.85158, 45.40913], [16.85002, 45.40908], [16.85116, 45.4079]]], [[[16.84481, 45.41127], [16.84504, 45.41146], [16.84532, 45.41073], [16.84504, 45.41072], [16.84463, 45.411], [16.84481, 45.41127]]], [[[16.84051, 45.41155], [16.84027, 45.41149], [16.84043, 45.41184], [16.84051, 45.41157], [16.84051, 45.41155]]], [[[16.84393, 45.41136], [16.84361, 45.41133], [16.84326, 45.41173], [16.84339, 45.41205], [16.84404, 45.41161], [16.84393, 45.41136]]], [[[16.85065, 45.43586], [16.85069, 45.4357], [16.8505, 45.43569], [16.85058, 45.43577], [16.85065, 45.43586]]], [[[16.84899, 45.43601], [16.8487, 45.43613], [16.84884, 45.43634], [16.84907, 45.43621], [16.84899, 45.43601]]], [[[16.84233, 45.45975], [16.84324, 45.45922], [16.84367, 45.45927], [16.84375, 45.45959], [16.84326, 45.45984], [16.84356, 45.46022], [16.84399, 45.46006], [16.8441, 45.46023], [16.84368, 45.46039], [16.84438, 45.46122], [16.84626, 45.46084], [16.84682, 45.46054], [16.84656, 45.46027], [16.84485, 45.46008], [16.84471, 45.45978], [16.84539, 45.45944], [16.84499, 45.4593], [16.84622, 45.45882], [16.84688, 45.45905], [16.84637, 45.45943], [16.84713, 45.45965], [16.84745, 45.45948], [16.84699, 45.45887], [16.84737, 45.45845], [16.84796, 45.45833], [16.84845, 45.45846], [16.8491, 45.45818], [16.8496, 45.45826], [16.84999, 45.45794], [16.85107, 45.45768], [16.85122, 45.45736], [16.83886, 45.45838], [16.83958, 45.45934], [16.83953, 45.45971], [16.83919, 45.45996], [16.83958, 45.46048], [16.84, 45.46186], [16.84108, 45.46154], [16.84175, 45.4618], [16.8416, 45.46155], [16.84177, 45.46064], [16.84146, 45.46014], [16.8405, 45.46034], [16.83974, 45.45998], [16.84027, 45.45961], [16.84191, 45.45986], [16.84239, 45.46056], [16.84295, 45.46058], [16.84233, 45.45975]], [[16.84615, 45.4608], [16.84573, 45.46051], [16.84596, 45.4603], [16.84636, 45.46075], [16.84615, 45.4608]]], [[[16.84769, 45.46054], [16.8481, 45.46064], [16.84845, 45.45981], [16.84832, 45.45966], [16.84769, 45.46054]]], [[[16.85279, 45.45871], [16.85231, 45.45923], [16.85148, 45.45941], [16.85103, 45.45981], [16.85008, 45.4598], [16.84918, 45.46013], [16.84909, 45.46053], [16.84974, 45.46301], [16.85302, 45.46242], [16.85496, 45.46153], [16.8559, 45.4609], [16.85572, 45.4606], [16.85656, 45.45961], [16.856, 45.45867], [16.85621, 45.45761], [16.85797, 45.45753], [16.85999, 45.45781], [16.86065, 45.45813], [16.86135, 45.45774], [16.85921, 45.45667], [16.85867, 45.45523], [16.85812, 45.45576], [16.85756, 45.45584], [16.85703, 45.45561], [16.85637, 45.456], [16.85646, 45.45643], [16.85598, 45.45752], [16.8551, 45.45781], [16.85475, 45.45776], [16.85279, 45.45871]]], [[[16.84294, 45.46209], [16.84355, 45.4617], [16.8437, 45.46147], [16.84318, 45.46085], [16.84196, 45.46129], [16.84248, 45.46216], [16.84294, 45.46209]], [[16.84266, 45.46167], [16.84284, 45.46161], [16.84309, 45.46199], [16.84289, 45.46205], [16.84266, 45.46167]]], [[[16.84188, 45.46219], [16.84199, 45.46221], [16.84184, 45.46196], [16.84186, 45.46203], [16.84188, 45.46219]]], [[[16.84725, 45.46107], [16.8469, 45.46124], [16.84715, 45.46144], [16.84685, 45.46159], [16.84671, 45.46139], [16.84634, 45.46138], [16.84494, 45.46164], [16.84513, 45.46183], [16.84471, 45.46207], [16.84446, 45.46182], [16.84442, 45.46185], [16.84512, 45.46249], [16.84555, 45.46228], [16.8457, 45.4624], [16.84522, 45.46272], [16.84684, 45.46328], [16.84874, 45.46518], [16.8512, 45.46497], [16.85032, 45.46387], [16.84999, 45.46399], [16.84922, 45.4637], [16.84901, 45.46291], [16.84862, 45.46246], [16.84879, 45.46233], [16.8478, 45.46177], [16.84725, 45.46107]]], [[[16.84414, 45.46315], [16.84254, 45.4627], [16.84168, 45.4629], [16.84197, 45.46412], [16.84176, 45.46482], [16.84239, 45.46484], [16.8427, 45.46527], [16.84278, 45.46509], [16.84207, 45.4645], [16.84203, 45.46372], [16.84273, 45.46343], [16.84261, 45.4632], [16.84307, 45.46319], [16.84303, 45.46299], [16.84326, 45.46309], [16.84334, 45.46329], [16.84247, 45.46363], [16.84218, 45.46409], [16.8425, 45.46432], [16.84338, 45.46422], [16.84367, 45.46439], [16.84297, 45.46468], [16.84323, 45.46477], [16.84298, 45.46486], [16.8431, 45.4653], [16.84376, 45.46587], [16.84414, 45.4658], [16.84413, 45.46554], [16.84469, 45.46497], [16.84531, 45.46559], [16.8456, 45.46549], [16.84529, 45.46495], [16.8453, 45.46433], [16.84481, 45.4642], [16.84428, 45.46364], [16.84472, 45.46352], [16.84468, 45.46322], [16.84414, 45.46315]]], [[[16.84067, 45.46382], [16.84085, 45.46412], [16.84103, 45.46426], [16.84101, 45.46354], [16.84067, 45.46382]]], [[[16.846, 45.46625], [16.84603, 45.46613], [16.84584, 45.46613], [16.84597, 45.46623], [16.846, 45.46625]]], [[[16.84456, 45.46672], [16.84479, 45.46717], [16.84504, 45.4671], [16.84482, 45.4669], [16.84456, 45.46672]]], [[[16.84338, 45.46657], [16.84257, 45.46542], [16.84176, 45.46524], [16.84217, 45.46736], [16.84545, 45.46997], [16.84608, 45.47138], [16.84716, 45.47264], [16.84714, 45.47319], [16.84803, 45.47362], [16.84829, 45.47454], [16.84908, 45.47491], [16.85003, 45.4743], [16.84972, 45.47383], [16.84835, 45.47329], [16.84662, 45.47154], [16.8481, 45.47056], [16.84779, 45.47023], [16.84679, 45.47038], [16.84582, 45.46963], [16.84553, 45.46887], [16.84456, 45.46823], [16.84427, 45.4674], [16.84338, 45.46657]]], [[[16.8502, 45.46687], [16.85083, 45.46773], [16.85147, 45.46963], [16.85229, 45.47064], [16.85241, 45.47227], [16.85317, 45.47282], [16.85336, 45.47328], [16.85277, 45.47388], [16.8522, 45.47366], [16.85157, 45.47395], [16.85178, 45.47447], [16.85319, 45.47467], [16.85365, 45.47427], [16.8533, 45.47368], [16.8545, 45.47326], [16.8539, 45.47247], [16.85301, 45.47212], [16.85262, 45.4709], [16.85312, 45.47071], [16.85157, 45.46885], [16.85171, 45.46784], [16.85079, 45.4668], [16.8502, 45.46687]]], [[[16.85068, 45.46967], [16.85063, 45.46972], [16.85088, 45.47001], [16.85076, 45.46983], [16.85068, 45.46967]]], [[[16.84511, 45.47106], [16.84481, 45.47027], [16.84368, 45.46948], [16.84338, 45.46971], [16.8451, 45.47106], [16.84614, 45.47313], [16.84637, 45.47321], [16.84644, 45.47285], [16.84511, 45.47106]]], [[[16.85017, 45.47581], [16.84991, 45.4755], [16.84807, 45.47551], [16.84709, 45.47694], [16.84704, 45.47864], [16.84775, 45.47831], [16.84764, 45.47769], [16.84823, 45.47743], [16.84811, 45.4768], [16.85017, 45.47581]]], [[[16.84344, 45.47731], [16.84389, 45.47771], [16.84445, 45.47781], [16.84491, 45.47814], [16.84591, 45.47843], [16.84626, 45.47835], [16.84633, 45.47687], [16.84663, 45.47616], [16.84578, 45.47651], [16.846, 45.47786], [16.84533, 45.4779], [16.84454, 45.47758], [16.84366, 45.47685], [16.84366, 45.47642], [16.84329, 45.47638], [16.84302, 45.47696], [16.84344, 45.47731]]], [[[16.84482, 45.47872], [16.8449, 45.47872], [16.84483, 45.4787], [16.84482, 45.47872]]], [[[16.84284, 45.47865], [16.84236, 45.47869], [16.84159, 45.47891], [16.84197, 45.47926], [16.84243, 45.47874], [16.84324, 45.47859], [16.84284, 45.47865]]], [[[16.84542, 45.47888], [16.84519, 45.47881], [16.84541, 45.47892], [16.84542, 45.47888]]], [[[16.84784, 45.47938], [16.84817, 45.47969], [16.84905, 45.47968], [16.8491, 45.47944], [16.84964, 45.47943], [16.84964, 45.47887], [16.84832, 45.47888], [16.84816, 45.47917], [16.8474, 45.47914], [16.84784, 45.47938]]], [[[16.84923, 45.48101], [16.84935, 45.48107], [16.84924, 45.48095], [16.84923, 45.48101]]], [[[16.84997, 45.48148], [16.8501, 45.48171], [16.85075, 45.48195], [16.85142, 45.48166], [16.85106, 45.48082], [16.85062, 45.4807], [16.85058, 45.48135], [16.84976, 45.48132], [16.84997, 45.48148]]], [[[16.85075, 45.48391], [16.85069, 45.48433], [16.85133, 45.48373], [16.85107, 45.48345], [16.85076, 45.4836], [16.85075, 45.48391]]], [[[16.8511, 45.48514], [16.85113, 45.48514], [16.85103, 45.48501], [16.85102, 45.48514], [16.8511, 45.48514]]], [[[16.85248, 45.48552], [16.85189, 45.48558], [16.8521, 45.48597], [16.85248, 45.48552]]], [[[16.8529, 45.4867], [16.85379, 45.48641], [16.85374, 45.48595], [16.85247, 45.48631], [16.8529, 45.4867]]], [[[16.84472, 45.48657], [16.84463, 45.48635], [16.84438, 45.48631], [16.8444, 45.48664], [16.84472, 45.48657]]], [[[16.84963, 45.48675], [16.84988, 45.48668], [16.8498, 45.48655], [16.85033, 45.48648], [16.84981, 45.4865], [16.84926, 45.48695], [16.84963, 45.48675]]], [[[16.85402, 45.4874], [16.85414, 45.48775], [16.85442, 45.48765], [16.85409, 45.48711], [16.85384, 45.48716], [16.85402, 45.4874]]], [[[16.84743, 45.48849], [16.8459, 45.48906], [16.84723, 45.48879], [16.8475, 45.48911], [16.84958, 45.48898], [16.8491, 45.48837], [16.84958, 45.48795], [16.84968, 45.4874], [16.84826, 45.48824], [16.84839, 45.48845], [16.84805, 45.48858], [16.84794, 45.48844], [16.84821, 45.48835], [16.84788, 45.4882], [16.84743, 45.48849]]], [[[16.84458, 45.48986], [16.84477, 45.48979], [16.84471, 45.48936], [16.84451, 45.48941], [16.84453, 45.4892], [16.84399, 45.48887], [16.84419, 45.48872], [16.84455, 45.48893], [16.84513, 45.48845], [16.84544, 45.48863], [16.84699, 45.48793], [16.84605, 45.48775], [16.84493, 45.4871], [16.84435, 45.48738], [16.84363, 45.48715], [16.84333, 45.48725], [16.84352, 45.48755], [16.84296, 45.4882], [16.84231, 45.48853], [16.84177, 45.48937], [16.842, 45.49015], [16.84224, 45.49057], [16.84295, 45.49019], [16.84458, 45.48986]], [[16.84466, 45.48727], [16.84524, 45.48758], [16.84508, 45.48769], [16.84453, 45.4874], [16.84466, 45.48727]], [[16.8447, 45.48773], [16.8446, 45.48781], [16.84449, 45.48777], [16.84459, 45.48767], [16.8447, 45.48773]], [[16.84542, 45.48798], [16.84554, 45.4881], [16.84532, 45.48822], [16.8452, 45.4881], [16.84542, 45.48798]], [[16.84289, 45.48904], [16.84312, 45.4888], [16.84327, 45.48877], [16.8432, 45.48902], [16.84274, 45.48919], [16.84261, 45.48888], [16.84281, 45.48884], [16.84289, 45.48904]]], [[[16.84548, 45.48947], [16.84603, 45.49075], [16.84619, 45.49073], [16.84624, 45.49121], [16.84658, 45.49153], [16.84637, 45.4915], [16.84703, 45.49316], [16.84758, 45.49316], [16.84712, 45.49329], [16.84709, 45.49375], [16.84716, 45.49469], [16.84752, 45.49477], [16.8472, 45.4949], [16.84751, 45.4957], [16.84814, 45.49563], [16.84965, 45.49494], [16.84948, 45.49408], [16.84896, 45.49357], [16.84936, 45.493], [16.84896, 45.49179], [16.84796, 45.49201], [16.84788, 45.49152], [16.84712, 45.49178], [16.84663, 45.4914], [16.84744, 45.49094], [16.84713, 45.49047], [16.84632, 45.49035], [16.84608, 45.4899], [16.84635, 45.48962], [16.84558, 45.48921], [16.84548, 45.48947]]], [[[16.84659, 45.49543], [16.84652, 45.49522], [16.8458, 45.49582], [16.84586, 45.49624], [16.84608, 45.49628], [16.84676, 45.49589], [16.84659, 45.49543]]], [[[16.85412, 45.52905], [16.8497, 45.52773], [16.84749, 45.52759], [16.84604, 45.52771], [16.84666, 45.53053], [16.84553, 45.53246], [16.8451, 45.53235], [16.84467, 45.53282], [16.84549, 45.53315], [16.8451, 45.53375], [16.84416, 45.53354], [16.84388, 45.53388], [16.844, 45.5345], [16.84573, 45.53487], [16.84579, 45.5343], [16.84753, 45.5345], [16.84713, 45.53502], [16.84766, 45.53516], [16.84754, 45.53556], [16.84718, 45.53576], [16.84593, 45.53554], [16.84586, 45.53585], [16.84378, 45.53517], [16.84361, 45.53559], [16.84298, 45.53592], [16.84988, 45.53581], [16.84968, 45.5347], [16.84906, 45.53409], [16.84823, 45.53371], [16.84769, 45.53258], [16.84868, 45.53062], [16.84845, 45.52928], [16.85352, 45.53066], [16.85464, 45.53082], [16.85571, 45.53075], [16.85565, 45.52903], [16.8548, 45.52917], [16.85412, 45.52905]]], [[[16.86041, 45.39216], [16.8598, 45.39239], [16.85887, 45.3923], [16.85896, 45.39255], [16.85941, 45.39251], [16.85863, 45.39274], [16.85941, 45.39396], [16.86197, 45.39361], [16.86393, 45.39419], [16.86398, 45.39333], [16.86324, 45.39349], [16.8628, 45.39295], [16.86302, 45.39288], [16.8634, 45.39333], [16.86398, 45.39321], [16.86392, 45.39156], [16.86119, 45.39161], [16.86124, 45.39174], [16.86056, 45.39185], [16.86041, 45.39216]]], [[[16.85648, 45.39474], [16.85841, 45.39532], [16.86035, 45.39532], [16.85813, 45.39429], [16.8539, 45.39494], [16.85524, 45.39494], [16.85648, 45.39474]]], [[[16.86061, 45.39529], [16.86267, 45.39633], [16.86388, 45.39427], [16.86204, 45.39372], [16.85837, 45.39425], [16.86061, 45.39529]]], [[[16.86381, 45.3968], [16.8641, 45.39695], [16.86408, 45.39633], [16.86382, 45.39678], [16.86381, 45.3968]]], [[[16.86151, 45.39828], [16.86261, 45.39643], [16.86063, 45.39545], [16.85957, 45.39729], [16.85898, 45.39768], [16.86092, 45.39867], [16.86151, 45.39828]]], [[[16.86195, 45.40052], [16.86246, 45.40068], [16.86271, 45.40101], [16.8624, 45.40179], [16.86169, 45.4021], [16.86089, 45.40178], [16.85807, 45.40602], [16.85513, 45.4099], [16.85561, 45.40937], [16.85682, 45.40965], [16.8574, 45.40894], [16.85916, 45.40816], [16.86044, 45.40639], [16.86116, 45.40612], [16.85903, 45.40501], [16.86128, 45.40606], [16.86278, 45.40497], [16.86399, 45.40466], [16.8652, 45.40404], [16.86628, 45.40293], [16.86576, 45.40833], [16.86802, 45.40943], [16.86868, 45.40255], [16.86467, 45.40055], [16.86422, 45.40056], [16.86421, 45.40032], [16.86252, 45.39942], [16.86421, 45.40022], [16.8641, 45.39703], [16.86377, 45.39687], [16.86163, 45.40055], [16.86195, 45.40052]]], [[[16.85728, 45.39886], [16.85684, 45.39942], [16.85638, 45.39957], [16.85853, 45.40061], [16.85629, 45.39961], [16.85461, 45.40064], [16.85354, 45.40228], [16.85732, 45.4041], [16.85759, 45.40238], [16.85825, 45.40118], [16.85918, 45.39984], [16.86085, 45.39872], [16.8589, 45.39773], [16.85728, 45.39886]]], [[[16.85881, 45.40214], [16.85945, 45.40244], [16.86154, 45.399], [16.8598, 45.40016], [16.85854, 45.40214], [16.85881, 45.40214]]], [[[16.86886, 45.40066], [16.86889, 45.40048], [16.86485, 45.40055], [16.86869, 45.40242], [16.86886, 45.40066]]], [[[16.85859, 45.40371], [16.85815, 45.40368], [16.85803, 45.40458], [16.85864, 45.4037], [16.85859, 45.40371]]], [[[16.85352, 45.40235], [16.8535, 45.40377], [16.85445, 45.40528], [16.8526, 45.40784], [16.85452, 45.40883], [16.85718, 45.40518], [16.85731, 45.40421], [16.85352, 45.40235]]], [[[16.86569, 45.40905], [16.86573, 45.41126], [16.86686, 45.41184], [16.86575, 45.41136], [16.86614, 45.41274], [16.86271, 45.41088], [16.86158, 45.41259], [16.86398, 45.41378], [16.86408, 45.41409], [16.86498, 45.41351], [16.86662, 45.41451], [16.86671, 45.41409], [16.86697, 45.41467], [16.86815, 45.41508], [16.86922, 45.41617], [16.86981, 45.4165], [16.86915, 45.4179], [16.86936, 45.41801], [16.86955, 45.41778], [16.86988, 45.41798], [16.87026, 45.41748], [16.87064, 45.41735], [16.86836, 45.41214], [16.86801, 45.40955], [16.86575, 45.40845], [16.86569, 45.40905]]], [[[16.86674, 45.42928], [16.86665, 45.42918], [16.86662, 45.4292], [16.86674, 45.42928]]], [[[16.8611, 45.43398], [16.86131, 45.43456], [16.86206, 45.43478], [16.86332, 45.43563], [16.86329, 45.43617], [16.86274, 45.43654], [16.86344, 45.43659], [16.86441, 45.43704], [16.86619, 45.43715], [16.86742, 45.43676], [16.87019, 45.43642], [16.87085, 45.43598], [16.87177, 45.436], [16.8713, 45.43549], [16.8706, 45.43525], [16.87061, 45.43392], [16.86702, 45.42963], [16.86673, 45.42987], [16.86717, 45.43054], [16.86693, 45.43104], [16.86583, 45.43127], [16.86496, 45.43053], [16.86288, 45.43193], [16.86091, 45.43388], [16.8611, 45.43398]], [[16.86512, 45.43611], [16.86435, 45.43575], [16.86411, 45.43542], [16.86432, 45.43493], [16.86484, 45.43472], [16.86588, 45.43482], [16.86634, 45.43527], [16.86611, 45.43589], [16.86512, 45.43611]]], [[[16.85545, 45.44435], [16.85463, 45.4445], [16.85539, 45.44485], [16.8564, 45.4458], [16.85972, 45.44814], [16.86066, 45.44907], [16.86062, 45.45033], [16.86231, 45.4508], [16.86367, 45.45088], [16.8688, 45.45003], [16.87054, 45.4493], [16.87279, 45.44777], [16.87248, 45.44797], [16.87036, 45.44736], [16.86867, 45.44908], [16.86717, 45.44881], [16.86671, 45.4484], [16.86621, 45.44885], [16.86333, 45.44922], [16.86307, 45.44837], [16.86187, 45.4471], [16.85912, 45.44515], [16.86198, 45.44399], [16.86186, 45.44227], [16.86445, 45.44295], [16.86808, 45.4414], [16.87198, 45.44069], [16.87437, 45.43999], [16.87448, 45.43928], [16.8738, 45.43897], [16.87402, 45.43873], [16.87551, 45.43842], [16.87499, 45.4379], [16.8742, 45.4377], [16.87221, 45.43812], [16.87145, 45.43783], [16.85964, 45.44284], [16.85648, 45.44411], [16.85545, 45.44435]]], [[[16.86783, 45.45265], [16.86825, 45.45286], [16.86834, 45.45276], [16.86789, 45.45219], [16.86808, 45.4519], [16.86851, 45.45192], [16.86887, 45.45236], [16.86919, 45.45209], [16.86941, 45.45187], [16.869, 45.45149], [16.86903, 45.45112], [16.87061, 45.44993], [16.86837, 45.45071], [16.86415, 45.45139], [16.86217, 45.45133], [16.86035, 45.45084], [16.85938, 45.45157], [16.85907, 45.45208], [16.85925, 45.45251], [16.85986, 45.45272], [16.86036, 45.45233], [16.86104, 45.4525], [16.86122, 45.45202], [16.86216, 45.45184], [16.8627, 45.45205], [16.86315, 45.45286], [16.86314, 45.45188], [16.86382, 45.4516], [16.8643, 45.4516], [16.86518, 45.45215], [16.8651, 45.45304], [16.86617, 45.45273], [16.86783, 45.45265]]], [[[16.86228, 45.45293], [16.86209, 45.45241], [16.86182, 45.45243], [16.86182, 45.45315], [16.86228, 45.45293]]], [[[16.86445, 45.45378], [16.86473, 45.45377], [16.8648, 45.45359], [16.86422, 45.45327], [16.86452, 45.45253], [16.86402, 45.45213], [16.8638, 45.45238], [16.86407, 45.45335], [16.86445, 45.45378]]], [[[16.86058, 45.45304], [16.8605, 45.4531], [16.86066, 45.45311], [16.86061, 45.453], [16.86058, 45.45304]]], [[[16.85961, 45.45454], [16.85866, 45.45471], [16.85858, 45.45483], [16.86014, 45.45448], [16.85981, 45.4544], [16.85961, 45.45454]]], [[[16.86531, 45.45514], [16.86443, 45.45523], [16.86661, 45.45636], [16.86651, 45.457], [16.86791, 45.45696], [16.86746, 45.45721], [16.86807, 45.45738], [16.86738, 45.45767], [16.86791, 45.4586], [16.86779, 45.45873], [16.86761, 45.45875], [16.86729, 45.45823], [16.86588, 45.45783], [16.86457, 45.45652], [16.86433, 45.45711], [16.8633, 45.45704], [16.8614, 45.4557], [16.86066, 45.45548], [16.86037, 45.45602], [16.86216, 45.45785], [16.86332, 45.45811], [16.8624, 45.45899], [16.86527, 45.46086], [16.86492, 45.4611], [16.86384, 45.46053], [16.86192, 45.46001], [16.86185, 45.46126], [16.86098, 45.46267], [16.86037, 45.46324], [16.86072, 45.46358], [16.86083, 45.46409], [16.85977, 45.46425], [16.86038, 45.46542], [16.86039, 45.46669], [16.86084, 45.46732], [16.86168, 45.46709], [16.86151, 45.46685], [16.86174, 45.46662], [16.86398, 45.46628], [16.86428, 45.46572], [16.86385, 45.46534], [16.86382, 45.46497], [16.86531, 45.46375], [16.86513, 45.46317], [16.86598, 45.46245], [16.86622, 45.46158], [16.86613, 45.46035], [16.86658, 45.46005], [16.86708, 45.46001], [16.8685, 45.45837], [16.86789, 45.45798], [16.86868, 45.45829], [16.86915, 45.45825], [16.86977, 45.45726], [16.8707, 45.45669], [16.87025, 45.45664], [16.86994, 45.45635], [16.87081, 45.45603], [16.87043, 45.45578], [16.86945, 45.4557], [16.86907, 45.45593], [16.86678, 45.45549], [16.86665, 45.45481], [16.86531, 45.45514]]], [[[16.85734, 45.45954], [16.85825, 45.46002], [16.85922, 45.45941], [16.85762, 45.45893], [16.85734, 45.45954]]], [[[16.86836, 45.46153], [16.86873, 45.46261], [16.86802, 45.46303], [16.86734, 45.463], [16.86742, 45.46328], [16.86849, 45.46357], [16.8703, 45.4632], [16.86865, 45.46135], [16.86836, 45.46153]]], [[[16.86651, 45.46905], [16.86686, 45.46867], [16.86603, 45.46873], [16.8655, 45.46915], [16.86651, 45.46905]]], [[[16.85544, 45.47235], [16.85528, 45.47207], [16.85513, 45.4719], [16.85544, 45.47235]]], [[[16.86653, 45.48236], [16.86594, 45.48263], [16.86687, 45.48292], [16.86738, 45.48239], [16.86761, 45.48184], [16.86742, 45.48166], [16.86712, 45.48154], [16.86653, 45.48236]]], [[[16.8689, 45.48281], [16.86925, 45.48234], [16.8695, 45.48174], [16.86872, 45.48238], [16.86856, 45.48321], [16.8689, 45.48281]]], [[[16.86695, 45.4835], [16.8663, 45.48425], [16.86544, 45.48362], [16.86404, 45.48419], [16.86216, 45.48299], [16.86006, 45.48315], [16.86079, 45.4833], [16.86155, 45.48376], [16.86298, 45.48562], [16.8663, 45.48459], [16.86795, 45.48369], [16.86729, 45.48336], [16.86695, 45.4835]]], [[[16.8689, 45.48384], [16.86773, 45.48443], [16.86872, 45.48498], [16.86986, 45.48463], [16.86975, 45.484], [16.86912, 45.4836], [16.8689, 45.48384]]], [[[16.86535, 45.48559], [16.86531, 45.4858], [16.8649, 45.48593], [16.86474, 45.48569], [16.863, 45.48622], [16.86314, 45.48648], [16.86378, 45.48611], [16.86548, 45.48653], [16.86582, 45.48558], [16.86689, 45.48552], [16.86781, 45.48563], [16.86826, 45.48656], [16.86885, 45.48618], [16.86801, 45.48519], [16.86721, 45.48488], [16.86535, 45.48559]]], [[[16.85675, 45.48715], [16.85668, 45.48715], [16.8567, 45.4872], [16.8567, 45.48719], [16.85675, 45.48715]]], [[[16.85473, 45.48745], [16.8548, 45.48761], [16.85579, 45.48721], [16.85496, 45.48721], [16.85473, 45.48745]]], [[[16.85551, 45.48845], [16.85566, 45.48826], [16.85542, 45.48808], [16.85524, 45.48849], [16.85551, 45.48845]]], [[[16.85904, 45.4885], [16.85924, 45.48864], [16.85929, 45.48851], [16.85904, 45.4885]]], [[[16.85984, 45.48855], [16.85982, 45.4885], [16.85979, 45.48863], [16.8598, 45.4886], [16.85984, 45.48855]]], [[[16.86246, 45.48714], [16.8615, 45.48774], [16.86153, 45.48837], [16.8622, 45.48912], [16.86208, 45.48962], [16.86291, 45.49019], [16.86317, 45.48931], [16.86265, 45.48738], [16.86275, 45.48702], [16.86246, 45.48714]]], [[[16.85579, 45.49075], [16.85624, 45.49144], [16.85677, 45.49143], [16.85793, 45.49226], [16.85931, 45.49275], [16.86053, 45.49292], [16.86097, 45.49222], [16.86053, 45.49148], [16.86036, 45.49009], [16.85915, 45.49048], [16.85871, 45.48994], [16.85705, 45.49082], [16.85579, 45.49075]]], [[[16.86233, 45.4906], [16.86204, 45.49034], [16.86163, 45.49071], [16.8617, 45.49095], [16.8625, 45.4909], [16.86233, 45.4906]]], [[[16.8634, 45.49101], [16.86344, 45.49105], [16.86346, 45.49071], [16.86321, 45.49071], [16.8634, 45.49101]]], [[[16.86258, 45.49107], [16.86203, 45.49114], [16.86223, 45.49151], [16.86275, 45.49145], [16.86258, 45.49107]]], [[[16.86459, 45.49177], [16.8647, 45.4915], [16.86394, 45.49144], [16.86428, 45.49168], [16.86459, 45.49177]]], [[[16.8658, 45.49253], [16.86698, 45.49325], [16.8696, 45.49418], [16.87051, 45.49475], [16.87141, 45.49345], [16.87067, 45.49349], [16.87016, 45.49397], [16.86915, 45.49397], [16.8687, 45.49351], [16.86943, 45.49306], [16.86943, 45.49254], [16.86644, 45.49264], [16.86587, 45.49207], [16.86516, 45.49182], [16.86497, 45.49195], [16.8658, 45.49253]], [[16.86555, 45.49208], [16.86561, 45.49201], [16.86567, 45.49204], [16.86561, 45.4921], [16.86555, 45.49208]]], [[[16.86505, 45.49297], [16.86578, 45.4938], [16.86635, 45.49357], [16.8644, 45.49231], [16.8637, 45.49206], [16.86387, 45.49262], [16.86436, 45.49257], [16.86459, 45.49282], [16.86441, 45.49314], [16.8638, 45.49325], [16.86361, 45.4936], [16.86453, 45.49359], [16.86453, 45.4931], [16.86505, 45.49297]]], [[[16.86828, 45.49426], [16.86785, 45.49408], [16.86687, 45.49383], [16.86726, 45.49415], [16.86828, 45.49426]]], [[[16.86014, 45.49399], [16.85988, 45.49447], [16.85975, 45.49477], [16.8602, 45.49434], [16.86014, 45.49399]]], [[[16.8629, 45.49515], [16.86303, 45.4952], [16.86456, 45.49475], [16.86338, 45.4941], [16.8629, 45.49515]]], [[[16.86238, 45.49451], [16.8611, 45.49433], [16.861, 45.49463], [16.8621, 45.49504], [16.86238, 45.49451]]], [[[16.8691, 45.49459], [16.86834, 45.49428], [16.86879, 45.49489], [16.8691, 45.49459]]], [[[16.8619, 45.49556], [16.86209, 45.49505], [16.86159, 45.49543], [16.86146, 45.49581], [16.86179, 45.4961], [16.8619, 45.49556]]], [[[16.86325, 45.49664], [16.86382, 45.4958], [16.8643, 45.49572], [16.86508, 45.49631], [16.8658, 45.49593], [16.86511, 45.49515], [16.86478, 45.4955], [16.86468, 45.49537], [16.86316, 45.49574], [16.86265, 45.49566], [16.86257, 45.49676], [16.86325, 45.49664]]], [[[16.862, 45.49794], [16.86188, 45.49837], [16.86289, 45.49806], [16.8619, 45.49736], [16.86169, 45.49761], [16.862, 45.49794]]], [[[16.86617, 45.49983], [16.86673, 45.50048], [16.86694, 45.50047], [16.8667, 45.50065], [16.86687, 45.5009], [16.86725, 45.50078], [16.86746, 45.50099], [16.86709, 45.50114], [16.86755, 45.5016], [16.86715, 45.50177], [16.86749, 45.50168], [16.8682, 45.50107], [16.86737, 45.50029], [16.86809, 45.49997], [16.86852, 45.50023], [16.86894, 45.50007], [16.86817, 45.49895], [16.86759, 45.49848], [16.86617, 45.49983]]], [[[16.86721, 45.50153], [16.86701, 45.50128], [16.86708, 45.50156], [16.86721, 45.50153]]], [[[16.86814, 45.50268], [16.86857, 45.50286], [16.86874, 45.50275], [16.86838, 45.50254], [16.86849, 45.50242], [16.86942, 45.50276], [16.86952, 45.50307], [16.86912, 45.50325], [16.86973, 45.50368], [16.87027, 45.50343], [16.87078, 45.5038], [16.87128, 45.50357], [16.87181, 45.50377], [16.87125, 45.50435], [16.87258, 45.50476], [16.87348, 45.50402], [16.87342, 45.50371], [16.87383, 45.50335], [16.87189, 45.50273], [16.87118, 45.50165], [16.86978, 45.50108], [16.86966, 45.50124], [16.86893, 45.50115], [16.86796, 45.50189], [16.86811, 45.50193], [16.86791, 45.50216], [16.86769, 45.50186], [16.86722, 45.50206], [16.8675, 45.50261], [16.86814, 45.50268]], [[16.86873, 45.50139], [16.86881, 45.50132], [16.86894, 45.50139], [16.86885, 45.50146], [16.86873, 45.50139]], [[16.8708, 45.50369], [16.87043, 45.5035], [16.87051, 45.50342], [16.8711, 45.50355], [16.8708, 45.50369]], [[16.87285, 45.50372], [16.87267, 45.50392], [16.87235, 45.50382], [16.87222, 45.50401], [16.87204, 45.50393], [16.87222, 45.50358], [16.87285, 45.50372]]], [[[16.86863, 45.52208], [16.86526, 45.52263], [16.85925, 45.52587], [16.85566, 45.52672], [16.8618, 45.52662], [16.86637, 45.52409], [16.86794, 45.5239], [16.86874, 45.52336], [16.87122, 45.52317], [16.86991, 45.52273], [16.87011, 45.52231], [16.86863, 45.52208]]], [[[16.87094, 45.52375], [16.86984, 45.52404], [16.8692, 45.52399], [16.86891, 45.52427], [16.86668, 45.52459], [16.86305, 45.5266], [16.86681, 45.52653], [16.86748, 45.52619], [16.87003, 45.52574], [16.87053, 45.52552], [16.87005, 45.52544], [16.86956, 45.52476], [16.87094, 45.52375]]], [[[16.87254, 45.40087], [16.87215, 45.40113], [16.87163, 45.40119], [16.87113, 45.40096], [16.87085, 45.40045], [16.86966, 45.40047], [16.86881, 45.41079], [16.86989, 45.4102], [16.87053, 45.41079], [16.8704, 45.41118], [16.86906, 45.41186], [16.87136, 45.41716], [16.87201, 45.41758], [16.87269, 45.41679], [16.87171, 45.4161], [16.87224, 45.41577], [16.87245, 45.41533], [16.87264, 45.41648], [16.87325, 45.41663], [16.87459, 45.41571], [16.8746, 45.41616], [16.87356, 45.41755], [16.87489, 45.41873], [16.8759, 45.4168], [16.87716, 45.41588], [16.87682, 45.41532], [16.87759, 45.4144], [16.87801, 45.41411], [16.87853, 45.41407], [16.87877, 45.41376], [16.87872, 45.41322], [16.87953, 45.41251], [16.88027, 45.41235], [16.88154, 45.41153], [16.8812, 45.41095], [16.8815, 45.41061], [16.88231, 45.41025], [16.88238, 45.40926], [16.87763, 45.40934], [16.87721, 45.41003], [16.87556, 45.41124], [16.87398, 45.41289], [16.87273, 45.41467], [16.87147, 45.41184], [16.87113, 45.41032], [16.87084, 45.41047], [16.87006, 45.41003], [16.87049, 45.40947], [16.87118, 45.40909], [16.87166, 45.40416], [16.87328, 45.404], [16.87467, 45.40351], [16.87574, 45.40281], [16.87677, 45.40155], [16.87662, 45.40274], [16.87711, 45.40398], [16.87699, 45.40035], [16.87258, 45.40042], [16.87254, 45.40087]]], [[[16.88359, 45.4168], [16.88436, 45.41613], [16.88576, 45.41447], [16.88703, 45.41251], [16.88502, 45.41074], [16.8851, 45.41032], [16.88483, 45.41008], [16.88506, 45.40922], [16.8834, 45.41072], [16.88337, 45.41105], [16.88292, 45.41149], [16.88208, 45.41191], [16.88241, 45.41235], [16.88207, 45.41304], [16.88221, 45.41313], [16.88181, 45.41345], [16.88163, 45.41335], [16.88056, 45.41353], [16.88093, 45.41438], [16.87989, 45.41532], [16.88041, 45.41564], [16.88022, 45.41575], [16.87979, 45.41544], [16.87895, 45.41632], [16.87836, 45.41639], [16.8778, 45.41618], [16.87758, 45.41641], [16.87787, 45.41671], [16.87781, 45.4171], [16.87942, 45.41821], [16.87929, 45.41828], [16.8777, 45.41721], [16.87716, 45.41772], [16.87628, 45.41772], [16.87896, 45.42002], [16.87928, 45.41974], [16.87943, 45.41985], [16.87976, 45.41962], [16.88001, 45.41975], [16.87993, 45.4194], [16.88043, 45.41911], [16.88089, 45.41926], [16.88132, 45.41876], [16.88247, 45.41802], [16.88359, 45.4168]], [[16.88234, 45.41328], [16.88261, 45.41312], [16.88271, 45.41327], [16.88246, 45.41336], [16.88234, 45.41328]], [[16.88329, 45.41598], [16.88329, 45.41532], [16.88441, 45.4151], [16.88466, 45.41571], [16.88329, 45.41598]]], [[[16.87711, 45.42073], [16.87836, 45.42049], [16.8789, 45.42011], [16.87621, 45.41782], [16.87533, 45.41941], [16.87711, 45.42073]], [[16.87632, 45.4201], [16.87692, 45.41849], [16.87645, 45.42015], [16.87632, 45.4201]]], [[[16.87898, 45.42014], [16.87853, 45.42052], [16.87875, 45.42046], [16.87898, 45.42014]]], [[[16.87254, 45.42207], [16.87255, 45.42214], [16.87264, 45.42202], [16.87254, 45.42207]]], [[[16.87844, 45.42409], [16.87929, 45.42392], [16.87928, 45.42269], [16.87849, 45.42263], [16.87764, 45.42298], [16.87747, 45.42276], [16.87749, 45.42296], [16.87696, 45.42288], [16.87696, 45.42322], [16.87724, 45.42356], [16.87752, 45.42352], [16.87769, 45.42405], [16.87601, 45.42265], [16.87629, 45.42245], [16.87645, 45.42262], [16.87763, 45.42241], [16.87724, 45.42194], [16.87583, 45.4226], [16.87484, 45.42271], [16.87505, 45.42292], [16.87491, 45.42301], [16.87466, 45.42278], [16.87402, 45.4231], [16.87517, 45.42569], [16.8755, 45.42542], [16.87572, 45.42558], [16.87671, 45.42509], [16.87648, 45.42458], [16.87664, 45.42434], [16.87747, 45.42408], [16.87804, 45.42422], [16.87844, 45.42409]]], [[[16.88104, 45.42409], [16.88076, 45.42415], [16.88074, 45.42421], [16.88107, 45.42413], [16.88104, 45.42409]]], [[[16.87668, 45.42575], [16.87667, 45.42575], [16.87664, 45.42577], [16.87668, 45.42575]]], [[[16.87083, 45.42745], [16.87044, 45.42786], [16.87233, 45.42927], [16.87378, 45.42944], [16.87409, 45.42926], [16.87114, 45.42713], [16.87083, 45.42745]]], [[[16.86879, 45.43068], [16.86981, 45.42969], [16.86933, 45.42941], [16.86822, 45.42928], [16.86775, 45.42944], [16.86852, 45.43036], [16.86903, 45.43023], [16.86879, 45.43068]]], [[[16.87957, 45.43477], [16.87915, 45.43444], [16.87706, 45.42985], [16.87926, 45.43481], [16.87957, 45.43477]]], [[[16.87625, 45.43518], [16.87717, 45.43511], [16.8785, 45.43492], [16.8784, 45.43471], [16.87625, 45.43518]]], [[[16.88114, 45.43629], [16.8824, 45.43743], [16.88308, 45.43777], [16.88404, 45.43794], [16.89481, 45.43893], [16.898, 45.43846], [16.89874, 45.4385], [16.90356, 45.43937], [16.90383, 45.43862], [16.90382, 45.43842], [16.90332, 45.43885], [16.90252, 45.43901], [16.89838, 45.43824], [16.89499, 45.43878], [16.88474, 45.43788], [16.88329, 45.43765], [16.88253, 45.43726], [16.88176, 45.43656], [16.8813, 45.4351], [16.88033, 45.43523], [16.88114, 45.43629]]], [[[16.87976, 45.43558], [16.87951, 45.43539], [16.88061, 45.43786], [16.88299, 45.43874], [16.8836, 45.43934], [16.88441, 45.43949], [16.88554, 45.44075], [16.88693, 45.44059], [16.88815, 45.441], [16.88821, 45.44064], [16.88878, 45.44016], [16.88823, 45.43959], [16.88814, 45.43885], [16.88273, 45.43825], [16.88183, 45.4378], [16.8802, 45.43631], [16.87976, 45.43558]]], [[[16.87877, 45.43591], [16.87852, 45.43652], [16.87777, 45.43671], [16.87697, 45.43626], [16.87713, 45.43566], [16.87676, 45.4357], [16.87212, 45.43756], [16.87353, 45.43733], [16.87491, 45.43682], [16.87607, 45.43674], [16.87727, 45.43673], [16.87949, 45.43719], [16.87873, 45.43544], [16.87826, 45.43551], [16.87877, 45.43591]]], [[[16.87247, 45.4364], [16.87275, 45.43666], [16.87418, 45.43608], [16.87387, 45.43602], [16.87247, 45.4364]]], [[[16.86984, 45.43788], [16.86982, 45.43787], [16.86978, 45.43791], [16.86984, 45.43788]]], [[[16.88109, 45.4387], [16.88109, 45.4387], [16.88096, 45.43865], [16.88101, 45.43875], [16.88109, 45.4387]]], [[[16.88061, 45.43993], [16.8802, 45.43874], [16.88024, 45.43934], [16.87925, 45.44004], [16.88048, 45.44136], [16.88061, 45.43993]]], [[[16.88255, 45.4413], [16.882, 45.44043], [16.88198, 45.43996], [16.88136, 45.43981], [16.8813, 45.44124], [16.8818, 45.44154], [16.88255, 45.4413]]], [[[16.87961, 45.44233], [16.8804, 45.44158], [16.87943, 45.44065], [16.87847, 45.44114], [16.87904, 45.44171], [16.8784, 45.44178], [16.87818, 45.44133], [16.87616, 45.44217], [16.87608, 45.44246], [16.87647, 45.44253], [16.87711, 45.44304], [16.87889, 45.4428], [16.8796, 45.44252], [16.87961, 45.44233]]], [[[16.88174, 45.44188], [16.88189, 45.44174], [16.88131, 45.44164], [16.88107, 45.44207], [16.88127, 45.44242], [16.8817, 45.44259], [16.88174, 45.44188]]], [[[16.87462, 45.44339], [16.87556, 45.44308], [16.87592, 45.44281], [16.87586, 45.44257], [16.87401, 45.44313], [16.8744, 45.44354], [16.87462, 45.44339]]], [[[16.87586, 45.44334], [16.87541, 45.44347], [16.87488, 45.44401], [16.87429, 45.44421], [16.87419, 45.44397], [16.8738, 45.44409], [16.87385, 45.44456], [16.87353, 45.44491], [16.8727, 45.44506], [16.87348, 45.4471], [16.87417, 45.44659], [16.8741, 45.44638], [16.87522, 45.44579], [16.87523, 45.44436], [16.87622, 45.44383], [16.87586, 45.44334]]], [[[16.88188, 45.44413], [16.88144, 45.44425], [16.88124, 45.44474], [16.88059, 45.44505], [16.88041, 45.44548], [16.88091, 45.44589], [16.88032, 45.44554], [16.87881, 45.44592], [16.8781, 45.44702], [16.8769, 45.44758], [16.87682, 45.44823], [16.87627, 45.44847], [16.87567, 45.44838], [16.8755, 45.44862], [16.87522, 45.44911], [16.87538, 45.45009], [16.8743, 45.45099], [16.87512, 45.45098], [16.87617, 45.45117], [16.87702, 45.45103], [16.87676, 45.45139], [16.87543, 45.45109], [16.87409, 45.45119], [16.8734, 45.45143], [16.8713, 45.45309], [16.87006, 45.45327], [16.86938, 45.45302], [16.86885, 45.4534], [16.87025, 45.45379], [16.87085, 45.45372], [16.87382, 45.45177], [16.87451, 45.45162], [16.87561, 45.45182], [16.87641, 45.45237], [16.87706, 45.45223], [16.8776, 45.45237], [16.87808, 45.4531], [16.8786, 45.45279], [16.87898, 45.4528], [16.88059, 45.45409], [16.88113, 45.45391], [16.88274, 45.45255], [16.88354, 45.45254], [16.88437, 45.45299], [16.8845, 45.4535], [16.8843, 45.45393], [16.88346, 45.45439], [16.88417, 45.4545], [16.88457, 45.45479], [16.88465, 45.45513], [16.88427, 45.45554], [16.88472, 45.45594], [16.88539, 45.4579], [16.88514, 45.45835], [16.88444, 45.45873], [16.88446, 45.45905], [16.88535, 45.45837], [16.88612, 45.45836], [16.88772, 45.45872], [16.88848, 45.45831], [16.88928, 45.45825], [16.89032, 45.45856], [16.89069, 45.45897], [16.89048, 45.45942], [16.88956, 45.45975], [16.88929, 45.45993], [16.88991, 45.45967], [16.89167, 45.45969], [16.89262, 45.46086], [16.89303, 45.46094], [16.89509, 45.46021], [16.89387, 45.45862], [16.89194, 45.45713], [16.89032, 45.45657], [16.88912, 45.45641], [16.88808, 45.45649], [16.88847, 45.4575], [16.8872, 45.45746], [16.88648, 45.45762], [16.88582, 45.45712], [16.88742, 45.45599], [16.88698, 45.45409], [16.88698, 45.45268], [16.88662, 45.45206], [16.88594, 45.45148], [16.88509, 45.45104], [16.88383, 45.45071], [16.882, 45.45078], [16.88066, 45.45139], [16.87898, 45.45081], [16.88008, 45.45011], [16.88189, 45.44833], [16.8837, 45.44732], [16.88441, 45.44814], [16.88553, 45.44865], [16.88686, 45.44872], [16.88814, 45.44833], [16.88885, 45.44777], [16.8892, 45.44706], [16.88913, 45.4463], [16.88865, 45.44552], [16.89086, 45.44606], [16.89248, 45.44607], [16.89432, 45.44562], [16.89561, 45.44486], [16.89761, 45.44502], [16.89993, 45.44475], [16.90117, 45.44529], [16.90287, 45.44556], [16.9037, 45.44618], [16.90506, 45.44674], [16.90595, 45.44752], [16.9053, 45.44792], [16.90478, 45.44858], [16.90466, 45.44914], [16.90486, 45.44988], [16.90564, 45.45063], [16.90699, 45.45107], [16.90751, 45.4515], [16.90791, 45.45202], [16.90857, 45.45386], [16.91155, 45.45805], [16.91094, 45.45875], [16.90873, 45.46274], [16.9106, 45.46381], [16.91314, 45.45935], [16.91588, 45.45715], [16.91495, 45.4563], [16.91466, 45.45525], [16.91368, 45.45464], [16.91366, 45.45348], [16.91309, 45.45334], [16.91243, 45.45268], [16.91209, 45.45169], [16.91271, 45.45052], [16.91203, 45.45067], [16.91148, 45.45046], [16.91043, 45.45086], [16.91014, 45.45049], [16.9095, 45.45055], [16.9085, 45.44978], [16.90704, 45.44926], [16.90719, 45.44893], [16.90779, 45.44889], [16.90897, 45.44935], [16.90981, 45.45001], [16.9116, 45.44949], [16.91134, 45.44869], [16.9121, 45.44803], [16.91191, 45.44726], [16.91113, 45.44727], [16.91068, 45.44708], [16.91029, 45.44585], [16.9088, 45.44565], [16.90714, 45.44486], [16.90404, 45.44491], [16.90399, 45.44329], [16.9023, 45.44299], [16.8842, 45.44309], [16.88691, 45.4468], [16.88665, 45.44704], [16.8857, 45.44718], [16.88395, 45.44665], [16.88283, 45.44445], [16.88239, 45.44395], [16.88188, 45.44413]], [[16.87754, 45.45099], [16.87727, 45.45097], [16.87725, 45.45051], [16.87773, 45.4507], [16.87772, 45.45109], [16.87754, 45.45099]], [[16.90334, 45.44492], [16.90329, 45.44517], [16.90312, 45.44516], [16.90316, 45.44494], [16.90334, 45.44492]]], [[[16.87301, 45.44878], [16.87284, 45.44852], [16.87232, 45.44889], [16.87299, 45.44897], [16.87301, 45.44878]]], [[[16.8739, 45.44912], [16.87385, 45.44909], [16.87379, 45.44914], [16.87381, 45.44915], [16.8739, 45.44912]]], [[[16.87173, 45.44932], [16.87175, 45.44928], [16.87129, 45.44957], [16.8717, 45.44951], [16.87173, 45.44932]]], [[[16.87228, 45.451], [16.87239, 45.45142], [16.87208, 45.45178], [16.8725, 45.45187], [16.87315, 45.45143], [16.87264, 45.45079], [16.87216, 45.45073], [16.87228, 45.451]]], [[[16.87114, 45.45235], [16.8712, 45.45299], [16.87228, 45.45209], [16.8715, 45.45202], [16.87114, 45.45235]]], [[[16.87067, 45.45262], [16.86998, 45.45246], [16.86949, 45.45295], [16.87054, 45.45318], [16.87077, 45.4531], [16.87067, 45.45262]]], [[[16.87715, 45.45378], [16.87736, 45.45332], [16.87715, 45.45282], [16.87672, 45.45295], [16.87609, 45.45288], [16.87518, 45.45228], [16.87456, 45.45216], [16.87115, 45.45423], [16.87018, 45.45433], [16.86846, 45.45387], [16.86874, 45.45418], [16.87021, 45.45466], [16.87106, 45.45451], [16.87192, 45.45479], [16.87244, 45.4552], [16.87311, 45.45533], [16.87403, 45.45717], [16.87404, 45.45795], [16.87527, 45.458], [16.8758, 45.45842], [16.87677, 45.4587], [16.87757, 45.45936], [16.87839, 45.45957], [16.87878, 45.46025], [16.87936, 45.46046], [16.8796, 45.4608], [16.88011, 45.46066], [16.88068, 45.46082], [16.88105, 45.46154], [16.88215, 45.46199], [16.8826, 45.46241], [16.88349, 45.46242], [16.88392, 45.4629], [16.88438, 45.46268], [16.8849, 45.46273], [16.88535, 45.46303], [16.88536, 45.46346], [16.88722, 45.46394], [16.88761, 45.46421], [16.88814, 45.46415], [16.88883, 45.46442], [16.88958, 45.46435], [16.89039, 45.46495], [16.89242, 45.4637], [16.89188, 45.46345], [16.89221, 45.46228], [16.89278, 45.46195], [16.89135, 45.46024], [16.89012, 45.4602], [16.88924, 45.46055], [16.88858, 45.46016], [16.88855, 45.45961], [16.88987, 45.45901], [16.88877, 45.45882], [16.88806, 45.45923], [16.88755, 45.45926], [16.88561, 45.4589], [16.88496, 45.45954], [16.88441, 45.45962], [16.88382, 45.45937], [16.88359, 45.45894], [16.88374, 45.45848], [16.88461, 45.45789], [16.884, 45.45613], [16.88328, 45.45604], [16.88307, 45.4558], [16.88387, 45.45504], [16.88287, 45.45488], [16.88256, 45.45449], [16.88281, 45.45403], [16.88367, 45.45362], [16.88352, 45.45314], [16.88309, 45.45305], [16.88166, 45.45431], [16.88063, 45.45463], [16.87993, 45.45449], [16.8788, 45.45337], [16.87894, 45.45423], [16.87867, 45.45446], [16.87793, 45.45449], [16.87715, 45.45378]], [[16.88159, 45.45744], [16.88148, 45.45757], [16.87916, 45.45627], [16.88062, 45.45647], [16.88159, 45.45744]]], [[[16.87803, 45.45372], [16.87802, 45.45361], [16.87811, 45.45391], [16.87804, 45.45377], [16.87803, 45.45372]]], [[[16.87168, 45.45673], [16.87166, 45.4567], [16.87165, 45.45669], [16.87164, 45.45671], [16.87168, 45.45673]]], [[[16.87145, 45.45786], [16.87124, 45.45814], [16.87116, 45.45836], [16.87207, 45.45764], [16.87202, 45.45757], [16.87145, 45.45786]]], [[[16.87205, 45.45885], [16.87195, 45.45847], [16.87143, 45.45907], [16.8704, 45.45937], [16.87168, 45.45919], [16.87205, 45.45885]]], [[[16.87449, 45.45987], [16.87371, 45.45974], [16.87249, 45.45917], [16.87221, 45.46075], [16.87264, 45.4623], [16.87235, 45.4631], [16.87249, 45.4633], [16.87491, 45.46017], [16.87449, 45.45987]]], [[[16.86887, 45.4612], [16.86972, 45.46186], [16.87027, 45.46201], [16.87063, 45.46154], [16.86909, 45.46075], [16.86887, 45.4612]]], [[[16.87861, 45.46242], [16.87736, 45.46197], [16.87648, 45.46122], [16.87638, 45.4609], [16.87536, 45.46073], [16.87445, 45.4619], [16.87491, 45.46215], [16.87472, 45.46278], [16.87532, 45.46319], [16.87576, 45.46475], [16.87771, 45.46555], [16.88013, 45.46406], [16.88226, 45.46415], [16.88115, 45.46382], [16.88017, 45.46281], [16.87962, 45.46282], [16.87861, 45.46242]]], [[[16.87268, 45.46357], [16.87271, 45.46354], [16.87263, 45.46351], [16.87268, 45.46357]]], [[[16.8707, 45.46609], [16.87152, 45.46497], [16.87272, 45.46522], [16.87371, 45.46513], [16.87287, 45.46378], [16.87061, 45.46413], [16.86929, 45.46525], [16.86951, 45.46679], [16.87001, 45.46695], [16.8707, 45.46609]]], [[[16.88266, 45.46792], [16.88301, 45.46807], [16.88315, 45.46792], [16.88216, 45.46766], [16.88266, 45.46792]]], [[[16.8705, 45.47997], [16.87132, 45.47941], [16.87182, 45.47864], [16.87155, 45.47856], [16.86989, 45.4793], [16.86922, 45.47875], [16.8689, 45.479], [16.87026, 45.4801], [16.8705, 45.47997]]], [[[16.87482, 45.47832], [16.87466, 45.478], [16.87338, 45.47809], [16.87317, 45.47868], [16.87253, 45.47873], [16.87195, 45.47971], [16.87072, 45.48053], [16.87046, 45.48153], [16.86948, 45.48318], [16.87217, 45.48312], [16.87197, 45.48256], [16.8713, 45.48227], [16.87134, 45.48172], [16.87253, 45.48036], [16.87225, 45.47979], [16.87268, 45.47927], [16.87482, 45.47923], [16.87482, 45.47832]], [[16.87126, 45.48249], [16.87105, 45.48247], [16.87096, 45.48271], [16.87068, 45.48264], [16.87102, 45.48235], [16.87126, 45.48249]]], [[[16.88164, 45.48345], [16.88155, 45.48317], [16.88045, 45.4831], [16.88028, 45.48343], [16.88099, 45.48393], [16.88107, 45.48423], [16.88254, 45.48417], [16.88313, 45.48369], [16.88355, 45.48396], [16.88366, 45.4845], [16.88415, 45.48462], [16.88418, 45.48351], [16.88364, 45.48325], [16.88302, 45.48333], [16.88214, 45.48377], [16.88164, 45.48345]]], [[[16.87803, 45.48586], [16.87857, 45.48573], [16.87962, 45.485], [16.87943, 45.48494], [16.87861, 45.48559], [16.87783, 45.48592], [16.87803, 45.48586]]], [[[16.87141, 45.48537], [16.87152, 45.48563], [16.87211, 45.48557], [16.87257, 45.48575], [16.87275, 45.48652], [16.87331, 45.4866], [16.87356, 45.48568], [16.87287, 45.48554], [16.87228, 45.48499], [16.87141, 45.48537]]], [[[16.87982, 45.48564], [16.87898, 45.48619], [16.87773, 45.48654], [16.87799, 45.48721], [16.87991, 45.48678], [16.87991, 45.48598], [16.88147, 45.48608], [16.88118, 45.48507], [16.88143, 45.48473], [16.87982, 45.48564]]], [[[16.87687, 45.48614], [16.87611, 45.48612], [16.8761, 45.4864], [16.87687, 45.48621], [16.87687, 45.48614]]], [[[16.87659, 45.48882], [16.87668, 45.48859], [16.87606, 45.48832], [16.8762, 45.48788], [16.87744, 45.48748], [16.87685, 45.48679], [16.87501, 45.48748], [16.8749, 45.48798], [16.87579, 45.48902], [16.87659, 45.48882]]], [[[16.8716, 45.48891], [16.87287, 45.48888], [16.8734, 45.48843], [16.87185, 45.48822], [16.87185, 45.4876], [16.8716, 45.48725], [16.87064, 45.48717], [16.8699, 45.4874], [16.87111, 45.48888], [16.8716, 45.48891]]], [[[16.8783, 45.4944], [16.87898, 45.49433], [16.88056, 45.49358], [16.88174, 45.49356], [16.88167, 45.49337], [16.88248, 45.49336], [16.88288, 45.49386], [16.88244, 45.49419], [16.88314, 45.49426], [16.88391, 45.49534], [16.88442, 45.49526], [16.88491, 45.4948], [16.88522, 45.49407], [16.88519, 45.49349], [16.88474, 45.49273], [16.88401, 45.4922], [16.88149, 45.49217], [16.8768, 45.49314], [16.87655, 45.49362], [16.87669, 45.49442], [16.8783, 45.4944]]], [[[16.88149, 45.49408], [16.88117, 45.49407], [16.88188, 45.49414], [16.8817, 45.4941], [16.88149, 45.49408]]], [[[16.88115, 45.49407], [16.8808, 45.49409], [16.88015, 45.49432], [16.88115, 45.49407]]], [[[16.8731, 45.49503], [16.87367, 45.49484], [16.87366, 45.49391], [16.87326, 45.49382], [16.87282, 45.49473], [16.8731, 45.49503]]], [[[16.87767, 45.49496], [16.87819, 45.49573], [16.87915, 45.49654], [16.88022, 45.49636], [16.88109, 45.49596], [16.88044, 45.49554], [16.87937, 45.49624], [16.87838, 45.49494], [16.87767, 45.49496]]], [[[16.87442, 45.50575], [16.87512, 45.50534], [16.87482, 45.50488], [16.87405, 45.50545], [16.87442, 45.50575]]], [[[16.86944, 45.50549], [16.87069, 45.50613], [16.87081, 45.50601], [16.87154, 45.50625], [16.87127, 45.5066], [16.87221, 45.50694], [16.87279, 45.50639], [16.87261, 45.50604], [16.87277, 45.50597], [16.87331, 45.50602], [16.87403, 45.50659], [16.87435, 45.50656], [16.87357, 45.50588], [16.8723, 45.50527], [16.87015, 45.50458], [16.86944, 45.50549]]], [[[16.87873, 45.50687], [16.87863, 45.5067], [16.87779, 45.50708], [16.87766, 45.507], [16.87852, 45.50653], [16.87776, 45.50552], [16.87746, 45.50663], [16.87617, 45.50691], [16.87653, 45.50748], [16.87748, 45.50697], [16.87867, 45.50828], [16.87942, 45.50801], [16.87873, 45.50687]]], [[[16.87461, 45.50735], [16.8745, 45.50697], [16.87408, 45.5067], [16.87357, 45.50669], [16.87272, 45.50758], [16.87459, 45.50836], [16.87533, 45.50782], [16.87505, 45.50755], [16.8752, 45.50744], [16.87461, 45.50735]]], [[[16.87847, 45.51075], [16.87901, 45.51252], [16.88016, 45.51365], [16.88224, 45.51291], [16.8834, 45.51438], [16.88319, 45.51448], [16.88252, 45.5137], [16.88088, 45.51431], [16.88415, 45.51725], [16.88897, 45.51717], [16.88923, 45.51676], [16.88884, 45.5167], [16.88897, 45.5163], [16.88948, 45.51644], [16.88997, 45.51564], [16.89018, 45.5156], [16.89, 45.51543], [16.89028, 45.5155], [16.89102, 45.51481], [16.89096, 45.51452], [16.89115, 45.51455], [16.89136, 45.51415], [16.89019, 45.514], [16.88941, 45.51369], [16.88823, 45.51269], [16.8876, 45.51177], [16.88896, 45.5113], [16.88911, 45.51154], [16.88948, 45.51145], [16.88963, 45.51172], [16.88905, 45.51189], [16.88917, 45.5121], [16.88871, 45.51223], [16.88886, 45.51239], [16.89005, 45.51336], [16.8916, 45.51362], [16.89201, 45.51224], [16.89185, 45.51157], [16.89202, 45.5114], [16.89198, 45.51038], [16.89196, 45.51018], [16.89143, 45.51021], [16.89171, 45.50971], [16.89135, 45.50975], [16.89123, 45.5096], [16.89178, 45.50943], [16.89153, 45.50916], [16.89196, 45.50914], [16.89181, 45.50812], [16.89287, 45.50701], [16.89279, 45.50662], [16.89309, 45.50669], [16.89323, 45.50651], [16.89298, 45.50645], [16.89312, 45.50617], [16.89331, 45.50636], [16.89321, 45.50321], [16.89178, 45.50482], [16.88981, 45.50535], [16.88842, 45.50632], [16.88779, 45.50725], [16.88759, 45.50799], [16.88763, 45.5091], [16.88797, 45.5099], [16.88649, 45.5102], [16.8856, 45.51086], [16.88721, 45.5107], [16.88733, 45.51108], [16.8853, 45.51137], [16.88527, 45.51216], [16.88586, 45.51316], [16.88792, 45.51498], [16.8872, 45.51592], [16.88584, 45.51602], [16.88194, 45.51266], [16.88111, 45.51159], [16.88043, 45.51118], [16.87955, 45.51109], [16.87932, 45.50988], [16.87901, 45.50994], [16.87884, 45.50958], [16.87807, 45.50993], [16.87847, 45.51075]]], [[[16.87832, 45.51277], [16.87777, 45.51111], [16.87733, 45.5112], [16.8774, 45.51201], [16.87556, 45.51183], [16.87648, 45.51383], [16.88089, 45.51776], [16.88087, 45.5173], [16.88326, 45.51726], [16.87832, 45.51277]]], [[[16.8806, 45.51893], [16.8804, 45.51961], [16.88039, 45.52025], [16.88097, 45.52013], [16.88091, 45.5184], [16.8806, 45.51893]]], [[[16.88061, 45.52127], [16.88042, 45.52115], [16.88026, 45.52088], [16.88017, 45.52154], [16.88082, 45.52137], [16.88061, 45.52127]]], [[[16.88088, 45.52234], [16.88105, 45.52252], [16.88101, 45.52151], [16.88018, 45.52181], [16.88088, 45.52234]]], [[[16.8808, 45.52289], [16.88107, 45.52311], [16.88105, 45.52271], [16.8808, 45.52289]]], [[[16.87986, 45.52356], [16.87807, 45.52567], [16.87761, 45.52636], [16.88028, 45.52631], [16.88027, 45.52611], [16.88062, 45.52591], [16.88023, 45.52571], [16.88068, 45.52583], [16.88103, 45.52542], [16.88044, 45.52512], [16.88087, 45.5249], [16.88113, 45.52501], [16.88107, 45.52324], [16.88073, 45.52295], [16.88095, 45.52373], [16.88075, 45.52374], [16.88044, 45.52301], [16.88026, 45.52342], [16.88013, 45.52324], [16.87986, 45.52356]]], [[[16.88322, 45.40925], [16.88311, 45.40943], [16.88307, 45.41013], [16.88404, 45.40923], [16.88322, 45.40925]]], [[[16.88721, 45.41223], [16.88737, 45.41194], [16.88906, 45.41136], [16.89011, 45.41061], [16.89006, 45.40914], [16.88525, 45.40921], [16.88535, 45.40992], [16.88561, 45.40983], [16.88583, 45.41034], [16.88567, 45.41057], [16.88721, 45.41223]]], [[[16.89027, 45.41553], [16.88978, 45.41553], [16.88993, 45.41569], [16.88974, 45.417], [16.89032, 45.41692], [16.89027, 45.41553]]], [[[16.88957, 45.41555], [16.88864, 45.41576], [16.88772, 45.41628], [16.88618, 45.41837], [16.88811, 45.41789], [16.88806, 45.41768], [16.88906, 45.41737], [16.88898, 45.41639], [16.88952, 45.41621], [16.88957, 45.41555]]], [[[16.88986, 45.41738], [16.88968, 45.41731], [16.88739, 45.42011], [16.88686, 45.4201], [16.88623, 45.41912], [16.88549, 45.42019], [16.88503, 45.42012], [16.8849, 45.42035], [16.88421, 45.4203], [16.88385, 45.41997], [16.88266, 45.42033], [16.88189, 45.42029], [16.88071, 45.42165], [16.88263, 45.42151], [16.8835, 45.42163], [16.88304, 45.42245], [16.88304, 45.42178], [16.88251, 45.42163], [16.88188, 45.42178], [16.88195, 45.42287], [16.87967, 45.42279], [16.87994, 45.4232], [16.88029, 45.42332], [16.88177, 45.42344], [16.88193, 45.42304], [16.88213, 45.42382], [16.8819, 45.42354], [16.88152, 45.42354], [16.88121, 45.42389], [16.88141, 45.42406], [16.88268, 45.42382], [16.88292, 45.4242], [16.87822, 45.42539], [16.88327, 45.42425], [16.88288, 45.42276], [16.88366, 45.42164], [16.88439, 45.42115], [16.88674, 45.42056], [16.88752, 45.42014], [16.88986, 45.41738]]], [[[16.88922, 45.41931], [16.88835, 45.42034], [16.88739, 45.42098], [16.88815, 45.42293], [16.88702, 45.42268], [16.88652, 45.42147], [16.88581, 45.42155], [16.88621, 45.42255], [16.88439, 45.42208], [16.88422, 45.42228], [16.88411, 45.42257], [16.88457, 45.42396], [16.88691, 45.42376], [16.89027, 45.42543], [16.89149, 45.42527], [16.89169, 45.4246], [16.89311, 45.42438], [16.89218, 45.42467], [16.8918, 45.42529], [16.89436, 45.4253], [16.89759, 45.42615], [16.89903, 45.42579], [16.89945, 45.42498], [16.90033, 45.4248], [16.90032, 45.42617], [16.90307, 45.42626], [16.90313, 45.4268], [16.90344, 45.427], [16.90295, 45.42484], [16.90242, 45.42424], [16.90274, 45.42367], [16.90239, 45.4228], [16.90195, 45.42242], [16.90199, 45.42146], [16.90171, 45.42118], [16.9015, 45.42025], [16.90105, 45.42025], [16.90067, 45.41962], [16.90122, 45.41954], [16.90091, 45.41888], [16.90041, 45.41898], [16.90038, 45.41873], [16.90083, 45.41868], [16.90065, 45.41827], [16.89992, 45.41833], [16.90009, 45.41797], [16.89627, 45.41803], [16.89763, 45.42178], [16.89822, 45.42436], [16.89492, 45.4235], [16.89077, 45.42342], [16.88889, 45.42249], [16.88999, 45.42183], [16.89086, 45.42099], [16.89296, 45.41809], [16.89036, 45.41813], [16.89035, 45.4178], [16.88922, 45.41931]], [[16.89781, 45.42136], [16.89803, 45.42133], [16.89844, 45.42118], [16.89812, 45.4214], [16.89757, 45.42147], [16.89781, 45.42136]]], [[[16.88348, 45.41941], [16.8836, 45.41937], [16.88359, 45.41937], [16.88348, 45.41941]]], [[[16.89867, 45.42651], [16.89847, 45.42646], [16.89842, 45.42646], [16.89845, 45.42648], [16.89867, 45.42651]]], [[[16.90054, 45.42695], [16.90054, 45.42695], [16.90053, 45.42695], [16.90054, 45.42695]]], [[[16.8891, 45.43914], [16.88911, 45.43931], [16.88973, 45.4394], [16.88989, 45.43969], [16.89133, 45.43998], [16.89183, 45.43957], [16.89255, 45.43954], [16.89355, 45.44051], [16.8939, 45.44051], [16.89411, 45.4401], [16.89558, 45.43976], [16.89658, 45.43977], [16.89645, 45.43926], [16.89479, 45.43947], [16.88901, 45.43893], [16.8891, 45.43914]]], [[[16.89911, 45.43968], [16.89987, 45.43986], [16.89979, 45.43927], [16.90017, 45.43929], [16.89763, 45.43905], [16.89834, 45.43956], [16.89911, 45.43968]]], [[[16.901, 45.43954], [16.90138, 45.43954], [16.9002, 45.43929], [16.90037, 45.4399], [16.901, 45.43954]]], [[[16.90155, 45.43958], [16.90168, 45.43964], [16.90176, 45.43964], [16.90155, 45.43958]]], [[[16.9027, 45.43975], [16.9023, 45.43971], [16.90249, 45.43981], [16.9027, 45.43975]]], [[[16.89239, 45.44216], [16.89258, 45.4425], [16.8929, 45.4425], [16.89275, 45.44195], [16.89233, 45.44194], [16.89239, 45.44216]]], [[[16.90233, 45.44195], [16.90214, 45.44175], [16.90162, 45.44194], [16.90166, 45.44216], [16.90143, 45.44217], [16.9014, 45.44198], [16.90006, 45.44212], [16.8999, 45.44176], [16.89949, 45.44173], [16.8991, 45.44185], [16.89912, 45.44218], [16.89843, 45.44224], [16.89834, 45.44199], [16.89671, 45.44211], [16.89627, 45.44187], [16.89622, 45.44217], [16.89529, 45.4422], [16.89516, 45.4419], [16.89498, 45.44193], [16.89505, 45.44239], [16.89344, 45.44251], [16.90263, 45.44248], [16.90233, 45.44195]]], [[[16.88955, 45.44241], [16.88916, 45.44237], [16.88875, 45.44249], [16.89021, 45.44247], [16.89002, 45.44231], [16.88955, 45.44241]]], [[[16.88706, 45.44242], [16.88652, 45.44241], [16.88791, 45.4425], [16.88773, 45.44239], [16.88706, 45.44242]]], [[[16.88628, 45.44252], [16.8863, 45.44245], [16.88616, 45.44252], [16.88628, 45.44252]]], [[[16.90362, 45.44264], [16.90397, 45.44271], [16.90396, 45.44239], [16.90349, 45.4426], [16.90362, 45.44264]]], [[[16.91483, 45.44505], [16.91683, 45.44499], [16.91682, 45.44469], [16.91263, 45.44476], [16.91264, 45.44517], [16.91483, 45.44505]]], [[[16.91286, 45.4458], [16.91347, 45.44669], [16.91329, 45.44709], [16.9127, 45.44732], [16.91289, 45.44807], [16.91333, 45.44864], [16.91335, 45.44949], [16.91412, 45.44945], [16.91456, 45.44966], [16.91497, 45.45038], [16.9151, 45.45169], [16.91561, 45.45244], [16.91605, 45.4527], [16.91641, 45.45328], [16.917, 45.4531], [16.91711, 45.4533], [16.91685, 45.44553], [16.91286, 45.4458]]], [[[16.91704, 45.45396], [16.91714, 45.454], [16.91712, 45.4535], [16.91704, 45.45353], [16.91704, 45.45396]]], [[[16.91658, 45.458], [16.91624, 45.45779], [16.91382, 45.4596], [16.91266, 45.46218], [16.90931, 45.467], [16.90907, 45.46795], [16.90948, 45.46897], [16.90995, 45.4691], [16.90929, 45.46834], [16.90952, 45.46693], [16.9103, 45.46603], [16.91181, 45.46709], [16.91482, 45.46285], [16.91564, 45.4609], [16.91737, 45.46101], [16.91727, 45.45802], [16.91658, 45.458]]], [[[16.8955, 45.4624], [16.89638, 45.46275], [16.89707, 45.46401], [16.89801, 45.46462], [16.90032, 45.46579], [16.90162, 45.46557], [16.90124, 45.46399], [16.89889, 45.46269], [16.89837, 45.46256], [16.8971, 45.46279], [16.89655, 45.46213], [16.89663, 45.46123], [16.89558, 45.46055], [16.89407, 45.46144], [16.89445, 45.46229], [16.8955, 45.4624]]], [[[16.8854, 45.46556], [16.88249, 45.46425], [16.88116, 45.46598], [16.8829, 45.46577], [16.88344, 45.46671], [16.88423, 45.4665], [16.88459, 45.46706], [16.8857, 45.46633], [16.88759, 45.4666], [16.88678, 45.46853], [16.88732, 45.46885], [16.88802, 45.46785], [16.8882, 45.46704], [16.88924, 45.46772], [16.88949, 45.46881], [16.8909, 45.46931], [16.89105, 45.46817], [16.88945, 45.46701], [16.88923, 45.46662], [16.8884, 45.46625], [16.88829, 45.46588], [16.88853, 45.46548], [16.88779, 45.46579], [16.8872, 45.46566], [16.88691, 45.46527], [16.8854, 45.46556]]], [[[16.89051, 45.46595], [16.88996, 45.46646], [16.89176, 45.46796], [16.89175, 45.46944], [16.89604, 45.47103], [16.89634, 45.47046], [16.89339, 45.46907], [16.89248, 45.46767], [16.89362, 45.46689], [16.89406, 45.46757], [16.89469, 45.46672], [16.89495, 45.46586], [16.89546, 45.4662], [16.89625, 45.46569], [16.89621, 45.46492], [16.89455, 45.46429], [16.89253, 45.46579], [16.89124, 45.46589], [16.89076, 45.46559], [16.89051, 45.46595]]], [[[16.91208, 45.46728], [16.91231, 45.46745], [16.91388, 45.46771], [16.91223, 45.46735], [16.91208, 45.46728]]], [[[16.90835, 45.46835], [16.9085, 45.46698], [16.90679, 45.46688], [16.90513, 45.46721], [16.9049, 45.46783], [16.90849, 45.46871], [16.90835, 45.46835]]], [[[16.90558, 45.47191], [16.90573, 45.47145], [16.90643, 45.4712], [16.90724, 45.47143], [16.90756, 45.47189], [16.90748, 45.47226], [16.90697, 45.47263], [16.90638, 45.47268], [16.90595, 45.47245], [16.90584, 45.47316], [16.90634, 45.47417], [16.90791, 45.47357], [16.90849, 45.47185], [16.91009, 45.47138], [16.9097, 45.47088], [16.90906, 45.47086], [16.90861, 45.47051], [16.90864, 45.47005], [16.90921, 45.46972], [16.90892, 45.46939], [16.90432, 45.46827], [16.90349, 45.46922], [16.904, 45.47129], [16.90558, 45.47191]]], [[[16.91083, 45.47026], [16.91119, 45.47027], [16.91016, 45.46976], [16.91079, 45.47026], [16.91083, 45.47026]]], [[[16.91247, 45.47126], [16.91196, 45.47164], [16.91254, 45.47254], [16.9123, 45.47296], [16.91237, 45.47661], [16.91319, 45.47674], [16.91343, 45.47733], [16.91255, 45.47837], [16.91264, 45.47889], [16.91183, 45.48078], [16.91419, 45.48074], [16.91441, 45.48054], [16.91445, 45.47934], [16.91503, 45.47812], [16.916, 45.47749], [16.91569, 45.47646], [16.9146, 45.47534], [16.91445, 45.47316], [16.91309, 45.47305], [16.91272, 45.4709], [16.91255, 45.47084], [16.91247, 45.47126]]], [[[16.9106, 45.4716], [16.91018, 45.47143], [16.90992, 45.47262], [16.90992, 45.47413], [16.91045, 45.47597], [16.91072, 45.47579], [16.91036, 45.47526], [16.91057, 45.47472], [16.91036, 45.47406], [16.91082, 45.47372], [16.91151, 45.47373], [16.91153, 45.47313], [16.91088, 45.47297], [16.91065, 45.47252], [16.91082, 45.47212], [16.91128, 45.47193], [16.91116, 45.47166], [16.9106, 45.4716]]], [[[16.9027, 45.4736], [16.90302, 45.4741], [16.90338, 45.47313], [16.90238, 45.47292], [16.90204, 45.47334], [16.9027, 45.4736]]], [[[16.90396, 45.475], [16.90439, 45.47609], [16.9041, 45.47727], [16.90455, 45.47693], [16.90618, 45.47634], [16.90677, 45.47586], [16.90592, 45.47539], [16.90436, 45.47522], [16.90396, 45.475]]], [[[16.90123, 45.47462], [16.90135, 45.47487], [16.90299, 45.47503], [16.90341, 45.47564], [16.90322, 45.47631], [16.90262, 45.47685], [16.90327, 45.47742], [16.90276, 45.47831], [16.90183, 45.47865], [16.90093, 45.47871], [16.90014, 45.47835], [16.90032, 45.47782], [16.899, 45.47833], [16.90028, 45.47936], [16.90014, 45.4798], [16.90181, 45.47922], [16.90271, 45.47864], [16.90328, 45.47796], [16.9036, 45.47649], [16.9035, 45.47564], [16.90301, 45.47479], [16.9025, 45.47456], [16.90123, 45.47462]]], [[[16.90758, 45.47683], [16.90656, 45.47682], [16.90497, 45.47738], [16.90331, 45.47898], [16.90183, 45.47977], [16.9025, 45.47983], [16.90336, 45.47913], [16.90431, 45.47927], [16.90446, 45.4784], [16.90688, 45.47779], [16.9069, 45.47735], [16.90795, 45.4772], [16.90918, 45.47764], [16.90929, 45.47712], [16.90826, 45.47683], [16.90758, 45.47683]]], [[[16.90957, 45.48032], [16.90983, 45.47994], [16.91044, 45.4798], [16.91045, 45.47951], [16.90995, 45.4793], [16.90979, 45.47895], [16.90997, 45.4784], [16.91052, 45.47817], [16.91029, 45.47753], [16.9105, 45.47673], [16.91003, 45.4778], [16.90838, 45.47888], [16.90933, 45.48082], [16.90957, 45.48032]]], [[[16.89423, 45.47879], [16.89267, 45.47927], [16.8937, 45.48022], [16.89377, 45.48075], [16.8945, 45.48048], [16.89437, 45.48007], [16.89487, 45.47946], [16.89511, 45.4787], [16.89423, 45.47879]]], [[[16.89809, 45.48038], [16.89858, 45.4804], [16.8983, 45.47994], [16.89588, 45.48021], [16.89595, 45.48039], [16.89809, 45.48038]]], [[[16.89938, 45.48084], [16.89771, 45.48094], [16.89836, 45.4813], [16.89901, 45.48136], [16.90121, 45.48034], [16.90129, 45.47992], [16.89938, 45.48084]]], [[[16.8938, 45.48314], [16.89423, 45.48213], [16.89339, 45.48222], [16.89281, 45.48304], [16.89171, 45.48371], [16.89186, 45.48401], [16.89278, 45.48396], [16.8943, 45.48418], [16.89436, 45.48432], [16.89501, 45.48366], [16.89398, 45.48359], [16.8938, 45.48314]]], [[[16.8876, 45.48651], [16.88784, 45.48525], [16.88837, 45.48493], [16.88971, 45.48517], [16.89006, 45.48463], [16.8895, 45.48422], [16.88866, 45.48432], [16.88769, 45.48412], [16.8859, 45.48542], [16.88685, 45.48587], [16.88636, 45.48636], [16.88696, 45.48673], [16.8876, 45.48651]]], [[[16.90164, 45.48801], [16.90132, 45.48754], [16.90158, 45.48708], [16.90227, 45.48678], [16.90297, 45.48691], [16.90414, 45.48622], [16.90418, 45.48579], [16.90468, 45.48541], [16.90386, 45.48523], [16.90256, 45.48559], [16.90262, 45.48636], [16.90199, 45.48644], [16.89852, 45.48609], [16.89827, 45.48634], [16.90061, 45.48678], [16.90103, 45.48704], [16.90141, 45.48835], [16.90181, 45.48809], [16.90164, 45.48801]]], [[[16.90533, 45.4869], [16.90458, 45.48789], [16.90399, 45.48812], [16.9034, 45.48807], [16.90299, 45.4889], [16.90247, 45.48932], [16.90231, 45.4899], [16.90253, 45.49032], [16.90361, 45.49028], [16.90414, 45.49063], [16.90411, 45.49108], [16.90367, 45.49139], [16.90426, 45.49148], [16.90461, 45.4919], [16.90457, 45.49227], [16.90423, 45.49254], [16.90436, 45.49327], [16.9058, 45.49714], [16.90545, 45.48673], [16.90529, 45.48671], [16.90533, 45.4869]]], [[[16.89683, 45.48875], [16.89712, 45.49011], [16.89803, 45.49119], [16.89814, 45.49165], [16.89777, 45.49272], [16.89869, 45.49293], [16.9005, 45.49293], [16.90109, 45.492], [16.9025, 45.49192], [16.90077, 45.49472], [16.8994, 45.49499], [16.89903, 45.49544], [16.90044, 45.49623], [16.90016, 45.49766], [16.89923, 45.499], [16.90152, 45.49896], [16.90092, 45.49882], [16.90109, 45.49867], [16.90188, 45.49895], [16.90239, 45.4982], [16.90214, 45.498], [16.90245, 45.49807], [16.9025, 45.49792], [16.90271, 45.49691], [16.9025, 45.49687], [16.90253, 45.49658], [16.90275, 45.49654], [16.90273, 45.4968], [16.90286, 45.49584], [16.90261, 45.49603], [16.90233, 45.49593], [16.90271, 45.4958], [16.90283, 45.49545], [16.90273, 45.49486], [16.90245, 45.4948], [16.90269, 45.4948], [16.9027, 45.4943], [16.9022, 45.49418], [16.90263, 45.49408], [16.9027, 45.49367], [16.90212, 45.49343], [16.90197, 45.49294], [16.90224, 45.49257], [16.90279, 45.49241], [16.90283, 45.49183], [16.902, 45.49077], [16.89948, 45.49008], [16.8988, 45.48953], [16.89934, 45.48905], [16.90007, 45.489], [16.90072, 45.48915], [16.90061, 45.4884], [16.90007, 45.4881], [16.89872, 45.48806], [16.89753, 45.4883], [16.89685, 45.48858], [16.89683, 45.48875]], [[16.90206, 45.4984], [16.90218, 45.49844], [16.90209, 45.49857], [16.90198, 45.49854], [16.90206, 45.4984]]], [[[16.90349, 45.49142], [16.90348, 45.49143], [16.90343, 45.49143], [16.90344, 45.49144], [16.90349, 45.49142]]], [[[16.90367, 45.49611], [16.90366, 45.49593], [16.90362, 45.49592], [16.9036, 45.4961], [16.90367, 45.49611]]], [[[16.90381, 45.49383], [16.90374, 45.49368], [16.90347, 45.49372], [16.90347, 45.49465], [16.90366, 45.49587], [16.904, 45.49588], [16.90402, 45.4961], [16.90366, 45.49645], [16.90371, 45.49685], [16.90348, 45.49692], [16.90342, 45.49719], [16.90373, 45.49704], [16.90371, 45.49723], [16.90338, 45.4974], [16.90336, 45.49837], [16.90317, 45.49826], [16.90274, 45.49894], [16.90519, 45.4989], [16.90514, 45.49752], [16.90381, 45.49383]]], [[[16.90355, 45.49646], [16.90356, 45.49646], [16.90357, 45.49635], [16.90355, 45.49646]]], [[[16.90351, 45.49679], [16.90359, 45.49679], [16.90353, 45.49659], [16.90353, 45.49659], [16.90351, 45.49679]]], [[[16.89335, 45.50754], [16.89324, 45.50769], [16.89328, 45.5077], [16.89335, 45.50761], [16.89335, 45.50754]]], [[[16.89315, 45.50782], [16.89324, 45.50787], [16.89337, 45.50796], [16.89336, 45.50786], [16.89315, 45.50782]]], [[[16.89289, 45.50903], [16.89324, 45.50917], [16.8929, 45.50941], [16.89271, 45.50925], [16.89288, 45.51148], [16.89273, 45.51248], [16.8929, 45.51249], [16.89255, 45.5131], [16.89257, 45.51363], [16.8924, 45.5136], [16.89219, 45.51413], [16.89231, 45.51423], [16.89252, 45.51403], [16.8924, 45.51445], [16.89206, 45.51437], [16.89187, 45.51474], [16.89208, 45.51478], [16.89201, 45.5149], [16.8918, 45.51487], [16.89104, 45.5157], [16.89092, 45.51625], [16.8906, 45.51612], [16.89004, 45.51715], [16.89252, 45.51711], [16.89364, 45.51601], [16.89339, 45.50872], [16.89289, 45.50903]]], [[[16.89244, 45.51346], [16.89245, 45.51346], [16.89251, 45.51329], [16.89249, 45.51329], [16.89244, 45.51346]]], [[[16.89089, 45.51587], [16.89091, 45.51582], [16.89086, 45.51586], [16.89089, 45.51587]]], [[[16.88988, 45.51712], [16.88989, 45.51705], [16.88985, 45.51711], [16.88988, 45.51712]]]]}, "properties": {"kind": "pv", "area_km2": 54.45, "mw": 2722.7}}, {"type": "Feature", "geometry": {"type": "Point", "coordinates": [16.80213, 45.4552]}, "properties": {"kind": "turbine", "i": 0, "mw": 6.0, "hub_m": 120.0, "rotor_m": 150.0}}, {"type": "Feature", "geometry": {"type": "Point", "coordinates": [16.78377, 45.46534]}, "properties": {"kind": "turbine", "i": 1, "mw": 6.0, "hub_m": 120.0, "rotor_m": 150.0}}, {"type": "Feature", "geometry": {"type": "Point", "coordinates": [16.78812, 45.45542]}, "properties": {"kind": "turbine", "i": 2, "mw": 6.0, "hub_m": 120.0, "rotor_m": 150.0}}, {"type": "Feature", "geometry": {"type": "Point", "coordinates": [16.82112, 45.46476]}, "properties": {"kind": "turbine", "i": 3, "mw": 6.0, "hub_m": 120.0, "rotor_m": 150.0}}, {"type": "Feature", "geometry": {"type": "Point", "coordinates": [16.81602, 45.45169]}, "properties": {"kind": "turbine", "i": 4, "mw": 6.0, "hub_m": 120.0, "rotor_m": 150.0}}, {"type": "Feature", "geometry": {"type": "Point", "coordinates": [16.82143, 45.47461]}, "properties": {"kind": "turbine", "i": 5, "mw": 6.0, "hub_m": 120.0, "rotor_m": 150.0}}, {"type": "Feature", "geometry": {"type": "Point", "coordinates": [16.79715, 45.44541]}, "properties": {"kind": "turbine", "i": 6, "mw": 6.0, "hub_m": 120.0, "rotor_m": 150.0}}, {"type": "Feature", "geometry": {"type": "Point", "coordinates": [16.83013, 45.45475]}, "properties": {"kind": "turbine", "i": 7, "mw": 6.0, "hub_m": 120.0, "rotor_m": 150.0}}, {"type": "Feature", "geometry": {"type": "Point", "coordinates": [16.77381, 45.44578]}, "properties": {"kind": "turbine", "i": 8, "mw": 6.0, "hub_m": 120.0, "rotor_m": 150.0}}, {"type": "Feature", "geometry": {"type": "Point", "coordinates": [16.7653, 45.47221]}, "properties": {"kind": "turbine", "i": 9, "mw": 6.0, "hub_m": 120.0, "rotor_m": 150.0}}, {"type": "Feature", "geometry": {"type": "Point", "coordinates": [16.7874, 45.43242]}, "properties": {"kind": "turbine", "i": 10, "mw": 6.0, "hub_m": 120.0, "rotor_m": 150.0}}, {"type": "Feature", "geometry": {"type": "Point", "coordinates": [16.8488, 45.45445]}, "properties": {"kind": "turbine", "i": 11, "mw": 6.0, "hub_m": 120.0, "rotor_m": 150.0}}, {"type": "Feature", "geometry": {"type": "Point", "coordinates": [16.83427, 45.43825]}, "properties": {"kind": "turbine", "i": 12, "mw": 6.0, "hub_m": 120.0, "rotor_m": 150.0}}, {"type": "Feature", "geometry": {"type": "Point", "coordinates": [16.75981, 45.446]}, "properties": {"kind": "turbine", "i": 13, "mw": 6.0, "hub_m": 120.0, "rotor_m": 150.0}}, {"type": "Feature", "geometry": {"type": "Point", "coordinates": [16.83597, 45.49081]}, "properties": {"kind": "turbine", "i": 14, "mw": 6.0, "hub_m": 120.0, "rotor_m": 150.0}}, {"type": "Feature", "geometry": {"type": "Point", "coordinates": [16.80359, 45.50119]}, "properties": {"kind": "turbine", "i": 15, "mw": 6.0, "hub_m": 120.0, "rotor_m": 150.0}}, {"type": "Feature", "geometry": {"type": "Point", "coordinates": [16.84837, 45.44131]}, "properties": {"kind": "turbine", "i": 16, "mw": 6.0, "hub_m": 120.0, "rotor_m": 150.0}}, {"type": "Feature", "geometry": {"type": "Point", "coordinates": [16.74662, 45.47249]}, "properties": {"kind": "turbine", "i": 17, "mw": 6.0, "hub_m": 120.0, "rotor_m": 150.0}}, {"type": "Feature", "geometry": {"type": "Point", "coordinates": [16.81508, 45.42212]}, "properties": {"kind": "turbine", "i": 18, "mw": 6.0, "hub_m": 120.0, "rotor_m": 150.0}}, {"type": "Feature", "geometry": {"type": "Point", "coordinates": [16.79924, 45.51112]}, "properties": {"kind": "turbine", "i": 19, "mw": 6.0, "hub_m": 120.0, "rotor_m": 150.0}}, {"type": "Feature", "geometry": {"type": "Point", "coordinates": [16.86813, 45.47386]}, "properties": {"kind": "turbine", "i": 20, "mw": 6.0, "hub_m": 120.0, "rotor_m": 150.0}}, {"type": "Feature", "geometry": {"type": "Point", "coordinates": [16.81793, 45.51082]}, "properties": {"kind": "turbine", "i": 21, "mw": 6.0, "hub_m": 120.0, "rotor_m": 150.0}}, {"type": "Feature", "geometry": {"type": "Point", "coordinates": [16.85944, 45.49372]}, "properties": {"kind": "turbine", "i": 22, "mw": 6.0, "hub_m": 120.0, "rotor_m": 150.0}}, {"type": "Feature", "geometry": {"type": "Point", "coordinates": [16.73281, 45.47928]}, "properties": {"kind": "turbine", "i": 23, "mw": 6.0, "hub_m": 120.0, "rotor_m": 150.0}}, {"type": "Feature", "geometry": {"type": "Point", "coordinates": [16.74266, 45.49556]}, "properties": {"kind": "turbine", "i": 24, "mw": 6.0, "hub_m": 120.0, "rotor_m": 150.0}}, {"type": "Feature", "geometry": {"type": "Point", "coordinates": [16.73181, 45.44642]}, "properties": {"kind": "turbine", "i": 25, "mw": 6.0, "hub_m": 120.0, "rotor_m": 150.0}}, {"type": "Feature", "geometry": {"type": "Point", "coordinates": [16.81125, 45.41065]}, "properties": {"kind": "turbine", "i": 26, "mw": 6.0, "hub_m": 120.0, "rotor_m": 150.0}}, {"type": "Feature", "geometry": {"type": "Point", "coordinates": [16.87171, 45.44093]}, "properties": {"kind": "turbine", "i": 27, "mw": 6.0, "hub_m": 120.0, "rotor_m": 150.0}}, {"type": "Feature", "geometry": {"type": "Point", "coordinates": [16.79955, 45.52097]}, "properties": {"kind": "turbine", "i": 28, "mw": 6.0, "hub_m": 120.0, "rotor_m": 150.0}}, {"type": "Feature", "geometry": {"type": "Point", "coordinates": [16.83216, 45.51717]}, "properties": {"kind": "turbine", "i": 29, "mw": 6.0, "hub_m": 120.0, "rotor_m": 150.0}}, {"type": "Feature", "geometry": {"type": "Point", "coordinates": [16.78553, 45.52119]}, "properties": {"kind": "turbine", "i": 30, "mw": 6.0, "hub_m": 120.0, "rotor_m": 150.0}}, {"type": "Feature", "geometry": {"type": "Point", "coordinates": [16.8553, 45.51022]}, "properties": {"kind": "turbine", "i": 31, "mw": 6.0, "hub_m": 120.0, "rotor_m": 150.0}}, {"type": "Feature", "geometry": {"type": "Point", "coordinates": [16.88669, 45.47026]}, "properties": {"kind": "turbine", "i": 32, "mw": 6.0, "hub_m": 120.0, "rotor_m": 150.0}}, {"type": "Feature", "geometry": {"type": "Point", "coordinates": [16.72684, 45.43664]}, "properties": {"kind": "turbine", "i": 33, "mw": 6.0, "hub_m": 120.0, "rotor_m": 150.0}}, {"type": "Feature", "geometry": {"type": "Point", "coordinates": [16.81911, 45.40234]}, "properties": {"kind": "turbine", "i": 34, "mw": 6.0, "hub_m": 120.0, "rotor_m": 150.0}}, {"type": "Feature", "geometry": {"type": "Point", "coordinates": [16.81378, 45.52732]}, "properties": {"kind": "turbine", "i": 35, "mw": 6.0, "hub_m": 120.0, "rotor_m": 150.0}}, {"type": "Feature", "geometry": {"type": "Point", "coordinates": [16.89059, 45.44719]}, "properties": {"kind": "turbine", "i": 36, "mw": 6.0, "hub_m": 120.0, "rotor_m": 150.0}}, {"type": "Feature", "geometry": {"type": "Point", "coordinates": [16.88735, 45.48997]}, "properties": {"kind": "turbine", "i": 37, "mw": 6.0, "hub_m": 120.0, "rotor_m": 150.0}}, {"type": "Feature", "geometry": {"type": "Point", "coordinates": [16.85095, 45.52015]}, "properties": {"kind": "turbine", "i": 38, "mw": 6.0, "hub_m": 120.0, "rotor_m": 150.0}}, {"type": "Feature", "geometry": {"type": "Point", "coordinates": [16.85197, 45.40838]}, "properties": {"kind": "turbine", "i": 39, "mw": 6.0, "hub_m": 120.0, "rotor_m": 150.0}}, {"type": "Feature", "geometry": {"type": "Point", "coordinates": [16.79519, 45.5309]}, "properties": {"kind": "turbine", "i": 40, "mw": 6.0, "hub_m": 120.0, "rotor_m": 150.0}}, {"type": "Feature", "geometry": {"type": "Point", "coordinates": [16.83715, 45.52695]}, "properties": {"kind": "turbine", "i": 41, "mw": 6.0, "hub_m": 120.0, "rotor_m": 150.0}}, {"type": "Feature", "geometry": {"type": "Point", "coordinates": [16.73859, 45.51534]}, "properties": {"kind": "turbine", "i": 42, "mw": 6.0, "hub_m": 120.0, "rotor_m": 150.0}}, {"type": "Feature", "geometry": {"type": "Point", "coordinates": [16.86943, 45.51328]}, "properties": {"kind": "turbine", "i": 43, "mw": 6.0, "hub_m": 120.0, "rotor_m": 150.0}}, {"type": "Feature", "geometry": {"type": "Point", "coordinates": [16.78117, 45.53112]}, "properties": {"kind": "turbine", "i": 44, "mw": 6.0, "hub_m": 120.0, "rotor_m": 150.0}}, {"type": "Feature", "geometry": {"type": "Point", "coordinates": [16.70966, 45.4862]}, "properties": {"kind": "turbine", "i": 45, "mw": 6.0, "hub_m": 120.0, "rotor_m": 150.0}}, {"type": "Feature", "geometry": {"type": "Point", "coordinates": [16.90026, 45.45689]}, "properties": {"kind": "turbine", "i": 46, "mw": 6.0, "hub_m": 120.0, "rotor_m": 150.0}}, {"type": "Feature", "geometry": {"type": "Point", "coordinates": [16.7195, 45.50249]}, "properties": {"kind": "turbine", "i": 47, "mw": 6.0, "hub_m": 120.0, "rotor_m": 150.0}}, {"type": "Feature", "geometry": {"type": "Point", "coordinates": [16.81879, 45.39248]}, "properties": {"kind": "turbine", "i": 48, "mw": 6.0, "hub_m": 120.0, "rotor_m": 150.0}}, {"type": "Feature", "geometry": {"type": "Point", "coordinates": [16.89235, 45.49975]}, "properties": {"kind": "turbine", "i": 49, "mw": 6.0, "hub_m": 120.0, "rotor_m": 150.0}}, {"type": "Feature", "geometry": {"type": "Point", "coordinates": [16.72448, 45.51227]}, "properties": {"kind": "turbine", "i": 50, "mw": 6.0, "hub_m": 120.0, "rotor_m": 150.0}}, {"type": "Feature", "geometry": {"type": "Point", "coordinates": [16.88334, 45.50976]}, "properties": {"kind": "turbine", "i": 51, "mw": 6.0, "hub_m": 120.0, "rotor_m": 150.0}}, {"type": "Feature", "geometry": {"type": "Point", "coordinates": [16.90459, 45.44696]}, "properties": {"kind": "turbine", "i": 52, "mw": 6.0, "hub_m": 120.0, "rotor_m": 150.0}}, {"type": "Feature", "geometry": {"type": "Point", "coordinates": [16.88494, 45.4177]}, "properties": {"kind": "turbine", "i": 53, "mw": 6.0, "hub_m": 120.0, "rotor_m": 150.0}}, {"type": "Feature", "geometry": {"type": "Point", "coordinates": [16.70529, 45.49612]}, "properties": {"kind": "turbine", "i": 54, "mw": 6.0, "hub_m": 120.0, "rotor_m": 150.0}}, {"type": "Feature", "geometry": {"type": "Point", "coordinates": [16.87528, 45.408]}, "properties": {"kind": "turbine", "i": 55, "mw": 6.0, "hub_m": 120.0, "rotor_m": 150.0}}, {"type": "Feature", "geometry": {"type": "Point", "coordinates": [16.80018, 45.54068]}, "properties": {"kind": "turbine", "i": 56, "mw": 6.0, "hub_m": 120.0, "rotor_m": 150.0}}, {"type": "Feature", "geometry": {"type": "Point", "coordinates": [16.85154, 45.39524]}, "properties": {"kind": "turbine", "i": 57, "mw": 6.0, "hub_m": 120.0, "rotor_m": 150.0}}, {"type": "Feature", "geometry": {"type": "Point", "coordinates": [16.86063, 45.52985]}, "properties": {"kind": "turbine", "i": 58, "mw": 6.0, "hub_m": 120.0, "rotor_m": 150.0}}, {"type": "Feature", "geometry": {"type": "Point", "coordinates": [16.87443, 45.52305]}, "properties": {"kind": "turbine", "i": 59, "mw": 6.0, "hub_m": 120.0, "rotor_m": 150.0}}, {"type": "Feature", "geometry": {"type": "Point", "coordinates": [16.76268, 45.53798]}, "properties": {"kind": "turbine", "i": 60, "mw": 6.0, "hub_m": 120.0, "rotor_m": 150.0}}, {"type": "Feature", "geometry": {"type": "Point", "coordinates": [16.72478, 45.52213]}, "properties": {"kind": "turbine", "i": 61, "mw": 6.0, "hub_m": 120.0, "rotor_m": 150.0}}, {"type": "Feature", "geometry": {"type": "Point", "coordinates": [16.86563, 45.3983]}, "properties": {"kind": "turbine", "i": 62, "mw": 6.0, "hub_m": 120.0, "rotor_m": 150.0}}, {"type": "Feature", "geometry": {"type": "Point", "coordinates": [16.9107, 45.48959]}, "properties": {"kind": "turbine", "i": 63, "mw": 6.0, "hub_m": 120.0, "rotor_m": 150.0}}, {"type": "Feature", "geometry": {"type": "Point", "coordinates": [16.83257, 45.38569]}, "properties": {"kind": "turbine", "i": 64, "mw": 6.0, "hub_m": 120.0, "rotor_m": 150.0}}, {"type": "Feature", "geometry": {"type": "Point", "coordinates": [16.82833, 45.54352]}, "properties": {"kind": "turbine", "i": 65, "mw": 6.0, "hub_m": 120.0, "rotor_m": 150.0}}, {"type": "Feature", "geometry": {"type": "Point", "coordinates": [16.70569, 45.50927]}, "properties": {"kind": "turbine", "i": 66, "mw": 6.0, "hub_m": 120.0, "rotor_m": 150.0}}, {"type": "Feature", "geometry": {"type": "Point", "coordinates": [16.91915, 45.46315]}, "properties": {"kind": "turbine", "i": 67, "mw": 6.0, "hub_m": 120.0, "rotor_m": 150.0}}, {"type": "Feature", "geometry": {"type": "Point", "coordinates": [16.8516, 45.53986]}, "properties": {"kind": "turbine", "i": 68, "mw": 6.0, "hub_m": 120.0, "rotor_m": 150.0}}, {"type": "Feature", "geometry": {"type": "Point", "coordinates": [16.69118, 45.49305]}, "properties": {"kind": "turbine", "i": 69, "mw": 6.0, "hub_m": 120.0, "rotor_m": 150.0}}, {"type": "Feature", "geometry": {"type": "Point", "coordinates": [16.90202, 45.50945]}, "properties": {"kind": "turbine", "i": 70, "mw": 6.0, "hub_m": 120.0, "rotor_m": 150.0}}, {"type": "Feature", "geometry": {"type": "Point", "coordinates": [16.91104, 45.49944]}, "properties": {"kind": "turbine", "i": 71, "mw": 6.0, "hub_m": 120.0, "rotor_m": 150.0}}, {"type": "Feature", "geometry": {"type": "Point", "coordinates": [16.91848, 45.44344]}, "properties": {"kind": "turbine", "i": 72, "mw": 6.0, "hub_m": 120.0, "rotor_m": 150.0}}, {"type": "Feature", "geometry": {"type": "Point", "coordinates": [16.74398, 45.53827]}, "properties": {"kind": "turbine", "i": 73, "mw": 6.0, "hub_m": 120.0, "rotor_m": 150.0}}, {"type": "Feature", "geometry": {"type": "Point", "coordinates": [16.87476, 45.53291]}, "properties": {"kind": "turbine", "i": 74, "mw": 6.0, "hub_m": 120.0, "rotor_m": 150.0}}, {"type": "Feature", "geometry": {"type": "Point", "coordinates": [16.85121, 45.38539]}, "properties": {"kind": "turbine", "i": 75, "mw": 6.0, "hub_m": 120.0, "rotor_m": 150.0}}, {"type": "Feature", "geometry": {"type": "Point", "coordinates": [16.92348, 45.45322]}, "properties": {"kind": "turbine", "i": 76, "mw": 6.0, "hub_m": 120.0, "rotor_m": 150.0}}, {"type": "Feature", "geometry": {"type": "Point", "coordinates": [16.89768, 45.51938]}, "properties": {"kind": "turbine", "i": 77, "mw": 6.0, "hub_m": 120.0, "rotor_m": 150.0}}, {"type": "Feature", "geometry": {"type": "Point", "coordinates": [16.91815, 45.43359]}, "properties": {"kind": "turbine", "i": 78, "mw": 6.0, "hub_m": 120.0, "rotor_m": 150.0}}, {"type": "Feature", "geometry": {"type": "Point", "coordinates": [16.92438, 45.4795]}, "properties": {"kind": "turbine", "i": 79, "mw": 6.0, "hub_m": 120.0, "rotor_m": 150.0}}, {"type": "Feature", "geometry": {"type": "Point", "coordinates": [16.91315, 45.42381]}, "properties": {"kind": "turbine", "i": 80, "mw": 6.0, "hub_m": 120.0, "rotor_m": 150.0}}, {"type": "Feature", "geometry": {"type": "Point", "coordinates": [16.8986, 45.40762]}, "properties": {"kind": "turbine", "i": 81, "mw": 6.0, "hub_m": 120.0, "rotor_m": 150.0}}, {"type": "Feature", "geometry": {"type": "Point", "coordinates": [16.88867, 45.52939]}, "properties": {"kind": "turbine", "i": 82, "mw": 6.0, "hub_m": 120.0, "rotor_m": 150.0}}, {"type": "Feature", "geometry": {"type": "Point", "coordinates": [16.70608, 45.52241]}, "properties": {"kind": "turbine", "i": 83, "mw": 6.0, "hub_m": 120.0, "rotor_m": 150.0}}, {"type": "Feature", "geometry": {"type": "Point", "coordinates": [16.75831, 45.54791]}, "properties": {"kind": "turbine", "i": 84, "mw": 6.0, "hub_m": 120.0, "rotor_m": 150.0}}, {"type": "Feature", "geometry": {"type": "Point", "coordinates": [16.72995, 45.53848]}, "properties": {"kind": "turbine", "i": 85, "mw": 6.0, "hub_m": 120.0, "rotor_m": 150.0}}, {"type": "Feature", "geometry": {"type": "Point", "coordinates": [16.93315, 45.46291]}, "properties": {"kind": "turbine", "i": 86, "mw": 6.0, "hub_m": 120.0, "rotor_m": 150.0}}, {"type": "Feature", "geometry": {"type": "Point", "coordinates": [16.77254, 45.55426]}, "properties": {"kind": "turbine", "i": 87, "mw": 6.0, "hub_m": 120.0, "rotor_m": 150.0}}, {"type": "Feature", "geometry": {"type": "Point", "coordinates": [16.91282, 45.41395]}, "properties": {"kind": "turbine", "i": 88, "mw": 6.0, "hub_m": 120.0, "rotor_m": 150.0}}, {"type": "Feature", "geometry": {"type": "Point", "coordinates": [16.80538, 45.55703]}, "properties": {"kind": "turbine", "i": 89, "mw": 6.0, "hub_m": 120.0, "rotor_m": 150.0}}, {"type": "Feature", "geometry": {"type": "Point", "coordinates": [16.68213, 45.50304]}, "properties": {"kind": "turbine", "i": 90, "mw": 6.0, "hub_m": 120.0, "rotor_m": 150.0}}, {"type": "Feature", "geometry": {"type": "Point", "coordinates": [16.74428, 45.54812]}, "properties": {"kind": "turbine", "i": 91, "mw": 6.0, "hub_m": 120.0, "rotor_m": 150.0}}, {"type": "Feature", "geometry": {"type": "Point", "coordinates": [16.86509, 45.38187]}, "properties": {"kind": "turbine", "i": 92, "mw": 6.0, "hub_m": 120.0, "rotor_m": 150.0}}, {"type": "Feature", "geometry": {"type": "Point", "coordinates": [16.91615, 45.5125]}, "properties": {"kind": "turbine", "i": 93, "mw": 6.0, "hub_m": 120.0, "rotor_m": 150.0}}, {"type": "Feature", "geometry": {"type": "Point", "coordinates": [16.8566, 45.54964]}, "properties": {"kind": "turbine", "i": 94, "mw": 6.0, "hub_m": 120.0, "rotor_m": 150.0}}, {"type": "Feature", "geometry": {"type": "Point", "coordinates": [16.85089, 45.37553]}, "properties": {"kind": "turbine", "i": 95, "mw": 6.0, "hub_m": 120.0, "rotor_m": 150.0}}, {"type": "Feature", "geometry": {"type": "Point", "coordinates": [16.90269, 45.52916]}, "properties": {"kind": "turbine", "i": 96, "mw": 6.0, "hub_m": 120.0, "rotor_m": 150.0}}, {"type": "Feature", "geometry": {"type": "Point", "coordinates": [16.93816, 45.47269]}, "properties": {"kind": "turbine", "i": 97, "mw": 6.0, "hub_m": 120.0, "rotor_m": 150.0}}, {"type": "Feature", "geometry": {"type": "Point", "coordinates": [16.87519, 45.54605]}, "properties": {"kind": "turbine", "i": 98, "mw": 6.0, "hub_m": 120.0, "rotor_m": 150.0}}, {"type": "Feature", "geometry": {"type": "Point", "coordinates": [16.93726, 45.44641]}, "properties": {"kind": "turbine", "i": 99, "mw": 6.0, "hub_m": 120.0, "rotor_m": 150.0}}, {"type": "Feature", "geometry": {"type": "Point", "coordinates": [16.889, 45.53925]}, "properties": {"kind": "turbine", "i": 100, "mw": 6.0, "hub_m": 120.0, "rotor_m": 150.0}}, {"type": "Feature", "geometry": {"type": "Point", "coordinates": [16.93861, 45.48583]}, "properties": {"kind": "turbine", "i": 101, "mw": 6.0, "hub_m": 120.0, "rotor_m": 150.0}}, {"type": "Feature", "geometry": {"type": "Point", "coordinates": [16.91649, 45.52236]}, "properties": {"kind": "turbine", "i": 102, "mw": 6.0, "hub_m": 120.0, "rotor_m": 150.0}}, {"type": "Feature", "geometry": {"type": "Point", "coordinates": [16.93681, 45.43327]}, "properties": {"kind": "turbine", "i": 103, "mw": 6.0, "hub_m": 120.0, "rotor_m": 150.0}}, {"type": "Feature", "geometry": {"type": "Point", "coordinates": [16.92692, 45.417]}, "properties": {"kind": "turbine", "i": 104, "mw": 6.0, "hub_m": 120.0, "rotor_m": 150.0}}, {"type": "Feature", "geometry": {"type": "Point", "coordinates": [16.78688, 45.5639]}, "properties": {"kind": "turbine", "i": 105, "mw": 6.0, "hub_m": 120.0, "rotor_m": 150.0}}, {"type": "Feature", "geometry": {"type": "Point", "coordinates": [16.8243, 45.56331]}, "properties": {"kind": "turbine", "i": 106, "mw": 6.0, "hub_m": 120.0, "rotor_m": 150.0}}, {"type": "Feature", "geometry": {"type": "Point", "coordinates": [16.91715, 45.40402]}, "properties": {"kind": "turbine", "i": 107, "mw": 6.0, "hub_m": 120.0, "rotor_m": 150.0}}, {"type": "Feature", "geometry": {"type": "Point", "coordinates": [16.74926, 45.55791]}, "properties": {"kind": "turbine", "i": 108, "mw": 6.0, "hub_m": 120.0, "rotor_m": 150.0}}, {"type": "Feature", "geometry": {"type": "Point", "coordinates": [16.94716, 45.46268]}, "properties": {"kind": "turbine", "i": 109, "mw": 6.0, "hub_m": 120.0, "rotor_m": 150.0}}, {"type": "Feature", "geometry": {"type": "Point", "coordinates": [16.86477, 45.37202]}, "properties": {"kind": "turbine", "i": 110, "mw": 6.0, "hub_m": 120.0, "rotor_m": 150.0}}, {"type": "Feature", "geometry": {"type": "Point", "coordinates": [16.66811, 45.50325]}, "properties": {"kind": "turbine", "i": 111, "mw": 6.0, "hub_m": 120.0, "rotor_m": 150.0}}, {"type": "Feature", "geometry": {"type": "Point", "coordinates": [16.68271, 45.52275]}, "properties": {"kind": "turbine", "i": 112, "mw": 6.0, "hub_m": 120.0, "rotor_m": 150.0}}, {"type": "Feature", "geometry": {"type": "Point", "coordinates": [16.90302, 45.53902]}, "properties": {"kind": "turbine", "i": 113, "mw": 6.0, "hub_m": 120.0, "rotor_m": 150.0}}, {"type": "Feature", "geometry": {"type": "Point", "coordinates": [16.87085, 45.55598]}, "properties": {"kind": "turbine", "i": 114, "mw": 6.0, "hub_m": 120.0, "rotor_m": 150.0}}, {"type": "Feature", "geometry": {"type": "Point", "coordinates": [16.7635, 45.56426]}, "properties": {"kind": "turbine", "i": 115, "mw": 6.0, "hub_m": 120.0, "rotor_m": 150.0}}, {"type": "Feature", "geometry": {"type": "Point", "coordinates": [16.91682, 45.53221]}, "properties": {"kind": "turbine", "i": 116, "mw": 6.0, "hub_m": 120.0, "rotor_m": 150.0}}, {"type": "Feature", "geometry": {"type": "Point", "coordinates": [16.894, 45.54903]}, "properties": {"kind": "turbine", "i": 117, "mw": 6.0, "hub_m": 120.0, "rotor_m": 150.0}}, {"type": "Feature", "geometry": {"type": "Point", "coordinates": [16.89772, 45.38134]}, "properties": {"kind": "turbine", "i": 118, "mw": 6.0, "hub_m": 120.0, "rotor_m": 150.0}}, {"type": "Feature", "geometry": {"type": "Point", "coordinates": [16.87875, 45.37179]}, "properties": {"kind": "turbine", "i": 119, "mw": 6.0, "hub_m": 120.0, "rotor_m": 150.0}}, {"type": "Feature", "geometry": {"type": "Point", "coordinates": [16.95251, 45.4823]}, "properties": {"kind": "turbine", "i": 120, "mw": 6.0, "hub_m": 120.0, "rotor_m": 150.0}}, {"type": "Feature", "geometry": {"type": "Point", "coordinates": [16.95103, 45.4396]}, "properties": {"kind": "turbine", "i": 121, "mw": 6.0, "hub_m": 120.0, "rotor_m": 150.0}}, {"type": "Feature", "geometry": {"type": "Point", "coordinates": [16.85714, 45.56606]}, "properties": {"kind": "turbine", "i": 122, "mw": 6.0, "hub_m": 120.0, "rotor_m": 150.0}}, {"type": "Feature", "geometry": {"type": "Point", "coordinates": [16.66373, 45.51317]}, "properties": {"kind": "turbine", "i": 123, "mw": 6.0, "hub_m": 120.0, "rotor_m": 150.0}}, {"type": "Feature", "geometry": {"type": "Point", "coordinates": [16.95604, 45.44938]}, "properties": {"kind": "turbine", "i": 124, "mw": 6.0, "hub_m": 120.0, "rotor_m": 150.0}}, {"type": "Feature", "geometry": {"type": "Point", "coordinates": [16.91359, 45.38778]}, "properties": {"kind": "turbine", "i": 125, "mw": 6.0, "hub_m": 120.0, "rotor_m": 150.0}}, {"type": "Feature", "geometry": {"type": "Point", "coordinates": [16.66869, 45.52296]}, "properties": {"kind": "turbine", "i": 126, "mw": 6.0, "hub_m": 120.0, "rotor_m": 150.0}}, {"type": "Feature", "geometry": {"type": "Point", "coordinates": [16.77316, 45.57397]}, "properties": {"kind": "turbine", "i": 127, "mw": 6.0, "hub_m": 120.0, "rotor_m": 150.0}}, {"type": "Feature", "geometry": {"type": "Point", "coordinates": [16.96128, 45.46572]}, "properties": {"kind": "turbine", "i": 128, "mw": 6.0, "hub_m": 120.0, "rotor_m": 150.0}}, {"type": "Feature", "geometry": {"type": "Point", "coordinates": [16.89273, 45.37156]}, "properties": {"kind": "turbine", "i": 129, "mw": 6.0, "hub_m": 120.0, "rotor_m": 150.0}}, {"type": "Feature", "geometry": {"type": "Point", "coordinates": [16.90803, 45.54879]}, "properties": {"kind": "turbine", "i": 130, "mw": 6.0, "hub_m": 120.0, "rotor_m": 150.0}}, {"type": "Feature", "geometry": {"type": "Point", "coordinates": [16.95536, 45.42967]}, "properties": {"kind": "turbine", "i": 131, "mw": 6.0, "hub_m": 120.0, "rotor_m": 150.0}}, {"type": "Feature", "geometry": {"type": "Point", "coordinates": [16.67366, 45.53275]}, "properties": {"kind": "turbine", "i": 132, "mw": 6.0, "hub_m": 120.0, "rotor_m": 150.0}}, {"type": "Feature", "geometry": {"type": "Point", "coordinates": [16.95775, 45.49865]}, "properties": {"kind": "turbine", "i": 133, "mw": 6.0, "hub_m": 120.0, "rotor_m": 150.0}}, {"type": "Feature", "geometry": {"type": "Point", "coordinates": [16.88053, 45.56568]}, "properties": {"kind": "turbine", "i": 134, "mw": 6.0, "hub_m": 120.0, "rotor_m": 150.0}}, {"type": "Feature", "geometry": {"type": "Point", "coordinates": [16.84343, 45.57615]}, "properties": {"kind": "turbine", "i": 135, "mw": 6.0, "hub_m": 120.0, "rotor_m": 150.0}}, {"type": "Feature", "geometry": {"type": "Point", "coordinates": [16.89901, 45.5588]}, "properties": {"kind": "turbine", "i": 136, "mw": 6.0, "hub_m": 120.0, "rotor_m": 150.0}}, {"type": "Feature", "geometry": {"type": "Point", "coordinates": [16.93107, 45.53854]}, "properties": {"kind": "turbine", "i": 137, "mw": 6.0, "hub_m": 120.0, "rotor_m": 150.0}}, {"type": "Feature", "geometry": {"type": "Point", "coordinates": [16.96663, 45.48535]}, "properties": {"kind": "turbine", "i": 138, "mw": 6.0, "hub_m": 120.0, "rotor_m": 150.0}}, {"type": "Feature", "geometry": {"type": "Point", "coordinates": [16.74298, 45.35422]}, "properties": {"kind": "turbine", "i": 139, "mw": 6.0, "hub_m": 120.0, "rotor_m": 150.0}}, {"type": "Feature", "geometry": {"type": "Point", "coordinates": [16.7291, 45.35772]}, "properties": {"kind": "turbine", "i": 140, "mw": 6.0, "hub_m": 120.0, "rotor_m": 150.0}}, {"type": "Feature", "geometry": {"type": "Point", "coordinates": [16.97027, 45.45571]}, "properties": {"kind": "turbine", "i": 141, "mw": 6.0, "hub_m": 120.0, "rotor_m": 150.0}}, {"type": "Feature", "geometry": {"type": "Point", "coordinates": [16.88774, 45.36178]}, "properties": {"kind": "turbine", "i": 142, "mw": 6.0, "hub_m": 120.0, "rotor_m": 150.0}}, {"type": "Feature", "geometry": {"type": "Point", "coordinates": [16.97096, 45.47541]}, "properties": {"kind": "turbine", "i": 143, "mw": 6.0, "hub_m": 120.0, "rotor_m": 150.0}}, {"type": "Feature", "geometry": {"type": "Point", "coordinates": [16.86214, 45.57584]}, "properties": {"kind": "turbine", "i": 144, "mw": 6.0, "hub_m": 120.0, "rotor_m": 150.0}}, {"type": "Feature", "geometry": {"type": "Point", "coordinates": [16.65467, 45.52316]}, "properties": {"kind": "turbine", "i": 145, "mw": 6.0, "hub_m": 120.0, "rotor_m": 150.0}}, {"type": "Feature", "geometry": {"type": "Point", "coordinates": [16.67395, 45.5426]}, "properties": {"kind": "turbine", "i": 146, "mw": 6.0, "hub_m": 120.0, "rotor_m": 150.0}}, {"type": "Feature", "geometry": {"type": "Point", "coordinates": [16.78751, 45.58361]}, "properties": {"kind": "turbine", "i": 147, "mw": 6.0, "hub_m": 120.0, "rotor_m": 150.0}}, {"type": "Feature", "geometry": {"type": "Point", "coordinates": [16.92569, 45.38087]}, "properties": {"kind": "turbine", "i": 148, "mw": 6.0, "hub_m": 120.0, "rotor_m": 150.0}}, {"type": "Feature", "geometry": {"type": "Point", "coordinates": [16.9697, 45.43928]}, "properties": {"kind": "turbine", "i": 149, "mw": 6.0, "hub_m": 120.0, "rotor_m": 150.0}}, {"type": "Feature", "geometry": {"type": "Point", "coordinates": [16.91304, 45.55857]}, "properties": {"kind": "turbine", "i": 150, "mw": 6.0, "hub_m": 120.0, "rotor_m": 150.0}}, {"type": "Feature", "geometry": {"type": "Point", "coordinates": [16.96935, 45.42943]}, "properties": {"kind": "turbine", "i": 151, "mw": 6.0, "hub_m": 120.0, "rotor_m": 150.0}}, {"type": "Feature", "geometry": {"type": "Point", "coordinates": [16.87618, 45.57561]}, "properties": {"kind": "turbine", "i": 152, "mw": 6.0, "hub_m": 120.0, "rotor_m": 150.0}}, {"type": "Feature", "geometry": {"type": "Point", "coordinates": [16.91126, 45.36796]}, "properties": {"kind": "turbine", "i": 153, "mw": 6.0, "hub_m": 120.0, "rotor_m": 150.0}}, {"type": "Feature", "geometry": {"type": "Point", "coordinates": [16.86401, 45.34902]}, "properties": {"kind": "turbine", "i": 154, "mw": 6.0, "hub_m": 120.0, "rotor_m": 150.0}}, {"type": "Feature", "geometry": {"type": "Point", "coordinates": [16.89467, 45.56874]}, "properties": {"kind": "turbine", "i": 155, "mw": 6.0, "hub_m": 120.0, "rotor_m": 150.0}}, {"type": "Feature", "geometry": {"type": "Point", "coordinates": [16.93141, 45.5484]}, "properties": {"kind": "turbine", "i": 156, "mw": 6.0, "hub_m": 120.0, "rotor_m": 150.0}}, {"type": "Feature", "geometry": {"type": "Point", "coordinates": [16.65496, 45.53302]}, "properties": {"kind": "turbine", "i": 157, "mw": 6.0, "hub_m": 120.0, "rotor_m": 150.0}}, {"type": "Feature", "geometry": {"type": "Point", "coordinates": [16.83908, 45.58608]}, "properties": {"kind": "turbine", "i": 158, "mw": 6.0, "hub_m": 120.0, "rotor_m": 150.0}}, {"type": "Feature", "geometry": {"type": "Point", "coordinates": [16.97187, 45.50169]}, "properties": {"kind": "turbine", "i": 159, "mw": 6.0, "hub_m": 120.0, "rotor_m": 150.0}}, {"type": "Feature", "geometry": {"type": "Point", "coordinates": [16.64046, 45.51679]}, "properties": {"kind": "turbine", "i": 160, "mw": 6.0, "hub_m": 120.0, "rotor_m": 150.0}}, {"type": "Feature", "geometry": {"type": "Point", "coordinates": [16.96901, 45.41957]}, "properties": {"kind": "turbine", "i": 161, "mw": 6.0, "hub_m": 120.0, "rotor_m": 150.0}}, {"type": "Feature", "geometry": {"type": "Point", "coordinates": [16.88276, 45.352]}, "properties": {"kind": "turbine", "i": 162, "mw": 6.0, "hub_m": 120.0, "rotor_m": 150.0}}, {"type": "Feature", "geometry": {"type": "Point", "coordinates": [16.74733, 45.3443]}, "properties": {"kind": "turbine", "i": 163, "mw": 6.0, "hub_m": 120.0, "rotor_m": 150.0}}, {"type": "Feature", "geometry": {"type": "Point", "coordinates": [16.7288, 45.34786]}, "properties": {"kind": "turbine", "i": 164, "mw": 6.0, "hub_m": 120.0, "rotor_m": 150.0}}, {"type": "Feature", "geometry": {"type": "Point", "coordinates": [16.959, 45.40002]}, "properties": {"kind": "turbine", "i": 165, "mw": 6.0, "hub_m": 120.0, "rotor_m": 150.0}}, {"type": "Feature", "geometry": {"type": "Point", "coordinates": [16.84506, 45.33947]}, "properties": {"kind": "turbine", "i": 166, "mw": 6.0, "hub_m": 120.0, "rotor_m": 150.0}}, {"type": "Feature", "geometry": {"type": "Point", "coordinates": [16.71492, 45.35136]}, "properties": {"kind": "turbine", "i": 167, "mw": 6.0, "hub_m": 120.0, "rotor_m": 150.0}}, {"type": "Feature", "geometry": {"type": "Point", "coordinates": [16.97222, 45.51155]}, "properties": {"kind": "turbine", "i": 168, "mw": 6.0, "hub_m": 120.0, "rotor_m": 150.0}}, {"type": "Feature", "geometry": {"type": "Point", "coordinates": [16.98087, 45.49168]}, "properties": {"kind": "turbine", "i": 169, "mw": 6.0, "hub_m": 120.0, "rotor_m": 150.0}}, {"type": "Feature", "geometry": {"type": "Point", "coordinates": [16.92707, 45.55833]}, "properties": {"kind": "turbine", "i": 170, "mw": 6.0, "hub_m": 120.0, "rotor_m": 150.0}}, {"type": "Feature", "geometry": {"type": "Point", "coordinates": [16.93002, 45.37094]}, "properties": {"kind": "turbine", "i": 171, "mw": 6.0, "hub_m": 120.0, "rotor_m": 150.0}}, {"type": "Feature", "geometry": {"type": "Point", "coordinates": [16.64075, 45.52665]}, "properties": {"kind": "turbine", "i": 172, "mw": 6.0, "hub_m": 120.0, "rotor_m": 150.0}}, {"type": "Feature", "geometry": {"type": "Point", "coordinates": [16.65525, 45.54288]}, "properties": {"kind": "turbine", "i": 173, "mw": 6.0, "hub_m": 120.0, "rotor_m": 150.0}}, {"type": "Feature", "geometry": {"type": "Point", "coordinates": [16.85322, 45.58914]}, "properties": {"kind": "turbine", "i": 174, "mw": 6.0, "hub_m": 120.0, "rotor_m": 150.0}}, {"type": "Feature", "geometry": {"type": "Point", "coordinates": [16.98905, 45.45867]}, "properties": {"kind": "turbine", "i": 175, "mw": 6.0, "hub_m": 120.0, "rotor_m": 150.0}}, {"type": "Feature", "geometry": {"type": "Point", "coordinates": [16.98952, 45.47181]}, "properties": {"kind": "turbine", "i": 176, "mw": 6.0, "hub_m": 120.0, "rotor_m": 150.0}}, {"type": "Feature", "geometry": {"type": "Point", "coordinates": [16.90139, 45.35169]}, "properties": {"kind": "turbine", "i": 177, "mw": 6.0, "hub_m": 120.0, "rotor_m": 150.0}}, {"type": "Feature", "geometry": {"type": "Point", "coordinates": [16.94422, 45.37727]}, "properties": {"kind": "turbine", "i": 178, "mw": 6.0, "hub_m": 120.0, "rotor_m": 150.0}}, {"type": "Feature", "geometry": {"type": "Point", "coordinates": [16.97256, 45.5214]}, "properties": {"kind": "turbine", "i": 179, "mw": 6.0, "hub_m": 120.0, "rotor_m": 150.0}}, {"type": "Feature", "geometry": {"type": "Point", "coordinates": [16.98825, 45.43567]}, "properties": {"kind": "turbine", "i": 180, "mw": 6.0, "hub_m": 120.0, "rotor_m": 150.0}}, {"type": "Feature", "geometry": {"type": "Point", "coordinates": [16.98589, 45.50145]}, "properties": {"kind": "turbine", "i": 181, "mw": 6.0, "hub_m": 120.0, "rotor_m": 150.0}}, {"type": "Feature", "geometry": {"type": "Point", "coordinates": [16.62644, 45.517]}, "properties": {"kind": "turbine", "i": 182, "mw": 6.0, "hub_m": 120.0, "rotor_m": 150.0}}, {"type": "Feature", "geometry": {"type": "Point", "coordinates": [16.64103, 45.53651]}, "properties": {"kind": "turbine", "i": 183, "mw": 6.0, "hub_m": 120.0, "rotor_m": 150.0}}, {"type": "Feature", "geometry": {"type": "Point", "coordinates": [16.95855, 45.38688]}, "properties": {"kind": "turbine", "i": 184, "mw": 6.0, "hub_m": 120.0, "rotor_m": 150.0}}, {"type": "Feature", "geometry": {"type": "Point", "coordinates": [16.92502, 45.36116]}, "properties": {"kind": "turbine", "i": 185, "mw": 6.0, "hub_m": 120.0, "rotor_m": 150.0}}, {"type": "Feature", "geometry": {"type": "Point", "coordinates": [16.9411, 45.5581]}, "properties": {"kind": "turbine", "i": 186, "mw": 6.0, "hub_m": 120.0, "rotor_m": 150.0}}, {"type": "Feature", "geometry": {"type": "Point", "coordinates": [16.99326, 45.44545]}, "properties": {"kind": "turbine", "i": 187, "mw": 6.0, "hub_m": 120.0, "rotor_m": 150.0}}, {"type": "Feature", "geometry": {"type": "Point", "coordinates": [16.89979, 45.5818]}, "properties": {"kind": "turbine", "i": 188, "mw": 6.0, "hub_m": 120.0, "rotor_m": 150.0}}, {"type": "Feature", "geometry": {"type": "Point", "coordinates": [16.66415, 45.36855]}, "properties": {"kind": "turbine", "i": 189, "mw": 6.0, "hub_m": 120.0, "rotor_m": 150.0}}, {"type": "Feature", "geometry": {"type": "Point", "coordinates": [16.7285, 45.33801]}, "properties": {"kind": "turbine", "i": 190, "mw": 6.0, "hub_m": 120.0, "rotor_m": 150.0}}, {"type": "Feature", "geometry": {"type": "Point", "coordinates": [16.65045, 45.37861]}, "properties": {"kind": "turbine", "i": 191, "mw": 6.0, "hub_m": 120.0, "rotor_m": 150.0}}, {"type": "Feature", "geometry": {"type": "Point", "coordinates": [16.99465, 45.48486]}, "properties": {"kind": "turbine", "i": 192, "mw": 6.0, "hub_m": 120.0, "rotor_m": 150.0}}, {"type": "Feature", "geometry": {"type": "Point", "coordinates": [16.84008, 45.32969]}, "properties": {"kind": "turbine", "i": 193, "mw": 6.0, "hub_m": 120.0, "rotor_m": 150.0}}, {"type": "Feature", "geometry": {"type": "Point", "coordinates": [16.88232, 45.33886]}, "properties": {"kind": "turbine", "i": 194, "mw": 6.0, "hub_m": 120.0, "rotor_m": 150.0}}, {"type": "Feature", "geometry": {"type": "Point", "coordinates": [16.98623, 45.5113]}, "properties": {"kind": "turbine", "i": 195, "mw": 6.0, "hub_m": 120.0, "rotor_m": 150.0}}, {"type": "Feature", "geometry": {"type": "Point", "coordinates": [16.91537, 45.35146]}, "properties": {"kind": "turbine", "i": 196, "mw": 6.0, "hub_m": 120.0, "rotor_m": 150.0}}, {"type": "Feature", "geometry": {"type": "Point", "coordinates": [16.74693, 45.33115]}, "properties": {"kind": "turbine", "i": 197, "mw": 6.0, "hub_m": 120.0, "rotor_m": 150.0}}, {"type": "Feature", "geometry": {"type": "Point", "coordinates": [16.94389, 45.36741]}, "properties": {"kind": "turbine", "i": 198, "mw": 6.0, "hub_m": 120.0, "rotor_m": 150.0}}, {"type": "Feature", "geometry": {"type": "Point", "coordinates": [16.8964, 45.34192]}, "properties": {"kind": "turbine", "i": 199, "mw": 6.0, "hub_m": 120.0, "rotor_m": 150.0}}, {"type": "Feature", "geometry": {"type": "Point", "coordinates": [16.85405, 45.32947]}, "properties": {"kind": "turbine", "i": 200, "mw": 6.0, "hub_m": 120.0, "rotor_m": 150.0}}, {"type": "Feature", "geometry": {"type": "Point", "coordinates": [16.95821, 45.37703]}, "properties": {"kind": "turbine", "i": 201, "mw": 6.0, "hub_m": 120.0, "rotor_m": 150.0}}, {"type": "Feature", "geometry": {"type": "Point", "coordinates": [16.97754, 45.39642]}, "properties": {"kind": "turbine", "i": 202, "mw": 6.0, "hub_m": 120.0, "rotor_m": 150.0}}, {"type": "Feature", "geometry": {"type": "Point", "coordinates": [16.98732, 45.40939]}, "properties": {"kind": "turbine", "i": 203, "mw": 6.0, "hub_m": 120.0, "rotor_m": 150.0}}, {"type": "Feature", "geometry": {"type": "Point", "coordinates": [16.62205, 45.52692]}, "properties": {"kind": "turbine", "i": 204, "mw": 6.0, "hub_m": 120.0, "rotor_m": 150.0}}, {"type": "Feature", "geometry": {"type": "Point", "coordinates": [16.92763, 45.57476]}, "properties": {"kind": "turbine", "i": 205, "mw": 6.0, "hub_m": 120.0, "rotor_m": 150.0}}, {"type": "Feature", "geometry": {"type": "Point", "coordinates": [17.00364, 45.47485]}, "properties": {"kind": "turbine", "i": 206, "mw": 6.0, "hub_m": 120.0, "rotor_m": 150.0}}, {"type": "Feature", "geometry": {"type": "Point", "coordinates": [16.63664, 45.54643]}, "properties": {"kind": "turbine", "i": 207, "mw": 6.0, "hub_m": 120.0, "rotor_m": 150.0}}, {"type": "Feature", "geometry": {"type": "Point", "coordinates": [16.97253, 45.38664]}, "properties": {"kind": "turbine", "i": 208, "mw": 6.0, "hub_m": 120.0, "rotor_m": 150.0}}, {"type": "Feature", "geometry": {"type": "Point", "coordinates": [16.9867, 45.52444]}, "properties": {"kind": "turbine", "i": 209, "mw": 6.0, "hub_m": 120.0, "rotor_m": 150.0}}, {"type": "Feature", "geometry": {"type": "Point", "coordinates": [16.71442, 45.33493]}, "properties": {"kind": "turbine", "i": 210, "mw": 6.0, "hub_m": 120.0, "rotor_m": 150.0}}, {"type": "Feature", "geometry": {"type": "Point", "coordinates": [16.65016, 45.36875]}, "properties": {"kind": "turbine", "i": 211, "mw": 6.0, "hub_m": 120.0, "rotor_m": 150.0}}, {"type": "Feature", "geometry": {"type": "Point", "coordinates": [16.93889, 45.35764]}, "properties": {"kind": "turbine", "i": 212, "mw": 6.0, "hub_m": 120.0, "rotor_m": 150.0}}, {"type": "Feature", "geometry": {"type": "Point", "coordinates": [16.66386, 45.35869]}, "properties": {"kind": "turbine", "i": 213, "mw": 6.0, "hub_m": 120.0, "rotor_m": 150.0}}, {"type": "Feature", "geometry": {"type": "Point", "coordinates": [16.91038, 45.34168]}, "properties": {"kind": "turbine", "i": 214, "mw": 6.0, "hub_m": 120.0, "rotor_m": 150.0}}, {"type": "Feature", "geometry": {"type": "Point", "coordinates": [16.87694, 45.59861]}, "properties": {"kind": "turbine", "i": 215, "mw": 6.0, "hub_m": 120.0, "rotor_m": 150.0}}, {"type": "Feature", "geometry": {"type": "Point", "coordinates": [16.86301, 45.60212]}, "properties": {"kind": "turbine", "i": 216, "mw": 6.0, "hub_m": 120.0, "rotor_m": 150.0}}, {"type": "Feature", "geometry": {"type": "Point", "coordinates": [16.73286, 45.32808]}, "properties": {"kind": "turbine", "i": 217, "mw": 6.0, "hub_m": 120.0, "rotor_m": 150.0}}, {"type": "Feature", "geometry": {"type": "Point", "coordinates": [17.00784, 45.46162]}, "properties": {"kind": "turbine", "i": 218, "mw": 6.0, "hub_m": 120.0, "rotor_m": 150.0}}, {"type": "Feature", "geometry": {"type": "Point", "coordinates": [16.98237, 45.53438]}, "properties": {"kind": "turbine", "i": 219, "mw": 6.0, "hub_m": 120.0, "rotor_m": 150.0}}, {"type": "Feature", "geometry": {"type": "Point", "coordinates": [17.00013, 45.50777]}, "properties": {"kind": "turbine", "i": 220, "mw": 6.0, "hub_m": 120.0, "rotor_m": 150.0}}, {"type": "Feature", "geometry": {"type": "Point", "coordinates": [16.8351, 45.31991]}, "properties": {"kind": "turbine", "i": 221, "mw": 6.0, "hub_m": 120.0, "rotor_m": 150.0}}, {"type": "Feature", "geometry": {"type": "Point", "coordinates": [17.00702, 45.43863]}, "properties": {"kind": "turbine", "i": 222, "mw": 6.0, "hub_m": 120.0, "rotor_m": 150.0}}, {"type": "Feature", "geometry": {"type": "Point", "coordinates": [17.00866, 45.48462]}, "properties": {"kind": "turbine", "i": 223, "mw": 6.0, "hub_m": 120.0, "rotor_m": 150.0}}, {"type": "Feature", "geometry": {"type": "Point", "coordinates": [16.67289, 45.3487]}, "properties": {"kind": "turbine", "i": 224, "mw": 6.0, "hub_m": 120.0, "rotor_m": 150.0}}, {"type": "Feature", "geometry": {"type": "Point", "coordinates": [16.77912, 45.31751]}, "properties": {"kind": "turbine", "i": 225, "mw": 6.0, "hub_m": 120.0, "rotor_m": 150.0}}, {"type": "Feature", "geometry": {"type": "Point", "coordinates": [16.88665, 45.32893]}, "properties": {"kind": "turbine", "i": 226, "mw": 6.0, "hub_m": 120.0, "rotor_m": 150.0}}, {"type": "Feature", "geometry": {"type": "Point", "coordinates": [16.62723, 45.38223]}, "properties": {"kind": "turbine", "i": 227, "mw": 6.0, "hub_m": 120.0, "rotor_m": 150.0}}, {"type": "Feature", "geometry": {"type": "Point", "coordinates": [16.84907, 45.31969]}, "properties": {"kind": "turbine", "i": 228, "mw": 6.0, "hub_m": 120.0, "rotor_m": 150.0}}, {"type": "Feature", "geometry": {"type": "Point", "coordinates": [16.63627, 45.37224]}, "properties": {"kind": "turbine", "i": 229, "mw": 6.0, "hub_m": 120.0, "rotor_m": 150.0}}, {"type": "Feature", "geometry": {"type": "Point", "coordinates": [16.90073, 45.33198]}, "properties": {"kind": "turbine", "i": 230, "mw": 6.0, "hub_m": 120.0, "rotor_m": 150.0}}, {"type": "Feature", "geometry": {"type": "Point", "coordinates": [16.90491, 45.59486]}, "properties": {"kind": "turbine", "i": 231, "mw": 6.0, "hub_m": 120.0, "rotor_m": 150.0}}, {"type": "Feature", "geometry": {"type": "Point", "coordinates": [17.00912, 45.49776]}, "properties": {"kind": "turbine", "i": 232, "mw": 6.0, "hub_m": 120.0, "rotor_m": 150.0}}, {"type": "Feature", "geometry": {"type": "Point", "coordinates": [16.92797, 45.58461]}, "properties": {"kind": "turbine", "i": 233, "mw": 6.0, "hub_m": 120.0, "rotor_m": 150.0}}, {"type": "Feature", "geometry": {"type": "Point", "coordinates": [16.68657, 45.33864]}, "properties": {"kind": "turbine", "i": 234, "mw": 6.0, "hub_m": 120.0, "rotor_m": 150.0}}, {"type": "Feature", "geometry": {"type": "Point", "coordinates": [16.64988, 45.35889]}, "properties": {"kind": "turbine", "i": 235, "mw": 6.0, "hub_m": 120.0, "rotor_m": 150.0}}, {"type": "Feature", "geometry": {"type": "Point", "coordinates": [16.5958, 45.4254]}, "properties": {"kind": "turbine", "i": 236, "mw": 6.0, "hub_m": 120.0, "rotor_m": 150.0}}, {"type": "Feature", "geometry": {"type": "Point", "coordinates": [16.86304, 45.31946]}, "properties": {"kind": "turbine", "i": 237, "mw": 6.0, "hub_m": 120.0, "rotor_m": 150.0}}, {"type": "Feature", "geometry": {"type": "Point", "coordinates": [16.61353, 45.39228]}, "properties": {"kind": "turbine", "i": 238, "mw": 6.0, "hub_m": 120.0, "rotor_m": 150.0}}, {"type": "Feature", "geometry": {"type": "Point", "coordinates": [17.01765, 45.4746]}, "properties": {"kind": "turbine", "i": 239, "mw": 6.0, "hub_m": 120.0, "rotor_m": 150.0}}, {"type": "Feature", "geometry": {"type": "Point", "coordinates": [17.00071, 45.5242]}, "properties": {"kind": "turbine", "i": 240, "mw": 6.0, "hub_m": 120.0, "rotor_m": 150.0}}, {"type": "Feature", "geometry": {"type": "Point", "coordinates": [16.76505, 45.31444]}, "properties": {"kind": "turbine", "i": 241, "mw": 6.0, "hub_m": 120.0, "rotor_m": 150.0}}, {"type": "Feature", "geometry": {"type": "Point", "coordinates": [16.98739, 45.54415]}, "properties": {"kind": "turbine", "i": 242, "mw": 6.0, "hub_m": 120.0, "rotor_m": 150.0}}, {"type": "Feature", "geometry": {"type": "Point", "coordinates": [16.94321, 45.3477]}, "properties": {"kind": "turbine", "i": 243, "mw": 6.0, "hub_m": 120.0, "rotor_m": 150.0}}, {"type": "Feature", "geometry": {"type": "Point", "coordinates": [16.85866, 45.61205]}, "properties": {"kind": "turbine", "i": 244, "mw": 6.0, "hub_m": 120.0, "rotor_m": 150.0}}, {"type": "Feature", "geometry": {"type": "Point", "coordinates": [16.9623, 45.36052]}, "properties": {"kind": "turbine", "i": 245, "mw": 6.0, "hub_m": 120.0, "rotor_m": 150.0}}, {"type": "Feature", "geometry": {"type": "Point", "coordinates": [16.60335, 45.52718]}, "properties": {"kind": "turbine", "i": 246, "mw": 6.0, "hub_m": 120.0, "rotor_m": 150.0}}, {"type": "Feature", "geometry": {"type": "Point", "coordinates": [16.70025, 45.32857]}, "properties": {"kind": "turbine", "i": 247, "mw": 6.0, "hub_m": 120.0, "rotor_m": 150.0}}, {"type": "Feature", "geometry": {"type": "Point", "coordinates": [16.84004, 45.61564]}, "properties": {"kind": "turbine", "i": 248, "mw": 6.0, "hub_m": 120.0, "rotor_m": 150.0}}, {"type": "Feature", "geometry": {"type": "Point", "coordinates": [16.75108, 45.31466]}, "properties": {"kind": "turbine", "i": 249, "mw": 6.0, "hub_m": 120.0, "rotor_m": 150.0}}, {"type": "Feature", "geometry": {"type": "Point", "coordinates": [17.02196, 45.46466]}, "properties": {"kind": "turbine", "i": 250, "mw": 6.0, "hub_m": 120.0, "rotor_m": 150.0}}, {"type": "Feature", "geometry": {"type": "Point", "coordinates": [16.98629, 45.37983]}, "properties": {"kind": "turbine", "i": 251, "mw": 6.0, "hub_m": 120.0, "rotor_m": 150.0}}, {"type": "Feature", "geometry": {"type": "Point", "coordinates": [16.63599, 45.36238]}, "properties": {"kind": "turbine", "i": 252, "mw": 6.0, "hub_m": 120.0, "rotor_m": 150.0}}, {"type": "Feature", "geometry": {"type": "Point", "coordinates": [17.01415, 45.50753]}, "properties": {"kind": "turbine", "i": 253, "mw": 6.0, "hub_m": 120.0, "rotor_m": 150.0}}, {"type": "Feature", "geometry": {"type": "Point", "coordinates": [16.942, 45.58437]}, "properties": {"kind": "turbine", "i": 254, "mw": 6.0, "hub_m": 120.0, "rotor_m": 150.0}}, {"type": "Feature", "geometry": {"type": "Point", "coordinates": [17.00085, 45.39601]}, "properties": {"kind": "turbine", "i": 255, "mw": 6.0, "hub_m": 120.0, "rotor_m": 150.0}}, {"type": "Feature", "geometry": {"type": "Point", "coordinates": [16.8727, 45.61182]}, "properties": {"kind": "turbine", "i": 256, "mw": 6.0, "hub_m": 120.0, "rotor_m": 150.0}}, {"type": "Feature", "geometry": {"type": "Point", "coordinates": [17.02102, 45.43838]}, "properties": {"kind": "turbine", "i": 257, "mw": 6.0, "hub_m": 120.0, "rotor_m": 150.0}}, {"type": "Feature", "geometry": {"type": "Point", "coordinates": [17.00106, 45.53405]}, "properties": {"kind": "turbine", "i": 258, "mw": 6.0, "hub_m": 120.0, "rotor_m": 150.0}}, {"type": "Feature", "geometry": {"type": "Point", "coordinates": [16.90056, 45.60479]}, "properties": {"kind": "turbine", "i": 259, "mw": 6.0, "hub_m": 120.0, "rotor_m": 150.0}}, {"type": "Feature", "geometry": {"type": "Point", "coordinates": [17.02278, 45.48766]}, "properties": {"kind": "turbine", "i": 260, "mw": 6.0, "hub_m": 120.0, "rotor_m": 150.0}}, {"type": "Feature", "geometry": {"type": "Point", "coordinates": [16.91906, 45.59791]}, "properties": {"kind": "turbine", "i": 261, "mw": 6.0, "hub_m": 120.0, "rotor_m": 150.0}}, {"type": "Feature", "geometry": {"type": "Point", "coordinates": [16.8441, 45.30991]}, "properties": {"kind": "turbine", "i": 262, "mw": 6.0, "hub_m": 120.0, "rotor_m": 150.0}}, {"type": "Feature", "geometry": {"type": "Point", "coordinates": [16.64959, 45.34904]}, "properties": {"kind": "turbine", "i": 263, "mw": 6.0, "hub_m": 120.0, "rotor_m": 150.0}}, {"type": "Feature", "geometry": {"type": "Point", "coordinates": [16.60363, 45.53704]}, "properties": {"kind": "turbine", "i": 264, "mw": 6.0, "hub_m": 120.0, "rotor_m": 150.0}}, {"type": "Feature", "geometry": {"type": "Point", "coordinates": [16.57805, 45.45851]}, "properties": {"kind": "turbine", "i": 265, "mw": 6.0, "hub_m": 120.0, "rotor_m": 150.0}}, {"type": "Feature", "geometry": {"type": "Point", "coordinates": [16.9004, 45.32213]}, "properties": {"kind": "turbine", "i": 266, "mw": 6.0, "hub_m": 120.0, "rotor_m": 150.0}}, {"type": "Feature", "geometry": {"type": "Point", "coordinates": [16.59067, 45.40904]}, "properties": {"kind": "turbine", "i": 267, "mw": 6.0, "hub_m": 120.0, "rotor_m": 150.0}}, {"type": "Feature", "geometry": {"type": "Point", "coordinates": [16.66328, 45.33898]}, "properties": {"kind": "turbine", "i": 268, "mw": 6.0, "hub_m": 120.0, "rotor_m": 150.0}}, {"type": "Feature", "geometry": {"type": "Point", "coordinates": [17.02314, 45.49751]}, "properties": {"kind": "turbine", "i": 269, "mw": 6.0, "hub_m": 120.0, "rotor_m": 150.0}}, {"type": "Feature", "geometry": {"type": "Point", "coordinates": [16.85806, 45.30968]}, "properties": {"kind": "turbine", "i": 270, "mw": 6.0, "hub_m": 120.0, "rotor_m": 150.0}}, {"type": "Feature", "geometry": {"type": "Point", "coordinates": [16.95719, 45.34746]}, "properties": {"kind": "turbine", "i": 271, "mw": 6.0, "hub_m": 120.0, "rotor_m": 150.0}}, {"type": "Feature", "geometry": {"type": "Point", "coordinates": [16.68162, 45.32885]}, "properties": {"kind": "turbine", "i": 272, "mw": 6.0, "hub_m": 120.0, "rotor_m": 150.0}}, {"type": "Feature", "geometry": {"type": "Point", "coordinates": [16.94287, 45.33785]}, "properties": {"kind": "turbine", "i": 273, "mw": 6.0, "hub_m": 120.0, "rotor_m": 150.0}}, {"type": "Feature", "geometry": {"type": "Point", "coordinates": [17.03071, 45.44807]}, "properties": {"kind": "turbine", "i": 274, "mw": 6.0, "hub_m": 120.0, "rotor_m": 150.0}}, {"type": "Feature", "geometry": {"type": "Point", "coordinates": [17.02522, 45.42516]}, "properties": {"kind": "turbine", "i": 275, "mw": 6.0, "hub_m": 120.0, "rotor_m": 150.0}}, {"type": "Feature", "geometry": {"type": "Point", "coordinates": [16.63571, 45.35252]}, "properties": {"kind": "turbine", "i": 276, "mw": 6.0, "hub_m": 120.0, "rotor_m": 150.0}}, {"type": "Feature", "geometry": {"type": "Point", "coordinates": [16.57723, 45.42894]}, "properties": {"kind": "turbine", "i": 277, "mw": 6.0, "hub_m": 120.0, "rotor_m": 150.0}}, {"type": "Feature", "geometry": {"type": "Point", "coordinates": [16.5904, 45.39918]}, "properties": {"kind": "turbine", "i": 278, "mw": 6.0, "hub_m": 120.0, "rotor_m": 150.0}}, {"type": "Feature", "geometry": {"type": "Point", "coordinates": [17.01929, 45.52058]}, "properties": {"kind": "turbine", "i": 279, "mw": 6.0, "hub_m": 120.0, "rotor_m": 150.0}}, {"type": "Feature", "geometry": {"type": "Point", "coordinates": [17.00153, 45.54719]}, "properties": {"kind": "turbine", "i": 280, "mw": 6.0, "hub_m": 120.0, "rotor_m": 150.0}}, {"type": "Feature", "geometry": {"type": "Point", "coordinates": [16.99253, 45.55721]}, "properties": {"kind": "turbine", "i": 281, "mw": 6.0, "hub_m": 120.0, "rotor_m": 150.0}}, {"type": "Feature", "geometry": {"type": "Point", "coordinates": [17.01495, 45.39905]}, "properties": {"kind": "turbine", "i": 282, "mw": 6.0, "hub_m": 120.0, "rotor_m": 150.0}}, {"type": "Feature", "geometry": {"type": "Point", "coordinates": [16.60383, 45.37927]}, "properties": {"kind": "turbine", "i": 283, "mw": 6.0, "hub_m": 120.0, "rotor_m": 150.0}}, {"type": "Feature", "geometry": {"type": "Point", "coordinates": [16.78792, 45.30094]}, "properties": {"kind": "turbine", "i": 284, "mw": 6.0, "hub_m": 120.0, "rotor_m": 150.0}}, {"type": "Feature", "geometry": {"type": "Point", "coordinates": [16.61287, 45.36928]}, "properties": {"kind": "turbine", "i": 285, "mw": 6.0, "hub_m": 120.0, "rotor_m": 150.0}}, {"type": "Feature", "geometry": {"type": "Point", "coordinates": [16.6953, 45.31879]}, "properties": {"kind": "turbine", "i": 286, "mw": 6.0, "hub_m": 120.0, "rotor_m": 150.0}}, {"type": "Feature", "geometry": {"type": "Point", "coordinates": [16.91471, 45.60784]}, "properties": {"kind": "turbine", "i": 287, "mw": 6.0, "hub_m": 120.0, "rotor_m": 150.0}}, {"type": "Feature", "geometry": {"type": "Point", "coordinates": [16.95615, 45.58742]}, "properties": {"kind": "turbine", "i": 288, "mw": 6.0, "hub_m": 120.0, "rotor_m": 150.0}}, {"type": "Feature", "geometry": {"type": "Point", "coordinates": [16.62191, 45.35929]}, "properties": {"kind": "turbine", "i": 289, "mw": 6.0, "hub_m": 120.0, "rotor_m": 150.0}}, {"type": "Feature", "geometry": {"type": "Point", "coordinates": [16.6493, 45.33918]}, "properties": {"kind": "turbine", "i": 290, "mw": 6.0, "hub_m": 120.0, "rotor_m": 150.0}}, {"type": "Feature", "geometry": {"type": "Point", "coordinates": [17.02475, 45.41202]}, "properties": {"kind": "turbine", "i": 291, "mw": 6.0, "hub_m": 120.0, "rotor_m": 150.0}}, {"type": "Feature", "geometry": {"type": "Point", "coordinates": [16.88696, 45.61816]}, "properties": {"kind": "turbine", "i": 292, "mw": 6.0, "hub_m": 120.0, "rotor_m": 150.0}}, {"type": "Feature", "geometry": {"type": "Point", "coordinates": [17.02828, 45.51057]}, "properties": {"kind": "turbine", "i": 293, "mw": 6.0, "hub_m": 120.0, "rotor_m": 150.0}}, {"type": "Feature", "geometry": {"type": "Point", "coordinates": [16.9009, 45.61465]}, "properties": {"kind": "turbine", "i": 294, "mw": 6.0, "hub_m": 120.0, "rotor_m": 150.0}}, {"type": "Feature", "geometry": {"type": "Point", "coordinates": [17.03668, 45.48412]}, "properties": {"kind": "turbine", "i": 295, "mw": 6.0, "hub_m": 120.0, "rotor_m": 150.0}}, {"type": "Feature", "geometry": {"type": "Point", "coordinates": [17.0349, 45.43485]}, "properties": {"kind": "turbine", "i": 296, "mw": 6.0, "hub_m": 120.0, "rotor_m": 150.0}}, {"type": "Feature", "geometry": {"type": "Point", "coordinates": [17.0152, 45.53709]}, "properties": {"kind": "turbine", "i": 297, "mw": 6.0, "hub_m": 120.0, "rotor_m": 150.0}}, {"type": "Feature", "geometry": {"type": "Point", "coordinates": [16.56817, 45.43893]}, "properties": {"kind": "turbine", "i": 298, "mw": 6.0, "hub_m": 120.0, "rotor_m": 150.0}}, {"type": "Feature", "geometry": {"type": "Point", "coordinates": [16.58475, 45.53073]}, "properties": {"kind": "turbine", "i": 299, "mw": 6.0, "hub_m": 120.0, "rotor_m": 150.0}}, {"type": "Feature", "geometry": {"type": "Point", "coordinates": [16.59012, 45.38932]}, "properties": {"kind": "turbine", "i": 300, "mw": 6.0, "hub_m": 120.0, "rotor_m": 150.0}}, {"type": "Feature", "geometry": {"type": "Point", "coordinates": [16.56432, 45.46856]}, "properties": {"kind": "turbine", "i": 301, "mw": 6.0, "hub_m": 120.0, "rotor_m": 150.0}}, {"type": "Feature", "geometry": {"type": "Point", "coordinates": [16.94713, 45.59743]}, "properties": {"kind": "turbine", "i": 302, "mw": 6.0, "hub_m": 120.0, "rotor_m": 150.0}}, {"type": "Feature", "geometry": {"type": "Point", "coordinates": [16.66755, 45.32577]}, "properties": {"kind": "turbine", "i": 303, "mw": 6.0, "hub_m": 120.0, "rotor_m": 150.0}}, {"type": "Feature", "geometry": {"type": "Point", "coordinates": [16.63542, 45.34267]}, "properties": {"kind": "turbine", "i": 304, "mw": 6.0, "hub_m": 120.0, "rotor_m": 150.0}}, {"type": "Feature", "geometry": {"type": "Point", "coordinates": [16.57659, 45.40594]}, "properties": {"kind": "turbine", "i": 305, "mw": 6.0, "hub_m": 120.0, "rotor_m": 150.0}}, {"type": "Feature", "geometry": {"type": "Point", "coordinates": [16.8359, 45.63214]}, "properties": {"kind": "turbine", "i": 306, "mw": 6.0, "hub_m": 120.0, "rotor_m": 150.0}}, {"type": "Feature", "geometry": {"type": "Point", "coordinates": [16.98843, 45.57371]}, "properties": {"kind": "turbine", "i": 307, "mw": 6.0, "hub_m": 120.0, "rotor_m": 150.0}}, {"type": "Feature", "geometry": {"type": "Point", "coordinates": [17.0453, 45.46425]}, "properties": {"kind": "turbine", "i": 308, "mw": 6.0, "hub_m": 120.0, "rotor_m": 150.0}}, {"type": "Feature", "geometry": {"type": "Point", "coordinates": [17.04494, 45.45439]}, "properties": {"kind": "turbine", "i": 309, "mw": 6.0, "hub_m": 120.0, "rotor_m": 150.0}}, {"type": "Feature", "geometry": {"type": "Point", "coordinates": [16.55992, 45.47848]}, "properties": {"kind": "turbine", "i": 310, "mw": 6.0, "hub_m": 120.0, "rotor_m": 150.0}}, {"type": "Feature", "geometry": {"type": "Point", "coordinates": [16.62163, 45.34944]}, "properties": {"kind": "turbine", "i": 311, "mw": 6.0, "hub_m": 120.0, "rotor_m": 150.0}}, {"type": "Feature", "geometry": {"type": "Point", "coordinates": [17.01555, 45.54694]}, "properties": {"kind": "turbine", "i": 312, "mw": 6.0, "hub_m": 120.0, "rotor_m": 150.0}}, {"type": "Feature", "geometry": {"type": "Point", "coordinates": [16.72274, 45.30194]}, "properties": {"kind": "turbine", "i": 313, "mw": 6.0, "hub_m": 120.0, "rotor_m": 150.0}}, {"type": "Feature", "geometry": {"type": "Point", "coordinates": [17.04459, 45.44454]}, "properties": {"kind": "turbine", "i": 314, "mw": 6.0, "hub_m": 120.0, "rotor_m": 150.0}}, {"type": "Feature", "geometry": {"type": "Point", "coordinates": [17.01425, 45.37934]}, "properties": {"kind": "turbine", "i": 315, "mw": 6.0, "hub_m": 120.0, "rotor_m": 150.0}}, {"type": "Feature", "geometry": {"type": "Point", "coordinates": [16.58984, 45.37947]}, "properties": {"kind": "turbine", "i": 316, "mw": 6.0, "hub_m": 120.0, "rotor_m": 150.0}}, {"type": "Feature", "geometry": {"type": "Point", "coordinates": [17.03331, 45.52034]}, "properties": {"kind": "turbine", "i": 317, "mw": 6.0, "hub_m": 120.0, "rotor_m": 150.0}}, {"type": "Feature", "geometry": {"type": "Point", "coordinates": [17.03909, 45.42163]}, "properties": {"kind": "turbine", "i": 318, "mw": 6.0, "hub_m": 120.0, "rotor_m": 150.0}}, {"type": "Feature", "geometry": {"type": "Point", "coordinates": [16.60793, 45.35949]}, "properties": {"kind": "turbine", "i": 319, "mw": 6.0, "hub_m": 120.0, "rotor_m": 150.0}}, {"type": "Feature", "geometry": {"type": "Point", "coordinates": [17.02894, 45.3988]}, "properties": {"kind": "turbine", "i": 320, "mw": 6.0, "hub_m": 120.0, "rotor_m": 150.0}}, {"type": "Feature", "geometry": {"type": "Point", "coordinates": [16.56314, 45.42585]}, "properties": {"kind": "turbine", "i": 321, "mw": 6.0, "hub_m": 120.0, "rotor_m": 150.0}}, {"type": "Feature", "geometry": {"type": "Point", "coordinates": [16.69501, 45.30893]}, "properties": {"kind": "turbine", "i": 322, "mw": 6.0, "hub_m": 120.0, "rotor_m": 150.0}}, {"type": "Feature", "geometry": {"type": "Point", "coordinates": [16.57631, 45.39609]}, "properties": {"kind": "turbine", "i": 323, "mw": 6.0, "hub_m": 120.0, "rotor_m": 150.0}}, {"type": "Feature", "geometry": {"type": "Point", "coordinates": [17.02393, 45.38903]}, "properties": {"kind": "turbine", "i": 324, "mw": 6.0, "hub_m": 120.0, "rotor_m": 150.0}}, {"type": "Feature", "geometry": {"type": "Point", "coordinates": [16.96117, 45.59719]}, "properties": {"kind": "turbine", "i": 325, "mw": 6.0, "hub_m": 120.0, "rotor_m": 150.0}}, {"type": "Feature", "geometry": {"type": "Point", "coordinates": [16.58035, 45.54065]}, "properties": {"kind": "turbine", "i": 326, "mw": 6.0, "hub_m": 120.0, "rotor_m": 150.0}}, {"type": "Feature", "geometry": {"type": "Point", "coordinates": [17.02911, 45.53356]}, "properties": {"kind": "turbine", "i": 327, "mw": 6.0, "hub_m": 120.0, "rotor_m": 150.0}}, {"type": "Feature", "geometry": {"type": "Point", "coordinates": [17.04637, 45.49381]}, "properties": {"kind": "turbine", "i": 328, "mw": 6.0, "hub_m": 120.0, "rotor_m": 150.0}}, {"type": "Feature", "geometry": {"type": "Point", "coordinates": [16.76899, 45.29137]}, "properties": {"kind": "turbine", "i": 329, "mw": 6.0, "hub_m": 120.0, "rotor_m": 150.0}}, {"type": "Feature", "geometry": {"type": "Point", "coordinates": [17.03874, 45.41177]}, "properties": {"kind": "turbine", "i": 330, "mw": 6.0, "hub_m": 120.0, "rotor_m": 150.0}}, {"type": "Feature", "geometry": {"type": "Point", "coordinates": [16.70878, 45.30215]}, "properties": {"kind": "turbine", "i": 331, "mw": 6.0, "hub_m": 120.0, "rotor_m": 150.0}}, {"type": "Feature", "geometry": {"type": "Point", "coordinates": [16.97954, 45.58702]}, "properties": {"kind": "turbine", "i": 332, "mw": 6.0, "hub_m": 120.0, "rotor_m": 150.0}}, {"type": "Feature", "geometry": {"type": "Point", "coordinates": [16.56287, 45.41599]}, "properties": {"kind": "turbine", "i": 333, "mw": 6.0, "hub_m": 120.0, "rotor_m": 150.0}}, {"type": "Feature", "geometry": {"type": "Point", "coordinates": [17.01135, 45.56017]}, "properties": {"kind": "turbine", "i": 334, "mw": 6.0, "hub_m": 120.0, "rotor_m": 150.0}}, {"type": "Feature", "geometry": {"type": "Point", "coordinates": [16.59016, 45.55695]}, "properties": {"kind": "turbine", "i": 335, "mw": 6.0, "hub_m": 120.0, "rotor_m": 150.0}}, {"type": "Feature", "geometry": {"type": "Point", "coordinates": [17.05068, 45.48387]}, "properties": {"kind": "turbine", "i": 336, "mw": 6.0, "hub_m": 120.0, "rotor_m": 150.0}}, {"type": "Feature", "geometry": {"type": "Point", "coordinates": [16.93366, 45.6141]}, "properties": {"kind": "turbine", "i": 337, "mw": 6.0, "hub_m": 120.0, "rotor_m": 150.0}}, {"type": "Feature", "geometry": {"type": "Point", "coordinates": [16.63514, 45.33281]}, "properties": {"kind": "turbine", "i": 338, "mw": 6.0, "hub_m": 120.0, "rotor_m": 150.0}}, {"type": "Feature", "geometry": {"type": "Point", "coordinates": [16.60466, 45.57318]}, "properties": {"kind": "turbine", "i": 339, "mw": 6.0, "hub_m": 120.0, "rotor_m": 150.0}}, {"type": "Feature", "geometry": {"type": "Point", "coordinates": [16.80147, 45.28758]}, "properties": {"kind": "turbine", "i": 340, "mw": 6.0, "hub_m": 120.0, "rotor_m": 150.0}}, {"type": "Feature", "geometry": {"type": "Point", "coordinates": [16.55408, 45.43583]}, "properties": {"kind": "turbine", "i": 341, "mw": 6.0, "hub_m": 120.0, "rotor_m": 150.0}}, {"type": "Feature", "geometry": {"type": "Point", "coordinates": [16.57604, 45.38623]}, "properties": {"kind": "turbine", "i": 342, "mw": 6.0, "hub_m": 120.0, "rotor_m": 150.0}}, {"type": "Feature", "geometry": {"type": "Point", "coordinates": [16.61907, 45.58612]}, "properties": {"kind": "turbine", "i": 343, "mw": 6.0, "hub_m": 120.0, "rotor_m": 150.0}}, {"type": "Feature", "geometry": {"type": "Point", "coordinates": [16.6525, 45.60865]}, "properties": {"kind": "turbine", "i": 344, "mw": 6.0, "hub_m": 120.0, "rotor_m": 150.0}}, {"type": "Feature", "geometry": {"type": "Point", "coordinates": [16.95683, 45.60713]}, "properties": {"kind": "turbine", "i": 345, "mw": 6.0, "hub_m": 120.0, "rotor_m": 150.0}}, {"type": "Feature", "geometry": {"type": "Point", "coordinates": [17.0514, 45.50358]}, "properties": {"kind": "turbine", "i": 346, "mw": 6.0, "hub_m": 120.0, "rotor_m": 150.0}}, {"type": "Feature", "geometry": {"type": "Point", "coordinates": [17.04305, 45.40184]}, "properties": {"kind": "turbine", "i": 347, "mw": 6.0, "hub_m": 120.0, "rotor_m": 150.0}}, {"type": "Feature", "geometry": {"type": "Point", "coordinates": [16.59044, 45.5668]}, "properties": {"kind": "turbine", "i": 348, "mw": 6.0, "hub_m": 120.0, "rotor_m": 150.0}}, {"type": "Feature", "geometry": {"type": "Point", "coordinates": [16.74096, 45.28852]}, "properties": {"kind": "turbine", "i": 349, "mw": 6.0, "hub_m": 120.0, "rotor_m": 150.0}}, {"type": "Feature", "geometry": {"type": "Point", "coordinates": [17.0593, 45.46399]}, "properties": {"kind": "turbine", "i": 350, "mw": 6.0, "hub_m": 120.0, "rotor_m": 150.0}}, {"type": "Feature", "geometry": {"type": "Point", "coordinates": [17.05895, 45.45414]}, "properties": {"kind": "turbine", "i": 351, "mw": 6.0, "hub_m": 120.0, "rotor_m": 150.0}}, {"type": "Feature", "geometry": {"type": "Point", "coordinates": [16.54519, 45.45239]}, "properties": {"kind": "turbine", "i": 352, "mw": 6.0, "hub_m": 120.0, "rotor_m": 150.0}}, {"type": "Feature", "geometry": {"type": "Point", "coordinates": [17.0117, 45.57002]}, "properties": {"kind": "turbine", "i": 353, "mw": 6.0, "hub_m": 120.0, "rotor_m": 150.0}}, {"type": "Feature", "geometry": {"type": "Point", "coordinates": [17.05966, 45.47385]}, "properties": {"kind": "turbine", "i": 354, "mw": 6.0, "hub_m": 120.0, "rotor_m": 150.0}}, {"type": "Feature", "geometry": {"type": "Point", "coordinates": [17.05859, 45.44429]}, "properties": {"kind": "turbine", "i": 355, "mw": 6.0, "hub_m": 120.0, "rotor_m": 150.0}}, {"type": "Feature", "geometry": {"type": "Point", "coordinates": [16.79418, 45.64595]}, "properties": {"kind": "turbine", "i": 356, "mw": 6.0, "hub_m": 120.0, "rotor_m": 150.0}}, {"type": "Feature", "geometry": {"type": "Point", "coordinates": [16.57577, 45.37637]}, "properties": {"kind": "turbine", "i": 357, "mw": 6.0, "hub_m": 120.0, "rotor_m": 150.0}}, {"type": "Feature", "geometry": {"type": "Point", "coordinates": [17.05176, 45.51343]}, "properties": {"kind": "turbine", "i": 358, "mw": 6.0, "hub_m": 120.0, "rotor_m": 150.0}}, {"type": "Feature", "geometry": {"type": "Point", "coordinates": [17.0027, 45.58004]}, "properties": {"kind": "turbine", "i": 359, "mw": 6.0, "hub_m": 120.0, "rotor_m": 150.0}}, {"type": "Feature", "geometry": {"type": "Point", "coordinates": [16.60494, 45.58303]}, "properties": {"kind": "turbine", "i": 360, "mw": 6.0, "hub_m": 120.0, "rotor_m": 150.0}}, {"type": "Feature", "geometry": {"type": "Point", "coordinates": [16.56632, 45.54084]}, "properties": {"kind": "turbine", "i": 361, "mw": 6.0, "hub_m": 120.0, "rotor_m": 150.0}}, {"type": "Feature", "geometry": {"type": "Point", "coordinates": [16.62116, 45.33301]}, "properties": {"kind": "turbine", "i": 362, "mw": 6.0, "hub_m": 120.0, "rotor_m": 150.0}}, {"type": "Feature", "geometry": {"type": "Point", "coordinates": [16.60747, 45.34306]}, "properties": {"kind": "turbine", "i": 363, "mw": 6.0, "hub_m": 120.0, "rotor_m": 150.0}}, {"type": "Feature", "geometry": {"type": "Point", "coordinates": [16.92932, 45.62403]}, "properties": {"kind": "turbine", "i": 364, "mw": 6.0, "hub_m": 120.0, "rotor_m": 150.0}}, {"type": "Feature", "geometry": {"type": "Point", "coordinates": [16.56223, 45.39299]}, "properties": {"kind": "turbine", "i": 365, "mw": 6.0, "hub_m": 120.0, "rotor_m": 150.0}}, {"type": "Feature", "geometry": {"type": "Point", "coordinates": [17.04756, 45.52665]}, "properties": {"kind": "turbine", "i": 366, "mw": 6.0, "hub_m": 120.0, "rotor_m": 150.0}}, {"type": "Feature", "geometry": {"type": "Point", "coordinates": [17.02538, 45.55992]}, "properties": {"kind": "turbine", "i": 367, "mw": 6.0, "hub_m": 120.0, "rotor_m": 150.0}}, {"type": "Feature", "geometry": {"type": "Point", "coordinates": [16.54896, 45.41947]}, "properties": {"kind": "turbine", "i": 368, "mw": 6.0, "hub_m": 120.0, "rotor_m": 150.0}}, {"type": "Feature", "geometry": {"type": "Point", "coordinates": [16.94782, 45.61714]}, "properties": {"kind": "turbine", "i": 369, "mw": 6.0, "hub_m": 120.0, "rotor_m": 150.0}}, {"type": "Feature", "geometry": {"type": "Point", "coordinates": [17.05273, 45.41152]}, "properties": {"kind": "turbine", "i": 370, "mw": 6.0, "hub_m": 120.0, "rotor_m": 150.0}}, {"type": "Feature", "geometry": {"type": "Point", "coordinates": [17.04325, 45.53659]}, "properties": {"kind": "turbine", "i": 371, "mw": 6.0, "hub_m": 120.0, "rotor_m": 150.0}}, {"type": "Feature", "geometry": {"type": "Point", "coordinates": [16.98457, 45.59679]}, "properties": {"kind": "turbine", "i": 372, "mw": 6.0, "hub_m": 120.0, "rotor_m": 150.0}}, {"type": "Feature", "geometry": {"type": "Point", "coordinates": [16.9155, 45.63084]}, "properties": {"kind": "turbine", "i": 373, "mw": 6.0, "hub_m": 120.0, "rotor_m": 150.0}}, {"type": "Feature", "geometry": {"type": "Point", "coordinates": [16.63846, 45.60885]}, "properties": {"kind": "turbine", "i": 374, "mw": 6.0, "hub_m": 120.0, "rotor_m": 150.0}}, {"type": "Feature", "geometry": {"type": "Point", "coordinates": [16.85975, 45.6449]}, "properties": {"kind": "turbine", "i": 375, "mw": 6.0, "hub_m": 120.0, "rotor_m": 150.0}}]}