{"type": "FeatureCollection", "features": [{"type": "Feature", "geometry": {"type": "MultiPolygon", "coordinates": [[[[4.75612, 49.12032], [4.75299, 49.11594], [4.75001, 49.11704], [4.74916, 49.11772], [4.74777, 49.11836], [4.74712, 49.11956], [4.74599, 49.12056], [4.74426, 49.12133], [4.74251, 49.12159], [4.73547, 49.12773], [4.73087, 49.13029], [4.72802, 49.13214], [4.72665, 49.1336], [4.72195, 49.13747], [4.71675, 49.14115], [4.7158, 49.14158], [4.7141, 49.1418], [4.70972, 49.14135], [4.69904, 49.1397], [4.6968, 49.13963], [4.6951, 49.13918], [4.6935, 49.13984], [4.69349, 49.14112], [4.69483, 49.14163], [4.69565, 49.14217], [4.69689, 49.14258], [4.69777, 49.14332], [4.69802, 49.14406], [4.69791, 49.14462], [4.69636, 49.14614], [4.69825, 49.14718], [4.69914, 49.14857], [4.69999, 49.14887], [4.70153, 49.14851], [4.70364, 49.14853], [4.70513, 49.1489], [4.70621, 49.14944], [4.70661, 49.14789], [4.70729, 49.14729], [4.70801, 49.14697], [4.70883, 49.1468], [4.70998, 49.14683], [4.71102, 49.14715], [4.71179, 49.14771], [4.71219, 49.14841], [4.7122, 49.14978], [4.7096, 49.15507], [4.7088, 49.15599], [4.70672, 49.15699], [4.70637, 49.15791], [4.7068, 49.15907], [4.70982, 49.16039], [4.71513, 49.16402], [4.71663, 49.1647], [4.71893, 49.16447], [4.72271, 49.16103], [4.72419, 49.15765], [4.72528, 49.15657], [4.7263, 49.15623], [4.72744, 49.15617], [4.72853, 49.1564], [4.72941, 49.15688], [4.73046, 49.15818], [4.73033, 49.15929], [4.72916, 49.16023], [4.72781, 49.16295], [4.72436, 49.16604], [4.72588, 49.16579], [4.72703, 49.16583], [4.72829, 49.16627], [4.72897, 49.16688], [4.72925, 49.16761], [4.72897, 49.16853], [4.72828, 49.16913], [4.727, 49.16958], [4.72668, 49.1704], [4.72808, 49.17117], [4.73272, 49.17213], [4.73408, 49.17182], [4.73578, 49.17182], [4.74062, 49.17291], [4.74515, 49.17302], [4.75079, 49.17394], [4.75152, 49.17181], [4.75103, 49.17106], [4.74895, 49.17093], [4.74672, 49.17006], [4.74485, 49.16825], [4.74443, 49.16675], [4.74254, 49.1659], [4.73822, 49.16241], [4.73685, 49.15864], [4.73299, 49.15379], [4.73228, 49.15203], [4.7312, 49.15036], [4.73108, 49.14969], [4.73158, 49.14859], [4.73379, 49.1465], [4.73354, 49.14542], [4.73396, 49.1441], [4.73501, 49.14286], [4.73659, 49.14194], [4.73859, 49.1415], [4.74094, 49.14165], [4.74225, 49.14075], [4.74545, 49.13923], [4.74672, 49.13885], [4.74858, 49.13879], [4.75223, 49.13943], [4.75447, 49.13899], [4.75638, 49.13899], [4.75686, 49.12699], [4.75612, 49.12032]]], [[[4.75168, 49.09448], [4.74934, 49.09524], [4.75115, 49.09857], [4.75361, 49.10185], [4.75168, 49.09448]]], [[[4.74873, 49.08324], [4.74376, 49.07137], [4.73932, 49.07082], [4.73437, 49.06983], [4.73057, 49.0688], [4.72071, 49.06558], [4.70921, 49.06303], [4.71804, 49.07775], [4.72303, 49.08378], [4.72504, 49.08379], [4.72696, 49.08432], [4.72858, 49.08529], [4.72934, 49.08624], [4.73042, 49.0871], [4.73133, 49.0887], [4.73106, 49.09023], [4.73189, 49.0918], [4.73168, 49.09319], [4.73351, 49.0941], [4.73446, 49.09505], [4.73487, 49.09516], [4.73719, 49.09375], [4.74113, 49.09256], [4.74795, 49.09146], [4.7502, 49.08885], [4.74873, 49.08324]]], [[[4.72983, 49.04485], [4.72945, 49.046], [4.72827, 49.04778], [4.73267, 49.04971], [4.72983, 49.04485]]], [[[4.71002, 49.01878], [4.70973, 49.01982], [4.71094, 49.01974], [4.71002, 49.01878]]], [[[4.69488, 49.00297], [4.68555, 48.99507], [4.68365, 48.99445], [4.68004, 48.99354], [4.67864, 48.99437], [4.67669, 48.99485], [4.67512, 48.99486], [4.67224, 48.99455], [4.67007, 48.99361], [4.66918, 48.99275], [4.66876, 48.99188], [4.6621, 48.9912], [4.65993, 48.99078], [4.65828, 48.9912], [4.65672, 48.99124], [4.65521, 48.991], [4.65382, 48.99044], [4.65171, 48.9903], [4.64965, 48.98957], [4.64823, 48.98835], [4.63552, 48.98507], [4.62195, 48.99064], [4.6264, 48.9926], [4.62716, 48.99322], [4.6275, 48.99385], [4.62747, 48.99467], [4.627, 48.99536], [4.62617, 48.99587], [4.62481, 48.99616], [4.62341, 48.99599], [4.61651, 48.99289], [4.58304, 49.00688], [4.58464, 49.00729], [4.58633, 49.00694], [4.58896, 49.00714], [4.59107, 49.00681], [4.59352, 49.00715], [4.59565, 49.00813], [4.59678, 49.0096], [4.59885, 49.01091], [4.60241, 49.01181], [4.60355, 49.01116], [4.60501, 49.01074], [4.60658, 49.01062], [4.60835, 49.01087], [4.61086, 49.0105], [4.61291, 49.01081], [4.61488, 49.01179], [4.61629, 49.01151], [4.61789, 49.0115], [4.62024, 49.01214], [4.62199, 49.01084], [4.62337, 49.0106], [4.6245, 49.01073], [4.62524, 49.01101], [4.62598, 49.01159], [4.62635, 49.01268], [4.62589, 49.01357], [4.62345, 49.01591], [4.62355, 49.01694], [4.63749, 49.02004], [4.63915, 49.01921], [4.63998, 49.01771], [4.64172, 49.01661], [4.64364, 49.01607], [4.64625, 49.01614], [4.64849, 49.01701], [4.64984, 49.01833], [4.65022, 49.02001], [4.64948, 49.02149], [4.65002, 49.02283], [4.65317, 49.02353], [4.67979, 49.02179], [4.67912, 49.02087], [4.67875, 49.01969], [4.67914, 49.01796], [4.68075, 49.01657], [4.68215, 49.01605], [4.68344, 49.01584], [4.68497, 49.01582], [4.68643, 49.01608], [4.68773, 49.01661], [4.68874, 49.01736], [4.6894, 49.01826], [4.68976, 49.01941], [4.6897, 49.02044], [4.68936, 49.02116], [4.69016, 49.02111], [4.69171, 49.01983], [4.69357, 49.01922], [4.69581, 49.01912], [4.6981, 49.01967], [4.69812, 49.01757], [4.69877, 49.0165], [4.69972, 49.01568], [4.70197, 49.01483], [4.70352, 49.01469], [4.70554, 49.01498], [4.70597, 49.01455], [4.69488, 49.00297]]], [[[4.67431, 48.98555], [4.66064, 48.97605], [4.65765, 48.97678], [4.64206, 48.98262], [4.64917, 48.98445], [4.65302, 48.98265], [4.65507, 48.9824], [4.65662, 48.98257], [4.65868, 48.98308], [4.65992, 48.98372], [4.66234, 48.98581], [4.66295, 48.98737], [4.67074, 48.98818], [4.6718, 48.98773], [4.67328, 48.98742], [4.67491, 48.98734], [4.67671, 48.98758], [4.67431, 48.98555]]], [[[4.65189, 48.96996], [4.64734, 48.96729], [4.64674, 48.96714], [4.63406, 48.96606], [4.63293, 48.96618], [4.63266, 48.96647], [4.64153, 48.97435], [4.64324, 48.97333], [4.64541, 48.97288], [4.64709, 48.97176], [4.64863, 48.97132], [4.65026, 48.97049], [4.6516, 48.97019], [4.65189, 48.96996]]], [[[4.63822, 48.96208], [4.63824, 48.96252], [4.63913, 48.96259], [4.63822, 48.96208]]], [[[4.62595, 48.95506], [4.59862, 48.9423], [4.56954, 48.93135], [4.53898, 48.92232], [4.5296, 48.92025], [4.52968, 48.92124], [4.53127, 48.9225], [4.53217, 48.9246], [4.53194, 48.92673], [4.53129, 48.92764], [4.53028, 48.92847], [4.53052, 48.93128], [4.53219, 48.93202], [4.5331, 48.93282], [4.53408, 48.93409], [4.5343, 48.93544], [4.53368, 48.93686], [4.5329, 48.93775], [4.53175, 48.93845], [4.52988, 48.93898], [4.52955, 48.94132], [4.53055, 48.9514], [4.53235, 48.95466], [4.53249, 48.95598], [4.53042, 48.96277], [4.52767, 48.96907], [4.52522, 48.97318], [4.52467, 48.97453], [4.52351, 48.97842], [4.52434, 48.9793], [4.52472, 48.98019], [4.52681, 48.9797], [4.52924, 48.97982], [4.53111, 48.98042], [4.53258, 48.98157], [4.53424, 48.98235], [4.53603, 48.98242], [4.53998, 48.98305], [4.54179, 48.98295], [4.54435, 48.98321], [4.54583, 48.98278], [4.55016, 48.98211], [4.55412, 48.98248], [4.55568, 48.98224], [4.55727, 48.98232], [4.55922, 48.98289], [4.56058, 48.98381], [4.56276, 48.98424], [4.56414, 48.98474], [4.56523, 48.98547], [4.5661, 48.98669], [4.56746, 48.98637], [4.56875, 48.98629], [4.57025, 48.98647], [4.57136, 48.98681], [4.57763, 48.98573], [4.58079, 48.98471], [4.58081, 48.98366], [4.58156, 48.98237], [4.58293, 48.98124], [4.58481, 48.98049], [4.58744, 48.98016], [4.58918, 48.97925], [4.59121, 48.9789], [4.59387, 48.97905], [4.59585, 48.97981], [4.5999, 48.97591], [4.59948, 48.97483], [4.59971, 48.97347], [4.60068, 48.97227], [4.60225, 48.97112], [4.60363, 48.97062], [4.60537, 48.97038], [4.60756, 48.9705], [4.60939, 48.97103], [4.61298, 48.96884], [4.61122, 48.96805], [4.6099, 48.96659], [4.60971, 48.96523], [4.61026, 48.96375], [4.60584, 48.96367], [4.60479, 48.96338], [4.60398, 48.96284], [4.60355, 48.96215], [4.60351, 48.96158], [4.60385, 48.96086], [4.60436, 48.96041], [4.60532, 48.95999], [4.60615, 48.95986], [4.6107, 48.9599], [4.61226, 48.96007], [4.61343, 48.95925], [4.6148, 48.95876], [4.61685, 48.95855], [4.61889, 48.95877], [4.62059, 48.95811], [4.62349, 48.95754], [4.62593, 48.95766], [4.62961, 48.95829], [4.63031, 48.95755], [4.62595, 48.95506]], [[4.53434, 48.95683], [4.53406, 48.95543], [4.53451, 48.95399], [4.53569, 48.95283], [4.53747, 48.95206], [4.53956, 48.95181], [4.5419, 48.95215], [4.54359, 48.95294], [4.5447, 48.9541], [4.54506, 48.95544], [4.54457, 48.95687], [4.54307, 48.95829], [4.54134, 48.95899], [4.53933, 48.9592], [4.53717, 48.95887], [4.53543, 48.95804], [4.53434, 48.95683]]], [[[4.51808, 48.91771], [4.51387, 48.91794], [4.5044, 48.92021], [4.47872, 48.92513], [4.47899, 48.92619], [4.47887, 48.92721], [4.4783, 48.92816], [4.47728, 48.92901], [4.47501, 48.92985], [4.47285, 48.92994], [4.47128, 48.93084], [4.46883, 48.9313], [4.46794, 48.9318], [4.46654, 48.93225], [4.465, 48.93241], [4.46345, 48.93226], [4.46204, 48.93183], [4.46018, 48.93093], [4.45775, 48.93154], [4.45315, 48.93347], [4.43082, 48.93833], [4.42953, 48.93956], [4.42777, 48.94027], [4.42563, 48.9405], [4.42327, 48.94007], [4.41978, 48.94083], [4.41188, 48.94213], [4.41201, 48.94314], [4.41159, 48.94449], [4.4116, 48.94593], [4.41106, 48.9469], [4.40921, 48.94906], [4.41063, 48.94938], [4.41192, 48.94998], [4.41223, 48.94915], [4.41309, 48.94803], [4.41453, 48.94704], [4.41695, 48.94643], [4.41952, 48.94665], [4.42124, 48.94728], [4.42259, 48.94832], [4.42314, 48.94928], [4.42328, 48.95031], [4.42451, 48.95147], [4.42493, 48.95281], [4.42472, 48.95383], [4.42387, 48.95501], [4.42283, 48.95577], [4.4215, 48.95631], [4.41947, 48.95659], [4.41696, 48.9562], [4.41507, 48.95525], [4.41402, 48.95393], [4.41293, 48.95534], [4.41143, 48.95619], [4.4142, 48.9566], [4.4187, 48.95775], [4.42402, 48.95797], [4.42644, 48.95774], [4.42799, 48.95798], [4.42955, 48.95858], [4.43387, 48.95881], [4.43607, 48.95965], [4.43727, 48.96079], [4.44107, 48.9595], [4.44374, 48.9595], [4.44521, 48.95991], [4.44677, 48.96085], [4.44765, 48.96212], [4.44777, 48.96317], [4.4472, 48.96452], [4.44594, 48.96559], [4.44262, 48.96695], [4.4411, 48.96724], [4.43901, 48.96715], [4.43751, 48.96672], [4.43633, 48.96606], [4.43541, 48.96508], [4.43307, 48.96568], [4.43089, 48.96558], [4.42924, 48.96569], [4.42734, 48.96539], [4.42561, 48.96588], [4.42356, 48.96592], [4.42165, 48.96546], [4.41986, 48.96432], [4.4191, 48.96308], [4.41913, 48.96164], [4.41692, 48.96144], [4.41206, 48.96022], [4.41224, 48.9614], [4.4119, 48.96241], [4.41108, 48.96336], [4.40956, 48.96423], [4.46122, 48.9739], [4.46228, 48.97318], [4.46399, 48.97254], [4.46627, 48.97192], [4.46863, 48.97161], [4.47201, 48.97179], [4.47512, 48.97297], [4.47648, 48.97206], [4.47788, 48.9716], [4.47959, 48.9714], [4.48114, 48.97153], [4.48338, 48.97238], [4.48502, 48.97376], [4.48557, 48.97447], [4.487, 48.97417], [4.48949, 48.97413], [4.49172, 48.97469], [4.49286, 48.97449], [4.49443, 48.97449], [4.49691, 48.97475], [4.50213, 48.97567], [4.50344, 48.97624], [4.50459, 48.97722], [4.50847, 48.97847], [4.50953, 48.97924], [4.51032, 48.98035], [4.51166, 48.98048], [4.51285, 48.97968], [4.51398, 48.97927], [4.51549, 48.97793], [4.51682, 48.97739], [4.51791, 48.97718], [4.51933, 48.97267], [4.5221, 48.96786], [4.52476, 48.96177], [4.52666, 48.95559], [4.52473, 48.95187], [4.52369, 48.94143], [4.52421, 48.93764], [4.52297, 48.93647], [4.52254, 48.93515], [4.52275, 48.93414], [4.52334, 48.93309], [4.5247, 48.93185], [4.52453, 48.92978], [4.52301, 48.92938], [4.52063, 48.92816], [4.51956, 48.92698], [4.51926, 48.92597], [4.51957, 48.92461], [4.5212, 48.92265], [4.52232, 48.92164], [4.52379, 48.92088], [4.52363, 48.91893], [4.51808, 48.91771]], [[4.48855, 48.95041], [4.48929, 48.95166], [4.48925, 48.95307], [4.4884, 48.95434], [4.48686, 48.95529], [4.48488, 48.95578], [4.4827, 48.95572], [4.48079, 48.95512], [4.47938, 48.95408], [4.47869, 48.95277], [4.47883, 48.95136], [4.47973, 48.95015], [4.48126, 48.94926], [4.48318, 48.9488], [4.4853, 48.94886], [4.48715, 48.94943], [4.48855, 48.95041]], [[4.46324, 48.96851], [4.46088, 48.96849], [4.45893, 48.96798], [4.45742, 48.96702], [4.4566, 48.96575], [4.45667, 48.9641], [4.45753, 48.96277], [4.45898, 48.96184], [4.46086, 48.96133], [4.46323, 48.96137], [4.46519, 48.96189], [4.46669, 48.96288], [4.46748, 48.96417], [4.46744, 48.96557], [4.46655, 48.96706], [4.46511, 48.968], [4.46324, 48.96851]], [[4.50661, 48.94], [4.50759, 48.93877], [4.50924, 48.93787], [4.51124, 48.93746], [4.51332, 48.9376], [4.51549, 48.93843], [4.5168, 48.93947], [4.51741, 48.94077], [4.51724, 48.94212], [4.51624, 48.94336], [4.51465, 48.94425], [4.51266, 48.94467], [4.51058, 48.94455], [4.50873, 48.94392], [4.50708, 48.94271], [4.50643, 48.94139], [4.50661, 48.94]], [[4.49975, 48.94696], [4.50127, 48.94799], [4.50202, 48.94925], [4.50198, 48.95068], [4.50116, 48.95193], [4.49967, 48.95291], [4.49775, 48.95345], [4.49566, 48.95345], [4.49372, 48.95293], [4.4922, 48.95193], [4.4914, 48.95068], [4.49139, 48.94932], [4.49218, 48.94799], [4.49368, 48.94695], [4.49565, 48.9464], [4.49779, 48.94641], [4.49975, 48.94696]]], [[[4.50748, 48.91536], [4.47727, 48.91077], [4.48964, 48.91484], [4.49817, 48.91739], [4.50748, 48.91536]]], [[[4.45075, 48.90834], [4.45225, 48.90951], [4.45283, 48.91082], [4.45447, 48.91085], [4.45639, 48.91135], [4.45759, 48.91205], [4.4586, 48.91325], [4.45883, 48.91462], [4.45846, 48.91568], [4.45732, 48.91685], [4.45562, 48.91763], [4.45308, 48.91792], [4.45108, 48.91755], [4.44911, 48.91643], [4.44841, 48.9155], [4.44816, 48.91465], [4.44557, 48.91445], [4.44419, 48.91392], [4.44311, 48.91317], [4.44227, 48.91192], [4.44234, 48.91021], [4.44365, 48.90871], [4.44545, 48.90789], [4.44415, 48.90778], [4.43755, 48.91171], [4.44828, 48.91754], [4.46134, 48.92365], [4.46229, 48.92295], [4.46361, 48.92239], [4.46511, 48.92212], [4.46704, 48.92219], [4.46785, 48.92201], [4.46991, 48.92097], [4.47141, 48.92061], [4.47398, 48.92068], [4.47635, 48.92156], [4.48953, 48.91905], [4.47296, 48.91361], [4.46937, 48.91271], [4.46695, 48.91168], [4.46499, 48.9114], [4.46239, 48.91188], [4.46033, 48.9117], [4.45895, 48.91122], [4.45675, 48.91002], [4.45527, 48.90873], [4.45075, 48.90834]]], [[[4.37454, 48.90836], [4.36965, 48.9089], [4.36144, 48.91584], [4.3602, 48.91754], [4.35919, 48.91838], [4.35925, 48.91868], [4.36025, 48.91907], [4.36191, 48.92031], [4.36251, 48.92131], [4.36254, 48.92225], [4.36331, 48.92271], [4.3664, 48.92065], [4.37322, 48.91485], [4.37261, 48.91387], [4.37247, 48.91284], [4.37282, 48.91174], [4.37362, 48.91082], [4.37479, 48.9101], [4.37632, 48.90962], [4.37788, 48.90946], [4.37989, 48.90972], [4.38265, 48.908], [4.37454, 48.90836]]], [[[4.35666, 48.91033], [4.35741, 48.91115], [4.35895, 48.91167], [4.36112, 48.90984], [4.35666, 48.91033]]], [[[4.33006, 48.91403], [4.3373, 48.91578], [4.34147, 48.917], [4.34265, 48.9158], [4.34008, 48.91225], [4.33006, 48.91403]]], [[[4.31225, 48.91718], [4.30595, 48.91853], [4.30706, 48.91936], [4.30775, 48.92052], [4.31776, 48.92459], [4.31225, 48.91718]]], [[[4.24782, 48.93528], [4.24603, 48.93601], [4.25215, 48.93745], [4.25315, 48.93755], [4.25416, 48.93793], [4.26413, 48.94031], [4.26448, 48.93995], [4.26385, 48.93849], [4.26391, 48.93746], [4.26479, 48.93571], [4.26556, 48.93484], [4.26668, 48.93415], [4.26815, 48.93366], [4.26967, 48.93348], [4.2717, 48.9337], [4.27344, 48.93441], [4.2745, 48.93528], [4.27575, 48.93751], [4.27593, 48.93851], [4.27554, 48.93978], [4.27473, 48.94075], [4.27331, 48.94165], [4.27188, 48.94215], [4.28619, 48.94555], [4.28215, 48.9345], [4.28097, 48.92963], [4.27943, 48.92911], [4.27805, 48.92809], [4.27735, 48.92681], [4.27738, 48.92567], [4.24782, 48.93528]]], [[[4.21937, 48.94693], [4.19278, 48.96035], [4.18625, 48.96438], [4.18701, 48.96531], [4.18731, 48.96668], [4.18698, 48.96771], [4.18615, 48.96873], [4.18837, 48.97079], [4.18986, 48.97135], [4.19098, 48.97216], [4.19174, 48.97314], [4.19205, 48.97469], [4.19277, 48.97583], [4.19416, 48.97615], [4.1954, 48.97673], [4.19676, 48.97813], [4.19709, 48.97924], [4.19694, 48.98024], [4.1955, 48.98217], [4.19683, 48.98494], [4.19872, 48.98993], [4.19941, 48.99445], [4.20061, 48.99585], [4.20133, 48.99752], [4.20171, 48.99803], [4.20244, 48.99689], [4.20379, 48.99621], [4.20521, 48.99611], [4.20629, 48.99635], [4.20715, 48.99685], [4.20771, 48.99771], [4.20767, 48.99846], [4.20692, 48.99991], [4.20895, 49.00034], [4.22288, 48.99608], [4.22373, 48.99497], [4.22487, 48.99424], [4.22608, 48.99309], [4.22811, 48.99191], [4.23031, 48.99133], [4.23098, 48.99034], [4.23187, 48.98959], [4.2334, 48.98892], [4.23353, 48.98763], [4.23414, 48.98668], [4.23701, 48.98458], [4.23857, 48.98409], [4.24012, 48.98394], [4.24166, 48.98409], [4.24322, 48.98453], [4.24423, 48.98359], [4.24583, 48.98283], [4.24651, 48.98227], [4.24616, 48.98103], [4.24639, 48.98001], [4.24737, 48.9788], [4.24832, 48.97818], [4.24967, 48.97765], [4.25118, 48.97741], [4.25285, 48.97748], [4.25771, 48.97054], [4.25998, 48.96864], [4.26041, 48.96799], [4.26228, 48.96272], [4.26171, 48.96045], [4.26022, 48.95942], [4.25865, 48.95896], [4.25702, 48.95805], [4.25605, 48.9572], [4.25361, 48.95567], [4.25275, 48.95469], [4.25138, 48.95453], [4.25023, 48.95418], [4.24829, 48.95401], [4.24662, 48.95358], [4.2427, 48.95203], [4.24131, 48.95116], [4.24016, 48.95092], [4.23829, 48.95014], [4.23567, 48.94868], [4.23392, 48.94651], [4.23357, 48.94514], [4.23431, 48.94348], [4.23637, 48.94182], [4.23431, 48.94081], [4.21937, 48.94693]]], [[[4.17487, 48.97138], [4.17569, 48.97341], [4.17565, 48.97483], [4.1763, 48.97628], [4.17584, 48.97769], [4.17611, 48.978], [4.17929, 48.97775], [4.18068, 48.97819], [4.18146, 48.97881], [4.18389, 48.982], [4.18422, 48.98154], [4.18402, 48.98072], [4.18419, 48.97971], [4.18512, 48.97845], [4.1834, 48.97822], [4.1816, 48.97746], [4.18031, 48.97633], [4.17904, 48.97436], [4.17903, 48.97331], [4.17954, 48.97221], [4.1804, 48.97136], [4.18125, 48.97086], [4.18043, 48.97003], [4.17826, 48.96965], [4.17726, 48.96991], [4.17487, 48.97138]]], [[[4.14616, 48.992], [4.13617, 49.00115], [4.14772, 49.00516], [4.14863, 49.00572], [4.15128, 49.00855], [4.15278, 49.00898], [4.15287, 49.00815], [4.1536, 49.00734], [4.15481, 49.00686], [4.15595, 49.00678], [4.15705, 49.00699], [4.15794, 49.00747], [4.16004, 49.00997], [4.16788, 49.00922], [4.16735, 49.00801], [4.16743, 49.00698], [4.16796, 49.00601], [4.16929, 49.00496], [4.17067, 49.0044], [4.17214, 49.00406], [4.17422, 49.00406], [4.17569, 49.00441], [4.17663, 49.0041], [4.17725, 49.00305], [4.17676, 49.00232], [4.17541, 49.00064], [4.17295, 48.99889], [4.17196, 48.9975], [4.17053, 48.99347], [4.17014, 48.99005], [4.16762, 48.98772], [4.16701, 48.98689], [4.16681, 48.98575], [4.16708, 48.98326], [4.16688, 48.98238], [4.16626, 48.9814], [4.1632, 48.98085], [4.16201, 48.98014], [4.14616, 48.992]]], [[[4.12865, 49.00803], [4.12848, 49.00862], [4.12923, 49.00866], [4.13065, 49.00807], [4.13268, 49.00778], [4.13448, 49.00793], [4.13591, 49.00836], [4.1386, 49.00848], [4.14003, 49.00891], [4.1412, 49.00959], [4.14202, 49.01046], [4.14245, 49.01167], [4.14634, 49.01129], [4.14374, 49.0085], [4.1324, 49.0046], [4.12865, 49.00803]]], [[[4.10202, 49.0402], [4.10233, 49.04069], [4.10494, 49.04068], [4.10708, 49.04122], [4.10852, 49.04189], [4.1104, 49.04143], [4.10964, 49.04022], [4.1099, 49.03902], [4.11094, 49.03749], [4.11164, 49.03708], [4.11272, 49.03677], [4.11189, 49.03595], [4.11159, 49.03479], [4.11175, 49.03399], [4.11239, 49.03325], [4.11377, 49.03264], [4.11513, 49.03253], [4.11673, 49.03292], [4.11786, 49.03368], [4.11832, 49.03295], [4.11942, 49.03226], [4.12087, 49.03198], [4.12253, 49.03205], [4.12268, 49.03145], [4.12034, 49.0313], [4.11948, 49.03095], [4.11872, 49.03033], [4.11835, 49.02953], [4.11842, 49.02867], [4.11654, 49.0273], [4.11597, 49.02648], [4.11595, 49.0256], [4.11642, 49.02483], [4.11523, 49.02476], [4.11533, 49.026], [4.11488, 49.02684], [4.11568, 49.02743], [4.11616, 49.0284], [4.11597, 49.03013], [4.11551, 49.03099], [4.11401, 49.03185], [4.11162, 49.03216], [4.11069, 49.03203], [4.10966, 49.03162], [4.10868, 49.03057], [4.10202, 49.0402]]], [[[4.085, 49.06998], [4.08288, 49.0759], [4.08427, 49.07633], [4.08554, 49.07703], [4.08641, 49.07791], [4.08683, 49.07887], [4.08924, 49.07956], [4.09047, 49.07923], [4.09205, 49.07911], [4.09091, 49.07815], [4.09032, 49.07683], [4.09055, 49.07546], [4.09134, 49.07438], [4.09279, 49.07344], [4.09418, 49.07301], [4.0962, 49.07286], [4.0979, 49.07314], [4.09927, 49.07366], [4.10063, 49.07471], [4.10118, 49.07568], [4.1012, 49.07706], [4.10058, 49.07821], [4.09926, 49.07928], [4.09741, 49.07994], [4.09566, 49.08008], [4.09743, 49.0814], [4.09884, 49.08147], [4.10031, 49.08182], [4.10385, 49.08394], [4.10512, 49.0837], [4.10594, 49.08176], [4.10702, 49.08046], [4.10743, 49.07909], [4.10912, 49.07563], [4.11046, 49.07217], [4.11042, 49.07094], [4.11146, 49.06889], [4.12004, 49.05745], [4.11901, 49.05706], [4.11793, 49.05636], [4.1153, 49.05623], [4.1139, 49.05576], [4.11267, 49.05511], [4.10675, 49.05401], [4.10544, 49.05344], [4.10438, 49.05259], [4.10281, 49.05379], [4.10453, 49.05447], [4.10554, 49.05526], [4.10625, 49.05655], [4.10626, 49.05758], [4.1052, 49.05933], [4.1032, 49.06042], [4.10066, 49.06076], [4.09825, 49.06035], [4.09694, 49.05978], [4.09602, 49.05907], [4.09447, 49.05872], [4.09317, 49.05818], [4.09178, 49.05694], [4.085, 49.06998]]], [[[4.07756, 49.09073], [4.07284, 49.11334], [4.07231, 49.12331], [4.07295, 49.12333], [4.07551, 49.12207], [4.07844, 49.12107], [4.08163, 49.12088], [4.08395, 49.12108], [4.085, 49.12054], [4.0864, 49.12036], [4.08801, 49.12075], [4.08891, 49.12147], [4.08918, 49.12239], [4.08883, 49.12352], [4.09616, 49.12022], [4.09734, 49.1199], [4.09968, 49.11972], [4.1009, 49.11842], [4.10288, 49.11758], [4.10259, 49.11642], [4.10306, 49.11498], [4.10467, 49.1136], [4.10658, 49.11298], [4.10794, 49.11126], [4.11055, 49.10721], [4.10987, 49.10629], [4.10964, 49.10523], [4.10811, 49.10372], [4.10782, 49.10241], [4.10618, 49.1005], [4.10595, 49.0995], [4.10633, 49.09819], [4.10569, 49.0977], [4.10439, 49.098], [4.10282, 49.09805], [4.10081, 49.09766], [4.0992, 49.09686], [4.0973, 49.09713], [4.09575, 49.097], [4.09346, 49.09614], [4.09221, 49.09493], [4.09127, 49.0957], [4.08877, 49.09686], [4.08824, 49.09786], [4.08698, 49.0986], [4.08555, 49.09903], [4.08442, 49.09914], [4.08331, 49.09895], [4.08221, 49.09835], [4.08172, 49.09767], [4.08173, 49.09673], [4.08223, 49.09605], [4.08312, 49.09554], [4.0833, 49.09523], [4.08238, 49.09395], [4.08136, 49.09341], [4.08045, 49.09255], [4.07996, 49.09155], [4.07994, 49.0905], [4.08023, 49.08973], [4.08096, 49.08882], [4.08294, 49.08773], [4.08547, 49.08738], [4.08796, 49.08784], [4.0862, 49.08531], [4.08591, 49.08419], [4.08488, 49.08486], [4.0835, 49.08534], [4.08229, 49.08626], [4.08111, 49.08673], [4.08106, 49.08764], [4.08039, 49.08904], [4.07911, 49.09012], [4.07756, 49.09073]], [[4.08964, 49.10294], [4.08974, 49.10153], [4.09093, 49.10003], [4.09257, 49.09921], [4.09475, 49.09877], [4.09682, 49.09887], [4.09879, 49.09951], [4.10016, 49.10054], [4.10082, 49.10184], [4.10067, 49.10321], [4.09966, 49.10453], [4.09802, 49.10544], [4.09592, 49.10588], [4.09364, 49.10581], [4.09176, 49.10523], [4.09036, 49.10423], [4.08964, 49.10294]]], [[[4.07305, 49.14971], [4.0749, 49.14868], [4.07748, 49.148], [4.07762, 49.14683], [4.07476, 49.14601], [4.07255, 49.14454], [4.07305, 49.14971]]], [[[4.0792, 49.17919], [4.08266, 49.18773], [4.08332, 49.18819], [4.09147, 49.18629], [4.09922, 49.18501], [4.09818, 49.18433], [4.09614, 49.18462], [4.09407, 49.18444], [4.09267, 49.18398], [4.09179, 49.18346], [4.09068, 49.1823], [4.09002, 49.18064], [4.09015, 49.17962], [4.09103, 49.17829], [4.08502, 49.1715], [4.08151, 49.171], [4.07962, 49.17006], [4.07848, 49.1705], [4.07747, 49.17221], [4.0792, 49.17919]]], [[[4.13226, 49.25975], [4.13906, 49.26556], [4.14062, 49.26441], [4.14309, 49.26376], [4.14328, 49.26341], [4.1418, 49.26275], [4.14092, 49.26174], [4.14077, 49.2607], [4.14127, 49.25984], [4.14076, 49.25879], [4.14066, 49.25771], [4.14112, 49.2568], [4.14289, 49.25545], [4.14457, 49.25481], [4.14583, 49.25458], [4.14532, 49.25363], [4.14523, 49.25285], [4.14439, 49.25235], [4.14318, 49.25117], [4.14162, 49.25153], [4.14033, 49.25157], [4.13847, 49.25269], [4.13591, 49.25315], [4.13338, 49.25277], [4.13142, 49.25165], [4.13047, 49.25001], [4.13053, 49.24896], [4.13106, 49.24797], [4.13202, 49.24712], [4.13332, 49.2465], [4.13487, 49.24615], [4.136, 49.24609], [4.13631, 49.24485], [4.13455, 49.24582], [4.13176, 49.24655], [4.12918, 49.2464], [4.12779, 49.24592], [4.12681, 49.24531], [4.12577, 49.24598], [4.12452, 49.2464], [4.11988, 49.24668], [4.13226, 49.25975]]], [[[4.1637, 49.28493], [4.16318, 49.28107], [4.16158, 49.28073], [4.16012, 49.28004], [4.15894, 49.27893], [4.15851, 49.27782], [4.1565, 49.27697], [4.15775, 49.27931], [4.1574, 49.28052], [4.1637, 49.28493]]], [[[4.17579, 49.2934], [4.18943, 49.30123], [4.19087, 49.30042], [4.19495, 49.29922], [4.19846, 49.29785], [4.20226, 49.296], [4.20527, 49.29495], [4.20812, 49.29436], [4.21994, 49.29299], [4.22685, 49.29176], [4.22569, 49.29098], [4.22498, 49.29006], [4.22476, 49.28807], [4.20773, 49.28473], [4.20573, 49.28546], [4.20363, 49.2856], [4.20112, 49.285], [4.19995, 49.2843], [4.19931, 49.28363], [4.19823, 49.28403], [4.19671, 49.28427], [4.19378, 49.28403], [4.19232, 49.28357], [4.19118, 49.28288], [4.19038, 49.282], [4.19007, 49.28124], [4.17358, 49.27798], [4.17227, 49.27753], [4.17094, 49.27675], [4.16959, 49.27663], [4.16952, 49.278], [4.16876, 49.27931], [4.16958, 49.28464], [4.17038, 49.28622], [4.17022, 49.2895], [4.17579, 49.2934]]], [[[4.20115, 49.30796], [4.21904, 49.31634], [4.22157, 49.31704], [4.22322, 49.3183], [4.22858, 49.32081], [4.24618, 49.32746], [4.2479, 49.32725], [4.24771, 49.32602], [4.24802, 49.32461], [4.24775, 49.32444], [4.24089, 49.32242], [4.23973, 49.32161], [4.2386, 49.32208], [4.23707, 49.32237], [4.23549, 49.32235], [4.23398, 49.32203], [4.23227, 49.32116], [4.23109, 49.31965], [4.23097, 49.31863], [4.2313, 49.31762], [4.23207, 49.31673], [4.23333, 49.31594], [4.23267, 49.31516], [4.23258, 49.31441], [4.23293, 49.3137], [4.23368, 49.31312], [4.23471, 49.31278], [4.2359, 49.31269], [4.24597, 49.31278], [4.24707, 49.31207], [4.24843, 49.31178], [4.25059, 49.31204], [4.25213, 49.31198], [4.2522, 49.31025], [4.25297, 49.30906], [4.25302, 49.30832], [4.25212, 49.3071], [4.24914, 49.30458], [4.24659, 49.30442], [4.24443, 49.3035], [4.24314, 49.30201], [4.24307, 49.30037], [4.23674, 49.29605], [4.23476, 49.2957], [4.23286, 49.29467], [4.22726, 49.29569], [4.22639, 49.29646], [4.2251, 49.29687], [4.22395, 49.29688], [4.2227, 49.29651], [4.20935, 49.29813], [4.20689, 49.29869], [4.2013, 49.30124], [4.19712, 49.30284], [4.19387, 49.30378], [4.20115, 49.30796]]], [[[4.25675, 49.33144], [4.28858, 49.34094], [4.3001, 49.34349], [4.29333, 49.33874], [4.27022, 49.33006], [4.26879, 49.33063], [4.26576, 49.33124], [4.26419, 49.33118], [4.2629, 49.33089], [4.26158, 49.33112], [4.26001, 49.33115], [4.25761, 49.33068], [4.25719, 49.33081], [4.25675, 49.33144]]], [[[4.35347, 49.353], [4.37125, 49.35451], [4.36901, 49.35344], [4.3666, 49.35346], [4.36452, 49.3529], [4.36337, 49.35219], [4.36258, 49.3513], [4.36053, 49.35044], [4.3593, 49.3491], [4.35405, 49.35019], [4.35179, 49.35046], [4.34859, 49.35036], [4.34568, 49.34971], [4.33802, 49.35066], [4.35347, 49.353]]], [[[4.37948, 49.3552], [4.3884, 49.35587], [4.38617, 49.3553], [4.38469, 49.35433], [4.3839, 49.35306], [4.38382, 49.35143], [4.38243, 49.35161], [4.38164, 49.35225], [4.38105, 49.35394], [4.37948, 49.3552]]], [[[4.42074, 49.35651], [4.45014, 49.3552], [4.45523, 49.35222], [4.44952, 49.35179], [4.4359, 49.35206], [4.41942, 49.35062], [4.41757, 49.35066], [4.41511, 49.35003], [4.41344, 49.34982], [4.39458, 49.34998], [4.39542, 49.35134], [4.39555, 49.35259], [4.39527, 49.3536], [4.39387, 49.35504], [4.39258, 49.35563], [4.39125, 49.35592], [4.42074, 49.35651]]], [[[4.46608, 49.35373], [4.46345, 49.35345], [4.46119, 49.35427], [4.46608, 49.35373]]], [[[4.48603, 49.35154], [4.48194, 49.35055], [4.48108, 49.35161], [4.48028, 49.35217], [4.48603, 49.35154]]], [[[4.52034, 49.34556], [4.55123, 49.33787], [4.54639, 49.33632], [4.53715, 49.33207], [4.52918, 49.3288], [4.52029, 49.32587], [4.51887, 49.32496], [4.51595, 49.32187], [4.5146, 49.32125], [4.51295, 49.32194], [4.51108, 49.3219], [4.50977, 49.32135], [4.509, 49.3204], [4.5074, 49.31945], [4.50411, 49.31953], [4.5024, 49.31895], [4.4997, 49.31839], [4.49867, 49.32246], [4.50005, 49.32319], [4.50127, 49.32432], [4.5018, 49.32529], [4.50187, 49.32632], [4.50142, 49.32775], [4.50074, 49.32867], [4.49968, 49.32943], [4.49846, 49.32992], [4.50177, 49.33978], [4.50306, 49.34014], [4.50382, 49.34071], [4.50422, 49.3418], [4.50366, 49.34282], [4.50578, 49.34439], [4.50666, 49.34563], [4.50674, 49.347], [4.5062, 49.34807], [4.52034, 49.34556]]], [[[4.56177, 49.33449], [4.55956, 49.32218], [4.55555, 49.32181], [4.55403, 49.323], [4.55224, 49.32371], [4.5507, 49.32392], [4.54783, 49.32376], [4.54632, 49.32347], [4.54462, 49.32266], [4.54353, 49.32149], [4.54322, 49.32048], [4.54356, 49.31867], [4.54403, 49.31769], [4.54584, 49.3158], [4.54707, 49.31516], [4.54811, 49.31486], [4.5489, 49.31191], [4.5498, 49.31118], [4.55084, 49.31085], [4.55199, 49.31081], [4.55307, 49.31105], [4.55393, 49.31156], [4.55435, 49.31205], [4.55453, 49.3128], [4.55384, 49.31582], [4.55593, 49.3173], [4.55654, 49.31801], [4.55881, 49.31822], [4.55445, 49.29434], [4.55153, 49.29117], [4.55059, 49.28981], [4.54988, 49.28802], [4.54965, 49.28611], [4.55018, 49.28368], [4.55116, 49.28144], [4.55211, 49.2803], [4.55376, 49.2792], [4.56197, 49.27542], [4.56234, 49.27476], [4.55664, 49.26843], [4.5558, 49.26712], [4.55492, 49.2635], [4.5548, 49.2596], [4.55373, 49.25936], [4.5519, 49.2597], [4.54974, 49.25954], [4.54894, 49.2606], [4.54761, 49.2617], [4.54568, 49.26424], [4.54449, 49.26523], [4.54309, 49.27021], [4.54355, 49.27292], [4.54284, 49.27477], [4.54309, 49.27562], [4.54297, 49.27666], [4.54209, 49.27793], [4.54064, 49.27882], [4.53919, 49.28104], [4.54033, 49.28163], [4.54126, 49.28252], [4.54254, 49.28279], [4.54389, 49.28337], [4.54516, 49.28449], [4.54567, 49.28619], [4.54534, 49.28722], [4.54478, 49.28799], [4.54283, 49.28919], [4.54023, 49.28963], [4.5372, 49.28931], [4.53567, 49.28897], [4.53319, 49.28767], [4.50369, 49.30709], [4.50333, 49.30747], [4.50379, 49.30872], [4.50346, 49.31013], [4.50357, 49.31185], [4.50511, 49.31282], [4.50582, 49.31381], [4.51193, 49.31543], [4.51981, 49.31894], [4.52066, 49.31953], [4.52364, 49.32267], [4.53374, 49.3261], [4.54047, 49.32888], [4.54962, 49.33309], [4.55431, 49.33455], [4.55909, 49.33536], [4.56177, 49.33449]]], [[[4.5694, 49.332], [4.57065, 49.32496], [4.57172, 49.32406], [4.57477, 49.32267], [4.57571, 49.32133], [4.57594, 49.31948], [4.57678, 49.31806], [4.57829, 49.31637], [4.58194, 49.31355], [4.57978, 49.31159], [4.57924, 49.30988], [4.57949, 49.30841], [4.57993, 49.30756], [4.58282, 49.30533], [4.57858, 49.30338], [4.57334, 49.30143], [4.57154, 49.30107], [4.56586, 49.30097], [4.56448, 49.30118], [4.56179, 49.30199], [4.56233, 49.30496], [4.56519, 49.30506], [4.56662, 49.30548], [4.56781, 49.30616], [4.56958, 49.3081], [4.57044, 49.3107], [4.57034, 49.3124], [4.56902, 49.31387], [4.56679, 49.31476], [4.56416, 49.31498], [4.56739, 49.33266], [4.5694, 49.332]]], [[[4.58211, 49.32786], [4.61069, 49.31612], [4.6178, 49.31252], [4.61469, 49.31257], [4.61003, 49.31218], [4.59838, 49.30968], [4.59704, 49.31046], [4.59559, 49.31087], [4.59343, 49.31105], [4.59186, 49.31097], [4.58972, 49.31037], [4.58642, 49.30853], [4.58524, 49.3094], [4.58516, 49.30995], [4.58781, 49.31229], [4.58829, 49.31329], [4.58817, 49.31427], [4.58759, 49.31514], [4.58308, 49.31863], [4.58204, 49.31982], [4.5816, 49.32069], [4.58137, 49.3225], [4.57976, 49.32477], [4.57801, 49.32598], [4.57625, 49.32673], [4.57568, 49.32996], [4.58211, 49.32786]]], [[[4.63736, 49.3026], [4.64596, 49.29727], [4.6383, 49.29632], [4.63383, 49.29618], [4.62826, 49.2949], [4.62693, 49.29417], [4.62632, 49.29351], [4.62526, 49.29111], [4.62527, 49.29023], [4.62564, 49.28952], [4.62793, 49.2871], [4.62766, 49.285], [4.62643, 49.28354], [4.62629, 49.28217], [4.62703, 49.28076], [4.62832, 49.27979], [4.62626, 49.27914], [4.6249, 49.27811], [4.62424, 49.27681], [4.62421, 49.27554], [4.62477, 49.27422], [4.62644, 49.27294], [4.62647, 49.27218], [4.62695, 49.27149], [4.62779, 49.27098], [4.62903, 49.27066], [4.63021, 49.26995], [4.62438, 49.26915], [4.62281, 49.26867], [4.60833, 49.26155], [4.60706, 49.26074], [4.60503, 49.25879], [4.60437, 49.25841], [4.60178, 49.25772], [4.59947, 49.25835], [4.59727, 49.25828], [4.59535, 49.2577], [4.59395, 49.25669], [4.58507, 49.25568], [4.57981, 49.25466], [4.57607, 49.25374], [4.57195, 49.25316], [4.57148, 49.25405], [4.57057, 49.25488], [4.56934, 49.25551], [4.56753, 49.25591], [4.56687, 49.25658], [4.56571, 49.25729], [4.56378, 49.25783], [4.56155, 49.25782], [4.56069, 49.25957], [4.5608, 49.26318], [4.56143, 49.26598], [4.56746, 49.27271], [4.56812, 49.274], [4.56825, 49.27493], [4.56782, 49.27645], [4.56637, 49.278], [4.55693, 49.28253], [4.5557, 49.28519], [4.55562, 49.28704], [4.55614, 49.2885], [4.55685, 49.28948], [4.55921, 49.29183], [4.56006, 49.29309], [4.56106, 49.29793], [4.56336, 49.29735], [4.56558, 49.29712], [4.57187, 49.29721], [4.5738, 49.29746], [4.57655, 49.29815], [4.58132, 49.29995], [4.58751, 49.30276], [4.5886, 49.30232], [4.59012, 49.30203], [4.59169, 49.30204], [4.59304, 49.30227], [4.59693, 49.3036], [4.59842, 49.30464], [4.59937, 49.30583], [4.61131, 49.30841], [4.61513, 49.30873], [4.62135, 49.30856], [4.62355, 49.30865], [4.62582, 49.30845], [4.63736, 49.3026]]], [[[4.6593, 49.28901], [4.65743, 49.28809], [4.65342, 49.2852], [4.64853, 49.28101], [4.64399, 49.279], [4.64207, 49.27767], [4.64069, 49.27855], [4.63879, 49.27911], [4.6367, 49.27915], [4.63459, 49.27875], [4.63503, 49.27973], [4.63618, 49.28045], [4.63695, 49.28135], [4.63725, 49.28304], [4.63621, 49.28474], [4.63512, 49.28548], [4.63378, 49.28597], [4.63371, 49.28798], [4.63326, 49.28882], [4.63135, 49.29088], [4.63164, 49.29166], [4.63529, 49.29244], [4.63904, 49.29249], [4.64518, 49.29318], [4.65096, 49.29417], [4.6593, 49.28901]]], [[[4.68014, 49.27363], [4.67845, 49.27322], [4.67714, 49.27265], [4.67569, 49.27123], [4.67539, 49.27022], [4.67555, 49.26919], [4.67693, 49.26735], [4.67594, 49.26693], [4.67515, 49.26628], [4.67481, 49.26555], [4.67487, 49.26479], [4.67269, 49.26566], [4.67143, 49.26672], [4.66983, 49.26736], [4.66825, 49.26838], [4.66682, 49.2688], [4.66549, 49.26894], [4.6648, 49.26941], [4.66421, 49.27041], [4.66382, 49.2729], [4.66326, 49.27418], [4.66245, 49.27503], [4.66044, 49.27627], [4.65915, 49.27738], [4.65776, 49.2792], [4.6568, 49.28006], [4.6565, 49.28152], [4.66146, 49.28526], [4.66351, 49.28618], [4.68014, 49.27363]]], [[[4.68997, 49.26518], [4.6858, 49.26439], [4.68434, 49.26486], [4.68261, 49.26507], [4.68239, 49.26535], [4.683, 49.26616], [4.68523, 49.26698], [4.68666, 49.26824], [4.68997, 49.26518]]], [[[4.69523, 49.26031], [4.69435, 49.25935], [4.694, 49.25847], [4.69402, 49.2578], [4.69459, 49.25652], [4.69533, 49.25585], [4.69617, 49.25546], [4.70134, 49.25436], [4.70162, 49.25386], [4.70155, 49.25251], [4.70135, 49.25207], [4.70024, 49.25148], [4.69843, 49.25163], [4.69689, 49.25144], [4.69325, 49.25005], [4.69164, 49.24975], [4.69049, 49.2493], [4.68707, 49.25061], [4.68494, 49.25187], [4.68256, 49.25395], [4.68167, 49.25449], [4.67998, 49.25501], [4.67813, 49.25509], [4.6781, 49.25635], [4.67773, 49.25731], [4.67522, 49.25999], [4.67586, 49.26061], [4.67701, 49.26036], [4.67775, 49.25941], [4.67929, 49.25849], [4.68073, 49.25809], [4.6828, 49.25792], [4.68447, 49.2581], [4.6863, 49.25877], [4.68733, 49.25954], [4.68809, 49.2608], [4.69348, 49.26193], [4.69523, 49.26031]]], [[[4.71284, 49.24189], [4.71095, 49.24073], [4.70934, 49.24043], [4.70749, 49.24024], [4.7058, 49.2405], [4.70499, 49.24083], [4.70444, 49.24186], [4.70341, 49.24269], [4.70305, 49.24441], [4.70439, 49.24676], [4.70409, 49.24855], [4.70604, 49.24972], [4.71284, 49.24189]]], [[[4.73379, 49.21341], [4.74472, 49.19152], [4.74314, 49.19085], [4.7421, 49.19003], [4.7412, 49.18881], [4.74086, 49.18753], [4.73805, 49.18591], [4.73483, 49.18551], [4.73364, 49.18634], [4.7319, 49.1871], [4.72986, 49.18764], [4.72711, 49.18772], [4.72475, 49.18698], [4.72344, 49.18591], [4.72286, 49.18471], [4.72174, 49.18457], [4.721, 49.18429], [4.72003, 49.18336], [4.71995, 49.18243], [4.72052, 49.1816], [4.71994, 49.18092], [4.71981, 49.18017], [4.72077, 49.17869], [4.71767, 49.176], [4.71422, 49.17496], [4.71158, 49.1737], [4.71046, 49.17292], [4.70768, 49.16933], [4.70753, 49.16832], [4.70782, 49.16703], [4.70442, 49.16394], [4.70305, 49.16334], [4.7011, 49.16207], [4.69904, 49.16195], [4.69762, 49.16152], [4.69614, 49.16176], [4.69528, 49.16172], [4.69447, 49.16152], [4.6936, 49.16104], [4.69301, 49.16018], [4.6931, 49.15923], [4.69127, 49.1565], [4.69088, 49.155], [4.69159, 49.15336], [4.69382, 49.15144], [4.69257, 49.15007], [4.69053, 49.14937], [4.68949, 49.14862], [4.68894, 49.14775], [4.68751, 49.14711], [4.68281, 49.14687], [4.68126, 49.1464], [4.68037, 49.14544], [4.68035, 49.14451], [4.68101, 49.14367], [4.68236, 49.14311], [4.68097, 49.14267], [4.67981, 49.14197], [4.67902, 49.14108], [4.67871, 49.14034], [4.6752, 49.13965], [4.67338, 49.13846], [4.67262, 49.13684], [4.6729, 49.13535], [4.67434, 49.13392], [4.67658, 49.13312], [4.67533, 49.13197], [4.67338, 49.13097], [4.67171, 49.12914], [4.67066, 49.1269], [4.67075, 49.12546], [4.66808, 49.1253], [4.66201, 49.12546], [4.65547, 49.12477], [4.65121, 49.12462], [4.64758, 49.12408], [4.64665, 49.12367], [4.64602, 49.12306], [4.64582, 49.12198], [4.64727, 49.11642], [4.64817, 49.11548], [4.64973, 49.11502], [4.65087, 49.11507], [4.65166, 49.1153], [4.6525, 49.11581], [4.65297, 49.1165], [4.653, 49.11725], [4.65209, 49.12079], [4.65626, 49.12095], [4.66236, 49.1216], [4.6691, 49.12149], [4.66865, 49.12012], [4.66899, 49.11869], [4.66965, 49.11776], [4.67098, 49.11685], [4.66878, 49.11524], [4.66825, 49.11427], [4.66819, 49.11314], [4.6688, 49.11184], [4.66974, 49.11102], [4.67096, 49.11043], [4.67168, 49.10911], [4.6698, 49.10827], [4.66822, 49.10689], [4.66697, 49.10754], [4.66503, 49.10797], [4.66286, 49.10798], [4.66137, 49.10767], [4.66008, 49.10709], [4.6591, 49.10629], [4.65851, 49.10534], [4.65835, 49.10455], [4.62419, 49.11089], [4.59408, 49.11364], [4.59165, 49.11399], [4.59279, 49.1154], [4.59458, 49.11655], [4.59639, 49.11734], [4.59753, 49.11848], [4.5979, 49.11949], [4.59781, 49.12051], [4.59717, 49.12168], [4.59636, 49.1224], [4.60788, 49.12476], [4.6092, 49.12548], [4.60967, 49.1264], [4.61102, 49.12613], [4.61239, 49.12616], [4.61956, 49.12793], [4.62808, 49.12892], [4.63671, 49.12933], [4.65328, 49.13156], [4.6574, 49.13256], [4.65959, 49.13349], [4.66052, 49.1342], [4.66138, 49.13529], [4.66169, 49.13629], [4.66189, 49.13926], [4.66396, 49.14108], [4.66781, 49.14413], [4.66915, 49.14408], [4.67037, 49.14427], [4.6723, 49.14523], [4.67328, 49.14631], [4.67372, 49.14788], [4.67465, 49.14982], [4.68136, 49.15398], [4.68204, 49.15473], [4.68243, 49.15581], [4.68429, 49.15643], [4.68585, 49.15736], [4.68666, 49.15819], [4.68912, 49.16181], [4.69301, 49.16509], [4.69954, 49.16946], [4.70082, 49.17086], [4.70396, 49.17207], [4.70526, 49.17292], [4.71034, 49.17957], [4.71434, 49.18378], [4.71788, 49.18375], [4.7195, 49.18444], [4.72039, 49.18593], [4.72114, 49.18833], [4.72341, 49.19152], [4.73028, 49.19813], [4.73091, 49.19896], [4.73142, 49.20164], [4.73046, 49.20427], [4.73124, 49.20653], [4.7317, 49.20942], [4.73123, 49.21131], [4.73017, 49.21268], [4.72769, 49.21411], [4.72479, 49.21481], [4.72264, 49.21485], [4.71763, 49.21414], [4.71794, 49.21633], [4.71738, 49.21786], [4.71661, 49.21902], [4.71487, 49.22048], [4.71282, 49.22153], [4.71129, 49.22292], [4.70786, 49.22421], [4.70807, 49.2255], [4.70756, 49.22698], [4.70681, 49.22789], [4.70569, 49.22861], [4.7038, 49.22919], [4.7012, 49.22918], [4.69913, 49.22856], [4.6977, 49.22749], [4.6894, 49.23081], [4.6789, 49.24046], [4.67711, 49.24245], [4.67727, 49.24496], [4.67686, 49.24632], [4.67242, 49.25114], [4.67101, 49.25321], [4.67008, 49.25398], [4.66852, 49.25464], [4.66726, 49.25482], [4.66571, 49.25471], [4.66389, 49.25607], [4.66546, 49.25566], [4.66687, 49.25581], [4.66801, 49.25638], [4.66859, 49.25718], [4.66954, 49.2576], [4.67045, 49.2577], [4.67217, 49.25594], [4.67213, 49.25431], [4.6732, 49.25295], [4.67447, 49.25196], [4.67548, 49.25147], [4.67688, 49.25118], [4.67834, 49.25119], [4.68098, 49.24901], [4.68336, 49.2476], [4.68671, 49.24622], [4.68664, 49.2452], [4.68702, 49.2442], [4.68857, 49.24284], [4.69084, 49.24207], [4.69294, 49.24184], [4.69412, 49.24058], [4.69584, 49.23979], [4.69736, 49.23952], [4.6994, 49.23961], [4.69993, 49.23882], [4.70079, 49.23811], [4.70299, 49.23708], [4.70729, 49.23637], [4.7106, 49.23666], [4.71197, 49.23512], [4.71449, 49.2338], [4.71643, 49.23302], [4.71792, 49.23277], [4.72076, 49.23153], [4.72141, 49.22851], [4.72023, 49.22855], [4.71933, 49.22838], [4.71768, 49.22754], [4.71659, 49.2261], [4.71689, 49.22474], [4.71828, 49.22366], [4.72054, 49.22294], [4.72182, 49.22275], [4.72412, 49.22278], [4.72138, 49.21981], [4.7214, 49.21877], [4.72228, 49.21775], [4.72358, 49.21721], [4.72529, 49.21711], [4.72876, 49.21759], [4.7304, 49.21838], [4.73379, 49.21341]]], [[[4.74869, 49.18003], [4.74771, 49.17986], [4.74235, 49.18013], [4.73953, 49.18118], [4.73704, 49.1814], [4.73608, 49.18131], [4.73408, 49.18063], [4.73336, 49.18059], [4.73477, 49.18146], [4.74063, 49.18244], [4.74368, 49.18401], [4.74587, 49.18143], [4.74701, 49.18075], [4.7486, 49.18027], [4.74869, 49.18003]]], [[[4.75598, 49.14905], [4.75623, 49.14286], [4.75556, 49.14281], [4.75373, 49.14317], [4.75199, 49.1433], [4.74821, 49.14271], [4.74574, 49.14389], [4.74536, 49.14432], [4.7456, 49.14532], [4.7453, 49.14661], [4.74402, 49.14809], [4.74294, 49.14871], [4.74154, 49.14917], [4.73999, 49.14935], [4.73805, 49.1492], [4.73732, 49.14985], [4.73842, 49.15228], [4.74238, 49.15732], [4.74354, 49.15999], [4.74365, 49.16078], [4.74517, 49.16163], [4.74689, 49.16324], [4.74835, 49.16342], [4.75085, 49.16325], [4.75317, 49.16384], [4.75598, 49.14905]]], [[[4.17281, 48.98479], [4.17269, 48.98575], [4.17338, 48.98632], [4.17364, 48.98557], [4.17281, 48.98479]]], [[[4.17623, 48.99222], [4.17765, 48.99654], [4.18019, 48.99841], [4.18223, 49.0009], [4.18437, 49.00075], [4.18636, 49.00114], [4.18797, 49.00201], [4.18901, 49.00319], [4.18918, 49.00121], [4.18896, 49.00084], [4.18835, 48.99999], [4.18702, 48.99942], [4.18583, 48.99807], [4.18424, 48.99696], [4.18278, 48.99496], [4.18265, 48.99389], [4.17993, 48.99421], [4.17837, 48.99406], [4.1771, 48.99343], [4.17623, 48.99222]]], [[[4.17113, 49.01281], [4.16885, 49.01303], [4.16549, 49.01335], [4.16666, 49.01359], [4.16834, 49.01424], [4.17021, 49.01407], [4.17236, 49.01335], [4.17113, 49.01281]]], [[[4.15406, 49.01445], [4.14162, 49.01565], [4.14165, 49.01669], [4.15419, 49.01559], [4.15406, 49.01445]]], [[[4.12882, 49.03047], [4.12762, 49.0353], [4.12672, 49.03785], [4.12697, 49.03837], [4.13403, 49.03828], [4.13577, 49.03808], [4.13753, 49.03826], [4.14059, 49.03825], [4.14205, 49.03861], [4.14311, 49.03842], [4.14464, 49.03844], [4.14574, 49.03867], [4.14657, 49.03908], [4.14732, 49.03979], [4.14758, 49.04039], [4.15309, 49.03942], [4.15877, 49.03941], [4.15855, 49.03785], [4.15882, 49.03696], [4.15978, 49.03603], [4.16122, 49.03551], [4.16316, 49.03523], [4.16624, 49.03539], [4.16851, 49.03614], [4.17006, 49.03699], [4.17205, 49.03684], [4.17211, 49.03613], [4.17254, 49.03546], [4.17219, 49.03355], [4.17134, 49.03251], [4.17088, 49.03319], [4.17019, 49.03368], [4.1676, 49.03444], [4.1663, 49.03442], [4.16531, 49.03417], [4.16436, 49.03362], [4.16385, 49.03295], [4.16299, 49.03345], [4.16212, 49.03369], [4.15995, 49.03367], [4.15926, 49.03428], [4.15845, 49.03466], [4.15606, 49.03509], [4.15442, 49.03509], [4.15269, 49.03456], [4.15125, 49.03514], [4.14927, 49.03535], [4.14811, 49.03519], [4.14713, 49.03478], [4.14611, 49.03525], [4.14385, 49.03575], [4.14031, 49.03644], [4.13909, 49.03644], [4.1379, 49.03613], [4.13683, 49.03538], [4.13584, 49.03282], [4.13586, 49.032], [4.13621, 49.03134], [4.13686, 49.0308], [4.13783, 49.0304], [4.13781, 49.03025], [4.13525, 49.0303], [4.13349, 49.02977], [4.13171, 49.03033], [4.12882, 49.03047]]], [[[4.12757, 49.05679], [4.12845, 49.05857], [4.13035, 49.06009], [4.13569, 49.06613], [4.13722, 49.06687], [4.14004, 49.06614], [4.14281, 49.06617], [4.14342, 49.06457], [4.14518, 49.0633], [4.14747, 49.06258], [4.14954, 49.06236], [4.15133, 49.06179], [4.15294, 49.06167], [4.16801, 49.0497], [4.16327, 49.0503], [4.15469, 49.05174], [4.1374, 49.05236], [4.13646, 49.05387], [4.13494, 49.0548], [4.13299, 49.05528], [4.1307, 49.05528], [4.12941, 49.0562], [4.12757, 49.05679]]], [[[4.13549, 49.04866], [4.13901, 49.04833], [4.15369, 49.04793], [4.16256, 49.04645], [4.16569, 49.04615], [4.16825, 49.0453], [4.16876, 49.04432], [4.1664, 49.04374], [4.16041, 49.04437], [4.15453, 49.04445], [4.15104, 49.04506], [4.14706, 49.04637], [4.14089, 49.04778], [4.13854, 49.04801], [4.13511, 49.04788], [4.13509, 49.04846], [4.13549, 49.04866]]], [[[4.17255, 49.05214], [4.1578, 49.06387], [4.15827, 49.06543], [4.1578, 49.06676], [4.15645, 49.06797], [4.15482, 49.06865], [4.15627, 49.06975], [4.15725, 49.07135], [4.1589, 49.07221], [4.15917, 49.07142], [4.15985, 49.07082], [4.16083, 49.07042], [4.16196, 49.07031], [4.1628, 49.07041], [4.16379, 49.07079], [4.16503, 49.0721], [4.16739, 49.07259], [4.16916, 49.07156], [4.17, 49.07064], [4.17121, 49.06979], [4.17181, 49.06469], [4.17406, 49.06027], [4.17448, 49.05418], [4.1749, 49.05275], [4.17255, 49.05214]]], [[[4.18059, 49.05373], [4.18034, 49.05442], [4.17986, 49.06088], [4.17759, 49.06541], [4.17725, 49.06833], [4.17896, 49.06823], [4.18053, 49.0684], [4.18269, 49.06925], [4.18425, 49.06957], [4.18558, 49.07017], [4.18714, 49.06956], [4.18866, 49.06933], [4.19022, 49.06941], [4.19154, 49.06973], [4.19561, 49.06764], [4.1956, 49.06695], [4.19272, 49.06346], [4.19036, 49.06212], [4.18929, 49.06126], [4.18681, 49.05847], [4.18475, 49.05565], [4.18307, 49.05422], [4.18059, 49.05373]]], [[[4.19844, 49.07109], [4.19454, 49.07311], [4.19428, 49.07406], [4.19357, 49.07498], [4.19144, 49.07618], [4.18995, 49.0765], [4.18839, 49.07652], [4.18688, 49.07625], [4.18559, 49.07571], [4.18486, 49.0763], [4.18551, 49.0779], [4.18498, 49.0795], [4.18594, 49.08026], [4.1905, 49.08279], [4.1918, 49.08244], [4.19336, 49.08233], [4.1949, 49.08252], [4.19602, 49.08286], [4.19757, 49.08376], [4.19855, 49.08513], [4.21216, 49.08506], [4.21454, 49.08527], [4.21876, 49.08596], [4.21259, 49.07973], [4.21156, 49.07839], [4.21048, 49.07626], [4.20955, 49.07112], [4.20805, 49.07141], [4.20465, 49.07146], [4.20343, 49.07181], [4.20187, 49.07195], [4.19982, 49.07166], [4.19844, 49.07109]]], [[[4.21542, 49.07082], [4.21623, 49.07541], [4.21705, 49.07703], [4.22454, 49.08475], [4.22692, 49.08517], [4.22867, 49.08528], [4.2308, 49.08576], [4.23259, 49.08648], [4.23381, 49.0876], [4.23558, 49.08785], [4.2362, 49.08691], [4.23593, 49.08513], [4.23461, 49.08365], [4.23427, 49.0826], [4.2343, 49.0816], [4.23289, 49.08109], [4.23152, 49.08008], [4.23089, 49.07907], [4.23081, 49.0778], [4.22892, 49.07721], [4.22748, 49.07616], [4.22679, 49.07487], [4.2268, 49.07381], [4.22534, 49.07282], [4.22357, 49.07277], [4.22166, 49.07224], [4.22016, 49.07123], [4.2195, 49.07027], [4.21754, 49.07055], [4.21624, 49.07051], [4.21542, 49.07082]]], [[[4.21739, 49.08972], [4.21158, 49.08891], [4.1968, 49.08894], [4.19458, 49.08964], [4.19199, 49.08959], [4.18964, 49.0887], [4.18826, 49.08748], [4.18776, 49.08631], [4.18467, 49.08462], [4.18375, 49.08587], [4.18178, 49.08702], [4.18219, 49.08809], [4.18196, 49.08945], [4.18124, 49.0904], [4.17999, 49.09124], [4.1813, 49.09138], [4.18311, 49.09195], [4.18423, 49.09262], [4.1851, 49.09363], [4.18668, 49.09344], [4.18872, 49.09366], [4.19018, 49.0942], [4.19127, 49.09495], [4.19213, 49.0962], [4.19219, 49.09758], [4.1914, 49.0989], [4.18961, 49.10007], [4.19018, 49.10064], [4.19235, 49.09981], [4.1939, 49.09966], [4.19532, 49.09979], [4.20226, 49.09739], [4.20368, 49.09704], [4.20528, 49.09698], [4.20978, 49.09733], [4.21508, 49.09542], [4.21539, 49.0942], [4.21687, 49.09245], [4.21739, 49.08972]]], [[[4.21267, 49.10071], [4.21147, 49.10103], [4.2096, 49.10123], [4.2049, 49.10083], [4.19924, 49.1028], [4.19925, 49.10355], [4.19887, 49.10455], [4.19806, 49.10543], [4.19697, 49.10609], [4.1987, 49.10699], [4.19987, 49.10857], [4.19978, 49.11021], [4.20007, 49.11167], [4.19971, 49.11265], [4.19909, 49.1134], [4.2011, 49.11489], [4.20193, 49.11589], [4.2022, 49.11697], [4.20186, 49.11852], [4.20395, 49.11982], [4.20592, 49.12019], [4.20727, 49.12081], [4.20823, 49.12162], [4.20886, 49.12286], [4.21233, 49.12499], [4.22008, 49.12923], [4.22186, 49.12918], [4.23014, 49.12284], [4.23003, 49.12257], [4.22503, 49.11967], [4.22472, 49.11914], [4.22469, 49.11839], [4.22546, 49.11739], [4.22695, 49.11684], [4.22865, 49.11692], [4.23406, 49.11975], [4.23562, 49.11871], [4.23716, 49.11827], [4.24293, 49.11496], [4.24195, 49.11259], [4.2374, 49.11249], [4.236, 49.11221], [4.23371, 49.11261], [4.23148, 49.11267], [4.22839, 49.11327], [4.22649, 49.11325], [4.22451, 49.11354], [4.22296, 49.11343], [4.22109, 49.11283], [4.21972, 49.1118], [4.21914, 49.11085], [4.219, 49.10982], [4.21933, 49.10879], [4.21612, 49.10766], [4.21516, 49.10685], [4.21415, 49.10367], [4.21419, 49.10289], [4.21267, 49.10071]], [[4.20962, 49.11139], [4.21229, 49.11153], [4.21373, 49.11201], [4.21512, 49.11299], [4.21623, 49.11288], [4.21782, 49.113], [4.21929, 49.11342], [4.22053, 49.11412], [4.22155, 49.11529], [4.22182, 49.11664], [4.22129, 49.11795], [4.22, 49.11907], [4.21818, 49.11976], [4.21557, 49.1199], [4.2136, 49.1194], [4.2119, 49.11829], [4.21074, 49.1184], [4.20913, 49.11827], [4.20766, 49.11784], [4.20645, 49.11715], [4.20529, 49.11557], [4.20522, 49.11452], [4.20544, 49.1138], [4.20614, 49.11286], [4.20722, 49.1121], [4.20962, 49.11139]]], [[[4.2236, 49.09925], [4.22422, 49.10113], [4.22412, 49.10204], [4.22513, 49.10436], [4.22805, 49.10371], [4.22675, 49.10041], [4.22527, 49.09888], [4.2236, 49.09925]]], [[[4.231, 49.09761], [4.2322, 49.09896], [4.23378, 49.10283], [4.23515, 49.10303], [4.23708, 49.10154], [4.23312, 49.09864], [4.2318, 49.09684], [4.231, 49.09761]]], [[[4.2392, 49.10856], [4.23978, 49.10866], [4.24033, 49.10867], [4.2392, 49.10856]]], [[[4.21586, 49.13195], [4.20714, 49.12709], [4.20537, 49.12898], [4.20402, 49.12992], [4.20498, 49.13143], [4.2049, 49.1328], [4.20427, 49.13381], [4.20487, 49.13482], [4.20501, 49.13573], [4.20656, 49.1365], [4.21425, 49.13618], [4.21614, 49.13434], [4.21567, 49.13309], [4.21586, 49.13195]]], [[[4.21007, 49.14026], [4.20973, 49.14027], [4.20968, 49.14064], [4.2099, 49.14043], [4.21007, 49.14026]]], [[[4.19787, 49.12866], [4.20085, 49.12646], [4.19941, 49.12571], [4.19837, 49.12452], [4.19809, 49.12316], [4.19864, 49.12183], [4.19694, 49.12071], [4.19622, 49.11984], [4.19592, 49.11882], [4.19627, 49.11711], [4.19353, 49.11484], [4.1917, 49.11435], [4.19019, 49.11338], [4.18934, 49.11207], [4.18945, 49.11036], [4.18921, 49.1099], [4.18858, 49.11118], [4.18765, 49.112], [4.18592, 49.11277], [4.1837, 49.11322], [4.18443, 49.11404], [4.18453, 49.11485], [4.18532, 49.11647], [4.1852, 49.11754], [4.18437, 49.11868], [4.18055, 49.12216], [4.17535, 49.12529], [4.17351, 49.12772], [4.16896, 49.13161], [4.16826, 49.13382], [4.1677, 49.13448], [4.16627, 49.13509], [4.16439, 49.13503], [4.16339, 49.1358], [4.16394, 49.13834], [4.16342, 49.13939], [4.16603, 49.13959], [4.1674, 49.1401], [4.16873, 49.14108], [4.17032, 49.14123], [4.17174, 49.14166], [4.17358, 49.14288], [4.17444, 49.14418], [4.17481, 49.14428], [4.18341, 49.14398], [4.18534, 49.14254], [4.186, 49.141], [4.18713, 49.13954], [4.18636, 49.13832], [4.18633, 49.13702], [4.18427, 49.13706], [4.18278, 49.13674], [4.18129, 49.13606], [4.18033, 49.13524], [4.17965, 49.13358], [4.17987, 49.13255], [4.18043, 49.13164], [4.1814, 49.13083], [4.18267, 49.13024], [4.18466, 49.12984], [4.1861, 49.12982], [4.18765, 49.12893], [4.18912, 49.12855], [4.1907, 49.12847], [4.19224, 49.12869], [4.19361, 49.1292], [4.19453, 49.12978], [4.19597, 49.12917], [4.19787, 49.12866]]], [[[4.19254, 49.14109], [4.19151, 49.14236], [4.19078, 49.14402], [4.1899, 49.145], [4.18741, 49.14683], [4.1858, 49.14763], [4.18343, 49.14844], [4.1809, 49.15085], [4.18249, 49.15135], [4.18356, 49.1509], [4.18505, 49.15059], [4.18704, 49.15058], [4.18854, 49.15087], [4.19102, 49.1517], [4.19222, 49.15236], [4.19307, 49.15323], [4.19378, 49.15469], [4.20196, 49.14805], [4.20088, 49.14615], [4.19968, 49.14593], [4.19822, 49.14536], [4.19567, 49.14344], [4.19479, 49.14218], [4.19468, 49.14109], [4.19404, 49.14078], [4.19254, 49.14109]]], [[[4.18082, 49.15573], [4.17956, 49.15541], [4.17876, 49.15487], [4.1784, 49.15434], [4.17718, 49.15396], [4.1721, 49.15767], [4.17323, 49.16232], [4.17487, 49.16381], [4.17587, 49.16565], [4.1815, 49.16263], [4.18589, 49.16002], [4.18453, 49.15954], [4.1827, 49.15852], [4.18187, 49.15764], [4.18145, 49.15639], [4.18082, 49.15573]]], [[[4.17115, 49.16796], [4.17027, 49.16693], [4.1697, 49.16565], [4.1679, 49.16399], [4.16732, 49.16271], [4.16502, 49.16406], [4.16033, 49.1656], [4.16164, 49.16889], [4.16132, 49.17171], [4.16241, 49.17148], [4.16395, 49.17142], [4.17115, 49.16796]]], [[[4.15557, 49.17007], [4.15573, 49.16919], [4.15476, 49.16685], [4.15066, 49.16722], [4.15177, 49.16896], [4.15349, 49.17068], [4.15557, 49.17007]]], [[[4.14904, 49.17326], [4.14652, 49.17071], [4.14526, 49.16875], [4.13918, 49.17096], [4.13398, 49.17403], [4.13386, 49.17521], [4.13415, 49.17619], [4.13396, 49.17727], [4.13562, 49.17869], [4.13719, 49.18128], [4.14389, 49.17961], [4.15081, 49.17733], [4.14983, 49.17662], [4.14897, 49.17551], [4.14872, 49.1745], [4.14904, 49.17326]]], [[[4.13018, 49.17108], [4.13073, 49.17076], [4.12613, 49.17046], [4.12163, 49.17066], [4.12001, 49.17049], [4.11877, 49.17008], [4.11814, 49.17018], [4.11877, 49.17177], [4.12017, 49.17277], [4.12087, 49.17382], [4.12233, 49.17331], [4.12364, 49.17312], [4.12461, 49.1721], [4.12628, 49.17128], [4.12838, 49.17093], [4.13018, 49.17108]]], [[[4.11013, 49.17276], [4.1097, 49.17213], [4.10829, 49.16821], [4.10838, 49.16728], [4.10939, 49.16554], [4.10902, 49.16304], [4.10446, 49.16141], [4.10333, 49.16069], [4.10255, 49.15973], [4.10115, 49.15917], [4.10036, 49.16035], [4.09886, 49.16131], [4.09743, 49.16174], [4.0949, 49.16206], [4.09265, 49.16446], [4.08981, 49.16632], [4.09035, 49.16783], [4.08991, 49.16934], [4.0963, 49.17656], [4.09838, 49.17699], [4.09996, 49.17788], [4.10155, 49.17953], [4.10188, 49.1813], [4.10632, 49.18424], [4.1081, 49.18411], [4.10932, 49.18296], [4.11158, 49.18212], [4.11331, 49.18199], [4.11486, 49.18217], [4.11626, 49.18263], [4.1173, 49.18326], [4.11823, 49.18303], [4.11876, 49.18201], [4.11795, 49.18086], [4.1179, 49.17932], [4.11498, 49.17992], [4.11286, 49.1799], [4.11092, 49.17934], [4.10946, 49.17833], [4.10883, 49.17737], [4.10864, 49.17632], [4.1093, 49.17398], [4.11013, 49.17276]]], [[[4.08657, 49.19154], [4.08886, 49.19468], [4.09104, 49.19539], [4.0925, 49.19656], [4.09312, 49.19822], [4.0926, 49.19971], [4.09382, 49.20133], [4.09801, 49.20027], [4.10849, 49.19809], [4.10627, 49.19757], [4.10385, 49.19849], [4.10219, 49.19856], [4.10117, 49.19827], [4.10021, 49.19758], [4.09825, 49.19728], [4.09654, 49.19649], [4.09538, 49.19527], [4.09507, 49.19357], [4.09604, 49.19198], [4.098, 49.19088], [4.09676, 49.19032], [4.09597, 49.18951], [4.08657, 49.19154]]], [[[4.11011, 49.20533], [4.11712, 49.20235], [4.11521, 49.20065], [4.10567, 49.20283], [4.10639, 49.20368], [4.10669, 49.20448], [4.10871, 49.20476], [4.11011, 49.20533]]], [[[4.1091, 49.23299], [4.11128, 49.23541], [4.11295, 49.2381], [4.11696, 49.24305], [4.12248, 49.24268], [4.12378, 49.24171], [4.1249, 49.24125], [4.12433, 49.24047], [4.12406, 49.23945], [4.12426, 49.23842], [4.12491, 49.23747], [4.12696, 49.23622], [4.12944, 49.23578], [4.13148, 49.23602], [4.13409, 49.23711], [4.13521, 49.23827], [4.13559, 49.23969], [4.14078, 49.23886], [4.14186, 49.2382], [4.14353, 49.23797], [4.14472, 49.23821], [4.1476, 49.23828], [4.1486, 49.23867], [4.14928, 49.23925], [4.15238, 49.24018], [4.15375, 49.2393], [4.15486, 49.23911], [4.15582, 49.23918], [4.15625, 49.23846], [4.1573, 49.23782], [4.1584, 49.2376], [4.15982, 49.23772], [4.16078, 49.23813], [4.16143, 49.23876], [4.16165, 49.2393], [4.16173, 49.2418], [4.16307, 49.24313], [4.16357, 49.24408], [4.16458, 49.24427], [4.16548, 49.2447], [4.16759, 49.24469], [4.16952, 49.24521], [4.171, 49.24618], [4.17188, 49.24768], [4.17391, 49.24759], [4.1747, 49.24695], [4.17595, 49.24636], [4.17829, 49.24595], [4.18036, 49.24609], [4.18251, 49.24691], [4.18365, 49.24637], [4.18478, 49.24623], [4.18617, 49.24647], [4.1871, 49.247], [4.19701, 49.24657], [4.1992, 49.24676], [4.20105, 49.24517], [4.2019, 49.24414], [4.20288, 49.24344], [4.19626, 49.23851], [4.18782, 49.23001], [4.18686, 49.22942], [4.18505, 49.23021], [4.18426, 49.23419], [4.18343, 49.23515], [4.18013, 49.23631], [4.17871, 49.23624], [4.1777, 49.23588], [4.17687, 49.23511], [4.17668, 49.23418], [4.17737, 49.23316], [4.17865, 49.23252], [4.17906, 49.23043], [4.17682, 49.23054], [4.17475, 49.23011], [4.17321, 49.22924], [4.17214, 49.22774], [4.17211, 49.22644], [4.17297, 49.22416], [4.17437, 49.22272], [4.17186, 49.22184], [4.17138, 49.22262], [4.17066, 49.22553], [4.17015, 49.22621], [4.16953, 49.2266], [4.16848, 49.22691], [4.16762, 49.22696], [4.16651, 49.22676], [4.16542, 49.22616], [4.16487, 49.2251], [4.16562, 49.22182], [4.16663, 49.22002], [4.15881, 49.21726], [4.15722, 49.21712], [4.1548, 49.21647], [4.15354, 49.21582], [4.15253, 49.21493], [4.15209, 49.21494], [4.15157, 49.21621], [4.15031, 49.21731], [4.14899, 49.21787], [4.14722, 49.21827], [4.14462, 49.21825], [4.14274, 49.21765], [4.14136, 49.21663], [4.14054, 49.21513], [4.13734, 49.21723], [4.13776, 49.21828], [4.13761, 49.21961], [4.13701, 49.22052], [4.13594, 49.22135], [4.13711, 49.22258], [4.1374, 49.22431], [4.13696, 49.22529], [4.13614, 49.22629], [4.1345, 49.22741], [4.13257, 49.22793], [4.13047, 49.22792], [4.12792, 49.22726], [4.12633, 49.22637], [4.12538, 49.22516], [4.12519, 49.2239], [4.12566, 49.2224], [4.12671, 49.22137], [4.12508, 49.22187], [4.12155, 49.22391], [4.11519, 49.22567], [4.1167, 49.22597], [4.11773, 49.22662], [4.11818, 49.22751], [4.1178, 49.2286], [4.11633, 49.22968], [4.11478, 49.23004], [4.11023, 49.2319], [4.1091, 49.23299]], [[4.14814, 49.22522], [4.14888, 49.22397], [4.15073, 49.22282], [4.15343, 49.22222], [4.15696, 49.22219], [4.15892, 49.22267], [4.16045, 49.2236], [4.16132, 49.22484], [4.16139, 49.22636], [4.16054, 49.22782], [4.15822, 49.22999], [4.15602, 49.23088], [4.15387, 49.23103], [4.15139, 49.23048], [4.14983, 49.22974], [4.14881, 49.22897], [4.14795, 49.22725], [4.14814, 49.22522]], [[4.18471, 49.23889], [4.1849, 49.23815], [4.18551, 49.23751], [4.18671, 49.237], [4.18785, 49.2369], [4.18916, 49.23713], [4.19014, 49.23753], [4.19081, 49.23814], [4.19107, 49.2389], [4.19355, 49.23854], [4.19618, 49.23902], [4.19776, 49.23989], [4.19873, 49.24108], [4.19893, 49.24242], [4.19831, 49.24377], [4.19696, 49.24486], [4.19507, 49.24551], [4.19293, 49.24563], [4.19074, 49.24515], [4.18949, 49.24451], [4.18838, 49.24333], [4.18804, 49.24196], [4.18839, 49.24086], [4.18737, 49.2408], [4.18586, 49.24036], [4.18497, 49.23962], [4.18471, 49.23889]]], [[[4.13418, 49.21366], [4.13816, 49.21109], [4.13827, 49.21029], [4.13881, 49.20933], [4.14133, 49.20756], [4.14012, 49.20763], [4.13771, 49.20851], [4.13631, 49.2088], [4.13473, 49.20883], [4.13326, 49.20857], [4.12922, 49.20995], [4.12884, 49.21076], [4.12805, 49.21159], [4.13064, 49.21192], [4.13418, 49.21366]]], [[[4.16399, 49.21473], [4.17851, 49.2198], [4.18289, 49.22183], [4.18265, 49.22065], [4.18293, 49.21966], [4.18395, 49.2185], [4.18523, 49.21779], [4.18722, 49.21728], [4.18883, 49.21726], [4.19038, 49.21756], [4.19172, 49.21814], [4.19325, 49.21965], [4.19354, 49.22113], [4.19513, 49.22141], [4.19683, 49.22219], [4.19782, 49.22311], [4.19838, 49.22445], [4.19808, 49.22603], [4.19712, 49.22721], [4.19555, 49.22807], [4.19335, 49.2285], [4.19554, 49.2307], [4.19779, 49.2308], [4.19921, 49.23143], [4.19974, 49.2321], [4.19984, 49.23285], [4.19949, 49.23357], [4.19888, 49.23407], [4.20101, 49.23622], [4.20398, 49.23844], [4.20556, 49.23856], [4.20683, 49.23915], [4.20746, 49.24003], [4.20741, 49.24097], [4.20814, 49.2415], [4.20999, 49.24174], [4.21123, 49.24118], [4.21269, 49.24082], [4.21528, 49.24087], [4.21685, 49.24132], [4.21819, 49.24211], [4.21961, 49.24226], [4.22102, 49.24271], [4.22345, 49.24447], [4.22537, 49.24325], [4.22683, 49.24287], [4.22826, 49.24278], [4.2289, 49.24178], [4.2299, 49.241], [4.23119, 49.24044], [4.23267, 49.24015], [4.23473, 49.24021], [4.23629, 49.24061], [4.23785, 49.24151], [4.23876, 49.24273], [4.24037, 49.24228], [4.24219, 49.24254], [4.2443, 49.24187], [4.2443, 49.24086], [4.24473, 49.2399], [4.24572, 49.2389], [4.24697, 49.23823], [4.249, 49.23776], [4.25062, 49.23778], [4.25233, 49.23818], [4.2537, 49.23884], [4.25498, 49.23843], [4.25541, 49.23684], [4.25674, 49.23551], [4.2585, 49.23477], [4.26103, 49.23454], [4.25858, 49.2253], [4.25775, 49.22422], [4.258, 49.22313], [4.25763, 49.2217], [4.25591, 49.22115], [4.2551, 49.22017], [4.25505, 49.2196], [4.25539, 49.21888], [4.25666, 49.21805], [4.2529, 49.20398], [4.24477, 49.20453], [4.24295, 49.20514], [4.24198, 49.20575], [4.24089, 49.20599], [4.2372, 49.20553], [4.23587, 49.20513], [4.22822, 49.20563], [4.22774, 49.20694], [4.22652, 49.20805], [4.22474, 49.20877], [4.22321, 49.20898], [4.22096, 49.20879], [4.21908, 49.20806], [4.21756, 49.20843], [4.21487, 49.20849], [4.21293, 49.20798], [4.2108, 49.20677], [4.20879, 49.2069], [4.20772, 49.20827], [4.20549, 49.20933], [4.20343, 49.20959], [4.20133, 49.20931], [4.1993, 49.20967], [4.19723, 49.20957], [4.19565, 49.21003], [4.19389, 49.21023], [4.19359, 49.21094], [4.1931, 49.21141], [4.19242, 49.21176], [4.19133, 49.212], [4.19018, 49.21194], [4.18915, 49.21161], [4.1884, 49.21104], [4.18708, 49.20915], [4.18579, 49.20901], [4.16425, 49.21328], [4.16399, 49.21473]], [[4.21616, 49.22383], [4.21678, 49.22281], [4.21812, 49.2218], [4.21947, 49.2213], [4.22216, 49.22075], [4.22083, 49.22038], [4.21964, 49.21975], [4.21841, 49.21828], [4.21836, 49.21653], [4.21957, 49.21499], [4.22126, 49.21415], [4.22394, 49.21366], [4.22608, 49.21377], [4.22798, 49.21441], [4.22914, 49.21524], [4.22983, 49.21619], [4.23005, 49.21722], [4.2298, 49.21826], [4.22914, 49.21922], [4.22802, 49.22008], [4.22671, 49.22063], [4.22502, 49.22092], [4.22748, 49.22199], [4.22874, 49.22346], [4.22881, 49.22514], [4.22756, 49.22699], [4.22598, 49.22791], [4.22353, 49.22842], [4.22142, 49.22838], [4.21935, 49.2279], [4.21756, 49.2271], [4.21659, 49.2262], [4.2161, 49.22521], [4.21616, 49.22383]], [[4.24611, 49.23032], [4.24433, 49.23108], [4.24223, 49.23132], [4.24016, 49.23101], [4.23844, 49.2302], [4.23728, 49.22899], [4.23695, 49.22767], [4.23737, 49.22634], [4.23857, 49.22519], [4.24031, 49.22443], [4.24237, 49.22416], [4.24442, 49.22444], [4.24624, 49.22526], [4.24738, 49.22638], [4.2478, 49.2277], [4.24739, 49.22911], [4.24611, 49.23032]]], [[[4.16048, 49.21], [4.17028, 49.20805], [4.17714, 49.20669], [4.17591, 49.20638], [4.17464, 49.20575], [4.17371, 49.20491], [4.17314, 49.20386], [4.17115, 49.20381], [4.16941, 49.20331], [4.15844, 49.20492], [4.15538, 49.20497], [4.15395, 49.20579], [4.15573, 49.20633], [4.15697, 49.20698], [4.15787, 49.20784], [4.15877, 49.20946], [4.16048, 49.21]]], [[[4.20674, 49.20315], [4.20866, 49.20303], [4.20887, 49.2019], [4.20985, 49.20069], [4.21146, 49.19982], [4.21346, 49.19942], [4.21526, 49.19945], [4.21749, 49.19993], [4.21948, 49.20007], [4.2209, 49.20051], [4.22223, 49.20135], [4.22414, 49.20143], [4.22583, 49.20191], [4.23095, 49.20153], [4.23449, 49.19869], [4.24442, 49.19135], [4.22841, 49.1833], [4.22723, 49.18341], [4.22565, 49.18328], [4.22359, 49.18256], [4.22359, 49.18405], [4.22272, 49.1862], [4.22194, 49.1871], [4.22071, 49.18787], [4.2188, 49.18842], [4.21621, 49.18838], [4.21478, 49.18796], [4.2119, 49.18639], [4.19563, 49.1955], [4.19737, 49.19587], [4.19897, 49.19674], [4.2, 49.19799], [4.20021, 49.19935], [4.19961, 49.20066], [4.19867, 49.20149], [4.19678, 49.20233], [4.19504, 49.20261], [4.19614, 49.20285], [4.19731, 49.20258], [4.19896, 49.2025], [4.20109, 49.20287], [4.20255, 49.20253], [4.20416, 49.20249], [4.20572, 49.20276], [4.20674, 49.20315]]], [[[4.23244, 49.18046], [4.24829, 49.18843], [4.25372, 49.18434], [4.25217, 49.18465], [4.25068, 49.18445], [4.24846, 49.18366], [4.24744, 49.18265], [4.24731, 49.18184], [4.24771, 49.18097], [4.24829, 49.18046], [4.24936, 49.17995], [4.24993, 49.17902], [4.25083, 49.17817], [4.25172, 49.17765], [4.25312, 49.17719], [4.25466, 49.17701], [4.25621, 49.17713], [4.25866, 49.17801], [4.25963, 49.17882], [4.26009, 49.17951], [4.27149, 49.17088], [4.26135, 49.16269], [4.25571, 49.15997], [4.254, 49.15889], [4.25278, 49.15908], [4.25101, 49.159], [4.25031, 49.16043], [4.25009, 49.16152], [4.24907, 49.16278], [4.247, 49.1638], [4.24467, 49.16407], [4.23973, 49.16803], [4.23953, 49.16935], [4.23843, 49.1707], [4.23682, 49.17157], [4.2347, 49.17205], [4.23311, 49.17332], [4.23278, 49.17502], [4.23185, 49.17627], [4.23072, 49.17717], [4.23156, 49.17777], [4.23227, 49.17868], [4.23254, 49.17968], [4.23244, 49.18046]]], [[[4.25776, 49.15587], [4.25917, 49.15684], [4.26584, 49.16017], [4.2754, 49.16791], [4.29621, 49.15218], [4.31478, 49.14233], [4.31477, 49.14215], [4.31251, 49.14102], [4.31038, 49.13924], [4.3075, 49.13915], [4.29487, 49.13724], [4.29156, 49.13696], [4.288, 49.137], [4.28475, 49.13734], [4.28168, 49.13793], [4.27874, 49.13879], [4.27602, 49.13989], [4.27191, 49.14229], [4.27113, 49.14289], [4.27122, 49.14427], [4.2702, 49.14584], [4.26725, 49.14807], [4.26606, 49.14851], [4.26453, 49.14881], [4.26412, 49.14911], [4.26339, 49.15005], [4.26249, 49.15073], [4.26246, 49.15185], [4.26168, 49.15313], [4.26006, 49.15419], [4.25776, 49.15477], [4.25776, 49.15587]]], [[[4.31827, 49.14544], [4.30931, 49.15016], [4.31005, 49.1506], [4.31062, 49.15137], [4.31046, 49.15285], [4.31231, 49.15304], [4.31371, 49.15352], [4.31483, 49.15425], [4.31558, 49.15516], [4.3159, 49.15617], [4.31575, 49.15724], [4.31516, 49.15819], [4.31418, 49.15898], [4.3124, 49.15969], [4.31035, 49.15991], [4.3087, 49.15971], [4.3069, 49.15903], [4.30564, 49.15795], [4.3051, 49.15664], [4.30523, 49.15556], [4.30609, 49.15432], [4.30371, 49.1531], [4.30038, 49.15491], [4.29794, 49.15675], [4.2996, 49.15714], [4.30061, 49.15804], [4.30077, 49.15879], [4.30054, 49.16155], [4.30653, 49.16333], [4.30987, 49.16384], [4.31103, 49.16439], [4.31158, 49.16505], [4.31171, 49.16579], [4.31144, 49.16647], [4.31082, 49.16709], [4.30963, 49.16758], [4.30823, 49.16766], [4.30631, 49.16718], [4.30485, 49.16704], [4.30026, 49.16574], [4.30011, 49.1672], [4.29943, 49.16807], [4.29825, 49.16861], [4.29663, 49.16874], [4.29267, 49.16766], [4.28748, 49.16466], [4.27971, 49.17054], [4.27973, 49.17119], [4.27936, 49.17188], [4.28326, 49.17679], [4.28807, 49.18041], [4.28953, 49.18258], [4.29193, 49.18297], [4.29409, 49.18423], [4.3054, 49.17566], [4.30539, 49.17475], [4.30605, 49.17392], [4.30722, 49.17339], [4.30859, 49.17328], [4.3115, 49.17107], [4.31156, 49.16979], [4.31195, 49.16878], [4.31278, 49.16789], [4.31468, 49.16644], [4.31596, 49.16585], [4.31796, 49.16548], [4.3193, 49.16469], [4.32116, 49.16457], [4.32309, 49.16357], [4.33008, 49.16114], [4.32814, 49.16002], [4.32719, 49.15842], [4.32735, 49.15705], [4.328, 49.15606], [4.32875, 49.15545], [4.32892, 49.15414], [4.32467, 49.1507], [4.32283, 49.15031], [4.32099, 49.14934], [4.3199, 49.1478], [4.31983, 49.14678], [4.32021, 49.14579], [4.31827, 49.14544]]], [[[4.33005, 49.14892], [4.3332, 49.15148], [4.33481, 49.15144], [4.33618, 49.15165], [4.33783, 49.15128], [4.3394, 49.15126], [4.3426, 49.15173], [4.34437, 49.15238], [4.35005, 49.14784], [4.35498, 49.14516], [4.35389, 49.14473], [4.35285, 49.14402], [4.35199, 49.14472], [4.35031, 49.14554], [4.34777, 49.14601], [4.34709, 49.14657], [4.34622, 49.14693], [4.34477, 49.14708], [4.34239, 49.14649], [4.34138, 49.14578], [4.33971, 49.14532], [4.33857, 49.14478], [4.33517, 49.14419], [4.3313, 49.14291], [4.33069, 49.14302], [4.32907, 49.14429], [4.33032, 49.14529], [4.33094, 49.14661], [4.33074, 49.14798], [4.33005, 49.14892]]], [[[4.33773, 49.1366], [4.33956, 49.13638], [4.33951, 49.13616], [4.33826, 49.13567], [4.33773, 49.1366]]], [[[4.33532, 49.13008], [4.33689, 49.13069], [4.34123, 49.12838], [4.3404, 49.12854], [4.33532, 49.13008]]], [[[4.35072, 49.12913], [4.35008, 49.12865], [4.34816, 49.12968], [4.35072, 49.12913]]], [[[4.34397, 49.13224], [4.34427, 49.13173], [4.34297, 49.13242], [4.34397, 49.13224]]], [[[4.37331, 49.14908], [4.37344, 49.15014], [4.37282, 49.15099], [4.37167, 49.15154], [4.37025, 49.15168], [4.35822, 49.14841], [4.35424, 49.15055], [4.34723, 49.15614], [4.34681, 49.15704], [4.34704, 49.15828], [4.34664, 49.15957], [4.34692, 49.16217], [4.34634, 49.16337], [4.34512, 49.16448], [4.34334, 49.1652], [4.34127, 49.16542], [4.33934, 49.16512], [4.33579, 49.16524], [4.33299, 49.1645], [4.32621, 49.16685], [4.32364, 49.16824], [4.32377, 49.16908], [4.32351, 49.1704], [4.32229, 49.17221], [4.32143, 49.17307], [4.32023, 49.17373], [4.31878, 49.17414], [4.31721, 49.17425], [4.31542, 49.174], [4.30749, 49.17996], [4.3085, 49.18058], [4.30894, 49.18127], [4.30887, 49.18221], [4.30833, 49.18287], [4.30744, 49.18335], [4.30605, 49.18358], [4.30492, 49.18343], [4.3036, 49.1829], [4.29882, 49.18654], [4.29832, 49.18721], [4.29852, 49.18783], [4.3, 49.18822], [4.30233, 49.18939], [4.30385, 49.19081], [4.30566, 49.19192], [4.30611, 49.193], [4.30549, 49.19463], [4.30606, 49.19491], [4.30843, 49.19524], [4.31015, 49.19609], [4.31163, 49.19598], [4.31333, 49.19473], [4.31518, 49.194], [4.31677, 49.19373], [4.31885, 49.19383], [4.32083, 49.19452], [4.32329, 49.19507], [4.33004, 49.19449], [4.33191, 49.19408], [4.33373, 49.19418], [4.34493, 49.19321], [4.34595, 49.19241], [4.34729, 49.19208], [4.34844, 49.19215], [4.34965, 49.1926], [4.35067, 49.19273], [4.36303, 49.19167], [4.37524, 49.19024], [4.37543, 49.18962], [4.37606, 49.18899], [4.37674, 49.18864], [4.37783, 49.18841], [4.37898, 49.18847], [4.37977, 49.1887], [4.38088, 49.18957], [4.39821, 49.18751], [4.39888, 49.1864], [4.39978, 49.18592], [4.40059, 49.18574], [4.40145, 49.18571], [4.40255, 49.18594], [4.40382, 49.18684], [4.40861, 49.18626], [4.40926, 49.1856], [4.40757, 49.18188], [4.40592, 49.18155], [4.40528, 49.18116], [4.40476, 49.18049], [4.40478, 49.17937], [4.40516, 49.17886], [4.40597, 49.17834], [4.40115, 49.16758], [4.39967, 49.16702], [4.39897, 49.16621], [4.39893, 49.16527], [4.39971, 49.16435], [4.39905, 49.16289], [4.39722, 49.16259], [4.39553, 49.16184], [4.39428, 49.16078], [4.39345, 49.15943], [4.3933, 49.1584], [4.39361, 49.15739], [4.39436, 49.15648], [4.39592, 49.15547], [4.39578, 49.15511], [4.39485, 49.15498], [4.39388, 49.15458], [4.39305, 49.1536], [4.39318, 49.15248], [4.39431, 49.15155], [4.39363, 49.14991], [4.39246, 49.14937], [4.38019, 49.14613], [4.37864, 49.1466], [4.37665, 49.14654], [4.37577, 49.14758], [4.37331, 49.14908]]], [[[4.38358, 49.14286], [4.38872, 49.14422], [4.38601, 49.14175], [4.38517, 49.14057], [4.38439, 49.13774], [4.38457, 49.13596], [4.38211, 49.1358], [4.37868, 49.13765], [4.37824, 49.13826], [4.38013, 49.139], [4.38249, 49.14046], [4.38341, 49.14166], [4.38358, 49.14286]]], [[[4.39074, 49.13706], [4.39047, 49.13754], [4.39107, 49.1394], [4.39866, 49.14618], [4.39985, 49.14787], [4.4131, 49.15656], [4.42078, 49.16024], [4.42228, 49.16076], [4.44122, 49.1632], [4.44368, 49.161], [4.4652, 49.14771], [4.46741, 49.14698], [4.47539, 49.14629], [4.48015, 49.14528], [4.48258, 49.14372], [4.48457, 49.14209], [4.48474, 49.13663], [4.48515, 49.1355], [4.48601, 49.13453], [4.48866, 49.13309], [4.50529, 49.12579], [4.50745, 49.12428], [4.50948, 49.12192], [4.50938, 49.12084], [4.51001, 49.11948], [4.50219, 49.1156], [4.49819, 49.11167], [4.49534, 49.11123], [4.49367, 49.11053], [4.49134, 49.10805], [4.48509, 49.10396], [4.4836, 49.10268], [4.48292, 49.10166], [4.48158, 49.10097], [4.48061, 49.10017], [4.47999, 49.09913], [4.47984, 49.09784], [4.48012, 49.09683], [4.48069, 49.09607], [4.48076, 49.09508], [4.4812, 49.09428], [4.48197, 49.09355], [4.48325, 49.0929], [4.48468, 49.09244], [4.48658, 49.09211], [4.46751, 49.07254], [4.4618, 49.06696], [4.45798, 49.06875], [4.45665, 49.06899], [4.45511, 49.069], [4.45336, 49.06864], [4.45169, 49.06777], [4.45088, 49.06688], [4.45032, 49.06572], [4.38902, 49.09159], [4.37705, 49.09681], [4.37501, 49.09792], [4.36662, 49.10387], [4.37257, 49.10549], [4.37394, 49.10602], [4.37591, 49.10722], [4.37874, 49.10983], [4.38042, 49.11229], [4.38259, 49.11738], [4.38341, 49.11789], [4.38533, 49.11859], [4.38685, 49.11958], [4.38812, 49.12089], [4.38988, 49.122], [4.3908, 49.12297], [4.39166, 49.1245], [4.39282, 49.12992], [4.39373, 49.13005], [4.39551, 49.12981], [4.39707, 49.1299], [4.39883, 49.13041], [4.4001, 49.13115], [4.40144, 49.13065], [4.40297, 49.13043], [4.40451, 49.13044], [4.40603, 49.13066], [4.40749, 49.13122], [4.40859, 49.13199], [4.40929, 49.13293], [4.40953, 49.13427], [4.41061, 49.13341], [4.41234, 49.13273], [4.41349, 49.1318], [4.41474, 49.13118], [4.41637, 49.13078], [4.41846, 49.13078], [4.42077, 49.13138], [4.4224, 49.13222], [4.42334, 49.13305], [4.42395, 49.13436], [4.42357, 49.13605], [4.42277, 49.13693], [4.42191, 49.1375], [4.42057, 49.13803], [4.4187, 49.13829], [4.4172, 49.13915], [4.41494, 49.13967], [4.41286, 49.13958], [4.41059, 49.13876], [4.40961, 49.13796], [4.40908, 49.13718], [4.4088, 49.1358], [4.40723, 49.13696], [4.40552, 49.13756], [4.40731, 49.13814], [4.40869, 49.13916], [4.40938, 49.14046], [4.40922, 49.14191], [4.40861, 49.14286], [4.4076, 49.14365], [4.40629, 49.14421], [4.40478, 49.1445], [4.40213, 49.14431], [4.39998, 49.14334], [4.39912, 49.14248], [4.39868, 49.14148], [4.39666, 49.14088], [4.39517, 49.13986], [4.39441, 49.13858], [4.39445, 49.13724], [4.39258, 49.13733], [4.39074, 49.13706]], [[4.45611, 49.14054], [4.4554, 49.14179], [4.45376, 49.14291], [4.45173, 49.14348], [4.44965, 49.14348], [4.44772, 49.14296], [4.4462, 49.14195], [4.44539, 49.14069], [4.44538, 49.13931], [4.44618, 49.13805], [4.44777, 49.13703], [4.44975, 49.13649], [4.45183, 49.13648], [4.45376, 49.137], [4.45524, 49.13797], [4.45606, 49.13922], [4.45611, 49.14054]]], [[[4.37679, 49.1185], [4.37462, 49.11343], [4.37363, 49.11197], [4.37129, 49.10979], [4.37016, 49.10914], [4.36463, 49.10765], [4.36208, 49.10678], [4.36076, 49.10958], [4.35988, 49.11047], [4.36068, 49.1127], [4.36261, 49.11304], [4.36489, 49.11311], [4.36652, 49.11361], [4.36977, 49.11369], [4.37125, 49.11404], [4.37316, 49.1152], [4.37446, 49.11669], [4.37494, 49.11791], [4.37679, 49.1185]]], [[[4.35484, 49.11325], [4.35432, 49.1118], [4.35316, 49.1116], [4.35178, 49.11107], [4.3507, 49.1103], [4.35001, 49.10936], [4.34971, 49.10761], [4.34993, 49.10661], [4.35058, 49.10569], [4.35176, 49.10472], [4.35063, 49.10154], [4.35044, 49.09751], [4.3483, 49.09683], [4.34362, 49.09923], [4.34338, 49.10037], [4.3427, 49.10128], [4.33994, 49.10309], [4.338, 49.10377], [4.336, 49.10389], [4.33004, 49.10879], [4.32988, 49.1102], [4.3288, 49.11167], [4.32681, 49.11291], [4.32611, 49.11377], [4.3246, 49.11496], [4.32235, 49.1159], [4.3218, 49.12098], [4.32318, 49.12106], [4.32482, 49.12149], [4.32605, 49.12213], [4.32695, 49.12298], [4.32743, 49.12396], [4.32746, 49.12499], [4.32638, 49.12686], [4.33235, 49.12666], [4.3394, 49.12469], [4.34797, 49.12404], [4.34884, 49.12266], [4.35102, 49.12132], [4.35199, 49.11983], [4.35051, 49.11899], [4.34956, 49.11777], [4.34934, 49.11671], [4.34978, 49.11537], [4.35061, 49.1145], [4.35179, 49.11382], [4.35322, 49.11339], [4.35484, 49.11325]]], [[[4.35632, 49.09753], [4.35646, 49.10105], [4.35718, 49.103], [4.35953, 49.10356], [4.36039, 49.10247], [4.36817, 49.0969], [4.37131, 49.09475], [4.37391, 49.0934], [4.43443, 49.06769], [4.43052, 49.0672], [4.42877, 49.0667], [4.4268, 49.06651], [4.42469, 49.06575], [4.42299, 49.06606], [4.41791, 49.06864], [4.41165, 49.07123], [4.41297, 49.0731], [4.41296, 49.07481], [4.41235, 49.07576], [4.41134, 49.07656], [4.41083, 49.07735], [4.40946, 49.07802], [4.40833, 49.07813], [4.40749, 49.07803], [4.40586, 49.07727], [4.40359, 49.07665], [4.40283, 49.07673], [4.40168, 49.07723], [4.40064, 49.07803], [4.39934, 49.0786], [4.39785, 49.0789], [4.39609, 49.07892], [4.39386, 49.07852], [4.39216, 49.07761], [4.38961, 49.07746], [4.38819, 49.07704], [4.38651, 49.07823], [4.38514, 49.07873], [4.38353, 49.07895], [4.38174, 49.07882], [4.38058, 49.07929], [4.37855, 49.07961], [4.37771, 49.08082], [4.37708, 49.08132], [4.37481, 49.0821], [4.37367, 49.08228], [4.3728, 49.08344], [4.37145, 49.08416], [4.37018, 49.08442], [4.36976, 49.08513], [4.36816, 49.08635], [4.36557, 49.0869], [4.36121, 49.08728], [4.36067, 49.08933], [4.36094, 49.09083], [4.36284, 49.09054], [4.36489, 49.09076], [4.36683, 49.09157], [4.36805, 49.09268], [4.36849, 49.09367], [4.36847, 49.09471], [4.36745, 49.09628], [4.36634, 49.09706], [4.36427, 49.09804], [4.36096, 49.09868], [4.35839, 49.09847], [4.35632, 49.09753]]], [[[4.47556, 49.06615], [4.47232, 49.06653], [4.47029, 49.06753], [4.48689, 49.08456], [4.48766, 49.08379], [4.48882, 49.08311], [4.49042, 49.08257], [4.49192, 49.08239], [4.49343, 49.08249], [4.49484, 49.08287], [4.49675, 49.08407], [4.49737, 49.08498], [4.49758, 49.08598], [4.49695, 49.08758], [4.49613, 49.08835], [4.49496, 49.08906], [4.49351, 49.08951], [4.49187, 49.08966], [4.49449, 49.09234], [4.49585, 49.09262], [4.49732, 49.09324], [4.49831, 49.09401], [4.49895, 49.09483], [4.50018, 49.09571], [4.50154, 49.0982], [4.5016, 49.09964], [4.51799, 49.11644], [4.51915, 49.11609], [4.5207, 49.11593], [4.52228, 49.11608], [4.52406, 49.11595], [4.5258, 49.11622], [4.52642, 49.11549], [4.52066, 49.10118], [4.51234, 49.09053], [4.51041, 49.08907], [4.50221, 49.08485], [4.50018, 49.08354], [4.486, 49.07022], [4.48444, 49.06896], [4.48163, 49.06764], [4.47556, 49.06615]]], [[[4.56361, 49.12404], [4.56456, 49.12493], [4.56897, 49.13078], [4.57036, 49.1307], [4.58455, 49.13123], [4.58871, 49.13201], [4.59128, 49.13105], [4.59295, 49.13085], [4.59415, 49.13091], [4.59622, 49.12877], [4.59801, 49.12803], [4.59993, 49.12801], [4.60648, 49.12909], [4.60702, 49.12846], [4.60588, 49.12839], [4.58536, 49.12419], [4.58524, 49.12513], [4.58481, 49.12599], [4.58323, 49.12733], [4.58088, 49.12803], [4.57932, 49.12806], [4.57783, 49.12782], [4.57642, 49.12737], [4.57527, 49.12666], [4.57431, 49.12544], [4.57406, 49.12416], [4.57248, 49.12372], [4.57126, 49.12302], [4.57023, 49.12212], [4.5696, 49.12087], [4.56855, 49.12035], [4.56754, 49.11943], [4.56615, 49.11931], [4.56571, 49.12032], [4.56466, 49.1213], [4.56453, 49.12276], [4.56361, 49.12404]]], [[[4.55396, 49.11463], [4.55517, 49.114], [4.55662, 49.11362], [4.5595, 49.11362], [4.56, 49.11249], [4.56089, 49.11164], [4.56228, 49.11094], [4.56374, 49.11056], [4.56633, 49.11059], [4.56862, 49.11142], [4.57071, 49.11115], [4.57234, 49.11126], [4.56881, 49.10752], [4.56804, 49.10366], [4.5666, 49.10014], [4.56631, 49.09748], [4.56637, 49.09444], [4.56862, 49.09039], [4.56877, 49.08677], [4.57003, 49.0843], [4.5702, 49.08149], [4.57111, 49.07977], [4.57139, 49.07806], [4.57386, 49.07331], [4.57375, 49.07174], [4.57463, 49.06962], [4.57469, 49.06653], [4.5733, 49.06575], [4.57233, 49.06453], [4.5721, 49.06351], [4.5724, 49.06225], [4.56985, 49.06246], [4.56839, 49.06232], [4.56685, 49.0628], [4.56495, 49.06271], [4.56312, 49.06335], [4.56029, 49.06359], [4.55901, 49.06343], [4.55796, 49.06359], [4.55697, 49.06353], [4.55575, 49.0632], [4.55475, 49.06267], [4.55406, 49.06267], [4.55342, 49.06402], [4.5534, 49.06545], [4.55282, 49.06645], [4.55134, 49.06754], [4.54908, 49.06817], [4.54939, 49.06956], [4.54879, 49.07119], [4.54714, 49.0725], [4.5452, 49.07308], [4.54372, 49.07589], [4.54231, 49.08001], [4.54117, 49.08576], [4.53965, 49.08912], [4.53869, 49.0924], [4.539, 49.09424], [4.54111, 49.09456], [4.54279, 49.09537], [4.54387, 49.09655], [4.54429, 49.09781], [4.54414, 49.09884], [4.54328, 49.10017], [4.54156, 49.10141], [4.54353, 49.1041], [4.54381, 49.10547], [4.54006, 49.11338], [4.54165, 49.11331], [4.54338, 49.11353], [4.54476, 49.11403], [4.54616, 49.11504], [4.55038, 49.11586], [4.55396, 49.11463]]], [[[4.53189, 49.11407], [4.53388, 49.11464], [4.5343, 49.11254], [4.53786, 49.10525], [4.53519, 49.10149], [4.53373, 49.10053], [4.53294, 49.09934], [4.53274, 49.09798], [4.5335, 49.09634], [4.53281, 49.09249], [4.53394, 49.08821], [4.53542, 49.08498], [4.53655, 49.07924], [4.53802, 49.07495], [4.53955, 49.07199], [4.53862, 49.07107], [4.53819, 49.07006], [4.53822, 49.06902], [4.53858, 49.06804], [4.53699, 49.0682], [4.53495, 49.06793], [4.53078, 49.06601], [4.52929, 49.06462], [4.52878, 49.06261], [4.51717, 49.0597], [4.51013, 49.05749], [4.50823, 49.05681], [4.50685, 49.05609], [4.50516, 49.05646], [4.50248, 49.05641], [4.50065, 49.05692], [4.49979, 49.05744], [4.4984, 49.05792], [4.49686, 49.0581], [4.49495, 49.05792], [4.49385, 49.05845], [4.49239, 49.05882], [4.49031, 49.05884], [4.48822, 49.05828], [4.47963, 49.06302], [4.48475, 49.06437], [4.48686, 49.06525], [4.48862, 49.06625], [4.49046, 49.06768], [4.50467, 49.08105], [4.50593, 49.08187], [4.51434, 49.0862], [4.51724, 49.08841], [4.52604, 49.0996], [4.53189, 49.11407]]], [[[4.44432, 49.05804], [4.44595, 49.05799], [4.44625, 49.05769], [4.44432, 49.05804]]], [[[4.4484, 49.05654], [4.44876, 49.05644], [4.44878, 49.05643], [4.44874, 49.0564], [4.4484, 49.05654]]], [[[4.45866, 49.05405], [4.45835, 49.05501], [4.45902, 49.05569], [4.46144, 49.05591], [4.46352, 49.0566], [4.46535, 49.05797], [4.46593, 49.05892], [4.46607, 49.05976], [4.46778, 49.05871], [4.47047, 49.05817], [4.47473, 49.05849], [4.47742, 49.05926], [4.48581, 49.05456], [4.48684, 49.05307], [4.48933, 49.05176], [4.48798, 49.05062], [4.48732, 49.04924], [4.48711, 49.04921], [4.48569, 49.05054], [4.48403, 49.05105], [4.48281, 49.05191], [4.48146, 49.05234], [4.47974, 49.0523], [4.47841, 49.05193], [4.47688, 49.05226], [4.47594, 49.05289], [4.47471, 49.05337], [4.4727, 49.05374], [4.47114, 49.05367], [4.46928, 49.05313], [4.46761, 49.05314], [4.46634, 49.05348], [4.46464, 49.0536], [4.46321, 49.05393], [4.46201, 49.05386], [4.46046, 49.05347], [4.45866, 49.05405]]], [[[4.58793, 49.0608], [4.58655, 49.06227], [4.58528, 49.06286], [4.58398, 49.06317], [4.5837, 49.06446], [4.58302, 49.06541], [4.58194, 49.06618], [4.58057, 49.06671], [4.58049, 49.06984], [4.57965, 49.07216], [4.57974, 49.07369], [4.57709, 49.07905], [4.57681, 49.0807], [4.57595, 49.08231], [4.57605, 49.08353], [4.57578, 49.08513], [4.57468, 49.08708], [4.5743, 49.09142], [4.57223, 49.09494], [4.57241, 49.09949], [4.57385, 49.10301], [4.57447, 49.10637], [4.57673, 49.10862], [4.57891, 49.1076], [4.58085, 49.10721], [4.58213, 49.10587], [4.58229, 49.10508], [4.58291, 49.10414], [4.58447, 49.10305], [4.58586, 49.10257], [4.58889, 49.10211], [4.59047, 49.10214], [4.59211, 49.10252], [4.59489, 49.10041], [4.60342, 49.09612], [4.61552, 49.0859], [4.61731, 49.08527], [4.61927, 49.08547], [4.62763, 49.07641], [4.63059, 49.07442], [4.63668, 49.07153], [4.64114, 49.06874], [4.64039, 49.06815], [4.6397, 49.06714], [4.63442, 49.06645], [4.62477, 49.06384], [4.61628, 49.06218], [4.61511, 49.06383], [4.61361, 49.06479], [4.61115, 49.06533], [4.60862, 49.06511], [4.60619, 49.0645], [4.60461, 49.06361], [4.60355, 49.06206], [4.60359, 49.06068], [4.60193, 49.06059], [4.60033, 49.06024], [4.59808, 49.05917], [4.59575, 49.05896], [4.59384, 49.05904], [4.59294, 49.05999], [4.59187, 49.06047], [4.58949, 49.0609], [4.58793, 49.0608]]], [[[4.53242, 49.05723], [4.53291, 49.0562], [4.53371, 49.0553], [4.53487, 49.0546], [4.53623, 49.05416], [4.53781, 49.05044], [4.53636, 49.04164], [4.53654, 49.03987], [4.53502, 49.03639], [4.53412, 49.03519], [4.5284, 49.03557], [4.52139, 49.03957], [4.52169, 49.04054], [4.52158, 49.04156], [4.52101, 49.04253], [4.51978, 49.04354], [4.51851, 49.04414], [4.51609, 49.04466], [4.51453, 49.04468], [4.51295, 49.04438], [4.511, 49.04549], [4.51038, 49.0471], [4.51123, 49.04942], [4.51115, 49.05087], [4.5118, 49.05195], [4.51535, 49.05222], [4.51647, 49.0526], [4.51722, 49.05311], [4.52139, 49.05331], [4.52487, 49.05448], [4.52624, 49.05566], [4.5294, 49.05594], [4.53145, 49.05655], [4.53242, 49.05723]]], [[[4.42057, 49.05775], [4.42106, 49.05724], [4.41864, 49.05697], [4.41697, 49.05623], [4.40114, 49.06056], [4.40289, 49.06034], [4.40435, 49.06064], [4.40801, 49.06051], [4.42057, 49.05775]]], [[[4.43004, 49.05266], [4.43333, 49.05605], [4.43453, 49.05614], [4.4473, 49.05101], [4.44504, 49.04869], [4.43004, 49.05266]]], [[[4.45083, 49.04729], [4.45302, 49.04956], [4.46079, 49.04791], [4.47151, 49.04633], [4.47065, 49.04384], [4.47017, 49.04317], [4.45083, 49.04729]]], [[[4.47605, 49.04208], [4.47727, 49.04557], [4.48926, 49.04393], [4.49067, 49.04309], [4.49257, 49.0426], [4.49571, 49.04248], [4.49784, 49.04275], [4.49948, 49.04252], [4.49813, 49.03865], [4.49403, 49.03921], [4.4926, 49.04049], [4.49027, 49.04125], [4.48907, 49.04136], [4.48751, 49.04122], [4.48547, 49.0405], [4.47605, 49.04208]]], [[[4.50389, 49.03792], [4.5051, 49.04138], [4.50694, 49.0415], [4.50834, 49.0419], [4.50974, 49.04111], [4.51019, 49.03948], [4.51139, 49.03836], [4.5136, 49.0373], [4.51528, 49.03694], [4.51705, 49.03694], [4.51795, 49.03642], [4.51417, 49.03679], [4.51328, 49.03731], [4.51212, 49.03758], [4.51012, 49.03768], [4.50883, 49.03735], [4.50389, 49.03792]]], [[[4.54037, 49.03478], [4.54235, 49.03931], [4.54221, 49.0412], [4.54369, 49.05034], [4.54355, 49.05125], [4.54191, 49.05514], [4.54294, 49.05617], [4.54509, 49.05658], [4.54674, 49.05646], [4.54829, 49.05667], [4.55109, 49.05654], [4.55279, 49.05667], [4.55779, 49.03951], [4.55972, 49.0345], [4.5548, 49.03385], [4.54037, 49.03478]]], [[[4.5732, 49.03266], [4.58088, 49.03388], [4.58711, 49.03413], [4.58947, 49.0316], [4.5732, 49.03266]]], [[[4.59731, 49.03109], [4.59416, 49.03393], [4.60589, 49.03362], [4.61183, 49.03373], [4.61259, 49.03302], [4.61372, 49.0324], [4.61329, 49.03006], [4.59731, 49.03109]]], [[[4.61918, 49.02993], [4.61968, 49.03251], [4.62098, 49.03335], [4.62186, 49.03466], [4.63004, 49.03614], [4.63621, 49.03774], [4.63773, 49.03022], [4.63541, 49.02967], [4.63399, 49.02876], [4.62431, 49.02941], [4.61918, 49.02993]]], [[[4.64406, 49.02805], [4.64178, 49.03958], [4.65422, 49.04384], [4.66567, 49.04631], [4.67282, 49.04828], [4.67321, 49.04706], [4.67436, 49.0459], [4.67613, 49.04512], [4.67829, 49.04485], [4.68047, 49.04287], [4.68202, 49.04211], [4.68425, 49.04136], [4.68796, 49.03811], [4.68765, 49.03767], [4.68498, 49.03699], [4.68368, 49.03644], [4.68143, 49.03469], [4.6806, 49.03379], [4.67968, 49.03363], [4.67831, 49.03403], [4.67689, 49.03395], [4.6759, 49.03357], [4.675, 49.03258], [4.67431, 49.03231], [4.65263, 49.02749], [4.64406, 49.02805]]], [[[4.66678, 49.02656], [4.68131, 49.02978], [4.68132, 49.02852], [4.68174, 49.02752], [4.68316, 49.02609], [4.68459, 49.02539], [4.66678, 49.02656]]], [[[4.68861, 49.02513], [4.69073, 49.02585], [4.69215, 49.02711], [4.6953, 49.0276], [4.69613, 49.0261], [4.69484, 49.02617], [4.6933, 49.02599], [4.6919, 49.02553], [4.69097, 49.02497], [4.68861, 49.02513]]], [[[4.70391, 49.02412], [4.70253, 49.02583], [4.70081, 49.02892], [4.70345, 49.02914], [4.70685, 49.03021], [4.70794, 49.03083], [4.71419, 49.03078], [4.71331, 49.02958], [4.71249, 49.029], [4.71084, 49.02717], [4.71081, 49.02569], [4.71046, 49.02468], [4.71081, 49.02366], [4.70391, 49.02412]]], [[[4.63384, 49.0248], [4.63558, 49.02369], [4.62176, 49.02062], [4.62144, 49.02097], [4.62238, 49.02195], [4.62282, 49.02334], [4.62275, 49.02436], [4.62201, 49.02557], [4.63384, 49.0248]]], [[[4.60945, 49.02639], [4.60877, 49.0256], [4.6084, 49.02462], [4.6088, 49.02265], [4.60758, 49.02218], [4.60721, 49.02219], [4.60161, 49.0269], [4.60945, 49.02639]]], [[[4.59361, 49.02742], [4.60117, 49.02088], [4.60395, 49.01891], [4.60272, 49.01825], [4.60148, 49.01708], [4.60081, 49.01554], [4.59865, 49.01499], [4.59624, 49.01631], [4.59428, 49.01684], [4.59269, 49.01689], [4.59065, 49.0165], [4.58817, 49.01668], [4.58667, 49.0164], [4.58487, 49.01555], [4.58284, 49.015], [4.58166, 49.01433], [4.58002, 49.0123], [4.57981, 49.01086], [4.57867, 49.01125], [4.57711, 49.01146], [4.57552, 49.01135], [4.57418, 49.01099], [4.57367, 49.01173], [4.57263, 49.01254], [4.57134, 49.0131], [4.56994, 49.01339], [4.56919, 49.01461], [4.56774, 49.0156], [4.5654, 49.01621], [4.56388, 49.0162], [4.56255, 49.01595], [4.54191, 49.02779], [4.54682, 49.02832], [4.55548, 49.02989], [4.59361, 49.02742]]], [[[4.526, 49.03182], [4.52605, 49.03179], [4.52596, 49.03182], [4.526, 49.03182]]], [[[4.5224, 49.0321], [4.52075, 49.03168], [4.51954, 49.03103], [4.51866, 49.03017], [4.51814, 49.02911], [4.51676, 49.02899], [4.51178, 49.0288], [4.506, 49.02904], [4.50548, 49.02959], [4.5045, 49.0301], [4.50239, 49.03044], [4.50128, 49.03044], [4.50256, 49.03412], [4.5224, 49.0321]]], [[[4.46883, 49.03936], [4.46875, 49.03846], [4.46735, 49.03448], [4.46264, 49.03523], [4.45709, 49.03569], [4.45499, 49.03626], [4.45315, 49.03621], [4.45187, 49.03581], [4.44938, 49.03586], [4.44611, 49.036], [4.44022, 49.03663], [4.4474, 49.04396], [4.45764, 49.04163], [4.46883, 49.03936]]], [[[4.44177, 49.04533], [4.43606, 49.03944], [4.43376, 49.03741], [4.42708, 49.03786], [4.42769, 49.04193], [4.42618, 49.04739], [4.42625, 49.04834], [4.42682, 49.04932], [4.44177, 49.04533]]], [[[4.41575, 49.05235], [4.41658, 49.05143], [4.41775, 49.05074], [4.41931, 49.05027], [4.42094, 49.05014], [4.42037, 49.04862], [4.42033, 49.04708], [4.42079, 49.04476], [4.42182, 49.04192], [4.42117, 49.03783], [4.41659, 49.03754], [4.41002, 49.03676], [4.40923, 49.0376], [4.40886, 49.03865], [4.40764, 49.03982], [4.40648, 49.04042], [4.40511, 49.0418], [4.40337, 49.04271], [4.40175, 49.0432], [4.40095, 49.0449], [4.39942, 49.04607], [4.40115, 49.04817], [4.40272, 49.04899], [4.40374, 49.05019], [4.40399, 49.05155], [4.40337, 49.05304], [4.40247, 49.05388], [4.40123, 49.0545], [4.39977, 49.05487], [4.3974, 49.05509], [4.39587, 49.05491], [4.39447, 49.05444], [4.39348, 49.05389], [4.39234, 49.05287], [4.39123, 49.05377], [4.39243, 49.05508], [4.39279, 49.05646], [4.39248, 49.05782], [4.39154, 49.05896], [4.41575, 49.05235]]], [[[4.41227, 49.03302], [4.41648, 49.03354], [4.42004, 49.03383], [4.41987, 49.03327], [4.41665, 49.03257], [4.41494, 49.03155], [4.41334, 49.03263], [4.41227, 49.03302]]], [[[4.43408, 49.017], [4.43238, 49.01928], [4.4347, 49.01992], [4.43624, 49.02094], [4.43814, 49.02113], [4.44008, 49.02175], [4.4412, 49.02247], [4.4421, 49.02371], [4.44226, 49.02473], [4.44196, 49.02574], [4.4414, 49.02658], [4.44041, 49.02738], [4.43911, 49.02795], [4.43759, 49.02836], [4.43603, 49.02845], [4.43475, 49.0283], [4.43518, 49.02868], [4.43685, 49.02908], [4.43818, 49.02975], [4.44042, 49.03144], [4.44113, 49.0325], [4.44628, 49.03202], [4.45845, 49.03165], [4.46318, 49.03113], [4.47301, 49.02913], [4.47736, 49.02841], [4.47802, 49.02758], [4.4791, 49.02683], [4.48147, 49.02614], [4.4831, 49.02611], [4.4846, 49.02639], [4.48593, 49.02694], [4.48679, 49.02756], [4.49394, 49.02672], [4.49406, 49.02613], [4.4946, 49.02546], [4.49523, 49.02508], [4.49629, 49.02479], [4.49744, 49.02479], [4.49825, 49.02498], [4.49951, 49.02582], [4.50382, 49.02526], [4.50827, 49.02493], [4.51297, 49.02486], [4.51727, 49.02506], [4.51895, 49.02379], [4.52137, 49.02318], [4.52356, 49.02329], [4.52541, 49.02391], [4.52677, 49.02495], [4.52767, 49.02638], [4.53162, 49.02689], [4.5296, 49.01393], [4.52916, 49.0036], [4.52948, 48.99882], [4.52858, 48.99719], [4.52667, 48.99667], [4.52236, 48.99557], [4.52119, 48.99585], [4.51964, 48.99593], [4.51669, 48.99549], [4.51376, 48.99466], [4.51254, 48.99453], [4.50969, 48.99369], [4.50809, 48.99342], [4.50536, 48.99253], [4.50281, 48.99217], [4.50022, 48.99124], [4.49876, 48.99102], [4.49758, 48.99062], [4.49711, 48.9914], [4.4995, 48.99194], [4.50128, 48.99318], [4.50193, 48.99449], [4.50192, 48.9958], [4.50114, 48.99708], [4.49921, 48.99825], [4.4972, 48.99865], [4.49495, 48.99854], [4.49313, 48.99791], [4.49181, 48.99687], [4.49127, 48.99592], [4.4911, 48.99497], [4.4913, 48.99395], [4.49177, 48.99322], [4.48968, 48.99278], [4.48807, 48.99186], [4.48714, 48.9906], [4.48698, 48.98928], [4.48623, 48.98874], [4.48343, 48.98801], [4.48156, 48.98686], [4.4799, 48.98648], [4.47862, 48.98583], [4.47573, 48.98654], [4.47186, 48.9871], [4.46948, 48.98705], [4.46766, 48.9865], [4.46647, 48.98706], [4.46468, 48.98727], [4.464, 48.98753], [4.46361, 48.98817], [4.46214, 48.98958], [4.46104, 48.99003], [4.4589, 48.99051], [4.45799, 48.99094], [4.45697, 48.99197], [4.45435, 48.99288], [4.45274, 48.99395], [4.45076, 48.99464], [4.451, 48.99625], [4.45032, 48.99754], [4.44909, 48.99856], [4.44785, 48.99918], [4.44587, 48.99958], [4.44414, 48.99951], [4.44375, 48.9998], [4.44384, 49.00092], [4.44345, 49.00238], [4.44286, 49.00333], [4.44175, 49.00423], [4.43996, 49.00494], [4.43842, 49.00514], [4.43671, 49.00501], [4.436, 49.00541], [4.43583, 49.00634], [4.435, 49.00722], [4.43465, 49.00896], [4.436, 49.00963], [4.4372, 49.01071], [4.4377, 49.01169], [4.43775, 49.01271], [4.43734, 49.0137], [4.43652, 49.01458], [4.43426, 49.01564], [4.43408, 49.017]], [[4.4471, 49.02781], [4.44698, 49.02644], [4.44767, 49.02515], [4.44913, 49.02405], [4.451, 49.02345], [4.45307, 49.02337], [4.45513, 49.02386], [4.45668, 49.02477], [4.45759, 49.026], [4.45771, 49.02744], [4.45702, 49.02873], [4.45561, 49.02978], [4.45374, 49.03038], [4.45166, 49.03045], [4.44957, 49.02996], [4.44801, 49.02905], [4.4471, 49.02781]]], [[[4.57392, 48.99269], [4.57355, 48.99423], [4.57241, 48.9954], [4.57066, 48.99618], [4.56704, 48.99702], [4.56496, 48.99692], [4.56302, 48.99629], [4.56182, 48.99561], [4.55993, 48.99392], [4.55773, 48.99418], [4.55529, 48.99377], [4.5548, 48.99391], [4.55479, 48.99737], [4.55427, 48.99956], [4.57262, 49.00423], [4.57366, 49.00394], [4.5752, 49.00379], [4.57675, 49.00394], [4.57825, 49.00432], [4.58813, 49.00016], [4.58908, 48.99291], [4.58507, 48.99221], [4.58305, 48.9914], [4.58189, 48.99052], [4.58089, 48.99109], [4.57937, 48.99153], [4.57744, 48.99181], [4.57577, 48.9917], [4.57392, 48.99269]], [[4.57607, 48.99656], [4.57603, 48.99519], [4.57679, 48.99391], [4.5783, 48.99289], [4.5802, 48.99234], [4.58227, 48.99231], [4.58431, 48.99284], [4.58585, 48.99382], [4.58669, 48.99507], [4.58674, 48.99644], [4.58598, 48.99772], [4.58444, 48.99877], [4.58254, 48.99932], [4.58046, 48.99934], [4.57852, 48.99885], [4.57691, 48.99782], [4.57607, 48.99656]]], [[[4.59931, 48.98987], [4.59762, 48.9906], [4.59642, 48.99141], [4.59503, 48.99189], [4.59436, 48.99755], [4.61064, 48.99076], [4.60419, 48.98845], [4.60301, 48.98899], [4.60146, 48.98916], [4.60049, 48.98962], [4.59931, 48.98987]]], [[[4.60668, 48.98405], [4.60776, 48.98459], [4.60838, 48.98556], [4.61641, 48.98837], [4.62871, 48.9833], [4.6271, 48.98302], [4.60669, 48.98361], [4.60668, 48.98405]]], [[[4.38108, 49.04518], [4.38291, 49.04392], [4.38244, 49.04317], [4.38223, 49.04215], [4.38267, 49.04081], [4.38366, 49.03967], [4.3837, 49.03815], [4.38306, 49.0366], [4.37719, 49.03666], [4.36737, 49.036], [4.3647, 49.03597], [4.36091, 49.03631], [4.35743, 49.03703], [4.36292, 49.03836], [4.36931, 49.03895], [4.37341, 49.03997], [4.37568, 49.04092], [4.37796, 49.04223], [4.37963, 49.04355], [4.38108, 49.04518]]], [[[4.35001, 49.0352], [4.35345, 49.03389], [4.3567, 49.03299], [4.35286, 49.03193], [4.34514, 49.03033], [4.34357, 49.03255], [4.34696, 49.0343], [4.35001, 49.0352]]], [[[4.33922, 49.02954], [4.342, 49.02567], [4.33705, 49.02518], [4.33599, 49.02494], [4.33922, 49.02954]]], [[[4.33461, 49.02365], [4.33463, 49.02281], [4.33531, 49.02198], [4.33649, 49.02146], [4.33762, 49.02135], [4.34447, 49.02209], [4.34754, 49.023], [4.34828, 49.02349], [4.34878, 49.0242], [4.34971, 49.02275], [4.34214, 49.01976], [4.34131, 49.01898], [4.3412, 49.01785], [4.34464, 49.01386], [4.34743, 49.01253], [4.34776, 49.01164], [4.35395, 49.00376], [4.35499, 49.00312], [4.35608, 49.00289], [4.35749, 49.00301], [4.35882, 49.00371], [4.35933, 49.00459], [4.35914, 49.00552], [4.35397, 49.01215], [4.35438, 49.01316], [4.35401, 49.01407], [4.35326, 49.01465], [4.34918, 49.01637], [4.3481, 49.01757], [4.35025, 49.01836], [4.35046, 49.0171], [4.35127, 49.01592], [4.35272, 49.01496], [4.35463, 49.01443], [4.35619, 49.01437], [4.3577, 49.0146], [4.35986, 49.01563], [4.36077, 49.01651], [4.36129, 49.01749], [4.36114, 49.01919], [4.3604, 49.0202], [4.35934, 49.02095], [4.358, 49.02147], [4.35618, 49.02172], [4.35619, 49.02264], [4.35554, 49.02365], [4.35835, 49.02434], [4.36453, 49.02503], [4.36531, 49.02525], [4.36615, 49.02576], [4.36663, 49.02644], [4.36668, 49.02719], [4.36468, 49.03203], [4.36792, 49.03207], [4.37754, 49.03273], [4.38161, 49.03271], [4.37957, 49.03011], [4.37568, 49.0268], [4.37517, 49.02549], [4.37542, 49.02447], [4.37325, 49.02531], [4.37069, 49.02539], [4.36837, 49.02468], [4.36692, 49.02354], [4.36629, 49.02223], [4.36666, 49.02053], [4.36782, 49.01938], [4.36963, 49.01858], [4.37116, 49.01833], [4.37325, 49.01847], [4.37467, 49.01893], [4.37582, 49.01963], [4.37672, 49.02061], [4.37709, 49.02161], [4.377, 49.02263], [4.37634, 49.02371], [4.37718, 49.02343], [4.37832, 49.02334], [4.37942, 49.02355], [4.38032, 49.02401], [4.38101, 49.02511], [4.38459, 49.02811], [4.38786, 49.03226], [4.39364, 49.0318], [4.40037, 49.03175], [4.40269, 49.02879], [4.40414, 49.02757], [4.40645, 49.02679], [4.40925, 49.02683], [4.40927, 49.02554], [4.41015, 49.02416], [4.40996, 49.01989], [4.40919, 49.01759], [4.40302, 49.01053], [4.40109, 49.01003], [4.3972, 49.01087], [4.39665, 49.01211], [4.39571, 49.01299], [4.39401, 49.01378], [4.39251, 49.01405], [4.39095, 49.01402], [4.38891, 49.01356], [4.38755, 49.0129], [4.38634, 49.01189], [4.38572, 49.01058], [4.3859, 49.00921], [4.38674, 49.00805], [4.38846, 49.00685], [4.38991, 49.00633], [4.39196, 49.00611], [4.39399, 49.00642], [4.39558, 49.00716], [4.39856, 49.00652], [4.39885, 49.00576], [4.38329, 48.98803], [4.38172, 48.98819], [4.37968, 48.98793], [4.3779, 48.98715], [4.37641, 48.98591], [4.37486, 48.98574], [4.37284, 48.98497], [4.36915, 48.98426], [4.36642, 48.98345], [4.3643, 48.98329], [4.36249, 48.98261], [4.36069, 48.98312], [4.3603, 48.98424], [4.35951, 48.98514], [4.35859, 48.98586], [4.35711, 48.98651], [4.35882, 48.98669], [4.36024, 48.9871], [4.36123, 48.98758], [4.36221, 48.98839], [4.36313, 48.99051], [4.36298, 48.99152], [4.36247, 48.99237], [4.36402, 48.99308], [4.365, 48.99389], [4.36528, 48.99481], [4.36501, 48.99554], [4.36453, 48.99601], [4.36361, 48.99646], [4.36279, 48.99663], [4.36165, 48.99659], [4.35805, 48.99505], [4.357, 48.99428], [4.35535, 48.99396], [4.35383, 48.99334], [4.35245, 48.99232], [4.35187, 48.99136], [4.35174, 48.99034], [4.35215, 48.98919], [4.34939, 48.9905], [4.34895, 48.99107], [4.34853, 48.99238], [4.34704, 48.99371], [4.34711, 48.99514], [4.34633, 48.99659], [4.34491, 48.99782], [4.34302, 48.99849], [4.33585, 49.00771], [4.33233, 49.01316], [4.33192, 49.01482], [4.33202, 49.01711], [4.33176, 49.01925], [4.33098, 49.02149], [4.33274, 49.02238], [4.33461, 49.02365]], [[4.376, 49.00149], [4.37788, 49.00091], [4.37996, 49.00084], [4.3822, 49.00142], [4.38374, 49.00234], [4.3849, 49.00384], [4.38519, 49.00517], [4.38444, 49.00678], [4.38296, 49.00789], [4.38107, 49.00848], [4.37898, 49.00855], [4.3765, 49.00811], [4.37541, 49.00771], [4.37428, 49.00699], [4.37335, 49.00577], [4.37329, 49.00406], [4.3742, 49.00274], [4.376, 49.00149]]], [[[4.32524, 49.01376], [4.32981, 49.0069], [4.33285, 49.00293], [4.33151, 49.00263], [4.33025, 49.00206], [4.32573, 48.99955], [4.32472, 48.99853], [4.3235, 48.99846], [4.31843, 49.00199], [4.3054, 49.00833], [4.30474, 49.00932], [4.3037, 49.01009], [4.30237, 49.01064], [4.30123, 49.01086], [4.30073, 49.01202], [4.30079, 49.01303], [4.30127, 49.01393], [4.30219, 49.01478], [4.30342, 49.01544], [4.30822, 49.01649], [4.30924, 49.01607], [4.31074, 49.01578], [4.31336, 49.01596], [4.31551, 49.01692], [4.31659, 49.01815], [4.31892, 49.01861], [4.3198, 49.01706], [4.3216, 49.01592], [4.32242, 49.01496], [4.32356, 49.01426], [4.32524, 49.01376]]], [[[4.38758, 48.9852], [4.39323, 48.99165], [4.39505, 48.99044], [4.39645, 48.99005], [4.39796, 48.98993], [4.40047, 48.99039], [4.40236, 48.99156], [4.40319, 48.99317], [4.40308, 48.9942], [4.40253, 48.99516], [4.40078, 48.99642], [4.3994, 48.99685], [4.39792, 48.997], [4.40336, 49.00319], [4.40575, 49.00303], [4.40826, 49.0037], [4.40938, 49.00443], [4.41013, 49.00535], [4.41044, 49.00636], [4.41036, 49.00713], [4.41375, 49.00823], [4.41474, 49.00891], [4.41511, 49.00962], [4.4151, 49.01018], [4.41435, 49.01119], [4.41342, 49.01163], [4.4126, 49.01179], [4.41069, 49.01155], [4.41408, 49.0154], [4.41511, 49.01691], [4.41567, 49.01726], [4.4171, 49.01726], [4.41736, 49.01498], [4.41829, 49.01374], [4.41986, 49.01283], [4.42378, 49.01182], [4.42508, 49.01016], [4.42667, 49.00694], [4.42667, 49.00597], [4.42723, 49.0046], [4.42648, 49.00288], [4.4267, 49.0015], [4.42739, 49.00056], [4.42844, 48.99979], [4.43002, 48.99718], [4.43108, 48.99644], [4.43209, 48.99602], [4.43184, 48.99478], [4.43245, 48.99333], [4.43141, 48.99214], [4.43118, 48.9906], [4.42177, 48.98618], [4.41326, 48.98245], [4.41119, 48.98241], [4.40919, 48.98183], [4.40761, 48.98082], [4.40689, 48.97998], [4.40469, 48.97915], [4.40382, 48.9789], [4.40279, 48.97921], [4.40125, 48.9794], [4.3988, 48.97906], [4.39595, 48.97915], [4.39442, 48.97896], [4.39321, 48.97857], [4.39166, 48.97766], [4.39091, 48.97675], [4.3906, 48.97574], [4.3908, 48.97458], [4.38507, 48.97249], [4.38449, 48.97375], [4.38579, 48.97448], [4.38802, 48.97516], [4.3891, 48.9759], [4.38981, 48.97682], [4.39034, 48.97875], [4.39001, 48.98052], [4.38903, 48.98167], [4.38852, 48.98284], [4.38778, 48.98357], [4.38758, 48.9852]]], [[[4.38736, 48.96882], [4.39479, 48.97161], [4.39726, 48.9714], [4.39875, 48.97075], [4.40026, 48.97047], [4.40183, 48.9705], [4.40346, 48.97088], [4.40474, 48.97148], [4.40593, 48.97261], [4.40633, 48.97361], [4.40661, 48.97549], [4.40822, 48.97603], [4.40913, 48.97556], [4.41056, 48.97515], [4.41212, 48.97503], [4.41368, 48.97521], [4.41492, 48.97383], [4.41704, 48.97285], [4.4196, 48.97263], [4.42158, 48.97306], [4.42292, 48.97375], [4.42404, 48.97489], [4.4244, 48.97624], [4.42415, 48.97725], [4.42322, 48.9784], [4.42173, 48.97934], [4.41981, 48.97985], [4.41786, 48.97984], [4.42645, 48.98362], [4.43498, 48.98765], [4.43687, 48.9875], [4.44042, 48.98796], [4.44186, 48.98835], [4.44318, 48.98904], [4.44453, 48.98875], [4.44601, 48.98871], [4.45372, 48.98434], [4.45953, 48.98243], [4.46168, 48.98108], [4.46024, 48.97971], [4.45942, 48.97757], [4.3965, 48.9658], [4.39414, 48.96641], [4.39186, 48.96641], [4.39028, 48.96615], [4.38868, 48.96695], [4.3882, 48.96801], [4.38736, 48.96882]]], [[[4.41128, 48.93825], [4.42053, 48.93661], [4.4208, 48.93581], [4.42152, 48.93491], [4.4226, 48.93418], [4.42396, 48.93368], [4.42557, 48.93346], [4.42714, 48.93355], [4.4286, 48.93393], [4.42969, 48.9345], [4.43852, 48.93251], [4.43075, 48.92961], [4.42603, 48.92753], [4.42373, 48.92774], [4.4217, 48.92734], [4.42018, 48.92661], [4.41913, 48.92563], [4.41743, 48.92629], [4.41551, 48.9265], [4.40695, 48.93393], [4.40717, 48.93506], [4.40877, 48.93553], [4.40995, 48.93619], [4.41079, 48.93705], [4.41128, 48.93825]]], [[[4.40354, 48.93052], [4.40561, 48.92872], [4.40374, 48.9284], [4.39962, 48.92669], [4.39872, 48.92759], [4.40068, 48.92797], [4.40203, 48.92862], [4.40296, 48.92942], [4.40354, 48.93052]]], [[[4.39394, 48.91761], [4.39473, 48.91649], [4.39616, 48.91552], [4.39618, 48.91372], [4.39612, 48.91228], [4.39367, 48.91083], [4.39239, 48.91178], [4.39083, 48.91434], [4.38881, 48.91583], [4.38745, 48.91629], [4.38577, 48.91633], [4.38458, 48.91724], [4.38311, 48.91799], [4.3808, 48.91869], [4.37929, 48.91884], [4.37833, 48.92018], [4.38157, 48.92196], [4.38225, 48.92257], [4.38249, 48.92367], [4.38175, 48.92468], [4.38029, 48.92525], [4.37859, 48.92519], [4.37493, 48.92325], [4.37415, 48.9223], [4.37333, 48.92241], [4.37043, 48.92472], [4.36549, 48.92776], [4.36434, 48.92869], [4.36179, 48.93159], [4.35949, 48.93332], [4.35892, 48.93433], [4.35938, 48.93488], [4.36907, 48.93612], [4.37549, 48.92673], [4.37617, 48.92608], [4.37738, 48.92558], [4.37908, 48.92556], [4.38031, 48.92603], [4.38105, 48.9268], [4.38219, 48.92712], [4.39394, 48.91761]]], [[[4.36033, 48.93888], [4.35863, 48.93872], [4.35808, 48.93971], [4.3569, 48.94082], [4.35683, 48.9417], [4.35715, 48.94294], [4.35899, 48.94273], [4.36071, 48.94287], [4.36199, 48.94182], [4.3605, 48.93994], [4.36033, 48.93888]]], [[[4.34002, 48.92086], [4.3351, 48.91936], [4.32848, 48.91774], [4.31977, 48.91641], [4.31887, 48.91732], [4.32514, 48.92574], [4.32598, 48.92737], [4.32678, 48.9283], [4.33295, 48.93273], [4.33342, 48.93202], [4.33453, 48.93109], [4.3368, 48.93027], [4.33939, 48.93025], [4.34158, 48.93098], [4.34316, 48.93014], [4.34461, 48.92976], [4.34616, 48.92968], [4.34767, 48.92989], [4.34812, 48.92864], [4.34764, 48.92831], [4.34526, 48.92763], [4.34383, 48.92662], [4.3431, 48.92533], [4.34328, 48.92372], [4.34104, 48.92253], [4.34029, 48.92163], [4.34002, 48.92086]]], [[[4.32972, 48.93612], [4.32376, 48.93181], [4.32207, 48.93338], [4.32278, 48.93481], [4.32223, 48.93632], [4.32146, 48.93697], [4.32036, 48.93748], [4.31912, 48.93773], [4.31787, 48.93773], [4.31215, 48.94388], [4.30942, 48.94818], [4.31114, 48.94763], [4.3123, 48.94686], [4.31367, 48.94636], [4.31572, 48.94615], [4.31739, 48.94638], [4.31696, 48.94538], [4.31695, 48.94435], [4.31794, 48.94277], [4.32028, 48.9413], [4.32164, 48.9408], [4.32369, 48.94058], [4.32582, 48.94093], [4.32579, 48.93981], [4.32637, 48.93862], [4.32759, 48.93751], [4.32951, 48.93648], [4.32972, 48.93612]]], [[[4.29673, 48.95214], [4.2938, 48.95146], [4.29263, 48.95294], [4.29172, 48.95647], [4.2906, 48.95913], [4.29096, 48.95987], [4.29088, 48.9607], [4.28986, 48.96227], [4.28856, 48.96294], [4.28747, 48.96576], [4.2872, 48.96682], [4.29173, 48.96938], [4.29216, 48.96867], [4.29308, 48.96786], [4.29479, 48.96693], [4.29618, 48.96648], [4.29872, 48.96637], [4.3005, 48.96669], [4.30165, 48.96712], [4.30184, 48.96702], [4.30101, 48.96493], [4.30071, 48.96307], [4.30102, 48.95941], [4.3008, 48.95861], [4.30136, 48.95644], [4.29903, 48.95589], [4.29755, 48.95492], [4.29674, 48.95366], [4.29673, 48.95214]]], [[[4.28938, 48.97328], [4.2876, 48.97213], [4.28725, 48.97239], [4.28801, 48.97442], [4.28933, 48.97363], [4.28938, 48.97328]]], [[[4.28429, 48.98146], [4.28099, 48.98248], [4.27985, 48.9838], [4.27805, 48.98465], [4.28195, 48.98376], [4.28505, 48.98251], [4.28521, 48.98243], [4.28429, 48.98146]]], [[[4.28006, 48.9785], [4.28323, 48.97744], [4.28197, 48.97495], [4.28124, 48.97278], [4.2809, 48.97085], [4.2809, 48.96815], [4.27764, 48.96536], [4.27616, 48.96453], [4.27438, 48.96573], [4.27241, 48.96622], [4.27083, 48.96623], [4.26725, 48.96578], [4.26603, 48.96909], [4.26526, 48.97033], [4.26289, 48.97236], [4.25749, 48.98022], [4.25775, 48.98118], [4.25751, 48.9826], [4.25772, 48.98359], [4.25735, 48.98549], [4.26248, 48.98391], [4.26198, 48.98223], [4.26229, 48.98122], [4.26304, 48.98032], [4.26506, 48.97924], [4.26573, 48.97807], [4.26673, 48.97727], [4.26811, 48.97668], [4.26973, 48.97638], [4.27164, 48.9754], [4.27416, 48.975], [4.27666, 48.97543], [4.2779, 48.97606], [4.27896, 48.9769], [4.27975, 48.97779], [4.28006, 48.9785]]], [[[4.19292, 48.99053], [4.19265, 48.98986], [4.19221, 48.99055], [4.19292, 48.99053]]], [[[4.19053, 48.98479], [4.19047, 48.98468], [4.19041, 48.98455], [4.19025, 48.98469], [4.19053, 48.98479]]], [[[4.16198, 49.02295], [4.16126, 49.02379], [4.1625, 49.02433], [4.16317, 49.02505], [4.16342, 49.02578], [4.16332, 49.02743], [4.16533, 49.02768], [4.16541, 49.02672], [4.16632, 49.02557], [4.1666, 49.02459], [4.16514, 49.02357], [4.16349, 49.02338], [4.16198, 49.02295]]], [[[4.17011, 49.02149], [4.17191, 49.02246], [4.17248, 49.02154], [4.17409, 49.02037], [4.17203, 49.02015], [4.17121, 49.02101], [4.17011, 49.02149]]], [[[4.19185, 49.01406], [4.19073, 49.01465], [4.1927, 49.01522], [4.19375, 49.01582], [4.19434, 49.01649], [4.19455, 49.01732], [4.19394, 49.01859], [4.19016, 49.02145], [4.19041, 49.02223], [4.19096, 49.02233], [4.19176, 49.02193], [4.19209, 49.02058], [4.1937, 49.01883], [4.19606, 49.01742], [4.19643, 49.01641], [4.19485, 49.01578], [4.19185, 49.01406]]], [[[4.21075, 49.00934], [4.2101, 49.01056], [4.21248, 49.01451], [4.21257, 49.0158], [4.21292, 49.01515], [4.21444, 49.01373], [4.21577, 49.01293], [4.21637, 49.01224], [4.21785, 49.01119], [4.21941, 49.01064], [4.22129, 49.01068], [4.22091, 49.00962], [4.21849, 49.00958], [4.21664, 49.00877], [4.2147, 49.00627], [4.21388, 49.00556], [4.21348, 49.00481], [4.21193, 49.00551], [4.21125, 49.0064], [4.21075, 49.00934]]], [[[4.19603, 49.00167], [4.1955, 49.00207], [4.19545, 49.00292], [4.19601, 49.0025], [4.19603, 49.00167]]], [[[4.14777, 49.02008], [4.13938, 49.02098], [4.14132, 49.02106], [4.1435, 49.02168], [4.14534, 49.02265], [4.1468, 49.02385], [4.14973, 49.02394], [4.15131, 49.02425], [4.15171, 49.02357], [4.15271, 49.02286], [4.15394, 49.02251], [4.15507, 49.02249], [4.15675, 49.02011], [4.15665, 49.0193], [4.15429, 49.01951], [4.15456, 49.02045], [4.1541, 49.02173], [4.15309, 49.02252], [4.15149, 49.02294], [4.14966, 49.02279], [4.14833, 49.02216], [4.14764, 49.0212], [4.14777, 49.02008]]], [[[4.19843, 49.05672], [4.19879, 49.05789], [4.20338, 49.06034], [4.20491, 49.06005], [4.2062, 49.06005], [4.21178, 49.05417], [4.21198, 49.05363], [4.21135, 49.05159], [4.2095, 49.04818], [4.2086, 49.04241], [4.20778, 49.04215], [4.2066, 49.04226], [4.20505, 49.04212], [4.20172, 49.04091], [4.19178, 49.04344], [4.1928, 49.04463], [4.19312, 49.04566], [4.19296, 49.04671], [4.1924, 49.0476], [4.19425, 49.05092], [4.19381, 49.05337], [4.19401, 49.05446], [4.19588, 49.05486], [4.19729, 49.05557], [4.19843, 49.05672]]], [[[4.19105, 49.03949], [4.19955, 49.03733], [4.19908, 49.03584], [4.19084, 49.03924], [4.19105, 49.03949]]], [[[4.21443, 49.04192], [4.21526, 49.04744], [4.21719, 49.05099], [4.21779, 49.05297], [4.21781, 49.05413], [4.21703, 49.05593], [4.21113, 49.06217], [4.2125, 49.06301], [4.21443, 49.06296], [4.21581, 49.06337], [4.21751, 49.06332], [4.21907, 49.06359], [4.22079, 49.06437], [4.22191, 49.0655], [4.22342, 49.06589], [4.22587, 49.06587], [4.22734, 49.06625], [4.22839, 49.06678], [4.23166, 49.06655], [4.23274, 49.0668], [4.2334, 49.06716], [4.23413, 49.06817], [4.23388, 49.06928], [4.23274, 49.07011], [4.23103, 49.07042], [4.23166, 49.07085], [4.23291, 49.07088], [4.2344, 49.07118], [4.23644, 49.07229], [4.23733, 49.07353], [4.23743, 49.07486], [4.23919, 49.07538], [4.24034, 49.07609], [4.2413, 49.07732], [4.24143, 49.07885], [4.24289, 49.07938], [4.24428, 49.08045], [4.24521, 49.08201], [4.24529, 49.08321], [4.24596, 49.0838], [4.24655, 49.08475], [4.24666, 49.08625], [4.24595, 49.08754], [4.2441, 49.08874], [4.24192, 49.08921], [4.24054, 49.09132], [4.24274, 49.0925], [4.24389, 49.09291], [4.25338, 49.09458], [4.25544, 49.08973], [4.2547, 49.08878], [4.25479, 49.08784], [4.25575, 49.08691], [4.2572, 49.08651], [4.26073, 49.07756], [4.26355, 49.07285], [4.26348, 49.07212], [4.26372, 49.07157], [4.26505, 49.07067], [4.26861, 49.06701], [4.27393, 49.06265], [4.27363, 49.06206], [4.27044, 49.06093], [4.26876, 49.0598], [4.26717, 49.05744], [4.26305, 49.05328], [4.25967, 49.05153], [4.25717, 49.04969], [4.25204, 49.04346], [4.25117, 49.04295], [4.24928, 49.04313], [4.24775, 49.04295], [4.24635, 49.04248], [4.24522, 49.04177], [4.24454, 49.04108], [4.24405, 49.0401], [4.24403, 49.03764], [4.24285, 49.03735], [4.24158, 49.03675], [4.23931, 49.03488], [4.23721, 49.03466], [4.236, 49.03537], [4.23441, 49.03588], [4.23286, 49.03602], [4.23132, 49.03586], [4.22991, 49.03542], [4.22876, 49.03472], [4.22765, 49.03356], [4.22721, 49.03246], [4.22535, 49.03306], [4.22398, 49.03372], [4.22209, 49.03409], [4.21869, 49.03517], [4.21833, 49.03597], [4.21928, 49.03703], [4.21961, 49.03804], [4.21914, 49.03972], [4.21828, 49.04058], [4.21729, 49.04116], [4.21592, 49.04166], [4.21443, 49.04192]], [[4.23654, 49.06002], [4.23749, 49.05879], [4.23913, 49.05787], [4.2411, 49.05745], [4.24318, 49.05755], [4.24504, 49.05817], [4.24643, 49.05924], [4.24708, 49.06054], [4.24692, 49.06191], [4.24598, 49.06313], [4.24434, 49.06405], [4.24236, 49.06447], [4.24029, 49.06437], [4.23843, 49.06375], [4.23704, 49.06268], [4.23639, 49.06138], [4.23654, 49.06002]]], [[[4.25694, 49.04127], [4.25846, 49.04305], [4.26944, 49.03577], [4.26223, 49.03083], [4.25521, 49.03538], [4.25547, 49.03625], [4.25704, 49.03753], [4.2576, 49.03849], [4.25766, 49.04003], [4.25694, 49.04127]]], [[[4.25652, 49.02914], [4.26019, 49.02668], [4.26201, 49.02622], [4.26038, 49.02539], [4.25841, 49.02614], [4.25596, 49.02649], [4.25441, 49.02633], [4.25185, 49.02555], [4.25096, 49.02545], [4.25058, 49.0256], [4.25054, 49.02671], [4.25245, 49.02673], [4.25436, 49.02725], [4.25551, 49.02793], [4.25652, 49.02914]]], [[[4.26954, 49.02838], [4.26826, 49.02938], [4.27578, 49.03457], [4.27632, 49.03537], [4.27629, 49.0363], [4.27549, 49.03724], [4.26312, 49.04545], [4.2626, 49.04644], [4.26169, 49.04708], [4.26365, 49.04869], [4.26684, 49.05031], [4.26776, 49.05098], [4.27234, 49.05561], [4.27351, 49.05749], [4.27393, 49.05779], [4.27688, 49.05881], [4.2781, 49.05952], [4.28304, 49.05544], [4.28315, 49.05474], [4.28297, 49.05422], [4.28111, 49.05222], [4.28034, 49.05085], [4.27847, 49.04385], [4.27819, 49.04138], [4.27826, 49.03858], [4.27864, 49.03624], [4.27941, 49.03363], [4.27699, 49.03347], [4.27455, 49.0325], [4.27315, 49.03148], [4.27242, 49.03005], [4.27057, 49.02928], [4.26954, 49.02838]]], [[[4.28287, 49.02738], [4.29281, 49.01285], [4.29168, 49.0129], [4.29076, 49.01273], [4.28949, 49.01215], [4.28867, 49.0115], [4.28795, 49.01045], [4.28793, 49.00872], [4.28717, 49.01054], [4.28754, 49.01128], [4.28763, 49.01231], [4.28692, 49.01378], [4.28519, 49.01505], [4.28353, 49.01554], [4.28161, 49.01644], [4.27991, 49.01678], [4.27913, 49.01759], [4.2777, 49.01858], [4.27825, 49.01961], [4.27821, 49.02098], [4.27766, 49.02194], [4.27639, 49.02294], [4.27658, 49.0233], [4.27802, 49.02383], [4.2791, 49.02458], [4.28001, 49.02609], [4.28287, 49.02738]]], [[[4.28448, 49.00558], [4.28495, 49.00531], [4.28408, 49.00451], [4.28364, 49.00376], [4.282, 49.00336], [4.2803, 49.00226], [4.27146, 49.0059], [4.27359, 49.00763], [4.27466, 49.01132], [4.27653, 49.01011], [4.27632, 49.00902], [4.2766, 49.00803], [4.2773, 49.00713], [4.27815, 49.0065], [4.27971, 49.00577], [4.28116, 49.00539], [4.28271, 49.0053], [4.28448, 49.00558]]], [[[4.29685, 49.01661], [4.28708, 49.0309], [4.29308, 49.03376], [4.29738, 49.0276], [4.29889, 49.02647], [4.30035, 49.02602], [4.30204, 49.02596], [4.30878, 49.02726], [4.31089, 49.02448], [4.31249, 49.02341], [4.31492, 49.02281], [4.31739, 49.02302], [4.31714, 49.02232], [4.31506, 49.02191], [4.31378, 49.02246], [4.31228, 49.02275], [4.31071, 49.02275], [4.30918, 49.02244], [4.30751, 49.02161], [4.30634, 49.02018], [4.30231, 49.01936], [4.30044, 49.0188], [4.29848, 49.01785], [4.29685, 49.01661]]], [[[4.30794, 49.03116], [4.30222, 49.02993], [4.29702, 49.03762], [4.29006, 49.04439], [4.29085, 49.04557], [4.29446, 49.04861], [4.29947, 49.04675], [4.30376, 49.04556], [4.30652, 49.0415], [4.30786, 49.03993], [4.30724, 49.0389], [4.30703, 49.03786], [4.3073, 49.03683], [4.30851, 49.03535], [4.30783, 49.03449], [4.30753, 49.03348], [4.30769, 49.03246], [4.30824, 49.03156], [4.30794, 49.03116]]], [[[4.3135, 49.04154], [4.31287, 49.04217], [4.31163, 49.04373], [4.31481, 49.04285], [4.31592, 49.04155], [4.3158, 49.04107], [4.3135, 49.04154]]], [[[4.31658, 49.04665], [4.30819, 49.04886], [4.30037, 49.06029], [4.30127, 49.06176], [4.30145, 49.06366], [4.30182, 49.06449], [4.30896, 49.06712], [4.31236, 49.06794], [4.31448, 49.06764], [4.31401, 49.06632], [4.31419, 49.06508], [4.31485, 49.06397], [4.31581, 49.06319], [4.31706, 49.06262], [4.3185, 49.0623], [4.32047, 49.06226], [4.32211, 49.06246], [4.32393, 49.0631], [4.32523, 49.06415], [4.32584, 49.06545], [4.3257, 49.06668], [4.32704, 49.06609], [4.32854, 49.06579], [4.3301, 49.0658], [4.33206, 49.06626], [4.33365, 49.06713], [4.33504, 49.06826], [4.33581, 49.06929], [4.3361, 49.07059], [4.33854, 49.06938], [4.33808, 49.06682], [4.33522, 49.06081], [4.33372, 49.06083], [4.33225, 49.06056], [4.33087, 49.06], [4.32979, 49.05917], [4.32828, 49.05945], [4.32588, 49.05943], [4.32437, 49.05915], [4.32323, 49.05872], [4.32212, 49.05802], [4.3212, 49.05682], [4.321, 49.05581], [4.32129, 49.05473], [4.3194, 49.05558], [4.31686, 49.05582], [4.3145, 49.05529], [4.31271, 49.05404], [4.31205, 49.05268], [4.31244, 49.05094], [4.314, 49.04958], [4.31623, 49.04887], [4.31776, 49.04879], [4.31925, 49.049], [4.32137, 49.04995], [4.32257, 49.05138], [4.32276, 49.05236], [4.32253, 49.05332], [4.32365, 49.05268], [4.32627, 49.0519], [4.32788, 49.05181], [4.3296, 49.05209], [4.32499, 49.04783], [4.32339, 49.0481], [4.32183, 49.04806], [4.31975, 49.04749], [4.31798, 49.04721], [4.31658, 49.04665]]], [[[4.32859, 49.04452], [4.33376, 49.04917], [4.3388, 49.05445], [4.3396, 49.05587], [4.34039, 49.05872], [4.34246, 49.05703], [4.34681, 49.05497], [4.34839, 49.05384], [4.35083, 49.05161], [4.35089, 49.05119], [4.34872, 49.05154], [4.34662, 49.05128], [4.34525, 49.05077], [4.3439, 49.04973], [4.34321, 49.04808], [4.34382, 49.04638], [4.34552, 49.0451], [4.34783, 49.0445], [4.34337, 49.04307], [4.34024, 49.04217], [4.33861, 49.04292], [4.3371, 49.0432], [4.33477, 49.04337], [4.33242, 49.04305], [4.33118, 49.04321], [4.33023, 49.04391], [4.32859, 49.04452]]], [[[4.35082, 49.03956], [4.34847, 49.04042], [4.35501, 49.04235], [4.36363, 49.04441], [4.36502, 49.04504], [4.36587, 49.04588], [4.36719, 49.04644], [4.3686, 49.04582], [4.3701, 49.04554], [4.37319, 49.04559], [4.37485, 49.04586], [4.37231, 49.04413], [4.36958, 49.04308], [4.3675, 49.04268], [4.36132, 49.0421], [4.35082, 49.03956]]], [[[4.36867, 49.06543], [4.37173, 49.06383], [4.37288, 49.06276], [4.37348, 49.06181], [4.37072, 49.0589], [4.37027, 49.05756], [4.37063, 49.05621], [4.37279, 49.05378], [4.3707, 49.05356], [4.3673, 49.0523], [4.36601, 49.05146], [4.36511, 49.0501], [4.36178, 49.04871], [4.36071, 49.0478], [4.353, 49.04598], [4.35385, 49.04728], [4.35472, 49.04722], [4.35583, 49.0474], [4.35675, 49.04784], [4.35735, 49.04849], [4.35749, 49.04942], [4.3566, 49.05237], [4.35602, 49.05344], [4.35296, 49.05626], [4.3497, 49.05843], [4.3466, 49.05978], [4.34256, 49.06351], [4.34384, 49.06607], [4.34467, 49.07036], [4.34765, 49.07299], [4.36126, 49.06816], [4.36226, 49.06675], [4.36423, 49.06567], [4.36621, 49.06524], [4.36867, 49.06543]]], [[[4.34224, 49.07511], [4.34056, 49.07322], [4.33534, 49.07578], [4.33415, 49.07601], [4.33313, 49.07597], [4.33173, 49.07548], [4.32975, 49.07394], [4.3284, 49.07366], [4.3259, 49.07275], [4.32497, 49.07219], [4.32417, 49.07136], [4.31941, 49.07075], [4.31329, 49.07176], [4.31163, 49.0718], [4.30672, 49.0707], [4.30069, 49.06851], [4.30064, 49.06862], [4.30252, 49.07102], [4.30361, 49.07419], [4.30473, 49.07577], [4.30482, 49.07672], [4.30445, 49.07803], [4.30766, 49.08728], [4.32748, 49.08031], [4.32771, 49.0791], [4.32887, 49.07828], [4.32995, 49.07803], [4.33082, 49.07804], [4.33242, 49.07857], [4.34224, 49.07511]]], [[[4.30229, 49.08917], [4.29861, 49.07855], [4.2989, 49.07658], [4.29794, 49.07523], [4.29672, 49.07202], [4.29547, 49.07247], [4.29394, 49.0727], [4.29099, 49.07479], [4.28445, 49.08229], [4.28429, 49.08343], [4.2836, 49.0845], [4.28261, 49.08528], [4.28145, 49.08579], [4.2709, 49.098], [4.2744, 49.09922], [4.28403, 49.09559], [4.28359, 49.09486], [4.28363, 49.0941], [4.28427, 49.09327], [4.28518, 49.09281], [4.28629, 49.09261], [4.28742, 49.09271], [4.28947, 49.09368], [4.29414, 49.09204], [4.29509, 49.09056], [4.2962, 49.08983], [4.29725, 49.08941], [4.29926, 49.08907], [4.30174, 49.08937], [4.30229, 49.08917]]], [[[4.26885, 49.10164], [4.26797, 49.10136], [4.26693, 49.10252], [4.26765, 49.10219], [4.26885, 49.10164]]], [[[4.24707, 49.10891], [4.25016, 49.10906], [4.25117, 49.1067], [4.2519, 49.10413], [4.2526, 49.09843], [4.24185, 49.09653], [4.23985, 49.09587], [4.23814, 49.09502], [4.23818, 49.0956], [4.23861, 49.09617], [4.24246, 49.09897], [4.24385, 49.10079], [4.24542, 49.10155], [4.2463, 49.10241], [4.24685, 49.10412], [4.24666, 49.10549], [4.24607, 49.10648], [4.24707, 49.10891]]], [[[4.17433, 49.1741], [4.17094, 49.17543], [4.1705, 49.17679], [4.16967, 49.17766], [4.16855, 49.17831], [4.1686, 49.17879], [4.17542, 49.17534], [4.17433, 49.1741]]], [[[4.16271, 49.17896], [4.1627, 49.17885], [4.16243, 49.17901], [4.16271, 49.17896]]], [[[4.19304, 49.16991], [4.19313, 49.17009], [4.19434, 49.16927], [4.19304, 49.16991]]], [[[4.18848, 49.16693], [4.18979, 49.16668], [4.19059, 49.16627], [4.1974, 49.16037], [4.19709, 49.16027], [4.1935, 49.1634], [4.18848, 49.16693]]], [[[4.21895, 49.14097], [4.21808, 49.14205], [4.21728, 49.14301], [4.21918, 49.14134], [4.21895, 49.14097]]], [[[4.22393, 49.14387], [4.2226, 49.14478], [4.20873, 49.1569], [4.21115, 49.15837], [4.21395, 49.1574], [4.216, 49.15717], [4.21821, 49.15745], [4.22009, 49.15832], [4.23674, 49.15342], [4.23688, 49.15238], [4.23764, 49.15122], [4.23681, 49.14977], [4.23708, 49.14811], [4.23039, 49.14404], [4.22788, 49.14437], [4.22393, 49.14387]]], [[[4.23355, 49.14071], [4.2417, 49.14566], [4.24351, 49.14557], [4.24468, 49.14439], [4.24647, 49.14381], [4.24696, 49.14268], [4.24623, 49.14211], [4.24556, 49.14118], [4.24533, 49.14016], [4.24556, 49.13914], [4.24702, 49.13756], [4.24828, 49.13695], [4.24958, 49.13663], [4.25037, 49.1345], [4.25026, 49.13306], [4.24806, 49.12765], [4.24567, 49.12733], [4.24384, 49.12639], [4.23692, 49.13234], [4.23712, 49.13346], [4.23834, 49.13432], [4.23899, 49.13523], [4.23922, 49.13627], [4.23904, 49.13731], [4.23837, 49.1383], [4.23697, 49.13927], [4.23511, 49.13983], [4.23339, 49.13991], [4.23355, 49.14071]]], [[[4.23313, 49.12924], [4.23421, 49.12831], [4.23269, 49.12906], [4.23313, 49.12924]]], [[[4.20786, 49.16163], [4.20518, 49.16], [4.20103, 49.16361], [4.20157, 49.16394], [4.20237, 49.16391], [4.20441, 49.16298], [4.20784, 49.16193], [4.20786, 49.16163]]], [[[4.15725, 49.18211], [4.15394, 49.1841], [4.1545, 49.18422], [4.15708, 49.18385], [4.15725, 49.18211]]], [[[4.12971, 49.19081], [4.12673, 49.18692], [4.12517, 49.18707], [4.12452, 49.18897], [4.12326, 49.19011], [4.12425, 49.19283], [4.12571, 49.192], [4.12971, 49.19081]]], [[[4.1335, 49.18725], [4.13495, 49.18895], [4.14152, 49.18594], [4.14673, 49.18305], [4.13712, 49.18538], [4.13584, 49.18647], [4.1335, 49.18725]]], [[[4.16434, 49.19342], [4.16473, 49.19419], [4.16713, 49.19476], [4.16891, 49.19344], [4.16881, 49.19272], [4.16726, 49.19237], [4.16588, 49.19306], [4.16434, 49.19342]]], [[[4.19149, 49.19158], [4.19514, 49.18927], [4.19906, 49.18448], [4.20214, 49.18215], [4.20062, 49.18077], [4.19996, 49.17947], [4.20011, 49.1781], [4.20081, 49.1771], [4.19946, 49.17707], [4.19845, 49.17678], [4.19763, 49.17694], [4.19749, 49.17729], [4.19856, 49.17823], [4.19889, 49.17924], [4.19844, 49.18024], [4.19736, 49.18098], [4.19642, 49.18125], [4.19346, 49.18162], [4.19295, 49.18236], [4.19222, 49.18285], [4.18978, 49.18365], [4.1885, 49.18382], [4.1879, 49.18438], [4.18682, 49.18485], [4.18581, 49.18501], [4.18342, 49.185], [4.18261, 49.18759], [4.18183, 49.18867], [4.18327, 49.18926], [4.1846, 49.19039], [4.18621, 49.19023], [4.1878, 49.19039], [4.18924, 49.19086], [4.1903, 49.19149], [4.19149, 49.19158]]], [[[4.17339, 49.18578], [4.17507, 49.18742], [4.17644, 49.18616], [4.17685, 49.18508], [4.17679, 49.18433], [4.17339, 49.18578]]], [[[4.12342, 49.21352], [4.12288, 49.21368], [4.1231, 49.21381], [4.12342, 49.21352]]], [[[4.28889, 48.9993], [4.2884, 48.99887], [4.28634, 48.99972], [4.28735, 48.99945], [4.28889, 48.9993]]], [[[4.20519, 49.01761], [4.20449, 49.01675], [4.20371, 49.0168], [4.20474, 49.01771], [4.2049, 49.01779], [4.20519, 49.01761]]], [[[4.2601, 49.00538], [4.26732, 49.00242], [4.26714, 49.00133], [4.26553, 49.00105], [4.26156, 48.99951], [4.26071, 48.99846], [4.26079, 48.99725], [4.25914, 48.99672], [4.25829, 48.99762], [4.25686, 48.99831], [4.25816, 48.99922], [4.25923, 49.00172], [4.25901, 49.00386], [4.25846, 49.00542], [4.2601, 49.00538]]], [[[4.25456, 49.01296], [4.25456, 49.01351], [4.25529, 49.01358], [4.2551, 49.01337], [4.25456, 49.01296]]], [[[4.24649, 49.00973], [4.24738, 49.00886], [4.24649, 49.00633], [4.24405, 49.00609], [4.24259, 49.00545], [4.24176, 49.00422], [4.24193, 49.00264], [4.2406, 49.00202], [4.23986, 49.0011], [4.23972, 49.00145], [4.24046, 49.00196], [4.24086, 49.00255], [4.24108, 49.00407], [4.24055, 49.00507], [4.23895, 49.00624], [4.2376, 49.00682], [4.23546, 49.00712], [4.23272, 49.00689], [4.2306, 49.00614], [4.2311, 49.0078], [4.23045, 49.00939], [4.22958, 49.01041], [4.22808, 49.01158], [4.2268, 49.01217], [4.22767, 49.01278], [4.22811, 49.01351], [4.22813, 49.01433], [4.22773, 49.01503], [4.22846, 49.01552], [4.23091, 49.01474], [4.23252, 49.01461], [4.23407, 49.01502], [4.23506, 49.01578], [4.23821, 49.01448], [4.23688, 49.01396], [4.23552, 49.01288], [4.23461, 49.01156], [4.23423, 49.01037], [4.23443, 49.00948], [4.23496, 49.00886], [4.23743, 49.00763], [4.24079, 49.0069], [4.2424, 49.00697], [4.2438, 49.00758], [4.2456, 49.0093], [4.24649, 49.00973]]], [[[4.244, 49.0173], [4.23714, 49.02012], [4.23837, 49.02103], [4.23895, 49.02206], [4.24066, 49.02183], [4.24324, 49.02186], [4.24692, 49.02247], [4.2468, 49.02159], [4.24711, 49.02058], [4.24806, 49.01937], [4.24925, 49.01855], [4.24882, 49.01752], [4.24648, 49.0178], [4.244, 49.0173]]], [[[4.22178, 49.02703], [4.22102, 49.02677], [4.22014, 49.02714], [4.22178, 49.02703]]], [[[4.21625, 49.02979], [4.21739, 49.02828], [4.21227, 49.03039], [4.21347, 49.03084], [4.21481, 49.03097], [4.21631, 49.03142], [4.21625, 49.02979]]], [[[4.20174, 49.02934], [4.21222, 49.02523], [4.21131, 49.02428], [4.20956, 49.0248], [4.20777, 49.02478], [4.20645, 49.02431], [4.2051, 49.02317], [4.20597, 49.02401], [4.2064, 49.02487], [4.20627, 49.02576], [4.20546, 49.02664], [4.2038, 49.02721], [4.20097, 49.02743], [4.19976, 49.02735], [4.19796, 49.02762], [4.19961, 49.02897], [4.2004, 49.03011], [4.20174, 49.02934]]], [[[4.2264, 49.02687], [4.22357, 49.02729], [4.22498, 49.02786], [4.22593, 49.02856], [4.2264, 49.02687]]], [[[4.2987, 49.09615], [4.29654, 49.09562], [4.29409, 49.09648], [4.29972, 49.10177], [4.30132, 49.10086], [4.30325, 49.10042], [4.30392, 49.0998], [4.30516, 49.09912], [4.30677, 49.0987], [4.30413, 49.09448], [4.30281, 49.09542], [4.30078, 49.09608], [4.2987, 49.09615]]], [[[4.309, 49.09124], [4.30969, 49.09324], [4.31344, 49.09913], [4.31824, 49.10241], [4.31875, 49.10238], [4.33427, 49.09272], [4.33369, 49.0915], [4.33396, 49.0898], [4.33492, 49.08858], [4.33652, 49.08766], [4.33107, 49.08347], [4.309, 49.09124]]], [[[4.33638, 49.0816], [4.339, 49.08363], [4.3389, 49.08278], [4.3392, 49.08177], [4.34068, 49.08033], [4.34332, 49.07923], [4.34487, 49.07897], [4.34692, 49.07903], [4.34708, 49.07891], [4.3462, 49.07814], [4.33638, 49.0816]]], [[[4.35148, 49.07633], [4.35338, 49.07798], [4.35464, 49.07847], [4.35624, 49.0769], [4.35866, 49.07515], [4.35475, 49.07548], [4.35148, 49.07633]]], [[[4.31332, 49.1046], [4.31248, 49.10401], [4.31077, 49.10513], [4.31096, 49.10596], [4.31244, 49.10601], [4.31332, 49.1046]]], [[[4.29678, 49.10573], [4.28952, 49.0989], [4.28866, 49.09839], [4.28046, 49.10137], [4.29494, 49.1065], [4.29678, 49.10573]]], [[[4.28961, 49.109], [4.27473, 49.10373], [4.26788, 49.10691], [4.25906, 49.11149], [4.25783, 49.1129], [4.26024, 49.11298], [4.26068, 49.11192], [4.26201, 49.11073], [4.26377, 49.11002], [4.26581, 49.1098], [4.26783, 49.11011], [4.26986, 49.11111], [4.2715, 49.1109], [4.27363, 49.11112], [4.27603, 49.11199], [4.27703, 49.11259], [4.27795, 49.11352], [4.28063, 49.11361], [4.28213, 49.11256], [4.28408, 49.112], [4.28497, 49.11084], [4.28613, 49.11009], [4.28961, 49.109]]], [[[4.26321, 49.11693], [4.25458, 49.11666], [4.25249, 49.11889], [4.25227, 49.12], [4.25405, 49.12006], [4.25595, 49.12062], [4.25739, 49.12161], [4.25818, 49.12299], [4.25814, 49.12436], [4.25757, 49.12532], [4.25661, 49.12613], [4.25471, 49.12712], [4.25685, 49.13245], [4.25703, 49.13448], [4.25651, 49.13654], [4.25733, 49.13582], [4.25871, 49.13516], [4.26035, 49.13359], [4.26282, 49.13111], [4.26397, 49.12934], [4.26494, 49.12879], [4.26605, 49.12855], [4.26683, 49.1279], [4.26542, 49.12702], [4.26452, 49.12574], [4.26438, 49.12468], [4.26496, 49.12333], [4.26678, 49.12199], [4.26926, 49.12141], [4.27206, 49.11868], [4.26984, 49.11837], [4.26784, 49.11755], [4.26546, 49.1176], [4.26321, 49.11693]]], [[[4.27902, 49.12434], [4.27811, 49.12524], [4.27919, 49.12523], [4.28133, 49.1237], [4.28233, 49.12332], [4.28334, 49.12319], [4.28461, 49.12244], [4.28591, 49.1222], [4.2866, 49.12152], [4.28843, 49.1206], [4.29075, 49.12011], [4.29228, 49.12014], [4.2944, 49.11964], [4.29478, 49.11873], [4.29585, 49.11794], [4.28934, 49.11774], [4.28753, 49.11866], [4.28542, 49.119], [4.28524, 49.1202], [4.28429, 49.12142], [4.28311, 49.12214], [4.28198, 49.12253], [4.28065, 49.1237], [4.27902, 49.12434]]], [[[4.30233, 49.12205], [4.30022, 49.1218], [4.29882, 49.12303], [4.29801, 49.12342], [4.29539, 49.12385], [4.29353, 49.12461], [4.29219, 49.12473], [4.29165, 49.12535], [4.29084, 49.12582], [4.28754, 49.1265], [4.2862, 49.12807], [4.28467, 49.12894], [4.28346, 49.12937], [4.2782, 49.12987], [4.27493, 49.12941], [4.27448, 49.13011], [4.2737, 49.13073], [4.27384, 49.13178], [4.27345, 49.13258], [4.2728, 49.13316], [4.2718, 49.13361], [4.27118, 49.13504], [4.26905, 49.13679], [4.26879, 49.13755], [4.26787, 49.13867], [4.2662, 49.13962], [4.26713, 49.1398], [4.26964, 49.13813], [4.2726, 49.13656], [4.27566, 49.13444], [4.27707, 49.1338], [4.29023, 49.13196], [4.29638, 49.12999], [4.2952, 49.12872], [4.29491, 49.12737], [4.29545, 49.12601], [4.29671, 49.12492], [4.29851, 49.12423], [4.30188, 49.12371], [4.30397, 49.12383], [4.30599, 49.12446], [4.30705, 49.12392], [4.30655, 49.12275], [4.30419, 49.12267], [4.30233, 49.12205]]], [[[4.312, 49.12027], [4.3119, 49.12093], [4.31324, 49.12415], [4.31497, 49.12443], [4.31551, 49.12429], [4.31604, 49.11917], [4.31394, 49.12004], [4.312, 49.12027]]], [[[4.3003, 49.13302], [4.29813, 49.13373], [4.30266, 49.13443], [4.30091, 49.1335], [4.3003, 49.13302]]], [[[4.23664, 49.16124], [4.23641, 49.16076], [4.23457, 49.16121], [4.23289, 49.16111], [4.22978, 49.16213], [4.22892, 49.1629], [4.22797, 49.16334], [4.22604, 49.16378], [4.22409, 49.16396], [4.22345, 49.16567], [4.22179, 49.16781], [4.22252, 49.16809], [4.22585, 49.16673], [4.22795, 49.16636], [4.22932, 49.16533], [4.23068, 49.16482], [4.23273, 49.16458], [4.23525, 49.1648], [4.2379, 49.16244], [4.23664, 49.16124]]], [[[4.31897, 48.97389], [4.31711, 48.97452], [4.31668, 48.97531], [4.31582, 48.97597], [4.31797, 48.97623], [4.31964, 48.97576], [4.32123, 48.97587], [4.32111, 48.97465], [4.31897, 48.97389]]], [[[4.30486, 48.98619], [4.30578, 48.98559], [4.30403, 48.98421], [4.30256, 48.98398], [4.30236, 48.98413], [4.30382, 48.98495], [4.30486, 48.98619]]], [[[4.30157, 49.00301], [4.3017, 49.00397], [4.30335, 49.00449], [4.31132, 49.00063], [4.31095, 49.00038], [4.30932, 49.00014], [4.30801, 48.99964], [4.30737, 49.00118], [4.30595, 49.00229], [4.3041, 49.00293], [4.30157, 49.00301]]], [[[4.35004, 48.91476], [4.34705, 48.9123], [4.34664, 48.91227], [4.34811, 48.9143], [4.35004, 48.91476]]], [[[4.30803, 48.95389], [4.3081, 48.95386], [4.30807, 48.95377], [4.30803, 48.95389]]], [[[4.33343, 49.03328], [4.33572, 49.03305], [4.33382, 49.03115], [4.33123, 49.0273], [4.33009, 49.02616], [4.32863, 49.02519], [4.32747, 49.02696], [4.32746, 49.02764], [4.32882, 49.02846], [4.32972, 49.02967], [4.3299, 49.03125], [4.32968, 49.03223], [4.3316, 49.03248], [4.33343, 49.03328]]], [[[4.15666, 49.19881], [4.15659, 49.19882], [4.15666, 49.19881], [4.15666, 49.19881]]], [[[4.40265, 49.06609], [4.40085, 49.06442], [4.38828, 49.06411], [4.38869, 49.06606], [4.38984, 49.06685], [4.39107, 49.06917], [4.39262, 49.06755], [4.39459, 49.06653], [4.39596, 49.06605], [4.39852, 49.06588], [4.40081, 49.06648], [4.40265, 49.06609]]], [[[4.38139, 49.06995], [4.38052, 49.06625], [4.37738, 49.06723], [4.37545, 49.06904], [4.36371, 49.0773], [4.3661, 49.07633], [4.3725, 49.07319], [4.37505, 49.07229], [4.38014, 49.07091], [4.38139, 49.06995]]], [[[4.37273, 49.07785], [4.37222, 49.07811], [4.37256, 49.0781], [4.37273, 49.07785]]], [[[4.36784, 49.08017], [4.36636, 49.08076], [4.36773, 49.08048], [4.36784, 49.08017]]], [[[4.36574, 49.08101], [4.36359, 49.08186], [4.36355, 49.08281], [4.36392, 49.08279], [4.36574, 49.08101]]], [[[4.27428, 48.99828], [4.27554, 48.99899], [4.28974, 48.99312], [4.28872, 48.99281], [4.28746, 48.99183], [4.28583, 48.99139], [4.2847, 48.99064], [4.28321, 48.99127], [4.2839, 48.99258], [4.28342, 48.99382], [4.2824, 48.99459], [4.28108, 48.99501], [4.27999, 48.99509], [4.27861, 48.99487], [4.27779, 48.99452], [4.2763, 48.99338], [4.27521, 48.99305], [4.27439, 48.99257], [4.27323, 48.99257], [4.27209, 48.99356], [4.27154, 48.9949], [4.27092, 48.99538], [4.2698, 48.99585], [4.26899, 48.99698], [4.27012, 48.99767], [4.27066, 48.99852], [4.27169, 48.99816], [4.27302, 48.99804], [4.27428, 48.99828]]], [[[4.25311, 48.99835], [4.25313, 48.99827], [4.25283, 48.99846], [4.25311, 48.99835]]], [[[4.29769, 48.98874], [4.2978, 48.98908], [4.29798, 48.9897], [4.29876, 48.98938], [4.29769, 48.98874]]], [[[4.31873, 48.98109], [4.31744, 48.98119], [4.31826, 48.98127], [4.31873, 48.98109]]], [[[4.18483, 49.03237], [4.18621, 49.03204], [4.18734, 49.03198], [4.18604, 49.03074], [4.18506, 49.03123], [4.18286, 49.03186], [4.18159, 49.03197], [4.18061, 49.03182], [4.18033, 49.03198], [4.18023, 49.03272], [4.17974, 49.03349], [4.17824, 49.03432], [4.18034, 49.03546], [4.18136, 49.03657], [4.18242, 49.03653], [4.18219, 49.03534], [4.18273, 49.03393], [4.18355, 49.03304], [4.18483, 49.03237]]], [[[4.18196, 49.0233], [4.17892, 49.02662], [4.18059, 49.0275], [4.18335, 49.0269], [4.18415, 49.02558], [4.18491, 49.02502], [4.18497, 49.02473], [4.18196, 49.0233]]], [[[4.14038, 49.02537], [4.13956, 49.02519], [4.14048, 49.02627], [4.14139, 49.02625], [4.14038, 49.02537]]], [[[4.17137, 49.03151], [4.17172, 49.0309], [4.17161, 49.03026], [4.17093, 49.03083], [4.17137, 49.03151]]], [[[4.13184, 49.06904], [4.13029, 49.06783], [4.12536, 49.06212], [4.12401, 49.06109], [4.11698, 49.07021], [4.11627, 49.07155], [4.11624, 49.07286], [4.11477, 49.0767], [4.11306, 49.08021], [4.11258, 49.0817], [4.11145, 49.08311], [4.11052, 49.08528], [4.1112, 49.08626], [4.11136, 49.08756], [4.11304, 49.08821], [4.11424, 49.08917], [4.11599, 49.08925], [4.11942, 49.08827], [4.12301, 49.08542], [4.12094, 49.08558], [4.11633, 49.08523], [4.11494, 49.08458], [4.11436, 49.08372], [4.11434, 49.08316], [4.1147, 49.08244], [4.11523, 49.082], [4.1162, 49.08159], [4.11846, 49.08144], [4.12131, 49.0817], [4.12407, 49.08111], [4.12162, 49.08067], [4.12031, 49.07995], [4.11995, 49.07944], [4.11984, 49.07869], [4.12051, 49.07766], [4.12115, 49.07728], [4.12222, 49.077], [4.12412, 49.07715], [4.12569, 49.07617], [4.12763, 49.07568], [4.12971, 49.07572], [4.13168, 49.07617], [4.13228, 49.07485], [4.13073, 49.07258], [4.13044, 49.07154], [4.13079, 49.07017], [4.13184, 49.06904]]], [[[4.13885, 49.08677], [4.13811, 49.08716], [4.13812, 49.08887], [4.13918, 49.08696], [4.13885, 49.08677]]], [[[4.14371, 49.09319], [4.14272, 49.09249], [4.14211, 49.09329], [4.14301, 49.09319], [4.14371, 49.09319]]], [[[4.13952, 49.09917], [4.13879, 49.09953], [4.13769, 49.09975], [4.13655, 49.09967], [4.13577, 49.09943], [4.13496, 49.09889], [4.13459, 49.09838], [4.13453, 49.09698], [4.13238, 49.09799], [4.12984, 49.0982], [4.12828, 49.09793], [4.12698, 49.09741], [4.12596, 49.09667], [4.12533, 49.09584], [4.1249, 49.09579], [4.12429, 49.09604], [4.12539, 49.097], [4.12596, 49.09832], [4.12585, 49.09935], [4.12505, 49.10057], [4.12568, 49.10174], [4.12553, 49.10326], [4.12719, 49.1041], [4.12888, 49.10545], [4.13001, 49.10595], [4.13351, 49.10577], [4.13771, 49.10527], [4.13974, 49.10545], [4.14201, 49.10532], [4.14445, 49.1059], [4.14618, 49.10717], [4.14686, 49.10849], [4.14694, 49.10971], [4.14657, 49.11071], [4.14584, 49.11152], [4.14678, 49.11236], [4.1473, 49.1133], [4.14739, 49.1143], [4.14704, 49.11528], [4.14582, 49.11654], [4.14405, 49.11733], [4.14093, 49.11769], [4.1392, 49.11756], [4.13963, 49.11888], [4.14002, 49.11948], [4.1469, 49.12615], [4.14849, 49.12584], [4.15057, 49.12594], [4.15261, 49.1266], [4.15398, 49.12763], [4.15465, 49.12893], [4.1545, 49.1303], [4.15383, 49.1313], [4.15238, 49.1323], [4.15594, 49.13757], [4.15733, 49.13798], [4.15788, 49.13762], [4.1574, 49.13514], [4.15813, 49.13393], [4.16079, 49.13185], [4.16336, 49.13035], [4.16387, 49.12961], [4.16849, 49.1257], [4.17062, 49.12295], [4.17599, 49.11968], [4.17932, 49.1167], [4.17877, 49.11573], [4.17768, 49.1152], [4.17665, 49.11433], [4.1761, 49.11317], [4.1747, 49.11317], [4.17329, 49.11271], [4.17255, 49.1121], [4.17062, 49.11116], [4.16997, 49.11055], [4.16941, 49.10951], [4.16942, 49.10814], [4.16999, 49.10713], [4.17134, 49.10608], [4.17319, 49.1054], [4.17408, 49.10388], [4.17514, 49.10304], [4.17256, 49.10166], [4.17207, 49.10101], [4.17195, 49.1004], [4.17242, 49.09937], [4.17504, 49.09722], [4.17399, 49.09633], [4.1733, 49.09534], [4.17218, 49.09226], [4.17115, 49.09397], [4.17086, 49.0972], [4.17013, 49.09801], [4.1689, 49.09849], [4.1672, 49.09849], [4.16576, 49.09785], [4.1644, 49.09818], [4.16314, 49.09935], [4.16137, 49.10007], [4.15878, 49.10025], [4.15648, 49.09969], [4.15541, 49.10041], [4.15404, 49.10067], [4.15291, 49.10056], [4.15182, 49.10016], [4.14984, 49.1], [4.14825, 49.09945], [4.14617, 49.09972], [4.14433, 49.10018], [4.14269, 49.10021], [4.14118, 49.09993], [4.13952, 49.09917]]], [[[4.15753, 49.0834], [4.15903, 49.08374], [4.15928, 49.08349], [4.15627, 49.08296], [4.15546, 49.08342], [4.15753, 49.0834]]], [[[4.11597, 49.10872], [4.11572, 49.10904], [4.11737, 49.10971], [4.11847, 49.11059], [4.11921, 49.11226], [4.11886, 49.11364], [4.11761, 49.11488], [4.11585, 49.11567], [4.11337, 49.11593], [4.11321, 49.11737], [4.11404, 49.11855], [4.11523, 49.11959], [4.11582, 49.12083], [4.11571, 49.1225], [4.11593, 49.12341], [4.11574, 49.12443], [4.11509, 49.1254], [4.11389, 49.12632], [4.11255, 49.1269], [4.11056, 49.12721], [4.10942, 49.12887], [4.10823, 49.13088], [4.1078, 49.13226], [4.1065, 49.13349], [4.10799, 49.13448], [4.10876, 49.13547], [4.10902, 49.1374], [4.10888, 49.13815], [4.10652, 49.14115], [4.10293, 49.14379], [4.10453, 49.14557], [4.10617, 49.14626], [4.10841, 49.14621], [4.11273, 49.14575], [4.12145, 49.14653], [4.12401, 49.14616], [4.13244, 49.14578], [4.13457, 49.14593], [4.1359, 49.14621], [4.13874, 49.14491], [4.14173, 49.14448], [4.13559, 49.13768], [4.13521, 49.137], [4.13532, 49.13609], [4.13686, 49.13378], [4.13886, 49.13249], [4.13624, 49.1299], [4.13594, 49.12917], [4.13603, 49.12846], [4.13684, 49.12749], [4.13965, 49.12601], [4.13507, 49.12156], [4.13397, 49.11995], [4.13305, 49.11697], [4.13313, 49.11612], [4.13372, 49.11523], [4.13323, 49.11378], [4.1336, 49.11252], [4.13284, 49.11097], [4.13304, 49.10967], [4.12977, 49.10982], [4.12766, 49.10952], [4.12484, 49.10826], [4.12355, 49.10726], [4.12191, 49.1082], [4.12044, 49.10861], [4.11885, 49.10872], [4.11719, 49.10848], [4.11597, 49.10872]]], [[[4.13354, 49.09182], [4.13245, 49.08988], [4.13059, 49.09053], [4.13069, 49.09117], [4.1321, 49.09135], [4.13354, 49.09182]]], [[[4.09307, 49.09092], [4.09301, 49.09108], [4.09284, 49.09154], [4.09345, 49.09107], [4.09307, 49.09092]]], [[[4.10188, 49.12402], [4.10051, 49.12355], [4.09901, 49.12362], [4.09224, 49.12666], [4.09297, 49.12752], [4.09365, 49.12903], [4.09373, 49.13073], [4.09252, 49.13233], [4.09076, 49.13363], [4.0893, 49.1343], [4.0875, 49.13477], [4.08542, 49.13485], [4.08291, 49.13443], [4.07937, 49.13306], [4.07679, 49.13282], [4.07499, 49.13371], [4.0763, 49.14153], [4.07816, 49.14283], [4.08157, 49.14372], [4.08295, 49.14442], [4.084, 49.1461], [4.08401, 49.1468], [4.08348, 49.14776], [4.08375, 49.14839], [4.0859, 49.14933], [4.08678, 49.15018], [4.08722, 49.15109], [4.09029, 49.15244], [4.09011, 49.15104], [4.08954, 49.14967], [4.08955, 49.1487], [4.08855, 49.14766], [4.08815, 49.1466], [4.08824, 49.14557], [4.08878, 49.1446], [4.09023, 49.14348], [4.09208, 49.14285], [4.09368, 49.1427], [4.09614, 49.14294], [4.10177, 49.13888], [4.10312, 49.13726], [4.10307, 49.13668], [4.10049, 49.135], [4.09978, 49.13352], [4.10042, 49.13209], [4.10234, 49.13076], [4.10212, 49.12943], [4.10287, 49.12756], [4.10367, 49.1269], [4.10458, 49.12654], [4.1048, 49.12621], [4.10307, 49.12528], [4.10188, 49.12402]]], [[[4.1442, 49.13071], [4.14341, 49.12966], [4.14275, 49.12949], [4.1442, 49.13071]]], [[[4.14538, 49.13187], [4.14563, 49.13275], [4.14531, 49.13364], [4.14462, 49.13431], [4.14186, 49.13588], [4.14141, 49.13656], [4.14753, 49.14322], [4.15042, 49.14479], [4.15089, 49.14437], [4.14957, 49.14305], [4.14894, 49.14119], [4.14927, 49.13984], [4.15029, 49.13873], [4.14584, 49.13214], [4.14538, 49.13187]]], [[[4.15182, 49.14967], [4.15111, 49.15055], [4.15086, 49.15177], [4.15111, 49.15239], [4.15103, 49.15305], [4.15165, 49.15316], [4.15344, 49.15156], [4.15268, 49.15005], [4.15182, 49.14967]]], [[[4.15832, 49.15382], [4.1569, 49.15504], [4.15667, 49.15622], [4.15722, 49.15721], [4.1573, 49.15838], [4.15688, 49.15941], [4.15597, 49.16033], [4.15765, 49.16216], [4.16185, 49.1608], [4.16264, 49.16037], [4.16571, 49.15704], [4.16477, 49.15509], [4.16481, 49.15342], [4.16169, 49.1541], [4.15832, 49.15382]]], [[[4.08688, 49.16293], [4.08835, 49.16179], [4.08969, 49.16026], [4.08908, 49.15904], [4.0883, 49.15987], [4.08683, 49.16084], [4.08626, 49.16189], [4.08631, 49.16228], [4.08688, 49.16293]]], [[[4.09886, 49.1544], [4.10242, 49.15452], [4.10398, 49.15486], [4.10428, 49.15469], [4.10363, 49.15309], [4.10358, 49.15231], [4.10388, 49.1513], [4.10487, 49.15018], [4.10363, 49.14995], [4.10258, 49.1494], [4.10269, 49.15061], [4.10207, 49.15191], [4.10068, 49.15327], [4.09886, 49.1544]]], [[[4.12521, 49.16661], [4.12939, 49.16671], [4.13702, 49.16737], [4.13913, 49.16663], [4.14016, 49.16545], [4.13872, 49.16616], [4.13725, 49.1665], [4.13556, 49.16654], [4.13404, 49.16628], [4.1327, 49.16574], [4.13165, 49.16497], [4.13099, 49.16404], [4.13077, 49.16291], [4.12896, 49.16251], [4.12767, 49.1615], [4.12259, 49.16069], [4.12162, 49.1622], [4.12163, 49.16316], [4.12306, 49.16367], [4.12417, 49.16441], [4.12492, 49.16536], [4.12521, 49.16661]]], [[[4.12173, 49.1568], [4.12426, 49.15692], [4.13038, 49.15799], [4.13178, 49.1577], [4.13261, 49.15682], [4.13372, 49.15609], [4.13533, 49.15543], [4.13697, 49.15426], [4.13863, 49.15369], [4.14148, 49.15321], [4.14342, 49.15333], [4.14468, 49.15367], [4.14562, 49.15352], [4.14497, 49.1526], [4.14486, 49.15169], [4.14524, 49.14988], [4.14601, 49.14853], [4.14122, 49.14843], [4.13854, 49.14976], [4.13668, 49.15019], [4.13488, 49.15012], [4.13266, 49.14965], [4.12727, 49.14989], [4.12923, 49.15071], [4.13042, 49.15188], [4.13076, 49.15361], [4.13005, 49.15503], [4.12823, 49.15627], [4.12574, 49.15679], [4.12312, 49.15646], [4.12181, 49.15591], [4.12099, 49.15531], [4.1206, 49.15556], [4.12173, 49.1568]]], [[[4.12222, 49.15035], [4.12153, 49.15039], [4.12082, 49.15037], [4.12142, 49.15083], [4.12222, 49.15035]]], [[[4.18711, 49.22432], [4.18746, 49.22453], [4.18748, 49.22436], [4.18711, 49.22432]]], [[[4.17386, 49.25146], [4.16992, 49.25163], [4.17004, 49.25262], [4.17178, 49.25391], [4.17251, 49.25488], [4.17367, 49.25431], [4.1756, 49.25385], [4.17713, 49.25391], [4.17825, 49.2543], [4.17904, 49.25492], [4.17941, 49.2557], [4.1793, 49.2566], [4.17887, 49.25733], [4.17754, 49.25812], [4.17514, 49.2586], [4.1732, 49.25827], [4.17211, 49.25758], [4.17105, 49.25852], [4.16939, 49.25929], [4.16916, 49.26064], [4.16815, 49.26154], [4.16683, 49.2619], [4.16568, 49.26187], [4.16464, 49.26155], [4.16386, 49.26099], [4.16304, 49.26079], [4.16299, 49.26231], [4.16518, 49.26598], [4.16635, 49.26493], [4.16828, 49.26378], [4.16899, 49.26274], [4.1699, 49.26228], [4.17101, 49.26208], [4.17215, 49.26217], [4.17375, 49.26267], [4.17462, 49.26324], [4.17515, 49.26428], [4.17476, 49.26579], [4.17379, 49.26659], [4.17274, 49.26691], [4.17172, 49.26697], [4.17051, 49.26767], [4.16999, 49.26823], [4.16864, 49.27098], [4.16862, 49.27265], [4.17239, 49.27299], [4.17437, 49.27358], [4.17465, 49.27225], [4.17541, 49.27131], [4.17655, 49.27056], [4.17803, 49.27006], [4.17874, 49.26915], [4.1798, 49.26843], [4.18077, 49.26802], [4.18229, 49.26769], [4.18583, 49.26771], [4.18646, 49.26703], [4.18757, 49.26634], [4.18968, 49.26574], [4.18927, 49.26443], [4.18957, 49.26303], [4.19078, 49.26158], [4.19244, 49.2607], [4.19503, 49.2603], [4.19733, 49.26067], [4.19963, 49.26169], [4.20057, 49.26254], [4.20111, 49.26363], [4.20174, 49.26381], [4.20197, 49.26338], [4.20136, 49.26288], [4.20101, 49.26217], [4.20119, 49.26125], [4.20216, 49.26032], [4.20382, 49.25987], [4.20468, 49.25822], [4.20346, 49.25702], [4.20308, 49.25571], [4.20352, 49.2543], [4.20437, 49.25338], [4.20186, 49.25249], [4.19985, 49.25089], [4.19849, 49.25064], [4.19743, 49.25112], [4.1963, 49.25126], [4.19517, 49.2511], [4.19407, 49.25056], [4.1886, 49.2508], [4.18759, 49.25154], [4.18594, 49.25185], [4.18456, 49.25161], [4.18367, 49.25112], [4.1826, 49.25212], [4.18132, 49.25273], [4.17982, 49.25307], [4.17837, 49.25316], [4.17583, 49.25271], [4.17457, 49.25207], [4.17386, 49.25146]]], [[[4.1513, 49.26088], [4.15142, 49.26155], [4.15112, 49.26233], [4.14981, 49.26331], [4.15193, 49.26436], [4.15285, 49.26436], [4.15616, 49.26492], [4.15738, 49.26536], [4.15806, 49.26597], [4.1583, 49.26654], [4.15786, 49.26814], [4.15979, 49.26908], [4.15999, 49.26782], [4.15708, 49.26284], [4.15714, 49.26091], [4.15566, 49.26132], [4.15408, 49.26143], [4.15238, 49.26123], [4.1513, 49.26088]]], [[[4.18354, 49.27592], [4.1924, 49.27767], [4.19408, 49.27718], [4.19541, 49.27498], [4.1947, 49.27484], [4.19288, 49.27554], [4.19085, 49.27574], [4.18886, 49.27542], [4.18708, 49.27458], [4.18476, 49.27474], [4.18354, 49.27592]]], [[[4.19629, 49.27112], [4.19761, 49.27139], [4.1998, 49.26747], [4.19935, 49.26734], [4.1977, 49.2681], [4.19596, 49.26839], [4.19608, 49.26948], [4.19579, 49.27036], [4.19629, 49.27112]]], [[[4.20929, 49.281], [4.22693, 49.28447], [4.22916, 49.28518], [4.23072, 49.28512], [4.23191, 49.28375], [4.22598, 49.27387], [4.22501, 49.27343], [4.22439, 49.2728], [4.22419, 49.27206], [4.22444, 49.27132], [4.2221, 49.26748], [4.22104, 49.26656], [4.22097, 49.26539], [4.2189, 49.2597], [4.21784, 49.25908], [4.2174, 49.25838], [4.21755, 49.25729], [4.21531, 49.25602], [4.21419, 49.25613], [4.21374, 49.2572], [4.2129, 49.25809], [4.21169, 49.25877], [4.21056, 49.25912], [4.20355, 49.27204], [4.19996, 49.27793], [4.20125, 49.27911], [4.20266, 49.27869], [4.20422, 49.27855], [4.20677, 49.279], [4.20836, 49.27986], [4.20929, 49.281]]], [[[4.28819, 48.93425], [4.29164, 48.94331], [4.29262, 48.94708], [4.29891, 48.94855], [4.30297, 48.94899], [4.30455, 48.94567], [4.30644, 48.94277], [4.3088, 48.93996], [4.3133, 48.93528], [4.2902, 48.927], [4.28813, 48.92671], [4.28757, 48.92787], [4.28683, 48.92861], [4.28715, 48.93026], [4.28781, 48.93077], [4.28824, 48.93154], [4.28856, 48.93323], [4.28819, 48.93425]]], [[[4.2978, 48.92534], [4.31645, 48.93202], [4.31894, 48.9296], [4.30571, 48.92423], [4.3042, 48.92474], [4.30268, 48.92491], [4.30116, 48.92479], [4.29936, 48.92424], [4.2978, 48.92534]]], [[[4.28317, 48.95056], [4.28357, 48.94903], [4.26041, 48.94368], [4.25839, 48.94305], [4.25436, 48.94581], [4.25447, 48.94637], [4.2559, 48.94667], [4.25742, 48.94738], [4.25882, 48.94882], [4.2632, 48.95038], [4.26605, 48.95236], [4.26854, 48.95327], [4.27002, 48.95408], [4.27241, 48.95411], [4.27389, 48.95452], [4.27488, 48.95503], [4.28317, 48.95056]]], [[[4.28632, 48.95384], [4.27836, 48.95814], [4.27904, 48.95965], [4.27877, 48.96099], [4.28227, 48.96298], [4.28326, 48.96081], [4.28305, 48.96004], [4.28321, 48.9594], [4.28391, 48.95829], [4.28499, 48.95764], [4.28632, 48.95384]]], [[[4.24286, 48.93936], [4.23975, 48.93862], [4.24094, 48.93939], [4.24286, 48.93936]]], [[[4.28628, 49.06114], [4.28891, 49.05896], [4.29028, 49.05834], [4.29012, 49.05611], [4.2826, 49.06216], [4.28569, 49.06354], [4.28628, 49.06114]]], [[[4.28414, 49.06738], [4.28118, 49.06628], [4.27896, 49.06519], [4.27134, 49.07178], [4.26926, 49.07418], [4.26735, 49.07707], [4.26506, 49.08248], [4.26691, 49.08261], [4.26831, 49.08301], [4.27012, 49.08381], [4.27131, 49.0848], [4.27184, 49.08577], [4.27192, 49.0868], [4.27153, 49.08781], [4.27059, 49.08879], [4.27143, 49.08959], [4.27518, 49.08523], [4.2741, 49.0844], [4.27339, 49.08311], [4.27348, 49.08173], [4.27415, 49.08065], [4.27514, 49.07985], [4.27692, 49.07914], [4.27845, 49.07894], [4.28043, 49.07911], [4.28387, 49.07503], [4.28514, 49.07307], [4.28369, 49.07202], [4.28301, 49.07073], [4.28313, 49.06937], [4.28427, 49.06768], [4.28414, 49.06738]]], [[[4.25977, 49.09395], [4.25957, 49.0945], [4.25995, 49.09406], [4.25977, 49.09395]]], [[[4.2647, 49.09638], [4.26459, 49.09651], [4.26529, 49.09663], [4.26551, 49.0964], [4.2647, 49.09638]]], [[[4.24744, 49.20047], [4.25114, 49.20022], [4.24777, 49.19472], [4.24445, 49.19724], [4.24604, 49.19839], [4.24703, 49.19959], [4.24744, 49.20047]]], [[[4.30332, 49.21639], [4.3014, 49.21685], [4.2998, 49.21687], [4.29829, 49.21659], [4.29696, 49.21603], [4.29595, 49.21525], [4.29532, 49.2143], [4.2951, 49.21326], [4.29545, 49.21202], [4.28881, 49.21227], [4.28517, 49.21185], [4.28274, 49.21195], [4.28055, 49.2125], [4.27736, 49.21371], [4.27661, 49.21527], [4.27522, 49.21684], [4.26669, 49.22452], [4.2647, 49.22584], [4.26729, 49.23557], [4.26948, 49.2361], [4.2774, 49.23893], [4.29556, 49.23852], [4.29678, 49.23751], [4.29587, 49.23614], [4.29589, 49.23473], [4.29648, 49.23372], [4.29749, 49.23288], [4.29614, 49.2315], [4.29585, 49.23046], [4.29594, 49.2297], [4.29644, 49.22871], [4.29774, 49.22763], [4.3, 49.22687], [4.3021, 49.22682], [4.30371, 49.22716], [4.30541, 49.22805], [4.30693, 49.22809], [4.30847, 49.22844], [4.3096, 49.22764], [4.31147, 49.22702], [4.31549, 49.2266], [4.31726, 49.22675], [4.31782, 49.2266], [4.31796, 49.22507], [4.31933, 49.22353], [4.32154, 49.22264], [4.32362, 49.22249], [4.32578, 49.22291], [4.32708, 49.22353], [4.32827, 49.22471], [4.32865, 49.22604], [4.33044, 49.2266], [4.33108, 49.22714], [4.33147, 49.22792], [4.33113, 49.22914], [4.33059, 49.22965], [4.32961, 49.23011], [4.33001, 49.2312], [4.32973, 49.23272], [4.32898, 49.23366], [4.3277, 49.23447], [4.32708, 49.2363], [4.32817, 49.23602], [4.3292, 49.23599], [4.33098, 49.23649], [4.33204, 49.23753], [4.33199, 49.23888], [4.33468, 49.23927], [4.33627, 49.23854], [4.33808, 49.23805], [4.33884, 49.23715], [4.3388, 49.23584], [4.33992, 49.23239], [4.34203, 49.23048], [4.34318, 49.22811], [4.34481, 49.22635], [4.34424, 49.22534], [4.34262, 49.22377], [4.33985, 49.22276], [4.33733, 49.22086], [4.33113, 49.21799], [4.32832, 49.21457], [4.32432, 49.21207], [4.32392, 49.21098], [4.3246, 49.20986], [4.30496, 49.21129], [4.30584, 49.21275], [4.30571, 49.21428], [4.30483, 49.21548], [4.30332, 49.21639]]], [[[4.27183, 49.2123], [4.27243, 49.21142], [4.27357, 49.21069], [4.27836, 49.2089], [4.28168, 49.20815], [4.28506, 49.20799], [4.28895, 49.20841], [4.29175, 49.20839], [4.31402, 49.20673], [4.31305, 49.20592], [4.3124, 49.20478], [4.31228, 49.20374], [4.31281, 49.20248], [4.31182, 49.20376], [4.31072, 49.2045], [4.30934, 49.20499], [4.3076, 49.20524], [4.30553, 49.20505], [4.30335, 49.20412], [4.30226, 49.20295], [4.30118, 49.20062], [4.2954, 49.20105], [4.29461, 49.20184], [4.29307, 49.20233], [4.29138, 49.20217], [4.29011, 49.20143], [4.2876, 49.20161], [4.28742, 49.20218], [4.28682, 49.20282], [4.28614, 49.20318], [4.28506, 49.20342], [4.28419, 49.20342], [4.28312, 49.20315], [4.28227, 49.20264], [4.28182, 49.20202], [4.26842, 49.20294], [4.26758, 49.20339], [4.26648, 49.2036], [4.26533, 49.20353], [4.26439, 49.20321], [4.25877, 49.20358], [4.26341, 49.22096], [4.26675, 49.21791], [4.26547, 49.21768], [4.26412, 49.21716], [4.26249, 49.21576], [4.2621, 49.21407], [4.26296, 49.21246], [4.26494, 49.21127], [4.26746, 49.21085], [4.26998, 49.21125], [4.27183, 49.2123]]], [[[4.26241, 49.24176], [4.26024, 49.24187], [4.2586, 49.24157], [4.2547, 49.24282], [4.2539, 49.24366], [4.25283, 49.2443], [4.25469, 49.24479], [4.25615, 49.24464], [4.25843, 49.24408], [4.26073, 49.24423], [4.26171, 49.24299], [4.26246, 49.24258], [4.26349, 49.24233], [4.26241, 49.24176]]], [[[4.2508, 49.24792], [4.24421, 49.24619], [4.24183, 49.24696], [4.24133, 49.24786], [4.24026, 49.24848], [4.23886, 49.2487], [4.23733, 49.24841], [4.22847, 49.25125], [4.22877, 49.2519], [4.23013, 49.25226], [4.23175, 49.25309], [4.23406, 49.25551], [4.23463, 49.25682], [4.23439, 49.25817], [4.23365, 49.25913], [4.23256, 49.25989], [4.23, 49.26068], [4.22745, 49.2606], [4.226, 49.26017], [4.22492, 49.2596], [4.2269, 49.26492], [4.22771, 49.26627], [4.22854, 49.26669], [4.22912, 49.26734], [4.22912, 49.26858], [4.23257, 49.27429], [4.23397, 49.27469], [4.23493, 49.27562], [4.23502, 49.27655], [4.23443, 49.27741], [4.23739, 49.28232], [4.23794, 49.28225], [4.24038, 49.27745], [4.23936, 49.27643], [4.23897, 49.27545], [4.23902, 49.27444], [4.23957, 49.27337], [4.24087, 49.27229], [4.24221, 49.27174], [4.24379, 49.27147], [4.24544, 49.27152], [4.24702, 49.2719], [4.24863, 49.27278], [4.2496, 49.27398], [4.24983, 49.27498], [4.24956, 49.27608], [4.24886, 49.27705], [4.24775, 49.27784], [4.24666, 49.27827], [4.2474, 49.27869], [4.24794, 49.27935], [4.24806, 49.2801], [4.24772, 49.28082], [4.24721, 49.28128], [4.24625, 49.2817], [4.24439, 49.28181], [4.24334, 49.28387], [4.2441, 49.28513], [4.24578, 49.28602], [4.24958, 49.28624], [4.25082, 49.2861], [4.25224, 49.2864], [4.25553, 49.28659], [4.2567, 49.28596], [4.2584, 49.28582], [4.25971, 49.28619], [4.26056, 49.28687], [4.26409, 49.28712], [4.2749, 49.28878], [4.27616, 49.28828], [4.27788, 49.28828], [4.2791, 49.28877], [4.27981, 49.28953], [4.28522, 49.29035], [4.28667, 49.28989], [4.28798, 49.28991], [4.2893, 49.29033], [4.29021, 49.2911], [4.29821, 49.29233], [4.30008, 49.29138], [4.30202, 49.29106], [4.30468, 49.29135], [4.30646, 49.29215], [4.30972, 49.29113], [4.31476, 49.29028], [4.31455, 49.29006], [4.31271, 49.28968], [4.31181, 49.28896], [4.31156, 49.28785], [4.3122, 49.2869], [4.31168, 49.28604], [4.3097, 49.28527], [4.30841, 49.28415], [4.3079, 49.28316], [4.30794, 49.28185], [4.30541, 49.27952], [4.30209, 49.27436], [4.30082, 49.27406], [4.29952, 49.27344], [4.29857, 49.27261], [4.298, 49.27164], [4.29658, 49.27127], [4.29567, 49.27055], [4.29543, 49.26944], [4.29599, 49.26857], [4.29685, 49.26807], [4.29897, 49.26741], [4.29823, 49.26646], [4.28909, 49.26174], [4.27834, 49.25751], [4.27075, 49.25353], [4.26941, 49.25263], [4.26835, 49.25229], [4.26605, 49.24998], [4.26491, 49.24825], [4.26427, 49.24965], [4.26291, 49.25071], [4.26139, 49.25131], [4.25982, 49.25155], [4.2582, 49.25205], [4.25768, 49.25381], [4.25669, 49.25474], [4.2556, 49.25514], [4.25468, 49.25525], [4.2536, 49.25517], [4.25265, 49.25488], [4.25176, 49.25429], [4.25125, 49.25352], [4.25152, 49.25146], [4.25194, 49.25075], [4.25094, 49.24951], [4.2508, 49.24792]]], [[[4.26956, 49.24185], [4.26983, 49.24281], [4.26965, 49.24524], [4.27031, 49.2467], [4.27121, 49.24809], [4.27428, 49.25041], [4.28179, 49.25438], [4.29258, 49.25863], [4.30276, 49.26398], [4.30434, 49.26562], [4.3049, 49.26729], [4.307, 49.26798], [4.30806, 49.26876], [4.30864, 49.26953], [4.309, 49.27051], [4.30892, 49.27151], [4.30841, 49.27246], [4.3077, 49.27314], [4.30964, 49.27615], [4.31086, 49.27532], [4.31216, 49.27474], [4.31365, 49.27443], [4.3148, 49.27439], [4.32006, 49.27084], [4.32292, 49.26279], [4.32359, 49.2619], [4.32449, 49.26142], [4.32588, 49.26121], [4.32701, 49.26136], [4.32815, 49.26193], [4.32868, 49.26259], [4.32878, 49.26334], [4.32574, 49.27187], [4.32488, 49.2731], [4.31982, 49.27653], [4.32026, 49.27769], [4.32019, 49.27886], [4.31985, 49.28016], [4.31902, 49.28161], [4.31901, 49.28325], [4.31782, 49.28474], [4.31857, 49.28507], [4.31925, 49.28567], [4.31952, 49.28659], [4.31907, 49.28752], [4.32175, 49.2903], [4.32405, 49.29021], [4.32653, 49.29089], [4.32792, 49.29192], [4.32998, 49.29441], [4.33318, 49.2927], [4.33665, 49.29232], [4.33859, 49.29255], [4.34004, 49.29335], [4.34215, 49.29362], [4.34253, 49.29338], [4.3428, 49.29259], [4.34367, 49.29159], [4.34481, 49.29094], [4.35039, 49.29025], [4.35505, 49.28918], [4.35701, 49.28899], [4.35637, 49.28851], [4.35597, 49.2878], [4.35635, 49.28639], [4.34419, 49.27873], [4.33807, 49.27629], [4.33646, 49.27527], [4.33612, 49.27423], [4.33656, 49.27321], [4.34048, 49.26937], [4.34163, 49.26881], [4.34304, 49.26866], [4.34414, 49.26888], [4.34521, 49.2695], [4.34566, 49.2702], [4.34566, 49.27095], [4.34537, 49.27148], [4.34306, 49.27379], [4.34805, 49.27582], [4.36046, 49.28362], [4.36144, 49.28354], [4.35804, 49.28174], [4.35757, 49.28126], [4.3573, 49.28053], [4.35749, 49.27979], [4.35809, 49.27915], [4.35902, 49.27871], [4.35985, 49.27855], [4.361, 49.27859], [4.3618, 49.27882], [4.36608, 49.28111], [4.36737, 49.28224], [4.36836, 49.28406], [4.36846, 49.28482], [4.36945, 49.28559], [4.37207, 49.28467], [4.37593, 49.28362], [4.37673, 49.28246], [4.37664, 49.28181], [4.37706, 49.28022], [4.37647, 49.2792], [4.37665, 49.27814], [4.37831, 49.2765], [4.37981, 49.27587], [4.38078, 49.27444], [4.38019, 49.27363], [4.37935, 49.27335], [4.37857, 49.27279], [4.37815, 49.2719], [4.37823, 49.27134], [4.37871, 49.27065], [4.38048, 49.26979], [4.37979, 49.26824], [4.37906, 49.26775], [4.37762, 49.26777], [4.37602, 49.26724], [4.37517, 49.2665], [4.37497, 49.26545], [4.37202, 49.26371], [4.3709, 49.26477], [4.36957, 49.26542], [4.3681, 49.26577], [4.36655, 49.26582], [4.36456, 49.26543], [4.3633, 49.26483], [4.36229, 49.26397], [4.3617, 49.26276], [4.35798, 49.26564], [4.35708, 49.26604], [4.35595, 49.26619], [4.35431, 49.26588], [4.35036, 49.2639], [4.34957, 49.26312], [4.34942, 49.26237], [4.34971, 49.26164], [4.3504, 49.26104], [4.35167, 49.26061], [4.35282, 49.26058], [4.3539, 49.26084], [4.35548, 49.26161], [4.35944, 49.25853], [4.35339, 49.25508], [4.35292, 49.25439], [4.35286, 49.25383], [4.35304, 49.25328], [4.35366, 49.25264], [4.3546, 49.2522], [4.35543, 49.25205], [4.35658, 49.25211], [4.35737, 49.25234], [4.36032, 49.25385], [4.36602, 49.25718], [4.3678, 49.25786], [4.37069, 49.25821], [4.37248, 49.25878], [4.38206, 49.26436], [4.38352, 49.26377], [4.38674, 49.26322], [4.38828, 49.26308], [4.38957, 49.26318], [4.38934, 49.26247], [4.38953, 49.26167], [4.39003, 49.26109], [4.39038, 49.26014], [4.39136, 49.25915], [4.39161, 49.25828], [4.39248, 49.2575], [4.39225, 49.25631], [4.39267, 49.25531], [4.39238, 49.25402], [4.39269, 49.25296], [4.39379, 49.25176], [4.39584, 49.25086], [4.39653, 49.24961], [4.39768, 49.24873], [4.39707, 49.24774], [4.39695, 49.2467], [4.39582, 49.24645], [4.3884, 49.24658], [4.38437, 49.24598], [4.37502, 49.24396], [4.37384, 49.24435], [4.37241, 49.24433], [4.37095, 49.24374], [4.37029, 49.2429], [4.36825, 49.24246], [4.3607, 49.2421], [4.35972, 49.24259], [4.35832, 49.24277], [4.35695, 49.24249], [4.3559, 49.24177], [4.34367, 49.24116], [4.34299, 49.2418], [4.34201, 49.24219], [4.34059, 49.2423], [4.33915, 49.24191], [4.33707, 49.24286], [4.33557, 49.24318], [4.33428, 49.24318], [4.33218, 49.24282], [4.33092, 49.24323], [4.32978, 49.24334], [4.32697, 49.24289], [4.32765, 49.2442], [4.32763, 49.24529], [4.32568, 49.24812], [4.32414, 49.24902], [4.32206, 49.2495], [4.32122, 49.25036], [4.32, 49.25104], [4.31853, 49.25146], [4.31694, 49.25157], [4.31577, 49.25146], [4.31428, 49.25106], [4.31304, 49.25038], [4.31217, 49.24949], [4.31174, 49.24847], [4.3118, 49.24737], [4.31233, 49.24638], [4.31342, 49.24545], [4.31258, 49.24512], [4.30971, 49.24492], [4.30814, 49.24451], [4.30582, 49.2453], [4.30317, 49.24527], [4.29938, 49.24428], [4.29608, 49.24237], [4.27644, 49.24275], [4.27495, 49.24246], [4.27078, 49.24087], [4.26956, 49.24185]], [[4.30155, 49.24892], [4.30047, 49.2501], [4.29879, 49.25091], [4.29654, 49.2513], [4.29447, 49.2511], [4.29268, 49.25039], [4.29144, 49.2493], [4.29088, 49.24787], [4.29118, 49.24652], [4.29226, 49.24534], [4.29394, 49.24453], [4.29619, 49.24414], [4.29826, 49.24435], [4.30005, 49.24505], [4.3013, 49.24615], [4.30185, 49.24757], [4.30155, 49.24892]], [[4.32776, 49.25138], [4.32897, 49.25025], [4.33075, 49.24951], [4.33336, 49.24931], [4.33536, 49.24975], [4.33756, 49.25104], [4.33861, 49.25227], [4.33884, 49.25367], [4.33821, 49.25502], [4.33684, 49.25624], [4.33504, 49.25699], [4.33293, 49.25722], [4.33038, 49.25673], [4.32905, 49.25601], [4.32798, 49.25485], [4.32729, 49.25309], [4.32776, 49.25138]]], [[[4.2443, 49.29564], [4.24725, 49.29764], [4.2486, 49.29757], [4.25018, 49.29777], [4.2524, 49.29877], [4.25359, 49.30028], [4.25355, 49.302], [4.25461, 49.3029], [4.25578, 49.30254], [4.25733, 49.30238], [4.25986, 49.30276], [4.26184, 49.30381], [4.26298, 49.30532], [4.26462, 49.30531], [4.26614, 49.30561], [4.26746, 49.30619], [4.26863, 49.30719], [4.27033, 49.30645], [4.27274, 49.30603], [4.27408, 49.30526], [4.27535, 49.30489], [4.27608, 49.30383], [4.27778, 49.30273], [4.27213, 49.29693], [4.27194, 49.29637], [4.27207, 49.29563], [4.27246, 49.29512], [4.27329, 49.2946], [4.27494, 49.2943], [4.27606, 49.29446], [4.2768, 49.29476], [4.28303, 49.30093], [4.28386, 49.30091], [4.28192, 49.29821], [4.2781, 49.29517], [4.27564, 49.29286], [4.26287, 49.2909], [4.25753, 49.29058], [4.25629, 49.29123], [4.25488, 49.29137], [4.25353, 49.29106], [4.25249, 49.29028], [4.24726, 49.28998], [4.24593, 49.29262], [4.24546, 49.29431], [4.2443, 49.29564]]], [[[4.27082, 49.32469], [4.27252, 49.32565], [4.27309, 49.32669], [4.28062, 49.32952], [4.28203, 49.32924], [4.28369, 49.32951], [4.2847, 49.33018], [4.28511, 49.3312], [4.28587, 49.33148], [4.28739, 49.33119], [4.28879, 49.33141], [4.29001, 49.33219], [4.29037, 49.33317], [4.29664, 49.33553], [4.29766, 49.33612], [4.29903, 49.33614], [4.30006, 49.33648], [4.30106, 49.33739], [4.30111, 49.33851], [4.3054, 49.34152], [4.30721, 49.34241], [4.31082, 49.34347], [4.31491, 49.34518], [4.31723, 49.34448], [4.3188, 49.34443], [4.32017, 49.34464], [4.32218, 49.34405], [4.3246, 49.34407], [4.32709, 49.34098], [4.33531, 49.3348], [4.34003, 49.33077], [4.34332, 49.32895], [4.33018, 49.3157], [4.32742, 49.31141], [4.32567, 49.30702], [4.3236, 49.30669], [4.32113, 49.30546], [4.31977, 49.30577], [4.31711, 49.30596], [4.31579, 49.30644], [4.31398, 49.3067], [4.3119, 49.30652], [4.31025, 49.30591], [4.30854, 49.30635], [4.30685, 49.3064], [4.30431, 49.30687], [4.30277, 49.30675], [4.30112, 49.30625], [4.29911, 49.3071], [4.29721, 49.3075], [4.29536, 49.30755], [4.29438, 49.3081], [4.29355, 49.31065], [4.29236, 49.31146], [4.28958, 49.31193], [4.28727, 49.31257], [4.28199, 49.31265], [4.28094, 49.31356], [4.27912, 49.31411], [4.27846, 49.31462], [4.2782, 49.31627], [4.27767, 49.31724], [4.27667, 49.31811], [4.27537, 49.31874], [4.27288, 49.31929], [4.27131, 49.31935], [4.26925, 49.31905], [4.26689, 49.31811], [4.26639, 49.3183], [4.26836, 49.31945], [4.26918, 49.32032], [4.26963, 49.32137], [4.2696, 49.32231], [4.27024, 49.32309], [4.27082, 49.32469]]], [[[4.33097, 49.30502], [4.33306, 49.31027], [4.33492, 49.31331], [4.34778, 49.32636], [4.34803, 49.3262], [4.34778, 49.32473], [4.34816, 49.32374], [4.34979, 49.3221], [4.35137, 49.3212], [4.35335, 49.32076], [4.35576, 49.32087], [4.35746, 49.32138], [4.359, 49.3223], [4.35988, 49.32342], [4.36014, 49.32477], [4.35981, 49.32578], [4.35881, 49.32694], [4.35692, 49.32811], [4.35544, 49.32848], [4.35268, 49.32861], [4.35116, 49.32962], [4.35605, 49.33285], [4.36715, 49.33831], [4.36701, 49.33524], [4.36584, 49.33139], [4.36458, 49.32832], [4.36245, 49.32435], [4.36238, 49.32301], [4.36313, 49.32119], [4.36258, 49.31999], [4.3626, 49.31896], [4.36043, 49.31824], [4.35888, 49.31886], [4.35802, 49.31891], [4.3569, 49.31872], [4.35564, 49.31796], [4.35524, 49.31687], [4.35542, 49.31632], [4.3567, 49.3146], [4.35747, 49.31407], [4.35853, 49.31377], [4.36023, 49.31385], [4.36471, 49.31533], [4.36862, 49.30885], [4.3682, 49.30765], [4.36796, 49.30543], [4.36833, 49.30058], [4.36492, 49.30184], [4.36229, 49.3019], [4.35993, 49.30113], [4.35831, 49.29968], [4.35715, 49.29916], [4.35595, 49.29957], [4.35599, 49.30072], [4.35553, 49.30171], [4.35285, 49.3043], [4.35127, 49.30518], [4.34954, 49.30562], [4.34744, 49.30565], [4.34548, 49.30515], [4.34397, 49.30419], [4.34318, 49.30315], [4.33956, 49.30327], [4.33788, 49.30305], [4.33643, 49.30334], [4.33476, 49.30336], [4.33345, 49.30408], [4.33125, 49.30457], [4.33097, 49.30502]]], [[[4.37418, 49.29966], [4.37386, 49.30529], [4.37457, 49.30926], [4.36852, 49.31954], [4.369, 49.32057], [4.36907, 49.32136], [4.36824, 49.32355], [4.37021, 49.32715], [4.37158, 49.33049], [4.37286, 49.33469], [4.37305, 49.33807], [4.37364, 49.33931], [4.37388, 49.33933], [4.3745, 49.33917], [4.37481, 49.33494], [4.37546, 49.33413], [4.37885, 49.33147], [4.38032, 49.32533], [4.38314, 49.32011], [4.3851, 49.31704], [4.38846, 49.3142], [4.39073, 49.31145], [4.39402, 49.30945], [4.39543, 49.30679], [4.39421, 49.3061], [4.39231, 49.30574], [4.3913, 49.30537], [4.39, 49.30451], [4.38795, 49.30801], [4.38571, 49.3107], [4.38482, 49.31118], [4.38401, 49.31137], [4.38285, 49.31137], [4.38204, 49.31118], [4.38134, 49.31084], [4.3807, 49.31022], [4.38048, 49.30948], [4.3806, 49.30892], [4.38251, 49.30651], [4.3851, 49.30212], [4.38648, 49.30114], [4.38484, 49.301], [4.38389, 49.30057], [4.38331, 49.29999], [4.37613, 49.29784], [4.37528, 49.29895], [4.37418, 49.29966]]], [[[4.41657, 49.30459], [4.41553, 49.30505], [4.41404, 49.30538], [4.41246, 49.30541], [4.41084, 49.30511], [4.41052, 49.30614], [4.41584, 49.30902], [4.42095, 49.31211], [4.42262, 49.31064], [4.42498, 49.30992], [4.42758, 49.31], [4.42963, 49.31077], [4.42906, 49.30527], [4.42736, 49.30502], [4.42508, 49.30423], [4.42378, 49.30471], [4.42225, 49.30494], [4.41657, 49.30459]]], [[[4.43932, 49.30454], [4.43802, 49.3049], [4.43622, 49.30502], [4.43499, 49.3054], [4.43549, 49.30869], [4.43553, 49.31138], [4.43426, 49.32021], [4.45644, 49.33367], [4.46337, 49.33984], [4.46565, 49.33979], [4.46827, 49.34044], [4.46986, 49.3355], [4.4715, 49.33267], [4.47406, 49.32976], [4.47624, 49.32821], [4.47871, 49.32569], [4.48064, 49.32299], [4.48104, 49.32124], [4.48292, 49.31654], [4.48352, 49.3153], [4.48529, 49.31303], [4.48512, 49.31278], [4.48343, 49.31214], [4.48237, 49.31136], [4.4817, 49.31042], [4.48149, 49.30939], [4.47927, 49.30819], [4.47631, 49.30707], [4.47482, 49.30593], [4.47408, 49.30578], [4.47298, 49.30605], [4.4718, 49.30608], [4.4707, 49.30589], [4.46943, 49.30537], [4.46432, 49.30536], [4.463, 49.30482], [4.46233, 49.30414], [4.46067, 49.30381], [4.45817, 49.30293], [4.45733, 49.30357], [4.45638, 49.31142], [4.45576, 49.31205], [4.45482, 49.31249], [4.45369, 49.31265], [4.45283, 49.31258], [4.45139, 49.31198], [4.4507, 49.31095], [4.4514, 49.30434], [4.44989, 49.30396], [4.4468, 49.30418], [4.44407, 49.3039], [4.44311, 49.30429], [4.44151, 49.30458], [4.43932, 49.30454]], [[4.4407, 49.31113], [4.43983, 49.30989], [4.43975, 49.30845], [4.44048, 49.30717], [4.4419, 49.30617], [4.44381, 49.3056], [4.44595, 49.30555], [4.44792, 49.30602], [4.44945, 49.30695], [4.45032, 49.3082], [4.45039, 49.30963], [4.44966, 49.31092], [4.44824, 49.31192], [4.44633, 49.31249], [4.44418, 49.31254], [4.44223, 49.31206], [4.4407, 49.31113]]], [[[4.40094, 49.29782], [4.40247, 49.29803], [4.40351, 49.29589], [4.40514, 49.2903], [4.40633, 49.28949], [4.408, 49.28925], [4.40884, 49.28938], [4.40981, 49.28978], [4.41047, 49.2904], [4.41072, 49.29114], [4.40929, 49.29667], [4.40861, 49.29817], [4.40956, 49.2984], [4.41149, 49.29785], [4.41366, 49.29783], [4.41561, 49.29833], [4.41682, 49.29904], [4.4179, 49.29899], [4.4195, 49.29823], [4.42034, 49.29748], [4.42157, 49.29681], [4.42448, 49.29608], [4.42516, 49.29459], [4.42711, 49.29303], [4.42833, 49.29238], [4.43021, 49.29194], [4.43178, 49.28988], [4.42904, 49.28877], [4.42828, 49.2882], [4.42788, 49.28711], [4.42848, 49.28606], [4.4296, 49.28548], [4.43129, 49.28533], [4.43477, 49.28655], [4.43986, 49.2799], [4.44359, 49.27766], [4.44406, 49.27672], [4.44543, 49.27598], [4.44819, 49.27297], [4.44969, 49.27251], [4.45124, 49.27262], [4.45315, 49.27205], [4.46651, 49.26757], [4.46711, 49.26709], [4.46807, 49.26672], [4.47104, 49.26625], [4.4759, 49.26606], [4.47415, 49.2625], [4.47198, 49.2595], [4.46947, 49.25723], [4.46835, 49.25687], [4.46717, 49.25619], [4.46617, 49.25498], [4.46595, 49.25362], [4.46639, 49.25152], [4.46687, 49.25056], [4.46612, 49.24869], [4.46511, 49.24248], [4.4627, 49.24274], [4.46064, 49.24253], [4.45886, 49.24181], [4.45768, 49.24077], [4.45666, 49.24061], [4.45509, 49.24181], [4.45274, 49.24255], [4.45044, 49.24258], [4.44839, 49.24201], [4.44378, 49.24307], [4.44221, 49.24301], [4.44047, 49.24255], [4.43467, 49.24391], [4.42713, 49.24487], [4.43116, 49.24799], [4.43142, 49.24891], [4.43098, 49.24981], [4.43019, 49.25036], [4.42942, 49.25061], [4.42857, 49.25072], [4.42744, 49.25059], [4.42646, 49.2502], [4.4234, 49.24793], [4.42276, 49.24912], [4.42964, 49.25332], [4.42998, 49.25405], [4.42987, 49.25481], [4.42849, 49.25612], [4.42669, 49.25655], [4.42581, 49.2565], [4.42475, 49.25617], [4.42394, 49.25556], [4.42354, 49.25485], [4.41741, 49.2511], [4.41712, 49.25111], [4.41759, 49.2522], [4.4174, 49.25389], [4.41593, 49.2552], [4.41468, 49.25582], [4.41321, 49.25617], [4.41164, 49.25624], [4.40963, 49.25585], [4.40808, 49.25514], [4.40696, 49.25543], [4.40529, 49.25554], [4.40491, 49.25606], [4.40567, 49.25711], [4.40539, 49.25822], [4.40422, 49.25904], [4.40255, 49.25929], [4.39664, 49.26739], [4.39737, 49.2682], [4.39776, 49.26932], [4.39819, 49.26966], [4.41563, 49.27572], [4.41637, 49.27629], [4.41667, 49.27683], [4.41653, 49.27794], [4.41609, 49.27843], [4.41521, 49.27892], [4.41412, 49.27914], [4.41297, 49.27908], [4.39962, 49.27449], [4.39959, 49.27479], [4.4029, 49.27617], [4.40449, 49.27716], [4.4049, 49.27825], [4.40432, 49.2793], [4.40294, 49.27997], [4.40123, 49.28002], [4.3962, 49.27795], [4.39597, 49.27811], [4.39584, 49.27951], [4.39544, 49.2802], [4.39455, 49.28104], [4.39334, 49.28168], [4.39189, 49.28206], [4.39034, 49.28215], [4.38752, 49.28158], [4.38495, 49.28573], [4.3851, 49.28661], [4.38484, 49.28762], [4.38342, 49.28909], [4.3822, 49.29123], [4.38396, 49.29179], [4.3865, 49.29315], [4.38764, 49.29424], [4.38944, 49.29506], [4.39041, 49.29617], [4.39124, 49.29562], [4.39273, 49.29508], [4.39426, 49.29485], [4.39583, 49.29492], [4.39843, 49.29572], [4.39949, 49.29648], [4.40019, 49.29747], [4.40094, 49.29782]], [[4.42427, 49.25983], [4.42476, 49.25854], [4.42599, 49.25744], [4.42773, 49.25673], [4.42975, 49.2565], [4.43175, 49.25678], [4.43349, 49.25755], [4.4348, 49.25897], [4.43503, 49.2603], [4.43449, 49.26159], [4.43321, 49.26268], [4.43137, 49.26337], [4.42927, 49.26355], [4.42723, 49.26318], [4.42555, 49.26231], [4.42454, 49.26115], [4.42427, 49.25983]], [[4.4106, 49.26934], [4.41062, 49.26797], [4.41145, 49.2667], [4.41298, 49.26571], [4.41491, 49.2652], [4.41699, 49.26521], [4.41897, 49.26577], [4.42045, 49.26675], [4.42124, 49.26802], [4.42122, 49.2694], [4.4204, 49.27066], [4.41886, 49.27165], [4.41694, 49.27216], [4.41485, 49.27215], [4.41287, 49.2716], [4.41139, 49.27062], [4.4106, 49.26934]]], [[[4.41415, 49.23327], [4.41539, 49.2335], [4.41703, 49.23344], [4.41887, 49.23369], [4.42029, 49.23414], [4.42144, 49.23484], [4.42254, 49.23639], [4.4226, 49.23742], [4.42231, 49.23833], [4.4228, 49.23935], [4.42278, 49.24055], [4.42414, 49.24131], [4.43304, 49.2402], [4.43787, 49.23908], [4.43827, 49.23802], [4.43909, 49.23714], [4.44103, 49.23611], [4.44287, 49.2355], [4.44544, 49.23512], [4.44728, 49.23524], [4.44839, 49.23549], [4.45136, 49.23468], [4.45311, 49.23459], [4.45435, 49.23475], [4.45532, 49.23419], [4.45688, 49.2337], [4.4579, 49.23307], [4.45635, 49.2316], [4.45446, 49.22793], [4.45098, 49.22651], [4.43874, 49.21859], [4.43192, 49.21585], [4.42423, 49.21037], [4.42265, 49.2096], [4.42148, 49.2098], [4.42091, 49.21044], [4.41976, 49.21104], [4.41782, 49.21124], [4.41661, 49.21173], [4.41498, 49.21208], [4.41483, 49.21266], [4.41637, 49.21286], [4.41761, 49.2135], [4.41837, 49.21444], [4.41855, 49.21513], [4.41831, 49.21597], [4.41758, 49.21668], [4.41628, 49.2172], [4.41471, 49.21738], [4.41516, 49.21827], [4.41524, 49.21969], [4.41507, 49.22085], [4.41449, 49.22204], [4.42614, 49.22367], [4.42687, 49.22398], [4.42757, 49.22458], [4.42783, 49.22512], [4.42779, 49.22587], [4.42747, 49.2264], [4.42672, 49.22696], [4.42596, 49.22724], [4.42483, 49.22736], [4.41316, 49.2258], [4.4122, 49.22643], [4.41298, 49.22774], [4.41277, 49.22944], [4.41172, 49.23066], [4.41039, 49.23137], [4.41051, 49.23198], [4.41162, 49.23203], [4.41279, 49.23232], [4.41415, 49.23327]]], [[[4.2975, 49.29618], [4.28625, 49.29446], [4.28452, 49.2942], [4.28699, 49.29623], [4.29019, 49.30052], [4.29127, 49.30077], [4.29257, 49.30018], [4.29402, 49.29981], [4.2974, 49.29954], [4.29937, 49.29987], [4.3023, 49.29902], [4.30184, 49.29814], [4.30063, 49.29797], [4.29924, 49.29751], [4.2975, 49.29618]]], [[[4.25249, 49.31583], [4.25017, 49.31594], [4.24676, 49.31661], [4.24156, 49.31662], [4.24088, 49.3169], [4.24154, 49.31781], [4.24178, 49.31885], [4.2433, 49.31891], [4.25055, 49.32104], [4.25053, 49.31998], [4.25121, 49.31868], [4.25248, 49.31763], [4.25418, 49.31693], [4.25249, 49.31583]]], [[[4.40444, 49.16122], [4.41191, 49.1779], [4.41277, 49.17725], [4.41409, 49.17668], [4.41565, 49.17638], [4.41722, 49.17639], [4.41961, 49.17706], [4.42071, 49.17779], [4.42144, 49.1787], [4.42175, 49.17974], [4.42158, 49.18076], [4.42097, 49.18171], [4.41997, 49.1825], [4.41866, 49.18307], [4.4171, 49.18337], [4.41552, 49.18336], [4.41427, 49.18313], [4.41483, 49.18435], [4.41754, 49.18518], [4.42868, 49.18382], [4.42975, 49.18355], [4.43175, 49.1828], [4.43115, 49.1814], [4.43143, 49.18004], [4.43237, 49.17893], [4.4339, 49.178], [4.43609, 49.1772], [4.43815, 49.177], [4.44018, 49.17733], [4.44231, 49.17843], [4.44331, 49.17696], [4.44471, 49.17613], [4.44526, 49.17541], [4.44601, 49.17495], [4.44782, 49.17456], [4.44968, 49.17493], [4.4512, 49.17454], [4.45122, 49.17437], [4.4495, 49.17319], [4.4492, 49.17243], [4.44926, 49.17177], [4.44994, 49.17088], [4.45062, 49.17048], [4.45173, 49.17017], [4.45237, 49.16937], [4.4533, 49.16872], [4.44215, 49.16783], [4.41998, 49.16491], [4.41753, 49.16403], [4.40889, 49.15988], [4.405, 49.15741], [4.40534, 49.15951], [4.40499, 49.16054], [4.40444, 49.16122]]], [[[4.28441, 49.18459], [4.28286, 49.18229], [4.27859, 49.17913], [4.27673, 49.17697], [4.27544, 49.17663], [4.27465, 49.17609], [4.27424, 49.17539], [4.27425, 49.17468], [4.26089, 49.18481], [4.2674, 49.18501], [4.26983, 49.18525], [4.2721, 49.1858], [4.27392, 49.18595], [4.27783, 49.18554], [4.28032, 49.18555], [4.2822, 49.18568], [4.28378, 49.18607], [4.28441, 49.18459]]], [[[4.2821, 49.18981], [4.27993, 49.1894], [4.27851, 49.18939], [4.27344, 49.18979], [4.2707, 49.18956], [4.26621, 49.1888], [4.25927, 49.18862], [4.25648, 49.18813], [4.25209, 49.19144], [4.25397, 49.19447], [4.26243, 49.194], [4.26399, 49.19446], [4.26481, 49.19522], [4.265, 49.19578], [4.26486, 49.19652], [4.26429, 49.19718], [4.26338, 49.19764], [4.26227, 49.19784], [4.25624, 49.19819], [4.25723, 49.1998], [4.28191, 49.19813], [4.28219, 49.19765], [4.28168, 49.19671], [4.28159, 49.19569], [4.28301, 49.19282], [4.28202, 49.19139], [4.2821, 49.18981]]], [[[4.29351, 49.19731], [4.29786, 49.19699], [4.29522, 49.19651], [4.29415, 49.19667], [4.29351, 49.19731]]], [[[4.32425, 49.206], [4.32851, 49.20574], [4.33973, 49.20462], [4.34172, 49.20505], [4.34308, 49.20607], [4.3435, 49.20712], [4.34345, 49.20858], [4.34245, 49.21145], [4.34511, 49.21247], [4.3466, 49.21326], [4.34744, 49.21405], [4.34782, 49.21491], [4.34771, 49.21586], [4.34727, 49.21662], [4.34399, 49.21989], [4.34668, 49.22087], [4.34912, 49.22314], [4.35053, 49.22536], [4.35078, 49.22646], [4.35047, 49.22764], [4.34858, 49.22967], [4.34745, 49.23217], [4.34542, 49.23383], [4.34465, 49.23647], [4.34476, 49.23735], [4.36938, 49.23867], [4.38395, 49.24185], [4.38924, 49.24276], [4.39626, 49.2426], [4.39982, 49.24325], [4.40119, 49.24217], [4.40268, 49.24163], [4.40275, 49.24045], [4.40359, 49.23916], [4.40295, 49.23818], [4.39867, 49.23692], [4.39071, 49.23578], [4.38557, 49.23482], [4.38441, 49.23427], [4.38373, 49.23324], [4.38392, 49.23231], [4.38454, 49.23168], [4.38549, 49.23125], [4.3869, 49.2311], [4.40036, 49.23322], [4.40486, 49.23451], [4.40504, 49.23442], [4.40441, 49.23115], [4.40279, 49.22989], [4.40231, 49.22891], [4.40229, 49.22782], [4.40107, 49.22674], [4.39972, 49.22443], [4.39863, 49.22327], [4.39831, 49.22228], [4.39849, 49.22114], [4.39296, 49.22031], [4.38845, 49.2194], [4.38365, 49.21787], [4.38026, 49.217], [4.37834, 49.21601], [4.37447, 49.2145], [4.37299, 49.21335], [4.37114, 49.21277], [4.36876, 49.22119], [4.36833, 49.22188], [4.36775, 49.22231], [4.36675, 49.22267], [4.36589, 49.22276], [4.36476, 49.22262], [4.36402, 49.22233], [4.36328, 49.22175], [4.36293, 49.22066], [4.36612, 49.20939], [4.36687, 49.20854], [4.36838, 49.20801], [4.37008, 49.20811], [4.37629, 49.21012], [4.37825, 49.21153], [4.38152, 49.21276], [4.38299, 49.21356], [4.38614, 49.21437], [4.3903, 49.21574], [4.39453, 49.21659], [4.40003, 49.21742], [4.40131, 49.21639], [4.40301, 49.21575], [4.40454, 49.21549], [4.40808, 49.21534], [4.40941, 49.21073], [4.40838, 49.20921], [4.40867, 49.20652], [4.40792, 49.20583], [4.40739, 49.20486], [4.40738, 49.20315], [4.40791, 49.20218], [4.40884, 49.20135], [4.4111, 49.20047], [4.41139, 49.19886], [4.4125, 49.19712], [4.41327, 49.19634], [4.41168, 49.1918], [4.41022, 49.19116], [4.40904, 49.19014], [4.36396, 49.19548], [4.32588, 49.19873], [4.32591, 49.20046], [4.32497, 49.20186], [4.32555, 49.203], [4.32562, 49.20401], [4.32524, 49.20499], [4.32425, 49.206]]], [[[4.33547, 49.21263], [4.33417, 49.21351], [4.33699, 49.21335], [4.33652, 49.21262], [4.33637, 49.21173], [4.33738, 49.20873], [4.336, 49.20887], [4.33644, 49.20963], [4.33659, 49.21068], [4.33626, 49.21171], [4.33547, 49.21263]]], [[[4.3234, 49.23934], [4.32586, 49.2391], [4.32553, 49.23823], [4.3246, 49.23887], [4.3234, 49.23934]]], [[[4.3956, 49.32321], [4.39532, 49.32219], [4.39549, 49.32117], [4.39625, 49.32005], [4.39727, 49.31927], [4.39859, 49.31871], [4.40011, 49.31843], [4.40168, 49.31844], [4.40292, 49.31868], [4.40184, 49.31551], [4.40196, 49.31322], [4.40164, 49.31102], [4.40189, 49.30892], [4.40059, 49.30892], [4.39905, 49.31149], [4.39789, 49.31241], [4.39541, 49.31382], [4.39342, 49.31628], [4.39016, 49.31935], [4.38865, 49.32151], [4.38597, 49.32645], [4.38442, 49.33281], [4.38373, 49.33366], [4.38047, 49.33622], [4.38047, 49.34035], [4.38258, 49.34087], [4.38465, 49.34227], [4.38461, 49.34152], [4.38501, 49.34081], [4.38557, 49.34038], [4.38656, 49.34], [4.38742, 49.3399], [4.38855, 49.34002], [4.38953, 49.34041], [4.39008, 49.34085], [4.39107, 49.34348], [4.39026, 49.34617], [4.41306, 49.34595], [4.41385, 49.34497], [4.41496, 49.34424], [4.41634, 49.34374], [4.41841, 49.34354], [4.42045, 49.34386], [4.42235, 49.34473], [4.42344, 49.3459], [4.42375, 49.34719], [4.43657, 49.34822], [4.45008, 49.34794], [4.45647, 49.34843], [4.45935, 49.34847], [4.45897, 49.34681], [4.45982, 49.34524], [4.45913, 49.34396], [4.45915, 49.34262], [4.45292, 49.33688], [4.41201, 49.31196], [4.40772, 49.30964], [4.40755, 49.31094], [4.40786, 49.31316], [4.40774, 49.31531], [4.40886, 49.31836], [4.40898, 49.32004], [4.40549, 49.32542], [4.40474, 49.32599], [4.40399, 49.32627], [4.40314, 49.32639], [4.402, 49.32631], [4.40057, 49.32564], [4.39897, 49.32542], [4.39741, 49.32486], [4.39632, 49.32412], [4.3956, 49.32321]]], [[[4.33409, 49.34722], [4.34552, 49.34582], [4.34695, 49.34592], [4.34959, 49.34656], [4.35115, 49.34662], [4.35247, 49.34647], [4.35946, 49.34502], [4.36106, 49.34283], [4.36375, 49.34146], [4.35227, 49.33582], [4.34946, 49.33413], [4.34668, 49.33213], [4.3444, 49.33338], [4.33983, 49.33728], [4.33163, 49.34345], [4.33091, 49.34431], [4.32981, 49.34592], [4.33215, 49.34625], [4.33409, 49.34722]]], [[[4.73505, 49.17569], [4.73441, 49.17589], [4.73793, 49.17661], [4.73822, 49.17645], [4.73505, 49.17569]]], [[[4.42961, 48.92372], [4.42961, 48.92448], [4.43143, 48.92534], [4.44591, 48.93096], [4.45119, 48.92983], [4.45505, 48.92812], [4.45819, 48.9273], [4.4583, 48.92697], [4.44819, 48.92231], [4.44208, 48.91926], [4.43442, 48.91498], [4.43352, 48.91481], [4.43185, 48.9147], [4.42981, 48.9156], [4.4278, 48.91581], [4.42216, 48.92073], [4.42456, 48.92051], [4.42703, 48.92109], [4.42873, 48.92216], [4.42961, 48.92372]]], [[[4.48071, 49.03295], [4.47883, 49.03224], [4.47295, 49.03328], [4.47447, 49.0376], [4.47486, 49.03808], [4.48399, 49.03649], [4.48547, 49.03512], [4.4878, 49.03436], [4.48901, 49.03426], [4.49056, 49.03439], [4.49264, 49.03514], [4.49669, 49.03454], [4.4953, 49.03056], [4.48692, 49.03153], [4.48573, 49.03238], [4.48387, 49.033], [4.48225, 49.03313], [4.48071, 49.03295]]], [[[4.42596, 49.03357], [4.42608, 49.03393], [4.42665, 49.03392], [4.42596, 49.03357]]], [[[4.39628, 49.03662], [4.39839, 49.03566], [4.39407, 49.03574], [4.38891, 49.03615], [4.38952, 49.0375], [4.38954, 49.03859], [4.392, 49.03938], [4.39458, 49.03849], [4.39514, 49.03757], [4.39628, 49.03662]]], [[[4.44137, 49.06474], [4.44636, 49.06262], [4.44666, 49.06249], [4.44627, 49.0622], [4.44559, 49.06217], [4.44216, 49.0635], [4.44145, 49.064], [4.44137, 49.06474]]], [[[4.45809, 49.06396], [4.45623, 49.06302], [4.45526, 49.06343], [4.4561, 49.06497], [4.45809, 49.06396]]], [[[4.42562, 49.05528], [4.42527, 49.05568], [4.42511, 49.05582], [4.42608, 49.05575], [4.42562, 49.05528]]], [[[4.12895, 49.08676], [4.13049, 49.08584], [4.1327, 49.08501], [4.13117, 49.085], [4.12895, 49.08676]]], [[[4.20578, 49.15266], [4.20333, 49.1546], [4.20052, 49.15707], [4.201, 49.15722], [4.20596, 49.15289], [4.20578, 49.15266]]], [[[4.26228, 49.1001], [4.25852, 49.09944], [4.25773, 49.10528], [4.26228, 49.1001]]], [[[4.29604, 49.05628], [4.29605, 49.05702], [4.30012, 49.051], [4.29777, 49.05192], [4.29802, 49.05303], [4.29783, 49.05404], [4.29722, 49.05506], [4.29604, 49.05628]]], [[[4.28559, 49.0473], [4.28657, 49.05054], [4.28797, 49.05193], [4.28974, 49.0509], [4.28559, 49.0473]]], [[[4.29026, 49.03718], [4.2852, 49.03477], [4.28426, 49.03906], [4.28442, 49.04309], [4.29026, 49.03718]]], [[[4.29453, 49.16364], [4.29468, 49.16049], [4.29485, 49.15909], [4.29134, 49.16174], [4.29453, 49.16364]]], [[[4.34984, 49.02622], [4.34913, 49.02566], [4.34881, 49.02507], [4.34769, 49.02679], [4.35466, 49.02825], [4.35964, 49.02961], [4.36014, 49.02847], [4.35665, 49.02803], [4.34984, 49.02622]]], [[[4.43045, 49.1875], [4.42001, 49.18881], [4.41913, 49.19038], [4.41757, 49.19138], [4.41889, 49.19515], [4.42117, 49.19577], [4.42278, 49.19666], [4.42373, 49.19789], [4.42393, 49.19894], [4.42481, 49.19906], [4.4263, 49.19755], [4.42784, 49.19706], [4.4287, 49.19705], [4.42979, 49.19729], [4.43046, 49.19765], [4.43107, 49.19829], [4.43125, 49.19903], [4.43109, 49.19959], [4.42951, 49.20145], [4.42992, 49.20261], [4.42978, 49.20364], [4.42911, 49.20473], [4.42815, 49.20551], [4.42747, 49.20713], [4.43572, 49.2129], [4.44243, 49.21557], [4.45315, 49.22249], [4.45413, 49.22255], [4.45516, 49.22288], [4.45592, 49.22345], [4.45629, 49.22418], [4.45901, 49.22539], [4.45978, 49.22622], [4.46155, 49.22975], [4.46211, 49.2303], [4.46601, 49.22985], [4.46827, 49.23019], [4.46961, 49.23077], [4.47025, 49.23035], [4.46957, 49.2243], [4.47054, 49.22056], [4.47094, 49.21625], [4.47176, 49.21342], [4.47261, 49.2088], [4.4733, 49.20698], [4.47207, 49.20342], [4.47167, 49.2015], [4.47014, 49.2007], [4.4691, 49.19949], [4.46884, 49.19847], [4.46921, 49.19712], [4.46327, 49.19512], [4.46251, 49.19455], [4.46212, 49.19365], [4.46231, 49.19291], [4.46291, 49.19227], [4.46384, 49.19183], [4.46496, 49.19166], [4.46636, 49.19185], [4.47201, 49.19373], [4.47063, 49.19133], [4.46983, 49.18785], [4.46866, 49.1856], [4.467, 49.18429], [4.46507, 49.18322], [4.46404, 49.18186], [4.46345, 49.18144], [4.46243, 49.18113], [4.4612, 49.18047], [4.46032, 49.1796], [4.45994, 49.17885], [4.4592, 49.1785], [4.45773, 49.17869], [4.45665, 49.18021], [4.45462, 49.18122], [4.45313, 49.18149], [4.45174, 49.18148], [4.44987, 49.18233], [4.44833, 49.18262], [4.44672, 49.1826], [4.44504, 49.18222], [4.44398, 49.18262], [4.44325, 49.18395], [4.44145, 49.18514], [4.43901, 49.18566], [4.43666, 49.18541], [4.43238, 49.187], [4.43045, 49.1875]], [[4.43883, 49.18961], [4.43811, 49.18867], [4.43817, 49.18762], [4.43858, 49.18702], [4.44038, 49.18556], [4.44151, 49.18521], [4.44284, 49.18517], [4.44444, 49.18553], [4.44547, 49.18609], [4.44611, 49.18697], [4.44616, 49.18787], [4.44565, 49.18924], [4.44457, 49.1901], [4.44342, 49.1905], [4.44155, 49.19061], [4.44022, 49.19035], [4.43883, 49.18961]]], [[[4.50175, 49.29897], [4.49843, 49.30382], [4.49973, 49.30421], [4.53007, 49.28424], [4.53061, 49.28293], [4.53148, 49.28207], [4.53245, 49.28148], [4.53437, 49.27861], [4.5331, 49.27766], [4.53251, 49.27671], [4.53235, 49.27567], [4.53267, 49.27466], [4.53341, 49.27375], [4.53453, 49.27302], [4.53592, 49.27254], [4.5375, 49.27234], [4.53722, 49.2698], [4.53887, 49.26404], [4.53947, 49.26318], [4.54098, 49.26185], [4.54263, 49.25964], [4.54411, 49.25837], [4.54483, 49.25719], [4.5459, 49.25628], [4.54592, 49.25561], [4.54454, 49.25443], [4.54409, 49.25344], [4.54414, 49.2523], [4.54298, 49.25119], [4.54245, 49.25006], [4.54131, 49.24989], [4.53927, 49.25043], [4.53721, 49.25041], [4.53519, 49.24984], [4.53347, 49.24855], [4.5329, 49.24723], [4.53315, 49.24586], [4.53421, 49.24462], [4.53569, 49.24384], [4.53036, 49.24322], [4.52603, 49.24312], [4.52429, 49.2429], [4.52236, 49.24231], [4.52043, 49.24135], [4.51515, 49.23997], [4.51483, 49.24128], [4.5138, 49.24247], [4.5126, 49.24314], [4.51132, 49.24352], [4.50989, 49.24452], [4.50803, 49.24507], [4.50755, 49.24563], [4.50668, 49.24612], [4.50529, 49.24636], [4.50416, 49.24623], [4.503, 49.24568], [4.50244, 49.24501], [4.50236, 49.24558], [4.50367, 49.24655], [4.50427, 49.2475], [4.50442, 49.24853], [4.50415, 49.24945], [4.50488, 49.25078], [4.50421, 49.25473], [4.50303, 49.25706], [4.50333, 49.25802], [4.50356, 49.26387], [4.5034, 49.26516], [4.50249, 49.26727], [4.50293, 49.2692], [4.5027, 49.27419], [4.50229, 49.27509], [4.50129, 49.27576], [4.49992, 49.27604], [4.49851, 49.27587], [4.4974, 49.27528], [4.49684, 49.27441], [4.49703, 49.26928], [4.49656, 49.26729], [4.49766, 49.26414], [4.49744, 49.25831], [4.49713, 49.25685], [4.49736, 49.2559], [4.49839, 49.25413], [4.49881, 49.25186], [4.49722, 49.25165], [4.49544, 49.25095], [4.4942, 49.24985], [4.4937, 49.24852], [4.49386, 49.24749], [4.49446, 49.24653], [4.49546, 49.24574], [4.49648, 49.24527], [4.49685, 49.24322], [4.49525, 49.24189], [4.49329, 49.24095], [4.49167, 49.2406], [4.48899, 49.23941], [4.48783, 49.23873], [4.48717, 49.23806], [4.4818, 49.23726], [4.47995, 49.23769], [4.47851, 49.23919], [4.47724, 49.23979], [4.47564, 49.24014], [4.47494, 49.24088], [4.47378, 49.24157], [4.47237, 49.24201], [4.47102, 49.24221], [4.47214, 49.24861], [4.47394, 49.24884], [4.47531, 49.24934], [4.47639, 49.25009], [4.47724, 49.25134], [4.47737, 49.25393], [4.47678, 49.25535], [4.4758, 49.25637], [4.47707, 49.25754], [4.47956, 49.26095], [4.48181, 49.2655], [4.48197, 49.26635], [4.48176, 49.26773], [4.48344, 49.27172], [4.48394, 49.27407], [4.48488, 49.27531], [4.48651, 49.28006], [4.48654, 49.28081], [4.48627, 49.28135], [4.48533, 49.28206], [4.48399, 49.2824], [4.48257, 49.28228], [4.4814, 49.28174], [4.48076, 49.2809], [4.47927, 49.27656], [4.4783, 49.27523], [4.4777, 49.27262], [4.47655, 49.2699], [4.47196, 49.27007], [4.45579, 49.2755], [4.45174, 49.27665], [4.45167, 49.27743], [4.45116, 49.2781], [4.45007, 49.27867], [4.44939, 49.27936], [4.44761, 49.28048], [4.44478, 49.28206], [4.44214, 49.28551], [4.44219, 49.28617], [4.44182, 49.28688], [4.44044, 49.28769], [4.43674, 49.29198], [4.43674, 49.2928], [4.43628, 49.2936], [4.4373, 49.29537], [4.43735, 49.2964], [4.43709, 49.29714], [4.43728, 49.29732], [4.43954, 49.29777], [4.44072, 49.29837], [4.44458, 49.298], [4.44599, 49.29684], [4.44698, 49.29535], [4.44808, 49.29464], [4.45171, 49.29363], [4.45388, 49.29347], [4.45618, 49.29047], [4.46016, 49.28403], [4.46073, 49.28361], [4.46173, 49.28324], [4.46345, 49.28323], [4.46447, 49.28357], [4.46521, 49.28414], [4.46556, 49.28486], [4.46547, 49.28561], [4.4616, 49.29201], [4.45879, 49.29566], [4.46085, 49.29685], [4.46272, 49.2967], [4.46497, 49.29708], [4.46665, 49.29791], [4.46772, 49.29915], [4.48052, 49.30253], [4.48626, 49.30525], [4.48773, 49.30498], [4.48849, 49.30419], [4.48967, 49.30352], [4.4911, 49.30309], [4.49258, 49.30296], [4.49596, 49.29806], [4.49883, 49.29299], [4.4998, 49.29214], [4.50118, 49.2895], [4.50439, 49.2855], [4.50651, 49.28366], [4.50933, 49.28], [4.51078, 49.2794], [4.51249, 49.27944], [4.51349, 49.27981], [4.51419, 49.2804], [4.51449, 49.28113], [4.51435, 49.28188], [4.51165, 49.28555], [4.50946, 49.28748], [4.50663, 49.29098], [4.50521, 49.29369], [4.50404, 49.29485], [4.50175, 49.29897]]], [[[4.47544, 49.22459], [4.47632, 49.23112], [4.47816, 49.23068], [4.47907, 49.22983], [4.48077, 49.22904], [4.48229, 49.22877], [4.48393, 49.22879], [4.48543, 49.22912], [4.48679, 49.22976], [4.48846, 49.22978], [4.49041, 49.23028], [4.49219, 49.23152], [4.49285, 49.23293], [4.49462, 49.23326], [4.4958, 49.23272], [4.49734, 49.23239], [4.50224, 49.23235], [4.50583, 49.23308], [4.50718, 49.23357], [4.50811, 49.23414], [4.51042, 49.23437], [4.51221, 49.23513], [4.53887, 49.22242], [4.53894, 49.22151], [4.53796, 49.22098], [4.53706, 49.22014], [4.53649, 49.21847], [4.53676, 49.21746], [4.53736, 49.21663], [4.53833, 49.21582], [4.53961, 49.21523], [4.53916, 49.19535], [4.53734, 49.19473], [4.53627, 49.19397], [4.53558, 49.19305], [4.53534, 49.19165], [4.53041, 49.1965], [4.52935, 49.19713], [4.52796, 49.19736], [4.52657, 49.19713], [4.52551, 49.1965], [4.52503, 49.19562], [4.52536, 49.19452], [4.53072, 49.18923], [4.53555, 49.18596], [4.53547, 49.18572], [4.53397, 49.18468], [4.5332, 49.18301], [4.52668, 49.18111], [4.52427, 49.18147], [4.52228, 49.18121], [4.52085, 49.18065], [4.51967, 49.17977], [4.51804, 49.17917], [4.51698, 49.17841], [4.5163, 49.17748], [4.51606, 49.17646], [4.51625, 49.17553], [4.50964, 49.17402], [4.4837, 49.17325], [4.47447, 49.17417], [4.47424, 49.17433], [4.47417, 49.17541], [4.47357, 49.17648], [4.47447, 49.17719], [4.47511, 49.17813], [4.47564, 49.18082], [4.47506, 49.18253], [4.47382, 49.18371], [4.47547, 49.18674], [4.47631, 49.19031], [4.47777, 49.19264], [4.4779, 49.194], [4.47759, 49.19529], [4.4792, 49.19645], [4.47987, 49.19806], [4.47968, 49.19907], [4.47915, 49.2], [4.47756, 49.20125], [4.47922, 49.20684], [4.47676, 49.21688], [4.47639, 49.221], [4.47544, 49.22459]], [[4.50623, 49.19679], [4.50703, 49.19808], [4.50701, 49.1995], [4.5062, 49.20075], [4.50472, 49.20171], [4.50279, 49.20222], [4.50064, 49.20221], [4.49869, 49.20167], [4.49721, 49.20068], [4.49643, 49.19939], [4.49648, 49.19798], [4.4973, 49.19675], [4.49875, 49.19581], [4.50064, 49.1953], [4.50277, 49.19529], [4.50473, 49.19582], [4.50623, 49.19679]], [[4.51475, 49.22437], [4.51279, 49.22482], [4.5106, 49.22474], [4.50871, 49.22415], [4.50731, 49.22313], [4.50661, 49.22183], [4.50673, 49.22047], [4.50765, 49.21918], [4.5092, 49.21826], [4.51117, 49.21781], [4.51336, 49.2179], [4.51525, 49.21849], [4.51665, 49.21951], [4.51734, 49.2208], [4.51723, 49.22217], [4.5163, 49.22346], [4.51475, 49.22437]]], [[[4.51165, 49.17037], [4.5188, 49.17202], [4.5205, 49.17096], [4.52249, 49.17051], [4.52459, 49.17059], [4.52613, 49.17102], [4.52768, 49.17198], [4.52862, 49.17359], [4.52971, 49.17451], [4.53023, 49.17527], [4.53149, 49.17553], [4.53257, 49.17611], [4.53381, 49.17642], [4.5347, 49.17698], [4.53526, 49.17791], [4.53525, 49.17851], [4.53485, 49.17928], [4.53512, 49.17935], [4.53699, 49.17842], [4.53924, 49.17809], [4.54015, 49.17746], [4.54162, 49.17691], [4.53552, 49.15104], [4.52862, 49.15302], [4.52725, 49.153], [4.52407, 49.15255], [4.52254, 49.15213], [4.52118, 49.15132], [4.51839, 49.14913], [4.5145, 49.14821], [4.51149, 49.14698], [4.51008, 49.14618], [4.50542, 49.14056], [4.50456, 49.13894], [4.50389, 49.13829], [4.49602, 49.14161], [4.49743, 49.14309], [4.4979, 49.14507], [4.49745, 49.14642], [4.49603, 49.1477], [4.49405, 49.14854], [4.49149, 49.14877], [4.49024, 49.14861], [4.48861, 49.14812], [4.48691, 49.14714], [4.48453, 49.14895], [4.48344, 49.15002], [4.48542, 49.15037], [4.48689, 49.15104], [4.48812, 49.15216], [4.48855, 49.15316], [4.48852, 49.1542], [4.48803, 49.15519], [4.48721, 49.15598], [4.48605, 49.1567], [4.48584, 49.15874], [4.48538, 49.15977], [4.48779, 49.16033], [4.48956, 49.15995], [4.49163, 49.15995], [4.49312, 49.16026], [4.49441, 49.16084], [4.49564, 49.16194], [4.49608, 49.16292], [4.49609, 49.1642], [4.49538, 49.16549], [4.49437, 49.16629], [4.49257, 49.16698], [4.49102, 49.16717], [4.48896, 49.16708], [4.48752, 49.16667], [4.48598, 49.16575], [4.48526, 49.16484], [4.48496, 49.16377], [4.48234, 49.16312], [4.48103, 49.16453], [4.47996, 49.16531], [4.47859, 49.16584], [4.4767, 49.1661], [4.47579, 49.16697], [4.4757, 49.16803], [4.47499, 49.16971], [4.47541, 49.17017], [4.48345, 49.16939], [4.51011, 49.17017], [4.51165, 49.17037]]], [[[4.53462, 49.1472], [4.53335, 49.14177], [4.5323, 49.14131], [4.53128, 49.14054], [4.53065, 49.1396], [4.53042, 49.13855], [4.52809, 49.13839], [4.52549, 49.13737], [4.5225, 49.13716], [4.52035, 49.13628], [4.51835, 49.13654], [4.5163, 49.13628], [4.51456, 49.13553], [4.51334, 49.13431], [4.51118, 49.13522], [4.51068, 49.13618], [4.5097, 49.13706], [4.51069, 49.13885], [4.51254, 49.14087], [4.51459, 49.14369], [4.51772, 49.14496], [4.52008, 49.1454], [4.52175, 49.14596], [4.5257, 49.14884], [4.52772, 49.14912], [4.53462, 49.1472]]], [[[4.53553, 49.01425], [4.53725, 49.02534], [4.55927, 49.01271], [4.55954, 49.01159], [4.56024, 49.01067], [4.56134, 49.00991], [4.56261, 49.00942], [4.56354, 49.00781], [4.56563, 49.00659], [4.55162, 49.00303], [4.55028, 49.00284], [4.54904, 49.00237], [4.53538, 48.99889], [4.53503, 49.00358], [4.53553, 49.01425]]], [[[4.53268, 48.99355], [4.53303, 48.99412], [4.54868, 48.99814], [4.54891, 48.99718], [4.54888, 48.9948], [4.54683, 48.99544], [4.54431, 48.99554], [4.54231, 48.99518], [4.54034, 48.99407], [4.53867, 48.99404], [4.53534, 48.99358], [4.53268, 48.99355]]], [[[4.4475, 49.16438], [4.45614, 49.16506], [4.45758, 49.16386], [4.45942, 49.16322], [4.46149, 49.16309], [4.46375, 49.16357], [4.46424, 49.16346], [4.46596, 49.1625], [4.46542, 49.1614], [4.46552, 49.16006], [4.46639, 49.15884], [4.46799, 49.15762], [4.46819, 49.15689], [4.46887, 49.15594], [4.47253, 49.15364], [4.47389, 49.15322], [4.47533, 49.15307], [4.47704, 49.15014], [4.46948, 49.15081], [4.46869, 49.15106], [4.4475, 49.16438]]], [[[4.49866, 49.13591], [4.49547, 49.13499], [4.49092, 49.13704], [4.49084, 49.13802], [4.4927, 49.13753], [4.49441, 49.1377], [4.49866, 49.13591]]], [[[4.51102, 49.12776], [4.50898, 49.12897], [4.50551, 49.13052], [4.50737, 49.13076], [4.50913, 49.1315], [4.51269, 49.13006], [4.51716, 49.12897], [4.51813, 49.12858], [4.51725, 49.12721], [4.5171, 49.126], [4.51501, 49.12594], [4.51341, 49.12549], [4.51102, 49.12776]]], [[[4.50521, 49.1105], [4.50468, 49.11093], [4.50653, 49.11281], [4.50835, 49.11372], [4.50521, 49.1105]]], [[[4.49827, 49.10643], [4.49764, 49.10609], [4.49703, 49.10652], [4.4979, 49.10754], [4.49934, 49.10775], [4.49827, 49.10643]]], [[[4.42838, 49.31661], [4.42885, 49.3169], [4.42892, 49.31641], [4.42838, 49.31661]]], [[[4.47532, 49.3371], [4.47335, 49.34326], [4.4749, 49.34414], [4.47567, 49.34504], [4.47827, 49.34551], [4.48019, 49.34664], [4.48312, 49.34673], [4.49063, 49.34849], [4.49372, 49.3471], [4.49406, 49.34611], [4.49492, 49.34515], [4.49537, 49.34418], [4.49671, 49.34301], [4.49241, 49.32991], [4.4902, 49.32947], [4.48891, 49.32891], [4.48791, 49.32813], [4.48718, 49.32688], [4.48715, 49.32586], [4.48762, 49.32439], [4.48847, 49.32313], [4.49046, 49.32201], [4.49289, 49.32164], [4.49422, 49.31642], [4.49188, 49.31591], [4.49019, 49.31523], [4.489, 49.31675], [4.48676, 49.32218], [4.48641, 49.32385], [4.4848, 49.32642], [4.48103, 49.33047], [4.47906, 49.33182], [4.47645, 49.33493], [4.47532, 49.3371]]], [[[4.52794, 49.03071], [4.52831, 49.0305], [4.52817, 49.03048], [4.52794, 49.03071]]], [[[4.65171, 49.26862], [4.64955, 49.26863], [4.64656, 49.27005], [4.64494, 49.27053], [4.64534, 49.27147], [4.6461, 49.27215], [4.64666, 49.27312], [4.64676, 49.27415], [4.64645, 49.27507], [4.64762, 49.27596], [4.65194, 49.27786], [4.65436, 49.27512], [4.65609, 49.27367], [4.65792, 49.27254], [4.65837, 49.26991], [4.65629, 49.2696], [4.65464, 49.26885], [4.65331, 49.26895], [4.65171, 49.26862]]], [[[4.65399, 49.26429], [4.65515, 49.26352], [4.6564, 49.26217], [4.6566, 49.25944], [4.65589, 49.25914], [4.65216, 49.2594], [4.64292, 49.25959], [4.63482, 49.25828], [4.63335, 49.2577], [4.63269, 49.25687], [4.6327, 49.25593], [4.63338, 49.2551], [4.63485, 49.25453], [4.63628, 49.25454], [4.64349, 49.25575], [4.64598, 49.25569], [4.64077, 49.2537], [4.63933, 49.25287], [4.63878, 49.25243], [4.63841, 49.25172], [4.63879, 49.25048], [4.63286, 49.24678], [4.63053, 49.24604], [4.62704, 49.24536], [4.6078, 49.24293], [4.59814, 49.24514], [4.59673, 49.24533], [4.59512, 49.24526], [4.59346, 49.24479], [4.59209, 49.24391], [4.58906, 49.23956], [4.58737, 49.23935], [4.58599, 49.23887], [4.58488, 49.23814], [4.58413, 49.23721], [4.57346, 49.2408], [4.57287, 49.24192], [4.57159, 49.243], [4.56977, 49.24368], [4.5674, 49.24383], [4.56701, 49.24418], [4.56716, 49.24512], [4.56695, 49.24599], [4.5694, 49.24646], [4.57072, 49.24707], [4.57206, 49.24832], [4.5724, 49.24929], [4.57773, 49.25004], [4.58643, 49.25192], [4.59416, 49.2528], [4.59541, 49.25197], [4.59733, 49.2514], [4.5989, 49.25132], [4.60102, 49.25168], [4.60299, 49.25276], [4.60389, 49.25411], [4.60616, 49.25464], [4.60795, 49.25534], [4.60953, 49.2563], [4.61214, 49.25861], [4.62605, 49.26544], [4.63122, 49.26611], [4.63583, 49.26731], [4.63738, 49.26723], [4.63897, 49.26738], [4.64092, 49.26626], [4.64524, 49.26504], [4.64698, 49.26481], [4.65179, 49.26475], [4.65399, 49.26429]]], [[[4.64361, 49.23377], [4.66237, 49.23892], [4.67204, 49.23991], [4.68535, 49.22785], [4.69685, 49.22312], [4.69762, 49.2221], [4.69873, 49.22147], [4.70265, 49.221], [4.70417, 49.22105], [4.70766, 49.21926], [4.70814, 49.21862], [4.70903, 49.21802], [4.71091, 49.21745], [4.71183, 49.21616], [4.71154, 49.2138], [4.71221, 49.21174], [4.71274, 49.2109], [4.71361, 49.21022], [4.71572, 49.20933], [4.72036, 49.20817], [4.72108, 49.20786], [4.72223, 49.20707], [4.72434, 49.20513], [4.72429, 49.20414], [4.72486, 49.20151], [4.72462, 49.19993], [4.71815, 49.1954], [4.71695, 49.19797], [4.71593, 49.19877], [4.71404, 49.19929], [4.71256, 49.19931], [4.70722, 49.19848], [4.70523, 49.19872], [4.70085, 49.19854], [4.69739, 49.19795], [4.68586, 49.19931], [4.68586, 49.19991], [4.68546, 49.20062], [4.68468, 49.20117], [4.68364, 49.20149], [4.68094, 49.20134], [4.68014, 49.20112], [4.67929, 49.2006], [4.67774, 49.1991], [4.67739, 49.19801], [4.67803, 49.19682], [4.67945, 49.19612], [4.69703, 49.19409], [4.69883, 49.19419], [4.70168, 49.19471], [4.70406, 49.19486], [4.70655, 49.1946], [4.70801, 49.19465], [4.7122, 49.19529], [4.71264, 49.19304], [4.71317, 49.19217], [4.70965, 49.18987], [4.7067, 49.18732], [4.70601, 49.18621], [4.70572, 49.18283], [4.70226, 49.18055], [4.69464, 49.17318], [4.68842, 49.17376], [4.68691, 49.1741], [4.68551, 49.17393], [4.6844, 49.17334], [4.6839, 49.17266], [4.68383, 49.17191], [4.68408, 49.17137], [4.68477, 49.17073], [4.68662, 49.17005], [4.68935, 49.16978], [4.68828, 49.16892], [4.68662, 49.16668], [4.68475, 49.1649], [4.67961, 49.16103], [4.67851, 49.16058], [4.67768, 49.16], [4.67711, 49.15919], [4.67694, 49.15827], [4.66878, 49.15382], [4.6666, 49.15233], [4.66589, 49.15126], [4.66542, 49.14843], [4.66427, 49.14753], [4.66314, 49.14728], [4.66228, 49.14679], [4.66177, 49.14611], [4.66168, 49.14552], [4.65596, 49.14087], [4.65571, 49.14013], [4.65572, 49.13686], [4.6554, 49.13638], [4.65185, 49.13543], [4.64625, 49.13473], [4.64505, 49.13568], [4.64351, 49.13602], [4.63828, 49.13548], [4.63394, 49.13549], [4.63288, 49.1352], [4.63208, 49.13466], [4.63164, 49.13397], [4.63171, 49.13307], [4.62491, 49.13264], [4.61817, 49.13182], [4.6123, 49.13039], [4.61051, 49.13241], [4.61294, 49.13443], [4.61462, 49.1348], [4.6159, 49.13452], [4.61731, 49.13466], [4.61826, 49.13509], [4.61898, 49.1359], [4.61904, 49.13683], [4.61859, 49.13753], [4.61777, 49.13805], [4.61603, 49.13869], [4.61411, 49.13872], [4.60971, 49.13775], [4.60886, 49.13726], [4.60345, 49.13271], [4.60008, 49.13213], [4.59856, 49.13377], [4.59709, 49.13466], [4.59511, 49.13502], [4.593, 49.13486], [4.59098, 49.13579], [4.58972, 49.13607], [4.58788, 49.13601], [4.58378, 49.13517], [4.56977, 49.13465], [4.56785, 49.1359], [4.56547, 49.13816], [4.56743, 49.13835], [4.56882, 49.13883], [4.57091, 49.1401], [4.57185, 49.14096], [4.57246, 49.14193], [4.5726, 49.14298], [4.57226, 49.14401], [4.57146, 49.14492], [4.56975, 49.1459], [4.56779, 49.14632], [4.56569, 49.14623], [4.56283, 49.1455], [4.56155, 49.14491], [4.56036, 49.14379], [4.5599, 49.1424], [4.56036, 49.14074], [4.55986, 49.14087], [4.55061, 49.14947], [4.54301, 49.15539], [4.54708, 49.17312], [4.55794, 49.1762], [4.56126, 49.17666], [4.5625, 49.17723], [4.56329, 49.17789], [4.56389, 49.17927], [4.56369, 49.19015], [4.56457, 49.19462], [4.56806, 49.19664], [4.57233, 49.19816], [4.57441, 49.19565], [4.57544, 49.19497], [4.57675, 49.19459], [4.57869, 49.19468], [4.5845, 49.196], [4.58905, 49.19754], [4.59081, 49.19779], [4.59405, 49.19944], [4.59538, 49.19987], [4.59755, 49.20037], [4.59971, 49.20045], [4.60171, 49.20081], [4.60498, 49.20247], [4.60547, 49.20312], [4.60568, 49.20395], [4.60531, 49.20484], [4.60435, 49.20552], [4.60305, 49.20587], [4.60159, 49.20581], [4.59986, 49.20518], [4.59897, 49.20428], [4.5962, 49.20413], [4.59317, 49.20345], [4.59095, 49.20273], [4.58825, 49.20142], [4.58701, 49.2012], [4.58207, 49.19951], [4.57862, 49.19869], [4.57795, 49.19959], [4.57843, 49.20042], [4.57835, 49.20117], [4.57792, 49.20177], [4.57849, 49.2026], [4.57848, 49.20354], [4.57748, 49.2053], [4.57544, 49.20739], [4.57464, 49.20878], [4.57287, 49.21004], [4.56814, 49.21981], [4.56863, 49.22041], [4.5688, 49.22117], [4.56802, 49.22316], [4.5697, 49.22456], [4.5705, 49.22497], [4.57199, 49.22544], [4.57685, 49.22627], [4.57805, 49.22669], [4.57907, 49.22749], [4.5807, 49.22934], [4.58547, 49.23032], [4.58978, 49.22984], [4.59274, 49.22923], [4.5978, 49.22903], [4.59983, 49.22937], [4.60322, 49.23073], [4.6046, 49.2315], [4.60621, 49.23272], [4.6103, 49.23652], [4.61174, 49.23684], [4.61544, 49.23662], [4.63949, 49.23327], [4.64121, 49.23336], [4.64361, 49.23377]], [[4.6371, 49.15619], [4.63533, 49.15608], [4.63376, 49.1553], [4.63327, 49.15464], [4.63071, 49.14881], [4.62868, 49.14848], [4.62747, 49.14761], [4.62714, 49.14681], [4.62729, 49.14606], [4.62787, 49.14541], [4.62878, 49.14496], [4.63018, 49.14476], [4.6327, 49.14506], [4.63466, 49.14576], [4.63605, 49.14708], [4.63804, 49.15152], [4.63982, 49.15081], [4.64122, 49.15061], [4.64284, 49.15098], [4.64376, 49.1517], [4.64403, 49.1528], [4.64332, 49.15382], [4.63858, 49.15584], [4.6371, 49.15619]], [[4.66137, 49.16657], [4.66246, 49.16774], [4.66279, 49.16909], [4.6623, 49.17048], [4.66108, 49.17158], [4.6593, 49.1723], [4.65708, 49.17251], [4.65505, 49.1722], [4.65335, 49.17139], [4.65226, 49.17023], [4.65193, 49.16887], [4.65242, 49.16749], [4.65364, 49.16638], [4.65542, 49.16566], [4.65764, 49.16545], [4.65967, 49.16577], [4.66137, 49.16657]], [[4.66163, 49.176], [4.66195, 49.17736], [4.66144, 49.1787], [4.6601, 49.17992], [4.65783, 49.18072], [4.65575, 49.1808], [4.65335, 49.18019], [4.6518, 49.17929], [4.65088, 49.17806], [4.65075, 49.17671], [4.65152, 49.17529], [4.6529, 49.17426], [4.65478, 49.17365], [4.65688, 49.17356], [4.65886, 49.17401], [4.66053, 49.17483], [4.66163, 49.176]], [[4.62864, 49.17998], [4.62826, 49.18131], [4.62698, 49.18259], [4.62478, 49.18349], [4.6227, 49.18364], [4.6207, 49.18327], [4.61816, 49.18215], [4.61698, 49.18105], [4.61652, 49.17941], [4.61703, 49.17811], [4.61853, 49.17678], [4.62032, 49.17608], [4.62238, 49.17588], [4.62487, 49.17637], [4.62707, 49.17753], [4.62822, 49.17865], [4.62864, 49.17998]], [[4.64477, 49.21876], [4.64355, 49.21805], [4.6429, 49.21727], [4.64277, 49.21641], [4.64309, 49.21565], [4.64382, 49.21495], [4.64514, 49.21442], [4.64634, 49.21427], [4.64773, 49.21445], [4.64891, 49.21501], [4.64986, 49.21598], [4.65005, 49.21684], [4.64967, 49.21774], [4.64855, 49.21859], [4.64749, 49.21896], [4.64598, 49.21905], [4.64477, 49.21876]], [[4.68038, 49.22006], [4.6823, 49.21959], [4.68463, 49.21967], [4.68657, 49.22023], [4.68802, 49.22125], [4.68876, 49.22255], [4.68867, 49.22393], [4.68777, 49.22525], [4.68628, 49.22617], [4.68437, 49.22665], [4.68204, 49.22659], [4.68006, 49.22603], [4.67859, 49.225], [4.67784, 49.22368], [4.67796, 49.22227], [4.67888, 49.22097], [4.68038, 49.22006]]], [[[4.59176, 49.11], [4.62351, 49.10703], [4.65754, 49.10069], [4.65848, 49.09963], [4.65982, 49.0989], [4.66022, 49.09788], [4.65951, 49.09597], [4.6596, 49.09472], [4.65883, 49.09278], [4.65868, 49.09109], [4.6563, 49.08733], [4.65349, 49.08473], [4.65076, 49.07747], [4.64707, 49.07394], [4.64642, 49.07215], [4.64495, 49.0717], [4.64066, 49.07437], [4.63441, 49.07735], [4.63224, 49.07882], [4.62253, 49.08936], [4.62161, 49.08981], [4.62048, 49.09003], [4.61945, 49.08998], [4.61843, 49.0897], [4.60768, 49.09879], [4.59882, 49.10328], [4.59553, 49.10579], [4.59535, 49.1071], [4.5947, 49.10804], [4.59176, 49.11]]], [[[4.63679, 49.05019], [4.64534, 49.05978], [4.64731, 49.05965], [4.64938, 49.06006], [4.65043, 49.0595], [4.65187, 49.0591], [4.65344, 49.05899], [4.65522, 49.05924], [4.66221, 49.05476], [4.6691, 49.0515], [4.6641, 49.05013], [4.65515, 49.04829], [4.651, 49.04723], [4.63904, 49.04309], [4.63461, 49.04782], [4.63469, 49.04851], [4.63679, 49.05019]]], [[[4.62829, 48.97918], [4.63505, 48.98079], [4.63784, 48.97976], [4.63709, 48.97857], [4.63714, 48.97698], [4.63676, 48.97659], [4.62828, 48.96903], [4.62556, 48.96797], [4.6228, 48.96916], [4.6213, 48.96942], [4.62013, 48.96942], [4.6165, 48.97201], [4.61164, 48.97475], [4.61099, 48.97596], [4.61002, 48.97677], [4.60716, 48.97796], [4.60463, 48.97819], [4.6029, 48.97986], [4.62829, 48.97918]]], [[[4.5551, 49.23704], [4.55733, 49.24097], [4.55813, 49.24076], [4.55926, 49.23958], [4.56062, 49.23896], [4.56189, 49.23883], [4.56291, 49.23897], [4.56408, 49.2377], [4.56628, 49.23677], [4.56888, 49.23664], [4.57116, 49.23723], [4.57202, 49.23695], [4.55346, 49.22898], [4.55111, 49.22916], [4.55252, 49.23196], [4.55424, 49.23286], [4.55529, 49.23415], [4.55549, 49.23588], [4.5551, 49.23704]]], [[[4.55232, 49.21022], [4.55123, 49.21119], [4.54577, 49.21337], [4.54583, 49.21585], [4.54678, 49.21658], [4.54742, 49.21752], [4.54761, 49.21855], [4.54746, 49.21927], [4.54884, 49.22023], [4.54959, 49.22151], [4.54954, 49.22288], [4.5488, 49.22403], [4.54955, 49.2254], [4.55316, 49.22512], [4.55267, 49.22432], [4.55267, 49.22359], [4.55326, 49.22276], [4.55411, 49.22228], [4.55846, 49.22106], [4.5606, 49.22106], [4.55995, 49.21818], [4.56065, 49.21627], [4.56099, 49.21425], [4.56007, 49.21176], [4.55486, 49.20823], [4.55399, 49.2089], [4.55255, 49.20928], [4.55232, 49.21022]]], [[[4.5676, 49.22833], [4.56603, 49.22758], [4.56504, 49.22843], [4.56397, 49.22885], [4.57782, 49.23479], [4.58112, 49.23368], [4.58125, 49.2335], [4.57821, 49.23286], [4.57688, 49.23237], [4.57594, 49.23166], [4.57433, 49.22983], [4.57017, 49.22911], [4.5676, 49.22833]]], [[[4.566, 49.21109], [4.56597, 49.21157], [4.56634, 49.21077], [4.566, 49.21109]]], [[[4.55883, 49.05641], [4.56305, 49.05602], [4.56308, 49.05541], [4.56118, 49.05504], [4.55948, 49.05415], [4.55883, 49.05641]]], [[[4.56393, 49.03907], [4.56104, 49.04864], [4.5625, 49.04828], [4.56406, 49.04821], [4.56534, 49.04835], [4.56677, 49.04877], [4.56795, 49.04945], [4.56878, 49.05032], [4.5692, 49.05131], [4.56916, 49.05229], [4.57002, 49.0524], [4.57018, 49.05124], [4.57065, 49.05025], [4.57233, 49.04895], [4.57372, 49.04848], [4.57526, 49.04829], [4.5779, 49.04865], [4.57924, 49.04809], [4.58086, 49.04295], [4.58211, 49.04026], [4.58352, 49.03802], [4.57992, 49.03777], [4.57591, 49.03726], [4.56547, 49.03531], [4.56393, 49.03907]]], [[[4.53901, 49.24039], [4.54025, 49.24071], [4.5424, 49.24017], [4.54446, 49.24023], [4.54673, 49.24101], [4.54817, 49.24232], [4.54975, 49.24214], [4.55146, 49.24223], [4.55, 49.23925], [4.54841, 49.23907], [4.54702, 49.23861], [4.54586, 49.23788], [4.54503, 49.23694], [4.54458, 49.23585], [4.54471, 49.2345], [4.54528, 49.23347], [4.54656, 49.23243], [4.54307, 49.22557], [4.54251, 49.22546], [4.5188, 49.23676], [4.52312, 49.23791], [4.52603, 49.23921], [4.53121, 49.2394], [4.53901, 49.24039]]], [[[4.55634, 49.19404], [4.54942, 49.18919], [4.54661, 49.18979], [4.54687, 49.19125], [4.54677, 49.19263], [4.54625, 49.1936], [4.54503, 49.19462], [4.54518, 49.20036], [4.54733, 49.19952], [4.55634, 49.19404]]], [[[4.55142, 49.20496], [4.55094, 49.20429], [4.54935, 49.20411], [4.54829, 49.20364], [4.54558, 49.20472], [4.54566, 49.20895], [4.5465, 49.2086], [4.54697, 49.20731], [4.54896, 49.20576], [4.55, 49.20523], [4.55142, 49.20496]]], [[[4.55784, 49.18023], [4.55605, 49.17997], [4.54775, 49.17763], [4.54892, 49.17856], [4.55097, 49.17942], [4.55189, 49.18026], [4.55247, 49.18175], [4.55332, 49.1826], [4.5548, 49.18485], [4.55488, 49.18597], [4.55443, 49.18705], [4.55765, 49.1893], [4.55784, 49.18023]]], [[[4.54222, 49.14981], [4.54116, 49.1497], [4.54135, 49.1505], [4.54222, 49.14981]]], [[[4.54023, 49.14575], [4.54201, 49.14577], [4.5449, 49.1463], [4.54674, 49.14615], [4.55075, 49.14269], [4.55538, 49.13802], [4.55701, 49.13678], [4.55707, 49.13663], [4.5563, 49.13598], [4.55443, 49.13594], [4.55172, 49.13522], [4.55145, 49.1354], [4.5514, 49.13689], [4.55081, 49.13784], [4.54911, 49.13915], [4.54723, 49.13975], [4.54463, 49.13976], [4.54318, 49.13938], [4.54167, 49.13868], [4.54114, 49.14014], [4.5402, 49.14105], [4.53925, 49.14158], [4.54023, 49.14575]]], [[[4.56435, 49.20559], [4.56453, 49.20423], [4.56507, 49.20303], [4.56409, 49.20113], [4.56145, 49.19845], [4.56038, 49.19908], [4.55816, 49.20239], [4.55679, 49.20333], [4.55882, 49.20536], [4.56224, 49.20779], [4.56435, 49.20559]]], [[[4.56022, 49.22518], [4.56033, 49.22518], [4.5602, 49.22514], [4.56022, 49.22518]]], [[[4.5856, 49.04648], [4.58505, 49.04862], [4.586, 49.0493], [4.58671, 49.05024], [4.58741, 49.05062], [4.59018, 49.05113], [4.59181, 49.05202], [4.59552, 49.05123], [4.59751, 49.05101], [4.59895, 49.05101], [4.60047, 49.05123], [4.60196, 49.05164], [4.60329, 49.05232], [4.60454, 49.05177], [4.60603, 49.05146], [4.6088, 49.05128], [4.61054, 49.05152], [4.6119, 49.052], [4.61329, 49.053], [4.614, 49.05428], [4.61401, 49.0561], [4.61541, 49.05706], [4.61612, 49.05816], [4.62677, 49.06021], [4.63617, 49.06276], [4.64099, 49.06338], [4.64107, 49.06283], [4.64053, 49.06202], [4.6316, 49.05201], [4.6297, 49.05244], [4.62763, 49.05242], [4.62572, 49.05188], [4.62419, 49.051], [4.6234, 49.05011], [4.62302, 49.04876], [4.62328, 49.04774], [4.62415, 49.04665], [4.62135, 49.04464], [4.61984, 49.04396], [4.61876, 49.0432], [4.61775, 49.04163], [4.61616, 49.04002], [4.61539, 49.0389], [4.61364, 49.03842], [4.61242, 49.03771], [4.60596, 49.03756], [4.59079, 49.03798], [4.58832, 49.04033], [4.58713, 49.04256], [4.5856, 49.04648]]], [[[4.63376, 49.04134], [4.62969, 49.04025], [4.6296, 49.04206], [4.62916, 49.04291], [4.62819, 49.04384], [4.62945, 49.04475], [4.63047, 49.04488], [4.63376, 49.04134]]], [[[4.60596, 49.23917], [4.60063, 49.23435], [4.59739, 49.23289], [4.59298, 49.23321], [4.59409, 49.23407], [4.59469, 49.23503], [4.5948, 49.23657], [4.59424, 49.23768], [4.59669, 49.24139], [4.60596, 49.23917]]], [[[4.63486, 49.23808], [4.63255, 49.2391], [4.63134, 49.2394], [4.62689, 49.23972], [4.62468, 49.23963], [4.61903, 49.24039], [4.62843, 49.24161], [4.63417, 49.2428], [4.63645, 49.2437], [4.64296, 49.24775], [4.64659, 49.24966], [4.65207, 49.25148], [4.655, 49.25207], [4.65935, 49.2536], [4.66201, 49.25154], [4.66297, 49.25103], [4.66434, 49.2507], [4.66625, 49.25075], [4.66724, 49.2493], [4.67136, 49.24491], [4.67137, 49.24396], [4.66274, 49.24315], [4.65972, 49.24263], [4.64076, 49.23748], [4.63989, 49.23737], [4.63828, 49.23759], [4.63486, 49.23808]]], [[[4.69006, 49.12964], [4.68847, 49.13001], [4.68724, 49.13113], [4.68624, 49.13161], [4.68522, 49.13264], [4.68714, 49.13324], [4.69063, 49.13273], [4.69313, 49.13288], [4.6953, 49.13377], [4.6962, 49.13459], [4.69666, 49.13542], [4.69825, 49.13587], [4.69999, 49.13589], [4.71071, 49.13754], [4.71346, 49.13781], [4.71751, 49.13493], [4.72186, 49.13134], [4.7237, 49.12952], [4.72695, 49.12742], [4.73123, 49.12504], [4.73734, 49.11968], [4.73673, 49.11838], [4.73692, 49.11702], [4.73784, 49.1156], [4.73934, 49.1146], [4.73987, 49.11293], [4.74112, 49.11175], [4.7406, 49.11087], [4.74053, 49.10951], [4.74009, 49.10833], [4.74034, 49.10703], [4.73645, 49.10514], [4.73343, 49.10316], [4.73192, 49.10265], [4.73094, 49.10202], [4.7292, 49.10172], [4.72746, 49.10101], [4.72546, 49.10057], [4.72344, 49.09945], [4.71989, 49.09795], [4.71802, 49.09649], [4.7173, 49.09501], [4.7078, 49.09711], [4.70525, 49.09753], [4.68397, 49.09819], [4.68401, 49.0992], [4.6836, 49.1002], [4.68276, 49.10107], [4.68115, 49.10213], [4.68078, 49.10312], [4.6797, 49.10421], [4.67952, 49.10551], [4.67873, 49.10723], [4.67807, 49.10795], [4.67708, 49.11084], [4.67839, 49.11193], [4.68047, 49.11226], [4.68292, 49.11333], [4.68397, 49.11414], [4.68462, 49.11516], [4.68681, 49.11512], [4.6879, 49.11535], [4.68895, 49.11599], [4.68937, 49.11669], [4.68918, 49.11781], [4.68831, 49.11855], [4.68673, 49.11896], [4.68297, 49.11893], [4.68049, 49.11982], [4.68048, 49.12098], [4.68815, 49.1206], [4.69178, 49.12171], [4.6934, 49.12308], [4.69384, 49.12444], [4.69346, 49.12587], [4.69268, 49.12676], [4.69149, 49.12748], [4.69154, 49.12831], [4.69094, 49.12916], [4.69006, 49.12964]]], [[[4.71615, 49.09119], [4.71874, 49.09096], [4.71806, 49.08926], [4.71809, 49.08739], [4.71859, 49.08633], [4.71687, 49.08456], [4.71192, 49.07833], [4.70355, 49.06412], [4.70247, 49.06159], [4.69222, 49.05939], [4.68695, 49.05804], [4.68351, 49.05686], [4.67466, 49.05336], [4.67245, 49.05467], [4.66596, 49.05773], [4.65908, 49.0622], [4.65934, 49.06352], [4.65904, 49.06452], [4.65802, 49.06575], [4.65704, 49.06641], [4.65775, 49.0672], [4.65813, 49.06821], [4.65775, 49.0699], [4.65694, 49.07079], [4.65558, 49.07164], [4.65417, 49.07208], [4.65235, 49.07222], [4.65585, 49.07546], [4.65642, 49.07642], [4.6589, 49.08321], [4.66143, 49.0854], [4.66432, 49.08996], [4.66475, 49.09263], [4.6655, 49.09428], [4.66537, 49.0955], [4.66615, 49.09691], [4.66685, 49.09687], [4.66731, 49.09625], [4.66815, 49.09409], [4.66895, 49.09355], [4.67, 49.09325], [4.6717, 49.09334], [4.67303, 49.09404], [4.67355, 49.0951], [4.67321, 49.09654], [4.67648, 49.0953], [4.67884, 49.09507], [4.68102, 49.09447], [4.70441, 49.09371], [4.71615, 49.09119]]], [[[4.72293, 49.06191], [4.73487, 49.06572], [4.73454, 49.06495], [4.73449, 49.06394], [4.73526, 49.0625], [4.73433, 49.06115], [4.73285, 49.05972], [4.73236, 49.05864], [4.7324, 49.0555], [4.73285, 49.05443], [4.70637, 49.04277], [4.70748, 49.04866], [4.70824, 49.05002], [4.70899, 49.05256], [4.70891, 49.05364], [4.7079, 49.05654], [4.70795, 49.05861], [4.72293, 49.06191]]], [[[4.68416, 49.04593], [4.68314, 49.04703], [4.68355, 49.04832], [4.68318, 49.04968], [4.68239, 49.05057], [4.68114, 49.05132], [4.68548, 49.05305], [4.68442, 49.05202], [4.68401, 49.05105], [4.68414, 49.04971], [4.68484, 49.04859], [4.68587, 49.0478], [4.68771, 49.04711], [4.68981, 49.04695], [4.69151, 49.04722], [4.69324, 49.04796], [4.69442, 49.04907], [4.69486, 49.0504], [4.69461, 49.05157], [4.69365, 49.05281], [4.69204, 49.05371], [4.69003, 49.05412], [4.6882, 49.05404], [4.692, 49.05515], [4.70197, 49.05733], [4.70219, 49.05556], [4.70314, 49.05286], [4.70257, 49.05102], [4.70171, 49.04938], [4.70069, 49.04383], [4.69959, 49.04098], [4.69853, 49.04082], [4.6972, 49.04094], [4.6957, 49.04084], [4.69281, 49.04028], [4.69057, 49.04241], [4.68835, 49.04413], [4.68739, 49.04463], [4.68505, 49.04541], [4.68416, 49.04593]]], [[[4.72305, 49.0398], [4.72261, 49.0387], [4.72151, 49.03826], [4.71907, 49.03683], [4.71278, 49.03626], [4.70867, 49.0363], [4.70731, 49.03604], [4.70629, 49.03647], [4.70642, 49.03815], [4.72336, 49.04562], [4.72392, 49.04469], [4.72458, 49.04192], [4.72305, 49.0398]]], [[[4.74019, 49.09707], [4.73802, 49.0988], [4.73729, 49.10023], [4.74024, 49.10219], [4.74457, 49.1043], [4.74622, 49.10375], [4.74838, 49.10362], [4.74573, 49.10005], [4.74355, 49.09612], [4.74019, 49.09707]]], [[[4.71491, 49.18762], [4.71453, 49.18764], [4.71501, 49.18795], [4.71491, 49.18762]]]]}, "properties": {"tech": "wind", "area_km2": 1082.84}}, {"type": "Feature", "geometry": {"type": "MultiPolygon", "coordinates": [[[[4.75561, 49.11574], [4.75465, 49.11461], [4.75158, 49.11285], [4.75045, 49.11341], [4.74959, 49.11309], [4.74963, 49.11249], [4.74895, 49.11286], [4.7493, 49.11354], [4.74906, 49.11404], [4.74842, 49.11424], [4.74758, 49.11406], [4.74608, 49.11556], [4.74544, 49.11576], [4.74398, 49.11665], [4.74313, 49.11818], [4.74208, 49.11921], [4.73368, 49.12655], [4.7292, 49.12905], [4.7261, 49.13106], [4.72466, 49.13257], [4.7201, 49.13633], [4.71477, 49.14007], [4.71433, 49.14014], [4.71005, 49.1397], [4.69929, 49.13804], [4.69737, 49.13801], [4.69351, 49.13705], [4.68913, 49.13715], [4.68798, 49.13654], [4.68689, 49.13642], [4.68774, 49.13704], [4.68771, 49.13751], [4.68855, 49.13858], [4.68866, 49.13909], [4.68919, 49.13916], [4.69039, 49.14058], [4.69075, 49.14149], [4.69031, 49.14205], [4.6913, 49.14381], [4.69217, 49.14405], [4.69293, 49.14367], [4.69427, 49.14365], [4.69545, 49.14399], [4.69542, 49.14424], [4.69513, 49.14437], [4.69319, 49.14419], [4.69186, 49.14507], [4.69242, 49.14593], [4.6929, 49.14614], [4.69275, 49.14676], [4.69341, 49.14705], [4.69368, 49.1478], [4.69541, 49.14787], [4.69608, 49.14834], [4.69625, 49.14913], [4.69714, 49.15003], [4.69839, 49.15038], [4.69932, 49.15161], [4.69954, 49.15308], [4.7, 49.15355], [4.70049, 49.15332], [4.70105, 49.15335], [4.70171, 49.15261], [4.70141, 49.15199], [4.70198, 49.15153], [4.70276, 49.15144], [4.70342, 49.15183], [4.70341, 49.15234], [4.70249, 49.15281], [4.70129, 49.1545], [4.70147, 49.15484], [4.70115, 49.15548], [4.70129, 49.15586], [4.70223, 49.15643], [4.70636, 49.15447], [4.7089, 49.14938], [4.70889, 49.14862], [4.70922, 49.14844], [4.70963, 49.14857], [4.70969, 49.14953], [4.70707, 49.15475], [4.70276, 49.15686], [4.70192, 49.15705], [4.7022, 49.15767], [4.7038, 49.15863], [4.70401, 49.15918], [4.70366, 49.15986], [4.70385, 49.16033], [4.70498, 49.16079], [4.70558, 49.16073], [4.7079, 49.16172], [4.70823, 49.16263], [4.70939, 49.16264], [4.71017, 49.16318], [4.7104, 49.16361], [4.71093, 49.16368], [4.71306, 49.1654], [4.7144, 49.16584], [4.71553, 49.16656], [4.71537, 49.16744], [4.71578, 49.16812], [4.71538, 49.16918], [4.71634, 49.16895], [4.71745, 49.16924], [4.71775, 49.1689], [4.71731, 49.1684], [4.71732, 49.16808], [4.71771, 49.1676], [4.71829, 49.16744], [4.71884, 49.16745], [4.71949, 49.16775], [4.72009, 49.16848], [4.7205, 49.16824], [4.71999, 49.16697], [4.72028, 49.1663], [4.72155, 49.16484], [4.72496, 49.1618], [4.72659, 49.15818], [4.72692, 49.15784], [4.72743, 49.15792], [4.72798, 49.15867], [4.72764, 49.15886], [4.72717, 49.15873], [4.7257, 49.16203], [4.72223, 49.16513], [4.72124, 49.16622], [4.72084, 49.16709], [4.72131, 49.16837], [4.72239, 49.16878], [4.72393, 49.16805], [4.72605, 49.16746], [4.72659, 49.1675], [4.72655, 49.16792], [4.72384, 49.16868], [4.72313, 49.16904], [4.72238, 49.17035], [4.72304, 49.17052], [4.72669, 49.17256], [4.73099, 49.17341], [4.73236, 49.17393], [4.73295, 49.17392], [4.73447, 49.17346], [4.73551, 49.17347], [4.74024, 49.17456], [4.74463, 49.17464], [4.75023, 49.17555], [4.75182, 49.17095], [4.75223, 49.16879], [4.75129, 49.16786], [4.75049, 49.16812], [4.7498, 49.16788], [4.74895, 49.16699], [4.74906, 49.16658], [4.74954, 49.16632], [4.74932, 49.16618], [4.74806, 49.16567], [4.74573, 49.16531], [4.74471, 49.16494], [4.74268, 49.16311], [4.74177, 49.16269], [4.74066, 49.16186], [4.74025, 49.16127], [4.74031, 49.1606], [4.7392, 49.15802], [4.73532, 49.15314], [4.73469, 49.15153], [4.73361, 49.14975], [4.73577, 49.14753], [4.7384, 49.1459], [4.73806, 49.1454], [4.73866, 49.1446], [4.73933, 49.14443], [4.74018, 49.14467], [4.74226, 49.14336], [4.74335, 49.1423], [4.74686, 49.14061], [4.74818, 49.14043], [4.75202, 49.1411], [4.75497, 49.14062], [4.75632, 49.14065], [4.75686, 49.12699], [4.75561, 49.11574]]], [[[4.75503, 49.11048], [4.7547, 49.11037], [4.75417, 49.11056], [4.75357, 49.11047], [4.75286, 49.11078], [4.75215, 49.11084], [4.75197, 49.11105], [4.75223, 49.11121], [4.75328, 49.11082], [4.75409, 49.11118], [4.75407, 49.11184], [4.75249, 49.11266], [4.75547, 49.11442], [4.75503, 49.11048]]], [[[4.75443, 49.10499], [4.7511, 49.09228], [4.74972, 49.09336], [4.74661, 49.09396], [4.7465, 49.09492], [4.74916, 49.09972], [4.75137, 49.10263], [4.75393, 49.10546], [4.75387, 49.10592], [4.75149, 49.10873], [4.75222, 49.10944], [4.75209, 49.11028], [4.75288, 49.11016], [4.75339, 49.10948], [4.75423, 49.10912], [4.75386, 49.10879], [4.75388, 49.10835], [4.75473, 49.10776], [4.75443, 49.10499]]], [[[4.74873, 49.08324], [4.74303, 49.06962], [4.7388, 49.06901], [4.73527, 49.06828], [4.73167, 49.06731], [4.72168, 49.06405], [4.70563, 49.06052], [4.70623, 49.06253], [4.71525, 49.07782], [4.72071, 49.08451], [4.72358, 49.08674], [4.72422, 49.08671], [4.72492, 49.08702], [4.72524, 49.08779], [4.72678, 49.08886], [4.72671, 49.08938], [4.72541, 49.09023], [4.72599, 49.09139], [4.72701, 49.09158], [4.7274, 49.09226], [4.72668, 49.09275], [4.72573, 49.09275], [4.72519, 49.09322], [4.72532, 49.09377], [4.72509, 49.09413], [4.72688, 49.09496], [4.72785, 49.09504], [4.72845, 49.09574], [4.72945, 49.09576], [4.73019, 49.0961], [4.73033, 49.0967], [4.72944, 49.09717], [4.73047, 49.09765], [4.73109, 49.09761], [4.73182, 49.09791], [4.73462, 49.09785], [4.73514, 49.09763], [4.73733, 49.09578], [4.73851, 49.09517], [4.74215, 49.09408], [4.74841, 49.09313], [4.74964, 49.09273], [4.75088, 49.09144], [4.74873, 49.08324]]], [[[4.74207, 49.06734], [4.7412, 49.06733], [4.74044, 49.06758], [4.7397, 49.06729], [4.73976, 49.06667], [4.74062, 49.06642], [4.74077, 49.06622], [4.73979, 49.0656], [4.73905, 49.06462], [4.73908, 49.06406], [4.7369, 49.06084], [4.73501, 49.05881], [4.73492, 49.05561], [4.73562, 49.05476], [4.73475, 49.05327], [4.70239, 49.03902], [4.7038, 49.04275], [4.70501, 49.049], [4.7058, 49.05042], [4.70647, 49.05264], [4.70534, 49.05673], [4.70556, 49.05984], [4.72191, 49.06343], [4.73228, 49.0668], [4.73559, 49.06768], [4.74274, 49.06894], [4.74207, 49.06734]]], [[[4.74032, 49.06316], [4.73594, 49.05532], [4.73572, 49.05579], [4.73569, 49.05842], [4.73738, 49.06024], [4.73968, 49.06362], [4.74032, 49.06316]]], [[[4.72796, 49.04165], [4.72715, 49.04529], [4.72611, 49.04692], [4.72467, 49.04819], [4.73424, 49.0524], [4.72796, 49.04165]]], [[[4.72408, 49.0365], [4.72322, 49.03602], [4.7218, 49.03577], [4.72031, 49.03515], [4.71782, 49.03471], [4.71621, 49.03478], [4.71328, 49.03441], [4.70896, 49.03447], [4.70831, 49.03418], [4.70845, 49.03392], [4.70989, 49.03326], [4.71154, 49.03357], [4.71548, 49.03381], [4.71744, 49.03363], [4.71967, 49.03401], [4.71965, 49.03373], [4.71735, 49.03314], [4.70968, 49.03292], [4.7048, 49.03328], [4.70444, 49.03376], [4.70358, 49.03387], [4.70212, 49.03369], [4.70167, 49.03324], [4.70128, 49.03327], [4.70124, 49.03361], [4.70087, 49.03389], [4.70118, 49.03425], [4.70174, 49.03435], [4.70209, 49.0347], [4.702, 49.0352], [4.70137, 49.03567], [4.7015, 49.03604], [4.70123, 49.03641], [4.70189, 49.03711], [4.70218, 49.03828], [4.72399, 49.04789], [4.72541, 49.04664], [4.72628, 49.04529], [4.72716, 49.0418], [4.72544, 49.03926], [4.72408, 49.0365]]], [[[4.72189, 49.03362], [4.72128, 49.03353], [4.72244, 49.03434], [4.72189, 49.03362]]], [[[4.71293, 49.02186], [4.70231, 49.02256], [4.70021, 49.02517], [4.6966, 49.03154], [4.69739, 49.03168], [4.69772, 49.03202], [4.69848, 49.03182], [4.70178, 49.03189], [4.70228, 49.03214], [4.70244, 49.03259], [4.70453, 49.03276], [4.7119, 49.03237], [4.71722, 49.03258], [4.71864, 49.03284], [4.71791, 49.03132], [4.71641, 49.02966], [4.71545, 49.02816], [4.71492, 49.02807], [4.7143, 49.02704], [4.71353, 49.02667], [4.7136, 49.0254], [4.71325, 49.02459], [4.71387, 49.02427], [4.7142, 49.02442], [4.71454, 49.02503], [4.71463, 49.02629], [4.71544, 49.02678], [4.71613, 49.02759], [4.71609, 49.02786], [4.71706, 49.02855], [4.71877, 49.03063], [4.71957, 49.03136], [4.7201, 49.03153], [4.72012, 49.03209], [4.72091, 49.03303], [4.72142, 49.033], [4.71293, 49.02186]]], [[[4.70792, 49.01658], [4.7063, 49.01814], [4.70281, 49.02194], [4.71244, 49.0213], [4.70792, 49.01658]]], [[[4.69488, 49.00297], [4.68225, 48.99228], [4.67673, 48.99117], [4.67656, 48.99166], [4.67606, 48.99191], [4.67379, 48.99177], [4.67318, 48.99137], [4.67334, 48.99069], [4.66219, 48.98951], [4.64957, 48.9869], [4.63517, 48.98328], [4.6173, 48.9906], [4.62479, 48.99388], [4.62503, 48.99422], [4.62483, 48.99446], [4.62438, 48.99445], [4.61653, 48.99092], [4.57755, 49.00724], [4.59027, 49.0105], [4.59066, 49.0099], [4.59151, 49.00981], [4.59239, 49.01025], [4.5921, 49.01097], [4.60524, 49.01431], [4.60589, 49.0137], [4.60668, 49.01361], [4.60722, 49.01389], [4.60738, 49.01438], [4.60843, 49.01465], [4.60849, 49.01496], [4.60938, 49.01477], [4.60993, 49.01379], [4.61065, 49.01346], [4.61148, 49.01373], [4.6116, 49.01426], [4.61197, 49.01458], [4.61263, 49.01396], [4.61312, 49.01394], [4.61548, 49.0156], [4.61594, 49.01545], [4.61598, 49.01509], [4.61654, 49.01457], [4.61739, 49.01446], [4.61885, 49.01547], [4.61894, 49.01583], [4.61871, 49.01614], [4.61897, 49.01634], [4.62281, 49.0126], [4.62319, 49.0123], [4.62357, 49.01227], [4.62379, 49.01265], [4.61939, 49.0169], [4.6189, 49.01766], [4.64051, 49.02246], [4.64127, 49.02183], [4.64273, 49.02215], [4.64365, 49.02198], [4.64535, 49.02269], [4.64553, 49.02304], [4.64532, 49.02353], [4.65288, 49.02522], [4.69416, 49.02251], [4.69441, 49.0222], [4.69492, 49.02205], [4.69553, 49.0221], [4.69597, 49.02239], [4.70183, 49.022], [4.70358, 49.02004], [4.70259, 49.01947], [4.70293, 49.01879], [4.70251, 49.01841], [4.70274, 49.01789], [4.70361, 49.01766], [4.70525, 49.01826], [4.70744, 49.01609], [4.69488, 49.00297]], [[4.64455, 49.02036], [4.64398, 49.02016], [4.64361, 49.01958], [4.6439, 49.01921], [4.6448, 49.01895], [4.64537, 49.01915], [4.64574, 49.01973], [4.64545, 49.02011], [4.64455, 49.02036]], [[4.68478, 49.01885], [4.6851, 49.01914], [4.68523, 49.01999], [4.68479, 49.02029], [4.6839, 49.02033], [4.68341, 49.01998], [4.68328, 49.01911], [4.68383, 49.01879], [4.68478, 49.01885]]], [[[4.67431, 48.98555], [4.65875, 48.97473], [4.65646, 48.97532], [4.63623, 48.98288], [4.65223, 48.98689], [4.65262, 48.98636], [4.65371, 48.98621], [4.65446, 48.98548], [4.65523, 48.98539], [4.65641, 48.98564], [4.65682, 48.9859], [4.65654, 48.98695], [4.65742, 48.9867], [4.65833, 48.98715], [4.65843, 48.98761], [4.65794, 48.98806], [4.66272, 48.98904], [4.67495, 48.99031], [4.68135, 48.99151], [4.67431, 48.98555]]], [[[4.6561, 48.97289], [4.65525, 48.97277], [4.65502, 48.97214], [4.65126, 48.96952], [4.64369, 48.9652], [4.63377, 48.96437], [4.63184, 48.96446], [4.63045, 48.96426], [4.63007, 48.96513], [4.63025, 48.96598], [4.62964, 48.96693], [4.63084, 48.96762], [4.63659, 48.97265], [4.64145, 48.97735], [4.64164, 48.9775], [4.64246, 48.97728], [4.64301, 48.9775], [4.64317, 48.97794], [4.6428, 48.97831], [4.6442, 48.97929], [4.65606, 48.97484], [4.65813, 48.9743], [4.6561, 48.97289]], [[4.65352, 48.97368], [4.65323, 48.97406], [4.65259, 48.9742], [4.65202, 48.97401], [4.65181, 48.97358], [4.65212, 48.9732], [4.65278, 48.97308], [4.65334, 48.97329], [4.65352, 48.97368]], [[4.65083, 48.97478], [4.65053, 48.97516], [4.64988, 48.9753], [4.64932, 48.9751], [4.64911, 48.97467], [4.64942, 48.9743], [4.65008, 48.97417], [4.65064, 48.97439], [4.65083, 48.97478]], [[4.64673, 48.97652], [4.64636, 48.97686], [4.64572, 48.97695], [4.64517, 48.9767], [4.64504, 48.97629], [4.64538, 48.97594], [4.64605, 48.97583], [4.64659, 48.97608], [4.64673, 48.97652]]], [[[4.63286, 48.95901], [4.62937, 48.96298], [4.62989, 48.9632], [4.63005, 48.96358], [4.63155, 48.9639], [4.63385, 48.96383], [4.64257, 48.96456], [4.63286, 48.95901]], [[4.63125, 48.96256], [4.63137, 48.96214], [4.63221, 48.96161], [4.63338, 48.96192], [4.63374, 48.96227], [4.63331, 48.96299], [4.63279, 48.96322], [4.63216, 48.96314], [4.63125, 48.96256]]], [[[4.62595, 48.95506], [4.59862, 48.9423], [4.56954, 48.93135], [4.53898, 48.92232], [4.52703, 48.91968], [4.52742, 48.92432], [4.52768, 48.92477], [4.52748, 48.92517], [4.52812, 48.93393], [4.52902, 48.93412], [4.52983, 48.93513], [4.52914, 48.93604], [4.52851, 48.93608], [4.52786, 48.93578], [4.52703, 48.94138], [4.52804, 48.95159], [4.5299, 48.95503], [4.52998, 48.95586], [4.52798, 48.96237], [4.52529, 48.96853], [4.52253, 48.97329], [4.51968, 48.98238], [4.52026, 48.98254], [4.52065, 48.98293], [4.52155, 48.98294], [4.52193, 48.98332], [4.52264, 48.98326], [4.5237, 48.98347], [4.52406, 48.98371], [4.5252, 48.9837], [4.52635, 48.98402], [4.52691, 48.9828], [4.52741, 48.98263], [4.52809, 48.98268], [4.5287, 48.98314], [4.52848, 48.98454], [4.52913, 48.98466], [4.52932, 48.98436], [4.5298, 48.98417], [4.53076, 48.98427], [4.53119, 48.98465], [4.53108, 48.98522], [4.53172, 48.98563], [4.53248, 48.98546], [4.53355, 48.98556], [4.53413, 48.98531], [4.53523, 48.98533], [4.5376, 48.98568], [4.53811, 48.98593], [4.53901, 48.98594], [4.53962, 48.98617], [4.54055, 48.98621], [4.54129, 48.98589], [4.54306, 48.98627], [4.54445, 48.98617], [4.54506, 48.98637], [4.54543, 48.98696], [4.54592, 48.98678], [4.54677, 48.9857], [4.54897, 48.98543], [4.5501, 48.98508], [4.55126, 48.9853], [4.55175, 48.98517], [4.5525, 48.98525], [4.55509, 48.98602], [4.55551, 48.98535], [4.55627, 48.9852], [4.55697, 48.98565], [4.5567, 48.98646], [4.55775, 48.9865], [4.55831, 48.98677], [4.55908, 48.98661], [4.55972, 48.98687], [4.56042, 48.98683], [4.56129, 48.98704], [4.56171, 48.98736], [4.56191, 48.98815], [4.56644, 48.98868], [4.57167, 48.98846], [4.57854, 48.98729], [4.58548, 48.98504], [4.58529, 48.98405], [4.58585, 48.98347], [4.58665, 48.98319], [4.58726, 48.98312], [4.58837, 48.98348], [4.58909, 48.98343], [4.58958, 48.98369], [4.59118, 48.98329], [4.5913, 48.98311], [4.59086, 48.98288], [4.59068, 48.9825], [4.59086, 48.98208], [4.59132, 48.98187], [4.59243, 48.98186], [4.59291, 48.98206], [4.59314, 48.98261], [4.59294, 48.98321], [4.59356, 48.98303], [4.59434, 48.98326], [4.59667, 48.98201], [4.60254, 48.97632], [4.60457, 48.97509], [4.60409, 48.97483], [4.60396, 48.97447], [4.60486, 48.97354], [4.60536, 48.97336], [4.60635, 48.97336], [4.60694, 48.97351], [4.6072, 48.9738], [4.60985, 48.9729], [4.61142, 48.97207], [4.61424, 48.97039], [4.62002, 48.96625], [4.61972, 48.96572], [4.62059, 48.96503], [4.62049, 48.96447], [4.62097, 48.96408], [4.62173, 48.9639], [4.62094, 48.96375], [4.62033, 48.96397], [4.61879, 48.96396], [4.61797, 48.96372], [4.61732, 48.9645], [4.61688, 48.96468], [4.61682, 48.96513], [4.61587, 48.96601], [4.61506, 48.9662], [4.61421, 48.96574], [4.61447, 48.96479], [4.61548, 48.96355], [4.61642, 48.96317], [4.61649, 48.96292], [4.61407, 48.9627], [4.61086, 48.96212], [4.60634, 48.96204], [4.60605, 48.96188], [4.60609, 48.96163], [4.60643, 48.96151], [4.61065, 48.96156], [4.61576, 48.9623], [4.61592, 48.96178], [4.61643, 48.96153], [4.61714, 48.9616], [4.61764, 48.96198], [4.61825, 48.96182], [4.61883, 48.96197], [4.61966, 48.9617], [4.62047, 48.96195], [4.62062, 48.96251], [4.62122, 48.96261], [4.62147, 48.96246], [4.62121, 48.96205], [4.62153, 48.96117], [4.62393, 48.96048], [4.62517, 48.96059], [4.62562, 48.9609], [4.62556, 48.9616], [4.62489, 48.96204], [4.62522, 48.96207], [4.6257, 48.96169], [4.62625, 48.96167], [4.62682, 48.96106], [4.62748, 48.96095], [4.628, 48.96107], [4.62834, 48.96149], [4.62803, 48.96231], [4.62872, 48.96263], [4.63224, 48.95865], [4.62595, 48.95506]], [[4.53854, 48.95575], [4.53868, 48.95511], [4.53906, 48.95483], [4.54, 48.95484], [4.54048, 48.95511], [4.5405, 48.95562], [4.53985, 48.95619], [4.53902, 48.95618], [4.53854, 48.95575]]], [[[4.51253, 48.91648], [4.50366, 48.91863], [4.47471, 48.9242], [4.47392, 48.92449], [4.47421, 48.92524], [4.47357, 48.92576], [4.47446, 48.92623], [4.47447, 48.92659], [4.47413, 48.92689], [4.47312, 48.92694], [4.47259, 48.92635], [4.47085, 48.92659], [4.47046, 48.92717], [4.46956, 48.9277], [4.46925, 48.92817], [4.46875, 48.92834], [4.4682, 48.92826], [4.46674, 48.92743], [4.46537, 48.92783], [4.4658, 48.92892], [4.4652, 48.92942], [4.4645, 48.92936], [4.46338, 48.92886], [4.46301, 48.92848], [4.45664, 48.93005], [4.45295, 48.93171], [4.45186, 48.93201], [4.44072, 48.93433], [4.41919, 48.93922], [4.40601, 48.94138], [4.40558, 48.94189], [4.40602, 48.9423], [4.40684, 48.94224], [4.40752, 48.94253], [4.4075, 48.94308], [4.40701, 48.9437], [4.40709, 48.94421], [4.4063, 48.94462], [4.40698, 48.94484], [4.40721, 48.94528], [4.40612, 48.94626], [4.40492, 48.94802], [4.40421, 48.94822], [4.40332, 48.94794], [4.40245, 48.94846], [4.40213, 48.94832], [4.40213, 48.94806], [4.40137, 48.94791], [4.40074, 48.94834], [4.39973, 48.94984], [4.39916, 48.95003], [4.39838, 48.94987], [4.39795, 48.95053], [4.3974, 48.95073], [4.39627, 48.95039], [4.39613, 48.94997], [4.3965, 48.94931], [4.39577, 48.94906], [4.39544, 48.9487], [4.39454, 48.94954], [4.3938, 48.94992], [4.39216, 48.95177], [4.39432, 48.95239], [4.39469, 48.95291], [4.39537, 48.95314], [4.39558, 48.95354], [4.39528, 48.95426], [4.3985, 48.95528], [4.39901, 48.95573], [4.4002, 48.95601], [4.40092, 48.95584], [4.40166, 48.95618], [4.40265, 48.95635], [4.40435, 48.95731], [4.40488, 48.95787], [4.4073, 48.95758], [4.41051, 48.95776], [4.41338, 48.95817], [4.41786, 48.95933], [4.42375, 48.95962], [4.42521, 48.95981], [4.42539, 48.96017], [4.42499, 48.96032], [4.41823, 48.95994], [4.41312, 48.95868], [4.41038, 48.9583], [4.40733, 48.95812], [4.40477, 48.95841], [4.40426, 48.95832], [4.4029, 48.95751], [4.40168, 48.95704], [4.39997, 48.95676], [4.3976, 48.95695], [4.40134, 48.95855], [4.40348, 48.9591], [4.40627, 48.96046], [4.4075, 48.96074], [4.40776, 48.96112], [4.40748, 48.96158], [4.40576, 48.96205], [4.405, 48.96185], [4.40467, 48.96155], [4.4047, 48.96118], [4.40519, 48.96061], [4.40219, 48.95928], [4.40133, 48.95913], [4.40114, 48.9597], [4.40041, 48.96023], [4.39973, 48.96037], [4.39912, 48.96023], [4.39879, 48.95966], [4.39962, 48.95844], [4.3952, 48.95659], [4.39461, 48.95685], [4.39397, 48.95674], [4.39359, 48.9564], [4.39368, 48.956], [4.39331, 48.95586], [4.39297, 48.95646], [4.39205, 48.9565], [4.39156, 48.95606], [4.39173, 48.95565], [4.39225, 48.95541], [4.39189, 48.9553], [4.39024, 48.95622], [4.39022, 48.95727], [4.3909, 48.958], [4.3904, 48.95861], [4.3912, 48.96056], [4.39111, 48.96214], [4.39134, 48.96243], [4.39155, 48.96223], [4.39145, 48.96138], [4.39192, 48.96111], [4.39251, 48.9611], [4.3932, 48.96143], [4.39362, 48.96193], [4.39361, 48.96229], [4.39424, 48.9626], [4.39426, 48.96302], [4.46275, 48.97591], [4.46695, 48.97512], [4.46765, 48.97474], [4.46841, 48.97482], [4.46934, 48.97453], [4.47109, 48.97474], [4.47181, 48.97584], [4.47198, 48.97577], [4.4717, 48.97493], [4.47215, 48.97473], [4.47247, 48.97488], [4.47278, 48.97565], [4.47339, 48.9757], [4.47411, 48.9761], [4.47506, 48.97601], [4.47565, 48.97638], [4.47677, 48.97586], [4.4773, 48.97582], [4.4785, 48.97744], [4.47853, 48.97779], [4.47917, 48.97784], [4.47975, 48.97758], [4.48042, 48.97757], [4.48101, 48.97788], [4.48117, 48.97827], [4.48221, 48.97775], [4.48556, 48.97773], [4.48779, 48.97709], [4.48911, 48.9771], [4.49105, 48.97814], [4.49194, 48.97786], [4.49283, 48.97786], [4.49315, 48.97752], [4.49377, 48.97741], [4.49525, 48.97779], [4.49609, 48.97767], [4.49668, 48.97803], [4.49732, 48.97794], [4.50023, 48.97835], [4.50068, 48.97871], [4.50052, 48.97921], [4.50075, 48.97998], [4.5015, 48.98011], [4.50244, 48.97987], [4.50424, 48.98061], [4.50543, 48.98069], [4.50589, 48.98099], [4.50608, 48.98159], [4.51267, 48.98227], [4.51482, 48.98273], [4.5158, 48.98198], [4.51736, 48.98219], [4.51786, 48.98195], [4.51899, 48.98192], [4.51915, 48.98141], [4.51815, 48.98112], [4.5181, 48.98047], [4.51865, 48.9801], [4.51956, 48.98015], [4.52174, 48.97316], [4.52451, 48.96836], [4.52719, 48.96223], [4.52916, 48.95581], [4.52911, 48.95519], [4.52723, 48.95165], [4.52621, 48.94141], [4.52733, 48.93351], [4.52678, 48.92655], [4.52602, 48.92688], [4.52546, 48.92688], [4.52402, 48.92621], [4.52374, 48.92583], [4.52564, 48.92364], [4.52652, 48.92343], [4.5262, 48.9195], [4.51253, 48.91648]], [[4.41871, 48.94982], [4.41877, 48.95029], [4.41825, 48.9508], [4.41732, 48.95103], [4.41647, 48.95069], [4.41642, 48.95022], [4.41717, 48.94944], [4.41789, 48.94941], [4.41871, 48.94982]], [[4.40265, 48.94883], [4.40339, 48.94931], [4.40311, 48.94988], [4.40351, 48.95024], [4.40326, 48.95107], [4.4036, 48.95164], [4.40325, 48.95205], [4.40249, 48.95218], [4.40197, 48.95202], [4.4012, 48.95133], [4.40111, 48.95096], [4.40141, 48.95054], [4.40084, 48.95029], [4.40065, 48.94994], [4.40115, 48.94928], [4.40206, 48.94885], [4.40265, 48.94883]], [[4.40742, 48.95229], [4.40814, 48.95196], [4.40898, 48.95222], [4.4097, 48.95288], [4.40936, 48.95354], [4.40861, 48.9537], [4.40733, 48.95327], [4.40708, 48.95283], [4.40742, 48.95229]], [[4.41981, 48.95357], [4.4191, 48.95359], [4.41838, 48.95321], [4.41838, 48.95279], [4.41901, 48.95225], [4.41965, 48.95224], [4.42037, 48.95263], [4.42038, 48.95305], [4.41981, 48.95357]], [[4.39632, 48.95293], [4.39696, 48.95292], [4.39775, 48.9533], [4.3981, 48.95393], [4.39761, 48.95444], [4.3969, 48.95448], [4.39573, 48.95392], [4.39569, 48.95346], [4.39632, 48.95293]], [[4.42521, 48.96156], [4.42515, 48.9611], [4.42563, 48.96073], [4.42636, 48.96074], [4.427, 48.96111], [4.42698, 48.96155], [4.42652, 48.96185], [4.42571, 48.96182], [4.42521, 48.96156]], [[4.39909, 48.96272], [4.39845, 48.96273], [4.39796, 48.96244], [4.39793, 48.96203], [4.39835, 48.96171], [4.39905, 48.96169], [4.39952, 48.96199], [4.39953, 48.96239], [4.39909, 48.96272]], [[4.42996, 48.96266], [4.42932, 48.96272], [4.42871, 48.96244], [4.42864, 48.96202], [4.42909, 48.9616], [4.42974, 48.96156], [4.43032, 48.96186], [4.43037, 48.96228], [4.42996, 48.96266]], [[4.42529, 48.96249], [4.42497, 48.96287], [4.42437, 48.963], [4.42376, 48.96281], [4.4235, 48.96235], [4.42381, 48.96195], [4.42451, 48.96182], [4.42512, 48.96204], [4.42529, 48.96249]], [[4.49671, 48.94929], [4.49739, 48.94951], [4.49762, 48.94989], [4.49728, 48.9504], [4.49668, 48.95056], [4.49603, 48.95037], [4.49579, 48.94998], [4.49611, 48.94946], [4.49671, 48.94929]], [[4.48465, 48.9519], [4.48488, 48.95232], [4.48462, 48.95271], [4.48394, 48.95286], [4.48335, 48.95268], [4.48314, 48.95227], [4.48342, 48.95186], [4.48401, 48.95172], [4.48465, 48.9519]], [[4.43184, 48.96172], [4.43247, 48.96163], [4.43306, 48.96186], [4.43319, 48.9623], [4.43285, 48.96265], [4.43223, 48.96275], [4.43164, 48.96252], [4.4315, 48.96208], [4.43184, 48.96172]], [[4.44293, 48.96339], [4.44224, 48.96348], [4.44169, 48.96326], [4.44154, 48.96286], [4.44188, 48.96246], [4.44257, 48.96236], [4.44313, 48.96258], [4.44327, 48.963], [4.44293, 48.96339]], [[4.43996, 48.96316], [4.44069, 48.96312], [4.44122, 48.96343], [4.44119, 48.96395], [4.44075, 48.96426], [4.44011, 48.96427], [4.43957, 48.96397], [4.43954, 48.96355], [4.43996, 48.96316]], [[4.46247, 48.96559], [4.46152, 48.96555], [4.46106, 48.96525], [4.46111, 48.9646], [4.46159, 48.96426], [4.46256, 48.9643], [4.46301, 48.96461], [4.46295, 48.96525], [4.46247, 48.96559]], [[4.47898, 48.97453], [4.47975, 48.97436], [4.48031, 48.97455], [4.48067, 48.97513], [4.48138, 48.97554], [4.48143, 48.97588], [4.48114, 48.97619], [4.48019, 48.97636], [4.47921, 48.97598], [4.47869, 48.97501], [4.47898, 48.97453]], [[4.51091, 48.94088], [4.5113, 48.9405], [4.512, 48.94043], [4.51281, 48.94084], [4.51292, 48.9413], [4.51248, 48.94166], [4.51184, 48.94171], [4.51104, 48.9413], [4.51091, 48.94088]]], [[[4.50724, 48.91531], [4.47461, 48.91037], [4.46887, 48.90988], [4.47088, 48.91075], [4.47434, 48.91161], [4.48365, 48.91478], [4.49797, 48.91916], [4.50342, 48.91811], [4.5113, 48.91621], [4.50724, 48.91531]]], [[[4.46517, 48.90957], [4.44098, 48.90754], [4.43528, 48.91083], [4.43365, 48.91256], [4.43627, 48.91314], [4.44421, 48.91757], [4.45635, 48.92346], [4.46063, 48.92531], [4.46463, 48.92746], [4.46672, 48.92684], [4.46777, 48.92634], [4.4681, 48.92613], [4.46841, 48.92508], [4.469, 48.92488], [4.47003, 48.92498], [4.47095, 48.92415], [4.47158, 48.92398], [4.47216, 48.92354], [4.4728, 48.92354], [4.47368, 48.92395], [4.47559, 48.92343], [4.49676, 48.91939], [4.48329, 48.91526], [4.474, 48.91209], [4.47052, 48.91123], [4.46776, 48.91009], [4.46629, 48.90994], [4.46517, 48.90957]], [[4.4471, 48.91065], [4.44775, 48.9106], [4.44827, 48.91088], [4.44833, 48.91131], [4.44783, 48.91168], [4.4472, 48.91169], [4.4467, 48.91138], [4.44669, 48.91096], [4.4471, 48.91065]], [[4.45303, 48.91384], [4.45373, 48.91377], [4.45426, 48.91405], [4.4543, 48.91456], [4.45389, 48.9149], [4.45326, 48.91495], [4.45274, 48.91468], [4.45265, 48.91421], [4.45303, 48.91384]], [[4.46699, 48.92572], [4.46663, 48.9263], [4.46599, 48.92651], [4.46501, 48.92616], [4.46475, 48.92578], [4.46518, 48.92522], [4.46576, 48.92505], [4.46668, 48.92536], [4.46699, 48.92572]]], [[[4.43537, 48.90743], [4.43454, 48.90814], [4.43399, 48.90821], [4.43354, 48.90807], [4.43151, 48.91052], [4.43268, 48.91059], [4.434, 48.91035], [4.43616, 48.90945], [4.436, 48.90898], [4.43678, 48.90847], [4.43737, 48.90846], [4.43768, 48.90866], [4.43856, 48.90817], [4.43806, 48.90795], [4.43808, 48.90748], [4.43537, 48.90743]]], [[[4.41461, 48.90701], [4.41366, 48.90774], [4.41318, 48.90841], [4.413, 48.90975], [4.41326, 48.91049], [4.41397, 48.91074], [4.41392, 48.91114], [4.41541, 48.91207], [4.41541, 48.9125], [4.41481, 48.9129], [4.41568, 48.91331], [4.42354, 48.9099], [4.42334, 48.90945], [4.42383, 48.90884], [4.42233, 48.90792], [4.42226, 48.90755], [4.42262, 48.90717], [4.41461, 48.90701]], [[4.41579, 48.9104], [4.41718, 48.90887], [4.41786, 48.90876], [4.41816, 48.90824], [4.4187, 48.90816], [4.42085, 48.90907], [4.42122, 48.90962], [4.42102, 48.90991], [4.41963, 48.91069], [4.41994, 48.91105], [4.41972, 48.91136], [4.41817, 48.91187], [4.41681, 48.91136], [4.4158, 48.91069], [4.41579, 48.9104]]], [[[4.41243, 48.90697], [4.4053, 48.91277], [4.40654, 48.91276], [4.40996, 48.91489], [4.41222, 48.91301], [4.41455, 48.91229], [4.41322, 48.91151], [4.41233, 48.91046], [4.41211, 48.9097], [4.41231, 48.90833], [4.41341, 48.90699], [4.41243, 48.90697]], [[4.411, 48.91099], [4.41137, 48.91087], [4.41184, 48.91097], [4.41215, 48.91123], [4.4121, 48.91148], [4.41139, 48.91177], [4.41088, 48.91175], [4.41068, 48.91146], [4.411, 48.91099]]], [[[4.40794, 48.90688], [4.39924, 48.90727], [4.39954, 48.91463], [4.3994, 48.9161], [4.40312, 48.91309], [4.40331, 48.91266], [4.40387, 48.91245], [4.41072, 48.90693], [4.40794, 48.90688]], [[4.40162, 48.90974], [4.40142, 48.90791], [4.40178, 48.90763], [4.40311, 48.90763], [4.40357, 48.90796], [4.4047, 48.90771], [4.40603, 48.90797], [4.406, 48.90835], [4.4049, 48.90971], [4.40451, 48.91136], [4.40394, 48.91159], [4.40327, 48.91231], [4.40023, 48.91154], [4.39989, 48.91129], [4.39984, 48.91094], [4.40015, 48.91072], [4.40128, 48.91066], [4.40162, 48.90974]]], [[[4.39775, 48.90733], [4.39509, 48.90873], [4.39857, 48.91078], [4.39842, 48.9073], [4.39775, 48.90733]]], [[[4.39224, 48.90758], [4.38841, 48.90943], [4.38657, 48.91094], [4.38555, 48.91235], [4.38615, 48.91223], [4.38685, 48.91248], [4.38733, 48.91381], [4.38708, 48.91439], [4.3862, 48.91452], [4.38466, 48.914], [4.38334, 48.91541], [4.38174, 48.9164], [4.37999, 48.91694], [4.37647, 48.91716], [4.37604, 48.91792], [4.37656, 48.91804], [4.37654, 48.91859], [4.37541, 48.91977], [4.37392, 48.92045], [4.37163, 48.92077], [4.36838, 48.92347], [4.36292, 48.92691], [4.36148, 48.92822], [4.35949, 48.93055], [4.35738, 48.93203], [4.3559, 48.93452], [4.35586, 48.9369], [4.35562, 48.93762], [4.35376, 48.94017], [4.35372, 48.94185], [4.35569, 48.94599], [4.3558, 48.94673], [4.35667, 48.94653], [4.35817, 48.94664], [4.35806, 48.9463], [4.35833, 48.94587], [4.35933, 48.94569], [4.3601, 48.94605], [4.36015, 48.94683], [4.36095, 48.9472], [4.36672, 48.94257], [4.36684, 48.94222], [4.36887, 48.94047], [4.36945, 48.93967], [4.36603, 48.94057], [4.36554, 48.94034], [4.36562, 48.9397], [4.366, 48.93933], [4.36688, 48.93897], [4.36677, 48.93878], [4.36518, 48.93882], [4.36352, 48.93946], [4.36312, 48.93931], [4.36315, 48.93902], [4.36442, 48.93858], [4.3648, 48.93827], [4.36581, 48.93812], [4.36687, 48.93816], [4.36769, 48.93859], [4.36961, 48.93844], [4.36026, 48.93717], [4.35677, 48.9371], [4.35648, 48.93694], [4.35655, 48.93666], [4.35793, 48.93652], [4.36038, 48.93664], [4.37053, 48.93802], [4.37779, 48.92741], [4.37843, 48.92716], [4.37866, 48.92751], [4.37043, 48.93954], [4.37188, 48.9381], [4.37469, 48.93584], [4.37451, 48.93498], [4.37588, 48.93416], [4.37604, 48.93359], [4.37639, 48.9334], [4.37646, 48.93229], [4.37707, 48.93222], [4.3774, 48.93168], [4.37856, 48.93115], [4.37932, 48.93119], [4.38076, 48.93074], [4.38123, 48.93082], [4.39653, 48.91843], [4.39638, 48.91805], [4.39824, 48.91658], [4.39863, 48.91589], [4.39861, 48.91156], [4.39426, 48.90897], [4.39357, 48.90858], [4.3906, 48.91057], [4.38854, 48.91357], [4.38775, 48.91354], [4.38732, 48.91322], [4.3876, 48.91202], [4.38704, 48.91176], [4.38678, 48.91135], [4.38717, 48.91059], [4.38766, 48.91056], [4.38908, 48.91143], [4.38997, 48.91022], [4.39315, 48.90809], [4.39368, 48.90798], [4.39446, 48.90837], [4.3965, 48.90739], [4.39224, 48.90758]], [[4.37661, 48.92187], [4.37686, 48.92165], [4.37728, 48.9217], [4.3799, 48.9232], [4.37992, 48.92354], [4.37935, 48.9236], [4.37661, 48.92187]], [[4.3794, 48.93039], [4.37937, 48.9299], [4.37905, 48.92961], [4.37959, 48.92876], [4.37997, 48.92859], [4.38063, 48.92864], [4.38178, 48.92929], [4.38191, 48.92967], [4.38042, 48.93041], [4.3794, 48.93039]]], [[[4.37454, 48.90836], [4.36599, 48.90931], [4.35502, 48.91843], [4.35516, 48.91871], [4.35487, 48.91967], [4.35621, 48.92085], [4.35746, 48.92033], [4.35791, 48.92031], [4.3584, 48.92044], [4.35948, 48.92121], [4.35982, 48.92184], [4.35928, 48.92288], [4.36033, 48.92361], [4.36115, 48.92386], [4.3613, 48.9244], [4.36227, 48.92553], [4.36764, 48.92224], [4.37403, 48.91698], [4.37761, 48.91365], [4.37697, 48.91317], [4.37719, 48.91262], [4.37789, 48.91242], [4.379, 48.91264], [4.384, 48.90942], [4.38787, 48.90777], [4.37454, 48.90836]]], [[[4.35399, 48.91062], [4.35634, 48.91322], [4.35714, 48.91482], [4.35776, 48.91538], [4.3648, 48.90944], [4.35399, 48.91062]]], [[[4.35013, 48.91105], [4.3536, 48.9138], [4.35375, 48.91467], [4.35475, 48.91507], [4.35454, 48.91466], [4.35466, 48.91418], [4.35517, 48.91393], [4.35587, 48.91393], [4.35312, 48.91072], [4.35013, 48.91105]]], [[[4.34349, 48.91178], [4.34644, 48.91577], [4.35172, 48.92159], [4.35172, 48.92107], [4.35231, 48.92064], [4.35086, 48.91978], [4.3507, 48.91927], [4.35126, 48.91888], [4.35295, 48.91892], [4.35329, 48.91853], [4.35399, 48.91843], [4.35406, 48.91809], [4.3549, 48.91736], [4.35456, 48.9171], [4.35458, 48.91656], [4.35486, 48.91631], [4.35452, 48.91599], [4.35457, 48.91564], [4.35319, 48.91507], [4.35293, 48.91476], [4.35291, 48.9141], [4.34922, 48.91115], [4.34349, 48.91178]]], [[[4.3426, 48.91187], [4.3247, 48.91498], [4.32941, 48.91563], [4.33639, 48.91733], [4.34092, 48.91866], [4.3446, 48.92012], [4.34508, 48.91958], [4.34486, 48.919], [4.34616, 48.91795], [4.34641, 48.91743], [4.34623, 48.91711], [4.34646, 48.91691], [4.3426, 48.91187]]], [[[4.31553, 48.9166], [4.32288, 48.92647], [4.32381, 48.92835], [4.32428, 48.92861], [4.32464, 48.92921], [4.33489, 48.93659], [4.3355, 48.93622], [4.33632, 48.93638], [4.33657, 48.93693], [4.33598, 48.93733], [4.34114, 48.94113], [4.34149, 48.94119], [4.34186, 48.94085], [4.34239, 48.94074], [4.3433, 48.94115], [4.34386, 48.94098], [4.34467, 48.94115], [4.34501, 48.9408], [4.34213, 48.93998], [4.34175, 48.93942], [4.34266, 48.93792], [4.34341, 48.93592], [4.34408, 48.93528], [4.34498, 48.93514], [4.34693, 48.936], [4.34715, 48.93535], [4.34561, 48.93486], [4.34504, 48.93448], [4.34513, 48.93395], [4.3446, 48.93347], [4.34488, 48.93299], [4.34547, 48.93268], [4.34611, 48.93267], [4.34777, 48.93363], [4.34879, 48.93399], [4.35144, 48.92657], [4.35099, 48.92633], [4.35091, 48.92591], [4.35124, 48.92557], [4.35184, 48.92546], [4.35193, 48.92519], [4.35115, 48.92449], [4.35067, 48.92323], [4.35, 48.92254], [4.35004, 48.92216], [4.34719, 48.92141], [4.34562, 48.92119], [4.34053, 48.91913], [4.33608, 48.91783], [4.32917, 48.91614], [4.32295, 48.91529], [4.31553, 48.9166]], [[4.34862, 48.92541], [4.34787, 48.92522], [4.34753, 48.92486], [4.34777, 48.92435], [4.34831, 48.92413], [4.34897, 48.92424], [4.34945, 48.92472], [4.34923, 48.92519], [4.34862, 48.92541]], [[4.3372, 48.93387], [4.33753, 48.9333], [4.33826, 48.93312], [4.33903, 48.93344], [4.33943, 48.93407], [4.33906, 48.93448], [4.33844, 48.93459], [4.33746, 48.9342], [4.3372, 48.93387]]], [[[4.30919, 48.91773], [4.30106, 48.91975], [4.321, 48.92785], [4.32291, 48.92838], [4.32214, 48.9267], [4.31472, 48.91675], [4.30919, 48.91773]]], [[[4.29694, 48.92077], [4.29324, 48.92559], [4.31733, 48.93421], [4.32008, 48.93135], [4.32277, 48.929], [4.32059, 48.92832], [4.30341, 48.92135], [4.30296, 48.92188], [4.30198, 48.92184], [4.30055, 48.92105], [4.30041, 48.92064], [4.30076, 48.92026], [4.3001, 48.91999], [4.29694, 48.92077]]], [[[4.29575, 48.92107], [4.29578, 48.92108], [4.2958, 48.92106], [4.29575, 48.92107]]], [[[4.29028, 48.92243], [4.29113, 48.92276], [4.29137, 48.92309], [4.29098, 48.92376], [4.29056, 48.924], [4.28993, 48.924], [4.28852, 48.9235], [4.28816, 48.92295], [4.28679, 48.92329], [4.29252, 48.92533], [4.29421, 48.92296], [4.29274, 48.92227], [4.29251, 48.92187], [4.29028, 48.92243]]], [[[4.2838, 48.92404], [4.28407, 48.92726], [4.28486, 48.93151], [4.28548, 48.9318], [4.28578, 48.93326], [4.28541, 48.93354], [4.28918, 48.94365], [4.29023, 48.94819], [4.29828, 48.95017], [4.30479, 48.95083], [4.30649, 48.94702], [4.30869, 48.94352], [4.31096, 48.94081], [4.31689, 48.93467], [4.28577, 48.92355], [4.2838, 48.92404]]], [[[4.27786, 48.92551], [4.24782, 48.93528], [4.24331, 48.93713], [4.25197, 48.93917], [4.25236, 48.93912], [4.25263, 48.93933], [4.2652, 48.94233], [4.26851, 48.93891], [4.26833, 48.93802], [4.26899, 48.93678], [4.26949, 48.93649], [4.27012, 48.93647], [4.27077, 48.93707], [4.27032, 48.9376], [4.27139, 48.93822], [4.27129, 48.9388], [4.2703, 48.93938], [4.2692, 48.9392], [4.26598, 48.94251], [4.26752, 48.94288], [4.26794, 48.94283], [4.26819, 48.94304], [4.28921, 48.94792], [4.28837, 48.9442], [4.2846, 48.93412], [4.28386, 48.93141], [4.28306, 48.92685], [4.28219, 48.92676], [4.28179, 48.92638], [4.28209, 48.92577], [4.28294, 48.92562], [4.28284, 48.92427], [4.27786, 48.92551]]], [[[4.23744, 48.93953], [4.23848, 48.94009], [4.24152, 48.94238], [4.24221, 48.94229], [4.24284, 48.94258], [4.2447, 48.94242], [4.24586, 48.94307], [4.24626, 48.94258], [4.24695, 48.94244], [4.24735, 48.94182], [4.24789, 48.9417], [4.2484, 48.94184], [4.2514, 48.93961], [4.24243, 48.93749], [4.23744, 48.93953]]], [[[4.21937, 48.94693], [4.19278, 48.96035], [4.18282, 48.96649], [4.18263, 48.96689], [4.18218, 48.96712], [4.18365, 48.96928], [4.18772, 48.97309], [4.18963, 48.97519], [4.19151, 48.97874], [4.1921, 48.97878], [4.19251, 48.97909], [4.19255, 48.97959], [4.19206, 48.98007], [4.19618, 48.99006], [4.19699, 48.99494], [4.19826, 48.99645], [4.19897, 48.99811], [4.20124, 49.00156], [4.20249, 49.00156], [4.20445, 48.99791], [4.20483, 48.99775], [4.2052, 48.99792], [4.20316, 49.00193], [4.20391, 49.00218], [4.20406, 49.00283], [4.2048, 49.00282], [4.20526, 49.00317], [4.20611, 49.00287], [4.20663, 49.00289], [4.22914, 48.99599], [4.22894, 48.99562], [4.22909, 48.9953], [4.22969, 48.99506], [4.23034, 48.99517], [4.23025, 48.99468], [4.23078, 48.99431], [4.23188, 48.99436], [4.23216, 48.99468], [4.23212, 48.99507], [4.23596, 48.99385], [4.23563, 48.99317], [4.23468, 48.99247], [4.23468, 48.99204], [4.23382, 48.99098], [4.23402, 48.99053], [4.23452, 48.99061], [4.23534, 48.9917], [4.23601, 48.99181], [4.23703, 48.99259], [4.23706, 48.99219], [4.23651, 48.99173], [4.23683, 48.99144], [4.23726, 48.99155], [4.23798, 48.99132], [4.23905, 48.99149], [4.23976, 48.99209], [4.24071, 48.99193], [4.23982, 48.99089], [4.2401, 48.99052], [4.24085, 48.99027], [4.24232, 48.99051], [4.24244, 48.99116], [4.24309, 48.99117], [4.24351, 48.99146], [4.24594, 48.99067], [4.24559, 48.99015], [4.24467, 48.99036], [4.2439, 48.98986], [4.24307, 48.99031], [4.24157, 48.99019], [4.24109, 48.98988], [4.24014, 48.99027], [4.2395, 48.99024], [4.23876, 48.98961], [4.23875, 48.98919], [4.23797, 48.98879], [4.23794, 48.98828], [4.23855, 48.98773], [4.23914, 48.98756], [4.23944, 48.98707], [4.24028, 48.98691], [4.24076, 48.9871], [4.2412, 48.98761], [4.24183, 48.98739], [4.24244, 48.98749], [4.24345, 48.98866], [4.24416, 48.98836], [4.24486, 48.98845], [4.24625, 48.98984], [4.24744, 48.98946], [4.24805, 48.98842], [4.2476, 48.98811], [4.24756, 48.98769], [4.24805, 48.98733], [4.2486, 48.98725], [4.2473, 48.98638], [4.24722, 48.98586], [4.24779, 48.98549], [4.24834, 48.98543], [4.24947, 48.98609], [4.24994, 48.98531], [4.24951, 48.98489], [4.24957, 48.98447], [4.25028, 48.98412], [4.25098, 48.98424], [4.25119, 48.98329], [4.25161, 48.98295], [4.25194, 48.98215], [4.25079, 48.98134], [4.25072, 48.98082], [4.25169, 48.98035], [4.25277, 48.98077], [4.25419, 48.97971], [4.25997, 48.97128], [4.26219, 48.96946], [4.26284, 48.96844], [4.26386, 48.96586], [4.26448, 48.96354], [4.26666, 48.96099], [4.26571, 48.95907], [4.26586, 48.95864], [4.26428, 48.95802], [4.26404, 48.95753], [4.26306, 48.95711], [4.26287, 48.95667], [4.26236, 48.95632], [4.26134, 48.95656], [4.26016, 48.95593], [4.2599, 48.95531], [4.25839, 48.95465], [4.25818, 48.95412], [4.25703, 48.95374], [4.25677, 48.95316], [4.25694, 48.9528], [4.25369, 48.95152], [4.25318, 48.95173], [4.25252, 48.95163], [4.25215, 48.95135], [4.25215, 48.95096], [4.25102, 48.95056], [4.25026, 48.95119], [4.24892, 48.95104], [4.24518, 48.94956], [4.24489, 48.94915], [4.24393, 48.94877], [4.24308, 48.94807], [4.24262, 48.94827], [4.24205, 48.94823], [4.24147, 48.94781], [4.24075, 48.94765], [4.24043, 48.94715], [4.23982, 48.94717], [4.23924, 48.94687], [4.23902, 48.94637], [4.23948, 48.94595], [4.23878, 48.94595], [4.23815, 48.94551], [4.23809, 48.94514], [4.23933, 48.94408], [4.24071, 48.94397], [4.24141, 48.94427], [4.24058, 48.94333], [4.24091, 48.94274], [4.2379, 48.94047], [4.23664, 48.93986], [4.21937, 48.94693]]], [[[4.17217, 48.97304], [4.17247, 48.97362], [4.17208, 48.97395], [4.17282, 48.97475], [4.17305, 48.97552], [4.17263, 48.97599], [4.1733, 48.97611], [4.17352, 48.97644], [4.17328, 48.97694], [4.17238, 48.97719], [4.17215, 48.97747], [4.17256, 48.9777], [4.17264, 48.97814], [4.17363, 48.97884], [4.17355, 48.97967], [4.174, 48.9796], [4.17434, 48.97979], [4.17423, 48.9814], [4.175, 48.98175], [4.17526, 48.98266], [4.17586, 48.98285], [4.17581, 48.98347], [4.17711, 48.98474], [4.17725, 48.98534], [4.17771, 48.9856], [4.17742, 48.98484], [4.17816, 48.98456], [4.17598, 48.98005], [4.17627, 48.97985], [4.17874, 48.97955], [4.18088, 48.98194], [4.18313, 48.98585], [4.1825, 48.98655], [4.18288, 48.9874], [4.18377, 48.98719], [4.1847, 48.98721], [4.18522, 48.98746], [4.18601, 48.98866], [4.18649, 48.98874], [4.18798, 48.98832], [4.18758, 48.98672], [4.18881, 48.98629], [4.18933, 48.98647], [4.19082, 48.98789], [4.18766, 48.99264], [4.18625, 48.99326], [4.18701, 48.99393], [4.18757, 48.99405], [4.18738, 48.99376], [4.18753, 48.99355], [4.18995, 48.99268], [4.19279, 48.99237], [4.19306, 48.99255], [4.19351, 48.99411], [4.19467, 48.99534], [4.19535, 48.99872], [4.19496, 48.99969], [4.19283, 49.00115], [4.19269, 49.00493], [4.19304, 49.00595], [4.19363, 49.00609], [4.19396, 49.00643], [4.19477, 49.00593], [4.1954, 49.00594], [4.19582, 49.0062], [4.19895, 49.00524], [4.19892, 49.00487], [4.1993, 49.00454], [4.19993, 49.00446], [4.20042, 49.00465], [4.20079, 49.00449], [4.20136, 49.00311], [4.20052, 49.00234], [4.20055, 49.00192], [4.19981, 49.0005], [4.19821, 48.99832], [4.1975, 48.99666], [4.1962, 48.99508], [4.19538, 48.99018], [4.1915, 48.98079], [4.19104, 48.98116], [4.18962, 48.9815], [4.18904, 48.98131], [4.18856, 48.98076], [4.18873, 48.98022], [4.19057, 48.97945], [4.19079, 48.97905], [4.18978, 48.97683], [4.18853, 48.97499], [4.18295, 48.96957], [4.18143, 48.96734], [4.17217, 48.97304]], [[4.18727, 48.97383], [4.1883, 48.97549], [4.18795, 48.97582], [4.18615, 48.97648], [4.18432, 48.97498], [4.18429, 48.9744], [4.18364, 48.97414], [4.18349, 48.97368], [4.1838, 48.9733], [4.18439, 48.97316], [4.1854, 48.97343], [4.18574, 48.97381], [4.18651, 48.97353], [4.18727, 48.97383]], [[4.18851, 48.9829], [4.18763, 48.98374], [4.18706, 48.9837], [4.18651, 48.98275], [4.18659, 48.9825], [4.18771, 48.98206], [4.18812, 48.9821], [4.18851, 48.9829]]], [[[4.17133, 48.97362], [4.17122, 48.97375], [4.17123, 48.97382], [4.17133, 48.97362]]], [[[4.14616, 48.992], [4.13452, 49.00266], [4.14611, 49.00665], [4.14959, 49.01007], [4.15635, 49.01201], [4.15777, 49.01183], [4.15531, 49.00881], [4.15532, 49.00857], [4.15564, 49.00843], [4.15604, 49.00857], [4.15865, 49.01179], [4.17362, 49.01034], [4.17382, 49.01027], [4.17379, 49.0099], [4.17321, 49.00912], [4.17335, 49.00884], [4.17752, 49.00738], [4.17796, 49.00696], [4.17902, 49.00686], [4.18176, 49.00572], [4.18108, 49.00506], [4.17988, 49.00286], [4.17772, 48.99995], [4.17541, 48.9983], [4.17448, 48.99724], [4.17303, 48.99321], [4.17256, 48.98956], [4.16938, 48.98627], [4.16955, 48.98285], [4.16931, 48.98191], [4.16804, 48.9798], [4.16781, 48.97853], [4.16665, 48.97844], [4.16466, 48.97937], [4.16411, 48.97921], [4.16422, 48.97892], [4.16586, 48.97815], [4.16564, 48.97742], [4.14616, 48.992]], [[4.17272, 49.00839], [4.1721, 49.00815], [4.17186, 49.00751], [4.17227, 49.00719], [4.17341, 49.00697], [4.17404, 49.00741], [4.1741, 49.00783], [4.17377, 49.00813], [4.17272, 49.00839]]], [[[4.12659, 49.00992], [4.12534, 49.01134], [4.12524, 49.01191], [4.12612, 49.01191], [4.12654, 49.0116], [4.12748, 49.01152], [4.12879, 49.01161], [4.12971, 49.01195], [4.13021, 49.01177], [4.13187, 49.0117], [4.13198, 49.01109], [4.13243, 49.01079], [4.13316, 49.01077], [4.13364, 49.01095], [4.13393, 49.01146], [4.13337, 49.01328], [4.13278, 49.01366], [4.13213, 49.0137], [4.13212, 49.01424], [4.13648, 49.01392], [4.13577, 49.01355], [4.13565, 49.01251], [4.13596, 49.01158], [4.1366, 49.01128], [4.13751, 49.01137], [4.13796, 49.01179], [4.13751, 49.01353], [4.13711, 49.01386], [4.15489, 49.01215], [4.1491, 49.0105], [4.14855, 49.01017], [4.14563, 49.00709], [4.13404, 49.0031], [4.12659, 49.00992]]], [[[4.12239, 49.01468], [4.12311, 49.01471], [4.12365, 49.01426], [4.12373, 49.01365], [4.12441, 49.0134], [4.12405, 49.0128], [4.12239, 49.01468]]], [[[4.119, 49.01854], [4.11978, 49.0184], [4.12005, 49.01794], [4.12038, 49.01783], [4.12165, 49.0182], [4.12248, 49.01817], [4.12297, 49.0186], [4.12291, 49.01907], [4.12672, 49.0192], [4.12725, 49.0186], [4.12651, 49.01787], [4.1266, 49.01824], [4.12631, 49.01843], [4.12442, 49.01814], [4.12427, 49.01791], [4.12446, 49.01771], [4.1238, 49.01763], [4.12337, 49.01733], [4.12339, 49.01666], [4.12142, 49.0166], [4.12089, 49.01639], [4.119, 49.01854]]], [[[4.11726, 49.02051], [4.12274, 49.02003], [4.12273, 49.01967], [4.11832, 49.01931], [4.11726, 49.02051]]], [[[4.10976, 49.02902], [4.10007, 49.04301], [4.10143, 49.04264], [4.10424, 49.04246], [4.10578, 49.04284], [4.10722, 49.04354], [4.11034, 49.04432], [4.11181, 49.04402], [4.11536, 49.04414], [4.11557, 49.04393], [4.11527, 49.04365], [4.11528, 49.04326], [4.11561, 49.04297], [4.11617, 49.04287], [4.1158, 49.04234], [4.11604, 49.042], [4.11655, 49.04184], [4.11645, 49.04122], [4.11684, 49.04095], [4.11738, 49.04089], [4.11798, 49.04114], [4.11809, 49.04162], [4.11737, 49.04205], [4.1174, 49.04272], [4.11661, 49.04297], [4.11697, 49.04327], [4.11696, 49.04363], [4.11786, 49.04385], [4.1192, 49.04453], [4.11999, 49.04078], [4.12104, 49.0396], [4.1209, 49.03899], [4.12146, 49.03862], [4.12219, 49.03869], [4.12319, 49.03789], [4.12396, 49.03576], [4.12042, 49.03558], [4.12021, 49.03524], [4.1206, 49.03403], [4.12088, 49.03383], [4.12148, 49.03382], [4.124, 49.03402], [4.12445, 49.03428], [4.12556, 49.02967], [4.12469, 49.02958], [4.12447, 49.02929], [4.12465, 49.02903], [4.12567, 49.02871], [4.12576, 49.02797], [4.12334, 49.02786], [4.12314, 49.0295], [4.12142, 49.02961], [4.12113, 49.02919], [4.12142, 49.02779], [4.1203, 49.02731], [4.11884, 49.02626], [4.11869, 49.02594], [4.1195, 49.02531], [4.12146, 49.02458], [4.12473, 49.02475], [4.12587, 49.02506], [4.12612, 49.02492], [4.1262, 49.02423], [4.12583, 49.02382], [4.12626, 49.02355], [4.12628, 49.0233], [4.12178, 49.02274], [4.11965, 49.02276], [4.11867, 49.02298], [4.116, 49.023], [4.11519, 49.02286], [4.10976, 49.02902]], [[4.11139, 49.03012], [4.11115, 49.02934], [4.11141, 49.02839], [4.11253, 49.02819], [4.1132, 49.0283], [4.11339, 49.02881], [4.11306, 49.03009], [4.11166, 49.03031], [4.11139, 49.03012]], [[4.1146, 49.0344], [4.11508, 49.0344], [4.11563, 49.0348], [4.11559, 49.03524], [4.1152, 49.03549], [4.1145, 49.03531], [4.11438, 49.03465], [4.1146, 49.0344]], [[4.11333, 49.04058], [4.11242, 49.03996], [4.11328, 49.03857], [4.11533, 49.03888], [4.11561, 49.03936], [4.11644, 49.03901], [4.11723, 49.03941], [4.11732, 49.04002], [4.1168, 49.04041], [4.11626, 49.04044], [4.11579, 49.04023], [4.11536, 49.04055], [4.11333, 49.04058]]], [[[4.09771, 49.04641], [4.09803, 49.047], [4.10048, 49.04706], [4.10113, 49.04725], [4.10594, 49.04763], [4.1086, 49.04746], [4.11129, 49.04806], [4.11156, 49.04802], [4.11191, 49.04663], [4.11261, 49.04599], [4.11201, 49.0463], [4.11094, 49.04644], [4.11027, 49.04612], [4.11028, 49.04561], [4.10737, 49.04492], [4.10495, 49.04481], [4.09897, 49.04507], [4.09895, 49.04597], [4.09849, 49.04621], [4.09785, 49.04621], [4.09771, 49.04641]]], [[[4.09585, 49.0491], [4.085, 49.06998], [4.08183, 49.07882], [4.08227, 49.07909], [4.08239, 49.07951], [4.09161, 49.08209], [4.09219, 49.08212], [4.0956, 49.0834], [4.09979, 49.08415], [4.10217, 49.08518], [4.10526, 49.08688], [4.10568, 49.08665], [4.10626, 49.08664], [4.10628, 49.08623], [4.10714, 49.08502], [4.10834, 49.08229], [4.10944, 49.08096], [4.10983, 49.07961], [4.11218, 49.0746], [4.11297, 49.07236], [4.11289, 49.07127], [4.11385, 49.06943], [4.1211, 49.05998], [4.12389, 49.05591], [4.12422, 49.05463], [4.1229, 49.05254], [4.12221, 49.05261], [4.12152, 49.05315], [4.12052, 49.05291], [4.12033, 49.0525], [4.12066, 49.05169], [4.12037, 49.05163], [4.1201, 49.05201], [4.11938, 49.05223], [4.11829, 49.05189], [4.11797, 49.05205], [4.11778, 49.05318], [4.11703, 49.05345], [4.11644, 49.05331], [4.11616, 49.05288], [4.11507, 49.05239], [4.11454, 49.05241], [4.1085, 49.05127], [4.10818, 49.05096], [4.10821, 49.05039], [4.10912, 49.04811], [4.10805, 49.04799], [4.10597, 49.04817], [4.10598, 49.04895], [4.10517, 49.04924], [4.10423, 49.04889], [4.10447, 49.04806], [4.1014, 49.04782], [4.10103, 49.04881], [4.09991, 49.04897], [4.09917, 49.04859], [4.09923, 49.04764], [4.09696, 49.04751], [4.09585, 49.0491]], [[4.10016, 49.0514], [4.09952, 49.0515], [4.09891, 49.05126], [4.09877, 49.05086], [4.09914, 49.05043], [4.09976, 49.05034], [4.10037, 49.05057], [4.10052, 49.05097], [4.10016, 49.0514]], [[4.09608, 49.05444], [4.09514, 49.05446], [4.09463, 49.05407], [4.09505, 49.0531], [4.09562, 49.05282], [4.09641, 49.05293], [4.09677, 49.05328], [4.09608, 49.05444]], [[4.12138, 49.05442], [4.12152, 49.05379], [4.12199, 49.05351], [4.12296, 49.0536], [4.1234, 49.05391], [4.12326, 49.05454], [4.12279, 49.05482], [4.12181, 49.05473], [4.12138, 49.05442]], [[4.09739, 49.05612], [4.09676, 49.05615], [4.09591, 49.05577], [4.09586, 49.05536], [4.09641, 49.05482], [4.09707, 49.0548], [4.09792, 49.0552], [4.09795, 49.05561], [4.09739, 49.05612]], [[4.09983, 49.0575], [4.09969, 49.05704], [4.10022, 49.0565], [4.10086, 49.05648], [4.10173, 49.05685], [4.10168, 49.05744], [4.10125, 49.05775], [4.10069, 49.05779], [4.09983, 49.0575]], [[4.09669, 49.07614], [4.09676, 49.07656], [4.09625, 49.07707], [4.0956, 49.07711], [4.0949, 49.07678], [4.09485, 49.07636], [4.09536, 49.07587], [4.09598, 49.07583], [4.09669, 49.07614]]], [[[4.0773, 49.09146], [4.07284, 49.11334], [4.07222, 49.12497], [4.07391, 49.12493], [4.07799, 49.12327], [4.07869, 49.12333], [4.08082, 49.12402], [4.08138, 49.12384], [4.08249, 49.12407], [4.0831, 49.12399], [4.08502, 49.12313], [4.08619, 49.12202], [4.08665, 49.12225], [4.08645, 49.12294], [4.08515, 49.12378], [4.0838, 49.12436], [4.08382, 49.12479], [4.08333, 49.12557], [4.08563, 49.12535], [4.08719, 49.12559], [4.08969, 49.12512], [4.0948, 49.12297], [4.09744, 49.12165], [4.09815, 49.12149], [4.10116, 49.12137], [4.10567, 49.12261], [4.10559, 49.12211], [4.10595, 49.12123], [4.10559, 49.12117], [4.10519, 49.12149], [4.10454, 49.12153], [4.10393, 49.12123], [4.10389, 49.12078], [4.10426, 49.12041], [4.10502, 49.12035], [4.10551, 49.12001], [4.10628, 49.12005], [4.10694, 49.11979], [4.10747, 49.11986], [4.10782, 49.11948], [4.10785, 49.11909], [4.10845, 49.11832], [4.10849, 49.11694], [4.10741, 49.11688], [4.10712, 49.11656], [4.10717, 49.1162], [4.10767, 49.11585], [4.10837, 49.11587], [4.10844, 49.11468], [4.10904, 49.11341], [4.11023, 49.11196], [4.11257, 49.10825], [4.1146, 49.10603], [4.11471, 49.10577], [4.11416, 49.10536], [4.11423, 49.10499], [4.11462, 49.10472], [4.11526, 49.10469], [4.11577, 49.10432], [4.11411, 49.10298], [4.11321, 49.10324], [4.11244, 49.10285], [4.11233, 49.10248], [4.11263, 49.10176], [4.11243, 49.10137], [4.11117, 49.10034], [4.11065, 49.10019], [4.11046, 49.09943], [4.1108, 49.09904], [4.10444, 49.0942], [4.10372, 49.09504], [4.10316, 49.0951], [4.10255, 49.09489], [4.1023, 49.09445], [4.10271, 49.09383], [4.10205, 49.09405], [4.10113, 49.09383], [4.10081, 49.09342], [4.10112, 49.09282], [4.10004, 49.09255], [4.09923, 49.09186], [4.0992, 49.0915], [4.09975, 49.09083], [4.09959, 49.09053], [4.09902, 49.09028], [4.09884, 49.08995], [4.09829, 49.0897], [4.0969, 49.08844], [4.09588, 49.08854], [4.09459, 49.088], [4.09427, 49.08758], [4.09452, 49.08713], [4.09254, 49.08635], [4.0921, 49.08633], [4.08993, 49.09231], [4.08914, 49.09382], [4.08835, 49.09484], [4.08642, 49.09606], [4.08609, 49.09699], [4.08471, 49.09747], [4.08425, 49.09737], [4.0843, 49.09701], [4.08544, 49.09665], [4.08545, 49.09619], [4.08588, 49.09562], [4.08769, 49.09451], [4.08906, 49.09235], [4.09142, 49.08588], [4.09126, 49.08546], [4.09148, 49.08507], [4.09091, 49.08487], [4.09041, 49.08423], [4.09081, 49.08363], [4.09035, 49.08295], [4.09099, 49.0825], [4.08517, 49.0808], [4.08196, 49.07998], [4.08145, 49.08006], [4.0813, 49.08072], [4.0821, 49.08087], [4.08258, 49.0813], [4.08249, 49.08218], [4.08196, 49.08256], [4.08048, 49.08258], [4.0773, 49.09146]], [[4.08457, 49.09132], [4.08441, 49.09091], [4.08477, 49.09045], [4.08538, 49.09034], [4.08604, 49.09057], [4.0862, 49.09098], [4.08584, 49.09144], [4.08524, 49.09155], [4.08457, 49.09132]], [[4.08685, 49.09341], [4.08675, 49.093], [4.08713, 49.09256], [4.08776, 49.09246], [4.08835, 49.09269], [4.08851, 49.09309], [4.08813, 49.09357], [4.08743, 49.09367], [4.08685, 49.09341]], [[4.098, 49.09342], [4.09795, 49.09385], [4.09744, 49.09414], [4.09681, 49.09411], [4.09636, 49.09377], [4.0964, 49.09335], [4.09691, 49.09306], [4.09754, 49.09309], [4.098, 49.09342]], [[4.0941, 49.10228], [4.09449, 49.10189], [4.09538, 49.1017], [4.09609, 49.10188], [4.09635, 49.10227], [4.09601, 49.10278], [4.09515, 49.10296], [4.09437, 49.10282], [4.0941, 49.10228]]], [[[4.07205, 49.1281], [4.07247, 49.12826], [4.07356, 49.12805], [4.07417, 49.12839], [4.0742, 49.12898], [4.07455, 49.12947], [4.07392, 49.13005], [4.07398, 49.13029], [4.07543, 49.13], [4.07843, 49.12892], [4.07891, 49.12864], [4.07887, 49.12812], [4.07963, 49.12742], [4.0792, 49.12712], [4.07908, 49.12672], [4.07958, 49.12572], [4.07935, 49.12557], [4.07865, 49.1258], [4.07811, 49.12573], [4.07759, 49.12495], [4.07796, 49.12455], [4.07935, 49.12421], [4.07812, 49.1238], [4.07425, 49.12542], [4.07219, 49.12551], [4.07205, 49.1281]]], [[[4.07172, 49.13435], [4.07365, 49.15599], [4.07524, 49.15574], [4.07564, 49.1552], [4.07733, 49.15466], [4.07747, 49.15412], [4.07694, 49.15378], [4.07674, 49.15271], [4.07628, 49.15206], [4.07649, 49.15161], [4.07714, 49.15124], [4.0782, 49.15116], [4.07884, 49.15082], [4.07964, 49.15086], [4.08091, 49.15124], [4.07995, 49.15035], [4.08075, 49.14951], [4.07996, 49.1476], [4.08069, 49.14643], [4.0803, 49.14577], [4.07618, 49.14464], [4.07314, 49.14246], [4.07172, 49.13435]]], [[[4.07371, 49.15653], [4.07591, 49.16595], [4.0764, 49.16581], [4.0771, 49.16449], [4.07723, 49.16296], [4.0766, 49.16235], [4.07587, 49.16209], [4.07539, 49.16153], [4.07544, 49.16079], [4.07574, 49.16048], [4.07546, 49.15996], [4.07576, 49.15959], [4.07676, 49.15937], [4.0772, 49.15906], [4.07749, 49.1586], [4.07719, 49.158], [4.07766, 49.15762], [4.07737, 49.15722], [4.07763, 49.15652], [4.07607, 49.15706], [4.07543, 49.15685], [4.07518, 49.1563], [4.07371, 49.15653]]], [[[4.07605, 49.1665], [4.07636, 49.16756], [4.07632, 49.16642], [4.07605, 49.1665]]], [[[4.0792, 49.17919], [4.08355, 49.18991], [4.09354, 49.18762], [4.09878, 49.18676], [4.10439, 49.18608], [4.09716, 49.1813], [4.09583, 49.18166], [4.09501, 49.18138], [4.09452, 49.18039], [4.09515, 49.17963], [4.08529, 49.16848], [4.08477, 49.16853], [4.08418, 49.16826], [4.08322, 49.16825], [4.0824, 49.16715], [4.07674, 49.16927], [4.0792, 49.17919]]], [[[4.08479, 49.19297], [4.09266, 49.20353], [4.09727, 49.2022], [4.11101, 49.19927], [4.11598, 49.19787], [4.11287, 49.1942], [4.11086, 49.19469], [4.11012, 49.19506], [4.10904, 49.19515], [4.10844, 49.19492], [4.10294, 49.19694], [4.10257, 49.19688], [4.10208, 49.19642], [4.10223, 49.19603], [4.10262, 49.19603], [4.10296, 49.19631], [4.10791, 49.19449], [4.10698, 49.19338], [4.10733, 49.19247], [4.1059, 49.19167], [4.10573, 49.19132], [4.10594, 49.19098], [4.1053, 49.19051], [4.10535, 49.19014], [4.10576, 49.1898], [4.10669, 49.18976], [4.10942, 49.1911], [4.11024, 49.19129], [4.11053, 49.19185], [4.11113, 49.19204], [4.11136, 49.1921], [4.11209, 49.19168], [4.11089, 49.1904], [4.10516, 49.1866], [4.09969, 49.18723], [4.09378, 49.18818], [4.08378, 49.19048], [4.08479, 49.19297]], [[4.09893, 49.1891], [4.09857, 49.1888], [4.09891, 49.18847], [4.09989, 49.18877], [4.09962, 49.18924], [4.09893, 49.1891]], [[4.09955, 49.19395], [4.09987, 49.19359], [4.1006, 49.19348], [4.10117, 49.19377], [4.10128, 49.19418], [4.10088, 49.19454], [4.10024, 49.19461], [4.09972, 49.19437], [4.09955, 49.19395]]], [[[4.08676, 49.19784], [4.08729, 49.19759], [4.0859, 49.19572], [4.08676, 49.19784]]], [[[4.08785, 49.20052], [4.09008, 49.20442], [4.09193, 49.20378], [4.08813, 49.19872], [4.08722, 49.19896], [4.08785, 49.20052]]], [[[4.09287, 49.20931], [4.09389, 49.21022], [4.09457, 49.21012], [4.09641, 49.20939], [4.0956, 49.20945], [4.09503, 49.20917], [4.09488, 49.20863], [4.09548, 49.20824], [4.09405, 49.20646], [4.0932, 49.20655], [4.09256, 49.20608], [4.0925, 49.20561], [4.09308, 49.20525], [4.09237, 49.20434], [4.09042, 49.20501], [4.09287, 49.20931]]], [[[4.09625, 49.21523], [4.09664, 49.21525], [4.09779, 49.21486], [4.09735, 49.21465], [4.09663, 49.21476], [4.09609, 49.21495], [4.09625, 49.21523]]], [[[4.09763, 49.21765], [4.09943, 49.21713], [4.09987, 49.21724], [4.09975, 49.21766], [4.09787, 49.21807], [4.09876, 49.21962], [4.10002, 49.21981], [4.10059, 49.22017], [4.10755, 49.21703], [4.11477, 49.212], [4.11669, 49.21094], [4.11549, 49.21142], [4.11481, 49.2115], [4.11412, 49.21125], [4.11405, 49.21068], [4.113, 49.21076], [4.11164, 49.21037], [4.10947, 49.2107], [4.1075, 49.2122], [4.10691, 49.21221], [4.1062, 49.21349], [4.10533, 49.21366], [4.10451, 49.2133], [4.10451, 49.21373], [4.10387, 49.21417], [4.10245, 49.21434], [4.10106, 49.21534], [4.09892, 49.21568], [4.09812, 49.2155], [4.09664, 49.21591], [4.09763, 49.21765]], [[4.10354, 49.21638], [4.10404, 49.21664], [4.10414, 49.21709], [4.10374, 49.21742], [4.10305, 49.21748], [4.10255, 49.21721], [4.10246, 49.21677], [4.10286, 49.21644], [4.10354, 49.21638]]], [[[4.10043, 49.22222], [4.10118, 49.22258], [4.10215, 49.22229], [4.10232, 49.22134], [4.10291, 49.22101], [4.10348, 49.221], [4.10343, 49.2206], [4.10272, 49.22008], [4.10033, 49.22114], [4.10081, 49.22172], [4.10043, 49.22222]]], [[[4.10171, 49.22392], [4.10181, 49.22385], [4.10168, 49.22389], [4.10171, 49.22392]]], [[[4.10679, 49.23071], [4.11378, 49.22786], [4.11396, 49.22755], [4.11448, 49.2276], [4.11525, 49.22738], [4.11561, 49.22753], [4.1156, 49.22778], [4.11499, 49.22803], [4.11484, 49.22834], [4.11428, 49.22829], [4.10716, 49.2312], [4.1145, 49.241], [4.11792, 49.24461], [4.12337, 49.2443], [4.12396, 49.24413], [4.12558, 49.24288], [4.12701, 49.24251], [4.1296, 49.24087], [4.12997, 49.24035], [4.12931, 49.24016], [4.12858, 49.23938], [4.12881, 49.23899], [4.12954, 49.23874], [4.13092, 49.23924], [4.13095, 49.24127], [4.13229, 49.24176], [4.13784, 49.24112], [4.14292, 49.24022], [4.1429, 49.23979], [4.14331, 49.23962], [4.14364, 49.23976], [4.14373, 49.24008], [4.14547, 49.23981], [4.14677, 49.23985], [4.14705, 49.24006], [4.14701, 49.2408], [4.14852, 49.24083], [4.14888, 49.24107], [4.15265, 49.24206], [4.15497, 49.24225], [4.15468, 49.24197], [4.1546, 49.24102], [4.1548, 49.24081], [4.15515, 49.24078], [4.15542, 49.24097], [4.15549, 49.24182], [4.15661, 49.24245], [4.15719, 49.24246], [4.15842, 49.24245], [4.15745, 49.24136], [4.15786, 49.24112], [4.15835, 49.24138], [4.15832, 49.23946], [4.15852, 49.23928], [4.15891, 49.23927], [4.15913, 49.23948], [4.15922, 49.24227], [4.16104, 49.2442], [4.16117, 49.2453], [4.16093, 49.24579], [4.16153, 49.24562], [4.16284, 49.24568], [4.16356, 49.2458], [4.16377, 49.24601], [4.16338, 49.2463], [4.16161, 49.24616], [4.16034, 49.24663], [4.15992, 49.24723], [4.16066, 49.24763], [4.16044, 49.24844], [4.16, 49.24874], [4.1592, 49.2488], [4.15995, 49.24886], [4.16061, 49.24916], [4.16081, 49.2495], [4.16068, 49.24995], [4.16424, 49.24969], [4.16458, 49.24952], [4.16537, 49.24965], [4.17601, 49.24916], [4.17634, 49.24843], [4.17667, 49.24829], [4.17727, 49.24854], [4.17709, 49.24911], [4.17872, 49.2489], [4.17932, 49.24901], [4.18403, 49.24881], [4.18439, 49.24803], [4.18475, 49.24789], [4.18516, 49.24814], [4.18491, 49.24877], [4.19747, 49.24823], [4.20367, 49.24929], [4.20384, 49.24875], [4.20332, 49.2484], [4.20331, 49.24799], [4.2028, 49.24797], [4.20271, 49.24765], [4.2075, 49.24434], [4.19834, 49.23756], [4.18984, 49.229], [4.18344, 49.2251], [4.18323, 49.22624], [4.18382, 49.22652], [4.18388, 49.22701], [4.18359, 49.22738], [4.18299, 49.22751], [4.1818, 49.23378], [4.18142, 49.23409], [4.1798, 49.23465], [4.17934, 49.23461], [4.17932, 49.23421], [4.18101, 49.23362], [4.18221, 49.22724], [4.18209, 49.22689], [4.18264, 49.22494], [4.18246, 49.2245], [4.17689, 49.22173], [4.17058, 49.21952], [4.16897, 49.2221], [4.16819, 49.22513], [4.16759, 49.22526], [4.1674, 49.22502], [4.16811, 49.22211], [4.16985, 49.21927], [4.15983, 49.21572], [4.15566, 49.21284], [4.15237, 49.21195], [4.15172, 49.21194], [4.14881, 49.21103], [4.14911, 49.21166], [4.14855, 49.21243], [4.147, 49.21295], [4.14637, 49.21282], [4.14517, 49.21293], [4.14437, 49.21199], [4.14339, 49.212], [4.14279, 49.21132], [4.13468, 49.21661], [4.13125, 49.21821], [4.13242, 49.21807], [4.13301, 49.21823], [4.13327, 49.21879], [4.13282, 49.2192], [4.13165, 49.21933], [4.13117, 49.21913], [4.1309, 49.2187], [4.12953, 49.21867], [4.10374, 49.22664], [4.10679, 49.23071]], [[4.14757, 49.21482], [4.14711, 49.21518], [4.14576, 49.21539], [4.14522, 49.21509], [4.145, 49.21442], [4.14547, 49.21406], [4.14681, 49.21385], [4.14736, 49.21415], [4.14757, 49.21482]], [[4.13026, 49.22328], [4.13158, 49.22291], [4.13275, 49.22345], [4.13289, 49.224], [4.132, 49.22494], [4.13129, 49.22501], [4.12983, 49.2245], [4.12975, 49.22368], [4.13026, 49.22328]], [[4.15262, 49.22565], [4.15313, 49.22534], [4.15558, 49.22509], [4.15655, 49.22519], [4.15695, 49.22564], [4.15647, 49.22647], [4.15602, 49.22661], [4.15528, 49.22656], [4.15517, 49.22774], [4.15432, 49.22808], [4.15259, 49.22734], [4.15262, 49.22565]], [[4.16607, 49.24877], [4.16559, 49.24842], [4.16561, 49.24791], [4.16611, 49.24765], [4.16694, 49.24765], [4.16739, 49.24806], [4.16733, 49.24848], [4.16683, 49.24875], [4.16607, 49.24877]], [[4.17883, 49.22498], [4.17893, 49.22545], [4.17855, 49.22579], [4.17792, 49.22586], [4.17733, 49.2256], [4.17724, 49.22514], [4.1776, 49.2248], [4.17828, 49.22473], [4.17883, 49.22498]], [[4.1767, 49.22657], [4.17807, 49.22589], [4.1788, 49.22601], [4.17911, 49.22638], [4.17888, 49.22704], [4.17768, 49.22761], [4.17669, 49.22735], [4.1767, 49.22657]], [[4.18726, 49.23889], [4.18733, 49.23866], [4.18768, 49.23855], [4.18838, 49.23873], [4.18854, 49.23896], [4.1881, 49.23921], [4.18726, 49.23889]], [[4.19261, 49.24229], [4.19268, 49.24181], [4.19321, 49.24152], [4.194, 49.24161], [4.1944, 49.24193], [4.1943, 49.2424], [4.19379, 49.24268], [4.19305, 49.2426], [4.19261, 49.24229]]], [[[4.13226, 49.25975], [4.14205, 49.26813], [4.14258, 49.26825], [4.143, 49.26755], [4.14293, 49.26711], [4.14325, 49.26682], [4.14408, 49.26668], [4.14515, 49.26705], [4.14662, 49.26662], [4.14707, 49.26617], [4.14621, 49.26572], [4.14548, 49.26459], [4.14608, 49.26342], [4.14606, 49.26281], [4.14558, 49.26233], [4.1438, 49.26171], [4.14337, 49.26132], [4.14331, 49.26083], [4.14448, 49.25982], [4.14341, 49.25894], [4.14326, 49.2577], [4.14472, 49.25661], [4.14519, 49.25655], [4.14577, 49.25678], [4.14572, 49.25707], [4.14512, 49.25711], [4.14398, 49.25805], [4.14417, 49.25872], [4.14531, 49.25973], [4.14524, 49.26019], [4.14416, 49.26114], [4.14583, 49.2618], [4.14767, 49.26161], [4.14804, 49.26142], [4.14742, 49.26019], [4.14563, 49.25878], [4.14548, 49.25804], [4.14632, 49.25754], [4.14814, 49.25752], [4.1483, 49.25775], [4.14813, 49.25803], [4.14697, 49.25911], [4.14812, 49.25991], [4.14888, 49.26149], [4.14801, 49.26211], [4.14649, 49.26225], [4.14684, 49.26264], [4.14692, 49.26325], [4.14629, 49.26445], [4.14665, 49.26513], [4.14727, 49.26564], [4.1487, 49.26577], [4.14937, 49.26623], [4.14933, 49.26686], [4.14825, 49.26772], [4.14849, 49.26879], [4.14922, 49.26899], [4.14948, 49.26962], [4.15328, 49.27054], [4.15487, 49.26697], [4.15224, 49.26652], [4.152, 49.26617], [4.15245, 49.266], [4.15556, 49.26654], [4.15578, 49.26682], [4.15499, 49.26872], [4.1587, 49.27067], [4.15783, 49.27236], [4.15932, 49.27277], [4.16144, 49.27298], [4.16187, 49.27243], [4.16232, 49.27072], [4.16253, 49.26757], [4.15957, 49.26254], [4.15988, 49.25932], [4.15934, 49.2566], [4.15883, 49.25604], [4.15731, 49.25687], [4.15506, 49.25721], [4.15482, 49.25736], [4.15515, 49.25771], [4.155, 49.25825], [4.15445, 49.25847], [4.15374, 49.25839], [4.15333, 49.2579], [4.15375, 49.2573], [4.15291, 49.25681], [4.15272, 49.25646], [4.15304, 49.25588], [4.15282, 49.2553], [4.15332, 49.25448], [4.15293, 49.25386], [4.15353, 49.25334], [4.15362, 49.25241], [4.15236, 49.25213], [4.15195, 49.25329], [4.15167, 49.25346], [4.15038, 49.25356], [4.14975, 49.25301], [4.14989, 49.25265], [4.15032, 49.25244], [4.15088, 49.25242], [4.15133, 49.25264], [4.15214, 49.25082], [4.14725, 49.25166], [4.14647, 49.25139], [4.14493, 49.24994], [4.1439, 49.24928], [4.14099, 49.24992], [4.14031, 49.24979], [4.14012, 49.24935], [4.14036, 49.24913], [4.14075, 49.24915], [4.14094, 49.24936], [4.14338, 49.24882], [4.14283, 49.24863], [4.14094, 49.24867], [4.13987, 49.24678], [4.13914, 49.247], [4.1394, 49.24737], [4.13928, 49.24761], [4.13895, 49.24768], [4.13863, 49.24754], [4.13831, 49.24676], [4.13941, 49.24632], [4.13871, 49.24566], [4.1387, 49.24539], [4.14071, 49.24411], [4.1388, 49.24327], [4.13772, 49.24166], [4.13267, 49.24228], [4.1329, 49.24267], [4.13271, 49.24307], [4.1309, 49.24363], [4.13027, 49.24341], [4.12985, 49.24281], [4.13004, 49.24212], [4.13072, 49.24181], [4.1298, 49.24157], [4.12745, 49.24297], [4.12607, 49.24332], [4.12395, 49.24477], [4.11839, 49.2451], [4.13226, 49.25975]], [[4.13667, 49.24978], [4.13628, 49.2501], [4.13558, 49.25017], [4.13508, 49.24991], [4.13499, 49.24946], [4.1354, 49.24913], [4.1361, 49.24907], [4.13659, 49.24934], [4.13667, 49.24978]]], [[[4.14939, 49.2744], [4.15176, 49.27367], [4.15104, 49.27313], [4.15055, 49.27222], [4.14953, 49.27194], [4.14829, 49.27201], [4.14771, 49.27296], [4.14939, 49.2744]]], [[[4.1499, 49.27484], [4.15325, 49.27762], [4.15303, 49.27669], [4.15332, 49.27514], [4.15301, 49.27392], [4.1499, 49.27484]]], [[[4.16702, 49.28726], [4.16698, 49.28623], [4.16625, 49.28496], [4.16544, 49.27968], [4.16446, 49.27808], [4.16364, 49.2781], [4.16303, 49.27764], [4.16338, 49.27701], [4.16403, 49.2768], [4.16387, 49.27631], [4.16319, 49.27613], [4.16288, 49.27583], [4.16301, 49.27536], [4.16342, 49.2751], [4.16318, 49.27438], [4.1611, 49.27417], [4.1604, 49.27572], [4.16005, 49.27589], [4.16014, 49.27618], [4.1598, 49.27634], [4.15699, 49.27519], [4.15568, 49.275], [4.15414, 49.27507], [4.15386, 49.27667], [4.15418, 49.278], [4.15456, 49.27854], [4.16702, 49.28726]]], [[[4.17579, 49.2934], [4.19134, 49.30233], [4.1923, 49.30179], [4.19557, 49.30089], [4.19957, 49.29936], [4.20251, 49.29789], [4.20609, 49.29652], [4.2086, 49.29599], [4.22051, 49.29461], [4.23602, 49.29182], [4.235, 49.29142], [4.23482, 49.29092], [4.2336, 49.29082], [4.23187, 49.29005], [4.23172, 49.28954], [4.23244, 49.28895], [4.23164, 49.28865], [4.2316, 49.28914], [4.23123, 49.28942], [4.22969, 49.28945], [4.22927, 49.28913], [4.22923, 49.28854], [4.2295, 49.28822], [4.23011, 49.28809], [4.2259, 49.28656], [4.20486, 49.28242], [4.20393, 49.28263], [4.20347, 49.28244], [4.20329, 49.28211], [4.19704, 49.28088], [4.19644, 49.28131], [4.1951, 49.2812], [4.19458, 49.28089], [4.19461, 49.2804], [4.17438, 49.27641], [4.17217, 49.27525], [4.17164, 49.27513], [4.16403, 49.27446], [4.16425, 49.27502], [4.16487, 49.27513], [4.16527, 49.27552], [4.16519, 49.27589], [4.16469, 49.27621], [4.16539, 49.27832], [4.16632, 49.27978], [4.16707, 49.2849], [4.16786, 49.28637], [4.1678, 49.28781], [4.17579, 49.2934]]], [[[4.20115, 49.30796], [4.22858, 49.32081], [4.25028, 49.329], [4.25336, 49.32734], [4.25226, 49.32647], [4.25228, 49.3261], [4.25266, 49.32576], [4.25254, 49.32552], [4.25195, 49.32529], [4.25221, 49.32483], [4.24918, 49.32305], [4.24216, 49.32098], [4.24203, 49.32059], [4.24253, 49.3205], [4.24962, 49.32259], [4.25325, 49.3247], [4.25411, 49.32457], [4.25491, 49.3251], [4.25508, 49.32417], [4.25547, 49.3239], [4.25597, 49.32384], [4.25562, 49.32329], [4.25593, 49.32248], [4.25649, 49.32218], [4.25724, 49.32227], [4.25754, 49.32146], [4.25689, 49.32149], [4.25562, 49.32103], [4.25512, 49.32075], [4.25502, 49.32033], [4.25549, 49.31985], [4.25598, 49.31967], [4.25782, 49.32005], [4.25788, 49.31991], [4.25733, 49.31956], [4.25728, 49.3192], [4.25774, 49.31881], [4.25848, 49.31877], [4.25943, 49.31548], [4.25728, 49.31477], [4.25634, 49.31427], [4.25611, 49.31382], [4.25455, 49.31405], [4.24967, 49.31431], [4.2462, 49.31498], [4.24028, 49.31493], [4.23969, 49.31541], [4.23928, 49.31523], [4.23939, 49.3149], [4.2355, 49.31491], [4.23514, 49.31476], [4.23525, 49.31443], [4.23597, 49.31434], [4.24613, 49.31444], [4.24774, 49.31421], [4.24858, 49.31343], [4.25033, 49.31372], [4.25443, 49.31351], [4.25622, 49.31325], [4.25679, 49.31301], [4.25658, 49.31249], [4.2573, 49.31161], [4.25671, 49.31134], [4.25662, 49.31088], [4.25709, 49.31033], [4.25835, 49.30972], [4.2505, 49.30304], [4.24849, 49.30165], [4.24773, 49.30148], [4.2475, 49.30098], [4.23682, 49.29361], [4.23614, 49.29235], [4.22586, 49.29422], [4.22545, 49.29437], [4.22458, 49.29525], [4.22409, 49.29501], [4.22444, 49.29448], [4.21947, 49.2953], [4.20878, 49.29651], [4.20637, 49.29703], [4.20297, 49.29833], [4.2, 49.29982], [4.19594, 49.30137], [4.19269, 49.30227], [4.19196, 49.30268], [4.20115, 49.30796]], [[4.23725, 49.31879], [4.23709, 49.31918], [4.23647, 49.31943], [4.23585, 49.31932], [4.23549, 49.31893], [4.23565, 49.31853], [4.23629, 49.31828], [4.23692, 49.3184], [4.23725, 49.31879]]], [[[4.2534, 49.33018], [4.2543, 49.32875], [4.25491, 49.32842], [4.25574, 49.32848], [4.25579, 49.32774], [4.25558, 49.32749], [4.25491, 49.32736], [4.2543, 49.32753], [4.25104, 49.32929], [4.2534, 49.33018]]], [[[4.25782, 49.33185], [4.28858, 49.34094], [4.30961, 49.34559], [4.30557, 49.34434], [4.30315, 49.34316], [4.29491, 49.33742], [4.26831, 49.32748], [4.26774, 49.32735], [4.26723, 49.32784], [4.26632, 49.32785], [4.26551, 49.32829], [4.2647, 49.32816], [4.26428, 49.3277], [4.26368, 49.32777], [4.26294, 49.32754], [4.26227, 49.32794], [4.26063, 49.32822], [4.25953, 49.32798], [4.25858, 49.32696], [4.25768, 49.3267], [4.25638, 49.32698], [4.25683, 49.32755], [4.25676, 49.32871], [4.25618, 49.3291], [4.25518, 49.32914], [4.25431, 49.33052], [4.25782, 49.33185]]], [[[4.3179, 49.34743], [4.31851, 49.34739], [4.31979, 49.34784], [4.32073, 49.34804], [4.32135, 49.34798], [4.32258, 49.34832], [4.32289, 49.34813], [4.32243, 49.3478], [4.32253, 49.34728], [4.32291, 49.347], [4.32347, 49.34694], [4.32418, 49.34724], [4.32412, 49.3479], [4.32444, 49.34798], [4.32884, 49.34221], [4.33728, 49.33584], [4.34186, 49.33193], [4.34678, 49.32938], [4.33242, 49.31493], [4.32986, 49.31096], [4.32697, 49.30363], [4.32652, 49.30397], [4.32569, 49.30405], [4.32518, 49.3038], [4.32498, 49.30324], [4.32441, 49.30329], [4.32391, 49.30312], [4.32359, 49.30251], [4.32399, 49.30202], [4.3239, 49.30149], [4.32099, 49.30233], [4.31953, 49.30242], [4.31895, 49.30286], [4.31751, 49.303], [4.31538, 49.30288], [4.31499, 49.30255], [4.31504, 49.302], [4.31446, 49.30195], [4.3152, 49.30332], [4.31369, 49.30375], [4.31288, 49.30344], [4.31296, 49.30278], [4.31228, 49.30284], [4.31162, 49.30246], [4.311, 49.30245], [4.31063, 49.30273], [4.30987, 49.30283], [4.30914, 49.30246], [4.30925, 49.30189], [4.31016, 49.30164], [4.31061, 49.3013], [4.31259, 49.30137], [4.31201, 49.30081], [4.31144, 49.30075], [4.31106, 49.30101], [4.30956, 49.30139], [4.30885, 49.30132], [4.30856, 49.30179], [4.30804, 49.30203], [4.3075, 49.30194], [4.30706, 49.30163], [4.30531, 49.30207], [4.30469, 49.30201], [4.30411, 49.30226], [4.30272, 49.30192], [4.30153, 49.30247], [4.30192, 49.30311], [4.30127, 49.3036], [4.30028, 49.30352], [4.29979, 49.3039], [4.29848, 49.30411], [4.29717, 49.30456], [4.29666, 49.30452], [4.29506, 49.30551], [4.29338, 49.30564], [4.29332, 49.306], [4.29296, 49.30621], [4.29239, 49.30621], [4.29187, 49.30592], [4.28993, 49.30672], [4.28908, 49.30681], [4.28856, 49.30664], [4.28835, 49.30679], [4.29025, 49.30816], [4.29017, 49.30849], [4.29132, 49.30969], [4.29112, 49.31001], [4.29061, 49.30994], [4.28951, 49.30882], [4.28878, 49.30901], [4.2878, 49.30888], [4.28713, 49.30943], [4.28641, 49.30967], [4.28444, 49.30945], [4.28061, 49.31073], [4.27943, 49.31154], [4.27925, 49.31209], [4.2779, 49.31236], [4.27644, 49.31334], [4.27559, 49.31329], [4.2744, 49.3141], [4.2739, 49.31408], [4.27363, 49.31385], [4.27332, 49.31396], [4.27322, 49.31407], [4.27389, 49.31453], [4.2738, 49.31504], [4.27422, 49.31541], [4.27326, 49.31612], [4.27251, 49.31613], [4.27187, 49.3164], [4.27063, 49.31618], [4.26947, 49.31642], [4.26791, 49.31602], [4.26548, 49.31601], [4.26543, 49.31652], [4.26437, 49.31687], [4.26377, 49.31682], [4.26339, 49.31645], [4.26316, 49.31678], [4.26333, 49.31722], [4.26291, 49.31759], [4.26173, 49.31749], [4.26185, 49.31791], [4.26162, 49.31821], [4.26188, 49.31868], [4.26119, 49.31916], [4.2613, 49.3198], [4.26089, 49.32029], [4.26032, 49.32037], [4.2602, 49.32078], [4.25967, 49.32118], [4.26029, 49.32179], [4.26056, 49.32336], [4.26222, 49.32188], [4.26117, 49.3213], [4.26161, 49.32043], [4.26245, 49.3203], [4.26426, 49.32094], [4.26495, 49.32139], [4.26514, 49.32183], [4.26485, 49.32227], [4.26434, 49.32247], [4.2643, 49.32289], [4.26389, 49.32329], [4.2649, 49.32355], [4.26597, 49.32408], [4.26583, 49.3248], [4.26638, 49.32523], [4.26634, 49.32636], [4.26929, 49.32719], [4.26987, 49.32659], [4.27036, 49.32656], [4.27054, 49.32686], [4.27001, 49.32746], [4.28122, 49.33166], [4.28189, 49.33096], [4.28238, 49.33093], [4.28256, 49.33123], [4.28194, 49.33193], [4.28647, 49.33362], [4.28713, 49.33293], [4.28765, 49.33289], [4.28782, 49.33319], [4.28718, 49.33389], [4.29541, 49.33698], [4.29743, 49.33836], [4.29802, 49.33778], [4.29854, 49.33781], [4.29865, 49.3381], [4.29802, 49.33877], [4.30423, 49.34304], [4.30597, 49.34386], [4.30955, 49.34491], [4.31263, 49.34626], [4.3179, 49.34743]], [[4.3066, 49.30264], [4.30708, 49.30231], [4.30779, 49.30231], [4.30824, 49.30262], [4.30829, 49.3031], [4.30783, 49.30341], [4.30714, 49.30343], [4.30669, 49.30315], [4.3066, 49.30264]], [[4.30335, 49.30314], [4.30378, 49.30282], [4.30453, 49.30277], [4.30501, 49.30305], [4.30506, 49.30352], [4.30461, 49.30383], [4.30387, 49.30387], [4.3034, 49.3036], [4.30335, 49.30314]]], [[[4.329, 49.34929], [4.32973, 49.34888], [4.33047, 49.34902], [4.33078, 49.34935], [4.34572, 49.34748], [4.34933, 49.34821], [4.35118, 49.34828], [4.35288, 49.34812], [4.36425, 49.34578], [4.36419, 49.34533], [4.36472, 49.34459], [4.36603, 49.34407], [4.3669, 49.34434], [4.36765, 49.34436], [4.36798, 49.34377], [4.36873, 49.34356], [4.36895, 49.34312], [4.36965, 49.3428], [4.36754, 49.34124], [4.35245, 49.33375], [4.34946, 49.33174], [4.34724, 49.32982], [4.34247, 49.33229], [4.33791, 49.33619], [4.32951, 49.34253], [4.32534, 49.34806], [4.32619, 49.3483], [4.32634, 49.34889], [4.329, 49.34929]]], [[[4.35347, 49.353], [4.37576, 49.35489], [4.37434, 49.35089], [4.3741, 49.3513], [4.37362, 49.35149], [4.37265, 49.35153], [4.37211, 49.35123], [4.37198, 49.35068], [4.37221, 49.35034], [4.37375, 49.35015], [4.37202, 49.34869], [4.3719, 49.34904], [4.37158, 49.34919], [4.37117, 49.34905], [4.37116, 49.34874], [4.36985, 49.34898], [4.36906, 49.34884], [4.36838, 49.35039], [4.36772, 49.35058], [4.36692, 49.35035], [4.36674, 49.34995], [4.36713, 49.34881], [4.36667, 49.34832], [4.36716, 49.34701], [4.36615, 49.34676], [4.36597, 49.34615], [4.36579, 49.34617], [4.36541, 49.3482], [4.36476, 49.34857], [4.36406, 49.34851], [4.36361, 49.3482], [4.36368, 49.34757], [4.3633, 49.34715], [4.36341, 49.34652], [4.35342, 49.34858], [4.35179, 49.34878], [4.34894, 49.34872], [4.34578, 49.34801], [4.33197, 49.34974], [4.35347, 49.353]]], [[[4.38697, 49.35584], [4.42074, 49.35651], [4.45426, 49.35502], [4.45788, 49.35296], [4.46446, 49.35057], [4.46399, 49.35038], [4.4602, 49.35066], [4.45649, 49.35064], [4.44951, 49.35013], [4.43615, 49.35041], [4.42199, 49.34927], [4.41361, 49.34816], [4.38408, 49.34843], [4.38634, 49.34971], [4.38672, 49.34955], [4.38712, 49.34969], [4.38703, 49.35011], [4.38826, 49.3511], [4.38822, 49.35133], [4.38788, 49.35145], [4.38407, 49.3491], [4.38272, 49.34849], [4.38207, 49.34866], [4.38088, 49.34846], [4.37995, 49.34898], [4.3792, 49.34899], [4.37846, 49.34874], [4.37873, 49.34907], [4.37868, 49.34989], [4.378, 49.3503], [4.37709, 49.35016], [4.37682, 49.34962], [4.37616, 49.3492], [4.37584, 49.35039], [4.37513, 49.35072], [4.37538, 49.35158], [4.37657, 49.35163], [4.3771, 49.35201], [4.37688, 49.35275], [4.37585, 49.35305], [4.37664, 49.35496], [4.38697, 49.35584]], [[4.38829, 49.35191], [4.38887, 49.3515], [4.39047, 49.35143], [4.39093, 49.35179], [4.39095, 49.35272], [4.39032, 49.35303], [4.38884, 49.35289], [4.38839, 49.35259], [4.38829, 49.35191]]], [[[4.47227, 49.35305], [4.47164, 49.35141], [4.47175, 49.35038], [4.47115, 49.35068], [4.47026, 49.35073], [4.46954, 49.35129], [4.4689, 49.35132], [4.46819, 49.3511], [4.46789, 49.35079], [4.46838, 49.34976], [4.46736, 49.34949], [4.46591, 49.35066], [4.45836, 49.3534], [4.45576, 49.35486], [4.47227, 49.35305]]], [[[4.48775, 49.35135], [4.49064, 49.35083], [4.4817, 49.34881], [4.47748, 49.34902], [4.4777, 49.34948], [4.47719, 49.34999], [4.47593, 49.34993], [4.47464, 49.35029], [4.4739, 49.35007], [4.47326, 49.35063], [4.47251, 49.35072], [4.47245, 49.35098], [4.4731, 49.35296], [4.48775, 49.35135]]], [[[4.49202, 49.35059], [4.49635, 49.34982], [4.4967, 49.34932], [4.49847, 49.34838], [4.49817, 49.34803], [4.49824, 49.34728], [4.49929, 49.34661], [4.49947, 49.34469], [4.49882, 49.34127], [4.4942, 49.32724], [4.49713, 49.31508], [4.49685, 49.31456], [4.49696, 49.31419], [4.49593, 49.31406], [4.49473, 49.31322], [4.49412, 49.31331], [4.49312, 49.31299], [4.49223, 49.31204], [4.4916, 49.31225], [4.48991, 49.31207], [4.48664, 49.31613], [4.48431, 49.32174], [4.48393, 49.32349], [4.48256, 49.32565], [4.47897, 49.32951], [4.47696, 49.33088], [4.47409, 49.33432], [4.47285, 49.33673], [4.47106, 49.34251], [4.47046, 49.34379], [4.47046, 49.34439], [4.47078, 49.34575], [4.47147, 49.34614], [4.47148, 49.34677], [4.47256, 49.34735], [4.47259, 49.34782], [4.47318, 49.34778], [4.47367, 49.34798], [4.47436, 49.34787], [4.47521, 49.34817], [4.47597, 49.34808], [4.4766, 49.34854], [4.48096, 49.34826], [4.48249, 49.34834], [4.49202, 49.35059]], [[4.49165, 49.32638], [4.49228, 49.32475], [4.49297, 49.3246], [4.49408, 49.3249], [4.49429, 49.32534], [4.49365, 49.32683], [4.49262, 49.32693], [4.49192, 49.3267], [4.49165, 49.32638]]], [[[4.52034, 49.34556], [4.55189, 49.33771], [4.55451, 49.33685], [4.55317, 49.33662], [4.54786, 49.33497], [4.53859, 49.3307], [4.532, 49.32798], [4.52166, 49.32448], [4.5208, 49.32388], [4.51776, 49.32068], [4.51035, 49.31737], [4.50143, 49.31506], [4.50088, 49.31545], [4.50238, 49.31653], [4.50352, 49.31648], [4.50466, 49.31672], [4.50502, 49.31717], [4.50611, 49.31689], [4.50717, 49.31708], [4.50847, 49.31698], [4.51033, 49.31755], [4.51054, 49.31822], [4.51197, 49.31819], [4.5123, 49.31866], [4.51253, 49.31987], [4.51231, 49.32015], [4.51174, 49.32001], [4.51144, 49.31866], [4.51018, 49.31873], [4.50971, 49.3184], [4.50972, 49.31795], [4.50832, 49.31752], [4.50715, 49.31762], [4.50611, 49.31744], [4.50499, 49.31775], [4.50453, 49.31771], [4.50418, 49.31718], [4.50201, 49.31702], [4.50025, 49.3158], [4.49932, 49.3159], [4.49874, 49.31545], [4.49794, 49.31522], [4.49548, 49.32488], [4.4966, 49.32511], [4.49727, 49.3257], [4.49735, 49.32607], [4.49683, 49.32714], [4.49621, 49.32726], [4.49502, 49.32698], [4.49503, 49.32722], [4.49999, 49.34251], [4.501, 49.34147], [4.50138, 49.34142], [4.50167, 49.34161], [4.50018, 49.34326], [4.50027, 49.34509], [4.50104, 49.34524], [4.50133, 49.34581], [4.50201, 49.34605], [4.50227, 49.34638], [4.502, 49.34692], [4.50139, 49.34717], [4.5017, 49.34756], [4.50137, 49.34805], [4.50164, 49.34837], [4.50151, 49.3489], [4.52034, 49.34556]]], [[[4.56419, 49.3337], [4.56183, 49.32071], [4.55217, 49.31984], [4.55152, 49.31999], [4.55135, 49.32047], [4.55052, 49.32096], [4.5483, 49.3208], [4.54774, 49.32032], [4.5481, 49.31898], [4.54893, 49.31842], [4.54915, 49.31781], [4.54993, 49.31765], [4.55118, 49.31266], [4.55156, 49.31245], [4.55199, 49.31276], [4.55072, 49.31841], [4.55157, 49.31856], [4.55244, 49.31931], [4.56173, 49.32016], [4.55694, 49.29403], [4.55663, 49.29332], [4.55398, 49.29063], [4.55301, 49.2893], [4.55237, 49.28772], [4.55219, 49.28622], [4.55262, 49.28413], [4.55353, 49.28202], [4.55424, 49.28121], [4.55522, 49.28056], [4.56366, 49.27667], [4.56449, 49.27596], [4.56484, 49.27529], [4.56485, 49.27451], [4.56445, 49.27369], [4.55885, 49.26762], [4.55803, 49.26612], [4.55745, 49.26339], [4.55734, 49.25946], [4.55774, 49.25814], [4.56005, 49.25435], [4.55974, 49.25427], [4.55935, 49.25453], [4.5593, 49.2551], [4.55894, 49.25539], [4.55819, 49.25546], [4.5576, 49.25521], [4.55694, 49.25638], [4.55647, 49.25671], [4.55577, 49.25672], [4.55486, 49.25638], [4.55435, 49.25563], [4.55399, 49.25558], [4.55243, 49.25651], [4.54822, 49.25787], [4.54707, 49.25943], [4.54543, 49.26085], [4.54348, 49.26341], [4.54216, 49.26455], [4.54057, 49.26999], [4.54099, 49.27316], [4.53817, 49.27842], [4.53433, 49.28415], [4.53467, 49.28423], [4.53591, 49.28347], [4.53678, 49.28354], [4.53727, 49.28411], [4.53699, 49.28456], [4.53649, 49.28478], [4.53727, 49.28498], [4.53801, 49.28495], [4.53929, 49.28548], [4.54013, 49.28539], [4.54074, 49.28551], [4.54222, 49.28642], [4.54225, 49.28674], [4.54175, 49.28684], [4.54093, 49.28643], [4.53999, 49.28664], [4.53944, 49.28646], [4.53921, 49.28613], [4.53858, 49.28644], [4.53763, 49.2863], [4.53691, 49.28586], [4.53679, 49.28544], [4.53397, 49.28464], [4.50173, 49.30603], [4.50088, 49.30699], [4.49994, 49.30897], [4.49879, 49.31188], [4.49865, 49.3132], [4.50134, 49.31446], [4.51079, 49.31691], [4.51833, 49.32029], [4.52213, 49.32403], [4.53243, 49.32752], [4.53798, 49.32979], [4.5499, 49.3351], [4.55347, 49.33612], [4.55563, 49.33649], [4.56419, 49.3337]]], [[[4.57207, 49.33113], [4.57281, 49.32792], [4.57295, 49.32565], [4.57686, 49.32365], [4.57819, 49.32177], [4.57844, 49.31977], [4.57949, 49.31826], [4.58035, 49.31734], [4.58492, 49.3137], [4.5848, 49.31329], [4.58195, 49.3107], [4.58177, 49.31004], [4.58213, 49.30839], [4.58563, 49.30581], [4.58642, 49.30574], [4.58788, 49.306], [4.58885, 49.30571], [4.58598, 49.30473], [4.57995, 49.30198], [4.57453, 49.29996], [4.57181, 49.29942], [4.56511, 49.29935], [4.56323, 49.29971], [4.55907, 49.30104], [4.56032, 49.3079], [4.56244, 49.30826], [4.56307, 49.30787], [4.56431, 49.30804], [4.56457, 49.30842], [4.56433, 49.30895], [4.56511, 49.30902], [4.56548, 49.30942], [4.56553, 49.3101], [4.56489, 49.31061], [4.56567, 49.31078], [4.56602, 49.31136], [4.56552, 49.31192], [4.56429, 49.31203], [4.56375, 49.31192], [4.56319, 49.31122], [4.56302, 49.31029], [4.56367, 49.30914], [4.56042, 49.30848], [4.56497, 49.33345], [4.57207, 49.33113]]], [[[4.58211, 49.32786], [4.61069, 49.31612], [4.62127, 49.31076], [4.6152, 49.31093], [4.61065, 49.31057], [4.59517, 49.30724], [4.59457, 49.30797], [4.59277, 49.30807], [4.59149, 49.30743], [4.59131, 49.30696], [4.58983, 49.30657], [4.58947, 49.30622], [4.58787, 49.30654], [4.58603, 49.30629], [4.58288, 49.30863], [4.58259, 49.31006], [4.58284, 49.31068], [4.58554, 49.31303], [4.5857, 49.31387], [4.58102, 49.31766], [4.58021, 49.31852], [4.57924, 49.31991], [4.57897, 49.32195], [4.57753, 49.32397], [4.5762, 49.3248], [4.57374, 49.32587], [4.57363, 49.32799], [4.57295, 49.33085], [4.58211, 49.32786]]], [[[4.63736, 49.3026], [4.64813, 49.29593], [4.64442, 49.29532], [4.6385, 49.29466], [4.63455, 49.29459], [4.6295, 49.29345], [4.62878, 49.29303], [4.62844, 49.29244], [4.62776, 49.29083], [4.62781, 49.2904], [4.63029, 49.28778], [4.63045, 49.28627], [4.63018, 49.28517], [4.63138, 49.28388], [4.63163, 49.28329], [4.63099, 49.283], [4.63077, 49.28266], [4.63105, 49.28215], [4.63173, 49.28197], [4.63173, 49.28024], [4.631, 49.27874], [4.63092, 49.27678], [4.63167, 49.27565], [4.63256, 49.27515], [4.63218, 49.27474], [4.63175, 49.27479], [4.63055, 49.2755], [4.6307, 49.27641], [4.63047, 49.27675], [4.62958, 49.27693], [4.62893, 49.27674], [4.62872, 49.27639], [4.62881, 49.27554], [4.62922, 49.27529], [4.62979, 49.27524], [4.63137, 49.27431], [4.63114, 49.27373], [4.63175, 49.27307], [4.63056, 49.2731], [4.62973, 49.27281], [4.62925, 49.27288], [4.62894, 49.27256], [4.62966, 49.27227], [4.63068, 49.27257], [4.63245, 49.27261], [4.63276, 49.27224], [4.63384, 49.27212], [4.63444, 49.27226], [4.63436, 49.27164], [4.63513, 49.27129], [4.636, 49.27033], [4.63535, 49.26984], [4.6337, 49.26904], [4.63081, 49.26833], [4.62538, 49.2676], [4.62424, 49.2673], [4.61028, 49.26046], [4.609, 49.25967], [4.60674, 49.25756], [4.60549, 49.25691], [4.60414, 49.25647], [4.60049, 49.25574], [4.5857, 49.25407], [4.58054, 49.25308], [4.57683, 49.25215], [4.5709, 49.25135], [4.5669, 49.25157], [4.56467, 49.25124], [4.56485, 49.25163], [4.56455, 49.252], [4.56296, 49.25268], [4.56192, 49.25275], [4.56182, 49.25293], [4.56252, 49.25318], [4.56277, 49.25367], [4.56352, 49.25403], [4.56361, 49.25439], [4.56322, 49.25481], [4.56269, 49.25494], [4.56196, 49.25474], [4.56166, 49.2544], [4.56092, 49.25439], [4.55851, 49.25833], [4.55816, 49.2595], [4.55827, 49.26335], [4.55917, 49.26678], [4.5652, 49.27346], [4.56567, 49.27443], [4.56566, 49.27538], [4.56522, 49.27621], [4.56418, 49.27708], [4.55571, 49.28099], [4.55489, 49.28154], [4.55431, 49.28221], [4.55342, 49.28427], [4.55301, 49.28622], [4.55318, 49.28763], [4.55377, 49.2891], [4.55759, 49.29348], [4.55896, 49.30047], [4.56291, 49.29922], [4.56498, 49.29882], [4.57278, 49.29899], [4.57604, 49.29986], [4.5804, 49.30153], [4.58641, 49.30427], [4.58992, 49.30547], [4.59049, 49.30501], [4.59138, 49.30503], [4.59254, 49.30556], [4.5928, 49.30588], [4.59336, 49.30574], [4.59401, 49.30586], [4.59499, 49.30663], [4.61063, 49.31001], [4.61522, 49.31039], [4.6223, 49.31024], [4.63736, 49.3026]], [[4.56589, 49.25216], [4.5664, 49.25189], [4.56709, 49.25192], [4.56749, 49.25224], [4.56745, 49.2527], [4.56697, 49.25297], [4.56626, 49.25295], [4.56584, 49.25263], [4.56589, 49.25216]]], [[[4.6612, 49.28783], [4.65924, 49.28692], [4.6553, 49.28409], [4.65033, 49.27985], [4.64529, 49.27755], [4.64133, 49.2745], [4.6408, 49.27442], [4.64026, 49.27404], [4.63972, 49.27324], [4.63915, 49.27332], [4.63865, 49.27314], [4.63832, 49.27276], [4.6385, 49.27233], [4.63805, 49.27221], [4.63748, 49.27263], [4.63788, 49.27287], [4.63804, 49.27334], [4.63767, 49.27472], [4.63818, 49.27494], [4.63851, 49.27546], [4.63827, 49.27604], [4.63729, 49.2762], [4.63646, 49.27556], [4.6337, 49.27585], [4.63297, 49.27562], [4.63233, 49.27597], [4.63174, 49.27688], [4.63167, 49.27769], [4.63181, 49.27866], [4.6325, 49.27981], [4.63255, 49.28222], [4.63276, 49.28266], [4.63214, 49.28411], [4.631, 49.28528], [4.63127, 49.28623], [4.6313, 49.28745], [4.63106, 49.28798], [4.62858, 49.29065], [4.62946, 49.29272], [4.62993, 49.29299], [4.63476, 49.29407], [4.63861, 49.29413], [4.64458, 49.29479], [4.64883, 49.2955], [4.6612, 49.28783]]], [[[4.66185, 49.28743], [4.68394, 49.27075], [4.69149, 49.26377], [4.68277, 49.26208], [4.6817, 49.26202], [4.67938, 49.26227], [4.67928, 49.26279], [4.68033, 49.2643], [4.68001, 49.26464], [4.67842, 49.26505], [4.67818, 49.26528], [4.6796, 49.26587], [4.6806, 49.2667], [4.68032, 49.26784], [4.6798, 49.26882], [4.67948, 49.26897], [4.67901, 49.26869], [4.67976, 49.26672], [4.67871, 49.26607], [4.67759, 49.26566], [4.67732, 49.26529], [4.67794, 49.2646], [4.67952, 49.2642], [4.6785, 49.26296], [4.67848, 49.26237], [4.67545, 49.26294], [4.67183, 49.26256], [4.67087, 49.26288], [4.67002, 49.26253], [4.66966, 49.26344], [4.66917, 49.26363], [4.66863, 49.26358], [4.66872, 49.26418], [4.66845, 49.2645], [4.66607, 49.26476], [4.66627, 49.26525], [4.66574, 49.26592], [4.66462, 49.26603], [4.66398, 49.26593], [4.66376, 49.26766], [4.66273, 49.26843], [4.66194, 49.26948], [4.66134, 49.27256], [4.66091, 49.27356], [4.65705, 49.27644], [4.65558, 49.27836], [4.65443, 49.27939], [4.65384, 49.28196], [4.65569, 49.28356], [4.65942, 49.28627], [4.66185, 49.28743]], [[4.67992, 49.26997], [4.6806, 49.26908], [4.6811, 49.26892], [4.68236, 49.26928], [4.68258, 49.26978], [4.68196, 49.27057], [4.68108, 49.27074], [4.68012, 49.27042], [4.67992, 49.26997]]], [[[4.69681, 49.25886], [4.6965, 49.25818], [4.69691, 49.2572], [4.69741, 49.25691], [4.69932, 49.25653], [4.704, 49.25207], [4.70329, 49.25098], [4.7001, 49.24928], [4.6981, 49.24854], [4.69766, 49.24771], [4.69642, 49.24788], [4.69513, 49.24703], [4.69371, 49.24711], [4.69247, 49.24664], [4.68547, 49.24931], [4.68317, 49.25067], [4.68004, 49.25321], [4.679, 49.25345], [4.67729, 49.25336], [4.67654, 49.25373], [4.67539, 49.25486], [4.67559, 49.25607], [4.67542, 49.25662], [4.67258, 49.25972], [4.67265, 49.26212], [4.67571, 49.26238], [4.67809, 49.26188], [4.68123, 49.26152], [4.68164, 49.26101], [4.68279, 49.26088], [4.68352, 49.26114], [4.68359, 49.26167], [4.69198, 49.26332], [4.69681, 49.25886]]], [[[4.69857, 49.25723], [4.69762, 49.25748], [4.69736, 49.25834], [4.69857, 49.25723]]], [[[4.7151, 49.2393], [4.71432, 49.23867], [4.71134, 49.23909], [4.70741, 49.23857], [4.70424, 49.23912], [4.7028, 49.23996], [4.70207, 49.24121], [4.69948, 49.2427], [4.69872, 49.24348], [4.69826, 49.24367], [4.69776, 49.24487], [4.69857, 49.24517], [4.69898, 49.24584], [4.69871, 49.24631], [4.69953, 49.24663], [4.69988, 49.24707], [4.69948, 49.24839], [4.70388, 49.2506], [4.70456, 49.25142], [4.7151, 49.2393]]], [[[4.71881, 49.23502], [4.71788, 49.23545], [4.71792, 49.23585], [4.71818, 49.23575], [4.71881, 49.23502]]], [[[4.71972, 49.23398], [4.72498, 49.22636], [4.7235, 49.22603], [4.72246, 49.22611], [4.72056, 49.22673], [4.71994, 49.22646], [4.7194, 49.22589], [4.71947, 49.22546], [4.71992, 49.22515], [4.72183, 49.22459], [4.72437, 49.22462], [4.72588, 49.22504], [4.72755, 49.22257], [4.7269, 49.22237], [4.72595, 49.22104], [4.72415, 49.21945], [4.72412, 49.21922], [4.7248, 49.21892], [4.72809, 49.21943], [4.72813, 49.21998], [4.72689, 49.22055], [4.72806, 49.22183], [4.73379, 49.21341], [4.7444, 49.19247], [4.74586, 49.18824], [4.74547, 49.18784], [4.73978, 49.18469], [4.73874, 49.1843], [4.73547, 49.18391], [4.7328, 49.18333], [4.73162, 49.18331], [4.7312, 49.18338], [4.73097, 49.18394], [4.72974, 49.18433], [4.7294, 49.18463], [4.72809, 49.18483], [4.72758, 49.18467], [4.72735, 49.18438], [4.72739, 49.18338], [4.7277, 49.18303], [4.72687, 49.182], [4.72511, 49.18222], [4.72327, 49.18297], [4.72258, 49.18299], [4.72258, 49.18258], [4.72458, 49.18178], [4.72647, 49.1815], [4.72568, 49.18053], [4.72429, 49.18079], [4.72241, 49.18049], [4.72236, 49.18024], [4.72266, 49.18007], [4.72424, 49.18025], [4.72529, 49.18004], [4.71945, 49.17478], [4.71783, 49.1724], [4.71762, 49.17226], [4.71706, 49.17247], [4.71642, 49.17237], [4.71594, 49.17198], [4.71587, 49.17139], [4.7156, 49.17126], [4.71378, 49.17174], [4.71276, 49.17164], [4.71285, 49.17123], [4.71406, 49.1711], [4.7143, 49.17043], [4.71322, 49.17008], [4.71212, 49.16873], [4.71223, 49.16764], [4.70945, 49.16572], [4.7063, 49.16282], [4.70395, 49.16164], [4.70063, 49.15913], [4.69601, 49.16009], [4.69555, 49.15998], [4.69571, 49.1596], [4.6996, 49.15871], [4.69872, 49.15817], [4.69805, 49.15808], [4.69668, 49.15743], [4.69657, 49.15694], [4.697, 49.15658], [4.69684, 49.15575], [4.69539, 49.15577], [4.69504, 49.15554], [4.69565, 49.1547], [4.69678, 49.15451], [4.69675, 49.15373], [4.69803, 49.15329], [4.69794, 49.15309], [4.69461, 49.14907], [4.69378, 49.14858], [4.69226, 49.14816], [4.69159, 49.1477], [4.69125, 49.14644], [4.69023, 49.14513], [4.68924, 49.14544], [4.6881, 49.14548], [4.6849, 49.1452], [4.68316, 49.14522], [4.68284, 49.14507], [4.68286, 49.14482], [4.68319, 49.14469], [4.68494, 49.14467], [4.68812, 49.14495], [4.68904, 49.14491], [4.68982, 49.14467], [4.6876, 49.1406], [4.68693, 49.14063], [4.68614, 49.14023], [4.68593, 49.13945], [4.68478, 49.14037], [4.68373, 49.14029], [4.68324, 49.14002], [4.68322, 49.13949], [4.68352, 49.13917], [4.68405, 49.13905], [4.68504, 49.13922], [4.68548, 49.13892], [4.68464, 49.1388], [4.68415, 49.13851], [4.68291, 49.13846], [4.68244, 49.13813], [4.68047, 49.13761], [4.67985, 49.13717], [4.67914, 49.137], [4.67924, 49.1367], [4.6798, 49.13663], [4.67998, 49.13627], [4.68059, 49.13601], [4.6814, 49.13599], [4.68196, 49.13636], [4.68282, 49.13584], [4.68094, 49.13365], [4.68022, 49.13204], [4.68028, 49.1311], [4.67974, 49.131], [4.67941, 49.1307], [4.6794, 49.12986], [4.6797, 49.12951], [4.67908, 49.1292], [4.67783, 49.12933], [4.67709, 49.12924], [4.67673, 49.12883], [4.67698, 49.12814], [4.67606, 49.12801], [4.67565, 49.12768], [4.67559, 49.12722], [4.67581, 49.12703], [4.67518, 49.12655], [4.67511, 49.12619], [4.67561, 49.12578], [4.67575, 49.12514], [4.6765, 49.12468], [4.67714, 49.12463], [4.67732, 49.12442], [4.67705, 49.12409], [4.66817, 49.12364], [4.66216, 49.1238], [4.65574, 49.12312], [4.65154, 49.12297], [4.64836, 49.12243], [4.6497, 49.11689], [4.65013, 49.11666], [4.65051, 49.11695], [4.64919, 49.12209], [4.65165, 49.12243], [4.65585, 49.12258], [4.66221, 49.12326], [4.66819, 49.1231], [4.67662, 49.12353], [4.67584, 49.12245], [4.67526, 49.12106], [4.67425, 49.12095], [4.67318, 49.1202], [4.67358, 49.11927], [4.67411, 49.11914], [4.67499, 49.11927], [4.67542, 49.11709], [4.6752, 49.11621], [4.67386, 49.11412], [4.67303, 49.11404], [4.67265, 49.11359], [4.67281, 49.1132], [4.67336, 49.11297], [4.67322, 49.11131], [4.67388, 49.1102], [4.67474, 49.10746], [4.67418, 49.10633], [4.6736, 49.10641], [4.67309, 49.10624], [4.67192, 49.10511], [4.67184, 49.10469], [4.67126, 49.10459], [4.67092, 49.1043], [4.6691, 49.1039], [4.66877, 49.10332], [4.66767, 49.103], [4.66712, 49.1031], [4.66606, 49.10293], [4.6654, 49.10263], [4.66478, 49.10305], [4.66451, 49.10374], [4.66325, 49.10383], [4.6628, 49.10354], [4.66255, 49.10268], [4.66202, 49.10251], [4.66178, 49.10218], [4.62361, 49.10928], [4.5937, 49.112], [4.58575, 49.11323], [4.58616, 49.11571], [4.58605, 49.11641], [4.58656, 49.11626], [4.58696, 49.11581], [4.58778, 49.11571], [4.58834, 49.11601], [4.58845, 49.11637], [4.58828, 49.11675], [4.58775, 49.11697], [4.5878, 49.11778], [4.58735, 49.11828], [4.58666, 49.11842], [4.58561, 49.11811], [4.58462, 49.12174], [4.60687, 49.12628], [4.60715, 49.12657], [4.60682, 49.12681], [4.57985, 49.12133], [4.57977, 49.12209], [4.57928, 49.12243], [4.57849, 49.12242], [4.57805, 49.1222], [4.57744, 49.12236], [4.57544, 49.1224], [4.57195, 49.11879], [4.57098, 49.11667], [4.56479, 49.11716], [4.55912, 49.11713], [4.55883, 49.11753], [4.55922, 49.11773], [4.56105, 49.11798], [4.56161, 49.11852], [4.56158, 49.11913], [4.56079, 49.11943], [4.56016, 49.11933], [4.55983, 49.119], [4.55908, 49.11897], [4.55792, 49.11852], [4.55765, 49.1182], [4.55777, 49.11775], [4.55722, 49.11756], [4.55702, 49.11711], [4.55547, 49.11714], [4.55335, 49.11771], [4.55216, 49.11901], [4.55215, 49.1196], [4.55247, 49.1201], [4.56127, 49.1247], [4.56147, 49.1252], [4.56229, 49.12567], [4.56714, 49.13205], [4.56784, 49.13239], [4.58433, 49.13289], [4.58921, 49.13376], [4.59194, 49.13265], [4.59319, 49.13251], [4.59487, 49.1327], [4.59544, 49.13261], [4.59807, 49.1299], [4.59878, 49.12961], [4.60759, 49.13093], [4.6103, 49.12812], [4.61156, 49.12776], [4.61902, 49.12955], [4.62784, 49.13058], [4.63619, 49.13095], [4.65277, 49.13319], [4.65727, 49.13439], [4.65833, 49.13504], [4.65893, 49.1357], [4.65937, 49.13948], [4.65975, 49.14015], [4.66754, 49.14649], [4.66764, 49.14604], [4.66856, 49.14572], [4.66958, 49.14585], [4.67032, 49.14626], [4.67094, 49.14695], [4.6722, 49.15057], [4.67942, 49.15505], [4.6803, 49.15702], [4.6828, 49.15777], [4.68382, 49.15835], [4.68692, 49.16265], [4.69106, 49.16614], [4.69765, 49.17056], [4.69904, 49.17207], [4.70249, 49.17343], [4.70327, 49.17395], [4.70814, 49.1804], [4.71296, 49.18547], [4.7172, 49.18535], [4.71753, 49.18548], [4.71887, 49.18909], [4.72145, 49.19263], [4.72841, 49.1993], [4.72889, 49.2015], [4.72792, 49.2042], [4.72874, 49.20681], [4.72916, 49.20954], [4.72872, 49.211], [4.72792, 49.21185], [4.72603, 49.21283], [4.7245, 49.21316], [4.72295, 49.21321], [4.71812, 49.21245], [4.71621, 49.21275], [4.71554, 49.2132], [4.7151, 49.21387], [4.71545, 49.21604], [4.71467, 49.21787], [4.71307, 49.21931], [4.71063, 49.22053], [4.71036, 49.22106], [4.70953, 49.22173], [4.70734, 49.22237], [4.70483, 49.22352], [4.70324, 49.22328], [4.70227, 49.22345], [4.70033, 49.22341], [4.69959, 49.2245], [4.69812, 49.2252], [4.70023, 49.2249], [4.70057, 49.2251], [4.70041, 49.22538], [4.69636, 49.22604], [4.6876, 49.22963], [4.67422, 49.2421], [4.67471, 49.24309], [4.67451, 49.2457], [4.67016, 49.25039], [4.66883, 49.25237], [4.66748, 49.25312], [4.66473, 49.25291], [4.66103, 49.25555], [4.65945, 49.25586], [4.65841, 49.25574], [4.6535, 49.25404], [4.65085, 49.25353], [4.64484, 49.25155], [4.64079, 49.24943], [4.63441, 49.24545], [4.63272, 49.24479], [4.6299, 49.24413], [4.60807, 49.24127], [4.60673, 49.24131], [4.59679, 49.24367], [4.5959, 49.24368], [4.595, 49.24347], [4.59379, 49.24252], [4.58987, 49.23654], [4.58898, 49.23658], [4.58843, 49.23629], [4.58842, 49.23565], [4.58909, 49.23534], [4.58821, 49.23398], [4.56891, 49.24046], [4.56849, 49.24083], [4.56773, 49.24085], [4.56683, 49.24121], [4.56524, 49.24296], [4.56264, 49.24495], [4.56244, 49.24538], [4.56085, 49.24639], [4.56258, 49.24805], [4.56322, 49.25007], [4.56369, 49.24957], [4.56432, 49.24939], [4.56496, 49.24945], [4.56534, 49.24978], [4.56571, 49.24921], [4.5663, 49.24895], [4.56731, 49.24909], [4.56776, 49.24934], [4.56952, 49.24891], [4.56983, 49.24913], [4.56967, 49.24958], [4.56785, 49.2499], [4.56698, 49.25036], [4.56601, 49.2505], [4.56572, 49.25079], [4.56692, 49.25103], [4.57035, 49.25077], [4.57462, 49.25126], [4.57707, 49.25164], [4.58079, 49.25256], [4.58589, 49.25355], [4.59769, 49.25487], [4.59805, 49.25437], [4.59895, 49.25432], [4.59941, 49.2546], [4.59943, 49.25507], [4.6044, 49.25596], [4.60636, 49.25664], [4.60763, 49.2574], [4.60922, 49.25899], [4.61049, 49.25987], [4.62469, 49.26684], [4.63018, 49.26764], [4.63354, 49.2684], [4.63532, 49.26909], [4.637, 49.27028], [4.63781, 49.27025], [4.63868, 49.2699], [4.64217, 49.26771], [4.64626, 49.26658], [4.65203, 49.2664], [4.65512, 49.26581], [4.65734, 49.26574], [4.65902, 49.26376], [4.66112, 49.26217], [4.6609, 49.26185], [4.66105, 49.26136], [4.66189, 49.26111], [4.66183, 49.26063], [4.66118, 49.26011], [4.6611, 49.25974], [4.6599, 49.25876], [4.65613, 49.25746], [4.65208, 49.25775], [4.64327, 49.25795], [4.6353, 49.25662], [4.63516, 49.25632], [4.63561, 49.25614], [4.6433, 49.25741], [4.65203, 49.25721], [4.6548, 49.25692], [4.64409, 49.25313], [4.64105, 49.25165], [4.64108, 49.25124], [4.64154, 49.25123], [4.64502, 49.25287], [4.66037, 49.25831], [4.66163, 49.2593], [4.66208, 49.25915], [4.66264, 49.25921], [4.66371, 49.2599], [4.664, 49.26035], [4.66501, 49.26081], [4.66504, 49.25967], [4.66551, 49.25861], [4.66531, 49.25753], [4.66552, 49.25735], [4.66591, 49.25735], [4.66634, 49.2586], [4.66589, 49.25973], [4.66664, 49.25986], [4.66785, 49.26078], [4.66846, 49.26051], [4.66965, 49.26065], [4.67005, 49.26103], [4.66992, 49.26143], [4.67046, 49.2617], [4.67107, 49.26167], [4.67174, 49.26188], [4.67186, 49.25943], [4.6746, 49.25649], [4.67463, 49.25462], [4.6763, 49.25311], [4.67713, 49.25283], [4.67894, 49.25291], [4.67972, 49.2527], [4.68168, 49.25094], [4.68495, 49.24889], [4.69169, 49.24631], [4.69131, 49.24607], [4.69113, 49.2456], [4.6915, 49.24509], [4.69301, 49.2448], [4.69455, 49.24541], [4.69467, 49.24498], [4.69551, 49.24439], [4.6971, 49.24438], [4.69745, 49.24356], [4.69714, 49.2432], [4.69733, 49.24267], [4.69789, 49.24246], [4.69857, 49.24257], [4.70117, 49.24105], [4.70213, 49.23965], [4.70383, 49.23865], [4.70738, 49.23803], [4.71137, 49.23855], [4.71364, 49.23814], [4.71494, 49.2382], [4.71483, 49.23771], [4.71522, 49.23717], [4.71683, 49.23692], [4.71717, 49.23668], [4.71718, 49.23515], [4.71972, 49.23398]], [[4.58869, 49.11867], [4.58859, 49.11821], [4.58904, 49.1178], [4.5896, 49.11775], [4.5906, 49.11799], [4.5909, 49.11842], [4.59055, 49.11893], [4.59052, 49.1196], [4.58996, 49.11981], [4.58931, 49.1197], [4.58898, 49.11934], [4.58916, 49.1189], [4.58869, 49.11867]], [[4.59328, 49.1195], [4.59328, 49.12016], [4.59279, 49.1205], [4.59152, 49.12036], [4.59108, 49.12006], [4.59118, 49.11945], [4.59164, 49.11916], [4.59283, 49.11927], [4.59328, 49.1195]], [[4.55863, 49.12141], [4.55929, 49.12122], [4.55999, 49.12141], [4.56021, 49.12181], [4.55991, 49.12233], [4.55931, 49.12247], [4.5586, 49.12228], [4.55836, 49.12185], [4.55863, 49.12141]], [[4.57863, 49.12436], [4.57881, 49.12371], [4.57952, 49.12349], [4.58048, 49.12379], [4.58086, 49.12438], [4.58056, 49.12493], [4.57991, 49.12513], [4.57891, 49.1249], [4.57863, 49.12436]], [[4.66303, 49.1041], [4.66358, 49.10388], [4.66469, 49.10392], [4.66511, 49.10424], [4.66506, 49.10475], [4.66451, 49.10503], [4.66333, 49.10501], [4.66289, 49.10464], [4.66303, 49.1041]], [[4.6786, 49.13606], [4.67893, 49.13643], [4.67878, 49.13697], [4.67823, 49.13718], [4.67746, 49.13708], [4.67713, 49.13673], [4.67727, 49.13618], [4.67782, 49.13597], [4.6786, 49.13606]], [[4.70197, 49.22463], [4.70304, 49.2247], [4.70353, 49.22504], [4.70331, 49.22597], [4.7028, 49.2263], [4.70198, 49.22624], [4.70155, 49.22593], [4.70143, 49.22515], [4.70197, 49.22463]]], [[[4.74933, 49.17817], [4.7478, 49.17787], [4.7454, 49.17824], [4.74495, 49.17802], [4.74412, 49.17817], [4.74311, 49.17807], [4.74268, 49.1783], [4.74136, 49.17829], [4.73988, 49.17895], [4.73897, 49.17903], [4.73846, 49.17949], [4.73738, 49.17939], [4.73699, 49.17956], [4.73609, 49.17935], [4.7357, 49.17883], [4.73443, 49.17876], [4.73423, 49.17827], [4.73355, 49.17875], [4.73291, 49.17852], [4.73184, 49.17852], [4.73141, 49.17813], [4.73149, 49.17782], [4.7307, 49.17755], [4.72788, 49.17525], [4.72725, 49.17538], [4.72672, 49.17527], [4.72668, 49.17472], [4.7261, 49.17436], [4.72609, 49.17404], [4.72449, 49.17351], [4.72389, 49.17382], [4.72346, 49.17373], [4.72305, 49.1731], [4.72348, 49.17278], [4.72304, 49.1722], [4.72311, 49.17181], [4.72237, 49.17145], [4.72217, 49.17113], [4.72136, 49.1712], [4.71931, 49.172], [4.71969, 49.17256], [4.71923, 49.17302], [4.72017, 49.17451], [4.72568, 49.17937], [4.72852, 49.18288], [4.72946, 49.18255], [4.72993, 49.18264], [4.73027, 49.18294], [4.73293, 49.1828], [4.73567, 49.18338], [4.739, 49.18378], [4.74029, 49.18426], [4.74548, 49.18716], [4.74575, 49.18677], [4.74644, 49.18654], [4.74933, 49.17817]], [[4.72726, 49.17822], [4.72652, 49.1778], [4.72668, 49.17723], [4.72733, 49.17702], [4.72806, 49.17726], [4.72875, 49.17719], [4.73046, 49.17838], [4.73055, 49.1789], [4.73, 49.17925], [4.72896, 49.17939], [4.7266, 49.17904], [4.72593, 49.17908], [4.72534, 49.17876], [4.72534, 49.17831], [4.7258, 49.17801], [4.72636, 49.17797], [4.727, 49.17828], [4.72726, 49.17822]]], [[[4.75005, 49.17608], [4.74449, 49.17518], [4.74008, 49.17509], [4.73537, 49.174], [4.73467, 49.17399], [4.73294, 49.17447], [4.73213, 49.17445], [4.73069, 49.17391], [4.72678, 49.1732], [4.72394, 49.17173], [4.72389, 49.1721], [4.72443, 49.1727], [4.72504, 49.17311], [4.72677, 49.17368], [4.72689, 49.17416], [4.72735, 49.17439], [4.7275, 49.17477], [4.72839, 49.17478], [4.73142, 49.17726], [4.73259, 49.17733], [4.73273, 49.17764], [4.73238, 49.17801], [4.73332, 49.17803], [4.73437, 49.17773], [4.73484, 49.17786], [4.73506, 49.17818], [4.73611, 49.17806], [4.73661, 49.17826], [4.73681, 49.17892], [4.73714, 49.17878], [4.73812, 49.17883], [4.7386, 49.17855], [4.73959, 49.17844], [4.74001, 49.17788], [4.74069, 49.17797], [4.74111, 49.17777], [4.74335, 49.17755], [4.74374, 49.17732], [4.74434, 49.17756], [4.74546, 49.17757], [4.74712, 49.17751], [4.74776, 49.17727], [4.74925, 49.17764], [4.74955, 49.17752], [4.75005, 49.17608]]], [[[4.75598, 49.14905], [4.75629, 49.1412], [4.75513, 49.14115], [4.75195, 49.14164], [4.74776, 49.14095], [4.74392, 49.14269], [4.74287, 49.14373], [4.74086, 49.14498], [4.74108, 49.1454], [4.74075, 49.14606], [4.74003, 49.14638], [4.73902, 49.14626], [4.73761, 49.14707], [4.73641, 49.14786], [4.73444, 49.14977], [4.73547, 49.15136], [4.73608, 49.15293], [4.73998, 49.15784], [4.74135, 49.16155], [4.74328, 49.16274], [4.74494, 49.16436], [4.746, 49.1648], [4.74796, 49.16507], [4.7496, 49.16563], [4.7508, 49.16639], [4.75239, 49.16794], [4.75598, 49.14905]]], [[[4.12384, 49.02051], [4.1208, 49.02078], [4.12055, 49.0211], [4.11969, 49.02114], [4.11979, 49.02223], [4.12189, 49.0222], [4.12634, 49.02276], [4.12671, 49.02044], [4.12517, 49.0204], [4.12447, 49.02066], [4.12384, 49.02051]]], [[[4.12515, 49.01977], [4.12549, 49.01979], [4.12549, 49.01978], [4.12515, 49.01977]]], [[[4.12227, 49.03967], [4.12117, 49.04038], [4.12294, 49.0401], [4.14052, 49.03993], [4.14074, 49.04019], [4.14041, 49.04044], [4.13741, 49.04046], [4.13741, 49.04146], [4.13697, 49.04181], [4.13689, 49.04221], [4.13567, 49.04267], [4.13512, 49.04248], [4.13497, 49.04169], [4.13539, 49.04111], [4.13539, 49.04047], [4.12455, 49.04062], [4.12592, 49.04163], [4.12718, 49.0431], [4.12869, 49.04383], [4.13121, 49.04405], [4.13295, 49.04447], [4.13493, 49.04443], [4.13765, 49.04487], [4.14045, 49.04453], [4.14595, 49.04309], [4.1484, 49.04214], [4.15135, 49.04155], [4.15363, 49.04123], [4.16079, 49.04125], [4.16242, 49.04091], [4.16378, 49.04089], [4.16384, 49.04054], [4.16203, 49.03941], [4.16135, 49.03856], [4.16158, 49.03744], [4.1632, 49.03706], [4.16556, 49.03717], [4.16754, 49.03791], [4.16888, 49.03946], [4.17037, 49.04019], [4.17083, 49.0403], [4.17121, 49.03987], [4.17201, 49.03982], [4.17253, 49.04014], [4.1726, 49.04075], [4.17423, 49.04116], [4.17568, 49.04115], [4.17608, 49.04104], [4.17535, 49.03697], [4.17482, 49.03664], [4.17523, 49.03627], [4.17453, 49.03239], [4.17406, 49.03208], [4.17441, 49.03173], [4.1739, 49.02824], [4.17219, 49.02691], [4.17084, 49.025], [4.17004, 49.02557], [4.17027, 49.0262], [4.16892, 49.02729], [4.16967, 49.02802], [4.16923, 49.02929], [4.16802, 49.0301], [4.16604, 49.03031], [4.1636, 49.0298], [4.16311, 49.03019], [4.16151, 49.03024], [4.16047, 49.02967], [4.1598, 49.02813], [4.15668, 49.02878], [4.15459, 49.02984], [4.15315, 49.02987], [4.15312, 49.0306], [4.15277, 49.03084], [4.15213, 49.03093], [4.1521, 49.03203], [4.15127, 49.03211], [4.15077, 49.03169], [4.15093, 49.03218], [4.15076, 49.03241], [4.15106, 49.03296], [4.15048, 49.03336], [4.14928, 49.03351], [4.14887, 49.03328], [4.14873, 49.03267], [4.14927, 49.03245], [4.14881, 49.03148], [4.14925, 49.03124], [4.15008, 49.0312], [4.14942, 49.03092], [4.14878, 49.0308], [4.14875, 49.03129], [4.14824, 49.03155], [4.14632, 49.0316], [4.14594, 49.0311], [4.14568, 49.03154], [4.14515, 49.03165], [4.14469, 49.0315], [4.14439, 49.03097], [4.14432, 49.0315], [4.14385, 49.03171], [4.14421, 49.03205], [4.14484, 49.03222], [4.14531, 49.03309], [4.14515, 49.03348], [4.14151, 49.03423], [4.14105, 49.03396], [4.14069, 49.03307], [4.14095, 49.0343], [4.1396, 49.03464], [4.13923, 49.03441], [4.13863, 49.03225], [4.14132, 49.0317], [4.14078, 49.03125], [4.14043, 49.02824], [4.14087, 49.02808], [4.1443, 49.02793], [4.14597, 49.02813], [4.14676, 49.02805], [4.14709, 49.02694], [4.14665, 49.02656], [4.14598, 49.02656], [4.14509, 49.02612], [4.14213, 49.02394], [4.14047, 49.02337], [4.13744, 49.02341], [4.13732, 49.0237], [4.1369, 49.02382], [4.13639, 49.02363], [4.13451, 49.02359], [4.13399, 49.02307], [4.13295, 49.02384], [4.1298, 49.02384], [4.13036, 49.02395], [4.13061, 49.02419], [4.13078, 49.02533], [4.13049, 49.02569], [4.13105, 49.02591], [4.13196, 49.02814], [4.13141, 49.02848], [4.13047, 49.02847], [4.13008, 49.02864], [4.12851, 49.0285], [4.12651, 49.02859], [4.12592, 49.03207], [4.12416, 49.03782], [4.12227, 49.03967]], [[4.13443, 49.02687], [4.13433, 49.0262], [4.1347, 49.02589], [4.13654, 49.02561], [4.13784, 49.02687], [4.13813, 49.02805], [4.13758, 49.02842], [4.13542, 49.02843], [4.13443, 49.02687]], [[4.16036, 49.03104], [4.16085, 49.03084], [4.16141, 49.03095], [4.1618, 49.03147], [4.16164, 49.03183], [4.16095, 49.03194], [4.16058, 49.03182], [4.16036, 49.03104]], [[4.15411, 49.03131], [4.15512, 49.03122], [4.15553, 49.03195], [4.15735, 49.03191], [4.15763, 49.03254], [4.15738, 49.03292], [4.1551, 49.0333], [4.15353, 49.03276], [4.15329, 49.03222], [4.15408, 49.03197], [4.15393, 49.03153], [4.15411, 49.03131]], [[4.14318, 49.04029], [4.14441, 49.04029], [4.14479, 49.04057], [4.14486, 49.0418], [4.14449, 49.04206], [4.14327, 49.04212], [4.14282, 49.04186], [4.14274, 49.04068], [4.14318, 49.04029]], [[4.16812, 49.03168], [4.16863, 49.03187], [4.16844, 49.03225], [4.16708, 49.03264], [4.16662, 49.03253], [4.16669, 49.03204], [4.16812, 49.03168]]], [[[4.11706, 49.04421], [4.11697, 49.04495], [4.11842, 49.04517], [4.11851, 49.04486], [4.11706, 49.04421]]], [[[4.12165, 49.04541], [4.12284, 49.04528], [4.12072, 49.04337], [4.12044, 49.04257], [4.11998, 49.04474], [4.12013, 49.04488], [4.12124, 49.04491], [4.12165, 49.04541]]], [[[4.12462, 49.05371], [4.12505, 49.05472], [4.12474, 49.0564], [4.12619, 49.05933], [4.12822, 49.06098], [4.1333, 49.06683], [4.13655, 49.06867], [4.13786, 49.07001], [4.13943, 49.06945], [4.14017, 49.06941], [4.14074, 49.06907], [4.14213, 49.06913], [4.14343, 49.07063], [4.14326, 49.07123], [4.14368, 49.07166], [4.14943, 49.06707], [4.14857, 49.06729], [4.1479, 49.06714], [4.14732, 49.06633], [4.14749, 49.06587], [4.14874, 49.06542], [4.14957, 49.06532], [4.1501, 49.06555], [4.15054, 49.06619], [4.17294, 49.04838], [4.17228, 49.04811], [4.17204, 49.04728], [4.17226, 49.04688], [4.17291, 49.04669], [4.17273, 49.04627], [4.16655, 49.04828], [4.16329, 49.04859], [4.15426, 49.0501], [4.13883, 49.05054], [4.13278, 49.05123], [4.13289, 49.05205], [4.13198, 49.0524], [4.13118, 49.05219], [4.13089, 49.05144], [4.12769, 49.05133], [4.12749, 49.05188], [4.1267, 49.05207], [4.12702, 49.05337], [4.12681, 49.05377], [4.12602, 49.05397], [4.12462, 49.05371]]], [[[4.12853, 49.04915], [4.1286, 49.04863], [4.12847, 49.04831], [4.12815, 49.04904], [4.12853, 49.04915]]], [[[4.128, 49.04781], [4.12944, 49.04751], [4.13019, 49.04761], [4.13059, 49.04794], [4.13038, 49.04871], [4.12939, 49.04888], [4.12911, 49.05085], [4.13098, 49.05089], [4.13876, 49.05], [4.15412, 49.04957], [4.16312, 49.04807], [4.16656, 49.04771], [4.17317, 49.04543], [4.17579, 49.0453], [4.17617, 49.04509], [4.17631, 49.04443], [4.17597, 49.04406], [4.17527, 49.04387], [4.17501, 49.04335], [4.17276, 49.04334], [4.16692, 49.04193], [4.16011, 49.04255], [4.15419, 49.04262], [4.15008, 49.04333], [4.14444, 49.04508], [4.13968, 49.04608], [4.13782, 49.04618], [4.13035, 49.04577], [4.12998, 49.04658], [4.12927, 49.04676], [4.12835, 49.04667], [4.12788, 49.04694], [4.128, 49.04781]]], [[[4.12516, 49.05049], [4.12526, 49.0505], [4.12523, 49.05044], [4.12516, 49.05049]]], [[[4.09707, 49.08419], [4.09532, 49.08391], [4.09361, 49.0833], [4.09537, 49.08561], [4.09625, 49.08575], [4.09694, 49.08512], [4.09707, 49.08419]]], [[[4.09371, 49.08478], [4.0936, 49.08464], [4.09341, 49.08437], [4.09336, 49.08457], [4.09371, 49.08478]]], [[[4.09299, 49.08384], [4.09298, 49.08379], [4.09291, 49.08381], [4.09299, 49.08384]]], [[[4.09775, 49.08827], [4.09834, 49.08871], [4.0989, 49.08823], [4.09825, 49.08791], [4.09775, 49.08827]]], [[[4.10288, 49.09359], [4.10328, 49.09332], [4.10294, 49.09349], [4.10288, 49.09359]]], [[[4.10467, 49.09355], [4.11234, 49.09933], [4.11296, 49.0996], [4.11366, 49.09954], [4.11422, 49.09898], [4.11518, 49.09888], [4.11578, 49.0981], [4.11671, 49.09792], [4.11577, 49.09487], [4.11581, 49.09402], [4.11642, 49.09325], [4.11998, 49.09044], [4.11643, 49.09146], [4.11225, 49.09126], [4.11046, 49.09101], [4.11016, 49.09136], [4.11067, 49.09208], [4.11023, 49.09251], [4.11063, 49.09288], [4.11114, 49.09279], [4.11166, 49.09294], [4.11192, 49.09349], [4.11155, 49.09383], [4.11108, 49.09394], [4.11053, 49.09382], [4.11021, 49.0935], [4.11, 49.09356], [4.11002, 49.0942], [4.1091, 49.09443], [4.10846, 49.09397], [4.10891, 49.09339], [4.10768, 49.09332], [4.10721, 49.09281], [4.10766, 49.09232], [4.10866, 49.09229], [4.10788, 49.09149], [4.10886, 49.09048], [4.10595, 49.08808], [4.10533, 49.08874], [4.10585, 49.08924], [4.10576, 49.08982], [4.10631, 49.09031], [4.10585, 49.09102], [4.10601, 49.09119], [4.10738, 49.09152], [4.10763, 49.09209], [4.10728, 49.09244], [4.10595, 49.09278], [4.10555, 49.09347], [4.10467, 49.09355]], [[4.11125, 49.09457], [4.11185, 49.09468], [4.11222, 49.09509], [4.11203, 49.0955], [4.11145, 49.09571], [4.11085, 49.0956], [4.11048, 49.09522], [4.11067, 49.09478], [4.11125, 49.09457]], [[4.1148, 49.09854], [4.11432, 49.09883], [4.11362, 49.09882], [4.1132, 49.0985], [4.11321, 49.09803], [4.11374, 49.09774], [4.11438, 49.09777], [4.11482, 49.09808], [4.1148, 49.09854]]], [[[4.10465, 49.08841], [4.10538, 49.08767], [4.10067, 49.08511], [4.09839, 49.0844], [4.0986, 49.08495], [4.0983, 49.08535], [4.09855, 49.08573], [4.09828, 49.08691], [4.0984, 49.08708], [4.09904, 49.08688], [4.0998, 49.08711], [4.10017, 49.08779], [4.10079, 49.0881], [4.10124, 49.08898], [4.10275, 49.08924], [4.10348, 49.08837], [4.10465, 49.08841]]], [[[4.1065, 49.08767], [4.10959, 49.09021], [4.11088, 49.09052], [4.11637, 49.09092], [4.11966, 49.08994], [4.12079, 49.08979], [4.12898, 49.0833], [4.12522, 49.08321], [4.12315, 49.08372], [4.12106, 49.08392], [4.11717, 49.08366], [4.11687, 49.08349], [4.11694, 49.08322], [4.11831, 49.0831], [4.12107, 49.08338], [4.12292, 49.0832], [4.12518, 49.08267], [4.12962, 49.08279], [4.13641, 49.07739], [4.1294, 49.0791], [4.12925, 49.07948], [4.12867, 49.07972], [4.12805, 49.07963], [4.12768, 49.07927], [4.12337, 49.0793], [4.12247, 49.07909], [4.12245, 49.07872], [4.12699, 49.07879], [4.13071, 49.07827], [4.13627, 49.07685], [4.13616, 49.07647], [4.13656, 49.07587], [4.13751, 49.07564], [4.13818, 49.07602], [4.13979, 49.07453], [4.13815, 49.07513], [4.13724, 49.07487], [4.13571, 49.07267], [4.1357, 49.0722], [4.13527, 49.07199], [4.13494, 49.07144], [4.13526, 49.07097], [4.13607, 49.07083], [4.13708, 49.07024], [4.13595, 49.06904], [4.13343, 49.06775], [4.13238, 49.0669], [4.12752, 49.06126], [4.12554, 49.05968], [4.12409, 49.05687], [4.12171, 49.06041], [4.11462, 49.06963], [4.1137, 49.07139], [4.11379, 49.07244], [4.11298, 49.07473], [4.11062, 49.07976], [4.11023, 49.0811], [4.10911, 49.08247], [4.10791, 49.0852], [4.10705, 49.08642], [4.10708, 49.08689], [4.1065, 49.08767]]], [[[4.12286, 49.0928], [4.12256, 49.09316], [4.12199, 49.09331], [4.12298, 49.09394], [4.12472, 49.0935], [4.12586, 49.0937], [4.12598, 49.09407], [4.12563, 49.09419], [4.12473, 49.09404], [4.12289, 49.09457], [4.12101, 49.09345], [4.11912, 49.09455], [4.11802, 49.09552], [4.11848, 49.09758], [4.11978, 49.09766], [4.12022, 49.09807], [4.12106, 49.09811], [4.12146, 49.0985], [4.12136, 49.09887], [4.12089, 49.09919], [4.12005, 49.09927], [4.11866, 49.10004], [4.11934, 49.10059], [4.11931, 49.10116], [4.11981, 49.10124], [4.12106, 49.10195], [4.12124, 49.10231], [4.12103, 49.10265], [4.12269, 49.1039], [4.1254, 49.10527], [4.127, 49.10658], [4.12896, 49.10748], [4.12988, 49.10762], [4.13384, 49.10742], [4.13826, 49.10691], [4.13957, 49.10737], [4.14046, 49.1084], [4.14154, 49.10826], [4.14219, 49.10855], [4.14242, 49.10953], [4.14186, 49.10997], [4.14139, 49.11008], [4.14138, 49.11085], [4.14036, 49.11246], [4.14102, 49.11256], [4.14181, 49.11341], [4.14266, 49.11362], [4.14287, 49.11415], [4.14231, 49.1146], [4.14135, 49.11449], [4.14069, 49.11474], [4.13992, 49.11461], [4.1393, 49.11418], [4.13883, 49.11437], [4.13827, 49.11431], [4.1364, 49.11663], [4.13722, 49.11942], [4.13786, 49.12034], [4.14857, 49.13077], [4.15473, 49.13981], [4.15579, 49.14181], [4.15689, 49.14168], [4.15792, 49.14206], [4.15799, 49.14248], [4.15757, 49.14297], [4.15788, 49.14335], [4.15771, 49.14374], [4.15816, 49.14549], [4.15809, 49.14627], [4.15853, 49.147], [4.15953, 49.1476], [4.16002, 49.14749], [4.15926, 49.14727], [4.15835, 49.14653], [4.15838, 49.14559], [4.15904, 49.14528], [4.15986, 49.14537], [4.16006, 49.14481], [4.16088, 49.14442], [4.16069, 49.14402], [4.16094, 49.14366], [4.16164, 49.14323], [4.16236, 49.14325], [4.16291, 49.14267], [4.16397, 49.14233], [4.16458, 49.14241], [4.16493, 49.1427], [4.16495, 49.14318], [4.16438, 49.14417], [4.16496, 49.14461], [4.16575, 49.14471], [4.16713, 49.14405], [4.1681, 49.14425], [4.16894, 49.14405], [4.16943, 49.14424], [4.17005, 49.14487], [4.17437, 49.14593], [4.18397, 49.14561], [4.18536, 49.14509], [4.1877, 49.14316], [4.18841, 49.14151], [4.19113, 49.13807], [4.19078, 49.13751], [4.1919, 49.13591], [4.19219, 49.13496], [4.1931, 49.13441], [4.19232, 49.13378], [4.19035, 49.13274], [4.18826, 49.13241], [4.18811, 49.13203], [4.18845, 49.13191], [4.18947, 49.13201], [4.18984, 49.13152], [4.1907, 49.13147], [4.19119, 49.13188], [4.19097, 49.13238], [4.19364, 49.13398], [4.19448, 49.13348], [4.19491, 49.13294], [4.19569, 49.13264], [4.19666, 49.13261], [4.19786, 49.13186], [4.19882, 49.13177], [4.19934, 49.13146], [4.19952, 49.13023], [4.19986, 49.12969], [4.20259, 49.12776], [4.20501, 49.12516], [4.20376, 49.12463], [4.20398, 49.12387], [4.2032, 49.12393], [4.20263, 49.12357], [4.20295, 49.1229], [4.20348, 49.12276], [4.20396, 49.12285], [4.19923, 49.11991], [4.19865, 49.11938], [4.19845, 49.11877], [4.19885, 49.11698], [4.19867, 49.11644], [4.19592, 49.11426], [4.19267, 49.10984], [4.1905, 49.10843], [4.1884, 49.10672], [4.18819, 49.10661], [4.18772, 49.10681], [4.18719, 49.1068], [4.18644, 49.10628], [4.18506, 49.10716], [4.18545, 49.10797], [4.18457, 49.1101], [4.18423, 49.11019], [4.18357, 49.11005], [4.18276, 49.11021], [4.18119, 49.11009], [4.18126, 49.11063], [4.18057, 49.11098], [4.18001, 49.11092], [4.17967, 49.11069], [4.17948, 49.11028], [4.17972, 49.1099], [4.17874, 49.10889], [4.17783, 49.10902], [4.1771, 49.1085], [4.17691, 49.1078], [4.17786, 49.10712], [4.17761, 49.10632], [4.17773, 49.1057], [4.17718, 49.1051], [4.17856, 49.1034], [4.17734, 49.10217], [4.17462, 49.10069], [4.17448, 49.10038], [4.17599, 49.09893], [4.17847, 49.0974], [4.17619, 49.09551], [4.17563, 49.09469], [4.17305, 49.08651], [4.16861, 49.0937], [4.16844, 49.09672], [4.16801, 49.09691], [4.16764, 49.09667], [4.16782, 49.09355], [4.17277, 49.08558], [4.17226, 49.08478], [4.1714, 49.0843], [4.16912, 49.08388], [4.16852, 49.08412], [4.16732, 49.08544], [4.16722, 49.08599], [4.1666, 49.08623], [4.16531, 49.08763], [4.16515, 49.08862], [4.16441, 49.09028], [4.16349, 49.09144], [4.16261, 49.09342], [4.16172, 49.09407], [4.1607, 49.09442], [4.16033, 49.09591], [4.1599, 49.0961], [4.15952, 49.09584], [4.15992, 49.09425], [4.1619, 49.09315], [4.16266, 49.09136], [4.16362, 49.09012], [4.16431, 49.0886], [4.16452, 49.08748], [4.16497, 49.08692], [4.16466, 49.0863], [4.16503, 49.08597], [4.16566, 49.0859], [4.16553, 49.08477], [4.16415, 49.08326], [4.16215, 49.08465], [4.15888, 49.08902], [4.15864, 49.0896], [4.15883, 49.09008], [4.15841, 49.09048], [4.15779, 49.09293], [4.15772, 49.0937], [4.1581, 49.09397], [4.15815, 49.09434], [4.1576, 49.09476], [4.15711, 49.09581], [4.15662, 49.09592], [4.15635, 49.09565], [4.15678, 49.09468], [4.15644, 49.09413], [4.1569, 49.09369], [4.15759, 49.09049], [4.15718, 49.09019], [4.15718, 49.08978], [4.15786, 49.08942], [4.15875, 49.08776], [4.15977, 49.08674], [4.16111, 49.08468], [4.1637, 49.08278], [4.16197, 49.08221], [4.15698, 49.08136], [4.15375, 49.08029], [4.15288, 49.08025], [4.15234, 49.07991], [4.15206, 49.08005], [4.15275, 49.08058], [4.15269, 49.08105], [4.15194, 49.08143], [4.15114, 49.0813], [4.15052, 49.08148], [4.15014, 49.08187], [4.15033, 49.08243], [4.14933, 49.0834], [4.14928, 49.08394], [4.14858, 49.08425], [4.14956, 49.08954], [4.1496, 49.09285], [4.15038, 49.09431], [4.151, 49.09435], [4.15139, 49.09462], [4.15144, 49.09504], [4.15112, 49.09533], [4.15157, 49.09608], [4.15233, 49.09648], [4.15232, 49.09683], [4.15196, 49.09713], [4.15199, 49.09763], [4.15423, 49.09857], [4.15431, 49.09884], [4.15402, 49.09901], [4.15129, 49.09795], [4.15111, 49.09715], [4.15084, 49.09754], [4.15038, 49.09771], [4.14819, 49.09775], [4.14633, 49.09807], [4.14592, 49.09789], [4.14611, 49.09756], [4.14801, 49.09722], [4.15023, 49.09717], [4.15082, 49.0963], [4.15027, 49.09541], [4.1498, 49.09511], [4.14879, 49.09294], [4.14874, 49.08958], [4.14774, 49.08421], [4.14713, 49.08404], [4.14566, 49.08416], [4.14523, 49.0839], [4.14508, 49.08351], [4.14479, 49.08363], [4.14497, 49.08441], [4.14464, 49.08482], [4.14491, 49.08957], [4.14518, 49.09056], [4.14554, 49.09131], [4.14858, 49.09366], [4.14935, 49.09473], [4.14917, 49.09503], [4.14863, 49.09496], [4.1475, 49.09352], [4.1447, 49.09139], [4.14409, 49.08962], [4.14382, 49.08491], [4.14336, 49.08468], [4.14302, 49.08472], [4.14285, 49.08513], [4.14272, 49.08682], [4.1419, 49.08882], [4.14115, 49.0898], [4.14037, 49.09189], [4.13951, 49.09295], [4.13752, 49.09372], [4.13812, 49.09591], [4.13786, 49.09667], [4.13799, 49.09757], [4.13763, 49.09805], [4.13725, 49.09808], [4.137, 49.09788], [4.1373, 49.09591], [4.13636, 49.09325], [4.13487, 49.09389], [4.13206, 49.09453], [4.13128, 49.09457], [4.13118, 49.09499], [4.13076, 49.09523], [4.12998, 49.09518], [4.12955, 49.09477], [4.13002, 49.09418], [4.1319, 49.094], [4.13457, 49.09338], [4.13629, 49.09257], [4.13572, 49.0907], [4.13476, 49.08918], [4.13474, 49.08676], [4.13242, 49.08764], [4.13042, 49.08883], [4.12124, 49.09028], [4.11708, 49.09358], [4.1166, 49.09417], [4.11659, 49.0948], [4.11758, 49.098], [4.11761, 49.09723], [4.11719, 49.09582], [4.11742, 49.09509], [4.11858, 49.09414], [4.12068, 49.09291], [4.12112, 49.09285], [4.12152, 49.09225], [4.12247, 49.09225], [4.12286, 49.0928]], [[4.12475, 49.09167], [4.12443, 49.09129], [4.12461, 49.09085], [4.12524, 49.09065], [4.12587, 49.09076], [4.12618, 49.09114], [4.126, 49.09157], [4.12537, 49.09178], [4.12475, 49.09167]], [[4.15692, 49.08739], [4.15628, 49.0874], [4.15579, 49.08709], [4.15578, 49.08667], [4.15625, 49.08635], [4.15688, 49.08634], [4.15738, 49.08665], [4.15739, 49.08707], [4.15692, 49.08739]], [[4.15427, 49.08907], [4.1542, 49.08865], [4.15463, 49.08829], [4.15527, 49.08825], [4.15581, 49.08853], [4.15588, 49.08895], [4.15545, 49.08931], [4.15481, 49.08935], [4.15427, 49.08907]], [[4.16374, 49.0952], [4.16304, 49.09529], [4.16246, 49.09501], [4.16237, 49.0946], [4.1628, 49.0942], [4.16343, 49.09414], [4.16402, 49.09441], [4.1641, 49.09483], [4.16374, 49.0952]], [[4.14309, 49.09725], [4.1426, 49.09697], [4.14255, 49.09653], [4.14297, 49.09621], [4.14367, 49.09617], [4.14415, 49.09645], [4.14421, 49.09689], [4.14379, 49.09721], [4.14309, 49.09725]], [[4.16008, 49.09718], [4.15948, 49.09733], [4.15882, 49.09714], [4.1586, 49.09675], [4.15889, 49.09631], [4.15949, 49.09617], [4.16014, 49.09635], [4.16037, 49.09675], [4.16008, 49.09718]], [[4.15014, 49.1292], [4.15005, 49.12968], [4.14949, 49.12997], [4.14869, 49.12984], [4.14832, 49.1295], [4.14847, 49.12903], [4.14899, 49.12879], [4.14972, 49.12889], [4.15014, 49.1292]], [[4.16795, 49.09008], [4.16731, 49.09008], [4.16682, 49.08977], [4.16682, 49.08935], [4.16729, 49.08903], [4.16793, 49.08903], [4.16842, 49.08933], [4.16842, 49.08975], [4.16795, 49.09008]], [[4.17553, 49.10838], [4.17576, 49.10879], [4.17547, 49.10922], [4.17475, 49.10944], [4.17405, 49.10924], [4.17382, 49.10885], [4.1741, 49.10842], [4.17483, 49.10819], [4.17553, 49.10838]], [[4.17479, 49.11038], [4.17575, 49.10977], [4.17633, 49.10988], [4.17834, 49.11097], [4.17983, 49.11153], [4.18003, 49.11202], [4.17948, 49.11315], [4.17997, 49.11359], [4.1809, 49.11382], [4.18197, 49.11445], [4.182, 49.11515], [4.18282, 49.11668], [4.18273, 49.11719], [4.17865, 49.12106], [4.1733, 49.12428], [4.17136, 49.12685], [4.16669, 49.13081], [4.16577, 49.13341], [4.16533, 49.13349], [4.16506, 49.13328], [4.16537, 49.13215], [4.16332, 49.13329], [4.16093, 49.13514], [4.16074, 49.13547], [4.16137, 49.13841], [4.15892, 49.14002], [4.15746, 49.14132], [4.15688, 49.14145], [4.15666, 49.14108], [4.15791, 49.13996], [4.16058, 49.13822], [4.15992, 49.13551], [4.16025, 49.13484], [4.16275, 49.1329], [4.16459, 49.13181], [4.16556, 49.13152], [4.16599, 49.13051], [4.17066, 49.12657], [4.17264, 49.12395], [4.17801, 49.12072], [4.18195, 49.117], [4.18188, 49.11645], [4.18119, 49.11525], [4.18119, 49.11471], [4.1794, 49.11398], [4.17866, 49.11328], [4.17913, 49.11183], [4.17787, 49.11142], [4.17607, 49.11042], [4.17578, 49.11072], [4.17589, 49.1112], [4.17515, 49.11133], [4.17496, 49.11109], [4.17515, 49.11073], [4.17479, 49.11038]], [[4.18511, 49.13281], [4.18595, 49.13285], [4.18636, 49.13329], [4.18592, 49.13389], [4.18518, 49.13415], [4.18442, 49.13393], [4.18416, 49.13354], [4.18444, 49.13302], [4.18511, 49.13281]]], [[[4.11658, 49.10456], [4.11587, 49.10506], [4.11517, 49.10654], [4.11331, 49.10849], [4.11099, 49.11218], [4.10979, 49.11362], [4.10925, 49.11478], [4.10927, 49.11838], [4.10972, 49.1194], [4.10974, 49.12039], [4.11034, 49.12041], [4.11103, 49.12074], [4.11142, 49.12151], [4.11094, 49.12212], [4.11003, 49.12219], [4.10936, 49.12197], [4.10923, 49.12234], [4.10942, 49.12297], [4.11089, 49.12295], [4.11135, 49.12327], [4.11139, 49.12364], [4.11107, 49.124], [4.11043, 49.12425], [4.10944, 49.12407], [4.10902, 49.12383], [4.10876, 49.12578], [4.10627, 49.12936], [4.10549, 49.13159], [4.10314, 49.13346], [4.10329, 49.13379], [4.10621, 49.13574], [4.10642, 49.13776], [4.10444, 49.14021], [4.09865, 49.1444], [4.10119, 49.145], [4.10141, 49.14557], [4.1021, 49.14604], [4.10257, 49.14705], [4.10391, 49.1472], [4.10517, 49.14799], [4.10862, 49.14786], [4.11261, 49.14741], [4.12148, 49.14819], [4.12417, 49.14782], [4.13267, 49.14744], [4.13615, 49.148], [4.13687, 49.14785], [4.13967, 49.14645], [4.14056, 49.14627], [4.14236, 49.14615], [4.14816, 49.14643], [4.14496, 49.14465], [4.13771, 49.13674], [4.13912, 49.13454], [4.14225, 49.13272], [4.13861, 49.12931], [4.13853, 49.12876], [4.14176, 49.12709], [4.14426, 49.12751], [4.1369, 49.12032], [4.13643, 49.11956], [4.13558, 49.11696], [4.13562, 49.11645], [4.13784, 49.11352], [4.13944, 49.11241], [4.14058, 49.11071], [4.14059, 49.11021], [4.13981, 49.10944], [4.13993, 49.10895], [4.13963, 49.10851], [4.13897, 49.10774], [4.13819, 49.10745], [4.13393, 49.10796], [4.12985, 49.10816], [4.12862, 49.10798], [4.12642, 49.10696], [4.12483, 49.10566], [4.12267, 49.1046], [4.1203, 49.10292], [4.11882, 49.10223], [4.11826, 49.1025], [4.11833, 49.10328], [4.11926, 49.10314], [4.12022, 49.10379], [4.12031, 49.10416], [4.12003, 49.10448], [4.1203, 49.10493], [4.12019, 49.10528], [4.11954, 49.10569], [4.1189, 49.10575], [4.11744, 49.10536], [4.11658, 49.10456]], [[4.11282, 49.11262], [4.11275, 49.11215], [4.11331, 49.11177], [4.11414, 49.11181], [4.11466, 49.11219], [4.11462, 49.11262], [4.11402, 49.11296], [4.11331, 49.11292], [4.11282, 49.11262]], [[4.1377, 49.11117], [4.13733, 49.1107], [4.13756, 49.11027], [4.13842, 49.11006], [4.13902, 49.11022], [4.1393, 49.11069], [4.13907, 49.11108], [4.13852, 49.11125], [4.1377, 49.11117]]], [[[4.10652, 49.12275], [4.10646, 49.12279], [4.1065, 49.1228], [4.10652, 49.12275]]], [[[4.107, 49.12362], [4.10101, 49.1219], [4.09831, 49.12202], [4.09003, 49.12561], [4.0873, 49.12613], [4.08527, 49.12592], [4.08456, 49.1274], [4.08404, 49.12783], [4.08422, 49.12842], [4.08487, 49.12855], [4.08601, 49.12761], [4.0871, 49.12766], [4.08868, 49.12848], [4.08934, 49.12994], [4.08915, 49.13035], [4.08843, 49.13064], [4.08766, 49.13149], [4.08642, 49.13189], [4.08459, 49.13168], [4.08371, 49.13099], [4.08221, 49.13076], [4.08195, 49.13033], [4.08239, 49.12934], [4.08178, 49.12906], [4.08025, 49.1294], [4.07966, 49.12989], [4.07904, 49.13009], [4.07847, 49.13008], [4.07792, 49.12979], [4.07507, 49.13067], [4.07203, 49.13131], [4.07389, 49.14224], [4.07668, 49.14421], [4.08099, 49.14547], [4.08152, 49.14651], [4.08078, 49.14759], [4.08159, 49.14943], [4.0815, 49.14974], [4.08079, 49.1503], [4.08185, 49.15115], [4.08267, 49.15141], [4.08277, 49.15219], [4.08369, 49.1532], [4.08417, 49.15343], [4.08434, 49.15383], [4.08581, 49.15392], [4.08666, 49.15449], [4.08677, 49.15513], [4.08713, 49.15523], [4.08819, 49.15506], [4.08861, 49.1553], [4.08874, 49.15563], [4.09046, 49.15603], [4.09177, 49.15615], [4.09119, 49.15525], [4.0916, 49.15427], [4.09558, 49.1522], [4.09505, 49.15212], [4.09471, 49.15183], [4.09464, 49.1504], [4.09402, 49.14931], [4.09407, 49.14892], [4.09439, 49.14866], [4.09398, 49.14776], [4.09451, 49.14732], [4.094, 49.14682], [4.09341, 49.14689], [4.09291, 49.14673], [4.09265, 49.14638], [4.09274, 49.14602], [4.09347, 49.14567], [4.09402, 49.14573], [4.09442, 49.14604], [4.09569, 49.14569], [4.10377, 49.13989], [4.10563, 49.1376], [4.10547, 49.13598], [4.10263, 49.13412], [4.10231, 49.13341], [4.1027, 49.13285], [4.10457, 49.13163], [4.10535, 49.12841], [4.10562, 49.12825], [4.10615, 49.12826], [4.10802, 49.12552], [4.1082, 49.12372], [4.107, 49.12362]]], [[[4.08391, 49.12688], [4.08422, 49.1261], [4.08423, 49.12607], [4.08355, 49.12611], [4.08367, 49.12674], [4.08391, 49.12688]]], [[[4.09746, 49.15084], [4.09777, 49.15133], [4.09744, 49.15182], [4.09221, 49.15464], [4.09206, 49.1554], [4.09287, 49.15615], [4.09658, 49.156], [4.10216, 49.15617], [4.10295, 49.15647], [4.10329, 49.15745], [4.10368, 49.15766], [4.10675, 49.15761], [4.10694, 49.15711], [4.10758, 49.15676], [4.10814, 49.15672], [4.10859, 49.1562], [4.10928, 49.15447], [4.10863, 49.1539], [4.10907, 49.15312], [4.1082, 49.15285], [4.10816, 49.15223], [4.10904, 49.15192], [4.10978, 49.15032], [4.11109, 49.14963], [4.11266, 49.1495], [4.11342, 49.14983], [4.11336, 49.15042], [4.11443, 49.15093], [4.11474, 49.15141], [4.11463, 49.1518], [4.11497, 49.15213], [4.11732, 49.15235], [4.1179, 49.15276], [4.11756, 49.15337], [4.11702, 49.15347], [4.11641, 49.15332], [4.11573, 49.15369], [4.11577, 49.15416], [4.11521, 49.15454], [4.11516, 49.15516], [4.11478, 49.1555], [4.11421, 49.15563], [4.11429, 49.15647], [4.11505, 49.15716], [4.11513, 49.15755], [4.11554, 49.15763], [4.116, 49.15742], [4.11687, 49.15742], [4.12048, 49.15841], [4.12472, 49.1587], [4.1298, 49.15963], [4.13032, 49.1599], [4.13085, 49.1607], [4.13463, 49.16093], [4.13486, 49.16091], [4.13503, 49.16084], [4.1352, 49.16064], [4.13477, 49.16091], [4.1343, 49.16077], [4.13463, 49.16011], [4.13434, 49.15945], [4.13122, 49.16015], [4.13082, 49.16005], [4.13078, 49.15977], [4.1316, 49.15945], [4.13447, 49.15891], [4.13513, 49.15852], [4.13903, 49.15757], [4.13933, 49.15682], [4.14071, 49.15632], [4.14211, 49.15617], [4.14288, 49.15658], [4.14474, 49.1566], [4.14617, 49.15636], [4.14757, 49.15576], [4.14956, 49.15575], [4.15146, 49.1552], [4.15182, 49.15529], [4.15194, 49.15553], [4.15271, 49.15573], [4.1531, 49.15563], [4.15355, 49.1554], [4.15365, 49.15418], [4.15525, 49.15288], [4.15601, 49.15181], [4.15714, 49.15098], [4.15803, 49.15084], [4.15981, 49.15144], [4.16042, 49.151], [4.16012, 49.15065], [4.15807, 49.15081], [4.1572, 49.14983], [4.15737, 49.14921], [4.15806, 49.14891], [4.15782, 49.1479], [4.15804, 49.14745], [4.15728, 49.14635], [4.15711, 49.14415], [4.15572, 49.14345], [4.15569, 49.14372], [4.15352, 49.14574], [4.14989, 49.14854], [4.14895, 49.14959], [4.14821, 49.1518], [4.1486, 49.1526], [4.14826, 49.15284], [4.14787, 49.15274], [4.14742, 49.15217], [4.14773, 49.15017], [4.14923, 49.14822], [4.1509, 49.14708], [4.14233, 49.14669], [4.14071, 49.1468], [4.13986, 49.14702], [4.1373, 49.14831], [4.13619, 49.14854], [4.13266, 49.14798], [4.12426, 49.14835], [4.12146, 49.14873], [4.11801, 49.14854], [4.11466, 49.14806], [4.11261, 49.14795], [4.10871, 49.1484], [4.10512, 49.14853], [4.10351, 49.14768], [4.10205, 49.14748], [4.1014, 49.14673], [4.10133, 49.14627], [4.10062, 49.14577], [4.10059, 49.14538], [4.09807, 49.1448], [4.09632, 49.14604], [4.0966, 49.14638], [4.09658, 49.14704], [4.09718, 49.14753], [4.09636, 49.14874], [4.09644, 49.14966], [4.09762, 49.14964], [4.09819, 49.15007], [4.09806, 49.15055], [4.09746, 49.15084]], [[4.12585, 49.15375], [4.12521, 49.15382], [4.12459, 49.15352], [4.12454, 49.1531], [4.12499, 49.15269], [4.12569, 49.15266], [4.1262, 49.15293], [4.12627, 49.15331], [4.12585, 49.15375]], [[4.15578, 49.14599], [4.15654, 49.14626], [4.15663, 49.14677], [4.15561, 49.14741], [4.15482, 49.14745], [4.15433, 49.1471], [4.15436, 49.14668], [4.15578, 49.14599]]], [[[4.10692, 49.15815], [4.10338, 49.15816], [4.10256, 49.1577], [4.10229, 49.15681], [4.10204, 49.15671], [4.09657, 49.15654], [4.09342, 49.15669], [4.09374, 49.15767], [4.09475, 49.1575], [4.0961, 49.1577], [4.09671, 49.15809], [4.09668, 49.15863], [4.09626, 49.15888], [4.09528, 49.15905], [4.09373, 49.15911], [4.09263, 49.16133], [4.09043, 49.16363], [4.08836, 49.16496], [4.08447, 49.1664], [4.08487, 49.16694], [4.08551, 49.16725], [4.08583, 49.16802], [4.09601, 49.17953], [4.09738, 49.18068], [4.1054, 49.18599], [4.11217, 49.18555], [4.11237, 49.18514], [4.11294, 49.18496], [4.11366, 49.18505], [4.11401, 49.18546], [4.12005, 49.18517], [4.12029, 49.18422], [4.12236, 49.18021], [4.12234, 49.17985], [4.11797, 49.17592], [4.11673, 49.1762], [4.11626, 49.17657], [4.11423, 49.177], [4.11366, 49.17697], [4.11325, 49.17671], [4.11317, 49.17631], [4.11386, 49.17524], [4.11369, 49.17465], [4.1142, 49.17427], [4.11548, 49.17405], [4.11603, 49.17412], [4.11665, 49.17486], [4.11679, 49.17561], [4.11753, 49.17544], [4.11578, 49.17299], [4.1148, 49.17051], [4.11259, 49.16628], [4.11163, 49.16801], [4.11296, 49.17164], [4.11261, 49.17192], [4.11216, 49.17175], [4.1108, 49.16804], [4.11203, 49.16545], [4.11166, 49.16465], [4.11151, 49.16238], [4.11111, 49.16113], [4.11051, 49.16024], [4.10887, 49.15947], [4.10861, 49.15902], [4.10729, 49.15924], [4.10693, 49.15914], [4.10692, 49.15815]]], [[[4.1113, 49.16007], [4.1118, 49.16076], [4.11232, 49.16228], [4.11256, 49.16482], [4.11454, 49.1684], [4.11902, 49.16786], [4.1219, 49.16847], [4.12722, 49.16827], [4.13339, 49.16882], [4.13763, 49.169], [4.14116, 49.16777], [4.1423, 49.16632], [4.14297, 49.16604], [4.14316, 49.1634], [4.1428, 49.16176], [4.14163, 49.16186], [4.14146, 49.16156], [4.14206, 49.16133], [4.14199, 49.16112], [4.14102, 49.1612], [4.14048, 49.16075], [4.1398, 49.16066], [4.13937, 49.16019], [4.13828, 49.15976], [4.13701, 49.15986], [4.13612, 49.15955], [4.13598, 49.16084], [4.13517, 49.16142], [4.13097, 49.16126], [4.13023, 49.16106], [4.12964, 49.16021], [4.12925, 49.16006], [4.12358, 49.15908], [4.12029, 49.15894], [4.11746, 49.1582], [4.11708, 49.15863], [4.1175, 49.15906], [4.11738, 49.15949], [4.11799, 49.15974], [4.11815, 49.16019], [4.11778, 49.1606], [4.11707, 49.16071], [4.11658, 49.161], [4.11573, 49.16096], [4.11495, 49.16018], [4.11407, 49.16004], [4.11379, 49.15953], [4.11308, 49.15956], [4.11259, 49.15929], [4.11156, 49.15957], [4.1113, 49.16007]], [[4.11532, 49.16225], [4.11592, 49.16199], [4.11679, 49.16207], [4.11716, 49.16263], [4.117, 49.16304], [4.11645, 49.16325], [4.11558, 49.16317], [4.11525, 49.16281], [4.11532, 49.16225]], [[4.12069, 49.16659], [4.12036, 49.16694], [4.11967, 49.16707], [4.11912, 49.16686], [4.11893, 49.16642], [4.11926, 49.16606], [4.11996, 49.16592], [4.12051, 49.16614], [4.12069, 49.16659]], [[4.1358, 49.16231], [4.13649, 49.1623], [4.137, 49.16264], [4.13705, 49.16322], [4.13657, 49.16356], [4.1358, 49.16356], [4.13535, 49.16326], [4.1353, 49.16269], [4.1358, 49.16231]]], [[[4.08697, 49.15577], [4.08618, 49.15556], [4.08589, 49.15583], [4.08535, 49.15595], [4.0843, 49.15553], [4.08288, 49.1557], [4.08274, 49.1562], [4.0832, 49.15642], [4.08399, 49.15645], [4.08489, 49.1574], [4.08497, 49.15776], [4.08313, 49.15894], [4.0823, 49.15991], [4.08223, 49.16055], [4.08123, 49.16086], [4.08128, 49.16172], [4.08176, 49.16222], [4.08175, 49.16263], [4.0841, 49.16591], [4.08788, 49.16452], [4.0898, 49.16328], [4.09188, 49.1611], [4.09298, 49.15884], [4.09286, 49.15736], [4.09249, 49.1567], [4.09062, 49.15661], [4.08831, 49.1561], [4.08756, 49.15616], [4.08697, 49.15577]]], [[[4.07789, 49.16366], [4.07793, 49.16451], [4.07719, 49.16596], [4.07718, 49.16761], [4.07681, 49.16856], [4.08324, 49.16623], [4.08305, 49.16584], [4.08244, 49.16595], [4.08193, 49.16579], [4.08162, 49.16542], [4.08171, 49.16505], [4.08098, 49.16483], [4.08068, 49.16453], [4.08077, 49.16402], [4.08158, 49.1637], [4.08109, 49.16299], [4.07789, 49.16366]]], [[[4.08358, 49.15715], [4.08345, 49.15693], [4.08262, 49.15682], [4.08265, 49.15731], [4.08358, 49.15715]]], [[[4.08283, 49.15322], [4.08234, 49.15274], [4.08177, 49.15343], [4.08247, 49.15339], [4.08283, 49.15322]]], [[[4.12553, 49.177], [4.12786, 49.1763], [4.12907, 49.17493], [4.12843, 49.17501], [4.12794, 49.1748], [4.12776, 49.17442], [4.12797, 49.17408], [4.12851, 49.17389], [4.129, 49.17394], [4.1294, 49.17422], [4.12945, 49.1746], [4.13157, 49.1725], [4.1365, 49.16956], [4.12718, 49.16881], [4.12124, 49.16897], [4.11898, 49.1684], [4.11482, 49.16891], [4.11656, 49.17281], [4.11814, 49.17507], [4.12281, 49.17935], [4.12356, 49.17909], [4.12546, 49.17766], [4.12533, 49.17734], [4.12553, 49.177]], [[4.12351, 49.17706], [4.12324, 49.17667], [4.12345, 49.17627], [4.12411, 49.17606], [4.12477, 49.17621], [4.12506, 49.17662], [4.1248, 49.17705], [4.12409, 49.17723], [4.12351, 49.17706]]], [[[4.12617, 49.17795], [4.12429, 49.17937], [4.12456, 49.18023], [4.12426, 49.18064], [4.12568, 49.18227], [4.12796, 49.18353], [4.12899, 49.18438], [4.13149, 49.18403], [4.13146, 49.18358], [4.13204, 49.18324], [4.13276, 49.18331], [4.13316, 49.18376], [4.13833, 49.18278], [4.14329, 49.18158], [4.15017, 49.17946], [4.15629, 49.17706], [4.15354, 49.17495], [4.15324, 49.17442], [4.14909, 49.1703], [4.14638, 49.16639], [4.13716, 49.16989], [4.13178, 49.17316], [4.1293, 49.17567], [4.12964, 49.17632], [4.12943, 49.17671], [4.12881, 49.1769], [4.12824, 49.17679], [4.12708, 49.17727], [4.12679, 49.1778], [4.12617, 49.17795]], [[4.1284, 49.17952], [4.12857, 49.17997], [4.12821, 49.18032], [4.12756, 49.18045], [4.12692, 49.18023], [4.12673, 49.17978], [4.12705, 49.17942], [4.12776, 49.17928], [4.1284, 49.17952]], [[4.12942, 49.17923], [4.13008, 49.17908], [4.13065, 49.17927], [4.13088, 49.17966], [4.13161, 49.18005], [4.13141, 49.18064], [4.13074, 49.18082], [4.13014, 49.18065], [4.12988, 49.18023], [4.12917, 49.17983], [4.12942, 49.17923]], [[4.13203, 49.18116], [4.13253, 49.1814], [4.13271, 49.18192], [4.13232, 49.18226], [4.13155, 49.18237], [4.13104, 49.18213], [4.13085, 49.18161], [4.13124, 49.18126], [4.13203, 49.18116]]], [[[4.12298, 49.1807], [4.12088, 49.18512], [4.12764, 49.18454], [4.12474, 49.18236], [4.1235, 49.18086], [4.12298, 49.1807]]], [[[4.11993, 49.18576], [4.10672, 49.18646], [4.10925, 49.18826], [4.10933, 49.18858], [4.11154, 49.19007], [4.11306, 49.19168], [4.1138, 49.19212], [4.11416, 49.19137], [4.11611, 49.19081], [4.11596, 49.19044], [4.11621, 49.1901], [4.11732, 49.18966], [4.11818, 49.18991], [4.11914, 49.18902], [4.11942, 49.1882], [4.1188, 49.18806], [4.1184, 49.18766], [4.11839, 49.18729], [4.11875, 49.18699], [4.11849, 49.18648], [4.11881, 49.18612], [4.1199, 49.18589], [4.11993, 49.18576]]], [[[4.12077, 49.18571], [4.12002, 49.18908], [4.11862, 49.19043], [4.11887, 49.1908], [4.11866, 49.19121], [4.11908, 49.19161], [4.11965, 49.19344], [4.12003, 49.19393], [4.11997, 49.19433], [4.11933, 49.19501], [4.12176, 49.1958], [4.13357, 49.19145], [4.13141, 49.18947], [4.12809, 49.18509], [4.12077, 49.18571]]], [[[4.11543, 49.19424], [4.11445, 49.19499], [4.11644, 49.19772], [4.1178, 49.19724], [4.11732, 49.19574], [4.11574, 49.19453], [4.11581, 49.1942], [4.11543, 49.19424]]], [[[4.11849, 49.19699], [4.11964, 49.19657], [4.12087, 49.19612], [4.11844, 49.19533], [4.11816, 49.1956], [4.11849, 49.19699]]], [[[4.11835, 49.19809], [4.11732, 49.19848], [4.11738, 49.19871], [4.12133, 49.20239], [4.12233, 49.20191], [4.12076, 49.2007], [4.1192, 49.19903], [4.1189, 49.19844], [4.11835, 49.19809]]], [[[4.1231, 49.20154], [4.12325, 49.20146], [4.12247, 49.20075], [4.12259, 49.2003], [4.12575, 49.19896], [4.12459, 49.19768], [4.12458, 49.19724], [4.1229, 49.19673], [4.12252, 49.19698], [4.12089, 49.19717], [4.11915, 49.1978], [4.12145, 49.20037], [4.1231, 49.20154]]], [[[4.09711, 49.20911], [4.09785, 49.20953], [4.09922, 49.20925], [4.0999, 49.20944], [4.10256, 49.20849], [4.10384, 49.20845], [4.10456, 49.20874], [4.10513, 49.2084], [4.10537, 49.20793], [4.10661, 49.20743], [4.10714, 49.20756], [4.1076, 49.20798], [4.10753, 49.2084], [4.107, 49.20873], [4.10728, 49.20896], [4.11205, 49.20644], [4.11648, 49.20471], [4.12067, 49.20271], [4.11722, 49.19964], [4.11647, 49.19843], [4.1107, 49.20003], [4.09611, 49.20319], [4.09311, 49.2041], [4.09621, 49.208], [4.097, 49.20792], [4.09761, 49.20833], [4.09762, 49.2088], [4.09711, 49.20911]], [[4.10069, 49.2045], [4.1013, 49.20434], [4.10195, 49.20451], [4.10222, 49.20491], [4.10197, 49.20536], [4.10123, 49.20554], [4.10063, 49.2054], [4.10034, 49.20493], [4.10069, 49.2045]]], [[[4.11647, 49.20916], [4.11748, 49.20933], [4.11761, 49.20996], [4.1189, 49.20966], [4.11973, 49.20865], [4.11934, 49.2084], [4.11937, 49.2081], [4.12087, 49.20696], [4.12122, 49.20625], [4.12199, 49.206], [4.1211, 49.20317], [4.11694, 49.20515], [4.11252, 49.20688], [4.10784, 49.20936], [4.10857, 49.21022], [4.11014, 49.20971], [4.11165, 49.20956], [4.11338, 49.20994], [4.11428, 49.20973], [4.11475, 49.20979], [4.11551, 49.20942], [4.11584, 49.2097], [4.11553, 49.21049], [4.11633, 49.21022], [4.11589, 49.20967], [4.11647, 49.20916]], [[4.1205, 49.20528], [4.12111, 49.20581], [4.12097, 49.20617], [4.11968, 49.20659], [4.11862, 49.20653], [4.11855, 49.2061], [4.1197, 49.20543], [4.1205, 49.20528]], [[4.11392, 49.20845], [4.11427, 49.20809], [4.11498, 49.20796], [4.11552, 49.20819], [4.11572, 49.20867], [4.11537, 49.20902], [4.11468, 49.20915], [4.11414, 49.20893], [4.11392, 49.20845]]], [[[4.12082, 49.21095], [4.11848, 49.21199], [4.11593, 49.21379], [4.11654, 49.21382], [4.1175, 49.2143], [4.1177, 49.21465], [4.1175, 49.21503], [4.11827, 49.21545], [4.11907, 49.21545], [4.12022, 49.21612], [4.12028, 49.21663], [4.1195, 49.21726], [4.12074, 49.21795], [4.12133, 49.21768], [4.12196, 49.21772], [4.12293, 49.21844], [4.12297, 49.21881], [4.12241, 49.21942], [4.12024, 49.22056], [4.12042, 49.22065], [4.13046, 49.21765], [4.13295, 49.21669], [4.14381, 49.20974], [4.14419, 49.20922], [4.14395, 49.20837], [4.14406, 49.20514], [4.1428, 49.20452], [4.14262, 49.20401], [4.14058, 49.20464], [4.13873, 49.20493], [4.12464, 49.20964], [4.12163, 49.21081], [4.12082, 49.21095]], [[4.12826, 49.2166], [4.12706, 49.21617], [4.12673, 49.21575], [4.12761, 49.2148], [4.12822, 49.21454], [4.12884, 49.21465], [4.13112, 49.21584], [4.13147, 49.21625], [4.13126, 49.21689], [4.12986, 49.21756], [4.12892, 49.21733], [4.12826, 49.2166]]], [[[4.10206, 49.21366], [4.10269, 49.21366], [4.10269, 49.2134], [4.10242, 49.2135], [4.10206, 49.21366]]], [[[4.1032, 49.21311], [4.10328, 49.2132], [4.10328, 49.21297], [4.1032, 49.21311]]], [[[4.10331, 49.21289], [4.10335, 49.21286], [4.10331, 49.21285], [4.10331, 49.21289]]], [[[4.10471, 49.21257], [4.10514, 49.21264], [4.10544, 49.21294], [4.1058, 49.21213], [4.10471, 49.21257]]], [[[4.10672, 49.21149], [4.1069, 49.21149], [4.10694, 49.21146], [4.1069, 49.21141], [4.10672, 49.21149]]], [[[4.11435, 49.21333], [4.11372, 49.21378], [4.11426, 49.21399], [4.1149, 49.21349], [4.11435, 49.21333]]], [[[4.11818, 49.21128], [4.11842, 49.21115], [4.11813, 49.21125], [4.11818, 49.21128]]], [[[4.10877, 49.21722], [4.1083, 49.21751], [4.1087, 49.21774], [4.10909, 49.21744], [4.10877, 49.21722]]], [[[4.11019, 49.21657], [4.11049, 49.21636], [4.11096, 49.21612], [4.11054, 49.21607], [4.11005, 49.21641], [4.11019, 49.21657]]], [[[4.10453, 49.22568], [4.10477, 49.22561], [4.106, 49.22522], [4.10502, 49.22542], [4.10431, 49.22534], [4.10453, 49.22568]]], [[[4.11365, 49.22271], [4.11408, 49.22271], [4.11454, 49.22257], [4.11365, 49.22271]]], [[[4.1134, 49.21576], [4.11012, 49.21831], [4.11068, 49.21874], [4.11249, 49.21847], [4.11297, 49.21866], [4.11339, 49.21917], [4.1126, 49.21783], [4.1131, 49.21736], [4.11282, 49.21688], [4.11297, 49.21653], [4.11404, 49.21611], [4.1134, 49.21576]]], [[[4.1068, 49.21826], [4.10654, 49.21838], [4.10741, 49.21874], [4.10747, 49.21869], [4.1068, 49.21826]]], [[[4.10545, 49.21888], [4.10489, 49.21912], [4.10529, 49.2193], [4.10545, 49.21888]]], [[[4.10509, 49.22227], [4.10506, 49.22226], [4.10501, 49.22229], [4.10509, 49.22227]]], [[[4.10334, 49.22359], [4.10322, 49.22368], [4.10337, 49.22378], [4.10336, 49.22375], [4.10334, 49.22359]]], [[[4.11123, 49.22352], [4.11122, 49.22345], [4.11117, 49.22343], [4.11123, 49.22352]]], [[[4.11562, 49.21889], [4.11564, 49.21879], [4.11552, 49.21883], [4.11562, 49.21889]]], [[[4.11607, 49.21685], [4.11618, 49.21699], [4.11626, 49.21693], [4.11607, 49.21685]]], [[[4.15993, 49.01549], [4.15988, 49.01488], [4.15903, 49.01349], [4.1581, 49.01238], [4.15695, 49.01249], [4.15762, 49.01296], [4.15765, 49.01486], [4.15973, 49.01678], [4.16138, 49.01663], [4.16053, 49.01573], [4.15993, 49.01549]]], [[[4.1613, 49.01553], [4.16211, 49.01637], [4.16277, 49.01642], [4.16437, 49.01624], [4.16451, 49.01595], [4.16501, 49.01582], [4.16541, 49.01589], [4.16555, 49.01617], [4.17408, 49.01526], [4.17771, 49.01447], [4.17875, 49.0137], [4.17964, 49.01343], [4.17931, 49.01288], [4.17972, 49.01243], [4.17788, 49.01166], [4.17688, 49.01071], [4.17457, 49.0108], [4.15902, 49.0123], [4.16058, 49.0146], [4.16141, 49.01493], [4.1613, 49.01553]]], [[[4.12751, 49.02058], [4.12715, 49.02286], [4.12831, 49.0232], [4.12963, 49.0233], [4.1295, 49.02305], [4.12752, 49.02275], [4.12729, 49.02232], [4.12897, 49.02137], [4.13019, 49.02129], [4.13381, 49.02191], [4.13415, 49.02249], [4.13492, 49.02303], [4.13535, 49.023], [4.13334, 49.02065], [4.13013, 49.02006], [4.12826, 49.02012], [4.12803, 49.02043], [4.12751, 49.02058]]], [[[4.13057, 49.01934], [4.131, 49.0193], [4.13099, 49.01877], [4.13029, 49.01875], [4.13057, 49.01934]]], [[[4.13244, 49.0191], [4.13267, 49.01916], [4.13267, 49.01914], [4.13244, 49.0191]]], [[[4.13216, 49.01978], [4.13184, 49.01981], [4.13215, 49.01984], [4.13216, 49.01978]]], [[[4.13397, 49.02027], [4.13614, 49.02279], [4.14032, 49.02279], [4.14208, 49.02326], [4.14346, 49.024], [4.14416, 49.02472], [4.14629, 49.02605], [4.14751, 49.02562], [4.14875, 49.02587], [4.14928, 49.02575], [4.15052, 49.02602], [4.15146, 49.02646], [4.15359, 49.02658], [4.15394, 49.02694], [4.15513, 49.02697], [4.1558, 49.02671], [4.15555, 49.02571], [4.15612, 49.02444], [4.15677, 49.02431], [4.15887, 49.02168], [4.15957, 49.02034], [4.15908, 49.01741], [4.13454, 49.01957], [4.13398, 49.01992], [4.13397, 49.02027]], [[4.1508, 49.02003], [4.15137, 49.01999], [4.15176, 49.02028], [4.15162, 49.02089], [4.15122, 49.02111], [4.15067, 49.02108], [4.15039, 49.02088], [4.1508, 49.02003]], [[4.15399, 49.02518], [4.15423, 49.02441], [4.15502, 49.02439], [4.1552, 49.02469], [4.15491, 49.02518], [4.15447, 49.02531], [4.15399, 49.02518]]], [[[4.13476, 49.01897], [4.15671, 49.01705], [4.15891, 49.01685], [4.15687, 49.01507], [4.15682, 49.01313], [4.1559, 49.0126], [4.13699, 49.01442], [4.13704, 49.01831], [4.13648, 49.01867], [4.13489, 49.01872], [4.13476, 49.01897]]], [[[4.13612, 49.0154], [4.13616, 49.0145], [4.13527, 49.01458], [4.13513, 49.01634], [4.13547, 49.01564], [4.13612, 49.0154]]], [[[4.12523, 49.01331], [4.12602, 49.01394], [4.12638, 49.01382], [4.1263, 49.01316], [4.12559, 49.01313], [4.12523, 49.01331]]], [[[4.13173, 49.01817], [4.13164, 49.01842], [4.1319, 49.01847], [4.13201, 49.01813], [4.13173, 49.01817]]], [[[4.13164, 49.01492], [4.13162, 49.01522], [4.13164, 49.01527], [4.13165, 49.01536], [4.13166, 49.01537], [4.13164, 49.01492]]], [[[4.12968, 49.01853], [4.12963, 49.01834], [4.12938, 49.01834], [4.12907, 49.01865], [4.12968, 49.01853]]], [[[4.161, 49.01724], [4.1599, 49.01734], [4.16039, 49.02044], [4.15962, 49.0219], [4.15736, 49.02473], [4.15679, 49.02485], [4.15637, 49.02577], [4.15668, 49.02646], [4.15659, 49.02687], [4.15572, 49.02738], [4.15595, 49.02781], [4.15578, 49.02807], [4.15527, 49.02818], [4.15216, 49.02778], [4.15152, 49.02748], [4.15163, 49.02701], [4.15094, 49.02691], [4.14945, 49.02631], [4.14869, 49.02642], [4.14763, 49.02617], [4.14742, 49.02638], [4.14803, 49.02668], [4.14818, 49.027], [4.14804, 49.02753], [4.14753, 49.02781], [4.149, 49.02847], [4.15071, 49.02865], [4.15174, 49.02921], [4.15377, 49.02939], [4.15439, 49.0293], [4.15672, 49.02817], [4.15895, 49.02783], [4.16, 49.02743], [4.16053, 49.02767], [4.16104, 49.02921], [4.16175, 49.02972], [4.1628, 49.02967], [4.16315, 49.02931], [4.16361, 49.02926], [4.16607, 49.02976], [4.16761, 49.02962], [4.16845, 49.02909], [4.16884, 49.02805], [4.16818, 49.02778], [4.16811, 49.02718], [4.16945, 49.026], [4.16916, 49.02533], [4.17043, 49.0245], [4.16751, 49.0229], [4.16563, 49.02053], [4.16493, 49.02058], [4.16275, 49.01985], [4.16211, 49.01877], [4.16162, 49.01867], [4.16126, 49.01837], [4.161, 49.01724]], [[4.1599, 49.0268], [4.1583, 49.02686], [4.15755, 49.02667], [4.15701, 49.02639], [4.1569, 49.02591], [4.15725, 49.02574], [4.16033, 49.02552], [4.16063, 49.02588], [4.16053, 49.02657], [4.1599, 49.0268]]], [[[4.16617, 49.02003], [4.16842, 49.02272], [4.17145, 49.02437], [4.17213, 49.02433], [4.17281, 49.02465], [4.17338, 49.02448], [4.17451, 49.02474], [4.1754, 49.02411], [4.17533, 49.02373], [4.1746, 49.02339], [4.17469, 49.02268], [4.17596, 49.02207], [4.1772, 49.02063], [4.17763, 49.02054], [4.17803, 49.02069], [4.17767, 49.01997], [4.17775, 49.01951], [4.1783, 49.01912], [4.17823, 49.01868], [4.17565, 49.01802], [4.17489, 49.01697], [4.17407, 49.0174], [4.17325, 49.01723], [4.17297, 49.0169], [4.17303, 49.01653], [4.17368, 49.01618], [4.17424, 49.01614], [4.17425, 49.01595], [4.17243, 49.0162], [4.17259, 49.01656], [4.17238, 49.01711], [4.1712, 49.01756], [4.17086, 49.0175], [4.17069, 49.01724], [4.17112, 49.01689], [4.17007, 49.01706], [4.16958, 49.01649], [4.16576, 49.01683], [4.16633, 49.01725], [4.16675, 49.01806], [4.16717, 49.01827], [4.16888, 49.01777], [4.16936, 49.01801], [4.16917, 49.01827], [4.16814, 49.0186], [4.16882, 49.01879], [4.16923, 49.01914], [4.16926, 49.0197], [4.16617, 49.02003]]], [[[4.15215, 49.06576], [4.14385, 49.07252], [4.14128, 49.07437], [4.14122, 49.07465], [4.1417, 49.07514], [4.14226, 49.07497], [4.14275, 49.07456], [4.14367, 49.07458], [4.14492, 49.07406], [4.14656, 49.07376], [4.1492, 49.07288], [4.14958, 49.07306], [4.1501, 49.07379], [4.15178, 49.07318], [4.15265, 49.07339], [4.15285, 49.074], [4.15233, 49.07435], [4.15182, 49.07512], [4.15226, 49.07564], [4.15208, 49.07611], [4.15256, 49.07617], [4.15409, 49.07525], [4.15346, 49.07475], [4.15377, 49.07422], [4.15565, 49.07375], [4.15633, 49.07404], [4.15737, 49.0738], [4.15796, 49.07443], [4.15681, 49.07501], [4.15717, 49.07545], [4.15676, 49.07578], [4.15623, 49.07817], [4.16025, 49.0773], [4.16117, 49.07685], [4.16184, 49.07694], [4.1642, 49.07667], [4.16314, 49.07588], [4.16317, 49.0755], [4.16361, 49.0752], [4.16145, 49.07233], [4.16166, 49.07199], [4.16219, 49.07209], [4.16439, 49.07502], [4.16492, 49.07521], [4.16552, 49.0759], [4.16608, 49.0759], [4.16658, 49.07617], [4.16675, 49.0758], [4.16735, 49.07555], [4.16907, 49.0759], [4.17007, 49.07508], [4.17087, 49.07478], [4.17116, 49.07424], [4.17191, 49.07409], [4.17328, 49.07315], [4.17423, 49.06526], [4.17655, 49.06057], [4.17704, 49.05405], [4.17895, 49.04912], [4.17823, 49.04913], [4.17689, 49.04855], [4.17607, 49.04775], [4.17612, 49.04727], [4.17578, 49.04697], [4.17491, 49.04766], [4.17585, 49.04803], [4.17592, 49.04844], [4.17658, 49.04911], [4.17642, 49.04957], [4.17583, 49.04982], [4.1752, 49.04975], [4.17389, 49.04847], [4.15334, 49.06481], [4.15376, 49.06522], [4.15356, 49.06567], [4.15286, 49.06595], [4.15215, 49.06576]], [[4.15071, 49.07107], [4.15153, 49.07088], [4.15218, 49.07107], [4.15283, 49.07189], [4.15256, 49.07242], [4.15175, 49.07255], [4.15103, 49.07239], [4.15047, 49.07203], [4.15021, 49.07152], [4.15071, 49.07107]]], [[[4.13917, 49.07108], [4.13848, 49.07091], [4.13853, 49.07137], [4.139, 49.07121], [4.13917, 49.07108]]], [[[4.14028, 49.07062], [4.1401, 49.07067], [4.1401, 49.07067], [4.14028, 49.07062]]], [[[4.14954, 49.07431], [4.149, 49.0735], [4.14726, 49.07413], [4.14766, 49.07433], [4.1479, 49.07476], [4.14751, 49.07566], [4.14655, 49.07584], [4.14593, 49.07552], [4.14451, 49.07603], [4.14565, 49.07586], [4.14615, 49.07604], [4.14641, 49.07639], [4.14775, 49.07608], [4.14868, 49.07633], [4.14982, 49.0753], [4.14946, 49.07468], [4.14954, 49.07431]]], [[[4.14133, 49.07586], [4.13817, 49.07692], [4.13578, 49.07875], [4.13861, 49.07929], [4.13915, 49.07994], [4.14082, 49.07951], [4.14078, 49.07931], [4.14015, 49.07909], [4.13976, 49.07855], [4.13993, 49.07799], [4.14155, 49.07766], [4.14213, 49.07784], [4.1424, 49.07822], [4.14291, 49.07812], [4.14198, 49.0773], [4.14192, 49.07644], [4.14133, 49.07586]]], [[[4.13859, 49.08074], [4.13813, 49.07976], [4.13521, 49.0792], [4.13067, 49.08281], [4.13363, 49.08277], [4.13938, 49.08164], [4.13859, 49.08074]]], [[[4.14224, 49.08175], [4.13378, 49.0833], [4.12999, 49.08334], [4.12212, 49.08958], [4.13005, 49.08834], [4.13196, 49.08719], [4.13488, 49.08605], [4.13705, 49.0849], [4.13855, 49.08446], [4.14169, 49.0829], [4.14292, 49.08265], [4.14224, 49.08175]]], [[[4.14271, 49.08342], [4.14277, 49.08324], [4.14207, 49.08338], [4.13898, 49.08492], [4.13749, 49.08536], [4.13554, 49.08639], [4.13557, 49.08906], [4.1365, 49.09053], [4.13702, 49.09209], [4.13767, 49.09137], [4.14008, 49.09036], [4.14113, 49.08863], [4.14192, 49.0867], [4.14218, 49.08471], [4.14173, 49.08446], [4.14164, 49.084], [4.14206, 49.08358], [4.14271, 49.08342]]], [[[4.1549, 49.08008], [4.15737, 49.08088], [4.16331, 49.082], [4.16188, 49.07963], [4.1598, 49.07798], [4.15527, 49.07886], [4.15538, 49.07949], [4.1549, 49.08008]]], [[[4.15563, 49.0748], [4.15567, 49.0748], [4.15565, 49.07476], [4.15563, 49.0748]]], [[[4.14447, 49.08019], [4.14339, 49.08041], [4.14396, 49.08058], [4.14447, 49.08019]]], [[[4.16123, 49.07827], [4.16262, 49.0794], [4.16348, 49.08053], [4.16433, 49.08231], [4.1665, 49.08058], [4.16667, 49.07944], [4.16741, 49.07895], [4.16744, 49.07861], [4.16684, 49.07817], [4.16691, 49.07774], [4.16504, 49.07753], [4.16451, 49.07724], [4.16336, 49.07722], [4.16235, 49.0774], [4.16219, 49.07785], [4.16123, 49.07827]]], [[[4.16702, 49.08472], [4.1677, 49.08397], [4.16766, 49.08394], [4.16656, 49.08449], [4.16702, 49.08472]]], [[[4.15344, 49.14103], [4.15419, 49.14043], [4.15398, 49.14003], [4.14786, 49.13104], [4.14494, 49.12818], [4.14192, 49.12763], [4.1393, 49.12898], [4.14057, 49.13035], [4.14296, 49.13237], [4.14309, 49.13284], [4.13978, 49.13487], [4.13858, 49.13668], [4.14465, 49.14341], [4.14561, 49.14431], [4.14878, 49.14607], [4.14981, 49.1465], [4.15156, 49.14657], [4.15531, 49.1433], [4.15487, 49.14257], [4.1543, 49.14243], [4.15373, 49.14191], [4.15344, 49.14103]]], [[[4.16217, 49.15064], [4.16076, 49.15164], [4.16004, 49.15196], [4.15945, 49.15193], [4.15779, 49.15137], [4.15714, 49.15177], [4.15593, 49.15318], [4.15437, 49.15445], [4.15425, 49.15571], [4.15346, 49.15612], [4.15247, 49.15628], [4.15213, 49.15682], [4.1528, 49.15779], [4.15257, 49.15839], [4.1528, 49.15935], [4.15217, 49.1594], [4.15192, 49.15884], [4.15088, 49.15882], [4.15051, 49.15905], [4.15019, 49.15957], [4.15025, 49.16129], [4.14957, 49.16208], [4.14964, 49.16261], [4.15168, 49.16487], [4.15623, 49.16452], [4.15424, 49.16288], [4.15342, 49.16171], [4.15367, 49.16139], [4.15414, 49.16148], [4.15496, 49.16262], [4.15678, 49.16397], [4.15702, 49.16436], [4.15944, 49.16339], [4.16323, 49.1622], [4.16502, 49.16106], [4.16859, 49.15711], [4.16727, 49.15484], [4.16727, 49.15269], [4.16667, 49.15012], [4.16483, 49.14915], [4.16427, 49.14949], [4.1646, 49.14992], [4.16424, 49.15041], [4.16371, 49.15054], [4.16314, 49.1504], [4.16267, 49.15064], [4.16217, 49.15064]]], [[[4.16665, 49.14937], [4.16698, 49.14956], [4.16812, 49.14891], [4.16665, 49.14859], [4.16683, 49.14904], [4.16665, 49.14937]]], [[[4.16874, 49.14927], [4.16749, 49.15], [4.16808, 49.15264], [4.16808, 49.15475], [4.16909, 49.1566], [4.17565, 49.15164], [4.17113, 49.15018], [4.1703, 49.15007], [4.16979, 49.14967], [4.16874, 49.14927]]], [[[4.17184, 49.14982], [4.17618, 49.1512], [4.17897, 49.14891], [4.1804, 49.14735], [4.18141, 49.14668], [4.18268, 49.14621], [4.1744, 49.14647], [4.16979, 49.14539], [4.16932, 49.14613], [4.17104, 49.14658], [4.1739, 49.1487], [4.17386, 49.14912], [4.17321, 49.14954], [4.17265, 49.14954], [4.1719, 49.1492], [4.17184, 49.14982]]], [[[4.14381, 49.16217], [4.14401, 49.16422], [4.14377, 49.16622], [4.14296, 49.16666], [4.14233, 49.16733], [4.14583, 49.16598], [4.14436, 49.1628], [4.14381, 49.16217]]], [[[4.14522, 49.16288], [4.14655, 49.16571], [4.14868, 49.16522], [4.15081, 49.16498], [4.14898, 49.16297], [4.14828, 49.16302], [4.14778, 49.16274], [4.14751, 49.16218], [4.14795, 49.1617], [4.14785, 49.16138], [4.14659, 49.16155], [4.14574, 49.16213], [4.14572, 49.1626], [4.14522, 49.16288]]], [[[4.1515, 49.15742], [4.15109, 49.15656], [4.15107, 49.15625], [4.15082, 49.15638], [4.15121, 49.15722], [4.15088, 49.1577], [4.1515, 49.15742]]], [[[4.14763, 49.15635], [4.14853, 49.15642], [4.14904, 49.1563], [4.14763, 49.15635]]], [[[4.15564, 49.17343], [4.15791, 49.17128], [4.15829, 49.16907], [4.1565, 49.16503], [4.15316, 49.16521], [4.14888, 49.16574], [4.14713, 49.16613], [4.14951, 49.16971], [4.15374, 49.17394], [4.15564, 49.17343]]], [[[4.15486, 49.17503], [4.15698, 49.17677], [4.17475, 49.16829], [4.17299, 49.16678], [4.17189, 49.16481], [4.17011, 49.16317], [4.16877, 49.15796], [4.16571, 49.16135], [4.16482, 49.16205], [4.16366, 49.16266], [4.15982, 49.16387], [4.15729, 49.16488], [4.15912, 49.169], [4.15872, 49.17139], [4.15715, 49.17303], [4.15788, 49.17375], [4.15779, 49.17422], [4.15694, 49.17456], [4.1562, 49.17436], [4.15587, 49.17469], [4.15486, 49.17503]]], [[[4.1625, 49.17489], [4.15747, 49.17725], [4.15848, 49.17825], [4.1631, 49.17556], [4.16259, 49.17527], [4.1625, 49.17489]]], [[[4.16436, 49.17488], [4.16836, 49.17296], [4.17658, 49.16975], [4.17531, 49.16874], [4.16359, 49.17437], [4.16407, 49.17452], [4.16436, 49.17488]]], [[[4.16642, 49.17534], [4.1672, 49.17462], [4.16854, 49.17384], [4.17748, 49.17027], [4.17195, 49.17225], [4.16789, 49.17395], [4.16596, 49.17487], [4.16642, 49.17534]]], [[[4.16465, 49.17554], [4.15902, 49.17879], [4.16206, 49.18222], [4.16401, 49.18185], [4.16518, 49.18259], [4.16576, 49.18228], [4.16598, 49.18188], [4.16517, 49.17771], [4.16599, 49.17588], [4.16517, 49.17594], [4.16465, 49.17554]]], [[[4.15725, 49.17801], [4.15678, 49.17754], [4.14984, 49.18023], [4.14172, 49.18261], [4.13611, 49.18384], [4.12894, 49.18498], [4.13214, 49.18921], [4.13428, 49.19117], [4.13988, 49.1888], [4.14644, 49.18544], [4.15661, 49.17938], [4.15562, 49.17953], [4.15498, 49.17885], [4.15507, 49.17855], [4.15613, 49.17808], [4.15671, 49.17825], [4.15725, 49.17801]]], [[[4.16802, 49.18219], [4.16898, 49.18286], [4.16888, 49.18332], [4.16824, 49.18365], [4.16911, 49.1846], [4.18331, 49.17848], [4.18216, 49.17759], [4.18136, 49.17786], [4.18092, 49.1778], [4.17934, 49.17647], [4.17925, 49.17618], [4.16778, 49.18198], [4.16716, 49.18189], [4.16728, 49.18156], [4.18187, 49.17417], [4.18202, 49.17393], [4.18132, 49.17337], [4.18052, 49.17386], [4.17998, 49.17396], [4.17873, 49.17332], [4.17869, 49.17264], [4.17981, 49.17175], [4.17809, 49.17065], [4.16901, 49.17428], [4.16781, 49.17498], [4.16692, 49.17585], [4.16609, 49.17732], [4.16605, 49.17879], [4.16688, 49.18176], [4.16733, 49.1823], [4.16802, 49.18219]]], [[[4.16225, 49.18338], [4.15951, 49.18062], [4.1584, 49.17916], [4.145, 49.18706], [4.13647, 49.19104], [4.13637, 49.19148], [4.13528, 49.19189], [4.13477, 49.19173], [4.13569, 49.19298], [4.13619, 49.19348], [4.1369, 49.19368], [4.13821, 49.19366], [4.13877, 49.19414], [4.13963, 49.19373], [4.14041, 49.1939], [4.1413, 49.19376], [4.14213, 49.19401], [4.1425, 49.19387], [4.14317, 49.19333], [4.14393, 49.19314], [4.1459, 49.19204], [4.14553, 49.19102], [4.14592, 49.19073], [4.14664, 49.19061], [4.14658, 49.19047], [4.14525, 49.19081], [4.14462, 49.19073], [4.14333, 49.1898], [4.14351, 49.1892], [4.14578, 49.18834], [4.14617, 49.18793], [4.14714, 49.18782], [4.14833, 49.1888], [4.14846, 49.18948], [4.14897, 49.18959], [4.14938, 49.18996], [4.14927, 49.19054], [4.15061, 49.1897], [4.15011, 49.1892], [4.15022, 49.18874], [4.15104, 49.18836], [4.15161, 49.18834], [4.15128, 49.18804], [4.14997, 49.18852], [4.1492, 49.18842], [4.14887, 49.18803], [4.14899, 49.18723], [4.14857, 49.18736], [4.14813, 49.18723], [4.14713, 49.18619], [4.14726, 49.18582], [4.14858, 49.1852], [4.14897, 49.18518], [4.15015, 49.18624], [4.15012, 49.1867], [4.15073, 49.18686], [4.15132, 49.18742], [4.15246, 49.18698], [4.15315, 49.18706], [4.15367, 49.18774], [4.15342, 49.18807], [4.15258, 49.18844], [4.15293, 49.18861], [4.154, 49.18797], [4.15466, 49.18787], [4.15637, 49.18692], [4.15929, 49.18567], [4.16175, 49.18431], [4.16164, 49.18381], [4.16225, 49.18338]]], [[[4.16412, 49.18387], [4.16028, 49.1859], [4.15815, 49.18749], [4.15699, 49.18886], [4.15638, 49.19006], [4.15805, 49.18939], [4.15878, 49.18859], [4.15978, 49.18861], [4.16841, 49.18488], [4.16638, 49.18276], [4.16475, 49.18377], [4.16412, 49.18387]]], [[[4.13441, 49.19242], [4.13406, 49.192], [4.12285, 49.19613], [4.12515, 49.19682], [4.12576, 49.19614], [4.12689, 49.19568], [4.12799, 49.19556], [4.12754, 49.19505], [4.12791, 49.19459], [4.12899, 49.19451], [4.12941, 49.1941], [4.13092, 49.19379], [4.13441, 49.19242]]], [[[4.12417, 49.20169], [4.12177, 49.20285], [4.12288, 49.20564], [4.12455, 49.20447], [4.12643, 49.20442], [4.12771, 49.20412], [4.12971, 49.20526], [4.13123, 49.20548], [4.13308, 49.20536], [4.133, 49.20453], [4.13268, 49.20427], [4.13282, 49.20355], [4.13223, 49.20288], [4.13241, 49.20263], [4.13343, 49.20225], [4.13411, 49.20157], [4.13328, 49.20158], [4.13191, 49.20126], [4.13041, 49.20228], [4.12984, 49.20224], [4.12878, 49.2027], [4.12773, 49.20254], [4.12605, 49.20095], [4.12478, 49.20162], [4.12417, 49.20169]]], [[[4.13583, 49.20054], [4.13587, 49.20059], [4.13588, 49.20051], [4.13583, 49.20054]]], [[[4.13703, 49.20027], [4.13699, 49.20057], [4.13737, 49.20067], [4.13884, 49.20072], [4.13887, 49.20053], [4.13758, 49.20062], [4.13703, 49.20027]]], [[[4.13925, 49.20025], [4.13927, 49.20027], [4.13925, 49.20025], [4.13925, 49.20025]]], [[[4.14039, 49.20049], [4.14061, 49.20052], [4.14062, 49.20043], [4.1406, 49.20041], [4.14039, 49.20049]]], [[[4.1427, 49.20078], [4.1392, 49.20136], [4.1377, 49.20126], [4.13723, 49.20219], [4.13665, 49.20246], [4.1363, 49.20396], [4.13794, 49.20382], [4.13966, 49.20328], [4.1403, 49.20258], [4.14114, 49.2023], [4.14178, 49.20231], [4.1422, 49.20256], [4.14228, 49.20184], [4.1431, 49.20143], [4.1427, 49.20078]]], [[[4.1434, 49.20048], [4.14467, 49.20256], [4.14526, 49.20277], [4.15149, 49.20121], [4.15225, 49.20046], [4.15319, 49.19654], [4.15273, 49.19639], [4.15035, 49.19686], [4.15043, 49.19739], [4.14984, 49.19772], [4.14929, 49.19771], [4.14867, 49.19744], [4.14701, 49.19885], [4.14595, 49.19901], [4.14491, 49.19967], [4.14407, 49.19963], [4.14356, 49.19983], [4.1434, 49.20048]]], [[[4.14512, 49.19874], [4.14566, 49.1985], [4.14647, 49.19843], [4.14731, 49.19774], [4.14696, 49.19737], [4.14711, 49.19697], [4.14762, 49.19674], [4.14818, 49.19676], [4.14866, 49.19633], [4.14725, 49.19421], [4.14031, 49.19639], [4.14144, 49.19887], [4.14227, 49.19874], [4.14227, 49.19818], [4.143, 49.19788], [4.14392, 49.19828], [4.14465, 49.19834], [4.14512, 49.19874]]], [[[4.14766, 49.19328], [4.14769, 49.1933], [4.14766, 49.19328], [4.14766, 49.19328]]], [[[4.1505, 49.19322], [4.148, 49.19399], [4.14944, 49.19615], [4.15006, 49.19635], [4.15256, 49.19586], [4.15339, 49.19601], [4.15391, 49.1934], [4.15151, 49.194], [4.15095, 49.1938], [4.1505, 49.19322]]], [[[4.15581, 49.18922], [4.15591, 49.18902], [4.15521, 49.1888], [4.15504, 49.18893], [4.15533, 49.18917], [4.15581, 49.18922]]], [[[4.13849, 49.19708], [4.13801, 49.19742], [4.13762, 49.19787], [4.1381, 49.19744], [4.13858, 49.19731], [4.13849, 49.19708]]], [[[4.1379, 49.19476], [4.13843, 49.19536], [4.13883, 49.19528], [4.13868, 49.19445], [4.1379, 49.19476]]], [[[4.15828, 49.19008], [4.15599, 49.19109], [4.15473, 49.19604], [4.15534, 49.19634], [4.15627, 49.19609], [4.15744, 49.19629], [4.15817, 49.19662], [4.16233, 49.19586], [4.16302, 49.19625], [4.16389, 49.19594], [4.16696, 49.19675], [4.16886, 49.19644], [4.16966, 49.19556], [4.17083, 49.19477], [4.1713, 49.19464], [4.1718, 49.19475], [4.17214, 49.19426], [4.17177, 49.19396], [4.17174, 49.1926], [4.17221, 49.19248], [4.17278, 49.19268], [4.1736, 49.19224], [4.17416, 49.19152], [4.17505, 49.19123], [4.169, 49.18547], [4.16004, 49.18933], [4.15936, 49.19012], [4.15876, 49.19022], [4.15828, 49.19008]], [[4.16602, 49.18941], [4.16541, 49.18944], [4.16482, 49.19009], [4.16347, 49.19052], [4.16278, 49.1904], [4.1624, 49.18996], [4.16267, 49.18944], [4.16477, 49.18898], [4.1649, 49.18857], [4.16551, 49.1883], [4.16614, 49.18838], [4.16653, 49.18872], [4.16649, 49.1891], [4.16602, 49.18941]], [[4.15976, 49.19555], [4.15859, 49.19453], [4.15727, 49.19451], [4.15673, 49.19416], [4.15665, 49.19391], [4.15708, 49.19339], [4.15783, 49.19324], [4.15877, 49.19372], [4.15889, 49.19396], [4.16022, 49.19331], [4.16073, 49.1934], [4.16198, 49.19466], [4.16025, 49.19558], [4.15976, 49.19555]], [[4.16874, 49.18906], [4.16904, 49.18868], [4.16986, 49.1885], [4.17057, 49.18888], [4.17071, 49.18929], [4.17037, 49.18965], [4.1696, 49.18981], [4.16906, 49.18958], [4.16874, 49.18906]]], [[[4.13572, 49.20114], [4.13533, 49.20124], [4.1351, 49.20148], [4.13567, 49.2015], [4.13572, 49.20114]]], [[[4.13445, 49.20224], [4.13332, 49.20304], [4.13364, 49.20345], [4.1335, 49.20399], [4.13382, 49.20438], [4.13389, 49.20515], [4.13472, 49.20448], [4.1354, 49.20318], [4.13549, 49.20268], [4.13484, 49.20259], [4.13445, 49.20224]]], [[[4.14812, 49.20287], [4.14755, 49.20301], [4.14818, 49.20298], [4.14812, 49.20287]]], [[[4.15021, 49.20356], [4.14577, 49.20362], [4.14652, 49.20414], [4.14664, 49.20482], [4.14627, 49.20522], [4.1449, 49.20553], [4.14491, 49.20878], [4.14541, 49.20872], [4.14959, 49.20594], [4.15074, 49.20489], [4.15183, 49.20336], [4.15021, 49.20356]]], [[[4.15203, 49.20281], [4.15222, 49.20249], [4.15244, 49.20177], [4.1516, 49.20197], [4.15203, 49.20281]]], [[[4.15292, 49.21152], [4.15587, 49.21227], [4.1585, 49.21213], [4.18789, 49.20629], [4.18695, 49.20615], [4.18653, 49.2059], [4.18636, 49.20506], [4.18667, 49.20469], [4.18498, 49.20398], [4.18481, 49.20355], [4.18509, 49.20317], [4.18428, 49.2031], [4.18331, 49.20262], [4.18257, 49.2027], [4.18204, 49.20247], [4.18106, 49.2008], [4.18171, 49.19985], [4.18148, 49.19948], [4.17709, 49.19969], [4.17434, 49.20108], [4.17321, 49.20138], [4.16738, 49.20181], [4.15782, 49.2033], [4.15272, 49.20332], [4.15073, 49.20593], [4.14866, 49.20749], [4.14926, 49.20795], [4.15036, 49.20799], [4.15373, 49.20904], [4.15431, 49.21018], [4.15378, 49.21068], [4.15282, 49.21061], [4.15292, 49.21152]], [[4.17822, 49.20382], [4.17769, 49.2035], [4.1776, 49.20291], [4.17806, 49.20262], [4.17905, 49.20252], [4.17958, 49.20295], [4.17947, 49.20345], [4.17902, 49.20374], [4.17822, 49.20382]]], [[[4.14648, 49.20893], [4.14599, 49.20933], [4.14605, 49.20956], [4.14642, 49.20969], [4.14648, 49.20893]]], [[[4.14558, 49.21013], [4.14554, 49.21005], [4.1455, 49.21004], [4.14558, 49.21013]]], [[[4.15889, 49.21429], [4.15991, 49.21509], [4.16093, 49.21553], [4.17731, 49.22126], [4.18215, 49.22356], [4.19027, 49.22851], [4.19435, 49.23255], [4.19541, 49.23236], [4.19723, 49.23247], [4.1973, 49.23272], [4.19702, 49.2329], [4.1948, 49.23301], [4.19901, 49.23724], [4.20365, 49.2407], [4.2042, 49.24011], [4.20488, 49.24022], [4.20497, 49.24053], [4.2044, 49.24125], [4.20865, 49.24436], [4.21081, 49.24538], [4.21238, 49.24426], [4.21343, 49.24377], [4.21398, 49.24371], [4.21472, 49.24401], [4.21475, 49.24454], [4.21637, 49.24542], [4.21818, 49.24508], [4.21895, 49.24549], [4.21916, 49.24593], [4.22194, 49.24607], [4.22213, 49.24634], [4.22186, 49.24655], [4.2201, 49.24651], [4.21968, 49.24754], [4.22047, 49.24782], [4.22057, 49.24822], [4.22034, 49.24858], [4.22126, 49.24917], [4.22145, 49.24977], [4.22236, 49.24977], [4.22344, 49.25041], [4.22891, 49.24866], [4.22964, 49.24817], [4.22909, 49.24783], [4.22931, 49.2475], [4.2297, 49.24751], [4.23079, 49.24806], [4.24087, 49.24482], [4.24014, 49.24439], [4.24049, 49.24396], [4.24087, 49.24395], [4.24192, 49.24448], [4.24973, 49.24197], [4.24909, 49.2418], [4.24878, 49.24149], [4.24884, 49.24113], [4.24935, 49.24074], [4.24993, 49.24071], [4.25057, 49.24099], [4.25071, 49.24136], [4.25047, 49.24173], [4.25989, 49.23871], [4.25873, 49.23827], [4.25887, 49.23787], [4.25959, 49.23797], [4.25994, 49.2376], [4.26056, 49.23748], [4.26147, 49.23773], [4.26182, 49.2381], [4.26357, 49.23777], [4.26422, 49.2369], [4.26089, 49.22435], [4.26026, 49.22398], [4.26071, 49.22368], [4.25959, 49.2194], [4.25811, 49.22005], [4.25758, 49.21984], [4.25772, 49.21958], [4.25944, 49.21882], [4.25498, 49.20216], [4.24072, 49.20313], [4.24091, 49.20409], [4.24055, 49.20434], [4.23983, 49.20402], [4.23965, 49.2032], [4.22304, 49.2043], [4.22369, 49.20465], [4.22371, 49.2055], [4.2235, 49.20584], [4.22293, 49.20603], [4.22227, 49.20595], [4.22188, 49.20562], [4.22191, 49.20471], [4.22236, 49.20435], [4.21723, 49.20469], [4.21707, 49.20538], [4.21596, 49.20559], [4.21523, 49.2054], [4.21505, 49.20483], [4.20406, 49.20553], [4.2044, 49.20583], [4.20441, 49.20619], [4.20352, 49.20663], [4.20297, 49.20654], [4.20263, 49.20624], [4.2026, 49.20588], [4.20288, 49.20561], [4.19966, 49.20581], [4.19973, 49.20638], [4.19901, 49.20671], [4.19784, 49.20658], [4.19751, 49.20595], [4.19503, 49.20611], [4.19505, 49.2069], [4.194, 49.20727], [4.19241, 49.20676], [4.19197, 49.20629], [4.19045, 49.2064], [4.18903, 49.20663], [4.19135, 49.21], [4.19109, 49.21034], [4.1906, 49.21022], [4.18823, 49.20678], [4.15819, 49.21273], [4.15822, 49.21306], [4.15904, 49.21299], [4.15972, 49.21344], [4.15962, 49.21391], [4.15889, 49.21429]], [[4.18796, 49.22142], [4.1874, 49.2212], [4.18717, 49.22072], [4.18748, 49.22036], [4.18824, 49.2202], [4.18881, 49.22041], [4.18904, 49.2209], [4.18872, 49.22126], [4.18796, 49.22142]], [[4.19196, 49.22469], [4.19252, 49.22415], [4.1933, 49.22412], [4.19385, 49.22454], [4.1937, 49.22526], [4.19321, 49.22552], [4.19252, 49.22549], [4.19213, 49.22523], [4.19196, 49.22469]], [[4.22322, 49.21682], [4.22492, 49.21663], [4.22539, 49.21689], [4.22553, 49.21725], [4.22532, 49.21764], [4.22462, 49.21797], [4.22315, 49.21784], [4.22277, 49.21751], [4.22286, 49.21704], [4.22322, 49.21682]], [[4.22127, 49.22402], [4.22192, 49.22411], [4.22281, 49.22369], [4.22362, 49.22374], [4.2244, 49.2243], [4.22402, 49.22515], [4.22357, 49.22539], [4.2226, 49.22551], [4.22094, 49.22512], [4.22056, 49.2245], [4.22127, 49.22402]], [[4.24302, 49.22817], [4.24235, 49.22836], [4.24169, 49.22815], [4.24148, 49.22764], [4.24182, 49.22725], [4.24252, 49.22713], [4.24309, 49.22738], [4.24328, 49.22774], [4.24302, 49.22817]], [[4.23425, 49.2433], [4.23441, 49.2437], [4.23406, 49.24414], [4.23344, 49.24425], [4.23276, 49.24401], [4.23261, 49.2436], [4.23297, 49.24317], [4.23359, 49.24307], [4.23425, 49.2433]], [[4.22786, 49.24575], [4.2285, 49.24582], [4.2291, 49.24627], [4.22899, 49.24669], [4.22833, 49.24704], [4.2277, 49.24697], [4.22711, 49.24652], [4.22721, 49.2461], [4.22786, 49.24575]]], [[[4.15042, 49.24466], [4.15174, 49.24566], [4.15198, 49.24627], [4.15258, 49.24664], [4.15221, 49.24796], [4.15629, 49.24895], [4.15754, 49.25041], [4.15785, 49.25014], [4.15849, 49.24845], [4.15718, 49.24803], [4.15703, 49.24775], [4.15749, 49.24755], [4.15867, 49.24791], [4.15898, 49.24735], [4.15753, 49.24662], [4.15744, 49.24633], [4.15797, 49.24618], [4.15929, 49.24683], [4.16035, 49.24525], [4.16032, 49.24489], [4.15824, 49.24423], [4.15828, 49.24397], [4.15863, 49.24386], [4.16019, 49.24427], [4.15918, 49.24329], [4.15809, 49.24296], [4.15628, 49.24298], [4.15307, 49.24264], [4.15305, 49.24282], [4.15382, 49.24296], [4.15385, 49.24326], [4.15352, 49.24339], [4.15251, 49.24331], [4.15223, 49.24316], [4.15193, 49.24242], [4.15006, 49.24195], [4.14611, 49.24206], [4.14647, 49.24261], [4.14596, 49.24282], [4.1452, 49.24211], [4.14425, 49.24215], [4.14389, 49.24201], [4.14353, 49.24067], [4.13856, 49.24151], [4.13966, 49.24305], [4.14271, 49.24432], [4.14435, 49.24541], [4.14972, 49.2472], [4.15041, 49.24675], [4.15067, 49.2463], [4.15114, 49.24614], [4.15102, 49.24592], [4.15066, 49.24565], [4.14873, 49.24589], [4.14784, 49.24552], [4.14771, 49.24501], [4.148, 49.2447], [4.14882, 49.24438], [4.14972, 49.24466], [4.15042, 49.24466]], [[4.15627, 49.24621], [4.15539, 49.24659], [4.15459, 49.24639], [4.15364, 49.24509], [4.15396, 49.24445], [4.15457, 49.24433], [4.15564, 49.24457], [4.1563, 49.24537], [4.15627, 49.24621]]], [[[4.1514, 49.24844], [4.1439, 49.24587], [4.14142, 49.24441], [4.13961, 49.24557], [4.14091, 49.24682], [4.1415, 49.24652], [4.14178, 49.2469], [4.14242, 49.24704], [4.14221, 49.2474], [4.14125, 49.24743], [4.14153, 49.24818], [4.14296, 49.24809], [4.14382, 49.24834], [4.14731, 49.25111], [4.15195, 49.25029], [4.15419, 49.24893], [4.15251, 49.24852], [4.1514, 49.24844]]], [[[4.15875, 49.24997], [4.15925, 49.25044], [4.15986, 49.25022], [4.15917, 49.25016], [4.15875, 49.24997]]], [[[4.15981, 49.25603], [4.16031, 49.25705], [4.16176, 49.25673], [4.1664, 49.2566], [4.16462, 49.25566], [4.16395, 49.25579], [4.16318, 49.2555], [4.16042, 49.25547], [4.16025, 49.25583], [4.15981, 49.25603]]], [[[4.16568, 49.25554], [4.16617, 49.2558], [4.16668, 49.25535], [4.16731, 49.25526], [4.16797, 49.25552], [4.16822, 49.25585], [4.16764, 49.25655], [4.16797, 49.25674], [4.16795, 49.257], [4.16758, 49.25713], [4.16719, 49.257], [4.1666, 49.26022], [4.16617, 49.26023], [4.16597, 49.26001], [4.16634, 49.25714], [4.16464, 49.25716], [4.16498, 49.25881], [4.16487, 49.25923], [4.16456, 49.25938], [4.1641, 49.25918], [4.1638, 49.25718], [4.1619, 49.25726], [4.16037, 49.25761], [4.1607, 49.25931], [4.16039, 49.26245], [4.16335, 49.26752], [4.16303, 49.27123], [4.16397, 49.27137], [4.16491, 49.27079], [4.16592, 49.26959], [4.167, 49.26722], [4.16826, 49.26602], [4.17052, 49.26469], [4.17094, 49.2638], [4.17136, 49.26374], [4.17163, 49.26396], [4.17243, 49.26409], [4.17253, 49.2649], [4.17213, 49.2653], [4.17098, 49.26514], [4.16851, 49.26666], [4.16762, 49.26761], [4.16704, 49.26913], [4.16622, 49.27042], [4.16391, 49.27237], [4.16252, 49.27281], [4.16218, 49.27373], [4.17186, 49.27461], [4.17261, 49.27479], [4.17467, 49.2759], [4.19518, 49.27995], [4.19883, 49.27393], [4.19185, 49.2725], [4.19139, 49.27275], [4.19079, 49.27274], [4.19022, 49.2724], [4.19023, 49.27193], [4.19071, 49.27158], [4.19139, 49.27158], [4.19195, 49.27195], [4.19914, 49.27343], [4.20296, 49.26657], [4.19636, 49.26467], [4.19611, 49.26528], [4.1952, 49.26541], [4.1941, 49.26499], [4.19381, 49.26408], [4.1944, 49.26338], [4.19519, 49.26328], [4.19641, 49.26377], [4.19665, 49.26416], [4.20323, 49.26606], [4.20504, 49.26265], [4.20368, 49.26216], [4.20355, 49.26185], [4.2041, 49.26152], [4.2054, 49.26196], [4.20839, 49.25629], [4.20769, 49.25597], [4.20768, 49.25548], [4.20817, 49.25512], [4.20898, 49.25516], [4.2101, 49.25314], [4.20916, 49.25248], [4.20899, 49.25203], [4.20721, 49.25047], [4.2067, 49.25064], [4.20588, 49.2506], [4.2048, 49.25024], [4.20451, 49.24979], [4.20321, 49.24978], [4.19726, 49.24877], [4.19636, 49.24959], [4.19592, 49.24935], [4.1963, 49.2488], [4.18641, 49.24924], [4.18638, 49.25001], [4.18602, 49.25019], [4.18559, 49.25], [4.18559, 49.24928], [4.17966, 49.24954], [4.17945, 49.25031], [4.17911, 49.25047], [4.1779, 49.25006], [4.1776, 49.24963], [4.16155, 49.25036], [4.15916, 49.25109], [4.16025, 49.25113], [4.16073, 49.25178], [4.16139, 49.25194], [4.1626, 49.25154], [4.16449, 49.2517], [4.16521, 49.25192], [4.16553, 49.25236], [4.16546, 49.25346], [4.16632, 49.25381], [4.16659, 49.25481], [4.1664, 49.25528], [4.16568, 49.25554]], [[4.17656, 49.25578], [4.17635, 49.25646], [4.17507, 49.25677], [4.17446, 49.25658], [4.17441, 49.25625], [4.17492, 49.25596], [4.17611, 49.25565], [4.17656, 49.25578]], [[4.19061, 49.26976], [4.19005, 49.26956], [4.18984, 49.26914], [4.19019, 49.26875], [4.19085, 49.26863], [4.1914, 49.26885], [4.19157, 49.2693], [4.19123, 49.26965], [4.19061, 49.26976]], [[4.1833, 49.27061], [4.18386, 49.27082], [4.18408, 49.2713], [4.18374, 49.27166], [4.18302, 49.2718], [4.18247, 49.27157], [4.18227, 49.27111], [4.18258, 49.27076], [4.1833, 49.27061]], [[4.18528, 49.2718], [4.18474, 49.27159], [4.18454, 49.27115], [4.18487, 49.27078], [4.18554, 49.27066], [4.18608, 49.27086], [4.18629, 49.27131], [4.18595, 49.27168], [4.18528, 49.2718]], [[4.1799, 49.27283], [4.18045, 49.27304], [4.18064, 49.27349], [4.1803, 49.27385], [4.17964, 49.27397], [4.17909, 49.27377], [4.17889, 49.27332], [4.17922, 49.27295], [4.1799, 49.27283]]], [[[4.15658, 49.25109], [4.15492, 49.25054], [4.15384, 49.25066], [4.15428, 49.25204], [4.15567, 49.252], [4.15658, 49.25109]]], [[[4.15384, 49.274], [4.15395, 49.27454], [4.15575, 49.27446], [4.15728, 49.27468], [4.15962, 49.27569], [4.16027, 49.2741], [4.15771, 49.27387], [4.15384, 49.274]]], [[[4.15833, 49.27338], [4.16132, 49.27364], [4.16141, 49.27353], [4.15837, 49.27309], [4.15833, 49.27338]]], [[[4.15712, 49.27207], [4.15775, 49.27096], [4.15473, 49.26928], [4.15418, 49.27046], [4.15504, 49.27071], [4.15602, 49.27162], [4.15712, 49.27207]]], [[[4.14851, 49.26631], [4.14862, 49.2665], [4.14858, 49.26639], [4.14851, 49.26631]]], [[[4.16863, 48.97845], [4.16883, 48.97964], [4.17009, 48.98174], [4.17036, 48.98277], [4.17018, 48.98616], [4.17276, 48.98857], [4.17334, 48.98939], [4.17383, 48.99312], [4.17511, 48.99675], [4.17559, 48.99753], [4.17843, 48.99968], [4.18167, 49.00428], [4.18377, 49.00369], [4.18468, 49.00404], [4.18463, 49.0047], [4.1832, 49.00517], [4.18279, 49.00566], [4.18425, 49.00689], [4.18478, 49.00694], [4.18525, 49.00721], [4.18686, 49.00672], [4.18715, 49.00692], [4.18715, 49.00759], [4.18805, 49.00737], [4.1892, 49.00737], [4.18997, 49.00799], [4.19217, 49.00731], [4.19176, 49.00706], [4.19158, 49.00653], [4.19177, 49.00618], [4.19219, 49.006], [4.19187, 49.00497], [4.1918, 49.00313], [4.19204, 49.00098], [4.1925, 49.00061], [4.19173, 49.00044], [4.1916, 48.99991], [4.19108, 48.99962], [4.19131, 48.99864], [4.1901, 48.99853], [4.18908, 48.99817], [4.18796, 48.99666], [4.18717, 48.99646], [4.18655, 48.99593], [4.1862, 48.99507], [4.18737, 48.99463], [4.18709, 48.99449], [4.18668, 48.99469], [4.18586, 48.99466], [4.18543, 48.99439], [4.1857, 48.99394], [4.18547, 48.99302], [4.18614, 48.99251], [4.18485, 48.99201], [4.18355, 48.99192], [4.17965, 48.99239], [4.17924, 48.99224], [4.17714, 48.98887], [4.17732, 48.98855], [4.17718, 48.98773], [4.17619, 48.9871], [4.17612, 48.98665], [4.17633, 48.98641], [4.17726, 48.98623], [4.17503, 48.98367], [4.17507, 48.98323], [4.17465, 48.98307], [4.17423, 48.98253], [4.17428, 48.98204], [4.17343, 48.98159], [4.17355, 48.98046], [4.17312, 48.98035], [4.17271, 48.97962], [4.17217, 48.97938], [4.17234, 48.97864], [4.17129, 48.97768], [4.17167, 48.97691], [4.1724, 48.9766], [4.17182, 48.97627], [4.17177, 48.97577], [4.17212, 48.97551], [4.17201, 48.97496], [4.17141, 48.975], [4.17101, 48.97476], [4.17105, 48.97447], [4.17145, 48.9743], [4.17122, 48.97399], [4.17055, 48.97443], [4.17058, 48.9752], [4.17105, 48.97551], [4.1711, 48.97616], [4.16993, 48.97697], [4.16956, 48.97746], [4.16979, 48.97783], [4.16963, 48.97818], [4.16917, 48.97844], [4.16863, 48.97845]]], [[[4.20044, 49.0054], [4.19594, 49.00676], [4.19543, 49.00709], [4.19402, 49.00735], [4.19393, 49.00843], [4.19317, 49.00901], [4.19342, 49.00925], [4.19703, 49.00784], [4.19787, 49.00732], [4.19854, 49.00724], [4.2021, 49.00585], [4.20044, 49.0054]]], [[[4.19739, 49.00848], [4.19402, 49.00981], [4.19567, 49.0115], [4.1963, 49.01189], [4.19608, 49.01237], [4.1966, 49.01273], [4.19626, 49.01314], [4.19703, 49.01388], [4.19894, 49.01433], [4.19921, 49.01482], [4.20049, 49.01548], [4.20081, 49.01624], [4.19992, 49.01702], [4.19993, 49.01767], [4.20057, 49.01768], [4.20184, 49.01816], [4.20472, 49.02045], [4.20659, 49.01977], [4.20907, 49.01747], [4.20702, 49.01597], [4.20574, 49.01357], [4.20535, 49.01236], [4.20568, 49.011], [4.20548, 49.00946], [4.2046, 49.01001], [4.20316, 49.01029], [4.20241, 49.00995], [4.20236, 49.00916], [4.20209, 49.0091], [4.2015, 49.00943], [4.19998, 49.00943], [4.19948, 49.00924], [4.1993, 49.00892], [4.19793, 49.00896], [4.19739, 49.00848]], [[4.20152, 49.01204], [4.20124, 49.01134], [4.20134, 49.01052], [4.20159, 49.01029], [4.2028, 49.01026], [4.20435, 49.01071], [4.20482, 49.01167], [4.20443, 49.01213], [4.20212, 49.01223], [4.20152, 49.01204]], [[4.20296, 49.015], [4.2009, 49.01485], [4.19853, 49.01395], [4.19827, 49.01362], [4.1984, 49.01332], [4.19902, 49.01307], [4.20132, 49.01302], [4.20399, 49.01304], [4.20448, 49.01319], [4.20471, 49.0137], [4.20433, 49.01483], [4.20296, 49.015]]], [[[4.20632, 49.0057], [4.20662, 49.00543], [4.20698, 49.0052], [4.20658, 49.00533], [4.20632, 49.0057]]], [[[4.20733, 49.00495], [4.20809, 49.00439], [4.2084, 49.00406], [4.20738, 49.00446], [4.20733, 49.00495]]], [[[4.20745, 49.00376], [4.21191, 49.00208], [4.21576, 49.00103], [4.22383, 48.99976], [4.2297, 48.99905], [4.22983, 48.99869], [4.2305, 48.99814], [4.23111, 48.99795], [4.23099, 48.99769], [4.23037, 48.99721], [4.22793, 48.99777], [4.22744, 48.99759], [4.22715, 48.99719], [4.20732, 49.00327], [4.20745, 49.00376]]], [[[4.20559, 49.0038], [4.20479, 49.00404], [4.20486, 49.00467], [4.20602, 49.00413], [4.20559, 49.0038]]], [[[4.17435, 49.00943], [4.17609, 49.00889], [4.17695, 49.00931], [4.17924, 49.00917], [4.17954, 49.00911], [4.17963, 49.0086], [4.17821, 49.00825], [4.17777, 49.00791], [4.17415, 49.00916], [4.17435, 49.00943]]], [[[4.17849, 49.01513], [4.17509, 49.01581], [4.17643, 49.01712], [4.17779, 49.01582], [4.17972, 49.01527], [4.18096, 49.01526], [4.183, 49.01433], [4.18317, 49.01383], [4.17849, 49.01513]]], [[[4.19019, 49.00986], [4.19059, 49.01035], [4.19271, 49.00953], [4.19235, 49.00902], [4.19253, 49.00866], [4.1915, 49.00843], [4.19184, 49.00902], [4.19171, 49.00938], [4.19019, 49.00986]]], [[[4.19396, 49.00672], [4.19401, 49.00675], [4.19398, 49.00668], [4.19396, 49.00672]]], [[[4.19131, 49.0082], [4.19126, 49.00819], [4.19132, 49.00823], [4.19131, 49.0082]]], [[[4.17998, 49.00726], [4.17971, 49.00723], [4.18, 49.00736], [4.17998, 49.00726]]], [[[4.18336, 49.0087], [4.18316, 49.00849], [4.18333, 49.00872], [4.18336, 49.0087]]], [[[4.18301, 49.00829], [4.183, 49.00827], [4.18299, 49.00827], [4.18301, 49.00829]]], [[[4.18288, 49.0109], [4.18246, 49.01105], [4.18256, 49.01125], [4.18288, 49.0109]]], [[[4.18234, 49.01549], [4.18325, 49.01538], [4.1842, 49.01593], [4.18348, 49.01735], [4.18471, 49.01598], [4.18647, 49.01316], [4.18574, 49.01378], [4.18408, 49.01392], [4.18368, 49.01465], [4.1828, 49.01515], [4.18131, 49.01575], [4.18011, 49.01581], [4.17953, 49.01671], [4.17973, 49.01709], [4.18018, 49.01723], [4.18088, 49.0164], [4.18209, 49.01582], [4.18234, 49.01549]]], [[[4.20864, 49.01972], [4.20924, 49.01988], [4.20953, 49.02025], [4.21025, 49.02024], [4.21, 49.01939], [4.21041, 49.01904], [4.21042, 49.01847], [4.21097, 49.01811], [4.21157, 49.01814], [4.2121, 49.01848], [4.21275, 49.01823], [4.21329, 49.01851], [4.21329, 49.01921], [4.21291, 49.01962], [4.21253, 49.02114], [4.21075, 49.02236], [4.20896, 49.02301], [4.20829, 49.02293], [4.20729, 49.02183], [4.20733, 49.02157], [4.2078, 49.02135], [4.20782, 49.02013], [4.20528, 49.02128], [4.20424, 49.02134], [4.20365, 49.02113], [4.20038, 49.01855], [4.19977, 49.01859], [4.19904, 49.01961], [4.19704, 49.02047], [4.19634, 49.02121], [4.19594, 49.02172], [4.19604, 49.02194], [4.1966, 49.02203], [4.19774, 49.0218], [4.19889, 49.02183], [4.19963, 49.02227], [4.20029, 49.02337], [4.20091, 49.02389], [4.20173, 49.02359], [4.20225, 49.02372], [4.2036, 49.02499], [4.20336, 49.02539], [4.20064, 49.0256], [4.20002, 49.02511], [4.19973, 49.02542], [4.19915, 49.02539], [4.1988, 49.02563], [4.19529, 49.026], [4.19484, 49.02568], [4.19486, 49.02528], [4.19624, 49.02484], [4.19685, 49.02414], [4.19504, 49.02393], [4.19441, 49.02402], [4.19393, 49.02428], [4.19339, 49.02502], [4.19283, 49.02508], [4.19229, 49.02538], [4.19092, 49.02555], [4.18939, 49.02489], [4.18901, 49.02498], [4.18891, 49.02604], [4.18849, 49.02681], [4.18766, 49.0276], [4.1886, 49.02771], [4.19006, 49.02861], [4.19037, 49.02922], [4.19012, 49.02993], [4.19061, 49.03007], [4.19103, 49.02997], [4.19163, 49.02899], [4.19272, 49.02843], [4.19507, 49.02849], [4.19689, 49.02959], [4.19777, 49.03076], [4.19777, 49.03123], [4.19707, 49.03194], [4.19582, 49.03233], [4.19367, 49.0334], [4.19159, 49.03364], [4.19119, 49.03387], [4.19097, 49.03448], [4.19164, 49.03546], [4.19163, 49.0359], [4.22667, 49.02142], [4.22672, 49.02122], [4.22568, 49.02032], [4.22671, 49.01937], [4.22724, 49.01931], [4.22816, 49.01965], [4.22914, 49.01963], [4.22992, 49.02007], [4.2328, 49.01888], [4.23199, 49.01883], [4.23055, 49.01778], [4.2297, 49.01811], [4.22918, 49.01804], [4.22897, 49.01762], [4.22941, 49.01729], [4.23225, 49.01645], [4.23409, 49.01791], [4.234, 49.01838], [4.24691, 49.01305], [4.24676, 49.01248], [4.24998, 49.00927], [4.25, 49.00896], [4.2482, 49.00384], [4.24772, 49.00424], [4.24605, 49.00452], [4.24544, 49.00431], [4.24486, 49.00433], [4.24454, 49.00406], [4.2445, 49.0034], [4.24494, 49.00294], [4.24583, 49.00291], [4.2466, 49.00264], [4.24738, 49.00266], [4.24788, 49.00293], [4.24777, 49.00267], [4.24644, 49.00122], [4.24589, 49.00138], [4.24503, 49.00119], [4.24494, 49.00079], [4.24555, 49.00036], [4.24533, 49.00017], [4.24439, 49.00116], [4.24389, 49.00119], [4.24272, 49.00082], [4.24211, 48.99964], [4.24354, 48.99865], [4.24181, 48.99719], [4.23914, 48.99835], [4.23779, 48.99934], [4.23609, 49.00286], [4.238, 49.00289], [4.2383, 49.0039], [4.23709, 49.00488], [4.23596, 49.00526], [4.23334, 49.00508], [4.23277, 49.00478], [4.23236, 49.00417], [4.23147, 49.00439], [4.23051, 49.00388], [4.23016, 49.0034], [4.23061, 49.00203], [4.23152, 49.00174], [4.2327, 49.00181], [4.2337, 49.0014], [4.23379, 49.00051], [4.2334, 49.00006], [4.23278, 48.99992], [4.22984, 49.00015], [4.22869, 49.00043], [4.22927, 49.00114], [4.22971, 49.00235], [4.22787, 49.00392], [4.22697, 49.00434], [4.22532, 49.00452], [4.22411, 49.00402], [4.22363, 49.00465], [4.22306, 49.00472], [4.22139, 49.00383], [4.22063, 49.00309], [4.21949, 49.00385], [4.21931, 49.00416], [4.21973, 49.00459], [4.22305, 49.00506], [4.22422, 49.00582], [4.22438, 49.00623], [4.22408, 49.00681], [4.22239, 49.00751], [4.21992, 49.00786], [4.21904, 49.00774], [4.21863, 49.00748], [4.21703, 49.00516], [4.21626, 49.00457], [4.21621, 49.00391], [4.21671, 49.00275], [4.21635, 49.00239], [4.21542, 49.00236], [4.21285, 49.00295], [4.21004, 49.00414], [4.20695, 49.00673], [4.20702, 49.00738], [4.20666, 49.00813], [4.20718, 49.01124], [4.20802, 49.0118], [4.20831, 49.01278], [4.20915, 49.01372], [4.20978, 49.015], [4.20945, 49.01549], [4.20883, 49.01552], [4.20846, 49.01583], [4.20967, 49.0163], [4.21045, 49.01706], [4.21013, 49.01805], [4.20819, 49.01982], [4.20864, 49.01972]], [[4.22337, 49.00786], [4.22623, 49.00619], [4.22642, 49.00579], [4.22709, 49.00553], [4.22753, 49.00563], [4.22829, 49.0079], [4.22778, 49.00825], [4.22791, 49.00863], [4.22721, 49.00942], [4.22659, 49.00939], [4.22605, 49.009], [4.22555, 49.00926], [4.22606, 49.01019], [4.22572, 49.01048], [4.22405, 49.0102], [4.22366, 49.00933], [4.22383, 49.00908], [4.22337, 49.00786]], [[4.23758, 49.00973], [4.24124, 49.00871], [4.24162, 49.00875], [4.24344, 49.01068], [4.24276, 49.01116], [4.24135, 49.01149], [4.24122, 49.01201], [4.24198, 49.01165], [4.24274, 49.01173], [4.24305, 49.01139], [4.24424, 49.01092], [4.24511, 49.01145], [4.24545, 49.01227], [4.24534, 49.01256], [4.2447, 49.01301], [4.24222, 49.0135], [4.24185, 49.01342], [4.24167, 49.01299], [4.24121, 49.01283], [4.241, 49.01214], [4.24028, 49.01226], [4.23947, 49.01273], [4.2389, 49.01269], [4.23784, 49.01186], [4.23778, 49.01148], [4.2373, 49.01108], [4.23732, 49.01075], [4.23768, 49.01055], [4.23725, 49.01051], [4.23702, 49.01026], [4.23758, 49.00973]], [[4.22068, 49.01251], [4.22162, 49.01406], [4.22147, 49.01443], [4.22083, 49.01478], [4.22111, 49.01505], [4.22163, 49.01486], [4.2222, 49.015], [4.22238, 49.01472], [4.22449, 49.01357], [4.22515, 49.01365], [4.22538, 49.014], [4.22313, 49.0154], [4.22263, 49.01546], [4.22311, 49.01617], [4.22301, 49.01647], [4.22415, 49.01706], [4.2241, 49.01759], [4.22339, 49.01798], [4.2229, 49.01799], [4.22163, 49.01873], [4.22122, 49.01873], [4.22097, 49.01851], [4.22034, 49.01863], [4.22036, 49.01894], [4.22001, 49.01926], [4.21871, 49.01932], [4.21719, 49.0179], [4.21915, 49.01675], [4.21835, 49.01675], [4.21774, 49.01641], [4.21729, 49.01701], [4.21663, 49.01711], [4.21608, 49.0169], [4.21532, 49.01612], [4.21555, 49.01589], [4.21628, 49.01576], [4.21615, 49.01537], [4.21678, 49.01476], [4.21789, 49.01419], [4.21863, 49.01414], [4.21838, 49.01357], [4.21967, 49.01258], [4.22018, 49.01241], [4.22068, 49.01251]], [[4.22731, 49.01805], [4.22686, 49.01836], [4.22598, 49.01814], [4.22512, 49.01693], [4.22528, 49.0165], [4.22577, 49.01642], [4.22617, 49.01657], [4.22731, 49.01805]], [[4.21696, 49.02382], [4.215, 49.02161], [4.21531, 49.02119], [4.21625, 49.02101], [4.21685, 49.02106], [4.21734, 49.02142], [4.21874, 49.02332], [4.21848, 49.0237], [4.21696, 49.02382]], [[4.21419, 49.02315], [4.21504, 49.02337], [4.21536, 49.02391], [4.21592, 49.02393], [4.21652, 49.02439], [4.21651, 49.0247], [4.21582, 49.02508], [4.21523, 49.02501], [4.21477, 49.02448], [4.21482, 49.02418], [4.21395, 49.02369], [4.21391, 49.02337], [4.21419, 49.02315]]], [[[4.19885, 49.02372], [4.19784, 49.02403], [4.1981, 49.02438], [4.19921, 49.02414], [4.19974, 49.02443], [4.19885, 49.02372]]], [[[4.1747, 49.02869], [4.17595, 49.0357], [4.17663, 49.03615], [4.177, 49.03602], [4.17743, 49.03612], [4.1787, 49.03713], [4.17868, 49.03782], [4.1774, 49.03852], [4.17684, 49.03858], [4.17641, 49.03826], [4.17671, 49.03995], [4.17736, 49.03952], [4.17825, 49.03927], [4.17898, 49.03927], [4.17924, 49.03951], [4.17907, 49.03976], [4.17827, 49.03994], [4.17687, 49.04083], [4.1769, 49.04101], [4.17806, 49.04076], [4.17909, 49.04023], [4.18164, 49.03842], [4.1836, 49.03824], [4.1855, 49.03752], [4.18571, 49.03715], [4.18523, 49.03649], [4.18498, 49.03542], [4.18535, 49.03455], [4.1859, 49.03408], [4.18703, 49.0338], [4.18825, 49.03404], [4.1888, 49.03465], [4.18874, 49.0354], [4.18931, 49.03581], [4.18957, 49.03543], [4.1896, 49.03405], [4.19041, 49.03315], [4.19112, 49.03281], [4.19322, 49.03254], [4.19647, 49.03099], [4.19538, 49.02978], [4.19417, 49.02933], [4.19289, 49.02944], [4.19234, 49.03038], [4.1916, 49.03081], [4.19066, 49.031], [4.18969, 49.03085], [4.18835, 49.02971], [4.18831, 49.02875], [4.18667, 49.02843], [4.18614, 49.02762], [4.18619, 49.02699], [4.18659, 49.02648], [4.18722, 49.02631], [4.18831, 49.02414], [4.1895, 49.02397], [4.19168, 49.02452], [4.19304, 49.02356], [4.19461, 49.02307], [4.19662, 49.02325], [4.19848, 49.02292], [4.19807, 49.02272], [4.19643, 49.02292], [4.1953, 49.02273], [4.19471, 49.02227], [4.19458, 49.02149], [4.19605, 49.01982], [4.19791, 49.01904], [4.19911, 49.01784], [4.19915, 49.01683], [4.19994, 49.01615], [4.19924, 49.01571], [4.19913, 49.01537], [4.19843, 49.01513], [4.19837, 49.01482], [4.19791, 49.01477], [4.19752, 49.01448], [4.19663, 49.01436], [4.19095, 49.01121], [4.1902, 49.01215], [4.18749, 49.01277], [4.18581, 49.01566], [4.18935, 49.01625], [4.18975, 49.0165], [4.18961, 49.01683], [4.19013, 49.01713], [4.19104, 49.01674], [4.19175, 49.01722], [4.19099, 49.01811], [4.18758, 49.02066], [4.18714, 49.02086], [4.18668, 49.02081], [4.18761, 49.02221], [4.18762, 49.02308], [4.18717, 49.02332], [4.18668, 49.02327], [4.1836, 49.02182], [4.18322, 49.02137], [4.18261, 49.02134], [4.18139, 49.02069], [4.17488, 49.0279], [4.1747, 49.02869]], [[4.18193, 49.03013], [4.18137, 49.02995], [4.18137, 49.02931], [4.18336, 49.02875], [4.18381, 49.02881], [4.18398, 49.02951], [4.18193, 49.03013]], [[4.17613, 49.03059], [4.17584, 49.02876], [4.17653, 49.02848], [4.17803, 49.02837], [4.17839, 49.02865], [4.17877, 49.03042], [4.17778, 49.03073], [4.17613, 49.03059]], [[4.17686, 49.03265], [4.17641, 49.03243], [4.17622, 49.0315], [4.17636, 49.0312], [4.17676, 49.03106], [4.17739, 49.03132], [4.17754, 49.03207], [4.17739, 49.0325], [4.17686, 49.03265]]], [[[4.20516, 49.03275], [4.20593, 49.03385], [4.2079, 49.03361], [4.20965, 49.03297], [4.2108, 49.03322], [4.21206, 49.03431], [4.21329, 49.0338], [4.21388, 49.03391], [4.21419, 49.03416], [4.23062, 49.02894], [4.23043, 49.02845], [4.23086, 49.02799], [4.23093, 49.02725], [4.23164, 49.02695], [4.23229, 49.02705], [4.23356, 49.02653], [4.23357, 49.02616], [4.23394, 49.02588], [4.23299, 49.02483], [4.23125, 49.02362], [4.23123, 49.02423], [4.22986, 49.02456], [4.22946, 49.02437], [4.22899, 49.02328], [4.22747, 49.02341], [4.22804, 49.0246], [4.2275, 49.02492], [4.22685, 49.02469], [4.22633, 49.02364], [4.22474, 49.02396], [4.22385, 49.02433], [4.22325, 49.0242], [4.22295, 49.02381], [4.20412, 49.03158], [4.2043, 49.03178], [4.20527, 49.03159], [4.20577, 49.03184], [4.20586, 49.03237], [4.20516, 49.03275]], [[4.22233, 49.03081], [4.22186, 49.0311], [4.22117, 49.03111], [4.22069, 49.03074], [4.2207, 49.03032], [4.22116, 49.03003], [4.22185, 49.03002], [4.22234, 49.03039], [4.22233, 49.03081]]], [[[4.20526, 49.03417], [4.20394, 49.03245], [4.20292, 49.03271], [4.20264, 49.03256], [4.2026, 49.03222], [4.18498, 49.03949], [4.18524, 49.0397], [4.18596, 49.03978], [4.18657, 49.04024], [4.18773, 49.04167], [4.18766, 49.04212], [4.20437, 49.03788], [4.20621, 49.03712], [4.20573, 49.03675], [4.2052, 49.03696], [4.20458, 49.03687], [4.20359, 49.036], [4.20441, 49.03451], [4.20526, 49.03417]], [[4.20085, 49.03412], [4.20079, 49.03352], [4.20148, 49.03321], [4.20237, 49.03309], [4.2028, 49.03321], [4.2034, 49.034], [4.20316, 49.0343], [4.20228, 49.0344], [4.20129, 49.03443], [4.20085, 49.03412]]], [[[4.20437, 49.03846], [4.18562, 49.04323], [4.18728, 49.0448], [4.1879, 49.04497], [4.18854, 49.04559], [4.18871, 49.04604], [4.18808, 49.04635], [4.18753, 49.04638], [4.18707, 49.04618], [4.18642, 49.04557], [4.18654, 49.04506], [4.18538, 49.04405], [4.18463, 49.04422], [4.18402, 49.04503], [4.18355, 49.04524], [4.18405, 49.04615], [4.1854, 49.04758], [4.18664, 49.04786], [4.18821, 49.04869], [4.18835, 49.04912], [4.18799, 49.04989], [4.18861, 49.04992], [4.1891, 49.05039], [4.18998, 49.05064], [4.1908, 49.05066], [4.19127, 49.05091], [4.19145, 49.05148], [4.19082, 49.05193], [4.19109, 49.05253], [4.19096, 49.05313], [4.19132, 49.05511], [4.19212, 49.05629], [4.19492, 49.05799], [4.19504, 49.05825], [4.20474, 49.06342], [4.20523, 49.06303], [4.20591, 49.06303], [4.20895, 49.06042], [4.21414, 49.05482], [4.21451, 49.05354], [4.21377, 49.0511], [4.21197, 49.04784], [4.21081, 49.04026], [4.20979, 49.0394], [4.2088, 49.03788], [4.20822, 49.03873], [4.20669, 49.03928], [4.20613, 49.03924], [4.20545, 49.03878], [4.20482, 49.03875], [4.20437, 49.03846]]], [[[4.20943, 49.03753], [4.21018, 49.03844], [4.21154, 49.03818], [4.21216, 49.03828], [4.21231, 49.03783], [4.21298, 49.03753], [4.2145, 49.03765], [4.21509, 49.03812], [4.215, 49.03854], [4.2145, 49.03884], [4.2132, 49.03891], [4.21257, 49.03866], [4.21242, 49.03924], [4.21119, 49.03964], [4.21172, 49.04041], [4.21278, 49.04773], [4.21456, 49.05095], [4.21533, 49.05378], [4.21487, 49.05506], [4.20964, 49.06071], [4.20644, 49.06346], [4.20604, 49.06404], [4.21319, 49.06564], [4.2136, 49.06472], [4.2141, 49.06461], [4.21436, 49.06488], [4.21397, 49.06581], [4.21649, 49.06632], [4.21716, 49.06628], [4.21771, 49.06657], [4.22175, 49.0674], [4.2233, 49.06794], [4.22461, 49.06872], [4.23117, 49.06819], [4.23153, 49.06827], [4.23161, 49.06855], [4.23133, 49.06872], [4.22551, 49.06915], [4.22555, 49.06935], [4.23211, 49.0738], [4.23273, 49.07398], [4.23419, 49.07533], [4.23635, 49.07773], [4.23687, 49.07799], [4.23698, 49.07842], [4.23979, 49.08161], [4.24036, 49.08191], [4.24132, 49.08368], [4.24139, 49.08504], [4.24193, 49.08518], [4.24219, 49.08551], [4.24204, 49.08606], [4.24134, 49.08628], [4.24071, 49.08719], [4.24019, 49.08723], [4.23719, 49.09181], [4.24127, 49.09385], [4.24297, 49.09446], [4.25542, 49.0966], [4.25661, 49.09279], [4.25851, 49.08906], [4.25732, 49.08863], [4.2572, 49.08834], [4.25767, 49.08815], [4.25879, 49.08854], [4.25905, 49.08809], [4.26042, 49.08529], [4.26316, 49.07802], [4.26492, 49.07487], [4.26649, 49.0727], [4.26607, 49.07254], [4.266, 49.07229], [4.26629, 49.07212], [4.26665, 49.07216], [4.27069, 49.06795], [4.27693, 49.06283], [4.27687, 49.06243], [4.27614, 49.06185], [4.27621, 49.06147], [4.27492, 49.0606], [4.27193, 49.05959], [4.27071, 49.05875], [4.26945, 49.05671], [4.26736, 49.05476], [4.26591, 49.05304], [4.26471, 49.05201], [4.26138, 49.05031], [4.25925, 49.04875], [4.25637, 49.04542], [4.25437, 49.04267], [4.25264, 49.04157], [4.25121, 49.04008], [4.2506, 49.03971], [4.24949, 49.04017], [4.2486, 49.03981], [4.24852, 49.03934], [4.2491, 49.03893], [4.24846, 49.03839], [4.24856, 49.03788], [4.24898, 49.03761], [4.2483, 49.03625], [4.24678, 49.03458], [4.24623, 49.03477], [4.24492, 49.03472], [4.24454, 49.03445], [4.24447, 49.03403], [4.24384, 49.0339], [4.24296, 49.03313], [4.24317, 49.03254], [4.24503, 49.03177], [4.24397, 49.03001], [4.24286, 49.02955], [4.24251, 49.02918], [4.24022, 49.02992], [4.23954, 49.03041], [4.24005, 49.03139], [4.23982, 49.03172], [4.23936, 49.0319], [4.23847, 49.03174], [4.23749, 49.0306], [4.23678, 49.03076], [4.23595, 49.03058], [4.2347, 49.03089], [4.23402, 49.03085], [4.23365, 49.03142], [4.23393, 49.03199], [4.23388, 49.0326], [4.23354, 49.0329], [4.2329, 49.03306], [4.23226, 49.03286], [4.23169, 49.03209], [4.23191, 49.03175], [4.23254, 49.03149], [4.232, 49.03076], [4.23229, 49.03044], [4.23299, 49.03023], [4.23302, 49.02952], [4.23113, 49.02937], [4.21423, 49.03475], [4.21333, 49.03518], [4.21286, 49.03633], [4.21306, 49.03681], [4.21278, 49.03713], [4.21184, 49.03735], [4.21062, 49.03693], [4.20943, 49.03753]], [[4.24085, 49.06092], [4.24114, 49.06054], [4.24181, 49.06038], [4.24238, 49.06057], [4.24261, 49.06101], [4.24232, 49.06138], [4.24166, 49.06154], [4.24109, 49.06135], [4.24085, 49.06092]]], [[[4.17628, 49.03754], [4.17629, 49.03759], [4.17632, 49.03756], [4.17628, 49.03754]]], [[[4.17636, 49.038], [4.17637, 49.03807], [4.17639, 49.03802], [4.17636, 49.038]]], [[[4.17443, 49.0472], [4.17454, 49.04711], [4.1744, 49.04714], [4.17443, 49.0472]]], [[[4.18056, 49.04921], [4.18005, 49.04847], [4.17785, 49.05412], [4.17739, 49.06049], [4.17509, 49.06515], [4.17435, 49.07191], [4.17599, 49.07128], [4.17654, 49.07134], [4.17707, 49.0717], [4.17798, 49.07126], [4.17906, 49.0712], [4.18011, 49.07169], [4.18106, 49.0725], [4.18174, 49.07219], [4.18244, 49.07229], [4.18298, 49.07269], [4.18308, 49.07305], [4.18828, 49.07254], [4.18892, 49.07229], [4.1896, 49.07241], [4.19073, 49.07229], [4.19823, 49.06839], [4.19963, 49.06747], [4.19845, 49.06681], [4.19463, 49.06236], [4.19146, 49.0604], [4.18905, 49.0577], [4.18716, 49.05503], [4.18056, 49.04921]]], [[[4.18379, 49.05116], [4.18787, 49.05475], [4.18978, 49.05745], [4.19213, 49.06009], [4.19528, 49.06203], [4.19913, 49.06651], [4.20017, 49.06703], [4.20015, 49.06646], [4.20045, 49.06614], [4.20121, 49.06598], [4.20186, 49.06621], [4.20132, 49.0655], [4.20152, 49.06483], [4.20195, 49.06442], [4.20354, 49.06364], [4.19389, 49.05851], [4.19322, 49.05867], [4.19259, 49.05845], [4.19248, 49.05775], [4.1909, 49.05669], [4.19023, 49.05578], [4.18958, 49.05326], [4.18918, 49.05254], [4.18862, 49.0526], [4.18809, 49.05241], [4.1879, 49.052], [4.18817, 49.05162], [4.18613, 49.04998], [4.18379, 49.05116]]], [[[4.18526, 49.04821], [4.18577, 49.04862], [4.18638, 49.04911], [4.18659, 49.04866], [4.18526, 49.04821]]], [[[4.18244, 49.04213], [4.18265, 49.04292], [4.18347, 49.04261], [4.18303, 49.04217], [4.18244, 49.04213]]], [[[4.18875, 49.05088], [4.1891, 49.05127], [4.1894, 49.05104], [4.18875, 49.05088]]], [[[4.20018, 49.06787], [4.19876, 49.06881], [4.19151, 49.07261], [4.19004, 49.07292], [4.18989, 49.07327], [4.18942, 49.07353], [4.18871, 49.07354], [4.18811, 49.07311], [4.18196, 49.07371], [4.18176, 49.07415], [4.18065, 49.07455], [4.17852, 49.07609], [4.17896, 49.07629], [4.17945, 49.07604], [4.1799, 49.07622], [4.17915, 49.07737], [4.17929, 49.07748], [4.18012, 49.07727], [4.18081, 49.07761], [4.181, 49.07807], [4.18051, 49.07851], [4.1843, 49.08153], [4.19106, 49.08523], [4.19235, 49.08566], [4.19294, 49.0853], [4.19381, 49.08544], [4.19445, 49.08633], [4.19759, 49.08679], [4.21321, 49.0868], [4.22353, 49.08851], [4.22276, 49.08703], [4.21395, 49.07786], [4.21294, 49.07587], [4.21209, 49.07184], [4.21206, 49.06959], [4.20804, 49.06826], [4.20754, 49.06847], [4.20692, 49.06841], [4.20632, 49.06771], [4.20601, 49.06809], [4.20484, 49.0685], [4.20428, 49.0683], [4.20357, 49.06751], [4.20316, 49.06743], [4.20268, 49.06757], [4.20314, 49.06799], [4.20315, 49.06836], [4.20201, 49.06899], [4.20139, 49.06886], [4.20018, 49.06787]]], [[[4.20837, 49.06776], [4.20882, 49.06793], [4.21209, 49.069], [4.21213, 49.06847], [4.21055, 49.0677], [4.20965, 49.06748], [4.20912, 49.06777], [4.20837, 49.06776]]], [[[4.21297, 49.06827], [4.21291, 49.07179], [4.21375, 49.07578], [4.21472, 49.07767], [4.22347, 49.08675], [4.22408, 49.08774], [4.22491, 49.08782], [4.22546, 49.0883], [4.22549, 49.08873], [4.22638, 49.08888], [4.22659, 49.08837], [4.22719, 49.08812], [4.22931, 49.08855], [4.22976, 49.08892], [4.22958, 49.08951], [4.2331, 49.09057], [4.23396, 49.09061], [4.23444, 49.09101], [4.23621, 49.09153], [4.24005, 49.0857], [4.24034, 49.08413], [4.24005, 49.08334], [4.23943, 49.08324], [4.23894, 49.08282], [4.23886, 49.08187], [4.23615, 49.07885], [4.2354, 49.07858], [4.23539, 49.07798], [4.2335, 49.07588], [4.23232, 49.07493], [4.23149, 49.07476], [4.23127, 49.07421], [4.22489, 49.06987], [4.22349, 49.06969], [4.22112, 49.0688], [4.21809, 49.06834], [4.21558, 49.06754], [4.21404, 49.0676], [4.21377, 49.06804], [4.21297, 49.06827]]], [[[4.214, 49.06706], [4.21513, 49.06697], [4.21601, 49.06707], [4.216, 49.06693], [4.21365, 49.06645], [4.21355, 49.06682], [4.214, 49.06706]]], [[[4.21207, 49.06612], [4.2109, 49.06588], [4.2115, 49.06655], [4.21207, 49.06612]]], [[[4.20202, 49.06644], [4.20211, 49.06645], [4.20198, 49.06636], [4.20202, 49.06644]]], [[[4.20716, 49.06512], [4.20721, 49.06515], [4.20717, 49.06512], [4.20716, 49.06512]]], [[[4.16705, 49.08099], [4.16515, 49.0825], [4.1677, 49.08305], [4.16864, 49.08296], [4.1691, 49.08207], [4.16972, 49.08176], [4.16897, 49.08128], [4.16884, 49.08087], [4.16826, 49.08106], [4.16705, 49.08099]]], [[[4.16959, 49.08296], [4.16926, 49.08334], [4.17067, 49.08362], [4.17033, 49.08309], [4.16959, 49.08296]]], [[[4.17199, 49.08392], [4.17288, 49.08442], [4.17345, 49.08506], [4.17641, 49.09452], [4.17714, 49.09545], [4.17911, 49.09704], [4.18192, 49.10085], [4.18296, 49.10322], [4.18275, 49.10446], [4.18399, 49.10416], [4.18391, 49.10357], [4.18447, 49.10314], [4.18425, 49.10283], [4.18435, 49.10229], [4.18485, 49.1018], [4.18561, 49.10172], [4.18626, 49.1021], [4.18614, 49.10262], [4.1864, 49.10299], [4.18602, 49.10519], [4.18767, 49.10493], [4.18787, 49.10456], [4.18841, 49.10435], [4.18897, 49.10437], [4.18935, 49.10459], [4.19107, 49.10438], [4.193, 49.10333], [4.19323, 49.10282], [4.19374, 49.10263], [4.1943, 49.10269], [4.19602, 49.10143], [4.2038, 49.09875], [4.20515, 49.09864], [4.20957, 49.09903], [4.21127, 49.09871], [4.21979, 49.09576], [4.21963, 49.0952], [4.22043, 49.09458], [4.22053, 49.09417], [4.22192, 49.09342], [4.22146, 49.09314], [4.22135, 49.09272], [4.22153, 49.09124], [4.22235, 49.08887], [4.2131, 49.08733], [4.19756, 49.08733], [4.19314, 49.08672], [4.19004, 49.0854], [4.18376, 49.08194], [4.1802, 49.07912], [4.17874, 49.08007], [4.17752, 49.08013], [4.17645, 49.08088], [4.17582, 49.08081], [4.17519, 49.08034], [4.17422, 49.08005], [4.17425, 49.08044], [4.17496, 49.08081], [4.17497, 49.08123], [4.17292, 49.08294], [4.17195, 49.08298], [4.1718, 49.08313], [4.17232, 49.08345], [4.17199, 49.08392]], [[4.17948, 49.08446], [4.17877, 49.08441], [4.17828, 49.08395], [4.17854, 49.08342], [4.17924, 49.0831], [4.17986, 49.08321], [4.18033, 49.08367], [4.18017, 49.08407], [4.17948, 49.08446]], [[4.17602, 49.0886], [4.17602, 49.08818], [4.17652, 49.08786], [4.17715, 49.08786], [4.17764, 49.08818], [4.17764, 49.0886], [4.17715, 49.08893], [4.17651, 49.08892], [4.17602, 49.0886]], [[4.17893, 49.09491], [4.17909, 49.09445], [4.1797, 49.0942], [4.18057, 49.0944], [4.18093, 49.09479], [4.18075, 49.09521], [4.18011, 49.09547], [4.17945, 49.09534], [4.17893, 49.09491]], [[4.18715, 49.09755], [4.18651, 49.09751], [4.186, 49.09716], [4.18605, 49.09674], [4.18657, 49.09642], [4.1872, 49.09645], [4.18772, 49.09681], [4.18767, 49.09723], [4.18715, 49.09755]], [[4.18549, 49.09872], [4.18484, 49.09878], [4.18426, 49.0985], [4.18418, 49.09808], [4.1846, 49.09771], [4.18523, 49.09767], [4.1858, 49.09794], [4.18589, 49.09834], [4.18549, 49.09872]]], [[[4.17887, 49.07817], [4.17835, 49.07758], [4.17768, 49.07774], [4.17853, 49.0783], [4.17887, 49.07817]]], [[[4.17362, 49.07369], [4.17268, 49.07434], [4.17289, 49.07448], [4.17416, 49.07416], [4.17362, 49.07369]]], [[[4.17066, 49.0818], [4.17065, 49.08198], [4.17142, 49.0821], [4.17185, 49.08168], [4.17126, 49.08186], [4.17066, 49.0818]]], [[[4.16928, 49.08024], [4.16914, 49.08024], [4.16917, 49.08034], [4.16928, 49.08024]]], [[[4.17651, 49.07257], [4.17652, 49.07255], [4.1765, 49.07256], [4.17651, 49.07257]]], [[[4.1724, 49.08119], [4.17223, 49.08105], [4.17224, 49.0813], [4.1724, 49.08119]]], [[[4.19354, 49.10375], [4.19141, 49.10487], [4.18945, 49.10513], [4.18875, 49.10549], [4.18749, 49.10553], [4.18927, 49.10652], [4.19111, 49.10807], [4.1927, 49.10898], [4.19439, 49.11081], [4.19503, 49.11081], [4.19545, 49.11106], [4.19555, 49.11152], [4.19511, 49.11186], [4.19636, 49.11365], [4.19952, 49.11638], [4.19968, 49.11701], [4.19927, 49.11876], [4.19951, 49.11929], [4.21065, 49.12623], [4.22159, 49.13216], [4.22684, 49.12778], [4.23307, 49.12323], [4.23225, 49.12163], [4.2273, 49.11892], [4.22729, 49.11854], [4.22784, 49.11851], [4.23282, 49.12124], [4.23351, 49.12256], [4.23711, 49.12006], [4.23756, 49.11992], [4.23791, 49.12008], [4.24602, 49.11544], [4.24419, 49.11101], [4.2374, 49.11081], [4.23465, 49.10922], [4.23421, 49.1095], [4.23311, 49.10968], [4.23254, 49.1096], [4.23149, 49.10983], [4.22977, 49.10975], [4.22919, 49.11011], [4.22772, 49.11034], [4.22704, 49.11028], [4.22657, 49.10996], [4.22571, 49.11033], [4.22508, 49.11031], [4.22508, 49.11073], [4.22463, 49.11086], [4.22355, 49.11022], [4.22301, 49.10723], [4.22056, 49.10732], [4.21756, 49.10628], [4.21664, 49.10338], [4.21706, 49.10299], [4.21642, 49.10208], [4.21649, 49.1016], [4.21571, 49.10023], [4.21594, 49.09998], [4.21703, 49.09974], [4.21768, 49.09932], [4.21907, 49.09673], [4.21594, 49.09759], [4.2104, 49.0995], [4.20916, 49.09957], [4.20509, 49.09918], [4.20411, 49.09925], [4.19647, 49.10188], [4.19477, 49.10316], [4.19453, 49.10359], [4.19354, 49.10375]], [[4.19547, 49.10932], [4.19518, 49.10969], [4.19451, 49.10985], [4.19394, 49.10966], [4.19369, 49.10922], [4.19397, 49.10884], [4.19465, 49.10868], [4.19523, 49.10888], [4.19547, 49.10932]], [[4.21126, 49.11453], [4.21142, 49.11495], [4.21107, 49.11534], [4.21044, 49.11543], [4.20984, 49.11519], [4.20971, 49.11477], [4.21009, 49.11438], [4.21073, 49.11431], [4.21126, 49.11453]], [[4.21624, 49.11586], [4.21689, 49.11592], [4.2173, 49.11629], [4.2172, 49.1167], [4.21665, 49.11697], [4.21601, 49.1169], [4.2156, 49.11654], [4.21569, 49.11614], [4.21624, 49.11586]]], [[[4.18431, 49.10895], [4.18441, 49.10873], [4.18391, 49.10886], [4.18408, 49.10889], [4.18431, 49.10895]]], [[[4.18654, 49.1059], [4.18643, 49.10579], [4.18649, 49.10597], [4.18654, 49.1059]]], [[[4.18192, 49.10434], [4.18215, 49.1033], [4.18142, 49.10157], [4.17883, 49.09789], [4.17662, 49.09929], [4.17539, 49.10039], [4.17732, 49.10134], [4.1794, 49.10331], [4.17818, 49.10522], [4.17866, 49.10503], [4.17924, 49.10506], [4.17984, 49.10465], [4.18058, 49.10469], [4.18118, 49.10435], [4.18192, 49.10434]]], [[[4.2045, 49.12319], [4.20428, 49.12305], [4.2044, 49.12331], [4.2045, 49.12319]]], [[[4.19197, 49.13815], [4.18916, 49.14173], [4.18857, 49.14319], [4.18795, 49.14395], [4.18587, 49.14551], [4.18139, 49.14744], [4.17963, 49.14923], [4.17694, 49.15144], [4.18492, 49.15396], [4.1856, 49.15354], [4.18665, 49.15356], [4.18722, 49.15387], [4.18739, 49.15423], [4.18804, 49.15407], [4.18884, 49.15432], [4.18904, 49.15467], [4.18892, 49.15522], [4.19415, 49.15688], [4.19938, 49.15295], [4.20491, 49.1482], [4.20314, 49.14539], [4.20129, 49.14316], [4.20085, 49.1429], [4.20046, 49.14206], [4.19978, 49.14193], [4.19924, 49.14161], [4.19922, 49.14118], [4.19969, 49.14082], [4.19882, 49.13929], [4.19701, 49.13855], [4.1964, 49.13789], [4.19511, 49.13759], [4.1935, 49.13653], [4.19257, 49.13743], [4.19238, 49.13794], [4.19197, 49.13815]]], [[[4.2022, 49.14312], [4.20418, 49.14559], [4.20543, 49.14772], [4.21506, 49.13836], [4.20348, 49.1388], [4.20342, 49.13912], [4.20406, 49.13907], [4.20465, 49.13926], [4.20518, 49.13996], [4.20582, 49.14023], [4.20595, 49.14047], [4.20568, 49.14068], [4.205, 49.14053], [4.20459, 49.14081], [4.20408, 49.14086], [4.20404, 49.14134], [4.2022, 49.14312]]], [[[4.20274, 49.13828], [4.21557, 49.13786], [4.22038, 49.13325], [4.22017, 49.13281], [4.2206, 49.13231], [4.21011, 49.12664], [4.20621, 49.12424], [4.2059, 49.12523], [4.20341, 49.12792], [4.20045, 49.13009], [4.20016, 49.13152], [4.20051, 49.13211], [4.19908, 49.13336], [4.19985, 49.13436], [4.1994, 49.13504], [4.20008, 49.13514], [4.2005, 49.13556], [4.19973, 49.13683], [4.20022, 49.1372], [4.20011, 49.13778], [4.20113, 49.13812], [4.20274, 49.13828]]], [[[4.18705, 49.15524], [4.182, 49.15364], [4.18145, 49.15405], [4.18103, 49.15406], [4.18083, 49.15377], [4.18124, 49.1534], [4.17641, 49.15188], [4.16945, 49.15717], [4.17002, 49.16019], [4.17088, 49.16298], [4.17261, 49.16455], [4.17369, 49.1665], [4.1754, 49.16797], [4.18489, 49.16288], [4.19357, 49.1573], [4.18961, 49.15604], [4.1887, 49.15721], [4.18772, 49.15731], [4.18627, 49.15669], [4.18597, 49.15638], [4.18647, 49.15548], [4.18705, 49.15524]]], [[[4.18707, 49.15464], [4.18707, 49.15464], [4.18707, 49.15464], [4.18707, 49.15464]]], [[[4.19667, 49.16586], [4.19586, 49.16541], [4.19306, 49.16776], [4.19068, 49.16884], [4.1884, 49.16914], [4.18447, 49.16877], [4.18276, 49.16883], [4.181, 49.16927], [4.17876, 49.17032], [4.18268, 49.17255], [4.1815, 49.1715], [4.1815, 49.17102], [4.18196, 49.17068], [4.18266, 49.17065], [4.1837, 49.17024], [4.1845, 49.17028], [4.18566, 49.16981], [4.18667, 49.1697], [4.18721, 49.1698], [4.18858, 49.17069], [4.1891, 49.17032], [4.18949, 49.17031], [4.18969, 49.17066], [4.18873, 49.17155], [4.18927, 49.17194], [4.18934, 49.17231], [4.1886, 49.17316], [4.1892, 49.17354], [4.19001, 49.17328], [4.19095, 49.17374], [4.19133, 49.17362], [4.19168, 49.17373], [4.20027, 49.1679], [4.19821, 49.16673], [4.1976, 49.16697], [4.19692, 49.16685], [4.1964, 49.16637], [4.19667, 49.16586]]], [[[4.19635, 49.16498], [4.20068, 49.16742], [4.20138, 49.16714], [4.20395, 49.16543], [4.20565, 49.16462], [4.21262, 49.16253], [4.21209, 49.16195], [4.20483, 49.15753], [4.19635, 49.16498]]], [[[4.20735, 49.16631], [4.21079, 49.16584], [4.21103, 49.16548], [4.21172, 49.16519], [4.21257, 49.16535], [4.21273, 49.16483], [4.21352, 49.16453], [4.21289, 49.16398], [4.21322, 49.16341], [4.21305, 49.16317], [4.20644, 49.16516], [4.20425, 49.16623], [4.20296, 49.1671], [4.20335, 49.1675], [4.20735, 49.16631]]], [[[4.20692, 49.16713], [4.20322, 49.16812], [4.20277, 49.16861], [4.20733, 49.1712], [4.20829, 49.17049], [4.20795, 49.16979], [4.20863, 49.16914], [4.21205, 49.16838], [4.21301, 49.16791], [4.21229, 49.16696], [4.21153, 49.16647], [4.21118, 49.16636], [4.2102, 49.16643], [4.21022, 49.16678], [4.20988, 49.16708], [4.20929, 49.16718], [4.20877, 49.16701], [4.20851, 49.1673], [4.2091, 49.16785], [4.2087, 49.16832], [4.20881, 49.16877], [4.20839, 49.16912], [4.20777, 49.1692], [4.20705, 49.16898], [4.20671, 49.16865], [4.20689, 49.16781], [4.20741, 49.16747], [4.20692, 49.16713]]], [[[4.20094, 49.16846], [4.1933, 49.17364], [4.19357, 49.17388], [4.19347, 49.17412], [4.19309, 49.17423], [4.19269, 49.17406], [4.19183, 49.17466], [4.19161, 49.17503], [4.1924, 49.17568], [4.19218, 49.17617], [4.19136, 49.17641], [4.19028, 49.17593], [4.1898, 49.17602], [4.18809, 49.17718], [4.18887, 49.17726], [4.18977, 49.17788], [4.19014, 49.17764], [4.19064, 49.17763], [4.1909, 49.17721], [4.19192, 49.17683], [4.19242, 49.17684], [4.19277, 49.17709], [4.19309, 49.17691], [4.19355, 49.17693], [4.19349, 49.17657], [4.19409, 49.17607], [4.1941, 49.1755], [4.19444, 49.17507], [4.19728, 49.17428], [4.19782, 49.1743], [4.19804, 49.17401], [4.19893, 49.17388], [4.19968, 49.1735], [4.20029, 49.17354], [4.20089, 49.17399], [4.20135, 49.17369], [4.20193, 49.17384], [4.20234, 49.1729], [4.20297, 49.17271], [4.20358, 49.17284], [4.20364, 49.17244], [4.2046, 49.17197], [4.20465, 49.17159], [4.20513, 49.17112], [4.20566, 49.17097], [4.20094, 49.16846]]], [[[4.18197, 49.1748], [4.18124, 49.17517], [4.18174, 49.17539], [4.18213, 49.17514], [4.18197, 49.1748]]], [[[4.2115, 49.17499], [4.21223, 49.1753], [4.21251, 49.17486], [4.20774, 49.17215], [4.20764, 49.17254], [4.20704, 49.17274], [4.20576, 49.17206], [4.20555, 49.17173], [4.20542, 49.17196], [4.20583, 49.1722], [4.20584, 49.17257], [4.20537, 49.17279], [4.20468, 49.17263], [4.20449, 49.17273], [4.20459, 49.17315], [4.20421, 49.1734], [4.20483, 49.17391], [4.20464, 49.17435], [4.20384, 49.17446], [4.20337, 49.17402], [4.20207, 49.17451], [4.20164, 49.17448], [4.20102, 49.17479], [4.20092, 49.17512], [4.20026, 49.1753], [4.19986, 49.17517], [4.19936, 49.17443], [4.19885, 49.17448], [4.1983, 49.17494], [4.1975, 49.17487], [4.19507, 49.17561], [4.195, 49.17631], [4.19452, 49.17667], [4.1947, 49.1774], [4.19449, 49.17773], [4.19373, 49.17779], [4.19328, 49.17764], [4.1926, 49.17787], [4.19201, 49.17752], [4.19163, 49.17767], [4.19131, 49.17814], [4.19023, 49.17858], [4.19007, 49.17888], [4.18718, 49.18067], [4.18675, 49.18067], [4.18601, 49.18021], [4.18544, 49.18064], [4.18434, 49.18081], [4.18373, 49.18124], [4.18316, 49.18229], [4.18422, 49.1826], [4.18525, 49.18253], [4.18572, 49.18186], [4.1854, 49.18174], [4.18446, 49.18191], [4.18406, 49.18167], [4.1841, 49.18139], [4.18466, 49.18104], [4.18626, 49.18095], [4.18683, 49.18165], [4.18774, 49.18122], [4.18839, 49.18135], [4.1896, 49.18096], [4.18973, 49.17999], [4.19067, 49.17938], [4.19122, 49.17949], [4.19222, 49.17907], [4.19362, 49.17903], [4.19393, 49.17873], [4.19458, 49.17876], [4.1951, 49.17848], [4.19605, 49.17904], [4.19589, 49.17942], [4.19439, 49.17934], [4.19373, 49.17974], [4.19245, 49.17976], [4.19153, 49.18015], [4.19061, 49.18013], [4.1906, 49.18135], [4.18887, 49.18191], [4.18798, 49.18188], [4.18694, 49.18225], [4.1864, 49.18225], [4.18572, 49.18317], [4.18488, 49.18308], [4.18419, 49.18323], [4.1828, 49.18294], [4.18236, 49.18265], [4.18101, 49.1827], [4.18107, 49.18371], [4.18049, 49.18454], [4.1806, 49.18539], [4.17989, 49.18714], [4.17954, 49.18761], [4.17864, 49.18816], [4.17833, 49.18936], [4.17749, 49.18996], [4.17749, 49.19082], [4.17705, 49.19144], [4.17653, 49.19157], [4.1768, 49.19177], [4.17745, 49.19165], [4.17801, 49.19187], [4.17822, 49.19222], [4.17806, 49.19272], [4.18047, 49.19305], [4.18117, 49.19404], [4.1815, 49.19352], [4.18225, 49.19333], [4.18357, 49.19393], [4.184, 49.1944], [4.18501, 49.19434], [4.18537, 49.19423], [4.1851, 49.19384], [4.18525, 49.19349], [4.18627, 49.19319], [4.18679, 49.19336], [4.18705, 49.1937], [4.18696, 49.19407], [4.18656, 49.1943], [4.18728, 49.19401], [4.18784, 49.19399], [4.18874, 49.19436], [4.18908, 49.19481], [4.19155, 49.1938], [4.19711, 49.19031], [4.20122, 49.18535], [4.20594, 49.18186], [4.20639, 49.18082], [4.20581, 49.18033], [4.20612, 49.17951], [4.20555, 49.17971], [4.20493, 49.1796], [4.20448, 49.17921], [4.20456, 49.17874], [4.20518, 49.17845], [4.20581, 49.17852], [4.20633, 49.17894], [4.20625, 49.1794], [4.20745, 49.17906], [4.208, 49.17843], [4.20923, 49.17775], [4.20901, 49.17674], [4.20986, 49.17597], [4.21015, 49.17522], [4.20992, 49.17472], [4.21029, 49.17447], [4.21116, 49.17446], [4.21152, 49.1747], [4.2115, 49.17499]], [[4.17968, 49.19134], [4.18035, 49.19152], [4.18063, 49.19199], [4.18015, 49.19246], [4.17955, 49.1926], [4.17888, 49.19236], [4.17866, 49.19196], [4.17893, 49.19158], [4.17968, 49.19134]]], [[[4.20712, 49.18111], [4.20652, 49.18226], [4.20186, 49.18569], [4.19793, 49.1905], [4.19257, 49.19395], [4.19101, 49.19472], [4.19114, 49.19508], [4.21266, 49.18304], [4.21188, 49.18248], [4.21222, 49.18189], [4.2135, 49.18128], [4.21405, 49.18134], [4.21488, 49.1818], [4.21546, 49.18147], [4.21337, 49.18039], [4.21262, 49.18027], [4.21181, 49.18046], [4.21059, 49.17994], [4.20898, 49.1807], [4.20827, 49.18125], [4.20712, 49.18111]]], [[[4.21402, 49.18003], [4.21609, 49.18111], [4.21703, 49.18059], [4.21561, 49.17988], [4.21502, 49.17996], [4.21442, 49.17974], [4.21402, 49.18003]]], [[[4.218, 49.1808], [4.19037, 49.19626], [4.19, 49.19673], [4.18939, 49.19687], [4.18835, 49.19759], [4.18663, 49.19819], [4.18637, 49.19848], [4.18647, 49.19876], [4.18794, 49.20065], [4.18847, 49.20059], [4.18897, 49.20075], [4.18968, 49.20165], [4.18931, 49.20227], [4.18745, 49.20273], [4.18907, 49.20461], [4.18931, 49.20544], [4.18876, 49.20612], [4.19375, 49.20549], [4.19447, 49.2056], [4.21375, 49.20437], [4.21317, 49.20285], [4.21341, 49.20252], [4.21392, 49.20236], [4.21535, 49.20254], [4.21576, 49.2032], [4.21651, 49.20322], [4.21709, 49.20293], [4.21831, 49.20294], [4.21874, 49.20332], [4.21861, 49.20405], [4.23213, 49.20308], [4.24809, 49.19111], [4.22315, 49.17856], [4.22244, 49.17886], [4.22175, 49.1787], [4.219, 49.18039], [4.218, 49.1808]], [[4.19386, 49.19938], [4.1937, 49.19892], [4.19405, 49.19857], [4.19492, 49.19842], [4.19553, 49.19866], [4.1957, 49.19912], [4.19535, 49.19947], [4.19456, 49.19967], [4.19386, 49.19938]], [[4.21521, 49.18414], [4.21587, 49.18358], [4.21709, 49.18374], [4.21693, 49.1831], [4.21742, 49.1827], [4.21856, 49.18267], [4.2191, 49.18298], [4.21893, 49.18379], [4.21774, 49.18396], [4.21856, 49.18486], [4.21844, 49.18522], [4.21798, 49.1855], [4.21713, 49.18543], [4.21547, 49.18457], [4.21521, 49.18414]]], [[[4.2197, 49.17901], [4.21994, 49.17896], [4.21985, 49.1789], [4.2197, 49.17901]]], [[[4.21803, 49.17804], [4.21822, 49.17788], [4.21802, 49.17803], [4.21803, 49.17804]]], [[[4.2237, 49.17816], [4.22629, 49.17946], [4.22684, 49.17919], [4.22756, 49.17929], [4.22803, 49.17973], [4.22777, 49.18021], [4.24863, 49.1907], [4.27479, 49.17091], [4.26338, 49.16166], [4.257, 49.15851], [4.25306, 49.15577], [4.25238, 49.15613], [4.25156, 49.15595], [4.22777, 49.17513], [4.22399, 49.17756], [4.2237, 49.17816]], [[4.25582, 49.1805], [4.25553, 49.18115], [4.25505, 49.18143], [4.25416, 49.18132], [4.25374, 49.181], [4.25397, 49.18034], [4.25455, 49.17999], [4.25544, 49.1801], [4.25582, 49.1805]], [[4.25102, 49.18146], [4.2525, 49.18239], [4.25209, 49.18281], [4.2504, 49.18231], [4.2501, 49.18206], [4.25025, 49.18177], [4.25102, 49.18146]]], [[[4.22853, 49.17346], [4.23335, 49.16961], [4.23398, 49.16911], [4.23071, 49.17044], [4.23033, 49.17088], [4.22606, 49.17253], [4.22661, 49.1733], [4.2275, 49.17299], [4.22853, 49.17346]]], [[[4.2304, 49.16993], [4.23275, 49.16896], [4.23204, 49.16881], [4.23159, 49.16846], [4.23163, 49.16809], [4.23218, 49.16762], [4.23281, 49.16755], [4.23345, 49.16782], [4.2342, 49.16767], [4.2349, 49.16789], [4.24311, 49.16061], [4.24241, 49.16014], [4.24155, 49.16047], [4.24078, 49.16006], [4.24081, 49.15969], [4.24123, 49.15938], [4.24178, 49.15933], [4.24224, 49.15949], [4.24262, 49.15916], [4.24222, 49.15888], [4.24113, 49.15921], [4.23991, 49.15874], [4.23951, 49.15876], [4.23895, 49.15921], [4.23844, 49.15929], [4.23722, 49.15883], [4.23649, 49.15877], [4.23626, 49.15856], [4.23566, 49.15899], [4.23484, 49.15878], [4.23471, 49.15914], [4.23424, 49.15939], [4.23371, 49.15935], [4.23342, 49.15911], [4.23265, 49.15908], [4.23016, 49.16004], [4.22793, 49.16064], [4.2268, 49.16167], [4.22535, 49.16201], [4.2236, 49.16203], [4.22152, 49.16279], [4.21958, 49.16417], [4.21849, 49.16556], [4.21755, 49.16609], [4.21784, 49.16676], [4.21959, 49.16882], [4.22209, 49.16985], [4.22397, 49.17099], [4.22804, 49.16933], [4.22867, 49.16938], [4.22914, 49.16974], [4.22998, 49.16967], [4.2304, 49.16993]]], [[[4.22351, 49.17146], [4.22204, 49.1705], [4.21928, 49.16937], [4.21868, 49.16889], [4.21571, 49.17029], [4.21412, 49.17222], [4.21329, 49.17283], [4.21471, 49.17292], [4.21497, 49.17319], [4.21476, 49.1735], [4.21364, 49.17373], [4.21296, 49.17357], [4.21267, 49.17327], [4.21221, 49.17325], [4.21172, 49.17329], [4.21144, 49.17353], [4.21274, 49.17427], [4.21337, 49.17389], [4.21422, 49.17395], [4.21475, 49.17446], [4.21437, 49.17503], [4.21507, 49.17533], [4.21578, 49.17536], [4.21692, 49.17593], [4.21768, 49.17594], [4.21822, 49.17637], [4.21849, 49.17588], [4.21942, 49.17533], [4.21924, 49.17463], [4.21984, 49.17385], [4.22038, 49.17375], [4.22103, 49.17391], [4.2218, 49.17356], [4.22248, 49.17358], [4.22296, 49.1733], [4.22368, 49.17332], [4.22465, 49.173], [4.22498, 49.17258], [4.22454, 49.17223], [4.22392, 49.17206], [4.22351, 49.17146]], [[4.21957, 49.173], [4.2191, 49.17323], [4.21867, 49.17319], [4.21817, 49.17286], [4.21819, 49.17257], [4.21919, 49.17241], [4.21952, 49.17264], [4.21957, 49.173]]], [[[4.17704, 49.19335], [4.17732, 49.19298], [4.17659, 49.19262], [4.17559, 49.19168], [4.17481, 49.19187], [4.17421, 49.19261], [4.17315, 49.19317], [4.17262, 49.19326], [4.1726, 49.19381], [4.17299, 49.19424], [4.17237, 49.19538], [4.17182, 49.19546], [4.17132, 49.19521], [4.17086, 49.19567], [4.17036, 49.19585], [4.17014, 49.19629], [4.16935, 49.1969], [4.16742, 49.19726], [4.16651, 49.19724], [4.1638, 49.1965], [4.16318, 49.19681], [4.16273, 49.19682], [4.16223, 49.19641], [4.15806, 49.19716], [4.15693, 49.19675], [4.15623, 49.19664], [4.15539, 49.19689], [4.15459, 49.19658], [4.15351, 49.20084], [4.15608, 49.20052], [4.17667, 49.19914], [4.17697, 49.19895], [4.1768, 49.1986], [4.17706, 49.19822], [4.17772, 49.19793], [4.17834, 49.19797], [4.17819, 49.19636], [4.1785, 49.19605], [4.17915, 49.19585], [4.17929, 49.1955], [4.17808, 49.19432], [4.17716, 49.19382], [4.17704, 49.19335]]], [[[4.1784, 49.19903], [4.17887, 49.199], [4.17872, 49.19882], [4.1784, 49.19903]]], [[[4.17166, 49.20005], [4.15452, 49.20126], [4.15335, 49.20148], [4.15296, 49.20277], [4.1577, 49.20277], [4.16721, 49.20128], [4.17216, 49.20092], [4.17159, 49.20058], [4.17166, 49.20005]]], [[[4.17279, 49.20087], [4.17374, 49.20069], [4.17568, 49.19978], [4.17302, 49.19996], [4.17327, 49.20044], [4.17279, 49.20087]]], [[[4.20551, 49.24667], [4.20534, 49.24664], [4.20516, 49.24676], [4.20551, 49.24667]]], [[[4.20467, 49.24708], [4.20432, 49.24731], [4.20447, 49.24731], [4.20467, 49.24708]]], [[[4.20724, 49.24943], [4.2093, 49.2514], [4.21011, 49.251], [4.21125, 49.25104], [4.21172, 49.25067], [4.21138, 49.25014], [4.21188, 49.24966], [4.21189, 49.24927], [4.21147, 49.24889], [4.20724, 49.24943]]], [[[4.20744, 49.24885], [4.21166, 49.24831], [4.21107, 49.2478], [4.21076, 49.24814], [4.21026, 49.2483], [4.20972, 49.24822], [4.20925, 49.24789], [4.2093, 49.24687], [4.20966, 49.24634], [4.21043, 49.24586], [4.20975, 49.24556], [4.20952, 49.24594], [4.20721, 49.24737], [4.20717, 49.2479], [4.20674, 49.24825], [4.20744, 49.24885]]], [[[4.20927, 49.25628], [4.20116, 49.27147], [4.19606, 49.27995], [4.19673, 49.28002], [4.19713, 49.28033], [4.20364, 49.28162], [4.2044, 49.28154], [4.20498, 49.28188], [4.22617, 49.28605], [4.23267, 49.28842], [4.23324, 49.28805], [4.23436, 49.28803], [4.23664, 49.28713], [4.23637, 49.28668], [4.23563, 49.28672], [4.23512, 49.2864], [4.23509, 49.28589], [4.23571, 49.28557], [4.22783, 49.2724], [4.22676, 49.2722], [4.22685, 49.2719], [4.22743, 49.27174], [4.22402, 49.26614], [4.22342, 49.266], [4.22367, 49.26554], [4.22086, 49.25793], [4.22037, 49.25826], [4.21989, 49.25805], [4.2206, 49.25721], [4.21962, 49.25448], [4.21889, 49.25422], [4.21866, 49.25337], [4.21829, 49.25304], [4.2156, 49.25274], [4.21506, 49.25304], [4.2145, 49.25307], [4.21329, 49.25251], [4.21299, 49.25215], [4.21279, 49.25295], [4.21199, 49.25353], [4.21133, 49.25368], [4.21076, 49.25349], [4.20965, 49.25553], [4.20962, 49.25598], [4.20927, 49.25628]]], [[[4.25294, 48.95057], [4.25648, 48.95195], [4.25691, 48.95166], [4.25754, 48.95165], [4.26063, 48.95281], [4.26217, 48.95394], [4.26234, 48.9543], [4.2641, 48.95503], [4.26483, 48.95557], [4.26568, 48.95559], [4.26701, 48.95627], [4.26789, 48.95765], [4.26869, 48.95778], [4.26926, 48.9587], [4.27025, 48.95913], [4.27131, 48.95878], [4.26994, 48.95794], [4.26986, 48.95757], [4.27017, 48.95725], [4.27089, 48.95698], [4.27146, 48.95702], [4.27294, 48.95821], [4.28598, 48.95116], [4.28632, 48.95052], [4.28607, 48.94857], [4.28646, 48.94795], [4.26769, 48.94349], [4.26728, 48.94355], [4.26126, 48.94212], [4.26099, 48.9419], [4.25768, 48.94111], [4.25197, 48.94504], [4.24847, 48.94793], [4.24929, 48.94843], [4.24945, 48.94876], [4.25064, 48.94902], [4.25148, 48.949], [4.25187, 48.94925], [4.25195, 48.94963], [4.25263, 48.94982], [4.25328, 48.9493], [4.25424, 48.94947], [4.25461, 48.94987], [4.25444, 48.95028], [4.25378, 48.95056], [4.25302, 48.95038], [4.25294, 48.95057]]], [[[4.24954, 48.94605], [4.25138, 48.94467], [4.25684, 48.94091], [4.25222, 48.93981], [4.24913, 48.94211], [4.24924, 48.94276], [4.24721, 48.94427], [4.24668, 48.94441], [4.24663, 48.9448], [4.24601, 48.94527], [4.24678, 48.94581], [4.24811, 48.94636], [4.24874, 48.94594], [4.24954, 48.94605]]], [[[4.24727, 48.94665], [4.24694, 48.94652], [4.24674, 48.94669], [4.24709, 48.94674], [4.24727, 48.94665]]], [[[4.24569, 48.94381], [4.24529, 48.94346], [4.24517, 48.94356], [4.24569, 48.94381]]], [[[4.24023, 48.94571], [4.24019, 48.94534], [4.2399, 48.94574], [4.24023, 48.94571]]], [[[4.25321, 48.98173], [4.25249, 48.98288], [4.25313, 48.98333], [4.25319, 48.98375], [4.25264, 48.98415], [4.25191, 48.98416], [4.2517, 48.98451], [4.25283, 48.98529], [4.25276, 48.9857], [4.25217, 48.98604], [4.25268, 48.98649], [4.25268, 48.98692], [4.25213, 48.98727], [4.25149, 48.98726], [4.25021, 48.98632], [4.24939, 48.98778], [4.24938, 48.98798], [4.25018, 48.98793], [4.25097, 48.98838], [4.25141, 48.98878], [4.25144, 48.98913], [4.26774, 48.98412], [4.26655, 48.98265], [4.26649, 48.98229], [4.26681, 48.98198], [4.26801, 48.98161], [4.26857, 48.98165], [4.26913, 48.98194], [4.26891, 48.98154], [4.26908, 48.98119], [4.27063, 48.9807], [4.26988, 48.9805], [4.2695, 48.98007], [4.26951, 48.9797], [4.26994, 48.97939], [4.27073, 48.97936], [4.27127, 48.97982], [4.2723, 48.97949], [4.27314, 48.97983], [4.2738, 48.97985], [4.27446, 48.98018], [4.27489, 48.98106], [4.27604, 48.98081], [4.27673, 48.98136], [4.28356, 48.97924], [4.28631, 48.97799], [4.28497, 48.97574], [4.28389, 48.97312], [4.28341, 48.97078], [4.28351, 48.96758], [4.28054, 48.96527], [4.2796, 48.9643], [4.27381, 48.96124], [4.27259, 48.96042], [4.27159, 48.96096], [4.2725, 48.96197], [4.27238, 48.96291], [4.27185, 48.96327], [4.27106, 48.9632], [4.2705, 48.96257], [4.26942, 48.96299], [4.26785, 48.96283], [4.26669, 48.96206], [4.26525, 48.96373], [4.26466, 48.96598], [4.26362, 48.96859], [4.26293, 48.96969], [4.26069, 48.97153], [4.25494, 48.97993], [4.25335, 48.98116], [4.25321, 48.98173]], [[4.27564, 48.97905], [4.27533, 48.97952], [4.27421, 48.97986], [4.273, 48.97925], [4.27285, 48.97862], [4.27364, 48.97805], [4.27427, 48.97797], [4.27474, 48.97817], [4.27564, 48.97905]]], [[[4.25141, 48.98994], [4.25197, 48.9905], [4.25275, 48.99041], [4.25334, 48.99081], [4.28041, 48.98594], [4.28303, 48.98526], [4.28525, 48.98444], [4.28733, 48.98344], [4.2895, 48.98204], [4.28665, 48.9785], [4.28394, 48.97972], [4.27704, 48.98186], [4.27592, 48.9826], [4.27366, 48.9829], [4.25061, 48.98999], [4.25141, 48.98994]]], [[[4.24959, 48.9903], [4.24835, 48.99068], [4.24845, 48.99086], [4.24925, 48.99119], [4.24917, 48.99073], [4.24959, 48.9903]]], [[[4.24913, 48.98984], [4.24995, 48.98959], [4.24952, 48.9893], [4.24916, 48.98947], [4.24913, 48.98984]]], [[[4.2347, 48.99488], [4.23258, 48.99553], [4.23338, 48.99668], [4.23327, 48.99718], [4.23408, 48.99837], [4.23561, 48.998], [4.23543, 48.99741], [4.23618, 48.99698], [4.23585, 48.99622], [4.23469, 48.99556], [4.2347, 48.99488]]], [[[4.23713, 48.9984], [4.23351, 48.9992], [4.23458, 48.99959], [4.23532, 49.001], [4.23454, 49.00214], [4.23296, 49.00279], [4.23352, 49.00316], [4.23388, 49.00406], [4.23423, 49.00381], [4.23467, 49.00245], [4.23653, 48.99898], [4.23713, 48.9984]]], [[[4.25006, 48.99246], [4.2451, 48.99476], [4.24719, 48.99521], [4.24802, 48.99647], [4.24852, 48.99679], [4.24903, 48.99681], [4.25235, 48.99481], [4.25219, 48.9944], [4.25241, 48.99383], [4.25318, 48.99364], [4.2538, 48.99275], [4.25633, 48.9908], [4.2522, 48.99173], [4.25129, 48.99232], [4.25224, 48.99329], [4.25201, 48.99366], [4.25159, 48.99366], [4.25031, 48.99303], [4.25006, 48.99246]]], [[[4.24988, 48.99187], [4.25025, 48.99173], [4.2509, 48.99151], [4.2505, 48.99132], [4.24948, 48.99144], [4.24988, 48.99187]]], [[[4.23282, 48.99867], [4.23332, 48.99858], [4.23279, 48.99779], [4.23255, 48.9981], [4.23282, 48.99867]]], [[[4.23055, 48.99533], [4.23063, 48.99545], [4.23073, 48.99542], [4.23055, 48.99533]]], [[[4.24816, 49.00203], [4.24859, 49.00256], [4.25087, 49.00914], [4.24762, 49.01277], [4.27146, 49.00285], [4.27009, 49.00197], [4.26993, 49.00147], [4.27052, 49.00078], [4.27165, 49.00051], [4.27236, 48.99997], [4.27315, 48.99997], [4.27456, 49.00122], [4.27463, 49.00154], [4.29528, 48.993], [4.29439, 48.9895], [4.29345, 48.9872], [4.29318, 48.98672], [4.29259, 48.98662], [4.29231, 48.98612], [4.29264, 48.98585], [4.29032, 48.98298], [4.28929, 48.98427], [4.29076, 48.98432], [4.29141, 48.98456], [4.29182, 48.98676], [4.29164, 48.98725], [4.29104, 48.98736], [4.28996, 48.98657], [4.28836, 48.98579], [4.28808, 48.98664], [4.28838, 48.98731], [4.2892, 48.98724], [4.29001, 48.98743], [4.29089, 48.98828], [4.29074, 48.98878], [4.28913, 48.9899], [4.28829, 48.99005], [4.28746, 48.9899], [4.28679, 48.98941], [4.28624, 48.98837], [4.28522, 48.98791], [4.28266, 48.98934], [4.28023, 48.99018], [4.27963, 48.99], [4.27953, 48.98935], [4.27783, 48.99055], [4.27824, 48.99075], [4.27866, 48.9914], [4.27852, 48.99173], [4.27812, 48.99187], [4.27766, 48.99176], [4.27752, 48.99154], [4.27671, 48.99151], [4.27642, 48.99113], [4.27476, 48.99053], [4.27438, 48.99073], [4.27242, 48.99076], [4.2706, 48.99034], [4.2703, 48.9899], [4.26974, 48.99062], [4.27041, 48.99113], [4.27062, 48.99193], [4.26824, 48.99291], [4.26927, 48.99355], [4.26904, 48.99403], [4.26666, 48.9946], [4.26572, 48.99402], [4.26566, 48.99377], [4.26619, 48.9933], [4.26759, 48.99298], [4.26631, 48.99294], [4.26592, 48.99268], [4.26544, 48.99284], [4.26449, 48.99284], [4.26547, 48.99351], [4.26564, 48.99387], [4.26547, 48.99432], [4.26464, 48.99503], [4.26588, 48.99474], [4.26702, 48.9954], [4.26689, 48.99577], [4.26575, 48.99641], [4.265, 48.99615], [4.26427, 48.9953], [4.2633, 48.99563], [4.26241, 48.99566], [4.26106, 48.99533], [4.25965, 48.99469], [4.25921, 48.99311], [4.2582, 48.99201], [4.25729, 48.99151], [4.25472, 48.99363], [4.25428, 48.99471], [4.25354, 48.99535], [4.2504, 48.99738], [4.24915, 48.99763], [4.24815, 48.99761], [4.24702, 48.99704], [4.24639, 48.99621], [4.24578, 48.99581], [4.24446, 48.99574], [4.24373, 48.99597], [4.24247, 48.99686], [4.24555, 48.99947], [4.24794, 48.9988], [4.24843, 48.99896], [4.24895, 48.99957], [4.24902, 48.99991], [4.24876, 49.00016], [4.24935, 49.00123], [4.24881, 49.00187], [4.24816, 49.00203]], [[4.29393, 48.98942], [4.29365, 48.98975], [4.29253, 48.99023], [4.2909, 48.9913], [4.29045, 48.99134], [4.29006, 48.99116], [4.28989, 48.99071], [4.29027, 48.99011], [4.29094, 48.98964], [4.29319, 48.98907], [4.29375, 48.98912], [4.29393, 48.98942]], [[4.27853, 48.99227], [4.27864, 48.99171], [4.27996, 48.99163], [4.28056, 48.99191], [4.28105, 48.99247], [4.28098, 48.99292], [4.28051, 48.99321], [4.27977, 48.9932], [4.27853, 48.99227]], [[4.2557, 48.99664], [4.25466, 48.99673], [4.25419, 48.99623], [4.25451, 48.99595], [4.25506, 48.99593], [4.25543, 48.99565], [4.25604, 48.99557], [4.25637, 48.99572], [4.25652, 48.9961], [4.2557, 48.99664]], [[4.26431, 48.99716], [4.26499, 48.99722], [4.2678, 48.9987], [4.26793, 48.99898], [4.26761, 48.99939], [4.26682, 48.99942], [4.26358, 48.99825], [4.26347, 48.99776], [4.26431, 48.99716]], [[4.25232, 49.00077], [4.25444, 48.99996], [4.25546, 48.9999], [4.25648, 49.00199], [4.25602, 49.00442], [4.25562, 49.00513], [4.25524, 49.00533], [4.25547, 49.00585], [4.25363, 49.0069], [4.2531, 49.00676], [4.25287, 49.00628], [4.25454, 49.00531], [4.25373, 49.00492], [4.25347, 49.00456], [4.25343, 49.00412], [4.25387, 49.00383], [4.25333, 49.0024], [4.2526, 49.00179], [4.25232, 49.00077]]], [[[4.24808, 49.00351], [4.24795, 49.00314], [4.24795, 49.00345], [4.24808, 49.00351]]], [[[4.25204, 49.01487], [4.25112, 49.01518], [4.24979, 49.01447], [4.25278, 49.01659], [4.25306, 49.01658], [4.25292, 49.01598], [4.25338, 49.01585], [4.25393, 49.0162], [4.25378, 49.01655], [4.25447, 49.01648], [4.25528, 49.01684], [4.25619, 49.01668], [4.25682, 49.01707], [4.25781, 49.01702], [4.25829, 49.01749], [4.25919, 49.0177], [4.25952, 49.01863], [4.26043, 49.01813], [4.26124, 49.01825], [4.26345, 49.01718], [4.26441, 49.01719], [4.26409, 49.01666], [4.26448, 49.0162], [4.26388, 49.01531], [4.26394, 49.01489], [4.26514, 49.0143], [4.26521, 49.01399], [4.26579, 49.01365], [4.26584, 49.01324], [4.26801, 49.01244], [4.26767, 49.01208], [4.26725, 49.01259], [4.26563, 49.01326], [4.26179, 49.01421], [4.26122, 49.0142], [4.26057, 49.01387], [4.25995, 49.01283], [4.25817, 49.01119], [4.25808, 49.0108], [4.25746, 49.01044], [4.25717, 49.00966], [4.24821, 49.01335], [4.24917, 49.01403], [4.24919, 49.01367], [4.25006, 49.01308], [4.25103, 49.01304], [4.2517, 49.01341], [4.25174, 49.01369], [4.25139, 49.01396], [4.25215, 49.01451], [4.25204, 49.01487]]], [[[4.22712, 49.02208], [4.22482, 49.02305], [4.22492, 49.02336], [4.2276, 49.02281], [4.22753, 49.02222], [4.22712, 49.02208]]], [[[4.2448, 49.02992], [4.2473, 49.03408], [4.24879, 49.03573], [4.24945, 49.03557], [4.2538, 49.0333], [4.2618, 49.02796], [4.2626, 49.02794], [4.26429, 49.02907], [4.26811, 49.02609], [4.2644, 49.02365], [4.26315, 49.02305], [4.26223, 49.02221], [4.26037, 49.02223], [4.25956, 49.02249], [4.25903, 49.02245], [4.25607, 49.02353], [4.25535, 49.02333], [4.25489, 49.0225], [4.25381, 49.02282], [4.25303, 49.02256], [4.24923, 49.0242], [4.24555, 49.02542], [4.24607, 49.02584], [4.24608, 49.02626], [4.24536, 49.02669], [4.24483, 49.02679], [4.24475, 49.02713], [4.24429, 49.02741], [4.24436, 49.02785], [4.24517, 49.02862], [4.24497, 49.02905], [4.24519, 49.02955], [4.2448, 49.02992]], [[4.25206, 49.02982], [4.25228, 49.03021], [4.25201, 49.03063], [4.2514, 49.03078], [4.25077, 49.03059], [4.25054, 49.03019], [4.25079, 49.02978], [4.2515, 49.02963], [4.25206, 49.02982]]], [[[4.24382, 49.02554], [4.2462, 49.02449], [4.24882, 49.02373], [4.25174, 49.02247], [4.25131, 49.02167], [4.25213, 49.02082], [4.25373, 49.02061], [4.25488, 49.01994], [4.25621, 49.01987], [4.25685, 49.01937], [4.25758, 49.01923], [4.25806, 49.01932], [4.25886, 49.01897], [4.25863, 49.01868], [4.25703, 49.01926], [4.25631, 49.01924], [4.25594, 49.01896], [4.25581, 49.01853], [4.25369, 49.01765], [4.25318, 49.01714], [4.2522, 49.01697], [4.24868, 49.01447], [4.24781, 49.01504], [4.24705, 49.01526], [4.24597, 49.01509], [4.24566, 49.01471], [4.24586, 49.01437], [4.23088, 49.02054], [4.23164, 49.02142], [4.23169, 49.0227], [4.23143, 49.02297], [4.23365, 49.02451], [4.2349, 49.02589], [4.23565, 49.02586], [4.23615, 49.02546], [4.23684, 49.02523], [4.23765, 49.02552], [4.23827, 49.02542], [4.23879, 49.0256], [4.23918, 49.02519], [4.24075, 49.0248], [4.2419, 49.02501], [4.2429, 49.02482], [4.24382, 49.02554]], [[4.23358, 49.02141], [4.23526, 49.02147], [4.23595, 49.02195], [4.23619, 49.02244], [4.23547, 49.02293], [4.23589, 49.02353], [4.23577, 49.02385], [4.2351, 49.02427], [4.23446, 49.02439], [4.23356, 49.02384], [4.23364, 49.02343], [4.23318, 49.02291], [4.23321, 49.02204], [4.23358, 49.02141]]], [[[4.25068, 49.03698], [4.24961, 49.03703], [4.2498, 49.03754], [4.25023, 49.03777], [4.25058, 49.03837], [4.25224, 49.03836], [4.25312, 49.03899], [4.25311, 49.03972], [4.25209, 49.03998], [4.25329, 49.04123], [4.25506, 49.04237], [4.25801, 49.04617], [4.25977, 49.04527], [4.26022, 49.04424], [4.27296, 49.03579], [4.26222, 49.02844], [4.25437, 49.03369], [4.25018, 49.03587], [4.25065, 49.036], [4.25094, 49.03631], [4.25068, 49.03698]]], [[[4.21743, 49.06755], [4.21892, 49.06795], [4.22141, 49.0683], [4.22383, 49.06919], [4.22293, 49.06861], [4.22124, 49.06802], [4.21782, 49.06731], [4.21743, 49.06755]]], [[[4.2324, 49.09094], [4.22974, 49.0901], [4.22915, 49.09059], [4.2289, 49.09116], [4.23237, 49.09106], [4.2324, 49.09094]]], [[[4.23259, 49.09159], [4.22844, 49.09171], [4.2281, 49.09272], [4.22676, 49.09297], [4.22648, 49.09414], [4.22737, 49.09424], [4.2278, 49.09456], [4.22775, 49.09554], [4.22731, 49.09577], [4.22659, 49.09582], [4.22723, 49.0968], [4.22981, 49.09949], [4.23061, 49.10105], [4.23209, 49.10607], [4.23353, 49.10579], [4.23702, 49.10466], [4.23913, 49.10442], [4.24002, 49.10413], [4.24034, 49.10359], [4.24094, 49.10345], [4.2396, 49.10071], [4.23545, 49.09762], [4.23448, 49.09634], [4.23427, 49.0952], [4.23443, 49.09442], [4.23589, 49.09202], [4.2343, 49.09157], [4.23333, 49.09181], [4.23259, 49.09159]]], [[[4.22196, 49.09552], [4.21984, 49.0964], [4.22078, 49.09829], [4.22173, 49.10139], [4.22164, 49.10164], [4.22125, 49.1018], [4.22219, 49.10341], [4.22331, 49.10673], [4.22382, 49.10707], [4.2244, 49.10944], [4.22503, 49.10908], [4.22499, 49.10795], [4.22538, 49.10755], [4.22649, 49.10741], [4.22686, 49.1071], [4.22746, 49.107], [4.228, 49.10712], [4.22832, 49.10748], [4.22856, 49.10685], [4.22915, 49.10658], [4.22993, 49.10667], [4.2303, 49.10719], [4.23113, 49.1068], [4.23132, 49.10641], [4.23106, 49.10508], [4.22981, 49.10117], [4.22904, 49.09969], [4.22652, 49.09708], [4.22568, 49.09578], [4.22521, 49.09539], [4.22295, 49.09505], [4.22274, 49.09518], [4.22333, 49.09532], [4.22363, 49.09569], [4.22321, 49.09625], [4.22268, 49.09633], [4.22219, 49.0962], [4.2219, 49.09588], [4.22196, 49.09552]]], [[[4.21725, 49.10026], [4.21663, 49.10039], [4.2173, 49.1015], [4.21722, 49.10195], [4.21793, 49.103], [4.21751, 49.10346], [4.21823, 49.10594], [4.22074, 49.10679], [4.22247, 49.1067], [4.2214, 49.10355], [4.22035, 49.10178], [4.22048, 49.10144], [4.22085, 49.10131], [4.21958, 49.09762], [4.21849, 49.09945], [4.21874, 49.09979], [4.21865, 49.10015], [4.21794, 49.10044], [4.21725, 49.10026]]], [[[4.23908, 49.10497], [4.23728, 49.10517], [4.23415, 49.10619], [4.23419, 49.10661], [4.2338, 49.10693], [4.23396, 49.10759], [4.23336, 49.10813], [4.23518, 49.10881], [4.23763, 49.11029], [4.24396, 49.11046], [4.2418, 49.10522], [4.2409, 49.10523], [4.24054, 49.10555], [4.23993, 49.10564], [4.23932, 49.10541], [4.23908, 49.10497]]], [[[4.24224, 49.10424], [4.24483, 49.1105], [4.2494, 49.11066], [4.25181, 49.11098], [4.25321, 49.10818], [4.25422, 49.10514], [4.25532, 49.09714], [4.24266, 49.09496], [4.2408, 49.0943], [4.23686, 49.0923], [4.23537, 49.09469], [4.23546, 49.09603], [4.23634, 49.09724], [4.23987, 49.09979], [4.2408, 49.10068], [4.2423, 49.1038], [4.24224, 49.10424]]], [[[4.24329, 49.11917], [4.24419, 49.11953], [4.24678, 49.11727], [4.24628, 49.11605], [4.23982, 49.11971], [4.23426, 49.12326], [4.23602, 49.12458], [4.23935, 49.12281], [4.24244, 49.12082], [4.24164, 49.12032], [4.24157, 49.11985], [4.24201, 49.11951], [4.24329, 49.11917]]], [[[4.24386, 49.12076], [4.24369, 49.12089], [4.24366, 49.12091], [4.24404, 49.12089], [4.24386, 49.12076]]], [[[4.24304, 49.12134], [4.24034, 49.12309], [4.23661, 49.12509], [4.23686, 49.12529], [4.2395, 49.12649], [4.24587, 49.12094], [4.2452, 49.12117], [4.24464, 49.12115], [4.24472, 49.12168], [4.24404, 49.12204], [4.24325, 49.12186], [4.24304, 49.12134]]], [[[4.24604, 49.12077], [4.24613, 49.12071], [4.24607, 49.12068], [4.24604, 49.12077]]], [[[4.24769, 49.12037], [4.23405, 49.13208], [4.2327, 49.13371], [4.23224, 49.13491], [4.23011, 49.13753], [4.22782, 49.1395], [4.24321, 49.14883], [4.24432, 49.1485], [4.24489, 49.14868], [4.24512, 49.14905], [4.24587, 49.14888], [4.24682, 49.14918], [4.24697, 49.14947], [4.24669, 49.15007], [4.24685, 49.14976], [4.24711, 49.14917], [4.24657, 49.14886], [4.24654, 49.14844], [4.24693, 49.1481], [4.24758, 49.14805], [4.24786, 49.14735], [4.24606, 49.14732], [4.24584, 49.14705], [4.24599, 49.14643], [4.24651, 49.14621], [4.24654, 49.14579], [4.24685, 49.14563], [4.24786, 49.14568], [4.2484, 49.1461], [4.25071, 49.14076], [4.24998, 49.14047], [4.24988, 49.14], [4.2504, 49.13956], [4.25123, 49.13957], [4.25299, 49.13541], [4.25321, 49.13403], [4.25282, 49.13219], [4.24967, 49.12457], [4.24782, 49.12469], [4.24713, 49.12429], [4.2471, 49.12393], [4.2474, 49.12361], [4.24884, 49.12317], [4.24769, 49.12037]], [[4.23355, 49.13572], [4.23419, 49.13573], [4.23467, 49.13608], [4.23466, 49.13659], [4.23412, 49.13694], [4.23343, 49.1369], [4.23296, 49.13656], [4.23307, 49.13601], [4.23355, 49.13572]]], [[[4.24707, 49.11965], [4.24736, 49.11962], [4.24741, 49.11957], [4.24707, 49.11965]]], [[[4.24724, 49.11837], [4.24711, 49.11808], [4.24694, 49.11824], [4.24724, 49.11837]]], [[[4.24543, 49.11954], [4.2453, 49.11965], [4.24572, 49.1199], [4.24583, 49.11978], [4.24543, 49.11954]]], [[[4.25348, 49.12311], [4.25376, 49.1236], [4.2535, 49.12399], [4.25253, 49.12423], [4.25197, 49.12475], [4.25135, 49.1248], [4.25086, 49.12463], [4.25406, 49.13261], [4.25425, 49.13404], [4.25403, 49.13549], [4.2513, 49.14195], [4.25536, 49.14382], [4.25561, 49.14379], [4.25599, 49.14329], [4.25667, 49.14307], [4.25535, 49.14175], [4.2565, 49.13946], [4.25645, 49.13858], [4.25686, 49.13846], [4.25743, 49.1387], [4.25825, 49.13825], [4.25915, 49.13722], [4.26076, 49.13644], [4.26533, 49.13194], [4.26621, 49.13044], [4.26716, 49.13051], [4.26772, 49.13037], [4.26883, 49.12923], [4.27017, 49.12994], [4.27132, 49.12891], [4.27087, 49.12864], [4.27097, 49.12812], [4.27181, 49.12795], [4.27265, 49.12746], [4.27322, 49.1267], [4.27562, 49.12681], [4.2762, 49.12707], [4.27701, 49.12694], [4.27815, 49.12746], [4.27832, 49.12717], [4.27875, 49.12705], [4.27987, 49.12725], [4.28075, 49.12705], [4.28198, 49.12719], [4.28137, 49.12656], [4.28165, 49.12616], [4.28234, 49.12611], [4.28344, 49.12648], [4.28286, 49.12552], [4.28306, 49.12515], [4.28362, 49.12502], [4.28437, 49.1252], [4.28555, 49.1245], [4.28586, 49.12408], [4.28702, 49.12407], [4.28818, 49.12348], [4.28879, 49.12364], [4.28886, 49.12342], [4.2885, 49.12322], [4.28847, 49.12293], [4.28965, 49.12225], [4.29021, 49.12221], [4.29057, 49.12245], [4.29085, 49.12205], [4.29142, 49.1219], [4.29237, 49.12234], [4.29425, 49.12152], [4.29613, 49.12136], [4.29678, 49.12083], [4.2971, 49.12021], [4.29742, 49.12009], [4.29719, 49.11974], [4.29751, 49.11942], [4.29844, 49.11931], [4.3021, 49.11957], [4.30277, 49.11815], [4.30362, 49.11814], [4.30388, 49.11839], [4.30387, 49.11881], [4.30459, 49.11873], [4.306, 49.11824], [4.30611, 49.11777], [4.30643, 49.1176], [4.30632, 49.1172], [4.30456, 49.11725], [4.30394, 49.11702], [4.30386, 49.11606], [4.30427, 49.1158], [4.30498, 49.11575], [4.3043, 49.11563], [4.30107, 49.11623], [4.29875, 49.11637], [4.27266, 49.11556], [4.27201, 49.11572], [4.27139, 49.11552], [4.2532, 49.11488], [4.25102, 49.11738], [4.24858, 49.11957], [4.25057, 49.12406], [4.25132, 49.12321], [4.25281, 49.12294], [4.25348, 49.12311]], [[4.28092, 49.11918], [4.28075, 49.11959], [4.28015, 49.11981], [4.27953, 49.11969], [4.2792, 49.11929], [4.2794, 49.11888], [4.28002, 49.11868], [4.28058, 49.11879], [4.28092, 49.11918]], [[4.27796, 49.12098], [4.2776, 49.12152], [4.27706, 49.12162], [4.27657, 49.12149], [4.27593, 49.12187], [4.27528, 49.1218], [4.27484, 49.1214], [4.2749, 49.12104], [4.27528, 49.12077], [4.27584, 49.1207], [4.2763, 49.12085], [4.2769, 49.1205], [4.2776, 49.1206], [4.27796, 49.12098]], [[4.275, 49.12283], [4.27481, 49.12323], [4.27423, 49.12344], [4.27362, 49.12332], [4.27328, 49.12292], [4.27349, 49.12251], [4.27409, 49.12231], [4.2747, 49.12244], [4.275, 49.12283]], [[4.27185, 49.12468], [4.27149, 49.12526], [4.27052, 49.12526], [4.26992, 49.12552], [4.26929, 49.12542], [4.26889, 49.125], [4.26906, 49.12459], [4.26961, 49.12436], [4.2703, 49.12448], [4.27115, 49.12424], [4.27185, 49.12468]]], [[[4.22148, 49.13341], [4.21967, 49.13492], [4.21653, 49.13797], [4.21729, 49.13805], [4.21896, 49.13599], [4.22148, 49.13341]]], [[[4.22312, 49.13433], [4.22236, 49.1337], [4.22059, 49.13544], [4.21831, 49.13815], [4.22066, 49.13775], [4.22425, 49.13762], [4.22506, 49.13735], [4.22517, 49.13724], [4.2241, 49.13657], [4.22411, 49.13604], [4.22304, 49.13558], [4.22265, 49.13513], [4.22264, 49.13471], [4.22312, 49.13433]]], [[[4.22312, 49.1382], [4.22076, 49.13829], [4.21904, 49.13867], [4.21791, 49.13865], [4.21481, 49.14251], [4.21298, 49.14442], [4.2107, 49.14646], [4.20688, 49.14936], [4.20948, 49.15259], [4.22351, 49.14033], [4.22327, 49.13974], [4.22272, 49.13926], [4.22312, 49.1382]]], [[[4.22415, 49.14067], [4.22399, 49.14082], [4.22334, 49.14137], [4.22447, 49.14083], [4.22415, 49.14067]]], [[[4.23074, 49.13551], [4.23081, 49.1354], [4.23035, 49.13528], [4.23033, 49.13529], [4.23074, 49.13551]]], [[[4.2323, 49.13273], [4.239, 49.12692], [4.23595, 49.12541], [4.22869, 49.12908], [4.2259, 49.13087], [4.22286, 49.13325], [4.22361, 49.13388], [4.22425, 49.13332], [4.22524, 49.13343], [4.22692, 49.13449], [4.2277, 49.13535], [4.22896, 49.13482], [4.22991, 49.13476], [4.22956, 49.13445], [4.22954, 49.13405], [4.22732, 49.1327], [4.22734, 49.13203], [4.22837, 49.13135], [4.22911, 49.13121], [4.23038, 49.1316], [4.23093, 49.13207], [4.2323, 49.13273]]], [[[4.22632, 49.1405], [4.22098, 49.14345], [4.20533, 49.1571], [4.21248, 49.16145], [4.2131, 49.16104], [4.21578, 49.16013], [4.21639, 49.16016], [4.21683, 49.16037], [4.21714, 49.16088], [4.21703, 49.16123], [4.23997, 49.15449], [4.23967, 49.15355], [4.24029, 49.15232], [4.24061, 49.15218], [4.24102, 49.15228], [4.24109, 49.153], [4.24193, 49.15151], [4.2425, 49.15133], [4.2428, 49.15079], [4.24323, 49.15061], [4.24135, 49.14952], [4.24132, 49.1491], [4.2418, 49.14871], [4.22901, 49.14096], [4.22855, 49.14134], [4.22792, 49.1414], [4.2267, 49.14112], [4.22632, 49.1405]]], [[[4.24417, 49.15274], [4.2445, 49.15251], [4.24422, 49.1525], [4.24417, 49.15274]]], [[[4.2464, 49.15209], [4.24604, 49.15242], [4.24576, 49.15266], [4.24681, 49.15215], [4.2464, 49.15209]]], [[[4.24559, 49.15278], [4.24431, 49.15363], [4.24234, 49.15452], [4.215, 49.16261], [4.21588, 49.1632], [4.21653, 49.16321], [4.21702, 49.16354], [4.2179, 49.16322], [4.21824, 49.16261], [4.21896, 49.16249], [4.21961, 49.16281], [4.21969, 49.1633], [4.22106, 49.16234], [4.22336, 49.16151], [4.22522, 49.16147], [4.22636, 49.1612], [4.22743, 49.16019], [4.22978, 49.15956], [4.2325, 49.15847], [4.23369, 49.1585], [4.23402, 49.15872], [4.2343, 49.15826], [4.23476, 49.15819], [4.23538, 49.15837], [4.23635, 49.15787], [4.23688, 49.15799], [4.23707, 49.15829], [4.23786, 49.15832], [4.23807, 49.15861], [4.23848, 49.15871], [4.23918, 49.15825], [4.23996, 49.15819], [4.24122, 49.15866], [4.24258, 49.15811], [4.24306, 49.15736], [4.24292, 49.15679], [4.24387, 49.15627], [4.24461, 49.15622], [4.24553, 49.15546], [4.24625, 49.15547], [4.24638, 49.15456], [4.24717, 49.15443], [4.24763, 49.15479], [4.24799, 49.15453], [4.24757, 49.15405], [4.24754, 49.15352], [4.24698, 49.15347], [4.24624, 49.15376], [4.24553, 49.15353], [4.24534, 49.15313], [4.24559, 49.15278]]], [[[4.24886, 49.153], [4.24831, 49.15373], [4.24881, 49.15438], [4.24878, 49.15472], [4.24774, 49.1554], [4.2472, 49.15543], [4.24746, 49.15582], [4.24733, 49.15614], [4.24671, 49.15626], [4.24589, 49.15595], [4.24506, 49.15669], [4.24423, 49.15677], [4.24388, 49.15697], [4.24468, 49.15763], [4.24436, 49.15795], [4.24355, 49.15797], [4.24348, 49.15817], [4.2439, 49.15862], [4.24361, 49.15907], [4.24429, 49.15957], [4.24443, 49.15944], [4.24394, 49.15889], [4.24433, 49.15835], [4.24508, 49.15798], [4.24587, 49.15817], [4.2493, 49.15486], [4.2491, 49.15401], [4.2495, 49.15352], [4.25019, 49.15327], [4.24945, 49.15296], [4.24886, 49.153]]], [[[4.24982, 49.15531], [4.24643, 49.15858], [4.24634, 49.15903], [4.24491, 49.15992], [4.24534, 49.16002], [4.25181, 49.15484], [4.25174, 49.15461], [4.2506, 49.15531], [4.24982, 49.15531]]], [[[4.25341, 49.15356], [4.25617, 49.15135], [4.25625, 49.15103], [4.25511, 49.15153], [4.25474, 49.1521], [4.25356, 49.15274], [4.25323, 49.15306], [4.25341, 49.15356]]], [[[4.25659, 49.15053], [4.25711, 49.1506], [4.25947, 49.14871], [4.25827, 49.14887], [4.25755, 49.14862], [4.25708, 49.14921], [4.25595, 49.14939], [4.25579, 49.14973], [4.25653, 49.15003], [4.25659, 49.15053]]], [[[4.25981, 49.14822], [4.26, 49.14829], [4.2632, 49.14573], [4.26295, 49.14551], [4.26214, 49.14542], [4.2618, 49.14622], [4.26097, 49.14699], [4.25983, 49.1476], [4.25981, 49.14822]]], [[[4.26536, 49.1451], [4.2607, 49.14863], [4.26064, 49.14888], [4.26025, 49.14899], [4.25788, 49.15088], [4.25803, 49.15126], [4.25781, 49.15159], [4.2573, 49.15182], [4.25673, 49.1518], [4.25291, 49.15486], [4.25754, 49.15811], [4.26398, 49.16129], [4.27533, 49.1705], [4.29796, 49.15338], [4.31928, 49.14209], [4.31945, 49.14146], [4.31751, 49.13947], [4.31695, 49.13953], [4.31633, 49.13934], [4.31537, 49.13866], [4.31531, 49.13822], [4.31413, 49.13761], [4.31398, 49.13725], [4.31418, 49.1367], [4.31156, 49.13744], [4.30867, 49.13759], [4.29472, 49.13553], [4.29109, 49.13529], [4.28726, 49.13538], [4.28418, 49.13572], [4.2808, 49.13638], [4.27755, 49.13733], [4.27457, 49.13853], [4.27041, 49.14091], [4.26536, 49.1451]]], [[[4.26636, 49.14318], [4.26671, 49.14291], [4.26737, 49.14238], [4.26601, 49.1428], [4.26636, 49.14318]]], [[[4.2626, 49.14383], [4.26216, 49.14397], [4.26166, 49.14412], [4.26201, 49.14432], [4.2626, 49.14383]]], [[[4.25969, 49.14413], [4.26828, 49.14138], [4.27811, 49.13531], [4.29118, 49.1335], [4.30293, 49.12973], [4.30298, 49.12926], [4.3035, 49.12867], [4.30435, 49.12836], [4.30514, 49.12846], [4.30565, 49.12831], [4.30612, 49.12778], [4.30694, 49.1278], [4.30754, 49.12835], [4.30732, 49.128], [4.30745, 49.12761], [4.30784, 49.12735], [4.30833, 49.1273], [4.30685, 49.12699], [4.30684, 49.12657], [4.30893, 49.12685], [4.30954, 49.12641], [4.31058, 49.12654], [4.30856, 49.12115], [4.30888, 49.11926], [4.30988, 49.11736], [4.30985, 49.11681], [4.30927, 49.11613], [4.30868, 49.11619], [4.30798, 49.11592], [4.30841, 49.11616], [4.30855, 49.11653], [4.30822, 49.11687], [4.3074, 49.11693], [4.30715, 49.1171], [4.30735, 49.11774], [4.30686, 49.11815], [4.30742, 49.11908], [4.30678, 49.11961], [4.3055, 49.11984], [4.30467, 49.11927], [4.30367, 49.11938], [4.30313, 49.11926], [4.30278, 49.11995], [4.3023, 49.12019], [4.29825, 49.11984], [4.29771, 49.12099], [4.29672, 49.12179], [4.29454, 49.12202], [4.29245, 49.1229], [4.29143, 49.1225], [4.29081, 49.12298], [4.29024, 49.12297], [4.28991, 49.12278], [4.28949, 49.12302], [4.2897, 49.12356], [4.28942, 49.12423], [4.28872, 49.12433], [4.28819, 49.12411], [4.28736, 49.12466], [4.28637, 49.12455], [4.28484, 49.12584], [4.28442, 49.12588], [4.28391, 49.12565], [4.28429, 49.1267], [4.28318, 49.12708], [4.28313, 49.12735], [4.28268, 49.1276], [4.28205, 49.12773], [4.28084, 49.12759], [4.28008, 49.1278], [4.27908, 49.12763], [4.27883, 49.12793], [4.27812, 49.12804], [4.27693, 49.12748], [4.27624, 49.12776], [4.27545, 49.12734], [4.27368, 49.12722], [4.27324, 49.12785], [4.27183, 49.12849], [4.27217, 49.1287], [4.27219, 49.12905], [4.27074, 49.13034], [4.27101, 49.13169], [4.26916, 49.13263], [4.26865, 49.13425], [4.26635, 49.1361], [4.26622, 49.13682], [4.26557, 49.13763], [4.26498, 49.13797], [4.26236, 49.13862], [4.26136, 49.13914], [4.2592, 49.14069], [4.25909, 49.14117], [4.2595, 49.14187], [4.25793, 49.14414], [4.25742, 49.14423], [4.25707, 49.14373], [4.25654, 49.14376], [4.25612, 49.14427], [4.25711, 49.14467], [4.25969, 49.14413]], [[4.3005, 49.12841], [4.29946, 49.12776], [4.29945, 49.12741], [4.29977, 49.1271], [4.30064, 49.12705], [4.30171, 49.12757], [4.30161, 49.12708], [4.30204, 49.12672], [4.30272, 49.12667], [4.30348, 49.12695], [4.30356, 49.12751], [4.30311, 49.12797], [4.30253, 49.12808], [4.30198, 49.12791], [4.30183, 49.12831], [4.30131, 49.12855], [4.3005, 49.12841]]], [[[4.25544, 49.1446], [4.25524, 49.14447], [4.25379, 49.1446], [4.25346, 49.14511], [4.25267, 49.14553], [4.25218, 49.14539], [4.25171, 49.14492], [4.25124, 49.145], [4.25133, 49.14535], [4.25067, 49.14588], [4.25081, 49.14626], [4.25021, 49.14688], [4.25011, 49.14744], [4.24934, 49.14778], [4.2492, 49.14818], [4.24955, 49.14857], [4.25002, 49.14858], [4.25041, 49.14897], [4.25008, 49.14975], [4.2502, 49.15014], [4.25054, 49.14982], [4.25102, 49.14972], [4.25084, 49.14891], [4.2515, 49.14829], [4.25045, 49.14789], [4.25041, 49.14755], [4.25083, 49.14744], [4.2518, 49.14778], [4.2524, 49.14752], [4.25292, 49.14703], [4.25327, 49.14641], [4.25319, 49.14589], [4.25359, 49.14544], [4.25406, 49.14519], [4.25483, 49.14516], [4.25544, 49.1446]]], [[[4.24925, 49.15092], [4.24926, 49.14966], [4.24959, 49.14915], [4.24912, 49.14912], [4.24852, 49.14853], [4.24725, 49.15111], [4.24839, 49.15158], [4.24925, 49.15092]]], [[[4.24725, 49.15216], [4.24727, 49.15205], [4.24699, 49.15214], [4.24725, 49.15216]]], [[[4.25661, 49.14793], [4.25694, 49.14807], [4.2572, 49.14821], [4.2572, 49.14813], [4.25661, 49.14793]]], [[[4.24386, 49.16085], [4.24086, 49.16351], [4.23987, 49.16439], [4.24422, 49.16091], [4.24386, 49.16085]]], [[[4.21907, 49.16369], [4.21829, 49.16357], [4.21811, 49.16372], [4.21885, 49.16392], [4.21907, 49.16369]]], [[[4.21343, 49.16639], [4.21373, 49.16631], [4.21343, 49.16623], [4.21343, 49.16639]]], [[[4.24144, 49.19955], [4.24206, 49.19978], [4.24221, 49.2002], [4.24202, 49.20051], [4.24274, 49.20065], [4.243, 49.20116], [4.24229, 49.20205], [4.24109, 49.20225], [4.24066, 49.20259], [4.25473, 49.20164], [4.24856, 49.19158], [4.23335, 49.20309], [4.2388, 49.20272], [4.23828, 49.20263], [4.23795, 49.20233], [4.238, 49.20185], [4.2385, 49.20158], [4.23782, 49.20129], [4.23783, 49.20071], [4.23825, 49.20046], [4.23934, 49.20039], [4.24015, 49.20011], [4.2406, 49.19964], [4.24144, 49.19955]]], [[[4.23906, 49.20269], [4.23959, 49.20267], [4.23959, 49.20266], [4.23906, 49.20269]]], [[[4.23887, 49.20156], [4.23889, 49.20156], [4.23885, 49.20156], [4.23887, 49.20156]]], [[[4.24124, 49.20108], [4.24143, 49.20071], [4.24095, 49.20073], [4.24069, 49.20112], [4.24124, 49.20108]]], [[[4.25722, 49.24913], [4.2566, 49.24921], [4.2552, 49.24886], [4.25548, 49.24793], [4.25606, 49.24751], [4.24411, 49.24438], [4.23839, 49.24622], [4.23926, 49.24665], [4.23908, 49.24701], [4.2387, 49.24701], [4.23754, 49.24649], [4.22355, 49.25098], [4.22333, 49.25118], [4.22323, 49.25164], [4.22242, 49.25224], [4.22262, 49.25232], [4.22352, 49.25201], [4.22427, 49.25235], [4.22432, 49.25277], [4.22357, 49.25366], [4.22665, 49.25507], [4.22746, 49.25475], [4.22845, 49.25511], [4.22867, 49.25549], [4.22844, 49.25588], [4.22957, 49.2564], [4.23009, 49.25695], [4.23005, 49.25732], [4.22969, 49.2576], [4.22886, 49.25778], [4.22821, 49.25756], [4.2279, 49.25699], [4.22842, 49.25653], [4.22718, 49.2561], [4.22234, 49.25375], [4.22069, 49.25492], [4.22451, 49.26548], [4.22577, 49.26756], [4.22672, 49.26788], [4.2263, 49.26844], [4.23122, 49.2766], [4.23192, 49.27596], [4.2325, 49.27609], [4.23159, 49.27721], [4.23694, 49.28585], [4.23723, 49.28664], [4.23787, 49.28636], [4.2379, 49.28544], [4.23835, 49.28521], [4.23899, 49.28522], [4.23963, 49.28419], [4.24394, 49.27557], [4.2435, 49.27523], [4.24356, 49.27476], [4.24393, 49.27449], [4.24449, 49.27442], [4.24475, 49.27389], [4.24514, 49.27378], [4.24551, 49.27402], [4.24527, 49.27514], [4.2448, 49.27558], [4.2429, 49.2795], [4.24524, 49.27966], [4.24553, 49.27997], [4.24512, 49.28018], [4.24263, 49.28003], [4.23962, 49.28593], [4.2389, 49.28674], [4.23891, 49.2871], [4.2404, 49.28741], [4.24084, 49.28769], [4.24198, 49.28774], [4.2425, 49.28813], [4.24365, 49.28769], [4.24444, 49.28761], [4.25028, 49.28795], [4.25069, 49.28776], [4.25108, 49.28799], [4.25734, 49.28836], [4.25755, 49.2876], [4.25794, 49.28745], [4.25831, 49.28763], [4.25819, 49.2883], [4.2585, 49.28842], [4.26354, 49.28874], [4.27688, 49.29079], [4.2766, 49.2901], [4.27709, 49.28986], [4.27739, 49.29002], [4.27781, 49.29093], [4.2866, 49.29225], [4.28675, 49.2917], [4.28746, 49.29153], [4.28791, 49.29181], [4.28785, 49.29245], [4.30147, 49.29454], [4.30192, 49.29409], [4.30282, 49.29405], [4.30341, 49.29445], [4.30316, 49.29505], [4.30415, 49.29549], [4.30625, 49.29693], [4.30682, 49.29654], [4.30778, 49.29669], [4.30932, 49.29635], [4.30846, 49.29543], [4.3085, 49.29496], [4.30902, 49.29459], [4.31116, 49.29394], [4.31353, 49.29355], [4.31406, 49.29379], [4.31446, 49.29449], [4.31516, 49.29444], [4.31487, 49.29374], [4.31511, 49.29336], [4.31593, 49.29314], [4.31729, 49.29312], [4.3176, 49.29012], [4.31568, 49.28806], [4.31453, 49.2884], [4.3141, 49.28825], [4.3142, 49.28793], [4.31533, 49.28757], [4.31319, 49.28401], [4.3125, 49.28306], [4.3114, 49.28339], [4.31097, 49.28323], [4.31106, 49.28292], [4.31201, 49.28262], [4.30766, 49.27876], [4.30297, 49.27145], [4.30241, 49.271], [4.30186, 49.26896], [4.29848, 49.26998], [4.29796, 49.26982], [4.29814, 49.2695], [4.30174, 49.2684], [4.3014, 49.26682], [4.3009, 49.26608], [4.29956, 49.26499], [4.29053, 49.26037], [4.27988, 49.25619], [4.27233, 49.25223], [4.2705, 49.25093], [4.26984, 49.25094], [4.26997, 49.25052], [4.26827, 49.24917], [4.26677, 49.24672], [4.26629, 49.24546], [4.26641, 49.24262], [4.2651, 49.24032], [4.26352, 49.23831], [4.26109, 49.23892], [4.2451, 49.24406], [4.25676, 49.24713], [4.257, 49.24737], [4.25687, 49.24769], [4.2575, 49.24786], [4.25779, 49.24819], [4.25722, 49.24913]], [[4.25834, 49.24706], [4.2596, 49.24714], [4.26038, 49.2478], [4.26027, 49.24827], [4.25944, 49.24869], [4.25819, 49.24836], [4.25798, 49.24752], [4.25834, 49.24706]], [[4.25508, 49.25223], [4.25431, 49.25212], [4.25444, 49.25163], [4.25534, 49.25172], [4.25539, 49.25205], [4.25508, 49.25223]], [[4.25504, 49.25318], [4.25439, 49.25341], [4.25401, 49.25297], [4.25428, 49.25277], [4.25473, 49.25277], [4.25504, 49.25318]], [[4.26419, 49.24506], [4.26346, 49.24468], [4.2641, 49.24412], [4.26521, 49.24444], [4.26542, 49.24466], [4.26503, 49.2451], [4.26419, 49.24506]]], [[[4.2373, 49.29308], [4.23968, 49.2949], [4.24803, 49.30056], [4.249, 49.30073], [4.24914, 49.30131], [4.25139, 49.30289], [4.25789, 49.30836], [4.25854, 49.30811], [4.25916, 49.30821], [4.26059, 49.3098], [4.26216, 49.31023], [4.26251, 49.31027], [4.26263, 49.30986], [4.26309, 49.3096], [4.26267, 49.30919], [4.26279, 49.30874], [4.26341, 49.30831], [4.26405, 49.30825], [4.26452, 49.30845], [4.26469, 49.30899], [4.26712, 49.31097], [4.26826, 49.31093], [4.26881, 49.3112], [4.27193, 49.31028], [4.27157, 49.30964], [4.27201, 49.3092], [4.27309, 49.309], [4.27401, 49.30951], [4.27544, 49.30923], [4.27637, 49.30895], [4.2759, 49.30836], [4.27647, 49.30777], [4.27712, 49.3077], [4.27776, 49.30801], [4.27823, 49.30763], [4.2791, 49.30759], [4.27972, 49.30705], [4.28065, 49.30673], [4.27968, 49.3058], [4.27988, 49.30545], [4.28051, 49.30509], [4.28142, 49.30514], [4.28241, 49.30599], [4.28313, 49.30575], [4.28217, 49.30486], [4.28246, 49.30428], [4.27453, 49.29637], [4.27473, 49.29598], [4.27523, 49.29608], [4.28312, 49.30395], [4.28403, 49.30395], [4.28514, 49.30498], [4.28565, 49.30509], [4.28589, 49.30446], [4.28667, 49.30413], [4.28741, 49.30421], [4.28762, 49.30384], [4.28837, 49.30345], [4.28829, 49.30268], [4.28665, 49.30095], [4.28404, 49.29728], [4.28007, 49.29412], [4.27722, 49.29139], [4.26291, 49.28922], [4.25541, 49.28879], [4.25555, 49.2895], [4.25511, 49.28972], [4.25478, 49.28958], [4.25437, 49.28873], [4.24425, 49.28815], [4.2428, 49.28864], [4.24295, 49.28897], [4.24268, 49.28938], [4.24275, 49.28976], [4.24206, 49.29019], [4.24197, 49.29118], [4.24102, 49.29181], [4.24142, 49.29243], [4.24096, 49.29293], [4.24116, 49.29329], [4.24091, 49.29368], [4.24006, 49.29388], [4.23941, 49.29354], [4.23922, 49.29387], [4.23863, 49.29395], [4.23797, 49.29337], [4.23792, 49.29293], [4.2373, 49.29308]], [[4.2565, 49.30606], [4.25676, 49.30554], [4.2574, 49.30533], [4.25822, 49.3056], [4.25858, 49.30606], [4.25812, 49.30667], [4.25739, 49.30681], [4.25664, 49.30655], [4.2565, 49.30606]]], [[[4.25869, 49.32004], [4.25933, 49.3202], [4.25968, 49.3197], [4.26034, 49.31961], [4.25997, 49.31869], [4.26084, 49.31781], [4.26082, 49.31703], [4.26131, 49.31675], [4.26214, 49.31688], [4.26247, 49.31611], [4.26288, 49.3158], [4.26362, 49.3156], [4.26439, 49.31564], [4.26474, 49.31517], [4.26517, 49.31502], [4.26563, 49.31513], [4.2658, 49.31541], [4.2681, 49.3154], [4.26953, 49.31577], [4.27003, 49.31556], [4.26919, 49.31556], [4.26796, 49.31479], [4.2678, 49.31432], [4.26821, 49.31393], [4.26754, 49.31356], [4.26667, 49.31347], [4.2652, 49.31371], [4.26487, 49.31409], [4.26273, 49.3149], [4.26185, 49.31616], [4.26084, 49.31643], [4.26005, 49.31621], [4.25921, 49.31911], [4.25937, 49.31954], [4.25869, 49.32004]]], [[[4.2583, 49.32171], [4.25804, 49.32239], [4.25861, 49.32293], [4.25889, 49.32369], [4.25958, 49.3235], [4.25956, 49.32278], [4.25925, 49.32181], [4.2583, 49.32171]]], [[[4.2602, 49.32408], [4.25974, 49.32417], [4.25999, 49.32444], [4.26016, 49.32435], [4.2602, 49.32408]]], [[[4.28934, 48.95032], [4.28929, 48.94863], [4.28775, 48.94826], [4.28709, 48.94832], [4.28688, 48.94874], [4.28712, 48.95079], [4.28658, 48.95153], [4.27336, 48.95867], [4.27329, 48.95915], [4.274, 48.95924], [4.27453, 48.95972], [4.27448, 48.96009], [4.27394, 48.96051], [4.2742, 48.96074], [4.27935, 48.96338], [4.28364, 48.96688], [4.28476, 48.96327], [4.28615, 48.96048], [4.28584, 48.96], [4.2862, 48.95933], [4.28691, 48.95911], [4.28714, 48.95869], [4.28832, 48.95593], [4.28895, 48.95374], [4.2893, 48.95095], [4.2888, 48.95119], [4.28824, 48.95117], [4.28776, 48.95088], [4.28767, 48.95051], [4.2884, 48.95003], [4.28934, 48.95032]]], [[[4.27097, 48.96059], [4.27231, 48.95988], [4.27249, 48.95899], [4.2699, 48.95996], [4.27019, 48.96042], [4.27097, 48.96059]]], [[[4.28668, 48.96139], [4.28537, 48.96433], [4.28453, 48.96746], [4.2943, 48.9733], [4.29451, 48.97325], [4.29606, 48.97221], [4.29604, 48.97149], [4.29682, 48.97111], [4.29605, 48.97049], [4.29632, 48.96991], [4.29732, 48.96937], [4.29785, 48.96928], [4.29894, 48.96948], [4.29985, 48.9702], [4.30461, 48.96763], [4.30463, 48.96722], [4.30348, 48.9646], [4.30322, 48.96237], [4.30357, 48.95919], [4.30332, 48.95862], [4.3037, 48.95802], [4.30462, 48.95144], [4.29807, 48.95069], [4.29031, 48.94888], [4.2903, 48.95116], [4.2899, 48.95397], [4.28885, 48.95721], [4.28771, 48.95952], [4.28819, 48.9602], [4.2876, 48.96119], [4.28668, 48.96139]], [[4.30346, 48.95334], [4.30295, 48.9535], [4.30157, 48.95344], [4.30115, 48.95307], [4.30123, 48.95253], [4.30179, 48.95225], [4.30326, 48.9523], [4.30375, 48.95277], [4.30346, 48.95334]]], [[[4.28529, 48.97057], [4.28537, 48.97103], [4.28448, 48.97138], [4.2848, 48.9728], [4.28568, 48.97508], [4.28711, 48.97759], [4.29011, 48.97592], [4.29065, 48.97539], [4.29069, 48.97504], [4.29354, 48.97356], [4.28443, 48.96813], [4.28437, 48.97042], [4.28529, 48.97057]]], [[[4.29443, 48.97446], [4.29202, 48.97592], [4.29193, 48.97628], [4.29262, 48.97646], [4.29303, 48.97703], [4.29232, 48.97777], [4.29261, 48.9781], [4.2927, 48.97907], [4.29228, 48.97938], [4.2916, 48.97946], [4.29151, 48.97981], [4.29192, 48.98028], [4.29504, 48.97843], [4.29972, 48.97644], [4.30026, 48.976], [4.29921, 48.97523], [4.29895, 48.97473], [4.2981, 48.97428], [4.29607, 48.97503], [4.29552, 48.97497], [4.29443, 48.97446]]], [[[4.30004, 48.97698], [4.29801, 48.97778], [4.29653, 48.97842], [4.29705, 48.97876], [4.29824, 48.97778], [4.30004, 48.97698]]], [[[4.30132, 48.9769], [4.30167, 48.97721], [4.30324, 48.9768], [4.30463, 48.97666], [4.30558, 48.97676], [4.30435, 48.97578], [4.3029, 48.97627], [4.30239, 48.97623], [4.30159, 48.97647], [4.30132, 48.9769]]], [[[4.30337, 48.97502], [4.30807, 48.9732], [4.30677, 48.97144], [4.30625, 48.97158], [4.30597, 48.97219], [4.30493, 48.97236], [4.30509, 48.97279], [4.30488, 48.97338], [4.30348, 48.97403], [4.3037, 48.97449], [4.30337, 48.97502]]], [[[4.30479, 48.97123], [4.3065, 48.97093], [4.30509, 48.96815], [4.3003, 48.97066], [4.30124, 48.97077], [4.30264, 48.97199], [4.30431, 48.97154], [4.30479, 48.97123]]], [[[4.29021, 48.98142], [4.29017, 48.98154], [4.29041, 48.98137], [4.29021, 48.98142]]], [[[4.29118, 48.97653], [4.29085, 48.97638], [4.29054, 48.97649], [4.2881, 48.97777], [4.29038, 48.97779], [4.2905, 48.97709], [4.29118, 48.97653]]], [[[4.27004, 48.98342], [4.27121, 48.98306], [4.27211, 48.98278], [4.27168, 48.98252], [4.27014, 48.98299], [4.27004, 48.98342]]], [[[4.29387, 48.98559], [4.29532, 48.98937], [4.29616, 48.99263], [4.31584, 48.98443], [4.31587, 48.98411], [4.31699, 48.98311], [4.31771, 48.98309], [4.31794, 48.98355], [4.32571, 48.98038], [4.32571, 48.98001], [4.32482, 48.98009], [4.32239, 48.97947], [4.31737, 48.97908], [4.3171, 48.97932], [4.31524, 48.97966], [4.31431, 48.97917], [4.31449, 48.97889], [4.31503, 48.97883], [4.309, 48.97831], [4.30877, 48.97836], [4.30661, 48.9814], [4.30573, 48.98208], [4.30438, 48.98239], [4.30373, 48.98231], [4.3034, 48.98196], [4.30331, 48.98056], [4.30227, 48.98055], [4.30175, 48.98106], [4.3005, 48.98122], [4.30068, 48.98243], [4.29996, 48.98312], [4.29846, 48.98344], [4.2959, 48.9844], [4.29506, 48.98447], [4.29381, 48.98412], [4.29142, 48.98235], [4.29099, 48.98238], [4.29341, 48.98546], [4.29387, 48.98559]], [[4.29942, 48.98713], [4.29886, 48.98633], [4.2987, 48.98566], [4.29898, 48.98537], [4.29975, 48.98527], [4.30173, 48.98616], [4.30223, 48.9868], [4.3021, 48.98734], [4.30104, 48.98778], [4.30014, 48.98778], [4.29942, 48.98713]], [[4.31099, 48.98161], [4.31093, 48.98124], [4.31182, 48.98037], [4.31237, 48.98036], [4.31319, 48.98075], [4.31381, 48.98058], [4.31424, 48.98078], [4.31407, 48.98118], [4.31291, 48.98165], [4.31142, 48.98182], [4.31099, 48.98161]], [[4.30783, 48.98426], [4.30547, 48.98249], [4.3056, 48.98216], [4.30615, 48.98214], [4.30727, 48.98302], [4.30861, 48.98359], [4.30944, 48.98306], [4.3095, 48.98216], [4.30898, 48.98201], [4.30722, 48.98211], [4.30687, 48.98192], [4.30689, 48.98163], [4.30838, 48.98144], [4.30887, 48.98118], [4.30959, 48.98126], [4.31027, 48.98162], [4.31059, 48.98209], [4.31052, 48.98308], [4.30932, 48.98405], [4.30879, 48.98424], [4.30783, 48.98426]], [[4.31525, 48.98394], [4.3152, 48.9844], [4.31434, 48.98471], [4.31238, 48.98377], [4.31215, 48.98332], [4.31256, 48.98295], [4.31306, 48.98287], [4.31525, 48.98394]]], [[[4.30297, 48.99701], [4.30682, 48.99477], [4.30846, 48.99419], [4.30836, 48.9939], [4.30879, 48.99361], [4.30743, 48.99277], [4.30692, 48.99167], [4.30589, 48.99127], [4.30561, 48.99088], [4.30614, 48.99032], [4.30742, 48.99045], [4.30788, 48.99003], [4.30849, 48.98994], [4.30834, 48.98861], [4.29639, 48.99355], [4.29818, 48.9998], [4.30117, 48.99805], [4.30011, 48.99718], [4.30038, 48.99655], [4.30165, 48.99646], [4.30297, 48.99701]], [[4.30381, 48.99188], [4.30442, 48.9921], [4.30461, 48.99255], [4.30415, 48.99297], [4.30351, 48.99307], [4.30293, 48.99281], [4.3028, 48.9924], [4.30321, 48.99201], [4.30381, 48.99188]], [[4.30583, 48.99285], [4.30644, 48.99295], [4.30681, 48.99335], [4.30665, 48.99375], [4.30607, 48.99399], [4.30544, 48.99387], [4.30508, 48.99348], [4.30528, 48.99306], [4.30583, 48.99285]]], [[[4.29281, 49.00118], [4.29323, 49.00094], [4.29468, 49.00069], [4.29548, 49.00093], [4.29574, 49.00124], [4.29736, 49.00028], [4.29552, 48.9939], [4.28557, 48.99779], [4.26006, 49.00845], [4.26046, 49.00872], [4.26076, 49.00849], [4.2621, 49.00825], [4.26222, 49.0079], [4.26343, 49.00707], [4.26451, 49.00676], [4.26528, 49.00681], [4.26564, 49.00653], [4.26601, 49.00658], [4.26669, 49.00706], [4.26673, 49.00746], [4.26849, 49.00819], [4.26904, 49.00939], [4.26809, 49.01151], [4.27004, 49.01359], [4.27176, 49.01492], [4.27271, 49.01467], [4.28128, 49.00967], [4.28082, 49.00913], [4.28132, 49.00861], [4.28236, 49.00826], [4.28317, 49.00856], [4.28963, 49.0048], [4.28821, 49.00438], [4.28726, 49.00375], [4.28716, 49.00336], [4.288, 49.00305], [4.2882, 49.00247], [4.2888, 49.00226], [4.28943, 49.00238], [4.2899, 49.00292], [4.28936, 49.00351], [4.29045, 49.00325], [4.29141, 49.00376], [4.29161, 49.00364], [4.2911, 49.00352], [4.29085, 49.00303], [4.29145, 49.00255], [4.29154, 49.00208], [4.29206, 49.00197], [4.29284, 49.0014], [4.29281, 49.00118]], [[4.2902, 48.99719], [4.29038, 48.99699], [4.29161, 48.99658], [4.2933, 48.99677], [4.29461, 48.99775], [4.29481, 48.99837], [4.29422, 48.9986], [4.29409, 48.99911], [4.29338, 48.99921], [4.29261, 48.99883], [4.29191, 48.99815], [4.29086, 48.99798], [4.2902, 48.99719]], [[4.29684, 49.00032], [4.29647, 49.00062], [4.29563, 49.00052], [4.29497, 49.0], [4.2951, 48.99954], [4.29548, 48.99939], [4.29587, 48.99948], [4.29684, 49.00032]], [[4.28464, 49.00177], [4.28375, 49.00192], [4.28284, 49.00141], [4.28167, 49.00042], [4.28179, 49.00003], [4.28305, 49.00003], [4.28471, 49.00129], [4.28464, 49.00177]], [[4.26914, 49.01077], [4.26945, 49.00853], [4.26989, 49.00801], [4.27044, 49.00792], [4.27098, 49.00828], [4.27119, 49.00878], [4.27173, 49.01067], [4.2715, 49.01093], [4.27187, 49.01135], [4.27166, 49.01166], [4.27118, 49.0117], [4.26914, 49.01077]]], [[[4.29424, 49.00631], [4.29444, 49.00607], [4.29565, 49.00572], [4.29665, 49.00604], [4.29747, 49.00599], [4.2982, 49.00642], [4.29822, 49.00399], [4.29754, 49.00089], [4.27525, 49.01391], [4.2758, 49.01426], [4.27571, 49.01456], [4.27528, 49.01476], [4.27576, 49.01503], [4.27589, 49.01539], [4.27499, 49.01621], [4.27401, 49.0165], [4.27319, 49.01649], [4.27141, 49.01709], [4.27454, 49.01919], [4.27373, 49.0205], [4.27243, 49.02196], [4.27013, 49.0239], [4.27084, 49.02354], [4.27162, 49.02363], [4.27231, 49.02424], [4.2718, 49.02489], [4.27369, 49.02624], [4.27448, 49.02595], [4.27542, 49.02629], [4.27556, 49.0267], [4.27521, 49.02733], [4.2832, 49.0311], [4.29612, 49.01206], [4.29713, 49.01023], [4.29614, 49.00943], [4.29526, 49.00902], [4.29507, 49.00967], [4.29409, 49.01021], [4.29347, 49.01007], [4.29289, 49.00962], [4.29311, 49.01005], [4.29293, 49.01058], [4.2922, 49.01106], [4.29144, 49.01083], [4.29078, 49.01029], [4.29069, 49.00999], [4.29098, 49.00957], [4.2907, 49.0093], [4.29072, 49.00892], [4.2914, 49.00867], [4.2916, 49.00824], [4.29279, 49.00751], [4.29332, 49.00758], [4.29384, 49.00793], [4.29428, 49.00769], [4.29481, 49.00774], [4.29749, 49.00937], [4.29778, 49.0085], [4.29466, 49.00676], [4.29424, 49.00631]], [[4.28237, 49.01268], [4.28181, 49.01263], [4.28082, 49.01218], [4.28075, 49.01177], [4.28126, 49.01131], [4.28213, 49.01131], [4.28305, 49.01173], [4.28306, 49.01225], [4.28237, 49.01268]], [[4.27874, 49.01279], [4.27938, 49.0124], [4.28001, 49.01234], [4.28064, 49.01267], [4.28073, 49.01309], [4.27966, 49.01377], [4.27903, 49.01384], [4.27835, 49.01337], [4.27874, 49.01279]]], [[[4.30093, 49.00774], [4.31652, 49.00012], [4.32218, 48.9961], [4.32397, 48.99439], [4.32182, 48.99317], [4.31932, 48.99442], [4.31704, 48.99498], [4.31452, 48.9951], [4.31001, 48.99454], [4.3084, 48.99478], [4.30705, 48.99534], [4.29837, 49.00041], [4.299, 49.00282], [4.29923, 49.00526], [4.29898, 49.0075], [4.29836, 49.00964], [4.29933, 49.00869], [4.30057, 49.00792], [4.29997, 49.00794], [4.29952, 49.00772], [4.29937, 49.00736], [4.29962, 49.00696], [4.30021, 49.0068], [4.30086, 49.00696], [4.30111, 49.00729], [4.30093, 49.00774]], [[4.31263, 48.99664], [4.31197, 48.99643], [4.31149, 48.99593], [4.31164, 48.99551], [4.31224, 48.99524], [4.31295, 48.99537], [4.31349, 48.99595], [4.31328, 48.99645], [4.31263, 48.99664]], [[4.31112, 48.99625], [4.31174, 48.99633], [4.31218, 48.99672], [4.31206, 48.99713], [4.31148, 48.99742], [4.31085, 48.99734], [4.31041, 48.99695], [4.31053, 48.99654], [4.31112, 48.99625]], [[4.31418, 48.99767], [4.31512, 48.9971], [4.31566, 48.99701], [4.31651, 48.99739], [4.31673, 48.99783], [4.31598, 48.99848], [4.31504, 48.99873], [4.31416, 48.99828], [4.31418, 48.99767]], [[4.30193, 48.99864], [4.3027, 48.99855], [4.30329, 48.99888], [4.3035, 48.99961], [4.30298, 49.00005], [4.30227, 49.00007], [4.30162, 48.99966], [4.30147, 48.99907], [4.30193, 48.99864]]], [[[4.26475, 49.00922], [4.26475, 49.00922], [4.26475, 49.00922], [4.26475, 49.00922]]], [[[4.26509, 49.00951], [4.26492, 49.00946], [4.26495, 49.00959], [4.26509, 49.00951]]], [[[4.26502, 49.00825], [4.265, 49.00822], [4.26495, 49.00824], [4.26502, 49.00825]]], [[[4.29229, 49.00904], [4.29192, 49.0089], [4.29226, 49.00913], [4.29229, 49.00904]]], [[[4.2694, 49.01433], [4.26823, 49.0151], [4.26713, 49.01526], [4.2665, 49.0151], [4.26674, 49.0154], [4.26727, 49.01529], [4.26787, 49.01545], [4.26821, 49.01597], [4.26912, 49.01652], [4.26937, 49.01642], [4.26939, 49.01573], [4.27073, 49.01495], [4.26951, 49.01403], [4.2694, 49.01433]]], [[[4.26896, 49.01347], [4.26853, 49.01299], [4.26852, 49.01325], [4.26896, 49.01347]]], [[[4.26517, 49.02339], [4.26622, 49.02408], [4.26625, 49.02342], [4.26696, 49.02304], [4.26538, 49.02233], [4.26464, 49.02161], [4.26448, 49.02166], [4.2648, 49.02198], [4.26479, 49.02233], [4.26548, 49.02284], [4.26517, 49.02339]]], [[[4.26671, 49.02221], [4.26715, 49.02247], [4.26841, 49.02145], [4.26941, 49.02136], [4.27013, 49.02164], [4.27031, 49.02214], [4.27081, 49.02237], [4.27175, 49.02166], [4.27241, 49.02081], [4.27181, 49.02031], [4.27185, 49.01984], [4.27256, 49.01949], [4.27332, 49.01959], [4.27334, 49.01909], [4.27219, 49.01836], [4.27193, 49.01904], [4.27104, 49.01926], [4.26988, 49.02025], [4.26929, 49.02038], [4.26828, 49.02111], [4.26778, 49.02126], [4.26671, 49.02221]]], [[[4.27121, 49.01638], [4.27114, 49.01652], [4.27134, 49.01644], [4.27121, 49.01638]]], [[[4.25355, 49.01666], [4.25356, 49.01666], [4.25358, 49.01665], [4.25355, 49.01666]]], [[[4.26743, 49.02486], [4.26864, 49.02567], [4.26991, 49.02466], [4.26982, 49.02445], [4.26875, 49.0239], [4.26839, 49.02471], [4.26743, 49.02486]]], [[[4.27047, 49.02506], [4.26487, 49.02946], [4.27371, 49.03552], [4.27383, 49.03593], [4.2608, 49.04462], [4.26041, 49.04561], [4.25842, 49.04664], [4.25992, 49.04844], [4.26086, 49.04914], [4.26193, 49.04991], [4.26527, 49.05162], [4.26659, 49.05274], [4.26806, 49.05447], [4.27017, 49.05646], [4.27138, 49.05843], [4.27242, 49.05915], [4.27543, 49.06017], [4.27828, 49.06203], [4.28601, 49.05568], [4.28557, 49.05546], [4.28565, 49.05435], [4.28531, 49.05359], [4.28358, 49.05177], [4.28278, 49.05043], [4.28083, 49.04272], [4.2807, 49.03966], [4.28102, 49.03706], [4.2817, 49.03448], [4.28292, 49.03163], [4.27968, 49.03012], [4.27929, 49.03056], [4.2787, 49.03071], [4.27722, 49.03011], [4.27689, 49.02959], [4.2774, 49.02904], [4.27475, 49.02778], [4.27105, 49.02515], [4.27047, 49.02506]]], [[[4.29266, 49.06092], [4.29291, 49.05952], [4.29264, 49.05614], [4.29316, 49.05515], [4.2944, 49.05385], [4.29467, 49.05316], [4.2945, 49.0524], [4.29385, 49.0517], [4.2909, 49.05328], [4.2879, 49.05524], [4.27905, 49.06243], [4.28298, 49.06442], [4.28565, 49.06542], [4.28899, 49.06576], [4.28958, 49.06551], [4.29095, 49.06552], [4.29107, 49.06538], [4.29098, 49.06504], [4.29016, 49.06453], [4.29008, 49.06418], [4.2906, 49.06358], [4.29144, 49.06344], [4.29054, 49.06276], [4.29041, 49.06234], [4.292, 49.06111], [4.29266, 49.06092]]], [[[4.28841, 49.06628], [4.28531, 49.06591], [4.28252, 49.06487], [4.27854, 49.06286], [4.27027, 49.06981], [4.26648, 49.07414], [4.26413, 49.07812], [4.26136, 49.08547], [4.25965, 49.08886], [4.26296, 49.09014], [4.26381, 49.08994], [4.26504, 49.09044], [4.26707, 49.09069], [4.26749, 49.09113], [4.26715, 49.09171], [4.27119, 49.09322], [4.28619, 49.0757], [4.28929, 49.07103], [4.28786, 49.07072], [4.28747, 49.07033], [4.28878, 49.06808], [4.28987, 49.06744], [4.28989, 49.06717], [4.28868, 49.06676], [4.28841, 49.06628]], [[4.27948, 49.08313], [4.27886, 49.08319], [4.278, 49.0829], [4.27784, 49.08249], [4.27824, 49.082], [4.27894, 49.08191], [4.2798, 49.0822], [4.27993, 49.08267], [4.27948, 49.08313]], [[4.26712, 49.08689], [4.2654, 49.08682], [4.2646, 49.0864], [4.26455, 49.08583], [4.26502, 49.08548], [4.26586, 49.0855], [4.26734, 49.0862], [4.26742, 49.08656], [4.26712, 49.08689]]], [[[4.29141, 49.0692], [4.29056, 49.07049], [4.28882, 49.07304], [4.29367, 49.06974], [4.29226, 49.06929], [4.29141, 49.0692]]], [[[4.2945, 49.069], [4.2952, 49.0682], [4.29406, 49.06782], [4.29343, 49.06834], [4.29421, 49.06864], [4.2945, 49.069]]], [[[4.29596, 49.06703], [4.29616, 49.06662], [4.29573, 49.06656], [4.29573, 49.06694], [4.29596, 49.06703]]], [[[4.2963, 49.06414], [4.29668, 49.06431], [4.29667, 49.06376], [4.2963, 49.06414]]], [[[4.29663, 49.06201], [4.29664, 49.06162], [4.29666, 49.06152], [4.2964, 49.0619], [4.29663, 49.06201]]], [[[4.29568, 49.06163], [4.29766, 49.05864], [4.30509, 49.04769], [4.29889, 49.04954], [4.29451, 49.05138], [4.29527, 49.05222], [4.29549, 49.05321], [4.29515, 49.05407], [4.29389, 49.0554], [4.29346, 49.05621], [4.29374, 49.05953], [4.29344, 49.06118], [4.29361, 49.06199], [4.29399, 49.06218], [4.2945, 49.06173], [4.29568, 49.06163]]], [[[4.26277, 49.09073], [4.25936, 49.08937], [4.25733, 49.09353], [4.25637, 49.09677], [4.25994, 49.09742], [4.26435, 49.09236], [4.26322, 49.09202], [4.26267, 49.09154], [4.26255, 49.09118], [4.26277, 49.09073]]], [[[4.26457, 49.09319], [4.26076, 49.09756], [4.26635, 49.0985], [4.27079, 49.09369], [4.2665, 49.09209], [4.26651, 49.09274], [4.26599, 49.09331], [4.26526, 49.09344], [4.26457, 49.09319]]], [[[4.28909, 49.09569], [4.30517, 49.09004], [4.30111, 49.07831], [4.30145, 49.07623], [4.30039, 49.07482], [4.29934, 49.07173], [4.29619, 49.06811], [4.29427, 49.07012], [4.29065, 49.07249], [4.28883, 49.07392], [4.26743, 49.09874], [4.2745, 49.10115], [4.28028, 49.09884], [4.28832, 49.09597], [4.28616, 49.0947], [4.28631, 49.09429], [4.28673, 49.09432], [4.28909, 49.09569]]], [[[4.29873, 49.09296], [4.28979, 49.09611], [4.29213, 49.09752], [4.29929, 49.10427], [4.30656, 49.10985], [4.30664, 49.1092], [4.30769, 49.10866], [4.30824, 49.10858], [4.30874, 49.10875], [4.31088, 49.11031], [4.31117, 49.11004], [4.31054, 49.10965], [4.31072, 49.1091], [4.31142, 49.1089], [4.31211, 49.10915], [4.31349, 49.10794], [4.31774, 49.10529], [4.31049, 49.10018], [4.30653, 49.09396], [4.30537, 49.09063], [4.30036, 49.09239], [4.30036, 49.09285], [4.29981, 49.09318], [4.29917, 49.0932], [4.29873, 49.09296]], [[4.30313, 49.1056], [4.30291, 49.10599], [4.30229, 49.10619], [4.30168, 49.10604], [4.30139, 49.10562], [4.30164, 49.10523], [4.3022, 49.10505], [4.30282, 49.10519], [4.30313, 49.1056]], [[4.3088, 49.10213], [4.30856, 49.10253], [4.30795, 49.10271], [4.30737, 49.10257], [4.30707, 49.10217], [4.30728, 49.10177], [4.30789, 49.10157], [4.3085, 49.10172], [4.3088, 49.10213]], [[4.30592, 49.10376], [4.30579, 49.10421], [4.30516, 49.10446], [4.3046, 49.10437], [4.30375, 49.10451], [4.3031, 49.10402], [4.30326, 49.1036], [4.30389, 49.10335], [4.30451, 49.10347], [4.30534, 49.10335], [4.30592, 49.10376]], [[4.30532, 49.10536], [4.30593, 49.10549], [4.30646, 49.10602], [4.30626, 49.10642], [4.3055, 49.10673], [4.30489, 49.1066], [4.30437, 49.10607], [4.30456, 49.10567], [4.30532, 49.10536]]], [[[4.29844, 49.10848], [4.299, 49.10851], [4.30048, 49.10915], [4.30038, 49.10986], [4.29938, 49.11049], [4.30304, 49.11321], [4.30432, 49.11369], [4.30529, 49.11308], [4.3054, 49.11274], [4.30586, 49.11246], [4.30641, 49.11238], [4.30729, 49.1126], [4.30678, 49.11205], [4.30716, 49.11155], [4.30627, 49.11047], [4.29864, 49.1046], [4.29149, 49.09786], [4.28902, 49.09638], [4.28123, 49.09915], [4.27539, 49.10146], [4.29803, 49.10957], [4.29779, 49.10896], [4.29844, 49.10848]]], [[[4.27077, 49.11432], [4.27133, 49.11391], [4.27206, 49.11389], [4.27362, 49.11452], [4.27388, 49.11506], [4.28434, 49.11538], [4.28461, 49.11504], [4.2852, 49.11488], [4.2858, 49.11504], [4.28611, 49.11544], [4.29876, 49.11583], [4.30158, 49.1156], [4.3014, 49.11515], [4.30157, 49.11483], [4.30106, 49.11444], [4.30014, 49.11431], [4.29986, 49.11375], [4.30013, 49.11332], [4.30103, 49.11318], [4.30143, 49.11289], [4.29733, 49.10988], [4.2746, 49.1018], [4.26692, 49.10531], [4.2571, 49.11039], [4.25373, 49.11438], [4.27044, 49.11495], [4.27077, 49.11432]], [[4.29217, 49.1123], [4.29197, 49.1127], [4.29139, 49.11291], [4.29078, 49.11279], [4.29045, 49.11239], [4.29064, 49.11199], [4.29124, 49.11178], [4.29185, 49.11191], [4.29217, 49.1123]], [[4.29017, 49.11289], [4.29002, 49.1133], [4.28941, 49.11355], [4.28878, 49.11345], [4.28839, 49.11304], [4.28855, 49.11263], [4.28914, 49.11239], [4.28975, 49.11248], [4.29017, 49.11289]], [[4.26491, 49.11302], [4.26566, 49.11276], [4.26647, 49.11306], [4.26756, 49.1138], [4.26737, 49.11444], [4.26648, 49.11471], [4.26564, 49.11442], [4.26476, 49.11357], [4.26491, 49.11302]], [[4.28927, 49.11407], [4.28907, 49.11448], [4.28847, 49.11469], [4.28787, 49.11456], [4.28755, 49.11417], [4.28774, 49.11377], [4.28833, 49.11356], [4.28893, 49.11367], [4.28927, 49.11407]]], [[[4.28954, 49.18554], [4.2904, 49.18592], [4.29054, 49.18639], [4.29161, 49.18749], [4.29295, 49.1876], [4.30868, 49.17573], [4.3079, 49.17533], [4.30795, 49.17501], [4.30839, 49.17494], [4.30923, 49.17532], [4.31605, 49.17018], [4.31722, 49.16898], [4.32101, 49.16682], [4.32019, 49.16663], [4.32023, 49.16625], [4.32172, 49.16642], [4.32434, 49.16502], [4.33479, 49.16138], [4.33457, 49.15977], [4.33369, 49.15936], [4.33348, 49.15902], [4.3336, 49.15768], [4.33456, 49.157], [4.33376, 49.15627], [4.33405, 49.15568], [4.3334, 49.15544], [4.33281, 49.15464], [4.32511, 49.14842], [4.32067, 49.14275], [4.31964, 49.1426], [4.30441, 49.15061], [4.30632, 49.15166], [4.3073, 49.15148], [4.30803, 49.15159], [4.30816, 49.15204], [4.30778, 49.15284], [4.30729, 49.15286], [4.30375, 49.15095], [4.29854, 49.15376], [4.28781, 49.16188], [4.29434, 49.16574], [4.29685, 49.16649], [4.29742, 49.15866], [4.29794, 49.15842], [4.29824, 49.15867], [4.29799, 49.16262], [4.30587, 49.16495], [4.30897, 49.16539], [4.30919, 49.16563], [4.309, 49.16594], [4.3086, 49.16602], [4.30716, 49.16562], [4.30556, 49.16545], [4.29793, 49.16319], [4.29765, 49.16679], [4.29741, 49.16704], [4.29697, 49.1671], [4.29384, 49.16617], [4.28727, 49.16229], [4.27581, 49.17096], [4.27653, 49.17052], [4.27718, 49.17077], [4.27718, 49.17104], [4.27635, 49.17166], [4.28084, 49.1774], [4.28604, 49.1814], [4.28826, 49.18494], [4.28889, 49.18568], [4.28954, 49.18554]], [[4.31112, 49.15595], [4.31139, 49.15633], [4.31112, 49.1568], [4.31052, 49.15695], [4.30983, 49.15677], [4.3096, 49.15634], [4.30987, 49.15595], [4.31047, 49.15581], [4.31112, 49.15595]], [[4.33197, 49.15752], [4.33258, 49.15739], [4.33322, 49.15759], [4.33342, 49.15799], [4.33311, 49.15841], [4.3325, 49.15855], [4.33187, 49.15835], [4.33167, 49.15795], [4.33197, 49.15752]]], [[[4.28831, 49.18611], [4.28738, 49.185], [4.28536, 49.18171], [4.28055, 49.17808], [4.2779, 49.17482], [4.27732, 49.1753], [4.27679, 49.1752], [4.27676, 49.17495], [4.27747, 49.17428], [4.27523, 49.1714], [4.25622, 49.1858], [4.25965, 49.18643], [4.26568, 49.18653], [4.2688, 49.1868], [4.2715, 49.18742], [4.27378, 49.1876], [4.27803, 49.18719], [4.28117, 49.18724], [4.28396, 49.18795], [4.28626, 49.18888], [4.28744, 49.18916], [4.28771, 49.18882], [4.28821, 49.18867], [4.29032, 49.18896], [4.28948, 49.18851], [4.28866, 49.18775], [4.28821, 49.1868], [4.28831, 49.18611]]], [[[4.28772, 49.18991], [4.28768, 49.18996], [4.28787, 49.18996], [4.28772, 49.18991]]], [[[4.28688, 49.1901], [4.28662, 49.18956], [4.2836, 49.18843], [4.28175, 49.18788], [4.28126, 49.18799], [4.281, 49.18777], [4.27809, 49.18773], [4.27371, 49.18814], [4.2713, 49.18795], [4.26928, 49.18743], [4.26845, 49.1875], [4.26733, 49.18722], [4.26561, 49.18707], [4.25949, 49.18696], [4.25561, 49.18625], [4.24916, 49.19112], [4.25234, 49.19625], [4.26203, 49.19565], [4.26245, 49.19582], [4.26213, 49.19618], [4.25265, 49.19677], [4.25558, 49.20158], [4.28377, 49.19967], [4.28465, 49.19811], [4.28651, 49.19648], [4.28615, 49.19622], [4.28612, 49.19585], [4.28693, 49.19497], [4.28708, 49.19449], [4.28749, 49.19423], [4.28746, 49.19334], [4.28795, 49.19295], [4.28869, 49.19152], [4.28868, 49.19134], [4.28756, 49.19137], [4.28662, 49.19105], [4.28645, 49.1906], [4.28688, 49.1901]]], [[[4.28891, 49.19553], [4.28556, 49.19815], [4.28468, 49.19961], [4.30491, 49.19813], [4.30563, 49.19791], [4.30424, 49.19678], [4.29868, 49.19375], [4.29798, 49.19391], [4.29726, 49.19363], [4.29596, 49.19359], [4.29543, 49.19339], [4.29521, 49.19306], [4.29439, 49.19325], [4.29379, 49.19371], [4.29234, 49.19365], [4.29108, 49.19435], [4.29059, 49.19443], [4.29003, 49.19542], [4.28937, 49.19575], [4.28891, 49.19553]]], [[[4.30048, 49.19409], [4.30088, 49.19434], [4.30289, 49.19275], [4.30347, 49.19276], [4.30336, 49.19331], [4.3015, 49.1947], [4.30482, 49.19639], [4.30671, 49.19801], [4.31563, 49.19735], [4.31723, 49.19667], [4.31792, 49.19678], [4.31823, 49.19716], [4.33128, 49.19606], [4.3316, 49.19581], [4.3322, 49.19573], [4.33328, 49.19589], [4.34724, 49.19469], [4.34721, 49.19395], [4.34757, 49.19373], [4.34799, 49.19389], [4.34803, 49.1944], [4.34967, 49.19426], [4.35009, 49.19445], [4.36345, 49.19331], [4.3783, 49.19156], [4.37776, 49.19036], [4.37809, 49.19006], [4.37855, 49.19022], [4.37911, 49.19147], [4.40125, 49.18883], [4.40073, 49.18766], [4.40106, 49.18737], [4.4015, 49.18751], [4.40206, 49.18873], [4.41267, 49.18744], [4.40936, 49.18001], [4.40758, 49.18023], [4.40719, 49.18003], [4.40743, 49.1797], [4.40913, 49.17949], [4.40305, 49.16591], [4.40175, 49.16596], [4.40141, 49.16577], [4.40166, 49.16544], [4.40281, 49.16538], [4.40033, 49.15979], [4.39961, 49.15995], [4.39886, 49.15982], [4.39823, 49.15935], [4.39783, 49.15871], [4.39797, 49.15825], [4.39938, 49.15748], [4.3974, 49.15271], [4.39609, 49.15343], [4.39552, 49.15325], [4.39562, 49.153], [4.39716, 49.15213], [4.39603, 49.14913], [4.39371, 49.14792], [4.37916, 49.14407], [4.37857, 49.14485], [4.37807, 49.14493], [4.37784, 49.14464], [4.37839, 49.14387], [4.37636, 49.14334], [4.37586, 49.14362], [4.37522, 49.14362], [4.37448, 49.14293], [4.37157, 49.14219], [4.37069, 49.14265], [4.37141, 49.14304], [4.37143, 49.14339], [4.37107, 49.14374], [4.3716, 49.14419], [4.37146, 49.14464], [4.37229, 49.14506], [4.37243, 49.14547], [4.37199, 49.14587], [4.37126, 49.14589], [4.37104, 49.14644], [4.37055, 49.1467], [4.36959, 49.14659], [4.36825, 49.1458], [4.36772, 49.14486], [4.36795, 49.14423], [4.3675, 49.14495], [4.36686, 49.14491], [4.36735, 49.14368], [4.36706, 49.14323], [4.36608, 49.14353], [4.3653, 49.1433], [4.3644, 49.14339], [4.36408, 49.14409], [4.36351, 49.14437], [4.36201, 49.14402], [4.3585, 49.14612], [4.37071, 49.14951], [4.37095, 49.14968], [4.37087, 49.14993], [4.37039, 49.15001], [4.35775, 49.14652], [4.35239, 49.14941], [4.3454, 49.155], [4.34256, 49.15686], [4.34318, 49.15709], [4.34311, 49.15743], [4.34274, 49.1575], [4.34198, 49.15729], [4.34182, 49.1575], [4.34232, 49.15768], [4.34253, 49.15802], [4.34231, 49.15874], [4.34186, 49.15903], [4.34212, 49.16044], [4.34155, 49.16101], [4.34243, 49.16156], [4.34204, 49.16231], [4.34144, 49.16246], [4.34075, 49.16229], [4.34042, 49.16193], [4.34052, 49.16156], [4.3397, 49.16153], [4.33953, 49.16197], [4.33898, 49.16218], [4.33753, 49.1618], [4.33721, 49.16219], [4.33668, 49.16233], [4.3357, 49.16213], [4.3353, 49.16184], [4.33452, 49.16282], [4.33393, 49.1627], [4.33411, 49.16223], [4.32537, 49.16525], [4.31999, 49.16804], [4.31911, 49.16869], [4.31926, 49.16902], [4.31902, 49.1698], [4.31814, 49.17013], [4.31835, 49.17062], [4.31806, 49.17111], [4.31732, 49.17129], [4.31614, 49.17093], [4.30369, 49.18029], [4.30631, 49.18144], [4.30637, 49.18182], [4.30586, 49.18189], [4.30314, 49.18071], [4.29633, 49.18589], [4.29631, 49.18621], [4.29581, 49.18628], [4.29376, 49.18782], [4.29399, 49.18846], [4.29322, 49.18895], [4.29255, 49.18987], [4.29365, 49.19006], [4.29496, 49.18997], [4.29598, 49.19022], [4.29634, 49.19041], [4.29637, 49.19087], [4.29756, 49.19073], [4.29939, 49.19164], [4.29968, 49.19202], [4.29948, 49.19313], [4.3005, 49.19294], [4.30124, 49.19337], [4.30107, 49.19387], [4.30048, 49.19409]]], [[[4.28836, 49.19007], [4.28826, 49.19003], [4.28819, 49.19003], [4.28836, 49.19007]]], [[[4.30472, 49.19869], [4.29271, 49.19958], [4.29303, 49.20043], [4.29268, 49.20069], [4.29224, 49.20054], [4.29188, 49.19964], [4.28459, 49.20015], [4.28507, 49.2015], [4.28471, 49.20178], [4.28427, 49.2016], [4.28376, 49.20021], [4.26642, 49.2014], [4.2666, 49.20174], [4.26623, 49.20195], [4.26554, 49.20145], [4.2558, 49.20211], [4.2618, 49.22462], [4.26402, 49.22319], [4.27245, 49.2156], [4.27349, 49.21446], [4.27467, 49.21224], [4.27891, 49.21058], [4.28151, 49.20987], [4.28495, 49.20964], [4.28883, 49.21007], [4.29311, 49.20999], [4.32884, 49.20739], [4.33983, 49.20628], [4.34071, 49.20667], [4.34101, 49.20756], [4.34091, 49.2085], [4.33977, 49.21167], [4.33985, 49.21217], [4.34028, 49.2125], [4.34431, 49.21416], [4.34495, 49.21455], [4.3453, 49.21505], [4.34504, 49.21583], [4.34077, 49.22007], [4.34188, 49.221], [4.34504, 49.22215], [4.34725, 49.22433], [4.34824, 49.22642], [4.34809, 49.22707], [4.34629, 49.22894], [4.3451, 49.23155], [4.34303, 49.23323], [4.3421, 49.23626], [4.34214, 49.23767], [4.34109, 49.23908], [4.34231, 49.23889], [4.35783, 49.23967], [4.36306, 49.24009], [4.36838, 49.24025], [4.38536, 49.24388], [4.38883, 49.2444], [4.39637, 49.24428], [4.39947, 49.24492], [4.40347, 49.2454], [4.40374, 49.24521], [4.40385, 49.2446], [4.4045, 49.24436], [4.4046, 49.24403], [4.40499, 49.24391], [4.40531, 49.24406], [4.40533, 49.24437], [4.40607, 49.24444], [4.40692, 49.24477], [4.40715, 49.24525], [4.40762, 49.24553], [4.4081, 49.2452], [4.40836, 49.24464], [4.40747, 49.24405], [4.40611, 49.24376], [4.40526, 49.24313], [4.40516, 49.24281], [4.40559, 49.24254], [4.40598, 49.24253], [4.40612, 49.24235], [4.40589, 49.24197], [4.40643, 49.24167], [4.4064, 49.24121], [4.40683, 49.2411], [4.40757, 49.24194], [4.40706, 49.24224], [4.40651, 49.24315], [4.40721, 49.24316], [4.40845, 49.24395], [4.40867, 49.24355], [4.40924, 49.2434], [4.40953, 49.24298], [4.40922, 49.24267], [4.40925, 49.24218], [4.40875, 49.24229], [4.40818, 49.24217], [4.40787, 49.24174], [4.4073, 49.24151], [4.40716, 49.24114], [4.40741, 49.24076], [4.40791, 49.2406], [4.40856, 49.24072], [4.40888, 49.24116], [4.40949, 49.24144], [4.41, 49.24096], [4.40981, 49.24069], [4.40858, 49.2403], [4.40832, 49.23988], [4.40889, 49.23895], [4.40856, 49.23878], [4.40852, 49.23838], [4.4091, 49.23804], [4.40933, 49.23763], [4.40994, 49.23762], [4.41009, 49.2373], [4.40901, 49.23719], [4.40875, 49.23772], [4.40794, 49.23784], [4.40741, 49.23759], [4.40733, 49.23713], [4.40419, 49.23671], [4.39946, 49.23534], [4.3906, 49.23405], [4.3865, 49.23328], [4.38625, 49.23306], [4.38636, 49.23284], [4.38673, 49.23276], [4.39152, 49.23365], [4.39937, 49.23476], [4.40445, 49.2362], [4.408, 49.2366], [4.40667, 49.22953], [4.40637, 49.22581], [4.40524, 49.22557], [4.40508, 49.22516], [4.40547, 49.22444], [4.40452, 49.22426], [4.40415, 49.22387], [4.40497, 49.22276], [4.40545, 49.22257], [4.40599, 49.22259], [4.40592, 49.2223], [4.40495, 49.22213], [4.40455, 49.22249], [4.40367, 49.22262], [4.40309, 49.22246], [4.40283, 49.22214], [4.40389, 49.22021], [4.39368, 49.21871], [4.38895, 49.21775], [4.38467, 49.21635], [4.38137, 49.2155], [4.37975, 49.21463], [4.376, 49.21317], [4.37459, 49.21201], [4.36927, 49.2103], [4.36627, 49.22088], [4.36583, 49.2211], [4.36545, 49.2208], [4.36856, 49.20985], [4.36892, 49.20963], [4.37505, 49.21156], [4.37653, 49.21276], [4.38019, 49.21417], [4.38177, 49.21503], [4.38502, 49.21586], [4.38957, 49.21733], [4.39389, 49.21819], [4.40422, 49.21971], [4.40387, 49.21904], [4.40414, 49.2187], [4.40479, 49.21847], [4.40544, 49.21846], [4.40625, 49.21888], [4.40668, 49.2189], [4.40744, 49.21832], [4.40929, 49.21841], [4.41076, 49.21526], [4.41179, 49.21132], [4.41326, 49.20784], [4.41302, 49.20747], [4.41341, 49.20631], [4.41317, 49.20591], [4.41355, 49.20517], [4.41301, 49.20472], [4.41199, 49.20452], [4.41183, 49.20367], [4.41263, 49.20328], [4.41331, 49.20334], [4.41414, 49.20385], [4.41456, 49.20359], [4.41649, 49.20148], [4.4158, 49.20105], [4.41591, 49.20055], [4.4156, 49.20025], [4.41564, 49.19985], [4.41602, 49.19953], [4.41686, 49.19936], [4.41329, 49.18899], [4.41261, 49.188], [4.36358, 49.19384], [4.32071, 49.19751], [4.3212, 49.1979], [4.3215, 49.19978], [4.32131, 49.20014], [4.32081, 49.20032], [4.32005, 49.2003], [4.31958, 49.19996], [4.31926, 49.19804], [4.3196, 49.19759], [4.31849, 49.19768], [4.31855, 49.20053], [4.31785, 49.201], [4.31693, 49.201], [4.31645, 49.20072], [4.31603, 49.19907], [4.31617, 49.19819], [4.31561, 49.1979], [4.30701, 49.19853], [4.30752, 49.19967], [4.30756, 49.20042], [4.30795, 49.20072], [4.30832, 49.20167], [4.30811, 49.20207], [4.30742, 49.20228], [4.30662, 49.20207], [4.30612, 49.20109], [4.3062, 49.20068], [4.30673, 49.20032], [4.30584, 49.20013], [4.30557, 49.19914], [4.30502, 49.19902], [4.30472, 49.19869]], [[4.26837, 49.21429], [4.26824, 49.2147], [4.26766, 49.21497], [4.26703, 49.21489], [4.26661, 49.21451], [4.26673, 49.21409], [4.26732, 49.21382], [4.26795, 49.2139], [4.26837, 49.21429]], [[4.31684, 49.20381], [4.31729, 49.20351], [4.32012, 49.20292], [4.32081, 49.20308], [4.32113, 49.2036], [4.3207, 49.20413], [4.31781, 49.20474], [4.31702, 49.20451], [4.31684, 49.20381]]], [[[4.30089, 49.21389], [4.30023, 49.21392], [4.29971, 49.21359], [4.29966, 49.21309], [4.30004, 49.21277], [4.29846, 49.21009], [4.29124, 49.21061], [4.28787, 49.21055], [4.2854, 49.2102], [4.28234, 49.21031], [4.27985, 49.21087], [4.27527, 49.21261], [4.27423, 49.2147], [4.27241, 49.21659], [4.26466, 49.22353], [4.26196, 49.2252], [4.26503, 49.23676], [4.26832, 49.23757], [4.27641, 49.24047], [4.27724, 49.24059], [4.29947, 49.24009], [4.29972, 49.23976], [4.30031, 49.2396], [4.30107, 49.2398], [4.30139, 49.24017], [4.30203, 49.24021], [4.30182, 49.23919], [4.30115, 49.23881], [4.30126, 49.23831], [4.30196, 49.23807], [4.3028, 49.23831], [4.30388, 49.23801], [4.30416, 49.23764], [4.30469, 49.2375], [4.30523, 49.23757], [4.30562, 49.23785], [4.30564, 49.23836], [4.30537, 49.23866], [4.30653, 49.2386], [4.30739, 49.2382], [4.308, 49.23829], [4.30864, 49.2387], [4.309, 49.23984], [4.30845, 49.24034], [4.30848, 49.24071], [4.31366, 49.24111], [4.31497, 49.24097], [4.31689, 49.24033], [4.31812, 49.24015], [4.32355, 49.24102], [4.32823, 49.24059], [4.32985, 49.24114], [4.33175, 49.24053], [4.33498, 49.24101], [4.33778, 49.23989], [4.34012, 49.23933], [4.34134, 49.23754], [4.34128, 49.23618], [4.34226, 49.23302], [4.34436, 49.2313], [4.34554, 49.22872], [4.34734, 49.22684], [4.34737, 49.2261], [4.3465, 49.22456], [4.34439, 49.22248], [4.34135, 49.22142], [4.33885, 49.21953], [4.33315, 49.21699], [4.33044, 49.21365], [4.32645, 49.2111], [4.32669, 49.21084], [4.32711, 49.21087], [4.3307, 49.213], [4.33375, 49.21661], [4.34023, 49.21962], [4.34431, 49.21557], [4.34447, 49.21512], [4.3442, 49.21479], [4.34152, 49.21364], [4.34162, 49.21608], [4.34124, 49.21634], [4.34081, 49.21615], [4.3407, 49.21521], [4.33368, 49.2159], [4.33326, 49.21576], [4.33312, 49.21549], [4.33356, 49.21516], [4.33426, 49.21529], [4.34067, 49.21466], [4.3407, 49.21333], [4.33929, 49.21264], [4.3389, 49.21187], [4.3401, 49.20839], [4.34015, 49.20731], [4.33992, 49.20691], [4.33954, 49.20681], [4.32893, 49.20793], [4.2993, 49.21003], [4.30055, 49.21229], [4.30135, 49.21312], [4.30131, 49.21358], [4.30089, 49.21389]], [[4.302, 49.23067], [4.30144, 49.2309], [4.30071, 49.2308], [4.30038, 49.23043], [4.30056, 49.22996], [4.30112, 49.22974], [4.30179, 49.22985], [4.30213, 49.23019], [4.302, 49.23067]], [[4.30643, 49.23208], [4.30574, 49.23214], [4.3052, 49.23187], [4.30509, 49.23142], [4.30553, 49.23106], [4.30621, 49.23101], [4.30671, 49.23126], [4.30684, 49.23174], [4.30643, 49.23208]], [[4.30155, 49.23595], [4.30093, 49.236], [4.30039, 49.23573], [4.30033, 49.2353], [4.30078, 49.23496], [4.30143, 49.23493], [4.30189, 49.23518], [4.30197, 49.23561], [4.30155, 49.23595]], [[4.33195, 49.21077], [4.33142, 49.21101], [4.33074, 49.21094], [4.33038, 49.2106], [4.33048, 49.21016], [4.331, 49.20992], [4.33167, 49.20998], [4.33206, 49.21034], [4.33195, 49.21077]], [[4.32291, 49.22546], [4.32369, 49.22553], [4.32408, 49.22581], [4.32406, 49.22624], [4.32355, 49.22659], [4.32278, 49.22656], [4.32233, 49.22627], [4.32236, 49.2258], [4.32291, 49.22546]], [[4.32846, 49.22843], [4.3278, 49.22831], [4.32801, 49.22788], [4.32864, 49.22804], [4.32846, 49.22843]], [[4.32399, 49.22882], [4.32455, 49.22913], [4.32458, 49.2296], [4.32391, 49.22998], [4.32321, 49.23], [4.32268, 49.22961], [4.32267, 49.2292], [4.32317, 49.22888], [4.32399, 49.22882]], [[4.31649, 49.23042], [4.31599, 49.23069], [4.31529, 49.23063], [4.31489, 49.2303], [4.31499, 49.22982], [4.31551, 49.22958], [4.31619, 49.22964], [4.31659, 49.23002], [4.31649, 49.23042]], [[4.31669, 49.23037], [4.31775, 49.2304], [4.31874, 49.23003], [4.3191, 49.22945], [4.31984, 49.22938], [4.32113, 49.22979], [4.32126, 49.2305], [4.32198, 49.2307], [4.32216, 49.23131], [4.32145, 49.23168], [4.31847, 49.23184], [4.31793, 49.23171], [4.31765, 49.23135], [4.31694, 49.23141], [4.31666, 49.23207], [4.3161, 49.23219], [4.31557, 49.23209], [4.31523, 49.23174], [4.31536, 49.23127], [4.31634, 49.23105], [4.31635, 49.23068], [4.31669, 49.23037]], [[4.3255, 49.23165], [4.32494, 49.2321], [4.32316, 49.2321], [4.32255, 49.23184], [4.32244, 49.23135], [4.32305, 49.2309], [4.32483, 49.23092], [4.32538, 49.23116], [4.3255, 49.23165]], [[4.31993, 49.23275], [4.31983, 49.23318], [4.31927, 49.23346], [4.31863, 49.23339], [4.31821, 49.23302], [4.31832, 49.23261], [4.31886, 49.23234], [4.31948, 49.23239], [4.31993, 49.23275]], [[4.30794, 49.23353], [4.30872, 49.23337], [4.30942, 49.23365], [4.31001, 49.23516], [4.3114, 49.23397], [4.31138, 49.23356], [4.31173, 49.23326], [4.31142, 49.23244], [4.31159, 49.23175], [4.312, 49.23151], [4.31278, 49.23142], [4.31319, 49.23097], [4.31228, 49.23081], [4.31213, 49.23018], [4.31252, 49.22991], [4.31319, 49.22987], [4.31384, 49.23032], [4.31343, 49.23091], [4.31419, 49.23101], [4.31452, 49.23143], [4.3142, 49.23192], [4.31343, 49.23203], [4.31327, 49.23303], [4.31286, 49.23338], [4.31329, 49.23396], [4.31327, 49.23462], [4.31381, 49.23457], [4.31459, 49.23481], [4.31461, 49.23422], [4.31542, 49.23393], [4.31724, 49.23433], [4.31754, 49.23491], [4.31726, 49.23522], [4.31672, 49.23536], [4.31478, 49.23495], [4.31466, 49.23566], [4.31507, 49.2359], [4.31516, 49.23632], [4.3148, 49.23667], [4.31411, 49.23676], [4.31462, 49.238], [4.31419, 49.23848], [4.31339, 49.23861], [4.31231, 49.23832], [4.31198, 49.23781], [4.31234, 49.23687], [4.31361, 49.23656], [4.31341, 49.23616], [4.31357, 49.23585], [4.31313, 49.23566], [4.31279, 49.23518], [4.3122, 49.23534], [4.31119, 49.23612], [4.3106, 49.23623], [4.31048, 49.23661], [4.31098, 49.23648], [4.31158, 49.23659], [4.31189, 49.23691], [4.31181, 49.2373], [4.3113, 49.23757], [4.31056, 49.2375], [4.3102, 49.23714], [4.31031, 49.23674], [4.30979, 49.23687], [4.30925, 49.23678], [4.30888, 49.23636], [4.30833, 49.2363], [4.30801, 49.23575], [4.30711, 49.23555], [4.30655, 49.23507], [4.30668, 49.23443], [4.30712, 49.23421], [4.30767, 49.23421], [4.30794, 49.23353]], [[4.32212, 49.23344], [4.32318, 49.23428], [4.32278, 49.23483], [4.32282, 49.23531], [4.32232, 49.23564], [4.32184, 49.23652], [4.32132, 49.23667], [4.32065, 49.23658], [4.32016, 49.23612], [4.32059, 49.23514], [4.32011, 49.2346], [4.32039, 49.23366], [4.32126, 49.23331], [4.32212, 49.23344]], [[4.31759, 49.23737], [4.31833, 49.23752], [4.31862, 49.23794], [4.31835, 49.23861], [4.31751, 49.23891], [4.31648, 49.23861], [4.31619, 49.23818], [4.31664, 49.23753], [4.31759, 49.23737]], [[4.329, 49.23847], [4.32836, 49.23827], [4.32862, 49.23784], [4.32934, 49.23804], [4.32933, 49.2383], [4.329, 49.23847]], [[4.31231, 49.24056], [4.31173, 49.24077], [4.31107, 49.24063], [4.31073, 49.24016], [4.31093, 49.23972], [4.31153, 49.23953], [4.31214, 49.23967], [4.31249, 49.24015], [4.31231, 49.24056]]], [[[4.26665, 49.23959], [4.26608, 49.23973], [4.26592, 49.24021], [4.26727, 49.24269], [4.26712, 49.24543], [4.26794, 49.24729], [4.26919, 49.24911], [4.27286, 49.25181], [4.27919, 49.25517], [4.29102, 49.25994], [4.30082, 49.26505], [4.3022, 49.26668], [4.30307, 49.27022], [4.30382, 49.27016], [4.30435, 49.27048], [4.30444, 49.27104], [4.30382, 49.27139], [4.3084, 49.27853], [4.31256, 49.28219], [4.31317, 49.28183], [4.31372, 49.28175], [4.31405, 49.28041], [4.31347, 49.28029], [4.31307, 49.27992], [4.31296, 49.27895], [4.31323, 49.27797], [4.31414, 49.2774], [4.31497, 49.27738], [4.31682, 49.2754], [4.32234, 49.27162], [4.3254, 49.26314], [4.32574, 49.26288], [4.32617, 49.26297], [4.3231, 49.27182], [4.31745, 49.27575], [4.31566, 49.27768], [4.31548, 49.27937], [4.31492, 49.28027], [4.31448, 49.28205], [4.31463, 49.28251], [4.31427, 49.2829], [4.314, 49.28389], [4.31561, 49.28655], [4.31648, 49.28623], [4.31693, 49.28635], [4.31688, 49.28667], [4.31591, 49.28706], [4.31623, 49.28759], [4.32157, 49.29324], [4.32246, 49.29343], [4.32301, 49.29314], [4.32372, 49.29322], [4.32408, 49.29351], [4.32406, 49.2939], [4.33017, 49.2966], [4.33092, 49.29633], [4.33225, 49.29634], [4.33203, 49.29566], [4.33287, 49.29544], [4.33323, 49.29507], [4.33407, 49.29496], [4.33407, 49.29456], [4.3345, 49.29434], [4.33566, 49.29461], [4.33649, 49.29422], [4.33709, 49.29416], [4.33763, 49.2943], [4.33833, 49.29492], [4.33895, 49.29507], [4.33917, 49.29537], [4.34042, 49.29518], [4.34241, 49.29572], [4.34322, 49.29538], [4.34417, 49.29562], [4.34388, 49.29525], [4.34413, 49.29494], [4.34502, 49.29469], [4.34563, 49.29413], [4.34627, 49.2939], [4.34533, 49.29346], [4.34615, 49.29255], [4.35101, 49.29204], [4.35572, 49.29097], [4.35762, 49.29078], [4.35797, 49.29089], [4.35832, 49.29134], [4.35895, 49.29129], [4.35995, 49.29174], [4.36094, 49.29162], [4.3623, 49.29178], [4.36294, 49.29161], [4.36297, 49.29117], [4.36353, 49.2907], [4.36411, 49.29059], [4.36462, 49.29071], [4.36413, 49.28962], [4.36484, 49.28902], [4.36475, 49.28888], [4.3642, 49.28905], [4.36364, 49.28896], [4.36311, 49.28846], [4.36318, 49.28804], [4.36214, 49.28756], [4.36145, 49.28762], [4.36087, 49.28732], [4.35899, 49.28777], [4.35861, 49.28771], [4.35864, 49.28729], [4.36062, 49.2868], [4.34589, 49.2775], [4.33877, 49.27457], [4.33877, 49.27402], [4.34254, 49.27036], [4.34303, 49.27037], [4.34313, 49.27071], [4.33952, 49.27426], [4.34643, 49.27709], [4.36103, 49.28631], [4.36216, 49.28662], [4.36254, 49.28709], [4.36357, 49.28756], [4.366, 49.28637], [4.36514, 49.2854], [4.36508, 49.28458], [4.36427, 49.2831], [4.36258, 49.28197], [4.35994, 49.28064], [4.35995, 49.28028], [4.3605, 49.28024], [4.36312, 49.28156], [4.36497, 49.28281], [4.36589, 49.28444], [4.36593, 49.28523], [4.36758, 49.28709], [4.36752, 49.28794], [4.36906, 49.28742], [4.36958, 49.28763], [4.37111, 49.28719], [4.37157, 49.28686], [4.37228, 49.28697], [4.37326, 49.28633], [4.37652, 49.28562], [4.37698, 49.28532], [4.37789, 49.2853], [4.37797, 49.2849], [4.37875, 49.2844], [4.37876, 49.28375], [4.37943, 49.28307], [4.37985, 49.28294], [4.38014, 49.28241], [4.37962, 49.28222], [4.37944, 49.28194], [4.3798, 49.28151], [4.37963, 49.28126], [4.3799, 49.28093], [4.3798, 49.2806], [4.38033, 49.28014], [4.37936, 49.27917], [4.37934, 49.27868], [4.38025, 49.27824], [4.38021, 49.27789], [4.38052, 49.27765], [4.38186, 49.27786], [4.38228, 49.2771], [4.38282, 49.27701], [4.38339, 49.27721], [4.38373, 49.2768], [4.38336, 49.27613], [4.38405, 49.27567], [4.3838, 49.27516], [4.38433, 49.27486], [4.38396, 49.27352], [4.38415, 49.27323], [4.384, 49.27289], [4.38442, 49.27262], [4.38424, 49.27212], [4.38459, 49.2719], [4.38503, 49.27192], [4.38482, 49.27132], [4.38519, 49.27088], [4.38678, 49.27061], [4.38779, 49.27019], [4.38543, 49.26968], [4.38496, 49.26934], [4.38324, 49.27212], [4.38085, 49.27201], [4.38081, 49.27159], [4.38309, 49.27075], [4.38454, 49.26862], [4.38303, 49.26806], [4.37916, 49.26567], [4.37848, 49.26614], [4.37762, 49.26595], [4.3775, 49.26565], [4.37813, 49.26509], [4.37048, 49.26054], [4.36663, 49.25993], [4.36357, 49.25873], [4.35611, 49.2645], [4.35553, 49.26441], [4.35211, 49.2627], [4.35201, 49.26234], [4.35254, 49.26224], [4.35585, 49.2639], [4.36295, 49.25837], [4.35551, 49.25416], [4.3555, 49.25378], [4.35598, 49.25373], [4.35766, 49.25457], [4.36416, 49.25835], [4.36554, 49.25895], [4.36692, 49.25942], [4.37006, 49.25982], [4.37097, 49.26011], [4.38393, 49.26781], [4.38433, 49.26795], [4.3843, 49.26748], [4.38515, 49.26654], [4.38579, 49.2665], [4.38649, 49.26682], [4.38711, 49.26623], [4.38824, 49.26604], [4.38893, 49.2662], [4.38929, 49.26671], [4.38862, 49.26788], [4.38773, 49.26806], [4.3871, 49.26785], [4.38686, 49.26751], [4.38653, 49.26797], [4.38736, 49.26854], [4.38801, 49.26845], [4.38891, 49.26874], [4.38928, 49.26913], [4.39082, 49.26823], [4.39099, 49.26781], [4.39143, 49.26764], [4.3911, 49.26594], [4.39158, 49.26535], [4.39139, 49.26461], [4.39223, 49.26433], [4.39339, 49.26349], [4.39274, 49.26331], [4.39214, 49.26243], [4.3928, 49.262], [4.39297, 49.26085], [4.39404, 49.25996], [4.39487, 49.26005], [4.39509, 49.25987], [4.39431, 49.25942], [4.39416, 49.25909], [4.39483, 49.25876], [4.39576, 49.25784], [4.39533, 49.25752], [4.39505, 49.2564], [4.39558, 49.25598], [4.39579, 49.25531], [4.39529, 49.25445], [4.39656, 49.25298], [4.3987, 49.25199], [4.39949, 49.25122], [4.40041, 49.25113], [4.40101, 49.25086], [4.40184, 49.25101], [4.40194, 49.25047], [4.40285, 49.24992], [4.40332, 49.24894], [4.40456, 49.24848], [4.4032, 49.24824], [4.40279, 49.2477], [4.40166, 49.24731], [4.40146, 49.24691], [4.40181, 49.24646], [4.40082, 49.24565], [4.39596, 49.24479], [4.38867, 49.24493], [4.38513, 49.24439], [4.374, 49.24197], [4.37349, 49.24263], [4.37306, 49.24273], [4.37275, 49.24245], [4.37321, 49.24179], [4.36828, 49.24078], [4.36301, 49.24063], [4.35932, 49.24031], [4.3588, 49.241], [4.35845, 49.24111], [4.35806, 49.24085], [4.35845, 49.24025], [4.3421, 49.23943], [4.34086, 49.23972], [4.34138, 49.24034], [4.34115, 49.24063], [4.34067, 49.24057], [4.34008, 49.23991], [4.33815, 49.24037], [4.33526, 49.24153], [4.33179, 49.24107], [4.32993, 49.24169], [4.32907, 49.24159], [4.32819, 49.24113], [4.32347, 49.24156], [4.31815, 49.24069], [4.31721, 49.24082], [4.31523, 49.24149], [4.31335, 49.24163], [4.31309, 49.24201], [4.31249, 49.24216], [4.31198, 49.24206], [4.31165, 49.24176], [4.31114, 49.24203], [4.31052, 49.242], [4.31011, 49.24174], [4.31004, 49.24138], [4.30807, 49.24122], [4.30734, 49.24135], [4.30617, 49.24107], [4.30304, 49.24083], [4.30333, 49.24117], [4.3032, 49.24163], [4.30274, 49.24187], [4.30215, 49.24187], [4.30147, 49.2414], [4.30192, 49.24075], [4.30044, 49.24083], [4.29976, 49.24063], [4.27664, 49.2411], [4.26696, 49.2378], [4.26651, 49.23867], [4.26693, 49.23907], [4.26665, 49.23959]], [[4.30425, 49.24112], [4.305, 49.24119], [4.30544, 49.2416], [4.30539, 49.2421], [4.30478, 49.24242], [4.30391, 49.24229], [4.30345, 49.24185], [4.30357, 49.24138], [4.30425, 49.24112]], [[4.29732, 49.24787], [4.29693, 49.24821], [4.29607, 49.24832], [4.29556, 49.24807], [4.29541, 49.24757], [4.2958, 49.24723], [4.29666, 49.24712], [4.29717, 49.24737], [4.29732, 49.24787]], [[4.31518, 49.24188], [4.31585, 49.24172], [4.31686, 49.24194], [4.31737, 49.24232], [4.31728, 49.24279], [4.31646, 49.24308], [4.31531, 49.24276], [4.31491, 49.24234], [4.31518, 49.24188]], [[4.32251, 49.24523], [4.32171, 49.24508], [4.32225, 49.24603], [4.32161, 49.24657], [4.32065, 49.24652], [4.31978, 49.24614], [4.31944, 49.24576], [4.31956, 49.2453], [4.32039, 49.24491], [4.32105, 49.24481], [4.32158, 49.24497], [4.32153, 49.24443], [4.32214, 49.24411], [4.3228, 49.24419], [4.32316, 49.24453], [4.32305, 49.24499], [4.32251, 49.24523]], [[4.3178, 49.24843], [4.31721, 49.24862], [4.31649, 49.24846], [4.31622, 49.24807], [4.31642, 49.24767], [4.317, 49.24747], [4.31772, 49.2476], [4.31802, 49.24798], [4.3178, 49.24843]], [[4.33182, 49.25299], [4.33222, 49.25232], [4.33286, 49.25225], [4.3342, 49.25302], [4.33431, 49.2535], [4.33364, 49.25414], [4.33292, 49.25425], [4.33235, 49.25398], [4.33229, 49.25338], [4.33182, 49.25299]], [[4.36699, 49.2617], [4.36761, 49.26182], [4.36796, 49.26223], [4.36777, 49.26263], [4.36714, 49.26287], [4.36653, 49.26275], [4.36617, 49.26235], [4.36635, 49.26194], [4.36699, 49.2617]]], [[[4.26567, 49.23865], [4.26443, 49.2384], [4.26532, 49.2395], [4.26523, 49.239], [4.26567, 49.23865]]], [[[4.30354, 49.24032], [4.30604, 49.24052], [4.30617, 49.24035], [4.3051, 49.23992], [4.30441, 49.24023], [4.30354, 49.24032]]], [[[4.29402, 49.3038], [4.29163, 49.30449], [4.29214, 49.30489], [4.29225, 49.30527], [4.29348, 49.30492], [4.29448, 49.30496], [4.29543, 49.30447], [4.29402, 49.3038]]], [[[4.29819, 49.3035], [4.29919, 49.30332], [4.29923, 49.30284], [4.30007, 49.30264], [4.30001, 49.30208], [4.29779, 49.30272], [4.29819, 49.3035]]], [[[4.29589, 49.30268], [4.3045, 49.3002], [4.30679, 49.29987], [4.30767, 49.29946], [4.30757, 49.29906], [4.30793, 49.29854], [4.30737, 49.29836], [4.30711, 49.29802], [4.30653, 49.29785], [4.30359, 49.29589], [4.3016, 49.29512], [4.27836, 49.29157], [4.28072, 49.29379], [4.28473, 49.29698], [4.28739, 49.30071], [4.28906, 49.30247], [4.28919, 49.3034], [4.28973, 49.30373], [4.29071, 49.30371], [4.29126, 49.30401], [4.29418, 49.30317], [4.29488, 49.30273], [4.29589, 49.30268]]], [[[4.278, 49.30905], [4.27684, 49.3094], [4.27737, 49.30982], [4.27714, 49.31037], [4.27771, 49.30984], [4.278, 49.30905]]], [[[4.28025, 49.30923], [4.28115, 49.30901], [4.28014, 49.30845], [4.28037, 49.3089], [4.28025, 49.30923]]], [[[4.28948, 49.30606], [4.28948, 49.3061], [4.28968, 49.30605], [4.28948, 49.30606]]], [[[4.27563, 49.30977], [4.26927, 49.31166], [4.26936, 49.31207], [4.26905, 49.31238], [4.26926, 49.31305], [4.26946, 49.31249], [4.27031, 49.31231], [4.27081, 49.3125], [4.27114, 49.31304], [4.27251, 49.31355], [4.27352, 49.31312], [4.27435, 49.31326], [4.27508, 49.31272], [4.27584, 49.31262], [4.27582, 49.3122], [4.27612, 49.31186], [4.27517, 49.3111], [4.27545, 49.31065], [4.2761, 49.31047], [4.27565, 49.31013], [4.27563, 49.30977]]], [[[4.27689, 49.31123], [4.27716, 49.31199], [4.27845, 49.31174], [4.27912, 49.31077], [4.28147, 49.30973], [4.2802, 49.30998], [4.2788, 49.30967], [4.27805, 49.31075], [4.27689, 49.31123]]], [[[4.26327, 49.31075], [4.26361, 49.31092], [4.2637, 49.31089], [4.26359, 49.31078], [4.26327, 49.31075]]], [[[4.31396, 48.95049], [4.315, 48.94922], [4.3157, 48.94912], [4.31723, 48.94984], [4.31745, 48.95029], [4.31589, 48.95153], [4.31519, 48.95146], [4.31456, 48.95089], [4.31449, 48.95134], [4.3139, 48.95185], [4.31752, 48.95227], [4.31774, 48.95179], [4.31847, 48.9516], [4.31909, 48.95185], [4.31926, 48.95227], [4.32005, 48.95251], [4.3202, 48.95212], [4.32097, 48.95172], [4.3216, 48.95174], [4.32218, 48.95204], [4.32261, 48.95174], [4.32243, 48.95112], [4.32259, 48.95059], [4.32345, 48.95018], [4.32399, 48.95029], [4.3246, 48.95076], [4.32584, 48.95125], [4.32645, 48.95099], [4.32729, 48.95122], [4.32797, 48.95102], [4.32974, 48.95187], [4.33093, 48.95107], [4.32936, 48.95026], [4.32773, 48.94909], [4.32758, 48.94873], [4.32779, 48.94838], [4.32935, 48.9473], [4.33055, 48.94677], [4.3311, 48.94592], [4.33296, 48.94465], [4.33268, 48.94429], [4.33282, 48.94387], [4.33437, 48.94271], [4.33529, 48.94267], [4.33624, 48.9434], [4.33606, 48.9439], [4.33446, 48.9447], [4.33543, 48.94529], [4.33601, 48.94508], [4.3367, 48.94509], [4.33965, 48.9429], [4.33813, 48.94163], [4.3384, 48.9412], [4.33951, 48.94076], [4.33732, 48.93916], [4.33645, 48.93951], [4.33652, 48.93996], [4.336, 48.94031], [4.33537, 48.9403], [4.33464, 48.93988], [4.33449, 48.9402], [4.334, 48.94046], [4.33345, 48.94051], [4.33297, 48.94032], [4.33164, 48.94101], [4.33102, 48.94101], [4.33047, 48.94077], [4.33023, 48.94039], [4.33041, 48.93993], [4.33272, 48.93858], [4.33372, 48.93867], [4.33433, 48.93946], [4.33447, 48.93886], [4.33486, 48.93856], [4.33473, 48.93816], [4.33412, 48.93803], [4.33375, 48.93754], [4.33436, 48.93701], [4.32368, 48.92943], [4.3211, 48.93134], [4.31921, 48.93325], [4.3193, 48.93375], [4.32023, 48.93468], [4.32002, 48.93552], [4.31902, 48.93605], [4.31644, 48.93613], [4.31024, 48.94272], [4.30769, 48.94642], [4.30576, 48.95091], [4.31133, 48.95157], [4.31137, 48.95112], [4.31205, 48.95058], [4.3133, 48.95031], [4.31396, 48.95049]], [[4.32139, 48.94488], [4.32161, 48.94449], [4.32254, 48.9441], [4.32314, 48.94359], [4.32385, 48.94359], [4.32446, 48.94396], [4.32443, 48.94447], [4.32378, 48.9448], [4.32353, 48.94528], [4.32299, 48.94561], [4.32196, 48.94564], [4.32139, 48.94488]], [[4.32877, 48.94525], [4.32816, 48.94514], [4.32777, 48.94473], [4.32793, 48.94433], [4.32854, 48.94407], [4.32916, 48.94418], [4.32955, 48.94459], [4.32938, 48.945], [4.32877, 48.94525]]], [[[4.32523, 48.9622], [4.32467, 48.96282], [4.32619, 48.964], [4.32794, 48.96334], [4.3295, 48.96338], [4.32968, 48.96293], [4.3303, 48.96271], [4.33113, 48.96299], [4.33113, 48.9637], [4.3314, 48.96378], [4.332, 48.96338], [4.33147, 48.96286], [4.33182, 48.96232], [4.33352, 48.96204], [4.3342, 48.96247], [4.33431, 48.96286], [4.3364, 48.96205], [4.33623, 48.96138], [4.33738, 48.96083], [4.33674, 48.96044], [4.33631, 48.96063], [4.33587, 48.96132], [4.33536, 48.96148], [4.33482, 48.96141], [4.33363, 48.96041], [4.33366, 48.95999], [4.3341, 48.9597], [4.33392, 48.95956], [4.3318, 48.96013], [4.33181, 48.96065], [4.33097, 48.96109], [4.33041, 48.96111], [4.32995, 48.96091], [4.32942, 48.96132], [4.32624, 48.96181], [4.32576, 48.96215], [4.32523, 48.9622]]], [[[4.32627, 48.96125], [4.32812, 48.96096], [4.32805, 48.96059], [4.32635, 48.95972], [4.3263, 48.95936], [4.32667, 48.95904], [4.32722, 48.95909], [4.32922, 48.96004], [4.32981, 48.95977], [4.33049, 48.95987], [4.33102, 48.95975], [4.33052, 48.95931], [4.33018, 48.95948], [4.32963, 48.95945], [4.32748, 48.95867], [4.32693, 48.95808], [4.32775, 48.9575], [4.32821, 48.95752], [4.33064, 48.95894], [4.33113, 48.95864], [4.33168, 48.95861], [4.33287, 48.95926], [4.33319, 48.95918], [4.33256, 48.95875], [4.33278, 48.95823], [4.3335, 48.95805], [4.33417, 48.95835], [4.33449, 48.95769], [4.33329, 48.95713], [4.33107, 48.95538], [4.33042, 48.95597], [4.32992, 48.95614], [4.32931, 48.95603], [4.32876, 48.95557], [4.32864, 48.95604], [4.32811, 48.95662], [4.32742, 48.95701], [4.32703, 48.95752], [4.32632, 48.95764], [4.32599, 48.95792], [4.32424, 48.95976], [4.3237, 48.96065], [4.32417, 48.96148], [4.32366, 48.96204], [4.32395, 48.96227], [4.32452, 48.96189], [4.32434, 48.96118], [4.32487, 48.96074], [4.32566, 48.96076], [4.32627, 48.96125]]], [[[4.32284, 48.97176], [4.3209, 48.97188], [4.3206, 48.97206], [4.31401, 48.97273], [4.31232, 48.97334], [4.31096, 48.97422], [4.31035, 48.97485], [4.3096, 48.97478], [4.30903, 48.97407], [4.30495, 48.97542], [4.3065, 48.97664], [4.30761, 48.97679], [4.308, 48.97704], [4.31895, 48.97821], [4.31974, 48.97765], [4.32019, 48.97758], [4.32102, 48.97805], [4.32112, 48.97834], [4.32291, 48.97847], [4.32504, 48.97899], [4.32573, 48.97901], [4.32569, 48.97471], [4.3255, 48.97396], [4.32465, 48.97258], [4.32447, 48.97157], [4.32365, 48.97134], [4.32284, 48.97176]], [[4.31325, 48.9747], [4.31281, 48.97452], [4.31222, 48.97363], [4.31248, 48.97338], [4.31372, 48.97307], [4.31441, 48.97358], [4.31436, 48.97422], [4.31409, 48.97453], [4.31325, 48.9747]]], [[[4.32716, 48.97537], [4.32668, 48.97566], [4.32667, 48.97618], [4.32732, 48.97551], [4.32716, 48.97537]]], [[[4.32492, 48.98494], [4.32561, 48.98461], [4.32568, 48.98154], [4.32511, 48.98162], [4.31817, 48.98451], [4.31829, 48.98487], [4.31951, 48.98542], [4.32028, 48.98554], [4.32145, 48.9865], [4.32388, 48.98545], [4.32357, 48.98518], [4.32386, 48.98462], [4.32441, 48.98463], [4.32492, 48.98494]]], [[[4.3239, 48.98798], [4.32332, 48.98769], [4.32099, 48.98919], [4.32105, 48.9901], [4.32042, 48.99054], [4.32152, 48.99116], [4.32204, 48.99093], [4.32254, 48.99102], [4.32473, 48.99241], [4.32483, 48.99302], [4.32545, 48.99089], [4.32559, 48.98529], [4.3247, 48.98572], [4.3255, 48.98669], [4.32538, 48.98737], [4.32473, 48.98783], [4.3239, 48.98798]]], [[[4.30964, 48.99388], [4.30927, 48.99405], [4.30999, 48.994], [4.30964, 48.99388]]], [[[4.31038, 48.994], [4.31097, 48.99403], [4.31165, 48.99412], [4.31106, 48.99368], [4.31038, 48.994]]], [[[4.31403, 48.99452], [4.31642, 48.99451], [4.31834, 48.99413], [4.32063, 48.99311], [4.32111, 48.99259], [4.32046, 48.99212], [4.31932, 48.99168], [4.31846, 48.99169], [4.31788, 48.9912], [4.31629, 48.99241], [4.31594, 48.99293], [4.3148, 48.99364], [4.31403, 48.99452]]], [[[4.31701, 48.99104], [4.3175, 48.99065], [4.31654, 48.99074], [4.31701, 48.99104]]], [[[4.31742, 48.98621], [4.31746, 48.98632], [4.31758, 48.98634], [4.31742, 48.98621]]], [[[4.32663, 48.99129], [4.3259, 48.99355], [4.32534, 48.99446], [4.32646, 48.99523], [4.3277, 48.9957], [4.32754, 48.99542], [4.32787, 48.99514], [4.32613, 48.9942], [4.32586, 48.99386], [4.32598, 48.99349], [4.32717, 48.99253], [4.3269, 48.99213], [4.32711, 48.99168], [4.32663, 48.99129]]], [[[4.32796, 48.99149], [4.32836, 48.99157], [4.32846, 48.99149], [4.32819, 48.99132], [4.32796, 48.99149]]], [[[4.32795, 48.99036], [4.32757, 48.99012], [4.32754, 48.99066], [4.32795, 48.99036]]], [[[4.32771, 48.989], [4.32854, 48.9881], [4.328, 48.98808], [4.32747, 48.98782], [4.32718, 48.98734], [4.32809, 48.98651], [4.32901, 48.98651], [4.32956, 48.98684], [4.3297, 48.98719], [4.33079, 48.98647], [4.33189, 48.98638], [4.3349, 48.98789], [4.33484, 48.98767], [4.33388, 48.98712], [4.33373, 48.98676], [4.33445, 48.98601], [4.33503, 48.98584], [4.33796, 48.98702], [4.33913, 48.98779], [4.33932, 48.98824], [4.33885, 48.98884], [4.33982, 48.98777], [4.34078, 48.9872], [4.33945, 48.98762], [4.33777, 48.98684], [4.3375, 48.98646], [4.33778, 48.98602], [4.33774, 48.98546], [4.33689, 48.98501], [4.33672, 48.9845], [4.33823, 48.98325], [4.33887, 48.98328], [4.34023, 48.9839], [4.34042, 48.98377], [4.33896, 48.98309], [4.33877, 48.98271], [4.33805, 48.98265], [4.33678, 48.98186], [4.33625, 48.98208], [4.33562, 48.982], [4.3344, 48.98111], [4.32799, 48.98427], [4.32693, 48.98514], [4.32667, 48.98755], [4.32725, 48.98785], [4.32771, 48.989]]], [[[4.32403, 48.99545], [4.32237, 48.99682], [4.31684, 49.0007], [4.30167, 49.00809], [4.29957, 49.00943], [4.29834, 49.01133], [4.29831, 49.01334], [4.29951, 49.01522], [4.30165, 49.01666], [4.30411, 49.0174], [4.31106, 49.01878], [4.31174, 49.01872], [4.31229, 49.01903], [4.32304, 49.02116], [4.32352, 49.02009], [4.32392, 49.01982], [4.32335, 49.01936], [4.32355, 49.0187], [4.32411, 49.01841], [4.32481, 49.01848], [4.32833, 49.0133], [4.32873, 49.01314], [4.32962, 49.01126], [4.33208, 49.00761], [4.33685, 49.00141], [4.33405, 49.00004], [4.33302, 48.99973], [4.32533, 48.99526], [4.32474, 48.99557], [4.32403, 48.99545]]], [[[4.32856, 48.99556], [4.32828, 48.99577], [4.33008, 48.99548], [4.33247, 48.99384], [4.33089, 48.9945], [4.33037, 48.9944], [4.32983, 48.99469], [4.32914, 48.99462], [4.32829, 48.99513], [4.32856, 48.99556]]], [[[4.32737, 49.01685], [4.32737, 49.0175], [4.3269, 49.01773], [4.32625, 49.01769], [4.3253, 49.01911], [4.32619, 49.01942], [4.32609, 49.02009], [4.32552, 49.02036], [4.32515, 49.02096], [4.32407, 49.02095], [4.32394, 49.02115], [4.32464, 49.02148], [4.32691, 49.02196], [4.32782, 49.02039], [4.32825, 49.01907], [4.32847, 49.0144], [4.32697, 49.01665], [4.32737, 49.01685]]], [[[4.31086, 49.01964], [4.31065, 49.0193], [4.30259, 49.01766], [4.30023, 49.01665], [4.29879, 49.01554], [4.29781, 49.01429], [4.29737, 49.01308], [4.29736, 49.01175], [4.28404, 49.0315], [4.29408, 49.0363], [4.29956, 49.02845], [4.30042, 49.02779], [4.30118, 49.0276], [4.30206, 49.02763], [4.31208, 49.02963], [4.31355, 49.0275], [4.31504, 49.02585], [4.31592, 49.02581], [4.31749, 49.02658], [4.31852, 49.02634], [4.31904, 49.02601], [4.31972, 49.02605], [4.32201, 49.0224], [4.32161, 49.02198], [4.32173, 49.0215], [4.31219, 49.01961], [4.31156, 49.01983], [4.31086, 49.01964]]], [[[4.32264, 49.02307], [4.3205, 49.02623], [4.32113, 49.02662], [4.32126, 49.02698], [4.32086, 49.0276], [4.32087, 49.02811], [4.32024, 49.02849], [4.32014, 49.02899], [4.31969, 49.02932], [4.3196, 49.03033], [4.32111, 49.03082], [4.32656, 49.02249], [4.32459, 49.02206], [4.32384, 49.02233], [4.32347, 49.02299], [4.32264, 49.02307]], [[4.32291, 49.02703], [4.32294, 49.02746], [4.32249, 49.02781], [4.32185, 49.02783], [4.32133, 49.02753], [4.32129, 49.02711], [4.32171, 49.02679], [4.3224, 49.02675], [4.32291, 49.02703]]], [[[4.31391, 49.03052], [4.30187, 49.02816], [4.30109, 49.02817], [4.30043, 49.02852], [4.29479, 49.03657], [4.29476, 49.03688], [4.29436, 49.03708], [4.28741, 49.04411], [4.28743, 49.04456], [4.28867, 49.04642], [4.29392, 49.05086], [4.29951, 49.0486], [4.30563, 49.04688], [4.30883, 49.04218], [4.31064, 49.0402], [4.31039, 49.03989], [4.31158, 49.03811], [4.31161, 49.03771], [4.3123, 49.03706], [4.31421, 49.03423], [4.3125, 49.03382], [4.31207, 49.03351], [4.31207, 49.03314], [4.31391, 49.03052]]], [[[4.31508, 49.03428], [4.31316, 49.03711], [4.31392, 49.03769], [4.31857, 49.03419], [4.31756, 49.03363], [4.31568, 49.03428], [4.31508, 49.03428]]], [[[4.31968, 49.03295], [4.3205, 49.03175], [4.32022, 49.03166], [4.31944, 49.03272], [4.31968, 49.03295]]], [[[4.32217, 49.03235], [4.32138, 49.03206], [4.32103, 49.0326], [4.32169, 49.03275], [4.32217, 49.03235]]], [[[4.32181, 49.0375], [4.32202, 49.03791], [4.32251, 49.03783], [4.32238, 49.03744], [4.32181, 49.0375]]], [[[4.32293, 49.03659], [4.32326, 49.03755], [4.32388, 49.03745], [4.32348, 49.03687], [4.32351, 49.03609], [4.32304, 49.03616], [4.32293, 49.03659]]], [[[4.32317, 49.03559], [4.32385, 49.03559], [4.32436, 49.03611], [4.32511, 49.03622], [4.32462, 49.03558], [4.32335, 49.03529], [4.32317, 49.03559]]], [[[4.32287, 49.0401], [4.3238, 49.04214], [4.32506, 49.04183], [4.32477, 49.04114], [4.32398, 49.04128], [4.3234, 49.04109], [4.32313, 49.04012], [4.32287, 49.0401]]], [[[4.32762, 49.04128], [4.33419, 49.04033], [4.33383, 49.04004], [4.33366, 49.03918], [4.33406, 49.03857], [4.33315, 49.03849], [4.33312, 49.03957], [4.33278, 49.03992], [4.32992, 49.04036], [4.32937, 49.04028], [4.32902, 49.03999], [4.32886, 49.03942], [4.32912, 49.03901], [4.32798, 49.03919], [4.32796, 49.03968], [4.32715, 49.04], [4.32678, 49.04062], [4.3274, 49.04081], [4.32762, 49.04128]]], [[[4.32855, 49.03855], [4.3302, 49.0383], [4.32986, 49.03705], [4.32957, 49.03709], [4.32938, 49.03765], [4.32853, 49.03786], [4.32855, 49.03855]]], [[[4.33703, 49.0401], [4.33915, 49.03992], [4.33989, 49.03985], [4.33718, 49.03923], [4.33726, 49.03975], [4.33703, 49.0401]]], [[[4.33754, 49.03875], [4.34024, 49.03935], [4.34099, 49.03972], [4.34445, 49.03908], [4.34707, 49.03832], [4.34912, 49.03755], [4.34645, 49.03848], [4.34476, 49.03871], [4.34304, 49.03846], [4.34029, 49.0375], [4.34022, 49.03718], [4.34075, 49.03688], [4.34363, 49.03785], [4.34519, 49.03798], [4.34628, 49.03781], [4.34829, 49.03716], [4.34445, 49.03588], [4.33822, 49.03241], [4.33631, 49.0307], [4.33366, 49.02678], [4.33236, 49.02538], [4.33019, 49.02388], [4.32748, 49.02275], [4.32171, 49.03156], [4.32368, 49.03241], [4.3245, 49.03403], [4.33118, 49.03554], [4.33295, 49.03628], [4.33345, 49.03683], [4.33383, 49.03678], [4.33417, 49.03625], [4.33514, 49.03606], [4.33654, 49.03604], [4.33783, 49.03638], [4.33855, 49.0369], [4.33874, 49.03758], [4.33843, 49.03822], [4.33754, 49.03875]], [[4.32413, 49.02995], [4.32529, 49.0303], [4.3254, 49.03128], [4.3246, 49.03204], [4.3239, 49.03219], [4.32328, 49.03193], [4.32279, 49.03107], [4.32364, 49.03014], [4.32413, 49.02995]]], [[[4.3322, 49.03657], [4.33159, 49.03629], [4.33049, 49.03593], [4.33057, 49.03672], [4.3322, 49.03657]]], [[[4.32834, 49.03547], [4.32769, 49.03546], [4.32781, 49.03584], [4.32814, 49.03579], [4.32834, 49.03547]]], [[[4.32632, 49.0351], [4.32585, 49.03501], [4.32581, 49.03512], [4.32591, 49.03516], [4.32632, 49.0351]]], [[[4.32317, 49.03345], [4.32341, 49.03348], [4.32335, 49.03331], [4.32317, 49.03345]]], [[[4.32589, 49.03881], [4.3245, 49.03901], [4.32468, 49.03987], [4.32498, 49.03948], [4.32604, 49.03918], [4.32589, 49.03881]]], [[[4.31276, 49.03854], [4.31217, 49.03857], [4.31163, 49.03937], [4.31276, 49.03854]]], [[[4.32086, 49.04365], [4.32087, 49.0442], [4.32038, 49.0445], [4.31975, 49.04449], [4.31913, 49.04413], [4.30835, 49.04695], [4.30808, 49.04719], [4.30764, 49.04711], [4.30643, 49.04738], [4.29804, 49.05962], [4.29746, 49.06164], [4.29749, 49.06478], [4.30779, 49.0686], [4.31204, 49.06962], [4.31939, 49.06853], [4.32365, 49.06899], [4.32816, 49.06989], [4.32826, 49.06921], [4.32895, 49.06877], [4.32958, 49.06875], [4.33108, 49.06967], [4.3316, 49.07047], [4.33138, 49.07081], [4.33079, 49.07103], [4.32953, 49.07063], [4.33389, 49.07378], [4.34122, 49.07016], [4.34052, 49.06638], [4.33701, 49.05898], [4.33628, 49.05622], [4.33579, 49.05541], [4.33099, 49.05041], [4.32473, 49.04476], [4.3234, 49.04294], [4.32086, 49.04365]], [[4.32341, 49.04411], [4.32374, 49.04451], [4.32355, 49.04495], [4.32289, 49.04515], [4.32228, 49.04504], [4.32196, 49.04462], [4.32213, 49.04422], [4.32269, 49.04401], [4.32341, 49.04411]], [[4.31699, 49.05282], [4.31656, 49.05249], [4.31662, 49.05204], [4.31713, 49.05177], [4.31775, 49.0518], [4.3182, 49.05211], [4.31818, 49.05254], [4.31772, 49.05284], [4.31699, 49.05282]], [[4.32584, 49.05532], [4.32673, 49.05508], [4.3273, 49.05478], [4.32787, 49.05482], [4.32884, 49.05521], [4.32889, 49.0558], [4.32785, 49.0565], [4.32622, 49.05645], [4.32568, 49.05621], [4.3255, 49.05586], [4.32584, 49.05532]], [[4.31977, 49.06672], [4.31911, 49.06673], [4.31862, 49.06647], [4.31873, 49.06548], [4.31938, 49.06521], [4.32092, 49.06532], [4.32134, 49.0657], [4.32123, 49.06618], [4.31977, 49.06672]], [[4.33533, 49.05721], [4.33503, 49.0577], [4.33454, 49.05789], [4.33384, 49.05777], [4.3335, 49.05742], [4.33372, 49.05691], [4.33424, 49.05667], [4.33501, 49.05681], [4.33533, 49.05721]]], [[[4.49983, 49.31528], [4.4986, 49.31455], [4.49811, 49.31455], [4.49807, 49.31468], [4.49879, 49.31479], [4.49963, 49.31533], [4.49983, 49.31528]]], [[[4.66945, 49.26188], [4.66929, 49.2618], [4.66927, 49.26185], [4.66945, 49.26188]]], [[[4.66991, 49.26211], [4.6699, 49.2621], [4.66991, 49.26211], [4.66991, 49.26211]]], [[[4.7101, 49.16539], [4.71268, 49.16717], [4.71364, 49.16696], [4.71443, 49.16738], [4.71475, 49.16685], [4.71384, 49.16625], [4.71247, 49.16579], [4.71131, 49.16485], [4.71094, 49.16476], [4.71037, 49.16415], [4.70969, 49.16394], [4.70949, 49.16348], [4.70893, 49.1631], [4.70827, 49.16331], [4.70757, 49.16297], [4.7073, 49.1621], [4.70589, 49.16149], [4.70518, 49.16157], [4.70448, 49.16122], [4.70691, 49.16245], [4.7101, 49.16539]]], [[[4.70142, 49.15891], [4.70289, 49.16006], [4.70305, 49.15886], [4.70178, 49.15814], [4.70185, 49.1586], [4.70142, 49.15891]]], [[[4.69691, 49.15057], [4.69863, 49.15277], [4.69854, 49.1518], [4.69779, 49.15078], [4.69691, 49.15057]]], [[[4.69526, 49.14874], [4.69519, 49.14846], [4.69468, 49.14833], [4.69488, 49.14845], [4.69526, 49.14874]]], [[[4.69273, 49.14771], [4.69269, 49.14734], [4.69218, 49.14718], [4.69229, 49.14741], [4.69273, 49.14771]]], [[[4.68845, 49.14054], [4.69005, 49.14376], [4.6904, 49.1436], [4.68949, 49.14212], [4.68977, 49.14105], [4.689, 49.13997], [4.68886, 49.14033], [4.68845, 49.14054]]], [[[4.6864, 49.1364], [4.68627, 49.1364], [4.68631, 49.13642], [4.6864, 49.1364]]], [[[4.65605, 48.98767], [4.65605, 48.98767], [4.65605, 48.98767], [4.65605, 48.98767]]], [[[4.65455, 48.98736], [4.65503, 48.98746], [4.6549, 48.98728], [4.65455, 48.98736]]], [[[4.25317, 49.1442], [4.25434, 49.144], [4.25108, 49.14247], [4.24908, 49.14724], [4.24933, 49.14724], [4.24942, 49.1467], [4.24988, 49.14623], [4.2497, 49.14581], [4.2505, 49.14526], [4.25025, 49.145], [4.25042, 49.1447], [4.25174, 49.14437], [4.25225, 49.14448], [4.25266, 49.1449], [4.25317, 49.1442]]], [[[4.25126, 49.11344], [4.24773, 49.1175], [4.24827, 49.1188], [4.2501, 49.11715], [4.25471, 49.112], [4.25425, 49.11188], [4.25126, 49.11344]]], [[[4.24942, 49.1144], [4.24698, 49.11568], [4.24739, 49.11668], [4.24942, 49.1144]]], [[[4.2515, 49.11149], [4.24506, 49.11104], [4.24672, 49.11507], [4.25038, 49.11316], [4.2515, 49.11149]]], [[[4.32664, 48.98137], [4.32649, 48.98417], [4.331, 48.98195], [4.32928, 48.98092], [4.32895, 48.98045], [4.32664, 48.98137]]], [[[4.34085, 48.98327], [4.34186, 48.98383], [4.34179, 48.98299], [4.34231, 48.98252], [4.34164, 48.98219], [4.34146, 48.98172], [4.34093, 48.98139], [4.34085, 48.98327]]], [[[4.34291, 48.98509], [4.34177, 48.98635], [4.3431, 48.98521], [4.34291, 48.98509]]], [[[4.34359, 48.98464], [4.34314, 48.98448], [4.34356, 48.98476], [4.34359, 48.98464]]], [[[4.34409, 48.98581], [4.34373, 48.98555], [4.34249, 48.98661], [4.34409, 48.98581]]], [[[4.34161, 48.98742], [4.3412, 48.98772], [4.34125, 48.98775], [4.34148, 48.98775], [4.34161, 48.98742]]], [[[4.34042, 48.99082], [4.34053, 48.99095], [4.34165, 48.99137], [4.34131, 48.99105], [4.3413, 48.99047], [4.34161, 48.99009], [4.34214, 48.98995], [4.34309, 48.99014], [4.34433, 48.99071], [4.34445, 48.99106], [4.34424, 48.99139], [4.34283, 48.99165], [4.3428, 48.99219], [4.34207, 48.99246], [4.34313, 48.99351], [4.34781, 48.98745], [4.3472, 48.98792], [4.34649, 48.98799], [4.34534, 48.9874], [4.34528, 48.98688], [4.34322, 48.98863], [4.34269, 48.98876], [4.34212, 48.98863], [4.34125, 48.98934], [4.34142, 48.98998], [4.34042, 48.99082]]], [[[4.35216, 48.98492], [4.35657, 48.98878], [4.35754, 48.98954], [4.35832, 48.98987], [4.35864, 48.99065], [4.3585, 48.99122], [4.35992, 48.9932], [4.36237, 48.99433], [4.36272, 48.99483], [4.36214, 48.99495], [4.3593, 48.99355], [4.3577, 48.99135], [4.3563, 48.99078], [4.35625, 48.99041], [4.35676, 48.98977], [4.35252, 48.98602], [4.35085, 48.98498], [4.33358, 49.00699], [4.33057, 49.01141], [4.32946, 49.01422], [4.32918, 49.01944], [4.32783, 49.02222], [4.33075, 49.02344], [4.33305, 49.02503], [4.33445, 49.02653], [4.33708, 49.03042], [4.33837, 49.03166], [4.33976, 49.03261], [4.34545, 49.02476], [4.34305, 49.0241], [4.33734, 49.02353], [4.33707, 49.02326], [4.33742, 49.02301], [4.34324, 49.02357], [4.34622, 49.02444], [4.34632, 49.02482], [4.34411, 49.02787], [4.35389, 49.02983], [4.36127, 49.03185], [4.36327, 49.02712], [4.35746, 49.02646], [4.35146, 49.02495], [4.35127, 49.02446], [4.35287, 49.02221], [4.34961, 49.02065], [4.34385, 49.01853], [4.34364, 49.01831], [4.34671, 49.01481], [4.35076, 49.0131], [4.35004, 49.0127], [4.34998, 49.01243], [4.35605, 49.00468], [4.35649, 49.00454], [4.35679, 49.0047], [4.35678, 49.00493], [4.35088, 49.01246], [4.35177, 49.01296], [4.3518, 49.01326], [4.34732, 49.01518], [4.34462, 49.0182], [4.35003, 49.02018], [4.35359, 49.0219], [4.35373, 49.02228], [4.35211, 49.02456], [4.3577, 49.02594], [4.36411, 49.02674], [4.36189, 49.03237], [4.36139, 49.03253], [4.35364, 49.03035], [4.34375, 49.02837], [4.34043, 49.03299], [4.34564, 49.03572], [4.35032, 49.03705], [4.35291, 49.03596], [4.35606, 49.03492], [4.35889, 49.03428], [4.36297, 49.03376], [4.36763, 49.03372], [4.37864, 49.03441], [4.38534, 49.03415], [4.38486, 49.03323], [4.38169, 49.02921], [4.37799, 49.02613], [4.37768, 49.02524], [4.37808, 49.02499], [4.37846, 49.02516], [4.3788, 49.02595], [4.3824, 49.02893], [4.3856, 49.033], [4.38615, 49.03408], [4.39573, 49.03338], [4.40037, 49.03341], [4.40435, 49.03371], [4.40511, 49.03357], [4.40468, 49.03259], [4.40575, 49.03149], [4.40628, 49.03138], [4.40691, 49.03152], [4.40701, 49.03139], [4.40654, 49.03117], [4.40637, 49.03081], [4.40699, 49.02988], [4.40763, 49.02966], [4.40851, 49.02987], [4.41364, 49.02661], [4.41278, 49.02459], [4.41247, 49.01977], [4.41182, 49.01745], [4.40343, 49.00768], [4.3962, 49.00934], [4.39265, 49.00971], [4.3927, 49.01067], [4.39212, 49.01109], [4.39107, 49.01096], [4.39029, 49.01047], [4.3902, 49.0101], [4.39045, 49.00974], [4.39149, 49.0091], [4.39232, 49.0092], [4.39516, 49.00896], [4.40302, 49.00721], [4.3831, 48.98449], [4.38265, 48.98494], [4.38154, 48.98522], [4.38106, 48.98505], [4.38005, 48.98416], [4.38005, 48.98354], [4.37966, 48.98326], [4.37963, 48.98284], [4.3802, 48.9824], [4.38113, 48.98225], [4.37689, 48.97742], [4.3748, 48.97724], [4.37301, 48.97741], [4.37352, 48.97768], [4.37366, 48.97804], [4.37333, 48.97846], [4.37283, 48.97863], [4.37175, 48.9783], [4.37152, 48.97779], [4.37106, 48.97791], [4.37137, 48.97823], [4.37136, 48.97892], [4.37209, 48.97946], [4.37233, 48.98037], [4.3734, 48.98064], [4.37417, 48.98115], [4.37418, 48.98157], [4.37363, 48.98198], [4.37299, 48.98198], [4.37177, 48.98153], [4.37056, 48.98145], [4.36846, 48.98081], [4.36783, 48.98054], [4.36765, 48.98011], [4.36682, 48.98002], [4.36633, 48.98045], [4.36549, 48.9804], [4.36495, 48.98001], [4.36494, 48.97959], [4.36564, 48.97921], [4.36651, 48.97948], [4.36668, 48.97923], [4.36631, 48.97895], [4.36196, 48.97997], [4.35777, 48.98163], [4.35717, 48.98167], [4.35626, 48.98142], [4.35567, 48.98165], [4.3545, 48.9822], [4.35372, 48.98263], [4.35304, 48.98345], [4.35233, 48.98382], [4.35276, 48.98442], [4.35216, 48.98492]], [[4.37578, 48.97935], [4.37596, 48.97875], [4.37656, 48.97848], [4.37757, 48.97874], [4.3779, 48.97909], [4.37763, 48.97964], [4.37708, 48.97986], [4.37653, 48.97979], [4.37578, 48.97935]], [[4.37733, 48.98186], [4.37764, 48.98228], [4.37735, 48.98274], [4.37656, 48.98295], [4.37585, 48.98277], [4.37562, 48.98233], [4.376, 48.98184], [4.3766, 48.98169], [4.37733, 48.98186]], [[4.35499, 48.9822], [4.35594, 48.98251], [4.3562, 48.98296], [4.35556, 48.98367], [4.3549, 48.98386], [4.35386, 48.98353], [4.35358, 48.98309], [4.3543, 48.98234], [4.35499, 48.9822]], [[4.37833, 49.00541], [4.37769, 49.00499], [4.37787, 49.00445], [4.37889, 49.00379], [4.37995, 49.00398], [4.38067, 49.00486], [4.38045, 49.0054], [4.37982, 49.00563], [4.37833, 49.00541]], [[4.35502, 49.01756], [4.35563, 49.01731], [4.35635, 49.01748], [4.35688, 49.01809], [4.35658, 49.01861], [4.35591, 49.01877], [4.35497, 49.01848], [4.35473, 49.0181], [4.35502, 49.01756]], [[4.37175, 49.02128], [4.37231, 49.02148], [4.37261, 49.02192], [4.37236, 49.02231], [4.37171, 49.0225], [4.37113, 49.02234], [4.37076, 49.02186], [4.37107, 49.02143], [4.37175, 49.02128]]], [[[4.36301, 48.9785], [4.36245, 48.97904], [4.36428, 48.97861], [4.36301, 48.9785]]], [[[4.36741, 48.9778], [4.36903, 48.97752], [4.36879, 48.9758], [4.36835, 48.97611], [4.36772, 48.97616], [4.36684, 48.97578], [4.36659, 48.9761], [4.36755, 48.97662], [4.36741, 48.9778]]], [[[4.36969, 48.97426], [4.36983, 48.97734], [4.37338, 48.97641], [4.37537, 48.97567], [4.37469, 48.9754], [4.37469, 48.97491], [4.37426, 48.97438], [4.37332, 48.97484], [4.37267, 48.97486], [4.37198, 48.97432], [4.37103, 48.97413], [4.37094, 48.9735], [4.37017, 48.97413], [4.36969, 48.97426]]], [[[4.37511, 48.97399], [4.37551, 48.97465], [4.37606, 48.97492], [4.3761, 48.97532], [4.37741, 48.97457], [4.37665, 48.97402], [4.37605, 48.97406], [4.37546, 48.97384], [4.37511, 48.97399]]], [[[4.37832, 48.97327], [4.3791, 48.97265], [4.37747, 48.97255], [4.37745, 48.973], [4.37832, 48.97327]]], [[[4.38054, 48.97037], [4.38125, 48.96928], [4.38007, 48.96885], [4.37912, 48.96975], [4.37776, 48.97029], [4.3776, 48.97068], [4.37852, 48.97016], [4.38006, 48.97019], [4.38054, 48.97037]]], [[[4.37659, 48.97196], [4.37677, 48.97077], [4.37475, 48.97154], [4.37481, 48.97195], [4.37587, 48.9717], [4.37659, 48.97196]]], [[[4.37705, 48.96897], [4.37769, 48.96973], [4.37792, 48.96965], [4.37857, 48.96935], [4.37935, 48.96851], [4.37839, 48.96818], [4.37753, 48.96844], [4.37705, 48.96897]]], [[[4.38079, 48.96763], [4.38045, 48.96785], [4.38121, 48.96803], [4.38164, 48.96791], [4.38079, 48.96763]]], [[[4.38537, 48.96327], [4.38496, 48.96331], [4.38486, 48.96413], [4.38537, 48.96327]]], [[[4.38792, 48.96363], [4.38596, 48.96473], [4.3849, 48.9649], [4.3849, 48.96547], [4.38431, 48.9661], [4.38836, 48.96396], [4.38935, 48.96323], [4.38908, 48.96305], [4.38845, 48.96305], [4.38792, 48.96363]]], [[[4.38874, 48.96244], [4.38899, 48.96242], [4.38904, 48.96225], [4.3888, 48.96222], [4.38874, 48.96244]]], [[[4.38995, 48.9618], [4.39023, 48.96184], [4.39031, 48.96139], [4.39008, 48.96008], [4.3895, 48.95878], [4.3888, 48.95868], [4.3883, 48.95922], [4.38851, 48.95966], [4.3881, 48.96029], [4.38892, 48.96019], [4.38958, 48.96043], [4.38968, 48.96099], [4.39003, 48.96135], [4.38995, 48.9618]]], [[[4.38879, 48.95786], [4.38928, 48.95823], [4.38903, 48.95726], [4.38879, 48.95786]]], [[[4.39024, 48.95538], [4.3901, 48.95535], [4.39007, 48.95548], [4.39024, 48.95538]]], [[[4.39335, 48.95464], [4.39316, 48.95515], [4.39608, 48.95632], [4.39838, 48.95643], [4.39932, 48.95632], [4.39864, 48.95621], [4.398, 48.95574], [4.39483, 48.95472], [4.39421, 48.95476], [4.39367, 48.95452], [4.39335, 48.95464]]], [[[4.39113, 48.95137], [4.39151, 48.95143], [4.39275, 48.9499], [4.39157, 48.94976], [4.39113, 48.95137]]], [[[4.38985, 48.95005], [4.39038, 48.95044], [4.39054, 48.94954], [4.39007, 48.94967], [4.38985, 48.95005]]], [[[4.38916, 48.9484], [4.3904, 48.94874], [4.39074, 48.94901], [4.39127, 48.94694], [4.39055, 48.94678], [4.3897, 48.94784], [4.38888, 48.94798], [4.3888, 48.94813], [4.38916, 48.9484]]], [[[4.39183, 48.94909], [4.39171, 48.94922], [4.39258, 48.94937], [4.39209, 48.94923], [4.39183, 48.94909]]], [[[4.40552, 48.94082], [4.41896, 48.9387], [4.42515, 48.93731], [4.42501, 48.93684], [4.42553, 48.93646], [4.42632, 48.93648], [4.42674, 48.93695], [4.44456, 48.93299], [4.43047, 48.92756], [4.41765, 48.92189], [4.41681, 48.92261], [4.41667, 48.92307], [4.41577, 48.92353], [4.40269, 48.9349], [4.40234, 48.9355], [4.40169, 48.93577], [4.39827, 48.93882], [4.39906, 48.93915], [4.39974, 48.93859], [4.40045, 48.93872], [4.40152, 48.9382], [4.40255, 48.93828], [4.40414, 48.9389], [4.40439, 48.94016], [4.40506, 48.93978], [4.40583, 48.93997], [4.40599, 48.94045], [4.40552, 48.94082]], [[4.40614, 48.93929], [4.40535, 48.93929], [4.40472, 48.93886], [4.40489, 48.93824], [4.40552, 48.93793], [4.40631, 48.93801], [4.40673, 48.93833], [4.40676, 48.93881], [4.40614, 48.93929]]], [[[4.39659, 48.93917], [4.39867, 48.93751], [4.39503, 48.93637], [4.39461, 48.93653], [4.39428, 48.93704], [4.39498, 48.93724], [4.39578, 48.93714], [4.39629, 48.93736], [4.39649, 48.9378], [4.39632, 48.93838], [4.39551, 48.93882], [4.39603, 48.93913], [4.39659, 48.93917]]], [[[4.39755, 48.93655], [4.39842, 48.93692], [4.39946, 48.93599], [4.3989, 48.93552], [4.39845, 48.93584], [4.39786, 48.93588], [4.39755, 48.93655]]], [[[4.40213, 48.93439], [4.41084, 48.92693], [4.40654, 48.92564], [4.40558, 48.92569], [4.4021, 48.92422], [4.40047, 48.92325], [4.39992, 48.92344], [4.39402, 48.92914], [4.39199, 48.93151], [4.39265, 48.9319], [4.39252, 48.93246], [4.39191, 48.93271], [4.39109, 48.93257], [4.38951, 48.9341], [4.39432, 48.93542], [4.39573, 48.9345], [4.3964, 48.93313], [4.39768, 48.93283], [4.39893, 48.93328], [4.39903, 48.9336], [4.39879, 48.93401], [4.39934, 48.93429], [4.39943, 48.93471], [4.40082, 48.93478], [4.40141, 48.93439], [4.40213, 48.93439]], [[4.3991, 48.93095], [4.39901, 48.93141], [4.39847, 48.93168], [4.39777, 48.93159], [4.39738, 48.93125], [4.39751, 48.93079], [4.39804, 48.93055], [4.3986, 48.9306], [4.3991, 48.93095]]], [[[4.39159, 48.93537], [4.39238, 48.93554], [4.39159, 48.93532], [4.39159, 48.93537]]], [[[4.39134, 48.93066], [4.39156, 48.93091], [4.39203, 48.93036], [4.39134, 48.93066]]], [[[4.3924, 48.92818], [4.3934, 48.92877], [4.39919, 48.92309], [4.39783, 48.92247], [4.3969, 48.92283], [4.39624, 48.92275], [4.39558, 48.92312], [4.39347, 48.92321], [4.39271, 48.92345], [4.39345, 48.92409], [4.39357, 48.92445], [4.39345, 48.92482], [4.39297, 48.92508], [4.39312, 48.92591], [4.39245, 48.92649], [4.39288, 48.9272], [4.39234, 48.92769], [4.3924, 48.92818]]], [[[4.4134, 48.91441], [4.41242, 48.91389], [4.41316, 48.9144], [4.4134, 48.91441]]], [[[4.35899, 48.94822], [4.35998, 48.94763], [4.35801, 48.94717], [4.35761, 48.94714], [4.35708, 48.94779], [4.35653, 48.94799], [4.3573, 48.94854], [4.35783, 48.94828], [4.35899, 48.94822]]], [[[4.38491, 48.91084], [4.38805, 48.90836], [4.38484, 48.90972], [4.38103, 48.91213], [4.38169, 48.91258], [4.38184, 48.91295], [4.38161, 48.91335], [4.38192, 48.91378], [4.3812, 48.91425], [4.3808, 48.91426], [4.37991, 48.91577], [4.38158, 48.91514], [4.38266, 48.91435], [4.38491, 48.91084]]], [[[4.37971, 48.91299], [4.37976, 48.91298], [4.37983, 48.91291], [4.37971, 48.91299]]], [[[4.37876, 48.91375], [4.37863, 48.91375], [4.37857, 48.9138], [4.37876, 48.91375]]], [[[4.37745, 48.91552], [4.37773, 48.91446], [4.37611, 48.91603], [4.37745, 48.91552]]], [[[4.37459, 48.91879], [4.37461, 48.91742], [4.37311, 48.91868], [4.37413, 48.91869], [4.3744, 48.91899], [4.37459, 48.91879]]], [[[4.35627, 48.91643], [4.35724, 48.91582], [4.3568, 48.91545], [4.35649, 48.91561], [4.35627, 48.91643]]], [[[4.35069, 48.92183], [4.35048, 48.92154], [4.35028, 48.92164], [4.35051, 48.92172], [4.35069, 48.92183]]], [[[4.35256, 48.92581], [4.34951, 48.93435], [4.35141, 48.93476], [4.35173, 48.93467], [4.35202, 48.93352], [4.35248, 48.93318], [4.3532, 48.93082], [4.35324, 48.93034], [4.35286, 48.92974], [4.35321, 48.92936], [4.35332, 48.92825], [4.35374, 48.9276], [4.35338, 48.9273], [4.35337, 48.92691], [4.35387, 48.92651], [4.35456, 48.92651], [4.354, 48.92562], [4.35328, 48.92592], [4.35256, 48.92581]]], [[[4.35426, 48.92899], [4.35411, 48.92842], [4.35416, 48.92933], [4.35426, 48.92899]]], [[[4.35406, 48.93192], [4.35381, 48.93155], [4.35332, 48.93318], [4.35379, 48.93324], [4.35406, 48.93192]]], [[[4.35102, 48.93533], [4.34957, 48.93494], [4.34942, 48.93534], [4.34998, 48.9352], [4.35102, 48.93533]]], [[[4.31245, 48.9531], [4.31256, 48.95225], [4.30559, 48.95158], [4.30506, 48.9537], [4.30452, 48.95807], [4.30463, 48.95841], [4.30546, 48.95864], [4.30831, 48.96095], [4.30895, 48.96062], [4.3095, 48.96058], [4.31033, 48.96114], [4.31128, 48.96115], [4.31231, 48.96169], [4.31269, 48.96143], [4.31245, 48.96082], [4.31312, 48.96037], [4.31219, 48.95964], [4.31093, 48.95902], [4.31085, 48.95861], [4.31128, 48.95822], [4.31046, 48.95774], [4.31001, 48.95688], [4.31058, 48.95634], [4.31359, 48.95605], [4.31245, 48.9531]]], [[[4.30751, 48.96133], [4.30498, 48.9591], [4.30457, 48.95895], [4.3041, 48.96164], [4.30407, 48.9633], [4.30454, 48.96531], [4.30552, 48.96717], [4.31034, 48.96464], [4.30927, 48.96405], [4.30897, 48.9629], [4.30714, 48.96224], [4.30707, 48.96182], [4.30751, 48.96133]]], [[[4.31019, 48.96548], [4.30988, 48.96558], [4.31021, 48.9658], [4.3103, 48.96578], [4.31019, 48.96548]]], [[[4.30845, 48.96646], [4.30629, 48.96748], [4.30591, 48.96788], [4.30727, 48.97073], [4.31032, 48.96991], [4.31175, 48.96901], [4.30845, 48.96646]]], [[[4.31372, 48.96922], [4.31291, 48.9693], [4.31096, 48.97134], [4.31142, 48.97189], [4.31611, 48.97006], [4.31529, 48.96832], [4.31418, 48.96881], [4.31372, 48.96922]]], [[[4.31612, 48.96794], [4.3168, 48.9697], [4.31729, 48.9696], [4.33102, 48.96425], [4.32837, 48.96384], [4.32607, 48.96453], [4.32561, 48.96438], [4.32428, 48.96334], [4.32256, 48.96455], [4.32264, 48.96493], [4.32237, 48.96523], [4.32162, 48.96536], [4.32099, 48.965], [4.32008, 48.96494], [4.31952, 48.9658], [4.31612, 48.96794]], [[4.32598, 48.96577], [4.32536, 48.96564], [4.32503, 48.96524], [4.32522, 48.96484], [4.32581, 48.96463], [4.32641, 48.96475], [4.32675, 48.96514], [4.32658, 48.96554], [4.32598, 48.96577]]], [[[4.32045, 48.96414], [4.32021, 48.96437], [4.32053, 48.96449], [4.32088, 48.96444], [4.32045, 48.96414]]], [[[4.32286, 48.96343], [4.32374, 48.96293], [4.32291, 48.9623], [4.32206, 48.96278], [4.32202, 48.96307], [4.32286, 48.96343]]], [[[4.33976, 48.96038], [4.33925, 48.96094], [4.34036, 48.96051], [4.33976, 48.96038]]], [[[4.34167, 48.96281], [4.3413, 48.96291], [4.34132, 48.96334], [4.34183, 48.9632], [4.34237, 48.96331], [4.34262, 48.96302], [4.34167, 48.96281]]], [[[4.34034, 48.96408], [4.34045, 48.9629], [4.34066, 48.96256], [4.3393, 48.96352], [4.34002, 48.96407], [4.34034, 48.96408]]], [[[4.33881, 48.96539], [4.33747, 48.9646], [4.33665, 48.96503], [4.33721, 48.96535], [4.3367, 48.96594], [4.33701, 48.96633], [4.33745, 48.96635], [4.33823, 48.96675], [4.33817, 48.96727], [4.34056, 48.96529], [4.33881, 48.96539]]], [[[4.33549, 48.96574], [4.33514, 48.96592], [4.3358, 48.96589], [4.33549, 48.96574]]], [[[4.33363, 48.96662], [4.33367, 48.96659], [4.3336, 48.96666], [4.33363, 48.96662]]], [[[4.33051, 48.96641], [4.33034, 48.96651], [4.33064, 48.96638], [4.33051, 48.96641]]], [[[4.32988, 48.96552], [4.32914, 48.96589], [4.33012, 48.96561], [4.32988, 48.96552]]], [[[4.32811, 48.96896], [4.32805, 48.96911], [4.32816, 48.96898], [4.32811, 48.96896]]], [[[4.33119, 48.96837], [4.33088, 48.96815], [4.33026, 48.96858], [4.33047, 48.96866], [4.33119, 48.96837]]], [[[4.32923, 48.96943], [4.32754, 48.97128], [4.32678, 48.97327], [4.32753, 48.97341], [4.32951, 48.973], [4.33013, 48.97322], [4.33036, 48.97364], [4.33124, 48.97392], [4.33718, 48.96817], [4.33665, 48.96842], [4.33616, 48.96842], [4.33569, 48.96883], [4.33522, 48.96886], [4.335, 48.96934], [4.33448, 48.96963], [4.33404, 48.96963], [4.33308, 48.9692], [4.3311, 48.97067], [4.33049, 48.97065], [4.32963, 48.97017], [4.32923, 48.96943]]], [[[4.32668, 48.97767], [4.32662, 48.97905], [4.32765, 48.9788], [4.32966, 48.97769], [4.33017, 48.97672], [4.32718, 48.97773], [4.32668, 48.97767]]], [[[4.29441, 48.98053], [4.29426, 48.97959], [4.2916, 48.98135], [4.29253, 48.98163], [4.29439, 48.98341], [4.29479, 48.98357], [4.29557, 48.98355], [4.29644, 48.98329], [4.29548, 48.98325], [4.29472, 48.98283], [4.29494, 48.98178], [4.29473, 48.98128], [4.29496, 48.98094], [4.29534, 48.98084], [4.29441, 48.98053]]], [[[4.28703, 48.98524], [4.28841, 48.98358], [4.28572, 48.98493], [4.2832, 48.98584], [4.28496, 48.98637], [4.28571, 48.98682], [4.2858, 48.98712], [4.28635, 48.98716], [4.28703, 48.98524]]], [[[4.28153, 48.98631], [4.27669, 48.9872], [4.27747, 48.98862], [4.27803, 48.98867], [4.27827, 48.98892], [4.27931, 48.98836], [4.28067, 48.9881], [4.2812, 48.98739], [4.28123, 48.98673], [4.28153, 48.98631]]], [[[4.27444, 48.98843], [4.27459, 48.98757], [4.27305, 48.98785], [4.27444, 48.98843]]], [[[4.26851, 48.99007], [4.27044, 48.98831], [4.25853, 48.99041], [4.25928, 48.99074], [4.25984, 48.99207], [4.26057, 48.99247], [4.26098, 48.99344], [4.26093, 48.99422], [4.26296, 48.9948], [4.26408, 48.99405], [4.26392, 48.99373], [4.26279, 48.99316], [4.26162, 48.99212], [4.26151, 48.99146], [4.26225, 48.99067], [4.26342, 48.99017], [4.26578, 48.9906], [4.26746, 48.99048], [4.26851, 48.99007]], [[4.26793, 48.98945], [4.26786, 48.98998], [4.26745, 48.9902], [4.26684, 48.99013], [4.26644, 48.98972], [4.26648, 48.98942], [4.26695, 48.98916], [4.26758, 48.98917], [4.26793, 48.98945]]], [[[4.22732, 49.0001], [4.21956, 49.00097], [4.21638, 49.0015], [4.21747, 49.0018], [4.21808, 49.00241], [4.21815, 49.00329], [4.21772, 49.00415], [4.21806, 49.00417], [4.21812, 49.00355], [4.21875, 49.00294], [4.21958, 49.0026], [4.22005, 49.00181], [4.22099, 49.00115], [4.2225, 49.00066], [4.22358, 49.00073], [4.22405, 49.00096], [4.22472, 49.00206], [4.22513, 49.00354], [4.22541, 49.00364], [4.22651, 49.0035], [4.22761, 49.00269], [4.22805, 49.00185], [4.22729, 49.00046], [4.22732, 49.0001]]], [[[4.19331, 49.01013], [4.19149, 49.01079], [4.19514, 49.01281], [4.19534, 49.01207], [4.19331, 49.01013]]], [[[4.17821, 49.01807], [4.17851, 49.01753], [4.179, 49.01734], [4.17881, 49.01711], [4.17846, 49.01745], [4.17821, 49.01807]]], [[[4.12713, 49.02347], [4.12709, 49.02343], [4.12708, 49.02349], [4.12713, 49.02347]]], [[[4.17279, 49.02524], [4.17181, 49.02487], [4.17283, 49.02654], [4.17417, 49.02762], [4.18141, 49.01962], [4.17906, 49.01873], [4.17913, 49.0193], [4.17852, 49.01972], [4.17849, 49.02], [4.17894, 49.02056], [4.17894, 49.02105], [4.17845, 49.02123], [4.17757, 49.02118], [4.17666, 49.0224], [4.17551, 49.02289], [4.17551, 49.02318], [4.17612, 49.02353], [4.17608, 49.02449], [4.17533, 49.02481], [4.17484, 49.02528], [4.17387, 49.02527], [4.17335, 49.02506], [4.17279, 49.02524]]], [[[4.17934, 49.01786], [4.17914, 49.01819], [4.17924, 49.0182], [4.17934, 49.01786]]], [[[4.12073, 49.04117], [4.12078, 49.04107], [4.12086, 49.04098], [4.12073, 49.04117]]], [[[4.20879, 49.17093], [4.20796, 49.17156], [4.20981, 49.1726], [4.21003, 49.17218], [4.20879, 49.17093]]], [[[4.31099, 49.11697], [4.30969, 49.11937], [4.30936, 49.12093], [4.31108, 49.12531], [4.31151, 49.127], [4.31425, 49.12736], [4.31481, 49.12766], [4.31619, 49.12787], [4.3167, 49.12717], [4.31774, 49.12717], [4.3189, 49.11604], [4.31927, 49.1147], [4.32015, 49.11311], [4.31833, 49.11238], [4.31816, 49.11291], [4.31849, 49.11342], [4.31799, 49.11394], [4.31713, 49.11419], [4.31654, 49.11416], [4.31514, 49.11357], [4.31479, 49.11388], [4.31518, 49.1142], [4.31482, 49.11465], [4.3143, 49.1147], [4.31413, 49.11439], [4.31279, 49.11524], [4.31366, 49.11563], [4.31389, 49.11597], [4.31308, 49.11693], [4.31208, 49.11732], [4.31099, 49.11697]]], [[[4.31418, 49.11432], [4.31418, 49.11432], [4.31417, 49.11432], [4.31418, 49.11432]]], [[[4.32184, 49.1123], [4.32033, 49.11435], [4.31977, 49.1161], [4.31889, 49.12562], [4.31885, 49.12732], [4.31924, 49.12792], [4.32068, 49.12575], [4.32017, 49.12534], [4.32038, 49.12481], [4.32184, 49.12394], [4.32271, 49.12412], [4.323, 49.12455], [4.3226, 49.12525], [4.32149, 49.12588], [4.31993, 49.12829], [4.32013, 49.12834], [4.32255, 49.12861], [4.33227, 49.12835], [4.33411, 49.12803], [4.34011, 49.12629], [4.3492, 49.12554], [4.35147, 49.1248], [4.35589, 49.12246], [4.35548, 49.12177], [4.35637, 49.12104], [4.35715, 49.12096], [4.35785, 49.12143], [4.35834, 49.12117], [4.35743, 49.12045], [4.3574, 49.11998], [4.35875, 49.1192], [4.35957, 49.11921], [4.35582, 49.10874], [4.3549, 49.10887], [4.35431, 49.10844], [4.35425, 49.10745], [4.3551, 49.10679], [4.35313, 49.10129], [4.35285, 49.09451], [4.35189, 49.09467], [4.35097, 49.09445], [4.35062, 49.0941], [4.35068, 49.09349], [4.33738, 49.10034], [4.33719, 49.10073], [4.33642, 49.10095], [4.33595, 49.1013], [4.32761, 49.10812], [4.32283, 49.11143], [4.32249, 49.112], [4.32184, 49.1123]], [[4.35553, 49.11701], [4.35507, 49.1173], [4.35436, 49.11731], [4.35392, 49.11701], [4.35392, 49.11655], [4.35438, 49.11626], [4.35508, 49.11625], [4.35553, 49.11655], [4.35553, 49.11701]]], [[[4.32541, 49.10871], [4.32749, 49.10731], [4.33571, 49.1006], [4.33588, 49.1], [4.33637, 49.09982], [4.33689, 49.09987], [4.33744, 49.09957], [4.33738, 49.09918], [4.33772, 49.09887], [4.33823, 49.09874], [4.33881, 49.09887], [4.34959, 49.09334], [4.3516, 49.0921], [4.35178, 49.09196], [4.3496, 49.09005], [4.34892, 49.09024], [4.34819, 49.09009], [4.34763, 49.0904], [4.34779, 49.09075], [4.34762, 49.09105], [4.34617, 49.09149], [4.34583, 49.0919], [4.34516, 49.09184], [4.34475, 49.09198], [4.34454, 49.0921], [4.3446, 49.09251], [4.34426, 49.09275], [4.34302, 49.093], [4.34239, 49.09267], [4.34219, 49.09406], [4.34182, 49.09451], [4.34127, 49.09455], [4.34006, 49.0941], [4.3397, 49.09412], [4.34013, 49.0945], [4.33999, 49.09492], [4.33958, 49.09517], [4.33925, 49.0958], [4.33823, 49.09602], [4.33826, 49.09635], [4.33884, 49.09646], [4.33908, 49.09671], [4.33851, 49.09737], [4.33706, 49.09749], [4.33617, 49.09792], [4.33563, 49.09777], [4.33536, 49.09817], [4.3349, 49.09832], [4.33397, 49.09803], [4.33299, 49.09832], [4.33227, 49.09892], [4.33214, 49.09959], [4.33175, 49.09991], [4.33075, 49.10009], [4.33018, 49.10002], [4.32941, 49.10067], [4.32863, 49.10052], [4.32847, 49.10173], [4.32758, 49.1018], [4.32739, 49.10232], [4.32637, 49.10262], [4.32598, 49.10304], [4.32467, 49.10298], [4.32415, 49.10419], [4.32363, 49.10462], [4.32447, 49.10458], [4.32497, 49.10492], [4.32492, 49.10547], [4.32451, 49.10589], [4.32513, 49.10632], [4.32484, 49.10691], [4.32521, 49.10743], [4.32476, 49.10805], [4.32487, 49.10846], [4.32541, 49.10871]]], [[[4.3536, 49.09254], [4.35398, 49.10137], [4.35573, 49.10618], [4.35677, 49.10595], [4.35756, 49.10644], [4.35735, 49.10697], [4.35645, 49.10726], [4.35671, 49.10813], [4.35657, 49.10846], [4.35918, 49.11577], [4.36062, 49.11569], [4.36118, 49.11628], [4.36371, 49.11597], [4.36422, 49.11622], [4.36445, 49.11688], [4.36663, 49.11658], [4.36785, 49.11749], [4.36807, 49.11674], [4.36862, 49.11658], [4.36916, 49.11667], [4.36951, 49.11733], [4.37029, 49.11781], [4.37047, 49.11835], [4.36997, 49.11881], [4.36896, 49.11873], [4.3688, 49.11929], [4.36976, 49.11919], [4.37033, 49.11938], [4.37045, 49.12047], [4.37809, 49.12069], [4.37943, 49.12103], [4.38127, 49.11974], [4.37939, 49.11837], [4.37712, 49.11308], [4.37571, 49.11103], [4.37328, 49.10876], [4.37198, 49.10794], [4.36561, 49.10612], [4.36254, 49.10503], [4.36195, 49.10424], [4.36226, 49.10359], [4.37228, 49.09645], [4.37541, 49.09474], [4.45529, 49.06081], [4.44492, 49.06054], [4.43679, 49.06349], [4.43686, 49.0644], [4.43591, 49.06482], [4.43362, 49.06439], [4.43304, 49.06452], [4.43145, 49.0643], [4.4309, 49.06392], [4.42981, 49.06363], [4.42837, 49.06373], [4.42709, 49.06318], [4.42354, 49.06427], [4.42193, 49.06453], [4.41645, 49.06728], [4.41141, 49.06942], [4.40689, 49.07105], [4.40717, 49.07163], [4.4065, 49.07218], [4.40689, 49.07265], [4.40665, 49.07311], [4.40788, 49.07314], [4.4085, 49.07366], [4.40861, 49.07402], [4.40825, 49.07439], [4.40755, 49.07451], [4.40643, 49.07386], [4.40712, 49.07443], [4.4076, 49.07526], [4.40883, 49.07609], [4.40856, 49.07647], [4.4072, 49.07581], [4.40639, 49.07469], [4.4055, 49.07397], [4.40442, 49.07325], [4.40392, 49.07325], [4.40339, 49.07301], [4.40332, 49.07343], [4.40269, 49.07376], [4.40094, 49.07357], [4.39989, 49.0745], [4.39812, 49.07502], [4.39788, 49.07565], [4.39718, 49.07597], [4.39577, 49.07582], [4.39542, 49.07501], [4.39412, 49.07508], [4.39277, 49.07463], [4.39196, 49.0749], [4.39169, 49.07531], [4.39067, 49.07569], [4.38978, 49.07554], [4.38962, 49.0751], [4.3888, 49.07507], [4.38829, 49.07446], [4.3872, 49.07499], [4.38679, 49.07544], [4.38575, 49.07583], [4.3841, 49.07553], [4.38371, 49.07591], [4.38308, 49.07599], [4.38253, 49.07578], [4.38221, 49.0753], [4.38191, 49.07537], [4.38123, 49.07569], [4.38117, 49.07668], [4.37973, 49.07753], [4.37828, 49.07779], [4.37729, 49.07769], [4.37644, 49.07799], [4.37518, 49.07997], [4.3736, 49.08044], [4.37187, 49.0805], [4.37134, 49.08077], [4.3708, 49.08215], [4.37006, 49.08256], [4.36796, 49.0829], [4.36742, 49.08343], [4.36741, 49.08413], [4.36652, 49.08487], [4.35893, 49.08556], [4.35773, 49.08611], [4.35603, 49.08613], [4.35602, 49.08636], [4.35664, 49.08668], [4.35672, 49.08704], [4.35642, 49.08743], [4.35596, 49.08761], [4.35581, 49.08805], [4.35625, 49.08843], [4.3562, 49.08887], [4.35582, 49.08914], [4.35533, 49.08921], [4.35511, 49.08961], [4.35626, 49.09012], [4.35643, 49.09063], [4.3561, 49.09098], [4.3556, 49.09114], [4.35439, 49.09078], [4.35363, 49.09187], [4.3596, 49.09476], [4.36111, 49.09394], [4.36204, 49.09395], [4.36269, 49.09355], [4.3634, 49.09356], [4.36388, 49.09383], [4.36403, 49.09418], [4.36336, 49.09484], [4.36204, 49.09546], [4.36117, 49.09538], [4.36065, 49.0957], [4.36009, 49.09572], [4.3536, 49.09254]]], [[[4.35327, 49.09039], [4.35431, 49.08905], [4.35493, 49.08761], [4.35451, 49.08761], [4.35297, 49.08952], [4.35293, 49.09031], [4.35327, 49.09039]]], [[[4.35233, 49.08902], [4.35313, 49.08817], [4.35179, 49.08756], [4.35174, 49.0869], [4.35138, 49.08708], [4.3513, 49.0884], [4.35233, 49.08902]]], [[[4.35516, 49.08611], [4.35506, 49.08612], [4.35516, 49.08613], [4.35516, 49.08611]]], [[[4.39984, 49.07249], [4.39961, 49.07266], [4.39961, 49.07271], [4.39984, 49.07249]]], [[[4.4022, 49.07151], [4.40215, 49.07152], [4.4022, 49.07151], [4.4022, 49.07151]]], [[[4.40527, 49.07057], [4.40523, 49.07082], [4.40569, 49.07062], [4.40527, 49.07057]]], [[[4.40601, 49.07057], [4.40633, 49.07065], [4.411, 49.06895], [4.41802, 49.06589], [4.4215, 49.06407], [4.42323, 49.06377], [4.42709, 49.06256], [4.42702, 49.06205], [4.42627, 49.06193], [4.4259, 49.06265], [4.42496, 49.0629], [4.4238, 49.06273], [4.42291, 49.06237], [4.42249, 49.06245], [4.42185, 49.06297], [4.42137, 49.06401], [4.421, 49.06426], [4.42013, 49.06449], [4.4197, 49.0643], [4.41912, 49.06458], [4.41782, 49.06436], [4.41759, 49.06459], [4.41636, 49.0648], [4.41583, 49.06518], [4.41528, 49.06513], [4.4147, 49.06447], [4.4141, 49.06424], [4.4134, 49.06466], [4.41175, 49.06439], [4.41119, 49.06456], [4.411, 49.06481], [4.41128, 49.06515], [4.41085, 49.06551], [4.41123, 49.06574], [4.4115, 49.0665], [4.41086, 49.06748], [4.41099, 49.06813], [4.41031, 49.06903], [4.4099, 49.06921], [4.40951, 49.06913], [4.40905, 49.06938], [4.40703, 49.06932], [4.40611, 49.06999], [4.40624, 49.07036], [4.40601, 49.07057]]], [[[4.43618, 49.06227], [4.43604, 49.06247], [4.43643, 49.06298], [4.43878, 49.06225], [4.43812, 49.06204], [4.43677, 49.06234], [4.43618, 49.06227]]], [[[4.43921, 49.06147], [4.43934, 49.06203], [4.44402, 49.06023], [4.43998, 49.05999], [4.43959, 49.06049], [4.43983, 49.06083], [4.43921, 49.06147]]], [[[4.44011, 49.0587], [4.44007, 49.05945], [4.44519, 49.05976], [4.44564, 49.05964], [4.44928, 49.05985], [4.45037, 49.0592], [4.45315, 49.0592], [4.45657, 49.05749], [4.45363, 49.05446], [4.45295, 49.05469], [4.4524, 49.05462], [4.45176, 49.0541], [4.4517, 49.05372], [4.44878, 49.05373], [4.4474, 49.05479], [4.44616, 49.05513], [4.44574, 49.05582], [4.44395, 49.05616], [4.44305, 49.05595], [4.44189, 49.05699], [4.43966, 49.05716], [4.43944, 49.0577], [4.44011, 49.0587]]], [[[4.45567, 49.05311], [4.45418, 49.0538], [4.45792, 49.05789], [4.45918, 49.05864], [4.46056, 49.05884], [4.46142, 49.05941], [4.46156, 49.05982], [4.46116, 49.06046], [4.46925, 49.06231], [4.46975, 49.06145], [4.47019, 49.06122], [4.47099, 49.06114], [4.47273, 49.0616], [4.47364, 49.06136], [4.47493, 49.06179], [4.47504, 49.06215], [4.4748, 49.06262], [4.47909, 49.06051], [4.49554, 49.05119], [4.4952, 49.05086], [4.49451, 49.05069], [4.4935, 49.0499], [4.49261, 49.04973], [4.49205, 49.04983], [4.49167, 49.04967], [4.49154, 49.04938], [4.49176, 49.04896], [4.49128, 49.0487], [4.49164, 49.04843], [4.49083, 49.04785], [4.49089, 49.04725], [4.4882, 49.0475], [4.48751, 49.04738], [4.48624, 49.04676], [4.48554, 49.04718], [4.48472, 49.04714], [4.48387, 49.04738], [4.48449, 49.04858], [4.48375, 49.04921], [4.48235, 49.04934], [4.48092, 49.05054], [4.48007, 49.05045], [4.47864, 49.04955], [4.4775, 49.05019], [4.47648, 49.05044], [4.47525, 49.05051], [4.47392, 49.05032], [4.4726, 49.05075], [4.4716, 49.05085], [4.47036, 49.05063], [4.46886, 49.05132], [4.46681, 49.0512], [4.46598, 49.05163], [4.4639, 49.05173], [4.46294, 49.0521], [4.46199, 49.05193], [4.46005, 49.05116], [4.45876, 49.05202], [4.45794, 49.05228], [4.45669, 49.0521], [4.45631, 49.05225], [4.45567, 49.05311]]], [[[4.4971, 49.04874], [4.49638, 49.04918], [4.49778, 49.04965], [4.49755, 49.04928], [4.49778, 49.0489], [4.4971, 49.04874]]], [[[4.50407, 49.05223], [4.50319, 49.05224], [4.50314, 49.05258], [4.50358, 49.05267], [4.50417, 49.0524], [4.50407, 49.05223]]], [[[4.50519, 49.05249], [4.5052, 49.05305], [4.50763, 49.05374], [4.51002, 49.05495], [4.5131, 49.056], [4.52143, 49.0585], [4.52882, 49.06018], [4.53318, 49.06165], [4.53335, 49.06141], [4.52975, 49.05972], [4.52931, 49.05849], [4.52805, 49.05814], [4.52415, 49.0579], [4.52391, 49.05765], [4.52311, 49.05754], [4.52267, 49.05724], [4.52284, 49.0565], [4.52015, 49.05557], [4.51927, 49.05576], [4.51812, 49.05546], [4.51623, 49.05558], [4.5148, 49.05508], [4.51429, 49.05457], [4.51295, 49.05494], [4.51241, 49.05475], [4.51221, 49.05443], [4.51164, 49.05495], [4.51043, 49.0549], [4.50952, 49.05433], [4.50885, 49.05423], [4.50864, 49.05356], [4.50809, 49.05336], [4.5082, 49.05243], [4.50652, 49.05295], [4.50588, 49.05292], [4.50519, 49.05249]]], [[[4.54235, 49.06209], [4.54233, 49.0621], [4.54235, 49.0621], [4.54235, 49.06209]]], [[[4.54247, 49.06196], [4.54351, 49.06171], [4.54356, 49.0614], [4.54259, 49.06142], [4.54247, 49.06196]]], [[[4.54641, 49.0616], [4.54657, 49.06218], [4.54703, 49.06225], [4.54742, 49.06153], [4.54855, 49.06149], [4.54943, 49.06184], [4.5496, 49.0623], [4.54941, 49.06267], [4.54895, 49.06289], [4.5475, 49.06273], [4.54641, 49.06452], [4.54671, 49.06494], [4.54642, 49.06547], [4.54583, 49.06563], [4.54476, 49.06551], [4.54379, 49.06878], [4.54478, 49.06908], [4.54479, 49.0698], [4.54434, 49.07016], [4.54349, 49.07017], [4.54308, 49.07197], [4.54128, 49.07545], [4.53982, 49.07971], [4.5387, 49.0854], [4.53719, 49.08875], [4.53616, 49.09255], [4.53734, 49.09804], [4.53766, 49.0975], [4.53813, 49.09729], [4.53913, 49.09722], [4.53966, 49.09761], [4.53976, 49.09813], [4.53916, 49.0989], [4.53826, 49.09913], [4.53768, 49.09903], [4.53849, 49.10105], [4.54131, 49.10511], [4.5375, 49.11319], [4.53666, 49.11828], [4.53744, 49.11804], [4.53789, 49.1177], [4.53847, 49.11762], [4.53875, 49.11729], [4.5407, 49.11637], [4.54129, 49.11626], [4.54214, 49.11646], [4.54279, 49.11741], [4.54355, 49.11745], [4.54404, 49.11788], [4.54517, 49.11792], [4.54612, 49.11817], [4.54647, 49.11878], [4.54771, 49.11836], [4.54825, 49.11847], [4.54856, 49.11875], [4.55271, 49.11685], [4.55517, 49.1161], [4.56445, 49.11474], [4.56397, 49.11395], [4.56469, 49.11346], [4.56553, 49.11357], [4.56621, 49.11442], [4.56949, 49.11389], [4.57003, 49.11425], [4.57127, 49.11419], [4.57177, 49.11494], [4.57266, 49.115], [4.57337, 49.11482], [4.57402, 49.11499], [4.57458, 49.11465], [4.57519, 49.11454], [4.57529, 49.1135], [4.57675, 49.113], [4.57509, 49.11099], [4.57122, 49.10703], [4.57054, 49.10338], [4.56909, 49.09986], [4.56887, 49.09472], [4.57107, 49.09083], [4.57144, 49.08767], [4.57128, 49.08698], [4.57248, 49.08475], [4.57268, 49.0818], [4.57354, 49.08022], [4.57378, 49.0786], [4.57645, 49.07328], [4.57626, 49.07192], [4.57713, 49.06984], [4.57727, 49.06635], [4.5784, 49.06399], [4.57761, 49.06411], [4.57685, 49.06392], [4.57661, 49.06358], [4.57676, 49.06298], [4.57743, 49.06256], [4.57882, 49.0627], [4.57978, 49.05969], [4.5803, 49.05931], [4.58045, 49.05875], [4.57885, 49.05847], [4.57834, 49.05883], [4.57659, 49.05875], [4.57558, 49.0591], [4.57525, 49.05949], [4.57399, 49.05929], [4.57288, 49.05985], [4.57206, 49.05976], [4.57193, 49.06021], [4.57133, 49.06055], [4.56792, 49.06045], [4.56731, 49.05964], [4.56692, 49.05975], [4.56671, 49.06007], [4.567, 49.06045], [4.56677, 49.06082], [4.56606, 49.06102], [4.56443, 49.0606], [4.5638, 49.06074], [4.56336, 49.0612], [4.56274, 49.06131], [4.56233, 49.06159], [4.5615, 49.06148], [4.56015, 49.06175], [4.55963, 49.0613], [4.5586, 49.06123], [4.55835, 49.06158], [4.55767, 49.06175], [4.55666, 49.06132], [4.55653, 49.06034], [4.55577, 49.06022], [4.55551, 49.06047], [4.55493, 49.06045], [4.55468, 49.06078], [4.55424, 49.06084], [4.55201, 49.05998], [4.55115, 49.06012], [4.55058, 49.06063], [4.55014, 49.0607], [4.54927, 49.06126], [4.54809, 49.06091], [4.54746, 49.061], [4.54641, 49.0616]], [[4.54726, 49.06466], [4.54756, 49.06426], [4.54825, 49.06412], [4.54883, 49.06433], [4.54901, 49.06477], [4.54866, 49.06516], [4.54808, 49.06527], [4.54746, 49.06506], [4.54726, 49.06466]]], [[[4.56611, 49.11472], [4.56531, 49.11517], [4.55551, 49.1166], [4.55806, 49.11648], [4.56343, 49.11664], [4.56717, 49.11642], [4.56673, 49.11614], [4.56671, 49.11563], [4.56634, 49.11536], [4.56611, 49.11472]]], [[[4.56927, 49.11447], [4.56813, 49.11466], [4.56818, 49.11536], [4.56856, 49.11576], [4.5683, 49.11633], [4.5701, 49.11618], [4.56977, 49.11568], [4.5697, 49.1149], [4.56927, 49.11447]]], [[[4.54622, 49.11944], [4.54652, 49.11937], [4.5464, 49.11891], [4.54577, 49.11922], [4.54622, 49.11944]]], [[[4.58515, 49.05877], [4.58371, 49.05914], [4.5836, 49.05997], [4.58307, 49.06028], [4.5821, 49.0602], [4.58137, 49.05973], [4.58057, 49.05985], [4.57882, 49.06524], [4.57808, 49.06642], [4.57797, 49.06975], [4.57708, 49.07199], [4.57727, 49.07331], [4.5771, 49.07388], [4.57458, 49.07873], [4.57434, 49.08035], [4.5734, 49.08218], [4.57353, 49.08344], [4.57328, 49.08487], [4.5721, 49.08702], [4.57226, 49.08767], [4.57187, 49.09095], [4.56969, 49.09476], [4.5699, 49.09977], [4.57136, 49.10329], [4.57212, 49.10705], [4.57579, 49.1107], [4.57755, 49.11285], [4.57844, 49.11268], [4.57906, 49.11301], [4.57958, 49.11289], [4.57994, 49.11246], [4.58062, 49.11235], [4.5812, 49.11255], [4.58214, 49.11257], [4.58257, 49.11319], [4.58481, 49.11283], [4.58398, 49.11108], [4.58424, 49.1106], [4.58549, 49.10949], [4.58482, 49.10906], [4.58487, 49.10855], [4.58596, 49.10751], [4.58667, 49.10743], [4.58739, 49.1078], [4.58804, 49.10722], [4.5867, 49.1062], [4.58685, 49.1056], [4.58758, 49.10534], [4.58824, 49.10553], [4.5896, 49.10504], [4.59076, 49.10569], [4.59338, 49.10411], [4.59649, 49.10169], [4.60524, 49.09728], [4.61742, 49.087], [4.61816, 49.08696], [4.62012, 49.0878], [4.62948, 49.07755], [4.63227, 49.07566], [4.63887, 49.07247], [4.64593, 49.06794], [4.64585, 49.06751], [4.64415, 49.06652], [4.64407, 49.06602], [4.63494, 49.06481], [4.62559, 49.06227], [4.61473, 49.06018], [4.61176, 49.05906], [4.6117, 49.05926], [4.61218, 49.05978], [4.61186, 49.06081], [4.612, 49.06127], [4.61141, 49.06215], [4.61062, 49.06238], [4.60846, 49.06194], [4.60797, 49.06149], [4.60828, 49.06044], [4.60869, 49.06012], [4.6093, 49.06007], [4.60947, 49.05948], [4.61033, 49.05849], [4.60647, 49.05672], [4.60567, 49.05652], [4.60439, 49.05639], [4.604, 49.05737], [4.60358, 49.05768], [4.60224, 49.05756], [4.60184, 49.0573], [4.6018, 49.05689], [4.5992, 49.05623], [4.59899, 49.05588], [4.59913, 49.0554], [4.5954, 49.05532], [4.59519, 49.05584], [4.59624, 49.0559], [4.59669, 49.05665], [4.59801, 49.05678], [4.60014, 49.05665], [4.60038, 49.05695], [4.59998, 49.05729], [4.59644, 49.05718], [4.59589, 49.0569], [4.59572, 49.05635], [4.59492, 49.05652], [4.59419, 49.0562], [4.59399, 49.05675], [4.59345, 49.05683], [4.59287, 49.05669], [4.59271, 49.0571], [4.59195, 49.05735], [4.59079, 49.05878], [4.58959, 49.05887], [4.58905, 49.05908], [4.58802, 49.05888], [4.58726, 49.0585], [4.58652, 49.0591], [4.58589, 49.05908], [4.58515, 49.05877]], [[4.57936, 49.11115], [4.58098, 49.11023], [4.58188, 49.11016], [4.58236, 49.11045], [4.58245, 49.11092], [4.58089, 49.11177], [4.57997, 49.11185], [4.57946, 49.11158], [4.57936, 49.11115]]], [[[4.59322, 49.05621], [4.59351, 49.05505], [4.58973, 49.05544], [4.58958, 49.05606], [4.58889, 49.05651], [4.58775, 49.05682], [4.58759, 49.05751], [4.58579, 49.05762], [4.58538, 49.05824], [4.58616, 49.05845], [4.58684, 49.05793], [4.58729, 49.05782], [4.58882, 49.05846], [4.58934, 49.05828], [4.59026, 49.05832], [4.59126, 49.05705], [4.59205, 49.05667], [4.59215, 49.05613], [4.59255, 49.056], [4.59322, 49.05621]]], [[[4.57712, 49.05828], [4.57669, 49.05803], [4.57643, 49.0575], [4.57625, 49.05755], [4.57611, 49.05827], [4.57712, 49.05828]]], [[[4.5742, 49.0587], [4.57388, 49.0581], [4.57323, 49.05781], [4.57317, 49.05739], [4.57239, 49.05739], [4.57194, 49.05716], [4.57165, 49.0579], [4.57102, 49.05818], [4.57064, 49.05922], [4.57006, 49.05949], [4.569, 49.05922], [4.56905, 49.05831], [4.5687, 49.058], [4.56875, 49.05756], [4.56809, 49.05753], [4.56522, 49.0581], [4.55944, 49.05858], [4.557, 49.05925], [4.55508, 49.05923], [4.55058, 49.05874], [4.54787, 49.05896], [4.54724, 49.05915], [4.54695, 49.0595], [4.54741, 49.05987], [4.54726, 49.06041], [4.54819, 49.06034], [4.54888, 49.06057], [4.55001, 49.06014], [4.55084, 49.05948], [4.55139, 49.05959], [4.55227, 49.05939], [4.55423, 49.06014], [4.55543, 49.05971], [4.55693, 49.05978], [4.55727, 49.05996], [4.55768, 49.06113], [4.55825, 49.06068], [4.55965, 49.06059], [4.56039, 49.06099], [4.56192, 49.061], [4.56225, 49.0607], [4.56284, 49.06076], [4.56334, 49.06021], [4.56462, 49.06001], [4.56545, 49.06013], [4.5661, 49.06045], [4.56579, 49.05992], [4.56625, 49.05935], [4.5675, 49.0589], [4.56826, 49.05908], [4.56835, 49.05981], [4.57109, 49.06], [4.57119, 49.05959], [4.57165, 49.05924], [4.57202, 49.05915], [4.57257, 49.05931], [4.57285, 49.05897], [4.5742, 49.0587]]], [[[4.54441, 49.0606], [4.54488, 49.06019], [4.5455, 49.06014], [4.54632, 49.05911], [4.53896, 49.05769], [4.53971, 49.05934], [4.5405, 49.05918], [4.54142, 49.05956], [4.54168, 49.06025], [4.54165, 49.06164], [4.54202, 49.06089], [4.5432, 49.06092], [4.54441, 49.0606]]], [[[4.53821, 49.06156], [4.5388, 49.06048], [4.5393, 49.06021], [4.53842, 49.05855], [4.53788, 49.05854], [4.53716, 49.05824], [4.53684, 49.05777], [4.53717, 49.0572], [4.53771, 49.05696], [4.54035, 49.05057], [4.53887, 49.04144], [4.53902, 49.03954], [4.53742, 49.03587], [4.53576, 49.03341], [4.52734, 49.03397], [4.51679, 49.04001], [4.5172, 49.04087], [4.51658, 49.04145], [4.51517, 49.04175], [4.5144, 49.04137], [4.50462, 49.04685], [4.50514, 49.048], [4.50583, 49.048], [4.50628, 49.0483], [4.50631, 49.0491], [4.5068, 49.04998], [4.50655, 49.05042], [4.50577, 49.05062], [4.50516, 49.05049], [4.50446, 49.04918], [4.50339, 49.04946], [4.50205, 49.04929], [4.50217, 49.04959], [4.50181, 49.05003], [4.50231, 49.04999], [4.50317, 49.05025], [4.50341, 49.05059], [4.50331, 49.05094], [4.50245, 49.05127], [4.50163, 49.05107], [4.50129, 49.05074], [4.50102, 49.05107], [4.50325, 49.0517], [4.50541, 49.05175], [4.50621, 49.0524], [4.50728, 49.05221], [4.50764, 49.05193], [4.50875, 49.05188], [4.50914, 49.05251], [4.50898, 49.05302], [4.5094, 49.05319], [4.50948, 49.05377], [4.51041, 49.05404], [4.51075, 49.05439], [4.51118, 49.05446], [4.51223, 49.05377], [4.51306, 49.05436], [4.5136, 49.05411], [4.51467, 49.054], [4.51521, 49.05459], [4.51558, 49.0546], [4.51644, 49.05504], [4.51817, 49.05492], [4.51926, 49.05521], [4.52048, 49.05504], [4.5211, 49.0554], [4.52334, 49.05602], [4.52374, 49.0565], [4.52351, 49.05705], [4.52428, 49.05715], [4.52466, 49.05741], [4.52823, 49.05761], [4.52989, 49.05807], [4.53044, 49.05939], [4.53396, 49.06103], [4.53542, 49.06091], [4.53703, 49.06106], [4.53821, 49.06156]]], [[[4.49506, 49.04778], [4.495, 49.04709], [4.49428, 49.04689], [4.49329, 49.04691], [4.49277, 49.0466], [4.49124, 49.04632], [4.48975, 49.04611], [4.48704, 49.04643], [4.48825, 49.04695], [4.49069, 49.04667], [4.49119, 49.04674], [4.49185, 49.04733], [4.4917, 49.04764], [4.49212, 49.04773], [4.49481, 49.0481], [4.49506, 49.04778]]], [[[4.48319, 49.04701], [4.46169, 49.05003], [4.45251, 49.05204], [4.45354, 49.05307], [4.45406, 49.0532], [4.45508, 49.05273], [4.45578, 49.05183], [4.45643, 49.05158], [4.45762, 49.05178], [4.45821, 49.0516], [4.45964, 49.05067], [4.46059, 49.05071], [4.46284, 49.05154], [4.46399, 49.05117], [4.46566, 49.05114], [4.46657, 49.05067], [4.46866, 49.05079], [4.47009, 49.05009], [4.4714, 49.05028], [4.47139, 49.04967], [4.47217, 49.04926], [4.47305, 49.04942], [4.47349, 49.04985], [4.47532, 49.04997], [4.47708, 49.04972], [4.47868, 49.04897], [4.47948, 49.04924], [4.48066, 49.04999], [4.48185, 49.04888], [4.48332, 49.04872], [4.48365, 49.04842], [4.48312, 49.04775], [4.48319, 49.04701]]], [[[4.44855, 49.0532], [4.45234, 49.05313], [4.45143, 49.05228], [4.45034, 49.05248], [4.44008, 49.05648], [4.44074, 49.05659], [4.44162, 49.05641], [4.44233, 49.05563], [4.44283, 49.05542], [4.4439, 49.05561], [4.44517, 49.05539], [4.44557, 49.05475], [4.44689, 49.05436], [4.44855, 49.0532]]], [[[4.43862, 49.05775], [4.43884, 49.05698], [4.43369, 49.05905], [4.43921, 49.0594], [4.43932, 49.05886], [4.43862, 49.05775]]], [[[4.43915, 49.06002], [4.4351, 49.0597], [4.43499, 49.06098], [4.43654, 49.06068], [4.43692, 49.06031], [4.4376, 49.06008], [4.43823, 49.06017], [4.43861, 49.06053], [4.43915, 49.06002]]], [[[4.43883, 49.06094], [4.43856, 49.06087], [4.43874, 49.06103], [4.43883, 49.06094]]], [[[4.42525, 49.06225], [4.42555, 49.06167], [4.42419, 49.06111], [4.41748, 49.061], [4.4151, 49.06149], [4.41102, 49.06308], [4.41014, 49.0636], [4.40525, 49.06935], [4.40551, 49.06959], [4.40575, 49.0695], [4.40665, 49.06873], [4.40838, 49.06886], [4.40875, 49.06878], [4.40911, 49.06836], [4.40992, 49.06833], [4.41023, 49.0668], [4.41054, 49.06641], [4.40997, 49.0656], [4.41016, 49.06519], [4.40982, 49.06467], [4.41103, 49.06399], [4.41175, 49.06384], [4.41322, 49.06408], [4.41344, 49.06386], [4.41436, 49.06364], [4.4154, 49.06403], [4.41571, 49.06445], [4.41612, 49.06393], [4.41654, 49.06382], [4.41754, 49.06375], [4.41911, 49.06392], [4.41976, 49.06362], [4.42055, 49.06379], [4.42112, 49.06272], [4.42206, 49.06199], [4.42299, 49.06182], [4.42472, 49.06237], [4.42525, 49.06225]]], [[[4.39993, 49.07142], [4.40005, 49.07146], [4.39993, 49.07141], [4.39993, 49.07142]]], [[[4.39179, 49.07436], [4.39122, 49.07366], [4.38695, 49.07278], [4.38632, 49.07357], [4.38622, 49.07408], [4.38499, 49.07515], [4.38555, 49.0753], [4.38602, 49.07514], [4.38666, 49.07458], [4.38836, 49.07382], [4.38891, 49.07399], [4.38921, 49.07459], [4.38994, 49.0746], [4.39084, 49.075], [4.39114, 49.07461], [4.39179, 49.07436]]], [[[4.38675, 49.0722], [4.38842, 49.07249], [4.38892, 49.07205], [4.38971, 49.07199], [4.39034, 49.07239], [4.39025, 49.07289], [4.39103, 49.07305], [4.39165, 49.0726], [4.39289, 49.07215], [4.39445, 49.0721], [4.39413, 49.07145], [4.39501, 49.07092], [4.39579, 49.07102], [4.39661, 49.07176], [4.39719, 49.07142], [4.39573, 49.07012], [4.39603, 49.06949], [4.39779, 49.0688], [4.39837, 49.06898], [4.39887, 49.06962], [4.40311, 49.06791], [4.40354, 49.06807], [4.40449, 49.06914], [4.40647, 49.06677], [4.40239, 49.06279], [4.3877, 49.06244], [4.38548, 49.06304], [4.38523, 49.06377], [4.3858, 49.06511], [4.3859, 49.06611], [4.38526, 49.06688], [4.38737, 49.0677], [4.38827, 49.06974], [4.38813, 49.071], [4.38675, 49.0722]]], [[[4.38598, 49.06036], [4.38577, 49.06186], [4.38739, 49.06189], [4.42504, 49.0516], [4.42338, 49.04969], [4.42282, 49.04815], [4.42325, 49.04515], [4.42435, 49.04187], [4.42339, 49.03624], [4.41698, 49.0359], [4.40717, 49.03468], [4.40699, 49.03555], [4.40738, 49.03573], [4.40742, 49.03609], [4.40683, 49.03647], [4.40646, 49.03703], [4.40635, 49.03784], [4.40577, 49.03806], [4.40547, 49.03867], [4.40448, 49.03886], [4.40336, 49.03934], [4.40258, 49.04008], [4.40102, 49.04042], [4.40119, 49.04099], [4.40017, 49.04169], [4.39964, 49.04171], [4.39939, 49.04153], [4.39885, 49.04169], [4.39813, 49.04244], [4.39814, 49.04278], [4.39746, 49.04306], [4.39712, 49.04382], [4.39643, 49.0439], [4.39632, 49.04436], [4.39549, 49.0445], [4.39535, 49.04476], [4.3949, 49.04493], [4.39454, 49.04585], [4.39375, 49.0464], [4.39533, 49.04731], [4.39621, 49.04866], [4.39682, 49.04899], [4.39667, 49.04964], [4.39609, 49.04983], [4.3952, 49.04972], [4.39395, 49.04851], [4.39391, 49.04805], [4.39314, 49.0481], [4.39263, 49.04776], [4.39124, 49.04752], [4.39081, 49.04782], [4.39145, 49.04883], [4.3912, 49.04916], [4.39137, 49.04976], [4.3911, 49.05006], [4.3907, 49.0503], [4.38947, 49.0504], [4.3896, 49.05064], [4.38917, 49.0515], [4.38847, 49.05196], [4.38732, 49.05181], [4.38609, 49.05218], [4.3867, 49.05318], [4.38684, 49.05458], [4.38663, 49.05495], [4.38732, 49.05518], [4.38762, 49.05566], [4.38843, 49.05544], [4.38887, 49.05552], [4.38926, 49.05603], [4.38913, 49.05651], [4.38837, 49.05661], [4.38643, 49.05867], [4.38598, 49.06036]], [[4.3993, 49.05092], [4.39944, 49.05154], [4.39895, 49.05195], [4.39746, 49.05213], [4.39662, 49.05173], [4.39664, 49.05121], [4.39752, 49.05068], [4.39881, 49.05073], [4.3993, 49.05092]]], [[[4.40764, 49.03332], [4.40743, 49.03408], [4.41423, 49.03497], [4.41834, 49.03538], [4.42324, 49.0356], [4.42221, 49.0324], [4.42242, 49.03067], [4.42012, 49.03032], [4.41793, 49.02972], [4.41661, 49.02915], [4.41513, 49.02819], [4.41431, 49.02857], [4.41416, 49.02894], [4.41361, 49.02921], [4.41377, 49.02966], [4.41301, 49.02998], [4.41296, 49.03026], [4.41213, 49.03065], [4.41157, 49.03121], [4.4095, 49.03181], [4.40856, 49.03294], [4.40764, 49.03332]]], [[[4.41749, 49.02781], [4.4156, 49.02773], [4.41713, 49.02873], [4.41842, 49.02928], [4.4185, 49.0289], [4.41771, 49.02835], [4.41749, 49.02781]]], [[[4.42593, 49.01941], [4.42581, 49.01957], [4.4256, 49.01975], [4.42611, 49.01956], [4.42593, 49.01941]]], [[[4.42759, 49.0196], [4.42785, 49.01941], [4.42751, 49.01956], [4.42759, 49.0196]]], [[[4.42888, 49.01867], [4.4295, 49.01817], [4.43052, 49.01684], [4.42958, 49.017], [4.42835, 49.01802], [4.42888, 49.01867]]], [[[4.43092, 49.01497], [4.43173, 49.0164], [4.4302, 49.01844], [4.42788, 49.0202], [4.4276, 49.02062], [4.42647, 49.02125], [4.42675, 49.02158], [4.42966, 49.02264], [4.43002, 49.02238], [4.43093, 49.02217], [4.43166, 49.02221], [4.43237, 49.02247], [4.43363, 49.02358], [4.43557, 49.02405], [4.4364, 49.02389], [4.43728, 49.02408], [4.43774, 49.02444], [4.4376, 49.02497], [4.43724, 49.02526], [4.43636, 49.0255], [4.43462, 49.02514], [4.42647, 49.0221], [4.42563, 49.02282], [4.4261, 49.02307], [4.42648, 49.02363], [4.4281, 49.02429], [4.42875, 49.0249], [4.42883, 49.02527], [4.42821, 49.02573], [4.42611, 49.02571], [4.42527, 49.02629], [4.4278, 49.02732], [4.42883, 49.02797], [4.43086, 49.02998], [4.43139, 49.03027], [4.43264, 49.0321], [4.43407, 49.03158], [4.43497, 49.03183], [4.43525, 49.03231], [4.43505, 49.0327], [4.43343, 49.03308], [4.43382, 49.03341], [4.43386, 49.03377], [4.43512, 49.03494], [4.44572, 49.03373], [4.45705, 49.0334], [4.46375, 49.03275], [4.47537, 49.03041], [4.48155, 49.02967], [4.48175, 49.02924], [4.48251, 49.029], [4.48288, 49.02908], [4.48327, 49.02952], [4.49077, 49.02887], [4.49694, 49.02794], [4.49646, 49.02669], [4.49683, 49.02642], [4.49739, 49.02672], [4.49774, 49.02782], [4.50419, 49.0269], [4.5106, 49.02652], [4.51655, 49.02668], [4.52164, 49.02719], [4.52124, 49.02692], [4.52121, 49.02651], [4.52154, 49.02621], [4.52208, 49.02611], [4.5227, 49.02628], [4.52296, 49.02666], [4.52272, 49.02709], [4.52216, 49.02726], [4.52834, 49.02818], [4.53492, 49.02889], [4.53586, 49.02834], [4.53447, 49.02727], [4.534, 49.02616], [4.53212, 49.01385], [4.53168, 49.00358], [4.53203, 48.99883], [4.53045, 48.99589], [4.52156, 48.99359], [4.51922, 48.99323], [4.51881, 48.99288], [4.50785, 48.99008], [4.50544, 48.98971], [4.50359, 48.98917], [4.50319, 48.98889], [4.49443, 48.98665], [4.49441, 48.98723], [4.49346, 48.9877], [4.49233, 48.98756], [4.49208, 48.98685], [4.49126, 48.9872], [4.49022, 48.98718], [4.48976, 48.98689], [4.4897, 48.98632], [4.48905, 48.98596], [4.48673, 48.98579], [4.48555, 48.98539], [4.48517, 48.98481], [4.4837, 48.9841], [4.48187, 48.98379], [4.48121, 48.98292], [4.48138, 48.9824], [4.4772, 48.98062], [4.47671, 48.98067], [4.47562, 48.9803], [4.47365, 48.98052], [4.47377, 48.98075], [4.47561, 48.98058], [4.47626, 48.98079], [4.47724, 48.98239], [4.47718, 48.98296], [4.4746, 48.98367], [4.47071, 48.98419], [4.4702, 48.98406], [4.46984, 48.9837], [4.46957, 48.9831], [4.46992, 48.98244], [4.46945, 48.98208], [4.46875, 48.98213], [4.46816, 48.9826], [4.46607, 48.9829], [4.46558, 48.98367], [4.46583, 48.98417], [4.46533, 48.98454], [4.46574, 48.98495], [4.4656, 48.98527], [4.46322, 48.98564], [4.46172, 48.98632], [4.46099, 48.98608], [4.46062, 48.98664], [4.46116, 48.98674], [4.4613, 48.98709], [4.46107, 48.98733], [4.46034, 48.98749], [4.46028, 48.98821], [4.4598, 48.98837], [4.45911, 48.98832], [4.45876, 48.9886], [4.45794, 48.98844], [4.45782, 48.98879], [4.45713, 48.9889], [4.45683, 48.98927], [4.45595, 48.98926], [4.4553, 48.98964], [4.45547, 48.98991], [4.45521, 48.99054], [4.45411, 48.99079], [4.45366, 48.99109], [4.45291, 48.99114], [4.45163, 48.99215], [4.45036, 48.99281], [4.44981, 48.99284], [4.44919, 48.99256], [4.44873, 48.99284], [4.44809, 48.99272], [4.44784, 48.99293], [4.44735, 48.99293], [4.44377, 48.99397], [4.44318, 48.99435], [4.44355, 48.99491], [4.44446, 48.99549], [4.44544, 48.99506], [4.44638, 48.99544], [4.4465, 48.99595], [4.44584, 48.99652], [4.44485, 48.99655], [4.44307, 48.99535], [4.44246, 48.9956], [4.44176, 48.99543], [4.44075, 48.99679], [4.44091, 48.99712], [4.44075, 48.99754], [4.44032, 48.99782], [4.439, 48.9998], [4.43937, 49.00053], [4.43886, 49.00114], [4.43911, 49.00151], [4.43895, 49.00186], [4.43852, 49.00213], [4.43788, 49.00215], [4.43729, 49.00181], [4.43734, 49.00129], [4.43646, 49.00091], [4.43563, 49.00118], [4.43549, 49.00156], [4.43498, 49.00179], [4.43598, 49.00228], [4.43587, 49.00302], [4.43517, 49.00347], [4.43414, 49.00337], [4.4329, 49.00365], [4.43266, 49.004], [4.43319, 49.00575], [4.43284, 49.00605], [4.43145, 49.00653], [4.43221, 49.00694], [4.43173, 49.00834], [4.43189, 49.00869], [4.43145, 49.00914], [4.43138, 49.01029], [4.43053, 49.01058], [4.43054, 49.01092], [4.43004, 49.01115], [4.42992, 49.0116], [4.43138, 49.01177], [4.43233, 49.01152], [4.43325, 49.01216], [4.43303, 49.0127], [4.43208, 49.0129], [4.43196, 49.01332], [4.43141, 49.01378], [4.43093, 49.01389], [4.43042, 49.01374], [4.43037, 49.01415], [4.42998, 49.01438], [4.43092, 49.01497]], [[4.49148, 48.98981], [4.49167, 48.98841], [4.49235, 48.98816], [4.49319, 48.98828], [4.49353, 48.98876], [4.4931, 48.99006], [4.49213, 48.99026], [4.49148, 48.98981]], [[4.49701, 48.9944], [4.49743, 48.99472], [4.49745, 48.99537], [4.497, 48.99567], [4.49616, 48.99568], [4.49568, 48.99534], [4.49565, 48.99471], [4.49617, 48.99439], [4.49701, 48.9944]], [[4.45148, 49.02712], [4.45151, 49.0267], [4.45205, 49.02633], [4.45269, 49.02635], [4.45321, 49.02669], [4.45318, 49.02718], [4.45269, 49.0275], [4.45205, 49.02748], [4.45148, 49.02712]], [[4.43523, 49.03296], [4.43608, 49.03283], [4.43671, 49.03312], [4.43674, 49.03382], [4.43633, 49.03419], [4.43568, 49.03425], [4.43515, 49.03401], [4.43495, 49.03333], [4.43523, 49.03296]]], [[[4.43742, 48.99955], [4.43835, 48.99946], [4.43923, 48.99824], [4.43947, 48.99779], [4.43884, 48.99745], [4.43891, 48.99689], [4.43822, 48.99698], [4.43817, 48.99723], [4.43718, 48.99787], [4.43593, 48.99806], [4.43593, 48.99842], [4.43561, 48.99868], [4.43656, 48.9989], [4.43742, 48.99955]]], [[[4.43933, 48.99652], [4.43934, 48.99655], [4.43941, 48.99653], [4.43933, 48.99652]]], [[[4.47778, 48.98019], [4.48136, 48.98174], [4.48173, 48.98146], [4.48246, 48.98134], [4.48234, 48.98111], [4.48068, 48.9806], [4.47884, 48.97977], [4.47778, 48.98019]]], [[[4.48481, 48.98194], [4.4848, 48.98203], [4.48496, 48.98202], [4.48481, 48.98194]]], [[[4.48562, 48.98211], [4.4859, 48.98258], [4.48662, 48.98267], [4.48719, 48.98318], [4.488, 48.98305], [4.48792, 48.98221], [4.48748, 48.98184], [4.48664, 48.98215], [4.48562, 48.98211]]], [[[4.49034, 48.98335], [4.49026, 48.98338], [4.49034, 48.98336], [4.49034, 48.98335]]], [[[4.49204, 48.98317], [4.49193, 48.98404], [4.49253, 48.9841], [4.49269, 48.98368], [4.49314, 48.98342], [4.49383, 48.9832], [4.49491, 48.98326], [4.49523, 48.98315], [4.49525, 48.98294], [4.49324, 48.98298], [4.4928, 48.9828], [4.49204, 48.98317]]], [[[4.49869, 48.98321], [4.49875, 48.98368], [4.50009, 48.98345], [4.50075, 48.98385], [4.50146, 48.98396], [4.50196, 48.98372], [4.50256, 48.98374], [4.50276, 48.98353], [4.50267, 48.98324], [4.50233, 48.98313], [4.50172, 48.98335], [4.50108, 48.98306], [4.50066, 48.98322], [4.49913, 48.98301], [4.49869, 48.98321]]], [[[4.50666, 48.98376], [4.50685, 48.98403], [4.50713, 48.98374], [4.50691, 48.98368], [4.50666, 48.98376]]], [[[4.51128, 48.98389], [4.51108, 48.98388], [4.51134, 48.98401], [4.51128, 48.98389]]], [[[4.51145, 48.98412], [4.51131, 48.98477], [4.512, 48.98499], [4.51254, 48.98485], [4.51199, 48.98415], [4.51145, 48.98412]]], [[[4.52022, 48.98671], [4.52019, 48.98686], [4.52028, 48.98688], [4.52036, 48.98685], [4.52022, 48.98671]]], [[[4.52493, 48.98705], [4.52548, 48.9874], [4.52564, 48.9881], [4.52593, 48.98823], [4.52862, 48.98836], [4.52929, 48.98857], [4.52843, 48.98786], [4.5272, 48.98751], [4.52662, 48.9876], [4.52632, 48.98719], [4.52591, 48.98706], [4.52493, 48.98705]]], [[[4.5326, 48.98767], [4.53187, 48.98831], [4.53264, 48.98826], [4.53326, 48.9879], [4.5326, 48.98767]]], [[[4.53394, 48.98785], [4.53378, 48.9878], [4.53346, 48.98789], [4.53394, 48.98785]]], [[[4.5344, 48.9879], [4.53489, 48.98845], [4.53604, 48.98841], [4.53707, 48.98866], [4.53807, 48.98852], [4.53755, 48.98812], [4.53626, 48.98812], [4.53568, 48.98772], [4.53531, 48.98791], [4.5344, 48.9879]]], [[[4.54088, 48.98876], [4.54085, 48.98877], [4.54099, 48.98875], [4.54088, 48.98876]]], [[[4.54608, 48.9886], [4.54626, 48.98897], [4.54649, 48.98898], [4.54684, 48.98859], [4.54608, 48.9886]]], [[[4.54733, 48.98849], [4.54721, 48.9885], [4.54738, 48.9885], [4.54733, 48.98849]]], [[[4.54926, 48.98844], [4.5498, 48.98861], [4.55055, 48.98853], [4.55163, 48.98869], [4.5519, 48.98836], [4.55154, 48.9881], [4.55163, 48.98766], [4.55039, 48.98747], [4.55011, 48.98801], [4.54926, 48.98844]]], [[[4.55529, 48.98915], [4.55488, 48.98955], [4.55401, 48.98964], [4.55403, 48.99006], [4.55354, 48.99098], [4.55261, 48.99116], [4.5522, 48.99516], [4.55227, 48.99728], [4.55148, 49.00063], [4.57616, 49.00685], [4.57755, 49.00658], [4.59055, 49.00111], [4.59169, 48.99149], [4.59154, 48.99083], [4.59026, 48.98958], [4.58989, 48.98985], [4.58919, 48.98995], [4.5885, 48.98948], [4.58744, 48.98966], [4.58666, 48.98923], [4.58605, 48.98918], [4.58556, 48.98856], [4.58453, 48.98865], [4.58364, 48.98843], [4.5817, 48.98838], [4.58074, 48.98854], [4.57946, 48.98952], [4.57743, 48.98997], [4.57662, 48.98995], [4.57587, 48.98934], [4.57165, 48.99153], [4.56998, 48.99184], [4.56794, 48.99191], [4.5668, 48.99171], [4.56619, 48.99271], [4.5671, 48.99308], [4.5673, 48.99348], [4.56698, 48.99391], [4.5664, 48.99409], [4.56529, 48.99372], [4.56506, 48.99317], [4.56391, 48.99255], [4.56374, 48.99207], [4.5642, 48.99144], [4.56397, 48.99095], [4.56339, 48.99081], [4.56313, 48.99021], [4.56134, 48.9903], [4.561, 48.99007], [4.5611, 48.98974], [4.56, 48.98959], [4.5595, 48.98982], [4.55874, 48.98975], [4.5581, 48.98937], [4.5576, 48.98966], [4.55665, 48.98967], [4.55602, 48.98921], [4.55529, 48.98915]], [[4.55842, 48.98984], [4.55901, 48.99018], [4.5589, 48.99072], [4.55811, 48.99121], [4.55714, 48.99106], [4.55679, 48.99065], [4.55708, 48.99004], [4.55754, 48.98983], [4.55842, 48.98984]], [[4.5678, 48.99213], [4.56842, 48.99201], [4.56919, 48.99227], [4.56944, 48.99295], [4.56906, 48.9934], [4.56822, 48.9935], [4.56763, 48.99325], [4.56749, 48.9926], [4.5678, 48.99213]], [[4.58051, 48.99603], [4.58053, 48.99556], [4.58108, 48.99525], [4.58183, 48.99531], [4.58228, 48.99566], [4.58223, 48.99608], [4.58165, 48.99641], [4.58101, 48.99638], [4.58051, 48.99603]]], [[[4.59162, 48.98737], [4.59043, 48.98763], [4.59119, 48.98784], [4.59142, 48.98834], [4.59195, 48.98836], [4.59211, 48.98776], [4.59282, 48.98753], [4.59275, 48.98682], [4.59181, 48.98679], [4.59162, 48.98737]]], [[[4.59412, 48.98845], [4.59544, 48.98851], [4.59721, 48.98828], [4.59757, 48.98858], [4.59729, 48.98881], [4.59551, 48.98905], [4.59383, 48.98899], [4.59318, 48.98913], [4.59243, 48.98892], [4.59117, 48.98887], [4.59074, 48.98902], [4.59219, 48.99048], [4.5925, 48.99116], [4.59141, 49.00075], [4.61576, 48.9906], [4.60408, 48.98652], [4.60355, 48.98592], [4.60345, 48.98615], [4.60249, 48.98663], [4.60198, 48.98729], [4.60041, 48.98728], [4.59898, 48.98805], [4.59759, 48.9879], [4.59657, 48.98832], [4.59563, 48.98795], [4.59412, 48.98845]]], [[[4.60392, 48.98382], [4.60327, 48.98531], [4.60567, 48.98556], [4.60589, 48.9858], [4.6057, 48.98603], [4.60448, 48.98605], [4.61657, 48.99027], [4.63434, 48.98297], [4.62845, 48.98145], [4.62703, 48.98136], [4.5983, 48.98219], [4.59722, 48.98241], [4.59453, 48.98386], [4.59448, 48.98406], [4.59482, 48.98373], [4.59536, 48.98364], [4.59621, 48.98393], [4.59642, 48.98542], [4.59606, 48.98587], [4.59987, 48.98576], [4.60233, 48.98537], [4.60287, 48.98478], [4.6031, 48.98344], [4.60359, 48.98328], [4.60386, 48.98342], [4.60392, 48.98382]]], [[[4.60257, 48.98593], [4.59998, 48.9863], [4.59673, 48.98639], [4.59616, 48.98753], [4.59658, 48.98777], [4.59749, 48.98733], [4.59885, 48.98748], [4.5998, 48.98686], [4.60153, 48.98672], [4.60167, 48.98614], [4.60257, 48.98593]]], [[[4.59444, 48.98773], [4.5943, 48.98752], [4.59372, 48.98754], [4.59413, 48.9879], [4.59444, 48.98773]]], [[[4.58776, 48.98673], [4.58758, 48.9866], [4.58691, 48.98691], [4.5862, 48.98684], [4.58582, 48.98647], [4.58587, 48.98608], [4.5854, 48.98567], [4.57883, 48.98779], [4.57212, 48.98895], [4.56619, 48.98922], [4.56163, 48.98866], [4.56128, 48.9892], [4.56206, 48.98923], [4.5621, 48.98981], [4.56315, 48.98964], [4.56363, 48.98975], [4.56413, 48.9901], [4.5642, 48.99041], [4.56481, 48.99064], [4.56485, 48.99108], [4.56512, 48.99121], [4.56597, 48.99101], [4.56813, 48.99137], [4.56988, 48.9913], [4.5713, 48.99104], [4.57572, 48.98876], [4.57623, 48.98882], [4.57727, 48.98944], [4.57904, 48.98905], [4.57997, 48.98826], [4.5809, 48.98793], [4.58348, 48.98786], [4.58449, 48.98806], [4.58646, 48.98779], [4.5869, 48.98794], [4.587, 48.98731], [4.58776, 48.98673]], [[4.56869, 48.98925], [4.56924, 48.98946], [4.56947, 48.98993], [4.56912, 48.99033], [4.56844, 48.99046], [4.56788, 48.99026], [4.56765, 48.98977], [4.568, 48.98937], [4.56869, 48.98925]]], [[[4.54768, 48.98793], [4.54771, 48.98799], [4.54771, 48.98792], [4.54768, 48.98793]]], [[[4.54445, 48.98844], [4.54481, 48.98843], [4.54405, 48.98819], [4.54445, 48.98844]]], [[[4.53077, 48.98825], [4.53102, 48.98771], [4.53057, 48.9875], [4.52921, 48.98747], [4.52871, 48.98697], [4.52767, 48.98705], [4.52894, 48.98743], [4.52991, 48.98819], [4.53077, 48.98825]]], [[[4.5265, 48.98651], [4.5266, 48.98618], [4.52583, 48.98612], [4.52451, 48.98639], [4.52439, 48.98664], [4.52592, 48.9864], [4.5265, 48.98651]]], [[[4.52093, 48.98644], [4.52262, 48.98655], [4.52231, 48.98621], [4.52239, 48.98586], [4.52297, 48.98544], [4.5222, 48.9855], [4.52161, 48.98529], [4.52062, 48.98568], [4.51964, 48.98526], [4.51906, 48.9855], [4.51952, 48.98603], [4.52014, 48.986], [4.52093, 48.98644]]], [[[4.51426, 48.98415], [4.5146, 48.98392], [4.51446, 48.98321], [4.51338, 48.98293], [4.50602, 48.98213], [4.50571, 48.98251], [4.50507, 48.98263], [4.50569, 48.98309], [4.50657, 48.98317], [4.50819, 48.9828], [4.50903, 48.98316], [4.50919, 48.98346], [4.50988, 48.98327], [4.51032, 48.98344], [4.51106, 48.98323], [4.51262, 48.98346], [4.51321, 48.98338], [4.5137, 48.98414], [4.51426, 48.98415]]], [[[4.50276, 48.98249], [4.50246, 48.98218], [4.50196, 48.98242], [4.50128, 48.98239], [4.50052, 48.98187], [4.49951, 48.98239], [4.49792, 48.98235], [4.49726, 48.98161], [4.49707, 48.98093], [4.49577, 48.98036], [4.49497, 48.9802], [4.49457, 48.97943], [4.49401, 48.9794], [4.494, 48.97999], [4.49365, 48.98034], [4.49287, 48.98042], [4.49234, 48.98019], [4.49163, 48.98062], [4.49094, 48.98053], [4.4901, 48.9799], [4.48975, 48.97985], [4.48977, 48.98192], [4.49065, 48.98181], [4.4912, 48.98223], [4.49111, 48.98261], [4.4907, 48.98286], [4.49132, 48.98263], [4.49202, 48.98263], [4.49223, 48.98234], [4.49267, 48.98222], [4.49341, 48.98244], [4.49592, 48.98231], [4.49638, 48.98255], [4.49641, 48.98285], [4.49801, 48.98276], [4.49826, 48.98256], [4.49915, 48.98246], [4.50055, 48.98263], [4.50114, 48.98252], [4.5018, 48.9827], [4.50276, 48.98249]]], [[[4.48859, 48.98187], [4.48895, 48.9819], [4.48894, 48.98019], [4.48797, 48.9801], [4.48767, 48.97953], [4.48603, 48.97971], [4.48563, 48.98012], [4.48462, 48.98031], [4.48406, 48.98012], [4.48353, 48.97951], [4.48248, 48.97965], [4.48164, 48.97937], [4.48099, 48.97949], [4.47956, 48.97918], [4.4793, 48.97931], [4.48172, 48.98037], [4.48305, 48.98065], [4.48338, 48.98121], [4.48403, 48.98095], [4.48436, 48.98135], [4.48544, 48.98158], [4.48644, 48.98148], [4.48756, 48.98111], [4.48859, 48.98187]]], [[[4.47706, 48.97991], [4.47731, 48.97974], [4.47691, 48.97985], [4.47706, 48.97991]]], [[[4.47505, 48.97972], [4.47445, 48.97944], [4.47393, 48.97963], [4.47232, 48.97972], [4.47208, 48.9802], [4.47418, 48.98001], [4.47505, 48.97972]]], [[[4.46893, 48.98159], [4.46938, 48.98125], [4.46824, 48.98075], [4.46451, 48.98232], [4.46143, 48.98427], [4.45563, 48.98615], [4.44583, 48.99169], [4.44641, 48.99219], [4.44603, 48.99274], [4.4472, 48.99238], [4.44759, 48.99207], [4.44833, 48.9922], [4.44912, 48.99171], [4.44964, 48.99183], [4.44993, 48.99229], [4.45036, 48.99199], [4.45041, 48.9916], [4.45114, 48.99114], [4.45164, 48.9912], [4.45231, 48.99051], [4.45274, 48.99045], [4.45321, 48.99062], [4.45369, 48.99032], [4.45455, 48.99018], [4.45442, 48.98948], [4.45562, 48.98873], [4.45627, 48.98876], [4.45649, 48.9884], [4.45711, 48.98834], [4.45772, 48.98786], [4.45829, 48.98795], [4.45894, 48.98764], [4.45963, 48.98784], [4.45947, 48.98739], [4.45988, 48.98701], [4.45974, 48.98673], [4.45995, 48.986], [4.46069, 48.98555], [4.46199, 48.98547], [4.4645, 48.98475], [4.46427, 48.98428], [4.46491, 48.98406], [4.46465, 48.98372], [4.4654, 48.98255], [4.46779, 48.98211], [4.46832, 48.98165], [4.46893, 48.98159]]], [[[4.4443, 48.99323], [4.44533, 48.99293], [4.4448, 48.99277], [4.44447, 48.99243], [4.44411, 48.99263], [4.4443, 48.99323]]], [[[4.44, 48.99601], [4.44067, 48.99542], [4.43992, 48.99535], [4.43845, 48.99443], [4.438, 48.99464], [4.43841, 48.995], [4.43833, 48.9954], [4.43776, 48.9957], [4.43707, 48.99561], [4.43582, 48.99749], [4.43662, 48.99729], [4.43692, 48.99692], [4.43738, 48.99693], [4.43742, 48.99669], [4.43805, 48.99645], [4.43839, 48.99596], [4.44, 48.99601]]], [[[4.43376, 49.00181], [4.43376, 49.0012], [4.43329, 49.00093], [4.43248, 49.00205], [4.43291, 49.00235], [4.43305, 49.00305], [4.43411, 49.00283], [4.43488, 49.00295], [4.43522, 49.0025], [4.43443, 49.00235], [4.43376, 49.00181]]], [[[4.43207, 49.00361], [4.43152, 49.00344], [4.43089, 49.00437], [4.42998, 49.00627], [4.42993, 49.00745], [4.42825, 49.01087], [4.42571, 49.01432], [4.42555, 49.01471], [4.426, 49.01502], [4.42599, 49.01545], [4.42522, 49.01581], [4.4244, 49.01683], [4.42754, 49.01811], [4.42758, 49.0178], [4.42899, 49.01653], [4.42968, 49.01647], [4.42989, 49.01607], [4.43065, 49.01601], [4.43015, 49.01587], [4.43004, 49.01544], [4.42947, 49.01519], [4.42952, 49.01482], [4.42911, 49.01462], [4.42902, 49.01428], [4.42947, 49.01396], [4.42934, 49.0137], [4.42967, 49.01327], [4.43048, 49.01305], [4.43101, 49.01328], [4.43122, 49.01269], [4.43085, 49.01218], [4.42962, 49.01211], [4.42906, 49.01163], [4.42984, 49.01023], [4.43044, 49.01003], [4.43052, 49.00902], [4.43103, 49.00863], [4.43088, 49.00833], [4.43132, 49.00707], [4.43035, 49.00682], [4.43047, 49.00616], [4.43121, 49.00563], [4.43191, 49.00574], [4.43222, 49.00559], [4.43168, 49.00456], [4.43191, 49.00426], [4.43172, 49.00387], [4.43207, 49.00361]]], [[[4.43406, 48.99982], [4.43394, 48.9998], [4.4341, 48.99983], [4.43406, 48.99982]]], [[[4.43609, 49.00034], [4.43605, 49.00033], [4.436, 49.00041], [4.43609, 49.00034]]], [[[4.42691, 49.01916], [4.42747, 49.01893], [4.42721, 49.01862], [4.42388, 49.01726], [4.42255, 49.01867], [4.42329, 49.01886], [4.42402, 49.01929], [4.42403, 49.01971], [4.42348, 49.02018], [4.42454, 49.0204], [4.42477, 49.01959], [4.42541, 49.01892], [4.4262, 49.01869], [4.42691, 49.01916]]], [[[4.42186, 49.02147], [4.422, 49.02141], [4.42197, 49.02125], [4.42186, 49.02147]]], [[[4.4159, 49.02722], [4.41745, 49.0272], [4.41628, 49.02659], [4.4159, 49.02722]]], [[[4.41448, 49.0278], [4.41407, 49.0272], [4.40912, 49.03023], [4.4077, 49.03168], [4.40747, 49.03223], [4.4068, 49.03311], [4.40635, 49.03394], [4.40659, 49.03397], [4.40684, 49.03365], [4.40685, 49.03308], [4.40787, 49.03263], [4.4086, 49.03191], [4.40862, 49.03144], [4.41105, 49.03075], [4.41194, 49.03009], [4.41222, 49.02938], [4.41266, 49.02927], [4.41278, 49.02894], [4.41345, 49.02863], [4.41363, 49.0282], [4.41448, 49.0278]]], [[[4.40632, 49.0352], [4.40636, 49.03457], [4.40604, 49.03453], [4.40513, 49.03561], [4.40123, 49.03852], [4.40209, 49.03882], [4.4023, 49.03931], [4.40414, 49.03836], [4.40481, 49.0383], [4.40496, 49.03758], [4.4056, 49.03741], [4.40619, 49.03607], [4.40591, 49.03579], [4.40632, 49.0352]]], [[[4.4002, 49.0402], [4.39936, 49.03983], [4.39763, 49.04091], [4.39725, 49.0412], [4.39769, 49.0415], [4.39773, 49.04184], [4.39872, 49.04112], [4.39961, 49.04096], [4.40003, 49.04109], [4.40031, 49.04086], [4.4002, 49.0402]]], [[[4.39735, 49.04223], [4.39735, 49.04226], [4.3974, 49.0422], [4.39735, 49.04223]]], [[[4.39032, 49.04857], [4.39039, 49.04841], [4.39036, 49.04838], [4.39032, 49.04857]]], [[[4.38862, 49.0507], [4.38852, 49.05062], [4.38856, 49.05078], [4.38862, 49.0507]]], [[[4.38564, 49.05851], [4.38518, 49.0584], [4.38475, 49.05853], [4.38401, 49.05979], [4.38325, 49.06023], [4.38323, 49.0614], [4.38348, 49.06164], [4.38495, 49.06181], [4.38564, 49.05851]]], [[[4.38454, 49.06267], [4.38468, 49.06239], [4.38309, 49.06237], [4.38312, 49.06306], [4.38454, 49.06267]]], [[[4.38449, 49.06338], [4.38325, 49.06366], [4.3843, 49.06747], [4.3851, 49.07179], [4.38524, 49.07208], [4.38585, 49.07213], [4.38737, 49.07079], [4.38745, 49.06981], [4.38673, 49.06808], [4.3861, 49.06795], [4.38432, 49.06702], [4.38507, 49.06604], [4.38499, 49.0652], [4.3844, 49.06383], [4.38449, 49.06338]]], [[[4.38581, 49.07274], [4.38528, 49.07333], [4.3846, 49.07346], [4.3839, 49.07314], [4.38395, 49.07251], [4.38283, 49.07256], [4.37648, 49.07428], [4.37381, 49.07525], [4.3677, 49.07828], [4.35881, 49.08183], [4.35912, 49.08226], [4.35882, 49.08269], [4.356, 49.08352], [4.35603, 49.08555], [4.35745, 49.08559], [4.35872, 49.08503], [4.36608, 49.08439], [4.36663, 49.08393], [4.36662, 49.08325], [4.36742, 49.08247], [4.36971, 49.08206], [4.37011, 49.08184], [4.37069, 49.08042], [4.37158, 49.07998], [4.37341, 49.07991], [4.37463, 49.07955], [4.37581, 49.07761], [4.37713, 49.07714], [4.37825, 49.07725], [4.37929, 49.07707], [4.38042, 49.07641], [4.38024, 49.07604], [4.38079, 49.07521], [4.38221, 49.07476], [4.38297, 49.07423], [4.38409, 49.07406], [4.38474, 49.07439], [4.38605, 49.07296], [4.38581, 49.07274]]], [[[4.35486, 49.0856], [4.35516, 49.08556], [4.35513, 49.08417], [4.35459, 49.08413], [4.35486, 49.0856]]], [[[4.35396, 49.08514], [4.35396, 49.08515], [4.35396, 49.08515], [4.35396, 49.08514]]], [[[4.35623, 49.08215], [4.36725, 49.07783], [4.37283, 49.07503], [4.37515, 49.07411], [4.38256, 49.07205], [4.38429, 49.072], [4.38349, 49.06755], [4.38247, 49.06387], [4.37548, 49.06599], [4.37359, 49.06791], [4.35861, 49.07853], [4.35708, 49.08028], [4.35623, 49.08215]]], [[[4.35536, 49.08157], [4.3565, 49.07972], [4.35791, 49.07819], [4.36649, 49.07208], [4.3644, 49.07273], [4.36217, 49.07318], [4.35367, 49.07395], [4.34765, 49.07575], [4.35229, 49.07984], [4.35377, 49.08191], [4.3543, 49.08154], [4.35536, 49.08157]]], [[[4.35321, 49.08283], [4.35249, 49.08123], [4.35108, 49.07964], [4.35127, 49.08066], [4.35199, 49.0809], [4.35251, 49.08183], [4.35254, 49.08249], [4.35197, 49.08282], [4.35246, 49.0832], [4.35321, 49.08283]]], [[[4.35052, 49.0824], [4.3503, 49.07894], [4.34692, 49.076], [4.33242, 49.08111], [4.3435, 49.08969], [4.34387, 49.08949], [4.3435, 49.08886], [4.34406, 49.08832], [4.34406, 49.08785], [4.34585, 49.08685], [4.34656, 49.08573], [4.34648, 49.08527], [4.3453, 49.08514], [4.3448, 49.08486], [4.34439, 49.08432], [4.34454, 49.08372], [4.34356, 49.08328], [4.34348, 49.08272], [4.34482, 49.08203], [4.34558, 49.08189], [4.34628, 49.08206], [4.3474, 49.08304], [4.34814, 49.08291], [4.34827, 49.08244], [4.34928, 49.08195], [4.34999, 49.082], [4.35052, 49.0824]]], [[[4.34438, 49.08994], [4.34399, 49.09013], [4.34409, 49.09059], [4.34362, 49.0911], [4.343, 49.0912], [4.34241, 49.09094], [4.34093, 49.09166], [4.34164, 49.09187], [4.3424, 49.09186], [4.34317, 49.09243], [4.34377, 49.09229], [4.34389, 49.09175], [4.34587, 49.09099], [4.34574, 49.09059], [4.34599, 49.0903], [4.3468, 49.09031], [4.348, 49.08953], [4.34897, 49.0897], [4.34935, 49.08947], [4.34944, 49.08881], [4.34878, 49.08866], [4.34817, 49.08912], [4.34659, 49.08962], [4.34544, 49.09024], [4.3448, 49.09022], [4.34438, 49.08994]]], [[[4.34059, 49.09107], [4.34237, 49.09029], [4.34274, 49.08994], [4.33168, 49.08137], [4.30612, 49.09037], [4.3073, 49.09378], [4.31122, 49.09993], [4.31834, 49.10492], [4.33903, 49.09204], [4.33817, 49.09121], [4.3385, 49.09039], [4.3391, 49.0901], [4.33974, 49.09014], [4.34028, 49.09051], [4.34059, 49.09107]]], [[[4.34057, 49.09279], [4.34007, 49.09213], [4.31886, 49.10534], [4.31946, 49.10544], [4.31989, 49.10592], [4.32069, 49.10598], [4.32106, 49.10631], [4.32194, 49.10623], [4.32245, 49.10593], [4.32302, 49.10599], [4.32297, 49.10506], [4.32271, 49.10474], [4.32341, 49.10395], [4.32385, 49.10283], [4.32436, 49.10243], [4.32543, 49.10254], [4.32566, 49.10215], [4.32673, 49.10199], [4.32689, 49.10128], [4.32768, 49.10121], [4.32788, 49.10087], [4.32755, 49.10018], [4.32782, 49.09985], [4.32841, 49.09976], [4.32912, 49.10008], [4.32979, 49.09946], [4.33063, 49.09954], [4.33115, 49.09934], [4.33117, 49.09895], [4.33242, 49.09791], [4.33329, 49.09771], [4.33389, 49.09717], [4.33472, 49.09738], [4.33531, 49.09725], [4.33543, 49.09681], [4.33587, 49.09663], [4.33741, 49.09698], [4.33723, 49.09585], [4.33781, 49.09553], [4.33869, 49.09538], [4.33886, 49.09485], [4.33926, 49.09465], [4.33889, 49.09452], [4.33875, 49.09421], [4.33915, 49.09367], [4.34033, 49.09354], [4.34077, 49.09381], [4.34139, 49.09389], [4.34148, 49.09274], [4.34057, 49.09279]]], [[[4.31687, 49.10664], [4.31363, 49.10867], [4.31095, 49.1112], [4.31132, 49.11158], [4.31202, 49.1112], [4.31228, 49.11059], [4.31337, 49.11058], [4.31296, 49.10963], [4.3141, 49.10934], [4.31462, 49.10855], [4.31525, 49.10805], [4.31583, 49.10778], [4.31656, 49.10802], [4.31739, 49.10758], [4.31761, 49.10717], [4.31708, 49.10699], [4.31687, 49.10664]]], [[[4.30717, 49.11625], [4.30685, 49.11652], [4.30734, 49.11632], [4.30717, 49.11625]]], [[[4.315, 49.10953], [4.31594, 49.10837], [4.31499, 49.10923], [4.315, 49.10953]]], [[[4.31309, 49.11187], [4.31339, 49.11116], [4.31287, 49.11103], [4.31303, 49.11161], [4.3121, 49.11176], [4.31199, 49.11216], [4.31121, 49.11288], [4.31151, 49.11319], [4.31175, 49.11278], [4.31309, 49.11187]]], [[[4.31366, 49.11231], [4.31381, 49.11213], [4.31361, 49.11232], [4.31366, 49.11231]]], [[[4.35612, 48.92835], [4.35551, 48.92749], [4.35507, 48.92773], [4.35488, 48.92804], [4.35508, 48.929], [4.35459, 48.93137], [4.35487, 48.93184], [4.35617, 48.92942], [4.35612, 48.92835]]], [[[4.35676, 48.92751], [4.35703, 48.9285], [4.35783, 48.92883], [4.35977, 48.92717], [4.35817, 48.9273], [4.35698, 48.92693], [4.35676, 48.92751]]], [[[4.35831, 48.92993], [4.35991, 48.92797], [4.35706, 48.93076], [4.35831, 48.92993]]], [[[4.35795, 48.92669], [4.358, 48.92665], [4.3579, 48.92668], [4.35795, 48.92669]]], [[[4.35855, 48.92593], [4.35848, 48.92635], [4.35903, 48.92604], [4.3589, 48.92575], [4.35855, 48.92593]]], [[[4.35916, 48.92471], [4.35986, 48.9261], [4.35902, 48.92676], [4.36046, 48.92641], [4.36159, 48.92584], [4.36049, 48.92459], [4.36049, 48.92421], [4.35935, 48.92377], [4.35854, 48.92313], [4.35853, 48.92248], [4.35803, 48.92163], [4.35818, 48.92121], [4.35773, 48.92085], [4.35684, 48.92124], [4.35792, 48.92206], [4.35808, 48.92244], [4.35785, 48.92309], [4.35916, 48.92471]]], [[[4.35499, 48.92066], [4.355, 48.9207], [4.35504, 48.9207], [4.35499, 48.92066]]], [[[4.35461, 48.92034], [4.35458, 48.92042], [4.35474, 48.92047], [4.35461, 48.92034]]], [[[4.35899, 48.95158], [4.35994, 48.95163], [4.36031, 48.95218], [4.36008, 48.95252], [4.35958, 48.9527], [4.35902, 48.95266], [4.35858, 48.95236], [4.35865, 48.95293], [4.36023, 48.95313], [4.36113, 48.95184], [4.3594, 48.95125], [4.35843, 48.95046], [4.35812, 48.95085], [4.3585, 48.95204], [4.35899, 48.95158]]], [[[4.36155, 48.95258], [4.36086, 48.95354], [4.36114, 48.95375], [4.36158, 48.95352], [4.36155, 48.95258]]], [[[4.34298, 48.96723], [4.34127, 48.96651], [4.34027, 48.96725], [4.34186, 48.96819], [4.34298, 48.96723]]], [[[4.34044, 48.96942], [4.33887, 48.96851], [4.33401, 48.97312], [4.3358, 48.9734], [4.34044, 48.96942]]], [[[4.33955, 48.97301], [4.33837, 48.97242], [4.33718, 48.97344], [4.33739, 48.97401], [4.33907, 48.97424], [4.34117, 48.97363], [4.3405, 48.97311], [4.33955, 48.97301]]], [[[4.33446, 48.97669], [4.33438, 48.97609], [4.33087, 48.97927], [4.3323, 48.97881], [4.33233, 48.97849], [4.3327, 48.9782], [4.33413, 48.97804], [4.33583, 48.9772], [4.33602, 48.97678], [4.33558, 48.977], [4.33494, 48.97696], [4.33446, 48.97669]]], [[[4.38583, 48.93204], [4.38809, 48.93324], [4.38756, 48.93183], [4.38596, 48.93058], [4.38498, 48.93023], [4.38387, 48.93036], [4.38443, 48.93068], [4.38449, 48.9311], [4.38548, 48.93134], [4.38583, 48.93204]]], [[[4.39172, 48.92386], [4.3844, 48.92969], [4.38559, 48.92978], [4.38655, 48.93021], [4.3882, 48.93146], [4.38889, 48.93311], [4.3892, 48.93312], [4.39092, 48.93138], [4.3903, 48.93078], [4.39041, 48.93044], [4.39116, 48.92995], [4.3905, 48.92882], [4.39142, 48.92824], [4.39149, 48.92745], [4.39188, 48.92717], [4.39149, 48.92643], [4.39221, 48.92573], [4.39206, 48.9249], [4.39262, 48.9244], [4.39225, 48.9241], [4.39172, 48.92386]]], [[[4.35776, 48.94979], [4.35601, 48.94864], [4.35545, 48.94983], [4.3572, 48.95033], [4.35776, 48.94979]]], [[[4.35709, 48.95266], [4.35674, 48.95331], [4.35709, 48.95297], [4.35711, 48.95292], [4.3571, 48.95274], [4.3571, 48.95272], [4.35709, 48.95269], [4.35709, 48.95266]]], [[[4.35282, 48.94364], [4.35352, 48.94599], [4.35366, 48.94713], [4.35419, 48.94694], [4.35374, 48.94543], [4.35282, 48.94364]]], [[[4.3154, 48.95897], [4.31466, 48.95942], [4.3154, 48.95973], [4.31629, 48.9597], [4.3154, 48.95897]]], [[[4.31805, 48.96142], [4.31797, 48.96135], [4.31794, 48.96132], [4.31805, 48.96142]]], [[[4.31939, 48.95972], [4.31795, 48.96029], [4.31808, 48.96043], [4.31939, 48.95972]]], [[[4.3199, 48.95858], [4.31934, 48.95821], [4.31922, 48.95818], [4.31948, 48.95867], [4.3199, 48.95858]]], [[[4.31837, 48.95759], [4.3183, 48.95753], [4.31838, 48.9576], [4.31837, 48.95759]]], [[[4.38413, 48.94398], [4.3839, 48.94445], [4.38478, 48.94428], [4.38476, 48.94388], [4.38514, 48.94357], [4.38631, 48.94345], [4.38778, 48.94295], [4.38501, 48.94341], [4.38382, 48.94319], [4.38413, 48.94398]]], [[[4.38255, 48.9426], [4.38336, 48.94265], [4.38316, 48.94162], [4.38122, 48.94284], [4.38255, 48.9426]]], [[[4.38056, 48.94243], [4.38102, 48.94222], [4.38091, 48.94212], [4.38056, 48.94243]]], [[[4.38166, 48.94125], [4.38228, 48.94143], [4.38316, 48.94095], [4.38416, 48.9407], [4.38371, 48.94051], [4.38196, 48.94094], [4.38166, 48.94125]]], [[[4.36211, 48.97514], [4.36215, 48.97516], [4.36215, 48.97514], [4.36211, 48.97514]]], [[[4.36062, 48.96311], [4.36071, 48.96315], [4.36065, 48.96307], [4.36062, 48.96311]]], [[[4.34493, 48.95962], [4.34541, 48.95976], [4.34529, 48.95939], [4.34493, 48.95962]]], [[[4.34293, 48.95902], [4.34303, 48.95913], [4.34317, 48.95887], [4.34293, 48.95902]]], [[[4.34498, 48.95696], [4.34583, 48.95656], [4.34531, 48.95617], [4.34522, 48.9565], [4.34498, 48.95696]]], [[[4.3489, 48.94805], [4.34976, 48.94876], [4.35064, 48.94775], [4.34929, 48.94742], [4.3489, 48.94805]]], [[[4.34893, 48.93669], [4.34907, 48.93654], [4.34901, 48.93645], [4.34893, 48.93669]]], [[[4.34397, 48.9746], [4.343, 48.97421], [4.34269, 48.97467], [4.34327, 48.97458], [4.34389, 48.97475], [4.34397, 48.9746]]], [[[4.34425, 48.9714], [4.34438, 48.97134], [4.34437, 48.97125], [4.34425, 48.9714]]], [[[4.34421, 48.97244], [4.3438, 48.97208], [4.34288, 48.97352], [4.34309, 48.97375], [4.34365, 48.97349], [4.34432, 48.97359], [4.34464, 48.97388], [4.34466, 48.97427], [4.34578, 48.97282], [4.34421, 48.97244]]], [[[4.34392, 48.97192], [4.3439, 48.97193], [4.34389, 48.97194], [4.34392, 48.97192]]], [[[4.33428, 48.95873], [4.33433, 48.95868], [4.33429, 48.95864], [4.33428, 48.95873]]], [[[4.3358, 48.9572], [4.33671, 48.95811], [4.33801, 48.95763], [4.33832, 48.95728], [4.33708, 48.95599], [4.33671, 48.95669], [4.33561, 48.95641], [4.33592, 48.95684], [4.3358, 48.9572]]], [[[4.33891, 48.95227], [4.33905, 48.95256], [4.33916, 48.95253], [4.33891, 48.95227]]], [[[4.34072, 48.95229], [4.34098, 48.9525], [4.34155, 48.95234], [4.34072, 48.95229]]], [[[4.34541, 48.98649], [4.34534, 48.98681], [4.3456, 48.9866], [4.34541, 48.98649]]], [[[4.34318, 48.9515], [4.34317, 48.95184], [4.34378, 48.95163], [4.34361, 48.95149], [4.34318, 48.9515]]], [[[4.35434, 48.97218], [4.35451, 48.97219], [4.35449, 48.97207], [4.35434, 48.97218]]], [[[4.35201, 48.9755], [4.35133, 48.97593], [4.35093, 48.97664], [4.35224, 48.97564], [4.35201, 48.9755]]], [[[4.35138, 48.97465], [4.3517, 48.97476], [4.35127, 48.97451], [4.35138, 48.97465]]], [[[4.35218, 48.94911], [4.35186, 48.94942], [4.35203, 48.94949], [4.35218, 48.94911]]], [[[4.35196, 48.97111], [4.35185, 48.97115], [4.35181, 48.97122], [4.35196, 48.97111]]], [[[4.35751, 48.9665], [4.35731, 48.96644], [4.35744, 48.96656], [4.35751, 48.9665]]], [[[4.35911, 48.96006], [4.35821, 48.95997], [4.35831, 48.96053], [4.35911, 48.96006]]], [[[4.37104, 48.97341], [4.37126, 48.97328], [4.37127, 48.97322], [4.37111, 48.9732], [4.37104, 48.97341]]], [[[4.36466, 48.97163], [4.36494, 48.97178], [4.36498, 48.97173], [4.36466, 48.97163]]], [[[4.36778, 48.96995], [4.36737, 48.97039], [4.36787, 48.97046], [4.36778, 48.96995]]], [[[4.3705, 48.94409], [4.37096, 48.94391], [4.37022, 48.94394], [4.3705, 48.94409]]], [[[4.36821, 48.97965], [4.36821, 48.97965], [4.36821, 48.97965], [4.36821, 48.97965]]], [[[4.37919, 48.93862], [4.37884, 48.93813], [4.37876, 48.93812], [4.3787, 48.93828], [4.37919, 48.93862]]], [[[4.37386, 48.96967], [4.37322, 48.96991], [4.37345, 48.97018], [4.37414, 48.96992], [4.37386, 48.96967]]], [[[4.37364, 48.95948], [4.37461, 48.95922], [4.37479, 48.95894], [4.3737, 48.95927], [4.37289, 48.95918], [4.37364, 48.95948]]], [[[4.3755, 48.94928], [4.37508, 48.9495], [4.37481, 48.94957], [4.37497, 48.94964], [4.3755, 48.94928]]], [[[4.37646, 48.94914], [4.37666, 48.94862], [4.37606, 48.9491], [4.37646, 48.94914]]], [[[4.37704, 48.94737], [4.37731, 48.94753], [4.37744, 48.94736], [4.37726, 48.9473], [4.37704, 48.94737]]], [[[4.38007, 48.96618], [4.37977, 48.9659], [4.37937, 48.96627], [4.38007, 48.96618]]], [[[4.38265, 48.93695], [4.38215, 48.93668], [4.38255, 48.93701], [4.38265, 48.93695]]], [[[4.39184, 48.95356], [4.39228, 48.95353], [4.39187, 48.95341], [4.39184, 48.95356]]], [[[4.39318, 48.95334], [4.39342, 48.9534], [4.39318, 48.95333], [4.39318, 48.95334]]], [[[4.39139, 48.94442], [4.39113, 48.94527], [4.39168, 48.94533], [4.39227, 48.94373], [4.39139, 48.94442]]], [[[4.39092, 48.94264], [4.39117, 48.94323], [4.39274, 48.94297], [4.39301, 48.94261], [4.39196, 48.94258], [4.39139, 48.94231], [4.39092, 48.94264]]], [[[4.39474, 48.94251], [4.39453, 48.94222], [4.39402, 48.94273], [4.39474, 48.94251]]], [[[4.39583, 48.94315], [4.39587, 48.94314], [4.39589, 48.94313], [4.39583, 48.94315]]], [[[4.38506, 48.96138], [4.38566, 48.96137], [4.38623, 48.96163], [4.38632, 48.9615], [4.38518, 48.96113], [4.38506, 48.96138]]], [[[4.38419, 48.93516], [4.38425, 48.93519], [4.38428, 48.93517], [4.38419, 48.93516]]], [[[4.40088, 48.94014], [4.40088, 48.94013], [4.40087, 48.94013], [4.40088, 48.94014]]], [[[4.39736, 48.94221], [4.39729, 48.94214], [4.39723, 48.94221], [4.39736, 48.94221]]], [[[4.35018, 49.08937], [4.35034, 49.0893], [4.35019, 49.08924], [4.35018, 49.08937]]], [[[4.29894, 48.98007], [4.29962, 48.98054], [4.30044, 48.98035], [4.30007, 48.97972], [4.30048, 48.97893], [4.30218, 48.97813], [4.30374, 48.97836], [4.30465, 48.97809], [4.30646, 48.978], [4.30677, 48.97837], [4.30627, 48.97882], [4.30362, 48.9791], [4.30247, 48.97884], [4.3013, 48.97966], [4.30304, 48.97952], [4.30417, 48.97986], [4.30475, 48.98041], [4.30484, 48.9813], [4.30537, 48.98081], [4.30676, 48.97856], [4.30761, 48.9781], [4.30385, 48.97776], [4.30201, 48.97814], [4.29983, 48.97818], [4.29914, 48.9785], [4.29905, 48.97881], [4.29828, 48.97935], [4.29656, 48.97996], [4.29894, 48.98007]]], [[[4.13195, 49.02325], [4.13175, 49.02305], [4.13159, 49.02328], [4.13195, 49.02325]]], [[[4.11792, 49.02238], [4.11863, 49.02244], [4.11895, 49.02235], [4.11792, 49.02238]]], [[[4.12688, 49.02545], [4.12692, 49.02542], [4.12689, 49.0254], [4.12688, 49.02545]]], [[[4.1299, 49.02572], [4.12959, 49.02569], [4.12967, 49.02583], [4.1299, 49.02572]]], [[[4.1507, 49.03147], [4.15071, 49.03146], [4.15069, 49.03145], [4.1507, 49.03147]]], [[[4.1873, 49.03687], [4.18689, 49.03786], [4.18981, 49.03665], [4.18897, 49.03664], [4.18783, 49.03632], [4.18691, 49.03472], [4.1865, 49.03502], [4.18639, 49.03558], [4.1873, 49.03687]]], [[[4.10493, 49.04355], [4.10307, 49.04339], [4.09992, 49.04431], [4.10603, 49.04406], [4.10493, 49.04355]]], [[[4.1242, 49.04472], [4.12438, 49.04553], [4.12904, 49.04504], [4.1308, 49.04506], [4.1287, 49.04481], [4.12707, 49.04431], [4.12565, 49.04347], [4.12487, 49.04233], [4.12378, 49.04141], [4.12334, 49.04116], [4.12261, 49.04108], [4.12201, 49.04154], [4.12188, 49.04289], [4.1242, 49.04472]]], [[[4.16531, 49.04038], [4.16512, 49.0413], [4.16629, 49.04121], [4.16777, 49.04134], [4.1735, 49.04266], [4.17505, 49.04257], [4.17629, 49.04223], [4.17614, 49.04198], [4.17494, 49.04221], [4.1734, 49.04208], [4.16952, 49.04103], [4.1682, 49.04032], [4.16674, 49.03879], [4.16596, 49.03834], [4.16404, 49.03796], [4.16268, 49.03809], [4.16323, 49.03891], [4.16497, 49.0398], [4.16531, 49.04038]]], [[[4.18367, 49.03919], [4.18234, 49.03934], [4.18176, 49.03999], [4.18367, 49.03919]]], [[[4.18722, 49.17764], [4.16968, 49.18517], [4.17586, 49.19104], [4.1764, 49.191], [4.1767, 49.19049], [4.17666, 49.18971], [4.17743, 49.18917], [4.17776, 49.18794], [4.17907, 49.18686], [4.17973, 49.18531], [4.1796, 49.18438], [4.18017, 49.18363], [4.18013, 49.18247], [4.1806, 49.18207], [4.18212, 49.18205], [4.18291, 49.1808], [4.18406, 49.18011], [4.18498, 49.18003], [4.18533, 49.1795], [4.18523, 49.179], [4.18722, 49.17764]]], [[[4.12051, 49.20964], [4.12108, 49.20946], [4.12059, 49.20911], [4.12042, 49.20936], [4.12051, 49.20964]]], [[[4.11733, 49.21066], [4.11734, 49.21062], [4.1173, 49.21068], [4.11733, 49.21066]]], [[[4.18778, 49.17835], [4.18629, 49.17934], [4.18631, 49.17961], [4.18697, 49.18004], [4.18939, 49.17845], [4.18821, 49.17781], [4.18778, 49.17835]]], [[[4.18937, 48.99746], [4.18979, 48.99764], [4.18948, 48.99731], [4.18937, 48.99746]]], [[[4.18879, 48.99648], [4.18878, 48.99666], [4.18906, 48.99687], [4.18879, 48.99648]]], [[[4.18733, 48.99528], [4.18786, 48.99607], [4.18862, 48.99621], [4.18873, 48.99542], [4.18819, 48.99478], [4.18733, 48.99528]]], [[[4.17267, 48.97655], [4.17267, 48.97655], [4.17267, 48.97655], [4.17267, 48.97655]]], [[[4.21974, 49.00541], [4.21891, 49.00504], [4.21833, 49.00524], [4.21924, 49.00619], [4.21976, 49.00713], [4.22312, 49.00641], [4.22283, 49.00584], [4.21974, 49.00541]]], [[[4.19983, 49.0245], [4.20004, 49.02471], [4.20026, 49.02461], [4.20003, 49.02459], [4.19983, 49.0245]]], [[[4.19002, 49.05206], [4.18997, 49.05205], [4.19009, 49.05219], [4.19002, 49.05206]]], [[[4.20346, 49.17345], [4.20347, 49.17345], [4.20344, 49.17344], [4.20346, 49.17345]]], [[[4.20301, 49.17333], [4.20302, 49.17332], [4.20301, 49.17333], [4.20301, 49.17333]]], [[[4.22311, 49.00189], [4.22271, 49.0016], [4.22229, 49.00171], [4.22311, 49.00189]]], [[[4.28241, 49.1267], [4.28239, 49.12672], [4.28248, 49.12674], [4.28241, 49.1267]]], [[[4.2993, 48.98221], [4.29863, 48.9813], [4.29851, 48.98226], [4.29806, 48.98257], [4.29908, 48.9824], [4.2993, 48.98221]]], [[[4.29797, 48.98092], [4.29792, 48.98095], [4.29804, 48.98099], [4.29797, 48.98092]]], [[[4.28263, 48.98685], [4.2826, 48.98689], [4.28264, 48.98685], [4.28263, 48.98685]]], [[[4.27588, 48.98992], [4.27563, 48.98977], [4.27547, 48.98965], [4.27566, 48.98985], [4.27588, 48.98992]]], [[[4.28839, 48.9892], [4.28947, 48.98839], [4.28768, 48.98817], [4.28801, 48.98914], [4.28839, 48.9892]]], [[[4.18535, 49.01856], [4.18469, 49.01876], [4.18531, 49.01919], [4.18515, 49.01885], [4.18535, 49.01856]]], [[[4.18609, 49.02023], [4.18622, 49.0203], [4.1863, 49.02039], [4.1863, 49.02025], [4.18609, 49.02023]]], [[[4.39966, 48.91753], [4.40014, 48.91761], [4.40153, 48.91694], [4.401, 48.91624], [4.39966, 48.91753]]], [[[4.39876, 48.91979], [4.39801, 48.91865], [4.39315, 48.92261], [4.39519, 48.92252], [4.39589, 48.92218], [4.39666, 48.92221], [4.39778, 48.92172], [4.39836, 48.92123], [4.39879, 48.92044], [4.39876, 48.91979]]], [[[4.33743, 48.96793], [4.33745, 48.96792], [4.33733, 48.96803], [4.33743, 48.96793]]], [[[4.33472, 48.9682], [4.3345, 48.96772], [4.33424, 48.96746], [4.33385, 48.968], [4.33472, 48.9682]]], [[[4.33473, 48.97438], [4.33283, 48.97435], [4.33209, 48.97542], [4.33179, 48.97686], [4.33473, 48.97438]]], [[[4.38518, 48.91345], [4.38536, 48.91262], [4.38537, 48.91259], [4.38497, 48.9134], [4.38518, 48.91345]]], [[[4.3742, 48.91918], [4.37316, 48.91948], [4.37282, 48.91962], [4.37367, 48.91945], [4.3742, 48.91918]]], [[[4.37745, 48.93284], [4.37739, 48.93283], [4.37741, 48.93291], [4.37745, 48.93284]]], [[[4.37545, 48.9355], [4.37794, 48.93348], [4.37743, 48.93311], [4.37746, 48.93357], [4.3768, 48.93393], [4.3765, 48.93455], [4.37532, 48.93515], [4.37545, 48.9355]]], [[[4.40171, 48.91584], [4.40263, 48.91708], [4.40239, 48.91734], [4.40263, 48.91735], [4.40324, 48.91701], [4.40312, 48.91621], [4.40396, 48.91579], [4.40493, 48.91572], [4.40549, 48.91626], [4.40912, 48.91522], [4.40631, 48.91344], [4.40205, 48.91554], [4.40171, 48.91584]]], [[[4.35083, 49.08288], [4.35084, 49.08289], [4.35083, 49.08284], [4.35083, 49.08288]]], [[[4.35081, 49.08275], [4.35081, 49.08275], [4.35081, 49.08275], [4.35081, 49.08275]]], [[[4.31754, 49.1288], [4.31619, 49.12843], [4.31476, 49.12821], [4.31448, 49.12892], [4.31363, 49.12918], [4.31431, 49.12958], [4.31622, 49.12932], [4.31715, 49.12967], [4.31729, 49.13001], [4.31754, 49.1288]]], [[[4.31966, 49.12895], [4.3186, 49.12902], [4.31912, 49.1308], [4.31875, 49.13171], [4.31902, 49.13196], [4.3211, 49.13235], [4.32212, 49.13227], [4.32464, 49.12971], [4.31966, 49.12895]]], [[[4.30428, 49.1304], [4.30337, 49.13019], [4.29145, 49.13401], [4.27863, 49.13575], [4.27651, 49.13705], [4.27965, 49.13605], [4.2827, 49.13537], [4.28618, 49.13489], [4.28963, 49.13471], [4.29493, 49.13497], [4.30852, 49.137], [4.31067, 49.13698], [4.31291, 49.13652], [4.31265, 49.13616], [4.31275, 49.13485], [4.31176, 49.1334], [4.31192, 49.1329], [4.30869, 49.13212], [4.30813, 49.13259], [4.30735, 49.13263], [4.3041, 49.13141], [4.30385, 49.13097], [4.30428, 49.1304]], [[4.30852, 49.13426], [4.30786, 49.13438], [4.30727, 49.13416], [4.30709, 49.13373], [4.30742, 49.13334], [4.30807, 49.13322], [4.30867, 49.13344], [4.30885, 49.13387], [4.30852, 49.13426]]], [[[4.30928, 49.13133], [4.30886, 49.13159], [4.31075, 49.13204], [4.31049, 49.13176], [4.31055, 49.13139], [4.30928, 49.13133]]], [[[4.31802, 49.13889], [4.32003, 49.14108], [4.32102, 49.14118], [4.32351, 49.13987], [4.32395, 49.13938], [4.32462, 49.13929], [4.32553, 49.13881], [4.32515, 49.13813], [4.32592, 49.13769], [4.32569, 49.13738], [4.32439, 49.137], [4.32431, 49.1364], [4.32335, 49.13608], [4.32321, 49.13572], [4.32344, 49.13526], [4.32413, 49.13501], [4.32536, 49.13523], [4.32582, 49.13552], [4.32589, 49.13597], [4.32666, 49.13539], [4.32767, 49.13549], [4.32773, 49.1351], [4.32866, 49.13431], [4.31901, 49.13252], [4.31888, 49.13348], [4.3186, 49.13381], [4.31865, 49.13522], [4.32085, 49.13627], [4.3211, 49.13672], [4.32016, 49.13778], [4.31967, 49.13796], [4.31909, 49.13788], [4.31861, 49.13857], [4.31802, 49.13889]]], [[[4.31776, 49.13409], [4.31772, 49.13415], [4.31776, 49.13417], [4.31776, 49.13409]]], [[[4.3153, 49.13524], [4.31604, 49.13468], [4.31683, 49.13361], [4.31638, 49.13359], [4.3153, 49.13524]]], [[[4.3089, 49.12746], [4.30888, 49.12741], [4.30871, 49.12738], [4.3089, 49.12746]]], [[[4.32683, 49.13799], [4.32706, 49.13801], [4.32672, 49.13792], [4.32683, 49.13799]]], [[[4.32924, 49.13773], [4.32614, 49.13919], [4.32654, 49.13947], [4.32658, 49.13984], [4.3262, 49.14022], [4.3256, 49.14035], [4.32664, 49.14093], [4.32678, 49.14148], [4.32639, 49.1419], [4.32572, 49.14206], [4.32463, 49.1418], [4.32367, 49.14127], [4.32351, 49.14056], [4.32175, 49.14149], [4.32198, 49.14202], [4.32148, 49.1426], [4.32464, 49.14664], [4.32549, 49.14633], [4.32635, 49.1467], [4.32636, 49.14722], [4.32551, 49.14776], [4.3258, 49.14812], [4.33367, 49.15448], [4.33459, 49.15442], [4.33585, 49.15479], [4.33619, 49.15519], [4.33709, 49.1554], [4.33841, 49.15422], [4.33905, 49.15424], [4.34019, 49.15475], [4.34059, 49.15454], [4.34116, 49.15453], [4.34277, 49.15542], [4.34273, 49.15578], [4.34202, 49.15646], [4.34478, 49.15465], [4.35181, 49.14903], [4.35966, 49.14479], [4.36142, 49.14364], [4.36171, 49.14319], [4.36033, 49.14299], [4.35976, 49.14255], [4.35817, 49.14222], [4.35758, 49.14254], [4.35667, 49.1424], [4.35628, 49.14173], [4.35648, 49.14105], [4.35694, 49.14076], [4.35763, 49.14077], [4.35748, 49.14059], [4.35692, 49.14067], [4.35565, 49.14039], [4.35526, 49.13979], [4.3545, 49.13943], [4.35165, 49.13928], [4.35145, 49.13964], [4.35098, 49.13984], [4.3498, 49.13964], [4.34936, 49.1392], [4.34946, 49.13874], [4.34982, 49.13845], [4.34957, 49.13795], [4.34849, 49.13778], [4.34434, 49.13908], [4.34257, 49.13931], [4.344, 49.13951], [4.3461, 49.1408], [4.34638, 49.14117], [4.34626, 49.1415], [4.34667, 49.14146], [4.34692, 49.14165], [4.34611, 49.14267], [4.34552, 49.14279], [4.34469, 49.14387], [4.34544, 49.14421], [4.34569, 49.14485], [4.34547, 49.14529], [4.34481, 49.1454], [4.34368, 49.14506], [4.34346, 49.14455], [4.34038, 49.14361], [4.33965, 49.1424], [4.33924, 49.14302], [4.33892, 49.14313], [4.33596, 49.14261], [4.33376, 49.14184], [4.33344, 49.1415], [4.3337, 49.14099], [4.33317, 49.14085], [4.33262, 49.14141], [4.33076, 49.14104], [4.33051, 49.14133], [4.33005, 49.14133], [4.32988, 49.14103], [4.33057, 49.13996], [4.33153, 49.13968], [4.33142, 49.13889], [4.32971, 49.1373], [4.32924, 49.13773]], [[4.34805, 49.14298], [4.34714, 49.14295], [4.34677, 49.14241], [4.34749, 49.14178], [4.34833, 49.14157], [4.34889, 49.14179], [4.34912, 49.14226], [4.34805, 49.14298]]], [[[4.3306, 49.13707], [4.33219, 49.1387], [4.3323, 49.13992], [4.33364, 49.13977], [4.33359, 49.139], [4.33404, 49.13869], [4.34006, 49.13801], [4.34175, 49.13886], [4.34402, 49.13858], [4.34758, 49.13746], [4.33721, 49.13335], [4.33371, 49.13519], [4.33332, 49.13566], [4.33264, 49.13576], [4.33173, 49.13624], [4.33136, 49.13668], [4.3306, 49.13707]]], [[[4.33411, 49.13419], [4.33644, 49.13306], [4.32986, 49.13056], [4.32753, 49.1301], [4.32595, 49.12992], [4.32523, 49.13009], [4.32271, 49.13265], [4.32749, 49.13352], [4.32757, 49.13287], [4.32841, 49.13262], [4.33047, 49.13298], [4.33085, 49.13349], [4.33144, 49.13382], [4.33194, 49.13352], [4.3325, 49.13347], [4.33378, 49.13389], [4.33411, 49.13419]]], [[[4.30685, 49.30099], [4.30649, 49.30045], [4.30534, 49.30058], [4.3029, 49.30125], [4.30399, 49.30149], [4.30437, 49.30135], [4.30524, 49.30139], [4.30685, 49.30099]]], [[[4.30786, 49.3012], [4.30775, 49.30116], [4.30784, 49.30123], [4.30786, 49.3012]]], [[[4.31331, 49.30261], [4.31385, 49.30239], [4.31354, 49.3019], [4.31332, 49.30191], [4.31331, 49.30261]]], [[[4.31471, 49.30133], [4.31545, 49.30149], [4.31671, 49.3014], [4.31725, 49.3016], [4.31793, 49.3015], [4.3191, 49.30173], [4.31844, 49.30062], [4.31786, 49.30099], [4.3171, 49.30087], [4.31673, 49.3011], [4.31604, 49.30101], [4.31569, 49.30045], [4.31649, 49.30017], [4.31563, 49.29992], [4.31471, 49.30133]]], [[[4.3176, 49.3003], [4.31756, 49.30029], [4.31756, 49.3003], [4.3176, 49.3003]]], [[[4.31972, 49.3002], [4.31918, 49.30038], [4.31951, 49.30093], [4.32004, 49.30043], [4.31972, 49.3002]]], [[[4.32073, 49.29943], [4.3205, 49.29969], [4.32106, 49.29934], [4.32073, 49.29943]]], [[[4.32144, 49.29865], [4.3215, 49.29863], [4.3215, 49.29863], [4.32144, 49.29865]]], [[[4.32389, 49.30075], [4.32298, 49.30118], [4.32442, 49.30069], [4.32429, 49.30001], [4.32402, 49.29986], [4.32389, 49.30075]]], [[[4.32666, 49.30284], [4.32664, 49.30284], [4.32666, 49.30286], [4.32666, 49.30284]]], [[[4.32681, 49.30096], [4.33065, 49.3108], [4.33263, 49.31403], [4.34738, 49.32899], [4.35258, 49.32551], [4.35231, 49.32492], [4.35349, 49.32383], [4.35469, 49.32375], [4.35556, 49.32431], [4.35558, 49.32473], [4.35489, 49.32543], [4.35355, 49.32562], [4.34785, 49.32945], [4.35009, 49.33139], [4.35299, 49.33334], [4.36806, 49.34082], [4.36926, 49.34155], [4.37105, 49.34314], [4.37151, 49.34179], [4.36974, 49.33852], [4.36953, 49.335], [4.36832, 49.33104], [4.36698, 49.32778], [4.36496, 49.32413], [4.36491, 49.32315], [4.3657, 49.32131], [4.36508, 49.31935], [4.36573, 49.31816], [4.35934, 49.31601], [4.35846, 49.31719], [4.35804, 49.31724], [4.35777, 49.317], [4.3587, 49.31564], [4.35921, 49.31538], [4.36603, 49.31765], [4.37092, 49.30958], [4.37124, 49.30893], [4.37073, 49.30751], [4.37049, 49.30529], [4.37088, 49.30017], [4.37008, 49.29639], [4.36856, 49.29644], [4.36786, 49.29582], [4.36807, 49.297], [4.36777, 49.29753], [4.36449, 49.29835], [4.36413, 49.29882], [4.36341, 49.29902], [4.36257, 49.29864], [4.36128, 49.29703], [4.36042, 49.29706], [4.36, 49.29681], [4.35984, 49.29636], [4.35941, 49.29648], [4.35082, 49.29948], [4.35144, 49.29997], [4.35144, 49.30044], [4.3506, 49.30118], [4.34921, 49.30161], [4.34942, 49.30233], [4.34857, 49.30273], [4.3477, 49.30251], [4.34702, 49.30137], [4.34713, 49.30096], [4.34781, 49.30056], [4.3476, 49.30013], [4.34244, 49.30035], [4.34197, 49.30024], [4.33372, 49.30039], [4.33203, 49.30056], [4.33144, 49.30045], [4.33145, 49.30134], [4.33045, 49.30165], [4.3297, 49.30139], [4.32946, 49.3006], [4.32911, 49.30062], [4.32889, 49.30108], [4.32822, 49.30127], [4.3276, 49.30115], [4.32724, 49.30071], [4.32681, 49.30096]]], [[[4.33298, 49.2998], [4.33455, 49.29984], [4.33481, 49.29937], [4.33597, 49.29902], [4.33679, 49.29927], [4.33696, 49.29981], [4.33892, 49.29977], [4.33904, 49.2994], [4.33952, 49.29916], [4.33989, 49.29813], [4.34196, 49.29782], [4.34359, 49.29823], [4.34398, 49.29925], [4.34445, 49.29905], [4.34524, 49.29904], [4.34571, 49.29925], [4.34587, 49.29964], [4.34907, 49.29943], [4.35891, 49.29605], [4.35939, 49.29578], [4.3591, 49.29514], [4.35949, 49.29457], [4.35873, 49.29412], [4.35113, 49.29571], [4.35081, 49.29558], [4.34992, 49.29425], [4.34836, 49.29435], [4.34759, 49.29479], [4.34619, 49.29469], [4.34601, 49.29521], [4.34557, 49.29542], [4.34545, 49.29607], [4.3443, 49.29641], [4.34327, 49.29605], [4.34254, 49.29639], [4.34122, 49.29617], [4.34002, 49.29632], [4.33945, 49.296], [4.33877, 49.29598], [4.33671, 49.29501], [4.33613, 49.29527], [4.33508, 49.29515], [4.33452, 49.29553], [4.33468, 49.29585], [4.33437, 49.29613], [4.33392, 49.29623], [4.33315, 49.29606], [4.33337, 49.29659], [4.33308, 49.29689], [4.331, 49.29698], [4.3345, 49.29862], [4.33458, 49.29891], [4.33424, 49.29907], [4.33045, 49.29738], [4.32982, 49.29764], [4.32901, 49.29737], [4.32797, 49.2977], [4.32698, 49.29758], [4.32644, 49.29726], [4.32586, 49.29729], [4.32638, 49.29795], [4.32583, 49.29867], [4.3262, 49.29897], [4.32694, 49.29886], [4.32744, 49.29853], [4.32838, 49.2984], [4.32907, 49.29886], [4.32984, 49.2989], [4.33086, 49.29939], [4.33252, 49.29939], [4.33298, 49.2998]]], [[[4.3258, 49.29657], [4.32685, 49.29665], [4.32782, 49.29705], [4.32906, 49.29674], [4.32642, 49.29552], [4.32577, 49.29558], [4.32601, 49.29598], [4.3258, 49.29657]]], [[[4.32504, 49.29486], [4.32515, 49.29503], [4.3254, 49.29504], [4.32504, 49.29486]]], [[[4.32028, 49.29394], [4.3209, 49.29368], [4.31894, 49.29347], [4.31992, 49.29446], [4.32028, 49.29394]]], [[[4.31142, 49.29656], [4.31219, 49.29618], [4.31065, 49.29655], [4.31142, 49.29656]]], [[[4.36989, 48.93901], [4.36984, 48.93902], [4.36986, 48.93906], [4.36989, 48.93901]]], [[[4.36818, 48.93941], [4.36749, 48.93946], [4.36756, 48.93959], [4.36818, 48.93941]]], [[[4.33589, 48.98842], [4.33727, 48.98925], [4.33779, 48.98934], [4.33828, 48.98916], [4.33768, 48.98912], [4.33634, 48.98843], [4.33589, 48.98842]]], [[[4.33868, 48.98899], [4.3386, 48.98905], [4.33854, 48.98908], [4.33868, 48.98899]]], [[[4.33391, 48.9925], [4.3339, 48.99262], [4.33484, 48.9918], [4.33391, 48.9925]]], [[[4.33683, 48.98993], [4.33694, 48.98992], [4.33684, 48.98973], [4.33683, 48.98993]]], [[[4.3363, 48.98945], [4.33146, 48.98688], [4.33088, 48.98709], [4.32869, 48.98883], [4.32811, 48.98972], [4.33254, 48.99234], [4.33416, 48.99142], [4.33448, 48.99072], [4.3363, 48.98945]]], [[[4.33152, 48.99344], [4.33237, 48.99296], [4.33035, 48.99176], [4.33034, 48.99209], [4.33161, 48.99287], [4.33152, 48.99344]]], [[[4.33781, 48.99209], [4.33847, 48.99214], [4.3386, 48.99247], [4.33596, 48.99444], [4.33804, 48.99559], [4.33813, 48.99589], [4.33755, 48.99602], [4.33544, 48.99486], [4.33488, 48.99474], [4.33633, 48.99567], [4.33635, 48.99604], [4.33589, 48.99646], [4.33618, 48.99694], [4.335, 48.99795], [4.33404, 48.99798], [4.3341, 48.99811], [4.33486, 48.99816], [4.33556, 48.99868], [4.33549, 48.99905], [4.33474, 48.9997], [4.33722, 49.00093], [4.34136, 48.99569], [4.34035, 48.9961], [4.33979, 48.99613], [4.33922, 48.99581], [4.33923, 48.99534], [4.34006, 48.9949], [4.33994, 48.9945], [4.34028, 48.99413], [4.34165, 48.99395], [4.34222, 48.99403], [4.34235, 48.99381], [4.34115, 48.99251], [4.34113, 48.9919], [4.33771, 48.99024], [4.33632, 48.99139], [4.33705, 48.99147], [4.33781, 48.99209]]], [[[4.33097, 48.99623], [4.33048, 48.99649], [4.33113, 48.99695], [4.3321, 48.99691], [4.33097, 48.99623]]], [[[4.33373, 48.99421], [4.33391, 48.99424], [4.33399, 48.99426], [4.33373, 48.99421]]], [[[4.36962, 49.04914], [4.37069, 49.04847], [4.37123, 49.04854], [4.37182, 49.04903], [4.37244, 49.04858], [4.37322, 49.04862], [4.37372, 49.0489], [4.37415, 49.04955], [4.37346, 49.05041], [4.37914, 49.05213], [4.37918, 49.04876], [4.37878, 49.04747], [4.37797, 49.04609], [4.37683, 49.04482], [4.37525, 49.04361], [4.37308, 49.04244], [4.37118, 49.04173], [4.36825, 49.04109], [4.36169, 49.04045], [4.35053, 49.03771], [4.34671, 49.03914], [4.34187, 49.04024], [4.35406, 49.04389], [4.36264, 49.04594], [4.36334, 49.04628], [4.36399, 49.04705], [4.36962, 49.04914]]], [[[4.3722, 49.05077], [4.36375, 49.0476], [4.3623, 49.04643], [4.35205, 49.04392], [4.34189, 49.04088], [4.34087, 49.04038], [4.33084, 49.04137], [4.32416, 49.04273], [4.32541, 49.04446], [4.33167, 49.05011], [4.33663, 49.0553], [4.33716, 49.0563], [4.3378, 49.05883], [4.33952, 49.06254], [4.34417, 49.05825], [4.34751, 49.05677], [4.35072, 49.05456], [4.35324, 49.05215], [4.35422, 49.04903], [4.35457, 49.04888], [4.35496, 49.04903], [4.35379, 49.05266], [4.35095, 49.05526], [4.34923, 49.0565], [4.34478, 49.05862], [4.33981, 49.06322], [4.34138, 49.06644], [4.34234, 49.071], [4.34694, 49.07512], [4.37048, 49.06667], [4.37266, 49.06557], [4.37471, 49.06401], [4.37575, 49.06258], [4.37719, 49.05974], [4.37666, 49.05964], [4.37594, 49.0592], [4.37602, 49.05857], [4.37527, 49.05825], [4.37478, 49.05739], [4.3758, 49.05611], [4.37633, 49.05598], [4.37717, 49.05607], [4.37819, 49.05387], [4.37761, 49.05374], [4.37727, 49.05345], [4.37755, 49.05236], [4.37279, 49.0508], [4.3722, 49.05077]], [[4.34816, 49.04749], [4.3488, 49.04744], [4.34936, 49.04772], [4.34943, 49.04814], [4.34902, 49.04851], [4.34838, 49.04856], [4.34782, 49.04828], [4.34774, 49.04786], [4.34816, 49.04749]]], [[[4.37793, 49.05694], [4.37795, 49.05708], [4.37797, 49.05687], [4.37793, 49.05694]]], [[[4.3779, 49.05641], [4.37799, 49.05654], [4.37796, 49.05622], [4.3779, 49.05641]]], [[[4.3669, 49.06943], [4.36588, 49.06932], [4.35483, 49.07322], [4.36172, 49.0727], [4.36567, 49.07176], [4.36764, 49.07093], [4.36966, 49.06978], [4.37293, 49.06753], [4.37417, 49.06642], [4.36769, 49.06868], [4.3675, 49.06914], [4.3669, 49.06943]]], [[[4.36103, 49.11905], [4.36045, 49.11917], [4.36057, 49.11941], [4.36124, 49.11955], [4.36158, 49.11992], [4.3639, 49.12016], [4.36357, 49.1196], [4.3617, 49.11967], [4.36124, 49.11947], [4.36103, 49.11905]]], [[[4.36832, 49.12027], [4.36843, 49.12037], [4.36843, 49.12022], [4.36832, 49.12027]]], [[[4.36139, 49.11854], [4.36149, 49.11835], [4.36134, 49.11837], [4.36139, 49.11854]]], [[[4.36857, 49.11947], [4.36855, 49.11944], [4.36857, 49.11947], [4.36857, 49.11947]]], [[[4.35246, 49.12535], [4.35029, 49.1264], [4.35426, 49.12713], [4.35437, 49.12652], [4.35336, 49.12627], [4.35294, 49.12554], [4.35246, 49.12535]]], [[[4.35697, 49.12691], [4.35686, 49.12736], [4.35786, 49.12726], [4.36185, 49.12631], [4.36168, 49.12572], [4.36101, 49.1258], [4.35999, 49.12557], [4.35943, 49.12649], [4.3589, 49.12662], [4.35811, 49.1265], [4.35771, 49.12687], [4.35697, 49.12691]]], [[[4.36099, 49.12365], [4.3608, 49.12268], [4.36011, 49.12304], [4.35957, 49.12308], [4.36009, 49.12407], [4.36099, 49.12365]]], [[[4.35634, 49.12463], [4.35608, 49.12515], [4.35665, 49.12536], [4.3568, 49.12505], [4.35634, 49.12463]]], [[[4.36225, 49.1279], [4.36165, 49.12807], [4.36111, 49.12797], [4.36062, 49.12713], [4.35753, 49.12785], [4.35487, 49.1278], [4.35291, 49.13247], [4.35312, 49.13314], [4.35408, 49.13303], [4.35393, 49.13229], [4.35465, 49.1316], [4.35619, 49.1315], [4.35675, 49.13131], [4.35729, 49.1314], [4.35722, 49.13076], [4.35799, 49.13023], [4.359, 49.13027], [4.35955, 49.13059], [4.35972, 49.13111], [4.36111, 49.13095], [4.36074, 49.12988], [4.36009, 49.12951], [4.35998, 49.12912], [4.3613, 49.12859], [4.36248, 49.12857], [4.36225, 49.1279]]], [[[4.36281, 49.12972], [4.36281, 49.12972], [4.3628, 49.12972], [4.36281, 49.12972]]], [[[4.34899, 49.13559], [4.34822, 49.13329], [4.34855, 49.13287], [4.34957, 49.13248], [4.35027, 49.13243], [4.35082, 49.13212], [4.35219, 49.13215], [4.35407, 49.12765], [4.34949, 49.12683], [4.33789, 49.13298], [4.34418, 49.13541], [4.34482, 49.13515], [4.34554, 49.1353], [4.34594, 49.13563], [4.34586, 49.13606], [4.34643, 49.13627], [4.34754, 49.13539], [4.34899, 49.13559]]], [[[4.35008, 49.13738], [4.34968, 49.13741], [4.35018, 49.13735], [4.35008, 49.13738]]], [[[4.37839, 49.14323], [4.39405, 49.14743], [4.39626, 49.14852], [4.39556, 49.14753], [4.38857, 49.14128], [4.38759, 49.1401], [4.38698, 49.13802], [4.38696, 49.13656], [4.38904, 49.13232], [4.38774, 49.1302], [4.38753, 49.1305], [4.38594, 49.13127], [4.38415, 49.13101], [4.3822, 49.13122], [4.38184, 49.13151], [4.38119, 49.1316], [4.37994, 49.13113], [4.37921, 49.13272], [4.37946, 49.13305], [4.37936, 49.13342], [4.37702, 49.13445], [4.37658, 49.13503], [4.37555, 49.13529], [4.3747, 49.13608], [4.37381, 49.13762], [4.37342, 49.13788], [4.37342, 49.13909], [4.37292, 49.13937], [4.37217, 49.13935], [4.37205, 49.13951], [4.37237, 49.13975], [4.37312, 49.13981], [4.37316, 49.14027], [4.37384, 49.13988], [4.37467, 49.14007], [4.37492, 49.14046], [4.37469, 49.14085], [4.37513, 49.14116], [4.37525, 49.14152], [4.37606, 49.14109], [4.3765, 49.14105], [4.37725, 49.14128], [4.3777, 49.14188], [4.37855, 49.14197], [4.37909, 49.14267], [4.37839, 49.14323]], [[4.38447, 49.13288], [4.3838, 49.13303], [4.38307, 49.1328], [4.3829, 49.13239], [4.38326, 49.13188], [4.38388, 49.13177], [4.3846, 49.132], [4.38478, 49.13241], [4.38447, 49.13288]]], [[[4.38664, 49.12924], [4.3877, 49.13005], [4.38627, 49.12485], [4.38575, 49.12532], [4.38506, 49.12554], [4.38599, 49.12602], [4.38547, 49.1274], [4.38603, 49.1278], [4.38592, 49.12831], [4.38628, 49.12921], [4.38664, 49.12924]]], [[[4.38524, 49.12418], [4.38558, 49.12418], [4.38595, 49.12429], [4.38515, 49.12395], [4.38524, 49.12418]]], [[[4.38266, 49.12624], [4.38149, 49.12637], [4.38143, 49.12666], [4.38194, 49.12698], [4.38203, 49.12775], [4.38234, 49.12771], [4.38211, 49.12672], [4.38266, 49.12624]]], [[[4.38024, 49.12786], [4.3802, 49.12782], [4.38016, 49.12786], [4.38024, 49.12786]]], [[[4.37914, 49.12889], [4.37919, 49.12889], [4.37917, 49.12886], [4.37914, 49.12889]]], [[[4.37683, 49.12982], [4.37859, 49.12846], [4.37538, 49.12875], [4.37554, 49.12947], [4.37637, 49.12947], [4.37683, 49.12982]]], [[[4.37434, 49.12825], [4.37928, 49.12772], [4.37972, 49.12714], [4.37959, 49.12623], [4.37878, 49.12598], [4.3719, 49.12681], [4.37228, 49.12709], [4.37244, 49.12762], [4.37229, 49.12797], [4.37186, 49.12818], [4.37199, 49.12846], [4.37237, 49.12807], [4.37341, 49.12791], [4.37397, 49.12797], [4.37434, 49.12825]]], [[[4.36755, 49.12658], [4.36821, 49.12671], [4.37752, 49.12558], [4.37612, 49.12514], [4.37178, 49.12568], [4.37103, 49.12598], [4.37016, 49.12595], [4.36856, 49.12626], [4.36792, 49.1262], [4.3675, 49.12638], [4.36755, 49.12658]]], [[[4.3719, 49.12505], [4.37343, 49.12493], [4.37293, 49.12322], [4.37137, 49.12351], [4.37182, 49.12411], [4.37168, 49.12467], [4.3719, 49.12505]]], [[[4.3701, 49.12415], [4.37056, 49.12361], [4.36954, 49.12372], [4.36905, 49.12361], [4.36762, 49.12409], [4.36861, 49.12397], [4.36936, 49.12424], [4.3701, 49.12415]]], [[[4.3798, 49.12339], [4.37984, 49.12404], [4.38254, 49.12372], [4.38087, 49.12265], [4.3798, 49.12339]]], [[[4.37642, 49.12216], [4.37739, 49.12165], [4.37447, 49.12155], [4.37492, 49.12233], [4.37642, 49.12216]]], [[[4.37658, 49.12279], [4.37657, 49.1227], [4.37643, 49.12273], [4.37658, 49.12279]]], [[[4.37207, 49.12152], [4.37181, 49.12144], [4.37141, 49.1218], [4.36849, 49.12167], [4.3662, 49.12107], [4.36375, 49.12095], [4.36261, 49.12065], [4.36114, 49.1209], [4.362, 49.1239], [4.36337, 49.12373], [4.36411, 49.12342], [4.36406, 49.12303], [4.36435, 49.12272], [4.3653, 49.12254], [4.36584, 49.12263], [4.36637, 49.12208], [4.36931, 49.12223], [4.3698, 49.12242], [4.37122, 49.12228], [4.37204, 49.12197], [4.37207, 49.12152]]], [[[4.36326, 49.12438], [4.36214, 49.12443], [4.36266, 49.12622], [4.36362, 49.1261], [4.36326, 49.12438]]], [[[4.36549, 49.12662], [4.36281, 49.12675], [4.36297, 49.12734], [4.36556, 49.12687], [4.36549, 49.12662]]], [[[4.36412, 49.12784], [4.36312, 49.12787], [4.3636, 49.12958], [4.36467, 49.12949], [4.36412, 49.12784]]], [[[4.36601, 49.1301], [4.36488, 49.13001], [4.3652, 49.13065], [4.36608, 49.13035], [4.36601, 49.1301]]], [[[4.3654, 49.13262], [4.36593, 49.13323], [4.36667, 49.13318], [4.36664, 49.13226], [4.36489, 49.13246], [4.3654, 49.13262]]], [[[4.35062, 49.13471], [4.35152, 49.13482], [4.35057, 49.13451], [4.35062, 49.13471]]], [[[4.35265, 49.13542], [4.35263, 49.13531], [4.35259, 49.13532], [4.35265, 49.13542]]], [[[4.35808, 49.1317], [4.35808, 49.13169], [4.35801, 49.1317], [4.35808, 49.1317]]], [[[4.35784, 49.13168], [4.35784, 49.13169], [4.35792, 49.13169], [4.35784, 49.13168]]], [[[4.36239, 49.13399], [4.36228, 49.13346], [4.3621, 49.13372], [4.36239, 49.13399]]], [[[4.36238, 49.13269], [4.36189, 49.13281], [4.36218, 49.13302], [4.36225, 49.13283], [4.36238, 49.13269]]], [[[4.3618, 49.14148], [4.36176, 49.14114], [4.36163, 49.14115], [4.3614, 49.14129], [4.3618, 49.14148]]], [[[4.37465, 49.13275], [4.37517, 49.13226], [4.37487, 49.13132], [4.37153, 49.1316], [4.372, 49.13197], [4.37193, 49.13261], [4.37393, 49.13243], [4.37441, 49.13265], [4.37469, 49.13309], [4.37465, 49.13275]]], [[[4.36912, 49.13194], [4.36883, 49.13192], [4.36891, 49.13214], [4.36901, 49.13202], [4.36912, 49.13194]]], [[[4.36826, 49.13048], [4.36793, 49.13147], [4.3725, 49.13094], [4.37072, 49.13047], [4.37029, 49.12936], [4.369, 49.12952], [4.36814, 49.12984], [4.36826, 49.13048]]], [[[4.37339, 49.12922], [4.3711, 49.12927], [4.37132, 49.13009], [4.37297, 49.13049], [4.37379, 49.12975], [4.37339, 49.12922]]], [[[4.37357, 49.13389], [4.37338, 49.13421], [4.37453, 49.13362], [4.37449, 49.13352], [4.37357, 49.13389]]], [[[4.37157, 49.1339], [4.3716, 49.13395], [4.37157, 49.13389], [4.37157, 49.1339]]], [[[4.36726, 49.14109], [4.36758, 49.14135], [4.36843, 49.14093], [4.36764, 49.1409], [4.36726, 49.14109]]], [[[4.36944, 49.13294], [4.36888, 49.1325], [4.36858, 49.13297], [4.36944, 49.13294]]], [[[4.37005, 49.14274], [4.37033, 49.14266], [4.36977, 49.14258], [4.37005, 49.14274]]], [[[4.38598, 49.27142], [4.38605, 49.27288], [4.3854, 49.27312], [4.38494, 49.2736], [4.38551, 49.27509], [4.38546, 49.27554], [4.38576, 49.27518], [4.38617, 49.27513], [4.38633, 49.2747], [4.38675, 49.27446], [4.38618, 49.27383], [4.38692, 49.27268], [4.3884, 49.27204], [4.3879, 49.27166], [4.38798, 49.27099], [4.38598, 49.27142]]], [[[4.39038, 49.26948], [4.39026, 49.26936], [4.38986, 49.26977], [4.39038, 49.26948]]], [[[4.3918, 49.26824], [4.39158, 49.26863], [4.39194, 49.26873], [4.40424, 49.25188], [4.40402, 49.25125], [4.40415, 49.25068], [4.40519, 49.25013], [4.40536, 49.24967], [4.40449, 49.24973], [4.40396, 49.2493], [4.40359, 49.25019], [4.40271, 49.25072], [4.40252, 49.25137], [4.40129, 49.25198], [4.40004, 49.25165], [4.39926, 49.25239], [4.39718, 49.25335], [4.39613, 49.2546], [4.39663, 49.25517], [4.39653, 49.25569], [4.39696, 49.25577], [4.39714, 49.25602], [4.39662, 49.25687], [4.39705, 49.25863], [4.39641, 49.259], [4.39595, 49.25902], [4.3957, 49.25938], [4.39609, 49.2596], [4.39611, 49.25998], [4.39553, 49.26056], [4.39501, 49.26084], [4.39435, 49.26071], [4.39396, 49.26099], [4.3941, 49.26152], [4.39368, 49.26257], [4.39462, 49.26282], [4.3948, 49.26339], [4.39355, 49.26443], [4.39242, 49.26498], [4.39286, 49.2654], [4.39212, 49.26591], [4.39248, 49.26785], [4.3918, 49.26824]], [[4.39831, 49.2537], [4.39862, 49.25408], [4.39843, 49.25452], [4.39786, 49.25471], [4.39719, 49.25458], [4.3969, 49.25419], [4.39712, 49.25376], [4.39771, 49.25358], [4.39831, 49.2537]]], [[[4.40824, 49.24712], [4.40721, 49.24786], [4.40752, 49.24813], [4.40824, 49.24712]]], [[[4.40769, 49.24663], [4.40782, 49.24665], [4.40767, 49.24658], [4.40769, 49.24663]]], [[[4.40634, 49.24778], [4.40649, 49.24756], [4.40608, 49.24758], [4.40634, 49.24778]]], [[[4.36577, 49.28815], [4.36666, 49.28798], [4.36686, 49.28746], [4.36646, 49.28682], [4.3655, 49.28729], [4.36581, 49.28763], [4.36577, 49.28815]]], [[[4.37142, 49.29731], [4.3717, 49.30016], [4.37131, 49.3053], [4.37155, 49.30745], [4.37207, 49.30899], [4.3659, 49.31942], [4.36653, 49.32134], [4.36569, 49.32348], [4.36585, 49.32425], [4.36777, 49.32761], [4.36913, 49.33091], [4.37035, 49.33493], [4.37055, 49.33841], [4.37171, 49.34084], [4.37291, 49.3423], [4.3753, 49.34261], [4.37539, 49.34227], [4.3758, 49.34201], [4.37636, 49.34198], [4.37694, 49.34219], [4.37701, 49.34206], [4.37721, 49.33548], [4.38126, 49.33206], [4.3827, 49.32591], [4.38553, 49.32068], [4.38744, 49.31804], [4.38741, 49.31773], [4.38787, 49.31761], [4.39057, 49.31512], [4.39256, 49.31263], [4.39619, 49.31033], [4.39908, 49.30464], [4.39782, 49.30428], [4.39745, 49.30375], [4.39646, 49.30337], [4.39576, 49.30332], [4.39511, 49.3029], [4.39446, 49.30308], [4.39384, 49.30291], [4.39355, 49.30249], [4.394, 49.30181], [4.394, 49.30138], [4.39097, 49.30047], [4.38892, 49.30276], [4.38809, 49.30313], [4.38556, 49.30745], [4.38377, 49.30963], [4.38327, 49.30973], [4.38305, 49.30938], [4.38482, 49.30721], [4.38736, 49.30287], [4.38824, 49.30245], [4.39022, 49.30024], [4.38653, 49.29913], [4.38627, 49.29944], [4.38585, 49.29948], [4.38561, 49.29925], [4.38578, 49.29891], [4.37261, 49.29494], [4.37179, 49.29703], [4.37142, 49.29731]]], [[[4.37252, 49.29395], [4.37291, 49.29444], [4.3935, 49.30063], [4.39373, 49.30021], [4.39356, 49.29997], [4.39284, 49.29992], [4.39255, 49.30012], [4.39192, 49.30011], [4.39161, 49.29978], [4.3904, 49.29941], [4.39027, 49.29914], [4.39057, 49.2988], [4.38995, 49.29865], [4.38875, 49.29883], [4.38761, 49.29826], [4.38715, 49.29763], [4.38617, 49.29719], [4.38632, 49.29655], [4.38491, 49.29597], [4.38387, 49.2949], [4.38316, 49.29478], [4.3816, 49.2937], [4.38027, 49.2936], [4.3792, 49.29421], [4.37719, 49.29464], [4.37573, 49.29412], [4.37345, 49.29379], [4.37318, 49.29352], [4.37252, 49.29395]]], [[[4.39533, 49.29922], [4.3959, 49.29979], [4.39549, 49.30072], [4.39675, 49.30044], [4.39793, 49.30054], [4.39871, 49.30089], [4.39934, 49.30095], [4.39978, 49.30078], [4.40079, 49.30078], [4.39736, 49.29918], [4.39638, 49.29912], [4.39575, 49.29884], [4.39533, 49.29922]]], [[[4.40166, 49.30097], [4.40103, 49.30084], [4.40144, 49.30115], [4.40205, 49.30137], [4.40289, 49.30117], [4.40385, 49.30148], [4.40389, 49.30115], [4.40308, 49.30083], [4.40166, 49.30097]]], [[[4.40539, 49.30158], [4.40471, 49.30119], [4.40452, 49.30199], [4.40545, 49.3023], [4.40602, 49.30211], [4.40691, 49.30221], [4.40749, 49.30269], [4.40703, 49.30344], [4.40542, 49.30353], [4.40548, 49.30431], [4.40629, 49.30496], [4.40564, 49.30565], [4.41423, 49.31031], [4.43085, 49.32039], [4.43217, 49.31138], [4.43213, 49.30881], [4.43145, 49.30302], [4.43138, 49.30284], [4.43086, 49.30282], [4.43062, 49.30259], [4.43119, 49.30226], [4.42918, 49.3023], [4.42806, 49.30206], [4.42776, 49.30179], [4.42593, 49.30148], [4.42568, 49.30201], [4.42536, 49.30217], [4.42455, 49.30195], [4.4238, 49.3022], [4.42336, 49.3019], [4.42256, 49.30226], [4.42194, 49.30212], [4.42171, 49.30255], [4.42102, 49.30293], [4.42053, 49.30288], [4.42018, 49.30254], [4.41979, 49.30281], [4.41882, 49.30294], [4.41625, 49.30272], [4.41539, 49.30209], [4.41469, 49.30238], [4.41377, 49.30226], [4.41307, 49.30247], [4.41076, 49.30193], [4.40968, 49.30225], [4.40843, 49.30212], [4.40828, 49.30237], [4.40783, 49.30245], [4.40721, 49.30208], [4.40539, 49.30158]], [[4.4251, 49.3136], [4.42517, 49.31319], [4.42577, 49.31283], [4.42641, 49.31288], [4.42688, 49.31324], [4.42682, 49.31366], [4.42621, 49.31401], [4.42558, 49.31396], [4.4251, 49.3136]]], [[[4.43395, 49.30278], [4.43267, 49.30273], [4.43285, 49.30309], [4.43228, 49.30321], [4.43295, 49.30877], [4.433, 49.31138], [4.43158, 49.32084], [4.45456, 49.33478], [4.46369, 49.343], [4.46414, 49.34275], [4.46499, 49.34271], [4.46558, 49.34297], [4.46572, 49.34344], [4.46627, 49.34322], [4.46683, 49.34325], [4.46735, 49.34363], [4.46743, 49.34407], [4.46936, 49.34486], [4.46952, 49.34536], [4.46886, 49.34584], [4.4693, 49.34614], [4.46996, 49.34583], [4.46964, 49.34371], [4.47026, 49.34238], [4.47204, 49.3366], [4.47332, 49.33412], [4.47626, 49.3306], [4.4783, 49.32919], [4.48181, 49.32541], [4.48313, 49.32336], [4.48351, 49.32161], [4.48587, 49.31595], [4.48894, 49.31225], [4.48938, 49.31108], [4.48632, 49.30986], [4.48404, 49.30814], [4.48223, 49.30753], [4.4809, 49.30664], [4.47792, 49.30556], [4.47777, 49.30461], [4.47752, 49.30449], [4.47652, 49.30444], [4.4757, 49.30407], [4.47521, 49.3041], [4.47367, 49.3034], [4.47287, 49.30411], [4.47235, 49.30426], [4.47152, 49.30411], [4.47026, 49.30343], [4.46872, 49.3036], [4.46622, 49.30347], [4.46519, 49.30362], [4.46446, 49.30268], [4.46393, 49.3024], [4.46383, 49.30201], [4.46316, 49.302], [4.46264, 49.30231], [4.46197, 49.30218], [4.45986, 49.30095], [4.45915, 49.30113], [4.45786, 49.30107], [4.45745, 49.30087], [4.45655, 49.30091], [4.45613, 49.30111], [4.4553, 49.30094], [4.45501, 49.30064], [4.45454, 49.30081], [4.45428, 49.30175], [4.45569, 49.30164], [4.45603, 49.30192], [4.45575, 49.30216], [4.45447, 49.30228], [4.45481, 49.30398], [4.45404, 49.31074], [4.45368, 49.31099], [4.45321, 49.31073], [4.45399, 49.30395], [4.45349, 49.30191], [4.45217, 49.30273], [4.45174, 49.30253], [4.45194, 49.30213], [4.45126, 49.30224], [4.44966, 49.30197], [4.44916, 49.30217], [4.44818, 49.30202], [4.44692, 49.30235], [4.44579, 49.30184], [4.44528, 49.3022], [4.44405, 49.30177], [4.44367, 49.30195], [4.44319, 49.30187], [4.44214, 49.30256], [4.44103, 49.30277], [4.44003, 49.30261], [4.43822, 49.30275], [4.4363, 49.30265], [4.43575, 49.30293], [4.4343, 49.30253], [4.43395, 49.30278]], [[4.44447, 49.30948], [4.44421, 49.30909], [4.44444, 49.30863], [4.44502, 49.30846], [4.44568, 49.30861], [4.44594, 49.30899], [4.44571, 49.30945], [4.44513, 49.30962], [4.44447, 49.30948]]], [[[4.46476, 49.34399], [4.46588, 49.34502], [4.46612, 49.34491], [4.46637, 49.34454], [4.46577, 49.34432], [4.4655, 49.3438], [4.46476, 49.34399]]], [[[4.48866, 49.31018], [4.48992, 49.31059], [4.48954, 49.31028], [4.48866, 49.31018]]], [[[4.48458, 49.30773], [4.48626, 49.309], [4.48686, 49.30841], [4.47905, 49.30451], [4.47911, 49.30479], [4.47852, 49.305], [4.47856, 49.30521], [4.48138, 49.30619], [4.48274, 49.3071], [4.48458, 49.30773]]], [[[4.47687, 49.30391], [4.47674, 49.30388], [4.47679, 49.30391], [4.47687, 49.30391]]], [[[4.47519, 49.30347], [4.47539, 49.30356], [4.47546, 49.30354], [4.47519, 49.30347]]], [[[4.47306, 49.30297], [4.46343, 49.30039], [4.46294, 49.30097], [4.462, 49.30096], [4.4615, 49.30058], [4.46168, 49.29993], [4.46025, 49.29959], [4.45698, 49.2994], [4.45655, 49.29986], [4.45568, 49.30024], [4.45578, 49.30041], [4.45763, 49.30031], [4.45864, 49.30058], [4.46013, 49.3004], [4.46078, 49.30087], [4.46163, 49.30112], [4.46241, 49.30171], [4.46307, 49.30138], [4.46404, 49.30134], [4.46448, 49.30156], [4.46465, 49.30211], [4.46573, 49.30297], [4.46869, 49.30305], [4.47038, 49.3029], [4.47097, 49.303], [4.47216, 49.30372], [4.47306, 49.30297]]], [[[4.45214, 49.30141], [4.45119, 49.30072], [4.45086, 49.30018], [4.44955, 49.3003], [4.44859, 49.29978], [4.44828, 49.29982], [4.44826, 49.30019], [4.44792, 49.30035], [4.44753, 49.30023], [4.44746, 49.29991], [4.43776, 49.30085], [4.43738, 49.30178], [4.43679, 49.30205], [4.43516, 49.30194], [4.43438, 49.3016], [4.43417, 49.30119], [4.43355, 49.30126], [4.43411, 49.30146], [4.43457, 49.30201], [4.43565, 49.30229], [4.43619, 49.30207], [4.43822, 49.30221], [4.44007, 49.30205], [4.44091, 49.30224], [4.4417, 49.30209], [4.44304, 49.30126], [4.4439, 49.30118], [4.44496, 49.30154], [4.44535, 49.30127], [4.44607, 49.30117], [4.4469, 49.30175], [4.4481, 49.3014], [4.44889, 49.30158], [4.44938, 49.3013], [4.45078, 49.30165], [4.45214, 49.30141]]], [[[4.42489, 49.30141], [4.42512, 49.30117], [4.4243, 49.30119], [4.42489, 49.30141]]], [[[4.42291, 49.30135], [4.42374, 49.30117], [4.42294, 49.30072], [4.42202, 49.30086], [4.42291, 49.30135]]], [[[4.42109, 49.30195], [4.42094, 49.30135], [4.42128, 49.30096], [4.41398, 49.30133], [4.41382, 49.3016], [4.41458, 49.3018], [4.41523, 49.30154], [4.41608, 49.30173], [4.41632, 49.30154], [4.41677, 49.30156], [4.41709, 49.30176], [4.417, 49.3022], [4.41892, 49.30236], [4.41941, 49.30232], [4.41987, 49.30201], [4.42088, 49.30211], [4.42109, 49.30195]]], [[[4.41171, 49.30112], [4.40705, 49.30015], [4.40621, 49.30011], [4.40695, 49.3005], [4.40665, 49.30117], [4.40747, 49.30127], [4.40795, 49.30162], [4.40852, 49.3014], [4.40966, 49.3017], [4.41052, 49.30139], [4.41111, 49.30144], [4.41128, 49.30119], [4.41171, 49.30112]]], [[[4.40535, 49.30031], [4.40556, 49.3002], [4.40528, 49.30027], [4.40535, 49.30031]]], [[[4.40328, 49.30027], [4.40394, 49.3006], [4.40579, 49.29674], [4.40736, 49.29113], [4.40772, 49.29091], [4.40818, 49.29119], [4.4068, 49.29637], [4.40516, 49.29972], [4.40698, 49.29959], [4.41036, 49.30034], [4.41498, 49.30079], [4.4201, 49.30054], [4.42272, 49.3002], [4.42312, 49.29914], [4.42382, 49.29882], [4.42602, 49.29906], [4.42651, 49.29898], [4.42682, 49.29861], [4.42735, 49.29849], [4.42828, 49.29862], [4.42976, 49.29854], [4.43045, 49.29887], [4.43126, 49.29883], [4.43143, 49.29708], [4.4294, 49.29692], [4.42903, 49.29664], [4.42901, 49.29619], [4.42931, 49.29587], [4.43023, 49.29557], [4.43057, 49.29496], [4.43184, 49.29488], [4.4319, 49.29384], [4.43292, 49.29191], [4.4352, 49.28934], [4.43058, 49.28745], [4.43046, 49.28711], [4.43101, 49.28699], [4.43562, 49.28887], [4.44191, 49.28089], [4.44656, 49.2781], [4.44615, 49.27788], [4.44623, 49.27758], [4.4466, 49.2775], [4.44707, 49.27768], [4.44809, 49.27616], [4.44985, 49.27423], [4.45024, 49.27415], [4.45109, 49.27445], [4.45426, 49.27355], [4.4686, 49.26874], [4.46892, 49.26829], [4.47127, 49.26791], [4.47839, 49.26764], [4.47859, 49.26613], [4.47651, 49.26188], [4.47417, 49.25866], [4.47125, 49.25601], [4.47081, 49.25527], [4.47018, 49.25259], [4.46865, 49.24855], [4.46794, 49.24351], [4.46742, 49.24157], [4.46646, 49.23955], [4.46574, 49.23953], [4.4653, 49.23922], [4.46528, 49.23879], [4.46567, 49.23841], [4.46503, 49.23834], [4.46423, 49.23789], [4.46358, 49.23809], [4.46381, 49.23865], [4.46349, 49.23945], [4.46309, 49.23971], [4.46245, 49.23978], [4.46182, 49.23956], [4.46164, 49.23913], [4.46192, 49.23843], [4.46261, 49.23802], [4.46151, 49.23793], [4.46048, 49.23812], [4.46003, 49.2379], [4.45986, 49.23755], [4.45857, 49.23784], [4.45738, 49.23783], [4.45756, 49.2386], [4.45714, 49.23884], [4.45676, 49.23866], [4.45656, 49.23787], [4.45357, 49.23809], [4.45345, 49.23852], [4.45265, 49.23878], [4.45259, 49.23922], [4.45191, 49.23964], [4.4513, 49.23968], [4.45082, 49.23949], [4.45043, 49.23857], [4.4477, 49.23895], [4.44569, 49.23959], [4.44456, 49.23974], [4.44355, 49.24011], [4.44291, 49.24006], [4.43801, 49.24143], [4.4339, 49.24233], [4.42231, 49.24377], [4.42881, 49.24863], [4.42886, 49.24888], [4.42857, 49.24905], [4.42817, 49.24897], [4.42137, 49.24389], [4.42019, 49.24423], [4.41921, 49.24415], [4.41344, 49.24485], [4.41225, 49.24514], [4.41509, 49.24669], [4.41668, 49.2464], [4.41868, 49.24689], [4.41895, 49.24734], [4.4188, 49.24769], [4.41746, 49.24805], [4.42342, 49.25183], [4.42736, 49.25407], [4.42741, 49.25437], [4.42663, 49.25489], [4.42613, 49.25472], [4.4258, 49.25393], [4.41657, 49.24823], [4.41589, 49.24784], [4.41516, 49.2477], [4.41483, 49.24726], [4.41158, 49.24548], [4.40984, 49.24632], [4.40842, 49.24814], [4.40907, 49.24841], [4.40937, 49.24877], [4.40912, 49.2495], [4.40996, 49.24968], [4.41033, 49.24996], [4.41035, 49.25032], [4.40991, 49.25077], [4.41093, 49.25126], [4.41152, 49.25128], [4.41228, 49.2516], [4.41258, 49.25197], [4.41495, 49.25298], [4.41503, 49.2533], [4.41451, 49.25343], [4.41303, 49.2528], [4.41251, 49.25322], [4.41179, 49.25325], [4.41117, 49.25299], [4.41054, 49.2524], [4.40992, 49.25244], [4.40929, 49.25218], [4.40908, 49.25162], [4.40779, 49.25165], [4.40734, 49.25207], [4.40649, 49.2521], [4.40579, 49.25257], [4.40481, 49.25235], [4.4016, 49.25675], [4.403, 49.25715], [4.40311, 49.25748], [4.40268, 49.25763], [4.40125, 49.25723], [4.39267, 49.26898], [4.39324, 49.26944], [4.39303, 49.27007], [4.39791, 49.27139], [4.41398, 49.27699], [4.41416, 49.27735], [4.4136, 49.27746], [4.39753, 49.27187], [4.39496, 49.27114], [4.39433, 49.27219], [4.39442, 49.27319], [4.39482, 49.2733], [4.39494, 49.27354], [4.39438, 49.27389], [4.39784, 49.27601], [4.40194, 49.27777], [4.40233, 49.27804], [4.40231, 49.27829], [4.40174, 49.27838], [4.39812, 49.27681], [4.39483, 49.27487], [4.39379, 49.2752], [4.39298, 49.275], [4.39274, 49.27602], [4.39122, 49.27714], [4.39089, 49.27806], [4.39143, 49.27837], [4.39142, 49.27884], [4.39015, 49.27944], [4.38981, 49.27939], [4.38966, 49.27915], [4.39035, 49.27721], [4.38962, 49.27717], [4.38921, 49.27684], [4.38903, 49.27727], [4.38778, 49.27817], [4.38655, 49.27869], [4.38239, 49.28536], [4.37898, 49.28774], [4.37892, 49.2887], [4.37788, 49.28944], [4.37781, 49.29053], [4.37725, 49.29089], [4.37696, 49.29152], [4.37644, 49.29177], [4.37481, 49.29183], [4.3747, 49.29252], [4.37418, 49.29326], [4.37533, 49.29335], [4.37739, 49.29402], [4.37881, 49.29365], [4.37998, 49.29301], [4.38188, 49.2931], [4.38347, 49.2941], [4.38452, 49.29444], [4.38569, 49.29562], [4.38726, 49.29622], [4.38721, 49.2969], [4.38811, 49.29727], [4.38823, 49.29758], [4.38879, 49.29767], [4.389, 49.29801], [4.3895, 49.29792], [4.39142, 49.29843], [4.39315, 49.29942], [4.39377, 49.29929], [4.39351, 49.29887], [4.39388, 49.29806], [4.39479, 49.2978], [4.39665, 49.29859], [4.39766, 49.29867], [4.39858, 49.29897], [4.40111, 49.30025], [4.40157, 49.30018], [4.4019, 49.30039], [4.40328, 49.30027]], [[4.42879, 49.2601], [4.42899, 49.25966], [4.42959, 49.25946], [4.43018, 49.25958], [4.43052, 49.25997], [4.43036, 49.26036], [4.42976, 49.2606], [4.42914, 49.26048], [4.42879, 49.2601]], [[4.41506, 49.26884], [4.41513, 49.26842], [4.41567, 49.26812], [4.41631, 49.26816], [4.41678, 49.26852], [4.41671, 49.26894], [4.41617, 49.26924], [4.41553, 49.2692], [4.41506, 49.26884]]], [[[4.379, 49.28595], [4.38019, 49.28605], [4.38141, 49.2853], [4.38192, 49.28478], [4.38571, 49.27862], [4.38534, 49.27821], [4.38573, 49.27743], [4.38556, 49.27701], [4.38435, 49.27728], [4.38489, 49.27739], [4.38515, 49.27765], [4.38498, 49.27803], [4.38452, 49.27823], [4.38335, 49.27805], [4.38281, 49.27862], [4.3819, 49.2786], [4.38128, 49.27838], [4.38097, 49.27868], [4.38136, 49.27896], [4.38092, 49.27949], [4.38142, 49.28029], [4.38088, 49.28068], [4.38134, 49.28119], [4.38117, 49.28158], [4.38166, 49.28273], [4.38135, 49.283], [4.38082, 49.2831], [4.38105, 49.28344], [4.38091, 49.28374], [4.38045, 49.2839], [4.37996, 49.28382], [4.37972, 49.28401], [4.3795, 49.28489], [4.37889, 49.28526], [4.3788, 49.28591], [4.37791, 49.28596], [4.37764, 49.28632], [4.37833, 49.28635], [4.379, 49.28595]]], [[[4.38602, 49.27633], [4.38588, 49.27622], [4.38595, 49.27641], [4.38602, 49.27633]]], [[[4.37253, 49.29236], [4.37273, 49.29228], [4.3723, 49.2922], [4.37253, 49.29236]]], [[[4.37357, 49.29268], [4.37353, 49.29259], [4.37348, 49.29258], [4.37357, 49.29268]]], [[[4.37253, 49.29163], [4.37257, 49.29158], [4.37241, 49.2916], [4.37253, 49.29163]]], [[[4.37343, 49.28944], [4.37283, 49.28946], [4.3728, 49.28949], [4.37304, 49.28965], [4.37343, 49.28944]]], [[[4.37692, 49.28693], [4.37615, 49.28636], [4.37564, 49.28643], [4.37372, 49.28687], [4.37251, 49.28763], [4.37193, 49.28758], [4.37154, 49.28781], [4.36929, 49.28827], [4.36828, 49.28871], [4.36903, 49.28913], [4.36957, 49.28904], [4.37095, 49.28924], [4.37174, 49.28895], [4.37178, 49.28861], [4.37251, 49.28809], [4.37507, 49.28857], [4.37519, 49.28798], [4.37669, 49.28711], [4.37692, 49.28693]]], [[[4.36547, 49.28992], [4.36554, 49.29076], [4.36648, 49.29022], [4.36632, 49.29003], [4.36547, 49.28992]]], [[[4.37311, 49.34837], [4.37243, 49.34808], [4.373, 49.34867], [4.37311, 49.34837]]], [[[4.38328, 49.34742], [4.38347, 49.34789], [4.38601, 49.34786], [4.38767, 49.34377], [4.38711, 49.34183], [4.38755, 49.34155], [4.38792, 49.34174], [4.38853, 49.3436], [4.38688, 49.34786], [4.41365, 49.34762], [4.42212, 49.34873], [4.43621, 49.34987], [4.45005, 49.3496], [4.45628, 49.35009], [4.45984, 49.35013], [4.46384, 49.34985], [4.46453, 49.34941], [4.46541, 49.3495], [4.46527, 49.34892], [4.4656, 49.34857], [4.46612, 49.34841], [4.46556, 49.34807], [4.46405, 49.34771], [4.46348, 49.3472], [4.46362, 49.34684], [4.46438, 49.34627], [4.4658, 49.34587], [4.45396, 49.33516], [4.41368, 49.31071], [4.40596, 49.30653], [4.40527, 49.30896], [4.405, 49.31098], [4.40532, 49.31314], [4.4052, 49.3154], [4.40634, 49.3186], [4.40646, 49.31983], [4.40327, 49.3246], [4.40295, 49.32474], [4.40262, 49.32466], [4.40254, 49.32436], [4.40563, 49.31977], [4.40553, 49.31869], [4.40438, 49.31545], [4.4045, 49.31315], [4.40418, 49.31099], [4.40445, 49.30888], [4.40524, 49.30613], [4.40388, 49.30611], [4.40328, 49.30585], [4.4026, 49.30594], [4.40203, 49.30574], [4.40135, 49.30599], [4.39859, 49.30778], [4.39689, 49.31062], [4.39326, 49.31291], [4.39178, 49.31487], [4.3879, 49.3186], [4.3863, 49.32088], [4.38351, 49.32603], [4.38204, 49.33225], [4.37801, 49.33563], [4.37793, 49.34162], [4.37729, 49.34316], [4.37786, 49.34336], [4.37808, 49.34376], [4.37785, 49.34415], [4.37719, 49.34437], [4.37806, 49.34494], [4.37862, 49.34469], [4.37986, 49.34477], [4.3803, 49.34438], [4.38104, 49.34434], [4.38157, 49.34458], [4.3817, 49.34501], [4.38342, 49.34514], [4.38374, 49.34551], [4.38363, 49.3464], [4.38272, 49.34722], [4.38328, 49.34742]], [[4.37905, 49.34427], [4.37874, 49.34391], [4.37893, 49.34346], [4.37949, 49.34326], [4.38016, 49.34338], [4.38047, 49.34375], [4.38029, 49.34419], [4.37972, 49.34439], [4.37905, 49.34427]], [[4.39995, 49.32235], [4.39987, 49.32194], [4.40039, 49.32143], [4.40103, 49.32137], [4.40172, 49.32169], [4.4018, 49.32211], [4.40128, 49.32261], [4.40065, 49.32267], [4.39995, 49.32235]], [[4.41736, 49.34736], [4.41736, 49.34689], [4.41789, 49.34653], [4.41854, 49.34654], [4.41918, 49.34692], [4.41909, 49.34742], [4.41862, 49.34771], [4.41798, 49.34769], [4.41736, 49.34736]]], [[[4.46599, 49.34975], [4.46602, 49.34975], [4.46598, 49.34974], [4.46599, 49.34975]]], [[[4.37236, 49.3429], [4.37212, 49.34248], [4.37158, 49.34396], [4.37177, 49.34467], [4.37281, 49.34432], [4.3744, 49.34479], [4.37448, 49.34467], [4.37236, 49.3429]]], [[[4.3695, 49.3474], [4.36917, 49.3477], [4.36911, 49.34779], [4.3695, 49.3474]]], [[[4.36985, 49.34528], [4.36895, 49.34517], [4.36869, 49.34556], [4.36915, 49.34561], [4.36985, 49.34528]]], [[[4.42369, 48.91117], [4.42315, 48.91069], [4.42086, 48.91164], [4.41718, 48.91332], [4.42085, 48.91534], [4.42114, 48.91605], [4.4219, 48.91649], [4.42188, 48.91678], [4.42069, 48.91786], [4.42013, 48.91798], [4.41952, 48.91769], [4.41892, 48.91812], [4.41829, 48.9182], [4.41754, 48.91775], [4.41603, 48.91726], [4.41458, 48.91825], [4.41399, 48.91841], [4.41356, 48.91927], [4.41748, 48.92115], [4.42727, 48.91261], [4.4271, 48.91201], [4.42763, 48.91116], [4.42682, 48.91093], [4.42637, 48.91121], [4.42558, 48.91118], [4.42474, 48.91148], [4.42369, 48.91117]]], [[[4.42826, 48.91282], [4.42802, 48.91285], [4.42795, 48.91291], [4.42826, 48.91282]]], [[[4.42897, 48.9122], [4.4283, 48.91281], [4.42976, 48.91255], [4.43221, 48.91248], [4.43064, 48.9112], [4.42897, 48.9122]]], [[[4.43086, 48.90939], [4.43104, 48.90988], [4.43232, 48.90827], [4.43091, 48.90803], [4.42975, 48.90863], [4.43086, 48.90939]]], [[[4.42828, 48.91092], [4.42827, 48.91093], [4.42828, 48.91093], [4.42828, 48.91092]]], [[[4.40952, 48.92243], [4.40692, 48.92517], [4.41134, 48.92649], [4.41493, 48.92336], [4.41463, 48.92313], [4.41349, 48.92293], [4.41296, 48.92223], [4.4121, 48.92196], [4.41168, 48.92256], [4.41123, 48.92276], [4.41067, 48.92277], [4.40952, 48.92243]]], [[[4.41553, 48.92213], [4.41627, 48.9222], [4.41698, 48.92158], [4.41658, 48.92141], [4.41553, 48.92213]]], [[[4.42036, 48.91726], [4.42003, 48.91727], [4.42023, 48.91737], [4.42036, 48.91726]]], [[[4.42099, 48.91666], [4.42066, 48.91673], [4.42082, 48.91681], [4.42099, 48.91666]]], [[[4.42511, 48.92395], [4.42501, 48.92443], [4.43091, 48.9271], [4.44556, 48.93277], [4.45223, 48.93135], [4.45626, 48.92957], [4.46262, 48.928], [4.46299, 48.92737], [4.46014, 48.92574], [4.45587, 48.9239], [4.4437, 48.918], [4.43581, 48.91359], [4.43341, 48.91308], [4.42987, 48.91308], [4.4284, 48.91336], [4.42709, 48.91389], [4.42585, 48.91475], [4.41814, 48.92146], [4.42334, 48.92372], [4.42422, 48.92346], [4.42511, 48.92395]]], [[[4.46387, 48.97668], [4.39119, 48.96306], [4.3903, 48.96343], [4.38901, 48.96442], [4.38521, 48.96638], [4.38395, 48.96744], [4.38289, 48.96897], [4.38372, 48.96922], [4.3846, 48.96977], [4.39893, 48.97509], [4.39916, 48.9745], [4.39975, 48.97425], [4.40036, 48.97354], [4.40088, 48.97341], [4.40149, 48.97354], [4.40186, 48.9741], [4.40119, 48.9749], [4.40205, 48.97544], [4.40199, 48.97597], [4.40622, 48.97719], [4.41151, 48.9792], [4.411, 48.97872], [4.41133, 48.97817], [4.41198, 48.97798], [4.41288, 48.97824], [4.4132, 48.97854], [4.41321, 48.97905], [4.4125, 48.97953], [4.42501, 48.98498], [4.43644, 48.99046], [4.43701, 48.99057], [4.43801, 48.99137], [4.43878, 48.99087], [4.43963, 48.99092], [4.44046, 48.99143], [4.44063, 48.99175], [4.44114, 48.99179], [4.44175, 48.99213], [4.44195, 48.99298], [4.44606, 48.99087], [4.45516, 48.9857], [4.46098, 48.98381], [4.46394, 48.98193], [4.46626, 48.97876], [4.46523, 48.97901], [4.46454, 48.97877], [4.46402, 48.97783], [4.46387, 48.97668]], [[4.41907, 48.97693], [4.41825, 48.9768], [4.41788, 48.97639], [4.41833, 48.97576], [4.4189, 48.97557], [4.41962, 48.97575], [4.41991, 48.97613], [4.41976, 48.97648], [4.41907, 48.97693]]], [[[4.40078, 48.97641], [4.39885, 48.97565], [4.39814, 48.97613], [4.39696, 48.97586], [4.39647, 48.97616], [4.39576, 48.97612], [4.39521, 48.97583], [4.39509, 48.97547], [4.396, 48.97458], [4.3855, 48.97065], [4.38468, 48.97081], [4.38398, 48.97012], [4.38259, 48.96947], [4.3804, 48.97297], [4.37853, 48.97471], [4.37969, 48.97525], [4.37996, 48.97608], [4.37957, 48.97673], [4.38033, 48.97617], [4.38195, 48.97622], [4.38266, 48.97672], [4.38251, 48.97726], [4.38321, 48.97718], [4.38374, 48.97739], [4.38437, 48.9773], [4.38548, 48.97766], [4.38558, 48.97802], [4.38519, 48.97865], [4.38574, 48.97888], [4.38588, 48.97929], [4.38555, 48.9798], [4.38503, 48.98001], [4.38486, 48.98042], [4.3842, 48.98077], [4.38455, 48.98117], [4.38448, 48.98154], [4.38408, 48.9818], [4.38321, 48.98189], [4.38213, 48.98232], [4.40337, 49.00652], [4.40418, 49.00635], [4.40482, 49.00598], [4.40554, 49.00606], [4.4059, 49.00635], [4.4059, 49.00672], [4.40493, 49.00721], [4.41256, 49.00974], [4.41248, 49.01008], [4.41197, 49.01011], [4.40431, 49.0076], [4.41188, 49.01622], [4.41296, 49.01789], [4.4138, 49.01838], [4.41564, 49.02045], [4.41597, 49.02016], [4.41661, 49.02021], [4.41771, 49.0205], [4.41814, 49.02091], [4.41929, 49.02123], [4.42269, 49.01745], [4.4219, 49.01725], [4.42157, 49.01694], [4.42194, 49.0163], [4.42168, 49.01596], [4.42182, 49.01557], [4.42243, 49.01532], [4.4232, 49.01549], [4.42347, 49.01592], [4.42311, 49.01637], [4.42351, 49.0167], [4.42423, 49.01601], [4.42437, 49.01502], [4.42748, 49.01069], [4.42914, 49.00732], [4.42935, 49.00567], [4.43105, 49.0028], [4.43099, 49.00237], [4.43163, 49.00197], [4.43352, 48.99903], [4.43552, 48.99677], [4.43642, 48.99521], [4.43641, 48.99473], [4.43868, 48.99352], [4.43977, 48.9932], [4.43698, 48.99149], [4.43642, 48.99159], [4.43591, 48.99144], [4.43565, 48.99114], [4.43572, 48.99077], [4.4344, 48.99007], [4.42454, 48.98542], [4.41508, 48.98124], [4.40583, 48.97766], [4.40142, 48.97639], [4.40078, 48.97641]], [[4.39753, 48.99292], [4.39821, 48.99295], [4.39865, 48.99325], [4.39864, 48.99367], [4.39816, 48.994], [4.39746, 48.99398], [4.397, 48.99365], [4.39704, 48.99324], [4.39753, 48.99292]]], [[[4.37718, 48.97627], [4.37741, 48.97543], [4.37654, 48.9759], [4.37692, 48.97623], [4.37718, 48.97627]]], [[[4.37853, 48.97801], [4.37894, 48.97862], [4.37944, 48.97804], [4.38062, 48.97815], [4.38095, 48.97794], [4.37956, 48.97751], [4.37919, 48.97788], [4.37853, 48.97801]]], [[[4.38025, 48.97952], [4.37976, 48.97954], [4.38025, 48.98012], [4.38046, 48.97997], [4.38025, 48.97952]]], [[[4.38135, 48.98122], [4.38098, 48.98099], [4.38129, 48.98135], [4.38135, 48.98122]]], [[[4.38252, 48.97897], [4.38253, 48.97953], [4.38277, 48.97957], [4.38374, 48.97913], [4.38286, 48.97885], [4.38252, 48.97897]]], [[[4.41457, 49.02547], [4.41558, 49.02567], [4.41598, 49.02532], [4.41552, 49.02498], [4.41558, 49.0245], [4.41594, 49.02423], [4.41693, 49.02398], [4.41555, 49.02323], [4.4156, 49.02271], [4.41633, 49.02232], [4.4132, 49.01883], [4.41359, 49.02452], [4.414, 49.02571], [4.41457, 49.02547]]], [[[4.42379, 49.02965], [4.42357, 49.03026], [4.42871, 49.03103], [4.42974, 49.02984], [4.42766, 49.02794], [4.42431, 49.02663], [4.42472, 49.02717], [4.42452, 49.02811], [4.42573, 49.0286], [4.42597, 49.02904], [4.42525, 49.02966], [4.42414, 49.02945], [4.42379, 49.02965]]], [[[4.41814, 49.02305], [4.41816, 49.02281], [4.41738, 49.02243], [4.41795, 49.02293], [4.41814, 49.02305]]], [[[4.42432, 49.02504], [4.42436, 49.0249], [4.42431, 49.02504], [4.42432, 49.02504]]], [[[4.43152, 49.0318], [4.43125, 49.03198], [4.43192, 49.03235], [4.43152, 49.0318]]], [[[4.40358, 49.03431], [4.40032, 49.03405], [4.39582, 49.03401], [4.38627, 49.03471], [4.38636, 49.03623], [4.38708, 49.03799], [4.38689, 49.03909], [4.38948, 49.04201], [4.39131, 49.04285], [4.39276, 49.04327], [4.394, 49.04205], [4.39478, 49.04176], [4.3955, 49.04187], [4.39677, 49.04074], [4.39893, 49.03935], [4.39966, 49.03857], [4.40032, 49.03838], [4.40267, 49.03672], [4.40511, 49.03462], [4.40358, 49.03431]]], [[[4.38877, 49.04326], [4.38709, 49.04266], [4.38676, 49.04236], [4.38709, 49.04159], [4.38782, 49.04135], [4.38609, 49.03923], [4.38626, 49.03803], [4.38555, 49.03632], [4.38545, 49.03478], [4.37861, 49.03504], [4.36756, 49.03435], [4.3631, 49.03439], [4.35914, 49.03489], [4.35643, 49.03551], [4.35143, 49.03732], [4.36193, 49.0399], [4.36985, 49.04077], [4.3719, 49.04132], [4.37419, 49.04226], [4.37712, 49.04412], [4.37834, 49.04531], [4.37926, 49.0466], [4.38011, 49.04908], [4.38013, 49.05261], [4.38269, 49.05333], [4.38329, 49.05148], [4.38302, 49.05112], [4.38316, 49.05074], [4.38364, 49.0505], [4.38424, 49.05052], [4.3847, 49.05083], [4.38473, 49.05124], [4.38518, 49.05136], [4.38517, 49.05096], [4.38585, 49.05031], [4.38615, 49.04914], [4.38601, 49.04875], [4.38639, 49.04819], [4.38469, 49.04756], [4.38463, 49.04719], [4.38505, 49.04658], [4.38591, 49.04636], [4.38758, 49.0469], [4.38776, 49.04619], [4.3881, 49.0459], [4.38909, 49.04585], [4.39008, 49.0454], [4.39093, 49.04533], [4.39133, 49.04493], [4.39137, 49.04443], [4.39081, 49.04405], [4.39036, 49.04309], [4.38979, 49.04284], [4.3894, 49.04319], [4.38877, 49.04326]]], [[[4.33184, 49.08066], [4.34589, 49.07571], [4.34365, 49.07356], [4.34365, 49.07316], [4.34184, 49.07153], [4.34136, 49.07075], [4.33428, 49.07426], [4.33371, 49.07435], [4.32951, 49.07135], [4.32727, 49.07022], [4.32314, 49.06947], [4.31932, 49.06907], [4.31413, 49.06994], [4.31177, 49.07013], [4.30742, 49.06908], [4.29741, 49.06537], [4.29682, 49.06771], [4.3001, 49.07152], [4.30118, 49.07467], [4.30224, 49.07607], [4.30192, 49.07822], [4.30592, 49.08978], [4.3311, 49.08092], [4.32998, 49.08006], [4.33015, 49.07971], [4.33063, 49.07974], [4.33184, 49.08066]]], [[[4.26581, 49.10513], [4.27372, 49.10148], [4.26982, 49.1001], [4.26691, 49.09931], [4.2583, 49.10902], [4.26581, 49.10513]]], [[[4.25397, 49.11128], [4.25655, 49.10994], [4.26606, 49.09906], [4.25627, 49.09732], [4.2553, 49.10477], [4.25424, 49.10811], [4.25277, 49.11112], [4.25397, 49.11128]]], [[[4.25204, 49.11229], [4.25295, 49.11182], [4.25314, 49.11172], [4.25247, 49.11163], [4.25204, 49.11229]]], [[[4.18721, 49.16228], [4.17597, 49.16842], [4.17732, 49.16946], [4.18249, 49.16717], [4.18731, 49.16442], [4.19083, 49.16191], [4.19538, 49.15787], [4.1944, 49.15756], [4.18721, 49.16228]]], [[[4.20087, 49.15266], [4.19498, 49.15714], [4.19586, 49.15743], [4.20104, 49.15279], [4.20578, 49.1492], [4.20539, 49.14875], [4.20087, 49.15266]]], [[[4.21603, 49.13846], [4.20591, 49.14827], [4.20636, 49.14877], [4.21201, 49.14422], [4.21413, 49.14201], [4.2169, 49.13855], [4.21603, 49.13846]]], [[[4.22427, 49.1308], [4.22227, 49.1327], [4.22521, 49.13041], [4.22777, 49.12876], [4.23536, 49.1249], [4.23369, 49.12364], [4.22828, 49.12756], [4.22427, 49.1308]]], [[[4.25535, 49.11131], [4.25502, 49.11148], [4.25499, 49.11149], [4.25515, 49.11154], [4.25535, 49.11131]]], [[[4.33074, 49.12896], [4.32436, 49.12911], [4.33019, 49.13006], [4.33712, 49.1327], [4.34978, 49.12598], [4.34805, 49.12626], [4.3403, 49.12681], [4.33387, 49.12866], [4.33074, 49.12896]]], [[[4.40561, 49.06286], [4.40323, 49.06281], [4.4069, 49.06625], [4.40951, 49.06326], [4.41055, 49.06264], [4.4126, 49.06184], [4.40871, 49.06266], [4.40561, 49.06286]]], [[[4.42424, 49.05951], [4.42039, 49.06007], [4.41855, 49.06046], [4.424, 49.06057], [4.42393, 49.05988], [4.42424, 49.05951]]], [[[4.43401, 49.06376], [4.43396, 49.06388], [4.4349, 49.06395], [4.43475, 49.06382], [4.43401, 49.06376]]], [[[4.43517, 49.06166], [4.43511, 49.06151], [4.43464, 49.06162], [4.43517, 49.06166]]], [[[4.4726, 49.06368], [4.46122, 49.06102], [4.4611, 49.06115], [4.46645, 49.06667], [4.4726, 49.06368]]], [[[4.48378, 49.06653], [4.47353, 49.0639], [4.4669, 49.06712], [4.52073, 49.12231], [4.52135, 49.1219], [4.52063, 49.12179], [4.51943, 49.12089], [4.51888, 49.12027], [4.51905, 49.11981], [4.52029, 49.11899], [4.52099, 49.11891], [4.52318, 49.12015], [4.52343, 49.12051], [4.52402, 49.12011], [4.52311, 49.11992], [4.52285, 49.11956], [4.52293, 49.11923], [4.52369, 49.1189], [4.52449, 49.11919], [4.52456, 49.11982], [4.52497, 49.11994], [4.52499, 49.12021], [4.52201, 49.12223], [4.52262, 49.12284], [4.52301, 49.12284], [4.52322, 49.12302], [4.52311, 49.12327], [4.52214, 49.12375], [4.52286, 49.1245], [4.52336, 49.12465], [4.52402, 49.12532], [4.52456, 49.12517], [4.52521, 49.12527], [4.52663, 49.12647], [4.52757, 49.12611], [4.52824, 49.12613], [4.52878, 49.12585], [4.52862, 49.12553], [4.52881, 49.12518], [4.52854, 49.12469], [4.52892, 49.12422], [4.52742, 49.12301], [4.52763, 49.12241], [4.52855, 49.12198], [4.52947, 49.1223], [4.52967, 49.12275], [4.52921, 49.1236], [4.52966, 49.12396], [4.53042, 49.12389], [4.53053, 49.12351], [4.53095, 49.12324], [4.53242, 49.12274], [4.53299, 49.12274], [4.53308, 49.1224], [4.53352, 49.12213], [4.53436, 49.12194], [4.53533, 49.12215], [4.53553, 49.12173], [4.53538, 49.12105], [4.53444, 49.12078], [4.53397, 49.12026], [4.5341, 49.1199], [4.5348, 49.11935], [4.53164, 49.11771], [4.53082, 49.11812], [4.52999, 49.11781], [4.53001, 49.11729], [4.53064, 49.11697], [4.52924, 49.11554], [4.52833, 49.1141], [4.52291, 49.10038], [4.51496, 49.09018], [4.51378, 49.089], [4.51208, 49.08782], [4.50379, 49.08356], [4.50212, 49.08248], [4.48661, 49.06805], [4.48378, 49.06653]], [[4.49203, 49.08535], [4.49284, 49.08557], [4.49305, 49.08605], [4.49244, 49.08661], [4.49163, 49.08669], [4.491, 49.08641], [4.49086, 49.086], [4.49124, 49.08561], [4.49203, 49.08535]], [[4.52656, 49.12272], [4.52585, 49.12266], [4.52531, 49.1222], [4.52543, 49.12179], [4.52618, 49.12139], [4.52681, 49.12147], [4.52735, 49.12193], [4.52723, 49.12234], [4.52656, 49.12272]], [[4.52359, 49.12426], [4.52389, 49.12378], [4.52477, 49.12357], [4.52567, 49.12409], [4.52579, 49.1245], [4.52525, 49.12495], [4.52462, 49.12503], [4.52414, 49.12484], [4.52359, 49.12426]]], [[[4.54627, 49.12005], [4.54687, 49.12042], [4.54778, 49.11969], [4.54737, 49.11976], [4.54627, 49.12005]]], [[[4.54992, 49.11951], [4.54657, 49.12135], [4.5471, 49.12142], [4.54758, 49.12174], [4.54767, 49.12216], [4.54734, 49.12248], [4.54799, 49.1229], [4.54938, 49.12312], [4.54981, 49.1236], [4.5507, 49.12324], [4.55093, 49.12281], [4.55157, 49.12272], [4.55209, 49.12314], [4.55176, 49.12353], [4.55277, 49.12422], [4.55492, 49.12288], [4.55275, 49.12125], [4.54992, 49.11951]]], [[[4.55132, 49.119], [4.55061, 49.11919], [4.55132, 49.11963], [4.55129, 49.11932], [4.55132, 49.119]]], [[[4.54042, 49.11987], [4.54003, 49.11944], [4.5395, 49.1198], [4.54011, 49.11985], [4.54042, 49.11987]]], [[[4.5381, 49.11963], [4.53813, 49.11964], [4.53812, 49.11963], [4.5381, 49.11963]]], [[[4.53167, 49.11694], [4.53571, 49.119], [4.53669, 49.11307], [4.54049, 49.10512], [4.53743, 49.10063], [4.53602, 49.09623], [4.53538, 49.09203], [4.53639, 49.08863], [4.5379, 49.08529], [4.53901, 49.07962], [4.53976, 49.07743], [4.54049, 49.07529], [4.54229, 49.07183], [4.54266, 49.06952], [4.54399, 49.06528], [4.54281, 49.06517], [4.54235, 49.06551], [4.54169, 49.06553], [4.5412, 49.06535], [4.5408, 49.0649], [4.54015, 49.06493], [4.5393, 49.06465], [4.53873, 49.0648], [4.53803, 49.06468], [4.5374, 49.06518], [4.53669, 49.0652], [4.53615, 49.0649], [4.53586, 49.06445], [4.53593, 49.06409], [4.53531, 49.06369], [4.53453, 49.064], [4.5336, 49.06369], [4.53339, 49.06224], [4.53216, 49.06199], [4.52851, 49.06068], [4.52176, 49.05917], [4.51738, 49.05793], [4.5096, 49.05542], [4.50786, 49.05447], [4.50614, 49.05384], [4.50408, 49.05351], [4.50278, 49.05307], [4.50164, 49.0535], [4.50045, 49.05338], [4.50016, 49.05384], [4.49961, 49.05404], [4.49824, 49.05405], [4.4975, 49.05364], [4.49734, 49.05378], [4.49776, 49.05407], [4.49779, 49.05449], [4.49715, 49.05504], [4.49652, 49.05514], [4.49558, 49.05459], [4.49564, 49.05423], [4.4961, 49.05381], [4.49569, 49.05321], [4.49491, 49.0533], [4.49405, 49.05284], [4.49109, 49.05449], [4.49192, 49.05447], [4.49253, 49.05494], [4.49248, 49.05536], [4.49178, 49.05581], [4.49125, 49.05594], [4.49066, 49.05579], [4.49021, 49.0553], [4.49042, 49.05487], [4.47962, 49.06093], [4.47433, 49.06352], [4.48268, 49.06554], [4.48488, 49.06635], [4.48679, 49.06739], [4.4884, 49.06864], [4.50275, 49.08213], [4.50431, 49.08314], [4.51262, 49.08742], [4.51481, 49.08901], [4.52368, 49.10019], [4.52949, 49.1146], [4.53167, 49.11694]]], [[[4.45671, 49.06019], [4.45861, 49.06025], [4.45891, 49.06026], [4.45843, 49.05953], [4.45671, 49.06019]]], [[[4.42764, 49.0588], [4.42858, 49.05858], [4.43115, 49.05879], [4.43186, 49.05861], [4.42552, 49.0521], [4.42137, 49.05323], [4.42169, 49.05376], [4.42117, 49.05421], [4.42025, 49.0542], [4.41985, 49.05365], [4.38951, 49.06194], [4.40238, 49.06225], [4.4028, 49.06199], [4.4032, 49.06227], [4.40717, 49.06228], [4.40991, 49.06189], [4.42115, 49.05937], [4.42527, 49.05878], [4.42695, 49.05867], [4.42764, 49.0588]]], [[[4.44607, 49.04666], [4.42629, 49.05189], [4.43294, 49.05872], [4.44781, 49.05273], [4.45088, 49.05168], [4.44607, 49.04666]]], [[[4.46172, 49.04312], [4.44697, 49.04644], [4.45156, 49.05112], [4.45244, 49.05139], [4.46149, 49.04951], [4.47458, 49.04765], [4.47295, 49.04301], [4.47262, 49.04278], [4.47189, 49.04112], [4.46172, 49.04312]]], [[[4.48852, 49.03832], [4.47304, 49.04091], [4.47539, 49.04753], [4.48983, 49.04556], [4.49749, 49.04525], [4.50323, 49.04583], [4.50004, 49.03671], [4.48983, 49.03812], [4.48914, 49.03838], [4.48852, 49.03832]]], [[[4.51012, 49.03553], [4.50084, 49.03661], [4.50375, 49.04492], [4.50445, 49.04478], [4.50493, 49.04441], [4.50557, 49.04433], [4.50619, 49.04456], [4.50645, 49.04513], [4.5259, 49.03408], [4.51213, 49.03532], [4.51185, 49.03573], [4.51067, 49.03587], [4.51012, 49.03553]]], [[[4.55498, 49.03217], [4.53659, 49.03336], [4.53819, 49.03569], [4.53982, 49.03944], [4.53968, 49.04137], [4.54116, 49.05037], [4.53853, 49.05705], [4.54688, 49.05866], [4.54835, 49.05833], [4.55111, 49.0582], [4.5548, 49.05863], [4.56027, 49.03984], [4.56292, 49.03322], [4.55498, 49.03217]]], [[[4.59482, 49.02959], [4.55801, 49.03198], [4.56527, 49.03292], [4.57913, 49.03537], [4.58336, 49.03572], [4.58875, 49.03575], [4.58987, 49.0342], [4.59482, 49.02959]]], [[[4.6168, 49.03483], [4.6157, 49.02823], [4.59577, 49.02953], [4.59057, 49.03449], [4.58966, 49.03573], [4.60597, 49.03528], [4.61037, 49.03533], [4.61571, 49.03565], [4.61594, 49.035], [4.6168, 49.03483]]], [[[4.61662, 49.0284], [4.61662, 49.02986], [4.61786, 49.03585], [4.62279, 49.03649], [4.62742, 49.03733], [4.6323, 49.03846], [4.63792, 49.04012], [4.63848, 49.03924], [4.64068, 49.02806], [4.64124, 49.02656], [4.63934, 49.02669], [4.63916, 49.02708], [4.6386, 49.02728], [4.63789, 49.0272], [4.63752, 49.02683], [4.61662, 49.0284]]], [[[4.65293, 49.0258], [4.64214, 49.0265], [4.64171, 49.02718], [4.63928, 49.03934], [4.63865, 49.04036], [4.65325, 49.04537], [4.66626, 49.04822], [4.6739, 49.05048], [4.67948, 49.04681], [4.68195, 49.04423], [4.68327, 49.04355], [4.68605, 49.04252], [4.68805, 49.04095], [4.69226, 49.03692], [4.6918, 49.03636], [4.6921, 49.03594], [4.69255, 49.03577], [4.69241, 49.03551], [4.69112, 49.03501], [4.68891, 49.03483], [4.68838, 49.03459], [4.68606, 49.03455], [4.68576, 49.03426], [4.68591, 49.03333], [4.6853, 49.03299], [4.68119, 49.03208], [4.68083, 49.03213], [4.67854, 49.03162], [4.67818, 49.03228], [4.67771, 49.03238], [4.67744, 49.03211], [4.67777, 49.03145], [4.67571, 49.03087], [4.65293, 49.0258]]], [[[4.69926, 49.02528], [4.70134, 49.02262], [4.69586, 49.02298], [4.6951, 49.02321], [4.69443, 49.02308], [4.6549, 49.02567], [4.68462, 49.03227], [4.68507, 49.03141], [4.68576, 49.03117], [4.68636, 49.03028], [4.68692, 49.03006], [4.68828, 49.02868], [4.68869, 49.02862], [4.68897, 49.0288], [4.68892, 49.02908], [4.68778, 49.03018], [4.68838, 49.03105], [4.68814, 49.03174], [4.68895, 49.03212], [4.69079, 49.03231], [4.69131, 49.03254], [4.69138, 49.032], [4.69205, 49.03172], [4.69082, 49.0313], [4.69055, 49.03087], [4.69081, 49.03042], [4.69158, 49.03007], [4.69394, 49.03046], [4.69445, 49.03112], [4.69431, 49.03163], [4.69544, 49.03197], [4.69926, 49.02528]], [[4.68755, 49.02788], [4.68799, 49.02814], [4.68805, 49.02873], [4.68726, 49.02946], [4.68642, 49.02953], [4.68586, 49.02921], [4.68585, 49.02874], [4.68656, 49.02805], [4.68755, 49.02788]]], [[[4.64246, 49.0259], [4.64781, 49.02555], [4.6509, 49.02535], [4.64356, 49.02371], [4.64246, 49.0259]]], [[[4.61649, 49.0276], [4.64156, 49.02596], [4.64275, 49.0236], [4.61799, 49.01803], [4.61812, 49.01868], [4.61778, 49.01925], [4.61728, 49.01955], [4.61659, 49.01951], [4.61613, 49.02013], [4.61529, 49.02016], [4.61384, 49.01927], [4.61236, 49.02068], [4.6135, 49.02156], [4.61549, 49.02252], [4.61769, 49.02277], [4.61823, 49.02309], [4.61835, 49.02374], [4.61811, 49.02407], [4.61686, 49.02454], [4.61605, 49.02462], [4.61649, 49.0276]]], [[[4.6038, 49.02224], [4.59614, 49.02892], [4.61527, 49.02768], [4.6155, 49.02631], [4.61529, 49.02502], [4.61465, 49.02528], [4.61324, 49.02474], [4.6129, 49.02439], [4.61332, 49.02369], [4.61325, 49.02317], [4.61413, 49.02255], [4.61192, 49.02125], [4.61124, 49.01992], [4.61049, 49.01991], [4.60996, 49.01942], [4.60823, 49.02039], [4.60608, 49.02061], [4.6038, 49.02224]]], [[[4.55528, 49.03157], [4.59521, 49.02898], [4.59773, 49.02655], [4.60406, 49.02119], [4.60569, 49.02014], [4.60803, 49.01983], [4.6098, 49.01878], [4.61006, 49.01842], [4.60879, 49.01788], [4.60767, 49.01684], [4.60606, 49.01627], [4.60537, 49.01558], [4.60525, 49.01489], [4.59426, 49.0121], [4.59508, 49.01252], [4.59521, 49.01298], [4.5949, 49.01333], [4.59413, 49.01344], [4.59358, 49.01391], [4.59301, 49.01392], [4.59032, 49.01326], [4.58984, 49.01293], [4.58943, 49.0136], [4.5886, 49.01372], [4.58808, 49.01347], [4.58798, 49.01305], [4.58519, 49.01247], [4.58489, 49.01216], [4.58496, 49.01179], [4.58434, 49.01145], [4.58461, 49.01068], [4.58511, 49.01052], [4.5858, 49.01063], [4.58638, 49.01009], [4.5778, 49.00791], [4.57741, 49.00836], [4.57688, 49.0085], [4.57609, 49.00829], [4.57578, 49.00799], [4.56535, 49.01235], [4.56553, 49.01281], [4.56515, 49.01318], [4.56447, 49.01326], [4.5639, 49.01299], [4.53601, 49.02898], [4.54621, 49.02993], [4.55528, 49.03157]]], [[[4.53634, 49.03279], [4.55264, 49.03174], [4.54599, 49.03053], [4.54224, 49.03012], [4.53506, 49.02953], [4.53393, 49.03019], [4.53547, 49.03148], [4.53634, 49.03279]]], [[[4.5285, 49.03331], [4.52992, 49.03321], [4.5355, 49.03285], [4.53456, 49.03155], [4.53331, 49.03054], [4.5285, 49.03331]]], [[[4.51328, 49.03461], [4.52707, 49.03341], [4.53318, 49.0299], [4.53216, 49.02977], [4.53209, 49.02926], [4.52406, 49.02819], [4.52441, 49.02851], [4.52434, 49.02892], [4.52394, 49.02918], [4.52338, 49.02922], [4.52286, 49.02904], [4.52265, 49.0287], [4.52283, 49.0283], [4.52337, 49.02808], [4.51535, 49.02723], [4.51179, 49.02714], [4.50718, 49.02728], [4.50331, 49.02764], [4.50346, 49.02826], [4.50312, 49.02849], [4.50167, 49.02862], [4.50129, 49.0279], [4.49797, 49.02843], [4.50065, 49.03604], [4.51328, 49.03461]]], [[[4.53397, 49.02944], [4.53371, 49.02941], [4.53367, 49.02962], [4.53397, 49.02944]]], [[[4.45842, 49.04321], [4.47171, 49.04045], [4.47123, 49.03883], [4.47137, 49.03855], [4.46918, 49.03236], [4.46224, 49.03359], [4.45547, 49.03409], [4.45481, 49.03443], [4.4537, 49.03441], [4.45329, 49.03413], [4.44581, 49.03435], [4.43577, 49.0355], [4.43884, 49.03823], [4.44637, 49.04597], [4.45842, 49.04321]]], [[[4.42581, 49.05139], [4.44558, 49.04616], [4.43816, 49.03853], [4.43486, 49.03561], [4.42957, 49.03609], [4.42422, 49.03624], [4.42517, 49.04188], [4.42503, 49.04285], [4.42406, 49.04524], [4.42364, 49.04811], [4.42429, 49.04973], [4.42581, 49.05139]]], [[[4.38237, 49.06124], [4.38243, 49.06072], [4.38162, 49.06094], [4.38214, 49.06109], [4.38237, 49.06124]]], [[[4.38281, 49.05402], [4.38268, 49.05391], [4.38022, 49.05322], [4.38009, 49.05388], [4.38209, 49.05433], [4.38281, 49.05402]]], [[[4.30869, 48.97284], [4.31072, 48.97216], [4.31014, 48.97127], [4.31106, 48.97022], [4.30753, 48.97124], [4.30869, 48.97284]]], [[[4.31015, 48.97397], [4.31097, 48.97344], [4.30979, 48.97383], [4.31015, 48.97397]]], [[[4.38166, 49.05743], [4.37984, 49.05712], [4.37979, 49.05883], [4.38019, 49.05981], [4.3808, 49.05971], [4.38077, 49.05877], [4.38148, 49.05832], [4.38137, 49.05797], [4.38166, 49.05743]]], [[[4.37974, 49.06138], [4.38, 49.06074], [4.37924, 49.05981], [4.37892, 49.05884], [4.37699, 49.06298], [4.37826, 49.06234], [4.38, 49.06188], [4.37974, 49.06138]]], [[[4.37595, 49.06519], [4.38234, 49.06328], [4.38227, 49.06237], [4.38044, 49.0624], [4.37853, 49.0629], [4.37707, 49.06376], [4.37661, 49.06378], [4.37595, 49.06519]]], [[[4.32563, 48.9716], [4.32592, 48.97317], [4.32631, 48.97184], [4.32713, 48.97051], [4.32614, 48.97102], [4.32563, 48.9716]]], [[[4.31263, 48.97222], [4.31324, 48.97204], [4.31436, 48.97155], [4.31263, 48.97222]]], [[[4.37515, 49.06488], [4.37444, 49.06548], [4.37392, 49.06585], [4.37481, 49.06556], [4.37515, 49.06488]]], [[[4.40229, 49.06953], [4.40339, 49.06903], [4.403, 49.06855], [4.4006, 49.06944], [4.40229, 49.06953]]], [[[4.38538, 49.26829], [4.38539, 49.26827], [4.38534, 49.26828], [4.38538, 49.26829]]], [[[4.39986, 49.15868], [4.39987, 49.15868], [4.39987, 49.15867], [4.39986, 49.15868]]], [[[4.30786, 49.04626], [4.30804, 49.04635], [4.31169, 49.0455], [4.32304, 49.04235], [4.32181, 49.03949], [4.32135, 49.03915], [4.32143, 49.03844], [4.32001, 49.03574], [4.3192, 49.03476], [4.31248, 49.0397], [4.31071, 49.0413], [4.30695, 49.04659], [4.30786, 49.04626]], [[4.32154, 49.04137], [4.32071, 49.04127], [4.3203, 49.04088], [4.32044, 49.04039], [4.32104, 49.04013], [4.32174, 49.0402], [4.32217, 49.04063], [4.32209, 49.04108], [4.32154, 49.04137]]], [[[4.14095, 49.07539], [4.1405, 49.07493], [4.13941, 49.0759], [4.14095, 49.07539]]], [[[4.13989, 49.09104], [4.13826, 49.09176], [4.13802, 49.09219], [4.13714, 49.09278], [4.1372, 49.09322], [4.13894, 49.09255], [4.13989, 49.09104]]], [[[4.13528, 49.15961], [4.13531, 49.15941], [4.13518, 49.15942], [4.1352, 49.15947], [4.13528, 49.15961]]], [[[4.14508, 49.20932], [4.14508, 49.20944], [4.14516, 49.20937], [4.14508, 49.20932]]], [[[4.15517, 49.25003], [4.15623, 49.25028], [4.15662, 49.25041], [4.1556, 49.24929], [4.15467, 49.24937], [4.15386, 49.2501], [4.15517, 49.25003]]], [[[4.14556, 49.24144], [4.14535, 49.24156], [4.1484, 49.24152], [4.14813, 49.24136], [4.14634, 49.24128], [4.1462, 49.24036], [4.14434, 49.24054], [4.14449, 49.2411], [4.14538, 49.24108], [4.14556, 49.24144]]], [[[4.15248, 49.25181], [4.15342, 49.25184], [4.15307, 49.25086], [4.15287, 49.25106], [4.15248, 49.25181]]], [[[4.1649, 49.08302], [4.16591, 49.08414], [4.16717, 49.08351], [4.16542, 49.08315], [4.1649, 49.08302]]], [[[4.18385, 49.16822], [4.18841, 49.1686], [4.18995, 49.16843], [4.19141, 49.16798], [4.19247, 49.16739], [4.19404, 49.16609], [4.20127, 49.15976], [4.19627, 49.15815], [4.19249, 49.16157], [4.1894, 49.16395], [4.18537, 49.16646], [4.18103, 49.16866], [4.18385, 49.16822]]], [[[4.17809, 49.16991], [4.17816, 49.16995], [4.17904, 49.16952], [4.17809, 49.16991]]], [[[4.18128, 49.17724], [4.18134, 49.1772], [4.18026, 49.17637], [4.18128, 49.17724]]], [[[4.19675, 49.15771], [4.20178, 49.15932], [4.20892, 49.15308], [4.2063, 49.14978], [4.20134, 49.15358], [4.19675, 49.15771]]], [[[4.21935, 49.17845], [4.21889, 49.1782], [4.21875, 49.17832], [4.2192, 49.17857], [4.21935, 49.17845]]], [[[4.27776, 49.06245], [4.2777, 49.06242], [4.27771, 49.0625], [4.27776, 49.06245]]], [[[4.26617, 49.23764], [4.26483, 49.23731], [4.26444, 49.23784], [4.26592, 49.23811], [4.26617, 49.23764]]], [[[4.2865, 49.05526], [4.28646, 49.05511], [4.2864, 49.05538], [4.2865, 49.05526]]], [[[4.28581, 49.0528], [4.28719, 49.0548], [4.29044, 49.05269], [4.29325, 49.05117], [4.28798, 49.04671], [4.28655, 49.0443], [4.28689, 49.04356], [4.29368, 49.03678], [4.28375, 49.03203], [4.2827, 49.0345], [4.28196, 49.0373], [4.28173, 49.04178], [4.2821, 49.04429], [4.28364, 49.04999], [4.28429, 49.05125], [4.28581, 49.0528]]], [[[4.30727, 49.15216], [4.30732, 49.15203], [4.30709, 49.15207], [4.30727, 49.15216]]], [[[4.31834, 49.29089], [4.31814, 49.29288], [4.32043, 49.29307], [4.31834, 49.29089]]], [[[4.31761, 48.93493], [4.31708, 48.93546], [4.31852, 48.93556], [4.31905, 48.93544], [4.31761, 48.93493]]], [[[4.31858, 48.934], [4.31805, 48.93447], [4.31944, 48.93497], [4.31929, 48.93459], [4.31858, 48.934]]], [[[4.38616, 49.12459], [4.38615, 49.12454], [4.38605, 49.12441], [4.38616, 49.12459]]], [[[4.38006, 49.12138], [4.38338, 49.12362], [4.38446, 49.12347], [4.38507, 49.12317], [4.3831, 49.12092], [4.38186, 49.12012], [4.38006, 49.12138]], [[4.38082, 49.12139], [4.38132, 49.12081], [4.38218, 49.12074], [4.38379, 49.12176], [4.38387, 49.12228], [4.38331, 49.12267], [4.3826, 49.1227], [4.38105, 49.12173], [4.38082, 49.12139]]], [[[4.3589, 48.98052], [4.35786, 48.98076], [4.3569, 48.98103], [4.35748, 48.98112], [4.3589, 48.98052]]], [[[4.32857, 48.99642], [4.32875, 48.99631], [4.32837, 48.99631], [4.32857, 48.99642]]], [[[4.34207, 48.99191], [4.3421, 48.99191], [4.34208, 48.9919], [4.34207, 48.99191]]], [[[4.34435, 49.14437], [4.34429, 49.14467], [4.34485, 49.14483], [4.34471, 49.14449], [4.34435, 49.14437]]], [[[4.33433, 49.14145], [4.33555, 49.1419], [4.33573, 49.14151], [4.33451, 49.1412], [4.33433, 49.14145]]], [[[4.33631, 49.14212], [4.33866, 49.14254], [4.33877, 49.14238], [4.33646, 49.1418], [4.33631, 49.14212]]], [[[4.34324, 49.13994], [4.34263, 49.13987], [4.3416, 49.14127], [4.34019, 49.14199], [4.34099, 49.14324], [4.34368, 49.14403], [4.34221, 49.14256], [4.34219, 49.14231], [4.34246, 49.14216], [4.34284, 49.14222], [4.34406, 49.14349], [4.34555, 49.14123], [4.34324, 49.13994]]], [[[4.33774, 49.13931], [4.33764, 49.13884], [4.33439, 49.1392], [4.33446, 49.13968], [4.33774, 49.13931]]], [[[4.34005, 49.13856], [4.33845, 49.13875], [4.33854, 49.13921], [4.34073, 49.13897], [4.34005, 49.13856]]], [[[4.33918, 49.14191], [4.34094, 49.14094], [4.34154, 49.14028], [4.34183, 49.13973], [4.34142, 49.13945], [4.33344, 49.14034], [4.33918, 49.14191]]], [[[4.3324, 49.14066], [4.3312, 49.14036], [4.33108, 49.14054], [4.33229, 49.14081], [4.3324, 49.14066]]], [[[4.3774, 49.12495], [4.37901, 49.12545], [4.3794, 49.12558], [4.37914, 49.12468], [4.3774, 49.12495]]], [[[4.38051, 49.12656], [4.38054, 49.12653], [4.3805, 49.12652], [4.38051, 49.12656]]], [[[4.37586, 48.97621], [4.37508, 48.97652], [4.37455, 48.97672], [4.37608, 48.97684], [4.37586, 48.97621]]], [[[4.38235, 48.96818], [4.38151, 48.96854], [4.38203, 48.96872], [4.38235, 48.96818]]], [[[4.38999, 48.9624], [4.38978, 48.96256], [4.38979, 48.96272], [4.38999, 48.9624]]], [[[4.39391, 49.27113], [4.3942, 49.27092], [4.39332, 49.27064], [4.39331, 49.27103], [4.39391, 49.27113]]], [[[4.38259, 49.27155], [4.38266, 49.27156], [4.38267, 49.27153], [4.38259, 49.27155]]], [[[4.43011, 49.18584], [4.41503, 49.18771], [4.41549, 49.18822], [4.41547, 49.18863], [4.41509, 49.18891], [4.41418, 49.18912], [4.41744, 49.19799], [4.41891, 49.19833], [4.41939, 49.19869], [4.41905, 49.19936], [4.4179, 49.19954], [4.41817, 49.19994], [4.41939, 49.20035], [4.41974, 49.2007], [4.41968, 49.20151], [4.41908, 49.20203], [4.41881, 49.20271], [4.41913, 49.20297], [4.42057, 49.20282], [4.42103, 49.20311], [4.42119, 49.20372], [4.42167, 49.2036], [4.42163, 49.20291], [4.42219, 49.20215], [4.42328, 49.20187], [4.42439, 49.20219], [4.42527, 49.20184], [4.42798, 49.1988], [4.4284, 49.1987], [4.42871, 49.19889], [4.42599, 49.20213], [4.42537, 49.20244], [4.42537, 49.20299], [4.42481, 49.20349], [4.42397, 49.20507], [4.42321, 49.2061], [4.42239, 49.20677], [4.42649, 49.20873], [4.43416, 49.21421], [4.44075, 49.21682], [4.45233, 49.22429], [4.45365, 49.22421], [4.4537, 49.22458], [4.45302, 49.22474], [4.4533, 49.22492], [4.45717, 49.22652], [4.45941, 49.23069], [4.46255, 49.23353], [4.46291, 49.23325], [4.46359, 49.23311], [4.46572, 49.23281], [4.4665, 49.23292], [4.46691, 49.23333], [4.46665, 49.23381], [4.46604, 49.23406], [4.46452, 49.23419], [4.46541, 49.23472], [4.46559, 49.23429], [4.46626, 49.23407], [4.46694, 49.23423], [4.46719, 49.23468], [4.46801, 49.23479], [4.46896, 49.23448], [4.47046, 49.23438], [4.47031, 49.23375], [4.47073, 49.23346], [4.47208, 49.23363], [4.47212, 49.23438], [4.47187, 49.23468], [4.47381, 49.2342], [4.47345, 49.23358], [4.47242, 49.2332], [4.47143, 49.23217], [4.47173, 49.2317], [4.47259, 49.23157], [4.47297, 49.23127], [4.4721, 49.22438], [4.47305, 49.22078], [4.47343, 49.21656], [4.47427, 49.21366], [4.47512, 49.20901], [4.47586, 49.20689], [4.47454, 49.20303], [4.47369, 49.19885], [4.47336, 49.19847], [4.47376, 49.19678], [4.46488, 49.19383], [4.46465, 49.1936], [4.46486, 49.19335], [4.46524, 49.19334], [4.47391, 49.19622], [4.47453, 49.19326], [4.47305, 49.19085], [4.47187, 49.18652], [4.4708, 49.18467], [4.46953, 49.18385], [4.4692, 49.18342], [4.46879, 49.18152], [4.4684, 49.18112], [4.46846, 49.18042], [4.46692, 49.17955], [4.46669, 49.17914], [4.4658, 49.17852], [4.46501, 49.17866], [4.46438, 49.1783], [4.46429, 49.17792], [4.46462, 49.17722], [4.46514, 49.17685], [4.46502, 49.17654], [4.46445, 49.17624], [4.46397, 49.17669], [4.46304, 49.17666], [4.46198, 49.17613], [4.4617, 49.17532], [4.46075, 49.17495], [4.45855, 49.1749], [4.45809, 49.17559], [4.45736, 49.17574], [4.45659, 49.17553], [4.4526, 49.17743], [4.45331, 49.17787], [4.45325, 49.17822], [4.45289, 49.17849], [4.45183, 49.17843], [4.45153, 49.17786], [4.44886, 49.17886], [4.44871, 49.17927], [4.44805, 49.17962], [4.44756, 49.17969], [4.44705, 49.17955], [4.43011, 49.18584]], [[4.44083, 49.18823], [4.44107, 49.18794], [4.44174, 49.18788], [4.44207, 49.18703], [4.44252, 49.18699], [4.44333, 49.18729], [4.44319, 49.18832], [4.44272, 49.18872], [4.44157, 49.18873], [4.44083, 49.18823]]], [[[4.41363, 49.18721], [4.414, 49.18728], [4.42957, 49.18538], [4.43673, 49.18285], [4.43779, 49.18244], [4.43761, 49.18182], [4.43652, 49.18187], [4.43582, 49.18151], [4.43566, 49.18111], [4.43614, 49.18058], [4.43697, 49.18047], [4.43746, 49.18003], [4.43817, 49.17999], [4.43882, 49.1803], [4.43894, 49.1808], [4.43934, 49.18116], [4.43917, 49.18164], [4.43942, 49.18182], [4.44673, 49.17904], [4.44719, 49.1786], [4.44783, 49.17838], [4.44838, 49.17842], [4.45443, 49.17601], [4.4561, 49.17509], [4.45572, 49.17473], [4.45604, 49.17404], [4.45565, 49.17355], [4.45599, 49.173], [4.45642, 49.1728], [4.45576, 49.17261], [4.4555, 49.17223], [4.45606, 49.17108], [4.45669, 49.17085], [4.45921, 49.17102], [4.46084, 49.17013], [4.4618, 49.17038], [4.46226, 49.16961], [4.46174, 49.16929], [4.46175, 49.16883], [4.46235, 49.1685], [4.46312, 49.16863], [4.46217, 49.16797], [4.46115, 49.16767], [4.44264, 49.1662], [4.4218, 49.16353], [4.42028, 49.16319], [4.40977, 49.1582], [4.39706, 49.14982], [4.40145, 49.16045], [4.41363, 49.18721]], [[4.41719, 49.18007], [4.41675, 49.18038], [4.41606, 49.18041], [4.41558, 49.18013], [4.41555, 49.17968], [4.41598, 49.17937], [4.41668, 49.17934], [4.41715, 49.17963], [4.41719, 49.18007]], [[4.45368, 49.17272], [4.45253, 49.17274], [4.45203, 49.1724], [4.45204, 49.1721], [4.45307, 49.17194], [4.45387, 49.17217], [4.45406, 49.17245], [4.45368, 49.17272]], [[4.4491, 49.17748], [4.44855, 49.17756], [4.44748, 49.17711], [4.4475, 49.17652], [4.44799, 49.17641], [4.44903, 49.1768], [4.4493, 49.17711], [4.4491, 49.17748]]], [[[4.46356, 49.16917], [4.46348, 49.16907], [4.46345, 49.16922], [4.46356, 49.16917]]], [[[4.4987, 49.30991], [4.49881, 49.30963], [4.49837, 49.30991], [4.4987, 49.30991]]], [[[4.4999, 49.30721], [4.4984, 49.3082], [4.49852, 49.30833], [4.49928, 49.30854], [4.4999, 49.30721]]], [[[4.49765, 49.30793], [4.50008, 49.30633], [4.50052, 49.30624], [4.50141, 49.30546], [4.53301, 49.28462], [4.5374, 49.27823], [4.54018, 49.27305], [4.53975, 49.26993], [4.5414, 49.26434], [4.54278, 49.26313], [4.54471, 49.26059], [4.54635, 49.25916], [4.54701, 49.25803], [4.5476, 49.25751], [4.55059, 49.25639], [4.55042, 49.25589], [4.55091, 49.25517], [4.55286, 49.25461], [4.55377, 49.25458], [4.55444, 49.25437], [4.55343, 49.25404], [4.55204, 49.25317], [4.55203, 49.25387], [4.55143, 49.2543], [4.55078, 49.25434], [4.55031, 49.25413], [4.55013, 49.25379], [4.55077, 49.2531], [4.54967, 49.25361], [4.54864, 49.25318], [4.54868, 49.25266], [4.54977, 49.2521], [4.54972, 49.25191], [4.54842, 49.2513], [4.54815, 49.25051], [4.54738, 49.25024], [4.54691, 49.24959], [4.54708, 49.24918], [4.54762, 49.24895], [4.5492, 49.24926], [4.55035, 49.24829], [4.54967, 49.24809], [4.54952, 49.24785], [4.55055, 49.24666], [4.5491, 49.24605], [4.54706, 49.24537], [4.5439, 49.24475], [4.5393, 49.24283], [4.5378, 49.24244], [4.53069, 49.24158], [4.5251, 49.24133], [4.52368, 49.24089], [4.52167, 49.23989], [4.5141, 49.23791], [4.5113, 49.23773], [4.5077, 49.23827], [4.50765, 49.23877], [4.50845, 49.23895], [4.50914, 49.23946], [4.51041, 49.23971], [4.51053, 49.24037], [4.51131, 49.2406], [4.51129, 49.24097], [4.51088, 49.24104], [4.50925, 49.24064], [4.50865, 49.24097], [4.50765, 49.24081], [4.50783, 49.2412], [4.50757, 49.24185], [4.5072, 49.24213], [4.50666, 49.2422], [4.50564, 49.24451], [4.50537, 49.24469], [4.50499, 49.24464], [4.50484, 49.24441], [4.50592, 49.24193], [4.50596, 49.24112], [4.505, 49.24091], [4.50477, 49.24034], [4.50457, 49.24072], [4.5041, 49.24093], [4.50311, 49.24079], [4.50276, 49.24031], [4.50201, 49.24077], [4.50136, 49.24081], [4.50103, 49.24103], [4.50024, 49.2432], [4.49982, 49.24565], [4.50013, 49.2489], [4.50036, 49.2494], [4.5021, 49.25043], [4.50235, 49.25089], [4.50169, 49.25456], [4.50047, 49.25709], [4.5008, 49.25804], [4.50102, 49.26427], [4.49992, 49.26723], [4.50039, 49.26915], [4.50033, 49.27148], [4.50016, 49.27415], [4.49962, 49.27437], [4.49934, 49.2741], [4.49957, 49.26918], [4.4991, 49.26719], [4.50011, 49.26469], [4.5002, 49.26386], [4.49997, 49.25808], [4.49964, 49.25709], [4.49978, 49.25639], [4.50088, 49.25444], [4.50152, 49.25092], [4.49966, 49.2497], [4.4993, 49.24888], [4.49855, 49.24879], [4.49821, 49.24833], [4.49855, 49.2479], [4.4992, 49.2478], [4.49902, 49.24511], [4.49954, 49.24268], [4.50017, 49.24104], [4.49947, 49.24077], [4.4989, 49.24012], [4.49888, 49.23976], [4.4974, 49.23929], [4.49707, 49.23889], [4.49636, 49.23878], [4.49589, 49.23838], [4.49464, 49.23802], [4.49367, 49.23795], [4.49333, 49.23765], [4.49334, 49.23726], [4.47547, 49.23464], [4.47441, 49.23465], [4.47238, 49.23513], [4.47294, 49.23519], [4.4755, 49.23613], [4.47572, 49.23663], [4.47516, 49.23716], [4.47444, 49.23718], [4.472, 49.23631], [4.47157, 49.23579], [4.47014, 49.23624], [4.47008, 49.23634], [4.47055, 49.23638], [4.47173, 49.23629], [4.47232, 49.23669], [4.47221, 49.23727], [4.47127, 49.23754], [4.47162, 49.23866], [4.47125, 49.23912], [4.46954, 49.23932], [4.46901, 49.23901], [4.46874, 49.23821], [4.46846, 49.2385], [4.46789, 49.23862], [4.4673, 49.23846], [4.46705, 49.2381], [4.46641, 49.23818], [4.46708, 49.23872], [4.46823, 49.24145], [4.46875, 49.24345], [4.46946, 49.24845], [4.47084, 49.25206], [4.47112, 49.2517], [4.47165, 49.25157], [4.47239, 49.25162], [4.47283, 49.25199], [4.47281, 49.25375], [4.47235, 49.25446], [4.47145, 49.25454], [4.4716, 49.25513], [4.47196, 49.25573], [4.47488, 49.25839], [4.47727, 49.26166], [4.47782, 49.26275], [4.4794, 49.26603], [4.47918, 49.26787], [4.48099, 49.27216], [4.48154, 49.27465], [4.48247, 49.27583], [4.48402, 49.28058], [4.48364, 49.28075], [4.48324, 49.28057], [4.48167, 49.27598], [4.48065, 49.27455], [4.48019, 49.27229], [4.47846, 49.26817], [4.47116, 49.26847], [4.45462, 49.27403], [4.44982, 49.27538], [4.44871, 49.27657], [4.44918, 49.27679], [4.44915, 49.27709], [4.44879, 49.2772], [4.44837, 49.27706], [4.44749, 49.27827], [4.44263, 49.28116], [4.43918, 49.28558], [4.43961, 49.28578], [4.43962, 49.28606], [4.43925, 49.2862], [4.43878, 49.28606], [4.43777, 49.28755], [4.43375, 49.29203], [4.43427, 49.29242], [4.43393, 49.29292], [4.43328, 49.29287], [4.43271, 49.29395], [4.43285, 49.29605], [4.43228, 49.29683], [4.43212, 49.29847], [4.43284, 49.29855], [4.43346, 49.2989], [4.43363, 49.29964], [4.43307, 49.30007], [4.43208, 49.3], [4.43258, 49.30061], [4.43319, 49.30071], [4.4349, 49.30058], [4.43577, 49.30027], [4.43729, 49.30035], [4.44283, 49.29987], [4.44872, 49.29922], [4.44922, 49.29901], [4.45029, 49.29901], [4.45059, 49.29859], [4.45036, 49.29802], [4.45066, 49.29709], [4.45138, 49.29689], [4.45245, 49.29697], [4.4532, 49.29643], [4.45414, 49.29661], [4.45515, 49.29547], [4.45851, 49.29114], [4.46227, 49.28496], [4.46271, 49.28481], [4.46302, 49.28518], [4.45927, 49.29135], [4.4546, 49.29739], [4.45539, 49.29762], [4.45554, 49.29812], [4.45617, 49.29839], [4.45697, 49.29845], [4.45735, 49.29888], [4.46082, 49.29914], [4.47948, 49.30404], [4.4877, 49.30817], [4.48863, 49.3079], [4.48974, 49.30823], [4.49063, 49.30814], [4.49109, 49.30748], [4.49157, 49.30727], [4.49146, 49.30683], [4.4919, 49.30615], [4.49243, 49.30592], [4.4931, 49.306], [4.49365, 49.30499], [4.49472, 49.30392], [4.4983, 49.2987], [4.50117, 49.29364], [4.50216, 49.29277], [4.50357, 49.29006], [4.50665, 49.28626], [4.5087, 49.2845], [4.51119, 49.28113], [4.51168, 49.28101], [4.51194, 49.28135], [4.50967, 49.28447], [4.50734, 49.28656], [4.50431, 49.2903], [4.50291, 49.29298], [4.5017, 49.2942], [4.49906, 49.29891], [4.49546, 49.30416], [4.49469, 49.30484], [4.49398, 49.30594], [4.49377, 49.30649], [4.49437, 49.30679], [4.49449, 49.30725], [4.49489, 49.30737], [4.49535, 49.30699], [4.49609, 49.30693], [4.49655, 49.30666], [4.49741, 49.30676], [4.49783, 49.30717], [4.49749, 49.30787], [4.49765, 49.30793]], [[4.53781, 49.24645], [4.53845, 49.24638], [4.53907, 49.24665], [4.53917, 49.24706], [4.53878, 49.24744], [4.53816, 49.24751], [4.53753, 49.24725], [4.53742, 49.24684], [4.53781, 49.24645]], [[4.54181, 49.24765], [4.54202, 49.24731], [4.54245, 49.24718], [4.54479, 49.24744], [4.54512, 49.24775], [4.54476, 49.24826], [4.54356, 49.24826], [4.54239, 49.24819], [4.54196, 49.24798], [4.54181, 49.24765]], [[4.53709, 49.27548], [4.53767, 49.2753], [4.5383, 49.27544], [4.53858, 49.27583], [4.53837, 49.27623], [4.53778, 49.27642], [4.53714, 49.27628], [4.53687, 49.27587], [4.53709, 49.27548]]], [[[4.47201, 49.23524], [4.47192, 49.23525], [4.47193, 49.23529], [4.47201, 49.23524]]], [[[4.50633, 49.23764], [4.50764, 49.23773], [4.50776, 49.23734], [4.50829, 49.2371], [4.50885, 49.23715], [4.50927, 49.23746], [4.5122, 49.23719], [4.54341, 49.22231], [4.54341, 49.22196], [4.54376, 49.22164], [4.5425, 49.21913], [4.54167, 49.21913], [4.54101, 49.21861], [4.54144, 49.21797], [4.54218, 49.21783], [4.54163, 49.19253], [4.54053, 49.19253], [4.53999, 49.1923], [4.5398, 49.19077], [4.54031, 49.19026], [4.54157, 49.19021], [4.54146, 49.18631], [4.54111, 49.18571], [4.53706, 49.188], [4.53349, 49.19047], [4.52827, 49.1956], [4.5278, 49.19568], [4.52754, 49.19543], [4.53285, 49.19013], [4.5365, 49.18761], [4.54024, 49.18551], [4.53991, 49.18489], [4.54071, 49.18429], [4.53799, 49.18326], [4.53771, 49.18288], [4.5379, 49.18251], [4.52879, 49.17998], [4.525, 49.17827], [4.52438, 49.17851], [4.52374, 49.17838], [4.52257, 49.17676], [4.5218, 49.1771], [4.52068, 49.17671], [4.52059, 49.17634], [4.52092, 49.17579], [4.52164, 49.17533], [4.52068, 49.1748], [4.51054, 49.17245], [4.48341, 49.17159], [4.47316, 49.17262], [4.47146, 49.17258], [4.46932, 49.17222], [4.4687, 49.17329], [4.46935, 49.17374], [4.46972, 49.17491], [4.46919, 49.17527], [4.46826, 49.1752], [4.46703, 49.17697], [4.46787, 49.17728], [4.46791, 49.17793], [4.46833, 49.17812], [4.4694, 49.17816], [4.47027, 49.1785], [4.47078, 49.17897], [4.47056, 49.1795], [4.46967, 49.18013], [4.47075, 49.18036], [4.47112, 49.18077], [4.47071, 49.18158], [4.46966, 49.1817], [4.46995, 49.18311], [4.47018, 49.18351], [4.47159, 49.1845], [4.47265, 49.18635], [4.47312, 49.18742], [4.47384, 49.19071], [4.47531, 49.19305], [4.47532, 49.19421], [4.47438, 49.19757], [4.47504, 49.19773], [4.47535, 49.19809], [4.47506, 49.19874], [4.47455, 49.19898], [4.47535, 49.20295], [4.47669, 49.20687], [4.47594, 49.2091], [4.47509, 49.21373], [4.47425, 49.21665], [4.47387, 49.22084], [4.47292, 49.22442], [4.4738, 49.2313], [4.47346, 49.23186], [4.47228, 49.2322], [4.473, 49.23281], [4.47409, 49.23323], [4.47462, 49.23409], [4.47833, 49.23449], [4.47837, 49.23384], [4.47927, 49.23359], [4.47995, 49.23401], [4.47959, 49.23467], [4.49112, 49.23639], [4.49133, 49.23605], [4.49184, 49.23585], [4.49308, 49.23609], [4.4933, 49.23593], [4.49305, 49.23564], [4.49316, 49.23532], [4.49423, 49.23514], [4.49472, 49.23563], [4.49398, 49.23599], [4.4938, 49.2364], [4.49374, 49.23676], [4.49422, 49.23682], [4.49481, 49.23642], [4.49479, 49.23601], [4.49514, 49.2358], [4.49561, 49.2359], [4.49605, 49.2364], [4.49658, 49.23652], [4.49718, 49.23556], [4.49752, 49.23539], [4.49879, 49.23529], [4.49947, 49.23571], [4.50036, 49.23585], [4.50136, 49.23529], [4.50217, 49.23538], [4.50269, 49.23571], [4.50321, 49.23548], [4.50464, 49.23603], [4.50479, 49.23662], [4.50601, 49.23702], [4.50633, 49.23764]], [[4.50236, 49.19835], [4.50261, 49.19874], [4.50235, 49.19917], [4.50176, 49.19933], [4.5011, 49.19916], [4.50086, 49.19876], [4.50112, 49.19834], [4.5017, 49.19819], [4.50236, 49.19835]], [[4.4838, 49.23252], [4.48326, 49.23286], [4.48258, 49.23282], [4.48215, 49.23249], [4.4822, 49.232], [4.48268, 49.23173], [4.4834, 49.23176], [4.48382, 49.23208], [4.4838, 49.23252]], [[4.48677, 49.23298], [4.48726, 49.23271], [4.4879, 49.23274], [4.48831, 49.23306], [4.48826, 49.23348], [4.48778, 49.23375], [4.48714, 49.23372], [4.48672, 49.2334], [4.48677, 49.23298]], [[4.48633, 49.23354], [4.48603, 49.23411], [4.48531, 49.23406], [4.48524, 49.23352], [4.48552, 49.23318], [4.48609, 49.23318], [4.48633, 49.23354]], [[4.48496, 49.23341], [4.48481, 49.23422], [4.48446, 49.23431], [4.48389, 49.23417], [4.48368, 49.23376], [4.48396, 49.23325], [4.4846, 49.23314], [4.48496, 49.23341]], [[4.51258, 49.22176], [4.51198, 49.2219], [4.51129, 49.2217], [4.51108, 49.22131], [4.51138, 49.22087], [4.51198, 49.22073], [4.51266, 49.22093], [4.51288, 49.22133], [4.51258, 49.22176]]], [[[4.52215, 49.17489], [4.52307, 49.17473], [4.52236, 49.17423], [4.52261, 49.17361], [4.52417, 49.17334], [4.52526, 49.17479], [4.52642, 49.17536], [4.52809, 49.17696], [4.52863, 49.177], [4.52921, 49.1773], [4.52972, 49.17709], [4.53019, 49.17715], [4.53076, 49.17779], [4.53072, 49.17824], [4.53193, 49.17791], [4.53236, 49.178], [4.53248, 49.17823], [4.53135, 49.17894], [4.5305, 49.17898], [4.52993, 49.17868], [4.52955, 49.17817], [4.52838, 49.17818], [4.52769, 49.17793], [4.52683, 49.17734], [4.5264, 49.17674], [4.52592, 49.17654], [4.52499, 49.17741], [4.52525, 49.17772], [4.52916, 49.1795], [4.53824, 49.18201], [4.53838, 49.18141], [4.53924, 49.18105], [4.53985, 49.1812], [4.54076, 49.18196], [4.54146, 49.18105], [4.54213, 49.18078], [4.54241, 49.18024], [4.54321, 49.17968], [4.54427, 49.17966], [4.54491, 49.17999], [4.53762, 49.14908], [4.53476, 49.14945], [4.52822, 49.15138], [4.52405, 49.15079], [4.51987, 49.14778], [4.51599, 49.14685], [4.51202, 49.14512], [4.50959, 49.14192], [4.50766, 49.13979], [4.50686, 49.13822], [4.50464, 49.136], [4.49308, 49.1409], [4.48906, 49.14311], [4.49139, 49.14403], [4.49212, 49.1436], [4.49296, 49.1438], [4.49341, 49.14366], [4.49382, 49.14376], [4.49386, 49.14417], [4.49303, 49.14454], [4.49339, 49.14507], [4.49286, 49.1456], [4.49204, 49.14583], [4.49086, 49.14555], [4.49035, 49.14511], [4.49064, 49.14442], [4.48845, 49.14348], [4.48756, 49.14411], [4.48258, 49.14789], [4.48131, 49.14909], [4.47692, 49.15649], [4.47758, 49.15681], [4.4782, 49.15665], [4.47911, 49.15682], [4.47935, 49.15626], [4.48089, 49.1545], [4.48199, 49.15379], [4.48241, 49.15319], [4.48309, 49.15298], [4.48407, 49.15216], [4.48456, 49.15216], [4.48468, 49.1525], [4.48384, 49.15322], [4.48408, 49.15354], [4.48396, 49.1539], [4.48334, 49.15432], [4.48245, 49.15424], [4.48192, 49.15453], [4.48062, 49.15605], [4.48126, 49.15627], [4.48153, 49.15659], [4.48129, 49.15712], [4.48068, 49.15731], [4.48136, 49.15835], [4.48102, 49.15874], [4.48046, 49.15886], [4.47965, 49.1599], [4.48974, 49.16265], [4.48999, 49.16292], [4.49115, 49.16292], [4.4916, 49.16329], [4.49152, 49.16395], [4.491, 49.1642], [4.48994, 49.16418], [4.48949, 49.16381], [4.48955, 49.16317], [4.4793, 49.16039], [4.47829, 49.16181], [4.47758, 49.16205], [4.47727, 49.1629], [4.47638, 49.16315], [4.47596, 49.16387], [4.4747, 49.16508], [4.47184, 49.16778], [4.47046, 49.16882], [4.47026, 49.16964], [4.46982, 49.16987], [4.46921, 49.16988], [4.46938, 49.17041], [4.46909, 49.17096], [4.46956, 49.17079], [4.47011, 49.17085], [4.47131, 49.17141], [4.47134, 49.17201], [4.47252, 49.17208], [4.48341, 49.17105], [4.51004, 49.17183], [4.52046, 49.17415], [4.52215, 49.17489]]], [[[4.54523, 49.18188], [4.54509, 49.18075], [4.54462, 49.18166], [4.54523, 49.18188]]], [[[4.52237, 49.12985], [4.51343, 49.1323], [4.50533, 49.13571], [4.50759, 49.13797], [4.50839, 49.13955], [4.51032, 49.14166], [4.51264, 49.14476], [4.51637, 49.14637], [4.52034, 49.14734], [4.5236, 49.1498], [4.5248, 49.15041], [4.52809, 49.15085], [4.53446, 49.14895], [4.53749, 49.14855], [4.53526, 49.13908], [4.53493, 49.13859], [4.53506, 49.13819], [4.53457, 49.13611], [4.53369, 49.13578], [4.53359, 49.13527], [4.53279, 49.13506], [4.53164, 49.13602], [4.53087, 49.136], [4.53083, 49.13568], [4.5322, 49.13468], [4.5317, 49.13409], [4.53038, 49.13456], [4.53068, 49.13518], [4.53032, 49.13551], [4.52978, 49.13562], [4.52865, 49.13524], [4.52651, 49.13411], [4.52445, 49.13469], [4.5232, 49.1339], [4.52321, 49.13348], [4.52376, 49.13298], [4.52439, 49.1329], [4.52508, 49.13319], [4.52564, 49.13293], [4.52555, 49.13228], [4.52595, 49.13189], [4.52673, 49.13182], [4.52761, 49.13222], [4.52768, 49.1319], [4.527, 49.13128], [4.52681, 49.13062], [4.5259, 49.1296], [4.52524, 49.1305], [4.52469, 49.13073], [4.52291, 49.13055], [4.52237, 49.12985]], [[4.52231, 49.1322], [4.5238, 49.13087], [4.52466, 49.13085], [4.52516, 49.13125], [4.52516, 49.13199], [4.52472, 49.13242], [4.5231, 49.13285], [4.52254, 49.13265], [4.52231, 49.1322]], [[4.51799, 49.13354], [4.51754, 49.13325], [4.51751, 49.13276], [4.51796, 49.13246], [4.51866, 49.13245], [4.51912, 49.13274], [4.51914, 49.13323], [4.51869, 49.13353], [4.51799, 49.13354]]], [[[4.54143, 49.12858], [4.54076, 49.12923], [4.54065, 49.12989], [4.54197, 49.12907], [4.54143, 49.12858]]], [[[4.54126, 49.12717], [4.54259, 49.127], [4.54328, 49.12745], [4.54339, 49.1268], [4.54301, 49.1262], [4.54331, 49.12587], [4.54387, 49.12572], [4.5446, 49.12591], [4.54482, 49.12625], [4.54469, 49.1266], [4.54515, 49.12699], [4.54542, 49.1269], [4.54716, 49.12529], [4.54709, 49.12441], [4.54588, 49.12446], [4.54463, 49.1256], [4.54351, 49.1252], [4.54277, 49.12587], [4.54227, 49.12588], [4.54166, 49.12551], [4.54149, 49.12559], [4.54129, 49.12594], [4.54033, 49.12653], [4.54031, 49.12667], [4.54085, 49.12685], [4.54085, 49.12714], [4.53928, 49.12792], [4.53914, 49.12831], [4.54025, 49.12877], [4.54126, 49.12717]]], [[[4.53482, 49.0261], [4.53518, 49.027], [4.53648, 49.02799], [4.56302, 49.01277], [4.56852, 49.01038], [4.56788, 49.01042], [4.56724, 49.01019], [4.56707, 49.00979], [4.56741, 49.00937], [4.56873, 49.00878], [4.56959, 49.00879], [4.57026, 49.00919], [4.57006, 49.00973], [4.57462, 49.00783], [4.57431, 49.00746], [4.57446, 49.00706], [4.55193, 49.00133], [4.5511, 49.00127], [4.5506, 49.00099], [4.53157, 48.99617], [4.53285, 48.99879], [4.5325, 49.00358], [4.53294, 49.01382], [4.53482, 49.0261]]], [[[4.52831, 48.99047], [4.53119, 48.99544], [4.5507, 49.00043], [4.55145, 48.99723], [4.55138, 48.99514], [4.5518, 48.99105], [4.55119, 48.99075], [4.55116, 48.9902], [4.5494, 48.99012], [4.54887, 48.98982], [4.5485, 48.9901], [4.54755, 48.99033], [4.54604, 48.99021], [4.54646, 48.99064], [4.54623, 48.9914], [4.54643, 48.99221], [4.54591, 48.99254], [4.54463, 48.99258], [4.5439, 48.99221], [4.54385, 48.99171], [4.54412, 48.99139], [4.54379, 48.99111], [4.54375, 48.99067], [4.54348, 48.99061], [4.54095, 48.99069], [4.5406, 48.99096], [4.53976, 48.99113], [4.53892, 48.99098], [4.53845, 48.99032], [4.53803, 48.9907], [4.53703, 48.9908], [4.53625, 48.99047], [4.53566, 48.99062], [4.53444, 48.99058], [4.53337, 48.9903], [4.53248, 48.99058], [4.53171, 48.9906], [4.53033, 48.99017], [4.52932, 48.99054], [4.52831, 48.99047]]], [[[4.42081, 49.24333], [4.43367, 49.24181], [4.43684, 49.24114], [4.44243, 49.23961], [4.44251, 49.23909], [4.44336, 49.23881], [4.44348, 49.23851], [4.44533, 49.23809], [4.44645, 49.23816], [4.44692, 49.23854], [4.45183, 49.23781], [4.45235, 49.23757], [4.45754, 49.23728], [4.4578, 49.23667], [4.4593, 49.23631], [4.45991, 49.23643], [4.46027, 49.23694], [4.4605, 49.23691], [4.46054, 49.23643], [4.46019, 49.23588], [4.4606, 49.23544], [4.46122, 49.23536], [4.46249, 49.23569], [4.46372, 49.23568], [4.46488, 49.23518], [4.46415, 49.23467], [4.46217, 49.23408], [4.45872, 49.23098], [4.45653, 49.22687], [4.45278, 49.22534], [4.44024, 49.21724], [4.43363, 49.21462], [4.42592, 49.20912], [4.42106, 49.20687], [4.42051, 49.20796], [4.41995, 49.20806], [4.41974, 49.2078], [4.4201, 49.20705], [4.41808, 49.20683], [4.41773, 49.20647], [4.41791, 49.206], [4.41727, 49.20605], [4.41737, 49.20641], [4.4169, 49.20687], [4.41677, 49.20755], [4.41588, 49.20782], [4.41503, 49.20891], [4.41359, 49.20919], [4.41259, 49.21144], [4.41157, 49.21538], [4.41017, 49.21838], [4.41071, 49.2188], [4.41068, 49.22016], [4.41028, 49.22096], [4.40957, 49.22142], [4.40886, 49.22281], [4.40975, 49.22311], [4.40982, 49.22368], [4.41119, 49.22334], [4.41229, 49.22329], [4.41377, 49.22363], [4.42502, 49.22517], [4.42531, 49.22552], [4.42495, 49.2257], [4.42342, 49.22557], [4.41194, 49.22381], [4.4097, 49.22427], [4.40831, 49.2241], [4.40793, 49.2247], [4.40716, 49.22493], [4.40714, 49.22518], [4.40735, 49.22778], [4.40819, 49.22787], [4.40854, 49.22828], [4.4082, 49.22878], [4.40744, 49.22887], [4.40886, 49.23661], [4.40935, 49.23668], [4.40959, 49.2361], [4.41042, 49.23593], [4.41152, 49.23617], [4.4119, 49.2365], [4.41263, 49.2361], [4.41354, 49.23637], [4.41417, 49.23634], [4.41474, 49.23678], [4.4163, 49.23639], [4.41767, 49.23644], [4.4181, 49.23694], [4.41796, 49.23752], [4.41751, 49.23781], [4.41598, 49.23767], [4.41554, 49.23719], [4.41532, 49.2376], [4.41542, 49.23796], [4.41622, 49.23835], [4.41615, 49.23916], [4.41763, 49.23923], [4.41813, 49.23948], [4.41833, 49.23983], [4.41816, 49.24053], [4.41756, 49.24079], [4.41639, 49.24074], [4.4159, 49.24056], [4.41539, 49.2407], [4.41482, 49.24133], [4.41355, 49.24166], [4.41259, 49.24283], [4.41208, 49.24308], [4.41186, 49.24377], [4.4126, 49.24366], [4.41382, 49.24303], [4.41538, 49.24252], [4.41619, 49.24273], [4.41662, 49.24325], [4.41649, 49.24366], [4.41587, 49.24401], [4.4189, 49.24364], [4.41973, 49.24305], [4.42034, 49.24305], [4.42081, 49.24333]], [[4.41865, 49.20862], [4.41879, 49.20924], [4.41835, 49.20943], [4.41776, 49.20928], [4.4178, 49.20862], [4.41865, 49.20862]], [[4.41384, 49.21509], [4.41406, 49.21472], [4.41501, 49.21449], [4.41541, 49.21464], [4.41575, 49.21519], [4.41548, 49.21543], [4.41478, 49.21555], [4.41414, 49.21539], [4.41384, 49.21509]], [[4.41039, 49.2341], [4.41092, 49.23381], [4.4115, 49.23396], [4.41168, 49.23426], [4.41124, 49.23464], [4.41083, 49.23472], [4.41044, 49.23455], [4.41039, 49.2341]]], [[[4.47208, 49.16236], [4.46915, 49.16523], [4.46993, 49.16574], [4.47057, 49.16571], [4.47118, 49.16602], [4.47127, 49.16644], [4.47091, 49.16684], [4.4713, 49.16735], [4.47523, 49.16361], [4.47563, 49.16289], [4.47547, 49.16255], [4.47565, 49.16201], [4.47611, 49.16162], [4.47592, 49.1613], [4.47527, 49.16105], [4.47319, 49.16239], [4.47208, 49.16236]]], [[[4.45873, 49.16693], [4.46054, 49.16707], [4.46018, 49.1668], [4.46014, 49.16647], [4.46088, 49.16603], [4.4616, 49.1662], [4.46185, 49.16657], [4.46239, 49.16685], [4.46248, 49.16718], [4.46499, 49.16706], [4.465, 49.16667], [4.46545, 49.16632], [4.46642, 49.16616], [4.46701, 49.16633], [4.4677, 49.16536], [4.46834, 49.16506], [4.47147, 49.16199], [4.47085, 49.16149], [4.47003, 49.16123], [4.46999, 49.16063], [4.47071, 49.15998], [4.47215, 49.15957], [4.4725, 49.15904], [4.47302, 49.15881], [4.47309, 49.15846], [4.47249, 49.15795], [4.47283, 49.15742], [4.47414, 49.15714], [4.47504, 49.1561], [4.47561, 49.15603], [4.47619, 49.15624], [4.48046, 49.14902], [4.48253, 49.1471], [4.48114, 49.14755], [4.47639, 49.14854], [4.46904, 49.14917], [4.46738, 49.14964], [4.44618, 49.16278], [4.44376, 49.16501], [4.44214, 49.16559], [4.45744, 49.16683], [4.45839, 49.1664], [4.45874, 49.16657], [4.45873, 49.16693]]], [[[4.48829, 49.13723], [4.48844, 49.14176], [4.48803, 49.143], [4.49191, 49.1408], [4.49186, 49.14012], [4.49259, 49.13945], [4.49335, 49.1394], [4.4937, 49.13997], [4.50398, 49.13564], [4.49521, 49.1331], [4.4892, 49.13582], [4.48855, 49.1364], [4.48829, 49.13723]]], [[[4.50965, 49.12625], [4.50738, 49.12768], [4.49601, 49.13274], [4.50481, 49.13529], [4.5052, 49.13513], [4.50457, 49.13466], [4.50429, 49.13411], [4.50501, 49.13354], [4.50593, 49.13359], [4.50674, 49.13448], [4.51385, 49.13154], [4.51811, 49.13051], [4.52377, 49.12882], [4.52406, 49.12819], [4.52471, 49.12768], [4.52434, 49.12736], [4.52362, 49.12775], [4.52298, 49.12779], [4.52208, 49.12715], [4.52159, 49.12639], [4.52182, 49.12568], [4.52153, 49.12528], [4.52209, 49.12471], [4.49716, 49.09916], [4.49682, 49.10006], [4.49602, 49.10047], [4.49534, 49.10044], [4.49551, 49.10239], [4.49609, 49.10247], [4.49606, 49.10203], [4.4966, 49.10149], [4.49738, 49.10142], [4.49791, 49.10166], [4.49803, 49.10215], [4.49748, 49.10267], [4.4982, 49.10288], [4.49963, 49.1043], [4.50119, 49.10531], [4.50351, 49.10826], [4.50363, 49.10899], [4.50281, 49.10968], [4.50246, 49.10966], [4.50226, 49.10944], [4.50284, 49.10884], [4.50275, 49.10846], [4.5005, 49.1056], [4.49896, 49.10462], [4.49758, 49.10326], [4.49551, 49.10294], [4.4956, 49.10507], [4.49505, 49.10527], [4.49461, 49.1047], [4.49469, 49.1027], [4.49363, 49.10164], [4.49148, 49.10245], [4.4896, 49.1007], [4.48941, 49.10063], [4.48979, 49.10116], [4.4891, 49.10151], [4.48798, 49.1009], [4.48802, 49.10055], [4.48865, 49.10025], [4.48917, 49.10043], [4.48925, 49.0998], [4.49005, 49.09954], [4.4915, 49.09857], [4.49047, 49.0983], [4.49004, 49.09799], [4.48816, 49.09831], [4.48819, 49.09887], [4.48719, 49.09967], [4.48648, 49.09971], [4.48567, 49.09925], [4.48642, 49.10117], [4.48748, 49.1022], [4.49401, 49.1065], [4.4962, 49.10888], [4.50048, 49.10977], [4.50481, 49.11402], [4.51319, 49.1182], [4.51414, 49.11927], [4.51434, 49.12066], [4.51492, 49.12052], [4.5156, 49.12076], [4.51604, 49.12058], [4.5166, 49.12061], [4.51796, 49.12189], [4.51779, 49.12252], [4.51616, 49.12308], [4.51566, 49.12291], [4.51539, 49.12256], [4.51543, 49.12219], [4.51581, 49.12193], [4.51554, 49.12167], [4.5146, 49.12184], [4.51395, 49.1214], [4.50965, 49.12625]]], [[[4.49635, 49.09833], [4.49618, 49.09815], [4.49586, 49.09826], [4.49594, 49.09835], [4.49635, 49.09833]]], [[[4.48639, 49.09453], [4.48468, 49.09508], [4.48421, 49.09576], [4.48484, 49.09719], [4.48576, 49.09688], [4.48638, 49.09692], [4.4867, 49.0971], [4.48686, 49.09766], [4.4882, 49.09778], [4.49009, 49.09742], [4.48944, 49.09663], [4.4897, 49.09614], [4.49047, 49.09593], [4.49116, 49.0962], [4.49239, 49.09593], [4.49267, 49.09552], [4.49336, 49.09525], [4.49097, 49.09281], [4.49061, 49.09352], [4.48982, 49.09398], [4.48639, 49.09453]]], [[[4.49261, 49.02926], [4.47835, 49.03061], [4.47396, 49.03132], [4.46996, 49.03219], [4.47218, 49.03843], [4.47252, 49.0387], [4.47307, 49.04007], [4.48793, 49.0376], [4.48876, 49.03725], [4.48999, 49.03726], [4.49971, 49.03577], [4.49717, 49.02855], [4.49261, 49.02926]]], [[[4.4654, 48.98128], [4.46823, 48.98015], [4.46827, 48.97919], [4.46874, 48.97877], [4.46862, 48.97838], [4.46826, 48.97835], [4.46699, 48.97901], [4.4654, 48.98128]]], [[[4.43227, 49.03351], [4.43122, 49.03266], [4.42912, 49.03174], [4.42664, 49.03117], [4.42323, 49.03077], [4.42303, 49.03235], [4.42408, 49.03561], [4.42937, 49.03548], [4.43421, 49.03504], [4.43243, 49.03394], [4.43227, 49.03351]]], [[[4.4025, 49.24615], [4.40317, 49.24592], [4.40205, 49.24579], [4.4025, 49.24615]]], [[[4.41918, 49.20494], [4.41912, 49.2057], [4.41946, 49.20581], [4.4199, 49.20559], [4.42059, 49.20556], [4.42066, 49.20472], [4.41996, 49.20508], [4.41918, 49.20494]]], [[[4.45806, 49.05905], [4.45701, 49.05795], [4.4536, 49.05966], [4.45643, 49.05969], [4.45806, 49.05905]]], [[[4.38975, 49.13107], [4.38832, 49.12477], [4.38754, 49.1236], [4.38491, 49.12191], [4.38692, 49.12436], [4.38869, 49.13058], [4.38966, 49.13161], [4.38975, 49.13107]]], [[[4.46307, 49.06464], [4.46003, 49.06155], [4.4594, 49.06124], [4.45646, 49.06108], [4.45078, 49.06336], [4.45208, 49.06367], [4.45298, 49.06417], [4.45392, 49.06597], [4.45452, 49.06652], [4.45529, 49.06679], [4.45614, 49.06682], [4.45723, 49.0665], [4.46129, 49.06447], [4.46224, 49.06432], [4.46307, 49.06464]]], [[[4.45346, 49.06658], [4.45249, 49.06468], [4.45205, 49.06432], [4.45072, 49.0639], [4.44949, 49.06409], [4.38764, 49.0902], [4.37381, 49.09637], [4.3638, 49.10344], [4.36306, 49.10428], [4.36317, 49.10454], [4.36536, 49.10532], [4.37204, 49.10718], [4.37386, 49.10819], [4.37659, 49.1107], [4.37786, 49.11253], [4.3804, 49.11821], [4.38825, 49.12333], [4.38918, 49.1248], [4.39058, 49.13119], [4.39004, 49.13297], [4.38792, 49.13744], [4.38862, 49.1398], [4.38913, 49.14048], [4.39658, 49.14712], [4.39803, 49.14903], [4.41073, 49.15741], [4.42018, 49.16194], [4.4218, 49.16239], [4.44142, 49.1649], [4.4428, 49.16456], [4.44543, 49.1622], [4.46668, 49.14906], [4.4682, 49.14856], [4.47611, 49.14788], [4.48091, 49.14691], [4.4818, 49.14654], [4.48446, 49.14483], [4.48692, 49.14274], [4.48724, 49.14141], [4.48723, 49.13691], [4.48753, 49.13606], [4.48801, 49.13554], [4.49009, 49.13446], [4.50765, 49.12668], [4.50983, 49.12493], [4.51335, 49.12049], [4.51317, 49.11947], [4.51224, 49.11852], [4.50395, 49.1144], [4.49978, 49.11025], [4.49561, 49.10945], [4.49328, 49.10698], [4.48702, 49.10288], [4.48573, 49.10179], [4.48326, 49.09611], [4.48327, 49.09533], [4.48385, 49.09466], [4.4851, 49.09412], [4.4895, 49.09329], [4.48989, 49.09285], [4.48975, 49.09232], [4.46414, 49.06617], [4.46212, 49.06486], [4.45767, 49.06696], [4.4563, 49.06735], [4.45448, 49.06715], [4.45346, 49.06658]], [[4.39462, 49.13328], [4.39504, 49.1329], [4.39593, 49.13277], [4.39661, 49.13302], [4.3968, 49.13342], [4.39635, 49.13396], [4.39567, 49.13411], [4.39477, 49.13374], [4.39462, 49.13328]], [[4.39384, 49.13415], [4.39314, 49.13439], [4.39131, 49.1341], [4.39088, 49.13372], [4.39099, 49.13324], [4.39205, 49.13285], [4.39348, 49.13308], [4.39402, 49.13359], [4.39384, 49.13415]], [[4.4044, 49.13466], [4.4037, 49.13477], [4.40273, 49.13446], [4.40239, 49.13403], [4.40259, 49.13363], [4.4033, 49.13338], [4.40424, 49.13339], [4.40477, 49.13359], [4.40502, 49.13412], [4.4044, 49.13466]], [[4.41812, 49.13528], [4.41776, 49.13508], [4.41531, 49.13593], [4.41518, 49.13644], [4.41443, 49.13673], [4.4138, 49.13666], [4.41307, 49.13617], [4.41403, 49.13428], [4.41467, 49.13396], [4.41524, 49.13403], [4.41608, 49.13447], [4.41651, 49.134], [4.41719, 49.13369], [4.41866, 49.13399], [4.41937, 49.13445], [4.41943, 49.13487], [4.41883, 49.1353], [4.41812, 49.13528]], [[4.40073, 49.13817], [4.40021, 49.13854], [4.39958, 49.13857], [4.39897, 49.13826], [4.39888, 49.1378], [4.39943, 49.13741], [4.40007, 49.13738], [4.40068, 49.13775], [4.40073, 49.13817]], [[4.4046, 49.14144], [4.40392, 49.14157], [4.4033, 49.14134], [4.40315, 49.14093], [4.40352, 49.14048], [4.40413, 49.14038], [4.40476, 49.14062], [4.40491, 49.14102], [4.4046, 49.14144]], [[4.45165, 49.14006], [4.45132, 49.14041], [4.4506, 49.14058], [4.45003, 49.14039], [4.4498, 49.13994], [4.4501, 49.13957], [4.45088, 49.13938], [4.4515, 49.13962], [4.45165, 49.14006]]], [[[4.46299, 49.1677], [4.46428, 49.16891], [4.46476, 49.16867], [4.4643, 49.16763], [4.46299, 49.1677]]], [[[4.46056, 49.17439], [4.46065, 49.1744], [4.46058, 49.17437], [4.46056, 49.17439]]], [[[4.46577, 49.1763], [4.46605, 49.17697], [4.46753, 49.1748], [4.46665, 49.17477], [4.46584, 49.17506], [4.46505, 49.17492], [4.46462, 49.17566], [4.46577, 49.1763]]], [[[4.43222, 49.30261], [4.43212, 49.30254], [4.43224, 49.30262], [4.43222, 49.30261]]], [[[4.39994, 49.30474], [4.39931, 49.30596], [4.39893, 49.30679], [4.40056, 49.30574], [4.40046, 49.30512], [4.39994, 49.30474]]], [[[4.42393, 49.29941], [4.42399, 49.29935], [4.42381, 49.29944], [4.42393, 49.29941]]], [[[4.40519, 48.94031], [4.40519, 48.94031], [4.40519, 48.94032], [4.40519, 48.94031]]], [[[4.43171, 48.9111], [4.43297, 48.9122], [4.43411, 48.91091], [4.43307, 48.9111], [4.43171, 48.9111]]], [[[4.4646, 48.97625], [4.46467, 48.97611], [4.46427, 48.97619], [4.4646, 48.97625]]], [[[4.50301, 48.98598], [4.50335, 48.98601], [4.50339, 48.98588], [4.5032, 48.98595], [4.50301, 48.98598]]], [[[4.50209, 48.98588], [4.50233, 48.9859], [4.50219, 48.98584], [4.50209, 48.98588]]], [[[4.50006, 48.98599], [4.49721, 48.98576], [4.49644, 48.98532], [4.49588, 48.98524], [4.49541, 48.98544], [4.49465, 48.98547], [4.49445, 48.98607], [4.4988, 48.98719], [4.49862, 48.9867], [4.49878, 48.98633], [4.50006, 48.98599]]], [[[4.47639, 48.9767], [4.47634, 48.97712], [4.47714, 48.97685], [4.47694, 48.97642], [4.47639, 48.9767]]], [[[4.5008, 48.98628], [4.50072, 48.9865], [4.50104, 48.98631], [4.5008, 48.98628]]], [[[4.52747, 48.99047], [4.5245, 48.98979], [4.52334, 48.98899], [4.52266, 48.98896], [4.52253, 48.99001], [4.52196, 48.9902], [4.52114, 48.99012], [4.52135, 48.99208], [4.52065, 48.99278], [4.53005, 48.99515], [4.52747, 48.99047]]], [[[4.52188, 49.12332], [4.52202, 49.12322], [4.52142, 49.12262], [4.52118, 49.12277], [4.52188, 49.12332]]], [[[4.49248, 49.04599], [4.49263, 49.04602], [4.49264, 49.04598], [4.49248, 49.04599]]], [[[4.49834, 49.04585], [4.49683, 49.0458], [4.49723, 49.04616], [4.49781, 49.04617], [4.49834, 49.04585]]], [[[4.5044, 49.04627], [4.50423, 49.04629], [4.50425, 49.04635], [4.5044, 49.04627]]], [[[4.49308, 49.09903], [4.49271, 49.09867], [4.49208, 49.09895], [4.49246, 49.09936], [4.49308, 49.09903]]], [[[4.49464, 49.10169], [4.49451, 49.10053], [4.49403, 49.10023], [4.49374, 49.10033], [4.49387, 49.10086], [4.49464, 49.10169]]], [[[4.4917, 49.10181], [4.4929, 49.10131], [4.49233, 49.10117], [4.49191, 49.10077], [4.49119, 49.10129], [4.4917, 49.10181]]], [[[4.49082, 49.09974], [4.491, 49.09997], [4.49166, 49.09954], [4.49146, 49.09932], [4.49082, 49.09974]]], [[[4.47901, 49.15949], [4.47907, 49.1594], [4.47904, 49.1594], [4.47901, 49.15949]]], [[[4.53627, 49.06355], [4.53656, 49.06373], [4.53708, 49.06377], [4.53696, 49.06353], [4.53627, 49.06355]]], [[[4.50426, 49.23852], [4.50494, 49.23826], [4.50396, 49.23816], [4.50426, 49.23852]]], [[[4.49728, 49.23681], [4.4976, 49.23705], [4.49797, 49.23695], [4.49741, 49.23661], [4.49728, 49.23681]]], [[[4.63867, 49.27058], [4.63943, 49.2712], [4.64008, 49.27116], [4.64062, 49.27145], [4.641, 49.27238], [4.64041, 49.27294], [4.64064, 49.27312], [4.64144, 49.2731], [4.64206, 49.27351], [4.64226, 49.27386], [4.64205, 49.27423], [4.64547, 49.27689], [4.65074, 49.27935], [4.65315, 49.28134], [4.6537, 49.27914], [4.65485, 49.2781], [4.65638, 49.27613], [4.65791, 49.27482], [4.66017, 49.27333], [4.66115, 49.26934], [4.66204, 49.26813], [4.663, 49.26745], [4.66316, 49.26604], [4.6626, 49.26582], [4.66186, 49.26504], [4.6606, 49.26528], [4.66075, 49.26621], [4.65978, 49.26688], [4.65815, 49.2669], [4.65767, 49.26661], [4.65755, 49.26627], [4.65492, 49.2664], [4.65478, 49.26672], [4.65358, 49.26712], [4.65291, 49.26683], [4.64717, 49.26701], [4.64736, 49.26739], [4.64719, 49.26762], [4.64575, 49.26803], [4.64507, 49.2685], [4.64413, 49.26859], [4.64104, 49.27022], [4.64011, 49.2702], [4.63984, 49.26991], [4.63867, 49.27058]]], [[[4.65929, 49.26459], [4.6585, 49.26568], [4.65947, 49.26486], [4.65929, 49.26459]]], [[[4.66425, 49.26446], [4.665, 49.26375], [4.6657, 49.26362], [4.66507, 49.26338], [4.66288, 49.26327], [4.66268, 49.26362], [4.6631, 49.26353], [4.6635, 49.26366], [4.66375, 49.26439], [4.66425, 49.26446]]], [[[4.65967, 49.2641], [4.6604, 49.26403], [4.66137, 49.26355], [4.66217, 49.26297], [4.66211, 49.2624], [4.6611, 49.26289], [4.65967, 49.2641]]], [[[4.64335, 49.23547], [4.66155, 49.24049], [4.6721, 49.24159], [4.67319, 49.2415], [4.67473, 49.24032], [4.68697, 49.22913], [4.69875, 49.22428], [4.69997, 49.22291], [4.70326, 49.22264], [4.70433, 49.22289], [4.70493, 49.22278], [4.70989, 49.22022], [4.71057, 49.21934], [4.71214, 49.21894], [4.71274, 49.2186], [4.71376, 49.21762], [4.71433, 49.21645], [4.71407, 49.21395], [4.71485, 49.21181], [4.71697, 49.21077], [4.72148, 49.20967], [4.72272, 49.20913], [4.7242, 49.20812], [4.72671, 49.2058], [4.7274, 49.20147], [4.72697, 49.19922], [4.71694, 49.19226], [4.71593, 49.19348], [4.71558, 49.19555], [4.71492, 49.19698], [4.71444, 49.19742], [4.71383, 49.19762], [4.71286, 49.19766], [4.70756, 49.19683], [4.70523, 49.19706], [4.70109, 49.19689], [4.69726, 49.19628], [4.68078, 49.19815], [4.68193, 49.19923], [4.6831, 49.19936], [4.68337, 49.1996], [4.68297, 49.19988], [4.68136, 49.19963], [4.67995, 49.19827], [4.67998, 49.1979], [4.68034, 49.19767], [4.69716, 49.19575], [4.70121, 49.19635], [4.70394, 49.19652], [4.70767, 49.19629], [4.71357, 49.19711], [4.71416, 49.19675], [4.71477, 49.19544], [4.71515, 49.1933], [4.71633, 49.19188], [4.7117, 49.18889], [4.70885, 49.18644], [4.70851, 49.18594], [4.70802, 49.18207], [4.70436, 49.17963], [4.69593, 49.17139], [4.68748, 49.17217], [4.68681, 49.17245], [4.68642, 49.17234], [4.68641, 49.17202], [4.68727, 49.17165], [4.69566, 49.17087], [4.69083, 49.16842], [4.68876, 49.16579], [4.68681, 49.16392], [4.68138, 49.15983], [4.67982, 49.15911], [4.67953, 49.15871], [4.67942, 49.15781], [4.67897, 49.15723], [4.67039, 49.15254], [4.66875, 49.15146], [4.66837, 49.15095], [4.66767, 49.1476], [4.66511, 49.14561], [4.66476, 49.14587], [4.66429, 49.14578], [4.66422, 49.14556], [4.66456, 49.14518], [4.65877, 49.14034], [4.65827, 49.1402], [4.65844, 49.13985], [4.65824, 49.13663], [4.65782, 49.13578], [4.65688, 49.13502], [4.65252, 49.13382], [4.64435, 49.1328], [4.64392, 49.13408], [4.64335, 49.13436], [4.63852, 49.13383], [4.63445, 49.13387], [4.63412, 49.1336], [4.63445, 49.13334], [4.63817, 49.13327], [4.63691, 49.1324], [4.63677, 49.1317], [4.62784, 49.13123], [4.61861, 49.13018], [4.61152, 49.12848], [4.61079, 49.12876], [4.60858, 49.13133], [4.60767, 49.13162], [4.60637, 49.13149], [4.60639, 49.13166], [4.61141, 49.13584], [4.61486, 49.13657], [4.61605, 49.13618], [4.61642, 49.13623], [4.61648, 49.13661], [4.61537, 49.13709], [4.61408, 49.137], [4.6109, 49.13627], [4.6057, 49.13195], [4.60556, 49.13136], [4.59911, 49.13026], [4.59878, 49.13036], [4.59604, 49.13314], [4.59503, 49.13336], [4.59302, 49.13317], [4.5922, 49.13328], [4.58932, 49.13443], [4.58842, 49.13438], [4.58418, 49.13352], [4.57136, 49.13302], [4.56933, 49.13299], [4.56872, 49.13314], [4.56589, 49.13484], [4.56211, 49.13844], [4.55801, 49.13961], [4.55267, 49.14482], [4.54856, 49.1485], [4.54043, 49.15491], [4.54472, 49.1738], [4.54585, 49.17458], [4.55713, 49.17778], [4.56015, 49.17816], [4.56109, 49.17871], [4.56135, 49.17926], [4.56115, 49.19022], [4.56205, 49.19492], [4.5623, 49.19549], [4.56654, 49.19797], [4.57399, 49.20057], [4.57448, 49.19904], [4.57646, 49.19663], [4.5771, 49.19624], [4.57793, 49.19626], [4.58358, 49.19754], [4.58848, 49.19922], [4.58969, 49.19927], [4.59271, 49.20086], [4.59435, 49.20139], [4.59702, 49.20199], [4.60025, 49.2022], [4.6029, 49.20343], [4.60315, 49.20391], [4.60297, 49.20413], [4.60236, 49.20422], [4.60144, 49.20387], [4.60163, 49.20348], [4.59995, 49.2027], [4.59687, 49.20252], [4.59404, 49.20189], [4.59224, 49.20131], [4.58927, 49.19975], [4.5882, 49.19974], [4.58324, 49.19803], [4.57742, 49.19676], [4.57513, 49.19954], [4.57492, 49.20051], [4.57566, 49.20042], [4.5759, 49.20076], [4.5747, 49.20113], [4.57532, 49.20257], [4.57593, 49.20279], [4.57602, 49.20315], [4.57522, 49.20456], [4.57313, 49.20669], [4.57244, 49.20796], [4.57148, 49.20865], [4.5709, 49.2086], [4.56573, 49.21929], [4.56558, 49.2203], [4.56626, 49.22122], [4.5657, 49.22202], [4.56544, 49.22366], [4.56786, 49.22571], [4.56925, 49.22642], [4.57125, 49.22703], [4.5765, 49.228], [4.57872, 49.23042], [4.5795, 49.23083], [4.58531, 49.23199], [4.59042, 49.23145], [4.59311, 49.23087], [4.59635, 49.23068], [4.59867, 49.23085], [4.60187, 49.23214], [4.60301, 49.23279], [4.60876, 49.23794], [4.60971, 49.23836], [4.61011, 49.23817], [4.61119, 49.2385], [4.61587, 49.23826], [4.63935, 49.23494], [4.6408, 49.235], [4.64335, 49.23547]], [[4.56477, 49.14145], [4.56532, 49.14115], [4.56616, 49.14122], [4.56673, 49.142], [4.56734, 49.14202], [4.56778, 49.14224], [4.56809, 49.14268], [4.56792, 49.14309], [4.56699, 49.14338], [4.56473, 49.1428], [4.56441, 49.14232], [4.56477, 49.14145]], [[4.62972, 49.14655], [4.63013, 49.14642], [4.63045, 49.14658], [4.63231, 49.1467], [4.63362, 49.14757], [4.63648, 49.154], [4.64097, 49.15229], [4.64144, 49.15238], [4.64142, 49.15272], [4.63716, 49.15446], [4.63636, 49.15455], [4.63592, 49.1544], [4.63291, 49.14785], [4.63203, 49.14722], [4.63002, 49.14707], [4.62972, 49.14655]], [[4.65787, 49.16848], [4.65827, 49.16887], [4.65812, 49.16933], [4.65757, 49.16955], [4.65679, 49.16945], [4.65645, 49.16909], [4.6566, 49.16863], [4.65715, 49.16841], [4.65787, 49.16848]], [[4.65735, 49.17697], [4.65736, 49.17744], [4.6567, 49.17786], [4.65563, 49.17763], [4.65524, 49.1773], [4.65543, 49.17676], [4.65594, 49.17651], [4.65651, 49.17654], [4.65735, 49.17697]], [[4.62411, 49.18012], [4.62361, 49.1806], [4.62283, 49.18066], [4.62123, 49.17997], [4.62108, 49.17943], [4.6217, 49.17891], [4.62241, 49.17886], [4.62394, 49.17967], [4.62411, 49.18012]], [[4.64669, 49.2172], [4.64617, 49.21717], [4.64557, 49.21671], [4.6457, 49.21632], [4.64623, 49.21612], [4.64676, 49.21619], [4.64724, 49.21664], [4.64716, 49.21693], [4.64669, 49.2172]], [[4.68268, 49.22262], [4.68328, 49.22251], [4.68408, 49.22272], [4.68431, 49.22312], [4.684, 49.2236], [4.68334, 49.22374], [4.68253, 49.22353], [4.68231, 49.22307], [4.68268, 49.22262]]], [[[4.71215, 49.18567], [4.70896, 49.1822], [4.70932, 49.18585], [4.70953, 49.18614], [4.7123, 49.18852], [4.71927, 49.19297], [4.72476, 49.19682], [4.72042, 49.19251], [4.71795, 49.18902], [4.71684, 49.18606], [4.71546, 49.18594], [4.71301, 49.18608], [4.71215, 49.18567]]], [[[4.69854, 49.1725], [4.69734, 49.17122], [4.69678, 49.17129], [4.70503, 49.17931], [4.70735, 49.18082], [4.70745, 49.18069], [4.70262, 49.17427], [4.70201, 49.17387], [4.69854, 49.1725]]], [[[4.68989, 49.16604], [4.69145, 49.16806], [4.69599, 49.17027], [4.69649, 49.17078], [4.69679, 49.17074], [4.68989, 49.16604]]], [[[4.68173, 49.15803], [4.68067, 49.15888], [4.68195, 49.15945], [4.68581, 49.16233], [4.68317, 49.15869], [4.68173, 49.15803]]], [[[4.68017, 49.15757], [4.68029, 49.15812], [4.68031, 49.15839], [4.68096, 49.1578], [4.68017, 49.15757]]], [[[4.67031, 49.14795], [4.66992, 49.14836], [4.67097, 49.14933], [4.67051, 49.14852], [4.67031, 49.14795]]], [[[4.66835, 49.14635], [4.66831, 49.14709], [4.66937, 49.14792], [4.67017, 49.1472], [4.67003, 49.14689], [4.66893, 49.14627], [4.66835, 49.14635]]], [[[4.59357, 49.11146], [4.62413, 49.10864], [4.66185, 49.10161], [4.66321, 49.10122], [4.66236, 49.09936], [4.66273, 49.0977], [4.662, 49.09569], [4.66216, 49.09453], [4.66132, 49.09249], [4.66119, 49.09073], [4.65849, 49.08646], [4.65575, 49.08399], [4.65278, 49.07633], [4.64974, 49.07363], [4.64907, 49.07276], [4.64899, 49.07163], [4.64954, 49.07014], [4.64932, 49.06901], [4.64775, 49.06933], [4.64621, 49.06851], [4.63899, 49.07312], [4.6326, 49.07619], [4.62968, 49.07827], [4.62066, 49.08824], [4.61993, 49.08835], [4.61786, 49.08747], [4.60584, 49.09765], [4.59703, 49.1021], [4.59396, 49.10449], [4.59076, 49.10654], [4.58997, 49.10682], [4.58928, 49.10739], [4.58876, 49.10749], [4.58785, 49.1083], [4.58765, 49.10876], [4.58632, 49.10966], [4.58481, 49.11117], [4.5854, 49.11232], [4.5863, 49.11205], [4.58702, 49.11248], [4.59357, 49.11146]]], [[[4.65085, 49.06794], [4.65047, 49.06825], [4.65157, 49.06881], [4.65163, 49.06827], [4.65245, 49.06786], [4.65341, 49.06817], [4.65365, 49.06861], [4.65314, 49.06915], [4.65246, 49.06926], [4.65319, 49.0697], [4.65315, 49.06993], [4.65281, 49.07005], [4.65006, 49.06873], [4.65036, 49.07018], [4.6498, 49.07171], [4.64986, 49.0726], [4.65352, 49.0761], [4.65652, 49.0838], [4.65921, 49.08619], [4.66197, 49.09057], [4.66213, 49.09242], [4.66299, 49.09447], [4.66282, 49.09561], [4.66353, 49.09755], [4.66607, 49.09919], [4.66697, 49.09893], [4.66885, 49.09792], [4.66972, 49.09676], [4.67025, 49.09501], [4.67065, 49.09487], [4.67101, 49.09505], [4.67051, 49.09692], [4.66971, 49.09803], [4.66864, 49.09887], [4.66674, 49.09959], [4.667, 49.09989], [4.66763, 49.09982], [4.66834, 49.10008], [4.66886, 49.09983], [4.67004, 49.09984], [4.67132, 49.10024], [4.67408, 49.09992], [4.67579, 49.09897], [4.6768, 49.09904], [4.67995, 49.0966], [4.68156, 49.09609], [4.70475, 49.09536], [4.71754, 49.09266], [4.71932, 49.09273], [4.72191, 49.09377], [4.7228, 49.09363], [4.72291, 49.09326], [4.72357, 49.09272], [4.72462, 49.09281], [4.72476, 49.09269], [4.72423, 49.09244], [4.72402, 49.0921], [4.72456, 49.09137], [4.72507, 49.09117], [4.72483, 49.0907], [4.7239, 49.08986], [4.72307, 49.08983], [4.72258, 49.08935], [4.72297, 49.08874], [4.72256, 49.08779], [4.72304, 49.08716], [4.71951, 49.08427], [4.71422, 49.07764], [4.70545, 49.06271], [4.70479, 49.06034], [4.69305, 49.05783], [4.68799, 49.05652], [4.67404, 49.05125], [4.67098, 49.05333], [4.66429, 49.05648], [4.65762, 49.06085], [4.65376, 49.06206], [4.65456, 49.06248], [4.65479, 49.06354], [4.65422, 49.06411], [4.65326, 49.06426], [4.65285, 49.06478], [4.65169, 49.0651], [4.65155, 49.06547], [4.65033, 49.06641], [4.65026, 49.06673], [4.65102, 49.06722], [4.65085, 49.06794]]], [[[4.64415, 49.06547], [4.64584, 49.06586], [4.64655, 49.06546], [4.64663, 49.06499], [4.64708, 49.06465], [4.64811, 49.06475], [4.64844, 49.06433], [4.64894, 49.06416], [4.64988, 49.06438], [4.65013, 49.06388], [4.6507, 49.06366], [4.65321, 49.06167], [4.65711, 49.06042], [4.66374, 49.05608], [4.67047, 49.0529], [4.67331, 49.05099], [4.66496, 49.04857], [4.65599, 49.04672], [4.65199, 49.04571], [4.63821, 49.04092], [4.6311, 49.0484], [4.63436, 49.05076], [4.64348, 49.06098], [4.6444, 49.06248], [4.64409, 49.06524], [4.64415, 49.06547]], [[4.64608, 49.06343], [4.64602, 49.06299], [4.64643, 49.06266], [4.64706, 49.06262], [4.64761, 49.0629], [4.64767, 49.06331], [4.64726, 49.06367], [4.64662, 49.06371], [4.64608, 49.06343]]], [[[4.62871, 48.98094], [4.63541, 48.98257], [4.64348, 48.97956], [4.64079, 48.97767], [4.63594, 48.97298], [4.6299, 48.96774], [4.62353, 48.96533], [4.62221, 48.96548], [4.62178, 48.966], [4.62082, 48.96648], [4.61483, 48.97077], [4.61105, 48.973], [4.60634, 48.97476], [4.60338, 48.97651], [4.59796, 48.98168], [4.62756, 48.98082], [4.62871, 48.98094]]], [[[4.62931, 48.96543], [4.62967, 48.96408], [4.62919, 48.96452], [4.62854, 48.96476], [4.62553, 48.96449], [4.62486, 48.96421], [4.62412, 48.96461], [4.62433, 48.96511], [4.62893, 48.96664], [4.62945, 48.96587], [4.62931, 48.96543]]], [[[4.58787, 49.23349], [4.58711, 49.23321], [4.58501, 49.23362], [4.58406, 49.23476], [4.58787, 49.23349]]], [[[4.56521, 49.24194], [4.566, 49.24102], [4.56707, 49.24047], [4.5672, 49.23991], [4.56757, 49.23962], [4.56821, 49.23957], [4.5689, 49.23985], [4.57733, 49.23703], [4.57664, 49.2369], [4.57271, 49.23527], [4.55444, 49.22742], [4.5536, 49.2273], [4.54917, 49.22762], [4.54747, 49.22726], [4.55401, 49.24018], [4.55473, 49.24136], [4.55618, 49.24286], [4.5582, 49.24439], [4.5592, 49.24366], [4.56029, 49.2435], [4.56093, 49.24371], [4.56132, 49.24437], [4.56216, 49.24449], [4.56521, 49.24194]], [[4.56081, 49.2413], [4.56159, 49.24068], [4.56233, 49.24093], [4.56226, 49.2412], [4.56155, 49.24169], [4.56106, 49.24163], [4.56081, 49.2413]]], [[[4.5499, 49.20972], [4.54569, 49.21155], [4.54343, 49.21228], [4.54326, 49.21262], [4.54349, 49.21858], [4.5461, 49.22401], [4.54772, 49.22667], [4.54897, 49.22708], [4.55361, 49.22676], [4.55482, 49.22694], [4.57723, 49.23647], [4.57868, 49.23636], [4.58251, 49.23509], [4.58315, 49.23475], [4.58412, 49.23344], [4.5851, 49.23297], [4.58776, 49.2327], [4.58845, 49.23306], [4.58879, 49.23349], [4.59356, 49.2409], [4.59453, 49.24229], [4.59537, 49.24298], [4.59604, 49.24314], [4.59724, 49.24303], [4.60649, 49.24079], [4.60736, 49.24072], [4.61449, 49.24149], [4.63012, 49.24361], [4.63308, 49.2443], [4.63491, 49.24502], [4.64134, 49.24903], [4.64527, 49.25108], [4.65115, 49.25303], [4.6538, 49.25353], [4.6579, 49.25499], [4.65943, 49.25532], [4.66101, 49.25487], [4.66435, 49.25242], [4.66521, 49.25232], [4.66702, 49.25262], [4.6678, 49.25236], [4.66943, 49.25013], [4.67373, 49.24552], [4.67389, 49.24312], [4.67328, 49.24243], [4.6631, 49.24151], [4.6604, 49.24103], [4.64143, 49.23588], [4.63968, 49.2357], [4.63392, 49.23653], [4.63094, 49.23776], [4.62686, 49.23806], [4.62428, 49.23799], [4.61577, 49.23911], [4.611, 49.23933], [4.60818, 49.23833], [4.60241, 49.23316], [4.59833, 49.23134], [4.59636, 49.23122], [4.59325, 49.23141], [4.59063, 49.23198], [4.58529, 49.23253], [4.57922, 49.23134], [4.57804, 49.23073], [4.57597, 49.22842], [4.571, 49.22754], [4.56885, 49.22689], [4.56726, 49.22608], [4.56544, 49.22456], [4.56518, 49.2253], [4.5632, 49.22727], [4.55745, 49.22735], [4.55679, 49.22681], [4.55695, 49.22568], [4.55544, 49.2244], [4.55516, 49.22401], [4.55529, 49.22376], [4.55742, 49.2233], [4.55912, 49.22267], [4.56062, 49.22273], [4.56374, 49.22378], [4.5644, 49.2238], [4.56423, 49.22253], [4.56335, 49.22169], [4.56251, 49.21875], [4.56354, 49.21402], [4.5626, 49.21136], [4.56169, 49.21039], [4.55967, 49.20923], [4.55512, 49.2059], [4.55309, 49.20699], [4.5525, 49.20755], [4.55189, 49.20758], [4.55156, 49.20719], [4.55146, 49.20764], [4.55016, 49.2082], [4.54986, 49.20854], [4.5499, 49.20972]]], [[[4.56408, 49.21607], [4.56346, 49.21765], [4.56334, 49.2187], [4.56414, 49.22154], [4.56483, 49.22215], [4.56544, 49.22112], [4.56478, 49.22044], [4.56472, 49.21964], [4.57015, 49.20839], [4.5669, 49.20745], [4.56661, 49.20748], [4.56354, 49.2105], [4.56342, 49.21174], [4.56437, 49.21397], [4.56408, 49.21607]]], [[[4.57332, 49.11924], [4.57396, 49.11995], [4.57419, 49.11964], [4.57332, 49.11924]]], [[[4.57357, 49.11862], [4.57383, 49.11812], [4.5745, 49.11788], [4.57465, 49.11758], [4.57321, 49.11835], [4.57264, 49.11845], [4.57289, 49.11877], [4.57357, 49.11862]]], [[[4.55705, 49.17844], [4.5453, 49.17513], [4.54451, 49.17477], [4.54606, 49.18169], [4.54678, 49.18131], [4.54746, 49.18135], [4.54787, 49.18161], [4.54791, 49.18229], [4.54742, 49.18264], [4.5487, 49.18339], [4.54938, 49.18405], [4.54912, 49.18498], [4.54988, 49.18503], [4.55035, 49.18537], [4.55029, 49.18588], [4.54969, 49.18616], [4.5602, 49.19354], [4.56038, 49.17928], [4.55977, 49.17874], [4.55705, 49.17844]]], [[[4.54426, 49.14847], [4.54091, 49.1479], [4.5384, 49.14888], [4.53972, 49.15437], [4.54742, 49.14831], [4.54426, 49.14847]]], [[[4.54459, 49.14796], [4.54802, 49.14782], [4.55281, 49.14365], [4.55737, 49.13904], [4.55848, 49.13833], [4.56073, 49.13568], [4.55654, 49.13265], [4.55586, 49.13302], [4.55522, 49.13302], [4.55445, 49.13249], [4.5535, 49.13249], [4.55219, 49.13158], [4.55143, 49.13156], [4.55049, 49.13094], [4.54961, 49.13133], [4.54949, 49.13182], [4.54892, 49.13231], [4.54844, 49.13245], [4.54864, 49.13282], [4.54843, 49.13319], [4.54796, 49.13339], [4.5474, 49.13335], [4.5469, 49.13279], [4.54747, 49.1323], [4.54624, 49.1312], [4.54611, 49.13083], [4.54532, 49.13059], [4.54519, 49.13006], [4.54337, 49.12955], [4.54241, 49.12954], [4.54008, 49.13108], [4.53836, 49.1317], [4.53928, 49.13201], [4.53957, 49.13251], [4.54032, 49.13297], [4.54328, 49.13417], [4.54364, 49.13462], [4.54348, 49.13506], [4.54407, 49.1354], [4.54448, 49.13509], [4.54504, 49.13501], [4.54676, 49.13565], [4.54703, 49.13614], [4.54651, 49.13672], [4.54601, 49.13689], [4.54546, 49.13682], [4.54291, 49.13545], [4.54237, 49.13563], [4.54156, 49.13553], [4.53731, 49.13349], [4.53719, 49.13386], [4.53675, 49.13412], [4.5371, 49.13459], [4.53667, 49.13512], [4.53599, 49.13526], [4.53512, 49.13492], [4.53546, 49.13545], [4.53533, 49.13581], [4.53583, 49.13793], [4.53683, 49.13817], [4.53716, 49.13853], [4.53688, 49.13904], [4.53613, 49.13921], [4.53826, 49.1483], [4.54023, 49.14748], [4.54094, 49.14736], [4.54459, 49.14796]]], [[[4.54649, 49.12698], [4.54699, 49.12736], [4.54751, 49.12843], [4.5478, 49.12849], [4.54893, 49.12762], [4.54954, 49.12751], [4.55041, 49.12791], [4.55197, 49.12914], [4.55222, 49.12886], [4.5494, 49.12708], [4.54879, 49.12742], [4.54835, 49.12735], [4.54829, 49.12703], [4.54893, 49.12662], [4.54768, 49.12575], [4.54649, 49.12698]]], [[[4.55438, 49.13034], [4.55405, 49.1302], [4.55463, 49.13052], [4.55438, 49.13034]]], [[[4.56125, 49.13524], [4.56309, 49.13381], [4.56203, 49.13326], [4.56153, 49.1336], [4.56216, 49.13407], [4.56212, 49.13454], [4.56152, 49.1349], [4.56076, 49.13485], [4.56125, 49.13524]]], [[[4.56157, 49.13582], [4.55906, 49.13871], [4.56152, 49.13806], [4.56501, 49.13473], [4.56375, 49.13414], [4.56157, 49.13582]]], [[[4.54962, 49.20113], [4.54483, 49.20306], [4.54311, 49.20391], [4.54331, 49.2117], [4.54527, 49.21109], [4.54914, 49.20947], [4.54917, 49.20814], [4.55065, 49.20735], [4.55072, 49.20696], [4.55152, 49.20662], [4.55223, 49.20685], [4.55465, 49.20539], [4.55277, 49.2029], [4.55017, 49.20253], [4.54984, 49.20216], [4.54995, 49.20146], [4.54962, 49.20113]]], [[[4.55993, 49.19414], [4.54843, 49.18608], [4.54806, 49.18599], [4.54764, 49.18648], [4.54681, 49.18651], [4.54586, 49.18687], [4.54531, 49.18679], [4.54467, 49.18634], [4.54385, 49.18668], [4.54303, 49.18646], [4.54229, 49.1866], [4.54272, 49.20335], [4.54885, 49.20086], [4.55993, 49.19414]]], [[[4.55752, 49.19786], [4.56117, 49.19568], [4.56054, 49.1945], [4.55023, 49.20076], [4.55076, 49.20134], [4.55069, 49.20208], [4.55306, 49.20239], [4.55478, 49.20156], [4.55584, 49.20059], [4.55752, 49.19786]]], [[[4.53964, 49.24234], [4.54238, 49.24346], [4.54284, 49.24314], [4.54354, 49.24314], [4.54406, 49.24359], [4.54382, 49.24408], [4.54429, 49.24427], [4.54735, 49.24487], [4.5491, 49.24544], [4.5497, 49.24511], [4.55107, 49.24518], [4.55314, 49.24585], [4.55427, 49.24647], [4.55468, 49.246], [4.55557, 49.24585], [4.55571, 49.24542], [4.55532, 49.24455], [4.55095, 49.23585], [4.55062, 49.23618], [4.55008, 49.2363], [4.54956, 49.23616], [4.54922, 49.23583], [4.54905, 49.23535], [4.54927, 49.23485], [4.54976, 49.23458], [4.5503, 49.23455], [4.54429, 49.2227], [4.54404, 49.22268], [4.51342, 49.23727], [4.52166, 49.2393], [4.52413, 49.24044], [4.52535, 49.24081], [4.53153, 49.24112], [4.53801, 49.24192], [4.53964, 49.24234]]], [[[4.55281, 49.12607], [4.55407, 49.12704], [4.55484, 49.12688], [4.55595, 49.12734], [4.55584, 49.12646], [4.55375, 49.12497], [4.55281, 49.12607]]], [[[4.55218, 49.12572], [4.55222, 49.1257], [4.55204, 49.12563], [4.55218, 49.12572]]], [[[4.55697, 49.12883], [4.56086, 49.12583], [4.55574, 49.12313], [4.55388, 49.12428], [4.55661, 49.12624], [4.55684, 49.12784], [4.55713, 49.12821], [4.55697, 49.12883]]], [[[4.56141, 49.12624], [4.55904, 49.12797], [4.56152, 49.1296], [4.56158, 49.13022], [4.56191, 49.13052], [4.56383, 49.12935], [4.56141, 49.12624]]], [[[4.56035, 49.13135], [4.56069, 49.13121], [4.56012, 49.13083], [4.56005, 49.13044], [4.55786, 49.12895], [4.55742, 49.12934], [4.56035, 49.13135]]], [[[4.54882, 49.12356], [4.5486, 49.12356], [4.54792, 49.12425], [4.54798, 49.12517], [4.54953, 49.12625], [4.54985, 49.12601], [4.5487, 49.12514], [4.5492, 49.1245], [4.54882, 49.12356]]], [[[4.55185, 49.12464], [4.55196, 49.12445], [4.55177, 49.12458], [4.55185, 49.12464]]], [[[4.56421, 49.12985], [4.563, 49.13059], [4.56453, 49.13178], [4.5643, 49.1324], [4.56313, 49.13314], [4.56361, 49.13339], [4.56547, 49.13183], [4.56421, 49.12985]]], [[[4.56674, 49.13349], [4.56585, 49.13239], [4.56427, 49.13372], [4.56553, 49.13431], [4.56674, 49.13349]]], [[[4.56703, 49.20451], [4.56768, 49.20296], [4.56674, 49.20095], [4.56385, 49.19777], [4.56146, 49.19626], [4.55822, 49.19816], [4.55606, 49.20146], [4.55362, 49.2028], [4.55416, 49.20366], [4.55685, 49.20642], [4.56263, 49.21032], [4.56672, 49.20622], [4.56707, 49.20525], [4.56703, 49.20451]]], [[[4.5685, 49.20287], [4.56848, 49.20348], [4.56786, 49.20455], [4.56773, 49.2058], [4.56706, 49.20691], [4.57041, 49.20787], [4.5732, 49.20216], [4.57293, 49.20123], [4.57213, 49.2007], [4.56783, 49.19931], [4.56524, 49.1982], [4.56704, 49.20008], [4.5685, 49.20287]]], [[[4.57238, 49.20646], [4.57448, 49.20432], [4.57516, 49.20312], [4.57461, 49.20288], [4.57418, 49.2019], [4.57117, 49.20809], [4.57172, 49.20769], [4.57238, 49.20646]]], [[[4.5577, 49.22544], [4.55777, 49.22684], [4.5628, 49.22676], [4.56442, 49.22508], [4.56459, 49.22434], [4.5634, 49.22427], [4.56039, 49.22325], [4.55922, 49.22324], [4.55787, 49.22376], [4.55615, 49.22412], [4.5577, 49.22544]]], [[[4.55138, 49.24805], [4.5527, 49.24803], [4.55303, 49.24778], [4.5528, 49.24746], [4.55133, 49.24687], [4.55051, 49.24774], [4.55138, 49.24805]]], [[[4.56227, 49.24953], [4.56145, 49.24777], [4.56117, 49.24832], [4.56163, 49.2489], [4.56127, 49.24945], [4.56227, 49.24953]]], [[[4.5555, 49.24317], [4.55647, 49.24518], [4.55725, 49.24532], [4.55804, 49.24614], [4.55809, 49.24651], [4.55764, 49.24717], [4.55834, 49.24735], [4.55973, 49.24638], [4.5555, 49.24317]]], [[[4.5499, 49.24955], [4.5499, 49.25027], [4.55051, 49.25063], [4.55154, 49.25039], [4.5535, 49.25085], [4.55322, 49.25056], [4.55138, 49.25013], [4.55034, 49.24908], [4.5499, 49.24955]]], [[[4.56506, 49.05757], [4.5676, 49.05705], [4.56781, 49.05623], [4.56756, 49.05572], [4.56816, 49.05526], [4.56873, 49.05524], [4.56913, 49.05542], [4.56967, 49.05589], [4.56988, 49.05657], [4.57081, 49.05634], [4.57092, 49.05574], [4.57125, 49.05544], [4.5718, 49.05535], [4.57287, 49.05553], [4.57356, 49.05525], [4.57364, 49.05481], [4.57406, 49.05456], [4.57616, 49.05485], [4.57627, 49.05408], [4.57736, 49.05361], [4.57809, 49.05357], [4.5786, 49.05383], [4.58039, 49.05364], [4.58054, 49.05273], [4.58029, 49.05229], [4.58058, 49.05126], [4.58105, 49.0508], [4.5814, 49.04991], [4.58251, 49.04539], [4.58407, 49.04159], [4.58553, 49.03906], [4.58829, 49.03639], [4.58346, 49.03635], [4.57904, 49.036], [4.56372, 49.03333], [4.56107, 49.03995], [4.55561, 49.05871], [4.55686, 49.05872], [4.55925, 49.05805], [4.56506, 49.05757]], [[4.56444, 49.05232], [4.56378, 49.05249], [4.56296, 49.05227], [4.56276, 49.05187], [4.56311, 49.05129], [4.56371, 49.05116], [4.56453, 49.05137], [4.56473, 49.05177], [4.56444, 49.05232]], [[4.5751, 49.0513], [4.57609, 49.05138], [4.57641, 49.05174], [4.57632, 49.05227], [4.57729, 49.05228], [4.57782, 49.0526], [4.57778, 49.05318], [4.57672, 49.05381], [4.57559, 49.05381], [4.57506, 49.05351], [4.57506, 49.05274], [4.57451, 49.05224], [4.57466, 49.05161], [4.5751, 49.0513]]], [[[4.61302, 49.01911], [4.6134, 49.01874], [4.61278, 49.01848], [4.61302, 49.01911]]], [[[4.61271, 49.0194], [4.61195, 49.01955], [4.6121, 49.01999], [4.61271, 49.0194]]], [[[4.61295, 49.01459], [4.61282, 49.01471], [4.61328, 49.01528], [4.6133, 49.01564], [4.61506, 49.01626], [4.61295, 49.01459]]], [[[4.6002, 49.05489], [4.60561, 49.05597], [4.60606, 49.05475], [4.60649, 49.05443], [4.60705, 49.0544], [4.60773, 49.05463], [4.60825, 49.05427], [4.60901, 49.0543], [4.60955, 49.05474], [4.60925, 49.05574], [4.60949, 49.05623], [4.60914, 49.05682], [4.60842, 49.05699], [4.61451, 49.05954], [4.62587, 49.06176], [4.63545, 49.06435], [4.64321, 49.06534], [4.6436, 49.06281], [4.64343, 49.06224], [4.64275, 49.06123], [4.63546, 49.053], [4.63352, 49.05093], [4.63017, 49.04853], [4.62905, 49.0495], [4.62841, 49.04949], [4.62771, 49.04916], [4.62763, 49.04855], [4.62839, 49.04784], [4.629, 49.04769], [4.62131, 49.04214], [4.61812, 49.03891], [4.61716, 49.03641], [4.6125, 49.03605], [4.60709, 49.0359], [4.58922, 49.03637], [4.58626, 49.03931], [4.58486, 49.04175], [4.58332, 49.0455], [4.5819, 49.05079], [4.58245, 49.05124], [4.58218, 49.05246], [4.58138, 49.05303], [4.58193, 49.05314], [4.58238, 49.05351], [4.58269, 49.05337], [4.58273, 49.05288], [4.58309, 49.05261], [4.58363, 49.05254], [4.58428, 49.05275], [4.58463, 49.05353], [4.58394, 49.05473], [4.58526, 49.05428], [4.5859, 49.05428], [4.58608, 49.0538], [4.5867, 49.05356], [4.58798, 49.05372], [4.5884, 49.05396], [4.58842, 49.05451], [4.58792, 49.05491], [4.58886, 49.0548], [4.58937, 49.05493], [4.59341, 49.05451], [4.59594, 49.05482], [4.59601, 49.05443], [4.59642, 49.05415], [4.59853, 49.05395], [4.59994, 49.0543], [4.6002, 49.05489]]], [[[4.62053, 49.0404], [4.62363, 49.03991], [4.62411, 49.04012], [4.62428, 49.04045], [4.62517, 49.04069], [4.62531, 49.04113], [4.62504, 49.04171], [4.62401, 49.04213], [4.62252, 49.04157], [4.62206, 49.04073], [4.62102, 49.04088], [4.62198, 49.04182], [4.63052, 49.04799], [4.63748, 49.04068], [4.63435, 49.03969], [4.62891, 49.03831], [4.62396, 49.03733], [4.61801, 49.0365], [4.61874, 49.03851], [4.62053, 49.0404]]], [[[4.58495, 49.11336], [4.58307, 49.11379], [4.58326, 49.11401], [4.58387, 49.11386], [4.58448, 49.11405], [4.58488, 49.11437], [4.58492, 49.11486], [4.58526, 49.11523], [4.58495, 49.11336]]], [[[4.58382, 49.12158], [4.58445, 49.11899], [4.58339, 49.1188], [4.58312, 49.11935], [4.58198, 49.12015], [4.58174, 49.12115], [4.58382, 49.12158]]], [[[4.58095, 49.12099], [4.58113, 49.12019], [4.58038, 49.11983], [4.57992, 49.12078], [4.58095, 49.12099]]], [[[4.57735, 49.12183], [4.57824, 49.12093], [4.57701, 49.11979], [4.57685, 49.11986], [4.57721, 49.12033], [4.57704, 49.12068], [4.57643, 49.12101], [4.57518, 49.12129], [4.57573, 49.1219], [4.57735, 49.12183]]], [[[4.64158, 49.13242], [4.64135, 49.13357], [4.64318, 49.13381], [4.64354, 49.1327], [4.64158, 49.13242]]], [[[4.63903, 49.13326], [4.64054, 49.13348], [4.64078, 49.1323], [4.63762, 49.13182], [4.63767, 49.13219], [4.63903, 49.13326]]], [[[4.67093, 49.15214], [4.67919, 49.15664], [4.67879, 49.1554], [4.67149, 49.15087], [4.66877, 49.14828], [4.66926, 49.15098], [4.67093, 49.15214]]], [[[4.63098, 49.23716], [4.63249, 49.23646], [4.6254, 49.23745], [4.62685, 49.23752], [4.63098, 49.23716]]], [[[4.67464, 49.05074], [4.68527, 49.05489], [4.68848, 49.05598], [4.69339, 49.05724], [4.70471, 49.05966], [4.70452, 49.05669], [4.70565, 49.0527], [4.705, 49.05056], [4.7042, 49.0491], [4.703, 49.04284], [4.70179, 49.04001], [4.70148, 49.03862], [4.69825, 49.0372], [4.69801, 49.038], [4.69733, 49.03871], [4.69693, 49.03879], [4.69663, 49.03848], [4.69708, 49.03798], [4.69604, 49.03781], [4.69513, 49.03724], [4.69417, 49.03744], [4.69296, 49.0372], [4.68872, 49.04126], [4.68666, 49.04289], [4.68346, 49.04411], [4.68233, 49.04477], [4.68014, 49.04713], [4.67889, 49.04806], [4.67905, 49.04843], [4.67882, 49.04876], [4.67819, 49.04895], [4.67762, 49.04881], [4.67464, 49.05074]], [[4.69, 49.05105], [4.6893, 49.05117], [4.68862, 49.05092], [4.68848, 49.05052], [4.68889, 49.05], [4.68952, 49.04991], [4.69021, 49.05016], [4.69035, 49.05057], [4.69, 49.05105]]], [[[4.68186, 49.13373], [4.68353, 49.13556], [4.68413, 49.13551], [4.68459, 49.13571], [4.68486, 49.13605], [4.6848, 49.13648], [4.68581, 49.13588], [4.68749, 49.13592], [4.68853, 49.13612], [4.69156, 49.13567], [4.69216, 49.13591], [4.69233, 49.13645], [4.69456, 49.13664], [4.69757, 49.13749], [4.69943, 49.13751], [4.71022, 49.13917], [4.71437, 49.1396], [4.71948, 49.13598], [4.72399, 49.13225], [4.72549, 49.13069], [4.72865, 49.12864], [4.73306, 49.1262], [4.74175, 49.11856], [4.74121, 49.11807], [4.74154, 49.11731], [4.74216, 49.11695], [4.74287, 49.11697], [4.74333, 49.11632], [4.74467, 49.11549], [4.74394, 49.1148], [4.74388, 49.11438], [4.74427, 49.11386], [4.74512, 49.11378], [4.7453, 49.11317], [4.74591, 49.11289], [4.74619, 49.11154], [4.74663, 49.11113], [4.74551, 49.11074], [4.74501, 49.11025], [4.74538, 49.10939], [4.74503, 49.10908], [4.74509, 49.10862], [4.74461, 49.10825], [4.74483, 49.1077], [4.74372, 49.10709], [4.7427, 49.10614], [4.73803, 49.10384], [4.73486, 49.10175], [4.73344, 49.10132], [4.73245, 49.10058], [4.73122, 49.09905], [4.7301, 49.09852], [4.72992, 49.09806], [4.72903, 49.09765], [4.72843, 49.09805], [4.72765, 49.09798], [4.72703, 49.09766], [4.72646, 49.0969], [4.72474, 49.09661], [4.72356, 49.0958], [4.72254, 49.09556], [4.7219, 49.09498], [4.72168, 49.09432], [4.7188, 49.09318], [4.71709, 49.0933], [4.70486, 49.09589], [4.68259, 49.09657], [4.68074, 49.09688], [4.67899, 49.09815], [4.67951, 49.09864], [4.67934, 49.09914], [4.67846, 49.09975], [4.67782, 49.09979], [4.67726, 49.09953], [4.67671, 49.1], [4.67706, 49.10077], [4.67667, 49.1012], [4.67642, 49.10218], [4.67507, 49.10234], [4.6744, 49.10203], [4.67254, 49.10225], [4.67273, 49.10269], [4.67356, 49.10333], [4.67472, 49.10373], [4.6759, 49.10449], [4.67577, 49.10473], [4.6751, 49.10486], [4.67454, 49.10522], [4.67557, 49.10776], [4.67467, 49.11035], [4.67404, 49.11138], [4.67419, 49.11304], [4.67533, 49.11503], [4.67697, 49.11537], [4.67778, 49.11494], [4.67835, 49.1149], [4.67889, 49.11509], [4.67912, 49.11545], [4.68009, 49.11565], [4.68027, 49.11643], [4.68433, 49.11682], [4.68653, 49.11677], [4.68688, 49.11699], [4.68663, 49.11729], [4.68553, 49.11736], [4.68024, 49.11697], [4.67737, 49.11738], [4.67625, 49.11699], [4.67588, 49.1185], [4.67609, 49.12105], [4.67701, 49.12286], [4.68752, 49.12222], [4.68795, 49.12241], [4.6876, 49.12276], [4.67743, 49.12338], [4.67841, 49.12463], [4.67934, 49.12487], [4.67973, 49.12536], [4.68104, 49.12564], [4.68134, 49.12649], [4.68207, 49.12637], [4.68259, 49.12653], [4.6829, 49.12704], [4.68263, 49.12745], [4.68439, 49.12823], [4.68546, 49.12838], [4.68786, 49.12778], [4.68868, 49.12768], [4.68904, 49.12787], [4.68881, 49.1282], [4.68582, 49.12886], [4.68438, 49.12877], [4.68365, 49.12911], [4.68281, 49.12893], [4.68242, 49.12935], [4.68205, 49.13051], [4.68115, 49.13092], [4.681, 49.13179], [4.68186, 49.13373]], [[4.68915, 49.12492], [4.6886, 49.12512], [4.68778, 49.12501], [4.68746, 49.12465], [4.68762, 49.12415], [4.68818, 49.12394], [4.68901, 49.12405], [4.68933, 49.12442], [4.68915, 49.12492]]], [[[4.66593, 49.0998], [4.6649, 49.10014], [4.66607, 49.09991], [4.66593, 49.0998]]], [[[4.66368, 49.1002], [4.66522, 49.0994], [4.66353, 49.09831], [4.66316, 49.09919], [4.66368, 49.1002]]], [[[4.73473, 49.09839], [4.73355, 49.09844], [4.73325, 49.09886], [4.73235, 49.09914], [4.73316, 49.1003], [4.73399, 49.10092], [4.73534, 49.10131], [4.73856, 49.10343], [4.74325, 49.10574], [4.74431, 49.10672], [4.74575, 49.10753], [4.74668, 49.10744], [4.74718, 49.10671], [4.74794, 49.10656], [4.74862, 49.10686], [4.7488, 49.10731], [4.75071, 49.10768], [4.75106, 49.10822], [4.7518, 49.10703], [4.75312, 49.10559], [4.75063, 49.10287], [4.74805, 49.09939], [4.74579, 49.09531], [4.74577, 49.09408], [4.74241, 49.09459], [4.7389, 49.09564], [4.73794, 49.09614], [4.73566, 49.09806], [4.73473, 49.09839]]], [[[4.72135, 49.17022], [4.71925, 49.16952], [4.71857, 49.16994], [4.71898, 49.17045], [4.72013, 49.17067], [4.72141, 49.17052], [4.72135, 49.17022]]], [[[4.71937, 49.17135], [4.71977, 49.17119], [4.7192, 49.17106], [4.71937, 49.17135]]], [[[4.72305, 49.21267], [4.72438, 49.21263], [4.72564, 49.21236], [4.7273, 49.2115], [4.72794, 49.21081], [4.72835, 49.20933], [4.72757, 49.2058], [4.72485, 49.20845], [4.72323, 49.20955], [4.72184, 49.21016], [4.71735, 49.21125], [4.71554, 49.21214], [4.71852, 49.21193], [4.72305, 49.21267]]], [[[4.38918, 49.27673], [4.38916, 49.27671], [4.38918, 49.27675], [4.38918, 49.27673]]], [[[4.39283, 49.2744], [4.39286, 49.27433], [4.39274, 49.27434], [4.39283, 49.2744]]], [[[4.43422, 48.99986], [4.43425, 48.99987], [4.43425, 48.99987], [4.43422, 48.99986]]], [[[4.49624, 49.05265], [4.49642, 49.05249], [4.4962, 49.0526], [4.49624, 49.05265]]], [[[4.49672, 49.05208], [4.49655, 49.05237], [4.49678, 49.05222], [4.49672, 49.05208]]], [[[4.4673, 49.17344], [4.46744, 49.17354], [4.46767, 49.17348], [4.4673, 49.17344]]], [[[4.46782, 49.16725], [4.46745, 49.16843], [4.46774, 49.16848], [4.46951, 49.16786], [4.46921, 49.16738], [4.4697, 49.16683], [4.46934, 49.16645], [4.4688, 49.16716], [4.46782, 49.16725]]], [[[4.45858, 49.17312], [4.45741, 49.1728], [4.45683, 49.17279], [4.45824, 49.17318], [4.45858, 49.17312]]], [[[4.46887, 49.1715], [4.46886, 49.17148], [4.46885, 49.1715], [4.46887, 49.1715]]], [[[4.46888, 49.17118], [4.46883, 49.1712], [4.46885, 49.17125], [4.46888, 49.17118]]], [[[4.49979, 49.23773], [4.49998, 49.23771], [4.49974, 49.23764], [4.49979, 49.23773]]], [[[4.50312, 49.23775], [4.50304, 49.23784], [4.50355, 49.2379], [4.50312, 49.23775]]], [[[4.51439, 48.98888], [4.51439, 48.98965], [4.51484, 48.98975], [4.51583, 48.9896], [4.51543, 48.98901], [4.51439, 48.98888]]], [[[4.51833, 48.98539], [4.51834, 48.98534], [4.51825, 48.98537], [4.51833, 48.98539]]], [[[4.57304, 49.11686], [4.57287, 49.11653], [4.57292, 49.1169], [4.57304, 49.11686]]], [[[4.52552, 49.12913], [4.52547, 49.12913], [4.52552, 49.12915], [4.52552, 49.12913]]], [[[4.53617, 49.13302], [4.53568, 49.13293], [4.53535, 49.13306], [4.53524, 49.13325], [4.5355, 49.13352], [4.53617, 49.13302]]], [[[4.53989, 49.1189], [4.54005, 49.11913], [4.54037, 49.11886], [4.54021, 49.11873], [4.53989, 49.1189]]], [[[4.55293, 49.13016], [4.55265, 49.12997], [4.55274, 49.13021], [4.55293, 49.13016]]], [[[4.54372, 49.12779], [4.54377, 49.12777], [4.5436, 49.12771], [4.54372, 49.12779]]], [[[4.6955, 49.03433], [4.6954, 49.0343], [4.69537, 49.03431], [4.6955, 49.03433]]], [[[4.69803, 49.0341], [4.69649, 49.03446], [4.69583, 49.03446], [4.69673, 49.03473], [4.69706, 49.03505], [4.69831, 49.03423], [4.69803, 49.0341]]], [[[4.68849, 49.13942], [4.6885, 49.13944], [4.6885, 49.13944], [4.68849, 49.13942]]], [[[4.69932, 49.15386], [4.69933, 49.1539], [4.69935, 49.1539], [4.69932, 49.15386]]], [[[4.66761, 49.26276], [4.66764, 49.26275], [4.66764, 49.26274], [4.66761, 49.26276]]], [[[4.18722, 48.97531], [4.1869, 48.97498], [4.18597, 48.97534], [4.18641, 48.97574], [4.18722, 48.97531]]], [[[4.41482, 49.13548], [4.41593, 49.13509], [4.4148, 49.1345], [4.41418, 49.13544], [4.41482, 49.13548]]]]}, "properties": {"tech": "solar", "area_km2": 1735.04}}]}