{"type": "FeatureCollection", "features": [{"type": "Feature", "geometry": {"type": "MultiPolygon", "coordinates": [[[[9.13283, 54.10964], [9.13285, 54.10957], [9.13025, 54.10978], [9.13279, 54.10986], [9.13283, 54.10964]]], [[[9.29981, 54.0927], [9.29718, 54.09294], [9.29734, 54.09344], [9.29992, 54.09272], [9.29981, 54.0927]]], [[[9.3051, 54.091], [9.30594, 54.09085], [9.30472, 54.09054], [9.3051, 54.091]]], [[[8.85859, 53.81654], [8.86003, 53.81717], [8.86119, 53.8145], [8.86337, 53.81299], [8.86045, 53.81372], [8.85811, 53.81641], [8.85859, 53.81654]]], [[[8.86768, 53.8119], [8.87109, 53.81129], [8.87213, 53.81078], [8.87186, 53.81084], [8.86768, 53.8119]]], [[[8.87441, 53.81021], [8.8745, 53.8102], [8.87449, 53.81019], [8.87441, 53.81021]]], [[[8.96336, 53.80051], [8.96742, 53.8007], [8.97045, 53.80223], [8.97125, 53.80222], [8.97057, 53.80052], [8.97144, 53.79858], [8.96336, 53.80051]]], [[[8.97864, 53.79686], [8.98091, 53.79754], [8.98174, 53.79612], [8.9817, 53.79612], [8.97864, 53.79686]]], [[[8.98939, 53.79428], [8.99205, 53.79519], [8.99345, 53.79613], [8.99335, 53.79333], [8.98939, 53.79428]]], [[[9.02209, 53.78289], [9.02167, 53.78414], [9.0206, 53.78516], [9.02229, 53.78515], [9.02375, 53.78357], [9.02673, 53.78255], [9.0296, 53.78258], [9.03204, 53.78327], [9.03419, 53.78526], [9.03437, 53.78661], [9.03382, 53.78779], [9.04062, 53.78582], [9.0416, 53.78045], [9.04325, 53.77855], [9.04406, 53.77479], [9.04192, 53.77454], [9.02209, 53.78289]], [[9.03959, 53.78389], [9.03888, 53.78379], [9.04011, 53.78391], [9.03959, 53.78389]]], [[[9.07611, 53.76499], [9.07558, 53.76536], [9.07692, 53.76709], [9.08448, 53.76564], [9.08248, 53.76346], [9.08179, 53.76328], [9.07611, 53.76499]]], [[[9.09402, 53.75682], [9.09335, 53.75893], [9.09031, 53.76097], [9.09338, 53.76027], [9.09609, 53.75843], [9.0994, 53.75798], [9.10244, 53.75608], [9.10456, 53.75331], [9.10338, 53.75108], [9.1041, 53.74902], [9.10286, 53.74857], [9.10108, 53.75071], [9.10119, 53.75218], [9.10004, 53.75374], [9.09822, 53.7547], [9.09574, 53.75515], [9.09402, 53.75682]]], [[[9.11948, 53.7254], [9.12325, 53.7259], [9.12297, 53.7234], [9.12045, 53.72484], [9.11948, 53.7254]]], [[[9.13464, 53.71465], [9.13554, 53.71623], [9.13853, 53.71758], [9.1401, 53.7175], [9.13841, 53.71599], [9.13759, 53.71233], [9.13464, 53.71465]]], [[[9.14583, 53.70865], [9.14696, 53.709], [9.15055, 53.70891], [9.15015, 53.70845], [9.14583, 53.70865]]], [[[9.13155, 53.71043], [9.13087, 53.70925], [9.12766, 53.71037], [9.12987, 53.71189], [9.13155, 53.71043]]], [[[9.12169, 53.71861], [9.12021, 53.71754], [9.11862, 53.71818], [9.11855, 53.71974], [9.11752, 53.72101], [9.1158, 53.72192], [9.113, 53.72268], [9.11453, 53.72282], [9.12169, 53.71861]]], [[[9.03304, 53.7735], [9.02685, 53.7734], [9.02371, 53.77265], [9.02114, 53.77282], [9.01812, 53.77433], [9.01903, 53.77636], [9.01809, 53.77947], [9.01856, 53.7796], [9.03304, 53.7735]], [[9.01987, 53.77415], [9.01987, 53.77425], [9.01938, 53.77422], [9.0194, 53.77412], [9.01987, 53.77415]]], [[[8.99099, 53.7897], [8.99075, 53.78882], [8.98873, 53.7887], [8.98456, 53.78902], [8.98448, 53.7896], [8.98442, 53.78903], [8.98322, 53.78905], [8.97867, 53.78993], [8.97458, 53.78989], [8.97306, 53.7905], [8.97073, 53.79083], [8.96875, 53.79178], [8.9654, 53.79233], [8.96257, 53.79349], [8.9623, 53.79657], [8.98468, 53.79121], [8.98486, 53.78968], [8.98488, 53.79116], [8.99099, 53.7897]]], [[[8.96465, 53.77514], [8.96372, 53.78352], [8.9727, 53.78202], [8.9769, 53.78194], [8.9779, 53.77546], [8.97467, 53.77486], [8.97258, 53.77358], [8.96903, 53.77367], [8.96699, 53.77474], [8.96465, 53.77514]]], [[[8.97002, 53.76979], [8.97292, 53.76972], [8.97388, 53.76909], [8.97417, 53.76735], [8.97218, 53.76355], [8.97338, 53.75937], [8.97264, 53.75255], [8.97221, 53.75191], [8.96905, 53.75083], [8.96755, 53.74922], [8.9648, 53.74927], [8.96552, 53.75098], [8.96516, 53.75534], [8.96609, 53.76061], [8.96539, 53.76226], [8.96378, 53.76338], [8.96453, 53.76692], [8.96819, 53.76783], [8.97002, 53.76979]]], [[[8.95729, 53.76821], [8.95628, 53.76339], [8.9545, 53.76213], [8.95361, 53.7598], [8.95301, 53.75077], [8.94922, 53.75159], [8.95036, 53.75424], [8.94919, 53.75664], [8.95238, 53.75917], [8.95265, 53.76307], [8.9517, 53.76432], [8.94873, 53.76653], [8.94644, 53.7672], [8.94381, 53.76725], [8.94535, 53.76919], [8.94457, 53.77168], [8.94526, 53.77299], [8.94711, 53.77374], [8.95477, 53.77085], [8.95729, 53.76821]]], [[[8.95641, 53.7748], [8.95123, 53.77675], [8.95105, 53.77809], [8.95025, 53.77912], [8.95264, 53.7842], [8.95463, 53.78557], [8.95606, 53.78505], [8.95716, 53.77515], [8.95641, 53.7748]], [[8.95267, 53.77912], [8.9522, 53.77929], [8.95188, 53.77895], [8.9523, 53.77877], [8.95267, 53.77912]]], [[[8.94926, 53.79878], [8.9478, 53.7975], [8.94721, 53.79609], [8.94432, 53.79726], [8.94721, 53.796], [8.94722, 53.79568], [8.94473, 53.79303], [8.94434, 53.79117], [8.94108, 53.78884], [8.93923, 53.78809], [8.93492, 53.79035], [8.93173, 53.79091], [8.93, 53.79282], [8.92633, 53.79421], [8.92655, 53.79387], [8.9262, 53.79395], [8.92557, 53.79509], [8.9241, 53.79615], [8.91815, 53.79787], [8.92054, 53.79935], [8.92205, 53.79833], [8.92411, 53.79772], [8.92638, 53.79752], [8.92854, 53.79782], [8.93116, 53.79695], [8.93427, 53.7968], [8.93757, 53.79748], [8.9413, 53.79777], [8.94447, 53.79923], [8.94926, 53.79878]], [[8.94461, 53.79559], [8.94533, 53.79623], [8.9452, 53.79628], [8.94447, 53.79565], [8.94461, 53.79559]], [[8.94227, 53.79659], [8.94373, 53.79694], [8.94428, 53.79745], [8.94409, 53.7975], [8.94227, 53.79659]], [[8.94722, 53.79837], [8.94761, 53.79856], [8.9473, 53.79894], [8.94664, 53.79862], [8.94722, 53.79837]]], [[[8.92114, 53.80539], [8.92163, 53.80668], [8.92112, 53.80823], [8.92206, 53.80898], [8.92238, 53.80711], [8.92114, 53.80539]]], [[[8.93093, 53.80446], [8.92832, 53.80527], [8.92888, 53.80858], [8.93278, 53.8087], [8.93579, 53.80995], [8.93729, 53.8114], [8.93773, 53.81353], [8.93949, 53.81268], [8.94171, 53.81229], [8.94659, 53.81245], [8.94924, 53.81313], [8.9514, 53.81512], [8.95176, 53.81982], [8.95351, 53.81936], [8.95364, 53.81044], [8.95141, 53.80909], [8.95069, 53.80729], [8.95165, 53.80538], [8.95378, 53.80422], [8.95389, 53.80304], [8.95275, 53.80239], [8.94434, 53.80318], [8.94245, 53.8043], [8.94501, 53.80432], [8.94712, 53.80487], [8.94872, 53.80586], [8.94955, 53.80714], [8.94954, 53.80877], [8.9486, 53.81002], [8.94679, 53.81108], [8.94409, 53.81168], [8.94159, 53.81155], [8.93965, 53.811], [8.93711, 53.80918], [8.93712, 53.80666], [8.93967, 53.80482], [8.93555, 53.80418], [8.93356, 53.80456], [8.93093, 53.80446]]], [[[8.88447, 54.02695], [8.88518, 54.02846], [8.88922, 54.03168], [8.88967, 54.03156], [8.89074, 54.03038], [8.88917, 54.02925], [8.8885, 54.02784], [8.8865, 54.02647], [8.88433, 54.0226], [8.87976, 54.02415], [8.88094, 54.02508], [8.88346, 54.02589], [8.88447, 54.02695]]], [[[8.92918, 53.7738], [8.93111, 53.77476], [8.93233, 53.77642], [8.9322, 53.77561], [8.92918, 53.77237], [8.92892, 53.77089], [8.9268, 53.76909], [8.92489, 53.77157], [8.92445, 53.77361], [8.9266, 53.7734], [8.92881, 53.7737], [8.92913, 53.77228], [8.92918, 53.7738]]], [[[8.93342, 53.82422], [8.93511, 53.82415], [8.93346, 53.82312], [8.93342, 53.82422]]], [[[8.93331, 53.82297], [8.93302, 53.82262], [8.93039, 53.82272], [8.92818, 53.82225], [8.9287, 53.82338], [8.93325, 53.8242], [8.93331, 53.82297]]], [[[8.92874, 53.95062], [8.93038, 53.95101], [8.93191, 53.95047], [8.93089, 53.95012], [8.92932, 53.95018], [8.92874, 53.95062]]], [[[8.93429, 54.01566], [8.93393, 54.01357], [8.93114, 54.01341], [8.92911, 54.01275], [8.927, 54.01095], [8.92638, 54.00944], [8.92435, 54.00869], [8.92139, 54.01023], [8.91842, 54.01065], [8.91724, 54.0116], [8.91402, 54.01299], [8.9118, 54.0134], [8.90981, 54.01332], [8.90919, 54.01405], [8.91189, 54.01499], [8.91608, 54.0184], [8.91806, 54.0175], [8.92063, 54.01711], [8.92202, 54.01617], [8.92424, 54.01549], [8.92713, 54.01543], [8.93012, 54.01607], [8.93221, 54.01559], [8.93429, 54.01566]]], [[[8.98411, 54.06931], [8.9808, 54.07186], [9.00402, 54.07738], [9.00522, 54.07815], [9.00564, 54.07917], [9.00387, 54.08152], [9.00401, 54.08207], [9.01485, 54.08557], [9.01795, 54.08236], [9.0179, 54.08183], [9.0162, 54.08106], [9.01552, 54.08014], [9.01564, 54.07914], [9.01676, 54.07787], [9.01499, 54.07663], [9.01259, 54.0757], [9.00954, 54.07351], [9.00117, 54.07343], [8.98411, 54.06931]]], [[[8.99809, 54.02518], [8.99733, 54.02476], [8.99676, 54.02431], [8.99629, 54.0248], [8.99809, 54.02518]]], [[[8.96869, 54.01152], [8.96864, 54.01141], [8.96588, 54.01185], [8.96597, 54.01197], [8.96869, 54.01152]]], [[[8.95677, 54.01623], [8.95556, 54.01557], [8.95437, 54.01565], [8.95299, 54.01789], [8.95109, 54.0188], [8.94849, 54.01922], [8.94784, 54.02075], [8.9457, 54.0224], [8.94367, 54.02306], [8.94151, 54.02322], [8.94042, 54.02413], [8.94036, 54.02525], [8.94221, 54.025], [8.94381, 54.02527], [8.94883, 54.02005], [8.95677, 54.01623]]], [[[8.98153, 53.95842], [8.97839, 53.95777], [8.97578, 53.95601], [8.97211, 53.95644], [8.96895, 53.95561], [8.96712, 53.95388], [8.96725, 53.95176], [8.96541, 53.95091], [8.96449, 53.95274], [8.96618, 53.95423], [8.96666, 53.95607], [8.96604, 53.95738], [8.96422, 53.95872], [8.96669, 53.96066], [8.96645, 53.96311], [8.96719, 53.96567], [8.96897, 53.96609], [8.97163, 53.96743], [8.97397, 53.96724], [8.97658, 53.96761], [8.97842, 53.96844], [8.97955, 53.96958], [8.9804, 53.96941], [8.98041, 53.96823], [8.98121, 53.96694], [8.98339, 53.96571], [8.98424, 53.96315], [8.9827, 53.96139], [8.98287, 53.95878], [8.98153, 53.95842]], [[8.97607, 53.95966], [8.97594, 53.96083], [8.97466, 53.96081], [8.97463, 53.95965], [8.97607, 53.95966]]], [[[8.95519, 54.00156], [8.95379, 54.00053], [8.95123, 53.99711], [8.94864, 53.99688], [8.94627, 53.99588], [8.94745, 53.99807], [8.94706, 53.99978], [8.95038, 53.99997], [8.95366, 54.00148], [8.95519, 54.00156]]], [[[8.98937, 53.75522], [8.99054, 53.75281], [8.98974, 53.75111], [8.99023, 53.74852], [8.987, 53.74869], [8.98664, 53.74913], [8.98712, 53.7506], [8.98637, 53.75285], [8.98673, 53.7541], [8.98755, 53.75531], [8.98937, 53.75522]], [[8.98796, 53.75339], [8.98788, 53.75338], [8.98782, 53.75303], [8.98792, 53.75302], [8.98796, 53.75339]], [[8.98838, 53.75438], [8.98828, 53.75388], [8.98841, 53.75387], [8.98851, 53.75437], [8.98838, 53.75438]]], [[[8.98759, 53.7554], [8.98719, 53.75762], [8.98819, 53.75871], [8.9885, 53.76023], [8.9872, 53.7624], [8.98706, 53.76405], [8.98864, 53.76699], [8.98875, 53.76928], [8.99757, 53.76909], [8.99821, 53.76583], [8.99526, 53.76434], [8.9939, 53.76303], [8.9934, 53.76163], [8.99372, 53.75948], [8.99191, 53.75897], [8.99033, 53.75797], [8.98937, 53.7553], [8.98759, 53.7554]], [[8.98971, 53.76094], [8.98965, 53.76102], [8.9896, 53.76117], [8.98938, 53.76095], [8.98971, 53.76094]], [[8.99391, 53.76845], [8.99301, 53.76846], [8.99306, 53.76835], [8.99391, 53.76845]]], [[[9.00398, 53.81534], [9.00366, 53.81656], [9.00864, 53.81926], [9.01055, 53.81737], [9.01348, 53.81651], [9.01683, 53.81668], [9.02018, 53.81794], [9.02146, 53.81725], [9.02016, 53.81498], [9.02046, 53.81362], [9.02156, 53.81242], [9.02569, 53.81086], [9.02961, 53.81065], [9.03065, 53.81019], [9.02909, 53.80973], [9.02428, 53.80958], [9.02201, 53.80896], [9.01816, 53.80944], [9.01573, 53.81078], [9.0125, 53.81114], [9.00973, 53.81067], [9.00711, 53.80921], [9.00382, 53.80941], [9.00317, 53.81051], [9.00518, 53.81166], [9.00584, 53.81282], [9.00398, 53.81534]], [[9.01651, 53.81432], [9.01727, 53.81534], [9.01782, 53.81523], [9.01868, 53.81575], [9.01847, 53.81604], [9.01716, 53.81555], [9.01651, 53.81432]]], [[[9.01959, 53.7614], [9.02147, 53.75932], [9.02677, 53.75743], [9.023, 53.75405], [9.02108, 53.75293], [9.0201, 53.75163], [9.01971, 53.75245], [9.02132, 53.75364], [9.02195, 53.75496], [9.0209, 53.75724], [9.01804, 53.75865], [9.01439, 53.75881], [9.01253, 53.76032], [9.00998, 53.76105], [9.01401, 53.7642], [9.01438, 53.7627], [9.01537, 53.76184], [9.01746, 53.76127], [9.01959, 53.7614]]], [[[9.03959, 53.96308], [9.03882, 53.96228], [9.03828, 53.96251], [9.03862, 53.96282], [9.03959, 53.96308]]], [[[9.04119, 53.9677], [9.03816, 53.96692], [9.03504, 53.96838], [9.03274, 53.96856], [9.03069, 53.9683], [9.02872, 53.96758], [9.027, 53.96614], [9.02625, 53.96485], [9.02638, 53.96351], [9.02506, 53.96422], [9.02559, 53.96686], [9.0296, 53.96833], [9.0311, 53.9695], [9.03323, 53.96958], [9.03547, 53.97019], [9.03771, 53.97222], [9.04011, 53.97279], [9.04033, 53.97067], [9.04254, 53.96887], [9.04262, 53.96807], [9.04119, 53.9677]]], [[[9.0292, 53.98771], [9.0258, 53.98752], [9.02875, 53.99044], [9.02992, 53.99392], [9.03076, 53.99489], [9.03174, 53.99038], [9.03, 53.98926], [9.0292, 53.98771]]], [[[9.03827, 53.99066], [9.03721, 53.99593], [9.04113, 53.99691], [9.04289, 53.99797], [9.04427, 53.99791], [9.04605, 53.99595], [9.04522, 53.99504], [9.04175, 53.9936], [9.04055, 53.99134], [9.04169, 53.98928], [9.04495, 53.98796], [9.0469, 53.9826], [9.04471, 53.98077], [9.04334, 53.9818], [9.04117, 53.98251], [9.03972, 53.98411], [9.04105, 53.98593], [9.04143, 53.98804], [9.04034, 53.98962], [9.03827, 53.99066]]], [[[9.03313, 53.98354], [9.03461, 53.98147], [9.03355, 53.98053], [9.02367, 53.97778], [9.02088, 53.97582], [9.02037, 53.9779], [9.02068, 53.98034], [9.02262, 53.98149], [9.02361, 53.9835], [9.03159, 53.98402], [9.03313, 53.98354]]], [[[9.04977, 53.80892], [9.05408, 53.80918], [9.05529, 53.8099], [9.0558, 53.81107], [9.05404, 53.81311], [9.05115, 53.8136], [9.04889, 53.81455], [9.05147, 53.81504], [9.05362, 53.81632], [9.0581, 53.81709], [9.06389, 53.81966], [9.06829, 53.81904], [9.07204, 53.81979], [9.0731, 53.81783], [9.07599, 53.81653], [9.07705, 53.81465], [9.0716, 53.81399], [9.06639, 53.81422], [9.06684, 53.81576], [9.06567, 53.81702], [9.06309, 53.81772], [9.06051, 53.81735], [9.05897, 53.81626], [9.05876, 53.81502], [9.0601, 53.81355], [9.06341, 53.81298], [9.06205, 53.80942], [9.06256, 53.80798], [9.0575, 53.80706], [9.05497, 53.80797], [9.05258, 53.80778], [9.05001, 53.80661], [9.04876, 53.80426], [9.04777, 53.80392], [9.04889, 53.80943], [9.04977, 53.80892]]], [[[9.07154, 53.84161], [9.07097, 53.84277], [9.06963, 53.84356], [9.07004, 53.84617], [9.07498, 53.84663], [9.07481, 53.84371], [9.07908, 53.84401], [9.07929, 53.84815], [9.08867, 53.84931], [9.09537, 53.85052], [9.09702, 53.84903], [9.09677, 53.84514], [9.09974, 53.8453], [9.10558, 53.84629], [9.10607, 53.84962], [9.10748, 53.85035], [9.1081, 53.8513], [9.12791, 53.85141], [9.13768, 53.85107], [9.14382, 53.85185], [9.15112, 53.85213], [9.15061, 53.84929], [9.14849, 53.84775], [9.14816, 53.84568], [9.14905, 53.84442], [9.15068, 53.84346], [9.15464, 53.84288], [9.15782, 53.84366], [9.15973, 53.84535], [9.15987, 53.84709], [9.15855, 53.84869], [9.15922, 53.85203], [9.17374, 53.85233], [9.17794, 53.85307], [9.20507, 53.85372], [9.21522, 53.85258], [9.22356, 53.8524], [9.22594, 53.8518], [9.22925, 53.85217], [9.23232, 53.85121], [9.23226, 53.85024], [9.2242, 53.85005], [9.23226, 53.85017], [9.23317, 53.84863], [9.23554, 53.84794], [9.2384, 53.84797], [9.2401, 53.84869], [9.24083, 53.84985], [9.2405, 53.85192], [9.25808, 53.85038], [9.26805, 53.8485], [9.27189, 53.84557], [9.27145, 53.84363], [9.27292, 53.84179], [9.27587, 53.84074], [9.27918, 53.84077], [9.27596, 53.83712], [9.27001, 53.8381], [9.26768, 53.83928], [9.26123, 53.8406], [9.25299, 53.84089], [9.2433, 53.8422], [9.23425, 53.84296], [9.21742, 53.84263], [9.21539, 53.84188], [9.21464, 53.84036], [9.20916, 53.84022], [9.21464, 53.84031], [9.2157, 53.83906], [9.21788, 53.83848], [9.23379, 53.83876], [9.24189, 53.83807], [9.2521, 53.83671], [9.26128, 53.83623], [9.26436, 53.83549], [9.26722, 53.83422], [9.26749, 53.83306], [9.26889, 53.83213], [9.2729, 53.83128], [9.27504, 53.83149], [9.27344, 53.82905], [9.26984, 53.83012], [9.2542, 53.83285], [9.24748, 53.83342], [9.24394, 53.8328], [9.23666, 53.83443], [9.23189, 53.83427], [9.2282, 53.83494], [9.2236, 53.83474], [9.22325, 53.83602], [9.22157, 53.83699], [9.21837, 53.83716], [9.21624, 53.83626], [9.21412, 53.83799], [9.21076, 53.83866], [9.20816, 53.83843], [9.20613, 53.83776], [9.2047, 53.83669], [9.2041, 53.83552], [9.20105, 53.83619], [9.19828, 53.83593], [9.18954, 53.83618], [9.18354, 53.83541], [9.17999, 53.8345], [9.17419, 53.83428], [9.17003, 53.83342], [9.16661, 53.83316], [9.15507, 53.83336], [9.13945, 53.83442], [9.13723, 53.83558], [9.1314, 53.83694], [9.12796, 53.83646], [9.12381, 53.83453], [9.12244, 53.8345], [9.11512, 53.83583], [9.10992, 53.8362], [9.0999, 53.83544], [9.10175, 53.83595], [9.10283, 53.83698], [9.10337, 53.84281], [9.10205, 53.84438], [9.09913, 53.84485], [9.0973, 53.8443], [9.09622, 53.84318], [9.09578, 53.83774], [9.09674, 53.83612], [9.09908, 53.83543], [9.09548, 53.83514], [9.0913, 53.83542], [9.08887, 53.83497], [9.08558, 53.83504], [9.08344, 53.83452], [9.0789, 53.83137], [9.07846, 53.83002], [9.07936, 53.82811], [9.07918, 53.82739], [9.07564, 53.82782], [9.06673, 53.82738], [9.0606, 53.82516], [9.05684, 53.82511], [9.05448, 53.82423], [9.0507, 53.82359], [9.04873, 53.82257], [9.04755, 53.82289], [9.046, 53.82563], [9.04729, 53.82683], [9.04777, 53.8292], [9.04929, 53.83036], [9.04928, 53.83185], [9.04844, 53.83287], [9.04949, 53.83362], [9.04995, 53.83465], [9.05168, 53.83556], [9.05386, 53.83528], [9.0558, 53.83576], [9.05683, 53.8366], [9.05768, 53.83851], [9.05772, 53.83755], [9.05891, 53.83756], [9.05921, 53.83966], [9.0606, 53.84052], [9.06108, 53.84207], [9.06421, 53.84253], [9.06469, 53.84586], [9.06843, 53.84608], [9.06742, 53.84594], [9.06709, 53.84378], [9.06551, 53.8433], [9.06438, 53.84235], [9.06425, 53.84114], [9.06515, 53.84004], [9.06696, 53.8394], [9.06906, 53.83948], [9.07091, 53.84039], [9.07154, 53.84161]], [[9.1319, 53.84927], [9.12922, 53.84812], [9.12867, 53.84619], [9.1304, 53.84447], [9.13349, 53.84409], [9.13596, 53.84508], [9.13671, 53.8472], [9.13609, 53.84813], [9.13464, 53.84896], [9.1319, 53.84927]], [[9.17729, 53.83896], [9.18221, 53.83918], [9.18822, 53.83941], [9.1757, 53.83893], [9.17729, 53.83896]], [[9.189, 53.8395], [9.18851, 53.83947], [9.18866, 53.83943], [9.189, 53.8395]], [[9.18961, 53.83949], [9.18965, 53.83952], [9.18919, 53.83951], [9.1892, 53.83946], [9.18961, 53.83949]], [[9.18886, 53.84484], [9.19078, 53.84475], [9.19261, 53.84533], [9.1935, 53.84621], [9.19398, 53.84774], [9.19277, 53.84987], [9.19043, 53.85065], [9.18749, 53.85016], [9.18578, 53.84865], [9.18664, 53.84603], [9.18886, 53.84484]], [[9.20021, 53.84269], [9.19605, 53.84144], [9.19488, 53.84041], [9.19515, 53.83802], [9.19744, 53.83681], [9.20114, 53.83706], [9.20281, 53.83827], [9.205, 53.83902], [9.20579, 53.84017], [9.20874, 53.84023], [9.20579, 53.84021], [9.20524, 53.84176], [9.20369, 53.8426], [9.20021, 53.84269]], [[9.22866, 53.84365], [9.22864, 53.84378], [9.22708, 53.84366], [9.22866, 53.84365]], [[9.21632, 53.8506], [9.2162, 53.85064], [9.21616, 53.85051], [9.21634, 53.85054], [9.21632, 53.8506]]], [[[9.07208, 53.92223], [9.08116, 53.92539], [9.08383, 53.9249], [9.08512, 53.92368], [9.08698, 53.92289], [9.0818, 53.92059], [9.08046, 53.9183], [9.08096, 53.91693], [9.08274, 53.91556], [9.08483, 53.91491], [9.08771, 53.91476], [9.08801, 53.91369], [9.08947, 53.91201], [9.08792, 53.91069], [9.08755, 53.9091], [9.08228, 53.91138], [9.07999, 53.91157], [9.07713, 53.91102], [9.07548, 53.91122], [9.06944, 53.91934], [9.07127, 53.92048], [9.07208, 53.92223]]], [[[9.0635, 53.92543], [9.06085, 53.92805], [9.06133, 53.92951], [9.06092, 53.93068], [9.06336, 53.93083], [9.06516, 53.93138], [9.0666, 53.92972], [9.06899, 53.92877], [9.07243, 53.92866], [9.07582, 53.92977], [9.07708, 53.92843], [9.06854, 53.92548], [9.06579, 53.92578], [9.0635, 53.92543]]], [[[9.05684, 54.04129], [9.05209, 54.04069], [9.04899, 54.04127], [9.04898, 54.04158], [9.05152, 54.04289], [9.05368, 54.04273], [9.05543, 54.04316], [9.05661, 54.04466], [9.05564, 54.04602], [9.05229, 54.04673], [9.05082, 54.04789], [9.05361, 54.04893], [9.05427, 54.05049], [9.05361, 54.05145], [9.052, 54.05219], [9.05173, 54.05401], [9.04962, 54.05565], [9.04912, 54.05701], [9.04938, 54.05742], [9.05196, 54.05775], [9.05463, 54.05713], [9.05807, 54.05701], [9.06339, 54.05708], [9.06621, 54.0575], [9.06674, 54.05704], [9.06564, 54.0555], [9.0657, 54.0539], [9.06745, 54.05215], [9.07001, 54.05133], [9.06907, 54.05007], [9.06902, 54.0486], [9.06986, 54.04732], [9.072, 54.04605], [9.07237, 54.04366], [9.07079, 54.04135], [9.06825, 54.04242], [9.06608, 54.0424], [9.06439, 54.0419], [9.06405, 54.04278], [9.06293, 54.04358], [9.06134, 54.04398], [9.05948, 54.04392], [9.05733, 54.04302], [9.05684, 54.04129]]], [[[9.07115, 54.03981], [9.07136, 54.03796], [9.0695, 54.03605], [9.06369, 54.03617], [9.06403, 54.03717], [9.06668, 54.03646], [9.0693, 54.0369], [9.07077, 54.03815], [9.07115, 54.03981]]], [[[9.06284, 54.0396], [9.06233, 54.03987], [9.06291, 54.04009], [9.06284, 54.03981], [9.06284, 54.0396]]], [[[9.06496, 54.06473], [9.06474, 54.06383], [9.0649, 54.06294], [9.0628, 54.06388], [9.06241, 54.06443], [9.06496, 54.06473]]], [[[9.2764, 53.83217], [9.2768, 53.83271], [9.2781, 53.83259], [9.27744, 53.83247], [9.2764, 53.83217]]], [[[9.27964, 53.83275], [9.28112, 53.83354], [9.28358, 53.83708], [9.28692, 53.83987], [9.29392, 53.83289], [9.29049, 53.83114], [9.28899, 53.832], [9.28686, 53.83252], [9.28304, 53.83222], [9.27964, 53.83275]]], [[[9.34047, 53.78117], [9.33983, 53.78078], [9.33946, 53.78091], [9.33996, 53.78125], [9.34047, 53.78117]]], [[[9.33206, 53.77663], [9.33239, 53.77717], [9.33533, 53.77627], [9.3382, 53.77634], [9.33897, 53.77585], [9.33965, 53.77368], [9.34189, 53.77277], [9.34395, 53.77288], [9.34555, 53.77365], [9.34671, 53.77685], [9.35498, 53.77357], [9.35475, 53.77241], [9.35536, 53.77104], [9.35302, 53.77073], [9.35112, 53.7699], [9.34939, 53.76813], [9.34943, 53.76615], [9.34799, 53.76523], [9.34507, 53.76434], [9.34336, 53.76278], [9.34252, 53.76253], [9.34141, 53.76289], [9.34246, 53.76456], [9.34405, 53.76525], [9.34537, 53.76645], [9.34579, 53.7678], [9.34531, 53.76914], [9.344, 53.77026], [9.34175, 53.77113], [9.33393, 53.77167], [9.33422, 53.77187], [9.33274, 53.77243], [9.33255, 53.7722], [9.33026, 53.77304], [9.33165, 53.77474], [9.33206, 53.77663]]], [[[9.34023, 53.75725], [9.34201, 53.75572], [9.34061, 53.75337], [9.33853, 53.75353], [9.33602, 53.75848], [9.33792, 53.75751], [9.34023, 53.75725]]], [[[9.33004, 53.76511], [9.33004, 53.76504], [9.32947, 53.76585], [9.33011, 53.76543], [9.33004, 53.76511]]], [[[9.32915, 53.76609], [9.32909, 53.76628], [9.32912, 53.76644], [9.3295, 53.76595], [9.32915, 53.76609]]], [[[9.35289, 53.7446], [9.35251, 53.74443], [9.35166, 53.74602], [9.35424, 53.74729], [9.35682, 53.74738], [9.35972, 53.74836], [9.36125, 53.74836], [9.35289, 53.7446]]], [[[9.3535, 53.75644], [9.351, 53.7553], [9.34977, 53.75415], [9.34919, 53.75035], [9.34591, 53.7487], [9.34539, 53.74925], [9.34747, 53.75064], [9.34766, 53.7525], [9.34922, 53.75504], [9.35283, 53.75716], [9.3535, 53.75644]]], [[[9.35673, 53.76044], [9.35839, 53.76155], [9.35919, 53.76288], [9.36176, 53.76284], [9.36372, 53.76387], [9.36535, 53.76199], [9.36507, 53.76164], [9.36155, 53.76094], [9.35859, 53.75896], [9.35673, 53.76044]]], [[[9.36376, 53.76599], [9.36373, 53.76586], [9.36322, 53.76629], [9.36385, 53.76622], [9.36376, 53.76599]]], [[[8.99655, 53.82512], [8.99787, 53.82513], [8.99669, 53.8242], [8.99665, 53.82478], [8.99655, 53.82512]]], [[[9.08081, 53.81127], [9.08157, 53.81114], [9.08209, 53.81311], [9.08123, 53.81317], [9.0838, 53.8133], [9.08329, 53.81114], [9.08106, 53.81094], [9.08081, 53.81127]]], [[[9.06255, 53.80153], [9.06434, 53.8017], [9.06474, 53.79982], [9.06372, 53.79932], [9.06241, 53.79932], [9.06255, 53.80153]]], [[[9.07941, 53.8066], [9.07876, 53.80685], [9.07934, 53.80676], [9.07941, 53.8066]]], [[[9.09518, 53.71212], [9.09578, 53.71247], [9.0963, 53.71436], [9.1002, 53.71477], [9.10012, 53.71338], [9.10119, 53.71189], [9.10014, 53.71148], [9.09493, 53.71194], [9.09518, 53.71212]], [[9.09976, 53.71246], [9.10002, 53.71258], [9.09931, 53.71253], [9.09952, 53.71239], [9.09976, 53.71246]]], [[[8.96773, 53.7437], [8.96732, 53.74536], [8.9682, 53.74535], [8.97069, 53.74393], [8.97001, 53.74246], [8.96773, 53.7437]]], [[[9.21729, 53.8085], [9.2189, 53.80879], [9.22019, 53.80946], [9.22081, 53.81128], [9.22025, 53.81224], [9.21898, 53.81294], [9.21731, 53.8132], [9.2149, 53.81299], [9.21647, 53.81736], [9.21786, 53.81686], [9.22021, 53.81672], [9.22333, 53.81715], [9.22487, 53.81816], [9.22862, 53.81823], [9.2304, 53.81775], [9.24035, 53.81659], [9.24139, 53.81546], [9.2435, 53.81486], [9.2452, 53.81484], [9.24691, 53.81539], [9.26575, 53.81251], [9.26854, 53.81285], [9.2713, 53.8149], [9.27433, 53.81415], [9.27709, 53.81421], [9.2779, 53.81326], [9.27533, 53.81196], [9.27433, 53.80962], [9.2728, 53.80928], [9.26881, 53.80994], [9.26366, 53.81003], [9.26045, 53.80941], [9.25738, 53.80941], [9.25208, 53.81071], [9.24918, 53.81102], [9.23731, 53.80882], [9.23216, 53.80967], [9.22999, 53.81106], [9.22647, 53.81158], [9.22278, 53.81069], [9.21974, 53.80805], [9.2175, 53.80778], [9.21729, 53.8085]]], [[[9.26523, 53.81784], [9.26495, 53.817], [9.2575, 53.81816], [9.25906, 53.81933], [9.26162, 53.81808], [9.26523, 53.81784]]], [[[9.24434, 53.82048], [9.24436, 53.82048], [9.24412, 53.82041], [9.24434, 53.82048]]], [[[9.24408, 53.8204], [9.24412, 53.82041], [9.24409, 53.8204], [9.24408, 53.8204]]], [[[9.23636, 53.78863], [9.23825, 53.79032], [9.26169, 53.78961], [9.26231, 53.78922], [9.26113, 53.78785], [9.25795, 53.78749], [9.25585, 53.78644], [9.25062, 53.78667], [9.24576, 53.78793], [9.23829, 53.78795], [9.23636, 53.78863]]], [[[9.26902, 53.79729], [9.26698, 53.79488], [9.2649, 53.79462], [9.26279, 53.79377], [9.23543, 53.79459], [9.24021, 53.79929], [9.24286, 53.79879], [9.24515, 53.79897], [9.25032, 53.80138], [9.25264, 53.80148], [9.25467, 53.80208], [9.25685, 53.80175], [9.25546, 53.80013], [9.25536, 53.79846], [9.25618, 53.79718], [9.25826, 53.796], [9.26029, 53.79552], [9.2626, 53.79548], [9.26476, 53.79596], [9.26646, 53.79693], [9.26759, 53.79666], [9.26808, 53.79722], [9.26703, 53.7975], [9.26784, 53.79917], [9.26723, 53.80086], [9.27003, 53.80084], [9.26866, 53.79898], [9.26902, 53.79729]]], [[[9.24072, 53.75512], [9.24144, 53.75409], [9.23572, 53.75234], [9.23521, 53.75353], [9.23703, 53.75483], [9.23769, 53.75665], [9.24076, 53.75705], [9.24072, 53.75512]]], [[[9.24083, 53.7478], [9.23881, 53.74894], [9.24421, 53.7506], [9.24578, 53.74873], [9.2453, 53.74757], [9.24161, 53.7468], [9.24083, 53.7478]]], [[[9.25953, 53.74044], [9.26025, 53.74032], [9.25115, 53.73575], [9.24942, 53.73521], [9.24827, 53.73648], [9.2465, 53.73736], [9.24736, 53.73879], [9.24703, 53.74045], [9.24898, 53.74101], [9.25206, 53.74265], [9.2555, 53.74304], [9.25707, 53.74135], [9.25953, 53.74044]]], [[[9.25103, 53.74242], [9.25125, 53.74274], [9.25185, 53.74267], [9.25103, 53.74242]]], [[[9.2718, 53.75565], [9.27392, 53.75472], [9.27379, 53.75301], [9.27458, 53.7517], [9.27192, 53.75133], [9.26877, 53.75825], [9.27114, 53.75986], [9.27169, 53.75964], [9.27092, 53.75746], [9.2718, 53.75565]]], [[[9.26872, 53.75848], [9.26832, 53.75903], [9.27039, 53.7604], [9.27097, 53.75995], [9.26872, 53.75848]]], [[[9.26822, 53.75913], [9.26866, 53.75983], [9.26766, 53.76004], [9.26545, 53.76319], [9.27087, 53.76696], [9.26804, 53.76839], [9.26727, 53.76782], [9.26809, 53.76756], [9.26437, 53.76476], [9.26397, 53.76535], [9.26529, 53.76606], [9.26586, 53.76703], [9.26524, 53.77008], [9.26421, 53.77093], [9.26118, 53.77217], [9.26025, 53.7737], [9.25778, 53.77466], [9.25998, 53.77454], [9.26275, 53.77347], [9.26607, 53.77342], [9.26698, 53.77309], [9.26725, 53.77105], [9.26908, 53.76959], [9.27, 53.76788], [9.27171, 53.76683], [9.27463, 53.76622], [9.27536, 53.76568], [9.27042, 53.76231], [9.26998, 53.76141], [9.27029, 53.7605], [9.26822, 53.75913]], [[9.27224, 53.76433], [9.27261, 53.76431], [9.272, 53.76452], [9.27249, 53.76492], [9.27153, 53.76425], [9.27224, 53.76433]]], [[[9.25564, 53.77521], [9.25324, 53.77488], [9.25157, 53.77355], [9.24603, 53.77491], [9.24385, 53.77478], [9.24241, 53.77424], [9.2434, 53.77641], [9.24754, 53.77655], [9.24936, 53.77698], [9.25181, 53.77605], [9.25447, 53.77588], [9.25564, 53.77521]]], [[[9.24073, 53.77347], [9.24125, 53.77314], [9.24056, 53.77329], [9.24008, 53.77266], [9.23963, 53.77428], [9.23783, 53.77533], [9.23743, 53.77725], [9.23571, 53.77865], [9.23714, 53.77876], [9.23931, 53.7772], [9.24221, 53.77645], [9.24073, 53.77347]]], [[[9.23914, 53.77138], [9.24006, 53.77258], [9.24141, 53.77268], [9.24214, 53.77009], [9.24113, 53.76662], [9.24168, 53.7653], [9.23948, 53.76672], [9.23997, 53.76871], [9.23892, 53.77056], [9.23914, 53.77138]]], [[[9.2533, 53.76114], [9.25314, 53.76152], [9.25451, 53.76195], [9.25449, 53.76232], [9.26361, 53.76523], [9.26426, 53.76433], [9.26352, 53.76405], [9.26431, 53.76424], [9.26721, 53.76018], [9.26214, 53.7585], [9.26727, 53.76011], [9.26752, 53.75974], [9.2577, 53.75669], [9.25718, 53.75845], [9.26135, 53.75973], [9.25714, 53.75851], [9.25528, 53.75998], [9.25208, 53.76074], [9.2533, 53.76114]], [[9.26168, 53.75931], [9.25778, 53.7581], [9.26011, 53.75873], [9.26093, 53.75811], [9.26203, 53.75874], [9.26077, 53.75881], [9.26564, 53.76048], [9.26168, 53.75931]], [[9.25988, 53.76167], [9.25689, 53.76093], [9.257, 53.76075], [9.25988, 53.76167]]], [[[9.2623, 53.75792], [9.2676, 53.75962], [9.26543, 53.75879], [9.26565, 53.75847], [9.26793, 53.75914], [9.26844, 53.7584], [9.27346, 53.74684], [9.2698, 53.7457], [9.26804, 53.74665], [9.2649, 53.74735], [9.26588, 53.74725], [9.26901, 53.74798], [9.26862, 53.74899], [9.26634, 53.7483], [9.2666, 53.74798], [9.26436, 53.74751], [9.26422, 53.74868], [9.26318, 53.75001], [9.26158, 53.7509], [9.25938, 53.75146], [9.25734, 53.75265], [9.25635, 53.7535], [9.25604, 53.75453], [9.25765, 53.75651], [9.2623, 53.75792]], [[9.2643, 53.75471], [9.2644, 53.75515], [9.26405, 53.75473], [9.25752, 53.75271], [9.2643, 53.75471]], [[9.26969, 53.74777], [9.26776, 53.74726], [9.26785, 53.74714], [9.2682, 53.74699], [9.26969, 53.74777]], [[9.26927, 53.74782], [9.26907, 53.74792], [9.26751, 53.74743], [9.26766, 53.7473], [9.26927, 53.74782]], [[9.26605, 53.75277], [9.26429, 53.75262], [9.264, 53.75213], [9.26605, 53.75277]], [[9.26401, 53.75746], [9.26261, 53.75704], [9.26286, 53.7567], [9.26434, 53.75713], [9.26401, 53.75746]], [[9.26664, 53.75739], [9.26635, 53.75776], [9.26561, 53.75752], [9.26579, 53.75715], [9.26664, 53.75739]]], [[[9.27191, 53.75118], [9.27471, 53.75158], [9.27715, 53.74712], [9.27379, 53.74693], [9.27191, 53.75118]]], [[[9.25909, 53.73089], [9.26137, 53.72958], [9.2643, 53.72975], [9.26871, 53.72788], [9.273, 53.72548], [9.2751, 53.72535], [9.27687, 53.72591], [9.27866, 53.72558], [9.27346, 53.7229], [9.27435, 53.72227], [9.27367, 53.72287], [9.27888, 53.72558], [9.28102, 53.72605], [9.28129, 53.72586], [9.28565, 53.72804], [9.28508, 53.72845], [9.28622, 53.72948], [9.28625, 53.73061], [9.28922, 53.73213], [9.29303, 53.73032], [9.2948, 53.73031], [9.29655, 53.73075], [9.29929, 53.72921], [9.30079, 53.72883], [9.30129, 53.72668], [9.29941, 53.72622], [9.29689, 53.7276], [9.29334, 53.72792], [9.29022, 53.72707], [9.28851, 53.72548], [9.28546, 53.72592], [9.27976, 53.7255], [9.27769, 53.72462], [9.27649, 53.72348], [9.27312, 53.72155], [9.27199, 53.72018], [9.26995, 53.71927], [9.27001, 53.72098], [9.26884, 53.72254], [9.26648, 53.72363], [9.26335, 53.7239], [9.26003, 53.72619], [9.25978, 53.72811], [9.25792, 53.72992], [9.25909, 53.73089]], [[9.26448, 53.72473], [9.26405, 53.72499], [9.26358, 53.7247], [9.26428, 53.7242], [9.26448, 53.72473]]], [[[9.29933, 53.72938], [9.30148, 53.73004], [9.30084, 53.72902], [9.29933, 53.72938]]], [[[9.30298, 53.73257], [9.30392, 53.73284], [9.30394, 53.73281], [9.30317, 53.73232], [9.30298, 53.73257]]], [[[9.29971, 53.73707], [9.29658, 53.73873], [9.29666, 53.73961], [9.29799, 53.73981], [9.30033, 53.73904], [9.30092, 53.7374], [9.29971, 53.73707]]], [[[9.29324, 53.73926], [9.2928, 53.74137], [9.29629, 53.74126], [9.29696, 53.74054], [9.29477, 53.73999], [9.29706, 53.74045], [9.29756, 53.74007], [9.29324, 53.73926]]], [[[9.27743, 53.73782], [9.2762, 53.7377], [9.27389, 53.73961], [9.27752, 53.73989], [9.27944, 53.74042], [9.28064, 53.73951], [9.27743, 53.73782]]], [[[9.26147, 53.7357], [9.26276, 53.73475], [9.26319, 53.73382], [9.26116, 53.73369], [9.25944, 53.73286], [9.25891, 53.73386], [9.26044, 53.73467], [9.25886, 53.73392], [9.25842, 53.73434], [9.26147, 53.7357]]], [[[9.23187, 53.71327], [9.23004, 53.71333], [9.23361, 53.71521], [9.23616, 53.71536], [9.23875, 53.71444], [9.24141, 53.71431], [9.23291, 53.71307], [9.23187, 53.71327]]], [[[9.24293, 53.71456], [9.2443, 53.71505], [9.2451, 53.71485], [9.2426, 53.71449], [9.24293, 53.71456]]], [[[9.25493, 53.71632], [9.25554, 53.71691], [9.25602, 53.71775], [9.25739, 53.71665], [9.25493, 53.71632]]], [[[9.07098, 53.77898], [9.06958, 53.77828], [9.06961, 53.77924], [9.07274, 53.77943], [9.07543, 53.78069], [9.07649, 53.78212], [9.07642, 53.7838], [9.07907, 53.7842], [9.08121, 53.78534], [9.08228, 53.7872], [9.08182, 53.78894], [9.0828, 53.78961], [9.08562, 53.78893], [9.0857, 53.78666], [9.08828, 53.78459], [9.09126, 53.78397], [9.09757, 53.78423], [9.09655, 53.78273], [9.09472, 53.78133], [9.09362, 53.77894], [9.09495, 53.77671], [9.09793, 53.77555], [9.09107, 53.76881], [9.08862, 53.76887], [9.09132, 53.77016], [9.09354, 53.77301], [9.09347, 53.77471], [9.09163, 53.77644], [9.08931, 53.77721], [9.08725, 53.77738], [9.08569, 53.77888], [9.08262, 53.7798], [9.07544, 53.77986], [9.07098, 53.77898]]], [[[9.09459, 53.76854], [9.09141, 53.76881], [9.09815, 53.77551], [9.10078, 53.77546], [9.10291, 53.77598], [9.10802, 53.7795], [9.11071, 53.78077], [9.11148, 53.78065], [9.1117, 53.77876], [9.11383, 53.77705], [9.11767, 53.77637], [9.11915, 53.77475], [9.1209, 53.77386], [9.12351, 53.77332], [9.12644, 53.77343], [9.12796, 53.77252], [9.1303, 53.77192], [9.13108, 53.77005], [9.13032, 53.76788], [9.13186, 53.76572], [9.13142, 53.76449], [9.13173, 53.76177], [9.13303, 53.76007], [9.13537, 53.75894], [9.13637, 53.75794], [9.13732, 53.75617], [9.1313, 53.7557], [9.12847, 53.75469], [9.12576, 53.75451], [9.12289, 53.75335], [9.12159, 53.75205], [9.11815, 53.75178], [9.11668, 53.75337], [9.11511, 53.75416], [9.11541, 53.75649], [9.11312, 53.75983], [9.11301, 53.76153], [9.1119, 53.7628], [9.10906, 53.76395], [9.10524, 53.76389], [9.10164, 53.76694], [9.09887, 53.76766], [9.09676, 53.76771], [9.09459, 53.76854]], [[9.11669, 53.75351], [9.1171, 53.75358], [9.11696, 53.75387], [9.11654, 53.75373], [9.11669, 53.75351]]], [[[9.07793, 53.77207], [9.07889, 53.77194], [9.07936, 53.77068], [9.07723, 53.77108], [9.07613, 53.77228], [9.07793, 53.77207]]], [[[9.00198, 53.80571], [9.00708, 53.80532], [9.00816, 53.80391], [9.00989, 53.803], [9.01226, 53.80251], [9.01461, 53.80247], [9.01437, 53.80139], [9.01227, 53.80104], [9.01012, 53.80249], [9.0074, 53.80303], [9.00456, 53.80275], [9.00165, 53.80162], [9.00067, 53.80521], [9.00198, 53.80571]]], [[[9.003, 53.79225], [9.00161, 53.79334], [8.99977, 53.79399], [8.99969, 53.79452], [9.00165, 53.79405], [9.00472, 53.794], [9.01053, 53.79549], [9.01205, 53.79622], [9.01336, 53.79494], [9.01514, 53.79416], [9.01588, 53.79315], [9.01494, 53.79234], [9.01294, 53.7927], [9.01073, 53.79241], [9.00804, 53.79075], [9.00491, 53.79017], [9.003, 53.79225]]], [[[9.04953, 53.78391], [9.05192, 53.7809], [9.04974, 53.78031], [9.04857, 53.78135], [9.04746, 53.78734], [9.04836, 53.78906], [9.04785, 53.79078], [9.04375, 53.79347], [9.03834, 53.79552], [9.04165, 53.79535], [9.04365, 53.79471], [9.04501, 53.79328], [9.04732, 53.79238], [9.04792, 53.79113], [9.0494, 53.79001], [9.04953, 53.78391]]], [[[9.00439, 53.74613], [9.00309, 53.74549], [9.00155, 53.74619], [9.00467, 53.74727], [9.00656, 53.74902], [9.00805, 53.74792], [9.00808, 53.74691], [9.00439, 53.74613]]], [[[8.87484, 53.7999], [8.87487, 53.79987], [8.87511, 53.79969], [8.87451, 53.79989], [8.87484, 53.7999]]], [[[8.9163, 53.78301], [8.91014, 53.78438], [8.91048, 53.78598], [8.91385, 53.78631], [8.91504, 53.78397], [8.91817, 53.78259], [8.9163, 53.78301]]], [[[8.9098, 53.78008], [8.90974, 53.78034], [8.91263, 53.77973], [8.91282, 53.77782], [8.91201, 53.77773], [8.91118, 53.77911], [8.9098, 53.78008]]], [[[8.99529, 53.80077], [8.99575, 53.799], [8.99429, 53.7982], [8.99353, 53.79987], [8.99093, 53.8026], [8.98859, 53.80358], [8.98596, 53.8038], [8.98724, 53.8053], [8.98729, 53.80674], [8.98968, 53.80755], [8.99137, 53.80905], [8.99204, 53.80713], [8.99394, 53.80569], [8.99529, 53.80077]]], [[[8.93717, 53.7619], [8.93818, 53.76346], [8.93895, 53.76325], [8.93955, 53.76203], [8.93715, 53.76046], [8.93664, 53.75781], [8.93501, 53.75869], [8.93524, 53.75968], [8.93642, 53.76056], [8.93717, 53.7619]]], [[[8.9898, 53.73538], [8.98973, 53.73573], [8.99037, 53.73589], [8.98996, 53.73541], [8.9898, 53.73538]]], [[[8.98662, 53.74484], [8.98788, 53.74478], [8.98537, 53.74268], [8.98592, 53.74436], [8.98662, 53.74484]]], [[[8.99399, 53.74086], [8.99383, 53.74103], [8.99534, 53.7418], [8.99423, 53.74052], [8.99399, 53.74086]]], [[[8.98771, 53.77453], [8.98444, 53.77546], [8.98361, 53.78044], [8.99284, 53.78037], [8.99368, 53.77971], [8.99441, 53.7779], [8.99331, 53.77666], [8.99286, 53.77511], [8.9935, 53.77302], [8.98931, 53.77312], [8.98771, 53.77453]]], [[[8.969, 53.81804], [8.96847, 53.81827], [8.96691, 53.81875], [8.97022, 53.81825], [8.96959, 53.81771], [8.969, 53.81804]]], [[[9.02606, 53.76206], [9.02499, 53.7642], [9.02917, 53.7643], [9.03267, 53.76554], [9.03487, 53.76524], [9.03785, 53.76546], [9.03761, 53.76362], [9.03195, 53.76062], [9.0297, 53.76088], [9.02606, 53.76206]]], [[[9.05616, 53.7843], [9.0559, 53.78938], [9.05878, 53.79041], [9.0588, 53.78849], [9.05988, 53.78691], [9.06209, 53.78582], [9.06502, 53.78543], [9.06363, 53.78375], [9.06377, 53.78194], [9.06312, 53.77998], [9.06048, 53.7799], [9.05923, 53.78068], [9.05616, 53.7843]]], [[[9.18241, 53.82753], [9.18471, 53.82801], [9.1844, 53.82652], [9.18143, 53.82631], [9.1782, 53.82487], [9.17572, 53.82441], [9.17464, 53.82445], [9.17322, 53.82611], [9.17601, 53.82714], [9.18241, 53.82753]]], [[[9.15961, 53.81591], [9.16343, 53.8153], [9.16322, 53.81411], [9.15988, 53.81463], [9.15587, 53.81434], [9.15379, 53.81537], [9.15156, 53.81574], [9.14904, 53.81558], [9.14715, 53.81496], [9.14757, 53.81554], [9.1495, 53.81594], [9.15561, 53.81609], [9.1577, 53.81649], [9.15961, 53.81591]]], [[[9.13294, 53.80196], [9.13174, 53.80436], [9.13625, 53.80442], [9.13901, 53.80545], [9.14169, 53.805], [9.13869, 53.80434], [9.13501, 53.80213], [9.13294, 53.80196]], [[9.13328, 53.804], [9.13276, 53.8038], [9.13328, 53.80342], [9.13328, 53.804]]], [[[9.12945, 53.78816], [9.12737, 53.7889], [9.12686, 53.78953], [9.12572, 53.79334], [9.12823, 53.79335], [9.13399, 53.7946], [9.13713, 53.79426], [9.14017, 53.79486], [9.14217, 53.79409], [9.14444, 53.79385], [9.14883, 53.79449], [9.14794, 53.79325], [9.14861, 53.79118], [9.15057, 53.79037], [9.15336, 53.79027], [9.15537, 53.79076], [9.15642, 53.79163], [9.15649, 53.79495], [9.15945, 53.79522], [9.16171, 53.79621], [9.16383, 53.79596], [9.16818, 53.79614], [9.1709, 53.79666], [9.17494, 53.79612], [9.17728, 53.79656], [9.17878, 53.79728], [9.18248, 53.79734], [9.18386, 53.79586], [9.18647, 53.79544], [9.18986, 53.79627], [9.19076, 53.79739], [9.19059, 53.79852], [9.19149, 53.79866], [9.19312, 53.79863], [9.19413, 53.79687], [9.19183, 53.79417], [9.18824, 53.79369], [9.18653, 53.79277], [9.18544, 53.79127], [9.18185, 53.79109], [9.17918, 53.78981], [9.17661, 53.78667], [9.17773, 53.78368], [9.17429, 53.78408], [9.17112, 53.78354], [9.16944, 53.7826], [9.16857, 53.78152], [9.16616, 53.78026], [9.16648, 53.78001], [9.16384, 53.77878], [9.16264, 53.77653], [9.16319, 53.7751], [9.16471, 53.77389], [9.16376, 53.77171], [9.15092, 53.76871], [9.15073, 53.76929], [9.15499, 53.77031], [9.15463, 53.77052], [9.15056, 53.76961], [9.14963, 53.77059], [9.14864, 53.77347], [9.14858, 53.77834], [9.14939, 53.78034], [9.15036, 53.78068], [9.15011, 53.78094], [9.14936, 53.7806], [9.14811, 53.78258], [9.14607, 53.78377], [9.14389, 53.78423], [9.14133, 53.78411], [9.14025, 53.78521], [9.13847, 53.78608], [9.13626, 53.78648], [9.13355, 53.78633], [9.1309, 53.78712], [9.12945, 53.78816]], [[9.16385, 53.78276], [9.16439, 53.78245], [9.16341, 53.78148], [9.16343, 53.78086], [9.1652, 53.78053], [9.16438, 53.78493], [9.16433, 53.7836], [9.16335, 53.78335], [9.16385, 53.78276]], [[9.1635, 53.7899], [9.16321, 53.78968], [9.16339, 53.78888], [9.16417, 53.79025], [9.1635, 53.79028], [9.1635, 53.7899]], [[9.17027, 53.78906], [9.17, 53.78937], [9.16962, 53.78926], [9.17002, 53.78917], [9.17027, 53.78906]], [[9.19056, 53.7949], [9.18896, 53.79501], [9.18756, 53.79473], [9.19056, 53.79477], [9.19056, 53.7949]]], [[[9.15602, 53.76519], [9.1687, 53.76836], [9.16976, 53.7683], [9.17156, 53.76689], [9.17445, 53.76617], [9.1725, 53.76012], [9.1733, 53.75809], [9.17245, 53.7576], [9.16984, 53.75735], [9.17121, 53.75824], [9.17205, 53.75952], [9.17133, 53.76196], [9.16831, 53.76351], [9.16624, 53.76391], [9.16394, 53.76385], [9.16065, 53.76277], [9.15916, 53.76093], [9.15961, 53.75841], [9.16094, 53.75729], [9.16249, 53.75666], [9.15632, 53.75605], [9.15481, 53.76246], [9.15594, 53.76382], [9.15602, 53.76519]], [[9.15675, 53.75801], [9.15682, 53.75782], [9.15806, 53.758], [9.15798, 53.75819], [9.15675, 53.75801]], [[9.1576, 53.76374], [9.15747, 53.76429], [9.1568, 53.76403], [9.15735, 53.76335], [9.15959, 53.76393], [9.15946, 53.76415], [9.1576, 53.76374]]], [[[9.1786, 53.72433], [9.17737, 53.72317], [9.177, 53.72185], [9.17629, 53.72163], [9.17274, 53.72236], [9.17234, 53.72294], [9.17363, 53.72424], [9.17761, 53.72521], [9.17849, 53.72491], [9.1786, 53.72433]]], [[[9.17722, 53.72538], [9.17475, 53.72453], [9.17435, 53.72482], [9.17382, 53.72466], [9.17342, 53.72852], [9.17478, 53.72894], [9.1754, 53.72687], [9.17722, 53.72538]]], [[[9.17731, 53.73451], [9.1772, 53.73445], [9.17013, 53.73225], [9.17772, 53.73468], [9.17731, 53.73451]]], [[[9.1798, 53.73531], [9.17942, 53.73523], [9.18845, 53.73811], [9.19291, 53.73564], [9.19319, 53.73477], [9.1875, 53.73282], [9.18614, 53.73413], [9.18438, 53.73501], [9.18218, 53.73542], [9.1798, 53.73531]]], [[[9.1772, 53.73951], [9.16459, 53.73529], [9.16297, 53.73678], [9.16095, 53.73761], [9.16069, 53.73933], [9.15941, 53.74062], [9.15783, 53.74135], [9.15833, 53.74174], [9.15738, 53.74163], [9.15516, 53.7432], [9.15716, 53.74435], [9.15823, 53.74593], [9.15716, 53.74961], [9.1681, 53.75055], [9.16996, 53.75173], [9.16978, 53.75344], [9.17452, 53.75393], [9.17787, 53.75501], [9.17736, 53.75326], [9.17814, 53.75162], [9.18298, 53.74916], [9.18206, 53.74682], [9.17866, 53.74723], [9.17529, 53.74638], [9.17297, 53.747], [9.1701, 53.74696], [9.16712, 53.74584], [9.16569, 53.74363], [9.16645, 53.74183], [9.16882, 53.74036], [9.17216, 53.73992], [9.17512, 53.7403], [9.17565, 53.74066], [9.17697, 53.74023], [9.1772, 53.73951]], [[9.17537, 53.74003], [9.17223, 53.73928], [9.17236, 53.73909], [9.17537, 53.74003]]], [[[9.19326, 53.75602], [9.1957, 53.75665], [9.19747, 53.75649], [9.19814, 53.75467], [9.19811, 53.75405], [9.19754, 53.75403], [9.19753, 53.75471], [9.19744, 53.754], [9.19829, 53.75397], [9.19834, 53.75446], [9.20035, 53.75318], [9.20214, 53.75259], [9.19993, 53.75147], [9.1989, 53.74977], [9.19581, 53.75267], [9.19368, 53.75369], [9.19689, 53.75398], [9.19342, 53.75376], [9.19219, 53.75397], [9.19274, 53.75418], [9.19203, 53.75423], [9.19136, 53.75557], [9.19326, 53.75602]], [[9.19649, 53.7547], [9.19685, 53.75472], [9.19698, 53.75569], [9.19668, 53.75567], [9.19649, 53.7547]]], [[[9.12136, 53.74505], [9.12081, 53.74683], [9.11963, 53.74801], [9.1224, 53.74822], [9.12376, 53.74732], [9.12582, 53.74671], [9.12908, 53.74672], [9.13224, 53.74591], [9.13458, 53.74602], [9.1339, 53.74391], [9.13228, 53.74317], [9.13162, 53.74208], [9.13094, 53.74209], [9.1313, 53.741], [9.13159, 53.74165], [9.1323, 53.74042], [9.1343, 53.73964], [9.13665, 53.73964], [9.13829, 53.74019], [9.13996, 53.73827], [9.13846, 53.73647], [9.13858, 53.73428], [9.13569, 53.73317], [9.13412, 53.73131], [9.12899, 53.73151], [9.12688, 53.73097], [9.12548, 53.73015], [9.11661, 53.72897], [9.11306, 53.72988], [9.11237, 53.7312], [9.1129, 53.73223], [9.11502, 53.7322], [9.11739, 53.7327], [9.11989, 53.73454], [9.12069, 53.74019], [9.11962, 53.74204], [9.12106, 53.74336], [9.12136, 53.74505]], [[9.13743, 53.73839], [9.13745, 53.73876], [9.13615, 53.73868], [9.13664, 53.73907], [9.13597, 53.73908], [9.13526, 53.73823], [9.13743, 53.73839]]], [[[9.10624, 53.74287], [9.10437, 53.74425], [9.10558, 53.74503], [9.10679, 53.74379], [9.10624, 53.74287]]], [[[9.11141, 53.72278], [9.11064, 53.72273], [9.11044, 53.72297], [9.1111, 53.72283], [9.11141, 53.72278]]], [[[9.09228, 53.80856], [9.09131, 53.8098], [9.08976, 53.81067], [9.09088, 53.81546], [9.09369, 53.8166], [9.0952, 53.81625], [9.09674, 53.81523], [9.09651, 53.8142], [9.09795, 53.81424], [9.09808, 53.81478], [9.10164, 53.81323], [9.1029, 53.81119], [9.10145, 53.80818], [9.09931, 53.80806], [9.09746, 53.80699], [9.09548, 53.80652], [9.09753, 53.81413], [9.09648, 53.81407], [9.09503, 53.80637], [9.09182, 53.80557], [9.09254, 53.80704], [9.09228, 53.80856]], [[9.0978, 53.80777], [9.09891, 53.80823], [9.09888, 53.80839], [9.09777, 53.80813], [9.0978, 53.80777]]], [[[9.11383, 53.80295], [9.11468, 53.80343], [9.11696, 53.80325], [9.11864, 53.80354], [9.11988, 53.80427], [9.12043, 53.80544], [9.1192, 53.80712], [9.11526, 53.80788], [9.11392, 53.80891], [9.11784, 53.80824], [9.12254, 53.80599], [9.12552, 53.80562], [9.12166, 53.80395], [9.12049, 53.80278], [9.12016, 53.8014], [9.11825, 53.80074], [9.11623, 53.80206], [9.11325, 53.80272], [9.11383, 53.80295]]], [[[9.22337, 53.71801], [9.22608, 53.71687], [9.22127, 53.71433], [9.22049, 53.71548], [9.21876, 53.71657], [9.2182, 53.718], [9.21705, 53.71898], [9.21218, 53.72085], [9.21, 53.72129], [9.2077, 53.72121], [9.20519, 53.72039], [9.20362, 53.71931], [9.20286, 53.71771], [9.20033, 53.71798], [9.19719, 53.71735], [9.1958, 53.71758], [9.1976, 53.7186], [9.19615, 53.71818], [9.19575, 53.71759], [9.19361, 53.71754], [9.19082, 53.71811], [9.18807, 53.71803], [9.18317, 53.71694], [9.18256, 53.71779], [9.18729, 53.71828], [9.18908, 53.71914], [9.19018, 53.72034], [9.19042, 53.7217], [9.18969, 53.72309], [9.18619, 53.72555], [9.18531, 53.72529], [9.18511, 53.72555], [9.18757, 53.72687], [9.18861, 53.72843], [9.20582, 53.73374], [9.20721, 53.73234], [9.20679, 53.73043], [9.20835, 53.72848], [9.2102, 53.72767], [9.2125, 53.72734], [9.21361, 53.72548], [9.21771, 53.72293], [9.22037, 53.72237], [9.22328, 53.72252], [9.22199, 53.72023], [9.22337, 53.71801]], [[9.2038, 53.72201], [9.20285, 53.72175], [9.20324, 53.7211], [9.20427, 53.72137], [9.2038, 53.72201]], [[9.2034, 53.72858], [9.20244, 53.7296], [9.19278, 53.72671], [9.19374, 53.72572], [9.2034, 53.72858]], [[9.22466, 53.71678], [9.22446, 53.71693], [9.22354, 53.71615], [9.22466, 53.71678]]], [[[9.16718, 53.70853], [9.16861, 53.71041], [9.16854, 53.71269], [9.17017, 53.71107], [9.17209, 53.71031], [9.17406, 53.71002], [9.17548, 53.70864], [9.16718, 53.70853]]], [[[9.18774, 53.70906], [9.18929, 53.71075], [9.19842, 53.70963], [9.19231, 53.7091], [9.18774, 53.70906]]], [[[9.20397, 53.71019], [9.20401, 53.71021], [9.20442, 53.71015], [9.20374, 53.71009], [9.20397, 53.71019]]], [[[9.19449, 53.82647], [9.19099, 53.82658], [9.19142, 53.82867], [9.19406, 53.82886], [9.19896, 53.82742], [9.20186, 53.82716], [9.19674, 53.82643], [9.19449, 53.82647]]], [[[9.17345, 53.81487], [9.16991, 53.81485], [9.17014, 53.81617], [9.17281, 53.81645], [9.17548, 53.81566], [9.17795, 53.81547], [9.18018, 53.81582], [9.18242, 53.8168], [9.18516, 53.81589], [9.18819, 53.8157], [9.18641, 53.81419], [9.18611, 53.81253], [9.1827, 53.81204], [9.18159, 53.81354], [9.17944, 53.81468], [9.17705, 53.81508], [9.17345, 53.81487]]], [[[9.20848, 53.81772], [9.21002, 53.81792], [9.20745, 53.81034], [9.20606, 53.80951], [9.2051, 53.80813], [9.20308, 53.80729], [9.20316, 53.80776], [9.20513, 53.80876], [9.20612, 53.80999], [9.20625, 53.81146], [9.20515, 53.81303], [9.19892, 53.81607], [9.19126, 53.81649], [9.19287, 53.81765], [9.19779, 53.81887], [9.19948, 53.81795], [9.2019, 53.81735], [9.20848, 53.81772]]], [[[9.22063, 53.7956], [9.22072, 53.79555], [9.21665, 53.79644], [9.21774, 53.79677], [9.21962, 53.79661], [9.22063, 53.7956]]], [[[9.20687, 53.79685], [9.20725, 53.7967], [9.20408, 53.79673], [9.20503, 53.79787], [9.20687, 53.79685]]], [[[9.19718, 53.79188], [9.19784, 53.79266], [9.20428, 53.79252], [9.19885, 53.7911], [9.19786, 53.79119], [9.19718, 53.79188]]], [[[9.2116, 53.7921], [9.21186, 53.79245], [9.21444, 53.79244], [9.21992, 53.79124], [9.21774, 53.79084], [9.21537, 53.79178], [9.2116, 53.7921]]], [[[9.21382, 53.78268], [9.2149, 53.78089], [9.21398, 53.77874], [9.21044, 53.77874], [9.2081, 53.78012], [9.20778, 53.78199], [9.20885, 53.78269], [9.21165, 53.78238], [9.21382, 53.78268]]], [[[9.19308, 53.76382], [9.19113, 53.76387], [9.19137, 53.76487], [9.19257, 53.76562], [9.19576, 53.76419], [9.19394, 53.76368], [9.19308, 53.76382]]], [[[9.22147, 53.80392], [9.22033, 53.80403], [9.21867, 53.80398], [9.22125, 53.8043], [9.22307, 53.80354], [9.22147, 53.80392]]], [[[9.30652, 53.80681], [9.31191, 53.8033], [9.31176, 53.80248], [9.30842, 53.8036], [9.30625, 53.8039], [9.30273, 53.80529], [9.29588, 53.80514], [9.29278, 53.80581], [9.28983, 53.80548], [9.28802, 53.80587], [9.28502, 53.80766], [9.28554, 53.80808], [9.28797, 53.80801], [9.29015, 53.80847], [9.29288, 53.81039], [9.295, 53.80808], [9.29734, 53.80699], [9.30075, 53.80672], [9.30437, 53.8076], [9.30652, 53.80681]], [[9.29553, 53.80621], [9.29589, 53.80653], [9.29557, 53.80664], [9.29519, 53.80631], [9.29553, 53.80621]]], [[[9.27066, 53.78647], [9.27314, 53.78828], [9.28996, 53.78542], [9.29303, 53.78336], [9.29253, 53.78296], [9.28918, 53.78252], [9.28745, 53.78166], [9.28425, 53.78192], [9.28074, 53.78099], [9.27534, 53.78228], [9.27415, 53.78478], [9.27066, 53.78647]]], [[[9.29289, 53.78295], [9.29288, 53.78294], [9.29288, 53.78294], [9.29289, 53.78295]]], [[[9.29955, 53.78527], [9.29355, 53.78915], [9.27267, 53.79275], [9.27436, 53.79499], [9.27762, 53.79542], [9.27967, 53.79655], [9.28066, 53.79818], [9.2802, 53.79991], [9.2836, 53.799], [9.28601, 53.79773], [9.2905, 53.79695], [9.2914, 53.79525], [9.294, 53.79391], [9.29767, 53.79342], [9.30081, 53.79414], [9.30173, 53.79354], [9.29919, 53.79142], [9.29944, 53.78905], [9.30144, 53.78756], [9.30479, 53.7868], [9.30726, 53.78532], [9.30412, 53.78336], [9.30223, 53.78465], [9.29955, 53.78527]], [[9.29892, 53.79243], [9.29844, 53.79268], [9.29776, 53.79193], [9.298, 53.79196], [9.29892, 53.79243]]], [[[9.33329, 53.79592], [9.33483, 53.79408], [9.33492, 53.79239], [9.33294, 53.79302], [9.332, 53.79409], [9.33329, 53.79592]]], [[[9.31093, 53.78098], [9.31099, 53.78033], [9.30917, 53.78091], [9.3105, 53.78174], [9.31093, 53.78098]]], [[[9.32185, 53.78557], [9.32214, 53.78549], [9.32216, 53.78543], [9.32184, 53.78536], [9.32185, 53.78557]]], [[[9.32207, 53.80547], [9.32143, 53.80578], [9.32201, 53.80663], [9.3241, 53.80518], [9.32333, 53.80451], [9.32207, 53.80547]]], [[[8.92322, 53.78156], [8.92235, 53.78196], [8.92597, 53.78208], [8.92903, 53.78368], [8.93421, 53.78212], [8.93555, 53.7809], [8.93237, 53.77728], [8.93164, 53.77882], [8.93021, 53.7799], [8.92749, 53.78069], [8.92442, 53.78061], [8.92322, 53.78156]], [[8.93195, 53.77914], [8.93226, 53.77952], [8.93193, 53.77957], [8.93164, 53.77921], [8.93195, 53.77914]], [[8.93254, 53.7799], [8.93313, 53.78077], [8.93281, 53.78083], [8.93224, 53.77998], [8.93254, 53.7799]]], [[[8.96293, 53.80771], [8.9629, 53.8077], [8.96284, 53.80797], [8.96321, 53.80775], [8.96293, 53.80771]]], [[[9.00606, 53.7821], [9.00633, 53.78212], [9.00582, 53.78177], [9.00567, 53.7821], [9.00606, 53.7821]]], [[[9.00607, 53.7518], [9.00575, 53.75209], [9.00555, 53.75225], [9.00636, 53.75197], [9.00607, 53.7518]]], [[[9.04059, 53.7212], [9.04148, 53.7221], [9.0421, 53.72178], [9.04121, 53.72149], [9.04059, 53.7212]]], [[[9.14934, 53.82462], [9.14809, 53.82416], [9.14515, 53.82547], [9.15031, 53.82668], [9.15335, 53.82624], [9.15805, 53.82636], [9.15849, 53.82602], [9.15322, 53.82485], [9.14934, 53.82462]]], [[[9.14525, 53.81373], [9.14571, 53.81393], [9.14527, 53.81333], [9.14324, 53.81323], [9.14525, 53.81373]]], [[[9.14634, 53.80411], [9.14256, 53.80502], [9.14751, 53.80568], [9.15085, 53.80561], [9.15331, 53.80627], [9.15778, 53.80656], [9.16001, 53.8073], [9.1634, 53.80664], [9.16679, 53.8066], [9.17134, 53.80772], [9.17167, 53.80585], [9.17293, 53.80452], [9.17276, 53.8035], [9.16911, 53.80418], [9.16524, 53.80338], [9.162, 53.80327], [9.15805, 53.80385], [9.15446, 53.8029], [9.14734, 53.8035], [9.14634, 53.80411]]], [[[9.15376, 53.71774], [9.15441, 53.71701], [9.15174, 53.71818], [9.1525, 53.7192], [9.15376, 53.71774]]], [[[9.13978, 53.72196], [9.13811, 53.72193], [9.13863, 53.72314], [9.13854, 53.72529], [9.13989, 53.72323], [9.13978, 53.72196]]], [[[9.10613, 53.73947], [9.10625, 53.73913], [9.10634, 53.73896], [9.10609, 53.7397], [9.10613, 53.73947]]], [[[9.11558, 53.81987], [9.11838, 53.82105], [9.11968, 53.82329], [9.12218, 53.82334], [9.1254, 53.82279], [9.12424, 53.81809], [9.12499, 53.81612], [9.12453, 53.81563], [9.11898, 53.81584], [9.11597, 53.81843], [9.11402, 53.81917], [9.11218, 53.81941], [9.11247, 53.81968], [9.11558, 53.81987]]], [[[9.09801, 53.82791], [9.10061, 53.8277], [9.10336, 53.82821], [9.10845, 53.82812], [9.11078, 53.82851], [9.11068, 53.82709], [9.10814, 53.82708], [9.10628, 53.82613], [9.10578, 53.82479], [9.10645, 53.82356], [9.10595, 53.82318], [9.10339, 53.82396], [9.10056, 53.82399], [9.09867, 53.82495], [9.09584, 53.82541], [9.09368, 53.82622], [9.09104, 53.82645], [9.08888, 53.82614], [9.08742, 53.82678], [9.09282, 53.8278], [9.09801, 53.82791]]], [[[9.13959, 53.82613], [9.14051, 53.82608], [9.14175, 53.82569], [9.14007, 53.82581], [9.13959, 53.82613]]], [[[9.13986, 53.81309], [9.13611, 53.81398], [9.13576, 53.81596], [9.13853, 53.81373], [9.14067, 53.81321], [9.14258, 53.81316], [9.13986, 53.81309]]], [[[9.13889, 53.72688], [9.139, 53.72687], [9.13868, 53.72629], [9.13851, 53.72694], [9.13889, 53.72688]]], [[[9.20903, 53.76405], [9.2096, 53.76463], [9.21026, 53.76456], [9.20971, 53.76404], [9.20903, 53.76405]]], [[[9.19845, 53.77568], [9.19068, 53.77645], [9.19035, 53.77671], [9.19301, 53.77753], [9.19507, 53.77919], [9.19614, 53.77786], [9.1978, 53.77699], [9.19845, 53.77568]]], [[[9.17489, 53.77465], [9.17513, 53.7746], [9.17442, 53.77448], [9.17465, 53.77472], [9.17489, 53.77465]]], [[[9.19659, 53.78321], [9.19546, 53.78216], [9.19407, 53.78388], [9.19214, 53.78481], [9.19659, 53.78321]]], [[[9.225, 53.76203], [9.22533, 53.76341], [9.22764, 53.7647], [9.2286, 53.76571], [9.22784, 53.76346], [9.225, 53.76203]]], [[[9.2275, 53.72586], [9.22669, 53.72814], [9.22828, 53.72924], [9.22896, 53.73046], [9.23095, 53.73025], [9.23256, 53.72918], [9.23453, 53.72858], [9.23232, 53.72799], [9.22977, 53.72659], [9.22868, 53.72538], [9.2285, 53.72391], [9.22618, 53.72374], [9.2275, 53.72586]]], [[[9.22281, 53.82684], [9.224, 53.82713], [9.22484, 53.82687], [9.22402, 53.82652], [9.2221, 53.82675], [9.22281, 53.82684]]], [[[9.22568, 53.80181], [9.22581, 53.80177], [9.2262, 53.80166], [9.22575, 53.80168], [9.22568, 53.80181]]], [[[9.3083, 53.75205], [9.30845, 53.75234], [9.30768, 53.75001], [9.30721, 53.75072], [9.3083, 53.75205]]], [[[9.31648, 53.75252], [9.31617, 53.75224], [9.31612, 53.75274], [9.31734, 53.75359], [9.31648, 53.75252]]], [[[9.3173, 53.75592], [9.31715, 53.7556], [9.31662, 53.75623], [9.31735, 53.75601], [9.3173, 53.75592]]], [[[9.3187, 53.73846], [9.32079, 53.73802], [9.32314, 53.73838], [9.32552, 53.73806], [9.32881, 53.73861], [9.32877, 53.73631], [9.32631, 53.73532], [9.32691, 53.73484], [9.32616, 53.7341], [9.32331, 53.73419], [9.32094, 53.73361], [9.31863, 53.73752], [9.3187, 53.73846]]], [[[9.13121, 53.74197], [9.13161, 53.74198], [9.13159, 53.74172], [9.13131, 53.74172], [9.13121, 53.74197]]], [[[9.07668, 54.00948], [9.07991, 54.01128], [9.08199, 54.01077], [9.08446, 54.01078], [9.0875, 54.00974], [9.09099, 54.00987], [9.0934, 54.0093], [9.09599, 54.00937], [9.09631, 54.00652], [9.09713, 54.00521], [9.09488, 54.00555], [9.09217, 54.00544], [9.09029, 54.00666], [9.08736, 54.00727], [9.08346, 54.00672], [9.08181, 54.00576], [9.08101, 54.00472], [9.06271, 54.00669], [9.06351, 54.00906], [9.06581, 54.01101], [9.06602, 54.01302], [9.06654, 54.01219], [9.06629, 54.01024], [9.06806, 54.00892], [9.07381, 54.00821], [9.0754, 54.00856], [9.07668, 54.00948]]], [[[9.09173, 54.03119], [9.09245, 54.0292], [9.09188, 54.02786], [9.0893, 54.02608], [9.08888, 54.02395], [9.09063, 54.02189], [9.09521, 54.02033], [9.09258, 54.01969], [9.09163, 54.01858], [9.09163, 54.01712], [9.08987, 54.01673], [9.08781, 54.01672], [9.08624, 54.01746], [9.0839, 54.0179], [9.08159, 54.01778], [9.07982, 54.01728], [9.07623, 54.01801], [9.06961, 54.01753], [9.07126, 54.01939], [9.0708, 54.02151], [9.06904, 54.02286], [9.06616, 54.02362], [9.06443, 54.02684], [9.06286, 54.02784], [9.06065, 54.02844], [9.05712, 54.02831], [9.05436, 54.02708], [9.05328, 54.0255], [9.05367, 54.02317], [9.05154, 54.02351], [9.04872, 54.02326], [9.04553, 54.02352], [9.04442, 54.02431], [9.0449, 54.02733], [9.0468, 54.03008], [9.04698, 54.03178], [9.04815, 54.03347], [9.05115, 54.03313], [9.05383, 54.03205], [9.05605, 54.03167], [9.05881, 54.03179], [9.061, 54.03252], [9.06937, 54.0322], [9.072, 54.03002], [9.07538, 54.02917], [9.07824, 54.02939], [9.08053, 54.03035], [9.08309, 54.03004], [9.08536, 54.03032], [9.08727, 54.0311], [9.08867, 54.03245], [9.09144, 54.03198], [9.09173, 54.03119]], [[9.06466, 54.03149], [9.06466, 54.03162], [9.06452, 54.03162], [9.06452, 54.03149], [9.06466, 54.03149]]], [[[9.09909, 54.0371], [9.09875, 54.0369], [9.09988, 54.03906], [9.10125, 54.04023], [9.10284, 54.03954], [9.09986, 54.03807], [9.10022, 54.03782], [9.10347, 54.03938], [9.10954, 54.03886], [9.11192, 54.03713], [9.11578, 54.03648], [9.11556, 54.03505], [9.1163, 54.0337], [9.11785, 54.03264], [9.12017, 54.03198], [9.11829, 54.03145], [9.12166, 54.03188], [9.12484, 54.03174], [9.12699, 54.03042], [9.12685, 54.02904], [9.1278, 54.02838], [9.1287, 54.02827], [9.12866, 54.02898], [9.12765, 54.02867], [9.12705, 54.0291], [9.12716, 54.03036], [9.13013, 54.02989], [9.13307, 54.03032], [9.13557, 54.03178], [9.13631, 54.03349], [9.14006, 54.03327], [9.14222, 54.03253], [9.14441, 54.03237], [9.14432, 54.03167], [9.14266, 54.03064], [9.13847, 54.02949], [9.14121, 54.02992], [9.13989, 54.02844], [9.13976, 54.02699], [9.14042, 54.02573], [9.14194, 54.02453], [9.14025, 54.02375], [9.13807, 54.02577], [9.13634, 54.02668], [9.13384, 54.02955], [9.1328, 54.02919], [9.13004, 54.02945], [9.12849, 54.02929], [9.12852, 54.02905], [9.13038, 54.02932], [9.13047, 54.0282], [9.12872, 54.02816], [9.12964, 54.02808], [9.13068, 54.0271], [9.1308, 54.02607], [9.12835, 54.02593], [9.13025, 54.02584], [9.12838, 54.02491], [9.12743, 54.02386], [9.12369, 54.02365], [9.12202, 54.02511], [9.11966, 54.02605], [9.11754, 54.02811], [9.11789, 54.02839], [9.12057, 54.0284], [9.11819, 54.02851], [9.1181, 54.02878], [9.11703, 54.02839], [9.11363, 54.02991], [9.11069, 54.03027], [9.10902, 54.03237], [9.10676, 54.03359], [9.10414, 54.03704], [9.10164, 54.03768], [9.09909, 54.0371]], [[9.12534, 54.02696], [9.12483, 54.02694], [9.12485, 54.02659], [9.12545, 54.02662], [9.12534, 54.02696]], [[9.12377, 54.02723], [9.12032, 54.0277], [9.12018, 54.02751], [9.12132, 54.02742], [9.12377, 54.02723]], [[9.11857, 54.02983], [9.1212, 54.02966], [9.12137, 54.03006], [9.11857, 54.02983]], [[9.11283, 54.03329], [9.11275, 54.03266], [9.11284, 54.03262], [9.11351, 54.03289], [9.11283, 54.03329]]], [[[9.11462, 54.00457], [9.1154, 54.00477], [9.11892, 54.00377], [9.1189, 54.00345], [9.1161, 54.00285], [9.1137, 54.00278], [9.11306, 54.00414], [9.11462, 54.00457]]], [[[9.14028, 53.97977], [9.13895, 53.97831], [9.13723, 53.97829], [9.13657, 53.97883], [9.13718, 53.98011], [9.1412, 53.98101], [9.14228, 53.9806], [9.13962, 53.97991], [9.14028, 53.97977]]], [[[9.14525, 53.97204], [9.14537, 53.97198], [9.14522, 53.97186], [9.14506, 53.97199], [9.14525, 53.97204]]], [[[9.10869, 54.01075], [9.10921, 54.01097], [9.10931, 54.01066], [9.10869, 54.01075]]], [[[9.09308, 54.05472], [9.09372, 54.05631], [9.09263, 54.05769], [9.09034, 54.05829], [9.08747, 54.05786], [9.08494, 54.05901], [9.08517, 54.06058], [9.08429, 54.06199], [9.08525, 54.06372], [9.08954, 54.06266], [9.09232, 54.0633], [9.09393, 54.06221], [9.09621, 54.06141], [9.10197, 54.06057], [9.10569, 54.06088], [9.10852, 54.06185], [9.11246, 54.06041], [9.11596, 54.05822], [9.12128, 54.05654], [9.12481, 54.05632], [9.1312, 54.05371], [9.13199, 54.05309], [9.13137, 54.05127], [9.1331, 54.05072], [9.13104, 54.05074], [9.12952, 54.05187], [9.12681, 54.05262], [9.12551, 54.05352], [9.12362, 54.05413], [9.12066, 54.0538], [9.11844, 54.05424], [9.11574, 54.05411], [9.11003, 54.05541], [9.10715, 54.05533], [9.10454, 54.05438], [9.1029, 54.05258], [9.10324, 54.05056], [9.10529, 54.04896], [9.10649, 54.04699], [9.10432, 54.04643], [9.10062, 54.04721], [9.09929, 54.0485], [9.09684, 54.04941], [9.09346, 54.04957], [9.09066, 54.0488], [9.08987, 54.05009], [9.08815, 54.05119], [9.08774, 54.0532], [9.08824, 54.05397], [9.09089, 54.05376], [9.09308, 54.05472]]], [[[9.118, 54.09342], [9.11451, 54.09327], [9.11009, 54.09166], [9.10638, 54.0918], [9.10583, 54.09396], [9.10495, 54.09508], [9.10313, 54.09612], [9.10138, 54.09656], [9.09975, 54.09779], [9.09658, 54.09867], [9.09232, 54.09837], [9.09459, 54.09976], [9.09772, 54.09949], [9.10089, 54.10035], [9.10186, 54.09858], [9.1034, 54.09774], [9.10608, 54.09762], [9.10853, 54.09828], [9.10983, 54.09921], [9.11014, 54.10044], [9.1091, 54.10216], [9.10693, 54.10299], [9.10773, 54.10442], [9.11029, 54.10675], [9.11158, 54.10708], [9.11306, 54.10653], [9.11679, 54.10599], [9.12196, 54.10617], [9.1237, 54.10535], [9.12576, 54.10497], [9.13049, 54.10554], [9.13102, 54.10531], [9.13002, 54.1039], [9.12899, 54.10046], [9.13041, 54.09846], [9.13425, 54.09678], [9.13292, 54.09493], [9.1286, 54.096], [9.12797, 54.09548], [9.12685, 54.09729], [9.12537, 54.09782], [9.12365, 54.09788], [9.12182, 54.09732], [9.12067, 54.09592], [9.11869, 54.09517], [9.118, 54.09342]]], [[[9.13351, 54.08704], [9.1345, 54.08726], [9.13722, 54.08677], [9.1367, 54.08768], [9.13541, 54.08744], [9.13683, 54.08773], [9.14053, 54.08628], [9.13897, 54.08497], [9.1376, 54.08458], [9.1363, 54.08584], [9.13351, 54.08704]]], [[[9.15168, 54.0841], [9.15158, 54.08452], [9.1525, 54.08371], [9.1523, 54.08368], [9.15168, 54.0841]]], [[[9.12386, 54.08047], [9.12327, 54.08064], [9.12421, 54.08153], [9.12529, 54.08169], [9.12624, 54.08052], [9.12588, 54.07902], [9.12647, 54.0777], [9.12787, 54.07661], [9.12988, 54.07592], [9.13555, 54.07523], [9.13755, 54.07421], [9.14186, 54.07345], [9.1472, 54.07362], [9.15015, 54.07451], [9.15338, 54.07339], [9.15672, 54.07345], [9.16333, 54.07122], [9.16417, 54.0692], [9.16402, 54.06744], [9.16486, 54.06602], [9.16175, 54.06534], [9.15489, 54.0665], [9.14938, 54.06689], [9.14635, 54.06656], [9.14381, 54.06534], [9.14262, 54.06379], [9.14282, 54.06201], [9.14432, 54.06059], [9.1435, 54.06064], [9.14199, 54.06173], [9.13777, 54.06297], [9.13697, 54.06483], [9.13589, 54.06562], [9.13625, 54.06679], [9.13286, 54.06705], [9.13066, 54.06586], [9.12756, 54.06603], [9.12517, 54.06561], [9.12031, 54.06298], [9.12248, 54.06179], [9.12167, 54.06114], [9.11966, 54.06182], [9.1166, 54.06384], [9.11069, 54.06586], [9.10651, 54.06594], [9.10277, 54.06476], [9.09851, 54.06545], [9.0968, 54.06776], [9.09331, 54.07011], [9.09177, 54.0725], [9.092, 54.07327], [9.09664, 54.07294], [9.09786, 54.07186], [9.10049, 54.07059], [9.10646, 54.06858], [9.10899, 54.06817], [9.11129, 54.06836], [9.11371, 54.06929], [9.11499, 54.07055], [9.11531, 54.07225], [9.11494, 54.07366], [9.11427, 54.07408], [9.11587, 54.07604], [9.11885, 54.07604], [9.12143, 54.07682], [9.12306, 54.07823], [9.12386, 54.08047]], [[9.12912, 54.06976], [9.12866, 54.06908], [9.12922, 54.06902], [9.12989, 54.06948], [9.12912, 54.06976]], [[9.12098, 54.07015], [9.1208, 54.0693], [9.12167, 54.07016], [9.12425, 54.06996], [9.12341, 54.06883], [9.1258, 54.06831], [9.12732, 54.07022], [9.12506, 54.07082], [9.12582, 54.07159], [9.12596, 54.07278], [9.12523, 54.07371], [9.12382, 54.07433], [9.1207, 54.07437], [9.11877, 54.07328], [9.11864, 54.07151], [9.12098, 54.07015]], [[9.12278, 54.07675], [9.12238, 54.07678], [9.12227, 54.07604], [9.12327, 54.07605], [9.12333, 54.07668], [9.12278, 54.07675]], [[9.14027, 54.0731], [9.13999, 54.0727], [9.14098, 54.07283], [9.14089, 54.07338], [9.14027, 54.0731]]], [[[9.1306, 54.09374], [9.13291, 54.09489], [9.1329, 54.09428], [9.13203, 54.09379], [9.13114, 54.09345], [9.1306, 54.09374]]], [[[9.09313, 54.10398], [9.09112, 54.10345], [9.08934, 54.10264], [9.08982, 54.10432], [9.09249, 54.10455], [9.09313, 54.10398]]], [[[9.13044, 54.01492], [9.13328, 54.0155], [9.13497, 54.01644], [9.13602, 54.01802], [9.13584, 54.01955], [9.13833, 54.02092], [9.14325, 54.02071], [9.14324, 54.02269], [9.14445, 54.02296], [9.14409, 54.02382], [9.14548, 54.02367], [9.1481, 54.02196], [9.1517, 54.02151], [9.15455, 54.02201], [9.15649, 54.02276], [9.15791, 54.02475], [9.15745, 54.02683], [9.16061, 54.02579], [9.16651, 54.02573], [9.16684, 54.02545], [9.16576, 54.02372], [9.1657, 54.02246], [9.16374, 54.02249], [9.16514, 54.0218], [9.1659, 54.02191], [9.16712, 54.02002], [9.16652, 54.01927], [9.16361, 54.01968], [9.1612, 54.01936], [9.15929, 54.01858], [9.15773, 54.01716], [9.15701, 54.01284], [9.15918, 54.00925], [9.15625, 54.00699], [9.15466, 54.00782], [9.15218, 54.00829], [9.14984, 54.00817], [9.14757, 54.00743], [9.14573, 54.00801], [9.14372, 54.00936], [9.14173, 54.00986], [9.13663, 54.01208], [9.13158, 54.01255], [9.1299, 54.0134], [9.1277, 54.01383], [9.1239, 54.01339], [9.12388, 54.0142], [9.12599, 54.01428], [9.12627, 54.0154], [9.13044, 54.01492]], [[9.15153, 54.01196], [9.15068, 54.01356], [9.14824, 54.01431], [9.14827, 54.01547], [9.14805, 54.01432], [9.14563, 54.01388], [9.14575, 54.01499], [9.14477, 54.01481], [9.14424, 54.01171], [9.14569, 54.01031], [9.1473, 54.00992], [9.14934, 54.01008], [9.15087, 54.01083], [9.15153, 54.01196]], [[9.1439, 54.01741], [9.14377, 54.01733], [9.14658, 54.01707], [9.15063, 54.01734], [9.15104, 54.01655], [9.15229, 54.01692], [9.15298, 54.01815], [9.15068, 54.0179], [9.15064, 54.01742], [9.14624, 54.01718], [9.1439, 54.01741]]], [[[9.12394, 54.03197], [9.12315, 54.032], [9.12441, 54.03229], [9.12466, 54.03194], [9.12394, 54.03197]]], [[[9.13828, 53.85677], [9.13934, 53.8578], [9.13939, 53.85902], [9.1383, 53.86005], [9.13619, 53.8606], [9.14211, 53.86025], [9.14352, 53.859], [9.14244, 53.85742], [9.14331, 53.85604], [9.13736, 53.85527], [9.1171, 53.85556], [9.11836, 53.85679], [9.11894, 53.86149], [9.13371, 53.86075], [9.13224, 53.8603], [9.13126, 53.85948], [9.13103, 53.85841], [9.13168, 53.85743], [9.13533, 53.85622], [9.13828, 53.85677]]], [[[9.15868, 54.05574], [9.15809, 54.05693], [9.15562, 54.05863], [9.15339, 54.05954], [9.15126, 54.05987], [9.15392, 54.06093], [9.15527, 54.05957], [9.15714, 54.05876], [9.16458, 54.05825], [9.16709, 54.05875], [9.17067, 54.0608], [9.17373, 54.06134], [9.1759, 54.06238], [9.17831, 54.06223], [9.18048, 54.0626], [9.18702, 54.05941], [9.18424, 54.0604], [9.18379, 54.0596], [9.1819, 54.05947], [9.18166, 54.05548], [9.18397, 54.05549], [9.18344, 54.05727], [9.18452, 54.05715], [9.18549, 54.05835], [9.18695, 54.05787], [9.18915, 54.05849], [9.1907, 54.05782], [9.18855, 54.05675], [9.19144, 54.05751], [9.19335, 54.05669], [9.19282, 54.05491], [9.19366, 54.05305], [9.1963, 54.05125], [9.19895, 54.05055], [9.19798, 54.04829], [9.19507, 54.04738], [9.19335, 54.04552], [9.19364, 54.04349], [9.19618, 54.04089], [9.19705, 54.03921], [9.19671, 54.03684], [9.19359, 54.03462], [9.19251, 54.03529], [9.19205, 54.03505], [9.1931, 54.03452], [9.19247, 54.0337], [9.18967, 54.0334], [9.18816, 54.03457], [9.18564, 54.03536], [9.18331, 54.03685], [9.18113, 54.03731], [9.17881, 54.03725], [9.17539, 54.03589], [9.17377, 54.03306], [9.17053, 54.03266], [9.16849, 54.03201], [9.16703, 54.03095], [9.16636, 54.02958], [9.16368, 54.02955], [9.16604, 54.03056], [9.16681, 54.03129], [9.16703, 54.03258], [9.16605, 54.03378], [9.16714, 54.03432], [9.16833, 54.03404], [9.16979, 54.03831], [9.17049, 54.0383], [9.1706, 54.03868], [9.17001, 54.03879], [9.17031, 54.03959], [9.17241, 54.03903], [9.17327, 54.03982], [9.17086, 54.03979], [9.17227, 54.04144], [9.17145, 54.04446], [9.16916, 54.04568], [9.16884, 54.04663], [9.1672, 54.04808], [9.16501, 54.04884], [9.16394, 54.04994], [9.16032, 54.05146], [9.16196, 54.05242], [9.1603, 54.05342], [9.16135, 54.0553], [9.15868, 54.05574]], [[9.19153, 54.03432], [9.19071, 54.03417], [9.19078, 54.03391], [9.19152, 54.03426], [9.19153, 54.03432]], [[9.19294, 54.04943], [9.19228, 54.05121], [9.19115, 54.05108], [9.19264, 54.04978], [9.19294, 54.04943]], [[9.1886, 54.05249], [9.18787, 54.05243], [9.18838, 54.05094], [9.18912, 54.051], [9.1886, 54.05249]], [[9.17412, 54.05852], [9.1727, 54.06106], [9.17151, 54.06043], [9.17272, 54.05816], [9.17412, 54.05852]], [[9.19151, 54.03832], [9.19272, 54.03777], [9.19365, 54.03796], [9.19262, 54.03911], [9.19151, 54.03832]]], [[[9.16435, 54.03573], [9.16183, 54.03657], [9.15683, 54.03608], [9.15381, 54.03676], [9.15532, 54.03862], [9.15487, 54.04076], [9.15869, 54.04153], [9.16099, 54.04355], [9.16361, 54.0425], [9.16503, 54.04075], [9.16395, 54.04074], [9.16496, 54.03833], [9.16585, 54.03819], [9.16689, 54.03742], [9.16623, 54.03602], [9.16435, 54.03573]], [[9.16341, 54.03813], [9.16293, 54.03813], [9.16288, 54.03756], [9.16386, 54.03756], [9.16395, 54.03817], [9.16341, 54.03813]], [[9.16449, 54.03772], [9.16458, 54.03823], [9.16411, 54.03822], [9.16402, 54.03772], [9.16449, 54.03772]]], [[[9.14712, 54.04856], [9.14652, 54.04831], [9.14623, 54.04832], [9.14669, 54.04842], [9.14712, 54.04856]]], [[[9.13943, 54.05016], [9.14105, 54.04984], [9.14368, 54.04842], [9.13546, 54.0494], [9.1343, 54.05033], [9.13628, 54.05029], [9.13837, 54.05097], [9.13899, 54.0509], [9.13943, 54.05016]]], [[[9.07783, 54.1045], [9.07876, 54.10464], [9.07873, 54.10446], [9.07783, 54.1045]]], [[[9.16238, 54.10987], [9.16246, 54.10981], [9.16197, 54.10991], [9.16229, 54.10997], [9.16238, 54.10987]]], [[[9.18397, 54.10675], [9.18354, 54.10708], [9.18497, 54.10652], [9.18434, 54.10657], [9.18397, 54.10675]]], [[[9.19834, 54.10461], [9.19791, 54.10512], [9.20056, 54.10694], [9.20207, 54.10612], [9.20428, 54.1056], [9.20856, 54.10597], [9.20857, 54.10432], [9.20987, 54.1028], [9.2131, 54.10167], [9.21444, 54.1004], [9.21668, 54.10082], [9.21692, 54.09966], [9.22149, 54.09954], [9.22241, 54.09988], [9.22288, 54.10119], [9.22637, 54.10074], [9.22687, 54.09992], [9.22568, 54.09834], [9.22537, 54.09676], [9.22735, 54.09652], [9.22591, 54.09788], [9.22763, 54.0991], [9.2291, 54.09797], [9.23093, 54.09728], [9.22945, 54.09581], [9.22926, 54.09438], [9.2273, 54.09556], [9.22567, 54.09591], [9.21896, 54.09509], [9.21545, 54.09501], [9.21294, 54.09573], [9.21023, 54.09536], [9.20814, 54.09852], [9.21075, 54.09883], [9.21165, 54.09699], [9.2129, 54.09807], [9.21478, 54.09816], [9.21427, 54.09939], [9.21318, 54.09985], [9.21196, 54.09946], [9.21117, 54.10034], [9.20788, 54.09882], [9.2061, 54.09978], [9.20482, 54.10192], [9.20118, 54.10292], [9.1985, 54.10418], [9.19834, 54.10461]]], [[[9.17768, 54.10462], [9.17858, 54.10398], [9.1761, 54.10244], [9.17489, 54.10221], [9.17387, 54.10262], [9.17426, 54.10324], [9.17353, 54.10544], [9.1771, 54.10524], [9.17768, 54.10462]]], [[[9.16002, 54.10247], [9.16063, 54.10297], [9.16132, 54.10336], [9.16151, 54.10285], [9.16002, 54.10247]]], [[[9.15776, 54.10234], [9.15761, 54.10253], [9.15781, 54.10256], [9.15786, 54.10218], [9.15776, 54.10234]]], [[[9.15678, 54.10418], [9.15571, 54.10404], [9.15602, 54.10371], [9.15409, 54.10432], [9.15678, 54.10418]]], [[[9.15085, 54.10797], [9.15103, 54.10794], [9.15147, 54.10789], [9.1511, 54.10776], [9.15085, 54.10797]]], [[[9.14244, 54.10928], [9.14316, 54.10896], [9.14031, 54.10801], [9.14036, 54.10924], [9.14244, 54.10928]]], [[[9.0843, 54.06672], [9.08391, 54.06629], [9.0818, 54.06725], [9.08383, 54.06946], [9.08333, 54.07153], [9.08419, 54.07316], [9.08387, 54.07463], [9.08534, 54.07491], [9.08471, 54.07179], [9.08735, 54.06773], [9.0857, 54.06748], [9.0843, 54.06672]]], [[[9.0645, 54.07333], [9.06479, 54.07275], [9.06395, 54.07282], [9.06203, 54.07426], [9.05876, 54.07537], [9.06042, 54.07623], [9.06303, 54.07557], [9.0645, 54.07333]]], [[[9.05268, 54.08444], [9.05451, 54.08377], [9.05449, 54.08347], [9.05201, 54.08401], [9.04963, 54.08401], [9.04744, 54.08347], [9.04478, 54.08206], [9.04329, 54.08052], [9.0432, 54.07879], [9.03824, 54.07838], [9.03419, 54.07914], [9.03343, 54.07963], [9.0352, 54.0807], [9.03604, 54.08206], [9.03601, 54.08494], [9.03507, 54.08644], [9.03578, 54.08665], [9.03807, 54.08632], [9.0403, 54.08653], [9.04221, 54.08723], [9.04342, 54.08824], [9.04497, 54.08706], [9.04737, 54.08603], [9.05268, 54.08444]]], [[[9.02606, 54.08725], [9.02601, 54.08747], [9.02645, 54.08857], [9.02751, 54.08779], [9.02606, 54.08725]]], [[[9.02316, 54.08497], [9.02395, 54.08513], [9.02362, 54.0843], [9.02299, 54.08495], [9.02316, 54.08497]]], [[[8.91347, 53.97635], [8.91347, 53.97635], [8.91347, 53.97634], [8.91347, 53.97635]]], [[[8.9099, 53.97492], [8.91083, 53.975], [8.90957, 53.97419], [8.90905, 53.97424], [8.9093, 53.97496], [8.9099, 53.97492]]], [[[8.95669, 53.9068], [8.9551, 53.90845], [8.95781, 53.90772], [8.95981, 53.90764], [8.95702, 53.90662], [8.95669, 53.9068]]], [[[9.01048, 53.91414], [9.01026, 53.91396], [9.00808, 53.91525], [9.00615, 53.91566], [9.01123, 53.91726], [9.01141, 53.91607], [9.01048, 53.91414]]], [[[9.00748, 53.92111], [9.00809, 53.92064], [9.0029, 53.91901], [9.00114, 53.9211], [8.99501, 53.92328], [8.99266, 53.92565], [8.98985, 53.92973], [8.99352, 53.9275], [8.99621, 53.92688], [9.00071, 53.92746], [9.00324, 53.92857], [9.00726, 53.92407], [9.00669, 53.92273], [9.00748, 53.92111]]], [[[8.99771, 53.94031], [8.99727, 53.93897], [8.99622, 53.94092], [8.99346, 53.94265], [8.99697, 53.94276], [8.99804, 53.94169], [8.99771, 53.94031]]], [[[9.01741, 53.91316], [9.01759, 53.91358], [9.0178, 53.91398], [9.01824, 53.91355], [9.01739, 53.91257], [9.01741, 53.91316]]], [[[9.07415, 53.90196], [9.07264, 53.90348], [9.07032, 53.90444], [9.07111, 53.90468], [9.07323, 53.90365], [9.07539, 53.90315], [9.07947, 53.90354], [9.08225, 53.90285], [9.08005, 53.90215], [9.07918, 53.90063], [9.08283, 53.89618], [9.0823, 53.8961], [9.07882, 53.89831], [9.07691, 53.89898], [9.07415, 53.90196]]], [[[9.11231, 53.90572], [9.11197, 53.90582], [9.11318, 53.90649], [9.11399, 53.90592], [9.11309, 53.90536], [9.11231, 53.90572]]], [[[9.0842, 53.90269], [9.08349, 53.90282], [9.08521, 53.90305], [9.08752, 53.90114], [9.08748, 53.90007], [9.08556, 53.90205], [9.0842, 53.90269]]], [[[9.09921, 53.90507], [9.09951, 53.90474], [9.09841, 53.90411], [9.0975, 53.90447], [9.09728, 53.90514], [9.09898, 53.90534], [9.09921, 53.90507]]], [[[9.11767, 53.92274], [9.11744, 53.92221], [9.11471, 53.92284], [9.1124, 53.92278], [9.10998, 53.92214], [9.10834, 53.92117], [9.10732, 53.91984], [9.10712, 53.91848], [9.10781, 53.91717], [9.10962, 53.91594], [9.10994, 53.91273], [9.10256, 53.91011], [9.10335, 53.91215], [9.1025, 53.91522], [9.10161, 53.91648], [9.09958, 53.91758], [9.10213, 53.91773], [9.1043, 53.9184], [9.10722, 53.92048], [9.10799, 53.92235], [9.11631, 53.92615], [9.11848, 53.92428], [9.11767, 53.92274]]], [[[9.10533, 53.93677], [9.10602, 53.93592], [9.10367, 53.935], [9.10218, 53.93354], [9.10241, 53.93112], [9.09839, 53.92939], [9.09504, 53.92953], [9.09385, 53.93154], [9.09236, 53.93271], [9.09453, 53.93274], [9.09666, 53.93327], [9.09839, 53.93429], [9.09916, 53.93532], [9.10263, 53.93592], [9.10507, 53.93748], [9.10533, 53.93677]]], [[[9.09943, 53.94809], [9.09616, 53.94879], [9.09461, 53.95089], [9.09234, 53.95193], [9.08949, 53.95222], [9.08661, 53.95165], [9.08545, 53.95218], [9.08615, 53.95432], [9.08435, 53.95652], [9.08483, 53.95945], [9.08396, 53.9627], [9.08676, 53.96379], [9.08939, 53.9644], [9.09195, 53.96345], [9.09525, 53.9633], [9.10112, 53.95935], [9.1038, 53.95844], [9.1037, 53.95689], [9.10466, 53.95552], [9.10791, 53.95279], [9.11101, 53.95182], [9.10744, 53.95116], [9.10515, 53.94938], [9.10216, 53.94923], [9.09943, 53.94809]]], [[[9.12646, 53.92607], [9.12197, 53.92922], [9.12287, 53.93009], [9.1256, 53.93041], [9.12708, 53.928], [9.13102, 53.92624], [9.12753, 53.9256], [9.12646, 53.92607]]], [[[9.18476, 53.9197], [9.18506, 53.91925], [9.18078, 53.91699], [9.18259, 53.91901], [9.18352, 53.91918], [9.18298, 53.91942], [9.18267, 53.91912], [9.18306, 53.91976], [9.18459, 53.92011], [9.18476, 53.9197]]], [[[9.20736, 53.93836], [9.20677, 53.93685], [9.20579, 53.93621], [9.20429, 53.93752], [9.20151, 53.93846], [9.19863, 53.93848], [9.19616, 53.93774], [9.19456, 53.93893], [9.19269, 53.93952], [9.19133, 53.94114], [9.1929, 53.94234], [9.19334, 53.94352], [9.19039, 53.94664], [9.18756, 53.94731], [9.1858, 53.94702], [9.18462, 53.94641], [9.18279, 53.94706], [9.1771, 53.95148], [9.17425, 53.95297], [9.17278, 53.95448], [9.16906, 53.95571], [9.16816, 53.95673], [9.17259, 53.95841], [9.17427, 53.95992], [9.17501, 53.95992], [9.1752, 53.9578], [9.17736, 53.95608], [9.18063, 53.95542], [9.18393, 53.95593], [9.1846, 53.95493], [9.17979, 53.95402], [9.18142, 53.95111], [9.18533, 53.95086], [9.1874, 53.95125], [9.19004, 53.95093], [9.19207, 53.95138], [9.19328, 53.95217], [9.19683, 53.95159], [9.20548, 53.94685], [9.20703, 53.94509], [9.2082, 53.94333], [9.20925, 53.93987], [9.20736, 53.93836]]], [[[9.16427, 53.96813], [9.16395, 53.96815], [9.16401, 53.96825], [9.16427, 53.96813]]], [[[9.16621, 53.96758], [9.16426, 53.96844], [9.16527, 53.96954], [9.16437, 53.96998], [9.16525, 53.9699], [9.16893, 53.96769], [9.16766, 53.96671], [9.16699, 53.96702], [9.16719, 53.96736], [9.16683, 53.96717], [9.16621, 53.96758]]], [[[9.16742, 53.96634], [9.16729, 53.96662], [9.16788, 53.96664], [9.16772, 53.96635], [9.16742, 53.96634]]], [[[9.16347, 53.97007], [9.1637, 53.9701], [9.1637, 53.97002], [9.16347, 53.97007]]], [[[9.20043, 53.96181], [9.19998, 53.96235], [9.20103, 53.96273], [9.20321, 53.96266], [9.2051, 53.96299], [9.20892, 53.9601], [9.20859, 53.95945], [9.20472, 53.95884], [9.20042, 53.9605], [9.20043, 53.96181]]], [[[9.22923, 53.96909], [9.23008, 53.96894], [9.23042, 53.96715], [9.22753, 53.96762], [9.22764, 53.96992], [9.22923, 53.96909]]], [[[9.22757, 53.97219], [9.22723, 53.97173], [9.22569, 53.97311], [9.22924, 53.97418], [9.22986, 53.97468], [9.23146, 53.97363], [9.23361, 53.97304], [9.22989, 53.97318], [9.22757, 53.97219]]], [[[9.22922, 53.97559], [9.2294, 53.97524], [9.22846, 53.97477], [9.22507, 53.97382], [9.22475, 53.97428], [9.22519, 53.97465], [9.22492, 53.97493], [9.22445, 53.97457], [9.22418, 53.9748], [9.22737, 53.97624], [9.22922, 53.97559]]], [[[9.29064, 54.01108], [9.2911, 54.01121], [9.2889, 54.00332], [9.28654, 54.00363], [9.28413, 54.00335], [9.28133, 54.0046], [9.278, 54.00483], [9.2762, 54.00692], [9.27877, 54.00606], [9.28222, 54.00672], [9.2847, 54.00794], [9.28753, 54.01081], [9.29064, 54.01108]]], [[[9.29455, 54.0337], [9.29419, 54.03305], [9.29134, 54.03612], [9.28653, 54.03905], [9.28819, 54.03932], [9.28981, 54.04016], [9.29039, 54.04231], [9.2927, 54.04233], [9.29473, 54.04316], [9.29649, 54.04249], [9.29584, 54.04022], [9.29663, 54.03894], [9.2979, 54.03807], [9.2964, 54.03738], [9.29475, 54.0389], [9.29585, 54.03917], [9.29441, 54.03945], [9.29402, 54.03915], [9.29508, 54.03706], [9.2966, 54.03588], [9.29455, 54.0337]]], [[[9.29706, 54.03699], [9.29784, 54.03782], [9.29753, 54.03668], [9.29706, 54.03699]]], [[[9.2822, 54.03973], [9.28216, 54.0398], [9.28241, 54.03975], [9.2822, 54.03973]]], [[[9.27247, 54.03924], [9.27173, 54.03924], [9.27206, 54.0415], [9.27328, 54.04328], [9.27217, 54.04481], [9.27566, 54.04669], [9.27916, 54.04646], [9.2768, 54.04456], [9.27642, 54.04327], [9.27691, 54.04221], [9.27542, 54.04162], [9.27445, 54.04045], [9.27247, 54.03924]]], [[[9.26754, 54.04508], [9.26711, 54.04488], [9.26676, 54.04545], [9.2673, 54.04548], [9.26754, 54.04508]]], [[[9.31508, 54.0867], [9.31485, 54.0867], [9.31481, 54.08713], [9.31508, 54.0867]]], [[[9.3245, 54.05545], [9.32383, 54.05524], [9.32203, 54.05715], [9.32449, 54.05719], [9.32842, 54.05651], [9.33147, 54.05708], [9.33456, 54.0571], [9.33646, 54.05764], [9.3383, 54.05546], [9.34093, 54.05488], [9.34103, 54.05238], [9.33747, 54.05019], [9.33555, 54.05108], [9.33562, 54.05245], [9.33425, 54.05359], [9.32688, 54.05549], [9.3245, 54.05545]]], [[[9.32405, 54.04225], [9.32465, 54.04269], [9.32777, 54.04221], [9.32518, 54.04192], [9.32338, 54.04076], [9.32269, 54.04087], [9.32249, 54.04173], [9.32405, 54.04225]]], [[[9.30637, 54.02961], [9.3069, 54.02971], [9.30672, 54.02946], [9.30637, 54.02961]]], [[[9.30803, 54.03098], [9.30726, 54.03152], [9.3072, 54.03179], [9.30848, 54.03163], [9.30803, 54.03098]]], [[[9.30336, 54.01344], [9.30428, 54.01164], [9.30356, 54.01116], [9.30075, 54.01058], [9.30145, 54.0131], [9.30189, 54.01317], [9.30223, 54.01254], [9.30228, 54.01325], [9.30336, 54.01344]]], [[[9.30062, 54.00973], [9.30051, 54.00967], [9.30055, 54.00983], [9.30062, 54.00973]]], [[[9.32512, 54.00684], [9.32529, 54.00743], [9.32719, 54.00731], [9.32943, 54.00764], [9.33249, 54.00913], [9.33548, 54.00888], [9.33619, 54.00854], [9.3379, 54.00883], [9.34391, 54.00645], [9.34905, 54.00341], [9.3501, 54.00215], [9.34971, 54.00061], [9.35034, 53.99928], [9.3475, 53.99925], [9.34941, 54.00037], [9.34937, 54.0021], [9.34494, 54.00436], [9.3426, 54.00331], [9.34273, 54.00496], [9.34053, 54.00647], [9.3387, 54.00668], [9.33714, 54.00642], [9.33145, 54.00311], [9.32846, 54.00262], [9.32568, 54.00366], [9.32268, 54.00393], [9.32512, 54.00684]]], [[[9.34266, 53.99896], [9.34248, 53.99934], [9.34297, 53.99936], [9.34195, 54.00001], [9.34406, 53.99899], [9.34266, 53.99896]]], [[[9.31971, 53.98339], [9.31975, 53.9834], [9.32052, 53.98268], [9.31907, 53.98315], [9.31971, 53.98339]]], [[[9.32443, 53.98332], [9.32717, 53.98429], [9.32789, 53.98366], [9.32555, 53.98196], [9.32135, 53.98224], [9.32443, 53.98332]]], [[[9.32969, 53.98668], [9.3327, 53.98787], [9.33304, 53.98753], [9.33047, 53.98594], [9.32969, 53.98668]]], [[[9.34098, 53.9707], [9.35262, 53.96855], [9.35929, 53.9664], [9.35909, 53.96608], [9.36018, 53.96575], [9.36045, 53.96597], [9.36195, 53.96558], [9.36168, 53.96581], [9.36446, 53.96477], [9.36605, 53.96472], [9.36331, 53.9639], [9.35814, 53.96358], [9.35451, 53.96289], [9.34766, 53.96548], [9.34475, 53.96596], [9.34268, 53.96685], [9.34222, 53.96791], [9.34294, 53.96871], [9.34223, 53.9689], [9.34184, 53.96834], [9.33971, 53.96957], [9.34098, 53.9707]]], [[[9.38716, 53.96773], [9.39078, 53.96604], [9.39286, 53.96563], [9.39387, 53.96435], [9.39042, 53.96507], [9.38704, 53.96462], [9.38716, 53.96773]]], [[[9.37098, 53.98121], [9.36857, 53.98243], [9.372, 53.98371], [9.37439, 53.98279], [9.37398, 53.98173], [9.37231, 53.98106], [9.37098, 53.98121]]], [[[9.36034, 53.98517], [9.35784, 53.98394], [9.35307, 53.98461], [9.3525, 53.98523], [9.35246, 53.98451], [9.34606, 53.98322], [9.34711, 53.98462], [9.3471, 53.9862], [9.34819, 53.98664], [9.35162, 53.98616], [9.35488, 53.98685], [9.35371, 53.98563], [9.3561, 53.98757], [9.35758, 53.98728], [9.35709, 53.98789], [9.36019, 53.98888], [9.36124, 53.98816], [9.3605, 53.98799], [9.36143, 53.98766], [9.36047, 53.98796], [9.36071, 53.98704], [9.36121, 53.98717], [9.36109, 53.98502], [9.36034, 53.98517]], [[9.35474, 53.98589], [9.35577, 53.98576], [9.35808, 53.98652], [9.35756, 53.9872], [9.35626, 53.98738], [9.35474, 53.98589]]], [[[9.30911, 53.98391], [9.31016, 53.98371], [9.31141, 53.98247], [9.30912, 53.98257], [9.30722, 53.98225], [9.30382, 53.98324], [9.30382, 53.98352], [9.30911, 53.98391]]], [[[9.39624, 53.93045], [9.39312, 53.92975], [9.39237, 53.93119], [9.39111, 53.93222], [9.38749, 53.93323], [9.3843, 53.93293], [9.38127, 53.93149], [9.3801, 53.93133], [9.37857, 53.93232], [9.3779, 53.93365], [9.37974, 53.93529], [9.38307, 53.93503], [9.38636, 53.93653], [9.38772, 53.93493], [9.38947, 53.93403], [9.3921, 53.93351], [9.39454, 53.93362], [9.39764, 53.9348], [9.39899, 53.93672], [9.40108, 53.93585], [9.40357, 53.93559], [9.40477, 53.934], [9.40718, 53.93291], [9.40411, 53.93222], [9.40183, 53.93219], [9.39624, 53.93045]]], [[[9.42742, 53.95813], [9.42703, 53.95771], [9.42522, 53.95784], [9.42541, 53.9602], [9.42954, 53.96077], [9.42968, 53.9615], [9.42972, 53.96127], [9.43153, 53.96142], [9.43061, 53.95997], [9.42742, 53.95813]]], [[[9.42969, 53.9615], [9.43049, 53.96227], [9.431, 53.96322], [9.4315, 53.96167], [9.42969, 53.9615]]], [[[9.43217, 53.96569], [9.43151, 53.96462], [9.43076, 53.96742], [9.42923, 53.96881], [9.43072, 53.96969], [9.43212, 53.97144], [9.43313, 53.97024], [9.43483, 53.96936], [9.43588, 53.96794], [9.43217, 53.96569]]], [[[9.44759, 53.97538], [9.44703, 53.9752], [9.44531, 53.97775], [9.44401, 53.98105], [9.44221, 53.98235], [9.44496, 53.98391], [9.4455, 53.9863], [9.44423, 53.98783], [9.44158, 53.98888], [9.4415, 53.98972], [9.44401, 53.98985], [9.44386, 53.989], [9.44714, 53.98887], [9.44874, 53.98976], [9.44968, 53.98924], [9.45194, 53.99022], [9.45394, 53.98896], [9.45127, 53.98902], [9.44909, 53.98797], [9.44874, 53.98637], [9.4502, 53.98458], [9.44976, 53.98277], [9.44706, 53.98142], [9.4463, 53.98048], [9.44641, 53.97944], [9.4479, 53.97778], [9.44703, 53.97712], [9.4476, 53.97687], [9.44802, 53.97715], [9.45028, 53.9762], [9.44759, 53.97538]], [[9.44583, 53.98697], [9.44591, 53.98705], [9.44587, 53.98722], [9.44555, 53.98701], [9.44583, 53.98697]]], [[[9.45076, 53.99143], [9.44819, 53.98967], [9.4465, 53.99034], [9.44913, 53.99213], [9.45076, 53.99143]]], [[[9.4415, 53.98973], [9.4414, 53.98998], [9.44143, 53.99003], [9.4415, 53.99002], [9.4415, 53.98973]]], [[[9.45539, 53.98829], [9.45468, 53.98871], [9.45728, 53.98835], [9.46054, 53.98624], [9.4632, 53.98549], [9.46173, 53.98465], [9.45927, 53.98634], [9.45622, 53.98688], [9.45539, 53.98829]], [[9.45931, 53.98647], [9.45957, 53.98631], [9.45932, 53.9867], [9.4593, 53.98655], [9.45931, 53.98647]]], [[[9.46944, 53.98267], [9.47004, 53.98279], [9.47349, 53.98109], [9.47852, 53.98059], [9.47815, 53.97929], [9.4794, 53.97912], [9.48013, 53.97789], [9.47531, 53.97677], [9.47189, 53.97885], [9.46899, 53.97926], [9.46617, 53.97889], [9.46435, 53.97804], [9.463, 53.97642], [9.46228, 53.97418], [9.4625, 53.97258], [9.46446, 53.96898], [9.46614, 53.96804], [9.4684, 53.96751], [9.46805, 53.96716], [9.46584, 53.96734], [9.4631, 53.96693], [9.46202, 53.96831], [9.45959, 53.9699], [9.45713, 53.97054], [9.45429, 53.97047], [9.45233, 53.972], [9.45498, 53.97291], [9.45754, 53.97503], [9.46269, 53.97689], [9.464, 53.97826], [9.46386, 53.97965], [9.46754, 53.98212], [9.46944, 53.98267]], [[9.45919, 53.97033], [9.45937, 53.97058], [9.45864, 53.97054], [9.45897, 53.97032], [9.45919, 53.97033]], [[9.47339, 53.97968], [9.47405, 53.98023], [9.47303, 53.98035], [9.47339, 53.97968]]], [[[9.4416, 53.9654], [9.4424, 53.9662], [9.44401, 53.96412], [9.4423, 53.96192], [9.44256, 53.96048], [9.44355, 53.95936], [9.4436, 53.95723], [9.44263, 53.95641], [9.43984, 53.95545], [9.43669, 53.95597], [9.4354, 53.95677], [9.43944, 53.95945], [9.43978, 53.96085], [9.4384, 53.96302], [9.43876, 53.96369], [9.4416, 53.9654]]], [[[9.4475, 53.94273], [9.44821, 53.94262], [9.44858, 53.94231], [9.44728, 53.94232], [9.4475, 53.94273]]], [[[9.45849, 53.93689], [9.45768, 53.93734], [9.46087, 53.93679], [9.4631, 53.93536], [9.46074, 53.93478], [9.46006, 53.9359], [9.45849, 53.93689]]], [[[9.4507, 53.93508], [9.45124, 53.93505], [9.45209, 53.93375], [9.44624, 53.93369], [9.44324, 53.93297], [9.43992, 53.9341], [9.44054, 53.93526], [9.44739, 53.93668], [9.44913, 53.9355], [9.4507, 53.93508]]], [[[9.49306, 53.91991], [9.49372, 53.92026], [9.49418, 53.91901], [9.4956, 53.91779], [9.49891, 53.91682], [9.50012, 53.91553], [9.50021, 53.91433], [9.49426, 53.91511], [9.49208, 53.91611], [9.49196, 53.91854], [9.49306, 53.91991]]], [[[9.477, 53.91321], [9.47739, 53.91282], [9.47441, 53.91284], [9.47027, 53.91181], [9.46806, 53.91064], [9.46578, 53.90848], [9.45889, 53.90647], [9.45644, 53.90473], [9.45536, 53.90338], [9.44031, 53.90076], [9.43863, 53.90163], [9.43337, 53.90694], [9.43666, 53.90998], [9.43944, 53.90957], [9.44384, 53.90982], [9.44638, 53.91038], [9.44852, 53.91149], [9.45063, 53.91106], [9.45296, 53.91147], [9.45578, 53.91365], [9.45627, 53.91542], [9.45843, 53.91624], [9.45972, 53.9174], [9.46179, 53.91779], [9.4636, 53.91864], [9.46579, 53.92051], [9.46598, 53.92244], [9.46908, 53.92366], [9.47231, 53.92282], [9.47436, 53.92127], [9.4723, 53.92017], [9.47201, 53.91876], [9.477, 53.91321]], [[9.4399, 53.90578], [9.441, 53.90598], [9.44067, 53.90641], [9.43961, 53.90615], [9.4399, 53.90578]], [[9.46623, 53.9118], [9.46641, 53.9113], [9.46667, 53.91151], [9.46399, 53.91432], [9.46425, 53.91356], [9.46623, 53.9118]]], [[[9.44631, 53.89336], [9.44583, 53.89336], [9.44508, 53.89418], [9.44542, 53.89597], [9.44455, 53.89749], [9.45578, 53.89943], [9.45734, 53.89769], [9.45553, 53.89675], [9.45508, 53.89535], [9.45581, 53.89425], [9.45722, 53.89359], [9.45456, 53.89226], [9.45492, 53.89194], [9.45424, 53.8918], [9.45461, 53.89206], [9.45424, 53.89311], [9.45167, 53.8945], [9.44828, 53.89432], [9.44631, 53.89336]]], [[[9.44475, 53.88404], [9.45035, 53.88335], [9.45176, 53.88205], [9.45081, 53.8797], [9.44706, 53.87934], [9.44515, 53.87842], [9.44415, 53.8774], [9.44315, 53.87783], [9.44353, 53.8797], [9.442, 53.88163], [9.44157, 53.88445], [9.44475, 53.88404]]], [[[9.47196, 53.84531], [9.47203, 53.84486], [9.46087, 53.8446], [9.46008, 53.84569], [9.46004, 53.84649], [9.46226, 53.8488], [9.4629, 53.85048], [9.46207, 53.85263], [9.46229, 53.85447], [9.46105, 53.85615], [9.46091, 53.85814], [9.46279, 53.85949], [9.46333, 53.86119], [9.46487, 53.86163], [9.46962, 53.85942], [9.4737, 53.85935], [9.47646, 53.8575], [9.47777, 53.8554], [9.47679, 53.85357], [9.47784, 53.85129], [9.47492, 53.8508], [9.47287, 53.8496], [9.47175, 53.84779], [9.47196, 53.84531]]], [[[9.47955, 53.84293], [9.47943, 53.84427], [9.48004, 53.84436], [9.47979, 53.84389], [9.47965, 53.84293], [9.47949, 53.8427], [9.47955, 53.84293]]], [[[9.4788, 53.84175], [9.47922, 53.8422], [9.47894, 53.84122], [9.47794, 53.84125], [9.4788, 53.84175]]], [[[9.46605, 53.84036], [9.47443, 53.84056], [9.47238, 53.83893], [9.47219, 53.83679], [9.47087, 53.8355], [9.46818, 53.83442], [9.46458, 53.83396], [9.46202, 53.83222], [9.46092, 53.83244], [9.46025, 53.83396], [9.4614, 53.83601], [9.46033, 53.83899], [9.46122, 53.84026], [9.46605, 53.84036]]], [[[9.46254, 53.82175], [9.45498, 53.81813], [9.45331, 53.81964], [9.45508, 53.82069], [9.45774, 53.82089], [9.46039, 53.822], [9.46176, 53.82222], [9.46254, 53.82175]]], [[[9.43458, 53.81569], [9.44271, 53.81549], [9.44655, 53.81583], [9.44886, 53.81662], [9.44988, 53.81569], [9.44331, 53.81296], [9.44067, 53.81344], [9.43764, 53.81328], [9.43543, 53.81499], [9.43359, 53.81572], [9.43458, 53.81569]]], [[[9.42679, 53.83131], [9.41785, 53.83164], [9.41364, 53.83112], [9.41269, 53.83245], [9.41383, 53.83348], [9.41381, 53.8347], [9.41239, 53.83584], [9.40988, 53.8363], [9.40896, 53.83929], [9.41747, 53.84024], [9.42331, 53.8392], [9.42364, 53.83691], [9.42639, 53.83501], [9.42581, 53.8337], [9.42679, 53.83131]]], [[[9.34623, 53.93455], [9.34832, 53.93351], [9.34808, 53.93094], [9.34915, 53.92966], [9.35061, 53.92886], [9.34968, 53.9274], [9.34886, 53.92761], [9.34893, 53.92871], [9.3482, 53.93001], [9.34648, 53.9312], [9.3448, 53.93333], [9.34285, 53.93437], [9.34623, 53.93455]]], [[[9.33869, 53.93547], [9.34034, 53.93482], [9.33741, 53.9345], [9.33503, 53.93336], [9.33392, 53.93179], [9.33409, 53.9303], [9.33164, 53.92947], [9.33005, 53.92847], [9.32922, 53.92719], [9.32926, 53.92595], [9.32624, 53.92583], [9.32403, 53.9275], [9.32043, 53.9282], [9.31761, 53.92786], [9.31467, 53.92653], [9.31075, 53.92626], [9.30834, 53.92508], [9.302, 53.92482], [9.3002, 53.92632], [9.30068, 53.92779], [9.30348, 53.92765], [9.30579, 53.92817], [9.31039, 53.93122], [9.31751, 53.93182], [9.31959, 53.93243], [9.32313, 53.93509], [9.32409, 53.93701], [9.33191, 53.93827], [9.33444, 53.93826], [9.33741, 53.93665], [9.33869, 53.93547]]], [[[9.3294, 53.92209], [9.32872, 53.92181], [9.3283, 53.92205], [9.3294, 53.92209]]], [[[9.30382, 53.94005], [9.30407, 53.94008], [9.30393, 53.93982], [9.30393, 53.93983], [9.30382, 53.94005]]], [[[9.28471, 53.95372], [9.28529, 53.95342], [9.28513, 53.95126], [9.28624, 53.94999], [9.28874, 53.94889], [9.29182, 53.94862], [9.29204, 53.94796], [9.29029, 53.94633], [9.28759, 53.94681], [9.28416, 53.9464], [9.28366, 53.94879], [9.28082, 53.95053], [9.28165, 53.95169], [9.28123, 53.95309], [9.27854, 53.95537], [9.28235, 53.9561], [9.28471, 53.95372]]], [[[9.27138, 53.95445], [9.27482, 53.95091], [9.27254, 53.9501], [9.27052, 53.94852], [9.27015, 53.94682], [9.27106, 53.94533], [9.26934, 53.94428], [9.26836, 53.94288], [9.2661, 53.94266], [9.26368, 53.94316], [9.26279, 53.94399], [9.26229, 53.94661], [9.26447, 53.94747], [9.26839, 53.95068], [9.27026, 53.95437], [9.27138, 53.95445]]], [[[9.27685, 53.97074], [9.27675, 53.97307], [9.27895, 53.97303], [9.28117, 53.97348], [9.28157, 53.97197], [9.28307, 53.9705], [9.28169, 53.96892], [9.27991, 53.96806], [9.27778, 53.96841], [9.27563, 53.96805], [9.27685, 53.97074]]], [[[9.26293, 53.96079], [9.26378, 53.96059], [9.25597, 53.95847], [9.25379, 53.95738], [9.25212, 53.95821], [9.26063, 53.96447], [9.26254, 53.96454], [9.26137, 53.96345], [9.26111, 53.96244], [9.26167, 53.96148], [9.26293, 53.96079]]], [[[9.24251, 53.92437], [9.24312, 53.92472], [9.24427, 53.92365], [9.24244, 53.92301], [9.24147, 53.92405], [9.24251, 53.92437]]], [[[9.229, 53.92864], [9.23302, 53.92692], [9.23492, 53.92584], [9.23214, 53.92541], [9.23019, 53.92448], [9.22677, 53.92554], [9.22404, 53.92852], [9.22607, 53.93001], [9.229, 53.92864]]], [[[9.22653, 53.93319], [9.22613, 53.93265], [9.22481, 53.93391], [9.22679, 53.93417], [9.22738, 53.93373], [9.22653, 53.93319]]], [[[9.22531, 53.91452], [9.22396, 53.91793], [9.22719, 53.9177], [9.22804, 53.91548], [9.23022, 53.91401], [9.23427, 53.91287], [9.23823, 53.91318], [9.24145, 53.91242], [9.24219, 53.91138], [9.23899, 53.91174], [9.23565, 53.91115], [9.23196, 53.91178], [9.22971, 53.91146], [9.22778, 53.91061], [9.22531, 53.91452]]], [[[9.24537, 53.90593], [9.24604, 53.9056], [9.24501, 53.90414], [9.24512, 53.90266], [9.24608, 53.90142], [9.24749, 53.90059], [9.24682, 53.89885], [9.24194, 53.89842], [9.23976, 53.90002], [9.24004, 53.90223], [9.23931, 53.90389], [9.24242, 53.90445], [9.24477, 53.9061], [9.24537, 53.90593]]], [[[9.26864, 53.90667], [9.26803, 53.90847], [9.27187, 53.90755], [9.2719, 53.90722], [9.26917, 53.90559], [9.26864, 53.90667]]], [[[9.27772, 53.88236], [9.2772, 53.88198], [9.2771, 53.88273], [9.27774, 53.88275], [9.27772, 53.88236]]], [[[9.29221, 53.91715], [9.291, 53.9172], [9.29174, 53.91894], [9.29109, 53.9205], [9.29877, 53.92082], [9.29862, 53.91871], [9.29988, 53.91673], [9.29434, 53.91677], [9.29221, 53.91715]]], [[[9.29535, 53.91266], [9.30038, 53.91273], [9.2988, 53.91077], [9.29963, 53.90843], [9.29782, 53.90758], [9.2965, 53.90765], [9.29507, 53.90913], [9.29535, 53.91266]]], [[[9.33178, 53.91751], [9.33168, 53.9179], [9.3325, 53.91824], [9.33269, 53.91782], [9.33178, 53.91751]]], [[[9.31337, 53.90999], [9.31488, 53.91068], [9.31589, 53.91009], [9.3138, 53.90913], [9.31337, 53.90999]]], [[[9.3026, 53.90395], [9.30284, 53.90455], [9.30915, 53.90044], [9.31149, 53.89989], [9.31421, 53.89986], [9.31607, 53.89847], [9.31647, 53.8974], [9.31323, 53.89613], [9.30257, 53.89575], [9.30331, 53.89719], [9.30312, 53.89841], [9.30006, 53.90123], [9.30177, 53.90231], [9.3026, 53.90395]]], [[[9.32176, 53.88309], [9.32118, 53.88257], [9.31762, 53.88305], [9.3137, 53.8831], [9.314, 53.88465], [9.31329, 53.88596], [9.31179, 53.887], [9.30938, 53.8877], [9.31036, 53.88935], [9.31006, 53.89082], [9.31206, 53.89065], [9.31394, 53.89101], [9.31585, 53.89186], [9.31671, 53.89279], [9.32153, 53.89483], [9.32473, 53.89281], [9.32915, 53.89224], [9.33432, 53.89215], [9.33606, 53.89076], [9.3357, 53.88932], [9.33225, 53.88984], [9.32857, 53.88893], [9.32663, 53.88677], [9.32726, 53.88443], [9.32176, 53.88309]]], [[[9.36547, 53.85743], [9.36551, 53.85777], [9.3679, 53.85802], [9.37069, 53.85701], [9.37356, 53.85689], [9.37572, 53.85738], [9.37762, 53.85854], [9.38284, 53.85583], [9.38141, 53.85421], [9.3815, 53.85233], [9.37777, 53.85194], [9.37527, 53.85262], [9.37163, 53.85238], [9.36755, 53.85312], [9.36519, 53.85393], [9.36608, 53.85552], [9.36547, 53.85743]]], [[[9.38961, 53.8262], [9.38595, 53.82915], [9.3873, 53.82999], [9.38936, 53.82963], [9.39212, 53.82981], [9.39506, 53.82779], [9.39451, 53.82642], [9.38997, 53.82598], [9.38961, 53.8262]]], [[[9.40123, 53.83197], [9.40189, 53.83133], [9.40038, 53.83132], [9.39652, 53.83331], [9.3936, 53.83666], [9.39559, 53.8377], [9.39598, 53.83783], [9.39825, 53.8365], [9.40123, 53.83197]]], [[[9.39277, 53.8504], [9.39457, 53.84945], [9.39335, 53.84727], [9.38961, 53.84939], [9.39277, 53.8504]]], [[[9.3995, 53.85551], [9.39873, 53.85567], [9.40071, 53.85639], [9.40209, 53.85748], [9.40295, 53.85986], [9.40496, 53.862], [9.40614, 53.86653], [9.40811, 53.86981], [9.4078, 53.87138], [9.40682, 53.87245], [9.41011, 53.87282], [9.41112, 53.87091], [9.4107, 53.86849], [9.41224, 53.86679], [9.41236, 53.86572], [9.41048, 53.86389], [9.41061, 53.86172], [9.40742, 53.86098], [9.40544, 53.85932], [9.40545, 53.85698], [9.407, 53.85538], [9.40466, 53.85489], [9.40263, 53.85376], [9.3995, 53.85551]]], [[[9.43351, 53.84252], [9.43057, 53.84315], [9.43315, 53.84481], [9.43467, 53.84649], [9.43629, 53.84514], [9.43724, 53.8416], [9.43713, 53.84003], [9.4352, 53.83976], [9.43515, 53.84132], [9.43351, 53.84252]]], [[[9.41991, 53.89831], [9.42077, 53.89863], [9.42047, 53.89741], [9.42095, 53.89608], [9.42435, 53.89237], [9.41641, 53.89242], [9.41133, 53.89073], [9.40934, 53.88906], [9.40704, 53.88359], [9.4047, 53.88416], [9.40189, 53.88419], [9.39796, 53.88704], [9.39366, 53.88853], [9.3967, 53.88994], [9.39794, 53.89132], [9.40056, 53.89277], [9.40159, 53.894], [9.40821, 53.89819], [9.40998, 53.89836], [9.41172, 53.89769], [9.41398, 53.89741], [9.41991, 53.89831]], [[9.40273, 53.88784], [9.40448, 53.88794], [9.40217, 53.88835], [9.39541, 53.88861], [9.40093, 53.88794], [9.40267, 53.88807], [9.40273, 53.88784]]], [[[9.38568, 53.89638], [9.38724, 53.89661], [9.38584, 53.89559], [9.38523, 53.89449], [9.38287, 53.89417], [9.38166, 53.89492], [9.3817, 53.89521], [9.38568, 53.89638]]], [[[9.35719, 53.90804], [9.35648, 53.90782], [9.35352, 53.90878], [9.3606, 53.90906], [9.35999, 53.90798], [9.35719, 53.90804]]], [[[9.37411, 53.90074], [9.37336, 53.901], [9.37548, 53.90308], [9.37564, 53.90482], [9.37836, 53.9053], [9.38038, 53.90637], [9.38232, 53.90857], [9.38338, 53.91148], [9.38691, 53.91044], [9.38933, 53.91056], [9.39155, 53.91003], [9.39446, 53.90987], [9.39767, 53.91056], [9.39983, 53.90994], [9.39892, 53.90836], [9.39926, 53.9062], [9.39564, 53.90681], [9.39186, 53.90603], [9.3896, 53.90379], [9.38969, 53.90129], [9.38385, 53.90091], [9.37633, 53.89934], [9.37411, 53.90074]], [[9.3883, 53.90405], [9.38671, 53.90498], [9.38638, 53.90476], [9.38806, 53.90376], [9.3883, 53.90405]]], [[[9.27984, 53.84989], [9.28304, 53.84826], [9.28212, 53.84637], [9.27875, 53.84762], [9.27984, 53.84989]]], [[[9.27006, 53.85547], [9.27206, 53.85494], [9.27382, 53.85392], [9.2727, 53.85325], [9.27198, 53.85201], [9.26322, 53.85385], [9.26347, 53.85507], [9.26256, 53.8562], [9.27006, 53.85547]]], [[[9.25005, 53.85728], [9.25108, 53.85753], [9.25396, 53.85717], [9.25275, 53.85645], [9.25207, 53.85522], [9.23826, 53.85617], [9.23866, 53.85857], [9.24445, 53.85753], [9.24654, 53.85772], [9.25005, 53.85728]]], [[[9.20392, 53.86021], [9.20387, 53.86103], [9.20573, 53.86048], [9.20782, 53.86063], [9.20747, 53.85885], [9.2079, 53.85768], [9.20372, 53.85787], [9.20392, 53.86021]]], [[[9.19331, 53.86083], [9.19661, 53.86092], [9.19602, 53.85757], [9.18508, 53.85741], [9.18641, 53.8608], [9.19331, 53.86083]]], [[[9.15989, 53.86015], [9.15933, 53.86062], [9.16566, 53.86068], [9.1649, 53.8564], [9.15994, 53.85625], [9.16045, 53.85869], [9.15989, 53.86015]]], [[[9.10716, 53.85736], [9.10741, 53.86051], [9.11167, 53.86093], [9.11132, 53.85704], [9.11283, 53.85548], [9.10806, 53.8555], [9.10716, 53.85736]]], [[[9.08815, 53.85495], [9.08876, 53.85383], [9.07955, 53.85266], [9.07979, 53.85605], [9.08781, 53.85766], [9.08815, 53.85495]]], [[[9.19148, 53.8961], [9.19419, 53.89579], [9.19296, 53.89469], [9.19253, 53.89354], [9.19017, 53.89354], [9.19044, 53.8959], [9.19148, 53.8961]]], [[[9.21727, 53.91573], [9.21763, 53.91569], [9.21776, 53.91544], [9.21696, 53.91578], [9.21727, 53.91573]]], [[[9.20573, 53.91874], [9.20548, 53.91923], [9.20804, 53.91905], [9.20594, 53.91791], [9.20573, 53.91874]]], [[[9.21743, 53.95554], [9.21739, 53.95612], [9.22119, 53.95624], [9.2246, 53.95525], [9.22801, 53.95556], [9.23005, 53.95652], [9.2313, 53.95786], [9.23993, 53.96139], [9.24339, 53.96422], [9.24361, 53.96656], [9.24822, 53.96961], [9.25044, 53.97053], [9.2518, 53.97171], [9.25225, 53.97339], [9.25097, 53.9772], [9.25349, 53.97879], [9.25534, 53.97875], [9.25357, 53.97708], [9.25365, 53.97504], [9.25568, 53.97319], [9.25892, 53.97236], [9.22873, 53.95019], [9.2251, 53.94809], [9.22268, 53.94792], [9.22099, 53.94739], [9.21817, 53.95134], [9.21619, 53.95322], [9.21601, 53.95374], [9.21713, 53.95461], [9.21743, 53.95554]]], [[[9.26531, 53.9772], [9.26555, 53.97705], [9.26544, 53.97697], [9.26534, 53.97715], [9.26531, 53.9772]]], [[[9.29384, 53.84162], [9.29356, 53.84147], [9.29302, 53.84204], [9.29424, 53.84279], [9.29541, 53.84223], [9.29384, 53.84162]]], [[[9.2168, 53.85923], [9.21661, 53.8568], [9.21368, 53.85702], [9.21476, 53.85806], [9.21533, 53.86091], [9.21707, 53.86078], [9.2168, 53.85923]]], [[[9.1486, 53.85921], [9.14933, 53.85986], [9.15059, 53.85913], [9.15228, 53.85885], [9.15192, 53.85635], [9.14917, 53.85627], [9.14967, 53.8579], [9.1486, 53.85921]]], [[[9.21531, 53.89412], [9.21529, 53.89511], [9.21529, 53.89517], [9.21603, 53.89476], [9.21531, 53.89412]]], [[[9.25036, 53.91003], [9.24801, 53.91408], [9.25261, 53.91474], [9.25225, 53.91313], [9.25284, 53.91186], [9.25036, 53.91003]]], [[[9.26503, 53.89526], [9.2652, 53.89491], [9.26418, 53.89552], [9.2645, 53.8954], [9.26503, 53.89526]]], [[[9.26277, 53.90272], [9.26329, 53.90118], [9.26137, 53.89907], [9.2606, 53.89932], [9.26087, 53.90228], [9.26043, 53.9035], [9.26225, 53.9046], [9.26277, 53.90272]]], [[[9.23091, 53.85917], [9.23143, 53.85899], [9.23102, 53.85634], [9.22833, 53.85641], [9.22885, 53.8595], [9.23091, 53.85917]]], [[[9.30267, 53.83778], [9.30117, 53.83725], [9.29987, 53.83597], [9.2987, 53.83689], [9.29984, 53.83819], [9.30148, 53.83892], [9.30331, 53.83793], [9.30267, 53.83778]]], [[[9.41071, 53.91646], [9.40785, 53.92045], [9.411, 53.92127], [9.41491, 53.916], [9.41071, 53.91646]]], [[[9.30309, 53.98939], [9.30242, 53.98766], [9.29832, 53.9879], [9.3001, 53.99055], [9.30253, 53.98999], [9.30258, 53.99049], [9.30309, 53.98939]]], [[[9.41313, 53.9055], [9.41292, 53.90619], [9.41376, 53.90824], [9.41563, 53.90738], [9.41313, 53.9055]]], [[[9.42766, 53.9479], [9.42832, 53.94785], [9.42864, 53.94586], [9.42815, 53.94414], [9.42866, 53.94284], [9.42633, 53.94336], [9.42377, 53.94474], [9.42526, 53.94584], [9.4259, 53.94752], [9.42766, 53.9479]]], [[[9.1611, 53.97732], [9.16217, 53.97782], [9.16206, 53.97743], [9.16308, 53.97767], [9.16279, 53.97802], [9.16445, 53.97876], [9.16525, 53.97982], [9.16481, 53.98135], [9.1629, 53.98249], [9.16299, 53.98396], [9.16191, 53.98543], [9.16354, 53.98627], [9.16476, 53.98765], [9.16586, 53.98436], [9.16493, 53.98348], [9.16633, 53.98283], [9.16688, 53.98041], [9.17092, 53.98063], [9.1704, 53.97961], [9.16615, 53.97714], [9.17038, 53.97935], [9.17096, 53.97723], [9.17326, 53.97611], [9.1731, 53.97581], [9.17038, 53.97649], [9.16714, 53.97656], [9.16031, 53.97438], [9.1611, 53.97732]]], [[[9.14948, 53.99596], [9.14959, 53.99571], [9.14719, 53.9948], [9.14534, 53.9932], [9.14437, 53.99478], [9.14455, 53.99686], [9.14605, 53.99781], [9.14847, 53.99796], [9.15096, 53.99883], [9.15226, 53.99996], [9.15289, 54.00133], [9.15631, 54.00259], [9.15997, 54.0029], [9.16348, 53.99162], [9.16286, 53.99144], [9.16039, 53.99218], [9.15944, 53.99414], [9.15668, 53.99549], [9.15688, 53.9973], [9.15521, 53.99854], [9.15308, 53.99882], [9.15118, 53.99841], [9.1496, 53.99723], [9.14948, 53.99596]]], [[[9.16317, 54.08244], [9.161, 54.08246], [9.15939, 54.08192], [9.16147, 54.0838], [9.16112, 54.08554], [9.15934, 54.08694], [9.1555, 54.08763], [9.15779, 54.08827], [9.15952, 54.08941], [9.16131, 54.08975], [9.16159, 54.08952], [9.15974, 54.0892], [9.16009, 54.0887], [9.16335, 54.08953], [9.16363, 54.08859], [9.16308, 54.08837], [9.16219, 54.08903], [9.15837, 54.08838], [9.15861, 54.08779], [9.16308, 54.08835], [9.16625, 54.08627], [9.16826, 54.08558], [9.17056, 54.08539], [9.17267, 54.08568], [9.17864, 54.08484], [9.17937, 54.08259], [9.17703, 54.0828], [9.17527, 54.08242], [9.17356, 54.08131], [9.17319, 54.07999], [9.17419, 54.07855], [9.17659, 54.07776], [9.17964, 54.07803], [9.1815, 54.07898], [9.18234, 54.0777], [9.18033, 54.07646], [9.17955, 54.07465], [9.17171, 54.07527], [9.16802, 54.07511], [9.16624, 54.07468], [9.16089, 54.07649], [9.16052, 54.07826], [9.16368, 54.07828], [9.16575, 54.07987], [9.16528, 54.08148], [9.16317, 54.08244]]], [[[9.15139, 54.08583], [9.15133, 54.08563], [9.1513, 54.08543], [9.15107, 54.08578], [9.15139, 54.08583]]], [[[9.16103, 54.0907], [9.16051, 54.09049], [9.16026, 54.09082], [9.16071, 54.09073], [9.16103, 54.0907]]], [[[9.19254, 53.8925], [9.19254, 53.89297], [9.19267, 53.8925], [9.19254, 53.8925]]], [[[8.96765, 54.0065], [8.96765, 54.00604], [8.96716, 54.00609], [8.9667, 54.00773], [8.9678, 54.00755], [8.96765, 54.0065]]], [[[9.25437, 54.10243], [9.25496, 54.10204], [9.25272, 54.10127], [9.25103, 54.10222], [9.25122, 54.1031], [9.25437, 54.10243]]], [[[9.33123, 54.08154], [9.33358, 54.08237], [9.33569, 54.08162], [9.33619, 54.08112], [9.33586, 54.07989], [9.3313, 54.08015], [9.33123, 54.08154]]], [[[9.32448, 54.07403], [9.32371, 54.0727], [9.32458, 54.07122], [9.32337, 54.07048], [9.32183, 54.07078], [9.32211, 54.07406], [9.32448, 54.07403]]], [[[9.33692, 54.07423], [9.33703, 54.07436], [9.337, 54.07399], [9.33675, 54.07407], [9.33692, 54.07423]]], [[[9.37481, 54.06523], [9.37485, 54.06483], [9.37275, 54.06509], [9.36973, 54.06622], [9.37061, 54.06748], [9.37554, 54.06531], [9.37481, 54.06523]]], [[[9.35855, 54.07242], [9.35567, 54.07139], [9.35737, 54.07001], [9.35514, 54.06949], [9.35592, 54.0687], [9.35821, 54.06851], [9.35505, 54.0679], [9.35495, 54.06863], [9.3522, 54.06976], [9.35259, 54.0674], [9.35399, 54.06743], [9.35304, 54.06675], [9.3527, 54.06733], [9.3515, 54.06739], [9.35105, 54.07007], [9.35029, 54.07025], [9.35047, 54.0687], [9.34981, 54.06851], [9.3499, 54.06769], [9.34878, 54.06774], [9.34989, 54.06962], [9.34923, 54.071], [9.35506, 54.07242], [9.35649, 54.07238], [9.35729, 54.07284], [9.35666, 54.07242], [9.35793, 54.07273], [9.35884, 54.07266], [9.35855, 54.07242]]], [[[9.35672, 54.07269], [9.35592, 54.07259], [9.35568, 54.07259], [9.35667, 54.07298], [9.35727, 54.07284], [9.35672, 54.07269]]], [[[9.34243, 54.06749], [9.34453, 54.06675], [9.34372, 54.06619], [9.33968, 54.0671], [9.34036, 54.06754], [9.34243, 54.06749]]], [[[9.3621, 54.06831], [9.36378, 54.0684], [9.36344, 54.06975], [9.3594, 54.0688], [9.35804, 54.06906], [9.35829, 54.07035], [9.36033, 54.0708], [9.3597, 54.07132], [9.36114, 54.07166], [9.36399, 54.0704], [9.36448, 54.06917], [9.36328, 54.06714], [9.36141, 54.06809], [9.3621, 54.06831]]], [[[9.35145, 54.07567], [9.34893, 54.07511], [9.34732, 54.0771], [9.34775, 54.07732], [9.35181, 54.07577], [9.35145, 54.07567]]], [[[9.33859, 54.06266], [9.33832, 54.06317], [9.33916, 54.06298], [9.33961, 54.06221], [9.33888, 54.06221], [9.33859, 54.06266]]], [[[9.37611, 54.0577], [9.37306, 54.05858], [9.37367, 54.06099], [9.37613, 54.06051], [9.37889, 54.05871], [9.38225, 54.05818], [9.38316, 54.05699], [9.38508, 54.05595], [9.38815, 54.05547], [9.39205, 54.05586], [9.39556, 54.05393], [9.39784, 54.05324], [9.39583, 54.0521], [9.39392, 54.05233], [9.37611, 54.0577]]], [[[9.37907, 54.05215], [9.37895, 54.05223], [9.37885, 54.0524], [9.37932, 54.05225], [9.37907, 54.05215]]], [[[9.3971, 54.04482], [9.39824, 54.04598], [9.40271, 54.04438], [9.39658, 54.04437], [9.3971, 54.04482]]], [[[9.40879, 54.03525], [9.41027, 54.0361], [9.41064, 54.03583], [9.41005, 54.03512], [9.40815, 54.03449], [9.40756, 54.03471], [9.40879, 54.03525]]], [[[9.40606, 54.0391], [9.40549, 54.03963], [9.40477, 54.04], [9.40675, 54.03996], [9.40684, 54.03917], [9.40606, 54.0391]]], [[[9.40292, 54.04038], [9.40198, 54.04038], [9.40182, 54.04053], [9.40295, 54.04052], [9.40292, 54.04038]]], [[[9.39731, 54.03023], [9.39835, 54.02988], [9.3985, 54.02934], [9.39648, 54.02839], [9.39581, 54.02879], [9.39674, 54.02932], [9.39655, 54.03015], [9.39731, 54.03023]]], [[[9.38739, 54.03189], [9.38769, 54.03185], [9.38833, 54.03062], [9.38691, 54.03056], [9.38634, 54.0318], [9.38739, 54.03189]]], [[[9.3823, 54.03215], [9.38175, 54.03207], [9.38174, 54.03209], [9.38266, 54.0322], [9.3823, 54.03215]]], [[[9.38539, 54.0304], [9.38551, 54.02954], [9.38261, 54.02978], [9.38262, 54.03022], [9.38539, 54.0304]]], [[[9.38769, 54.02983], [9.39018, 54.02943], [9.39018, 54.02943], [9.3877, 54.02937], [9.38769, 54.02983]]], [[[9.40239, 54.03029], [9.40256, 54.0302], [9.40203, 54.03011], [9.40239, 54.03029]]], [[[9.4023, 54.03211], [9.40168, 54.03178], [9.402, 54.0313], [9.40338, 54.0307], [9.40207, 54.03028], [9.40051, 54.03204], [9.40165, 54.03236], [9.4023, 54.03211]]], [[[9.37205, 54.03611], [9.37651, 54.03512], [9.37684, 54.03467], [9.37175, 54.03352], [9.37043, 54.03569], [9.36776, 54.03516], [9.36899, 54.033], [9.36189, 54.03161], [9.36009, 54.03194], [9.35635, 54.0318], [9.35831, 54.03234], [9.35937, 54.03336], [9.35929, 54.0347], [9.35804, 54.03571], [9.35564, 54.03618], [9.35315, 54.03559], [9.35475, 54.03874], [9.3581, 54.03887], [9.36389, 54.04013], [9.36957, 54.03903], [9.37018, 54.03741], [9.37205, 54.03611]], [[9.35981, 54.03655], [9.35956, 54.0367], [9.35929, 54.03665], [9.3596, 54.0363], [9.35981, 54.03655]], [[9.36368, 54.03805], [9.36337, 54.03789], [9.35983, 54.03667], [9.36341, 54.03786], [9.36368, 54.03805]]], [[[9.35244, 54.03504], [9.35202, 54.03417], [9.35222, 54.03327], [9.35098, 54.0344], [9.35244, 54.03504]]], [[[9.36577, 54.04399], [9.36683, 54.04382], [9.36679, 54.04363], [9.36559, 54.04385], [9.36577, 54.04399]]], [[[9.4198, 54.03775], [9.4203, 54.03755], [9.42001, 54.0372], [9.41628, 54.03785], [9.41327, 54.04037], [9.4198, 54.03775]]], [[[9.47751, 53.86511], [9.47857, 53.86633], [9.47878, 53.86744], [9.48036, 53.86709], [9.48077, 53.86432], [9.4781, 53.86433], [9.47751, 53.86511]]], [[[8.92558, 53.9356], [8.92561, 53.93459], [8.92366, 53.93518], [8.92143, 53.9353], [8.92016, 53.93678], [8.9224, 53.93723], [8.92427, 53.93671], [8.92558, 53.9356]]], [[[8.90488, 53.985], [8.90565, 53.98427], [8.90664, 53.98365], [8.90522, 53.98399], [8.90457, 53.98527], [8.90488, 53.985]]], [[[9.26157, 54.10133], [9.26196, 54.10135], [9.26202, 54.10109], [9.26155, 54.101], [9.26116, 54.10125], [9.26157, 54.10133]]], [[[9.25935, 54.09238], [9.26274, 54.09323], [9.26292, 54.09098], [9.2619, 54.09093], [9.25935, 54.09238]]], [[[9.26261, 54.09642], [9.26221, 54.09619], [9.26279, 54.09674], [9.26281, 54.09656], [9.26261, 54.09642]]], [[[9.26074, 54.09486], [9.26014, 54.09366], [9.25878, 54.09274], [9.25745, 54.09353], [9.25794, 54.09479], [9.26057, 54.09533], [9.26074, 54.09486]]], [[[9.2401, 54.09212], [9.2425, 54.09409], [9.24383, 54.09457], [9.24946, 54.09109], [9.24864, 54.08985], [9.2463, 54.08943], [9.24493, 54.08808], [9.2455, 54.08635], [9.24807, 54.08546], [9.24667, 54.08496], [9.24459, 54.08538], [9.24184, 54.08522], [9.2422, 54.08565], [9.24146, 54.08677], [9.23998, 54.08778], [9.23837, 54.09048], [9.23279, 54.08906], [9.23211, 54.08973], [9.23248, 54.09157], [9.23596, 54.09116], [9.2401, 54.09212]]], [[[9.24265, 54.09451], [9.24272, 54.09505], [9.2427, 54.09526], [9.24361, 54.0947], [9.24265, 54.09451]]], [[[9.21295, 54.07471], [9.21559, 54.07543], [9.21586, 54.07488], [9.2173, 54.07466], [9.22331, 54.07627], [9.22299, 54.07456], [9.22408, 54.07292], [9.22266, 54.07223], [9.21829, 54.06871], [9.21598, 54.06939], [9.21671, 54.06997], [9.21316, 54.0713], [9.21048, 54.07177], [9.20791, 54.07308], [9.20508, 54.07352], [9.20539, 54.07408], [9.20727, 54.07413], [9.20692, 54.07456], [9.20818, 54.07523], [9.21043, 54.07468], [9.21295, 54.07471]]], [[[9.21399, 54.06524], [9.21349, 54.06521], [9.21428, 54.06558], [9.21544, 54.06517], [9.21399, 54.06524]]], [[[9.21823, 54.05896], [9.21974, 54.06016], [9.22033, 54.06181], [9.22187, 54.06326], [9.22735, 54.0642], [9.23052, 54.06565], [9.23197, 54.06692], [9.23331, 54.06935], [9.23525, 54.06962], [9.23716, 54.07039], [9.23899, 54.07199], [9.23967, 54.07355], [9.24226, 54.07253], [9.24463, 54.07222], [9.24695, 54.07235], [9.24957, 54.07308], [9.25101, 54.0721], [9.25368, 54.0714], [9.25841, 54.06932], [9.26251, 54.06666], [9.267, 54.06517], [9.26522, 54.06344], [9.26485, 54.06072], [9.26033, 54.0604], [9.25846, 54.06087], [9.26046, 54.06275], [9.26004, 54.0652], [9.25717, 54.06685], [9.25336, 54.06711], [9.25365, 54.068], [9.25453, 54.06845], [9.25783, 54.06812], [9.2559, 54.07019], [9.25419, 54.06965], [9.25291, 54.06728], [9.25126, 54.06823], [9.24906, 54.06832], [9.24726, 54.06757], [9.24607, 54.06592], [9.24336, 54.06576], [9.24542, 54.06526], [9.24487, 54.06341], [9.24559, 54.06196], [9.24676, 54.06106], [9.24611, 54.06068], [9.2447, 54.06247], [9.24178, 54.06356], [9.23873, 54.0636], [9.23563, 54.06271], [9.2338, 54.06098], [9.23392, 54.05877], [9.23641, 54.05692], [9.23993, 54.0564], [9.24152, 54.05477], [9.24136, 54.05296], [9.23078, 54.05194], [9.2283, 54.05329], [9.2244, 54.05363], [9.22164, 54.05513], [9.21747, 54.0554], [9.21747, 54.05728], [9.21823, 54.05896]], [[9.22709, 54.0586], [9.22596, 54.05783], [9.22614, 54.05716], [9.22816, 54.0577], [9.22785, 54.0587], [9.22699, 54.05882], [9.22709, 54.0586]], [[9.22994, 54.05822], [9.22905, 54.058], [9.23025, 54.0568], [9.23381, 54.05723], [9.23369, 54.05845], [9.23271, 54.05942], [9.22994, 54.05822]]], [[[9.23461, 54.04631], [9.2338, 54.04666], [9.23219, 54.04608], [9.23342, 54.04526], [9.22917, 54.04693], [9.2307, 54.04801], [9.23149, 54.04707], [9.23341, 54.04733], [9.23303, 54.04824], [9.23653, 54.04861], [9.23461, 54.04631]]], [[[9.21718, 54.04403], [9.21786, 54.04467], [9.21798, 54.04369], [9.21885, 54.04384], [9.21861, 54.04551], [9.21951, 54.04608], [9.22883, 54.04243], [9.22878, 54.04092], [9.22801, 54.04076], [9.22267, 54.04161], [9.22104, 54.03967], [9.22025, 54.03744], [9.21929, 54.03738], [9.218, 54.03633], [9.21619, 54.0374], [9.21592, 54.04227], [9.21718, 54.04403]]], [[[9.21923, 54.03134], [9.21783, 54.03304], [9.22244, 54.03075], [9.22369, 54.03201], [9.22488, 54.03074], [9.22649, 54.03124], [9.22609, 54.03206], [9.22841, 54.03208], [9.2282, 54.03331], [9.22646, 54.03399], [9.2247, 54.03419], [9.22464, 54.03492], [9.22312, 54.03483], [9.2211, 54.0353], [9.22145, 54.03571], [9.22052, 54.03663], [9.22099, 54.0372], [9.22182, 54.0372], [9.22437, 54.03606], [9.22533, 54.03692], [9.22515, 54.03817], [9.22289, 54.03787], [9.22266, 54.03854], [9.22547, 54.03915], [9.22507, 54.04022], [9.22698, 54.0405], [9.22711, 54.04001], [9.22841, 54.04003], [9.22814, 54.04056], [9.23049, 54.04091], [9.23053, 54.04124], [9.23143, 54.04141], [9.23551, 54.03982], [9.23619, 54.03846], [9.23452, 54.03861], [9.2347, 54.03742], [9.2296, 54.03754], [9.22912, 54.03865], [9.22785, 54.03868], [9.2268, 54.03815], [9.22765, 54.03665], [9.23459, 54.03711], [9.23413, 54.03642], [9.2311, 54.03605], [9.23084, 54.0366], [9.22784, 54.03636], [9.22864, 54.03534], [9.23401, 54.03622], [9.23313, 54.03229], [9.23497, 54.03198], [9.23663, 54.03385], [9.23951, 54.03352], [9.24099, 54.03539], [9.24447, 54.03439], [9.24738, 54.03518], [9.24818, 54.03488], [9.24552, 54.03453], [9.24155, 54.03286], [9.24016, 54.03121], [9.24021, 54.0297], [9.23868, 54.0287], [9.23824, 54.02748], [9.23619, 54.02639], [9.22758, 54.02885], [9.22053, 54.02979], [9.21923, 54.03134]]], [[[9.20461, 54.03754], [9.20557, 54.03773], [9.20712, 54.03735], [9.20518, 54.03608], [9.20337, 54.03689], [9.20345, 54.03744], [9.20461, 54.03754]]], [[[9.2097, 54.04017], [9.20968, 54.03889], [9.20761, 54.03861], [9.20952, 54.04111], [9.2097, 54.04017]]], [[[9.20129, 54.06035], [9.19713, 54.05984], [9.18733, 54.06411], [9.18611, 54.06476], [9.1874, 54.06559], [9.18825, 54.06685], [9.19046, 54.06707], [9.19309, 54.06821], [9.19473, 54.06804], [9.19603, 54.06692], [9.19796, 54.06644], [9.20111, 54.06497], [9.20567, 54.0648], [9.20496, 54.06448], [9.20539, 54.06415], [9.20706, 54.06469], [9.21103, 54.06469], [9.2081, 54.06296], [9.2049, 54.06211], [9.20301, 54.06015], [9.20129, 54.06035]], [[9.19295, 54.06677], [9.19256, 54.06669], [9.19358, 54.06482], [9.19295, 54.06677]]], [[[9.19185, 54.08017], [9.19229, 54.08012], [9.19015, 54.07945], [9.18821, 54.07947], [9.18768, 54.08028], [9.18983, 54.0807], [9.19185, 54.08017]]], [[[9.18518, 54.08517], [9.18768, 54.08511], [9.18736, 54.08428], [9.18557, 54.08393], [9.18518, 54.08517]]], [[[9.13707, 54.04512], [9.13715, 54.04532], [9.13747, 54.04529], [9.13743, 54.04528], [9.13707, 54.04512]]], [[[9.13039, 54.00071], [9.12718, 54.00011], [9.12616, 54.00043], [9.12937, 54.00181], [9.133, 54.0019], [9.13217, 54.00078], [9.13039, 54.00071]]], [[[9.17717, 53.98157], [9.17607, 53.98157], [9.18095, 53.98274], [9.18273, 53.98211], [9.1828, 53.98133], [9.17986, 53.98101], [9.17717, 53.98157]]], [[[9.19247, 53.98149], [9.1903, 53.98158], [9.18973, 53.98299], [9.18776, 53.9839], [9.18735, 53.9856], [9.18895, 53.98571], [9.18914, 53.98489], [9.19233, 53.98559], [9.19104, 53.98669], [9.18584, 53.98649], [9.1856, 53.98701], [9.19007, 53.98748], [9.18891, 53.98859], [9.18549, 53.98803], [9.18437, 53.99238], [9.18697, 53.99166], [9.1894, 53.99157], [9.19403, 53.98934], [9.19742, 53.98916], [9.20523, 53.98534], [9.20755, 53.98375], [9.20498, 53.98239], [9.20149, 53.97931], [9.19819, 53.98105], [9.19592, 53.98134], [9.19387, 53.98115], [9.19247, 53.98149]]], [[[9.19337, 54.00002], [9.19337, 54.00043], [9.1926, 54.00036], [9.19176, 54.00414], [9.18866, 54.00364], [9.18969, 54.00026], [9.1876, 54.00152], [9.18707, 54.00339], [9.18498, 54.00306], [9.18341, 54.00411], [9.18286, 54.00567], [9.19113, 54.00746], [9.19278, 54.00747], [9.19421, 54.00662], [9.19628, 54.00608], [9.19694, 54.00418], [9.19431, 54.00128], [9.19401, 54.00019], [9.19337, 54.00002]]], [[[9.27075, 53.98536], [9.26948, 53.98472], [9.26715, 53.98382], [9.26672, 53.98439], [9.27075, 53.98536]]], [[[9.25876, 53.97968], [9.26051, 53.98124], [9.26075, 53.98281], [9.2619, 53.98129], [9.25967, 53.97966], [9.25876, 53.97968]]], [[[9.2182, 53.96418], [9.21807, 53.96387], [9.21491, 53.96398], [9.21668, 53.96548], [9.21621, 53.9672], [9.21804, 53.96774], [9.21901, 53.96865], [9.21915, 53.96966], [9.21845, 53.97074], [9.22109, 53.96979], [9.22092, 53.96622], [9.21928, 53.9654], [9.2182, 53.96418]]], [[[9.21634, 53.97242], [9.21696, 53.97266], [9.21752, 53.97137], [9.21476, 53.97173], [9.21634, 53.97242]]], [[[9.21032, 53.96993], [9.21087, 53.97012], [9.21191, 53.97046], [9.21161, 53.96943], [9.21032, 53.96993]]], [[[9.21016, 53.98004], [9.21292, 53.98133], [9.21268, 53.97973], [9.21466, 53.97975], [9.21485, 53.97924], [9.21698, 53.97923], [9.21709, 53.97863], [9.21426, 53.97765], [9.21371, 53.97601], [9.20554, 53.97275], [9.20438, 53.97344], [9.20499, 53.97576], [9.21016, 53.98004]], [[9.21204, 53.97806], [9.21193, 53.9786], [9.21143, 53.97857], [9.21162, 53.97819], [9.21204, 53.97806]]], [[[9.21697, 53.98199], [9.21693, 53.98189], [9.21397, 53.98182], [9.21612, 53.98282], [9.21697, 53.98199]]], [[[9.21409, 53.99119], [9.21219, 53.99078], [9.21033, 53.9898], [9.20706, 53.9893], [9.20251, 53.99166], [9.20233, 53.99375], [9.20074, 53.99653], [9.20105, 53.99786], [9.21517, 54.00181], [9.21549, 54.00016], [9.21304, 53.99877], [9.21228, 53.99713], [9.21277, 53.99551], [9.21445, 53.99412], [9.21382, 53.99273], [9.21409, 53.99119]]], [[[9.20303, 54.00271], [9.20333, 54.0033], [9.20374, 54.00291], [9.20303, 54.00271]]], [[[9.22438, 53.99638], [9.22412, 53.99802], [9.22233, 53.99969], [9.22217, 54.00055], [9.22484, 53.99955], [9.23162, 53.99909], [9.23021, 53.9986], [9.23299, 53.9982], [9.23198, 53.9974], [9.23145, 53.99565], [9.22891, 53.99407], [9.2275, 53.99442], [9.22654, 53.99535], [9.22438, 53.99638]]], [[[9.23432, 53.99902], [9.23298, 53.99904], [9.23229, 53.9991], [9.23316, 53.99918], [9.23432, 53.99902]]], [[[9.23806, 53.99449], [9.23827, 53.99498], [9.23924, 53.99508], [9.23929, 53.9947], [9.23724, 53.99382], [9.23806, 53.99449]]], [[[9.20037, 54.01468], [9.20056, 54.01426], [9.1987, 54.0146], [9.19668, 54.01427], [9.19235, 54.01133], [9.18802, 54.011], [9.17669, 54.00848], [9.17402, 54.00952], [9.17468, 54.00961], [9.17409, 54.0106], [9.17797, 54.01111], [9.17336, 54.01073], [9.17202, 54.01109], [9.17241, 54.01316], [9.17449, 54.01289], [9.17658, 54.01307], [9.17987, 54.01442], [9.18098, 54.01583], [9.18051, 54.01819], [9.1815, 54.01956], [9.18509, 54.02001], [9.18924, 54.01952], [9.1926, 54.02055], [9.19774, 54.01894], [9.20038, 54.01607], [9.20037, 54.01468]], [[9.1798, 54.01049], [9.17976, 54.01078], [9.17925, 54.01075], [9.17931, 54.01045], [9.1798, 54.01049]], [[9.18451, 54.01065], [9.18516, 54.01093], [9.18433, 54.01128], [9.1842, 54.01122], [9.18451, 54.01065]], [[9.18512, 54.01347], [9.18652, 54.01301], [9.18738, 54.01363], [9.18562, 54.0141], [9.18512, 54.01347]], [[9.19064, 54.01368], [9.18919, 54.0148], [9.18797, 54.01392], [9.18923, 54.01298], [9.19064, 54.01368]], [[9.18154, 54.01654], [9.18617, 54.01517], [9.18627, 54.01549], [9.18158, 54.0168], [9.18154, 54.01654]]], [[[9.20936, 54.01876], [9.2094, 54.01848], [9.20743, 54.01892], [9.20506, 54.01891], [9.20325, 54.02104], [9.20131, 54.02225], [9.20223, 54.02223], [9.2031, 54.02489], [9.20481, 54.02488], [9.20473, 54.02326], [9.20668, 54.02205], [9.20877, 54.02182], [9.21141, 54.02273], [9.21201, 54.02245], [9.21221, 54.02186], [9.20997, 54.02042], [9.20936, 54.01876]]], [[[9.21397, 54.02714], [9.2138, 54.02669], [9.21193, 54.02642], [9.21068, 54.02576], [9.20784, 54.02622], [9.2053, 54.02536], [9.20436, 54.02666], [9.20327, 54.02658], [9.20296, 54.02503], [9.20037, 54.02515], [9.19992, 54.02379], [9.19899, 54.02389], [9.19886, 54.02473], [9.19818, 54.02514], [9.20001, 54.02581], [9.20024, 54.02529], [9.20248, 54.02553], [9.20263, 54.02623], [9.20003, 54.02609], [9.20021, 54.03329], [9.20188, 54.0327], [9.20304, 54.0306], [9.2052, 54.02913], [9.20956, 54.02791], [9.21198, 54.02802], [9.21415, 54.02869], [9.21467, 54.02806], [9.21397, 54.02714]]], [[[9.19325, 54.02986], [9.19383, 54.02988], [9.19292, 54.02955], [9.19252, 54.02984], [9.19325, 54.02986]]], [[[9.19172, 54.02868], [9.19169, 54.02937], [9.19243, 54.02927], [9.19171, 54.02866], [9.19172, 54.02868]]], [[[9.19161, 54.02686], [9.19131, 54.02696], [9.19127, 54.02697], [9.19163, 54.02699], [9.19161, 54.02686]]], [[[9.25653, 54.0282], [9.25337, 54.02901], [9.25395, 54.02953], [9.26032, 54.03015], [9.26348, 54.02891], [9.26259, 54.02892], [9.26285, 54.02795], [9.26405, 54.02801], [9.26372, 54.0275], [9.25801, 54.02742], [9.25653, 54.0282]]], [[[9.25448, 54.02167], [9.25684, 54.02229], [9.25871, 54.02359], [9.26107, 54.02374], [9.26108, 54.02234], [9.26005, 54.02134], [9.25963, 54.02], [9.26004, 54.01797], [9.26147, 54.01651], [9.26008, 54.0165], [9.25927, 54.01781], [9.25772, 54.01882], [9.25435, 54.0195], [9.25334, 54.02101], [9.25448, 54.02167]]], [[[9.24783, 54.01786], [9.24776, 54.01785], [9.24781, 54.01787], [9.24783, 54.01786]]], [[[9.23811, 54.01913], [9.23802, 54.01921], [9.23809, 54.01925], [9.23814, 54.0192], [9.23811, 54.01913]]], [[[9.23916, 54.01703], [9.24076, 54.01651], [9.23849, 54.01554], [9.23892, 54.01621], [9.23916, 54.01703]]], [[[9.24406, 54.01123], [9.2444, 54.01105], [9.24434, 54.01101], [9.24403, 54.01115], [9.24406, 54.01123]]], [[[9.25882, 54.03669], [9.25735, 54.03592], [9.25292, 54.03766], [9.25327, 54.03978], [9.25218, 54.03983], [9.25231, 54.04103], [9.25595, 54.04097], [9.2578, 54.04004], [9.25903, 54.03841], [9.25882, 54.03669]]], [[[9.24667, 54.04249], [9.24359, 54.04293], [9.2457, 54.04392], [9.24693, 54.04535], [9.24799, 54.04481], [9.24824, 54.04356], [9.24958, 54.04215], [9.24667, 54.04249]]], [[[9.26516, 54.03307], [9.2654, 54.03379], [9.26651, 54.03235], [9.26505, 54.03293], [9.26516, 54.03307]]], [[[9.276, 54.05987], [9.27443, 54.0613], [9.27153, 54.06238], [9.2754, 54.06144], [9.27729, 54.06021], [9.28142, 54.05874], [9.27817, 54.05807], [9.276, 54.05987]]], [[[9.26732, 54.06936], [9.26709, 54.06946], [9.26735, 54.06942], [9.26732, 54.06936]]], [[[9.25076, 54.07859], [9.24959, 54.07934], [9.25048, 54.0806], [9.25052, 54.08183], [9.25459, 54.08284], [9.25505, 54.08107], [9.25548, 54.08111], [9.25505, 54.08294], [9.25687, 54.08335], [9.25797, 54.08282], [9.25713, 54.08114], [9.2578, 54.07932], [9.25966, 54.07802], [9.26259, 54.07712], [9.26073, 54.07694], [9.25899, 54.07814], [9.25689, 54.07873], [9.25419, 54.07883], [9.25121, 54.07811], [9.25076, 54.07859]]], [[[9.27472, 54.09008], [9.27649, 54.08994], [9.27692, 54.09182], [9.27421, 54.09152], [9.27535, 54.09347], [9.27803, 54.09283], [9.27902, 54.09387], [9.27885, 54.09469], [9.27782, 54.09311], [9.27698, 54.09332], [9.27791, 54.09527], [9.27722, 54.09507], [9.27624, 54.09347], [9.2754, 54.09364], [9.27635, 54.09506], [9.27546, 54.09521], [9.2746, 54.09474], [9.27247, 54.0944], [9.27123, 54.09355], [9.27029, 54.09215], [9.27253, 54.09144], [9.27341, 54.09295], [9.27408, 54.09281], [9.27493, 54.09359], [9.27373, 54.09157], [9.27284, 54.09152], [9.27388, 54.0912], [9.27358, 54.09071], [9.26964, 54.09141], [9.26958, 54.096], [9.27376, 54.09661], [9.27616, 54.09835], [9.27914, 54.09701], [9.28209, 54.09426], [9.28203, 54.09396], [9.27885, 54.09296], [9.27728, 54.09115], [9.27746, 54.08937], [9.2799, 54.08744], [9.27977, 54.08675], [9.27796, 54.08683], [9.27602, 54.08816], [9.27472, 54.09008]]], [[[9.27519, 54.0812], [9.27495, 54.08156], [9.27702, 54.08248], [9.278, 54.08199], [9.2784, 54.08226], [9.27718, 54.0826], [9.27764, 54.08298], [9.28022, 54.08287], [9.27989, 54.0818], [9.28044, 54.08082], [9.28308, 54.07933], [9.28485, 54.07895], [9.28468, 54.07837], [9.28421, 54.07809], [9.28311, 54.07875], [9.28324, 54.07804], [9.27995, 54.0784], [9.27656, 54.08004], [9.27519, 54.0812]]], [[[9.28643, 54.0868], [9.28643, 54.08672], [9.28647, 54.08629], [9.28644, 54.08702], [9.28643, 54.0868]]], [[[9.27148, 53.93168], [9.27391, 53.9319], [9.27611, 53.93273], [9.27671, 53.93228], [9.27676, 53.93055], [9.27826, 53.929], [9.27652, 53.92829], [9.27524, 53.92718], [9.26948, 53.93136], [9.27148, 53.93168]]], [[[9.27516, 53.92708], [9.27484, 53.92645], [9.27151, 53.92634], [9.26889, 53.92541], [9.26584, 53.92759], [9.26898, 53.92926], [9.26941, 53.93027], [9.26897, 53.93128], [9.27516, 53.92708]]], [[[9.25802, 53.93193], [9.25907, 53.93199], [9.25867, 53.93161], [9.25671, 53.93202], [9.25856, 53.93146], [9.25847, 53.9301], [9.2601, 53.92868], [9.2585, 53.92859], [9.25793, 53.93059], [9.25488, 53.93232], [9.25336, 53.93423], [9.25477, 53.93468], [9.25675, 53.93339], [9.26013, 53.93265], [9.25802, 53.93193]]], [[[9.26483, 53.9273], [9.26542, 53.92744], [9.26852, 53.92521], [9.26699, 53.92351], [9.26517, 53.92344], [9.26607, 53.92388], [9.26483, 53.9273]]], [[[9.25, 53.94067], [9.25107, 53.93926], [9.2526, 53.93835], [9.24751, 53.93673], [9.24438, 53.93619], [9.24033, 53.93682], [9.24124, 53.93842], [9.24085, 53.94003], [9.24285, 53.94037], [9.24506, 53.94134], [9.24933, 53.94203], [9.25, 53.94067]]], [[[9.24026, 53.93658], [9.24022, 53.93657], [9.24002, 53.93656], [9.2401, 53.93662], [9.24026, 53.93658]]], [[[9.28356, 53.93781], [9.28362, 53.93758], [9.28188, 53.93698], [9.28034, 53.93585], [9.27953, 53.93648], [9.27981, 53.93841], [9.28073, 53.939], [9.28358, 53.9385], [9.28356, 53.93781]]], [[[9.27315, 53.89979], [9.27409, 53.89965], [9.27325, 53.89831], [9.27282, 53.89987], [9.27315, 53.89979]]], [[[9.05844, 54.06094], [9.05688, 54.06114], [9.05715, 54.06191], [9.05852, 54.06095], [9.05844, 54.06094]]], [[[9.05891, 54.00114], [9.06075, 54.00298], [9.07263, 54.00171], [9.07151, 54.00068], [9.05891, 54.00114]]], [[[9.06676, 53.99601], [9.05856, 53.99575], [9.05668, 53.99664], [9.05758, 53.99733], [9.06706, 53.99695], [9.06676, 53.99601]]], [[[9.06, 53.98976], [9.05889, 53.99008], [9.05936, 53.99192], [9.07085, 53.99233], [9.07469, 53.99207], [9.07898, 53.99275], [9.08002, 53.99166], [9.08261, 53.99041], [9.08594, 53.98987], [9.08972, 53.99051], [9.09252, 53.99254], [9.09243, 53.99011], [9.0934, 53.98861], [9.09028, 53.98752], [9.08886, 53.98586], [9.08561, 53.9859], [9.08266, 53.98484], [9.08148, 53.98366], [9.08116, 53.98231], [9.08176, 53.98094], [9.08328, 53.97978], [9.081, 53.97878], [9.07983, 53.97742], [9.07702, 53.97669], [9.07699, 53.9786], [9.07434, 53.98105], [9.07459, 53.98279], [9.07343, 53.98575], [9.07232, 53.98695], [9.07011, 53.98807], [9.06791, 53.98852], [9.06514, 53.98839], [9.06328, 53.98788], [9.06, 53.98976]]], [[[9.08208, 53.97033], [9.08095, 53.96972], [9.07919, 53.9694], [9.07893, 53.9697], [9.08208, 53.97033]]], [[[9.08308, 54.00032], [9.08293, 54.00058], [9.08542, 54.00025], [9.08308, 54.00032]]], [[[9.05129, 53.92513], [9.05054, 53.92479], [9.04975, 53.92497], [9.05027, 53.92499], [9.05129, 53.92513]]], [[[9.05794, 53.92184], [9.05531, 53.9208], [9.05461, 53.92143], [9.05553, 53.92218], [9.05826, 53.92305], [9.05922, 53.92202], [9.05794, 53.92184]]], [[[9.06447, 53.91621], [9.06257, 53.91699], [9.05972, 53.9173], [9.05924, 53.91771], [9.06276, 53.91858], [9.06538, 53.91546], [9.06447, 53.91621]]], [[[9.06714, 53.912], [9.06591, 53.91278], [9.066, 53.91443], [9.06792, 53.91179], [9.06755, 53.91163], [9.06714, 53.912]]], [[[9.09011, 53.89245], [9.0901, 53.89282], [9.09069, 53.89196], [9.09013, 53.89204], [9.09011, 53.89245]]], [[[8.98269, 54.01618], [8.9836, 54.01759], [8.98384, 54.0181], [8.98434, 54.01693], [8.98316, 54.01603], [8.98268, 54.0159], [8.98269, 54.01618]]], [[[8.98986, 53.99904], [8.98986, 53.99901], [8.98985, 53.99902], [8.98986, 53.99904]]], [[[8.98908, 53.99154], [8.98938, 53.99495], [8.99029, 53.99249], [8.98824, 53.98794], [8.98711, 53.98861], [8.98729, 53.98971], [8.98908, 53.99154]]], [[[8.8814, 54.0147], [8.88083, 54.01474], [8.88119, 54.01515], [8.88273, 54.01462], [8.8814, 54.0147]]], [[[8.91539, 53.99964], [8.91218, 53.9998], [8.91388, 54.00146], [8.91456, 54.0015], [8.91609, 54.0], [8.9185, 53.99909], [8.92087, 53.99879], [8.92276, 53.99896], [8.92291, 53.99717], [8.91935, 53.9976], [8.91779, 53.99875], [8.91539, 53.99964]]], [[[8.91811, 53.96342], [8.91665, 53.96517], [8.91402, 53.96616], [8.91484, 53.96722], [8.91684, 53.96744], [8.91979, 53.96846], [8.92119, 53.96758], [8.9213, 53.9661], [8.92312, 53.96429], [8.92461, 53.96065], [8.92677, 53.95909], [8.92682, 53.95758], [8.92828, 53.95468], [8.92606, 53.95418], [8.92432, 53.95425], [8.92289, 53.95772], [8.91875, 53.9607], [8.91811, 53.96342]]], [[[8.91585, 53.94708], [8.91586, 53.94605], [8.91616, 53.94537], [8.91493, 53.94616], [8.91509, 53.94768], [8.9161, 53.94768], [8.91585, 53.94708]]], [[[8.89658, 54.02117], [8.896, 54.02123], [8.89634, 54.02179], [8.89883, 54.02421], [8.90051, 54.02317], [8.90314, 54.02258], [8.90276, 54.02134], [8.90311, 54.02016], [8.90189, 54.01899], [8.89956, 54.02035], [8.89658, 54.02117]]], [[[8.90122, 54.00348], [8.90102, 54.0031], [8.90021, 54.00357], [8.90031, 54.00433], [8.90145, 54.00548], [8.90178, 54.00667], [8.90287, 54.00714], [8.90427, 54.00682], [8.90537, 54.00593], [8.90256, 54.00473], [8.90122, 54.00348]]], [[[8.93977, 54.01053], [8.94213, 54.01086], [8.94404, 54.01156], [8.94591, 54.01063], [8.94768, 54.01024], [8.94885, 54.00837], [8.94727, 54.00738], [8.9455, 54.007], [8.94373, 54.00611], [8.94204, 54.00439], [8.94192, 54.00257], [8.94127, 54.00198], [8.93908, 54.00168], [8.93805, 54.0035], [8.93544, 54.0048], [8.93564, 54.00595], [8.93797, 54.00674], [8.93947, 54.00799], [8.94001, 54.00932], [8.93977, 54.01053]], [[8.94337, 54.00927], [8.94451, 54.00879], [8.94484, 54.00897], [8.943, 54.01003], [8.94257, 54.00962], [8.94337, 54.00927]]], [[[8.95646, 53.99187], [8.95604, 53.99188], [8.95677, 53.9932], [8.95651, 53.9947], [8.95719, 53.99552], [8.95916, 53.99526], [8.96034, 53.99363], [8.95788, 53.99171], [8.95646, 53.99187]]], [[[8.93866, 53.98612], [8.94069, 53.98491], [8.94359, 53.98432], [8.94437, 53.98317], [8.94157, 53.98271], [8.93971, 53.9844], [8.93713, 53.98528], [8.93675, 53.98602], [8.93866, 53.98612]]], [[[8.95138, 53.98446], [8.95196, 53.98458], [8.95178, 53.98385], [8.95138, 53.98446]]], [[[8.95134, 53.97452], [8.94892, 53.97458], [8.94833, 53.97623], [8.95116, 53.97662], [8.95272, 53.97552], [8.955, 53.97487], [8.95134, 53.97452]]], [[[8.94572, 53.9643], [8.94756, 53.96561], [8.94813, 53.96697], [8.95306, 53.96751], [8.95132, 53.96127], [8.95223, 53.95892], [8.95124, 53.95639], [8.95181, 53.95462], [8.95087, 53.95268], [8.94927, 53.95412], [8.94735, 53.95491], [8.94781, 53.9571], [8.94635, 53.95894], [8.9434, 53.96], [8.94011, 53.95999], [8.93876, 53.96104], [8.93704, 53.96167], [8.93771, 53.96447], [8.93943, 53.96387], [8.94179, 53.96363], [8.94572, 53.9643]]], [[[8.97879, 53.92288], [8.9775, 53.92452], [8.97402, 53.92628], [8.97532, 53.92708], [8.97809, 53.92696], [8.98261, 53.92112], [8.98411, 53.92004], [8.98278, 53.91934], [8.98028, 53.92029], [8.97995, 53.92163], [8.97879, 53.92288]]], [[[8.97528, 53.91224], [8.97489, 53.91223], [8.97558, 53.91262], [8.97538, 53.91224], [8.97528, 53.91224]]], [[[8.92795, 53.93208], [8.92827, 53.93196], [8.92855, 53.93154], [8.92798, 53.9318], [8.92795, 53.93208]]], [[[8.93337, 53.9261], [8.93487, 53.92584], [8.93529, 53.92516], [8.93489, 53.92452], [8.9326, 53.92567], [8.93266, 53.92633], [8.93337, 53.9261]]], [[[8.93184, 53.99422], [8.93241, 53.99415], [8.9329, 53.99412], [8.93173, 53.99379], [8.93184, 53.99422]]], [[[8.92839, 53.97704], [8.92702, 53.97776], [8.9263, 53.97922], [8.92482, 53.98033], [8.92488, 53.98147], [8.92648, 53.98045], [8.9301, 53.97964], [8.93204, 53.97854], [8.93014, 53.97807], [8.92839, 53.97704]]], [[[8.95613, 53.91725], [8.95471, 53.91862], [8.95207, 53.9196], [8.95494, 53.92145], [8.95591, 53.92137], [8.95778, 53.91915], [8.95722, 53.91802], [8.95746, 53.91658], [8.95647, 53.91646], [8.95613, 53.91725]]], [[[8.93823, 53.93623], [8.93638, 53.93777], [8.93681, 53.93964], [8.93602, 53.94123], [8.93652, 53.94152], [8.93802, 53.94142], [8.93779, 53.94033], [8.93832, 53.939], [8.9417, 53.93659], [8.94117, 53.93505], [8.94206, 53.93327], [8.94357, 53.93224], [8.94634, 53.93127], [8.94451, 53.93018], [8.94297, 53.93053], [8.94057, 53.93252], [8.94026, 53.93408], [8.93823, 53.93623]]], [[[8.97663, 53.9772], [8.97617, 53.97797], [8.97778, 53.97879], [8.97884, 53.98001], [8.9788, 53.98226], [8.98279, 53.98198], [8.98184, 53.9765], [8.97935, 53.97618], [8.97751, 53.97539], [8.97667, 53.97575], [8.97663, 53.9772]]], [[[8.96774, 53.94442], [8.96736, 53.94505], [8.97002, 53.94475], [8.97448, 53.94506], [8.9766, 53.94412], [8.97625, 53.94264], [8.97696, 53.94122], [8.97859, 53.94002], [8.98075, 53.93933], [8.98126, 53.93838], [8.97785, 53.93888], [8.97482, 53.93828], [8.97212, 53.93942], [8.97052, 53.94057], [8.96957, 53.94239], [8.96793, 53.94347], [8.96774, 53.94442]]], [[[8.98746, 53.90008], [8.98743, 53.90008], [8.98746, 53.90008], [8.98746, 53.90008]]], [[[8.98101, 53.90647], [8.98046, 53.90565], [8.97947, 53.90574], [8.98171, 53.90719], [8.98101, 53.90647]]], [[[8.9846, 53.93645], [8.98402, 53.9362], [8.98368, 53.93672], [8.98406, 53.93659], [8.9846, 53.93645]]], [[[9.02147, 54.07073], [9.02383, 54.07149], [9.02539, 54.07235], [9.02218, 54.06814], [9.02082, 54.07036], [9.02147, 54.07073]]], [[[9.03187, 54.06344], [9.02956, 54.06328], [9.02729, 54.06246], [9.02709, 54.06266], [9.02767, 54.0655], [9.03015, 54.06953], [9.03475, 54.06993], [9.0376, 54.06847], [9.04031, 54.06807], [9.03858, 54.06523], [9.03638, 54.06432], [9.03502, 54.06278], [9.03187, 54.06344]]], [[[9.0276, 54.03559], [9.02777, 54.03799], [9.03005, 54.03872], [9.0308, 54.03788], [9.03032, 54.03668], [9.03067, 54.03528], [9.033, 54.0335], [9.03392, 54.03134], [9.03234, 54.02978], [9.02994, 54.03002], [9.02769, 54.02971], [9.02632, 54.03019], [9.02731, 54.03313], [9.02708, 54.03497], [9.0276, 54.03559]]], [[[9.04677, 54.00494], [9.04719, 54.00333], [9.04625, 54.00168], [9.04296, 54.00183], [9.04097, 54.003], [9.04272, 54.00422], [9.04357, 54.00588], [9.04329, 54.00758], [9.04178, 54.00915], [9.04219, 54.00997], [9.04372, 54.01075], [9.0448, 54.01196], [9.04524, 54.01581], [9.04862, 54.0151], [9.0483, 54.01225], [9.0463, 54.01093], [9.04534, 54.00934], [9.04677, 54.00494]]], [[[9.03598, 53.95454], [9.03948, 53.95567], [9.04096, 53.9576], [9.04508, 53.95737], [9.04776, 53.95794], [9.0497, 53.95515], [9.05167, 53.95395], [9.05156, 53.95276], [9.04821, 53.95288], [9.04098, 53.95118], [9.03762, 53.9525], [9.03448, 53.95282], [9.03598, 53.95454]]], [[[9.03016, 53.943], [9.03092, 53.94393], [9.0328, 53.94385], [9.0344, 53.94088], [9.03122, 53.94187], [9.03016, 53.943]]], [[[9.05382, 53.93798], [9.05255, 53.93922], [9.05013, 53.94016], [9.05838, 53.94585], [9.06069, 53.94524], [9.06307, 53.94524], [9.06195, 53.94398], [9.06177, 53.94261], [9.06447, 53.93809], [9.0597, 53.93806], [9.05721, 53.93726], [9.05553, 53.93611], [9.05407, 53.93619], [9.05382, 53.93798]], [[9.05672, 53.94299], [9.05618, 53.94303], [9.05723, 53.94201], [9.05743, 53.94209], [9.05672, 53.94299]]], [[[9.04375, 53.94409], [9.04704, 53.94497], [9.04913, 53.9454], [9.04359, 53.94155], [9.04103, 53.94144], [9.03951, 53.9443], [9.04155, 53.94397], [9.04375, 53.94409]]], [[[9.03137, 53.92012], [9.03298, 53.9207], [9.03557, 53.92024], [9.03831, 53.9205], [9.03979, 53.9189], [9.03271, 53.91584], [9.03044, 53.91585], [9.02856, 53.91912], [9.03137, 53.92012]]], [[[9.03161, 53.9268], [9.03216, 53.9266], [9.03045, 53.92538], [9.02985, 53.92409], [9.02494, 53.9225], [9.02454, 53.92553], [9.02147, 53.92856], [9.02151, 53.93211], [9.02244, 53.9322], [9.02726, 53.93049], [9.02885, 53.92962], [9.02951, 53.92824], [9.03161, 53.9268]]], [[[9.0371, 53.90992], [9.03686, 53.91016], [9.03763, 53.9101], [9.03735, 53.91002], [9.0371, 53.90992]]], [[[9.00884, 54.01374], [9.00908, 54.01522], [9.0086, 54.01634], [9.01044, 54.01774], [9.01555, 54.01544], [9.01753, 54.01508], [9.01974, 54.01514], [9.02239, 54.01439], [9.02117, 54.01312], [9.02078, 54.01188], [9.02201, 54.00966], [9.02175, 54.0089], [9.01871, 54.00947], [9.01586, 54.00915], [9.013, 54.0075], [9.01254, 54.00508], [9.00894, 54.00509], [9.00621, 54.00403], [9.00435, 54.00426], [9.00553, 54.00574], [9.00559, 54.00807], [9.00626, 54.00954], [9.00751, 54.01077], [9.00778, 54.01246], [9.00884, 54.01374]]], [[[9.00267, 53.99724], [9.00252, 54.00055], [9.00523, 54.00021], [9.00738, 53.99871], [9.01056, 53.99812], [9.01269, 53.99723], [9.01696, 53.99691], [9.01687, 53.99533], [9.01781, 53.99397], [9.01399, 53.98902], [9.01106, 53.98782], [9.00926, 53.98829], [9.00695, 53.98837], [9.0034, 53.98728], [9.00193, 53.9857], [9.00104, 53.98278], [8.99847, 53.98308], [8.99732, 53.9841], [9.00011, 53.98559], [9.00081, 53.98666], [9.0011, 53.98894], [9.00293, 53.99006], [9.00472, 53.99224], [9.00481, 53.99394], [9.00274, 53.99592], [9.00267, 53.99724]]], [[[8.99598, 53.96894], [8.99578, 53.96982], [8.99902, 53.97096], [9.00106, 53.97078], [9.00251, 53.96717], [9.00043, 53.96543], [9.00035, 53.96272], [8.99679, 53.96338], [8.99629, 53.96389], [8.99548, 53.96748], [8.99598, 53.96894]]], [[[9.00003, 53.97486], [9.00011, 53.97476], [8.99966, 53.97508], [8.99976, 53.97502], [9.00003, 53.97486]]], [[[8.99638, 54.02081], [8.99609, 54.02055], [8.99579, 54.02021], [8.99569, 54.02033], [8.99638, 54.02081]]], [[[8.9987, 53.97581], [8.9988, 53.97581], [8.99893, 53.97567], [8.9987, 53.97581]]], [[[9.0207, 54.05327], [9.02032, 54.05262], [9.01997, 54.05169], [9.01904, 54.05374], [9.02195, 54.05433], [9.0207, 54.05327]]], [[[9.02368, 54.04545], [9.02257, 54.04561], [9.02123, 54.04893], [9.02366, 54.04787], [9.02368, 54.04545]]], [[[9.02015, 54.02344], [9.02264, 54.02479], [9.02415, 54.02622], [9.0252, 54.02442], [9.02779, 54.02313], [9.02689, 54.02093], [9.02256, 54.02147], [9.02015, 54.02344]]], [[[9.04295, 53.91153], [9.04633, 53.91325], [9.04996, 53.91192], [9.05188, 53.91042], [9.04868, 53.9103], [9.04586, 53.90921], [9.04373, 53.9102], [9.04105, 53.91061], [9.04295, 53.91153]]], [[[9.04175, 53.93174], [9.04193, 53.93191], [9.04441, 53.93132], [9.04327, 53.93068], [9.04227, 53.93084], [9.04175, 53.93174]]], [[[9.06609, 53.9587], [9.06744, 53.95851], [9.06273, 53.95711], [9.06111, 53.95862], [9.06407, 53.95944], [9.06609, 53.9587]]], [[[9.07042, 53.95507], [9.07075, 53.95489], [9.06991, 53.95492], [9.07042, 53.95507]]], [[[9.05209, 53.97266], [9.05195, 53.97293], [9.05319, 53.97372], [9.05351, 53.97339], [9.05209, 53.97266]]], [[[9.04418, 54.09849], [9.04437, 54.09853], [9.0445, 54.09848], [9.04419, 54.09848], [9.04418, 54.09849]]], [[[9.15176, 53.98878], [9.15231, 53.9888], [9.15227, 53.98847], [9.15103, 53.98812], [9.14889, 53.98842], [9.14923, 53.98905], [9.15176, 53.98878]]], [[[9.13771, 53.96245], [9.13948, 53.96055], [9.13758, 53.95985], [9.13609, 53.9601], [9.13733, 53.96126], [9.13771, 53.96245]]], [[[9.13986, 53.95391], [9.14105, 53.95508], [9.14135, 53.95669], [9.14304, 53.95731], [9.14621, 53.95607], [9.14784, 53.95449], [9.1471, 53.95402], [9.14387, 53.95344], [9.14175, 53.95378], [9.13933, 53.9536], [9.13986, 53.95391]]], [[[9.13451, 53.93818], [9.13509, 53.93911], [9.13657, 53.9391], [9.13958, 53.93761], [9.14171, 53.93573], [9.14412, 53.93495], [9.14432, 53.9345], [9.1361, 53.93326], [9.13353, 53.93409], [9.13151, 53.93425], [9.13118, 53.93604], [9.13307, 53.93685], [9.13451, 53.93818]]], [[[9.1449, 53.92792], [9.14178, 53.92933], [9.14143, 53.93017], [9.14471, 53.93054], [9.14536, 53.92934], [9.14679, 53.92827], [9.14881, 53.9276], [9.15075, 53.92743], [9.15091, 53.92713], [9.14775, 53.92579], [9.14594, 53.92549], [9.1449, 53.92792]]], [[[9.1632, 53.92718], [9.16262, 53.92617], [9.15797, 53.92629], [9.15665, 53.92925], [9.15857, 53.93158], [9.15838, 53.9334], [9.16144, 53.93483], [9.16652, 53.93844], [9.16744, 53.9384], [9.17345, 53.93349], [9.17262, 53.93262], [9.17006, 53.93141], [9.16803, 53.92911], [9.16525, 53.92852], [9.1632, 53.92718]]], [[[9.17654, 53.9375], [9.17629, 53.93771], [9.17681, 53.93771], [9.17658, 53.93747], [9.17654, 53.9375]]], [[[9.16444, 53.94727], [9.16393, 53.94766], [9.16446, 53.94803], [9.16617, 53.94642], [9.16588, 53.94615], [9.16444, 53.94727]]], [[[9.16115, 53.94345], [9.16154, 53.94094], [9.1583, 53.93857], [9.15331, 53.93589], [9.15096, 53.93642], [9.15197, 53.93745], [9.15494, 53.9387], [9.15612, 53.94033], [9.16042, 53.94401], [9.16115, 53.94345]]], [[[9.1112, 53.96782], [9.11311, 53.96867], [9.11365, 53.96765], [9.11178, 53.96706], [9.11011, 53.96751], [9.1112, 53.96782]]], [[[9.11631, 53.96097], [9.11603, 53.96233], [9.11491, 53.96368], [9.11677, 53.96426], [9.11857, 53.96376], [9.11787, 53.96218], [9.11816, 53.95981], [9.11631, 53.96097]]], [[[9.12002, 53.94645], [9.12375, 53.94751], [9.1261, 53.94894], [9.12818, 53.94642], [9.12487, 53.94641], [9.12086, 53.94516], [9.11877, 53.94597], [9.11603, 53.94619], [9.1165, 53.94675], [9.12002, 53.94645]]], [[[9.10425, 53.92714], [9.1076, 53.92858], [9.11103, 53.92861], [9.10429, 53.92554], [9.10226, 53.92581], [9.10226, 53.92628], [9.10425, 53.92714]]], [[[9.09596, 53.9815], [9.09206, 53.98049], [9.09294, 53.98169], [9.09668, 53.98169], [9.09596, 53.9815]]], [[[9.10038, 53.97336], [9.09834, 53.97344], [9.09566, 53.97302], [9.09615, 53.97414], [9.09925, 53.97366], [9.10381, 53.97437], [9.10038, 53.97336]]], [[[9.11209, 53.95176], [9.1121, 53.95176], [9.11238, 53.95176], [9.11236, 53.95172], [9.11209, 53.95176]]], [[[9.13139, 53.98416], [9.13156, 53.98413], [9.13147, 53.98404], [9.13135, 53.98416], [9.13139, 53.98416]]], [[[9.1367, 53.95281], [9.13683, 53.95283], [9.13719, 53.95289], [9.13689, 53.95276], [9.1367, 53.95281]]], [[[9.12754, 54.03675], [9.12729, 54.03668], [9.12726, 54.03672], [9.12731, 54.03673], [9.12754, 54.03675]]], [[[9.19745, 54.09314], [9.19733, 54.09309], [9.19716, 54.09347], [9.19743, 54.09319], [9.19745, 54.09314]]], [[[9.19752, 54.09503], [9.19743, 54.09484], [9.19688, 54.09521], [9.19742, 54.09527], [9.19752, 54.09503]]], [[[9.19566, 54.08744], [9.19306, 54.08763], [9.1933, 54.08872], [9.19527, 54.08938], [9.19566, 54.08744]]], [[[9.1976, 54.08676], [9.19709, 54.087], [9.19688, 54.08777], [9.19709, 54.08765], [9.1976, 54.08676]]], [[[9.19562, 54.08025], [9.19595, 54.08033], [9.19523, 54.08019], [9.19562, 54.08025]]], [[[9.27184, 54.05165], [9.27077, 54.05215], [9.27098, 54.05304], [9.27244, 54.05293], [9.27184, 54.05165]]], [[[9.34335, 53.98937], [9.34054, 53.98977], [9.3385, 53.98966], [9.33817, 53.98999], [9.33926, 53.99116], [9.33952, 53.99249], [9.34233, 53.99316], [9.34419, 53.99444], [9.34333, 53.99361], [9.34482, 53.99304], [9.34356, 53.99159], [9.34378, 53.98954], [9.34335, 53.98937]]], [[[9.36117, 54.01119], [9.35831, 54.01093], [9.35576, 54.00972], [9.34846, 54.01143], [9.342, 54.0144], [9.34164, 54.01515], [9.34566, 54.01777], [9.34152, 54.01772], [9.34151, 54.01632], [9.34036, 54.01629], [9.33747, 54.01726], [9.33401, 54.01715], [9.33417, 54.01885], [9.34546, 54.01995], [9.34943, 54.01914], [9.35379, 54.02015], [9.35576, 54.02105], [9.35623, 54.02061], [9.35784, 54.02157], [9.36222, 54.02084], [9.36562, 54.01938], [9.36665, 54.01818], [9.36841, 54.01729], [9.3664, 54.0159], [9.36584, 54.01423], [9.36623, 54.01304], [9.3674, 54.01188], [9.36657, 54.01036], [9.36674, 54.00889], [9.36799, 54.00751], [9.36963, 54.00664], [9.36973, 54.0061], [9.36698, 54.00749], [9.36656, 54.00894], [9.36523, 54.01009], [9.36117, 54.01119]], [[9.33738, 54.01848], [9.33798, 54.01803], [9.33911, 54.0181], [9.33955, 54.01847], [9.33886, 54.01898], [9.33752, 54.01878], [9.33738, 54.01848]], [[9.34684, 54.01855], [9.34674, 54.01904], [9.34563, 54.01897], [9.34662, 54.01838], [9.34684, 54.01855]], [[9.34202, 54.01922], [9.34217, 54.01898], [9.34318, 54.01902], [9.34315, 54.01918], [9.34202, 54.01922]], [[9.36371, 54.0172], [9.36422, 54.01675], [9.3644, 54.01754], [9.36157, 54.017], [9.36371, 54.0172]]], [[[9.33816, 54.0257], [9.34074, 54.0234], [9.33107, 54.0223], [9.33007, 54.02412], [9.32446, 54.0247], [9.32364, 54.02388], [9.32703, 54.02317], [9.32676, 54.0219], [9.32771, 54.02195], [9.32297, 54.02139], [9.32193, 54.02146], [9.32057, 54.02219], [9.3218, 54.0234], [9.32158, 54.02563], [9.3204, 54.02639], [9.31858, 54.02673], [9.31884, 54.0273], [9.322, 54.02798], [9.3238, 54.02889], [9.33661, 54.02815], [9.33696, 54.02688], [9.33816, 54.0257]], [[9.3349, 54.02739], [9.33453, 54.02757], [9.33444, 54.02718], [9.3349, 54.02739]]], [[[9.33942, 54.03424], [9.3374, 54.03329], [9.33627, 54.03205], [9.32441, 54.03272], [9.32396, 54.03336], [9.32659, 54.03403], [9.32841, 54.03541], [9.33213, 54.03636], [9.33393, 54.03528], [9.33669, 54.03452], [9.33965, 54.03458], [9.34209, 54.03531], [9.33942, 54.03424]]], [[[9.27805, 53.98952], [9.27809, 53.98959], [9.27854, 53.98931], [9.27794, 53.98938], [9.27805, 53.98952]]], [[[9.2274, 54.01347], [9.22737, 54.01342], [9.22717, 54.01349], [9.22743, 54.01351], [9.2274, 54.01347]]], [[[9.26825, 54.07618], [9.26824, 54.07618], [9.26825, 54.07618], [9.26825, 54.07618]]], [[[9.42564, 54.03207], [9.42919, 54.03271], [9.43099, 54.03126], [9.42902, 54.03101], [9.42684, 54.03193], [9.42761, 54.03058], [9.42482, 54.03057], [9.4245, 54.03103], [9.42564, 54.03207]]], [[[9.43507, 54.02756], [9.43446, 54.02738], [9.43485, 54.02816], [9.43545, 54.02767], [9.43507, 54.02756]]], [[[9.44748, 54.00262], [9.44966, 54.00273], [9.45138, 54.00353], [9.45196, 54.00514], [9.4506, 54.00652], [9.45208, 54.00792], [9.4545, 54.00904], [9.4566, 54.00831], [9.45859, 54.00632], [9.4571, 54.00496], [9.45775, 54.00314], [9.4598, 54.00227], [9.46162, 54.00226], [9.46203, 54.00193], [9.46189, 54.0023], [9.46232, 54.00236], [9.46345, 54.00093], [9.46062, 54.00156], [9.45799, 54.00083], [9.45705, 54.00203], [9.45487, 54.00269], [9.45188, 54.00213], [9.44958, 54.00246], [9.44769, 54.00202], [9.44748, 54.00262]]], [[[9.46592, 53.99778], [9.46426, 53.99853], [9.46456, 53.99952], [9.46596, 53.99775], [9.46592, 53.99778]]], [[[9.44837, 53.99834], [9.45036, 53.99815], [9.4523, 53.99865], [9.45489, 53.99831], [9.45713, 53.99908], [9.45764, 53.99828], [9.45551, 53.99715], [9.45183, 53.99792], [9.4479, 53.99808], [9.44837, 53.99834]]], [[[9.47532, 53.96166], [9.47477, 53.96256], [9.47774, 53.96249], [9.47728, 53.96271], [9.47786, 53.963], [9.47599, 53.9636], [9.47629, 53.9649], [9.47556, 53.96492], [9.47544, 53.96568], [9.47534, 53.96529], [9.47452, 53.96529], [9.47549, 53.96639], [9.47532, 53.96856], [9.47585, 53.96901], [9.47623, 53.96561], [9.47965, 53.96524], [9.48114, 53.96364], [9.47585, 53.95922], [9.47413, 53.95564], [9.47167, 53.95359], [9.47154, 53.95119], [9.47337, 53.9495], [9.46984, 53.94989], [9.46957, 53.95186], [9.4673, 53.95404], [9.46908, 53.95714], [9.47269, 53.95769], [9.47437, 53.95864], [9.47538, 53.96018], [9.47599, 53.95995], [9.47541, 53.9604], [9.47532, 53.96166]]], [[[9.48073, 53.96487], [9.48069, 53.96511], [9.48201, 53.96513], [9.48234, 53.96407], [9.48073, 53.96487]]], [[[9.47479, 53.96412], [9.47432, 53.96374], [9.47377, 53.96442], [9.47339, 53.96433], [9.47425, 53.96305], [9.47227, 53.96413], [9.47401, 53.96505], [9.47479, 53.96412]]], [[[9.43655, 53.92472], [9.43786, 53.92278], [9.44121, 53.92156], [9.44144, 53.92096], [9.44019, 53.91999], [9.43731, 53.91978], [9.43511, 53.91917], [9.43226, 53.92045], [9.42855, 53.92058], [9.4252, 53.9196], [9.42358, 53.91845], [9.42284, 53.91722], [9.42142, 53.9168], [9.4168, 53.92306], [9.41894, 53.92342], [9.421, 53.92432], [9.42872, 53.92595], [9.43124, 53.92719], [9.43278, 53.92596], [9.43653, 53.92498], [9.43655, 53.92472]], [[9.43289, 53.92455], [9.43319, 53.92463], [9.43272, 53.92527], [9.43242, 53.92517], [9.43289, 53.92455]]], [[[9.39458, 53.92062], [9.39398, 53.92098], [9.39667, 53.92181], [9.39586, 53.92134], [9.39458, 53.92062]]], [[[9.44759, 53.86487], [9.45045, 53.8656], [9.45154, 53.86725], [9.451, 53.86837], [9.44948, 53.86923], [9.44545, 53.8693], [9.44715, 53.87242], [9.44919, 53.87189], [9.45174, 53.87186], [9.45391, 53.87235], [9.45574, 53.87342], [9.45716, 53.87247], [9.45829, 53.87086], [9.4566, 53.87049], [9.45538, 53.86972], [9.45495, 53.8687], [9.45527, 53.86783], [9.45746, 53.86666], [9.46092, 53.86686], [9.46221, 53.86516], [9.45952, 53.86439], [9.45693, 53.86465], [9.45378, 53.86405], [9.451, 53.86401], [9.44829, 53.8631], [9.44759, 53.86487]]], [[[9.44966, 53.83429], [9.45193, 53.8331], [9.45413, 53.83256], [9.45443, 53.8319], [9.45127, 53.83141], [9.44922, 53.83039], [9.44691, 53.83028], [9.44474, 53.82962], [9.44233, 53.82742], [9.44201, 53.82554], [9.44164, 53.82533], [9.44178, 53.82721], [9.43996, 53.82912], [9.44096, 53.83049], [9.44105, 53.83202], [9.44476, 53.83265], [9.44856, 53.83494], [9.44966, 53.83429]]], [[[9.38862, 53.97757], [9.38778, 53.97722], [9.3871, 53.9767], [9.38689, 53.97775], [9.38804, 53.97822], [9.38862, 53.97757]]], [[[9.37207, 53.95269], [9.37659, 53.95311], [9.37906, 53.95289], [9.37398, 53.94261], [9.37232, 53.94153], [9.37167, 53.94192], [9.37106, 53.94363], [9.36811, 53.94658], [9.36553, 53.94764], [9.36298, 53.94949], [9.35839, 53.95013], [9.36115, 53.95476], [9.36258, 53.9548], [9.36413, 53.95338], [9.36662, 53.95252], [9.37207, 53.95269]], [[9.36922, 53.94864], [9.36876, 53.94907], [9.36797, 53.94972], [9.36882, 53.94843], [9.36922, 53.94864]]], [[[9.38149, 53.94389], [9.38623, 53.95426], [9.38753, 53.95593], [9.38971, 53.95648], [9.39236, 53.95576], [9.39659, 53.95581], [9.40059, 53.95686], [9.40312, 53.95548], [9.4083, 53.95478], [9.40913, 53.95353], [9.41045, 53.95267], [9.4114, 53.95039], [9.41013, 53.94931], [9.40954, 53.94779], [9.41008, 53.94312], [9.40701, 53.94382], [9.40616, 53.94538], [9.40509, 53.94607], [9.40359, 53.94638], [9.40202, 53.94625], [9.40075, 53.94569], [9.40007, 53.94484], [9.4007, 53.94278], [9.39871, 53.94154], [9.39743, 53.93996], [9.39489, 53.94102], [9.39357, 53.94253], [9.39157, 53.94343], [9.38978, 53.94374], [9.38729, 53.94362], [9.385, 53.9429], [9.3834, 53.94193], [9.38103, 53.94296], [9.38149, 53.94389]], [[9.40841, 53.94586], [9.4082, 53.9458], [9.4081, 53.94558], [9.40875, 53.94571], [9.40841, 53.94586]]], [[[9.35037, 53.95516], [9.35419, 53.95474], [9.35224, 53.95145], [9.34954, 53.95168], [9.34733, 53.95135], [9.3453, 53.95334], [9.34404, 53.9554], [9.34428, 53.9566], [9.35037, 53.95516]]], [[[9.33691, 53.94796], [9.33912, 53.94906], [9.34021, 53.95085], [9.34248, 53.94873], [9.33807, 53.94742], [9.33286, 53.94698], [9.32987, 53.94541], [9.32802, 53.9453], [9.32623, 53.94586], [9.32977, 53.94674], [9.33156, 53.94787], [9.33437, 53.94757], [9.33691, 53.94796]]], [[[9.31604, 53.94983], [9.31787, 53.95014], [9.31843, 53.94993], [9.31854, 53.94864], [9.31735, 53.94712], [9.31716, 53.94579], [9.31603, 53.94545], [9.31128, 53.94727], [9.30927, 53.94906], [9.30691, 53.94974], [9.30491, 53.9548], [9.30349, 53.95666], [9.30149, 53.95793], [9.30085, 53.95928], [9.30408, 53.96079], [9.30563, 53.96223], [9.30853, 53.96196], [9.31029, 53.96103], [9.31099, 53.96012], [9.31031, 53.95783], [9.31089, 53.95606], [9.30964, 53.95503], [9.30901, 53.95371], [9.30949, 53.95203], [9.31126, 53.95068], [9.314, 53.9499], [9.31284, 53.94901], [9.31325, 53.94883], [9.31453, 53.94984], [9.31604, 53.94983]]], [[[9.416, 53.93486], [9.41636, 53.9358], [9.41773, 53.9361], [9.41833, 53.93533], [9.416, 53.93486]]], [[[9.38363, 53.87737], [9.38833, 53.8807], [9.39241, 53.87758], [9.39101, 53.87349], [9.39183, 53.8716], [9.39377, 53.87037], [9.39238, 53.86659], [9.39273, 53.8649], [9.39102, 53.86292], [9.38995, 53.86464], [9.38705, 53.86601], [9.38364, 53.86626], [9.3809, 53.86556], [9.38162, 53.86947], [9.38623, 53.86982], [9.38162, 53.8695], [9.38165, 53.87191], [9.38053, 53.8731], [9.37902, 53.87386], [9.37854, 53.87514], [9.38151, 53.87588], [9.38363, 53.87737]]], [[[9.37824, 53.86315], [9.3784, 53.86321], [9.37837, 53.86309], [9.37824, 53.86315]]], [[[9.38661, 53.84356], [9.38439, 53.84496], [9.38619, 53.846], [9.38889, 53.84445], [9.38712, 53.8432], [9.38661, 53.84356]]], [[[9.37067, 53.84465], [9.3748, 53.84453], [9.38136, 53.84125], [9.37824, 53.83975], [9.37504, 53.83983], [9.37311, 53.83945], [9.3702, 53.84002], [9.3689, 53.84107], [9.36593, 53.8423], [9.35922, 53.84333], [9.3585, 53.84413], [9.35979, 53.84519], [9.36045, 53.84673], [9.36326, 53.84588], [9.37067, 53.84465]]], [[[9.28547, 54.06825], [9.2866, 54.06698], [9.28465, 54.06732], [9.28484, 54.06664], [9.28321, 54.06758], [9.28435, 54.06854], [9.28547, 54.06825]]], [[[9.28724, 54.06666], [9.28873, 54.06619], [9.29071, 54.06621], [9.29243, 54.06478], [9.29088, 54.06277], [9.28943, 54.06441], [9.28761, 54.06533], [9.28724, 54.06666]]], [[[9.29015, 53.89059], [9.28995, 53.8907], [9.29064, 53.89088], [9.29034, 53.89047], [9.29015, 53.89059]]], [[[9.33521, 53.88244], [9.33826, 53.88395], [9.33917, 53.88622], [9.34231, 53.88584], [9.34406, 53.8841], [9.34411, 53.88313], [9.34165, 53.88359], [9.33941, 53.88299], [9.33823, 53.88194], [9.33822, 53.88066], [9.33605, 53.87972], [9.33464, 53.87977], [9.33497, 53.88101], [9.33449, 53.88231], [9.33521, 53.88244]]], [[[9.34621, 53.88096], [9.34621, 53.88101], [9.34628, 53.88097], [9.34621, 53.88096]]], [[[9.34158, 53.86219], [9.34131, 53.8636], [9.34018, 53.86479], [9.34141, 53.86661], [9.34265, 53.8667], [9.34458, 53.86534], [9.34873, 53.86401], [9.34834, 53.86171], [9.35006, 53.85995], [9.34946, 53.85866], [9.34956, 53.85711], [9.3483, 53.85799], [9.34814, 53.85963], [9.34665, 53.86109], [9.34435, 53.86194], [9.34158, 53.86219]]], [[[9.28943, 53.88371], [9.28724, 53.88408], [9.28997, 53.8849], [9.29152, 53.88623], [9.29355, 53.88502], [9.29258, 53.88311], [9.28943, 53.88371]]], [[[9.32333, 53.86983], [9.3219, 53.87016], [9.32445, 53.87292], [9.32713, 53.87227], [9.33046, 53.87226], [9.3321, 53.87134], [9.32957, 53.86847], [9.32911, 53.8671], [9.32709, 53.86837], [9.32333, 53.86983]]], [[[9.32131, 53.96845], [9.31964, 53.96801], [9.32056, 53.96944], [9.32108, 53.96948], [9.32057, 53.96953], [9.32043, 53.97082], [9.3193, 53.97215], [9.32107, 53.97264], [9.32514, 53.97216], [9.32467, 53.97021], [9.32629, 53.96819], [9.32131, 53.96845]], [[9.32369, 53.96966], [9.32336, 53.96972], [9.32135, 53.96937], [9.32298, 53.9692], [9.32369, 53.96966]]], [[[9.33134, 53.95429], [9.32921, 53.95325], [9.32732, 53.95373], [9.32891, 53.95588], [9.33209, 53.95561], [9.33284, 53.95459], [9.33134, 53.95429]]], [[[9.33572, 53.89783], [9.33635, 53.89699], [9.33422, 53.89864], [9.33514, 53.89912], [9.33572, 53.89783]]], [[[9.31236, 53.91856], [9.31232, 53.91877], [9.31272, 53.91875], [9.31257, 53.91868], [9.31236, 53.91856]]], [[[9.331, 53.90827], [9.33085, 53.90908], [9.33219, 53.90878], [9.33245, 53.90765], [9.33089, 53.90764], [9.331, 53.90827]]], [[[9.3256, 53.90373], [9.32496, 53.90397], [9.32441, 53.90413], [9.32561, 53.90444], [9.3256, 53.90373]]], [[[9.35401, 54.05476], [9.35279, 54.05673], [9.35125, 54.05792], [9.35336, 54.05902], [9.35426, 54.05863], [9.35536, 54.05731], [9.35386, 54.05694], [9.35435, 54.05619], [9.35475, 54.05627], [9.35493, 54.05423], [9.35414, 54.05407], [9.35401, 54.05476]]], [[[9.37493, 53.99152], [9.37527, 53.99155], [9.37601, 53.99157], [9.37543, 53.99117], [9.37493, 53.99152]]], [[[9.35645, 53.94044], [9.35701, 53.94146], [9.3579, 53.9411], [9.35847, 53.9396], [9.36146, 53.93618], [9.35948, 53.93622], [9.35657, 53.93725], [9.35695, 53.93867], [9.35645, 53.94044]]], [[[9.35795, 53.91791], [9.356, 53.91653], [9.35545, 53.91496], [9.35307, 53.91511], [9.34969, 53.91642], [9.35104, 53.91828], [9.35065, 53.91998], [9.35288, 53.91878], [9.35517, 53.91833], [9.35763, 53.91846], [9.36026, 53.91934], [9.36031, 53.91886], [9.35795, 53.91791]]], [[[9.36197, 53.89217], [9.36317, 53.89187], [9.36548, 53.89039], [9.36974, 53.88931], [9.37035, 53.88763], [9.37242, 53.88621], [9.3751, 53.88559], [9.37892, 53.88571], [9.37927, 53.88537], [9.37612, 53.88358], [9.37392, 53.88143], [9.36953, 53.88375], [9.36719, 53.88373], [9.36543, 53.88291], [9.36413, 53.88359], [9.36519, 53.88487], [9.36531, 53.88624], [9.36453, 53.88753], [9.36276, 53.88866], [9.35952, 53.88934], [9.35572, 53.88867], [9.35529, 53.88896], [9.35852, 53.89087], [9.36197, 53.89217]]], [[[9.35235, 53.89997], [9.35082, 53.90129], [9.35296, 53.9012], [9.35586, 53.90163], [9.35639, 53.90002], [9.3552, 53.89845], [9.35235, 53.89997]]], [[[9.36518, 53.87518], [9.36405, 53.87426], [9.3623, 53.87526], [9.36007, 53.87576], [9.36029, 53.87616], [9.36518, 53.87518]]], [[[9.40317, 54.01306], [9.40334, 54.01303], [9.40334, 54.01301], [9.40314, 54.01304], [9.40317, 54.01306]]], [[[9.40854, 54.01514], [9.40799, 54.0156], [9.40955, 54.01569], [9.40881, 54.01506], [9.40854, 54.01514]]], [[[9.39714, 54.00954], [9.39748, 54.00916], [9.39617, 54.00854], [9.39567, 54.0092], [9.39714, 54.00954]]], [[[9.39712, 54.0096], [9.39692, 54.00985], [9.39771, 54.00975], [9.39712, 54.0096]]], [[[9.40177, 54.00039], [9.40146, 54.00093], [9.39908, 54.00116], [9.39479, 54.00213], [9.39605, 54.00089], [9.39617, 53.9998], [9.39311, 54.00147], [9.39462, 54.00234], [9.40158, 54.00101], [9.40211, 54.00008], [9.40177, 54.00039]]], [[[9.40936, 53.99797], [9.40951, 53.99797], [9.40967, 53.99761], [9.40914, 53.99797], [9.40936, 53.99797]]], [[[9.41, 53.99737], [9.40977, 53.99798], [9.41035, 53.99805], [9.41265, 53.99636], [9.41574, 53.99578], [9.41343, 53.99432], [9.41285, 53.99323], [9.41373, 53.99137], [9.41513, 53.99011], [9.41939, 53.98827], [9.42766, 53.98679], [9.42792, 53.98539], [9.42881, 53.98437], [9.42694, 53.98366], [9.42335, 53.98407], [9.42383, 53.98503], [9.42349, 53.98608], [9.42233, 53.98691], [9.42065, 53.98732], [9.41882, 53.98722], [9.41751, 53.98675], [9.41658, 53.98596], [9.41633, 53.98488], [9.40978, 53.98565], [9.40921, 53.98856], [9.4078, 53.98959], [9.40157, 53.99007], [9.39823, 53.98975], [9.39887, 53.9911], [9.39867, 53.9927], [9.40074, 53.9917], [9.40357, 53.99134], [9.40711, 53.99176], [9.40951, 53.99272], [9.41103, 53.9949], [9.41, 53.99737]], [[9.40569, 53.99071], [9.40583, 53.99], [9.40714, 53.98985], [9.40569, 53.99071]]], [[[9.41108, 54.00494], [9.40925, 54.00509], [9.40722, 54.00462], [9.40762, 54.00521], [9.40687, 54.00655], [9.40754, 54.00655], [9.40692, 54.00841], [9.40789, 54.00835], [9.40799, 54.0091], [9.41063, 54.01], [9.4118, 54.00977], [9.4133, 54.01004], [9.41352, 54.0097], [9.41632, 54.00959], [9.41591, 54.0105], [9.41882, 54.00956], [9.41848, 54.00931], [9.42119, 54.00934], [9.42299, 54.00983], [9.42423, 54.01103], [9.42643, 54.01104], [9.42838, 54.00939], [9.42413, 54.00931], [9.42429, 54.0087], [9.42547, 54.00882], [9.42548, 54.0084], [9.42629, 54.0089], [9.42848, 54.00919], [9.42767, 54.00803], [9.42755, 54.00671], [9.42525, 54.00616], [9.4234, 54.00509], [9.42136, 54.00675], [9.41754, 54.00746], [9.41364, 54.00675], [9.41108, 54.00494]], [[9.41315, 54.00884], [9.4159, 54.00761], [9.41732, 54.00842], [9.41587, 54.00906], [9.415, 54.00856], [9.41332, 54.00916], [9.41315, 54.00884]]], [[[9.40288, 54.00654], [9.40301, 54.00644], [9.40212, 54.00641], [9.40269, 54.00668], [9.40288, 54.00654]]], [[[9.39723, 53.99561], [9.39737, 53.99458], [9.39514, 53.99558], [9.39631, 53.99556], [9.39723, 53.99561]]], [[[9.39624, 53.98346], [9.39541, 53.98364], [9.39794, 53.98579], [9.40319, 53.98611], [9.40339, 53.98362], [9.40511, 53.98234], [9.42538, 53.97991], [9.4258, 53.97935], [9.42362, 53.97837], [9.42108, 53.97622], [9.41958, 53.9721], [9.41869, 53.97319], [9.4168, 53.97424], [9.41346, 53.97475], [9.41387, 53.97495], [9.40918, 53.97655], [9.40933, 53.97693], [9.40646, 53.97733], [9.40294, 53.97376], [9.40142, 53.97648], [9.40343, 53.97757], [9.40318, 53.97795], [9.40507, 53.98125], [9.39964, 53.98066], [9.39939, 53.98132], [9.40155, 53.98111], [9.40121, 53.98188], [9.39901, 53.98188], [9.39624, 53.98346]], [[9.41931, 53.97815], [9.41964, 53.9781], [9.41972, 53.97833], [9.41938, 53.97837], [9.41931, 53.97815]], [[9.42132, 53.9797], [9.42069, 53.97991], [9.42055, 53.97953], [9.42172, 53.97939], [9.42132, 53.9797]]], [[[9.42987, 54.016], [9.43108, 54.01569], [9.42798, 54.01488], [9.42217, 54.01495], [9.4254, 54.01607], [9.42644, 54.01736], [9.42987, 54.016]]], [[[9.41431, 53.85016], [9.41428, 53.85152], [9.41336, 53.85333], [9.41492, 53.85433], [9.41569, 53.85357], [9.41608, 53.85148], [9.4173, 53.85032], [9.41971, 53.8494], [9.42303, 53.84929], [9.4193, 53.84854], [9.41778, 53.84915], [9.41417, 53.84981], [9.41431, 53.85016]]], [[[9.42175, 53.82075], [9.42136, 53.82241], [9.41997, 53.82374], [9.4206, 53.82434], [9.42469, 53.82191], [9.42484, 53.82], [9.42652, 53.81827], [9.43034, 53.81616], [9.42844, 53.8159], [9.42653, 53.81701], [9.42146, 53.81847], [9.42092, 53.81912], [9.42175, 53.82075]]], [[[9.40617, 53.81563], [9.40538, 53.81586], [9.40451, 53.81687], [9.40731, 53.81856], [9.41132, 53.81465], [9.40872, 53.81398], [9.40617, 53.81563]]], [[[9.43794, 53.80453], [9.438, 53.80451], [9.43815, 53.80449], [9.43808, 53.80446], [9.43794, 53.80453]]], [[[9.47236, 53.89413], [9.47231, 53.89529], [9.47473, 53.89601], [9.47371, 53.89429], [9.47236, 53.89413]]], [[[9.47106, 53.87232], [9.47062, 53.87316], [9.47236, 53.87217], [9.47531, 53.87144], [9.47526, 53.87057], [9.47195, 53.87086], [9.47106, 53.87232]]], [[[9.46392, 53.88673], [9.46353, 53.88907], [9.46733, 53.88926], [9.46778, 53.88834], [9.46718, 53.88553], [9.46749, 53.88397], [9.46449, 53.88026], [9.46228, 53.88239], [9.46316, 53.88367], [9.46392, 53.88673]]], [[[9.48199, 53.94762], [9.48092, 53.94853], [9.48251, 53.94898], [9.48221, 53.94762], [9.48199, 53.94762]]], [[[9.47459, 53.949], [9.47455, 53.94903], [9.47461, 53.94901], [9.47459, 53.949]]], [[[9.44883, 53.85118], [9.44919, 53.85128], [9.44936, 53.85087], [9.44838, 53.84994], [9.44808, 53.85104], [9.44883, 53.85118]]], [[[9.17486, 53.97117], [9.17762, 53.96972], [9.17872, 53.96938], [9.17697, 53.96956], [9.17479, 53.97053], [9.17252, 53.97101], [9.17045, 53.97225], [9.17486, 53.97117]]], [[[9.16976, 53.98906], [9.16947, 53.98895], [9.16947, 53.98897], [9.16976, 53.98906]]], [[[9.16534, 53.99358], [9.16514, 53.99381], [9.16601, 53.99254], [9.16534, 53.99358]]], [[[9.16222, 54.00202], [9.16272, 54.00249], [9.16236, 54.00146], [9.16223, 54.00167], [9.16222, 54.00202]]], [[[9.16954, 53.99558], [9.16879, 53.99538], [9.16948, 53.99575], [9.16926, 53.99623], [9.16968, 53.99569], [9.16954, 53.99558]]], [[[9.36005, 53.96622], [9.36072, 53.96606], [9.36125, 53.96593], [9.36003, 53.96623], [9.36005, 53.96622]]], [[[9.42658, 54.03038], [9.4267, 54.03039], [9.42671, 54.03035], [9.42658, 54.03038]]], [[[9.4277, 54.02996], [9.42758, 54.03002], [9.42726, 54.03017], [9.42779, 54.03003], [9.4277, 54.02996]]], [[[9.40547, 54.0025], [9.40552, 54.00183], [9.40403, 54.0021], [9.40557, 54.00305], [9.40547, 54.0025]]]]}, "properties": {"kind": "windland", "area_km2": 181.89}}, {"type": "Feature", "geometry": {"type": "MultiPolygon", "coordinates": [[[[9.13811, 53.90293], [9.1381, 53.90292], [9.1381, 53.90293], [9.13811, 53.90293]]], [[[9.13866, 53.90385], [9.13864, 53.9041], [9.13891, 53.90379], [9.13868, 53.90354], [9.13866, 53.90385]]], [[[9.13824, 53.90511], [9.13994, 53.9062], [9.14031, 53.90606], [9.14052, 53.90578], [9.14036, 53.90551], [9.13853, 53.90425], [9.1381, 53.9044], [9.13824, 53.90511]]], [[[9.14422, 53.90802], [9.14324, 53.90829], [9.14209, 53.90731], [9.14157, 53.90756], [9.14344, 53.90951], [9.14503, 53.90989], [9.14566, 53.90901], [9.14422, 53.90802]]], [[[9.14769, 53.90994], [9.14704, 53.91055], [9.14696, 53.91188], [9.14588, 53.91379], [9.14607, 53.91454], [9.14679, 53.91517], [9.1489, 53.91506], [9.14943, 53.91525], [9.14963, 53.91556], [9.15195, 53.91576], [9.15292, 53.91611], [9.15377, 53.91602], [9.1603, 53.91724], [9.1613, 53.91585], [9.16084, 53.91596], [9.16016, 53.91653], [9.15937, 53.91658], [9.15824, 53.91605], [9.15818, 53.91568], [9.15847, 53.91537], [9.15545, 53.91481], [9.15603, 53.914], [9.1544, 53.91334], [9.15468, 53.91312], [9.15302, 53.9124], [9.15374, 53.91174], [9.15366, 53.91116], [9.1489, 53.909], [9.14769, 53.90994]]], [[[9.14361, 53.91132], [9.14284, 53.91118], [9.14192, 53.91288], [9.1427, 53.913], [9.14394, 53.9114], [9.14361, 53.91132]]], [[[9.14505, 53.91443], [9.14508, 53.91341], [9.14606, 53.91177], [9.14615, 53.91044], [9.1442, 53.91387], [9.14393, 53.91381], [9.14351, 53.91454], [9.14536, 53.91491], [9.14505, 53.91443]]], [[[9.14003, 53.91586], [9.13985, 53.91591], [9.13974, 53.91596], [9.14003, 53.91589], [9.14021, 53.91581], [9.14003, 53.91586]]], [[[9.139, 53.91616], [9.13814, 53.91595], [9.13814, 53.91713], [9.13839, 53.91684], [9.139, 53.91616]]], [[[9.14209, 53.91748], [9.14142, 53.91707], [9.14164, 53.91645], [9.14105, 53.91634], [9.13993, 53.91673], [9.13965, 53.91702], [9.13927, 53.91749], [9.13989, 53.9176], [9.13934, 53.9181], [9.14165, 53.91856], [9.1424, 53.91753], [9.14209, 53.91748]]], [[[9.14746, 53.91781], [9.14748, 53.91693], [9.14692, 53.91619], [9.1461, 53.91633], [9.14562, 53.9169], [9.14457, 53.91705], [9.14406, 53.91756], [9.14327, 53.91769], [9.14298, 53.91821], [9.14391, 53.91844], [9.14411, 53.91894], [9.14753, 53.91893], [9.14746, 53.91781]]], [[[9.15316, 53.91728], [9.15247, 53.91697], [9.15191, 53.91704], [9.15044, 53.91679], [9.14901, 53.91632], [9.14816, 53.91638], [9.14846, 53.91893], [9.15628, 53.91892], [9.15508, 53.91809], [9.15446, 53.91813], [9.15395, 53.91794], [9.15354, 53.91737], [9.15316, 53.91728]]], [[[9.16443, 53.90126], [9.16491, 53.90161], [9.16564, 53.90213], [9.1654, 53.9013], [9.16402, 53.90094], [9.16443, 53.90126]]], [[[9.16827, 53.90293], [9.16838, 53.90188], [9.16645, 53.90176], [9.16698, 53.90264], [9.16823, 53.90346], [9.16827, 53.90293]]], [[[9.16529, 53.90287], [9.16542, 53.90295], [9.16543, 53.90294], [9.16529, 53.90287]]], [[[9.1557, 53.90314], [9.15668, 53.90327], [9.15714, 53.9042], [9.16145, 53.90647], [9.16263, 53.90553], [9.16441, 53.90665], [9.1648, 53.9064], [9.16125, 53.90459], [9.16052, 53.90474], [9.15984, 53.90457], [9.15926, 53.90402], [9.15807, 53.90353], [9.15812, 53.90293], [9.15635, 53.90199], [9.15586, 53.90219], [9.15585, 53.90257], [9.15526, 53.90307], [9.1557, 53.90314]]], [[[9.15636, 53.90451], [9.15592, 53.90427], [9.15584, 53.90427], [9.15629, 53.9045], [9.15636, 53.90451]]], [[[9.15894, 53.90589], [9.1587, 53.90576], [9.1571, 53.90491], [9.15951, 53.90622], [9.15894, 53.90589]]], [[[9.16354, 53.90757], [9.16349, 53.9075], [9.16346, 53.9074], [9.16335, 53.90747], [9.16354, 53.90757]]], [[[9.16683, 53.91376], [9.16544, 53.91395], [9.16293, 53.91515], [9.16077, 53.91795], [9.16133, 53.91837], [9.16118, 53.91892], [9.16274, 53.91891], [9.16307, 53.91848], [9.16373, 53.91833], [9.16443, 53.91849], [9.16482, 53.91891], [9.1686, 53.91891], [9.16858, 53.9141], [9.16683, 53.91376]]], [[[9.15599, 53.91687], [9.15692, 53.91731], [9.15823, 53.91834], [9.15925, 53.9184], [9.15998, 53.91767], [9.15599, 53.91687]]]]}, "properties": {"kind": "pv", "area_km2": 0.96, "mw": 47.9}}, {"type": "Feature", "geometry": {"type": "Point", "coordinates": [9.14859, 53.92659]}, "properties": {"kind": "turbine", "i": 0, "mw": 6.0, "hub_m": 120.0, "rotor_m": 150.0}}, {"type": "Feature", "geometry": {"type": "Point", "coordinates": [9.16529, 53.92985]}, "properties": {"kind": "turbine", "i": 1, "mw": 6.0, "hub_m": 120.0, "rotor_m": 150.0}}, {"type": "Feature", "geometry": {"type": "Point", "coordinates": [9.11522, 53.92335]}, "properties": {"kind": "turbine", "i": 2, "mw": 6.0, "hub_m": 120.0, "rotor_m": 150.0}}, {"type": "Feature", "geometry": {"type": "Point", "coordinates": [9.13751, 53.93645]}, "properties": {"kind": "turbine", "i": 3, "mw": 6.0, "hub_m": 120.0, "rotor_m": 150.0}}, {"type": "Feature", "geometry": {"type": "Point", "coordinates": [9.15977, 53.93971]}, "properties": {"kind": "turbine", "i": 4, "mw": 6.0, "hub_m": 120.0, "rotor_m": 150.0}}, {"type": "Feature", "geometry": {"type": "Point", "coordinates": [9.10408, 53.91351]}, "properties": {"kind": "turbine", "i": 5, "mw": 6.0, "hub_m": 120.0, "rotor_m": 150.0}}, {"type": "Feature", "geometry": {"type": "Point", "coordinates": [9.19314, 53.93966]}, "properties": {"kind": "turbine", "i": 6, "mw": 6.0, "hub_m": 120.0, "rotor_m": 150.0}}, {"type": "Feature", "geometry": {"type": "Point", "coordinates": [9.22637, 53.91334]}, "properties": {"kind": "turbine", "i": 7, "mw": 6.0, "hub_m": 120.0, "rotor_m": 150.0}}, {"type": "Feature", "geometry": {"type": "Point", "coordinates": [9.09856, 53.92993]}, "properties": {"kind": "turbine", "i": 8, "mw": 6.0, "hub_m": 120.0, "rotor_m": 150.0}}, {"type": "Feature", "geometry": {"type": "Point", "coordinates": [9.18206, 53.94952]}, "properties": {"kind": "turbine", "i": 9, "mw": 6.0, "hub_m": 120.0, "rotor_m": 150.0}}, {"type": "Feature", "geometry": {"type": "Point", "coordinates": [9.08739, 53.91024]}, "properties": {"kind": "turbine", "i": 10, "mw": 6.0, "hub_m": 120.0, "rotor_m": 150.0}}, {"type": "Feature", "geometry": {"type": "Point", "coordinates": [9.22645, 53.92647]}, "properties": {"kind": "turbine", "i": 11, "mw": 6.0, "hub_m": 120.0, "rotor_m": 150.0}}, {"type": "Feature", "geometry": {"type": "Point", "coordinates": [9.12085, 53.94632]}, "properties": {"kind": "turbine", "i": 12, "mw": 6.0, "hub_m": 120.0, "rotor_m": 150.0}}, {"type": "Feature", "geometry": {"type": "Point", "coordinates": [9.08181, 53.89712]}, "properties": {"kind": "turbine", "i": 13, "mw": 6.0, "hub_m": 120.0, "rotor_m": 150.0}}, {"type": "Feature", "geometry": {"type": "Point", "coordinates": [9.14313, 53.95614]}, "properties": {"kind": "turbine", "i": 14, "mw": 6.0, "hub_m": 120.0, "rotor_m": 150.0}}, {"type": "Feature", "geometry": {"type": "Point", "coordinates": [9.24297, 53.90018]}, "properties": {"kind": "turbine", "i": 15, "mw": 6.0, "hub_m": 120.0, "rotor_m": 150.0}}, {"type": "Feature", "geometry": {"type": "Point", "coordinates": [9.07629, 53.9201]}, "properties": {"kind": "turbine", "i": 16, "mw": 6.0, "hub_m": 120.0, "rotor_m": 150.0}}, {"type": "Feature", "geometry": {"type": "Point", "coordinates": [9.16501, 53.85765]}, "properties": {"kind": "turbine", "i": 17, "mw": 6.0, "hub_m": 120.0, "rotor_m": 150.0}}, {"type": "Feature", "geometry": {"type": "Point", "coordinates": [9.12615, 53.86098]}, "properties": {"kind": "turbine", "i": 18, "mw": 6.0, "hub_m": 120.0, "rotor_m": 150.0}}, {"type": "Feature", "geometry": {"type": "Point", "coordinates": [9.24861, 53.9133]}, "properties": {"kind": "turbine", "i": 19, "mw": 6.0, "hub_m": 120.0, "rotor_m": 150.0}}, {"type": "Feature", "geometry": {"type": "Point", "coordinates": [9.22101, 53.94946]}, "properties": {"kind": "turbine", "i": 20, "mw": 6.0, "hub_m": 120.0, "rotor_m": 150.0}}, {"type": "Feature", "geometry": {"type": "Point", "coordinates": [9.0986, 53.94962]}, "properties": {"kind": "turbine", "i": 21, "mw": 6.0, "hub_m": 120.0, "rotor_m": 150.0}}, {"type": "Feature", "geometry": {"type": "Point", "coordinates": [9.18721, 53.85762]}, "properties": {"kind": "turbine", "i": 22, "mw": 6.0, "hub_m": 120.0, "rotor_m": 150.0}}, {"type": "Feature", "geometry": {"type": "Point", "coordinates": [9.20436, 53.95933]}, "properties": {"kind": "turbine", "i": 23, "mw": 6.0, "hub_m": 120.0, "rotor_m": 150.0}}, {"type": "Feature", "geometry": {"type": "Point", "coordinates": [9.2432, 53.93957]}, "properties": {"kind": "turbine", "i": 24, "mw": 6.0, "hub_m": 120.0, "rotor_m": 150.0}}, {"type": "Feature", "geometry": {"type": "Point", "coordinates": [9.06519, 53.92995]}, "properties": {"kind": "turbine", "i": 25, "mw": 6.0, "hub_m": 120.0, "rotor_m": 150.0}}, {"type": "Feature", "geometry": {"type": "Point", "coordinates": [9.10949, 53.85771]}, "properties": {"kind": "turbine", "i": 26, "mw": 6.0, "hub_m": 120.0, "rotor_m": 150.0}}, {"type": "Feature", "geometry": {"type": "Point", "coordinates": [9.16545, 53.96924]}, "properties": {"kind": "turbine", "i": 27, "mw": 6.0, "hub_m": 120.0, "rotor_m": 150.0}}, {"type": "Feature", "geometry": {"type": "Point", "coordinates": [9.21497, 53.85757]}, "properties": {"kind": "turbine", "i": 28, "mw": 6.0, "hub_m": 120.0, "rotor_m": 150.0}}, {"type": "Feature", "geometry": {"type": "Point", "coordinates": [9.12612, 53.85113]}, "properties": {"kind": "turbine", "i": 29, "mw": 6.0, "hub_m": 120.0, "rotor_m": 150.0}}, {"type": "Feature", "geometry": {"type": "Point", "coordinates": [9.18162, 53.84778]}, "properties": {"kind": "turbine", "i": 30, "mw": 6.0, "hub_m": 120.0, "rotor_m": 150.0}}, {"type": "Feature", "geometry": {"type": "Point", "coordinates": [9.16495, 53.84452]}, "properties": {"kind": "turbine", "i": 31, "mw": 6.0, "hub_m": 120.0, "rotor_m": 150.0}}, {"type": "Feature", "geometry": {"type": "Point", "coordinates": [9.14275, 53.84455]}, "properties": {"kind": "turbine", "i": 32, "mw": 6.0, "hub_m": 120.0, "rotor_m": 150.0}}, {"type": "Feature", "geometry": {"type": "Point", "coordinates": [9.04848, 53.91027]}, "properties": {"kind": "turbine", "i": 33, "mw": 6.0, "hub_m": 120.0, "rotor_m": 150.0}}, {"type": "Feature", "geometry": {"type": "Point", "coordinates": [9.08749, 53.95947]}, "properties": {"kind": "turbine", "i": 34, "mw": 6.0, "hub_m": 120.0, "rotor_m": 150.0}}, {"type": "Feature", "geometry": {"type": "Point", "coordinates": [9.20382, 53.84774]}, "properties": {"kind": "turbine", "i": 35, "mw": 6.0, "hub_m": 120.0, "rotor_m": 150.0}}, {"type": "Feature", "geometry": {"type": "Point", "coordinates": [9.27093, 53.92638]}, "properties": {"kind": "turbine", "i": 36, "mw": 6.0, "hub_m": 120.0, "rotor_m": 150.0}}, {"type": "Feature", "geometry": {"type": "Point", "coordinates": [9.23775, 53.95927]}, "properties": {"kind": "turbine", "i": 37, "mw": 6.0, "hub_m": 120.0, "rotor_m": 150.0}}, {"type": "Feature", "geometry": {"type": "Point", "coordinates": [9.10946, 53.84787]}, "properties": {"kind": "turbine", "i": 38, "mw": 6.0, "hub_m": 120.0, "rotor_m": 150.0}}, {"type": "Feature", "geometry": {"type": "Point", "coordinates": [9.05408, 53.9398]}, "properties": {"kind": "turbine", "i": 39, "mw": 6.0, "hub_m": 120.0, "rotor_m": 150.0}}, {"type": "Feature", "geometry": {"type": "Point", "coordinates": [9.16548, 53.97908]}, "properties": {"kind": "turbine", "i": 40, "mw": 6.0, "hub_m": 120.0, "rotor_m": 150.0}}, {"type": "Feature", "geometry": {"type": "Point", "coordinates": [9.13765, 53.97912]}, "properties": {"kind": "turbine", "i": 41, "mw": 6.0, "hub_m": 120.0, "rotor_m": 150.0}}, {"type": "Feature", "geometry": {"type": "Point", "coordinates": [9.24273, 53.85752]}, "properties": {"kind": "turbine", "i": 42, "mw": 6.0, "hub_m": 120.0, "rotor_m": 150.0}}, {"type": "Feature", "geometry": {"type": "Point", "coordinates": [9.08172, 53.85445]}, "properties": {"kind": "turbine", "i": 43, "mw": 6.0, "hub_m": 120.0, "rotor_m": 150.0}}, {"type": "Feature", "geometry": {"type": "Point", "coordinates": [9.2655, 53.94608]}, "properties": {"kind": "turbine", "i": 44, "mw": 6.0, "hub_m": 120.0, "rotor_m": 150.0}}, {"type": "Feature", "geometry": {"type": "Point", "coordinates": [9.18157, 53.83793]}, "properties": {"kind": "turbine", "i": 45, "mw": 6.0, "hub_m": 120.0, "rotor_m": 150.0}}, {"type": "Feature", "geometry": {"type": "Point", "coordinates": [9.21001, 53.97573]}, "properties": {"kind": "turbine", "i": 46, "mw": 6.0, "hub_m": 120.0, "rotor_m": 150.0}}, {"type": "Feature", "geometry": {"type": "Point", "coordinates": [9.12608, 53.83801]}, "properties": {"kind": "turbine", "i": 47, "mw": 6.0, "hub_m": 120.0, "rotor_m": 150.0}}, {"type": "Feature", "geometry": {"type": "Point", "coordinates": [9.22045, 53.84443]}, "properties": {"kind": "turbine", "i": 48, "mw": 6.0, "hub_m": 120.0, "rotor_m": 150.0}}, {"type": "Feature", "geometry": {"type": "Point", "coordinates": [9.22669, 53.97242]}, "properties": {"kind": "turbine", "i": 49, "mw": 6.0, "hub_m": 120.0, "rotor_m": 150.0}}, {"type": "Feature", "geometry": {"type": "Point", "coordinates": [9.16491, 53.83468]}, "properties": {"kind": "turbine", "i": 50, "mw": 6.0, "hub_m": 120.0, "rotor_m": 150.0}}, {"type": "Feature", "geometry": {"type": "Point", "coordinates": [9.14272, 53.83471]}, "properties": {"kind": "turbine", "i": 51, "mw": 6.0, "hub_m": 120.0, "rotor_m": 150.0}}, {"type": "Feature", "geometry": {"type": "Point", "coordinates": [9.19334, 53.98232]}, "properties": {"kind": "turbine", "i": 52, "mw": 6.0, "hub_m": 120.0, "rotor_m": 150.0}}, {"type": "Feature", "geometry": {"type": "Point", "coordinates": [9.03181, 53.91684]}, "properties": {"kind": "turbine", "i": 53, "mw": 6.0, "hub_m": 120.0, "rotor_m": 150.0}}, {"type": "Feature", "geometry": {"type": "Point", "coordinates": [9.20377, 53.8379]}, "properties": {"kind": "turbine", "i": 54, "mw": 6.0, "hub_m": 120.0, "rotor_m": 150.0}}, {"type": "Feature", "geometry": {"type": "Point", "coordinates": [9.23712, 53.84768]}, "properties": {"kind": "turbine", "i": 55, "mw": 6.0, "hub_m": 120.0, "rotor_m": 150.0}}, {"type": "Feature", "geometry": {"type": "Point", "coordinates": [9.10389, 53.83803]}, "properties": {"kind": "turbine", "i": 56, "mw": 6.0, "hub_m": 120.0, "rotor_m": 150.0}}, {"type": "Feature", "geometry": {"type": "Point", "coordinates": [9.29313, 53.91976]}, "properties": {"kind": "turbine", "i": 57, "mw": 6.0, "hub_m": 120.0, "rotor_m": 150.0}}, {"type": "Feature", "geometry": {"type": "Point", "coordinates": [9.26003, 53.96251]}, "properties": {"kind": "turbine", "i": 58, "mw": 6.0, "hub_m": 120.0, "rotor_m": 150.0}}, {"type": "Feature", "geometry": {"type": "Point", "coordinates": [9.08171, 53.84461]}, "properties": {"kind": "turbine", "i": 59, "mw": 6.0, "hub_m": 120.0, "rotor_m": 150.0}}, {"type": "Feature", "geometry": {"type": "Point", "coordinates": [9.02626, 53.92668]}, "properties": {"kind": "turbine", "i": 60, "mw": 6.0, "hub_m": 120.0, "rotor_m": 150.0}}, {"type": "Feature", "geometry": {"type": "Point", "coordinates": [9.29862, 53.9099]}, "properties": {"kind": "turbine", "i": 61, "mw": 6.0, "hub_m": 120.0, "rotor_m": 150.0}}, {"type": "Feature", "geometry": {"type": "Point", "coordinates": [9.03183, 53.94309]}, "properties": {"kind": "turbine", "i": 62, "mw": 6.0, "hub_m": 120.0, "rotor_m": 150.0}}, {"type": "Feature", "geometry": {"type": "Point", "coordinates": [9.26491, 53.85419]}, "properties": {"kind": "turbine", "i": 63, "mw": 6.0, "hub_m": 120.0, "rotor_m": 150.0}}, {"type": "Feature", "geometry": {"type": "Point", "coordinates": [9.19263, 53.82807]}, "properties": {"kind": "turbine", "i": 64, "mw": 6.0, "hub_m": 120.0, "rotor_m": 150.0}}, {"type": "Feature", "geometry": {"type": "Point", "coordinates": [9.28223, 53.95261]}, "properties": {"kind": "turbine", "i": 65, "mw": 6.0, "hub_m": 120.0, "rotor_m": 150.0}}, {"type": "Feature", "geometry": {"type": "Point", "coordinates": [9.25453, 53.97236]}, "properties": {"kind": "turbine", "i": 66, "mw": 6.0, "hub_m": 120.0, "rotor_m": 150.0}}, {"type": "Feature", "geometry": {"type": "Point", "coordinates": [9.0374, 53.95294]}, "properties": {"kind": "turbine", "i": 67, "mw": 6.0, "hub_m": 120.0, "rotor_m": 150.0}}, {"type": "Feature", "geometry": {"type": "Point", "coordinates": [9.14823, 53.82485]}, "properties": {"kind": "turbine", "i": 68, "mw": 6.0, "hub_m": 120.0, "rotor_m": 150.0}}, {"type": "Feature", "geometry": {"type": "Point", "coordinates": [9.17597, 53.82481]}, "properties": {"kind": "turbine", "i": 69, "mw": 6.0, "hub_m": 120.0, "rotor_m": 150.0}}, {"type": "Feature", "geometry": {"type": "Point", "coordinates": [9.2315, 53.83457]}, "properties": {"kind": "turbine", "i": 70, "mw": 6.0, "hub_m": 120.0, "rotor_m": 150.0}}, {"type": "Feature", "geometry": {"type": "Point", "coordinates": [9.15998, 53.9955]}, "properties": {"kind": "turbine", "i": 71, "mw": 6.0, "hub_m": 120.0, "rotor_m": 150.0}}, {"type": "Feature", "geometry": {"type": "Point", "coordinates": [9.30408, 53.89676]}, "properties": {"kind": "turbine", "i": 72, "mw": 6.0, "hub_m": 120.0, "rotor_m": 150.0}}, {"type": "Feature", "geometry": {"type": "Point", "coordinates": [9.20452, 53.99215]}, "properties": {"kind": "turbine", "i": 73, "mw": 6.0, "hub_m": 120.0, "rotor_m": 150.0}}, {"type": "Feature", "geometry": {"type": "Point", "coordinates": [9.08169, 53.83476]}, "properties": {"kind": "turbine", "i": 74, "mw": 6.0, "hub_m": 120.0, "rotor_m": 150.0}}, {"type": "Feature", "geometry": {"type": "Point", "coordinates": [9.25373, 53.84109]}, "properties": {"kind": "turbine", "i": 75, "mw": 6.0, "hub_m": 120.0, "rotor_m": 150.0}}, {"type": "Feature", "geometry": {"type": "Point", "coordinates": [9.07641, 53.98245]}, "properties": {"kind": "turbine", "i": 76, "mw": 6.0, "hub_m": 120.0, "rotor_m": 150.0}}, {"type": "Feature", "geometry": {"type": "Point", "coordinates": [9.30986, 53.92629]}, "properties": {"kind": "turbine", "i": 77, "mw": 6.0, "hub_m": 120.0, "rotor_m": 150.0}}, {"type": "Feature", "geometry": {"type": "Point", "coordinates": [9.10386, 53.8249]}, "properties": {"kind": "turbine", "i": 78, "mw": 6.0, "hub_m": 120.0, "rotor_m": 150.0}}, {"type": "Feature", "geometry": {"type": "Point", "coordinates": [9.27677, 53.96903]}, "properties": {"kind": "turbine", "i": 79, "mw": 6.0, "hub_m": 120.0, "rotor_m": 150.0}}, {"type": "Feature", "geometry": {"type": "Point", "coordinates": [9.2704, 53.84433]}, "properties": {"kind": "turbine", "i": 80, "mw": 6.0, "hub_m": 120.0, "rotor_m": 150.0}}, {"type": "Feature", "geometry": {"type": "Point", "coordinates": [9.00401, 53.92012]}, "properties": {"kind": "turbine", "i": 81, "mw": 6.0, "hub_m": 120.0, "rotor_m": 150.0}}, {"type": "Feature", "geometry": {"type": "Point", "coordinates": [9.0595, 53.83806]}, "properties": {"kind": "turbine", "i": 82, "mw": 6.0, "hub_m": 120.0, "rotor_m": 150.0}}, {"type": "Feature", "geometry": {"type": "Point", "coordinates": [9.12048, 53.81832]}, "properties": {"kind": "turbine", "i": 83, "mw": 6.0, "hub_m": 120.0, "rotor_m": 150.0}}, {"type": "Feature", "geometry": {"type": "Point", "coordinates": [9.18786, 54.00202]}, "properties": {"kind": "turbine", "i": 84, "mw": 6.0, "hub_m": 120.0, "rotor_m": 150.0}}, {"type": "Feature", "geometry": {"type": "Point", "coordinates": [9.15929, 53.81499]}, "properties": {"kind": "turbine", "i": 85, "mw": 6.0, "hub_m": 120.0, "rotor_m": 150.0}}, {"type": "Feature", "geometry": {"type": "Point", "coordinates": [9.22682, 53.99539]}, "properties": {"kind": "turbine", "i": 86, "mw": 6.0, "hub_m": 120.0, "rotor_m": 150.0}}, {"type": "Feature", "geometry": {"type": "Point", "coordinates": [9.3151, 53.88361]}, "properties": {"kind": "turbine", "i": 87, "mw": 6.0, "hub_m": 120.0, "rotor_m": 150.0}}, {"type": "Feature", "geometry": {"type": "Point", "coordinates": [9.18148, 53.81496]}, "properties": {"kind": "turbine", "i": 88, "mw": 6.0, "hub_m": 120.0, "rotor_m": 150.0}}, {"type": "Feature", "geometry": {"type": "Point", "coordinates": [9.32073, 53.89344]}, "properties": {"kind": "turbine", "i": 89, "mw": 6.0, "hub_m": 120.0, "rotor_m": 150.0}}, {"type": "Feature", "geometry": {"type": "Point", "coordinates": [9.02628, 53.96607]}, "properties": {"kind": "turbine", "i": 90, "mw": 6.0, "hub_m": 120.0, "rotor_m": 150.0}}, {"type": "Feature", "geometry": {"type": "Point", "coordinates": [9.30451, 53.95584]}, "properties": {"kind": "turbine", "i": 91, "mw": 6.0, "hub_m": 120.0, "rotor_m": 150.0}}, {"type": "Feature", "geometry": {"type": "Point", "coordinates": [9.20366, 53.81492]}, "properties": {"kind": "turbine", "i": 92, "mw": 6.0, "hub_m": 120.0, "rotor_m": 150.0}}, {"type": "Feature", "geometry": {"type": "Point", "coordinates": [9.07085, 53.9923]}, "properties": {"kind": "turbine", "i": 93, "mw": 6.0, "hub_m": 120.0, "rotor_m": 150.0}}, {"type": "Feature", "geometry": {"type": "Point", "coordinates": [9.06503, 53.82821]}, "properties": {"kind": "turbine", "i": 94, "mw": 6.0, "hub_m": 120.0, "rotor_m": 150.0}}, {"type": "Feature", "geometry": {"type": "Point", "coordinates": [9.31556, 53.94596]}, "properties": {"kind": "turbine", "i": 95, "mw": 6.0, "hub_m": 120.0, "rotor_m": 150.0}}, {"type": "Feature", "geometry": {"type": "Point", "coordinates": [9.14889, 54.00864]}, "properties": {"kind": "turbine", "i": 96, "mw": 6.0, "hub_m": 120.0, "rotor_m": 150.0}}, {"type": "Feature", "geometry": {"type": "Point", "coordinates": [9.26477, 53.83122]}, "properties": {"kind": "turbine", "i": 97, "mw": 6.0, "hub_m": 120.0, "rotor_m": 150.0}}, {"type": "Feature", "geometry": {"type": "Point", "coordinates": [9.043, 53.98247]}, "properties": {"kind": "turbine", "i": 98, "mw": 6.0, "hub_m": 120.0, "rotor_m": 150.0}}, {"type": "Feature", "geometry": {"type": "Point", "coordinates": [9.32656, 53.92952]}, "properties": {"kind": "turbine", "i": 99, "mw": 6.0, "hub_m": 120.0, "rotor_m": 150.0}}, {"type": "Feature", "geometry": {"type": "Point", "coordinates": [9.17676, 54.01189]}, "properties": {"kind": "turbine", "i": 100, "mw": 6.0, "hub_m": 120.0, "rotor_m": 150.0}}, {"type": "Feature", "geometry": {"type": "Point", "coordinates": [9.17034, 53.80513]}, "properties": {"kind": "turbine", "i": 101, "mw": 6.0, "hub_m": 120.0, "rotor_m": 150.0}}, {"type": "Feature", "geometry": {"type": "Point", "coordinates": [9.14816, 53.80516]}, "properties": {"kind": "turbine", "i": 102, "mw": 6.0, "hub_m": 120.0, "rotor_m": 150.0}}, {"type": "Feature", "geometry": {"type": "Point", "coordinates": [9.02629, 53.97919]}, "properties": {"kind": "turbine", "i": 103, "mw": 6.0, "hub_m": 120.0, "rotor_m": 150.0}}, {"type": "Feature", "geometry": {"type": "Point", "coordinates": [9.22583, 53.8116]}, "properties": {"kind": "turbine", "i": 104, "mw": 6.0, "hub_m": 120.0, "rotor_m": 150.0}}, {"type": "Feature", "geometry": {"type": "Point", "coordinates": [8.98177, 53.92012]}, "properties": {"kind": "turbine", "i": 105, "mw": 6.0, "hub_m": 120.0, "rotor_m": 150.0}}, {"type": "Feature", "geometry": {"type": "Point", "coordinates": [9.3261, 53.87045]}, "properties": {"kind": "turbine", "i": 106, "mw": 6.0, "hub_m": 120.0, "rotor_m": 150.0}}, {"type": "Feature", "geometry": {"type": "Point", "coordinates": [9.28698, 53.83445]}, "properties": {"kind": "turbine", "i": 107, "mw": 6.0, "hub_m": 120.0, "rotor_m": 150.0}}, {"type": "Feature", "geometry": {"type": "Point", "coordinates": [9.0761, 53.81507]}, "properties": {"kind": "turbine", "i": 108, "mw": 6.0, "hub_m": 120.0, "rotor_m": 150.0}}, {"type": "Feature", "geometry": {"type": "Point", "coordinates": [9.12044, 53.80519]}, "properties": {"kind": "turbine", "i": 109, "mw": 6.0, "hub_m": 120.0, "rotor_m": 150.0}}, {"type": "Feature", "geometry": {"type": "Point", "coordinates": [9.04838, 53.82493]}, "properties": {"kind": "turbine", "i": 110, "mw": 6.0, "hub_m": 120.0, "rotor_m": 150.0}}, {"type": "Feature", "geometry": {"type": "Point", "coordinates": [9.19349, 54.01514]}, "properties": {"kind": "turbine", "i": 111, "mw": 6.0, "hub_m": 120.0, "rotor_m": 150.0}}, {"type": "Feature", "geometry": {"type": "Point", "coordinates": [9.12662, 54.01523]}, "properties": {"kind": "turbine", "i": 112, "mw": 6.0, "hub_m": 120.0, "rotor_m": 150.0}}, {"type": "Feature", "geometry": {"type": "Point", "coordinates": [9.0653, 54.00215]}, "properties": {"kind": "turbine", "i": 113, "mw": 6.0, "hub_m": 120.0, "rotor_m": 150.0}}, {"type": "Feature", "geometry": {"type": "Point", "coordinates": [9.09273, 53.8085]}, "properties": {"kind": "turbine", "i": 114, "mw": 6.0, "hub_m": 120.0, "rotor_m": 150.0}}, {"type": "Feature", "geometry": {"type": "Point", "coordinates": [9.08203, 54.00871]}, "properties": {"kind": "turbine", "i": 115, "mw": 6.0, "hub_m": 120.0, "rotor_m": 150.0}}, {"type": "Feature", "geometry": {"type": "Point", "coordinates": [9.14335, 54.01849]}, "properties": {"kind": "turbine", "i": 116, "mw": 6.0, "hub_m": 120.0, "rotor_m": 150.0}}, {"type": "Feature", "geometry": {"type": "Point", "coordinates": [8.99845, 53.96607]}, "properties": {"kind": "turbine", "i": 117, "mw": 6.0, "hub_m": 120.0, "rotor_m": 150.0}}, {"type": "Feature", "geometry": {"type": "Point", "coordinates": [9.24801, 53.81156]}, "properties": {"kind": "turbine", "i": 118, "mw": 6.0, "hub_m": 120.0, "rotor_m": 150.0}}, {"type": "Feature", "geometry": {"type": "Point", "coordinates": [9.34287, 53.88353]}, "properties": {"kind": "turbine", "i": 119, "mw": 6.0, "hub_m": 120.0, "rotor_m": 150.0}}, {"type": "Feature", "geometry": {"type": "Point", "coordinates": [9.3213, 53.96892]}, "properties": {"kind": "turbine", "i": 120, "mw": 6.0, "hub_m": 120.0, "rotor_m": 150.0}}, {"type": "Feature", "geometry": {"type": "Point", "coordinates": [9.16008, 54.02176]}, "properties": {"kind": "turbine", "i": 121, "mw": 6.0, "hub_m": 120.0, "rotor_m": 150.0}}, {"type": "Feature", "geometry": {"type": "Point", "coordinates": [9.03744, 53.9956]}, "properties": {"kind": "turbine", "i": 122, "mw": 6.0, "hub_m": 120.0, "rotor_m": 150.0}}, {"type": "Feature", "geometry": {"type": "Point", "coordinates": [8.9762, 53.93981]}, "properties": {"kind": "turbine", "i": 123, "mw": 6.0, "hub_m": 120.0, "rotor_m": 150.0}}, {"type": "Feature", "geometry": {"type": "Point", "coordinates": [9.05392, 53.81509]}, "properties": {"kind": "turbine", "i": 124, "mw": 6.0, "hub_m": 120.0, "rotor_m": 150.0}}, {"type": "Feature", "geometry": {"type": "Point", "coordinates": [9.34881, 53.92946]}, "properties": {"kind": "turbine", "i": 125, "mw": 6.0, "hub_m": 120.0, "rotor_m": 150.0}}, {"type": "Feature", "geometry": {"type": "Point", "coordinates": [9.16476, 53.79529]}, "properties": {"kind": "turbine", "i": 126, "mw": 6.0, "hub_m": 120.0, "rotor_m": 150.0}}, {"type": "Feature", "geometry": {"type": "Point", "coordinates": [9.29918, 53.98867]}, "properties": {"kind": "turbine", "i": 127, "mw": 6.0, "hub_m": 120.0, "rotor_m": 150.0}}, {"type": "Feature", "geometry": {"type": "Point", "coordinates": [9.22577, 53.80176]}, "properties": {"kind": "turbine", "i": 128, "mw": 6.0, "hub_m": 120.0, "rotor_m": 150.0}}, {"type": "Feature", "geometry": {"type": "Point", "coordinates": [9.35426, 53.91632]}, "properties": {"kind": "turbine", "i": 129, "mw": 6.0, "hub_m": 120.0, "rotor_m": 150.0}}, {"type": "Feature", "geometry": {"type": "Point", "coordinates": [9.35412, 53.89991]}, "properties": {"kind": "turbine", "i": 130, "mw": 6.0, "hub_m": 120.0, "rotor_m": 150.0}}, {"type": "Feature", "geometry": {"type": "Point", "coordinates": [9.21024, 54.02168]}, "properties": {"kind": "turbine", "i": 131, "mw": 6.0, "hub_m": 120.0, "rotor_m": 150.0}}, {"type": "Feature", "geometry": {"type": "Point", "coordinates": [8.98176, 53.9595]}, "properties": {"kind": "turbine", "i": 132, "mw": 6.0, "hub_m": 120.0, "rotor_m": 150.0}}, {"type": "Feature", "geometry": {"type": "Point", "coordinates": [9.12665, 54.02508]}, "properties": {"kind": "turbine", "i": 133, "mw": 6.0, "hub_m": 120.0, "rotor_m": 150.0}}, {"type": "Feature", "geometry": {"type": "Point", "coordinates": [9.27019, 53.81151]}, "properties": {"kind": "turbine", "i": 134, "mw": 6.0, "hub_m": 120.0, "rotor_m": 150.0}}, {"type": "Feature", "geometry": {"type": "Point", "coordinates": [9.00959, 53.98904]}, "properties": {"kind": "turbine", "i": 135, "mw": 6.0, "hub_m": 120.0, "rotor_m": 150.0}}, {"type": "Feature", "geometry": {"type": "Point", "coordinates": [9.19801, 53.79196]}, "properties": {"kind": "turbine", "i": 136, "mw": 6.0, "hub_m": 120.0, "rotor_m": 150.0}}, {"type": "Feature", "geometry": {"type": "Point", "coordinates": [9.349, 53.95243]}, "properties": {"kind": "turbine", "i": 137, "mw": 6.0, "hub_m": 120.0, "rotor_m": 150.0}}, {"type": "Feature", "geometry": {"type": "Point", "coordinates": [9.28258, 54.00512]}, "properties": {"kind": "turbine", "i": 138, "mw": 6.0, "hub_m": 120.0, "rotor_m": 150.0}}, {"type": "Feature", "geometry": {"type": "Point", "coordinates": [9.08763, 54.02183]}, "properties": {"kind": "turbine", "i": 139, "mw": 6.0, "hub_m": 120.0, "rotor_m": 150.0}}, {"type": "Feature", "geometry": {"type": "Point", "coordinates": [9.04302, 54.00873]}, "properties": {"kind": "turbine", "i": 140, "mw": 6.0, "hub_m": 120.0, "rotor_m": 150.0}}, {"type": "Feature", "geometry": {"type": "Point", "coordinates": [9.0709, 54.01856]}, "properties": {"kind": "turbine", "i": 141, "mw": 6.0, "hub_m": 120.0, "rotor_m": 150.0}}, {"type": "Feature", "geometry": {"type": "Point", "coordinates": [9.24239, 53.79844]}, "properties": {"kind": "turbine", "i": 142, "mw": 6.0, "hub_m": 120.0, "rotor_m": 150.0}}, {"type": "Feature", "geometry": {"type": "Point", "coordinates": [9.34823, 53.86054]}, "properties": {"kind": "turbine", "i": 143, "mw": 6.0, "hub_m": 120.0, "rotor_m": 150.0}}, {"type": "Feature", "geometry": {"type": "Point", "coordinates": [9.13148, 53.78877]}, "properties": {"kind": "turbine", "i": 144, "mw": 6.0, "hub_m": 120.0, "rotor_m": 150.0}}, {"type": "Feature", "geometry": {"type": "Point", "coordinates": [8.95397, 53.92011]}, "properties": {"kind": "turbine", "i": 145, "mw": 6.0, "hub_m": 120.0, "rotor_m": 150.0}}, {"type": "Feature", "geometry": {"type": "Point", "coordinates": [9.14339, 54.03162]}, "properties": {"kind": "turbine", "i": 146, "mw": 6.0, "hub_m": 120.0, "rotor_m": 150.0}}, {"type": "Feature", "geometry": {"type": "Point", "coordinates": [8.96507, 53.95294]}, "properties": {"kind": "turbine", "i": 147, "mw": 6.0, "hub_m": 120.0, "rotor_m": 150.0}}, {"type": "Feature", "geometry": {"type": "Point", "coordinates": [9.04836, 53.80524]}, "properties": {"kind": "turbine", "i": 148, "mw": 6.0, "hub_m": 120.0, "rotor_m": 150.0}}, {"type": "Feature", "geometry": {"type": "Point", "coordinates": [9.36509, 53.88346]}, "properties": {"kind": "turbine", "i": 149, "mw": 6.0, "hub_m": 120.0, "rotor_m": 150.0}}, {"type": "Feature", "geometry": {"type": "Point", "coordinates": [9.17026, 53.78544]}, "properties": {"kind": "turbine", "i": 150, "mw": 6.0, "hub_m": 120.0, "rotor_m": 150.0}}, {"type": "Feature", "geometry": {"type": "Point", "coordinates": [9.34911, 53.96556]}, "properties": {"kind": "turbine", "i": 151, "mw": 6.0, "hub_m": 120.0, "rotor_m": 150.0}}, {"type": "Feature", "geometry": {"type": "Point", "coordinates": [9.25483, 54.02159]}, "properties": {"kind": "turbine", "i": 152, "mw": 6.0, "hub_m": 120.0, "rotor_m": 150.0}}, {"type": "Feature", "geometry": {"type": "Point", "coordinates": [9.17128, 54.03487]}, "properties": {"kind": "turbine", "i": 153, "mw": 6.0, "hub_m": 120.0, "rotor_m": 150.0}}, {"type": "Feature", "geometry": {"type": "Point", "coordinates": [9.10995, 54.03166]}, "properties": {"kind": "turbine", "i": 154, "mw": 6.0, "hub_m": 120.0, "rotor_m": 150.0}}, {"type": "Feature", "geometry": {"type": "Point", "coordinates": [8.98175, 53.9792]}, "properties": {"kind": "turbine", "i": 155, "mw": 6.0, "hub_m": 120.0, "rotor_m": 150.0}}, {"type": "Feature", "geometry": {"type": "Point", "coordinates": [9.23257, 54.0282]}, "properties": {"kind": "turbine", "i": 156, "mw": 6.0, "hub_m": 120.0, "rotor_m": 150.0}}, {"type": "Feature", "geometry": {"type": "Point", "coordinates": [9.19358, 54.03483]}, "properties": {"kind": "turbine", "i": 157, "mw": 6.0, "hub_m": 120.0, "rotor_m": 150.0}}, {"type": "Feature", "geometry": {"type": "Point", "coordinates": [9.15363, 53.78218]}, "properties": {"kind": "turbine", "i": 158, "mw": 6.0, "hub_m": 120.0, "rotor_m": 150.0}}, {"type": "Feature", "geometry": {"type": "Point", "coordinates": [9.36566, 53.9491]}, "properties": {"kind": "turbine", "i": 159, "mw": 6.0, "hub_m": 120.0, "rotor_m": 150.0}}, {"type": "Feature", "geometry": {"type": "Point", "coordinates": [9.29235, 53.80818]}, "properties": {"kind": "turbine", "i": 160, "mw": 6.0, "hub_m": 120.0, "rotor_m": 150.0}}, {"type": "Feature", "geometry": {"type": "Point", "coordinates": [9.37635, 53.89984]}, "properties": {"kind": "turbine", "i": 161, "mw": 6.0, "hub_m": 120.0, "rotor_m": 150.0}}, {"type": "Feature", "geometry": {"type": "Point", "coordinates": [9.00402, 53.99889]}, "properties": {"kind": "turbine", "i": 162, "mw": 6.0, "hub_m": 120.0, "rotor_m": 150.0}}, {"type": "Feature", "geometry": {"type": "Point", "coordinates": [9.23679, 53.78861]}, "properties": {"kind": "turbine", "i": 163, "mw": 6.0, "hub_m": 120.0, "rotor_m": 150.0}}, {"type": "Feature", "geometry": {"type": "Point", "coordinates": [8.98731, 53.98904]}, "properties": {"kind": "turbine", "i": 164, "mw": 6.0, "hub_m": 120.0, "rotor_m": 150.0}}, {"type": "Feature", "geometry": {"type": "Point", "coordinates": [9.20904, 53.7821]}, "properties": {"kind": "turbine", "i": 165, "mw": 6.0, "hub_m": 120.0, "rotor_m": 150.0}}, {"type": "Feature", "geometry": {"type": "Point", "coordinates": [9.06534, 54.02841]}, "properties": {"kind": "turbine", "i": 166, "mw": 6.0, "hub_m": 120.0, "rotor_m": 150.0}}, {"type": "Feature", "geometry": {"type": "Point", "coordinates": [9.00955, 53.81182]}, "properties": {"kind": "turbine", "i": 167, "mw": 6.0, "hub_m": 120.0, "rotor_m": 150.0}}, {"type": "Feature", "geometry": {"type": "Point", "coordinates": [9.04861, 54.02513]}, "properties": {"kind": "turbine", "i": 168, "mw": 6.0, "hub_m": 120.0, "rotor_m": 150.0}}, {"type": "Feature", "geometry": {"type": "Point", "coordinates": [9.00959, 54.00873]}, "properties": {"kind": "turbine", "i": 169, "mw": 6.0, "hub_m": 120.0, "rotor_m": 150.0}}, {"type": "Feature", "geometry": {"type": "Point", "coordinates": [8.94837, 53.95621]}, "properties": {"kind": "turbine", "i": 170, "mw": 6.0, "hub_m": 120.0, "rotor_m": 150.0}}, {"type": "Feature", "geometry": {"type": "Point", "coordinates": [9.3822, 53.93264]}, "properties": {"kind": "turbine", "i": 171, "mw": 6.0, "hub_m": 120.0, "rotor_m": 150.0}}, {"type": "Feature", "geometry": {"type": "Point", "coordinates": [9.25896, 53.78856]}, "properties": {"kind": "turbine", "i": 172, "mw": 6.0, "hub_m": 120.0, "rotor_m": 150.0}}, {"type": "Feature", "geometry": {"type": "Point", "coordinates": [9.38755, 53.90965]}, "properties": {"kind": "turbine", "i": 173, "mw": 6.0, "hub_m": 120.0, "rotor_m": 150.0}}, {"type": "Feature", "geometry": {"type": "Point", "coordinates": [8.93726, 53.9398]}, "properties": {"kind": "turbine", "i": 174, "mw": 6.0, "hub_m": 120.0, "rotor_m": 150.0}}, {"type": "Feature", "geometry": {"type": "Point", "coordinates": [9.34927, 53.98525]}, "properties": {"kind": "turbine", "i": 175, "mw": 6.0, "hub_m": 120.0, "rotor_m": 150.0}}, {"type": "Feature", "geometry": {"type": "Point", "coordinates": [9.38229, 53.94249]}, "properties": {"kind": "turbine", "i": 176, "mw": 6.0, "hub_m": 120.0, "rotor_m": 150.0}}, {"type": "Feature", "geometry": {"type": "Point", "coordinates": [9.17132, 54.04471]}, "properties": {"kind": "turbine", "i": 177, "mw": 6.0, "hub_m": 120.0, "rotor_m": 150.0}}, {"type": "Feature", "geometry": {"type": "Point", "coordinates": [9.23263, 54.03805]}, "properties": {"kind": "turbine", "i": 178, "mw": 6.0, "hub_m": 120.0, "rotor_m": 150.0}}, {"type": "Feature", "geometry": {"type": "Point", "coordinates": [9.37038, 53.85391]}, "properties": {"kind": "turbine", "i": 179, "mw": 6.0, "hub_m": 120.0, "rotor_m": 150.0}}, {"type": "Feature", "geometry": {"type": "Point", "coordinates": [9.09266, 53.77896]}, "properties": {"kind": "turbine", "i": 180, "mw": 6.0, "hub_m": 120.0, "rotor_m": 150.0}}, {"type": "Feature", "geometry": {"type": "Point", "coordinates": [9.30896, 53.80485]}, "properties": {"kind": "turbine", "i": 181, "mw": 6.0, "hub_m": 120.0, "rotor_m": 150.0}}, {"type": "Feature", "geometry": {"type": "Point", "coordinates": [8.94836, 53.96606]}, "properties": {"kind": "turbine", "i": 182, "mw": 6.0, "hub_m": 120.0, "rotor_m": 150.0}}, {"type": "Feature", "geometry": {"type": "Point", "coordinates": [9.15359, 53.77233]}, "properties": {"kind": "turbine", "i": 183, "mw": 6.0, "hub_m": 120.0, "rotor_m": 150.0}}, {"type": "Feature", "geometry": {"type": "Point", "coordinates": [9.02632, 54.02186]}, "properties": {"kind": "turbine", "i": 184, "mw": 6.0, "hub_m": 120.0, "rotor_m": 150.0}}, {"type": "Feature", "geometry": {"type": "Point", "coordinates": [9.32715, 54.00501]}, "properties": {"kind": "turbine", "i": 185, "mw": 6.0, "hub_m": 120.0, "rotor_m": 150.0}}, {"type": "Feature", "geometry": {"type": "Point", "coordinates": [9.38161, 53.867]}, "properties": {"kind": "turbine", "i": 186, "mw": 6.0, "hub_m": 120.0, "rotor_m": 150.0}}, {"type": "Feature", "geometry": {"type": "Point", "coordinates": [9.28115, 53.79179]}, "properties": {"kind": "turbine", "i": 187, "mw": 6.0, "hub_m": 120.0, "rotor_m": 150.0}}, {"type": "Feature", "geometry": {"type": "Point", "coordinates": [9.38725, 53.87683]}, "properties": {"kind": "turbine", "i": 188, "mw": 6.0, "hub_m": 120.0, "rotor_m": 150.0}}, {"type": "Feature", "geometry": {"type": "Point", "coordinates": [9.07093, 54.03825]}, "properties": {"kind": "turbine", "i": 189, "mw": 6.0, "hub_m": 120.0, "rotor_m": 150.0}}, {"type": "Feature", "geometry": {"type": "Point", "coordinates": [9.18807, 54.04797]}, "properties": {"kind": "turbine", "i": 190, "mw": 6.0, "hub_m": 120.0, "rotor_m": 150.0}}, {"type": "Feature", "geometry": {"type": "Point", "coordinates": [9.10927, 53.77238]}, "properties": {"kind": "turbine", "i": 191, "mw": 6.0, "hub_m": 120.0, "rotor_m": 150.0}}, {"type": "Feature", "geometry": {"type": "Point", "coordinates": [9.25493, 54.038]}, "properties": {"kind": "turbine", "i": 192, "mw": 6.0, "hub_m": 120.0, "rotor_m": 150.0}}, {"type": "Feature", "geometry": {"type": "Point", "coordinates": [9.0705, 53.77897]}, "properties": {"kind": "turbine", "i": 193, "mw": 6.0, "hub_m": 120.0, "rotor_m": 150.0}}, {"type": "Feature", "geometry": {"type": "Point", "coordinates": [9.38795, 53.95231]}, "properties": {"kind": "turbine", "i": 194, "mw": 6.0, "hub_m": 120.0, "rotor_m": 150.0}}, {"type": "Feature", "geometry": {"type": "Point", "coordinates": [9.37027, 53.84078]}, "properties": {"kind": "turbine", "i": 195, "mw": 6.0, "hub_m": 120.0, "rotor_m": 150.0}}, {"type": "Feature", "geometry": {"type": "Point", "coordinates": [9.10441, 54.04807]}, "properties": {"kind": "turbine", "i": 196, "mw": 6.0, "hub_m": 120.0, "rotor_m": 150.0}}, {"type": "Feature", "geometry": {"type": "Point", "coordinates": [9.39889, 53.93259]}, "properties": {"kind": "turbine", "i": 197, "mw": 6.0, "hub_m": 120.0, "rotor_m": 150.0}}, {"type": "Feature", "geometry": {"type": "Point", "coordinates": [9.03725, 53.78555]}, "properties": {"kind": "turbine", "i": 198, "mw": 6.0, "hub_m": 120.0, "rotor_m": 150.0}}, {"type": "Feature", "geometry": {"type": "Point", "coordinates": [9.0319, 54.0317]}, "properties": {"kind": "turbine", "i": 199, "mw": 6.0, "hub_m": 120.0, "rotor_m": 150.0}}, {"type": "Feature", "geometry": {"type": "Point", "coordinates": [9.24779, 53.77546]}, "properties": {"kind": "turbine", "i": 200, "mw": 6.0, "hub_m": 120.0, "rotor_m": 150.0}}, {"type": "Feature", "geometry": {"type": "Point", "coordinates": [8.92058, 53.93651]}, "properties": {"kind": "turbine", "i": 201, "mw": 6.0, "hub_m": 120.0, "rotor_m": 150.0}}, {"type": "Feature", "geometry": {"type": "Point", "coordinates": [9.37152, 53.9819]}, "properties": {"kind": "turbine", "i": 202, "mw": 6.0, "hub_m": 120.0, "rotor_m": 150.0}}, {"type": "Feature", "geometry": {"type": "Point", "coordinates": [9.13141, 53.7658]}, "properties": {"kind": "turbine", "i": 203, "mw": 6.0, "hub_m": 120.0, "rotor_m": 150.0}}, {"type": "Feature", "geometry": {"type": "Point", "coordinates": [9.34941, 54.00166]}, "properties": {"kind": "turbine", "i": 204, "mw": 6.0, "hub_m": 120.0, "rotor_m": 150.0}}, {"type": "Feature", "geometry": {"type": "Point", "coordinates": [9.39898, 53.94243]}, "properties": {"kind": "turbine", "i": 205, "mw": 6.0, "hub_m": 120.0, "rotor_m": 150.0}}, {"type": "Feature", "geometry": {"type": "Point", "coordinates": [9.16578, 54.05457]}, "properties": {"kind": "turbine", "i": 206, "mw": 6.0, "hub_m": 120.0, "rotor_m": 150.0}}, {"type": "Feature", "geometry": {"type": "Point", "coordinates": [8.92611, 53.9562]}, "properties": {"kind": "turbine", "i": 207, "mw": 6.0, "hub_m": 120.0, "rotor_m": 150.0}}, {"type": "Feature", "geometry": {"type": "Point", "coordinates": [9.09264, 53.76911]}, "properties": {"kind": "turbine", "i": 208, "mw": 6.0, "hub_m": 120.0, "rotor_m": 150.0}}, {"type": "Feature", "geometry": {"type": "Point", "coordinates": [9.38807, 53.96544]}, "properties": {"kind": "turbine", "i": 209, "mw": 6.0, "hub_m": 120.0, "rotor_m": 150.0}}, {"type": "Feature", "geometry": {"type": "Point", "coordinates": [8.99291, 53.80197]}, "properties": {"kind": "turbine", "i": 210, "mw": 6.0, "hub_m": 120.0, "rotor_m": 150.0}}, {"type": "Feature", "geometry": {"type": "Point", "coordinates": [9.40401, 53.88662]}, "properties": {"kind": "turbine", "i": 211, "mw": 6.0, "hub_m": 120.0, "rotor_m": 150.0}}, {"type": "Feature", "geometry": {"type": "Point", "coordinates": [9.05421, 54.04154]}, "properties": {"kind": "turbine", "i": 212, "mw": 6.0, "hub_m": 120.0, "rotor_m": 150.0}}, {"type": "Feature", "geometry": {"type": "Point", "coordinates": [9.28108, 53.78195]}, "properties": {"kind": "turbine", "i": 213, "mw": 6.0, "hub_m": 120.0, "rotor_m": 150.0}}, {"type": "Feature", "geometry": {"type": "Point", "coordinates": [9.12116, 54.05462]}, "properties": {"kind": "turbine", "i": 214, "mw": 6.0, "hub_m": 120.0, "rotor_m": 150.0}}, {"type": "Feature", "geometry": {"type": "Point", "coordinates": [9.40988, 53.91942]}, "properties": {"kind": "turbine", "i": 215, "mw": 6.0, "hub_m": 120.0, "rotor_m": 150.0}}, {"type": "Feature", "geometry": {"type": "Point", "coordinates": [9.29394, 54.03463]}, "properties": {"kind": "turbine", "i": 216, "mw": 6.0, "hub_m": 120.0, "rotor_m": 150.0}}, {"type": "Feature", "geometry": {"type": "Point", "coordinates": [8.915, 53.94635]}, "properties": {"kind": "turbine", "i": 217, "mw": 6.0, "hub_m": 120.0, "rotor_m": 150.0}}, {"type": "Feature", "geometry": {"type": "Point", "coordinates": [9.004, 53.79212]}, "properties": {"kind": "turbine", "i": 218, "mw": 6.0, "hub_m": 120.0, "rotor_m": 150.0}}, {"type": "Feature", "geometry": {"type": "Point", "coordinates": [9.11478, 53.76253]}, "properties": {"kind": "turbine", "i": 219, "mw": 6.0, "hub_m": 120.0, "rotor_m": 150.0}}, {"type": "Feature", "geometry": {"type": "Point", "coordinates": [9.38695, 53.84401]}, "properties": {"kind": "turbine", "i": 220, "mw": 6.0, "hub_m": 120.0, "rotor_m": 150.0}}, {"type": "Feature", "geometry": {"type": "Point", "coordinates": [9.18811, 54.05782]}, "properties": {"kind": "turbine", "i": 221, "mw": 6.0, "hub_m": 120.0, "rotor_m": 150.0}}, {"type": "Feature", "geometry": {"type": "Point", "coordinates": [9.27487, 54.04294]}, "properties": {"kind": "turbine", "i": 222, "mw": 6.0, "hub_m": 120.0, "rotor_m": 150.0}}, {"type": "Feature", "geometry": {"type": "Point", "coordinates": [9.15908, 53.7592]}, "properties": {"kind": "turbine", "i": 223, "mw": 6.0, "hub_m": 120.0, "rotor_m": 150.0}}, {"type": "Feature", "geometry": {"type": "Point", "coordinates": [9.22714, 54.05447]}, "properties": {"kind": "turbine", "i": 224, "mw": 6.0, "hub_m": 120.0, "rotor_m": 150.0}}, {"type": "Feature", "geometry": {"type": "Point", "coordinates": [9.30327, 53.78518]}, "properties": {"kind": "turbine", "i": 225, "mw": 6.0, "hub_m": 120.0, "rotor_m": 150.0}}, {"type": "Feature", "geometry": {"type": "Point", "coordinates": [9.04279, 53.77571]}, "properties": {"kind": "turbine", "i": 226, "mw": 6.0, "hub_m": 120.0, "rotor_m": 150.0}}, {"type": "Feature", "geometry": {"type": "Point", "coordinates": [9.2644, 53.77214]}, "properties": {"kind": "turbine", "i": 227, "mw": 6.0, "hub_m": 120.0, "rotor_m": 150.0}}, {"type": "Feature", "geometry": {"type": "Point", "coordinates": [9.40464, 53.95226]}, "properties": {"kind": "turbine", "i": 228, "mw": 6.0, "hub_m": 120.0, "rotor_m": 150.0}}, {"type": "Feature", "geometry": {"type": "Point", "coordinates": [9.34949, 54.01151]}, "properties": {"kind": "turbine", "i": 229, "mw": 6.0, "hub_m": 120.0, "rotor_m": 150.0}}, {"type": "Feature", "geometry": {"type": "Point", "coordinates": [9.32731, 54.0247]}, "properties": {"kind": "turbine", "i": 230, "mw": 6.0, "hub_m": 120.0, "rotor_m": 150.0}}, {"type": "Feature", "geometry": {"type": "Point", "coordinates": [9.07601, 53.76584]}, "properties": {"kind": "turbine", "i": 231, "mw": 6.0, "hub_m": 120.0, "rotor_m": 150.0}}, {"type": "Feature", "geometry": {"type": "Point", "coordinates": [8.9372, 53.98574]}, "properties": {"kind": "turbine", "i": 232, "mw": 6.0, "hub_m": 120.0, "rotor_m": 150.0}}, {"type": "Feature", "geometry": {"type": "Point", "coordinates": [9.1435, 54.06116]}, "properties": {"kind": "turbine", "i": 233, "mw": 6.0, "hub_m": 120.0, "rotor_m": 150.0}}, {"type": "Feature", "geometry": {"type": "Point", "coordinates": [9.40375, 53.86037]}, "properties": {"kind": "turbine", "i": 234, "mw": 6.0, "hub_m": 120.0, "rotor_m": 150.0}}, {"type": "Feature", "geometry": {"type": "Point", "coordinates": [9.4094, 53.87019]}, "properties": {"kind": "turbine", "i": 235, "mw": 6.0, "hub_m": 120.0, "rotor_m": 150.0}}, {"type": "Feature", "geometry": {"type": "Point", "coordinates": [8.94832, 53.99888]}, "properties": {"kind": "turbine", "i": 236, "mw": 6.0, "hub_m": 120.0, "rotor_m": 150.0}}, {"type": "Feature", "geometry": {"type": "Point", "coordinates": [9.09328, 54.05793]}, "properties": {"kind": "turbine", "i": 237, "mw": 6.0, "hub_m": 120.0, "rotor_m": 150.0}}, {"type": "Feature", "geometry": {"type": "Point", "coordinates": [9.42074, 53.89313]}, "properties": {"kind": "turbine", "i": 238, "mw": 6.0, "hub_m": 120.0, "rotor_m": 150.0}}, {"type": "Feature", "geometry": {"type": "Point", "coordinates": [9.05422, 54.05139]}, "properties": {"kind": "turbine", "i": 239, "mw": 6.0, "hub_m": 120.0, "rotor_m": 150.0}}, {"type": "Feature", "geometry": {"type": "Point", "coordinates": [8.97074, 53.80197]}, "properties": {"kind": "turbine", "i": 240, "mw": 6.0, "hub_m": 120.0, "rotor_m": 150.0}}, {"type": "Feature", "geometry": {"type": "Point", "coordinates": [8.91496, 53.96604]}, "properties": {"kind": "turbine", "i": 241, "mw": 6.0, "hub_m": 120.0, "rotor_m": 150.0}}, {"type": "Feature", "geometry": {"type": "Point", "coordinates": [9.02062, 53.77571]}, "properties": {"kind": "turbine", "i": 242, "mw": 6.0, "hub_m": 120.0, "rotor_m": 150.0}}, {"type": "Feature", "geometry": {"type": "Point", "coordinates": [9.20488, 54.06435]}, "properties": {"kind": "turbine", "i": 243, "mw": 6.0, "hub_m": 120.0, "rotor_m": 150.0}}, {"type": "Feature", "geometry": {"type": "Point", "coordinates": [9.11561, 54.06447]}, "properties": {"kind": "turbine", "i": 244, "mw": 6.0, "hub_m": 120.0, "rotor_m": 150.0}}, {"type": "Feature", "geometry": {"type": "Point", "coordinates": [9.4266, 53.92265]}, "properties": {"kind": "turbine", "i": 245, "mw": 6.0, "hub_m": 120.0, "rotor_m": 150.0}}, {"type": "Feature", "geometry": {"type": "Point", "coordinates": [9.16026, 54.0677]}, "properties": {"kind": "turbine", "i": 246, "mw": 6.0, "hub_m": 120.0, "rotor_m": 150.0}}, {"type": "Feature", "geometry": {"type": "Point", "coordinates": [9.19782, 53.75258]}, "properties": {"kind": "turbine", "i": 247, "mw": 6.0, "hub_m": 120.0, "rotor_m": 150.0}}, {"type": "Feature", "geometry": {"type": "Point", "coordinates": [9.12029, 53.75268]}, "properties": {"kind": "turbine", "i": 248, "mw": 6.0, "hub_m": 120.0, "rotor_m": 150.0}}, {"type": "Feature", "geometry": {"type": "Point", "coordinates": [8.94855, 53.8118]}, "properties": {"kind": "turbine", "i": 249, "mw": 6.0, "hub_m": 120.0, "rotor_m": 150.0}}, {"type": "Feature", "geometry": {"type": "Point", "coordinates": [9.39234, 53.82758]}, "properties": {"kind": "turbine", "i": 250, "mw": 6.0, "hub_m": 120.0, "rotor_m": 150.0}}, {"type": "Feature", "geometry": {"type": "Point", "coordinates": [9.39939, 53.9851]}, "properties": {"kind": "turbine", "i": 251, "mw": 6.0, "hub_m": 120.0, "rotor_m": 150.0}}, {"type": "Feature", "geometry": {"type": "Point", "coordinates": [9.17566, 53.74933]}, "properties": {"kind": "turbine", "i": 252, "mw": 6.0, "hub_m": 120.0, "rotor_m": 150.0}}, {"type": "Feature", "geometry": {"type": "Point", "coordinates": [9.23277, 54.0643]}, "properties": {"kind": "turbine", "i": 253, "mw": 6.0, "hub_m": 120.0, "rotor_m": 150.0}}, {"type": "Feature", "geometry": {"type": "Point", "coordinates": [9.25878, 53.75902]}, "properties": {"kind": "turbine", "i": 254, "mw": 6.0, "hub_m": 120.0, "rotor_m": 150.0}}, {"type": "Feature", "geometry": {"type": "Point", "coordinates": [9.33296, 54.03453]}, "properties": {"kind": "turbine", "i": 255, "mw": 6.0, "hub_m": 120.0, "rotor_m": 150.0}}, {"type": "Feature", "geometry": {"type": "Point", "coordinates": [9.42683, 53.94562]}, "properties": {"kind": "turbine", "i": 256, "mw": 6.0, "hub_m": 120.0, "rotor_m": 150.0}}, {"type": "Feature", "geometry": {"type": "Point", "coordinates": [9.41476, 53.85048]}, "properties": {"kind": "turbine", "i": 257, "mw": 6.0, "hub_m": 120.0, "rotor_m": 150.0}}, {"type": "Feature", "geometry": {"type": "Point", "coordinates": [8.94273, 54.00872]}, "properties": {"kind": "turbine", "i": 258, "mw": 6.0, "hub_m": 120.0, "rotor_m": 150.0}}, {"type": "Feature", "geometry": {"type": "Point", "coordinates": [8.97074, 53.79212]}, "properties": {"kind": "turbine", "i": 259, "mw": 6.0, "hub_m": 120.0, "rotor_m": 150.0}}, {"type": "Feature", "geometry": {"type": "Point", "coordinates": [9.09888, 54.06777]}, "properties": {"kind": "turbine", "i": 260, "mw": 6.0, "hub_m": 120.0, "rotor_m": 150.0}}, {"type": "Feature", "geometry": {"type": "Point", "coordinates": [9.13237, 54.07102]}, "properties": {"kind": "turbine", "i": 261, "mw": 6.0, "hub_m": 120.0, "rotor_m": 150.0}}, {"type": "Feature", "geometry": {"type": "Point", "coordinates": [9.26065, 54.06096]}, "properties": {"kind": "turbine", "i": 262, "mw": 6.0, "hub_m": 120.0, "rotor_m": 150.0}}, {"type": "Feature", "geometry": {"type": "Point", "coordinates": [9.36627, 54.01802]}, "properties": {"kind": "turbine", "i": 263, "mw": 6.0, "hub_m": 120.0, "rotor_m": 150.0}}, {"type": "Feature", "geometry": {"type": "Point", "coordinates": [9.15903, 53.74607]}, "properties": {"kind": "turbine", "i": 264, "mw": 6.0, "hub_m": 120.0, "rotor_m": 150.0}}, {"type": "Feature", "geometry": {"type": "Point", "coordinates": [9.10367, 53.74941]}, "properties": {"kind": "turbine", "i": 265, "mw": 6.0, "hub_m": 120.0, "rotor_m": 150.0}}, {"type": "Feature", "geometry": {"type": "Point", "coordinates": [9.43754, 53.9062]}, "properties": {"kind": "turbine", "i": 266, "mw": 6.0, "hub_m": 120.0, "rotor_m": 150.0}}, {"type": "Feature", "geometry": {"type": "Point", "coordinates": [9.416, 53.97519]}, "properties": {"kind": "turbine", "i": 267, "mw": 6.0, "hub_m": 120.0, "rotor_m": 150.0}}, {"type": "Feature", "geometry": {"type": "Point", "coordinates": [9.42696, 53.95875]}, "properties": {"kind": "turbine", "i": 268, "mw": 6.0, "hub_m": 120.0, "rotor_m": 150.0}}, {"type": "Feature", "geometry": {"type": "Point", "coordinates": [9.39398, 54.00152]}, "properties": {"kind": "turbine", "i": 269, "mw": 6.0, "hub_m": 120.0, "rotor_m": 150.0}}, {"type": "Feature", "geometry": {"type": "Point", "coordinates": [9.02615, 53.76258]}, "properties": {"kind": "turbine", "i": 270, "mw": 6.0, "hub_m": 120.0, "rotor_m": 150.0}}, {"type": "Feature", "geometry": {"type": "Point", "coordinates": [8.94856, 53.79868]}, "properties": {"kind": "turbine", "i": 271, "mw": 6.0, "hub_m": 120.0, "rotor_m": 150.0}}, {"type": "Feature", "geometry": {"type": "Point", "coordinates": [9.11564, 54.07432]}, "properties": {"kind": "turbine", "i": 272, "mw": 6.0, "hub_m": 120.0, "rotor_m": 150.0}}, {"type": "Feature", "geometry": {"type": "Point", "coordinates": [9.2421, 53.74921]}, "properties": {"kind": "turbine", "i": 273, "mw": 6.0, "hub_m": 120.0, "rotor_m": 150.0}}, {"type": "Feature", "geometry": {"type": "Point", "coordinates": [9.21051, 54.07419]}, "properties": {"kind": "turbine", "i": 274, "mw": 6.0, "hub_m": 120.0, "rotor_m": 150.0}}, {"type": "Feature", "geometry": {"type": "Point", "coordinates": [9.1258, 53.74283]}, "properties": {"kind": "turbine", "i": 275, "mw": 6.0, "hub_m": 120.0, "rotor_m": 150.0}}, {"type": "Feature", "geometry": {"type": "Point", "coordinates": [8.98738, 53.77571]}, "properties": {"kind": "turbine", "i": 276, "mw": 6.0, "hub_m": 120.0, "rotor_m": 150.0}}, {"type": "Feature", "geometry": {"type": "Point", "coordinates": [9.16588, 54.07754]}, "properties": {"kind": "turbine", "i": 277, "mw": 6.0, "hub_m": 120.0, "rotor_m": 150.0}}, {"type": "Feature", "geometry": {"type": "Point", "coordinates": [9.4146, 53.83407]}, "properties": {"kind": "turbine", "i": 278, "mw": 6.0, "hub_m": 120.0, "rotor_m": 150.0}}, {"type": "Feature", "geometry": {"type": "Point", "coordinates": [9.4161, 53.98504]}, "properties": {"kind": "turbine", "i": 279, "mw": 6.0, "hub_m": 120.0, "rotor_m": 150.0}}, {"type": "Feature", "geometry": {"type": "Point", "coordinates": [9.44341, 53.93571]}, "properties": {"kind": "turbine", "i": 280, "mw": 6.0, "hub_m": 120.0, "rotor_m": 150.0}}, {"type": "Feature", "geometry": {"type": "Point", "coordinates": [9.24955, 54.07083]}, "properties": {"kind": "turbine", "i": 281, "mw": 6.0, "hub_m": 120.0, "rotor_m": 150.0}}, {"type": "Feature", "geometry": {"type": "Point", "coordinates": [9.33645, 53.77524]}, "properties": {"kind": "turbine", "i": 282, "mw": 6.0, "hub_m": 120.0, "rotor_m": 150.0}}, {"type": "Feature", "geometry": {"type": "Point", "coordinates": [8.93192, 53.80523]}, "properties": {"kind": "turbine", "i": 283, "mw": 6.0, "hub_m": 120.0, "rotor_m": 150.0}}, {"type": "Feature", "geometry": {"type": "Point", "coordinates": [9.44855, 53.89631]}, "properties": {"kind": "turbine", "i": 284, "mw": 6.0, "hub_m": 120.0, "rotor_m": 150.0}}, {"type": "Feature", "geometry": {"type": "Point", "coordinates": [9.43263, 53.96857]}, "properties": {"kind": "turbine", "i": 285, "mw": 6.0, "hub_m": 120.0, "rotor_m": 150.0}}, {"type": "Feature", "geometry": {"type": "Point", "coordinates": [9.26425, 53.74917]}, "properties": {"kind": "turbine", "i": 286, "mw": 6.0, "hub_m": 120.0, "rotor_m": 150.0}}, {"type": "Feature", "geometry": {"type": "Point", "coordinates": [9.36084, 54.03445]}, "properties": {"kind": "turbine", "i": 287, "mw": 6.0, "hub_m": 120.0, "rotor_m": 150.0}}, {"type": "Feature", "geometry": {"type": "Point", "coordinates": [9.03192, 54.06452]}, "properties": {"kind": "turbine", "i": 288, "mw": 6.0, "hub_m": 120.0, "rotor_m": 150.0}}, {"type": "Feature", "geometry": {"type": "Point", "coordinates": [9.44838, 53.8799]}, "properties": {"kind": "turbine", "i": 289, "mw": 6.0, "hub_m": 120.0, "rotor_m": 150.0}}, {"type": "Feature", "geometry": {"type": "Point", "coordinates": [9.16453, 53.73622]}, "properties": {"kind": "turbine", "i": 290, "mw": 6.0, "hub_m": 120.0, "rotor_m": 150.0}}, {"type": "Feature", "geometry": {"type": "Point", "coordinates": [9.45422, 53.90613]}, "properties": {"kind": "turbine", "i": 291, "mw": 6.0, "hub_m": 120.0, "rotor_m": 150.0}}, {"type": "Feature", "geometry": {"type": "Point", "coordinates": [8.96521, 53.77899]}, "properties": {"kind": "turbine", "i": 292, "mw": 6.0, "hub_m": 120.0, "rotor_m": 150.0}}, {"type": "Feature", "geometry": {"type": "Point", "coordinates": [9.18667, 53.73618]}, "properties": {"kind": "turbine", "i": 293, "mw": 6.0, "hub_m": 120.0, "rotor_m": 150.0}}, {"type": "Feature", "geometry": {"type": "Point", "coordinates": [8.92044, 54.01199]}, "properties": {"kind": "turbine", "i": 294, "mw": 6.0, "hub_m": 120.0, "rotor_m": 150.0}}, {"type": "Feature", "geometry": {"type": "Point", "coordinates": [9.40886, 53.8144]}, "properties": {"kind": "turbine", "i": 295, "mw": 6.0, "hub_m": 120.0, "rotor_m": 150.0}}, {"type": "Feature", "geometry": {"type": "Point", "coordinates": [9.02061, 53.75274]}, "properties": {"kind": "turbine", "i": 296, "mw": 6.0, "hub_m": 120.0, "rotor_m": 150.0}}, {"type": "Feature", "geometry": {"type": "Point", "coordinates": [9.33312, 54.05422]}, "properties": {"kind": "turbine", "i": 297, "mw": 6.0, "hub_m": 120.0, "rotor_m": 150.0}}, {"type": "Feature", "geometry": {"type": "Point", "coordinates": [9.13131, 53.73297]}, "properties": {"kind": "turbine", "i": 298, "mw": 6.0, "hub_m": 120.0, "rotor_m": 150.0}}, {"type": "Feature", "geometry": {"type": "Point", "coordinates": [9.43686, 53.84056]}, "properties": {"kind": "turbine", "i": 299, "mw": 6.0, "hub_m": 120.0, "rotor_m": 150.0}}, {"type": "Feature", "geometry": {"type": "Point", "coordinates": [9.24758, 53.73936]}, "properties": {"kind": "turbine", "i": 300, "mw": 6.0, "hub_m": 120.0, "rotor_m": 150.0}}, {"type": "Feature", "geometry": {"type": "Point", "coordinates": [9.41075, 54.00803]}, "properties": {"kind": "turbine", "i": 301, "mw": 6.0, "hub_m": 120.0, "rotor_m": 150.0}}, {"type": "Feature", "geometry": {"type": "Point", "coordinates": [9.16033, 54.08739]}, "properties": {"kind": "turbine", "i": 302, "mw": 6.0, "hub_m": 120.0, "rotor_m": 150.0}}, {"type": "Feature", "geometry": {"type": "Point", "coordinates": [8.93194, 53.7921]}, "properties": {"kind": "turbine", "i": 303, "mw": 6.0, "hub_m": 120.0, "rotor_m": 150.0}}, {"type": "Feature", "geometry": {"type": "Point", "coordinates": [8.98738, 53.76258]}, "properties": {"kind": "turbine", "i": 304, "mw": 6.0, "hub_m": 120.0, "rotor_m": 150.0}}, {"type": "Feature", "geometry": {"type": "Point", "coordinates": [9.45379, 53.86675]}, "properties": {"kind": "turbine", "i": 305, "mw": 6.0, "hub_m": 120.0, "rotor_m": 150.0}}, {"type": "Feature", "geometry": {"type": "Point", "coordinates": [8.90374, 54.00541]}, "properties": {"kind": "turbine", "i": 306, "mw": 6.0, "hub_m": 120.0, "rotor_m": 150.0}}, {"type": "Feature", "geometry": {"type": "Point", "coordinates": [8.97076, 53.76915]}, "properties": {"kind": "turbine", "i": 307, "mw": 6.0, "hub_m": 120.0, "rotor_m": 150.0}}, {"type": "Feature", "geometry": {"type": "Point", "coordinates": [9.25519, 54.08067]}, "properties": {"kind": "turbine", "i": 308, "mw": 6.0, "hub_m": 120.0, "rotor_m": 150.0}}, {"type": "Feature", "geometry": {"type": "Point", "coordinates": [9.44806, 53.85036]}, "properties": {"kind": "turbine", "i": 309, "mw": 6.0, "hub_m": 120.0, "rotor_m": 150.0}}, {"type": "Feature", "geometry": {"type": "Point", "coordinates": [9.11469, 53.72971]}, "properties": {"kind": "turbine", "i": 310, "mw": 6.0, "hub_m": 120.0, "rotor_m": 150.0}}, {"type": "Feature", "geometry": {"type": "Point", "coordinates": [9.34745, 53.76536]}, "properties": {"kind": "turbine", "i": 311, "mw": 6.0, "hub_m": 120.0, "rotor_m": 150.0}}, {"type": "Feature", "geometry": {"type": "Point", "coordinates": [9.46508, 53.88312]}, "properties": {"kind": "turbine", "i": 312, "mw": 6.0, "hub_m": 120.0, "rotor_m": 150.0}}, {"type": "Feature", "geometry": {"type": "Point", "coordinates": [9.4439, 53.98166]}, "properties": {"kind": "turbine", "i": 313, "mw": 6.0, "hub_m": 120.0, "rotor_m": 150.0}}, {"type": "Feature", "geometry": {"type": "Point", "coordinates": [9.27526, 53.73929]}, "properties": {"kind": "turbine", "i": 314, "mw": 6.0, "hub_m": 120.0, "rotor_m": 150.0}}, {"type": "Feature", "geometry": {"type": "Point", "coordinates": [9.47097, 53.91263]}, "properties": {"kind": "turbine", "i": 315, "mw": 6.0, "hub_m": 120.0, "rotor_m": 150.0}}, {"type": "Feature", "geometry": {"type": "Point", "coordinates": [9.47108, 53.92248]}, "properties": {"kind": "turbine", "i": 316, "mw": 6.0, "hub_m": 120.0, "rotor_m": 150.0}}, {"type": "Feature", "geometry": {"type": "Point", "coordinates": [9.27752, 54.08062]}, "properties": {"kind": "turbine", "i": 317, "mw": 6.0, "hub_m": 120.0, "rotor_m": 150.0}}, {"type": "Feature", "geometry": {"type": "Point", "coordinates": [9.23092, 53.72954]}, "properties": {"kind": "turbine", "i": 318, "mw": 6.0, "hub_m": 120.0, "rotor_m": 150.0}}, {"type": "Feature", "geometry": {"type": "Point", "coordinates": [9.45493, 53.97177]}, "properties": {"kind": "turbine", "i": 319, "mw": 6.0, "hub_m": 120.0, "rotor_m": 150.0}}, {"type": "Feature", "geometry": {"type": "Point", "coordinates": [8.93196, 53.78226]}, "properties": {"kind": "turbine", "i": 320, "mw": 6.0, "hub_m": 120.0, "rotor_m": 150.0}}, {"type": "Feature", "geometry": {"type": "Point", "coordinates": [9.20877, 53.7263]}, "properties": {"kind": "turbine", "i": 321, "mw": 6.0, "hub_m": 120.0, "rotor_m": 150.0}}, {"type": "Feature", "geometry": {"type": "Point", "coordinates": [8.9486, 53.77242]}, "properties": {"kind": "turbine", "i": 322, "mw": 6.0, "hub_m": 120.0, "rotor_m": 150.0}}, {"type": "Feature", "geometry": {"type": "Point", "coordinates": [9.44227, 53.82741]}, "properties": {"kind": "turbine", "i": 323, "mw": 6.0, "hub_m": 120.0, "rotor_m": 150.0}}, {"type": "Feature", "geometry": {"type": "Point", "coordinates": [9.03752, 54.08093]}, "properties": {"kind": "turbine", "i": 324, "mw": 6.0, "hub_m": 120.0, "rotor_m": 150.0}}, {"type": "Feature", "geometry": {"type": "Point", "coordinates": [9.42747, 54.00797]}, "properties": {"kind": "turbine", "i": 325, "mw": 6.0, "hub_m": 120.0, "rotor_m": 150.0}}, {"type": "Feature", "geometry": {"type": "Point", "coordinates": [9.23292, 54.09056]}, "properties": {"kind": "turbine", "i": 326, "mw": 6.0, "hub_m": 120.0, "rotor_m": 150.0}}, {"type": "Feature", "geometry": {"type": "Point", "coordinates": [9.17555, 53.72307]}, "properties": {"kind": "turbine", "i": 327, "mw": 6.0, "hub_m": 120.0, "rotor_m": 150.0}}, {"type": "Feature", "geometry": {"type": "Point", "coordinates": [9.11011, 54.09401]}, "properties": {"kind": "turbine", "i": 328, "mw": 6.0, "hub_m": 120.0, "rotor_m": 150.0}}, {"type": "Feature", "geometry": {"type": "Point", "coordinates": [8.97077, 53.7593]}, "properties": {"kind": "turbine", "i": 329, "mw": 6.0, "hub_m": 120.0, "rotor_m": 150.0}}, {"type": "Feature", "geometry": {"type": "Point", "coordinates": [9.004, 53.74617]}, "properties": {"kind": "turbine", "i": 330, "mw": 6.0, "hub_m": 120.0, "rotor_m": 150.0}}, {"type": "Feature", "geometry": {"type": "Point", "coordinates": [9.46479, 53.85686]}, "properties": {"kind": "turbine", "i": 331, "mw": 6.0, "hub_m": 120.0, "rotor_m": 150.0}}, {"type": "Feature", "geometry": {"type": "Point", "coordinates": [9.34183, 53.75553]}, "properties": {"kind": "turbine", "i": 332, "mw": 6.0, "hub_m": 120.0, "rotor_m": 150.0}}, {"type": "Feature", "geometry": {"type": "Point", "coordinates": [9.13245, 54.09727]}, "properties": {"kind": "turbine", "i": 333, "mw": 6.0, "hub_m": 120.0, "rotor_m": 150.0}}, {"type": "Feature", "geometry": {"type": "Point", "coordinates": [9.29741, 53.73924]}, "properties": {"kind": "turbine", "i": 334, "mw": 6.0, "hub_m": 120.0, "rotor_m": 150.0}}, {"type": "Feature", "geometry": {"type": "Point", "coordinates": [9.00403, 54.07437]}, "properties": {"kind": "turbine", "i": 335, "mw": 6.0, "hub_m": 120.0, "rotor_m": 150.0}}, {"type": "Feature", "geometry": {"type": "Point", "coordinates": [9.43659, 53.8143]}, "properties": {"kind": "turbine", "i": 336, "mw": 6.0, "hub_m": 120.0, "rotor_m": 150.0}}, {"type": "Feature", "geometry": {"type": "Point", "coordinates": [9.47145, 53.9553]}, "properties": {"kind": "turbine", "i": 337, "mw": 6.0, "hub_m": 120.0, "rotor_m": 150.0}}, {"type": "Feature", "geometry": {"type": "Point", "coordinates": [9.44958, 53.99148]}, "properties": {"kind": "turbine", "i": 338, "mw": 6.0, "hub_m": 120.0, "rotor_m": 150.0}}, {"type": "Feature", "geometry": {"type": "Point", "coordinates": [8.98738, 53.74946]}, "properties": {"kind": "turbine", "i": 339, "mw": 6.0, "hub_m": 120.0, "rotor_m": 150.0}}, {"type": "Feature", "geometry": {"type": "Point", "coordinates": [9.21062, 54.09716]}, "properties": {"kind": "turbine", "i": 340, "mw": 6.0, "hub_m": 120.0, "rotor_m": 150.0}}, {"type": "Feature", "geometry": {"type": "Point", "coordinates": [9.36404, 53.76203]}, "properties": {"kind": "turbine", "i": 341, "mw": 6.0, "hub_m": 120.0, "rotor_m": 150.0}}, {"type": "Feature", "geometry": {"type": "Point", "coordinates": [9.19213, 53.71976]}, "properties": {"kind": "turbine", "i": 342, "mw": 6.0, "hub_m": 120.0, "rotor_m": 150.0}}, {"type": "Feature", "geometry": {"type": "Point", "coordinates": [9.46468, 53.84702]}, "properties": {"kind": "turbine", "i": 343, "mw": 6.0, "hub_m": 120.0, "rotor_m": 150.0}}, {"type": "Feature", "geometry": {"type": "Point", "coordinates": [8.95415, 53.76258]}, "properties": {"kind": "turbine", "i": 344, "mw": 6.0, "hub_m": 120.0, "rotor_m": 150.0}}, {"type": "Feature", "geometry": {"type": "Point", "coordinates": [8.89813, 54.02182]}, "properties": {"kind": "turbine", "i": 345, "mw": 6.0, "hub_m": 120.0, "rotor_m": 150.0}}, {"type": "Feature", "geometry": {"type": "Point", "coordinates": [8.98729, 54.07109]}, "properties": {"kind": "turbine", "i": 346, "mw": 6.0, "hub_m": 120.0, "rotor_m": 150.0}}, {"type": "Feature", "geometry": {"type": "Point", "coordinates": [9.13679, 53.71656]}, "properties": {"kind": "turbine", "i": 347, "mw": 6.0, "hub_m": 120.0, "rotor_m": 150.0}}, {"type": "Feature", "geometry": {"type": "Point", "coordinates": [9.46457, 53.83717]}, "properties": {"kind": "turbine", "i": 348, "mw": 6.0, "hub_m": 120.0, "rotor_m": 150.0}}, {"type": "Feature", "geometry": {"type": "Point", "coordinates": [9.01519, 54.08422]}, "properties": {"kind": "turbine", "i": 349, "mw": 6.0, "hub_m": 120.0, "rotor_m": 150.0}}, {"type": "Feature", "geometry": {"type": "Point", "coordinates": [8.92643, 53.77241]}, "properties": {"kind": "turbine", "i": 350, "mw": 6.0, "hub_m": 120.0, "rotor_m": 150.0}}, {"type": "Feature", "geometry": {"type": "Point", "coordinates": [9.17715, 54.10378]}, "properties": {"kind": "turbine", "i": 351, "mw": 6.0, "hub_m": 120.0, "rotor_m": 150.0}}, {"type": "Feature", "geometry": {"type": "Point", "coordinates": [9.47712, 53.96512]}, "properties": {"kind": "turbine", "i": 352, "mw": 6.0, "hub_m": 120.0, "rotor_m": 150.0}}, {"type": "Feature", "geometry": {"type": "Point", "coordinates": [9.21978, 53.71643]}, "properties": {"kind": "turbine", "i": 353, "mw": 6.0, "hub_m": 120.0, "rotor_m": 150.0}}, {"type": "Feature", "geometry": {"type": "Point", "coordinates": [9.34999, 54.07058]}, "properties": {"kind": "turbine", "i": 354, "mw": 6.0, "hub_m": 120.0, "rotor_m": 150.0}}]}