{"type": "FeatureCollection", "features": [{"type": "Feature", "geometry": {"type": "MultiPolygon", "coordinates": [[[[-99.19602, 36.40096], [-99.19733, 36.39377], [-99.20812, 36.39376], [-99.20815, 36.39848], [-99.20724, 36.4], [-99.20663, 36.40287], [-99.2067, 36.40367], [-99.20703, 36.40432], [-99.1954, 36.40439], [-99.19602, 36.40096]]], [[[-99.19936, 36.38715], [-99.20075, 36.38717], [-99.20162, 36.38777], [-99.20262, 36.388], [-99.20367, 36.38796], [-99.20458, 36.38764], [-99.20539, 36.38693], [-99.20637, 36.38646], [-99.20695, 36.3858], [-99.20719, 36.38467], [-99.20684, 36.38375], [-99.20776, 36.38286], [-99.20903, 36.38232], [-99.20969, 36.38148], [-99.20975, 36.38019], [-99.20901, 36.37917], [-99.20827, 36.37872], [-99.20713, 36.37842], [-99.20419, 36.37638], [-99.20276, 36.37609], [-99.20391, 36.37233], [-99.20721, 36.36483], [-99.20788, 36.36435], [-99.20762, 36.36708], [-99.20712, 36.36827], [-99.20572, 36.36963], [-99.20533, 36.37024], [-99.20474, 36.37222], [-99.20478, 36.37326], [-99.20513, 36.374], [-99.20571, 36.3746], [-99.20677, 36.37522], [-99.20755, 36.37542], [-99.20786, 36.37646], [-99.20858, 36.37729], [-99.20979, 36.3779], [-99.21101, 36.37821], [-99.21348, 36.37962], [-99.21119, 36.38102], [-99.20997, 36.38242], [-99.20958, 36.38433], [-99.20986, 36.38623], [-99.21034, 36.3871], [-99.21103, 36.3878], [-99.21279, 36.3887], [-99.21502, 36.38912], [-99.21795, 36.38914], [-99.22016, 36.38889], [-99.2215, 36.38842], [-99.22278, 36.38901], [-99.22381, 36.38979], [-99.22638, 36.39125], [-99.22612, 36.40431], [-99.22118, 36.40433], [-99.22008, 36.40408], [-99.21888, 36.40432], [-99.21292, 36.40432], [-99.21292, 36.40111], [-99.21345, 36.40179], [-99.21405, 36.40216], [-99.21507, 36.40245], [-99.2162, 36.40247], [-99.21701, 36.40225], [-99.21787, 36.40169], [-99.21837, 36.40091], [-99.21847, 36.40007], [-99.21828, 36.39927], [-99.21787, 36.39872], [-99.21709, 36.39819], [-99.2161, 36.39794], [-99.2159, 36.3968], [-99.21529, 36.39605], [-99.21413, 36.3955], [-99.21291, 36.39545], [-99.21288, 36.39203], [-99.21239, 36.39083], [-99.2116, 36.39023], [-99.21036, 36.3899], [-99.19851, 36.38991], [-99.19936, 36.38715]], [[-99.2173, 36.39363], [-99.21703, 36.39448], [-99.21717, 36.39535], [-99.21769, 36.39609], [-99.21852, 36.39661], [-99.21977, 36.3969], [-99.22085, 36.39683], [-99.22184, 36.39641], [-99.22253, 36.39572], [-99.22284, 36.39488], [-99.22272, 36.39398], [-99.22206, 36.39313], [-99.22119, 36.39265], [-99.22005, 36.39238], [-99.21888, 36.39249], [-99.21795, 36.39293], [-99.2173, 36.39363]]], [[[-99.2014, 36.3805], [-99.20204, 36.38103], [-99.20105, 36.38228], [-99.20087, 36.38224], [-99.2014, 36.3805]]], [[[-99.20921, 36.36027], [-99.20962, 36.36059], [-99.20959, 36.36076], [-99.20839, 36.36322], [-99.20828, 36.36239], [-99.20921, 36.36027]]], [[[-99.21307, 36.35149], [-99.21381, 36.35021], [-99.22618, 36.35029], [-99.22627, 36.36392], [-99.2252, 36.36471], [-99.22477, 36.36589], [-99.22522, 36.36706], [-99.22643, 36.36789], [-99.22672, 36.37707], [-99.22512, 36.37497], [-99.22355, 36.37426], [-99.22315, 36.37346], [-99.2225, 36.37277], [-99.22118, 36.37189], [-99.22003, 36.37137], [-99.2184, 36.37114], [-99.21708, 36.37124], [-99.21614, 36.37152], [-99.21446, 36.37274], [-99.21393, 36.37351], [-99.21366, 36.37439], [-99.21325, 36.37422], [-99.2125, 36.37288], [-99.21086, 36.37175], [-99.2119, 36.3708], [-99.21264, 36.36963], [-99.21311, 36.36839], [-99.21345, 36.36525], [-99.21412, 36.36396], [-99.21489, 36.36312], [-99.21519, 36.36235], [-99.21512, 36.36001], [-99.21446, 36.35826], [-99.21349, 36.35684], [-99.21142, 36.35524], [-99.21307, 36.35149]]], [[[-99.22222, 36.33575], [-99.22616, 36.33579], [-99.22613, 36.34643], [-99.21605, 36.34636], [-99.22222, 36.33575]]], [[[-99.2247, 36.33147], [-99.22618, 36.32947], [-99.22617, 36.33192], [-99.22445, 36.33191], [-99.2247, 36.33147]]], [[[-99.23215, 36.32136], [-99.23849, 36.32135], [-99.24403, 36.32575], [-99.24401, 36.33195], [-99.23095, 36.33195], [-99.23099, 36.32294], [-99.23215, 36.32136]]], [[[-99.2387, 36.31247], [-99.2438, 36.30688], [-99.24414, 36.30688], [-99.24414, 36.30866], [-99.24327, 36.30876], [-99.24242, 36.30912], [-99.24138, 36.31029], [-99.2413, 36.31147], [-99.24181, 36.31237], [-99.24105, 36.31282], [-99.24, 36.31406], [-99.23863, 36.31411], [-99.23735, 36.31464], [-99.23719, 36.31452], [-99.2387, 36.31247]]], [[[-99.25492, 36.29467], [-99.25735, 36.2925], [-99.25833, 36.2925], [-99.25829, 36.29328], [-99.25725, 36.29369], [-99.25613, 36.29469], [-99.25583, 36.29546], [-99.25593, 36.29637], [-99.25676, 36.29739], [-99.25816, 36.29802], [-99.25946, 36.298], [-99.26064, 36.29752], [-99.262, 36.29724], [-99.262, 36.30236], [-99.26095, 36.30201], [-99.2599, 36.30195], [-99.2587, 36.30231], [-99.25786, 36.30307], [-99.24885, 36.30302], [-99.24893, 36.30125], [-99.25492, 36.29467]]], [[[-99.26203, 36.28829], [-99.26203, 36.28865], [-99.26163, 36.28865], [-99.26203, 36.28829]]], [[[-99.26958, 36.28151], [-99.26974, 36.28211], [-99.26902, 36.28271], [-99.26858, 36.28367], [-99.26857, 36.28427], [-99.26894, 36.28532], [-99.26964, 36.28604], [-99.27036, 36.28639], [-99.27136, 36.28655], [-99.27236, 36.28639], [-99.27389, 36.28556], [-99.27462, 36.28437], [-99.2746, 36.28349], [-99.27422, 36.28278], [-99.27488, 36.28188], [-99.27539, 36.2798], [-99.27502, 36.27882], [-99.27415, 36.27808], [-99.27969, 36.27808], [-99.27964, 36.2852], [-99.27907, 36.28469], [-99.27825, 36.28431], [-99.2766, 36.28422], [-99.27523, 36.28483], [-99.27451, 36.2859], [-99.27446, 36.28674], [-99.27475, 36.28757], [-99.27552, 36.28832], [-99.27637, 36.28869], [-99.2668, 36.28867], [-99.26684, 36.28397], [-99.26958, 36.28151]]], [[[-99.27971, 36.27345], [-99.27971, 36.27422], [-99.27867, 36.27421], [-99.27971, 36.27345]]], [[[-99.29313, 36.26354], [-99.29777, 36.26346], [-99.29767, 36.27404], [-99.28448, 36.2742], [-99.2845, 36.26991], [-99.29313, 36.26354]]], [[[-99.31528, 36.25011], [-99.31565, 36.24993], [-99.31554, 36.25963], [-99.31054, 36.25959], [-99.30912, 36.25931], [-99.30765, 36.25924], [-99.30551, 36.25959], [-99.30259, 36.25953], [-99.30261, 36.25777], [-99.31528, 36.25011]]], [[[-99.32789, 36.24395], [-99.32841, 36.24517], [-99.32542, 36.24515], [-99.32789, 36.24395]]], [[[-99.33865, 36.23868], [-99.34408, 36.23658], [-99.34404, 36.24513], [-99.33346, 36.24516], [-99.33206, 36.2419], [-99.33865, 36.23868]]], [[[-99.34896, 36.23469], [-99.34892, 36.23472], [-99.34886, 36.23479], [-99.34886, 36.23473], [-99.34896, 36.23469]]], [[[-99.35166, 36.23365], [-99.36208, 36.23376], [-99.36206, 36.2451], [-99.34881, 36.2451], [-99.34885, 36.23734], [-99.35012, 36.23819], [-99.35107, 36.23836], [-99.3518, 36.2383], [-99.35317, 36.23766], [-99.35378, 36.23699], [-99.35404, 36.23636], [-99.354, 36.23538], [-99.35359, 36.23464], [-99.35273, 36.23398], [-99.35166, 36.23365]]], [[[-99.36208, 36.22962], [-99.36208, 36.2299], [-99.36138, 36.22989], [-99.36208, 36.22962]]], [[[-99.37636, 36.22531], [-99.37789, 36.22587], [-99.37941, 36.22567], [-99.37942, 36.22934], [-99.37841, 36.22994], [-99.36686, 36.22992], [-99.36686, 36.2281], [-99.37636, 36.22531]]], [[[-99.40006, 36.21932], [-99.40108, 36.21924], [-99.40175, 36.21897], [-99.41541, 36.21615], [-99.44239, 36.21281], [-99.46965, 36.21162], [-99.48623, 36.21222], [-99.48625, 36.21533], [-99.48589, 36.21449], [-99.48532, 36.21391], [-99.48432, 36.21336], [-99.48333, 36.21318], [-99.48245, 36.21326], [-99.4815, 36.21366], [-99.48083, 36.21429], [-99.48027, 36.21529], [-99.47239, 36.21522], [-99.47145, 36.21445], [-99.46993, 36.2141], [-99.46857, 36.21439], [-99.46773, 36.21495], [-99.46699, 36.21596], [-99.467, 36.21717], [-99.46786, 36.2182], [-99.46929, 36.21868], [-99.46928, 36.2321], [-99.46826, 36.23185], [-99.46689, 36.23202], [-99.46409, 36.23404], [-99.46223, 36.23436], [-99.46074, 36.23513], [-99.45992, 36.23598], [-99.45954, 36.23671], [-99.45858, 36.23736], [-99.45784, 36.23826], [-99.45762, 36.23929], [-99.458, 36.24048], [-99.45717, 36.24148], [-99.45707, 36.24252], [-99.45605, 36.24283], [-99.45586, 36.24113], [-99.45549, 36.24064], [-99.45477, 36.24017], [-99.45341, 36.23996], [-99.45213, 36.24039], [-99.45167, 36.24082], [-99.45132, 36.24152], [-99.4513, 36.24505], [-99.43885, 36.24512], [-99.43803, 36.24473], [-99.438, 36.24072], [-99.43968, 36.24075], [-99.44067, 36.24044], [-99.44153, 36.23973], [-99.44187, 36.23897], [-99.44181, 36.23799], [-99.44134, 36.23715], [-99.44067, 36.23654], [-99.43989, 36.23621], [-99.4404, 36.23545], [-99.44062, 36.2345], [-99.44058, 36.23383], [-99.44015, 36.23304], [-99.43915, 36.23235], [-99.43785, 36.23214], [-99.43774, 36.23142], [-99.43741, 36.23088], [-99.43679, 36.23038], [-99.4361, 36.23012], [-99.42702, 36.23003], [-99.42767, 36.22941], [-99.42793, 36.22868], [-99.42775, 36.22775], [-99.42723, 36.22713], [-99.42645, 36.22672], [-99.42572, 36.22657], [-99.42274, 36.22651], [-99.42126, 36.22698], [-99.42049, 36.22804], [-99.41963, 36.22824], [-99.41782, 36.22909], [-99.41585, 36.23076], [-99.41542, 36.23143], [-99.4153, 36.24506], [-99.40182, 36.24501], [-99.40177, 36.23389], [-99.40633, 36.23391], [-99.4092, 36.2338], [-99.40987, 36.23364], [-99.41077, 36.23305], [-99.41117, 36.23237], [-99.41118, 36.23143], [-99.41064, 36.2306], [-99.40989, 36.23014], [-99.40899, 36.22996], [-99.38419, 36.22994], [-99.38419, 36.22565], [-99.38546, 36.22542], [-99.38651, 36.22469], [-99.38732, 36.225], [-99.38817, 36.2251], [-99.38933, 36.22493], [-99.3902, 36.22456], [-99.39094, 36.22377], [-99.39118, 36.22289], [-99.39097, 36.22205], [-99.39039, 36.22132], [-99.40006, 36.21932]]], [[[-99.49691, 36.2126], [-99.52393, 36.21573], [-99.55045, 36.22098], [-99.57627, 36.22834], [-99.57634, 36.24495], [-99.56799, 36.24499], [-99.56689, 36.24531], [-99.56612, 36.246], [-99.56588, 36.24654], [-99.56588, 36.24729], [-99.56624, 36.24799], [-99.56685, 36.24849], [-99.56691, 36.25968], [-99.55367, 36.25963], [-99.55374, 36.25005], [-99.55354, 36.24651], [-99.55291, 36.24572], [-99.5518, 36.24523], [-99.54513, 36.24505], [-99.54517, 36.23257], [-99.54499, 36.232], [-99.5442, 36.2309], [-99.54351, 36.23044], [-99.54248, 36.23009], [-99.53814, 36.23013], [-99.53699, 36.23075], [-99.53646, 36.23179], [-99.53673, 36.23289], [-99.53751, 36.23359], [-99.5386, 36.2339], [-99.5404, 36.23391], [-99.54036, 36.24503], [-99.5065, 36.24511], [-99.49106, 36.24489], [-99.49103, 36.21854], [-99.49158, 36.21763], [-99.49148, 36.21663], [-99.49239, 36.2167], [-99.49399, 36.21651], [-99.49533, 36.2157], [-99.4957, 36.21519], [-99.49588, 36.21423], [-99.4963, 36.21345], [-99.49632, 36.21258], [-99.49691, 36.2126]]], [[[-99.60095, 36.23765], [-99.62057, 36.24704], [-99.62062, 36.25929], [-99.58965, 36.25945], [-99.58949, 36.24873], [-99.60528, 36.24852], [-99.60613, 36.24823], [-99.60678, 36.24769], [-99.60713, 36.24699], [-99.60706, 36.24605], [-99.60628, 36.24512], [-99.605, 36.2447], [-99.58111, 36.24493], [-99.58109, 36.23378], [-99.58784, 36.23378], [-99.58927, 36.23324], [-99.60095, 36.23765]]], [[[-99.63869, 36.25733], [-99.6387, 36.27369], [-99.62543, 36.27377], [-99.62531, 36.2494], [-99.63869, 36.25733]]], [[[-99.65675, 36.26938], [-99.65677, 36.27378], [-99.64348, 36.27369], [-99.64348, 36.26306], [-99.64804, 36.26307], [-99.65675, 36.26938]]], [[[-99.6629, 36.27383], [-99.66154, 36.27382], [-99.66154, 36.27284], [-99.6629, 36.27383]]], [[[-99.67462, 36.28353], [-99.67469, 36.30279], [-99.66141, 36.30278], [-99.66153, 36.27768], [-99.66804, 36.27773], [-99.67462, 36.28353]]], [[[-99.68535, 36.29298], [-99.69263, 36.30082], [-99.69263, 36.30267], [-99.68168, 36.30274], [-99.68092, 36.30178], [-99.67946, 36.30133], [-99.67941, 36.28775], [-99.68535, 36.29298]]], [[[-99.70178, 36.31065], [-99.70674, 36.31723], [-99.69768, 36.3172], [-99.6975, 36.30652], [-99.69794, 36.30652], [-99.70178, 36.31065]]], [[[-99.71103, 36.32294], [-99.71102, 36.32345], [-99.70109, 36.33169], [-99.69765, 36.33168], [-99.69773, 36.32107], [-99.70966, 36.32111], [-99.71103, 36.32294]]], [[[-99.71601, 36.32954], [-99.71723, 36.3316], [-99.71551, 36.3316], [-99.7156, 36.329], [-99.71601, 36.32954]]], [[[-99.72183, 36.33931], [-99.72093, 36.34072], [-99.7197, 36.34143], [-99.71887, 36.33979], [-99.71754, 36.33891], [-99.72075, 36.3375], [-99.72183, 36.33931]]], [[[-99.72788, 36.34946], [-99.7329, 36.36055], [-99.72569, 36.36059], [-99.72547, 36.36005], [-99.72489, 36.35946], [-99.7243, 36.35916], [-99.72338, 36.35899], [-99.72247, 36.35913], [-99.72186, 36.35941], [-99.72125, 36.35998], [-99.72099, 36.36057], [-99.71871, 36.36055], [-99.71875, 36.3529], [-99.71814, 36.35191], [-99.71663, 36.35116], [-99.71571, 36.35106], [-99.71502, 36.35118], [-99.71423, 36.35158], [-99.71378, 36.35205], [-99.71274, 36.35166], [-99.71158, 36.35172], [-99.71076, 36.35208], [-99.71024, 36.35258], [-99.70905, 36.35246], [-99.70746, 36.35269], [-99.70608, 36.35305], [-99.70496, 36.35375], [-99.70469, 36.35325], [-99.7061, 36.35303], [-99.70697, 36.35267], [-99.70789, 36.35197], [-99.70847, 36.35097], [-99.70857, 36.34948], [-99.70826, 36.34706], [-99.70762, 36.34493], [-99.70909, 36.3437], [-99.71209, 36.34255], [-99.71331, 36.3415], [-99.71437, 36.34239], [-99.71467, 36.34396], [-99.71535, 36.34509], [-99.71633, 36.34587], [-99.71709, 36.34617], [-99.71812, 36.34625], [-99.72045, 36.34585], [-99.72265, 36.34516], [-99.72405, 36.34429], [-99.72468, 36.3441], [-99.72788, 36.34946]]], [[[-99.73539, 36.36604], [-99.73546, 36.36707], [-99.73627, 36.36798], [-99.73729, 36.37023], [-99.74413, 36.39164], [-99.74466, 36.39436], [-99.74412, 36.39527], [-99.74391, 36.39674], [-99.74428, 36.39794], [-99.74567, 36.3996], [-99.74637, 36.40322], [-99.74636, 36.40416], [-99.74225, 36.40416], [-99.74169, 36.40128], [-99.74074, 36.40046], [-99.73962, 36.40021], [-99.73828, 36.4005], [-99.73736, 36.40135], [-99.73712, 36.40289], [-99.73737, 36.40415], [-99.73041, 36.40415], [-99.73054, 36.40136], [-99.72959, 36.398], [-99.72912, 36.39735], [-99.72859, 36.39698], [-99.72725, 36.39669], [-99.72656, 36.39679], [-99.72575, 36.39716], [-99.72518, 36.39776], [-99.72496, 36.3983], [-99.72499, 36.39905], [-99.72577, 36.40179], [-99.72562, 36.40418], [-99.70481, 36.4042], [-99.69397, 36.40404], [-99.6618, 36.40417], [-99.66186, 36.39419], [-99.66152, 36.39349], [-99.66087, 36.39295], [-99.66001, 36.39265], [-99.65931, 36.39262], [-99.65841, 36.39283], [-99.65784, 36.39316], [-99.65717, 36.39415], [-99.65701, 36.4042], [-99.64395, 36.4041], [-99.64409, 36.39978], [-99.64395, 36.39923], [-99.64347, 36.39858], [-99.64293, 36.39822], [-99.64205, 36.39796], [-99.64135, 36.39796], [-99.64047, 36.39821], [-99.63978, 36.39872], [-99.63938, 36.3994], [-99.63926, 36.40061], [-99.6385, 36.40111], [-99.63801, 36.40196], [-99.63817, 36.40308], [-99.63917, 36.40399], [-99.63909, 36.40777], [-99.63277, 36.40776], [-99.63085, 36.40803], [-99.6296, 36.4079], [-99.62816, 36.40227], [-99.62734, 36.40041], [-99.6281, 36.40007], [-99.63046, 36.40073], [-99.63224, 36.40069], [-99.63359, 36.40044], [-99.63592, 36.39943], [-99.63792, 36.39736], [-99.6391, 36.3952], [-99.63899, 36.39408], [-99.63841, 36.3933], [-99.63792, 36.39141], [-99.63735, 36.39069], [-99.64377, 36.38871], [-99.64479, 36.38794], [-99.64635, 36.38731], [-99.64807, 36.38629], [-99.64968, 36.38469], [-99.65216, 36.38504], [-99.65322, 36.38597], [-99.65464, 36.38662], [-99.65406, 36.38718], [-99.65375, 36.38788], [-99.65386, 36.389], [-99.65437, 36.38963], [-99.65493, 36.38998], [-99.65582, 36.3902], [-99.65652, 36.39018], [-99.65758, 36.38979], [-99.65974, 36.3882], [-99.66122, 36.38797], [-99.66595, 36.38668], [-99.66842, 36.38662], [-99.66937, 36.38637], [-99.67754, 36.38173], [-99.67903, 36.38147], [-99.68492, 36.37961], [-99.68874, 36.37942], [-99.68995, 36.37886], [-99.69044, 36.37822], [-99.6906, 36.37748], [-99.69039, 36.37674], [-99.68984, 36.37613], [-99.6886, 36.37563], [-99.68554, 36.37563], [-99.68702, 36.37509], [-99.68825, 36.37423], [-99.68906, 36.37329], [-99.68934, 36.37255], [-99.68926, 36.37162], [-99.68821, 36.36934], [-99.68757, 36.36638], [-99.68894, 36.36699], [-99.69103, 36.36716], [-99.69205, 36.36704], [-99.69345, 36.36658], [-99.69829, 36.36343], [-99.69883, 36.36279], [-99.6994, 36.36142], [-99.69928, 36.3596], [-99.69818, 36.35733], [-99.69765, 36.35668], [-99.69664, 36.35589], [-99.69487, 36.35508], [-99.6938, 36.35489], [-99.69228, 36.35506], [-99.69229, 36.35448], [-99.69467, 36.35273], [-99.69636, 36.35254], [-99.69852, 36.35272], [-99.70013, 36.35308], [-99.69997, 36.3538], [-99.70017, 36.35454], [-99.70189, 36.35739], [-99.70217, 36.35845], [-99.70352, 36.35993], [-99.70249, 36.36043], [-99.70185, 36.36143], [-99.702, 36.36254], [-99.7027, 36.36329], [-99.70399, 36.36371], [-99.71098, 36.36421], [-99.71073, 36.36702], [-99.71075, 36.37355], [-99.70992, 36.37465], [-99.70966, 36.37564], [-99.71005, 36.37672], [-99.71111, 36.37744], [-99.71226, 36.37758], [-99.71355, 36.37716], [-99.71532, 36.37494], [-99.71551, 36.37421], [-99.71561, 36.36555], [-99.71654, 36.3652], [-99.7175, 36.36441], [-99.73465, 36.36441], [-99.73539, 36.36604]], [[-99.70096, 36.37931], [-99.70179, 36.37897], [-99.7026, 36.37823], [-99.70289, 36.37751], [-99.70274, 36.37658], [-99.70224, 36.37595], [-99.70147, 36.37552], [-99.70056, 36.37535], [-99.69914, 36.37546], [-99.69834, 36.37585], [-99.69779, 36.37646], [-99.69757, 36.37719], [-99.69771, 36.37794], [-99.69819, 36.37858], [-99.69914, 36.37914], [-99.70003, 36.37937], [-99.70096, 36.37931]], [[-99.70602, 36.39713], [-99.70655, 36.39651], [-99.70674, 36.39569], [-99.70651, 36.39472], [-99.70606, 36.39408], [-99.70642, 36.39337], [-99.70641, 36.39262], [-99.70562, 36.39097], [-99.70505, 36.3903], [-99.70401, 36.38959], [-99.70222, 36.38896], [-99.70203, 36.38746], [-99.70129, 36.38651], [-99.70002, 36.38606], [-99.69865, 36.38625], [-99.69777, 36.38687], [-99.6974, 36.38756], [-99.69763, 36.39065], [-99.69847, 36.3918], [-99.69954, 36.39237], [-99.70128, 36.3928], [-99.70144, 36.3934], [-99.69905, 36.3931], [-99.69773, 36.39345], [-99.69722, 36.39384], [-99.6968, 36.39452], [-99.69674, 36.39527], [-99.69703, 36.39598], [-99.69764, 36.39656], [-99.69847, 36.39689], [-99.70376, 36.39775], [-99.70495, 36.39763], [-99.70602, 36.39713]]], [[[-99.74543, 36.47696], [-99.73314, 36.47698], [-99.73299, 36.45499], [-99.73452, 36.45417], [-99.73697, 36.45399], [-99.73805, 36.45483], [-99.73955, 36.45514], [-99.74111, 36.45486], [-99.74278, 36.45405], [-99.74425, 36.45404], [-99.74619, 36.45435], [-99.74617, 36.47271], [-99.74543, 36.47696]]], [[[-99.74349, 36.48451], [-99.74282, 36.485], [-99.74236, 36.48572], [-99.74227, 36.48654], [-99.74262, 36.48741], [-99.74139, 36.4915], [-99.69751, 36.49143], [-99.69756, 36.48543], [-99.69848, 36.48597], [-99.69941, 36.48625], [-99.70196, 36.48621], [-99.70282, 36.48593], [-99.70335, 36.48555], [-99.70371, 36.48506], [-99.7039, 36.48432], [-99.70363, 36.48341], [-99.70285, 36.48271], [-99.70199, 36.48242], [-99.70097, 36.48242], [-99.69994, 36.4814], [-99.699, 36.48107], [-99.69758, 36.48097], [-99.69758, 36.4808], [-99.7446, 36.48083], [-99.74349, 36.48451]]], [[[-99.73852, 36.50107], [-99.73016, 36.5204], [-99.71501, 36.52034], [-99.71516, 36.50163], [-99.71496, 36.49535], [-99.74023, 36.49537], [-99.73852, 36.50107]]], [[[-99.72215, 36.53473], [-99.69751, 36.53481], [-99.69743, 36.52434], [-99.72816, 36.52426], [-99.72215, 36.53473]]], [[[-99.71796, 36.54201], [-99.70404, 36.56106], [-99.70189, 36.56344], [-99.6977, 36.56348], [-99.69757, 36.5414], [-99.69808, 36.54138], [-99.69873, 36.54197], [-99.69966, 36.54235], [-99.70019, 36.54366], [-99.70077, 36.54425], [-99.70159, 36.54461], [-99.70276, 36.54467], [-99.70362, 36.54439], [-99.70415, 36.54401], [-99.7046, 36.54335], [-99.7047, 36.5426], [-99.70369, 36.53982], [-99.70325, 36.53935], [-99.70205, 36.53864], [-99.71993, 36.53858], [-99.71796, 36.54201]]], [[[-99.69771, 36.56806], [-99.69771, 36.56735], [-99.69836, 36.56734], [-99.69771, 36.56806]]], [[[-99.68787, 36.57892], [-99.67976, 36.58624], [-99.67985, 36.56741], [-99.68962, 36.56738], [-99.69136, 36.56813], [-99.69291, 36.56823], [-99.69292, 36.57334], [-99.68787, 36.57892]]], [[[-99.67425, 36.59121], [-99.66783, 36.59123], [-99.66653, 36.59164], [-99.66592, 36.59221], [-99.66563, 36.59292], [-99.6657, 36.59368], [-99.66612, 36.59435], [-99.66683, 36.59484], [-99.66749, 36.59505], [-99.66991, 36.59513], [-99.66535, 36.59856], [-99.66281, 36.59857], [-99.66277, 36.59307], [-99.66237, 36.59217], [-99.66157, 36.59154], [-99.66156, 36.58152], [-99.67508, 36.58174], [-99.67484, 36.59068], [-99.67425, 36.59121]]], [[[-99.62747, 36.62367], [-99.61709, 36.62876], [-99.59891, 36.60248], [-99.59724, 36.59919], [-99.59455, 36.59202], [-99.59812, 36.59152], [-99.59975, 36.59092], [-99.59767, 36.5928], [-99.59689, 36.59392], [-99.59677, 36.59476], [-99.59738, 36.5973], [-99.59848, 36.59821], [-99.59903, 36.59912], [-99.60064, 36.60028], [-99.60246, 36.601], [-99.60423, 36.60096], [-99.60522, 36.60158], [-99.60732, 36.6022], [-99.6092, 36.60204], [-99.61314, 36.60032], [-99.61512, 36.60068], [-99.61626, 36.60061], [-99.61724, 36.6003], [-99.6181, 36.59966], [-99.61857, 36.59899], [-99.61878, 36.59818], [-99.61863, 36.59675], [-99.61886, 36.59657], [-99.6191, 36.59674], [-99.61916, 36.59809], [-99.61987, 36.59956], [-99.62256, 36.60175], [-99.62432, 36.60237], [-99.62573, 36.60239], [-99.62781, 36.60173], [-99.62895, 36.60102], [-99.6292, 36.60284], [-99.62984, 36.60399], [-99.631, 36.60532], [-99.63206, 36.60613], [-99.63297, 36.60655], [-99.63486, 36.60693], [-99.63635, 36.60693], [-99.6374, 36.60668], [-99.63931, 36.60566], [-99.64035, 36.60437], [-99.64247, 36.60297], [-99.64423, 36.60249], [-99.64608, 36.60237], [-99.64921, 36.6028], [-99.65326, 36.60225], [-99.65438, 36.60234], [-99.65447, 36.60269], [-99.65397, 36.60435], [-99.65242, 36.60481], [-99.65145, 36.60586], [-99.6512, 36.60666], [-99.65134, 36.60748], [-99.64964, 36.60722], [-99.64696, 36.60753], [-99.64602, 36.60795], [-99.64511, 36.60876], [-99.64475, 36.60956], [-99.64477, 36.61073], [-99.64508, 36.61131], [-99.6461, 36.61238], [-99.62747, 36.62367]]], [[[-99.58655, 36.64193], [-99.5865, 36.63918], [-99.59356, 36.63922], [-99.58655, 36.64193]]], [[[-99.57929, 36.64474], [-99.57194, 36.6469], [-99.5704, 36.6461], [-99.56885, 36.6461], [-99.568, 36.64645], [-99.56732, 36.64698], [-99.56686, 36.64772], [-99.56678, 36.64842], [-99.5535, 36.65232], [-99.54538, 36.65399], [-99.54496, 36.65342], [-99.54412, 36.65287], [-99.54315, 36.65263], [-99.54206, 36.65272], [-99.54133, 36.65301], [-99.54065, 36.65355], [-99.54023, 36.65432], [-99.54016, 36.65507], [-99.52691, 36.65781], [-99.51733, 36.659], [-99.51605, 36.65834], [-99.51474, 36.6583], [-99.51358, 36.65876], [-99.51283, 36.65956], [-99.50999, 36.65991], [-99.50955, 36.65916], [-99.50883, 36.65861], [-99.50776, 36.65827], [-99.50673, 36.65828], [-99.50579, 36.6586], [-99.50522, 36.65903], [-99.50459, 36.65984], [-99.50441, 36.6606], [-99.49978, 36.66117], [-99.47874, 36.66209], [-99.4787, 36.6592], [-99.47947, 36.65971], [-99.48025, 36.65994], [-99.48124, 36.65998], [-99.48217, 36.65978], [-99.48301, 36.65929], [-99.4836, 36.65861], [-99.48389, 36.65782], [-99.48378, 36.657], [-99.48283, 36.65591], [-99.48034, 36.65457], [-99.47941, 36.65434], [-99.47839, 36.65433], [-99.47764, 36.65453], [-99.47685, 36.65502], [-99.47511, 36.65358], [-99.47601, 36.65074], [-99.47955, 36.6472], [-99.48015, 36.64612], [-99.48041, 36.64498], [-99.48022, 36.64318], [-99.47863, 36.64017], [-99.47843, 36.63942], [-99.47811, 36.62472], [-99.5118, 36.62456], [-99.51689, 36.62467], [-99.51626, 36.62513], [-99.51573, 36.6259], [-99.51573, 36.6272], [-99.51662, 36.62823], [-99.51734, 36.62856], [-99.51832, 36.62871], [-99.51977, 36.62834], [-99.52086, 36.62722], [-99.52091, 36.62588], [-99.52058, 36.62529], [-99.51994, 36.62475], [-99.53061, 36.62498], [-99.53093, 36.63731], [-99.53946, 36.63741], [-99.54631, 36.63719], [-99.54735, 36.63807], [-99.54878, 36.63838], [-99.55019, 36.63801], [-99.5511, 36.6372], [-99.55926, 36.63722], [-99.56439, 36.63749], [-99.56458, 36.63818], [-99.56511, 36.6388], [-99.56568, 36.63913], [-99.56658, 36.63934], [-99.5817, 36.63919], [-99.58178, 36.64378], [-99.57929, 36.64474]], [[-99.49919, 36.63662], [-99.49889, 36.63816], [-99.49946, 36.63978], [-99.50056, 36.64081], [-99.50228, 36.64146], [-99.50159, 36.64208], [-99.50125, 36.64281], [-99.50149, 36.64446], [-99.50234, 36.64533], [-99.50376, 36.64581], [-99.50451, 36.64578], [-99.50543, 36.6455], [-99.50654, 36.64449], [-99.5068, 36.64353], [-99.50664, 36.64278], [-99.50595, 36.64184], [-99.50517, 36.64131], [-99.50676, 36.64043], [-99.50777, 36.64102], [-99.50895, 36.64118], [-99.5097, 36.64216], [-99.51103, 36.64278], [-99.51213, 36.64285], [-99.51329, 36.64251], [-99.51404, 36.64191], [-99.51445, 36.64113], [-99.51481, 36.64193], [-99.51556, 36.6426], [-99.51649, 36.64297], [-99.51752, 36.64302], [-99.51855, 36.64271], [-99.51935, 36.64214], [-99.51982, 36.64143], [-99.52, 36.64064], [-99.5208, 36.64105], [-99.52181, 36.64121], [-99.52257, 36.64112], [-99.52347, 36.64072], [-99.52412, 36.64008], [-99.52477, 36.63851], [-99.52474, 36.63781], [-99.52438, 36.63705], [-99.52383, 36.63649], [-99.52298, 36.63608], [-99.52155, 36.63594], [-99.51978, 36.63648], [-99.51834, 36.63575], [-99.51575, 36.63557], [-99.51455, 36.63592], [-99.51365, 36.63674], [-99.51335, 36.63796], [-99.51368, 36.63917], [-99.51276, 36.63862], [-99.51136, 36.63842], [-99.51082, 36.6376], [-99.50995, 36.63703], [-99.50898, 36.6368], [-99.50783, 36.63692], [-99.50731, 36.6359], [-99.50649, 36.6351], [-99.50541, 36.63454], [-99.504, 36.63422], [-99.50234, 36.63429], [-99.50118, 36.63468], [-99.49994, 36.63557], [-99.49919, 36.63662]], [[-99.55627, 36.64262], [-99.55579, 36.64337], [-99.55572, 36.64426], [-99.55608, 36.64507], [-99.55685, 36.64573], [-99.55785, 36.64611], [-99.55907, 36.64614], [-99.56012, 36.6458], [-99.56093, 36.64515], [-99.56133, 36.6443], [-99.56135, 36.64343], [-99.56091, 36.6426], [-99.56018, 36.64202], [-99.55926, 36.64171], [-99.55816, 36.64172], [-99.5571, 36.64205], [-99.55627, 36.64262]], [[-99.54869, 36.6488], [-99.55004, 36.64803], [-99.55071, 36.64718], [-99.55085, 36.64638], [-99.55053, 36.64531], [-99.55069, 36.64374], [-99.55035, 36.64296], [-99.54963, 36.6423], [-99.54874, 36.64194], [-99.54775, 36.64188], [-99.5468, 36.64211], [-99.5461, 36.64254], [-99.54473, 36.64409], [-99.54438, 36.64485], [-99.54435, 36.64666], [-99.54484, 36.64764], [-99.54566, 36.64824], [-99.54722, 36.64886], [-99.54869, 36.6488]], [[-99.52601, 36.64894], [-99.52717, 36.64875], [-99.52795, 36.64834], [-99.52874, 36.64752], [-99.52898, 36.64669], [-99.52886, 36.64592], [-99.52836, 36.64515], [-99.52742, 36.64453], [-99.52646, 36.64431], [-99.52518, 36.64445], [-99.52431, 36.64488], [-99.52366, 36.64553], [-99.52327, 36.64651], [-99.52344, 36.64746], [-99.52398, 36.64819], [-99.52493, 36.64876], [-99.52601, 36.64894]], [[-99.52047, 36.64785], [-99.52063, 36.64695], [-99.52042, 36.64615], [-99.51974, 36.64539], [-99.51886, 36.64492], [-99.51718, 36.64451], [-99.51618, 36.64453], [-99.51506, 36.64497], [-99.51426, 36.64584], [-99.51407, 36.64666], [-99.51441, 36.64788], [-99.51531, 36.64882], [-99.51646, 36.64933], [-99.51768, 36.64952], [-99.51865, 36.64937], [-99.51982, 36.64871], [-99.52047, 36.64785]], [[-99.5101, 36.65237], [-99.51146, 36.6527], [-99.51264, 36.65253], [-99.51366, 36.65194], [-99.51415, 36.65123], [-99.51429, 36.65037], [-99.51395, 36.64945], [-99.5131, 36.64865], [-99.51209, 36.64816], [-99.51103, 36.64801], [-99.51006, 36.64817], [-99.50922, 36.6486], [-99.50855, 36.64946], [-99.50841, 36.65022], [-99.5087, 36.65118], [-99.50918, 36.65175], [-99.5101, 36.65237]], [[-99.50014, 36.65614], [-99.50095, 36.65576], [-99.50165, 36.65508], [-99.50194, 36.65429], [-99.50183, 36.65345], [-99.50127, 36.65261], [-99.5004, 36.65203], [-99.49942, 36.6518], [-99.49833, 36.65189], [-99.49733, 36.65238], [-99.49668, 36.65309], [-99.49641, 36.6539], [-99.49655, 36.65483], [-99.49711, 36.65559], [-99.49801, 36.65612], [-99.49898, 36.65631], [-99.50014, 36.65614]], [[-99.49329, 36.63262], [-99.49483, 36.63177], [-99.49533, 36.63103], [-99.49664, 36.62997], [-99.49731, 36.62881], [-99.49738, 36.628], [-99.49707, 36.62724], [-99.49635, 36.62656], [-99.4953, 36.62614], [-99.49388, 36.62611], [-99.49272, 36.6266], [-99.49182, 36.62763], [-99.49151, 36.6284], [-99.49052, 36.62905], [-99.48995, 36.62987], [-99.48988, 36.63099], [-99.49062, 36.63209], [-99.49175, 36.63264], [-99.49329, 36.63262]], [[-99.49814, 36.64024], [-99.49817, 36.63935], [-99.49778, 36.63855], [-99.49698, 36.63792], [-99.496, 36.6376], [-99.49483, 36.63764], [-99.49393, 36.63796], [-99.49321, 36.63854], [-99.49282, 36.63926], [-99.49281, 36.64014], [-99.4932, 36.64097], [-99.49397, 36.6416], [-99.49495, 36.64193], [-99.49598, 36.64194], [-99.49693, 36.64163], [-99.49775, 36.64097], [-99.49814, 36.64024]], [[-99.48829, 36.64278], [-99.489, 36.64198], [-99.49019, 36.64193], [-99.49111, 36.64153], [-99.49196, 36.64078], [-99.49231, 36.64019], [-99.49247, 36.63945], [-99.49225, 36.63861], [-99.49163, 36.63792], [-99.49069, 36.63743], [-99.48968, 36.6373], [-99.48892, 36.63742], [-99.48801, 36.63786], [-99.48696, 36.63884], [-99.48533, 36.6388], [-99.48421, 36.63922], [-99.4834, 36.64006], [-99.48318, 36.64106], [-99.4825, 36.6414], [-99.48185, 36.64207], [-99.48158, 36.64307], [-99.48188, 36.64406], [-99.48258, 36.64482], [-99.48349, 36.64531], [-99.48491, 36.64557], [-99.4859, 36.6454], [-99.48683, 36.64487], [-99.48746, 36.64405], [-99.48757, 36.64316], [-99.48829, 36.64278]], [[-99.48599, 36.65055], [-99.48718, 36.65085], [-99.4884, 36.65068], [-99.48963, 36.64988], [-99.49025, 36.64891], [-99.49035, 36.64805], [-99.48993, 36.64709], [-99.48876, 36.64602], [-99.4878, 36.64562], [-99.48672, 36.64555], [-99.48553, 36.64592], [-99.48474, 36.64662], [-99.48413, 36.64777], [-99.48406, 36.64863], [-99.4844, 36.64941], [-99.48498, 36.64998], [-99.48599, 36.65055]], [[-99.49453, 36.65147], [-99.49575, 36.65167], [-99.49702, 36.65142], [-99.49787, 36.65085], [-99.49896, 36.64959], [-99.49927, 36.64878], [-99.49917, 36.6477], [-99.49869, 36.64698], [-99.49784, 36.6464], [-99.49684, 36.64616], [-99.49557, 36.64633], [-99.49376, 36.64708], [-99.49279, 36.64792], [-99.49241, 36.64906], [-99.49262, 36.65008], [-99.49331, 36.6509], [-99.49453, 36.65147]], [[-99.48443, 36.65314], [-99.48483, 36.65236], [-99.48482, 36.65152], [-99.4844, 36.65074], [-99.48359, 36.65011], [-99.48239, 36.64964], [-99.48135, 36.6496], [-99.48016, 36.65001], [-99.47944, 36.65068], [-99.47911, 36.65146], [-99.47919, 36.65231], [-99.47974, 36.65316], [-99.48066, 36.65381], [-99.48173, 36.65414], [-99.48272, 36.65412], [-99.48363, 36.6538], [-99.48443, 36.65314]], [[-99.48997, 36.65726], [-99.49222, 36.65667], [-99.49298, 36.65599], [-99.49336, 36.65521], [-99.49333, 36.6542], [-99.49299, 36.65342], [-99.49225, 36.65275], [-99.49111, 36.65235], [-99.49035, 36.65234], [-99.48831, 36.65272], [-99.48732, 36.65335], [-99.48674, 36.65427], [-99.48671, 36.65561], [-99.48729, 36.65655], [-99.48836, 36.65714], [-99.48997, 36.65726]], [[-99.49481, 36.65864], [-99.49442, 36.65788], [-99.49364, 36.65727], [-99.49268, 36.65696], [-99.49159, 36.65696], [-99.49066, 36.65727], [-99.48976, 36.65801], [-99.48941, 36.65874], [-99.48942, 36.65957], [-99.48981, 36.66032], [-99.49059, 36.66095], [-99.49154, 36.66127], [-99.49263, 36.66126], [-99.49363, 36.66091], [-99.49446, 36.66023], [-99.49482, 36.65949], [-99.49481, 36.65864]]], [[[-99.47237, 36.66237], [-99.47199, 36.66236], [-99.47287, 36.66176], [-99.47391, 36.66039], [-99.47394, 36.6623], [-99.47237, 36.66237]]], [[[-99.44494, 36.66139], [-99.44317, 36.66119], [-99.44245, 36.66008], [-99.44104, 36.65946], [-99.44002, 36.65946], [-99.4393, 36.65967], [-99.43816, 36.66061], [-99.4291, 36.65956], [-99.4289, 36.65879], [-99.42851, 36.65826], [-99.42782, 36.65775], [-99.42686, 36.65744], [-99.42547, 36.65743], [-99.42469, 36.65762], [-99.42382, 36.65814], [-99.42329, 36.65888], [-99.41722, 36.65814], [-99.41626, 36.65728], [-99.41515, 36.65689], [-99.41515, 36.65242], [-99.41474, 36.65164], [-99.41395, 36.65094], [-99.4131, 36.65059], [-99.41202, 36.65046], [-99.41209, 36.64697], [-99.41242, 36.64614], [-99.41403, 36.64604], [-99.41552, 36.64513], [-99.41622, 36.64441], [-99.41649, 36.6436], [-99.41772, 36.64342], [-99.4187, 36.64289], [-99.41942, 36.64194], [-99.41942, 36.64076], [-99.41896, 36.64003], [-99.41827, 36.63951], [-99.41755, 36.63924], [-99.41655, 36.63917], [-99.41554, 36.63941], [-99.4148, 36.63981], [-99.41421, 36.64044], [-99.41395, 36.64116], [-99.41281, 36.64126], [-99.4116, 36.64169], [-99.41174, 36.6411], [-99.41229, 36.64051], [-99.41258, 36.63971], [-99.41227, 36.63815], [-99.41078, 36.63666], [-99.41004, 36.63618], [-99.40889, 36.63586], [-99.40734, 36.63588], [-99.40624, 36.63491], [-99.40626, 36.6336], [-99.40796, 36.63409], [-99.40913, 36.63411], [-99.41034, 36.63499], [-99.41178, 36.63533], [-99.41313, 36.63512], [-99.41446, 36.63426], [-99.41501, 36.63334], [-99.41496, 36.63235], [-99.41556, 36.63186], [-99.41663, 36.63046], [-99.41706, 36.62933], [-99.41709, 36.62846], [-99.41864, 36.62858], [-99.41994, 36.628], [-99.42059, 36.62721], [-99.42087, 36.62589], [-99.42173, 36.62562], [-99.42239, 36.62516], [-99.4232, 36.62361], [-99.42295, 36.62181], [-99.42252, 36.62098], [-99.42255, 36.61956], [-99.42161, 36.61806], [-99.42113, 36.61765], [-99.42029, 36.61731], [-99.41912, 36.61729], [-99.41812, 36.61765], [-99.41786, 36.61725], [-99.41878, 36.61706], [-99.41968, 36.61661], [-99.4205, 36.61708], [-99.42121, 36.61725], [-99.42277, 36.61708], [-99.42408, 36.61616], [-99.42447, 36.61535], [-99.42449, 36.61466], [-99.42377, 36.61345], [-99.42232, 36.61274], [-99.42083, 36.61281], [-99.41968, 36.6134], [-99.41838, 36.61286], [-99.41688, 36.61292], [-99.4157, 36.61346], [-99.41508, 36.61416], [-99.41488, 36.61527], [-99.41527, 36.6162], [-99.41424, 36.61641], [-99.41343, 36.6169], [-99.4128, 36.61767], [-99.41261, 36.61835], [-99.4111, 36.6187], [-99.41017, 36.61954], [-99.40619, 36.61909], [-99.40618, 36.61739], [-99.40753, 36.61749], [-99.40872, 36.61712], [-99.40969, 36.61626], [-99.41008, 36.61513], [-99.40983, 36.61389], [-99.40894, 36.61307], [-99.4075, 36.61269], [-99.40616, 36.61297], [-99.40615, 36.61141], [-99.40713, 36.61064], [-99.43732, 36.61038], [-99.43732, 36.61587], [-99.43776, 36.61727], [-99.43854, 36.6182], [-99.44421, 36.62318], [-99.44277, 36.62397], [-99.44158, 36.62321], [-99.44021, 36.62306], [-99.43929, 36.62163], [-99.43801, 36.62048], [-99.43699, 36.62003], [-99.43606, 36.61999], [-99.43517, 36.62023], [-99.43447, 36.62073], [-99.43413, 36.62123], [-99.43399, 36.62198], [-99.4342, 36.62271], [-99.43546, 36.62398], [-99.43641, 36.62558], [-99.43793, 36.62704], [-99.43963, 36.62772], [-99.43917, 36.62843], [-99.4391, 36.62942], [-99.43947, 36.63026], [-99.44021, 36.63091], [-99.44114, 36.6313], [-99.44192, 36.63138], [-99.44295, 36.63121], [-99.44366, 36.63086], [-99.44437, 36.63018], [-99.44475, 36.62927], [-99.44466, 36.62841], [-99.44427, 36.62775], [-99.44885, 36.62543], [-99.44942, 36.62495], [-99.45016, 36.62541], [-99.4513, 36.62561], [-99.45221, 36.62544], [-99.45307, 36.62491], [-99.46002, 36.62488], [-99.46001, 36.63161], [-99.46029, 36.63236], [-99.4608, 36.63293], [-99.46174, 36.6334], [-99.46284, 36.63353], [-99.4632, 36.6344], [-99.46379, 36.635], [-99.46465, 36.63542], [-99.46567, 36.63555], [-99.46664, 36.63537], [-99.4676, 36.63482], [-99.46814, 36.63415], [-99.46833, 36.63322], [-99.46862, 36.63286], [-99.46889, 36.63309], [-99.46835, 36.63403], [-99.46849, 36.63524], [-99.46923, 36.63618], [-99.47035, 36.63673], [-99.47116, 36.63682], [-99.47217, 36.63666], [-99.47302, 36.6362], [-99.47352, 36.63566], [-99.4738, 36.64063], [-99.47564, 36.64444], [-99.47549, 36.64513], [-99.47391, 36.64671], [-99.47373, 36.64579], [-99.4732, 36.64513], [-99.4737, 36.64455], [-99.47395, 36.64374], [-99.47387, 36.64312], [-99.47334, 36.64218], [-99.47223, 36.64134], [-99.47131, 36.6411], [-99.47027, 36.64115], [-99.46945, 36.64049], [-99.46847, 36.64018], [-99.46716, 36.64026], [-99.46586, 36.64103], [-99.46479, 36.64097], [-99.4636, 36.64137], [-99.46303, 36.64184], [-99.46259, 36.64258], [-99.46268, 36.64489], [-99.4618, 36.64471], [-99.46099, 36.64476], [-99.46061, 36.6425], [-99.45987, 36.64133], [-99.45887, 36.6405], [-99.45806, 36.63832], [-99.45708, 36.63746], [-99.45548, 36.637], [-99.45624, 36.63636], [-99.45664, 36.63545], [-99.45661, 36.63466], [-99.45606, 36.63377], [-99.45469, 36.63302], [-99.45315, 36.63303], [-99.45162, 36.63383], [-99.45113, 36.63447], [-99.45094, 36.63509], [-99.45096, 36.63588], [-99.45135, 36.63665], [-99.45206, 36.63723], [-99.45292, 36.63756], [-99.45215, 36.63869], [-99.45226, 36.63986], [-99.4529, 36.6407], [-99.4533, 36.64169], [-99.45453, 36.6426], [-99.45488, 36.64353], [-99.45476, 36.64401], [-99.45395, 36.64488], [-99.45377, 36.64548], [-99.45394, 36.6465], [-99.45464, 36.6473], [-99.4557, 36.64789], [-99.45712, 36.64811], [-99.45814, 36.64796], [-99.45902, 36.64749], [-99.46009, 36.64945], [-99.46082, 36.65024], [-99.46194, 36.65072], [-99.46327, 36.6507], [-99.46363, 36.65157], [-99.46408, 36.65206], [-99.46469, 36.65244], [-99.46566, 36.65268], [-99.46667, 36.65261], [-99.46747, 36.65232], [-99.46859, 36.65128], [-99.4688, 36.65049], [-99.46871, 36.64989], [-99.46827, 36.64917], [-99.46769, 36.6487], [-99.4684, 36.6478], [-99.46906, 36.64834], [-99.47008, 36.64877], [-99.4709, 36.6489], [-99.47185, 36.6488], [-99.47085, 36.65106], [-99.47034, 36.65312], [-99.47013, 36.65518], [-99.46871, 36.65463], [-99.46722, 36.65475], [-99.4667, 36.65414], [-99.46603, 36.65372], [-99.46457, 36.65347], [-99.46353, 36.6537], [-99.46264, 36.65421], [-99.46206, 36.65479], [-99.46175, 36.65561], [-99.46194, 36.65666], [-99.46258, 36.65741], [-99.46366, 36.65796], [-99.46492, 36.65805], [-99.46534, 36.65856], [-99.46615, 36.65905], [-99.46689, 36.65925], [-99.46792, 36.65924], [-99.46947, 36.65876], [-99.46868, 36.65997], [-99.46854, 36.66072], [-99.46889, 36.66162], [-99.46971, 36.66228], [-99.44494, 36.66139]], [[-99.45999, 36.65658], [-99.46085, 36.65615], [-99.46176, 36.65522], [-99.46209, 36.65445], [-99.46207, 36.65374], [-99.46162, 36.6528], [-99.46088, 36.65213], [-99.45974, 36.65174], [-99.45875, 36.65176], [-99.45783, 36.65208], [-99.45615, 36.65311], [-99.45565, 36.65388], [-99.45561, 36.6549], [-99.45618, 36.65582], [-99.4572, 36.65643], [-99.45847, 36.6567], [-99.45999, 36.65658]], [[-99.44056, 36.63516], [-99.44124, 36.63589], [-99.44231, 36.63637], [-99.44353, 36.63641], [-99.44467, 36.63611], [-99.44562, 36.63547], [-99.44615, 36.63466], [-99.4463, 36.63361], [-99.446, 36.63283], [-99.44527, 36.63213], [-99.44435, 36.63174], [-99.44332, 36.63166], [-99.44222, 36.63194], [-99.44106, 36.63261], [-99.44053, 36.63328], [-99.4403, 36.63413], [-99.44056, 36.63516]], [[-99.44509, 36.63983], [-99.44521, 36.63895], [-99.44491, 36.63818], [-99.44421, 36.63749], [-99.44334, 36.63711], [-99.442, 36.63694], [-99.44103, 36.63713], [-99.44017, 36.63764], [-99.43963, 36.63837], [-99.43949, 36.63921], [-99.43981, 36.64011], [-99.44054, 36.64083], [-99.44144, 36.64124], [-99.44263, 36.64138], [-99.44358, 36.64121], [-99.44462, 36.64057], [-99.44509, 36.63983]], [[-99.44167, 36.64623], [-99.44167, 36.64539], [-99.44122, 36.64452], [-99.44045, 36.64391], [-99.43948, 36.6436], [-99.43816, 36.64353], [-99.43717, 36.6438], [-99.43636, 36.64438], [-99.43589, 36.64518], [-99.43588, 36.64613], [-99.43627, 36.64691], [-99.43707, 36.64756], [-99.43806, 36.6479], [-99.43921, 36.64799], [-99.44023, 36.64776], [-99.44114, 36.64715], [-99.44167, 36.64623]], [[-99.44791, 36.65761], [-99.4496, 36.65605], [-99.45016, 36.65372], [-99.44986, 36.65294], [-99.44924, 36.65229], [-99.44835, 36.65188], [-99.44734, 36.65178], [-99.44612, 36.6521], [-99.44532, 36.6527], [-99.44374, 36.65454], [-99.44345, 36.65586], [-99.4439, 36.6568], [-99.44519, 36.6577], [-99.44651, 36.65795], [-99.44791, 36.65761]], [[-99.43291, 36.62678], [-99.4325, 36.62766], [-99.4325, 36.62855], [-99.43288, 36.62935], [-99.43354, 36.62992], [-99.43458, 36.6303], [-99.43574, 36.63031], [-99.4367, 36.62999], [-99.43747, 36.62936], [-99.43787, 36.62858], [-99.43783, 36.62758], [-99.43738, 36.62674], [-99.43668, 36.62617], [-99.43572, 36.62582], [-99.43468, 36.62581], [-99.43371, 36.62612], [-99.43291, 36.62678]], [[-99.41863, 36.63506], [-99.42094, 36.63507], [-99.42203, 36.63462], [-99.42276, 36.63405], [-99.42567, 36.63595], [-99.42668, 36.63621], [-99.42767, 36.6362], [-99.42882, 36.63585], [-99.42976, 36.63521], [-99.43032, 36.63423], [-99.43031, 36.63334], [-99.43002, 36.63273], [-99.42929, 36.63205], [-99.42672, 36.63114], [-99.42529, 36.63029], [-99.42431, 36.63019], [-99.42356, 36.63032], [-99.42236, 36.63103], [-99.42133, 36.63057], [-99.4199, 36.63056], [-99.41773, 36.6313], [-99.41713, 36.63183], [-99.41674, 36.63259], [-99.41675, 36.63341], [-99.41714, 36.63417], [-99.41789, 36.63478], [-99.41863, 36.63506]], [[-99.42893, 36.64391], [-99.43005, 36.64385], [-99.43095, 36.64353], [-99.4317, 36.64292], [-99.43211, 36.64197], [-99.43195, 36.64097], [-99.4313, 36.64013], [-99.43045, 36.63957], [-99.4295, 36.63933], [-99.42815, 36.63946], [-99.42724, 36.63976], [-99.42638, 36.64047], [-99.42601, 36.64128], [-99.42609, 36.64223], [-99.42674, 36.64314], [-99.42778, 36.64371], [-99.42893, 36.64391]], [[-99.43103, 36.65005], [-99.43208, 36.65048], [-99.43316, 36.65057], [-99.43438, 36.65031], [-99.4354, 36.64979], [-99.43602, 36.64906], [-99.43622, 36.64827], [-99.43603, 36.64747], [-99.43542, 36.64673], [-99.43449, 36.6462], [-99.43353, 36.64603], [-99.43163, 36.64631], [-99.43073, 36.64679], [-99.43014, 36.6475], [-99.42995, 36.64855], [-99.43027, 36.64936], [-99.43103, 36.65005]], [[-99.42649, 36.65254], [-99.42765, 36.65274], [-99.42889, 36.65258], [-99.42975, 36.65212], [-99.43035, 36.65141], [-99.43056, 36.65052], [-99.4303, 36.64956], [-99.42964, 36.64878], [-99.42869, 36.64825], [-99.42764, 36.64808], [-99.42653, 36.64825], [-99.42562, 36.64875], [-99.425, 36.64957], [-99.42482, 36.65046], [-99.42505, 36.65136], [-99.42561, 36.65205], [-99.42649, 36.65254]]], [[[-99.39112, 36.65296], [-99.37823, 36.64929], [-99.37886, 36.64873], [-99.37925, 36.648], [-99.37928, 36.64708], [-99.37879, 36.64616], [-99.37974, 36.64526], [-99.38013, 36.64458], [-99.38016, 36.64382], [-99.37982, 36.64312], [-99.37877, 36.64238], [-99.37739, 36.64224], [-99.37632, 36.64261], [-99.37497, 36.64376], [-99.37078, 36.64401], [-99.37072, 36.64378], [-99.37181, 36.64348], [-99.37278, 36.64279], [-99.37325, 36.64189], [-99.37324, 36.64108], [-99.37284, 36.64033], [-99.37207, 36.63972], [-99.37096, 36.63929], [-99.36976, 36.63925], [-99.37033, 36.63785], [-99.37174, 36.63621], [-99.37768, 36.63275], [-99.37974, 36.63111], [-99.38107, 36.62942], [-99.38348, 36.62518], [-99.38442, 36.62527], [-99.38541, 36.62511], [-99.38625, 36.62465], [-99.38679, 36.6241], [-99.3871, 36.62311], [-99.38691, 36.6223], [-99.38625, 36.62153], [-99.38522, 36.62101], [-99.3874, 36.61434], [-99.38787, 36.61069], [-99.40135, 36.61068], [-99.40138, 36.61802], [-99.39907, 36.6175], [-99.39367, 36.61671], [-99.39081, 36.61584], [-99.38967, 36.61604], [-99.38893, 36.6165], [-99.38846, 36.61716], [-99.38837, 36.61809], [-99.38884, 36.61896], [-99.38954, 36.61945], [-99.39224, 36.62042], [-99.39331, 36.62059], [-99.39357, 36.62189], [-99.39409, 36.62248], [-99.39496, 36.62296], [-99.396, 36.62313], [-99.397, 36.62297], [-99.39788, 36.6236], [-99.39904, 36.62386], [-99.40043, 36.62363], [-99.40142, 36.62303], [-99.40152, 36.63592], [-99.40218, 36.63705], [-99.40452, 36.63912], [-99.40555, 36.63962], [-99.4071, 36.63975], [-99.40644, 36.64279], [-99.40493, 36.64233], [-99.40311, 36.64217], [-99.40255, 36.64101], [-99.40135, 36.64027], [-99.40118, 36.63924], [-99.40071, 36.63855], [-99.39988, 36.63798], [-99.39887, 36.6377], [-99.39733, 36.63787], [-99.39624, 36.6386], [-99.39575, 36.63959], [-99.39588, 36.641], [-99.39642, 36.64188], [-99.39772, 36.64272], [-99.39857, 36.6436], [-99.39912, 36.6446], [-99.40009, 36.64534], [-99.40144, 36.64589], [-99.4039, 36.64612], [-99.40635, 36.64714], [-99.40728, 36.64728], [-99.40723, 36.64957], [-99.40641, 36.65029], [-99.40523, 36.65066], [-99.40451, 36.65129], [-99.40411, 36.65222], [-99.40419, 36.65329], [-99.40482, 36.6542], [-99.40619, 36.65484], [-99.40754, 36.65483], [-99.40882, 36.6542], [-99.41043, 36.65432], [-99.41042, 36.65621], [-99.41021, 36.65674], [-99.39112, 36.65296]], [[-99.39786, 36.63539], [-99.39914, 36.63534], [-99.40005, 36.63495], [-99.40068, 36.63436], [-99.40127, 36.63326], [-99.40128, 36.63235], [-99.40088, 36.63159], [-99.40012, 36.63098], [-99.39918, 36.63067], [-99.39817, 36.63067], [-99.39721, 36.63099], [-99.3964, 36.63165], [-99.39578, 36.63263], [-99.39569, 36.6335], [-99.39599, 36.63427], [-99.39686, 36.63504], [-99.39786, 36.63539]], [[-99.40323, 36.65176], [-99.40418, 36.65144], [-99.40495, 36.6508], [-99.40533, 36.65004], [-99.40528, 36.64905], [-99.40476, 36.64809], [-99.40394, 36.64743], [-99.40297, 36.64711], [-99.40192, 36.64713], [-99.40096, 36.64748], [-99.40021, 36.64814], [-99.39986, 36.64888], [-99.39991, 36.6498], [-99.40044, 36.65079], [-99.40125, 36.65145], [-99.4022, 36.65177], [-99.40323, 36.65176]], [[-99.3937, 36.63108], [-99.39459, 36.63019], [-99.39498, 36.62938], [-99.39501, 36.62875], [-99.39473, 36.62801], [-99.39509, 36.62707], [-99.39499, 36.62615], [-99.39451, 36.62542], [-99.39374, 36.6249], [-99.39279, 36.62466], [-99.39158, 36.62475], [-99.38991, 36.62549], [-99.38904, 36.62627], [-99.38874, 36.62722], [-99.38805, 36.62824], [-99.38813, 36.62974], [-99.38852, 36.63045], [-99.38901, 36.63088], [-99.39091, 36.63168], [-99.39251, 36.63168], [-99.3937, 36.63108]], [[-99.38267, 36.63678], [-99.38362, 36.6363], [-99.38427, 36.63553], [-99.38445, 36.63446], [-99.38414, 36.63366], [-99.38347, 36.63291], [-99.38259, 36.63244], [-99.38139, 36.63225], [-99.38031, 36.63243], [-99.37944, 36.63291], [-99.37886, 36.6336], [-99.37866, 36.63442], [-99.37885, 36.63526], [-99.3794, 36.63593], [-99.38068, 36.63672], [-99.38163, 36.6369], [-99.38267, 36.63678]], [[-99.37877, 36.63925], [-99.37897, 36.63844], [-99.37867, 36.63745], [-99.378, 36.63678], [-99.37712, 36.63639], [-99.37588, 36.63631], [-99.3749, 36.63653], [-99.37403, 36.63707], [-99.37353, 36.63775], [-99.37337, 36.63853], [-99.3736, 36.6394], [-99.37435, 36.64021], [-99.37521, 36.6406], [-99.37619, 36.64071], [-99.37727, 36.64047], [-99.37821, 36.63993], [-99.37877, 36.63925]], [[-99.39061, 36.64251], [-99.39057, 36.64155], [-99.39017, 36.6408], [-99.3894, 36.6402], [-99.38846, 36.6399], [-99.38738, 36.63992], [-99.38644, 36.64024], [-99.3857, 36.64084], [-99.38531, 36.64156], [-99.38527, 36.64238], [-99.38563, 36.64321], [-99.38637, 36.64386], [-99.38741, 36.64424], [-99.38849, 36.64424], [-99.38942, 36.64393], [-99.39021, 36.64329], [-99.39061, 36.64251]], [[-99.39291, 36.64718], [-99.39307, 36.64614], [-99.39249, 36.64506], [-99.39156, 36.64443], [-99.38997, 36.64412], [-99.38861, 36.64434], [-99.38762, 36.64497], [-99.38629, 36.64486], [-99.38511, 36.64515], [-99.38404, 36.64602], [-99.38366, 36.64715], [-99.38388, 36.64807], [-99.3846, 36.64889], [-99.38623, 36.65004], [-99.38774, 36.6504], [-99.3885, 36.65032], [-99.38938, 36.64995], [-99.39009, 36.64928], [-99.39037, 36.64864], [-99.39184, 36.64826], [-99.39291, 36.64718]]], [[[-99.37286, 36.64776], [-99.3737, 36.64771], [-99.37373, 36.64801], [-99.37286, 36.64776]]], [[[-99.35185, 36.64054], [-99.35176, 36.63786], [-99.35282, 36.63787], [-99.35404, 36.63742], [-99.3548, 36.63662], [-99.35505, 36.63563], [-99.35472, 36.63458], [-99.3539, 36.63383], [-99.35252, 36.63342], [-99.35128, 36.6336], [-99.35112, 36.62778], [-99.35168, 36.62663], [-99.35171, 36.62485], [-99.35132, 36.62397], [-99.35046, 36.62333], [-99.34933, 36.6231], [-99.348, 36.62342], [-99.34711, 36.62428], [-99.34691, 36.62569], [-99.34579, 36.62581], [-99.34302, 36.62355], [-99.3409, 36.62235], [-99.33899, 36.62183], [-99.33729, 36.62195], [-99.33621, 36.62241], [-99.33421, 36.6239], [-99.33356, 36.62521], [-99.33382, 36.62695], [-99.33255, 36.62761], [-99.33177, 36.62848], [-99.33085, 36.62834], [-99.32989, 36.62847], [-99.32861, 36.62756], [-99.32844, 36.62692], [-99.32793, 36.62628], [-99.32716, 36.62585], [-99.32625, 36.62569], [-99.32511, 36.6259], [-99.32424, 36.62652], [-99.32386, 36.62721], [-99.32387, 36.62829], [-99.3168, 36.6249], [-99.31485, 36.62375], [-99.31556, 36.62291], [-99.31586, 36.62205], [-99.31582, 36.61994], [-99.31629, 36.61854], [-99.3162, 36.61686], [-99.31638, 36.61622], [-99.31711, 36.61622], [-99.31742, 36.61732], [-99.31862, 36.61838], [-99.31986, 36.61875], [-99.32096, 36.61865], [-99.32167, 36.61957], [-99.3229, 36.62016], [-99.32417, 36.6202], [-99.3251, 36.61989], [-99.32589, 36.61925], [-99.32629, 36.61849], [-99.32621, 36.61741], [-99.32548, 36.61647], [-99.3242, 36.61589], [-99.32274, 36.61591], [-99.32225, 36.61513], [-99.32151, 36.61457], [-99.32228, 36.6143], [-99.32296, 36.61381], [-99.32369, 36.61263], [-99.32386, 36.61161], [-99.32344, 36.61061], [-99.32266, 36.60997], [-99.32143, 36.60962], [-99.32039, 36.60972], [-99.31938, 36.61022], [-99.32103, 36.60364], [-99.32084, 36.60019], [-99.32033, 36.59916], [-99.32032, 36.59676], [-99.32389, 36.59674], [-99.32348, 36.59753], [-99.32342, 36.59815], [-99.32359, 36.59889], [-99.32413, 36.59961], [-99.32431, 36.60294], [-99.32474, 36.60361], [-99.32538, 36.60409], [-99.32683, 36.60446], [-99.32829, 36.60412], [-99.32909, 36.60348], [-99.32949, 36.60265], [-99.33145, 36.60194], [-99.33214, 36.60125], [-99.33254, 36.60029], [-99.33247, 36.59921], [-99.33176, 36.59825], [-99.33035, 36.59764], [-99.32879, 36.59776], [-99.32835, 36.59673], [-99.33039, 36.59673], [-99.3314, 36.59764], [-99.33297, 36.59793], [-99.33457, 36.59761], [-99.33553, 36.59671], [-99.34206, 36.59665], [-99.34314, 36.59746], [-99.34587, 36.59809], [-99.34737, 36.5977], [-99.34861, 36.59659], [-99.35392, 36.59657], [-99.35481, 36.59641], [-99.35585, 36.59583], [-99.35644, 36.59482], [-99.35663, 36.5872], [-99.3574, 36.58672], [-99.35812, 36.58719], [-99.35904, 36.58748], [-99.36059, 36.58735], [-99.36179, 36.58653], [-99.3623, 36.58543], [-99.36202, 36.58422], [-99.3609, 36.58329], [-99.35931, 36.58303], [-99.35785, 36.58348], [-99.35661, 36.58249], [-99.35656, 36.58109], [-99.36958, 36.58088], [-99.36962, 36.59239], [-99.36738, 36.59254], [-99.36647, 36.59292], [-99.36574, 36.59355], [-99.36526, 36.59457], [-99.36508, 36.59767], [-99.36206, 36.59907], [-99.3611, 36.59973], [-99.35887, 36.59961], [-99.35769, 36.59878], [-99.3564, 36.5984], [-99.35509, 36.59839], [-99.35404, 36.59874], [-99.35167, 36.60056], [-99.35049, 36.60198], [-99.3495, 36.60474], [-99.34848, 36.60516], [-99.34767, 36.60603], [-99.34749, 36.60686], [-99.34766, 36.60763], [-99.34643, 36.60719], [-99.34514, 36.60729], [-99.34384, 36.608], [-99.34316, 36.60901], [-99.34309, 36.60965], [-99.34336, 36.61055], [-99.34393, 36.61119], [-99.34479, 36.61172], [-99.34593, 36.61198], [-99.34689, 36.61189], [-99.34787, 36.61155], [-99.34869, 36.61087], [-99.34975, 36.61162], [-99.34978, 36.61196], [-99.34895, 36.61295], [-99.34883, 36.61375], [-99.34937, 36.61492], [-99.35049, 36.61564], [-99.34956, 36.61761], [-99.34944, 36.61841], [-99.35007, 36.62243], [-99.35034, 36.62296], [-99.35097, 36.62352], [-99.35228, 36.62389], [-99.35427, 36.62377], [-99.35576, 36.62317], [-99.35745, 36.62193], [-99.36288, 36.62206], [-99.36586, 36.62171], [-99.36514, 36.62241], [-99.3647, 36.62322], [-99.36434, 36.62337], [-99.36318, 36.6231], [-99.36214, 36.62321], [-99.36114, 36.62276], [-99.35997, 36.62273], [-99.35912, 36.62304], [-99.35861, 36.62343], [-99.3581, 36.62448], [-99.35897, 36.62737], [-99.36001, 36.62911], [-99.36144, 36.63025], [-99.36181, 36.63244], [-99.36239, 36.63316], [-99.36304, 36.63354], [-99.36228, 36.63398], [-99.36166, 36.63475], [-99.36144, 36.63567], [-99.36163, 36.63651], [-99.36221, 36.63722], [-99.36303, 36.63769], [-99.3641, 36.63791], [-99.36526, 36.63775], [-99.36484, 36.64016], [-99.36496, 36.64549], [-99.35185, 36.64054]], [[-99.35736, 36.63828], [-99.35841, 36.63838], [-99.35942, 36.63814], [-99.36036, 36.6375], [-99.36087, 36.63667], [-99.36102, 36.63583], [-99.36078, 36.63503], [-99.35999, 36.6342], [-99.3591, 36.63382], [-99.35809, 36.63374], [-99.35694, 36.63405], [-99.3559, 36.63481], [-99.35547, 36.63549], [-99.35536, 36.63648], [-99.35571, 36.63727], [-99.35645, 36.63793], [-99.35736, 36.63828]], [[-99.3326, 36.60101], [-99.33182, 36.60184], [-99.33162, 36.6029], [-99.33204, 36.60387], [-99.33314, 36.60467], [-99.33222, 36.60509], [-99.33161, 36.60571], [-99.33133, 36.60646], [-99.33136, 36.60713], [-99.33177, 36.60806], [-99.33244, 36.60871], [-99.33363, 36.60917], [-99.33469, 36.60915], [-99.33602, 36.60859], [-99.3368, 36.60758], [-99.33689, 36.60679], [-99.33668, 36.60616], [-99.336, 36.60533], [-99.3352, 36.60481], [-99.33609, 36.60443], [-99.3368, 36.60375], [-99.33707, 36.60311], [-99.33708, 36.60229], [-99.33638, 36.60121], [-99.33523, 36.60061], [-99.33377, 36.60056], [-99.3326, 36.60101]], [[-99.33352, 36.61731], [-99.33313, 36.61647], [-99.33385, 36.61552], [-99.33398, 36.61461], [-99.3337, 36.61355], [-99.33309, 36.61243], [-99.33227, 36.61175], [-99.33135, 36.61143], [-99.33006, 36.61144], [-99.32914, 36.61174], [-99.32837, 36.61233], [-99.32792, 36.61328], [-99.328, 36.6141], [-99.32874, 36.61597], [-99.32798, 36.6166], [-99.3276, 36.61736], [-99.32761, 36.61818], [-99.328, 36.61894], [-99.32878, 36.61955], [-99.32962, 36.61987], [-99.33051, 36.61997], [-99.33139, 36.61983], [-99.33243, 36.61942], [-99.33306, 36.61891], [-99.33349, 36.61815], [-99.33352, 36.61731]], [[-99.33694, 36.61913], [-99.33799, 36.61916], [-99.33898, 36.61886], [-99.3398, 36.61821], [-99.34021, 36.61742], [-99.34022, 36.6164], [-99.33984, 36.61562], [-99.33906, 36.61498], [-99.33813, 36.61467], [-99.33696, 36.61464], [-99.33602, 36.61493], [-99.33507, 36.61567], [-99.33465, 36.61645], [-99.33464, 36.61729], [-99.33502, 36.61805], [-99.33584, 36.61873], [-99.33694, 36.61913]]], [[[-99.34039, 36.63621], [-99.3336, 36.63296], [-99.33492, 36.63206], [-99.33584, 36.63058], [-99.33714, 36.63014], [-99.338, 36.62938], [-99.33863, 36.62803], [-99.33871, 36.62696], [-99.33846, 36.62597], [-99.3387, 36.62579], [-99.34032, 36.62683], [-99.34009, 36.62808], [-99.34076, 36.6292], [-99.34202, 36.62985], [-99.34347, 36.62994], [-99.34503, 36.63337], [-99.34621, 36.63432], [-99.34352, 36.63602], [-99.34276, 36.63711], [-99.34039, 36.63621]]], [[[-99.31003, 36.62088], [-99.31027, 36.6202], [-99.31103, 36.62019], [-99.31099, 36.62145], [-99.31003, 36.62088]]], [[[-99.30331, 36.61689], [-99.30394, 36.61628], [-99.30427, 36.61533], [-99.30421, 36.61451], [-99.30375, 36.61372], [-99.3029, 36.61307], [-99.30199, 36.61279], [-99.30093, 36.61281], [-99.29995, 36.61315], [-99.29991, 36.61164], [-99.30047, 36.61074], [-99.30065, 36.60973], [-99.30051, 36.60893], [-99.29983, 36.60746], [-99.30118, 36.6062], [-99.30064, 36.6076], [-99.30058, 36.60834], [-99.3009, 36.60918], [-99.30146, 36.60975], [-99.30278, 36.61029], [-99.30427, 36.61017], [-99.3043, 36.61111], [-99.30468, 36.61187], [-99.30542, 36.61249], [-99.30636, 36.61282], [-99.30792, 36.6127], [-99.3088, 36.61224], [-99.30945, 36.61151], [-99.30988, 36.61154], [-99.30948, 36.61264], [-99.30974, 36.61377], [-99.31055, 36.6146], [-99.31181, 36.61505], [-99.31163, 36.61555], [-99.31031, 36.61522], [-99.309, 36.61545], [-99.30785, 36.61639], [-99.30585, 36.61717], [-99.30512, 36.61797], [-99.30331, 36.61689]]], [[[-99.29471, 36.61178], [-99.27433, 36.59698], [-99.27034, 36.59345], [-99.27159, 36.59274], [-99.27217, 36.59174], [-99.27212, 36.59046], [-99.27137, 36.58954], [-99.27007, 36.589], [-99.26796, 36.58896], [-99.26698, 36.58911], [-99.26604, 36.58964], [-99.25996, 36.58427], [-99.26111, 36.58323], [-99.26148, 36.58216], [-99.26139, 36.58155], [-99.26095, 36.58083], [-99.26041, 36.5804], [-99.25952, 36.58005], [-99.25951, 36.5765], [-99.26011, 36.57531], [-99.26021, 36.57443], [-99.26197, 36.5744], [-99.26195, 36.57542], [-99.26222, 36.57622], [-99.26135, 36.57643], [-99.26058, 36.57692], [-99.2599, 36.57781], [-99.2597, 36.57863], [-99.25985, 36.57937], [-99.26034, 36.5801], [-99.26097, 36.5806], [-99.26195, 36.58094], [-99.26361, 36.58081], [-99.26474, 36.58011], [-99.26521, 36.57948], [-99.26543, 36.57868], [-99.26507, 36.57747], [-99.26662, 36.57693], [-99.26746, 36.57588], [-99.26758, 36.57333], [-99.26718, 36.57252], [-99.26639, 36.57186], [-99.26648, 36.56726], [-99.27898, 36.56715], [-99.27901, 36.57987], [-99.2794, 36.58076], [-99.28026, 36.58139], [-99.28139, 36.58162], [-99.2919, 36.58164], [-99.29095, 36.58292], [-99.29095, 36.58416], [-99.29127, 36.58472], [-99.29198, 36.58531], [-99.29351, 36.58568], [-99.29431, 36.58559], [-99.2951, 36.58527], [-99.29626, 36.58412], [-99.29654, 36.58287], [-99.29634, 36.58226], [-99.29581, 36.58163], [-99.29744, 36.58163], [-99.29748, 36.58918], [-99.29622, 36.58905], [-99.29504, 36.58939], [-99.29425, 36.59002], [-99.29382, 36.59103], [-99.29397, 36.592], [-99.29446, 36.59269], [-99.29529, 36.59324], [-99.29641, 36.59349], [-99.29531, 36.5943], [-99.29503, 36.59502], [-99.29505, 36.59559], [-99.29539, 36.59629], [-99.29585, 36.59672], [-99.29667, 36.59709], [-99.29754, 36.59718], [-99.29756, 36.59963], [-99.29783, 36.60153], [-99.29744, 36.60371], [-99.29554, 36.6056], [-99.29501, 36.60658], [-99.29505, 36.60802], [-99.29577, 36.60966], [-99.29525, 36.61059], [-99.29512, 36.61203], [-99.29471, 36.61178]], [[-99.27561, 36.5907], [-99.27686, 36.59086], [-99.27797, 36.59061], [-99.27888, 36.59001], [-99.27946, 36.5892], [-99.27972, 36.58835], [-99.27953, 36.58738], [-99.27894, 36.58664], [-99.27802, 36.58612], [-99.27702, 36.58595], [-99.27602, 36.5861], [-99.27479, 36.58674], [-99.27411, 36.58748], [-99.27386, 36.58859], [-99.27405, 36.58946], [-99.27466, 36.59019], [-99.27561, 36.5907]], [[-99.28287, 36.59525], [-99.28374, 36.59562], [-99.28491, 36.59575], [-99.28593, 36.59552], [-99.28664, 36.59509], [-99.28753, 36.59421], [-99.28789, 36.59326], [-99.28768, 36.59227], [-99.28712, 36.59161], [-99.28602, 36.59108], [-99.28481, 36.59097], [-99.28359, 36.59118], [-99.28271, 36.59171], [-99.282, 36.59264], [-99.28181, 36.59372], [-99.28208, 36.59449], [-99.28287, 36.59525]], [[-99.27271, 36.57779], [-99.27256, 36.57697], [-99.27212, 36.57631], [-99.27123, 36.5757], [-99.27025, 36.57546], [-99.26918, 36.57554], [-99.26828, 36.57592], [-99.26758, 36.57659], [-99.26727, 36.57739], [-99.26737, 36.57825], [-99.26784, 36.57901], [-99.26872, 36.5796], [-99.26973, 36.57985], [-99.27083, 36.57975], [-99.27176, 36.57932], [-99.27246, 36.57859], [-99.27271, 36.57779]]], [[[-99.25269, 36.57721], [-99.25324, 36.57644], [-99.25337, 36.5755], [-99.25225, 36.5727], [-99.25139, 36.57204], [-99.2502, 36.57172], [-99.24921, 36.57181], [-99.24816, 36.57231], [-99.2474, 36.57129], [-99.24789, 36.5706], [-99.24804, 36.56989], [-99.24763, 36.56867], [-99.24705, 36.56815], [-99.24615, 36.56776], [-99.24506, 36.56767], [-99.24408, 36.5679], [-99.23947, 36.5629], [-99.23533, 36.55737], [-99.23631, 36.55676], [-99.23683, 36.55601], [-99.23698, 36.5551], [-99.23656, 36.55411], [-99.23578, 36.55347], [-99.23482, 36.55315], [-99.2335, 36.55321], [-99.23255, 36.55364], [-99.23185, 36.55271], [-99.25855, 36.55278], [-99.25821, 36.55382], [-99.25869, 36.55515], [-99.25999, 36.55604], [-99.26172, 36.55626], [-99.26162, 36.57054], [-99.25792, 36.5706], [-99.25639, 36.57116], [-99.25561, 36.57223], [-99.25541, 36.5744], [-99.25475, 36.57592], [-99.2548, 36.57848], [-99.254, 36.57863], [-99.25269, 36.57721]], [[-99.25043, 36.56023], [-99.25012, 36.56152], [-99.25009, 36.56285], [-99.25029, 36.56359], [-99.25011, 36.56447], [-99.25064, 36.56568], [-99.25166, 36.56636], [-99.25287, 36.56658], [-99.25418, 36.56643], [-99.25528, 36.56599], [-99.25652, 36.56506], [-99.25706, 36.56416], [-99.25718, 36.56352], [-99.25677, 36.56239], [-99.25578, 36.56162], [-99.25577, 36.56052], [-99.25532, 36.55965], [-99.25408, 36.5588], [-99.25259, 36.55863], [-99.25122, 36.55916], [-99.25043, 36.56023]], [[-99.2428, 36.5547], [-99.24216, 36.55398], [-99.24133, 36.55353], [-99.24027, 36.55336], [-99.23925, 36.55351], [-99.23839, 36.55398], [-99.23779, 36.55468], [-99.23757, 36.5555], [-99.23779, 36.55646], [-99.23837, 36.55716], [-99.23928, 36.55765], [-99.2403, 36.55782], [-99.2413, 36.55766], [-99.24222, 36.55718], [-99.24285, 36.55642], [-99.24303, 36.55558], [-99.2428, 36.5547]], [[-99.248, 36.56393], [-99.24801, 36.56303], [-99.24762, 36.56225], [-99.24686, 36.56161], [-99.24597, 36.5613], [-99.2447, 36.56128], [-99.24368, 36.56159], [-99.24285, 36.56224], [-99.24245, 36.56301], [-99.24245, 36.56388], [-99.24284, 36.56465], [-99.2437, 36.56532], [-99.24463, 36.56563], [-99.24584, 36.56566], [-99.24679, 36.56535], [-99.24761, 36.5647], [-99.248, 36.56393]]], [[[-99.22532, 36.54396], [-99.222, 36.53833], [-99.22581, 36.53833], [-99.22574, 36.54453], [-99.22532, 36.54396]]], [[[-99.21354, 36.52399], [-99.21346, 36.52381], [-99.22575, 36.52375], [-99.22582, 36.53447], [-99.21971, 36.53446], [-99.21354, 36.52399]]], [[[-99.20699, 36.5093], [-99.2078, 36.5093], [-99.20779, 36.51109], [-99.20699, 36.5093]]], [[[-99.20425, 36.50318], [-99.19978, 36.48887], [-99.20094, 36.48863], [-99.20191, 36.48794], [-99.20242, 36.48671], [-99.20346, 36.48572], [-99.20364, 36.48511], [-99.20357, 36.48436], [-99.20266, 36.48294], [-99.20108, 36.48204], [-99.19934, 36.48203], [-99.19862, 36.48233], [-99.19791, 36.48292], [-99.1973, 36.48043], [-99.20791, 36.48043], [-99.20791, 36.48227], [-99.20688, 36.4825], [-99.20598, 36.48309], [-99.20549, 36.4839], [-99.20545, 36.48481], [-99.20425, 36.48563], [-99.20382, 36.48687], [-99.20417, 36.48787], [-99.20501, 36.48859], [-99.20607, 36.48893], [-99.2074, 36.48886], [-99.20792, 36.48915], [-99.20785, 36.49888], [-99.20715, 36.49956], [-99.20683, 36.50057], [-99.20704, 36.50143], [-99.20783, 36.50227], [-99.20781, 36.50544], [-99.20526, 36.50544], [-99.20425, 36.50318]]], [[[-99.1948, 36.46703], [-99.1948, 36.46598], [-99.20806, 36.46602], [-99.20794, 36.47657], [-99.19658, 36.47656], [-99.1948, 36.46703]]], [[[-99.36698, 36.63483], [-99.36669, 36.63437], [-99.36759, 36.63391], [-99.36745, 36.63432], [-99.36698, 36.63483]]], [[[-99.36748, 36.62763], [-99.36749, 36.62743], [-99.36857, 36.62735], [-99.36951, 36.62694], [-99.37044, 36.62583], [-99.37055, 36.62517], [-99.37025, 36.62398], [-99.37024, 36.62287], [-99.36991, 36.62223], [-99.36932, 36.62168], [-99.37216, 36.62171], [-99.37419, 36.62115], [-99.37604, 36.62191], [-99.37728, 36.62214], [-99.37989, 36.62193], [-99.37683, 36.62762], [-99.37553, 36.62913], [-99.37416, 36.62872], [-99.37326, 36.62875], [-99.37251, 36.62897], [-99.37129, 36.62807], [-99.36938, 36.62758], [-99.36821, 36.62749], [-99.36748, 36.62763]]], [[[-99.31376, 36.61066], [-99.3123, 36.61032], [-99.31259, 36.60958], [-99.31248, 36.60865], [-99.312, 36.60783], [-99.31112, 36.60718], [-99.31015, 36.60691], [-99.30911, 36.60696], [-99.30819, 36.60733], [-99.30736, 36.60815], [-99.30634, 36.60817], [-99.30623, 36.60636], [-99.30537, 36.6053], [-99.3045, 36.6049], [-99.30351, 36.60479], [-99.30255, 36.60499], [-99.30189, 36.60534], [-99.3022, 36.60423], [-99.30308, 36.60319], [-99.30312, 36.60196], [-99.30383, 36.60253], [-99.30456, 36.60283], [-99.30537, 36.60294], [-99.30646, 36.6028], [-99.30787, 36.6019], [-99.30839, 36.60058], [-99.3081, 36.59954], [-99.30736, 36.59882], [-99.30622, 36.59838], [-99.30515, 36.59839], [-99.30495, 36.59751], [-99.30432, 36.59677], [-99.30347, 36.59632], [-99.30233, 36.59616], [-99.30224, 36.58164], [-99.30788, 36.58168], [-99.30791, 36.58294], [-99.30877, 36.58401], [-99.31, 36.58452], [-99.3113, 36.58448], [-99.31254, 36.58476], [-99.31376, 36.58455], [-99.31474, 36.58393], [-99.31532, 36.58293], [-99.31514, 36.5817], [-99.31581, 36.5817], [-99.31555, 36.59291], [-99.31305, 36.59299], [-99.31201, 36.59341], [-99.31098, 36.59419], [-99.30992, 36.59397], [-99.30868, 36.59416], [-99.30836, 36.59319], [-99.30761, 36.59247], [-99.30667, 36.59208], [-99.30563, 36.59202], [-99.30463, 36.59229], [-99.30382, 36.59288], [-99.30314, 36.59455], [-99.30341, 36.59558], [-99.30413, 36.59631], [-99.30562, 36.59681], [-99.30701, 36.59662], [-99.30766, 36.59785], [-99.30907, 36.59852], [-99.31014, 36.59855], [-99.31107, 36.59828], [-99.31233, 36.59898], [-99.31372, 36.59896], [-99.31435, 36.59871], [-99.315, 36.59816], [-99.31553, 36.59687], [-99.31555, 36.59984], [-99.3161, 36.60099], [-99.31624, 36.60341], [-99.31468, 36.60943], [-99.31376, 36.61066]], [[-99.31036, 36.5891], [-99.31016, 36.58829], [-99.30953, 36.58755], [-99.30866, 36.58708], [-99.30763, 36.58692], [-99.30653, 36.58713], [-99.30559, 36.58769], [-99.30503, 36.58843], [-99.30485, 36.5893], [-99.30506, 36.59007], [-99.3056, 36.59073], [-99.30657, 36.59125], [-99.30761, 36.5914], [-99.30856, 36.59124], [-99.30953, 36.59069], [-99.31014, 36.58997], [-99.31036, 36.5891]], [[-99.30977, 36.60555], [-99.31082, 36.6058], [-99.31181, 36.60572], [-99.3127, 36.60534], [-99.31343, 36.60464], [-99.31389, 36.60364], [-99.31384, 36.60269], [-99.31334, 36.60191], [-99.31253, 36.60136], [-99.31158, 36.60112], [-99.31047, 36.6012], [-99.30949, 36.60161], [-99.30869, 36.60233], [-99.30831, 36.60327], [-99.30842, 36.60426], [-99.30891, 36.60499], [-99.30977, 36.60555]]], [[[-99.24192, 36.31736], [-99.2431, 36.31747], [-99.24411, 36.31725], [-99.24411, 36.3175], [-99.24211, 36.31749], [-99.24192, 36.31736]]], [[[-99.27797, 36.28869], [-99.27888, 36.28828], [-99.27963, 36.28757], [-99.27962, 36.2887], [-99.27797, 36.28869]]], [[[-99.41699, 36.62247], [-99.4173, 36.62238], [-99.41738, 36.62256], [-99.41728, 36.62378], [-99.41604, 36.62458], [-99.41549, 36.62574], [-99.41442, 36.62526], [-99.41303, 36.62514], [-99.41202, 36.6254], [-99.41107, 36.62611], [-99.4107, 36.62684], [-99.41066, 36.62752], [-99.41088, 36.62826], [-99.41168, 36.62951], [-99.40943, 36.62963], [-99.40814, 36.63003], [-99.40624, 36.62923], [-99.40622, 36.62312], [-99.40657, 36.62377], [-99.40737, 36.62443], [-99.40826, 36.62476], [-99.40925, 36.62484], [-99.41065, 36.62442], [-99.41153, 36.62354], [-99.41496, 36.62339], [-99.41699, 36.62247]]], [[[-99.69917, 36.33986], [-99.69886, 36.33905], [-99.70166, 36.33674], [-99.7016, 36.33779], [-99.70196, 36.33909], [-99.70344, 36.34065], [-99.69835, 36.3429], [-99.69911, 36.34123], [-99.69917, 36.33986]]], [[[-99.6928, 36.34417], [-99.6929, 36.3453], [-99.68953, 36.34679], [-99.69273, 36.34414], [-99.6928, 36.34417]]], [[[-99.68649, 36.35272], [-99.68799, 36.35195], [-99.68734, 36.35312], [-99.68696, 36.35473], [-99.6873, 36.35649], [-99.68815, 36.35786], [-99.68933, 36.35894], [-99.69035, 36.35938], [-99.69195, 36.35948], [-99.6934, 36.35932], [-99.69407, 36.36065], [-99.69319, 36.36142], [-99.69184, 36.36212], [-99.69083, 36.3629], [-99.6887, 36.3621], [-99.68795, 36.36116], [-99.68695, 36.36047], [-99.68594, 36.3601], [-99.6868, 36.35381], [-99.68649, 36.35272]]], [[[-99.6821, 36.36979], [-99.68291, 36.36987], [-99.68362, 36.37163], [-99.68199, 36.37223], [-99.68072, 36.37331], [-99.67998, 36.37465], [-99.68009, 36.37613], [-99.67656, 36.37658], [-99.67504, 36.37722], [-99.67357, 36.37727], [-99.67183, 36.37615], [-99.6713, 36.37531], [-99.67089, 36.3739], [-99.6712, 36.37131], [-99.67069, 36.37003], [-99.67168, 36.36933], [-99.67211, 36.36818], [-99.67345, 36.36796], [-99.67475, 36.36742], [-99.67636, 36.36614], [-99.67809, 36.36516], [-99.67828, 36.36666], [-99.6789, 36.36795], [-99.68018, 36.36903], [-99.68135, 36.36961], [-99.6821, 36.36979]]], [[[-99.66763, 36.36649], [-99.6674, 36.36753], [-99.6652, 36.36741], [-99.66432, 36.36765], [-99.66368, 36.36803], [-99.66249, 36.3697], [-99.66171, 36.36996], [-99.66099, 36.37048], [-99.65926, 36.37281], [-99.65767, 36.37428], [-99.65666, 36.37367], [-99.6555, 36.37355], [-99.65051, 36.37406], [-99.64945, 36.37458], [-99.64877, 36.37528], [-99.64359, 36.37527], [-99.64359, 36.37161], [-99.65945, 36.36452], [-99.66065, 36.36427], [-99.66148, 36.36363], [-99.67756, 36.35655], [-99.67798, 36.3566], [-99.67759, 36.35955], [-99.6772, 36.36082], [-99.67584, 36.36126], [-99.67476, 36.36239], [-99.67333, 36.36313], [-99.67198, 36.36425], [-99.6704, 36.3644], [-99.66923, 36.36479], [-99.66818, 36.36553], [-99.66763, 36.36649]]], [[[-99.65629, 36.37736], [-99.65663, 36.37728], [-99.65682, 36.37817], [-99.6578, 36.37937], [-99.65853, 36.38094], [-99.66007, 36.38221], [-99.65822, 36.38289], [-99.65691, 36.38274], [-99.65542, 36.38152], [-99.65356, 36.38065], [-99.65248, 36.38039], [-99.65126, 36.38049], [-99.64993, 36.38036], [-99.64738, 36.38083], [-99.64521, 36.38218], [-99.64357, 36.38365], [-99.64153, 36.38428], [-99.6402, 36.38534], [-99.63474, 36.38663], [-99.63397, 36.387], [-99.63275, 36.38801], [-99.63184, 36.38947], [-99.63156, 36.39051], [-99.63195, 36.39192], [-99.63314, 36.39356], [-99.63348, 36.39499], [-99.63241, 36.39603], [-99.63116, 36.39643], [-99.63017, 36.39601], [-99.62789, 36.39565], [-99.62591, 36.39615], [-99.62587, 36.37957], [-99.62689, 36.37916], [-99.65091, 36.37914], [-99.6522, 36.37871], [-99.65307, 36.37768], [-99.65629, 36.37736]]], [[[-99.63859, 36.59608], [-99.64401, 36.59795], [-99.64472, 36.5982], [-99.64353, 36.59826], [-99.64132, 36.5988], [-99.63995, 36.59924], [-99.63862, 36.60004], [-99.63906, 36.59843], [-99.639, 36.59703], [-99.63859, 36.59608]]], [[[-99.60472, 36.58636], [-99.62253, 36.59115], [-99.6282, 36.5927], [-99.62707, 36.59357], [-99.62658, 36.59435], [-99.62533, 36.59545], [-99.62453, 36.59686], [-99.62429, 36.59554], [-99.62279, 36.59323], [-99.62168, 36.59248], [-99.61918, 36.59183], [-99.61778, 36.59199], [-99.61606, 36.59286], [-99.61408, 36.59447], [-99.61344, 36.59604], [-99.6119, 36.59615], [-99.608, 36.59772], [-99.60652, 36.59687], [-99.60501, 36.59667], [-99.60386, 36.59675], [-99.60336, 36.59655], [-99.60221, 36.59499], [-99.60293, 36.59428], [-99.60362, 36.59395], [-99.60474, 36.59353], [-99.60693, 36.59313], [-99.60805, 36.59267], [-99.60944, 36.59127], [-99.60976, 36.59033], [-99.60961, 36.58901], [-99.60871, 36.58792], [-99.60696, 36.58703], [-99.60517, 36.58669], [-99.60472, 36.58636]]], [[[-99.60163, 36.58544], [-99.60267, 36.58579], [-99.60068, 36.58644], [-99.59786, 36.5868], [-99.59633, 36.58749], [-99.59431, 36.58781], [-99.593, 36.58783], [-99.59029, 36.5806], [-99.60163, 36.58544]]], [[[-99.47346, 36.63226], [-99.47348, 36.63321], [-99.47348, 36.63341], [-99.47289, 36.63283], [-99.47346, 36.63226]]], [[[-99.47266, 36.62695], [-99.47235, 36.62714], [-99.47163, 36.62648], [-99.47038, 36.62591], [-99.46931, 36.62585], [-99.46857, 36.626], [-99.46752, 36.62664], [-99.46694, 36.62778], [-99.46713, 36.62882], [-99.46809, 36.62978], [-99.46788, 36.63018], [-99.46664, 36.62968], [-99.4648, 36.62966], [-99.46482, 36.6254], [-99.46554, 36.62483], [-99.47332, 36.62474], [-99.47335, 36.62672], [-99.47266, 36.62695]]], [[[-99.22671, 36.38038], [-99.22656, 36.38559], [-99.22385, 36.38437], [-99.22167, 36.3839], [-99.22041, 36.38396], [-99.21884, 36.38458], [-99.21755, 36.38479], [-99.21572, 36.38476], [-99.21506, 36.38456], [-99.21515, 36.38405], [-99.21701, 36.38308], [-99.22059, 36.38287], [-99.22212, 36.38294], [-99.22481, 36.38203], [-99.22601, 36.38103], [-99.22672, 36.37889], [-99.22671, 36.38038]]], [[[-99.4692, 36.24493], [-99.46046, 36.24499], [-99.46047, 36.24449], [-99.46154, 36.24402], [-99.46229, 36.24313], [-99.46248, 36.24236], [-99.46221, 36.24124], [-99.46401, 36.23978], [-99.46461, 36.23874], [-99.46525, 36.23866], [-99.46654, 36.23884], [-99.46773, 36.23852], [-99.46866, 36.23772], [-99.46927, 36.23626], [-99.4692, 36.24493]]], [[[-99.71157, 36.33682], [-99.7116, 36.33705], [-99.70801, 36.33863], [-99.70749, 36.33766], [-99.70643, 36.337], [-99.70658, 36.33558], [-99.71187, 36.3355], [-99.71157, 36.33682]]], [[[-99.51945, 36.26656], [-99.51902, 36.26538], [-99.51778, 36.26455], [-99.51777, 36.26345], [-99.53108, 36.26335], [-99.53111, 36.27398], [-99.51788, 36.27399], [-99.51782, 36.26857], [-99.519, 36.26776], [-99.51945, 36.26656]]], [[[-99.50832, 36.27388], [-99.50157, 36.2739], [-99.50102, 36.27291], [-99.49988, 36.27222], [-99.49983, 36.26332], [-99.51299, 36.26343], [-99.5131, 36.27393], [-99.50832, 36.27388]], [[-99.50977, 36.27044], [-99.50972, 36.26959], [-99.50927, 36.26883], [-99.50839, 36.2682], [-99.50747, 36.26794], [-99.50629, 36.26796], [-99.50529, 36.26834], [-99.50459, 36.26897], [-99.50426, 36.26972], [-99.50431, 36.27055], [-99.50476, 36.27133], [-99.50572, 36.27199], [-99.50669, 36.27225], [-99.50777, 36.27221], [-99.50866, 36.27187], [-99.50941, 36.27123], [-99.50977, 36.27044]]], [[[-99.49487, 36.30666], [-99.49526, 36.30693], [-99.49513, 36.3103], [-99.49493, 36.311], [-99.49517, 36.31216], [-99.49583, 36.31293], [-99.49667, 36.31344], [-99.49829, 36.31383], [-99.49922, 36.31372], [-99.49983, 36.31345], [-99.50033, 36.31305], [-99.50073, 36.31236], [-99.50066, 36.31124], [-99.49991, 36.3104], [-99.49999, 36.3075], [-99.50025, 36.30666], [-99.51337, 36.30671], [-99.51339, 36.31733], [-99.48194, 36.31725], [-99.48194, 36.30667], [-99.49487, 36.30666]]], [[[-99.69033, 36.34002], [-99.69021, 36.34069], [-99.68343, 36.34629], [-99.67985, 36.34634], [-99.67958, 36.32114], [-99.69295, 36.32108], [-99.69285, 36.33725], [-99.69183, 36.33783], [-99.69109, 36.33851], [-99.69033, 36.34002]]], [[[-99.63497, 36.37528], [-99.63844, 36.37376], [-99.6388, 36.37376], [-99.63881, 36.37527], [-99.63497, 36.37528]]], [[[-99.62996, 36.36813], [-99.62923, 36.36877], [-99.62789, 36.36805], [-99.6259, 36.36797], [-99.6259, 36.36447], [-99.63883, 36.36472], [-99.63882, 36.36652], [-99.63687, 36.36683], [-99.63521, 36.36784], [-99.63373, 36.36737], [-99.63228, 36.36733], [-99.63105, 36.36759], [-99.62996, 36.36813]]], [[[-99.49528, 36.4014], [-99.49574, 36.40166], [-99.49578, 36.40385], [-99.48227, 36.40347], [-99.48237, 36.39314], [-99.49561, 36.39331], [-99.49568, 36.39789], [-99.49481, 36.39858], [-99.49439, 36.39965], [-99.49464, 36.40068], [-99.49528, 36.4014]], [[-99.48735, 36.40111], [-99.48796, 36.4005], [-99.48829, 36.39962], [-99.48822, 36.39879], [-99.48775, 36.39805], [-99.48688, 36.39746], [-99.48588, 36.39721], [-99.48477, 36.39729], [-99.48386, 36.3977], [-99.48321, 36.39836], [-99.48293, 36.39904], [-99.48297, 36.39999], [-99.48341, 36.40074], [-99.48424, 36.40134], [-99.48518, 36.40161], [-99.48627, 36.40156], [-99.48735, 36.40111]]], [[[-99.50118, 36.40267], [-99.50055, 36.40278], [-99.50039, 36.39335], [-99.51366, 36.39338], [-99.51379, 36.40392], [-99.50387, 36.40394], [-99.5027, 36.40296], [-99.50118, 36.40267]], [[-99.51057, 36.40119], [-99.51043, 36.4004], [-99.50986, 36.39964], [-99.50907, 36.39915], [-99.50787, 36.39893], [-99.50657, 36.39914], [-99.50568, 36.3996], [-99.50506, 36.40034], [-99.50486, 36.40118], [-99.50508, 36.40205], [-99.50559, 36.40279], [-99.50647, 36.40334], [-99.50748, 36.40355], [-99.50851, 36.40342], [-99.5094, 36.40297], [-99.51023, 36.40215], [-99.51057, 36.40119]]], [[[-99.51936, 36.41218], [-99.52021, 36.41161], [-99.52071, 36.41086], [-99.5208, 36.41002], [-99.52037, 36.40904], [-99.52177, 36.40861], [-99.52279, 36.40775], [-99.52298, 36.40855], [-99.52351, 36.40918], [-99.5243, 36.40959], [-99.52522, 36.40972], [-99.52613, 36.40956], [-99.5269, 36.40913], [-99.5274, 36.4085], [-99.52757, 36.40778], [-99.53178, 36.40777], [-99.53176, 36.41503], [-99.53135, 36.41576], [-99.52547, 36.41833], [-99.51858, 36.41826], [-99.51859, 36.4124], [-99.51936, 36.41218]]], [[[-99.51804, 36.42977], [-99.51782, 36.42977], [-99.5179, 36.42885], [-99.51886, 36.42837], [-99.53171, 36.42326], [-99.53166, 36.43543], [-99.53221, 36.43677], [-99.53177, 36.4375], [-99.53164, 36.43819], [-99.53164, 36.44684], [-99.51897, 36.44658], [-99.51822, 36.44645], [-99.51759, 36.446], [-99.51736, 36.44545], [-99.51737, 36.4439], [-99.51882, 36.44386], [-99.52003, 36.44352], [-99.52106, 36.44291], [-99.52183, 36.44209], [-99.52227, 36.44112], [-99.52238, 36.43914], [-99.52289, 36.43752], [-99.52288, 36.43648], [-99.52248, 36.43473], [-99.52252, 36.43316], [-99.52189, 36.43161], [-99.52112, 36.43078], [-99.5201, 36.43017], [-99.51804, 36.42977]]], [[[-99.51194, 36.42311], [-99.51185, 36.42414], [-99.5049, 36.42696], [-99.50326, 36.4278], [-99.50298, 36.4269], [-99.50211, 36.42608], [-99.50118, 36.42574], [-99.49994, 36.42576], [-99.50012, 36.42178], [-99.51228, 36.42208], [-99.51194, 36.42311]]], [[[-99.51191, 36.44461], [-99.51257, 36.44468], [-99.51257, 36.44648], [-99.50715, 36.44641], [-99.50759, 36.44553], [-99.50755, 36.44468], [-99.50706, 36.44389], [-99.50603, 36.44322], [-99.5077, 36.44091], [-99.50788, 36.44205], [-99.50871, 36.44329], [-99.51007, 36.44417], [-99.51191, 36.44461]]], [[[-99.50206, 36.44583], [-99.50234, 36.44634], [-99.49922, 36.4463], [-99.49928, 36.44128], [-99.49991, 36.44122], [-99.50048, 36.44197], [-99.50276, 36.44363], [-99.50201, 36.4447], [-99.50206, 36.44583]]], [[[-99.49389, 36.4428], [-99.49442, 36.4429], [-99.49444, 36.44626], [-99.48974, 36.44622], [-99.49262, 36.44207], [-99.49389, 36.4428]]], [[[-99.4944, 36.4358], [-99.49466, 36.43584], [-99.49114, 36.43767], [-99.48918, 36.43922], [-99.48791, 36.44073], [-99.48425, 36.44613], [-99.48215, 36.44611], [-99.48207, 36.43571], [-99.49222, 36.43579], [-99.49383, 36.43564], [-99.4944, 36.4358]]], [[[-99.50172, 36.43732], [-99.50161, 36.43698], [-99.50375, 36.4359], [-99.50436, 36.4359], [-99.50546, 36.43671], [-99.50557, 36.43697], [-99.50292, 36.43718], [-99.50176, 36.43775], [-99.50172, 36.43732]]], [[[-99.49449, 36.43073], [-99.49494, 36.43109], [-99.49494, 36.43131], [-99.49279, 36.43186], [-99.48208, 36.43185], [-99.48217, 36.42149], [-99.49534, 36.42167], [-99.49507, 36.42754], [-99.49428, 36.42825], [-99.49394, 36.42921], [-99.49402, 36.42997], [-99.49449, 36.43073]]], [[[-99.50082, 36.45054], [-99.50144, 36.4502], [-99.51254, 36.45035], [-99.51256, 36.46083], [-99.50224, 36.46076], [-99.5033, 36.4605], [-99.50414, 36.45993], [-99.5046, 36.45925], [-99.50474, 36.45842], [-99.50447, 36.45763], [-99.50386, 36.45698], [-99.50311, 36.45658], [-99.50205, 36.4564], [-99.50095, 36.45659], [-99.50022, 36.45698], [-99.49958, 36.45767], [-99.49933, 36.45844], [-99.49945, 36.45923], [-99.49992, 36.45996], [-99.50065, 36.46047], [-99.50177, 36.46075], [-99.49797, 36.46073], [-99.49632, 36.46019], [-99.4971, 36.45905], [-99.49709, 36.45823], [-99.49682, 36.45765], [-99.49575, 36.4568], [-99.49405, 36.45653], [-99.49248, 36.45693], [-99.49179, 36.45749], [-99.49147, 36.45803], [-99.49143, 36.45933], [-99.49254, 36.46066], [-99.48222, 36.4605], [-99.4822, 36.4565], [-99.48323, 36.45565], [-99.48371, 36.45451], [-99.48583, 36.45272], [-99.48767, 36.45005], [-99.49694, 36.45013], [-99.49785, 36.45069], [-99.49888, 36.45091], [-99.50082, 36.45054]], [[-99.48971, 36.455], [-99.49062, 36.45551], [-99.49166, 36.45568], [-99.49277, 36.45551], [-99.49362, 36.45504], [-99.49433, 36.45417], [-99.49453, 36.45334], [-99.49432, 36.45249], [-99.49375, 36.45181], [-99.49291, 36.45136], [-99.4919, 36.4512], [-99.49076, 36.45135], [-99.48981, 36.45186], [-99.48917, 36.45267], [-99.48898, 36.45347], [-99.48917, 36.45433], [-99.48971, 36.455]]], [[[-99.50026, 36.46544], [-99.50048, 36.46461], [-99.51256, 36.4647], [-99.51253, 36.47519], [-99.49633, 36.47486], [-99.49651, 36.47421], [-99.4986, 36.47383], [-99.50001, 36.47292], [-99.50069, 36.47205], [-99.50105, 36.47081], [-99.50151, 36.47042], [-99.50281, 36.46991], [-99.50416, 36.47072], [-99.50567, 36.4708], [-99.50711, 36.4701], [-99.50785, 36.46903], [-99.50818, 36.46802], [-99.5081, 36.46719], [-99.50764, 36.46645], [-99.50676, 36.46584], [-99.50602, 36.46563], [-99.50497, 36.46563], [-99.50316, 36.46647], [-99.50177, 36.46594], [-99.49994, 36.466], [-99.50026, 36.46544]]], [[[-99.49222, 36.46939], [-99.49203, 36.47011], [-99.48993, 36.47033], [-99.48898, 36.47071], [-99.48803, 36.47141], [-99.48631, 36.47146], [-99.48518, 36.47195], [-99.48456, 36.47262], [-99.48432, 36.47343], [-99.48448, 36.47434], [-99.48496, 36.47498], [-99.48212, 36.47499], [-99.48214, 36.47274], [-99.48292, 36.47185], [-99.48314, 36.47066], [-99.48283, 36.46967], [-99.48216, 36.46902], [-99.4822, 36.46437], [-99.49075, 36.46451], [-99.49167, 36.46599], [-99.49316, 36.46701], [-99.49413, 36.46744], [-99.49305, 36.46819], [-99.49222, 36.46939]]], [[[-99.54209, 36.53187], [-99.54216, 36.52823], [-99.52625, 36.52801], [-99.50576, 36.49357], [-99.52595, 36.49371], [-99.52638, 36.49479], [-99.52692, 36.49536], [-99.52764, 36.49576], [-99.52889, 36.49602], [-99.53031, 36.49585], [-99.53273, 36.49681], [-99.53495, 36.49698], [-99.53628, 36.49666], [-99.53707, 36.49596], [-99.53734, 36.49486], [-99.53685, 36.49387], [-99.54848, 36.49402], [-99.5487, 36.50005], [-99.54865, 36.50695], [-99.549, 36.50765], [-99.54947, 36.50807], [-99.55007, 36.50837], [-99.55098, 36.50852], [-99.55168, 36.50844], [-99.55251, 36.5081], [-99.55311, 36.50752], [-99.55339, 36.5068], [-99.55349, 36.50006], [-99.55328, 36.49408], [-99.55827, 36.49416], [-99.55884, 36.50108], [-99.55966, 36.50306], [-99.55959, 36.50582], [-99.56013, 36.50689], [-99.56004, 36.51759], [-99.55777, 36.51754], [-99.55779, 36.52113], [-99.5555, 36.52111], [-99.55554, 36.52472], [-99.55329, 36.5247], [-99.5534, 36.52923], [-99.55113, 36.52923], [-99.55115, 36.53104], [-99.54665, 36.53101], [-99.5467, 36.53192], [-99.54209, 36.53187]], [[-99.51568, 36.50072], [-99.5157, 36.49987], [-99.51529, 36.49906], [-99.51448, 36.49841], [-99.51354, 36.4981], [-99.51245, 36.4981], [-99.51128, 36.49848], [-99.51056, 36.49907], [-99.51016, 36.49984], [-99.51018, 36.50075], [-99.51059, 36.5015], [-99.51131, 36.50208], [-99.51242, 36.50246], [-99.51365, 36.50243], [-99.51459, 36.50205], [-99.5153, 36.50146], [-99.51568, 36.50072]], [[-99.53124, 36.52212], [-99.53235, 36.5228], [-99.53327, 36.52292], [-99.53396, 36.52282], [-99.53509, 36.52216], [-99.53597, 36.52087], [-99.53682, 36.514], [-99.53629, 36.51296], [-99.53513, 36.51234], [-99.5342, 36.51226], [-99.53331, 36.51248], [-99.53259, 36.51296], [-99.53215, 36.51363], [-99.53137, 36.51962], [-99.5308, 36.52086], [-99.53092, 36.52161], [-99.53124, 36.52212]]], [[[-99.56736, 36.48159], [-99.56721, 36.48703], [-99.56505, 36.48702], [-99.56496, 36.49037], [-99.52134, 36.48977], [-99.52067, 36.48943], [-99.51976, 36.48929], [-99.51906, 36.48937], [-99.51825, 36.48972], [-99.51756, 36.48971], [-99.51731, 36.4791], [-99.52637, 36.47923], [-99.52588, 36.48046], [-99.52607, 36.48138], [-99.52678, 36.48213], [-99.52807, 36.48254], [-99.52922, 36.48239], [-99.53014, 36.48181], [-99.53147, 36.47933], [-99.53347, 36.47936], [-99.53552, 36.48005], [-99.53754, 36.48192], [-99.53914, 36.48251], [-99.5402, 36.4826], [-99.54111, 36.48244], [-99.54188, 36.48201], [-99.54238, 36.48137], [-99.54249, 36.48025], [-99.54197, 36.47941], [-99.54123, 36.47894], [-99.5404, 36.47875], [-99.53958, 36.47777], [-99.53812, 36.47678], [-99.53635, 36.47614], [-99.53634, 36.46957], [-99.53739, 36.47062], [-99.53802, 36.47087], [-99.53895, 36.47096], [-99.53963, 36.47084], [-99.54042, 36.47043], [-99.54096, 36.46982], [-99.54116, 36.46908], [-99.5409, 36.46816], [-99.53913, 36.46575], [-99.53751, 36.46433], [-99.537, 36.46285], [-99.53638, 36.4621], [-99.53638, 36.46161], [-99.53673, 36.46159], [-99.53804, 36.46228], [-99.53874, 36.46234], [-99.53965, 36.46216], [-99.54068, 36.4614], [-99.54102, 36.4605], [-99.54073, 36.45919], [-99.53953, 36.45809], [-99.5384, 36.4577], [-99.53641, 36.45772], [-99.53645, 36.45082], [-99.55527, 36.45114], [-99.55538, 36.45251], [-99.55616, 36.45344], [-99.55721, 36.45384], [-99.55866, 36.4537], [-99.55994, 36.45399], [-99.56107, 36.45375], [-99.56192, 36.45312], [-99.56227, 36.45242], [-99.56231, 36.45109], [-99.56751, 36.45106], [-99.56767, 36.45934], [-99.56736, 36.48159]]], [[[-99.5754, 36.47086], [-99.57319, 36.47084], [-99.5732, 36.47443], [-99.57215, 36.47442], [-99.57246, 36.45934], [-99.5723, 36.45109], [-99.57882, 36.45117], [-99.57886, 36.45285], [-99.57454, 36.45282], [-99.57437, 36.45643], [-99.57551, 36.45643], [-99.5754, 36.47086]]], [[[-99.58276, 36.44564], [-99.5787, 36.44561], [-99.57874, 36.4473], [-99.57671, 36.44728], [-99.57671, 36.44038], [-99.57984, 36.44169], [-99.58003, 36.44284], [-99.58041, 36.44349], [-99.58276, 36.44564]]], [[[-99.58632, 36.44213], [-99.58615, 36.44234], [-99.58514, 36.4412], [-99.58618, 36.44104], [-99.58708, 36.44059], [-99.58868, 36.43844], [-99.58955, 36.4384], [-99.59127, 36.43796], [-99.59037, 36.43896], [-99.59028, 36.43971], [-99.59045, 36.44026], [-99.58964, 36.44053], [-99.58893, 36.44108], [-99.58815, 36.44106], [-99.58727, 36.4413], [-99.58632, 36.44213]]], [[[-99.59179, 36.43773], [-99.59179, 36.43773], [-99.59179, 36.43773], [-99.59179, 36.43773]]], [[[-99.59901, 36.43692], [-99.59941, 36.43472], [-99.60072, 36.43384], [-99.60142, 36.4323], [-99.60143, 36.43084], [-99.60113, 36.43008], [-99.60035, 36.42932], [-99.5993, 36.42888], [-99.59984, 36.42847], [-99.60199, 36.42754], [-99.60406, 36.42586], [-99.60628, 36.42311], [-99.60748, 36.42207], [-99.60832, 36.42038], [-99.60974, 36.41852], [-99.61028, 36.41741], [-99.61157, 36.41313], [-99.61287, 36.41377], [-99.61398, 36.41478], [-99.61564, 36.41514], [-99.61746, 36.41476], [-99.61988, 36.41312], [-99.62052, 36.41167], [-99.62055, 36.41083], [-99.62016, 36.4095], [-99.62077, 36.40723], [-99.62179, 36.4052], [-99.62201, 36.40385], [-99.6233, 36.40271], [-99.62506, 36.40924], [-99.62254, 36.4122], [-99.62148, 36.41252], [-99.62056, 36.41336], [-99.62031, 36.4141], [-99.62036, 36.41467], [-99.62111, 36.41581], [-99.61976, 36.4166], [-99.61867, 36.41665], [-99.61749, 36.41723], [-99.61669, 36.41724], [-99.61582, 36.41752], [-99.61504, 36.41822], [-99.61475, 36.41913], [-99.61493, 36.41987], [-99.61528, 36.42036], [-99.61643, 36.42099], [-99.61812, 36.42116], [-99.62096, 36.42062], [-99.62054, 36.4477], [-99.5991, 36.44763], [-99.59906, 36.44655], [-99.59844, 36.44425], [-99.59844, 36.44378], [-99.59899, 36.44269], [-99.59902, 36.44175], [-99.59874, 36.44101], [-99.59797, 36.44009], [-99.59773, 36.4394], [-99.59845, 36.43833], [-99.59901, 36.43692]]], [[[-99.62125, 36.398], [-99.6213, 36.39833], [-99.61917, 36.39994], [-99.61761, 36.40148], [-99.6156, 36.40625], [-99.61449, 36.40598], [-99.61325, 36.4062], [-99.61085, 36.40464], [-99.60932, 36.40429], [-99.60806, 36.40436], [-99.60803, 36.39356], [-99.6211, 36.39356], [-99.62125, 36.398]]], [[[-99.60917, 36.40854], [-99.60942, 36.40875], [-99.60793, 36.40931], [-99.60798, 36.40825], [-99.60884, 36.40818], [-99.60917, 36.40854]]], [[[-99.60682, 36.41075], [-99.60591, 36.4141], [-99.60538, 36.41509], [-99.60534, 36.4159], [-99.60353, 36.4186], [-99.60321, 36.41943], [-99.60093, 36.42177], [-99.60028, 36.4228], [-99.59944, 36.4233], [-99.59867, 36.42425], [-99.59767, 36.42459], [-99.59715, 36.42225], [-99.5985, 36.41751], [-99.60093, 36.41671], [-99.60205, 36.41596], [-99.60287, 36.41469], [-99.60336, 36.41275], [-99.6046, 36.41211], [-99.60574, 36.41103], [-99.60682, 36.41075]]], [[[-99.59331, 36.4336], [-99.59328, 36.43314], [-99.59387, 36.43173], [-99.59427, 36.43229], [-99.59378, 36.4335], [-99.59331, 36.4336]]], [[[-99.5856, 36.43462], [-99.58248, 36.43607], [-99.58057, 36.43773], [-99.57257, 36.43375], [-99.57413, 36.4337], [-99.57523, 36.43335], [-99.57604, 36.43267], [-99.57635, 36.43177], [-99.57598, 36.43069], [-99.57514, 36.43004], [-99.57425, 36.4298], [-99.57254, 36.42988], [-99.57234, 36.41485], [-99.57428, 36.41491], [-99.57634, 36.41458], [-99.57872, 36.41495], [-99.57965, 36.41489], [-99.58047, 36.41454], [-99.58095, 36.41412], [-99.58137, 36.41305], [-99.5812, 36.41231], [-99.58085, 36.41182], [-99.57971, 36.41119], [-99.57625, 36.41071], [-99.57394, 36.41101], [-99.57341, 36.41068], [-99.57275, 36.40989], [-99.57236, 36.40899], [-99.57241, 36.40297], [-99.5737, 36.40318], [-99.57483, 36.40296], [-99.57582, 36.40217], [-99.5761, 36.40107], [-99.58562, 36.39692], [-99.58563, 36.41155], [-99.58459, 36.41239], [-99.58421, 36.41409], [-99.5824, 36.4163], [-99.582, 36.41749], [-99.58218, 36.41873], [-99.5843, 36.42134], [-99.58465, 36.4221], [-99.58397, 36.42548], [-99.58369, 36.42871], [-99.58309, 36.42917], [-99.58264, 36.42998], [-99.5826, 36.43152], [-99.58292, 36.43256], [-99.5835, 36.43348], [-99.58459, 36.43414], [-99.58588, 36.43429], [-99.5856, 36.43462]]], [[[-99.59649, 36.47114], [-99.59648, 36.46398], [-99.592, 36.4639], [-99.59205, 36.45893], [-99.59249, 36.45692], [-99.59325, 36.45583], [-99.5936, 36.45466], [-99.59371, 36.45318], [-99.59339, 36.4514], [-99.60305, 36.45148], [-99.60298, 36.47655], [-99.59194, 36.47631], [-99.59199, 36.47106], [-99.59649, 36.47114]]], [[[-99.59659, 36.48054], [-99.59636, 36.48048], [-99.59636, 36.48027], [-99.60284, 36.48041], [-99.60282, 36.48153], [-99.60314, 36.48224], [-99.60397, 36.4829], [-99.60508, 36.48317], [-99.60622, 36.48298], [-99.60712, 36.48238], [-99.60751, 36.4817], [-99.60762, 36.48055], [-99.62069, 36.48075], [-99.62076, 36.49152], [-99.58963, 36.49068], [-99.58967, 36.48546], [-99.59177, 36.4855], [-99.59184, 36.48385], [-99.59572, 36.48427], [-99.59642, 36.48418], [-99.59724, 36.48382], [-99.59792, 36.48306], [-99.59808, 36.48213], [-99.59753, 36.48109], [-99.59659, 36.48054]]], [[[-99.58941, 36.51079], [-99.59156, 36.51081], [-99.59155, 36.50732], [-99.58943, 36.50729], [-99.58958, 36.49454], [-99.62077, 36.49539], [-99.62082, 36.49721], [-99.61708, 36.49782], [-99.61624, 36.49811], [-99.61547, 36.49879], [-99.61509, 36.50001], [-99.61526, 36.50075], [-99.61562, 36.50124], [-99.61613, 36.50163], [-99.61699, 36.50193], [-99.61815, 36.50189], [-99.61916, 36.50142], [-99.62065, 36.50117], [-99.62061, 36.52008], [-99.60521, 36.51998], [-99.58942, 36.51957], [-99.58941, 36.51079]]], [[[-99.58464, 36.52757], [-99.58464, 36.54822], [-99.58166, 36.54825], [-99.58309, 36.54646], [-99.58333, 36.54578], [-99.58329, 36.54489], [-99.58303, 36.54433], [-99.58121, 36.54303], [-99.58299, 36.53867], [-99.58369, 36.53586], [-99.5838, 36.53165], [-99.58412, 36.52909], [-99.58464, 36.52757]]], [[[-99.56451, 36.55412], [-99.56435, 36.55414], [-99.56496, 36.55376], [-99.56561, 36.5542], [-99.56451, 36.55412]]], [[[-99.54675, 36.54647], [-99.55126, 36.54648], [-99.55817, 36.55508], [-99.55612, 36.55584], [-99.55494, 36.55677], [-99.55447, 36.55744], [-99.55128, 36.55743], [-99.55131, 36.56218], [-99.55069, 36.56294], [-99.54573, 36.55974], [-99.54445, 36.55854], [-99.53498, 36.5427], [-99.54227, 36.54276], [-99.54228, 36.54459], [-99.54677, 36.54462], [-99.54675, 36.54647]]], [[[-99.53321, 36.53972], [-99.53062, 36.53538], [-99.53323, 36.53542], [-99.53321, 36.53972]]], [[[-99.52872, 36.53218], [-99.52842, 36.53168], [-99.52874, 36.53169], [-99.52872, 36.53218]]], [[[-99.5337, 36.54948], [-99.5339, 36.54981], [-99.53324, 36.54982], [-99.5337, 36.54948]]], [[[-99.55121, 36.59417], [-99.55098, 36.59341], [-99.55116, 36.59149], [-99.55106, 36.58759], [-99.55351, 36.58628], [-99.56703, 36.5861], [-99.56697, 36.59139], [-99.56079, 36.59144], [-99.55484, 36.59181], [-99.55419, 36.59201], [-99.55347, 36.5925], [-99.55305, 36.59317], [-99.55296, 36.59374], [-99.55307, 36.5943], [-99.55353, 36.59496], [-99.55426, 36.59542], [-99.55516, 36.59563], [-99.56107, 36.5953], [-99.56923, 36.59523], [-99.56893, 36.59779], [-99.56884, 36.6077], [-99.56761, 36.61656], [-99.56773, 36.62103], [-99.56755, 36.62102], [-99.56738, 36.6164], [-99.56861, 36.60779], [-99.55298, 36.60811], [-99.55234, 36.59418], [-99.55121, 36.59417]]], [[[-99.56674, 36.6267], [-99.56714, 36.62489], [-99.56734, 36.62489], [-99.56696, 36.62659], [-99.56692, 36.63548], [-99.56671, 36.63548], [-99.56674, 36.6267]]], [[[-99.50281, 36.60972], [-99.5028, 36.62076], [-99.49709, 36.62082], [-99.49748, 36.62008], [-99.4975, 36.61924], [-99.49712, 36.61845], [-99.49622, 36.61776], [-99.49624, 36.61254], [-99.49669, 36.61187], [-99.49684, 36.61114], [-99.49667, 36.61034], [-99.49621, 36.60969], [-99.4962, 36.60826], [-99.50284, 36.60818], [-99.50281, 36.60972]]], [[[-99.48479, 36.60069], [-99.48488, 36.60633], [-99.48219, 36.60632], [-99.48163, 36.60527], [-99.48093, 36.60476], [-99.4802, 36.60449], [-99.47913, 36.60443], [-99.47806, 36.60473], [-99.47813, 36.59386], [-99.48406, 36.59385], [-99.48469, 36.59468], [-99.48479, 36.60069]]], [[[-99.47516, 36.58724], [-99.47518, 36.59204], [-99.47389, 36.59268], [-99.47335, 36.59372], [-99.47327, 36.60468], [-99.47262, 36.6041], [-99.47171, 36.60371], [-99.47069, 36.60363], [-99.46991, 36.60378], [-99.46903, 36.60426], [-99.46843, 36.60493], [-99.4682, 36.60553], [-99.46825, 36.60635], [-99.46367, 36.60636], [-99.46341, 36.60578], [-99.4628, 36.6052], [-99.46197, 36.60486], [-99.46127, 36.60478], [-99.46058, 36.60487], [-99.45976, 36.60524], [-99.45896, 36.60635], [-99.44211, 36.60646], [-99.44211, 36.60159], [-99.44254, 36.60085], [-99.44275, 36.59984], [-99.4425, 36.59756], [-99.44284, 36.59656], [-99.44285, 36.59427], [-99.44265, 36.59349], [-99.44214, 36.59272], [-99.4423, 36.59168], [-99.44183, 36.59059], [-99.44125, 36.59008], [-99.44036, 36.58971], [-99.43958, 36.58962], [-99.43854, 36.58978], [-99.43823, 36.58895], [-99.43749, 36.58826], [-99.43655, 36.58788], [-99.43538, 36.58785], [-99.43394, 36.58842], [-99.43343, 36.58895], [-99.4331, 36.58977], [-99.43316, 36.59056], [-99.43345, 36.59112], [-99.43478, 36.59206], [-99.42924, 36.59213], [-99.42997, 36.59108], [-99.42995, 36.58993], [-99.42919, 36.58894], [-99.42799, 36.58839], [-99.42797, 36.58712], [-99.4287, 36.58725], [-99.42902, 36.58783], [-99.42972, 36.58841], [-99.43122, 36.58882], [-99.43224, 36.58867], [-99.43291, 36.58835], [-99.43349, 36.58785], [-99.43389, 36.58715], [-99.43394, 36.58627], [-99.43356, 36.58547], [-99.43273, 36.58478], [-99.43158, 36.58444], [-99.43119, 36.58379], [-99.43188, 36.58299], [-99.43206, 36.58193], [-99.43162, 36.58092], [-99.43075, 36.58023], [-99.44644, 36.58021], [-99.44657, 36.58114], [-99.44714, 36.58191], [-99.44825, 36.58258], [-99.44927, 36.58277], [-99.45054, 36.58253], [-99.45149, 36.58188], [-99.452, 36.58112], [-99.45209, 36.58024], [-99.45328, 36.58012], [-99.45422, 36.58123], [-99.45613, 36.58247], [-99.45926, 36.58395], [-99.4602, 36.58421], [-99.46032, 36.58549], [-99.46073, 36.58604], [-99.4615, 36.58657], [-99.46062, 36.58686], [-99.45983, 36.58746], [-99.45941, 36.58825], [-99.45941, 36.58915], [-99.46007, 36.5902], [-99.46154, 36.59087], [-99.46243, 36.59091], [-99.46346, 36.59066], [-99.46415, 36.59023], [-99.46469, 36.58956], [-99.46489, 36.58874], [-99.46478, 36.58812], [-99.4643, 36.58739], [-99.46348, 36.58681], [-99.46457, 36.58639], [-99.46528, 36.58571], [-99.46559, 36.5847], [-99.46528, 36.58369], [-99.46571, 36.58335], [-99.46798, 36.58379], [-99.47107, 36.58367], [-99.47316, 36.5835], [-99.4751, 36.58294], [-99.47516, 36.58724]], [[-99.47304, 36.59474], [-99.47301, 36.59396], [-99.47247, 36.59308], [-99.47163, 36.59251], [-99.47066, 36.59226], [-99.46957, 36.59235], [-99.46869, 36.59272], [-99.46797, 36.59336], [-99.46759, 36.59423], [-99.46766, 36.59521], [-99.46808, 36.59593], [-99.46887, 36.59651], [-99.46984, 36.5968], [-99.47088, 36.59676], [-99.47202, 36.5963], [-99.4727, 36.59563], [-99.47304, 36.59474]], [[-99.45828, 36.60267], [-99.4585, 36.60215], [-99.45958, 36.60208], [-99.46048, 36.60168], [-99.46112, 36.6011], [-99.46154, 36.60032], [-99.46157, 36.59938], [-99.46118, 36.5986], [-99.46043, 36.59799], [-99.45944, 36.59764], [-99.45814, 36.59766], [-99.45725, 36.59797], [-99.4565, 36.59859], [-99.45615, 36.59924], [-99.45498, 36.59931], [-99.45408, 36.5997], [-99.45352, 36.6002], [-99.45314, 36.60098], [-99.45313, 36.60175], [-99.45349, 36.6027], [-99.45398, 36.60326], [-99.4548, 36.60372], [-99.45578, 36.6039], [-99.45676, 36.60377], [-99.45769, 36.60331], [-99.45828, 36.60267]], [[-99.44937, 36.59598], [-99.44937, 36.59512], [-99.44899, 36.59437], [-99.44818, 36.59372], [-99.447, 36.59337], [-99.44586, 36.59345], [-99.44492, 36.59386], [-99.44423, 36.59454], [-99.44392, 36.59527], [-99.44397, 36.59616], [-99.44443, 36.59691], [-99.44529, 36.59751], [-99.44608, 36.59774], [-99.44719, 36.59773], [-99.44818, 36.59739], [-99.44895, 36.59676], [-99.44937, 36.59598]], [[-99.45177, 36.60128], [-99.45255, 36.60076], [-99.453, 36.60017], [-99.45319, 36.59934], [-99.45304, 36.59866], [-99.4526, 36.598], [-99.45172, 36.59736], [-99.45079, 36.59709], [-99.44986, 36.59711], [-99.44887, 36.5974], [-99.44803, 36.59804], [-99.44761, 36.59883], [-99.44757, 36.59952], [-99.44658, 36.59995], [-99.44582, 36.60076], [-99.4456, 36.60208], [-99.44599, 36.60288], [-99.44677, 36.60351], [-99.44768, 36.60382], [-99.44867, 36.60383], [-99.44944, 36.60363], [-99.45019, 36.60317], [-99.45081, 36.60245], [-99.45102, 36.60149], [-99.45177, 36.60128]]], [[[-99.47966, 36.5748], [-99.47968, 36.57841], [-99.47749, 36.57811], [-99.47492, 36.57817], [-99.47183, 36.57907], [-99.47086, 36.57921], [-99.46922, 36.57893], [-99.46543, 36.57878], [-99.46396, 36.57904], [-99.46228, 36.57987], [-99.46185, 36.57991], [-99.46043, 36.57927], [-99.45929, 36.57837], [-99.45774, 36.57628], [-99.458, 36.57557], [-99.45897, 36.57455], [-99.45943, 36.57372], [-99.46052, 36.56996], [-99.46128, 36.56919], [-99.4629, 36.56864], [-99.46372, 36.56806], [-99.46459, 36.56705], [-99.46507, 36.56579], [-99.46488, 36.56339], [-99.46423, 36.56193], [-99.46305, 36.56082], [-99.45932, 36.55859], [-99.4599, 36.55696], [-99.46136, 36.55605], [-99.46266, 36.55479], [-99.46489, 36.55144], [-99.4654, 36.55041], [-99.46575, 36.54869], [-99.46617, 36.54776], [-99.46643, 36.54604], [-99.46794, 36.54526], [-99.46902, 36.54418], [-99.4697, 36.54189], [-99.4697, 36.54076], [-99.46947, 36.54], [-99.47098, 36.54053], [-99.4723, 36.5404], [-99.47346, 36.53969], [-99.47403, 36.53846], [-99.47386, 36.53759], [-99.47324, 36.53677], [-99.47232, 36.53622], [-99.47105, 36.53602], [-99.46993, 36.53626], [-99.46903, 36.53684], [-99.46854, 36.53757], [-99.46846, 36.53862], [-99.46692, 36.537], [-99.46542, 36.53581], [-99.46289, 36.53473], [-99.46139, 36.53439], [-99.46015, 36.53378], [-99.45781, 36.53219], [-99.45499, 36.53145], [-99.451, 36.53112], [-99.45018, 36.53012], [-99.45016, 36.52988], [-99.45154, 36.52942], [-99.45265, 36.52862], [-99.45389, 36.52683], [-99.45534, 36.52521], [-99.45819, 36.52627], [-99.45695, 36.52669], [-99.45603, 36.52764], [-99.45583, 36.52887], [-99.45623, 36.52982], [-99.45699, 36.53045], [-99.45768, 36.53073], [-99.46006, 36.53088], [-99.46135, 36.53068], [-99.46247, 36.5299], [-99.46295, 36.52852], [-99.46261, 36.52747], [-99.46545, 36.52756], [-99.46641, 36.52743], [-99.46807, 36.52677], [-99.46928, 36.52589], [-99.47052, 36.52653], [-99.47177, 36.52658], [-99.47291, 36.52616], [-99.47365, 36.52547], [-99.47397, 36.5242], [-99.47342, 36.52303], [-99.47224, 36.52228], [-99.47068, 36.52217], [-99.4709, 36.52108], [-99.47074, 36.5193], [-99.47091, 36.51802], [-99.4717, 36.51837], [-99.47272, 36.51847], [-99.47375, 36.51827], [-99.47437, 36.51796], [-99.47494, 36.51746], [-99.47533, 36.51673], [-99.47535, 36.51593], [-99.47505, 36.51512], [-99.47386, 36.51414], [-99.4723, 36.5139], [-99.47284, 36.51297], [-99.47283, 36.51214], [-99.47243, 36.51138], [-99.47166, 36.51074], [-99.47063, 36.5104], [-99.46958, 36.51035], [-99.46835, 36.51072], [-99.46755, 36.51137], [-99.4666, 36.51081], [-99.46557, 36.51064], [-99.46454, 36.51082], [-99.46375, 36.51124], [-99.46323, 36.5096], [-99.46376, 36.50945], [-99.46592, 36.50947], [-99.4673, 36.50917], [-99.46928, 36.50934], [-99.47406, 36.51129], [-99.47676, 36.5118], [-99.47721, 36.51235], [-99.47804, 36.51287], [-99.47953, 36.51309], [-99.47952, 36.51776], [-99.4786, 36.51907], [-99.47847, 36.52081], [-99.47797, 36.52157], [-99.47787, 36.52225], [-99.47835, 36.52345], [-99.47953, 36.52421], [-99.47959, 36.52882], [-99.47826, 36.52961], [-99.47775, 36.5308], [-99.47801, 36.53193], [-99.47915, 36.53291], [-99.47785, 36.53284], [-99.47673, 36.53324], [-99.47594, 36.534], [-99.47564, 36.53505], [-99.47599, 36.53612], [-99.47689, 36.5369], [-99.47834, 36.53726], [-99.47962, 36.53699], [-99.47966, 36.5748]], [[-99.47772, 36.56131], [-99.47711, 36.56062], [-99.47619, 36.56014], [-99.47515, 36.55999], [-99.47409, 36.56016], [-99.47321, 36.56066], [-99.47264, 36.56138], [-99.47247, 36.5622], [-99.4727, 36.56301], [-99.47328, 36.56369], [-99.4741, 36.56414], [-99.4752, 36.56434], [-99.47624, 36.56419], [-99.47717, 36.56367], [-99.47777, 36.56292], [-99.47794, 36.56208], [-99.47772, 36.56131]], [[-99.4713, 36.57569], [-99.47213, 36.57512], [-99.47261, 36.5744], [-99.4727, 36.57354], [-99.47226, 36.57254], [-99.47158, 36.57188], [-99.47066, 36.57148], [-99.46959, 36.57141], [-99.46853, 36.57168], [-99.46758, 36.57238], [-99.46716, 36.57307], [-99.46707, 36.57393], [-99.46737, 36.57471], [-99.46807, 36.57538], [-99.46914, 36.57585], [-99.47036, 36.57594], [-99.4713, 36.57569]], [[-99.47022, 36.53478], [-99.4708, 36.53389], [-99.47084, 36.53262], [-99.46978, 36.53036], [-99.46893, 36.52965], [-99.46803, 36.52934], [-99.46697, 36.52932], [-99.46599, 36.52964], [-99.46506, 36.53049], [-99.46475, 36.53151], [-99.46493, 36.53267], [-99.4657, 36.53463], [-99.46672, 36.53538], [-99.46798, 36.53564], [-99.46921, 36.53541], [-99.47022, 36.53478]], [[-99.47114, 36.55398], [-99.47103, 36.55311], [-99.47055, 36.55239], [-99.46966, 36.55178], [-99.46871, 36.55154], [-99.4675, 36.55162], [-99.46659, 36.552], [-99.46583, 36.55273], [-99.46553, 36.55354], [-99.46562, 36.55439], [-99.46609, 36.55514], [-99.46698, 36.55574], [-99.46801, 36.556], [-99.46917, 36.55591], [-99.47007, 36.55552], [-99.47085, 36.55476], [-99.47114, 36.55398]]], [[[-99.47713, 36.49832], [-99.47714, 36.50295], [-99.47549, 36.50172], [-99.47506, 36.50085], [-99.47505, 36.49982], [-99.47456, 36.4986], [-99.47454, 36.49759], [-99.47514, 36.49654], [-99.47532, 36.49427], [-99.47477, 36.4929], [-99.47308, 36.49135], [-99.47299, 36.49028], [-99.47241, 36.48924], [-99.47241, 36.48822], [-99.47274, 36.48764], [-99.47288, 36.48667], [-99.47228, 36.48459], [-99.47103, 36.48223], [-99.46969, 36.4814], [-99.46852, 36.48025], [-99.46714, 36.47941], [-99.46816, 36.47873], [-99.46863, 36.47964], [-99.46943, 36.48023], [-99.47058, 36.48053], [-99.47162, 36.48044], [-99.47268, 36.47993], [-99.47324, 36.47927], [-99.47348, 36.47843], [-99.47333, 36.47765], [-99.4726, 36.47674], [-99.47125, 36.4762], [-99.46999, 36.47628], [-99.46885, 36.47688], [-99.46895, 36.47614], [-99.46869, 36.47534], [-99.46811, 36.4747], [-99.46716, 36.47424], [-99.4655, 36.47417], [-99.46387, 36.47491], [-99.46392, 36.46895], [-99.4773, 36.47691], [-99.47713, 36.49832]]], [[[-99.4619, 36.47702], [-99.46221, 36.47696], [-99.46246, 36.47791], [-99.45793, 36.47838], [-99.45859, 36.47663], [-99.45837, 36.4753], [-99.45706, 36.47381], [-99.45523, 36.47274], [-99.45438, 36.47109], [-99.45283, 36.46948], [-99.452, 36.46907], [-99.45043, 36.46885], [-99.44955, 36.4684], [-99.44862, 36.46821], [-99.44737, 36.46834], [-99.44574, 36.46896], [-99.44632, 36.46802], [-99.44684, 36.46644], [-99.4476, 36.46694], [-99.4489, 36.46725], [-99.45016, 36.4671], [-99.45131, 36.46636], [-99.45208, 36.46698], [-99.45277, 36.46726], [-99.45452, 36.46726], [-99.45546, 36.46683], [-99.45613, 36.46614], [-99.45641, 36.4651], [-99.45619, 36.46429], [-99.45915, 36.46608], [-99.45911, 36.47547], [-99.45946, 36.47617], [-99.46011, 36.47671], [-99.46096, 36.47701], [-99.4619, 36.47702]]], [[[-99.44709, 36.4588], [-99.45096, 36.46113], [-99.45222, 36.4619], [-99.4508, 36.46219], [-99.44984, 36.46294], [-99.44912, 36.46282], [-99.44798, 36.46202], [-99.44632, 36.46145], [-99.44547, 36.46135], [-99.44583, 36.46053], [-99.44595, 36.45813], [-99.44709, 36.4588]]], [[[-99.44113, 36.45886], [-99.44101, 36.45992], [-99.43982, 36.45893], [-99.43743, 36.45821], [-99.43826, 36.45743], [-99.43854, 36.45665], [-99.43845, 36.45581], [-99.43791, 36.455], [-99.43969, 36.45572], [-99.44117, 36.45592], [-99.44113, 36.45886]]], [[[-99.43565, 36.45125], [-99.43559, 36.45208], [-99.43585, 36.45309], [-99.43692, 36.45441], [-99.43567, 36.45425], [-99.43439, 36.45459], [-99.43353, 36.45533], [-99.43318, 36.45618], [-99.43349, 36.45749], [-99.43417, 36.45815], [-99.4349, 36.45848], [-99.43302, 36.45933], [-99.4307, 36.46147], [-99.43, 36.46257], [-99.42976, 36.46371], [-99.42928, 36.46385], [-99.42732, 36.4637], [-99.42695, 36.46347], [-99.42712, 36.46246], [-99.42676, 36.4612], [-99.42756, 36.46004], [-99.42867, 36.45975], [-99.42968, 36.45894], [-99.43092, 36.45662], [-99.43099, 36.45582], [-99.43054, 36.45396], [-99.42981, 36.45317], [-99.42884, 36.45272], [-99.42964, 36.4522], [-99.43005, 36.45163], [-99.43025, 36.45081], [-99.43008, 36.44987], [-99.43353, 36.4499], [-99.43507, 36.45049], [-99.43565, 36.45125]]], [[[-99.39791, 36.45343], [-99.39817, 36.45276], [-99.3981, 36.45185], [-99.39759, 36.45104], [-99.39701, 36.45059], [-99.39563, 36.45021], [-99.39299, 36.4504], [-99.393, 36.44821], [-99.39462, 36.44738], [-99.39572, 36.44763], [-99.39746, 36.4489], [-99.39764, 36.45035], [-99.39887, 36.45198], [-99.39978, 36.45251], [-99.40227, 36.45344], [-99.39791, 36.45343]]], [[[-99.4073, 36.45417], [-99.40712, 36.45401], [-99.40832, 36.45372], [-99.40986, 36.45369], [-99.41143, 36.45324], [-99.41398, 36.45328], [-99.41503, 36.453], [-99.41627, 36.45343], [-99.41826, 36.45479], [-99.42057, 36.45549], [-99.42418, 36.45603], [-99.42324, 36.45701], [-99.42157, 36.45968], [-99.42134, 36.46056], [-99.42144, 36.46198], [-99.41939, 36.45991], [-99.41817, 36.45924], [-99.41716, 36.45902], [-99.41766, 36.458], [-99.41756, 36.45695], [-99.41708, 36.45618], [-99.41607, 36.45544], [-99.41443, 36.45503], [-99.41299, 36.45539], [-99.41194, 36.45642], [-99.41179, 36.45761], [-99.41069, 36.45739], [-99.40836, 36.45611], [-99.40804, 36.4558], [-99.40785, 36.45488], [-99.4073, 36.45417]]], [[[-99.42326, 36.46726], [-99.42345, 36.46695], [-99.42466, 36.46768], [-99.42612, 36.46812], [-99.42749, 36.46807], [-99.42952, 36.46837], [-99.43088, 36.46817], [-99.4326, 36.46754], [-99.43392, 36.46664], [-99.43484, 36.4655], [-99.43514, 36.46398], [-99.43654, 36.4627], [-99.43719, 36.46374], [-99.43868, 36.4648], [-99.4399, 36.46528], [-99.44092, 36.46537], [-99.44124, 36.46648], [-99.44112, 36.46668], [-99.44015, 36.4663], [-99.43906, 36.46624], [-99.43754, 36.46675], [-99.43667, 36.46779], [-99.4366, 36.46899], [-99.43554, 36.46972], [-99.4351, 36.47071], [-99.43522, 36.47158], [-99.43596, 36.47271], [-99.43675, 36.47319], [-99.43796, 36.4734], [-99.43781, 36.47414], [-99.43804, 36.47629], [-99.4386, 36.47704], [-99.43962, 36.47765], [-99.43903, 36.47838], [-99.43886, 36.47917], [-99.43909, 36.48], [-99.43968, 36.48069], [-99.44056, 36.48114], [-99.44164, 36.4813], [-99.44298, 36.48099], [-99.44398, 36.48017], [-99.44498, 36.48075], [-99.44607, 36.48098], [-99.44727, 36.48078], [-99.44807, 36.48031], [-99.44874, 36.47931], [-99.44876, 36.47805], [-99.44797, 36.47687], [-99.44633, 36.47598], [-99.44636, 36.4753], [-99.44604, 36.47449], [-99.44757, 36.4731], [-99.44806, 36.47303], [-99.44879, 36.4733], [-99.44972, 36.47339], [-99.45091, 36.47538], [-99.45209, 36.47639], [-99.45283, 36.47677], [-99.45247, 36.4781], [-99.45256, 36.47953], [-99.4534, 36.4808], [-99.45491, 36.48204], [-99.45593, 36.48252], [-99.45749, 36.48275], [-99.45897, 36.48276], [-99.46178, 36.48245], [-99.46348, 36.48281], [-99.46513, 36.48367], [-99.46624, 36.4848], [-99.46734, 36.48646], [-99.46698, 36.48738], [-99.46689, 36.48967], [-99.46603, 36.48916], [-99.46504, 36.48898], [-99.46416, 36.48906], [-99.4632, 36.48946], [-99.46226, 36.49064], [-99.46197, 36.49288], [-99.46256, 36.49383], [-99.46364, 36.49445], [-99.46365, 36.4952], [-99.46405, 36.49605], [-99.46418, 36.49717], [-99.4651, 36.49821], [-99.46608, 36.49859], [-99.4671, 36.49865], [-99.46806, 36.49839], [-99.46913, 36.49772], [-99.4689, 36.49906], [-99.4679, 36.49876], [-99.46681, 36.49881], [-99.46595, 36.49912], [-99.46515, 36.49975], [-99.46471, 36.50097], [-99.4652, 36.50226], [-99.46608, 36.50298], [-99.46728, 36.50333], [-99.46864, 36.50315], [-99.46977, 36.50245], [-99.47038, 36.50376], [-99.47142, 36.50502], [-99.46885, 36.50461], [-99.46292, 36.50496], [-99.46096, 36.50548], [-99.45979, 36.50603], [-99.45862, 36.50691], [-99.45686, 36.50893], [-99.45654, 36.51005], [-99.45653, 36.51107], [-99.45722, 36.51273], [-99.45874, 36.5148], [-99.4602, 36.51628], [-99.45914, 36.51649], [-99.4576, 36.51717], [-99.45591, 36.51839], [-99.4551, 36.51939], [-99.45507, 36.52073], [-99.45314, 36.52103], [-99.45132, 36.52195], [-99.44962, 36.52365], [-99.4484, 36.52549], [-99.44607, 36.52662], [-99.44515, 36.52745], [-99.44481, 36.52802], [-99.44446, 36.52949], [-99.44465, 36.53106], [-99.44535, 36.53254], [-99.4466, 36.53398], [-99.448, 36.53494], [-99.44906, 36.53543], [-99.45166, 36.53592], [-99.45372, 36.53585], [-99.45518, 36.53622], [-99.4565, 36.53718], [-99.45561, 36.53821], [-99.45551, 36.54026], [-99.45526, 36.54073], [-99.45326, 36.54128], [-99.45241, 36.5417], [-99.45113, 36.54166], [-99.45196, 36.54129], [-99.45271, 36.54055], [-99.45296, 36.53992], [-99.45294, 36.53892], [-99.45256, 36.53814], [-99.45195, 36.5376], [-99.45105, 36.5372], [-99.44996, 36.53711], [-99.44896, 36.53735], [-99.44834, 36.53773], [-99.44785, 36.53824], [-99.44755, 36.539], [-99.44757, 36.53999], [-99.44783, 36.54059], [-99.44906, 36.54155], [-99.44585, 36.54108], [-99.44411, 36.54108], [-99.44145, 36.54164], [-99.44051, 36.54214], [-99.43975, 36.5428], [-99.43872, 36.54255], [-99.43795, 36.54204], [-99.43867, 36.54095], [-99.43849, 36.53983], [-99.43777, 36.5391], [-99.43671, 36.53872], [-99.4387, 36.53819], [-99.43976, 36.53766], [-99.44056, 36.53675], [-99.44073, 36.53566], [-99.4403, 36.5347], [-99.43942, 36.53399], [-99.43826, 36.53363], [-99.43701, 36.53362], [-99.43623, 36.53383], [-99.43443, 36.53475], [-99.43382, 36.53528], [-99.43342, 36.53604], [-99.43341, 36.53701], [-99.43386, 36.53783], [-99.43469, 36.53846], [-99.43573, 36.53875], [-99.43364, 36.53929], [-99.43272, 36.54012], [-99.4323, 36.54078], [-99.43219, 36.54597], [-99.43281, 36.54725], [-99.42489, 36.5473], [-99.42438, 36.54675], [-99.42357, 36.5463], [-99.4226, 36.54612], [-99.42168, 36.54622], [-99.4207, 36.54555], [-99.41948, 36.54533], [-99.41851, 36.5455], [-99.41768, 36.54596], [-99.41709, 36.54667], [-99.41689, 36.54743], [-99.41401, 36.54748], [-99.41304, 36.54679], [-99.41179, 36.54654], [-99.41055, 36.54681], [-99.40957, 36.54755], [-99.40469, 36.54766], [-99.40379, 36.54704], [-99.40251, 36.54678], [-99.40128, 36.54704], [-99.4003, 36.54775], [-99.39181, 36.54791], [-99.39177, 36.54205], [-99.39252, 36.54134], [-99.39306, 36.54038], [-99.39319, 36.53896], [-99.3937, 36.53799], [-99.39381, 36.53613], [-99.39324, 36.53476], [-99.39258, 36.53421], [-99.39171, 36.53387], [-99.39171, 36.53355], [-99.39492, 36.53348], [-99.39583, 36.53377], [-99.39691, 36.53381], [-99.39813, 36.53343], [-99.40277, 36.53339], [-99.40392, 36.53307], [-99.40463, 36.53258], [-99.40511, 36.53172], [-99.40519, 36.52814], [-99.40505, 36.52726], [-99.40472, 36.5267], [-99.40405, 36.52618], [-99.40323, 36.52591], [-99.39173, 36.52604], [-99.39174, 36.52243], [-99.40254, 36.5223], [-99.40344, 36.5228], [-99.40443, 36.52297], [-99.40549, 36.52281], [-99.40648, 36.52223], [-99.44356, 36.52201], [-99.44473, 36.52175], [-99.44594, 36.52318], [-99.44669, 36.52352], [-99.44773, 36.52365], [-99.44923, 36.5232], [-99.45022, 36.52207], [-99.45037, 36.52068], [-99.44978, 36.51955], [-99.44771, 36.51781], [-99.44641, 36.51743], [-99.44378, 36.51772], [-99.44277, 36.51815], [-99.43805, 36.51819], [-99.43698, 36.51734], [-99.43581, 36.51707], [-99.43421, 36.51738], [-99.43316, 36.51823], [-99.40634, 36.51836], [-99.40568, 36.51772], [-99.40478, 36.51733], [-99.40352, 36.51727], [-99.40245, 36.51765], [-99.40142, 36.51708], [-99.40036, 36.51695], [-99.39861, 36.51737], [-99.398, 36.51782], [-99.39753, 36.51851], [-99.39175, 36.51856], [-99.39176, 36.50785], [-99.40754, 36.50798], [-99.40844, 36.50778], [-99.40917, 36.50731], [-99.40963, 36.50666], [-99.40975, 36.5061], [-99.40959, 36.50535], [-99.40909, 36.50472], [-99.40832, 36.50428], [-99.40725, 36.50412], [-99.40697, 36.50354], [-99.40778, 36.50271], [-99.40791, 36.50159], [-99.40725, 36.50061], [-99.40602, 36.50008], [-99.40464, 36.50019], [-99.40322, 36.501], [-99.40219, 36.50252], [-99.40209, 36.50407], [-99.39175, 36.50398], [-99.39172, 36.49424], [-99.39256, 36.49509], [-99.39402, 36.49565], [-99.39749, 36.4952], [-99.39865, 36.49478], [-99.39988, 36.49381], [-99.40125, 36.49339], [-99.40196, 36.49265], [-99.40216, 36.49191], [-99.40199, 36.49117], [-99.40148, 36.49053], [-99.40071, 36.4901], [-99.39934, 36.48971], [-99.3975, 36.48995], [-99.39677, 36.49043], [-99.39609, 36.49124], [-99.39562, 36.49059], [-99.39497, 36.49017], [-99.39526, 36.48908], [-99.39467, 36.48784], [-99.39337, 36.48713], [-99.3917, 36.48715], [-99.39169, 36.47882], [-99.39756, 36.47876], [-99.39892, 36.47951], [-99.40063, 36.47979], [-99.40194, 36.4796], [-99.40316, 36.47914], [-99.40473, 36.47794], [-99.40782, 36.48025], [-99.40976, 36.4811], [-99.41104, 36.48129], [-99.41223, 36.481], [-99.4138, 36.48005], [-99.41459, 36.47896], [-99.41475, 36.47822], [-99.41432, 36.47715], [-99.41322, 36.47646], [-99.41183, 36.47638], [-99.41058, 36.47698], [-99.4101, 36.47657], [-99.41058, 36.47547], [-99.41015, 36.47403], [-99.40925, 36.47315], [-99.40805, 36.47276], [-99.40629, 36.47281], [-99.40556, 36.4731], [-99.4049, 36.47366], [-99.40404, 36.47375], [-99.40363, 36.47317], [-99.40284, 36.47263], [-99.40194, 36.47239], [-99.40101, 36.47236], [-99.39983, 36.47268], [-99.39904, 36.47325], [-99.39851, 36.4741], [-99.39843, 36.47488], [-99.39168, 36.47495], [-99.39163, 36.46881], [-99.40162, 36.46891], [-99.40782, 36.46932], [-99.40941, 36.47116], [-99.41063, 36.47203], [-99.41174, 36.47232], [-99.41266, 36.47222], [-99.41347, 36.47184], [-99.41404, 36.47124], [-99.41428, 36.47051], [-99.41422, 36.46994], [-99.41383, 36.46926], [-99.41288, 36.46849], [-99.41123, 36.46653], [-99.40982, 36.46576], [-99.40846, 36.46548], [-99.40191, 36.46505], [-99.39161, 36.46494], [-99.39182, 36.46176], [-99.39259, 36.45729], [-99.40358, 36.45731], [-99.40514, 36.45897], [-99.40841, 36.46084], [-99.41021, 36.46127], [-99.41418, 36.46309], [-99.41401, 36.46414], [-99.414, 36.46879], [-99.41437, 36.47022], [-99.41599, 36.47254], [-99.41855, 36.47373], [-99.41967, 36.47505], [-99.42221, 36.47703], [-99.42395, 36.47755], [-99.42553, 36.47755], [-99.4271, 36.4771], [-99.42861, 36.4762], [-99.42963, 36.47702], [-99.43113, 36.4773], [-99.43212, 36.47707], [-99.43418, 36.47599], [-99.43481, 36.47513], [-99.4349, 36.4739], [-99.43433, 36.47295], [-99.43302, 36.4722], [-99.4309, 36.47191], [-99.42992, 36.47205], [-99.42889, 36.47262], [-99.4283, 36.47355], [-99.42562, 36.47244], [-99.42468, 36.47245], [-99.42368, 36.47284], [-99.4219, 36.47095], [-99.41944, 36.46976], [-99.41879, 36.46871], [-99.4188, 36.46663], [-99.4196, 36.46768], [-99.42085, 36.46816], [-99.42223, 36.46801], [-99.42326, 36.46726]], [[-99.45642, 36.48403], [-99.45577, 36.48472], [-99.4555, 36.48571], [-99.45563, 36.48645], [-99.45622, 36.48726], [-99.45709, 36.48777], [-99.45818, 36.48797], [-99.45929, 36.48779], [-99.45998, 36.48745], [-99.46064, 36.48679], [-99.46093, 36.48602], [-99.4608, 36.48499], [-99.46032, 36.48428], [-99.45952, 36.48376], [-99.45848, 36.4835], [-99.45741, 36.48358], [-99.45642, 36.48403]], [[-99.45662, 36.50126], [-99.45672, 36.50036], [-99.45642, 36.4996], [-99.45576, 36.49894], [-99.4549, 36.49855], [-99.4538, 36.49843], [-99.45266, 36.49864], [-99.45166, 36.49927], [-99.45118, 36.5], [-99.45109, 36.50088], [-99.45141, 36.5017], [-99.45222, 36.50242], [-99.45316, 36.50279], [-99.45426, 36.50287], [-99.45523, 36.50263], [-99.45613, 36.50201], [-99.45662, 36.50126]], [[-99.45098, 36.48076], [-99.44991, 36.48074], [-99.44897, 36.48102], [-99.44822, 36.48156], [-99.44779, 36.48229], [-99.44774, 36.48319], [-99.44814, 36.48408], [-99.44882, 36.48466], [-99.44971, 36.485], [-99.45088, 36.48503], [-99.45185, 36.48475], [-99.45262, 36.48418], [-99.45309, 36.48338], [-99.45309, 36.48239], [-99.45266, 36.48162], [-99.45197, 36.48108], [-99.45098, 36.48076]], [[-99.43599, 36.48589], [-99.4367, 36.48669], [-99.43762, 36.48728], [-99.43995, 36.48936], [-99.44147, 36.49031], [-99.44212, 36.49053], [-99.44282, 36.49059], [-99.44373, 36.49041], [-99.44484, 36.48953], [-99.44611, 36.49028], [-99.44763, 36.49037], [-99.44876, 36.4899], [-99.44956, 36.48885], [-99.44955, 36.48751], [-99.44864, 36.48648], [-99.44769, 36.48611], [-99.44634, 36.4861], [-99.44523, 36.48657], [-99.44452, 36.4874], [-99.4431, 36.48643], [-99.44221, 36.48552], [-99.44028, 36.48406], [-99.43972, 36.48334], [-99.43871, 36.48286], [-99.43732, 36.48286], [-99.43669, 36.48311], [-99.43603, 36.48365], [-99.43564, 36.48472], [-99.43599, 36.48589]], [[-99.44972, 36.5065], [-99.44864, 36.50717], [-99.44809, 36.50809], [-99.44808, 36.50898], [-99.4486, 36.50993], [-99.44779, 36.51078], [-99.44757, 36.51182], [-99.44779, 36.5125], [-99.44839, 36.51321], [-99.44761, 36.51345], [-99.44682, 36.51402], [-99.44646, 36.51454], [-99.44627, 36.51532], [-99.44649, 36.51619], [-99.44708, 36.51687], [-99.44812, 36.51741], [-99.44919, 36.51758], [-99.4507, 36.51721], [-99.45172, 36.51624], [-99.45191, 36.51503], [-99.45115, 36.51382], [-99.45222, 36.51339], [-99.45297, 36.51265], [-99.45326, 36.51168], [-99.45305, 36.51073], [-99.45409, 36.50983], [-99.45438, 36.50887], [-99.45406, 36.50779], [-99.45299, 36.50684], [-99.451, 36.50635], [-99.44972, 36.5065]], [[-99.43486, 36.50086], [-99.43476, 36.50014], [-99.43427, 36.49938], [-99.43343, 36.4988], [-99.43228, 36.49852], [-99.43125, 36.49858], [-99.43015, 36.49903], [-99.42943, 36.49973], [-99.42913, 36.50052], [-99.42924, 36.5014], [-99.42974, 36.50216], [-99.43051, 36.50268], [-99.43162, 36.50297], [-99.43297, 36.50287], [-99.43384, 36.50249], [-99.43454, 36.50182], [-99.43486, 36.50086]], [[-99.41904, 36.50198], [-99.41895, 36.50106], [-99.41854, 36.50028], [-99.41776, 36.49967], [-99.41661, 36.49935], [-99.41557, 36.49942], [-99.41466, 36.4998], [-99.41389, 36.50056], [-99.41358, 36.50138], [-99.41366, 36.50226], [-99.41402, 36.5029], [-99.41493, 36.5036], [-99.41592, 36.50391], [-99.41714, 36.50385], [-99.41806, 36.50345], [-99.41875, 36.50277], [-99.41904, 36.50198]], [[-99.40523, 36.45998], [-99.40484, 36.45921], [-99.40411, 36.45859], [-99.40307, 36.45824], [-99.40201, 36.45825], [-99.40101, 36.45861], [-99.40034, 36.45916], [-99.39993, 36.45996], [-99.39994, 36.46083], [-99.40035, 36.46161], [-99.40106, 36.46218], [-99.40202, 36.46251], [-99.40302, 36.46252], [-99.40408, 36.46217], [-99.40485, 36.46153], [-99.40522, 36.46077], [-99.40523, 36.45998]], [[-99.41131, 36.49016], [-99.4114, 36.48932], [-99.41111, 36.48853], [-99.41044, 36.48786], [-99.40949, 36.48744], [-99.4086, 36.48733], [-99.40744, 36.48753], [-99.40654, 36.48806], [-99.40595, 36.48892], [-99.40586, 36.48982], [-99.40626, 36.49073], [-99.40701, 36.49139], [-99.40788, 36.49172], [-99.40896, 36.49179], [-99.40998, 36.49152], [-99.41087, 36.49089], [-99.41131, 36.49016]], [[-99.4177, 36.51613], [-99.41779, 36.51528], [-99.41749, 36.5145], [-99.41676, 36.51379], [-99.41584, 36.51337], [-99.41464, 36.51327], [-99.41354, 36.51352], [-99.41273, 36.51405], [-99.41223, 36.51479], [-99.41213, 36.51564], [-99.41252, 36.51657], [-99.41318, 36.51715], [-99.4142, 36.51759], [-99.4153, 36.51769], [-99.41635, 36.51745], [-99.41722, 36.51686], [-99.4177, 36.51613]], [[-99.41097, 36.53524], [-99.41088, 36.53439], [-99.4104, 36.53364], [-99.40951, 36.53304], [-99.40852, 36.5328], [-99.4074, 36.53288], [-99.40644, 36.53327], [-99.40573, 36.53396], [-99.40543, 36.53476], [-99.40552, 36.53559], [-99.40597, 36.53629], [-99.40681, 36.53687], [-99.40793, 36.53717], [-99.40903, 36.5371], [-99.40993, 36.53672], [-99.41067, 36.53601], [-99.41097, 36.53524]]], [[[-99.43769, 36.54739], [-99.43772, 36.54718], [-99.4385, 36.54728], [-99.4395, 36.54711], [-99.44081, 36.5462], [-99.44231, 36.5463], [-99.44415, 36.5455], [-99.44899, 36.54653], [-99.45061, 36.54644], [-99.45186, 36.54657], [-99.45419, 36.54639], [-99.45799, 36.54491], [-99.45963, 36.54387], [-99.46026, 36.54315], [-99.46143, 36.5411], [-99.46181, 36.53966], [-99.46372, 36.54097], [-99.46402, 36.5414], [-99.46401, 36.54189], [-99.46262, 36.54254], [-99.46182, 36.54321], [-99.46061, 36.54502], [-99.46013, 36.5463], [-99.46018, 36.54738], [-99.45992, 36.54895], [-99.45877, 36.55107], [-99.45798, 36.55199], [-99.45717, 36.55238], [-99.45638, 36.55304], [-99.4546, 36.5551], [-99.45392, 36.55642], [-99.4537, 36.55726], [-99.45371, 36.55898], [-99.45389, 36.55994], [-99.45448, 36.56112], [-99.45516, 36.56184], [-99.45701, 36.56319], [-99.45918, 36.56425], [-99.45939, 36.56483], [-99.45821, 36.56525], [-99.45729, 36.56582], [-99.45607, 36.56704], [-99.45538, 36.56805], [-99.45435, 36.57023], [-99.45383, 36.57243], [-99.45242, 36.57454], [-99.4522, 36.57637], [-99.42789, 36.5764], [-99.42791, 36.57116], [-99.42892, 36.5709], [-99.42973, 36.57034], [-99.43016, 36.56977], [-99.43035, 36.56891], [-99.43006, 36.56799], [-99.42952, 36.56738], [-99.42889, 36.56699], [-99.42792, 36.56675], [-99.42801, 36.55115], [-99.43002, 36.55113], [-99.43063, 36.55227], [-99.43199, 36.55297], [-99.43428, 36.55315], [-99.43575, 36.55289], [-99.43679, 36.55223], [-99.4373, 36.55147], [-99.4374, 36.55066], [-99.43709, 36.54986], [-99.43753, 36.54908], [-99.43769, 36.54739]], [[-99.452, 36.55519], [-99.45115, 36.55474], [-99.4502, 36.55458], [-99.44904, 36.55364], [-99.4478, 36.55339], [-99.4468, 36.55351], [-99.4461, 36.5538], [-99.44529, 36.55447], [-99.44492, 36.55522], [-99.44493, 36.55623], [-99.44533, 36.557], [-99.44626, 36.5577], [-99.44728, 36.558], [-99.4469, 36.55958], [-99.44691, 36.56063], [-99.4472, 36.56304], [-99.44758, 36.56416], [-99.44842, 36.56504], [-99.4497, 36.5655], [-99.4507, 36.56547], [-99.45166, 36.56513], [-99.45242, 36.56451], [-99.45281, 36.56374], [-99.45289, 36.56262], [-99.45259, 36.56127], [-99.45243, 36.55816], [-99.45283, 36.5575], [-99.45293, 36.5566], [-99.45263, 36.55583], [-99.452, 36.55519]], [[-99.43562, 36.5554], [-99.43406, 36.55564], [-99.43338, 36.55607], [-99.43282, 36.55676], [-99.43241, 36.55861], [-99.43271, 36.55969], [-99.43208, 36.56029], [-99.43172, 36.56113], [-99.43175, 36.56192], [-99.43203, 36.56251], [-99.43287, 36.56326], [-99.43388, 36.56361], [-99.43528, 36.56355], [-99.43639, 36.56313], [-99.43737, 36.56382], [-99.43934, 36.56433], [-99.44033, 36.56442], [-99.44129, 36.56422], [-99.44231, 36.56354], [-99.44286, 36.56255], [-99.44303, 36.5607], [-99.44256, 36.55942], [-99.44159, 36.55853], [-99.44035, 36.55817], [-99.43904, 36.55832], [-99.4379, 36.55905], [-99.43814, 36.55754], [-99.43782, 36.55662], [-99.43684, 36.55575], [-99.43562, 36.5554]], [[-99.44467, 36.568], [-99.44569, 36.5681], [-99.44667, 36.5679], [-99.44757, 36.56736], [-99.44817, 36.56657], [-99.44833, 36.56558], [-99.44803, 36.56481], [-99.44727, 36.56409], [-99.44644, 36.56371], [-99.44533, 36.5636], [-99.44423, 36.56384], [-99.44326, 36.56449], [-99.44281, 36.56519], [-99.44269, 36.56609], [-99.443, 36.56691], [-99.4437, 36.56757], [-99.44467, 36.568]]], [[[-99.49235, 36.4989], [-99.48192, 36.49866], [-99.48198, 36.4897], [-99.48339, 36.48962], [-99.48455, 36.48912], [-99.48551, 36.4881], [-99.4859, 36.48698], [-99.48557, 36.48589], [-99.48454, 36.48514], [-99.48316, 36.48497], [-99.48202, 36.48538], [-99.48206, 36.4798], [-99.49045, 36.4849], [-99.49034, 36.48557], [-99.49051, 36.48632], [-99.49146, 36.48734], [-99.493, 36.48778], [-99.4946, 36.48742], [-99.49696, 36.48887], [-99.49717, 36.49902], [-99.49235, 36.4989]], [[-99.49038, 36.49409], [-99.49122, 36.49348], [-99.49166, 36.49274], [-99.49173, 36.49193], [-99.49135, 36.49105], [-99.49055, 36.49035], [-99.48968, 36.49003], [-99.48858, 36.48997], [-99.48763, 36.49024], [-99.48674, 36.49094], [-99.48632, 36.49181], [-99.48639, 36.49276], [-99.48696, 36.49363], [-99.4859, 36.49429], [-99.48533, 36.49521], [-99.48538, 36.49633], [-99.48588, 36.49709], [-99.48672, 36.49762], [-99.4877, 36.49786], [-99.48874, 36.49779], [-99.48988, 36.49732], [-99.49052, 36.49668], [-99.49083, 36.49586], [-99.49074, 36.49502], [-99.49017, 36.49418], [-99.49038, 36.49409]]], [[[-99.50189, 36.48709], [-99.50153, 36.48712], [-99.49974, 36.48571], [-99.49197, 36.48098], [-99.49177, 36.47968], [-99.4909, 36.47884], [-99.49589, 36.47872], [-99.51252, 36.47906], [-99.51277, 36.48968], [-99.50481, 36.48971], [-99.50469, 36.4887], [-99.50401, 36.48775], [-99.50313, 36.48725], [-99.50189, 36.48709]]], [[[-99.55353, 36.53926], [-99.55234, 36.53944], [-99.55218, 36.53834], [-99.55286, 36.53806], [-99.55347, 36.53754], [-99.55402, 36.5365], [-99.55425, 36.5355], [-99.55588, 36.53551], [-99.55554, 36.5378], [-99.5543, 36.53895], [-99.55353, 36.53926]]], [[[-99.54244, 36.53607], [-99.54752, 36.53953], [-99.54803, 36.54131], [-99.53906, 36.53466], [-99.53582, 36.53254], [-99.53504, 36.53216], [-99.53347, 36.53175], [-99.52877, 36.53154], [-99.52876, 36.53136], [-99.53261, 36.53145], [-99.53493, 36.53194], [-99.53612, 36.53237], [-99.54244, 36.53607]]], [[[-99.52089, 36.5995], [-99.52089, 36.60129], [-99.5122, 36.60133], [-99.5122, 36.59977], [-99.51489, 36.60044], [-99.5168, 36.60005], [-99.51908, 36.59888], [-99.52089, 36.5995]]], [[[-99.51664, 36.59346], [-99.52089, 36.59344], [-99.52089, 36.59491], [-99.51976, 36.59458], [-99.51901, 36.59454], [-99.51663, 36.59509], [-99.51664, 36.59346]]], [[[-99.66866, 36.51962], [-99.66906, 36.52024], [-99.6612, 36.52008], [-99.66143, 36.50988], [-99.67461, 36.50991], [-99.67463, 36.51514], [-99.67321, 36.5148], [-99.67191, 36.51484], [-99.6707, 36.51518], [-99.66967, 36.51578], [-99.66889, 36.5166], [-99.66845, 36.51757], [-99.66837, 36.51862], [-99.66866, 36.51962]]], [[[-99.67075, 36.52901], [-99.67282, 36.52942], [-99.67474, 36.52905], [-99.67485, 36.54907], [-99.66146, 36.54878], [-99.66133, 36.53824], [-99.66244, 36.5375], [-99.66283, 36.53643], [-99.66241, 36.53536], [-99.66129, 36.53464], [-99.66118, 36.52395], [-99.66903, 36.52411], [-99.66845, 36.52556], [-99.66862, 36.52694], [-99.66943, 36.52815], [-99.67075, 36.52901]]], [[[-99.5982, 36.56316], [-99.5967, 36.56309], [-99.5967, 36.56279], [-99.59602, 36.56278], [-99.59602, 36.56306], [-99.58949, 36.56278], [-99.58943, 36.52344], [-99.60512, 36.52385], [-99.62062, 36.52395], [-99.6208, 36.56346], [-99.6048, 36.56345], [-99.5982, 36.56316]]], [[[-99.66351, 36.56244], [-99.66295, 36.56326], [-99.66148, 36.56323], [-99.66148, 36.56023], [-99.66226, 36.5595], [-99.6626, 36.55835], [-99.66226, 36.55745], [-99.66148, 36.55681], [-99.66149, 36.55265], [-99.6748, 36.55294], [-99.67495, 36.55363], [-99.67545, 36.55427], [-99.67622, 36.5547], [-99.67713, 36.55487], [-99.67783, 36.5548], [-99.67866, 36.55446], [-99.67947, 36.55354], [-99.67965, 36.55095], [-99.67948, 36.52429], [-99.69263, 36.52437], [-99.69291, 36.56101], [-99.69159, 36.56109], [-99.69004, 36.56165], [-99.68912, 36.56236], [-99.68835, 36.56352], [-99.67195, 36.56344], [-99.67133, 36.56258], [-99.6704, 36.56187], [-99.66903, 36.56132], [-99.66744, 36.56104], [-99.66638, 36.56106], [-99.66515, 36.56136], [-99.66351, 36.56244]]], [[[-99.67021, 36.56782], [-99.671, 36.56729], [-99.67506, 36.56737], [-99.67507, 36.57787], [-99.66154, 36.57765], [-99.6615, 36.56709], [-99.66384, 36.56714], [-99.66511, 36.56789], [-99.66735, 36.56835], [-99.66904, 36.56824], [-99.67021, 36.56782]]], [[[-99.58174, 36.5672], [-99.58109, 36.56658], [-99.58471, 36.56656], [-99.58473, 36.5738], [-99.58247, 36.57282], [-99.5823, 36.57196], [-99.58244, 36.56881], [-99.58174, 36.5672]]], [[[-99.58397, 36.57857], [-99.58385, 36.5778], [-99.58444, 36.57806], [-99.58731, 36.58601], [-99.58636, 36.58493], [-99.58557, 36.58441], [-99.58232, 36.58354], [-99.58107, 36.58356], [-99.57947, 36.5833], [-99.57852, 36.58293], [-99.5773, 36.58201], [-99.57729, 36.58188], [-99.57845, 36.5822], [-99.58007, 36.58225], [-99.58206, 36.58166], [-99.58347, 36.58039], [-99.58389, 36.57941], [-99.58397, 36.57857]]], [[[-99.58438, 36.58974], [-99.57387, 36.58995], [-99.57388, 36.58555], [-99.57793, 36.58747], [-99.58051, 36.5878], [-99.58171, 36.58778], [-99.58272, 36.58825], [-99.58438, 36.58974]]], [[[-99.58992, 36.59303], [-99.58753, 36.59304], [-99.58746, 36.59146], [-99.58963, 36.59215], [-99.58992, 36.59303]]], [[[-99.48202, 36.22618], [-99.48226, 36.22539], [-99.48219, 36.22477], [-99.48312, 36.2248], [-99.48408, 36.22451], [-99.48584, 36.22303], [-99.4861, 36.22181], [-99.48548, 36.22061], [-99.48446, 36.22002], [-99.48337, 36.21986], [-99.48233, 36.22007], [-99.48097, 36.22082], [-99.48005, 36.22184], [-99.47997, 36.22297], [-99.47893, 36.22299], [-99.47819, 36.22321], [-99.47681, 36.22431], [-99.47645, 36.22539], [-99.47671, 36.2264], [-99.47544, 36.22587], [-99.47407, 36.22594], [-99.47406, 36.2191], [-99.48626, 36.2192], [-99.48631, 36.24221], [-99.48629, 36.24485], [-99.47398, 36.24493], [-99.47406, 36.23202], [-99.47463, 36.23128], [-99.47483, 36.23052], [-99.47616, 36.23009], [-99.47731, 36.2291], [-99.47765, 36.22809], [-99.47736, 36.22709], [-99.47843, 36.22756], [-99.47976, 36.2276], [-99.48112, 36.22707], [-99.48202, 36.22618]]], [[[-99.47587, 36.33274], [-99.47569, 36.33377], [-99.47589, 36.33495], [-99.47645, 36.33588], [-99.47728, 36.33662], [-99.47748, 36.34596], [-99.45981, 36.34567], [-99.45977, 36.34471], [-99.45929, 36.34382], [-99.45827, 36.34312], [-99.45708, 36.3429], [-99.45602, 36.34308], [-99.4551, 36.34361], [-99.45453, 36.34435], [-99.45429, 36.34563], [-99.4461, 36.34564], [-99.44595, 36.32092], [-99.47717, 36.3211], [-99.47721, 36.33107], [-99.4764, 36.33181], [-99.47587, 36.33274]], [[-99.47406, 36.33699], [-99.47396, 36.33613], [-99.47348, 36.33541], [-99.47249, 36.33473], [-99.47147, 36.3345], [-99.47041, 36.33461], [-99.46956, 36.33498], [-99.46887, 36.33564], [-99.46856, 36.33646], [-99.46866, 36.33743], [-99.46918, 36.33818], [-99.47009, 36.33874], [-99.47113, 36.33897], [-99.47212, 36.33888], [-99.47305, 36.33847], [-99.47376, 36.33779], [-99.47406, 36.33699]], [[-99.45981, 36.33495], [-99.45969, 36.33395], [-99.45919, 36.33325], [-99.45828, 36.33268], [-99.45722, 36.33248], [-99.45596, 36.33269], [-99.45513, 36.33319], [-99.45453, 36.33393], [-99.45433, 36.33484], [-99.45453, 36.33575], [-99.45506, 36.33641], [-99.45593, 36.3369], [-99.45692, 36.33709], [-99.45797, 36.33694], [-99.45886, 36.33648], [-99.45943, 36.3359], [-99.45981, 36.33495]]], [[[-99.48335, 36.33123], [-99.48199, 36.3305], [-99.48195, 36.32111], [-99.51337, 36.3212], [-99.51347, 36.34616], [-99.49789, 36.34633], [-99.48227, 36.34604], [-99.48207, 36.33711], [-99.48309, 36.3366], [-99.48393, 36.33583], [-99.48463, 36.33422], [-99.48445, 36.33268], [-99.48335, 36.33123]]], [[[-99.48847, 36.37874], [-99.48942, 36.37844], [-99.4909, 36.3789], [-99.49554, 36.37895], [-99.49557, 36.38945], [-99.48244, 36.38928], [-99.48239, 36.37841], [-99.48401, 36.37826], [-99.48578, 36.37784], [-99.48687, 36.37858], [-99.48847, 36.37874]], [[-99.48926, 36.38546], [-99.49039, 36.38508], [-99.49107, 36.38449], [-99.49147, 36.38367], [-99.49144, 36.38286], [-99.49097, 36.38202], [-99.49025, 36.38145], [-99.4893, 36.38112], [-99.4882, 36.38109], [-99.48726, 36.38138], [-99.48654, 36.38194], [-99.48609, 36.38273], [-99.48604, 36.38353], [-99.48642, 36.38439], [-99.48706, 36.38499], [-99.48809, 36.38542], [-99.48926, 36.38546]]], [[[-99.4688, 36.38456], [-99.47016, 36.38438], [-99.4711, 36.38382], [-99.47196, 36.38397], [-99.47079, 36.38466], [-99.47026, 36.38564], [-99.47036, 36.38665], [-99.4712, 36.38841], [-99.47212, 36.38898], [-99.47326, 36.38923], [-99.47472, 36.39013], [-99.47763, 36.39044], [-99.47749, 36.40334], [-99.47177, 36.40329], [-99.47165, 36.40185], [-99.4711, 36.40055], [-99.47116, 36.39946], [-99.47051, 36.39847], [-99.46951, 36.39798], [-99.46858, 36.39791], [-99.46749, 36.39823], [-99.46681, 36.39878], [-99.46665, 36.39793], [-99.46615, 36.3973], [-99.46517, 36.39681], [-99.46413, 36.39671], [-99.46392, 36.39595], [-99.4647, 36.3956], [-99.46585, 36.3946], [-99.46629, 36.39385], [-99.46637, 36.39322], [-99.4661, 36.39219], [-99.46561, 36.39153], [-99.46471, 36.39096], [-99.46373, 36.39074], [-99.46255, 36.39086], [-99.46164, 36.39129], [-99.46081, 36.39243], [-99.45996, 36.39293], [-99.45917, 36.3939], [-99.45872, 36.39582], [-99.45926, 36.39736], [-99.45926, 36.40029], [-99.45789, 36.40046], [-99.45641, 36.40114], [-99.45558, 36.40192], [-99.45487, 36.40313], [-99.4492, 36.40309], [-99.44927, 36.40203], [-99.44857, 36.40106], [-99.44732, 36.40057], [-99.44606, 36.40068], [-99.44605, 36.39834], [-99.4476, 36.39798], [-99.44768, 36.39866], [-99.44805, 36.39937], [-99.44927, 36.4002], [-99.45032, 36.4004], [-99.45111, 36.40035], [-99.45191, 36.4001], [-99.45265, 36.39958], [-99.45326, 36.39824], [-99.45303, 36.39698], [-99.45188, 36.396], [-99.45012, 36.39572], [-99.45061, 36.39485], [-99.45423, 36.39503], [-99.45564, 36.39455], [-99.45634, 36.39403], [-99.45699, 36.39284], [-99.45709, 36.39152], [-99.45785, 36.39042], [-99.45781, 36.38878], [-99.46095, 36.38451], [-99.46224, 36.38375], [-99.46309, 36.38411], [-99.46447, 36.38434], [-99.46685, 36.3837], [-99.46779, 36.38433], [-99.4688, 36.38456]]], [[[-99.47594, 36.38583], [-99.47568, 36.38497], [-99.47509, 36.38429], [-99.47422, 36.38385], [-99.47325, 36.38371], [-99.47415, 36.38295], [-99.47442, 36.38185], [-99.47405, 36.38042], [-99.47281, 36.37935], [-99.47088, 36.37871], [-99.46937, 36.3786], [-99.46844, 36.37881], [-99.46654, 36.37984], [-99.46544, 36.37987], [-99.46444, 36.38023], [-99.46306, 36.37977], [-99.46118, 36.37991], [-99.45849, 36.38113], [-99.45683, 36.38111], [-99.45553, 36.38183], [-99.45506, 36.38253], [-99.45491, 36.38325], [-99.45542, 36.38452], [-99.45429, 36.38616], [-99.45326, 36.38719], [-99.453, 36.38866], [-99.45137, 36.38956], [-99.45047, 36.39082], [-99.44918, 36.3908], [-99.44747, 36.39146], [-99.44621, 36.39334], [-99.4463, 36.38993], [-99.44654, 36.38855], [-99.44613, 36.38745], [-99.4461, 36.38457], [-99.44679, 36.38369], [-99.44694, 36.38277], [-99.44666, 36.38197], [-99.44606, 36.38135], [-99.44603, 36.37886], [-99.4465, 36.37774], [-99.44649, 36.37618], [-99.44609, 36.37545], [-99.44521, 36.37475], [-99.44619, 36.37143], [-99.44717, 36.37112], [-99.45676, 36.37109], [-99.45827, 36.37078], [-99.45931, 36.37024], [-99.46026, 36.36937], [-99.46114, 36.36753], [-99.46275, 36.36566], [-99.46363, 36.36411], [-99.47752, 36.36432], [-99.47763, 36.38653], [-99.47656, 36.38643], [-99.47595, 36.38602], [-99.47594, 36.38583]], [[-99.46899, 36.3685], [-99.46891, 36.3693], [-99.46932, 36.37023], [-99.47013, 36.37088], [-99.47097, 36.37118], [-99.4719, 36.37125], [-99.47292, 36.37102], [-99.47377, 36.37044], [-99.47423, 36.36975], [-99.47432, 36.36877], [-99.47397, 36.36792], [-99.47331, 36.36728], [-99.47239, 36.36689], [-99.47135, 36.36681], [-99.47036, 36.36706], [-99.46956, 36.36759], [-99.46899, 36.3685]]], [[[-99.41589, 36.44406], [-99.42067, 36.44418], [-99.42192, 36.44396], [-99.42305, 36.44344], [-99.42309, 36.44599], [-99.41529, 36.44605], [-99.41438, 36.44496], [-99.41463, 36.44439], [-99.41589, 36.44406]]], [[[-99.40979, 36.44606], [-99.40979, 36.44598], [-99.41023, 36.44598], [-99.41019, 36.4461], [-99.40979, 36.44606]]], [[[-99.41229, 36.39984], [-99.41118, 36.39955], [-99.40981, 36.39976], [-99.40979, 36.39222], [-99.42307, 36.39248], [-99.42304, 36.39903], [-99.42205, 36.39943], [-99.42137, 36.40006], [-99.42036, 36.39997], [-99.41934, 36.40023], [-99.4186, 36.40066], [-99.41813, 36.4012], [-99.41747, 36.40027], [-99.41646, 36.3998], [-99.41553, 36.39975], [-99.41266, 36.40007], [-99.41229, 36.39984]]], [[[-99.41778, 36.40276], [-99.41779, 36.40275], [-99.41779, 36.40276], [-99.41778, 36.40276]]], [[[-99.42138, 36.38858], [-99.4137, 36.38843], [-99.41463, 36.38651], [-99.41449, 36.3851], [-99.41366, 36.38417], [-99.41228, 36.38365], [-99.41084, 36.38379], [-99.40979, 36.38441], [-99.40979, 36.37994], [-99.41092, 36.37993], [-99.41205, 36.37951], [-99.4128, 36.37871], [-99.41303, 36.37789], [-99.4231, 36.37811], [-99.42308, 36.38861], [-99.42138, 36.38858]]], [[[-99.39932, 36.3804], [-99.39855, 36.37998], [-99.39767, 36.37983], [-99.39768, 36.37887], [-99.39859, 36.37913], [-99.39955, 36.37911], [-99.40079, 36.37866], [-99.40167, 36.37777], [-99.405, 36.37777], [-99.405, 36.38021], [-99.40451, 36.38025], [-99.40405, 36.37967], [-99.4033, 36.37923], [-99.40215, 36.37906], [-99.40125, 36.37925], [-99.40051, 36.37971], [-99.40004, 36.38036], [-99.39994, 36.38128], [-99.39932, 36.3804]]], [[[-99.40506, 36.36343], [-99.40501, 36.37391], [-99.39189, 36.3739], [-99.39184, 36.36338], [-99.40506, 36.36343]]], [[[-99.41414, 36.3636], [-99.42322, 36.36373], [-99.42314, 36.37424], [-99.40979, 36.37396], [-99.4098, 36.37188], [-99.41072, 36.37106], [-99.41105, 36.37011], [-99.41076, 36.36905], [-99.40982, 36.3682], [-99.40984, 36.3635], [-99.41414, 36.3636]], [[-99.41512, 36.37069], [-99.41566, 36.37159], [-99.41636, 36.37211], [-99.41733, 36.37243], [-99.41839, 36.37241], [-99.4196, 36.37203], [-99.42043, 36.37146], [-99.42098, 36.3705], [-99.42095, 36.36964], [-99.42055, 36.36888], [-99.41976, 36.36824], [-99.41879, 36.36792], [-99.41764, 36.36793], [-99.41644, 36.36826], [-99.41548, 36.36896], [-99.41506, 36.36988], [-99.41512, 36.37069]]], [[[-99.37924, 36.37399], [-99.37378, 36.37403], [-99.37374, 36.36359], [-99.37557, 36.36356], [-99.37601, 36.36499], [-99.3772, 36.36622], [-99.37866, 36.3669], [-99.38034, 36.36708], [-99.38197, 36.36673], [-99.3834, 36.36583], [-99.38426, 36.36465], [-99.38449, 36.36343], [-99.38706, 36.3634], [-99.38711, 36.37391], [-99.37924, 36.37399]]], [[[-99.35621, 36.37457], [-99.35621, 36.36633], [-99.35701, 36.36675], [-99.35775, 36.3669], [-99.35875, 36.36683], [-99.35952, 36.36653], [-99.36017, 36.36604], [-99.36065, 36.36531], [-99.36074, 36.36449], [-99.36051, 36.36382], [-99.36895, 36.36367], [-99.369, 36.37415], [-99.35621, 36.37457]], [[-99.36699, 36.36527], [-99.36623, 36.36466], [-99.36506, 36.36431], [-99.36381, 36.36444], [-99.36297, 36.36488], [-99.36243, 36.36543], [-99.362, 36.36635], [-99.36196, 36.36716], [-99.3622, 36.36781], [-99.3612, 36.36751], [-99.36015, 36.36756], [-99.35895, 36.36808], [-99.35819, 36.36878], [-99.35791, 36.36935], [-99.35786, 36.37016], [-99.35849, 36.37126], [-99.35956, 36.37189], [-99.36079, 36.3721], [-99.36186, 36.37198], [-99.36285, 36.37148], [-99.36333, 36.37098], [-99.36364, 36.37018], [-99.36327, 36.36874], [-99.36432, 36.36902], [-99.36538, 36.36894], [-99.36623, 36.36858], [-99.36706, 36.3678], [-99.36743, 36.36639], [-99.36699, 36.36527]]], [[[-99.35623, 36.34935], [-99.35622, 36.34941], [-99.3562, 36.34953], [-99.3562, 36.34935], [-99.35623, 36.34935]]], [[[-99.3562, 36.34999], [-99.35631, 36.35038], [-99.3562, 36.35043], [-99.3562, 36.35003], [-99.3562, 36.34999]]], [[[-99.36004, 36.35377], [-99.35987, 36.35367], [-99.36025, 36.35282], [-99.36024, 36.35189], [-99.36137, 36.35096], [-99.36162, 36.35034], [-99.36165, 36.34933], [-99.36905, 36.34927], [-99.36896, 36.3598], [-99.36387, 36.35989], [-99.36385, 36.35796], [-99.36463, 36.35783], [-99.36543, 36.35745], [-99.36624, 36.35647], [-99.36716, 36.35604], [-99.36779, 36.35525], [-99.36785, 36.35413], [-99.36712, 36.35318], [-99.3661, 36.35274], [-99.36414, 36.35267], [-99.36216, 36.35299], [-99.361, 36.35368], [-99.36004, 36.35377]]], [[[-99.37384, 36.3492], [-99.38712, 36.34901], [-99.38712, 36.35807], [-99.38562, 36.35769], [-99.38413, 36.35801], [-99.38226, 36.35734], [-99.38111, 36.3573], [-99.38013, 36.35757], [-99.37916, 36.35814], [-99.37846, 36.35889], [-99.37822, 36.35965], [-99.37374, 36.35972], [-99.37375, 36.35805], [-99.37493, 36.35727], [-99.37532, 36.35603], [-99.37488, 36.35497], [-99.37378, 36.35428], [-99.37384, 36.3492]]], [[[-99.40515, 36.35156], [-99.40509, 36.35957], [-99.39188, 36.35952], [-99.3919, 36.34896], [-99.40517, 36.34906], [-99.40515, 36.35156]]], [[[-99.4113, 36.35715], [-99.41146, 36.35796], [-99.41191, 36.3586], [-99.41188, 36.35968], [-99.40987, 36.35963], [-99.40995, 36.34916], [-99.42319, 36.34939], [-99.42318, 36.35986], [-99.41666, 36.35974], [-99.41661, 36.35579], [-99.41601, 36.35499], [-99.41502, 36.3545], [-99.41386, 36.35445], [-99.4128, 36.35485], [-99.41164, 36.35616], [-99.4113, 36.35715]]], [[[-99.34638, 36.3747], [-99.3461, 36.37392], [-99.34699, 36.3736], [-99.34776, 36.37295], [-99.3481, 36.37236], [-99.34821, 36.3715], [-99.34795, 36.37069], [-99.34746, 36.37012], [-99.34685, 36.36972], [-99.34586, 36.36944], [-99.34457, 36.36957], [-99.34347, 36.37022], [-99.34275, 36.37161], [-99.34299, 36.37276], [-99.34226, 36.37299], [-99.34156, 36.37347], [-99.34114, 36.37398], [-99.34089, 36.37471], [-99.33975, 36.37471], [-99.33902, 36.37395], [-99.33815, 36.37357], [-99.33811, 36.36934], [-99.33943, 36.37003], [-99.34042, 36.37009], [-99.34114, 36.36994], [-99.34185, 36.36958], [-99.34259, 36.36889], [-99.34304, 36.36761], [-99.34261, 36.36643], [-99.34135, 36.36557], [-99.34059, 36.36542], [-99.33938, 36.36547], [-99.33806, 36.36599], [-99.33807, 36.34948], [-99.35142, 36.34941], [-99.35142, 36.35125], [-99.35071, 36.35061], [-99.35006, 36.35029], [-99.34839, 36.3502], [-99.34752, 36.3505], [-99.34683, 36.35104], [-99.34643, 36.35162], [-99.34626, 36.35238], [-99.34671, 36.35362], [-99.34727, 36.35411], [-99.34814, 36.35449], [-99.34912, 36.35458], [-99.35011, 36.35442], [-99.3508, 36.3541], [-99.35142, 36.35353], [-99.35141, 36.35774], [-99.3502, 36.35783], [-99.34909, 36.35842], [-99.34845, 36.35926], [-99.34827, 36.36017], [-99.3485, 36.361], [-99.34942, 36.36214], [-99.34887, 36.36313], [-99.34908, 36.36442], [-99.35007, 36.36535], [-99.35143, 36.3657], [-99.35143, 36.37467], [-99.34638, 36.3747]]], [[[-99.32013, 36.37233], [-99.32014, 36.35003], [-99.33329, 36.34957], [-99.33327, 36.35134], [-99.33229, 36.351], [-99.33122, 36.351], [-99.33028, 36.35132], [-99.32953, 36.35192], [-99.32915, 36.35264], [-99.32916, 36.35361], [-99.32867, 36.35484], [-99.3291, 36.35602], [-99.33033, 36.35687], [-99.3318, 36.35702], [-99.33323, 36.35644], [-99.33336, 36.37478], [-99.32836, 36.37492], [-99.32815, 36.37442], [-99.32815, 36.37379], [-99.32924, 36.37257], [-99.32957, 36.37165], [-99.33017, 36.37115], [-99.33145, 36.37053], [-99.33212, 36.36955], [-99.33214, 36.36879], [-99.3318, 36.36809], [-99.33115, 36.36755], [-99.3303, 36.36725], [-99.32903, 36.36731], [-99.32798, 36.36705], [-99.32706, 36.36711], [-99.32625, 36.36733], [-99.32539, 36.36792], [-99.32487, 36.3689], [-99.32498, 36.36996], [-99.32475, 36.37101], [-99.32368, 36.37232], [-99.32329, 36.37408], [-99.32032, 36.37268], [-99.32013, 36.37233]]], [[[-99.30288, 36.36412], [-99.305, 36.36421], [-99.30597, 36.36397], [-99.3072, 36.36301], [-99.30769, 36.36211], [-99.30886, 36.36284], [-99.30936, 36.36364], [-99.3101, 36.3642], [-99.31105, 36.36453], [-99.31208, 36.36453], [-99.31304, 36.36422], [-99.31366, 36.36376], [-99.31419, 36.363], [-99.31433, 36.36218], [-99.31359, 36.36066], [-99.31257, 36.3595], [-99.31178, 36.35897], [-99.31042, 36.35853], [-99.30908, 36.35855], [-99.30793, 36.35909], [-99.30724, 36.36], [-99.30677, 36.35894], [-99.30601, 36.35829], [-99.30415, 36.35775], [-99.30299, 36.35778], [-99.30231, 36.35721], [-99.30247, 36.3501], [-99.31536, 36.35011], [-99.31534, 36.37035], [-99.3044, 36.36522], [-99.30288, 36.36412]], [[-99.30641, 36.35579], [-99.30766, 36.35587], [-99.30859, 36.35559], [-99.30944, 36.35495], [-99.30988, 36.35419], [-99.31014, 36.35288], [-99.30995, 36.35211], [-99.30938, 36.3514], [-99.30834, 36.35086], [-99.3071, 36.35076], [-99.30588, 36.35116], [-99.30499, 36.35192], [-99.30433, 36.35303], [-99.30428, 36.35406], [-99.30466, 36.35481], [-99.30542, 36.35544], [-99.30641, 36.35579]]], [[[-99.29607, 36.35355], [-99.29269, 36.35167], [-99.29403, 36.35116], [-99.29493, 36.35014], [-99.29769, 36.35012], [-99.29758, 36.35493], [-99.29607, 36.35355]]], [[[-99.28687, 36.34636], [-99.28677, 36.34552], [-99.28616, 36.34448], [-99.2853, 36.34376], [-99.28439, 36.34345], [-99.2844, 36.33588], [-99.29758, 36.33574], [-99.29771, 36.34625], [-99.28687, 36.34636]]], [[[-99.30237, 36.33894], [-99.30236, 36.33572], [-99.31551, 36.33576], [-99.31541, 36.34624], [-99.30399, 36.34623], [-99.30441, 36.34534], [-99.30423, 36.34415], [-99.30351, 36.34324], [-99.30243, 36.34272], [-99.30237, 36.33894]]], [[[-99.32675, 36.34591], [-99.32019, 36.34616], [-99.32021, 36.34353], [-99.32069, 36.34432], [-99.32171, 36.34498], [-99.3229, 36.34518], [-99.32394, 36.34498], [-99.32585, 36.34368], [-99.32645, 36.34201], [-99.32741, 36.34163], [-99.3282, 36.34097], [-99.32864, 36.33977], [-99.32814, 36.33725], [-99.32738, 36.33631], [-99.32621, 36.33581], [-99.33345, 36.33581], [-99.33333, 36.3457], [-99.32675, 36.34591]]], [[[-99.3233, 36.33581], [-99.32249, 36.33634], [-99.32193, 36.33706], [-99.32174, 36.33787], [-99.3219, 36.34004], [-99.32022, 36.34235], [-99.32029, 36.33578], [-99.3233, 36.33581]]], [[[-99.35049, 36.34388], [-99.35126, 36.34555], [-99.34155, 36.34559], [-99.34108, 36.34487], [-99.34017, 36.34426], [-99.33914, 36.34403], [-99.33813, 36.34414], [-99.33823, 36.33582], [-99.3423, 36.33586], [-99.35049, 36.34388]]], [[[-99.36899, 36.34004], [-99.36915, 36.34059], [-99.3691, 36.3454], [-99.3561, 36.34549], [-99.35635, 36.33694], [-99.35781, 36.33668], [-99.35897, 36.33569], [-99.36701, 36.33534], [-99.36624, 36.33566], [-99.3655, 36.33635], [-99.36516, 36.33721], [-99.36528, 36.33813], [-99.36582, 36.33888], [-99.36653, 36.33935], [-99.36724, 36.33959], [-99.36823, 36.33962], [-99.36899, 36.34004]], [[-99.3564, 36.34026], [-99.35678, 36.3412], [-99.35765, 36.34189], [-99.35857, 36.34217], [-99.3598, 36.3422], [-99.36055, 36.34263], [-99.36156, 36.34289], [-99.36279, 36.34278], [-99.36363, 36.34236], [-99.36427, 36.34168], [-99.36452, 36.34091], [-99.36431, 36.33981], [-99.36352, 36.33897], [-99.36258, 36.33857], [-99.36146, 36.33851], [-99.36052, 36.33787], [-99.35954, 36.33764], [-99.35849, 36.33772], [-99.3574, 36.33826], [-99.35659, 36.33918], [-99.3564, 36.34026]]], [[[-99.3692, 36.33553], [-99.36869, 36.33534], [-99.3684, 36.33527], [-99.3692, 36.33523], [-99.3692, 36.33553]]], [[[-99.37951, 36.33516], [-99.3797, 36.33482], [-99.38707, 36.33468], [-99.38708, 36.33667], [-99.3857, 36.33626], [-99.384, 36.33647], [-99.38292, 36.33721], [-99.38246, 36.3384], [-99.38288, 36.33961], [-99.38422, 36.34056], [-99.38572, 36.34075], [-99.38709, 36.3403], [-99.38711, 36.34514], [-99.38293, 36.3452], [-99.38264, 36.34439], [-99.38211, 36.34382], [-99.38124, 36.34334], [-99.38021, 36.34317], [-99.37919, 36.34332], [-99.37832, 36.34378], [-99.3777, 36.3445], [-99.37748, 36.34528], [-99.37388, 36.34533], [-99.37409, 36.33994], [-99.37399, 36.33499], [-99.37471, 36.33495], [-99.3747, 36.33594], [-99.37524, 36.33678], [-99.37598, 36.33723], [-99.37689, 36.33742], [-99.37803, 36.33725], [-99.37878, 36.3368], [-99.37927, 36.33616], [-99.37951, 36.33516]]], [[[-99.39189, 36.3451], [-99.39186, 36.33782], [-99.39335, 36.33782], [-99.39589, 36.33687], [-99.39681, 36.33589], [-99.39703, 36.33472], [-99.40478, 36.33478], [-99.40511, 36.34519], [-99.39189, 36.3451]]], [[[-99.41459, 36.34538], [-99.4099, 36.34529], [-99.40955, 36.33471], [-99.42314, 36.33493], [-99.42318, 36.34552], [-99.41459, 36.34538]]], [[[-99.42312, 36.33106], [-99.40955, 36.33084], [-99.40956, 36.32055], [-99.42305, 36.32062], [-99.42312, 36.33106]]], [[[-99.42078, 36.29187], [-99.42332, 36.29188], [-99.42339, 36.29983], [-99.42233, 36.30029], [-99.42138, 36.30102], [-99.42, 36.30334], [-99.4198, 36.30413], [-99.41993, 36.30483], [-99.41925, 36.30587], [-99.41929, 36.30687], [-99.41901, 36.30789], [-99.4193, 36.30916], [-99.42031, 36.31012], [-99.42149, 36.31047], [-99.42321, 36.31028], [-99.42308, 36.31675], [-99.40954, 36.31668], [-99.40935, 36.29942], [-99.41018, 36.29986], [-99.41111, 36.30004], [-99.41278, 36.29981], [-99.4138, 36.29906], [-99.41423, 36.29786], [-99.41514, 36.29818], [-99.41589, 36.29822], [-99.41662, 36.29808], [-99.41747, 36.29766], [-99.41822, 36.29687], [-99.41869, 36.29559], [-99.41838, 36.29457], [-99.41729, 36.29368], [-99.41601, 36.2934], [-99.41465, 36.29367], [-99.4137, 36.29309], [-99.41234, 36.29293], [-99.41138, 36.29316], [-99.41046, 36.2938], [-99.40992, 36.29475], [-99.40998, 36.29586], [-99.40935, 36.29621], [-99.40944, 36.29174], [-99.42078, 36.29187]], [[-99.41834, 36.31371], [-99.41919, 36.3134], [-99.41989, 36.31289], [-99.42047, 36.31179], [-99.42016, 36.31048], [-99.41906, 36.3096], [-99.41753, 36.30917], [-99.41625, 36.30932], [-99.41422, 36.31038], [-99.41308, 36.31157], [-99.41274, 36.31264], [-99.41287, 36.31347], [-99.41338, 36.31427], [-99.4142, 36.31481], [-99.41513, 36.31506], [-99.41634, 36.31495], [-99.41725, 36.31456], [-99.41834, 36.31371]]], [[[-99.42329, 36.28801], [-99.41326, 36.28793], [-99.41352, 36.28689], [-99.41301, 36.28575], [-99.41237, 36.28522], [-99.41145, 36.28487], [-99.40968, 36.28494], [-99.40969, 36.28436], [-99.4108, 36.28388], [-99.41147, 36.28452], [-99.4124, 36.28491], [-99.41338, 36.28498], [-99.41433, 36.28475], [-99.41516, 36.2842], [-99.41574, 36.28344], [-99.41589, 36.28266], [-99.41573, 36.28193], [-99.41487, 36.28092], [-99.41368, 36.28046], [-99.41247, 36.28045], [-99.41128, 36.28091], [-99.41052, 36.28028], [-99.40978, 36.28], [-99.40979, 36.2792], [-99.411, 36.27923], [-99.41192, 36.27893], [-99.41268, 36.27832], [-99.41314, 36.27735], [-99.42324, 36.27736], [-99.42326, 36.28192], [-99.42214, 36.28201], [-99.42125, 36.28243], [-99.42016, 36.28363], [-99.41992, 36.28456], [-99.42021, 36.28556], [-99.42089, 36.28625], [-99.42195, 36.2867], [-99.42328, 36.28681], [-99.42329, 36.28801]]], [[[-99.41613, 36.24893], [-99.42318, 36.24897], [-99.42324, 36.27349], [-99.41264, 36.27348], [-99.41289, 36.27275], [-99.41289, 36.27189], [-99.41248, 36.27088], [-99.41125, 36.27002], [-99.40989, 36.26987], [-99.4099, 36.26694], [-99.41163, 36.26617], [-99.41241, 36.2651], [-99.41374, 36.26474], [-99.41459, 36.26428], [-99.41514, 36.26358], [-99.4154, 36.26254], [-99.41492, 36.26136], [-99.4137, 36.2606], [-99.41242, 36.26044], [-99.40992, 36.2607], [-99.40993, 36.25925], [-99.41096, 36.25917], [-99.41205, 36.25865], [-99.41267, 36.25793], [-99.41296, 36.25687], [-99.41273, 36.25603], [-99.41201, 36.25522], [-99.41113, 36.2548], [-99.40994, 36.25468], [-99.40999, 36.24894], [-99.41613, 36.24893]]], [[[-99.39218, 36.26861], [-99.39204, 36.24872], [-99.40521, 36.24891], [-99.40516, 36.25643], [-99.40366, 36.25732], [-99.40302, 36.25797], [-99.40278, 36.25928], [-99.40204, 36.26], [-99.40108, 36.26178], [-99.40095, 36.26254], [-99.40131, 36.26366], [-99.40244, 36.26456], [-99.40365, 36.26482], [-99.40502, 36.26456], [-99.40479, 36.26533], [-99.40513, 36.26645], [-99.4051, 36.27347], [-99.40094, 36.27346], [-99.40091, 36.2713], [-99.40037, 36.27027], [-99.39965, 36.26979], [-99.39898, 36.2696], [-99.39805, 36.26961], [-99.3972, 36.2699], [-99.39682, 36.26905], [-99.39576, 36.26825], [-99.39473, 36.26799], [-99.39377, 36.26798], [-99.39295, 36.26819], [-99.39218, 36.26861]]], [[[-99.39616, 36.27345], [-99.39556, 36.27345], [-99.39522, 36.27267], [-99.39565, 36.27217], [-99.39615, 36.27191], [-99.39616, 36.27345]]], [[[-99.36398, 36.24897], [-99.38727, 36.24869], [-99.38738, 36.27345], [-99.37268, 36.27355], [-99.37229, 36.27286], [-99.37162, 36.27225], [-99.37093, 36.27191], [-99.36988, 36.27176], [-99.36882, 36.27196], [-99.36794, 36.27243], [-99.36739, 36.27298], [-99.36709, 36.27368], [-99.35108, 36.27402], [-99.35099, 36.27309], [-99.35034, 36.27223], [-99.34947, 36.27175], [-99.34818, 36.27157], [-99.34698, 36.27183], [-99.34608, 36.27243], [-99.34563, 36.27313], [-99.34554, 36.27402], [-99.34192, 36.27401], [-99.34108, 36.27291], [-99.3403, 36.27237], [-99.33978, 36.27127], [-99.33906, 36.27079], [-99.33817, 36.27056], [-99.33817, 36.26342], [-99.34741, 36.26344], [-99.34883, 36.26387], [-99.34996, 36.26367], [-99.35085, 36.26307], [-99.3513, 36.262], [-99.35105, 36.26078], [-99.35025, 36.26001], [-99.35114, 36.25982], [-99.35206, 36.25925], [-99.3525, 36.25872], [-99.35273, 36.25789], [-99.35244, 36.25687], [-99.35166, 36.25611], [-99.35061, 36.2557], [-99.34954, 36.25568], [-99.34878, 36.25589], [-99.34804, 36.25634], [-99.34736, 36.25741], [-99.34751, 36.25867], [-99.34839, 36.25957], [-99.33815, 36.25955], [-99.33815, 36.25783], [-99.33918, 36.25774], [-99.34021, 36.25724], [-99.34082, 36.25652], [-99.34104, 36.25564], [-99.34085, 36.25483], [-99.34023, 36.2541], [-99.33937, 36.25362], [-99.33826, 36.25345], [-99.33833, 36.249], [-99.36398, 36.24897]], [[-99.35979, 36.27109], [-99.36063, 36.27006], [-99.36077, 36.26885], [-99.36007, 36.26778], [-99.35867, 36.26705], [-99.35737, 36.26704], [-99.35598, 36.26749], [-99.35524, 36.26804], [-99.35393, 36.26969], [-99.35385, 36.27075], [-99.35409, 36.27157], [-99.35468, 36.2723], [-99.35581, 36.27287], [-99.35701, 36.27294], [-99.35807, 36.27267], [-99.35896, 36.27206], [-99.35979, 36.27109]]], [[[-99.37334, 36.23379], [-99.3778, 36.23381], [-99.37857, 36.2342], [-99.37943, 36.23536], [-99.37946, 36.245], [-99.36683, 36.24509], [-99.36685, 36.23379], [-99.37334, 36.23379]]], [[[-99.39697, 36.2362], [-99.39705, 36.24494], [-99.38719, 36.24482], [-99.38715, 36.24462], [-99.38852, 36.24452], [-99.38976, 36.24387], [-99.39042, 36.24287], [-99.39043, 36.24194], [-99.38969, 36.2408], [-99.38895, 36.24037], [-99.38788, 36.24008], [-99.38688, 36.24011], [-99.38599, 36.2404], [-99.38527, 36.24085], [-99.38479, 36.24147], [-99.38422, 36.24104], [-99.3842, 36.23381], [-99.397, 36.23387], [-99.39697, 36.2362]]], [[[-99.58044, 36.55212], [-99.58465, 36.55209], [-99.5847, 36.56269], [-99.58065, 36.56271], [-99.58044, 36.55212]]], [[[-99.56662, 36.55988], [-99.56701, 36.56017], [-99.56699, 36.56023], [-99.56646, 36.55999], [-99.56662, 36.55988]]], [[[-99.55447, 36.4328], [-99.55446, 36.4222], [-99.56766, 36.42226], [-99.56777, 36.4328], [-99.55447, 36.4328]]], [[[-99.56416, 36.41575], [-99.56322, 36.41691], [-99.56304, 36.41837], [-99.55446, 36.41833], [-99.55439, 36.41053], [-99.56295, 36.40682], [-99.56298, 36.4073], [-99.56243, 36.40793], [-99.56224, 36.40867], [-99.56241, 36.40941], [-99.56309, 36.41017], [-99.56432, 36.41072], [-99.56569, 36.4108], [-99.56681, 36.41046], [-99.56753, 36.40982], [-99.56756, 36.41499], [-99.56648, 36.4147], [-99.56555, 36.41479], [-99.56474, 36.41516], [-99.56416, 36.41575]]], [[[-99.54495, 36.41549], [-99.54466, 36.41532], [-99.54587, 36.41454], [-99.54963, 36.41263], [-99.54967, 36.4183], [-99.54557, 36.41828], [-99.54575, 36.41662], [-99.54552, 36.41608], [-99.54495, 36.41549]]], [[[-99.54066, 36.41826], [-99.54066, 36.41826], [-99.54026, 36.41826], [-99.54069, 36.41799], [-99.54066, 36.41826]]], [[[-99.54417, 36.41014], [-99.54078, 36.41164], [-99.53655, 36.41349], [-99.53656, 36.40779], [-99.54933, 36.40791], [-99.54417, 36.41014]]], [[[-99.5677, 36.39352], [-99.56761, 36.39989], [-99.55446, 36.40564], [-99.55451, 36.39349], [-99.5677, 36.39352]]], [[[-99.55453, 36.37906], [-99.56765, 36.37923], [-99.56771, 36.38966], [-99.55452, 36.38962], [-99.55453, 36.37906]]], [[[-99.5676, 36.36459], [-99.56762, 36.37536], [-99.55451, 36.3752], [-99.5544, 36.3646], [-99.5676, 36.36459]]], [[[-99.53704, 36.3645], [-99.54962, 36.36459], [-99.54972, 36.37515], [-99.5364, 36.37507], [-99.5364, 36.36449], [-99.53704, 36.3645]]], [[[-99.53706, 36.36063], [-99.53639, 36.36062], [-99.53624, 36.35009], [-99.5495, 36.35014], [-99.54958, 36.36072], [-99.53706, 36.36063]]], [[[-99.56572, 36.3591], [-99.56648, 36.35981], [-99.56756, 36.36014], [-99.56757, 36.36072], [-99.55437, 36.36073], [-99.55428, 36.35013], [-99.5674, 36.3501], [-99.5675, 36.35631], [-99.56657, 36.35659], [-99.56577, 36.35728], [-99.56546, 36.35818], [-99.56572, 36.3591]]], [[[-99.56736, 36.34624], [-99.55422, 36.34627], [-99.55413, 36.33572], [-99.56726, 36.33569], [-99.56736, 36.34624]]], [[[-99.53619, 36.33924], [-99.53618, 36.33564], [-99.54935, 36.33571], [-99.54944, 36.34627], [-99.5362, 36.34622], [-99.53619, 36.33924]]], [[[-99.52283, 36.33463], [-99.52361, 36.33533], [-99.5247, 36.33564], [-99.5314, 36.33563], [-99.53142, 36.34619], [-99.51825, 36.34614], [-99.51809, 36.33202], [-99.51815, 36.32121], [-99.53148, 36.32122], [-99.53141, 36.33176], [-99.52492, 36.33178], [-99.52401, 36.33193], [-99.52323, 36.33235], [-99.52272, 36.33298], [-99.52255, 36.33391], [-99.52283, 36.33463]]], [[[-99.54924, 36.32768], [-99.54932, 36.33184], [-99.53619, 36.33177], [-99.53626, 36.32124], [-99.54917, 36.32136], [-99.54924, 36.32768]]], [[[-99.55402, 36.32764], [-99.55395, 36.32139], [-99.56727, 36.32145], [-99.56725, 36.33182], [-99.5541, 36.33185], [-99.55402, 36.32764]]], [[[-99.55396, 36.31142], [-99.55394, 36.30691], [-99.56716, 36.30696], [-99.56725, 36.31758], [-99.55394, 36.31752], [-99.55396, 36.31142]]], [[[-99.54916, 36.30689], [-99.54916, 36.31749], [-99.53626, 36.31738], [-99.53618, 36.30678], [-99.54916, 36.30689]]], [[[-99.53615, 36.30291], [-99.53604, 36.29233], [-99.5491, 36.29241], [-99.54914, 36.30303], [-99.53615, 36.30291]]], [[[-99.55392, 36.30305], [-99.55388, 36.29243], [-99.56708, 36.29244], [-99.56713, 36.30309], [-99.55392, 36.30305]]], [[[-99.54902, 36.28341], [-99.54907, 36.28854], [-99.536, 36.28846], [-99.53591, 36.27785], [-99.54899, 36.27789], [-99.54902, 36.28341]]], [[[-99.56701, 36.27796], [-99.56706, 36.28857], [-99.55385, 36.28856], [-99.55376, 36.27791], [-99.56701, 36.27796]]], [[[-99.56044, 36.26352], [-99.56693, 36.26355], [-99.56699, 36.27409], [-99.55375, 36.27405], [-99.55374, 36.26349], [-99.56044, 36.26352]]], [[[-99.6389, 36.34998], [-99.63885, 36.36085], [-99.62587, 36.3606], [-99.62569, 36.34989], [-99.6389, 36.34998]]], [[[-99.60804, 36.37504], [-99.608, 36.35029], [-99.61017, 36.34997], [-99.62091, 36.34989], [-99.62105, 36.35838], [-99.61995, 36.35906], [-99.6195, 36.36013], [-99.61986, 36.36121], [-99.62032, 36.36164], [-99.62111, 36.36202], [-99.62112, 36.36793], [-99.61813, 36.3687], [-99.61747, 36.36923], [-99.61708, 36.37004], [-99.61581, 36.3704], [-99.61506, 36.37112], [-99.61482, 36.37204], [-99.61514, 36.37294], [-99.61595, 36.37362], [-99.61718, 36.3739], [-99.61718, 36.37424], [-99.61478, 36.37448], [-99.6123, 36.37528], [-99.60804, 36.37528], [-99.60804, 36.37504]]], [[[-99.60936, 36.32109], [-99.62095, 36.32107], [-99.62096, 36.34602], [-99.6098, 36.3461], [-99.60798, 36.34643], [-99.60774, 36.3211], [-99.60936, 36.32109]]], [[[-99.63897, 36.33536], [-99.63892, 36.34611], [-99.62575, 36.34602], [-99.62577, 36.33542], [-99.63897, 36.33536]]], [[[-99.63495, 36.32105], [-99.63894, 36.32105], [-99.63897, 36.3315], [-99.62576, 36.33155], [-99.62573, 36.32106], [-99.63495, 36.32105]]], [[[-99.60295, 36.31725], [-99.58996, 36.31736], [-99.58987, 36.3067], [-99.60296, 36.30658], [-99.60295, 36.31725]]], [[[-99.58995, 36.32122], [-99.60297, 36.32112], [-99.60308, 36.33169], [-99.58995, 36.33175], [-99.58995, 36.32122]]], [[[-99.62092, 36.31721], [-99.60773, 36.31723], [-99.60774, 36.30653], [-99.62081, 36.30654], [-99.62092, 36.31721]]], [[[-99.63494, 36.31719], [-99.6257, 36.31719], [-99.62559, 36.30655], [-99.63886, 36.30648], [-99.63892, 36.31718], [-99.63494, 36.31719]]], [[[-99.58964, 36.2778], [-99.60529, 36.27763], [-99.62067, 36.27768], [-99.62079, 36.30267], [-99.60773, 36.30267], [-99.60762, 36.28995], [-99.60722, 36.28907], [-99.60636, 36.28844], [-99.60523, 36.28822], [-99.58969, 36.28837], [-99.58964, 36.2778]]], [[[-99.63369, 36.29201], [-99.63874, 36.29198], [-99.63884, 36.30261], [-99.62557, 36.30268], [-99.62558, 36.29204], [-99.63369, 36.29201]]], [[[-99.62547, 36.27902], [-99.62545, 36.27764], [-99.6387, 36.27756], [-99.63872, 36.28811], [-99.62556, 36.28818], [-99.62547, 36.27902]]], [[[-99.60733, 36.26979], [-99.60755, 36.26316], [-99.62064, 36.26316], [-99.62065, 36.27382], [-99.60526, 36.27376], [-99.58963, 36.27393], [-99.58967, 36.26331], [-99.60277, 36.26319], [-99.60266, 36.26917], [-99.60293, 36.27009], [-99.6039, 36.27089], [-99.60525, 36.27113], [-99.60654, 36.27071], [-99.60733, 36.26979]]], [[[-99.71073, 36.33165], [-99.70772, 36.33169], [-99.71081, 36.32914], [-99.71073, 36.33165]]], [[[-99.67138, 36.35445], [-99.66166, 36.35873], [-99.66164, 36.35003], [-99.67507, 36.3502], [-99.67505, 36.35235], [-99.67477, 36.35292], [-99.67138, 36.35445]]], [[[-99.64368, 36.35], [-99.65686, 36.35], [-99.65682, 36.36076], [-99.64363, 36.36087], [-99.64368, 36.35]]], [[[-99.64361, 36.36474], [-99.64807, 36.3647], [-99.6436, 36.36667], [-99.64361, 36.36474]]], [[[-99.67442, 36.32114], [-99.67494, 36.32225], [-99.67507, 36.34633], [-99.66165, 36.34616], [-99.66154, 36.32113], [-99.67442, 36.32114]]], [[[-99.64909, 36.32108], [-99.65676, 36.32112], [-99.6569, 36.33169], [-99.64375, 36.33153], [-99.64372, 36.32106], [-99.64909, 36.32108]]], [[[-99.65687, 36.34613], [-99.6437, 36.34613], [-99.64375, 36.3354], [-99.65693, 36.33556], [-99.65687, 36.34613]]], [[[-99.67965, 36.31727], [-99.67949, 36.30662], [-99.69273, 36.30653], [-99.6929, 36.31721], [-99.67965, 36.31727]]], [[[-99.67474, 36.31198], [-99.67487, 36.31727], [-99.6437, 36.31719], [-99.64364, 36.30649], [-99.67471, 36.30666], [-99.67474, 36.31198]]], [[[-99.65663, 36.30274], [-99.64361, 36.30262], [-99.64352, 36.29198], [-99.65662, 36.29205], [-99.65663, 36.30274]]], [[[-99.64348, 36.27976], [-99.64348, 36.27756], [-99.65675, 36.27765], [-99.65665, 36.28819], [-99.64349, 36.28812], [-99.64348, 36.27976]]], [[[-99.64366, 36.53486], [-99.64363, 36.5243], [-99.65639, 36.52396], [-99.65649, 36.53458], [-99.64366, 36.53486]]], [[[-99.63143, 36.52624], [-99.63019, 36.52572], [-99.62542, 36.52536], [-99.62542, 36.52404], [-99.63884, 36.52434], [-99.63887, 36.53488], [-99.62549, 36.53467], [-99.62545, 36.52926], [-99.62978, 36.52955], [-99.6311, 36.52922], [-99.63176, 36.52868], [-99.63214, 36.52779], [-99.63204, 36.52704], [-99.63143, 36.52624]]], [[[-99.62841, 36.51284], [-99.6254, 36.51285], [-99.62541, 36.50962], [-99.63874, 36.50989], [-99.63882, 36.52047], [-99.6254, 36.52017], [-99.6254, 36.51672], [-99.6297, 36.51678], [-99.63092, 36.51625], [-99.63184, 36.5152], [-99.63193, 36.51408], [-99.63168, 36.51356], [-99.63106, 36.51299], [-99.62976, 36.51259], [-99.62841, 36.51284]]], [[[-99.65641, 36.52009], [-99.64361, 36.52043], [-99.64353, 36.50992], [-99.65664, 36.50988], [-99.65641, 36.52009]]], [[[-99.62941, 36.5043], [-99.62982, 36.50435], [-99.62997, 36.50506], [-99.63051, 36.50587], [-99.62542, 36.50575], [-99.62556, 36.49546], [-99.63868, 36.49556], [-99.63871, 36.50602], [-99.63533, 36.50597], [-99.63506, 36.50458], [-99.63462, 36.50389], [-99.63446, 36.50157], [-99.63373, 36.5008], [-99.63266, 36.50036], [-99.63195, 36.50029], [-99.6295, 36.50055], [-99.62865, 36.50085], [-99.62801, 36.5014], [-99.62765, 36.5023], [-99.62785, 36.50322], [-99.62857, 36.50396], [-99.62941, 36.5043]]], [[[-99.65678, 36.49921], [-99.65709, 36.49973], [-99.65669, 36.50061], [-99.65668, 36.50601], [-99.6435, 36.50606], [-99.64347, 36.49556], [-99.65665, 36.49546], [-99.65678, 36.49921]]], [[[-99.66119, 36.49954], [-99.66145, 36.49881], [-99.66144, 36.49543], [-99.6745, 36.49537], [-99.67458, 36.50604], [-99.66147, 36.50601], [-99.66147, 36.5008], [-99.66106, 36.49972], [-99.66119, 36.49954]]], [[[-99.65182, 36.48589], [-99.65293, 36.48616], [-99.65653, 36.48599], [-99.65661, 36.4916], [-99.64108, 36.49171], [-99.62555, 36.49159], [-99.62548, 36.48082], [-99.62842, 36.4808], [-99.6302, 36.48044], [-99.64073, 36.48046], [-99.64269, 36.4809], [-99.65646, 36.48092], [-99.65648, 36.48212], [-99.65242, 36.48235], [-99.65158, 36.48268], [-99.65109, 36.48309], [-99.65065, 36.48396], [-99.65071, 36.48471], [-99.65112, 36.48539], [-99.65182, 36.48589]]], [[[-99.60788, 36.47006], [-99.60786, 36.46608], [-99.62047, 36.46637], [-99.62059, 36.47688], [-99.60776, 36.47668], [-99.60788, 36.47006]]], [[[-99.64114, 36.4766], [-99.62975, 36.47657], [-99.628, 36.47694], [-99.62538, 36.47696], [-99.62526, 36.46647], [-99.65631, 36.46654], [-99.65641, 36.47598], [-99.65661, 36.47706], [-99.6431, 36.47704], [-99.64114, 36.4766]]], [[[-99.62046, 36.4625], [-99.60785, 36.46221], [-99.60784, 36.45149], [-99.62049, 36.45157], [-99.62046, 36.4625]]], [[[-99.65496, 36.45958], [-99.65614, 36.45929], [-99.65618, 36.46267], [-99.62525, 36.4626], [-99.62528, 36.45162], [-99.629, 36.45164], [-99.62992, 36.4515], [-99.631, 36.45079], [-99.63141, 36.44972], [-99.63102, 36.44864], [-99.62995, 36.44792], [-99.62903, 36.44777], [-99.62533, 36.44775], [-99.62539, 36.43711], [-99.62842, 36.43721], [-99.62934, 36.4371], [-99.63045, 36.43642], [-99.63091, 36.43536], [-99.63056, 36.43427], [-99.62952, 36.43353], [-99.62861, 36.43335], [-99.62543, 36.43324], [-99.62569, 36.42244], [-99.63092, 36.42226], [-99.63173, 36.42188], [-99.63219, 36.42145], [-99.63255, 36.42037], [-99.63211, 36.4193], [-99.63101, 36.41862], [-99.63009, 36.41849], [-99.62581, 36.41858], [-99.62593, 36.41503], [-99.62876, 36.41171], [-99.63072, 36.4119], [-99.63305, 36.41163], [-99.63906, 36.41163], [-99.63909, 36.41361], [-99.63963, 36.41465], [-99.64079, 36.41526], [-99.64172, 36.41533], [-99.6424, 36.41519], [-99.64333, 36.41462], [-99.64382, 36.41377], [-99.64387, 36.40797], [-99.64761, 36.40793], [-99.65673, 36.40807], [-99.65688, 36.40873], [-99.65669, 36.4131], [-99.65686, 36.41385], [-99.65807, 36.41508], [-99.65893, 36.41538], [-99.65986, 36.41538], [-99.66109, 36.41487], [-99.66176, 36.41388], [-99.66177, 36.41313], [-99.66149, 36.41252], [-99.66161, 36.40804], [-99.67479, 36.40799], [-99.67476, 36.43309], [-99.6722, 36.43319], [-99.67132, 36.43344], [-99.66779, 36.43632], [-99.66729, 36.4373], [-99.66722, 36.43828], [-99.66757, 36.43973], [-99.66802, 36.44039], [-99.66785, 36.44149], [-99.66845, 36.4425], [-99.66942, 36.44302], [-99.67081, 36.44306], [-99.67183, 36.44261], [-99.67238, 36.442], [-99.67286, 36.44068], [-99.67282, 36.4396], [-99.67206, 36.43827], [-99.67365, 36.437], [-99.6772, 36.43688], [-99.69272, 36.43696], [-99.69262, 36.45364], [-99.69234, 36.46183], [-99.69171, 36.46391], [-99.69253, 36.47688], [-99.67943, 36.47675], [-99.67914, 36.47405], [-99.67841, 36.47331], [-99.67711, 36.47292], [-99.67576, 36.47318], [-99.67481, 36.474], [-99.67457, 36.47473], [-99.67464, 36.47677], [-99.66439, 36.47696], [-99.66413, 36.47603], [-99.66336, 36.47532], [-99.6625, 36.47502], [-99.6612, 36.47502], [-99.66119, 36.47419], [-99.66275, 36.47399], [-99.66371, 36.47449], [-99.66464, 36.47459], [-99.66554, 36.47439], [-99.66628, 36.47394], [-99.66666, 36.47346], [-99.66688, 36.47272], [-99.66647, 36.47158], [-99.6672, 36.4708], [-99.66768, 36.46924], [-99.66732, 36.46835], [-99.66655, 36.46763], [-99.66564, 36.46706], [-99.66474, 36.46684], [-99.66366, 36.46687], [-99.66298, 36.46707], [-99.66202, 36.46765], [-99.66133, 36.46863], [-99.66114, 36.46862], [-99.6611, 36.46652], [-99.66289, 36.46645], [-99.66413, 36.46594], [-99.66512, 36.46458], [-99.66533, 36.46365], [-99.66485, 36.4626], [-99.66434, 36.46221], [-99.66349, 36.46189], [-99.66211, 36.46197], [-99.66097, 36.46265], [-99.66092, 36.45913], [-99.66157, 36.45731], [-99.66156, 36.45497], [-99.66132, 36.45421], [-99.66178, 36.45316], [-99.66185, 36.45194], [-99.66151, 36.45093], [-99.66067, 36.45013], [-99.66077, 36.44934], [-99.6605, 36.44862], [-99.65991, 36.44803], [-99.65909, 36.44768], [-99.65816, 36.4476], [-99.65727, 36.44782], [-99.65654, 36.4483], [-99.6561, 36.44896], [-99.6558, 36.44999], [-99.65602, 36.45141], [-99.65625, 36.452], [-99.65686, 36.45262], [-99.65643, 36.45328], [-99.65633, 36.45414], [-99.65451, 36.45526], [-99.65335, 36.45415], [-99.65219, 36.45362], [-99.65104, 36.45351], [-99.64977, 36.45398], [-99.64904, 36.45494], [-99.64897, 36.4555], [-99.64918, 36.45624], [-99.65031, 36.45718], [-99.65089, 36.458], [-99.65292, 36.45935], [-99.65392, 36.45959], [-99.65496, 36.45958]]], [[[-99.72828, 36.4534], [-99.72835, 36.47698], [-99.69733, 36.47693], [-99.6965, 36.46416], [-99.69711, 36.46229], [-99.69741, 36.45146], [-99.69907, 36.4514], [-99.69992, 36.4511], [-99.70069, 36.45039], [-99.70095, 36.44947], [-99.70065, 36.44857], [-99.69986, 36.44788], [-99.69899, 36.4476], [-99.69743, 36.44759], [-99.69749, 36.42587], [-99.71301, 36.4259], [-99.7138, 36.42562], [-99.71446, 36.42508], [-99.7149, 36.42392], [-99.71585, 36.4224], [-99.74649, 36.42247], [-99.74619, 36.45041], [-99.74469, 36.45018], [-99.74182, 36.4502], [-99.74001, 36.45089], [-99.73875, 36.45028], [-99.7371, 36.45011], [-99.73325, 36.45039], [-99.73238, 36.45068], [-99.72914, 36.45239], [-99.72828, 36.4534]]], [[[-99.70363, 36.42049], [-99.70236, 36.42095], [-99.70158, 36.42203], [-99.69757, 36.42201], [-99.69747, 36.40795], [-99.71928, 36.40804], [-99.7184, 36.40987], [-99.71811, 36.41198], [-99.71842, 36.41269], [-99.71886, 36.41313], [-99.71966, 36.41352], [-99.72035, 36.41363], [-99.7217, 36.41336], [-99.72252, 36.41269], [-99.72305, 36.41086], [-99.72386, 36.40972], [-99.72406, 36.40806], [-99.72828, 36.40804], [-99.72835, 36.41231], [-99.72878, 36.41298], [-99.7293, 36.41336], [-99.73063, 36.4137], [-99.73196, 36.41338], [-99.73262, 36.41285], [-99.73293, 36.41234], [-99.73307, 36.40802], [-99.74632, 36.40803], [-99.74645, 36.4186], [-99.7141, 36.41855], [-99.71308, 36.41886], [-99.71211, 36.41964], [-99.71068, 36.42209], [-99.70628, 36.42207], [-99.706, 36.42146], [-99.70539, 36.42088], [-99.70456, 36.42055], [-99.70363, 36.42049]]], [[[-99.69742, 36.52047], [-99.6975, 36.4953], [-99.71017, 36.49537], [-99.71037, 36.50161], [-99.71022, 36.52035], [-99.69742, 36.52047]]], [[[-99.68427, 36.41593], [-99.68386, 36.41681], [-99.68382, 36.41847], [-99.67954, 36.41849], [-99.67958, 36.408], [-99.69268, 36.40791], [-99.69272, 36.41843], [-99.68861, 36.41845], [-99.68847, 36.41632], [-99.68779, 36.41556], [-99.68697, 36.41519], [-99.68628, 36.4151], [-99.68536, 36.41523], [-99.68427, 36.41593]]], [[[-99.67955, 36.42235], [-99.69277, 36.4223], [-99.6927, 36.43309], [-99.67955, 36.43302], [-99.67955, 36.42235]]], [[[-99.67941, 36.48569], [-99.67949, 36.48061], [-99.69279, 36.48075], [-99.69272, 36.49143], [-99.67932, 36.49148], [-99.67941, 36.48569]]], [[[-99.67458, 36.48815], [-99.67453, 36.4915], [-99.66139, 36.49157], [-99.66125, 36.48088], [-99.6747, 36.48063], [-99.67458, 36.48815]]], [[[-99.67929, 36.50002], [-99.67929, 36.49535], [-99.69271, 36.4953], [-99.69263, 36.5205], [-99.67945, 36.52042], [-99.67929, 36.50002]], [[-99.68267, 36.51634], [-99.68325, 36.51763], [-99.6844, 36.51865], [-99.68595, 36.51923], [-99.68767, 36.51929], [-99.68927, 36.51883], [-99.69056, 36.51793], [-99.69132, 36.5167], [-99.69143, 36.51532], [-99.69088, 36.514], [-99.68976, 36.51297], [-99.68823, 36.51237], [-99.68653, 36.51228], [-99.68473, 36.51278], [-99.68347, 36.5137], [-99.68275, 36.51494], [-99.68267, 36.51634]]], [[[-99.65548, 36.55552], [-99.65669, 36.55467], [-99.65669, 36.56324], [-99.64389, 36.56359], [-99.64369, 36.53873], [-99.65654, 36.53845], [-99.65667, 36.54893], [-99.65509, 36.54934], [-99.6542, 36.54989], [-99.65311, 36.55206], [-99.65188, 36.55303], [-99.65152, 36.55393], [-99.65183, 36.55502], [-99.65284, 36.55579], [-99.65421, 36.55598], [-99.65548, 36.55552]]], [[[-99.63636, 36.54373], [-99.63801, 36.54275], [-99.63892, 36.54248], [-99.63895, 36.54932], [-99.62553, 36.54907], [-99.6255, 36.53854], [-99.63775, 36.53873], [-99.6368, 36.53892], [-99.63521, 36.53958], [-99.6338, 36.5406], [-99.63325, 36.54143], [-99.63324, 36.54237], [-99.63395, 36.54333], [-99.6352, 36.54382], [-99.63636, 36.54373]]], [[[-99.63318, 36.59002], [-99.62569, 36.58793], [-99.6257, 36.58184], [-99.63917, 36.58203], [-99.63887, 36.59197], [-99.63318, 36.59002]]], [[[-99.63911, 36.57816], [-99.62569, 36.57797], [-99.62562, 36.56737], [-99.63912, 36.56754], [-99.63911, 36.57816]]], [[[-99.59637, 36.57884], [-99.58953, 36.57589], [-99.58951, 36.56665], [-99.60473, 36.56732], [-99.62083, 36.56733], [-99.6209, 36.57798], [-99.60605, 36.57813], [-99.60495, 36.57829], [-99.60401, 36.5787], [-99.6034, 36.57937], [-99.60315, 36.58175], [-99.59637, 36.57884]]], [[[-99.6256, 36.5635], [-99.62555, 36.55294], [-99.63898, 36.55319], [-99.6391, 36.56367], [-99.6256, 36.5635]]], [[[-99.65789, 36.59511], [-99.65801, 36.59846], [-99.64933, 36.59559], [-99.6493, 36.59514], [-99.65789, 36.59511]]], [[[-99.64532, 36.58703], [-99.6453, 36.58628], [-99.64505, 36.58575], [-99.64392, 36.58492], [-99.64391, 36.56746], [-99.6567, 36.56711], [-99.65678, 36.59124], [-99.6437, 36.59127], [-99.64381, 36.58849], [-99.64483, 36.58789], [-99.64532, 36.58703]]], [[[-99.59833, 36.40241], [-99.59925, 36.40228], [-99.60005, 36.40186], [-99.60326, 36.40147], [-99.60323, 36.40735], [-99.59928, 36.40751], [-99.59672, 36.40816], [-99.59522, 36.4082], [-99.59366, 36.409], [-99.59323, 36.40966], [-99.59313, 36.41023], [-99.59355, 36.4113], [-99.59403, 36.41171], [-99.59485, 36.41206], [-99.59762, 36.41197], [-99.59876, 36.41166], [-99.59834, 36.41334], [-99.59576, 36.4143], [-99.59277, 36.41362], [-99.59119, 36.41359], [-99.58965, 36.41304], [-99.59023, 36.41237], [-99.59041, 36.41163], [-99.59041, 36.39735], [-99.59155, 36.3976], [-99.59575, 36.39746], [-99.59695, 36.3969], [-99.59757, 36.39589], [-99.59739, 36.39478], [-99.59647, 36.39393], [-99.59537, 36.39365], [-99.59296, 36.3937], [-99.59329, 36.39356], [-99.60325, 36.39356], [-99.60321, 36.39757], [-99.59817, 36.39821], [-99.59689, 36.39887], [-99.59619, 36.3997], [-99.596, 36.40062], [-99.59637, 36.40152], [-99.59721, 36.40216], [-99.59833, 36.40241]]], [[[-99.5923, 36.38556], [-99.59251, 36.38667], [-99.59366, 36.38767], [-99.59048, 36.38966], [-99.59035, 36.37903], [-99.60326, 36.37915], [-99.60326, 36.38059], [-99.60293, 36.38142], [-99.59737, 36.38518], [-99.59612, 36.38415], [-99.59455, 36.38391], [-99.59365, 36.38409], [-99.59306, 36.38441], [-99.59251, 36.38502], [-99.5923, 36.38556]]], [[[-99.59889, 36.37351], [-99.59931, 36.37458], [-99.60038, 36.37528], [-99.59505, 36.37522], [-99.59471, 36.37454], [-99.59425, 36.37411], [-99.59365, 36.37381], [-99.59274, 36.37365], [-99.59182, 36.37379], [-99.59121, 36.37407], [-99.59029, 36.37516], [-99.5901, 36.35005], [-99.60322, 36.35003], [-99.60326, 36.37154], [-99.60102, 36.37157], [-99.60013, 36.37179], [-99.59928, 36.37243], [-99.59889, 36.37351]]], [[[-99.59497, 36.34539], [-99.59443, 36.34618], [-99.59005, 36.34618], [-99.58993, 36.33562], [-99.60313, 36.33556], [-99.6032, 36.34616], [-99.59929, 36.34617], [-99.59857, 36.3452], [-99.59732, 36.34472], [-99.59616, 36.34481], [-99.59497, 36.34539]]], [[[-99.60326, 36.38919], [-99.60326, 36.38969], [-99.60211, 36.38969], [-99.60241, 36.38956], [-99.60326, 36.38919]]], [[[-99.58972, 36.29224], [-99.60287, 36.29211], [-99.60295, 36.30271], [-99.58982, 36.30283], [-99.58972, 36.29224]]], [[[-99.62109, 36.38969], [-99.60805, 36.38969], [-99.60804, 36.38709], [-99.62109, 36.38137], [-99.62109, 36.38969]]], [[[-99.6135, 36.3793], [-99.61376, 36.37913], [-99.61598, 36.37914], [-99.60966, 36.38191], [-99.6135, 36.3793]]], [[[-99.58418, 36.38383], [-99.58463, 36.38288], [-99.58499, 36.38058], [-99.5854, 36.37904], [-99.58557, 36.37903], [-99.58569, 36.38967], [-99.57249, 36.38964], [-99.57246, 36.38381], [-99.57371, 36.38404], [-99.57533, 36.38407], [-99.5765, 36.38385], [-99.57787, 36.38295], [-99.57862, 36.38127], [-99.57999, 36.38182], [-99.57964, 36.38266], [-99.57963, 36.38342], [-99.57997, 36.38412], [-99.58082, 36.38476], [-99.58171, 36.38499], [-99.58264, 36.38492], [-99.58365, 36.38445], [-99.58418, 36.38383]]], [[[-99.57244, 36.39774], [-99.57249, 36.39351], [-99.58249, 36.39351], [-99.57439, 36.39687], [-99.57244, 36.39774]]], [[[-99.58265, 36.3698], [-99.58389, 36.3703], [-99.5854, 36.3701], [-99.5855, 36.37517], [-99.58123, 36.37524], [-99.58147, 36.37461], [-99.58242, 36.37342], [-99.58253, 36.37189], [-99.5823, 36.37121], [-99.58177, 36.37059], [-99.58099, 36.37018], [-99.58007, 36.37004], [-99.57895, 36.37028], [-99.57798, 36.37109], [-99.57773, 36.37219], [-99.57657, 36.37399], [-99.57644, 36.37531], [-99.57241, 36.37536], [-99.57238, 36.36456], [-99.5808, 36.36447], [-99.58144, 36.36675], [-99.58213, 36.36757], [-99.58196, 36.36883], [-99.58265, 36.3698]]], [[[-99.57388, 36.3797], [-99.57384, 36.38013], [-99.57244, 36.38024], [-99.57243, 36.37922], [-99.5737, 36.37921], [-99.57395, 36.37943], [-99.57388, 36.3797]]], [[[-99.57524, 36.35914], [-99.57633, 36.35988], [-99.57634, 36.36064], [-99.57235, 36.36069], [-99.57218, 36.35009], [-99.58532, 36.35006], [-99.58533, 36.3606], [-99.58112, 36.36061], [-99.5811, 36.35905], [-99.58068, 36.35794], [-99.57925, 36.35682], [-99.57854, 36.35575], [-99.57731, 36.35522], [-99.57638, 36.35522], [-99.57572, 36.35541], [-99.57516, 36.35575], [-99.57464, 36.35637], [-99.5745, 36.35763], [-99.57524, 36.35914]]], [[[-99.57215, 36.34622], [-99.57204, 36.33568], [-99.58515, 36.33563], [-99.58527, 36.34619], [-99.57215, 36.34622]]], [[[-99.58518, 36.3174], [-99.57203, 36.31756], [-99.57193, 36.30694], [-99.58509, 36.30676], [-99.58518, 36.3174]]], [[[-99.57204, 36.32143], [-99.58517, 36.32127], [-99.58517, 36.33177], [-99.57203, 36.33181], [-99.57204, 36.32143]]], [[[-99.57185, 36.29242], [-99.58495, 36.29229], [-99.58504, 36.30289], [-99.57191, 36.30307], [-99.57185, 36.29242]]], [[[-99.57183, 36.28855], [-99.57179, 36.27795], [-99.58486, 36.27784], [-99.58492, 36.28842], [-99.57183, 36.28855]]], [[[-99.57171, 36.26353], [-99.5849, 36.26336], [-99.58486, 36.27398], [-99.57177, 36.27408], [-99.57171, 36.26353]]], [[[-99.57164, 36.25003], [-99.57163, 36.24884], [-99.58471, 36.24878], [-99.58487, 36.25949], [-99.57169, 36.25966], [-99.57164, 36.25003]]], [[[-99.59169, 36.42314], [-99.5915, 36.42426], [-99.58991, 36.42765], [-99.58853, 36.42805], [-99.58915, 36.42388], [-99.59038, 36.42332], [-99.59193, 36.42219], [-99.59169, 36.42314]]], [[[-99.58838, 36.41691], [-99.59034, 36.41742], [-99.59227, 36.41752], [-99.59084, 36.41803], [-99.58852, 36.41947], [-99.58692, 36.4177], [-99.58745, 36.417], [-99.58838, 36.41691]]], [[[-99.59286, 36.44587], [-99.59278, 36.4453], [-99.59366, 36.44444], [-99.59431, 36.44756], [-99.59237, 36.4475], [-99.59286, 36.44587]]], [[[-99.60794, 36.58197], [-99.62091, 36.58185], [-99.6209, 36.58663], [-99.60791, 36.58314], [-99.60794, 36.58197]]], [[[-99.56251, 36.43813], [-99.56368, 36.43752], [-99.56419, 36.43667], [-99.56809, 36.43667], [-99.56949, 36.43682], [-99.57192, 36.43803], [-99.57192, 36.44721], [-99.55441, 36.44728], [-99.55442, 36.43667], [-99.55873, 36.43667], [-99.55918, 36.43747], [-99.56011, 36.43806], [-99.56105, 36.43823], [-99.56251, 36.43813]]], [[[-99.45382, 36.45803], [-99.45355, 36.45786], [-99.45482, 36.45752], [-99.4558, 36.45658], [-99.45601, 36.45545], [-99.45555, 36.45443], [-99.45425, 36.45362], [-99.45265, 36.45354], [-99.4529, 36.45276], [-99.45275, 36.45189], [-99.45223, 36.45118], [-99.4516, 36.45077], [-99.45006, 36.45047], [-99.44836, 36.45086], [-99.4475, 36.45029], [-99.44602, 36.44997], [-99.45772, 36.44994], [-99.45667, 36.45088], [-99.45641, 36.45213], [-99.45663, 36.45276], [-99.45732, 36.45353], [-99.45824, 36.45396], [-99.45921, 36.45407], [-99.45918, 36.46053], [-99.458, 36.46056], [-99.45382, 36.45803]]], [[[-99.47666, 36.45702], [-99.47657, 36.45619], [-99.47741, 36.45656], [-99.47743, 36.45934], [-99.47678, 36.45886], [-99.47573, 36.45853], [-99.47636, 36.45786], [-99.47666, 36.45702]]], [[[-99.47031, 36.45289], [-99.47256, 36.45497], [-99.47155, 36.45573], [-99.47111, 36.45684], [-99.47122, 36.45762], [-99.47169, 36.45836], [-99.47247, 36.4589], [-99.47329, 36.45912], [-99.47272, 36.45971], [-99.47241, 36.46049], [-99.46396, 36.46047], [-99.46397, 36.45935], [-99.46469, 36.45988], [-99.46563, 36.46016], [-99.46651, 36.46017], [-99.4675, 36.45989], [-99.46848, 36.45905], [-99.4689, 36.45793], [-99.46871, 36.45708], [-99.468, 36.45626], [-99.46682, 36.45578], [-99.46538, 36.45582], [-99.46494, 36.45486], [-99.464, 36.45413], [-99.46402, 36.44994], [-99.46822, 36.44995], [-99.47031, 36.45289]]], [[[-99.47734, 36.44365], [-99.47736, 36.44609], [-99.47164, 36.44609], [-99.46928, 36.44267], [-99.47284, 36.44269], [-99.47371, 36.44242], [-99.4744, 36.44186], [-99.47617, 36.44266], [-99.47734, 36.44286], [-99.47734, 36.44365]]], [[[-99.46605, 36.44608], [-99.46402, 36.44607], [-99.46401, 36.44314], [-99.46605, 36.44608]]], [[[-99.47434, 36.43601], [-99.47436, 36.43577], [-99.47417, 36.43577], [-99.47402, 36.4367], [-99.4737, 36.4371], [-99.47348, 36.4371], [-99.47352, 36.43569], [-99.47507, 36.43569], [-99.47454, 36.4363], [-99.47434, 36.43601]]], [[[-99.46873, 36.43565], [-99.46869, 36.43716], [-99.46815, 36.43715], [-99.46742, 36.43652], [-99.46652, 36.43618], [-99.4649, 36.43628], [-99.46434, 36.43559], [-99.46873, 36.43565]]], [[[-99.4533, 36.44609], [-99.44716, 36.4461], [-99.44798, 36.44494], [-99.44829, 36.44346], [-99.44793, 36.44212], [-99.44706, 36.44107], [-99.44832, 36.44044], [-99.44892, 36.4415], [-99.44991, 36.44209], [-99.45124, 36.44224], [-99.45235, 36.44196], [-99.45339, 36.44119], [-99.45382, 36.44024], [-99.45371, 36.4393], [-99.45296, 36.43817], [-99.45466, 36.43734], [-99.45506, 36.43794], [-99.45536, 36.43912], [-99.45618, 36.43987], [-99.45755, 36.44037], [-99.4592, 36.44021], [-99.45924, 36.44607], [-99.4533, 36.44609]]], [[[-99.44586, 36.43553], [-99.44654, 36.43553], [-99.44883, 36.43554], [-99.44588, 36.43699], [-99.44586, 36.43553]]], [[[-99.44619, 36.42512], [-99.44592, 36.4253], [-99.44596, 36.42103], [-99.45926, 36.42121], [-99.4592, 36.4263], [-99.45816, 36.42613], [-99.45721, 36.42624], [-99.4576, 36.42555], [-99.45769, 36.42484], [-99.45715, 36.42319], [-99.4562, 36.42225], [-99.45502, 36.42189], [-99.45426, 36.42192], [-99.45332, 36.42222], [-99.45218, 36.42325], [-99.45194, 36.42478], [-99.45248, 36.42601], [-99.45192, 36.42617], [-99.45044, 36.42592], [-99.44971, 36.42522], [-99.44863, 36.42487], [-99.44728, 36.42479], [-99.44619, 36.42512]]], [[[-99.45045, 36.43141], [-99.45045, 36.43049], [-99.4515, 36.43043], [-99.45257, 36.43081], [-99.45384, 36.43082], [-99.45482, 36.43051], [-99.45562, 36.42983], [-99.4558, 36.43092], [-99.45644, 36.43169], [-99.45042, 36.43167], [-99.45045, 36.43141]]], [[[-99.43525, 36.40692], [-99.43579, 36.40692], [-99.43566, 36.40821], [-99.43604, 36.40913], [-99.43661, 36.40967], [-99.43745, 36.41007], [-99.43864, 36.41029], [-99.43967, 36.41021], [-99.44058, 36.40981], [-99.44126, 36.40908], [-99.44115, 36.42342], [-99.43998, 36.42348], [-99.43909, 36.42386], [-99.43832, 36.42467], [-99.43809, 36.42556], [-99.43829, 36.42641], [-99.43889, 36.42714], [-99.43983, 36.42762], [-99.4411, 36.42775], [-99.44108, 36.42861], [-99.43965, 36.42885], [-99.4386, 36.42981], [-99.43776, 36.42973], [-99.43686, 36.42992], [-99.43581, 36.43075], [-99.43572, 36.42987], [-99.43514, 36.429], [-99.43552, 36.42811], [-99.43544, 36.42736], [-99.435, 36.42669], [-99.43415, 36.42616], [-99.4333, 36.42392], [-99.43264, 36.42343], [-99.43181, 36.42316], [-99.43041, 36.4231], [-99.42951, 36.42324], [-99.42865, 36.42292], [-99.42934, 36.42221], [-99.42962, 36.42137], [-99.43056, 36.42146], [-99.43164, 36.42122], [-99.43234, 36.42083], [-99.43305, 36.42012], [-99.43349, 36.41904], [-99.43312, 36.41774], [-99.43196, 36.41688], [-99.4311, 36.41668], [-99.43011, 36.41673], [-99.42884, 36.41733], [-99.42779, 36.41866], [-99.42781, 36.40682], [-99.43525, 36.40692]], [[-99.43297, 36.414], [-99.43395, 36.41424], [-99.43506, 36.41415], [-99.43593, 36.41378], [-99.43657, 36.41318], [-99.43693, 36.41226], [-99.43683, 36.41132], [-99.43635, 36.41059], [-99.43556, 36.41007], [-99.43458, 36.40983], [-99.43348, 36.40992], [-99.43258, 36.41031], [-99.43193, 36.41094], [-99.43158, 36.41192], [-99.43168, 36.41274], [-99.43216, 36.41346], [-99.43297, 36.414]]], [[[-99.43369, 36.40154], [-99.43316, 36.40222], [-99.43295, 36.40302], [-99.42781, 36.40295], [-99.42785, 36.39255], [-99.4315, 36.39253], [-99.43241, 36.39237], [-99.43347, 36.39165], [-99.43386, 36.39057], [-99.43344, 36.3895], [-99.43235, 36.3888], [-99.43143, 36.38866], [-99.42786, 36.38868], [-99.42788, 36.37817], [-99.4356, 36.37824], [-99.43563, 36.37925], [-99.43617, 36.38014], [-99.43706, 36.38078], [-99.43808, 36.38105], [-99.43924, 36.38095], [-99.44023, 36.38057], [-99.44079, 36.38016], [-99.44125, 36.37945], [-99.44136, 36.38809], [-99.44166, 36.389], [-99.44128, 36.39942], [-99.44056, 36.39874], [-99.43985, 36.39841], [-99.43898, 36.39826], [-99.43798, 36.39837], [-99.43661, 36.39919], [-99.43607, 36.4005], [-99.43472, 36.40075], [-99.43369, 36.40154]]], [[[-99.43833, 36.40279], [-99.4399, 36.4026], [-99.44063, 36.40224], [-99.44128, 36.40163], [-99.44128, 36.4031], [-99.43823, 36.40308], [-99.43833, 36.40279]]], [[[-99.44127, 36.37822], [-99.44127, 36.37824], [-99.4412, 36.37807], [-99.44131, 36.37808], [-99.44127, 36.37822]]], [[[-99.44333, 36.36827], [-99.44228, 36.36913], [-99.44187, 36.36972], [-99.44046, 36.37413], [-99.43839, 36.3744], [-99.42792, 36.3743], [-99.428, 36.36378], [-99.45832, 36.36404], [-99.4569, 36.36568], [-99.45621, 36.36722], [-99.44662, 36.36726], [-99.44484, 36.36758], [-99.44333, 36.36827]]], [[[-99.46168, 36.34957], [-99.47753, 36.34983], [-99.47751, 36.36045], [-99.44591, 36.36006], [-99.44607, 36.35084], [-99.44736, 36.35125], [-99.44861, 36.35111], [-99.44969, 36.35046], [-99.45035, 36.34951], [-99.46168, 36.34957]]], [[[-99.4411, 36.35924], [-99.44113, 36.36002], [-99.42796, 36.35991], [-99.42797, 36.34942], [-99.44131, 36.34949], [-99.4411, 36.35924]]], [[[-99.42006, 36.23711], [-99.4201, 36.2339], [-99.43312, 36.23391], [-99.43325, 36.24514], [-99.42008, 36.24508], [-99.42007, 36.24271], [-99.4216, 36.24296], [-99.4229, 36.24271], [-99.42396, 36.24188], [-99.42429, 36.24091], [-99.42392, 36.23972], [-99.42292, 36.23882], [-99.42152, 36.23843], [-99.42007, 36.23862], [-99.42006, 36.23711]]], [[[-99.49186, 36.27392], [-99.48194, 36.27389], [-99.48187, 36.24872], [-99.495, 36.24888], [-99.49511, 36.27392], [-99.49186, 36.27392]]], [[[-99.53587, 36.26412], [-99.5357, 36.24897], [-99.54272, 36.24887], [-99.54894, 36.249], [-99.54897, 36.27403], [-99.53589, 36.27398], [-99.53587, 36.26412]]], [[[-99.53813, 36.43747], [-99.5382, 36.43647], [-99.54964, 36.43664], [-99.54963, 36.44725], [-99.53642, 36.44695], [-99.53642, 36.43902], [-99.53755, 36.43831], [-99.53813, 36.43747]]], [[[-99.53645, 36.43258], [-99.5365, 36.42207], [-99.54968, 36.42217], [-99.54968, 36.43277], [-99.53645, 36.43258]]], [[[-99.46472, 36.42129], [-99.46595, 36.4213], [-99.46593, 36.42208], [-99.46501, 36.42297], [-99.4646, 36.42453], [-99.46401, 36.42453], [-99.46404, 36.42129], [-99.46472, 36.42129]]], [[[-99.44891, 36.40833], [-99.44888, 36.40696], [-99.44978, 36.40696], [-99.44959, 36.40868], [-99.44996, 36.40967], [-99.45047, 36.41036], [-99.45209, 36.41146], [-99.45462, 36.41213], [-99.45592, 36.41212], [-99.45716, 36.4117], [-99.45802, 36.41106], [-99.4586, 36.4101], [-99.45927, 36.40948], [-99.45927, 36.41565], [-99.45855, 36.41648], [-99.45827, 36.41733], [-99.45055, 36.41722], [-99.45067, 36.41183], [-99.45031, 36.41113], [-99.44984, 36.41071], [-99.44924, 36.41041], [-99.44835, 36.41026], [-99.44891, 36.40833]]], [[[-99.44602, 36.41166], [-99.44602, 36.41143], [-99.44612, 36.41142], [-99.44611, 36.41144], [-99.44602, 36.41166]]], [[[-99.47262, 36.41647], [-99.47214, 36.4175], [-99.46406, 36.41742], [-99.46405, 36.40707], [-99.47752, 36.40721], [-99.47741, 36.41756], [-99.47693, 36.41756], [-99.47646, 36.41647], [-99.47577, 36.41597], [-99.47512, 36.41575], [-99.47373, 36.41581], [-99.47262, 36.41647]]], [[[-99.48875, 36.41769], [-99.4845, 36.41764], [-99.48357, 36.41705], [-99.48221, 36.41684], [-99.48226, 36.41224], [-99.48486, 36.41201], [-99.48671, 36.41158], [-99.48773, 36.41081], [-99.48805, 36.40991], [-99.4878, 36.40899], [-99.48686, 36.40817], [-99.4855, 36.40791], [-99.48229, 36.40833], [-99.4823, 36.40734], [-99.49575, 36.40772], [-99.49578, 36.41314], [-99.49551, 36.41781], [-99.48875, 36.41769]], [[-99.48854, 36.41489], [-99.48899, 36.41487], [-99.48912, 36.41439], [-99.48852, 36.41444], [-99.48854, 36.41489]], [[-99.48942, 36.41651], [-99.48992, 36.41662], [-99.48994, 36.41615], [-99.48936, 36.41617], [-99.48942, 36.41651]]], [[[-99.43521, 36.33118], [-99.4279, 36.33112], [-99.42784, 36.32437], [-99.4289, 36.32406], [-99.43065, 36.32395], [-99.43141, 36.32426], [-99.4324, 36.32435], [-99.43378, 36.32398], [-99.43456, 36.32335], [-99.435, 36.32239], [-99.43491, 36.32157], [-99.43437, 36.32077], [-99.44117, 36.32088], [-99.44119, 36.33121], [-99.43521, 36.33118]]], [[[-99.42791, 36.34188], [-99.42792, 36.33499], [-99.44124, 36.33508], [-99.44132, 36.34562], [-99.42796, 36.34555], [-99.42791, 36.34188]]], [[[-99.42786, 36.3168], [-99.42801, 36.30937], [-99.42871, 36.30986], [-99.42958, 36.31014], [-99.43035, 36.31131], [-99.43112, 36.31195], [-99.43225, 36.3123], [-99.43336, 36.31224], [-99.43434, 36.31183], [-99.43499, 36.31127], [-99.43538, 36.31052], [-99.43545, 36.30977], [-99.43437, 36.3073], [-99.43378, 36.30677], [-99.43289, 36.30638], [-99.44106, 36.30651], [-99.44114, 36.31701], [-99.42786, 36.3168]], [[-99.4407, 36.31243], [-99.44024, 36.31134], [-99.43931, 36.31064], [-99.43816, 36.31034], [-99.437, 36.31045], [-99.43609, 36.31088], [-99.43531, 36.31174], [-99.43486, 36.31304], [-99.43503, 36.3141], [-99.43573, 36.31491], [-99.43671, 36.31537], [-99.4381, 36.31549], [-99.43921, 36.31533], [-99.44006, 36.31487], [-99.44071, 36.31413], [-99.44092, 36.31335], [-99.4407, 36.31243]]], [[[-99.4589, 36.31706], [-99.44592, 36.31706], [-99.44586, 36.30176], [-99.44695, 36.30102], [-99.44744, 36.29987], [-99.44707, 36.2987], [-99.4461, 36.29789], [-99.44653, 36.29723], [-99.44667, 36.29655], [-99.44647, 36.29571], [-99.44594, 36.29506], [-99.44598, 36.29205], [-99.45047, 36.29209], [-99.45025, 36.29303], [-99.44888, 36.29292], [-99.44792, 36.29315], [-99.44693, 36.29387], [-99.44653, 36.29466], [-99.44661, 36.29574], [-99.44723, 36.29658], [-99.44827, 36.29716], [-99.44954, 36.29742], [-99.45048, 36.29734], [-99.45144, 36.29693], [-99.45216, 36.29625], [-99.45246, 36.29546], [-99.45384, 36.29536], [-99.45495, 36.29472], [-99.45562, 36.2936], [-99.4557, 36.29273], [-99.45553, 36.29214], [-99.45904, 36.29216], [-99.4589, 36.31706]]], [[[-99.46382, 36.3066], [-99.47716, 36.30666], [-99.47717, 36.31723], [-99.46369, 36.31711], [-99.46382, 36.3066]]], [[[-99.47718, 36.29221], [-99.47717, 36.3028], [-99.46382, 36.30273], [-99.46377, 36.29734], [-99.46464, 36.29774], [-99.46589, 36.29782], [-99.46611, 36.29876], [-99.46677, 36.29955], [-99.46746, 36.29998], [-99.46844, 36.30023], [-99.46971, 36.30008], [-99.47056, 36.29961], [-99.47117, 36.29891], [-99.4714, 36.2979], [-99.4713, 36.29728], [-99.47082, 36.29656], [-99.46978, 36.2959], [-99.46842, 36.29575], [-99.46814, 36.29458], [-99.467, 36.29363], [-99.46547, 36.29326], [-99.4645, 36.29342], [-99.4638, 36.29376], [-99.46382, 36.29216], [-99.47718, 36.29221]]], [[[-99.47716, 36.28196], [-99.47718, 36.28834], [-99.46385, 36.28829], [-99.46382, 36.27771], [-99.47717, 36.27774], [-99.47716, 36.28196]]], [[[-99.43004, 36.28805], [-99.42807, 36.28802], [-99.42801, 36.27737], [-99.45905, 36.27768], [-99.45907, 36.28829], [-99.43004, 36.28805]], [[-99.42909, 36.28213], [-99.42984, 36.28276], [-99.43101, 36.28312], [-99.43201, 36.28306], [-99.43311, 36.28263], [-99.4339, 36.28204], [-99.43436, 36.28128], [-99.43441, 36.28043], [-99.43404, 36.27964], [-99.43325, 36.27896], [-99.43211, 36.27856], [-99.43109, 36.27849], [-99.42992, 36.27883], [-99.42917, 36.27942], [-99.42877, 36.28014], [-99.42872, 36.28133], [-99.42909, 36.28213]]], [[[-99.45908, 36.26753], [-99.45903, 36.27381], [-99.43132, 36.27352], [-99.43177, 36.27283], [-99.43189, 36.27216], [-99.43171, 36.27138], [-99.43131, 36.27082], [-99.43058, 36.2703], [-99.4299, 36.27007], [-99.42797, 36.2701], [-99.42795, 36.26915], [-99.42937, 36.26833], [-99.42981, 36.26761], [-99.42991, 36.26694], [-99.42978, 36.26626], [-99.42931, 36.26554], [-99.42865, 36.26505], [-99.42789, 36.26476], [-99.42788, 36.26307], [-99.43253, 36.2631], [-99.4329, 36.26481], [-99.43337, 36.26553], [-99.43455, 36.26627], [-99.43579, 36.26647], [-99.43675, 36.26629], [-99.43737, 36.26597], [-99.43797, 36.26542], [-99.43832, 36.26474], [-99.4395, 36.26464], [-99.44051, 36.26411], [-99.44118, 36.26332], [-99.44134, 36.26216], [-99.44058, 36.26096], [-99.43956, 36.26043], [-99.43886, 36.25973], [-99.43802, 36.25939], [-99.42786, 36.2592], [-99.42796, 36.24901], [-99.43303, 36.249], [-99.43394, 36.24983], [-99.43544, 36.25027], [-99.43654, 36.25013], [-99.43729, 36.24979], [-99.4374, 36.25077], [-99.43795, 36.25152], [-99.43875, 36.25201], [-99.43997, 36.25222], [-99.44117, 36.25195], [-99.44204, 36.25134], [-99.44265, 36.25064], [-99.44291, 36.24957], [-99.44345, 36.24897], [-99.44433, 36.24949], [-99.44529, 36.24968], [-99.44659, 36.24947], [-99.44745, 36.24893], [-99.45907, 36.24887], [-99.45908, 36.26753]]], [[[-99.46385, 36.26757], [-99.46382, 36.24993], [-99.46486, 36.25077], [-99.46627, 36.25104], [-99.46662, 36.25184], [-99.46737, 36.25248], [-99.4683, 36.25283], [-99.46932, 36.25287], [-99.47027, 36.2526], [-99.47097, 36.25214], [-99.47176, 36.25106], [-99.47166, 36.24981], [-99.47065, 36.24879], [-99.47709, 36.24882], [-99.47716, 36.27387], [-99.46381, 36.27384], [-99.46385, 36.26757]]], [[[-99.53101, 36.25927], [-99.53101, 36.25949], [-99.51537, 36.2596], [-99.49981, 36.25946], [-99.49977, 36.24896], [-99.53093, 36.24899], [-99.53101, 36.25927]]], [[[-99.51671, 36.28522], [-99.51755, 36.28458], [-99.51793, 36.28369], [-99.51789, 36.27785], [-99.53114, 36.27785], [-99.53148, 36.31735], [-99.51817, 36.31734], [-99.51814, 36.3046], [-99.51774, 36.30371], [-99.51667, 36.303], [-99.51577, 36.30285], [-99.48194, 36.30281], [-99.48195, 36.27776], [-99.51312, 36.2778], [-99.51316, 36.28356], [-99.51335, 36.2843], [-99.51406, 36.28504], [-99.51489, 36.28539], [-99.51582, 36.28545], [-99.51671, 36.28522]], [[-99.48946, 36.29361], [-99.48936, 36.2928], [-99.48889, 36.29208], [-99.48796, 36.29143], [-99.48698, 36.29119], [-99.48581, 36.2913], [-99.48499, 36.29167], [-99.48423, 36.29241], [-99.48395, 36.29315], [-99.48403, 36.29399], [-99.48463, 36.29487], [-99.48555, 36.29543], [-99.48656, 36.29564], [-99.48761, 36.29553], [-99.48857, 36.29507], [-99.48924, 36.29431], [-99.48946, 36.29361]]], [[[-99.53162, 36.37506], [-99.51831, 36.37506], [-99.5183, 36.35001], [-99.53146, 36.35006], [-99.53162, 36.37506]]], [[[-99.48681, 36.37331], [-99.48573, 36.37351], [-99.48369, 36.37434], [-99.48239, 36.37452], [-99.48231, 36.34991], [-99.49791, 36.3502], [-99.51352, 36.35002], [-99.51353, 36.37507], [-99.49295, 36.37507], [-99.49207, 36.37424], [-99.49121, 36.37382], [-99.48926, 36.37332], [-99.48681, 36.37331]]], [[[-99.50334, 36.4116], [-99.50337, 36.4078], [-99.51381, 36.40779], [-99.5138, 36.41825], [-99.51129, 36.41819], [-99.51162, 36.41716], [-99.51145, 36.41505], [-99.51059, 36.41417], [-99.50926, 36.41383], [-99.50813, 36.41404], [-99.50726, 36.41466], [-99.50683, 36.41585], [-99.5059, 36.41686], [-99.50574, 36.41805], [-99.5003, 36.41791], [-99.50055, 36.41351], [-99.50154, 36.41336], [-99.50236, 36.41296], [-99.50294, 36.41241], [-99.50334, 36.4116]]], [[[-99.54204, 36.40052], [-99.54135, 36.39976], [-99.54031, 36.39936], [-99.53654, 36.39943], [-99.53646, 36.39336], [-99.54972, 36.39346], [-99.54968, 36.40404], [-99.53657, 36.40392], [-99.53657, 36.4034], [-99.53707, 36.40328], [-99.54029, 36.40315], [-99.54134, 36.40275], [-99.54212, 36.40182], [-99.54221, 36.40107], [-99.54204, 36.40052]]], [[[-99.53652, 36.38628], [-99.53643, 36.37894], [-99.54974, 36.37902], [-99.54974, 36.38959], [-99.53647, 36.38949], [-99.53652, 36.38628]]], [[[-99.53168, 36.39334], [-99.53179, 36.40391], [-99.51857, 36.40389], [-99.51844, 36.39338], [-99.53168, 36.39334]]], [[[-99.51833, 36.37968], [-99.51832, 36.37893], [-99.53164, 36.37893], [-99.53169, 36.38948], [-99.51841, 36.38952], [-99.51833, 36.37968]]], [[[-99.51354, 36.37894], [-99.51362, 36.38952], [-99.50035, 36.38949], [-99.50032, 36.37896], [-99.51354, 36.37894]]], [[[-99.4654, 36.40226], [-99.4661, 36.40174], [-99.46631, 36.4026], [-99.46682, 36.40322], [-99.46526, 36.40321], [-99.4654, 36.40226]]], [[[-99.4673, 36.42844], [-99.46829, 36.4284], [-99.46826, 36.43177], [-99.46654, 36.43175], [-99.46658, 36.43084], [-99.46604, 36.42989], [-99.46518, 36.42932], [-99.46398, 36.42908], [-99.46398, 36.42839], [-99.4673, 36.42844]]], [[[-99.47561, 36.47108], [-99.46876, 36.46704], [-99.46428, 36.46434], [-99.46927, 36.46434], [-99.46948, 36.46522], [-99.47008, 36.46594], [-99.47095, 36.46639], [-99.47199, 36.46654], [-99.47305, 36.46639], [-99.47392, 36.46595], [-99.47452, 36.46528], [-99.47484, 36.46436], [-99.47741, 36.46435], [-99.47735, 36.4721], [-99.47561, 36.47108]]], [[[-99.47434, 36.44996], [-99.47739, 36.44996], [-99.4774, 36.45173], [-99.47573, 36.4512], [-99.47434, 36.44996]]], [[[-99.47649, 36.42527], [-99.47585, 36.42395], [-99.47608, 36.42378], [-99.47737, 36.42376], [-99.47729, 36.43183], [-99.47305, 36.43182], [-99.47307, 36.42868], [-99.47449, 36.42875], [-99.47533, 36.42843], [-99.47583, 36.42803], [-99.47647, 36.42654], [-99.47649, 36.42527]]], [[[-99.51735, 36.46475], [-99.53159, 36.46496], [-99.53155, 36.47546], [-99.51732, 36.47523], [-99.51735, 36.46475]]], [[[-99.5272, 36.45884], [-99.52791, 36.45933], [-99.52857, 36.45953], [-99.53161, 36.45967], [-99.5316, 36.46109], [-99.51735, 36.46088], [-99.51733, 36.45039], [-99.52824, 36.45064], [-99.52771, 36.45111], [-99.52737, 36.45181], [-99.52735, 36.45238], [-99.52763, 36.45309], [-99.52806, 36.45354], [-99.52884, 36.45395], [-99.53166, 36.45422], [-99.53164, 36.45579], [-99.52889, 36.45572], [-99.5276, 36.45612], [-99.52699, 36.4567], [-99.5267, 36.45742], [-99.52678, 36.45817], [-99.5272, 36.45884]]], [[[-99.43236, 36.3025], [-99.42814, 36.30244], [-99.42815, 36.30122], [-99.42962, 36.30119], [-99.43101, 36.30086], [-99.43196, 36.30034], [-99.43182, 36.30158], [-99.43236, 36.3025]]], [[[-99.4382, 36.30259], [-99.43644, 36.30257], [-99.43705, 36.30183], [-99.43724, 36.30079], [-99.43684, 36.29984], [-99.43609, 36.29921], [-99.43512, 36.29888], [-99.43427, 36.29885], [-99.43324, 36.29912], [-99.43256, 36.29955], [-99.43261, 36.29825], [-99.43172, 36.29719], [-99.43014, 36.2966], [-99.42814, 36.29668], [-99.42809, 36.29189], [-99.4412, 36.29201], [-99.44109, 36.30105], [-99.44029, 36.30107], [-99.43932, 36.30138], [-99.43869, 36.30185], [-99.4382, 36.30259]], [[-99.437, 36.29772], [-99.43787, 36.2972], [-99.43845, 36.29641], [-99.43854, 36.29537], [-99.43815, 36.29459], [-99.43737, 36.29395], [-99.43642, 36.29363], [-99.43528, 36.29365], [-99.43409, 36.294], [-99.43326, 36.29461], [-99.43282, 36.29533], [-99.43278, 36.29634], [-99.43317, 36.29708], [-99.43396, 36.2977], [-99.43472, 36.29797], [-99.43582, 36.29802], [-99.437, 36.29772]]], [[[-99.42296, 36.40777], [-99.42293, 36.40774], [-99.42303, 36.40765], [-99.42303, 36.40777], [-99.42296, 36.40777]]], [[[-99.41502, 36.41462], [-99.41372, 36.41464], [-99.41372, 36.41312], [-99.41439, 36.41249], [-99.41518, 36.41097], [-99.41547, 36.41127], [-99.41544, 36.4125], [-99.41583, 36.41343], [-99.41532, 36.41391], [-99.41502, 36.41462]]], [[[-99.41916, 36.40738], [-99.41889, 36.40769], [-99.41887, 36.40705], [-99.41899, 36.4071], [-99.41916, 36.40738]]], [[[-99.40122, 36.60461], [-99.40055, 36.60378], [-99.39945, 36.60323], [-99.39842, 36.60314], [-99.39752, 36.60331], [-99.39629, 36.60419], [-99.39577, 36.60355], [-99.39497, 36.60301], [-99.39339, 36.60275], [-99.3922, 36.6031], [-99.39123, 36.60401], [-99.3903, 36.60417], [-99.3896, 36.6045], [-99.38842, 36.60537], [-99.38794, 36.60602], [-99.38804, 36.59736], [-99.38859, 36.59619], [-99.40131, 36.59612], [-99.40134, 36.6048], [-99.40122, 36.60461]]], [[[-99.41065, 36.60586], [-99.40985, 36.60626], [-99.40937, 36.60676], [-99.40614, 36.60678], [-99.40611, 36.59612], [-99.41365, 36.59609], [-99.4139, 36.59654], [-99.41334, 36.59722], [-99.41316, 36.59782], [-99.41346, 36.59908], [-99.41453, 36.59998], [-99.41611, 36.6003], [-99.41743, 36.59995], [-99.41831, 36.59925], [-99.41876, 36.59808], [-99.41836, 36.59687], [-99.41893, 36.59607], [-99.41934, 36.59607], [-99.41935, 36.60669], [-99.41402, 36.60673], [-99.41226, 36.60585], [-99.41133, 36.60575], [-99.41065, 36.60586]]], [[[-99.43732, 36.60229], [-99.43731, 36.60651], [-99.42414, 36.60666], [-99.42414, 36.59604], [-99.4247, 36.59603], [-99.42565, 36.59649], [-99.42668, 36.5966], [-99.42858, 36.596], [-99.43266, 36.59591], [-99.43458, 36.59802], [-99.43464, 36.59894], [-99.43505, 36.59973], [-99.43588, 36.60038], [-99.43711, 36.60087], [-99.43732, 36.60229]]], [[[-99.49145, 36.61327], [-99.49143, 36.61761], [-99.49009, 36.61785], [-99.48888, 36.61876], [-99.48845, 36.61967], [-99.48862, 36.62085], [-99.48271, 36.62085], [-99.48348, 36.61984], [-99.48357, 36.61865], [-99.48277, 36.61747], [-99.48153, 36.61683], [-99.48045, 36.61674], [-99.47943, 36.61698], [-99.4786, 36.61754], [-99.47811, 36.6183], [-99.47813, 36.6102], [-99.48343, 36.61018], [-99.48436, 36.61083], [-99.48562, 36.61107], [-99.48693, 36.61079], [-99.48776, 36.61021], [-99.49111, 36.6102], [-99.49087, 36.61146], [-99.49144, 36.61257], [-99.49145, 36.61327]]], [[[-99.47881, 36.62085], [-99.47811, 36.62085], [-99.47811, 36.61986], [-99.47839, 36.62037], [-99.47881, 36.62085]]], [[[-99.46508, 36.61021], [-99.47041, 36.61021], [-99.47033, 36.61162], [-99.47079, 36.61264], [-99.47199, 36.61341], [-99.47332, 36.61354], [-99.47331, 36.62087], [-99.46031, 36.62101], [-99.46022, 36.61181], [-99.4625, 36.61143], [-99.46338, 36.61084], [-99.46381, 36.61022], [-99.46508, 36.61021]]], [[[-99.44692, 36.61984], [-99.44434, 36.61758], [-99.44523, 36.61763], [-99.44633, 36.61742], [-99.44758, 36.6165], [-99.44791, 36.61527], [-99.44748, 36.61424], [-99.44826, 36.61408], [-99.44907, 36.61364], [-99.44964, 36.61303], [-99.4499, 36.61242], [-99.44974, 36.61117], [-99.44902, 36.61028], [-99.45542, 36.61024], [-99.45551, 36.62104], [-99.44827, 36.621], [-99.44692, 36.61984]]], [[[-99.44492, 36.61028], [-99.44524, 36.61029], [-99.44464, 36.61099], [-99.44443, 36.61183], [-99.44477, 36.61308], [-99.44366, 36.61335], [-99.44287, 36.61388], [-99.44233, 36.61476], [-99.44224, 36.61573], [-99.44211, 36.61032], [-99.44492, 36.61028]]], [[[-99.40997, 36.55141], [-99.42322, 36.5512], [-99.42315, 36.56177], [-99.41621, 36.56193], [-99.41622, 36.56105], [-99.41569, 36.56014], [-99.41486, 36.55957], [-99.41364, 36.55932], [-99.41253, 36.55948], [-99.41165, 36.55995], [-99.41098, 36.56086], [-99.41096, 36.56205], [-99.40997, 36.56207], [-99.40997, 36.55141]]], [[[-99.42309, 36.57649], [-99.41002, 36.57671], [-99.41, 36.56643], [-99.41103, 36.56741], [-99.41254, 36.56776], [-99.41332, 36.56764], [-99.41423, 36.56721], [-99.41492, 36.56654], [-99.41526, 36.56582], [-99.42313, 36.56564], [-99.42312, 36.569], [-99.42207, 36.56915], [-99.42099, 36.56974], [-99.42046, 36.57041], [-99.42027, 36.5712], [-99.42052, 36.57212], [-99.42109, 36.57276], [-99.42199, 36.57325], [-99.4231, 36.57343], [-99.42309, 36.57649]]], [[[-99.3817, 36.61012], [-99.38305, 36.61104], [-99.3829, 36.61266], [-99.38234, 36.61468], [-99.38056, 36.61492], [-99.37951, 36.61544], [-99.37872, 36.61625], [-99.37804, 36.61758], [-99.37685, 36.61728], [-99.37565, 36.61742], [-99.37452, 36.61727], [-99.37295, 36.61739], [-99.37145, 36.61781], [-99.37074, 36.61778], [-99.36956, 36.61782], [-99.36898, 36.61782], [-99.36862, 36.6178], [-99.37045, 36.61747], [-99.37181, 36.6163], [-99.3722, 36.61552], [-99.37203, 36.61428], [-99.37237, 36.61319], [-99.37198, 36.612], [-99.371, 36.6112], [-99.37113, 36.61035], [-99.37085, 36.60949], [-99.37026, 36.60883], [-99.36935, 36.60824], [-99.36924, 36.60383], [-99.37061, 36.60401], [-99.37178, 36.6037], [-99.37271, 36.60299], [-99.37314, 36.60201], [-99.37294, 36.60088], [-99.37211, 36.59998], [-99.37088, 36.59953], [-99.3695, 36.59961], [-99.36981, 36.5988], [-99.36994, 36.59626], [-99.38323, 36.59615], [-99.38312, 36.60709], [-99.38204, 36.60753], [-99.38139, 36.60831], [-99.38127, 36.60924], [-99.3817, 36.61012]], [[-99.37698, 36.60713], [-99.37589, 36.60754], [-99.37592, 36.60661], [-99.37538, 36.60569], [-99.37446, 36.60508], [-99.37315, 36.60482], [-99.37209, 36.60496], [-99.37115, 36.60544], [-99.37054, 36.60614], [-99.37032, 36.60692], [-99.37059, 36.60796], [-99.3715, 36.60879], [-99.37241, 36.60912], [-99.37334, 36.6092], [-99.3749, 36.60875], [-99.37492, 36.61002], [-99.37556, 36.61089], [-99.37686, 36.61151], [-99.37814, 36.61155], [-99.37911, 36.61121], [-99.37992, 36.61055], [-99.38031, 36.60974], [-99.38026, 36.60878], [-99.37985, 36.60805], [-99.37909, 36.60746], [-99.37807, 36.60712], [-99.37698, 36.60713]]], [[[-99.36489, 36.61206], [-99.36373, 36.6111], [-99.36213, 36.61088], [-99.36207, 36.60878], [-99.36265, 36.60694], [-99.36417, 36.60593], [-99.36452, 36.60612], [-99.36489, 36.61206]]], [[[-99.35982, 36.61441], [-99.36043, 36.61629], [-99.36111, 36.61696], [-99.36177, 36.6173], [-99.36289, 36.61757], [-99.36391, 36.61749], [-99.36461, 36.61722], [-99.36562, 36.61648], [-99.36705, 36.61754], [-99.36861, 36.6178], [-99.3641, 36.61791], [-99.36254, 36.61819], [-99.36154, 36.61815], [-99.36126, 36.61741], [-99.36059, 36.61674], [-99.3597, 36.61635], [-99.35865, 36.61627], [-99.35598, 36.61721], [-99.35523, 36.61791], [-99.35494, 36.61859], [-99.35435, 36.61896], [-99.35426, 36.6185], [-99.3551, 36.61694], [-99.35528, 36.61589], [-99.35632, 36.61576], [-99.35702, 36.61544], [-99.35776, 36.61474], [-99.35804, 36.61408], [-99.35894, 36.6144], [-99.35982, 36.61441]]], [[[-99.35713, 36.61197], [-99.35587, 36.61143], [-99.35454, 36.61148], [-99.35442, 36.60972], [-99.35589, 36.60991], [-99.35729, 36.60946], [-99.35734, 36.61114], [-99.35713, 36.61197]]], [[[-99.35785, 36.60637], [-99.35716, 36.60581], [-99.3562, 36.60546], [-99.35514, 36.60545], [-99.35416, 36.60579], [-99.35473, 36.60381], [-99.3553, 36.60309], [-99.35593, 36.60267], [-99.35735, 36.60329], [-99.35986, 36.60363], [-99.35829, 36.6048], [-99.3579, 36.60564], [-99.35785, 36.60637]]], [[[-99.38692, 36.59195], [-99.38665, 36.59225], [-99.37442, 36.59238], [-99.37437, 36.58085], [-99.38603, 36.58079], [-99.38717, 36.58173], [-99.38723, 36.59076], [-99.38692, 36.59195]]], [[[-99.35661, 36.56461], [-99.35657, 36.55191], [-99.36377, 36.55175], [-99.36313, 36.55239], [-99.36288, 36.55297], [-99.36303, 36.55422], [-99.36404, 36.55523], [-99.36553, 36.55562], [-99.3663, 36.55554], [-99.36721, 36.55515], [-99.36813, 36.55407], [-99.36811, 36.55276], [-99.36717, 36.55168], [-99.37538, 36.55159], [-99.38704, 36.55175], [-99.38716, 36.57692], [-99.36475, 36.57709], [-99.36379, 36.57651], [-99.3628, 36.57633], [-99.36163, 36.5765], [-99.36055, 36.57715], [-99.35654, 36.57722], [-99.35661, 36.56461]], [[-99.38294, 36.55625], [-99.38262, 36.55549], [-99.38194, 36.55484], [-99.38105, 36.55445], [-99.37994, 36.55436], [-99.3788, 36.55455], [-99.37793, 36.55503], [-99.37738, 36.5557], [-99.37719, 36.55669], [-99.37747, 36.55751], [-99.37829, 36.55828], [-99.3793, 36.55868], [-99.3804, 36.55873], [-99.38155, 36.55845], [-99.38233, 36.55792], [-99.38287, 36.55708], [-99.38294, 36.55625]], [[-99.36289, 36.5661], [-99.36294, 36.5653], [-99.36262, 36.56454], [-99.36186, 36.56386], [-99.36085, 36.56348], [-99.3596, 36.56346], [-99.35861, 36.56378], [-99.35784, 36.56441], [-99.35745, 36.56513], [-99.35743, 36.56596], [-99.35779, 36.56673], [-99.35856, 36.56739], [-99.35954, 36.56773], [-99.36078, 36.56773], [-99.36168, 36.56744], [-99.36248, 36.56683], [-99.36289, 36.5661]]], [[[-99.37543, 36.50805], [-99.38697, 36.50789], [-99.38694, 36.52642], [-99.38583, 36.52734], [-99.38551, 36.52836], [-99.38594, 36.52955], [-99.38692, 36.5303], [-99.38694, 36.53601], [-99.38563, 36.53648], [-99.38442, 36.53745], [-99.38303, 36.53724], [-99.38173, 36.5376], [-99.38081, 36.53841], [-99.3805, 36.53939], [-99.38062, 36.54014], [-99.38098, 36.54077], [-99.38307, 36.54238], [-99.38435, 36.54272], [-99.38563, 36.54254], [-99.38698, 36.54304], [-99.38702, 36.54788], [-99.37535, 36.54772], [-99.34331, 36.54816], [-99.34254, 36.54667], [-99.34165, 36.54593], [-99.34067, 36.54548], [-99.34127, 36.54218], [-99.34212, 36.53935], [-99.34235, 36.53615], [-99.34276, 36.53424], [-99.34259, 36.5335], [-99.34207, 36.53287], [-99.3413, 36.53245], [-99.34038, 36.5323], [-99.33905, 36.53262], [-99.33816, 36.53348], [-99.3376, 36.53562], [-99.33738, 36.53879], [-99.33656, 36.54146], [-99.33604, 36.54434], [-99.33513, 36.545], [-99.33461, 36.54621], [-99.33349, 36.5471], [-99.33282, 36.54825], [-99.32061, 36.54857], [-99.32017, 36.54791], [-99.31953, 36.54742], [-99.31807, 36.54706], [-99.31706, 36.54723], [-99.31625, 36.54761], [-99.31527, 36.54865], [-99.30186, 36.54868], [-99.30188, 36.54148], [-99.30237, 36.54083], [-99.30255, 36.53995], [-99.30239, 36.53932], [-99.30188, 36.53863], [-99.30172, 36.52785], [-99.30238, 36.52707], [-99.30257, 36.52628], [-99.30238, 36.5255], [-99.30168, 36.52469], [-99.30182, 36.50915], [-99.33132, 36.50863], [-99.35592, 36.50851], [-99.37543, 36.50805]], [[-99.38564, 36.51976], [-99.38551, 36.5189], [-99.38497, 36.51816], [-99.38415, 36.51765], [-99.38322, 36.51744], [-99.38201, 36.51757], [-99.38112, 36.518], [-99.3805, 36.51864], [-99.3802, 36.51956], [-99.38033, 36.52037], [-99.38083, 36.52107], [-99.38169, 36.52162], [-99.38264, 36.52184], [-99.38369, 36.52176], [-99.38459, 36.52137], [-99.38534, 36.52064], [-99.38564, 36.51976]], [[-99.37389, 36.5163], [-99.37388, 36.51551], [-99.37348, 36.51475], [-99.37267, 36.5141], [-99.37168, 36.51379], [-99.37059, 36.51382], [-99.36972, 36.51412], [-99.36898, 36.51471], [-99.36854, 36.5156], [-99.36854, 36.51652], [-99.3689, 36.51728], [-99.36982, 36.51801], [-99.37081, 36.51829], [-99.37187, 36.51824], [-99.37286, 36.51782], [-99.37359, 36.5171], [-99.37389, 36.5163]], [[-99.3622, 36.53506], [-99.36143, 36.53432], [-99.36054, 36.53393], [-99.35945, 36.53384], [-99.35824, 36.53418], [-99.35746, 36.53481], [-99.35707, 36.5356], [-99.35711, 36.53653], [-99.35756, 36.53747], [-99.35833, 36.53807], [-99.35933, 36.53839], [-99.36034, 36.53837], [-99.36127, 36.53805], [-99.36202, 36.53746], [-99.36246, 36.53667], [-99.36252, 36.53596], [-99.3622, 36.53506]], [[-99.34298, 36.53024], [-99.34391, 36.52885], [-99.34406, 36.52765], [-99.34349, 36.52613], [-99.34255, 36.52521], [-99.34084, 36.52447], [-99.33936, 36.52435], [-99.33798, 36.52462], [-99.33644, 36.52548], [-99.33547, 36.52682], [-99.3353, 36.52833], [-99.33592, 36.52976], [-99.33688, 36.53065], [-99.33856, 36.53134], [-99.33998, 36.53144], [-99.34182, 36.531], [-99.34298, 36.53024]], [[-99.31892, 36.51051], [-99.31812, 36.50964], [-99.31699, 36.50918], [-99.31573, 36.50921], [-99.31463, 36.50972], [-99.314, 36.51043], [-99.31301, 36.51234], [-99.31315, 36.51349], [-99.3138, 36.51438], [-99.31471, 36.51489], [-99.31571, 36.51506], [-99.31672, 36.5149], [-99.31757, 36.51445], [-99.31819, 36.51374], [-99.3184, 36.51283], [-99.31898, 36.51202], [-99.3191, 36.51131], [-99.31892, 36.51051]], [[-99.30827, 36.5309], [-99.30766, 36.53021], [-99.30682, 36.52975], [-99.30583, 36.52958], [-99.30483, 36.52973], [-99.30397, 36.53017], [-99.30338, 36.53084], [-99.30315, 36.53163], [-99.30337, 36.53259], [-99.30405, 36.53337], [-99.30497, 36.53383], [-99.30598, 36.53394], [-99.30698, 36.53374], [-99.30785, 36.5332], [-99.30836, 36.53251], [-99.30851, 36.53172], [-99.30827, 36.5309]], [[-99.31293, 36.54536], [-99.31233, 36.54452], [-99.31143, 36.544], [-99.3104, 36.54382], [-99.30937, 36.54399], [-99.30839, 36.54454], [-99.30779, 36.54532], [-99.30761, 36.54629], [-99.30782, 36.54706], [-99.30842, 36.54775], [-99.30925, 36.5482], [-99.31027, 36.54838], [-99.31129, 36.54822], [-99.31224, 36.54771], [-99.31277, 36.5471], [-99.31306, 36.54623], [-99.31293, 36.54536]]], [[[-99.3869, 36.48424], [-99.38692, 36.49021], [-99.38552, 36.48974], [-99.38397, 36.48996], [-99.38285, 36.49084], [-99.38248, 36.4921], [-99.38292, 36.49332], [-99.38405, 36.49412], [-99.38555, 36.49431], [-99.38693, 36.49381], [-99.38696, 36.50403], [-99.3578, 36.50458], [-99.35696, 36.50421], [-99.35599, 36.5041], [-99.35499, 36.5043], [-99.3543, 36.50465], [-99.33123, 36.50477], [-99.32164, 36.50501], [-99.32202, 36.50417], [-99.32196, 36.50325], [-99.32118, 36.50209], [-99.31975, 36.50149], [-99.31974, 36.49878], [-99.32026, 36.49782], [-99.32139, 36.49778], [-99.32261, 36.49747], [-99.32423, 36.49638], [-99.32503, 36.49479], [-99.32491, 36.49335], [-99.32417, 36.49211], [-99.32253, 36.49104], [-99.32088, 36.49072], [-99.31899, 36.49098], [-99.31814, 36.4906], [-99.31698, 36.49054], [-99.31574, 36.49106], [-99.31522, 36.49168], [-99.31504, 36.49223], [-99.31499, 36.50509], [-99.30193, 36.50528], [-99.30191, 36.50272], [-99.30151, 36.50184], [-99.30085, 36.50131], [-99.30021, 36.50107], [-99.29928, 36.50099], [-99.29839, 36.50122], [-99.29753, 36.50185], [-99.29714, 36.50273], [-99.29694, 36.51979], [-99.28402, 36.51986], [-99.28417, 36.48012], [-99.29359, 36.48004], [-99.2939, 36.48079], [-99.29452, 36.48135], [-99.29536, 36.48168], [-99.29629, 36.48173], [-99.29737, 36.48138], [-99.29812, 36.48066], [-99.29868, 36.4781], [-99.29845, 36.47736], [-99.29789, 36.47674], [-99.29705, 36.47634], [-99.29625, 36.47618], [-99.28419, 36.47625], [-99.28423, 36.46583], [-99.28477, 36.46583], [-99.28428, 36.46691], [-99.28448, 36.46807], [-99.2851, 36.46879], [-99.28621, 36.46929], [-99.28723, 36.46934], [-99.28805, 36.46916], [-99.28927, 36.46828], [-99.28966, 36.46703], [-99.28907, 36.46577], [-99.29355, 36.46574], [-99.29354, 36.46675], [-99.29412, 36.46765], [-99.29547, 36.46849], [-99.29698, 36.46861], [-99.29792, 36.4683], [-99.29877, 36.46754], [-99.2992, 36.46665], [-99.29917, 36.46569], [-99.30884, 36.46556], [-99.31129, 36.465], [-99.32177, 36.45811], [-99.33315, 36.45794], [-99.3331, 36.46643], [-99.33166, 36.46599], [-99.33015, 36.46628], [-99.32894, 36.46734], [-99.32856, 36.46847], [-99.32893, 36.46962], [-99.33, 36.47045], [-99.33145, 36.47069], [-99.33309, 36.47029], [-99.33307, 36.47581], [-99.31725, 36.47607], [-99.31636, 36.47631], [-99.31565, 36.4768], [-99.31523, 36.47747], [-99.31516, 36.47822], [-99.31544, 36.47894], [-99.31587, 36.47939], [-99.31645, 36.47972], [-99.31735, 36.47992], [-99.33517, 36.47963], [-99.3361, 36.47941], [-99.33689, 36.47899], [-99.33754, 36.47829], [-99.33784, 36.47753], [-99.3379, 36.46512], [-99.35272, 36.46506], [-99.35383, 36.46566], [-99.35536, 36.46569], [-99.35633, 36.4653], [-99.357, 36.46466], [-99.35734, 36.4638], [-99.35744, 36.46234], [-99.35704, 36.46108], [-99.35579, 36.46023], [-99.35585, 36.45768], [-99.36898, 36.45732], [-99.36895, 36.46255], [-99.36913, 36.46328], [-99.36963, 36.46391], [-99.37101, 36.46479], [-99.3722, 36.46508], [-99.37313, 36.46503], [-99.37432, 36.46454], [-99.37548, 36.46447], [-99.37631, 36.46413], [-99.37692, 36.46355], [-99.37722, 36.46265], [-99.37696, 36.46173], [-99.37619, 36.46102], [-99.37534, 36.46072], [-99.37375, 36.46066], [-99.37377, 36.45727], [-99.38779, 36.45715], [-99.38711, 36.46093], [-99.38554, 36.46099], [-99.38469, 36.46128], [-99.38391, 36.46199], [-99.38365, 36.4629], [-99.38384, 36.46364], [-99.38454, 36.46439], [-99.3856, 36.46478], [-99.38682, 36.46481], [-99.3869, 36.48424]], [[-99.37413, 36.47363], [-99.37572, 36.47304], [-99.37674, 36.47198], [-99.37735, 36.47347], [-99.37817, 36.47426], [-99.37935, 36.47464], [-99.38078, 36.47449], [-99.38181, 36.47401], [-99.38258, 36.47317], [-99.38291, 36.47225], [-99.38276, 36.47122], [-99.38192, 36.47025], [-99.38039, 36.46965], [-99.37875, 36.46973], [-99.37739, 36.47046], [-99.37717, 36.46933], [-99.37626, 36.46845], [-99.375, 36.46806], [-99.37349, 36.46822], [-99.37265, 36.46865], [-99.37213, 36.46917], [-99.37118, 36.47083], [-99.37107, 36.47163], [-99.37133, 36.4724], [-99.37202, 36.47312], [-99.37313, 36.47359], [-99.37413, 36.47363]], [[-99.36887, 36.46531], [-99.36764, 36.46518], [-99.36655, 36.46542], [-99.36586, 36.46406], [-99.36499, 36.46348], [-99.36426, 36.46326], [-99.36275, 36.46333], [-99.36155, 36.46395], [-99.36102, 36.46467], [-99.36087, 36.46574], [-99.36107, 36.467], [-99.3618, 36.4679], [-99.36118, 36.46872], [-99.36104, 36.46958], [-99.36137, 36.47051], [-99.36193, 36.47119], [-99.36312, 36.47176], [-99.36464, 36.47181], [-99.36579, 36.47131], [-99.3667, 36.47028], [-99.36753, 36.47047], [-99.36838, 36.47043], [-99.36973, 36.46983], [-99.37037, 36.46892], [-99.37074, 36.46715], [-99.37013, 36.46603], [-99.36887, 36.46531]], [[-99.35914, 36.47519], [-99.36025, 36.47486], [-99.36096, 36.47433], [-99.36154, 36.47342], [-99.36163, 36.47261], [-99.36131, 36.47176], [-99.36067, 36.47113], [-99.35966, 36.4707], [-99.3585, 36.4706], [-99.35751, 36.47086], [-99.35667, 36.47146], [-99.35609, 36.47234], [-99.35597, 36.47324], [-99.35624, 36.47401], [-99.35702, 36.47476], [-99.35804, 36.47516], [-99.35914, 36.47519]], [[-99.36799, 36.4803], [-99.3689, 36.48008], [-99.36989, 36.47945], [-99.37043, 36.47864], [-99.37053, 36.47786], [-99.37025, 36.47706], [-99.36965, 36.47642], [-99.3688, 36.47601], [-99.36776, 36.47586], [-99.36661, 36.4761], [-99.36578, 36.47655], [-99.36513, 36.47732], [-99.36494, 36.47813], [-99.36517, 36.47901], [-99.36579, 36.47972], [-99.36673, 36.48019], [-99.36799, 36.4803]], [[-99.36196, 36.48702], [-99.36294, 36.48671], [-99.36381, 36.48605], [-99.36426, 36.48519], [-99.36424, 36.48414], [-99.36386, 36.48339], [-99.36315, 36.48281], [-99.36207, 36.48238], [-99.36085, 36.48234], [-99.35987, 36.48266], [-99.35908, 36.48327], [-99.35863, 36.48412], [-99.35863, 36.4851], [-99.35907, 36.48592], [-99.35988, 36.48664], [-99.36092, 36.487], [-99.36196, 36.48702]], [[-99.37285, 36.49379], [-99.37381, 36.4937], [-99.37491, 36.4932], [-99.37549, 36.49264], [-99.37582, 36.49181], [-99.37579, 36.49069], [-99.37537, 36.4899], [-99.37456, 36.48926], [-99.3734, 36.48893], [-99.3723, 36.48902], [-99.37135, 36.48945], [-99.3705, 36.49029], [-99.37013, 36.49117], [-99.37022, 36.4921], [-99.37069, 36.49284], [-99.37174, 36.49356], [-99.37285, 36.49379]], [[-99.34629, 36.47095], [-99.3472, 36.47066], [-99.34805, 36.46997], [-99.34841, 36.4692], [-99.34841, 36.46837], [-99.34802, 36.46754], [-99.34734, 36.46694], [-99.34632, 36.46657], [-99.34509, 36.46656], [-99.34411, 36.46693], [-99.34341, 36.46751], [-99.34303, 36.46826], [-99.34303, 36.46913], [-99.34342, 36.46997], [-99.3441, 36.47056], [-99.34514, 36.47093], [-99.34629, 36.47095]], [[-99.34132, 36.48539], [-99.34253, 36.4854], [-99.34354, 36.48505], [-99.34422, 36.48449], [-99.34466, 36.48367], [-99.34468, 36.48269], [-99.34435, 36.48185], [-99.34353, 36.48109], [-99.3424, 36.48069], [-99.34138, 36.48067], [-99.34032, 36.48096], [-99.33942, 36.48162], [-99.33895, 36.48255], [-99.33892, 36.48333], [-99.33939, 36.48432], [-99.34022, 36.48503], [-99.34132, 36.48539]], [[-99.34352, 36.50075], [-99.34445, 36.50036], [-99.34515, 36.49967], [-99.34545, 36.49888], [-99.34527, 36.49783], [-99.34463, 36.49702], [-99.34358, 36.49648], [-99.34254, 36.49631], [-99.34141, 36.49648], [-99.34057, 36.49694], [-99.33996, 36.49763], [-99.33972, 36.49852], [-99.33992, 36.49936], [-99.34061, 36.50016], [-99.3414, 36.50058], [-99.34237, 36.50082], [-99.34352, 36.50075]], [[-99.29395, 36.49551], [-99.29502, 36.49545], [-99.29583, 36.49515], [-99.29663, 36.49449], [-99.29701, 36.49367], [-99.29696, 36.49278], [-99.29655, 36.49202], [-99.29576, 36.49142], [-99.29485, 36.49113], [-99.29372, 36.49114], [-99.29276, 36.49146], [-99.29204, 36.49206], [-99.29162, 36.49287], [-99.29162, 36.49374], [-99.29209, 36.49461], [-99.29286, 36.4952], [-99.29395, 36.49551]]], [[[-99.38499, 36.45079], [-99.38577, 36.45148], [-99.38693, 36.4518], [-99.38691, 36.45329], [-99.36753, 36.45348], [-99.34364, 36.45397], [-99.34264, 36.45311], [-99.34115, 36.45278], [-99.33965, 36.4532], [-99.3388, 36.45403], [-99.32122, 36.45426], [-99.31995, 36.45449], [-99.3189, 36.45502], [-99.31942, 36.45422], [-99.3197, 36.45309], [-99.31958, 36.45204], [-99.31919, 36.45123], [-99.31936, 36.4456], [-99.31832, 36.44578], [-99.3185, 36.44513], [-99.31931, 36.44467], [-99.32205, 36.44377], [-99.32294, 36.44328], [-99.32407, 36.44231], [-99.32549, 36.44032], [-99.32693, 36.43952], [-99.32805, 36.43928], [-99.32963, 36.43942], [-99.33108, 36.43919], [-99.33244, 36.44156], [-99.33111, 36.44127], [-99.32967, 36.44162], [-99.32881, 36.44236], [-99.32849, 36.44354], [-99.32886, 36.44464], [-99.33018, 36.44614], [-99.32964, 36.44676], [-99.32924, 36.44766], [-99.32938, 36.449], [-99.33014, 36.44983], [-99.3319, 36.45074], [-99.33411, 36.45072], [-99.335, 36.45032], [-99.33551, 36.44986], [-99.33612, 36.44813], [-99.33583, 36.44669], [-99.33654, 36.44573], [-99.33657, 36.44464], [-99.34065, 36.44553], [-99.34388, 36.44551], [-99.34583, 36.44497], [-99.34708, 36.44417], [-99.34835, 36.44372], [-99.35051, 36.44263], [-99.35571, 36.44182], [-99.35821, 36.44172], [-99.36243, 36.44304], [-99.36301, 36.44353], [-99.36353, 36.44687], [-99.36441, 36.44897], [-99.36574, 36.45038], [-99.3675, 36.45123], [-99.37011, 36.45169], [-99.37217, 36.45167], [-99.37423, 36.45117], [-99.37604, 36.45026], [-99.37601, 36.45122], [-99.37655, 36.45219], [-99.37761, 36.45281], [-99.37873, 36.45298], [-99.37953, 36.45286], [-99.38033, 36.4525], [-99.38124, 36.45155], [-99.38156, 36.45028], [-99.38109, 36.44926], [-99.38249, 36.44952], [-99.38478, 36.4494], [-99.38471, 36.45006], [-99.38499, 36.45079]], [[-99.35147, 36.44816], [-99.35271, 36.44842], [-99.35431, 36.44807], [-99.35517, 36.44733], [-99.35557, 36.44617], [-99.35539, 36.4452], [-99.35421, 36.4437], [-99.35347, 36.4432], [-99.35232, 36.44288], [-99.3513, 36.44294], [-99.3503, 36.44338], [-99.34961, 36.44404], [-99.34928, 36.44497], [-99.34956, 36.44611], [-99.35068, 36.44762], [-99.35147, 36.44816]]], [[[-99.37954, 36.44382], [-99.37958, 36.44403], [-99.37703, 36.44452], [-99.37595, 36.44489], [-99.37253, 36.44687], [-99.37105, 36.44729], [-99.36962, 36.44707], [-99.36923, 36.44679], [-99.36878, 36.44559], [-99.36886, 36.4449], [-99.3683, 36.44212], [-99.36748, 36.44089], [-99.36631, 36.43985], [-99.36471, 36.43883], [-99.36058, 36.43757], [-99.3604, 36.43635], [-99.36923, 36.43725], [-99.36924, 36.44087], [-99.36951, 36.44159], [-99.37011, 36.44218], [-99.37139, 36.44261], [-99.3799, 36.44261], [-99.37954, 36.44382]]], [[[-99.35167, 36.43656], [-99.35162, 36.43798], [-99.35038, 36.43804], [-99.34765, 36.4388], [-99.34592, 36.43978], [-99.34438, 36.44023], [-99.34322, 36.44102], [-99.34228, 36.44107], [-99.33899, 36.44064], [-99.33777, 36.43998], [-99.33679, 36.43854], [-99.33617, 36.43698], [-99.33536, 36.43623], [-99.35143, 36.43607], [-99.35167, 36.43656]]], [[[-99.32032, 36.43571], [-99.32023, 36.43506], [-99.32481, 36.4339], [-99.3281, 36.43357], [-99.33115, 36.43371], [-99.33127, 36.43471], [-99.32939, 36.43494], [-99.32802, 36.43478], [-99.32587, 36.43508], [-99.32441, 36.43553], [-99.32259, 36.43644], [-99.32153, 36.43607], [-99.32032, 36.4361], [-99.32032, 36.43571]]], [[[-99.31513, 36.4389], [-99.31449, 36.43928], [-99.31422, 36.43861], [-99.3136, 36.43798], [-99.31263, 36.43754], [-99.3115, 36.43739], [-99.31554, 36.43631], [-99.31556, 36.43869], [-99.31513, 36.4389]]], [[[-99.30237, 36.43948], [-99.30218, 36.43943], [-99.30218, 36.43858], [-99.30696, 36.43831], [-99.31006, 36.43775], [-99.30903, 36.43876], [-99.30884, 36.43937], [-99.30893, 36.44023], [-99.30927, 36.44084], [-99.30992, 36.44141], [-99.31088, 36.44179], [-99.31165, 36.44186], [-99.31158, 36.44309], [-99.31189, 36.44372], [-99.31257, 36.44433], [-99.31076, 36.44523], [-99.31021, 36.44528], [-99.30912, 36.44424], [-99.30819, 36.44394], [-99.30735, 36.44391], [-99.30625, 36.44421], [-99.30504, 36.44497], [-99.30447, 36.44429], [-99.30376, 36.44386], [-99.30212, 36.44361], [-99.30216, 36.44312], [-99.30334, 36.44248], [-99.30386, 36.44144], [-99.30376, 36.44069], [-99.30345, 36.44018], [-99.30237, 36.43948]]], [[[-99.29778, 36.44431], [-99.29797, 36.44451], [-99.29751, 36.44583], [-99.29775, 36.44665], [-99.29717, 36.44665], [-99.29478, 36.44591], [-99.29241, 36.4448], [-99.29042, 36.44418], [-99.28909, 36.44328], [-99.28818, 36.44288], [-99.285, 36.44234], [-99.28248, 36.44141], [-99.2811, 36.43942], [-99.29739, 36.43877], [-99.29739, 36.44343], [-99.29778, 36.44431]]], [[[-99.26655, 36.44445], [-99.26656, 36.43999], [-99.26874, 36.43991], [-99.26918, 36.44058], [-99.26978, 36.44102], [-99.27143, 36.4414], [-99.27229, 36.44126], [-99.27305, 36.44092], [-99.27362, 36.44043], [-99.27402, 36.4397], [-99.27486, 36.43967], [-99.27478, 36.4405], [-99.27496, 36.44124], [-99.2755, 36.44193], [-99.2767, 36.44254], [-99.27705, 36.44294], [-99.27679, 36.44403], [-99.27686, 36.44471], [-99.27725, 36.44552], [-99.27805, 36.44622], [-99.27899, 36.44656], [-99.27984, 36.4466], [-99.2808, 36.44638], [-99.28152, 36.44595], [-99.28409, 36.44686], [-99.286, 36.44711], [-99.28793, 36.44822], [-99.29092, 36.44936], [-99.28301, 36.44939], [-99.28146, 36.44825], [-99.28021, 36.44781], [-99.2791, 36.44763], [-99.26667, 36.44762], [-99.26655, 36.44445]]], [[[-99.37451, 36.43875], [-99.37402, 36.43875], [-99.37401, 36.43801], [-99.3745, 36.43837], [-99.37451, 36.43875]]], [[[-99.35923, 36.39886], [-99.35984, 36.39978], [-99.35966, 36.40049], [-99.35922, 36.40059], [-99.35923, 36.39886]]], [[[-99.35016, 36.39745], [-99.34986, 36.39813], [-99.34988, 36.39901], [-99.35047, 36.39997], [-99.35144, 36.40054], [-99.35144, 36.40342], [-99.35079, 36.40343], [-99.35076, 36.40232], [-99.34995, 36.4013], [-99.34899, 36.40079], [-99.34796, 36.40063], [-99.34694, 36.40081], [-99.34592, 36.40145], [-99.34531, 36.40249], [-99.34533, 36.40354], [-99.33813, 36.40368], [-99.33814, 36.39309], [-99.34474, 36.393], [-99.34522, 36.39387], [-99.34429, 36.39442], [-99.34378, 36.39512], [-99.34362, 36.39573], [-99.34373, 36.39733], [-99.34425, 36.39848], [-99.34529, 36.39914], [-99.34637, 36.39932], [-99.34742, 36.39913], [-99.34905, 36.39842], [-99.35016, 36.39745]]], [[[-99.33812, 36.38606], [-99.34249, 36.38788], [-99.3428, 36.38916], [-99.33813, 36.38923], [-99.33812, 36.38606]]], [[[-99.35143, 36.37854], [-99.35147, 36.38726], [-99.34631, 36.38482], [-99.34288, 36.38352], [-99.33866, 36.38155], [-99.3381, 36.38068], [-99.33812, 36.37858], [-99.35143, 36.37854]]], [[[-99.34017, 36.32784], [-99.33909, 36.32658], [-99.3385, 36.32534], [-99.33829, 36.32407], [-99.33828, 36.32143], [-99.35165, 36.32136], [-99.35164, 36.33202], [-99.34453, 36.332], [-99.34017, 36.32784]]], [[[-99.34858, 36.33588], [-99.35159, 36.33589], [-99.35152, 36.33869], [-99.34858, 36.33588]]], [[[-99.34796, 36.3097], [-99.34958, 36.31014], [-99.35153, 36.31024], [-99.35162, 36.31749], [-99.3398, 36.31756], [-99.34105, 36.31682], [-99.34137, 36.31631], [-99.34148, 36.31556], [-99.34122, 36.31483], [-99.34064, 36.31424], [-99.33983, 36.31387], [-99.33892, 36.31377], [-99.33919, 36.31312], [-99.33915, 36.31237], [-99.33828, 36.3113], [-99.3383, 36.30692], [-99.34717, 36.30689], [-99.34678, 36.30761], [-99.34677, 36.30836], [-99.34711, 36.30906], [-99.34796, 36.3097]]], [[[-99.35134, 36.27789], [-99.35153, 36.303], [-99.3383, 36.30305], [-99.33829, 36.29948], [-99.33922, 36.30009], [-99.34036, 36.30026], [-99.34166, 36.29987], [-99.34259, 36.29925], [-99.34302, 36.29867], [-99.34389, 36.29868], [-99.34497, 36.29898], [-99.3459, 36.2989], [-99.34671, 36.29853], [-99.34718, 36.29811], [-99.34756, 36.29703], [-99.34715, 36.29596], [-99.34591, 36.29505], [-99.3442, 36.29101], [-99.34419, 36.29], [-99.34362, 36.28919], [-99.34286, 36.28875], [-99.34219, 36.2886], [-99.33825, 36.28858], [-99.33822, 36.28239], [-99.33913, 36.28147], [-99.34069, 36.28133], [-99.34185, 36.28061], [-99.3423, 36.2796], [-99.3423, 36.27788], [-99.35134, 36.27789]]], [[[-99.39184, 36.55281], [-99.39297, 36.55308], [-99.39406, 36.55297], [-99.39511, 36.55243], [-99.39573, 36.55172], [-99.40079, 36.55161], [-99.40067, 36.5524], [-99.40086, 36.55307], [-99.40128, 36.55364], [-99.40196, 36.55411], [-99.40271, 36.55438], [-99.40361, 36.55444], [-99.40441, 36.55429], [-99.40518, 36.5539], [-99.40521, 36.5675], [-99.40475, 36.56683], [-99.40393, 36.56627], [-99.40319, 36.56605], [-99.40215, 36.56604], [-99.40119, 36.56636], [-99.40057, 36.56682], [-99.40018, 36.56735], [-99.39998, 36.56815], [-99.40013, 36.56883], [-99.40058, 36.56953], [-99.40133, 36.57005], [-99.40212, 36.5703], [-99.40317, 36.57031], [-99.40392, 36.57009], [-99.40478, 36.56952], [-99.40521, 36.56889], [-99.40522, 36.57676], [-99.39196, 36.57689], [-99.39191, 36.56783], [-99.39242, 36.56845], [-99.39311, 36.56887], [-99.3941, 36.56912], [-99.39499, 36.56909], [-99.39591, 36.56878], [-99.39653, 36.56833], [-99.39701, 36.56763], [-99.39715, 36.56696], [-99.39669, 36.56572], [-99.39603, 36.56516], [-99.39509, 36.56477], [-99.3943, 36.56469], [-99.39327, 36.56487], [-99.39247, 36.56532], [-99.3919, 36.56597], [-99.39189, 36.56222], [-99.39269, 36.56149], [-99.39304, 36.56035], [-99.39272, 36.55917], [-99.39187, 36.55839], [-99.39184, 36.55281]]], [[[-99.39607, 36.59225], [-99.39183, 36.59224], [-99.39202, 36.5908], [-99.39196, 36.58076], [-99.40523, 36.58063], [-99.40523, 36.58327], [-99.40448, 36.58404], [-99.4042, 36.58503], [-99.40449, 36.58604], [-99.40523, 36.58675], [-99.40524, 36.59225], [-99.39607, 36.59225]], [[-99.40032, 36.58866], [-99.40041, 36.58779], [-99.40008, 36.587], [-99.39936, 36.58631], [-99.39851, 36.58593], [-99.39734, 36.58582], [-99.39639, 36.58605], [-99.39555, 36.58661], [-99.39505, 36.58736], [-99.39495, 36.58821], [-99.39529, 36.58911], [-99.39594, 36.58972], [-99.39694, 36.59015], [-99.39805, 36.59023], [-99.39901, 36.58998], [-99.39984, 36.58942], [-99.40032, 36.58866]]], [[[-99.41002, 36.58058], [-99.41261, 36.58055], [-99.41369, 36.58111], [-99.41481, 36.58124], [-99.41588, 36.581], [-99.41669, 36.58049], [-99.4231, 36.58036], [-99.42315, 36.58482], [-99.42196, 36.585], [-99.42101, 36.58554], [-99.42036, 36.58643], [-99.42009, 36.58787], [-99.41933, 36.5885], [-99.41901, 36.5891], [-99.41815, 36.58939], [-99.41739, 36.58999], [-99.41695, 36.59109], [-99.41726, 36.59221], [-99.41003, 36.59224], [-99.41003, 36.58597], [-99.41079, 36.5865], [-99.41153, 36.58673], [-99.41316, 36.58661], [-99.41436, 36.5858], [-99.41485, 36.58447], [-99.41469, 36.58372], [-99.41431, 36.58316], [-99.41359, 36.5826], [-99.41292, 36.58234], [-99.41134, 36.58233], [-99.41002, 36.58305], [-99.41002, 36.58058]], [[-99.42098, 36.58477], [-99.42073, 36.58393], [-99.41997, 36.58313], [-99.41911, 36.58272], [-99.41811, 36.58259], [-99.41711, 36.58276], [-99.41621, 36.58324], [-99.41562, 36.58396], [-99.41542, 36.58484], [-99.41563, 36.58563], [-99.41617, 36.58631], [-99.41712, 36.58684], [-99.41827, 36.58701], [-99.4193, 36.58685], [-99.42019, 36.58637], [-99.42078, 36.58565], [-99.42098, 36.58477]]], [[[-99.42323, 36.59218], [-99.42222, 36.59219], [-99.42245, 36.59173], [-99.42322, 36.59137], [-99.42323, 36.59218]]], [[[-99.38705, 36.40657], [-99.38705, 36.40888], [-99.3859, 36.40831], [-99.38442, 36.40801], [-99.38318, 36.40667], [-99.38705, 36.40657]]], [[[-99.3818, 36.40284], [-99.38181, 36.40169], [-99.38272, 36.40235], [-99.38272, 36.40281], [-99.3818, 36.40284]]], [[[-99.38461, 36.39414], [-99.38538, 36.39456], [-99.38706, 36.39488], [-99.38705, 36.39733], [-99.38576, 36.39679], [-99.38442, 36.39683], [-99.38317, 36.39747], [-99.3824, 36.39856], [-99.38185, 36.39787], [-99.38086, 36.39739], [-99.37993, 36.39731], [-99.37893, 36.39758], [-99.37833, 36.39683], [-99.37738, 36.39638], [-99.37754, 36.39527], [-99.37834, 36.39542], [-99.37943, 36.39533], [-99.38085, 36.39461], [-99.38218, 36.39283], [-99.38227, 36.39218], [-99.38204, 36.39134], [-99.38132, 36.39049], [-99.38071, 36.3901], [-99.37972, 36.38985], [-99.37869, 36.38992], [-99.37766, 36.39036], [-99.37664, 36.39133], [-99.37602, 36.39252], [-99.37588, 36.39335], [-99.37498, 36.3932], [-99.37395, 36.39336], [-99.37392, 36.38778], [-99.37557, 36.38818], [-99.37716, 36.38781], [-99.37836, 36.38664], [-99.37856, 36.38576], [-99.3783, 36.38489], [-99.37882, 36.38483], [-99.37867, 36.38603], [-99.3793, 36.38704], [-99.38051, 36.38759], [-99.38189, 36.3875], [-99.3825, 36.38722], [-99.38311, 36.38665], [-99.38365, 36.3847], [-99.3846, 36.38463], [-99.38487, 36.38555], [-99.38538, 36.38615], [-99.38619, 36.38664], [-99.38709, 36.38683], [-99.38708, 36.39084], [-99.3854, 36.39098], [-99.38432, 36.39169], [-99.38402, 36.39221], [-99.38392, 36.39296], [-99.38419, 36.39368], [-99.38461, 36.39414]]], [[[-99.37594, 36.38355], [-99.37472, 36.38366], [-99.37388, 36.38397], [-99.37383, 36.3779], [-99.37603, 36.37787], [-99.37576, 36.3788], [-99.37594, 36.38355]]], [[[-99.38054, 36.3794], [-99.3812, 36.37865], [-99.38154, 36.37783], [-99.38711, 36.37778], [-99.38711, 36.38062], [-99.38676, 36.38063], [-99.38555, 36.38003], [-99.38374, 36.37997], [-99.38252, 36.38035], [-99.3818, 36.38098], [-99.38057, 36.38119], [-99.38054, 36.3794]]], [[[-99.37393, 36.33111], [-99.37385, 36.32737], [-99.37479, 36.32653], [-99.3751, 36.3255], [-99.3748, 36.32447], [-99.37389, 36.32363], [-99.37399, 36.32064], [-99.38719, 36.32064], [-99.38707, 36.33081], [-99.37393, 36.33111]]], [[[-99.37429, 36.3023], [-99.37436, 36.29163], [-99.38736, 36.29162], [-99.38736, 36.30022], [-99.38613, 36.30005], [-99.38475, 36.30048], [-99.38389, 36.30125], [-99.38351, 36.30237], [-99.38379, 36.30344], [-99.38449, 36.30413], [-99.38555, 36.30457], [-99.38681, 36.30459], [-99.38618, 36.30559], [-99.38598, 36.30684], [-99.38629, 36.30818], [-99.38731, 36.3094], [-99.38725, 36.31677], [-99.37412, 36.31677], [-99.37429, 36.3023]]], [[[-99.38744, 36.28694], [-99.38744, 36.28776], [-99.37435, 36.28776], [-99.37417, 36.27739], [-99.38739, 36.27732], [-99.38744, 36.28694]], [[-99.38265, 36.28587], [-99.38362, 36.28536], [-99.38423, 36.28471], [-99.38464, 36.28362], [-99.38471, 36.2824], [-99.38431, 36.2816], [-99.38353, 36.28096], [-99.38258, 36.28064], [-99.38148, 36.28064], [-99.38049, 36.281], [-99.37954, 36.28189], [-99.37896, 36.28318], [-99.37897, 36.28421], [-99.37949, 36.28516], [-99.38037, 36.28576], [-99.38162, 36.28602], [-99.38265, 36.28587]]], [[[-99.36951, 36.30235], [-99.3563, 36.30291], [-99.35615, 36.27916], [-99.35707, 36.27853], [-99.35754, 36.27778], [-99.36939, 36.2775], [-99.3696, 36.28967], [-99.36951, 36.30235]]], [[[-99.39856, 36.27732], [-99.40506, 36.27734], [-99.40499, 36.28076], [-99.40351, 36.28142], [-99.40305, 36.28192], [-99.40276, 36.28268], [-99.4021, 36.2819], [-99.40103, 36.28137], [-99.39951, 36.28136], [-99.39763, 36.28062], [-99.39614, 36.28075], [-99.39525, 36.28124], [-99.39462, 36.28202], [-99.39443, 36.28287], [-99.39477, 36.28395], [-99.3954, 36.28457], [-99.39607, 36.28494], [-99.39805, 36.28525], [-99.39885, 36.28569], [-99.39988, 36.28587], [-99.40104, 36.28571], [-99.40186, 36.28532], [-99.40267, 36.28456], [-99.40295, 36.2838], [-99.40383, 36.28475], [-99.40489, 36.28522], [-99.40478, 36.28781], [-99.39222, 36.28775], [-99.39218, 36.28038], [-99.39346, 36.28063], [-99.39507, 36.28033], [-99.39589, 36.27977], [-99.39634, 36.27905], [-99.39643, 36.27825], [-99.39603, 36.27732], [-99.39856, 36.27732]]], [[[-99.39825, 36.42424], [-99.3982, 36.42434], [-99.3982, 36.42411], [-99.39825, 36.42424]]], [[[-99.40499, 36.42157], [-99.40409, 36.42157], [-99.40492, 36.42099], [-99.40499, 36.42157]]], [[[-99.40501, 36.40939], [-99.40502, 36.41143], [-99.40405, 36.41095], [-99.40306, 36.41085], [-99.40127, 36.41129], [-99.40022, 36.41231], [-99.39751, 36.41198], [-99.39537, 36.41227], [-99.3946, 36.4119], [-99.39353, 36.41174], [-99.39272, 36.41184], [-99.39183, 36.41222], [-99.39183, 36.41004], [-99.39272, 36.40979], [-99.39333, 36.4094], [-99.39456, 36.40771], [-99.39674, 36.4076], [-99.39789, 36.40715], [-99.39878, 36.4065], [-99.40305, 36.40649], [-99.40319, 36.40719], [-99.40368, 36.40797], [-99.40501, 36.40874], [-99.40501, 36.40939]]], [[[-99.39896, 36.39819], [-99.39962, 36.39875], [-99.40083, 36.39917], [-99.40503, 36.39924], [-99.40502, 36.40262], [-99.40019, 36.40263], [-99.40017, 36.40194], [-99.39938, 36.40001], [-99.39829, 36.39932], [-99.39677, 36.39927], [-99.39633, 36.39816], [-99.39516, 36.39738], [-99.39359, 36.39726], [-99.39183, 36.39798], [-99.39186, 36.39203], [-99.39893, 36.39209], [-99.39744, 36.39315], [-99.39691, 36.39434], [-99.39715, 36.39547], [-99.39818, 36.39644], [-99.39896, 36.39819]]], [[[-99.40503, 36.39537], [-99.40314, 36.39536], [-99.40331, 36.39464], [-99.40304, 36.39362], [-99.40229, 36.39266], [-99.40119, 36.39211], [-99.40501, 36.39215], [-99.40503, 36.39537]]], [[[-99.40497, 36.38828], [-99.40309, 36.38826], [-99.40302, 36.38731], [-99.40274, 36.38676], [-99.40498, 36.38677], [-99.40497, 36.38828]]], [[[-99.39962, 36.38284], [-99.39997, 36.38215], [-99.39999, 36.38149], [-99.4008, 36.38288], [-99.39962, 36.38284]]], [[[-99.39192, 36.32341], [-99.39197, 36.3206], [-99.40478, 36.32055], [-99.40479, 36.32507], [-99.40399, 36.32536], [-99.40339, 36.3258], [-99.40299, 36.32633], [-99.4028, 36.32714], [-99.40328, 36.3284], [-99.40478, 36.32954], [-99.40477, 36.33091], [-99.39185, 36.33078], [-99.39192, 36.32341]]], [[[-99.40209, 36.30616], [-99.40465, 36.30617], [-99.40475, 36.31566], [-99.40369, 36.31668], [-99.39203, 36.31674], [-99.39207, 36.31074], [-99.39428, 36.30975], [-99.39433, 36.31069], [-99.39484, 36.31183], [-99.39564, 36.31248], [-99.39687, 36.31284], [-99.39792, 36.31274], [-99.39862, 36.31245], [-99.3992, 36.31201], [-99.3997, 36.31128], [-99.39977, 36.30988], [-99.39937, 36.30911], [-99.39881, 36.30858], [-99.39749, 36.30803], [-99.39662, 36.30798], [-99.39583, 36.30816], [-99.3961, 36.30724], [-99.39604, 36.30614], [-99.40209, 36.30616]]], [[[-99.3921, 36.29256], [-99.39215, 36.29162], [-99.40467, 36.29168], [-99.40461, 36.3023], [-99.39619, 36.30227], [-99.39746, 36.30199], [-99.39818, 36.30159], [-99.39887, 36.30093], [-99.39918, 36.30027], [-99.39918, 36.29945], [-99.3988, 36.29869], [-99.39804, 36.29805], [-99.39715, 36.29772], [-99.39588, 36.29772], [-99.39467, 36.29821], [-99.39354, 36.29844], [-99.39264, 36.29904], [-99.39213, 36.29979], [-99.3921, 36.29256]]], [[[-99.3639, 36.39379], [-99.36253, 36.39383], [-99.3614, 36.39414], [-99.35971, 36.39269], [-99.36916, 36.39241], [-99.36918, 36.40057], [-99.36897, 36.40064], [-99.36831, 36.40007], [-99.36883, 36.39899], [-99.36893, 36.3979], [-99.36875, 36.39688], [-99.36821, 36.39594], [-99.36729, 36.39513], [-99.36682, 36.39432], [-99.36611, 36.39384], [-99.36499, 36.39359], [-99.3639, 36.39379]]], [[[-99.35617, 36.38838], [-99.35622, 36.37844], [-99.36905, 36.37802], [-99.36914, 36.38854], [-99.35605, 36.38894], [-99.35617, 36.38838]]], [[[-99.36663, 36.32405], [-99.36749, 36.32435], [-99.3691, 36.32441], [-99.36916, 36.33136], [-99.35797, 36.33185], [-99.35837, 36.33073], [-99.3582, 36.32988], [-99.35739, 36.32897], [-99.35642, 36.32853], [-99.35643, 36.32461], [-99.35736, 36.32504], [-99.35879, 36.32513], [-99.35972, 36.3249], [-99.36052, 36.32437], [-99.36107, 36.3235], [-99.36112, 36.32267], [-99.36067, 36.32174], [-99.35987, 36.32112], [-99.36662, 36.32086], [-99.36587, 36.32153], [-99.36558, 36.32244], [-99.36585, 36.32335], [-99.36663, 36.32405]]], [[[-99.35644, 36.32126], [-99.35643, 36.32126], [-99.35643, 36.32126], [-99.35644, 36.32126]]], [[[-99.35887, 36.30668], [-99.36947, 36.30623], [-99.36945, 36.30854], [-99.36745, 36.30835], [-99.36545, 36.30893], [-99.36403, 36.31021], [-99.36353, 36.31188], [-99.36387, 36.31339], [-99.36479, 36.31452], [-99.36579, 36.31513], [-99.36697, 36.31548], [-99.36834, 36.31555], [-99.36936, 36.31537], [-99.36934, 36.31688], [-99.3564, 36.31739], [-99.3563, 36.30678], [-99.35887, 36.30668]]], [[[-99.34956, 36.39359], [-99.34965, 36.39333], [-99.3497, 36.39296], [-99.35004, 36.39358], [-99.34956, 36.39359]]], [[[-99.35639, 36.39593], [-99.35691, 36.39637], [-99.35749, 36.39688], [-99.35619, 36.39688], [-99.35619, 36.39577], [-99.35639, 36.39593]]], [[[-99.33963, 36.29529], [-99.3388, 36.29602], [-99.33828, 36.29719], [-99.33827, 36.29245], [-99.33975, 36.29245], [-99.34076, 36.29482], [-99.33963, 36.29529]]], [[[-99.2793, 36.41388], [-99.27934, 36.42289], [-99.27841, 36.42253], [-99.27734, 36.42241], [-99.27636, 36.42256], [-99.27553, 36.423], [-99.27491, 36.42372], [-99.27468, 36.42447], [-99.27484, 36.42536], [-99.27523, 36.42596], [-99.27247, 36.42577], [-99.27124, 36.42615], [-99.27017, 36.42687], [-99.26825, 36.42675], [-99.26749, 36.42635], [-99.26615, 36.42598], [-99.26571, 36.42518], [-99.2656, 36.42418], [-99.2664, 36.42234], [-99.26753, 36.42211], [-99.26905, 36.42136], [-99.27078, 36.42114], [-99.27237, 36.42028], [-99.27347, 36.42042], [-99.27482, 36.42022], [-99.27581, 36.41959], [-99.27636, 36.41845], [-99.27616, 36.41731], [-99.2754, 36.41636], [-99.27403, 36.41581], [-99.27265, 36.41593], [-99.27236, 36.4152], [-99.27187, 36.41467], [-99.27048, 36.41409], [-99.27036, 36.41279], [-99.26983, 36.41204], [-99.26891, 36.41149], [-99.26774, 36.40822], [-99.26925, 36.4079], [-99.27035, 36.40718], [-99.27112, 36.40773], [-99.27234, 36.40809], [-99.2794, 36.40815], [-99.2793, 36.41388]], [[-99.27679, 36.41066], [-99.27577, 36.41021], [-99.27473, 36.41012], [-99.27374, 36.41036], [-99.27294, 36.4109], [-99.27242, 36.41174], [-99.27226, 36.41295], [-99.27256, 36.41375], [-99.27322, 36.4144], [-99.27414, 36.41479], [-99.27556, 36.41486], [-99.27652, 36.41456], [-99.27727, 36.41399], [-99.27768, 36.41323], [-99.27775, 36.41221], [-99.27743, 36.41135], [-99.27679, 36.41066]]], [[[-99.26288, 36.40851], [-99.26327, 36.40967], [-99.26331, 36.40978], [-99.26196, 36.40924], [-99.26288, 36.40851]]], [[[-99.26274, 36.40545], [-99.26251, 36.40577], [-99.26164, 36.40518], [-99.26054, 36.40492], [-99.2595, 36.40503], [-99.2587, 36.40535], [-99.2577, 36.40449], [-99.25866, 36.40423], [-99.25946, 36.40366], [-99.26004, 36.40279], [-99.26014, 36.40193], [-99.25985, 36.40107], [-99.25935, 36.40047], [-99.25872, 36.40009], [-99.25786, 36.39985], [-99.25808, 36.39877], [-99.25766, 36.39789], [-99.25643, 36.39688], [-99.25521, 36.39641], [-99.25635, 36.39461], [-99.2578, 36.39462], [-99.25886, 36.39422], [-99.25948, 36.39371], [-99.26327, 36.39384], [-99.2793, 36.39377], [-99.27941, 36.40428], [-99.27364, 36.40423], [-99.27269, 36.40334], [-99.27118, 36.40294], [-99.26854, 36.40314], [-99.26784, 36.40338], [-99.26704, 36.40397], [-99.26714, 36.40289], [-99.26661, 36.40188], [-99.26559, 36.40112], [-99.26415, 36.40089], [-99.263, 36.40116], [-99.26228, 36.40157], [-99.2615, 36.40269], [-99.26156, 36.40384], [-99.26215, 36.40467], [-99.26296, 36.40525], [-99.26274, 36.40545]]], [[[-99.25362, 36.40008], [-99.25383, 36.40027], [-99.2525, 36.40065], [-99.25155, 36.40144], [-99.25082, 36.39999], [-99.25048, 36.39862], [-99.25161, 36.39952], [-99.25362, 36.40008]]], [[[-99.24971, 36.39682], [-99.24712, 36.39512], [-99.24438, 36.39409], [-99.24146, 36.39363], [-99.23758, 36.39366], [-99.23605, 36.39343], [-99.23544, 36.39232], [-99.23432, 36.39097], [-99.23266, 36.38955], [-99.23124, 36.38868], [-99.2315, 36.37922], [-99.24464, 36.37929], [-99.24683, 36.37916], [-99.24786, 36.37872], [-99.24856, 36.37775], [-99.24876, 36.37189], [-99.26175, 36.37185], [-99.26185, 36.37762], [-99.26224, 36.37838], [-99.26312, 36.379], [-99.26417, 36.37921], [-99.2793, 36.37929], [-99.27933, 36.3899], [-99.25752, 36.38986], [-99.25667, 36.3902], [-99.25616, 36.39064], [-99.25391, 36.39115], [-99.25278, 36.39199], [-99.25162, 36.39377], [-99.25006, 36.39556], [-99.24971, 36.39682]], [[-99.23569, 36.38433], [-99.23517, 36.38509], [-99.23506, 36.38588], [-99.23538, 36.38679], [-99.23607, 36.38748], [-99.23698, 36.38794], [-99.238, 36.3881], [-99.23919, 36.38787], [-99.23997, 36.38738], [-99.24054, 36.3865], [-99.24061, 36.38565], [-99.2401, 36.3846], [-99.23949, 36.38403], [-99.23856, 36.38363], [-99.23755, 36.38355], [-99.23654, 36.38379], [-99.23569, 36.38433]]], [[[-99.23886, 36.40426], [-99.2309, 36.40428], [-99.23107, 36.39553], [-99.2323, 36.39678], [-99.23455, 36.39772], [-99.2367, 36.39805], [-99.24076, 36.39801], [-99.24224, 36.39818], [-99.24299, 36.39834], [-99.24499, 36.39932], [-99.24609, 36.40218], [-99.24613, 36.40304], [-99.24658, 36.40425], [-99.23886, 36.40426]]], [[[-99.24808, 36.40719], [-99.24823, 36.40698], [-99.24976, 36.4086], [-99.24997, 36.41574], [-99.25042, 36.4167], [-99.25116, 36.41727], [-99.25211, 36.41757], [-99.25312, 36.41755], [-99.25426, 36.41709], [-99.25489, 36.41644], [-99.25516, 36.41565], [-99.25505, 36.41137], [-99.26034, 36.41356], [-99.26178, 36.41447], [-99.26307, 36.41502], [-99.26638, 36.41752], [-99.26541, 36.41798], [-99.2639, 36.41836], [-99.26301, 36.41882], [-99.26098, 36.41882], [-99.26132, 36.41765], [-99.26079, 36.41643], [-99.25946, 36.41566], [-99.25793, 36.41557], [-99.25673, 36.41597], [-99.2559, 36.41679], [-99.25563, 36.41781], [-99.25593, 36.41872], [-99.24568, 36.41884], [-99.24446, 36.41937], [-99.24381, 36.42037], [-99.24382, 36.42112], [-99.24418, 36.42182], [-99.24485, 36.42235], [-99.24571, 36.42263], [-99.2551, 36.42255], [-99.25615, 36.42262], [-99.25719, 36.4229], [-99.26036, 36.4229], [-99.26019, 36.42377], [-99.25942, 36.42328], [-99.25847, 36.42302], [-99.25748, 36.42307], [-99.25668, 36.42334], [-99.25573, 36.42416], [-99.25541, 36.42534], [-99.25596, 36.42655], [-99.25655, 36.42702], [-99.25741, 36.42737], [-99.25901, 36.42735], [-99.26036, 36.42657], [-99.2607, 36.42747], [-99.26152, 36.42867], [-99.26302, 36.42992], [-99.26207, 36.43102], [-99.26185, 36.43318], [-99.25612, 36.43324], [-99.25497, 36.4336], [-99.25076, 36.43314], [-99.23083, 36.43317], [-99.23077, 36.42532], [-99.23249, 36.42588], [-99.23359, 36.42579], [-99.23431, 36.4255], [-99.23584, 36.42414], [-99.23614, 36.42335], [-99.23606, 36.42257], [-99.23726, 36.42254], [-99.23832, 36.42215], [-99.23892, 36.42157], [-99.2392, 36.42066], [-99.23881, 36.41958], [-99.23834, 36.41916], [-99.23752, 36.4188], [-99.23075, 36.41868], [-99.23085, 36.40815], [-99.24634, 36.40806], [-99.24723, 36.40783], [-99.24808, 36.40719]], [[-99.23668, 36.42471], [-99.23552, 36.42602], [-99.23545, 36.42731], [-99.23398, 36.42776], [-99.2331, 36.42873], [-99.23302, 36.43006], [-99.23338, 36.43073], [-99.23405, 36.43133], [-99.23523, 36.43173], [-99.23664, 36.43163], [-99.23771, 36.43105], [-99.23836, 36.42997], [-99.2397, 36.4307], [-99.24074, 36.43077], [-99.24177, 36.4305], [-99.24273, 36.43093], [-99.24351, 36.43102], [-99.24475, 36.43078], [-99.24568, 36.43012], [-99.24611, 36.42933], [-99.24616, 36.4278], [-99.24575, 36.42672], [-99.2451, 36.4261], [-99.24372, 36.42564], [-99.24233, 36.42578], [-99.24168, 36.42465], [-99.24086, 36.42411], [-99.23999, 36.42384], [-99.23848, 36.42395], [-99.23668, 36.42471]]], [[[-99.26738, 36.43173], [-99.26771, 36.4312], [-99.26858, 36.4312], [-99.26996, 36.43151], [-99.27174, 36.43147], [-99.27275, 36.4311], [-99.27356, 36.43056], [-99.27448, 36.43193], [-99.27466, 36.43278], [-99.27517, 36.43371], [-99.27455, 36.43421], [-99.27413, 36.43499], [-99.26952, 36.43515], [-99.26936, 36.43437], [-99.26867, 36.4336], [-99.26786, 36.43324], [-99.26664, 36.43315], [-99.26665, 36.43244], [-99.26738, 36.43173]]], [[[-99.27934, 36.42645], [-99.27936, 36.42643], [-99.27939, 36.42961], [-99.27815, 36.42765], [-99.27743, 36.42694], [-99.27836, 36.42686], [-99.27934, 36.42645]]], [[[-99.26655, 36.37537], [-99.26654, 36.36533], [-99.26728, 36.3652], [-99.2681, 36.36478], [-99.27055, 36.36478], [-99.27028, 36.36538], [-99.27028, 36.36627], [-99.27066, 36.36701], [-99.27116, 36.36746], [-99.27262, 36.36798], [-99.27348, 36.36794], [-99.27442, 36.36762], [-99.2752, 36.36863], [-99.27637, 36.36913], [-99.27731, 36.36919], [-99.27821, 36.36903], [-99.27948, 36.36815], [-99.27943, 36.37262], [-99.2788, 36.37299], [-99.2772, 36.37297], [-99.27604, 36.37347], [-99.27533, 36.3743], [-99.27522, 36.37545], [-99.26655, 36.37537]]], [[[-99.27951, 36.36572], [-99.27887, 36.36513], [-99.27822, 36.3648], [-99.27952, 36.36481], [-99.27951, 36.36572]]], [[[-99.27601, 36.36479], [-99.27548, 36.36502], [-99.27535, 36.36479], [-99.27601, 36.36479]]], [[[-99.29679, 36.36473], [-99.2974, 36.36564], [-99.29655, 36.36639], [-99.29623, 36.36748], [-99.29655, 36.36849], [-99.29738, 36.36925], [-99.29729, 36.37524], [-99.28417, 36.37538], [-99.28429, 36.36613], [-99.2847, 36.36706], [-99.28552, 36.36776], [-99.28647, 36.36814], [-99.28754, 36.36821], [-99.28887, 36.36776], [-99.28976, 36.36685], [-99.29005, 36.36588], [-99.2897, 36.36471], [-99.29671, 36.3646], [-99.29679, 36.36473]]], [[[-99.29295, 36.35684], [-99.29356, 36.35745], [-99.29254, 36.35758], [-99.29183, 36.3566], [-99.29032, 36.35593], [-99.28905, 36.35588], [-99.28758, 36.35622], [-99.2866, 36.35603], [-99.28694, 36.35516], [-99.28675, 36.35416], [-99.28757, 36.35391], [-99.29295, 36.35684]]], [[[-99.28406, 36.35283], [-99.28289, 36.35296], [-99.28198, 36.35342], [-99.28137, 36.35411], [-99.28115, 36.35492], [-99.28132, 36.35573], [-99.28181, 36.35646], [-99.28324, 36.35723], [-99.28283, 36.35837], [-99.28315, 36.35936], [-99.28384, 36.36003], [-99.28345, 36.36093], [-99.28155, 36.36095], [-99.27963, 36.3593], [-99.27836, 36.35863], [-99.2767, 36.35841], [-99.27544, 36.35871], [-99.27456, 36.35793], [-99.27314, 36.35757], [-99.27179, 36.35763], [-99.27066, 36.35806], [-99.26974, 36.35913], [-99.2687, 36.35988], [-99.26824, 36.36091], [-99.26702, 36.36092], [-99.26658, 36.36029], [-99.26657, 36.3561], [-99.26749, 36.35571], [-99.26823, 36.35512], [-99.26866, 36.3544], [-99.26873, 36.35373], [-99.27006, 36.35441], [-99.27132, 36.35446], [-99.27247, 36.35402], [-99.27339, 36.35308], [-99.27365, 36.35222], [-99.27356, 36.35158], [-99.27323, 36.35099], [-99.27241, 36.35028], [-99.28052, 36.35026], [-99.28397, 36.35205], [-99.28406, 36.35283]]], [[[-99.2892, 36.36085], [-99.28899, 36.36032], [-99.29067, 36.3602], [-99.29091, 36.36083], [-99.2892, 36.36085]]], [[[-99.26743, 36.33863], [-99.26662, 36.33808], [-99.26665, 36.33575], [-99.27962, 36.33589], [-99.27961, 36.34492], [-99.26743, 36.33863]]], [[[-99.26182, 36.341], [-99.26179, 36.34644], [-99.24874, 36.34642], [-99.24873, 36.33583], [-99.24984, 36.33583], [-99.24918, 36.33647], [-99.24885, 36.33721], [-99.2489, 36.33806], [-99.24921, 36.33865], [-99.25, 36.33933], [-99.25108, 36.3397], [-99.25156, 36.34028], [-99.25244, 36.3408], [-99.25384, 36.34101], [-99.25468, 36.34153], [-99.25546, 36.34173], [-99.25649, 36.3417], [-99.25742, 36.34136], [-99.25818, 36.34068], [-99.25858, 36.33991], [-99.25857, 36.33882], [-99.25793, 36.33782], [-99.25859, 36.33746], [-99.26091, 36.33931], [-99.26119, 36.34026], [-99.26182, 36.341]]], [[[-99.23093, 36.34109], [-99.23094, 36.33581], [-99.24395, 36.33582], [-99.24396, 36.34642], [-99.23091, 36.34645], [-99.23093, 36.34109]]], [[[-99.25175, 36.33197], [-99.24879, 36.33196], [-99.2488, 36.32957], [-99.25175, 36.33197]]], [[[-99.26189, 36.32817], [-99.26041, 36.32796], [-99.25888, 36.32842], [-99.25777, 36.32961], [-99.25769, 36.33095], [-99.2556, 36.32928], [-99.25624, 36.32815], [-99.25621, 36.32691], [-99.25532, 36.32583], [-99.25387, 36.32534], [-99.2542, 36.32455], [-99.2542, 36.32376], [-99.2539, 36.32299], [-99.25339, 36.32246], [-99.25203, 36.32188], [-99.25051, 36.322], [-99.2492, 36.32273], [-99.24866, 36.3237], [-99.24575, 36.32137], [-99.25605, 36.32139], [-99.25707, 36.32112], [-99.25796, 36.32052], [-99.2586, 36.32104], [-99.25955, 36.32135], [-99.26192, 36.32145], [-99.26189, 36.32817]]], [[[-99.27206, 36.32233], [-99.27241, 36.32327], [-99.27309, 36.32394], [-99.2742, 36.32436], [-99.27519, 36.32438], [-99.27631, 36.32398], [-99.27713, 36.32329], [-99.2776, 36.32225], [-99.27748, 36.32139], [-99.27964, 36.32137], [-99.27965, 36.32883], [-99.27804, 36.32907], [-99.27703, 36.32975], [-99.27652, 36.33095], [-99.27682, 36.33201], [-99.27535, 36.332], [-99.27541, 36.331], [-99.27485, 36.33004], [-99.27378, 36.32936], [-99.27268, 36.32918], [-99.27187, 36.32927], [-99.26939, 36.33012], [-99.2686, 36.33099], [-99.26843, 36.33189], [-99.26668, 36.33189], [-99.26669, 36.32298], [-99.27006, 36.32307], [-99.27123, 36.32281], [-99.27206, 36.32233]]], [[[-99.27976, 36.31214], [-99.27989, 36.31267], [-99.27971, 36.31362], [-99.27969, 36.31751], [-99.27203, 36.31759], [-99.27046, 36.31803], [-99.26912, 36.3192], [-99.26671, 36.31911], [-99.26676, 36.30914], [-99.26733, 36.30983], [-99.268, 36.31023], [-99.2688, 36.31046], [-99.26984, 36.31044], [-99.27106, 36.30992], [-99.2718, 36.30905], [-99.27195, 36.30803], [-99.27141, 36.30699], [-99.27922, 36.30701], [-99.27967, 36.30731], [-99.27943, 36.31014], [-99.27976, 36.31214]]], [[[-99.26705, 36.30698], [-99.26687, 36.30719], [-99.26677, 36.30736], [-99.26677, 36.30698], [-99.26705, 36.30698]]], [[[-99.25605, 36.3162], [-99.25468, 36.31752], [-99.25244, 36.31751], [-99.25254, 36.31601], [-99.25196, 36.31492], [-99.25061, 36.3142], [-99.24984, 36.31411], [-99.2489, 36.31427], [-99.24892, 36.30689], [-99.26199, 36.30695], [-99.26199, 36.30791], [-99.26072, 36.3077], [-99.25939, 36.30797], [-99.25828, 36.30885], [-99.25793, 36.30988], [-99.25832, 36.31109], [-99.25931, 36.31186], [-99.26051, 36.31213], [-99.26197, 36.31195], [-99.26194, 36.31738], [-99.26096, 36.31618], [-99.25974, 36.31565], [-99.25883, 36.31559], [-99.2574, 36.31578], [-99.25605, 36.3162]]], [[[-99.36713, 36.43158], [-99.35967, 36.4316], [-99.35607, 36.43132], [-99.35608, 36.4255], [-99.35726, 36.42555], [-99.35843, 36.42522], [-99.35914, 36.42466], [-99.35959, 36.42377], [-99.35954, 36.42266], [-99.35854, 36.42138], [-99.36562, 36.42114], [-99.36538, 36.42199], [-99.36539, 36.42307], [-99.3656, 36.42428], [-99.36616, 36.42544], [-99.36645, 36.42682], [-99.36766, 36.42822], [-99.36926, 36.42893], [-99.36924, 36.43156], [-99.36713, 36.43158]]], [[[-99.34665, 36.4302], [-99.33814, 36.42953], [-99.33814, 36.42868], [-99.33902, 36.42833], [-99.33961, 36.42785], [-99.33996, 36.42733], [-99.34013, 36.42656], [-99.33963, 36.42507], [-99.33892, 36.42442], [-99.33814, 36.42409], [-99.33814, 36.42215], [-99.3513, 36.42163], [-99.35128, 36.43068], [-99.34665, 36.4302]], [[-99.34759, 36.42777], [-99.34868, 36.42776], [-99.34964, 36.42752], [-99.35024, 36.42716], [-99.3508, 36.42649], [-99.35101, 36.4257], [-99.35082, 36.42481], [-99.35032, 36.42415], [-99.34955, 36.42361], [-99.34796, 36.42332], [-99.34699, 36.42351], [-99.34615, 36.4239], [-99.34407, 36.42388], [-99.34292, 36.42431], [-99.34206, 36.42503], [-99.34169, 36.42577], [-99.3417, 36.42662], [-99.3421, 36.42738], [-99.34283, 36.42797], [-99.34378, 36.42828], [-99.34561, 36.42829], [-99.34759, 36.42777]]], [[[-99.34977, 36.40732], [-99.35024, 36.40853], [-99.35137, 36.40933], [-99.35136, 36.41066], [-99.3501, 36.41052], [-99.34878, 36.41085], [-99.34783, 36.41015], [-99.34679, 36.4099], [-99.34541, 36.41002], [-99.34452, 36.41035], [-99.3437, 36.41109], [-99.34334, 36.412], [-99.34338, 36.41273], [-99.34373, 36.41342], [-99.34421, 36.41392], [-99.34505, 36.41434], [-99.34418, 36.41515], [-99.34392, 36.41612], [-99.34248, 36.41565], [-99.34107, 36.41586], [-99.34043, 36.4162], [-99.33973, 36.41688], [-99.33938, 36.41761], [-99.33935, 36.41823], [-99.33811, 36.41828], [-99.33807, 36.41433], [-99.34013, 36.4132], [-99.34068, 36.41232], [-99.3408, 36.41139], [-99.3406, 36.41057], [-99.34003, 36.40988], [-99.33917, 36.40943], [-99.33809, 36.40928], [-99.33811, 36.40755], [-99.34977, 36.40732]]], [[[-99.34877, 36.41786], [-99.34937, 36.41712], [-99.34962, 36.41634], [-99.34951, 36.41555], [-99.34908, 36.41487], [-99.34962, 36.415], [-99.35017, 36.41615], [-99.35132, 36.41693], [-99.35131, 36.41776], [-99.34877, 36.41786]]], [[[-99.35754, 36.40753], [-99.3569, 36.40812], [-99.35616, 36.40924], [-99.35617, 36.4072], [-99.35716, 36.40718], [-99.35754, 36.40753]]], [[[-99.35614, 36.41148], [-99.35692, 36.4122], [-99.35786, 36.41257], [-99.35894, 36.41263], [-99.35998, 36.41235], [-99.36074, 36.41183], [-99.36224, 36.40989], [-99.36398, 36.41003], [-99.36492, 36.40976], [-99.3655, 36.40937], [-99.36615, 36.40835], [-99.36625, 36.40704], [-99.36726, 36.40835], [-99.36633, 36.40972], [-99.36617, 36.41075], [-99.36628, 36.41178], [-99.36758, 36.41419], [-99.36825, 36.41472], [-99.36927, 36.41501], [-99.36928, 36.41652], [-99.36825, 36.41718], [-99.3561, 36.41758], [-99.35614, 36.41148]]], [[[-99.3233, 36.33194], [-99.32029, 36.33192], [-99.32023, 36.32152], [-99.3335, 36.32146], [-99.33349, 36.33194], [-99.32901, 36.33194], [-99.33019, 36.33169], [-99.33098, 36.33117], [-99.33147, 36.33047], [-99.33163, 36.32955], [-99.33141, 36.32877], [-99.3308, 36.3281], [-99.32986, 36.32762], [-99.32885, 36.32746], [-99.32778, 36.3276], [-99.32688, 36.32808], [-99.32629, 36.32877], [-99.32606, 36.32973], [-99.32625, 36.33057], [-99.32685, 36.33128], [-99.32777, 36.33176], [-99.32888, 36.33194], [-99.3233, 36.33194]]], [[[-99.30235, 36.33185], [-99.30236, 36.32127], [-99.31545, 36.32148], [-99.31551, 36.33189], [-99.30235, 36.33185]]], [[[-99.28442, 36.33201], [-99.28442, 36.33065], [-99.28577, 36.33074], [-99.28711, 36.33018], [-99.28863, 36.32858], [-99.28901, 36.32737], [-99.28879, 36.32659], [-99.28836, 36.32603], [-99.28703, 36.32535], [-99.28736, 36.32433], [-99.28693, 36.32316], [-99.28585, 36.32238], [-99.2844, 36.32211], [-99.28442, 36.32134], [-99.29758, 36.32125], [-99.29757, 36.33187], [-99.28442, 36.33201]]], [[[-99.28453, 36.31178], [-99.28422, 36.31025], [-99.28441, 36.3094], [-99.28446, 36.30691], [-99.29759, 36.30677], [-99.29758, 36.31738], [-99.28928, 36.31744], [-99.28953, 36.31668], [-99.28939, 36.31581], [-99.2889, 36.31511], [-99.28811, 36.31453], [-99.28715, 36.31423], [-99.28612, 36.31425], [-99.28519, 36.31459], [-99.28446, 36.31519], [-99.28469, 36.31271], [-99.28453, 36.31178]], [[-99.29639, 36.31406], [-99.29677, 36.31311], [-99.29666, 36.31231], [-99.2962, 36.3116], [-99.29515, 36.31085], [-99.29403, 36.31059], [-99.29284, 36.31071], [-99.29196, 36.3111], [-99.29123, 36.31182], [-99.29094, 36.3126], [-99.29104, 36.31342], [-99.29149, 36.31413], [-99.29238, 36.31475], [-99.29354, 36.31508], [-99.29474, 36.31505], [-99.29563, 36.31471], [-99.29639, 36.31406]]], [[[-99.29763, 36.29692], [-99.29762, 36.29987], [-99.296, 36.29993], [-99.29486, 36.3006], [-99.29429, 36.30162], [-99.29444, 36.30292], [-99.28836, 36.30297], [-99.28897, 36.30217], [-99.2891, 36.30133], [-99.28882, 36.30051], [-99.28823, 36.2999], [-99.28734, 36.29942], [-99.28625, 36.29927], [-99.28524, 36.29947], [-99.28445, 36.29991], [-99.28441, 36.2951], [-99.28514, 36.29556], [-99.28616, 36.29581], [-99.28738, 36.29575], [-99.28826, 36.29543], [-99.28903, 36.2948], [-99.28936, 36.29421], [-99.28945, 36.29338], [-99.28911, 36.29251], [-99.29194, 36.29246], [-99.29152, 36.29363], [-99.2918, 36.29468], [-99.29273, 36.29551], [-99.29427, 36.29589], [-99.29561, 36.29563], [-99.29649, 36.29505], [-99.29689, 36.29449], [-99.29708, 36.29369], [-99.29698, 36.29302], [-99.2966, 36.29238], [-99.29769, 36.29236], [-99.29763, 36.29692]]], [[[-99.28661, 36.28869], [-99.2844, 36.28869], [-99.28446, 36.27807], [-99.29766, 36.27791], [-99.29771, 36.28849], [-99.28661, 36.28869]]], [[[-99.33338, 36.25956], [-99.32032, 36.25963], [-99.32033, 36.25824], [-99.32118, 36.25781], [-99.32174, 36.25724], [-99.32224, 36.25575], [-99.32174, 36.25454], [-99.32119, 36.25408], [-99.32038, 36.25375], [-99.32046, 36.249], [-99.33007, 36.24904], [-99.33314, 36.25631], [-99.33334, 36.25723], [-99.33338, 36.25956]]], [[[-99.32028, 36.2635], [-99.33339, 36.26342], [-99.3334, 36.27403], [-99.32019, 36.27402], [-99.32028, 36.2635]]], [[[-99.30743, 36.26314], [-99.30842, 36.26313], [-99.30961, 36.26339], [-99.30925, 36.26444], [-99.30972, 36.2657], [-99.31096, 36.26657], [-99.3126, 36.2669], [-99.31385, 36.26665], [-99.31489, 36.26586], [-99.3153, 36.26471], [-99.3148, 36.26349], [-99.3155, 36.2635], [-99.31541, 36.27399], [-99.30244, 36.27399], [-99.30255, 36.26339], [-99.30584, 36.26346], [-99.30743, 36.26314]]], [[[-99.31299, 36.27783], [-99.3154, 36.27786], [-99.31539, 36.28035], [-99.31395, 36.28044], [-99.31305, 36.28076], [-99.31219, 36.28154], [-99.31188, 36.28251], [-99.31216, 36.28353], [-99.31306, 36.28459], [-99.31417, 36.28514], [-99.31537, 36.28519], [-99.31544, 36.31761], [-99.30236, 36.31741], [-99.30236, 36.31088], [-99.30324, 36.311], [-99.30422, 36.31083], [-99.30487, 36.31051], [-99.30554, 36.30986], [-99.30585, 36.30906], [-99.30576, 36.30818], [-99.30512, 36.30703], [-99.30434, 36.30635], [-99.30539, 36.30618], [-99.30628, 36.30567], [-99.30682, 36.30499], [-99.307, 36.30419], [-99.30656, 36.30304], [-99.30534, 36.30213], [-99.30381, 36.30164], [-99.30238, 36.30159], [-99.30247, 36.29211], [-99.3037, 36.29193], [-99.30456, 36.29147], [-99.30518, 36.29073], [-99.30536, 36.28991], [-99.30507, 36.28882], [-99.30454, 36.28816], [-99.30364, 36.28764], [-99.30248, 36.28746], [-99.30243, 36.27786], [-99.31299, 36.27783]], [[-99.31095, 36.28414], [-99.31092, 36.28313], [-99.31022, 36.28209], [-99.30993, 36.28036], [-99.30924, 36.27948], [-99.30839, 36.27902], [-99.30738, 36.27887], [-99.3061, 36.27908], [-99.30523, 36.27957], [-99.3046, 36.28041], [-99.30451, 36.2814], [-99.30546, 36.28304], [-99.30552, 36.28431], [-99.30615, 36.28524], [-99.30751, 36.28587], [-99.30902, 36.28581], [-99.31037, 36.28512], [-99.31095, 36.28414]], [[-99.30919, 36.30119], [-99.31031, 36.30079], [-99.31121, 36.29987], [-99.31141, 36.29903], [-99.31115, 36.29777], [-99.31081, 36.29702], [-99.31008, 36.29635], [-99.30894, 36.29595], [-99.30794, 36.29597], [-99.30684, 36.29641], [-99.3061, 36.29714], [-99.30561, 36.29856], [-99.30559, 36.29945], [-99.306, 36.30024], [-99.307, 36.30096], [-99.30818, 36.30127], [-99.30919, 36.30119]], [[-99.3131, 36.31115], [-99.31418, 36.31072], [-99.31485, 36.31006], [-99.31516, 36.3091], [-99.31499, 36.30815], [-99.31452, 36.30743], [-99.31366, 36.30685], [-99.31268, 36.30661], [-99.31154, 36.30671], [-99.31072, 36.30703], [-99.30995, 36.30768], [-99.30958, 36.30846], [-99.30962, 36.30932], [-99.31017, 36.31022], [-99.31102, 36.31085], [-99.31199, 36.31118], [-99.3131, 36.31115]]], [[[-99.3335, 36.31085], [-99.33351, 36.3176], [-99.32022, 36.31765], [-99.32014, 36.29243], [-99.33349, 36.29239], [-99.3335, 36.31085]]], [[[-99.32979, 36.2779], [-99.32949, 36.2786], [-99.3295, 36.27943], [-99.33088, 36.28164], [-99.33011, 36.28274], [-99.3302, 36.28393], [-99.33072, 36.28462], [-99.33141, 36.28512], [-99.3322, 36.28542], [-99.33307, 36.2855], [-99.33244, 36.28623], [-99.33216, 36.28711], [-99.33218, 36.28779], [-99.33252, 36.28852], [-99.32311, 36.28855], [-99.32357, 36.28802], [-99.32382, 36.2872], [-99.3237, 36.28638], [-99.32334, 36.2858], [-99.32273, 36.28529], [-99.3218, 36.28493], [-99.32015, 36.28502], [-99.32018, 36.27789], [-99.32979, 36.2779]]], [[[-99.3234, 36.4291], [-99.32191, 36.42851], [-99.32025, 36.42823], [-99.32017, 36.42242], [-99.33037, 36.42231], [-99.32992, 36.42368], [-99.33032, 36.4248], [-99.33086, 36.42532], [-99.3317, 36.42572], [-99.33335, 36.42582], [-99.33335, 36.4265], [-99.33231, 36.42703], [-99.33174, 36.42773], [-99.33152, 36.42903], [-99.33058, 36.42896], [-99.33035, 36.42808], [-99.32955, 36.42724], [-99.32868, 36.42687], [-99.32784, 36.42677], [-99.32682, 36.42695], [-99.32606, 36.42734], [-99.32539, 36.42804], [-99.32505, 36.42884], [-99.3234, 36.4291]]], [[[-99.32006, 36.41133], [-99.32105, 36.41164], [-99.32189, 36.41167], [-99.32305, 36.41134], [-99.32384, 36.4107], [-99.32475, 36.41092], [-99.32498, 36.41231], [-99.32558, 36.41298], [-99.3266, 36.41346], [-99.32662, 36.41435], [-99.32723, 36.4153], [-99.32794, 36.41577], [-99.3287, 36.416], [-99.3303, 36.41589], [-99.33132, 36.41541], [-99.33195, 36.41476], [-99.33222, 36.41396], [-99.33214, 36.41325], [-99.33142, 36.41219], [-99.33032, 36.41167], [-99.33021, 36.41073], [-99.32959, 36.4098], [-99.32879, 36.40927], [-99.32784, 36.40904], [-99.32781, 36.40782], [-99.33201, 36.4077], [-99.33095, 36.40863], [-99.33069, 36.40988], [-99.33089, 36.41051], [-99.33151, 36.41121], [-99.3324, 36.41169], [-99.33328, 36.41186], [-99.33333, 36.4184], [-99.32013, 36.41855], [-99.32006, 36.41133]]], [[[-99.32576, 36.40401], [-99.32608, 36.40267], [-99.32553, 36.4015], [-99.32473, 36.40096], [-99.324, 36.40074], [-99.32284, 36.40074], [-99.32203, 36.40098], [-99.32202, 36.40028], [-99.32162, 36.39941], [-99.3211, 36.39894], [-99.32022, 36.39855], [-99.32021, 36.3935], [-99.33335, 36.3932], [-99.33335, 36.40379], [-99.32576, 36.40401]]], [[[-99.32767, 36.38338], [-99.32704, 36.38393], [-99.32671, 36.38464], [-99.32675, 36.38539], [-99.32718, 36.38612], [-99.32658, 36.3872], [-99.32655, 36.38948], [-99.32019, 36.38963], [-99.32009, 36.38029], [-99.32126, 36.38066], [-99.32252, 36.38061], [-99.32365, 36.3801], [-99.32431, 36.37931], [-99.32436, 36.38084], [-99.32482, 36.38156], [-99.32543, 36.38203], [-99.32636, 36.38236], [-99.3272, 36.38239], [-99.3282, 36.38217], [-99.32891, 36.38173], [-99.33144, 36.38293], [-99.32875, 36.38303], [-99.32767, 36.38338]]], [[[-99.31539, 36.42242], [-99.31542, 36.42477], [-99.31396, 36.42549], [-99.31338, 36.42633], [-99.31325, 36.42704], [-99.31368, 36.42829], [-99.31448, 36.42895], [-99.31547, 36.42926], [-99.31548, 36.42961], [-99.31478, 36.42909], [-99.31368, 36.42874], [-99.31251, 36.42879], [-99.31147, 36.42921], [-99.3107, 36.42993], [-99.31037, 36.43096], [-99.31062, 36.43187], [-99.31133, 36.43264], [-99.3103, 36.43296], [-99.30213, 36.433], [-99.30215, 36.42251], [-99.31539, 36.42242]]], [[[-99.31293, 36.40443], [-99.3139, 36.40446], [-99.31535, 36.40422], [-99.31527, 36.41105], [-99.31426, 36.41061], [-99.31327, 36.41044], [-99.31158, 36.41052], [-99.31002, 36.41103], [-99.3092, 36.41155], [-99.30879, 36.41208], [-99.30862, 36.41359], [-99.30885, 36.41415], [-99.30943, 36.41478], [-99.31028, 36.41524], [-99.31146, 36.41552], [-99.31275, 36.41543], [-99.3153, 36.41455], [-99.31534, 36.41856], [-99.30234, 36.41864], [-99.30305, 36.41809], [-99.3034, 36.41752], [-99.30372, 36.41514], [-99.30331, 36.41407], [-99.30217, 36.41319], [-99.30217, 36.413], [-99.30314, 36.41206], [-99.30336, 36.41126], [-99.30309, 36.41026], [-99.30217, 36.40934], [-99.30218, 36.40471], [-99.30295, 36.40516], [-99.30403, 36.40537], [-99.30492, 36.40528], [-99.30578, 36.40494], [-99.30665, 36.40598], [-99.30727, 36.40626], [-99.30819, 36.40637], [-99.3091, 36.40619], [-99.30985, 36.40575], [-99.31084, 36.4041], [-99.31293, 36.40443]], [[-99.30447, 36.40867], [-99.30459, 36.40964], [-99.30518, 36.41043], [-99.30605, 36.41096], [-99.30692, 36.41117], [-99.30795, 36.4111], [-99.30891, 36.41079], [-99.30964, 36.41019], [-99.31003, 36.40942], [-99.31, 36.4085], [-99.3095, 36.40764], [-99.30858, 36.40698], [-99.30754, 36.40668], [-99.30653, 36.40672], [-99.30561, 36.40707], [-99.30486, 36.40777], [-99.30447, 36.40867]]], [[[-99.30651, 36.402], [-99.3057, 36.40123], [-99.3046, 36.40083], [-99.3033, 36.40088], [-99.3021, 36.40148], [-99.30222, 36.39358], [-99.31543, 36.39357], [-99.31544, 36.40019], [-99.31353, 36.40056], [-99.31102, 36.40007], [-99.30985, 36.40013], [-99.30733, 36.40114], [-99.30651, 36.402]]], [[[-99.31102, 36.38972], [-99.30227, 36.38971], [-99.30221, 36.3791], [-99.31533, 36.37911], [-99.31541, 36.3897], [-99.31102, 36.38972]]], [[[-99.29744, 36.38077], [-99.29749, 36.38975], [-99.28411, 36.38987], [-99.28409, 36.37925], [-99.29742, 36.3791], [-99.29744, 36.38077]]], [[[-99.31536, 36.37512], [-99.31536, 36.37524], [-99.31097, 36.37533], [-99.30208, 36.37523], [-99.30216, 36.36893], [-99.30471, 36.37013], [-99.3051, 36.37135], [-99.30616, 36.37224], [-99.30767, 36.37253], [-99.3091, 36.37219], [-99.31536, 36.37512]]], [[[-99.33252, 36.37868], [-99.33334, 36.37865], [-99.33333, 36.37906], [-99.33252, 36.37868]]], [[[-99.29726, 36.39913], [-99.29739, 36.40416], [-99.29432, 36.40419], [-99.29405, 36.40348], [-99.29344, 36.40284], [-99.29257, 36.40243], [-99.29167, 36.40231], [-99.29064, 36.40242], [-99.28976, 36.40282], [-99.28914, 36.40345], [-99.28885, 36.40427], [-99.28725, 36.40429], [-99.28617, 36.40406], [-99.28419, 36.40413], [-99.28409, 36.39374], [-99.29743, 36.39362], [-99.29726, 36.39913]]], [[[-99.28634, 36.40817], [-99.29745, 36.40803], [-99.29735, 36.41742], [-99.29687, 36.41751], [-99.29669, 36.41644], [-99.29596, 36.4156], [-99.29488, 36.41511], [-99.29378, 36.41502], [-99.29224, 36.41549], [-99.29133, 36.41645], [-99.29123, 36.41765], [-99.29194, 36.41874], [-99.2841, 36.41876], [-99.28419, 36.408], [-99.28634, 36.40817]]], [[[-99.2871, 36.43313], [-99.28625, 36.43216], [-99.28552, 36.43182], [-99.28453, 36.43167], [-99.28418, 36.43137], [-99.28412, 36.42262], [-99.29737, 36.42256], [-99.29735, 36.43306], [-99.2871, 36.43313]], [[-99.29474, 36.4298], [-99.29451, 36.42878], [-99.29348, 36.42786], [-99.29225, 36.42756], [-99.29058, 36.42773], [-99.28942, 36.42816], [-99.28826, 36.42917], [-99.28785, 36.42993], [-99.28784, 36.43076], [-99.28821, 36.43152], [-99.28901, 36.43226], [-99.28998, 36.43261], [-99.29108, 36.43264], [-99.29211, 36.4323], [-99.29391, 36.43129], [-99.29447, 36.43061], [-99.29474, 36.4298]]], [[[-99.26678, 36.29622], [-99.26678, 36.29254], [-99.26999, 36.29254], [-99.27095, 36.29358], [-99.26966, 36.29381], [-99.26876, 36.29441], [-99.26822, 36.29536], [-99.26824, 36.29621], [-99.26678, 36.29652], [-99.26678, 36.29622]]], [[[-99.26678, 36.30039], [-99.26756, 36.30065], [-99.26861, 36.30067], [-99.26935, 36.30046], [-99.27013, 36.29997], [-99.27114, 36.30068], [-99.27266, 36.30096], [-99.27381, 36.30069], [-99.27467, 36.30012], [-99.27521, 36.2992], [-99.2752, 36.29827], [-99.27458, 36.29728], [-99.27364, 36.29667], [-99.27383, 36.29604], [-99.27373, 36.29524], [-99.27341, 36.29469], [-99.27266, 36.29405], [-99.27416, 36.29366], [-99.27517, 36.29256], [-99.27633, 36.29256], [-99.27611, 36.29321], [-99.27618, 36.29405], [-99.27647, 36.29461], [-99.27708, 36.29519], [-99.27838, 36.29567], [-99.27964, 36.29559], [-99.27966, 36.29914], [-99.27865, 36.29897], [-99.27786, 36.29906], [-99.27706, 36.29938], [-99.27636, 36.29995], [-99.276, 36.30053], [-99.27587, 36.30122], [-99.27607, 36.30203], [-99.27653, 36.30262], [-99.27566, 36.30231], [-99.27491, 36.30226], [-99.27372, 36.30257], [-99.27295, 36.30313], [-99.26678, 36.30311], [-99.26678, 36.30039]]], [[[-99.27721, 36.30314], [-99.27716, 36.3031], [-99.27705, 36.30299], [-99.27736, 36.30314], [-99.27721, 36.30314]]], [[[-99.30347, 36.46178], [-99.30184, 36.46179], [-99.30185, 36.45998], [-99.30742, 36.45995], [-99.3074, 36.46172], [-99.30347, 36.46178]]], [[[-99.29501, 36.45687], [-99.29508, 36.46186], [-99.291, 36.46188], [-99.29201, 36.46117], [-99.29252, 36.46011], [-99.29265, 36.45862], [-99.2921, 36.4575], [-99.29501, 36.45687]]], [[[-99.28939, 36.45666], [-99.28838, 36.45698], [-99.28761, 36.45758], [-99.28724, 36.45822], [-99.28704, 36.45921], [-99.28742, 36.46094], [-99.28804, 36.46157], [-99.28873, 36.46191], [-99.28421, 36.46196], [-99.2842, 36.45379], [-99.28625, 36.45376], [-99.28625, 36.45668], [-99.28939, 36.45666]]], [[[-99.3383, 36.4579], [-99.33846, 36.45813], [-99.33793, 36.45917], [-99.33793, 36.4579], [-99.3383, 36.4579]]], [[[-99.33792, 36.46004], [-99.33844, 36.46097], [-99.33842, 36.46125], [-99.33791, 36.46125], [-99.33792, 36.46004]]], [[[-99.34621, 36.46122], [-99.34631, 36.46062], [-99.34611, 36.45973], [-99.34649, 36.45915], [-99.34678, 36.45988], [-99.34733, 36.46049], [-99.34866, 36.46121], [-99.34621, 36.46122]]], [[[-99.29742, 36.57776], [-99.29188, 36.57777], [-99.29111, 36.57693], [-99.29024, 36.57652], [-99.29062, 36.5754], [-99.29018, 36.57424], [-99.28918, 36.5735], [-99.28795, 36.57324], [-99.28694, 36.5734], [-99.28616, 36.57377], [-99.28557, 36.57428], [-99.28517, 36.57505], [-99.28531, 36.57636], [-99.28584, 36.57701], [-99.28674, 36.57752], [-99.28658, 36.57776], [-99.28379, 36.57775], [-99.28377, 36.56735], [-99.28487, 36.56816], [-99.28635, 36.56839], [-99.28759, 36.56806], [-99.28864, 36.56712], [-99.29727, 36.56711], [-99.29742, 36.57776]]], [[[-99.27904, 36.55265], [-99.27904, 36.55531], [-99.27863, 36.55592], [-99.27848, 36.55665], [-99.27858, 36.55736], [-99.27904, 36.5581], [-99.27904, 36.56328], [-99.26652, 36.56339], [-99.26651, 36.55283], [-99.27904, 36.55265]]], [[[-99.28383, 36.55412], [-99.28383, 36.55259], [-99.29706, 36.55256], [-99.29722, 36.56325], [-99.28383, 36.56325], [-99.28383, 36.5579], [-99.28422, 36.55674], [-99.28383, 36.55558], [-99.28383, 36.55412]]], [[[-99.25038, 36.53825], [-99.26169, 36.53826], [-99.26171, 36.54735], [-99.26092, 36.54803], [-99.26051, 36.54894], [-99.23049, 36.54884], [-99.2306, 36.53833], [-99.23933, 36.5383], [-99.24032, 36.53909], [-99.24158, 36.53938], [-99.24291, 36.53913], [-99.24403, 36.53828], [-99.25038, 36.53825]], [[-99.24785, 36.54329], [-99.2471, 36.54268], [-99.24616, 36.54235], [-99.24507, 36.54234], [-99.24413, 36.54264], [-99.24334, 36.54325], [-99.24292, 36.54406], [-99.24294, 36.54497], [-99.2434, 36.5458], [-99.24414, 36.54637], [-99.24503, 36.54667], [-99.24607, 36.54669], [-99.24705, 36.54638], [-99.24787, 36.54572], [-99.24827, 36.54494], [-99.24825, 36.54409], [-99.24785, 36.54329]]], [[[-99.2791, 36.53818], [-99.27905, 36.54878], [-99.26651, 36.54896], [-99.26648, 36.53825], [-99.2791, 36.53818]]], [[[-99.29709, 36.53957], [-99.29707, 36.54869], [-99.29069, 36.54871], [-99.2897, 36.54778], [-99.2883, 36.54741], [-99.28673, 36.54775], [-99.28569, 36.54872], [-99.28384, 36.54872], [-99.28386, 36.54564], [-99.28428, 36.54507], [-99.2845, 36.54419], [-99.28432, 36.54336], [-99.28387, 36.54273], [-99.28389, 36.53816], [-99.29709, 36.53809], [-99.29709, 36.53957]]], [[[-99.28394, 36.53122], [-99.28436, 36.5306], [-99.28455, 36.52973], [-99.28445, 36.5291], [-99.28396, 36.52835], [-99.284, 36.52373], [-99.29687, 36.52366], [-99.29701, 36.53423], [-99.28391, 36.53429], [-99.28394, 36.53122]]], [[[-99.34406, 36.55672], [-99.34497, 36.55654], [-99.34569, 36.55616], [-99.34834, 36.55391], [-99.34885, 36.5531], [-99.34895, 36.55202], [-99.35177, 36.55198], [-99.3518, 36.56271], [-99.34596, 36.56274], [-99.34516, 36.56229], [-99.34401, 36.5621], [-99.34305, 36.56224], [-99.34207, 36.56277], [-99.34109, 36.56278], [-99.34113, 36.56166], [-99.34052, 36.56073], [-99.33931, 36.56001], [-99.33803, 36.55984], [-99.33797, 36.55347], [-99.33998, 36.5532], [-99.34214, 36.55202], [-99.34389, 36.55203], [-99.34192, 36.55378], [-99.34157, 36.55487], [-99.34179, 36.5556], [-99.34234, 36.55621], [-99.34314, 36.5566], [-99.34406, 36.55672]]], [[[-99.35193, 36.58342], [-99.35233, 36.58467], [-99.35169, 36.58769], [-99.35171, 36.59271], [-99.3494, 36.59272], [-99.34836, 36.59233], [-99.3473, 36.59225], [-99.34711, 36.59128], [-99.34655, 36.59059], [-99.34557, 36.59], [-99.34449, 36.5898], [-99.34333, 36.58997], [-99.34223, 36.59061], [-99.34174, 36.59135], [-99.34145, 36.59279], [-99.33843, 36.59281], [-99.33915, 36.59071], [-99.33897, 36.58966], [-99.33841, 36.58899], [-99.33774, 36.58857], [-99.33594, 36.58831], [-99.33472, 36.58853], [-99.33369, 36.58922], [-99.33312, 36.59031], [-99.3322, 36.59117], [-99.33158, 36.59286], [-99.32035, 36.59289], [-99.3206, 36.58166], [-99.34002, 36.58123], [-99.35177, 36.58114], [-99.35193, 36.58342]]], [[[-99.31004, 36.57583], [-99.30904, 36.57661], [-99.30876, 36.57782], [-99.30221, 36.57777], [-99.30206, 36.56713], [-99.30329, 36.56859], [-99.30399, 36.56894], [-99.30495, 36.56911], [-99.30593, 36.56897], [-99.30677, 36.56855], [-99.30734, 36.56799], [-99.30771, 36.56716], [-99.31578, 36.56721], [-99.31584, 36.57783], [-99.31377, 36.57783], [-99.31331, 36.57667], [-99.31209, 36.57578], [-99.31117, 36.57562], [-99.31004, 36.57583]]], [[[-99.3229, 36.56708], [-99.33331, 36.56675], [-99.33348, 36.57756], [-99.32064, 36.57779], [-99.32057, 36.56715], [-99.3229, 36.56708]], [[-99.33223, 36.56895], [-99.33151, 36.56824], [-99.3306, 36.56785], [-99.32955, 36.56777], [-99.32858, 36.568], [-99.32773, 36.56857], [-99.32724, 36.56933], [-99.32713, 36.57023], [-99.3274, 36.57099], [-99.3282, 36.57175], [-99.32915, 36.57211], [-99.33017, 36.57216], [-99.33113, 36.5719], [-99.33197, 36.5713], [-99.33242, 36.57059], [-99.33252, 36.56972], [-99.33223, 36.56895]]], [[[-99.34568, 36.57733], [-99.33827, 36.57742], [-99.3381, 36.56666], [-99.35181, 36.56657], [-99.35175, 36.57728], [-99.34568, 36.57733]]], [[[-99.3206, 36.5582], [-99.32055, 36.55244], [-99.33315, 36.55211], [-99.33327, 36.56288], [-99.32058, 36.56328], [-99.3206, 36.5582]]], [[[-99.30186, 36.55486], [-99.30186, 36.55255], [-99.30746, 36.55253], [-99.30776, 36.55338], [-99.3084, 36.55403], [-99.30923, 36.55445], [-99.31034, 36.55465], [-99.31141, 36.55451], [-99.31235, 36.55403], [-99.31299, 36.55329], [-99.31318, 36.55252], [-99.31576, 36.55251], [-99.31579, 36.56334], [-99.30546, 36.56328], [-99.30515, 36.56213], [-99.3043, 36.5613], [-99.30319, 36.5609], [-99.30197, 36.56095], [-99.30195, 36.56015], [-99.30277, 36.55986], [-99.3034, 36.55938], [-99.30388, 36.55866], [-99.30401, 36.55797], [-99.30386, 36.55726], [-99.3034, 36.55657], [-99.30274, 36.55608], [-99.30188, 36.55577], [-99.30186, 36.55486]]], [[[-99.21258, 36.51995], [-99.21257, 36.51403], [-99.21331, 36.51322], [-99.21364, 36.51207], [-99.21333, 36.51109], [-99.21258, 36.51039], [-99.21259, 36.50929], [-99.22569, 36.50929], [-99.22574, 36.51989], [-99.21258, 36.51995]]], [[[-99.25309, 36.50495], [-99.25293, 36.50542], [-99.21261, 36.50542], [-99.2127, 36.49567], [-99.21373, 36.49549], [-99.21464, 36.49498], [-99.21521, 36.49429], [-99.21542, 36.49338], [-99.21517, 36.49251], [-99.21453, 36.49183], [-99.21356, 36.49139], [-99.21271, 36.49129], [-99.21271, 36.48704], [-99.21353, 36.48625], [-99.21383, 36.48515], [-99.21354, 36.48409], [-99.2127, 36.48328], [-99.2127, 36.48041], [-99.22279, 36.48035], [-99.22419, 36.48104], [-99.225, 36.4811], [-99.2259, 36.48092], [-99.22597, 36.4932], [-99.22647, 36.49405], [-99.22741, 36.49461], [-99.22833, 36.49476], [-99.22945, 36.49453], [-99.23032, 36.49389], [-99.2307, 36.49301], [-99.23076, 36.47251], [-99.23188, 36.47167], [-99.23224, 36.47048], [-99.23185, 36.46931], [-99.2308, 36.46854], [-99.23085, 36.45441], [-99.23204, 36.45424], [-99.2328, 36.45382], [-99.23338, 36.45311], [-99.23356, 36.45238], [-99.23473, 36.45283], [-99.23606, 36.45282], [-99.23733, 36.4523], [-99.23804, 36.45147], [-99.25942, 36.45149], [-99.25988, 36.45236], [-99.26089, 36.45303], [-99.26251, 36.45319], [-99.26342, 36.45292], [-99.26409, 36.4525], [-99.26516, 36.45356], [-99.26654, 36.45393], [-99.26744, 36.45385], [-99.2684, 36.45345], [-99.26938, 36.45241], [-99.26964, 36.45148], [-99.27005, 36.45148], [-99.26977, 36.45304], [-99.27034, 36.45417], [-99.27151, 36.45491], [-99.27331, 36.45502], [-99.2747, 36.4546], [-99.27561, 36.45375], [-99.27586, 36.45276], [-99.27543, 36.45147], [-99.2788, 36.45151], [-99.27934, 36.45191], [-99.27942, 36.45355], [-99.27924, 36.50533], [-99.26644, 36.50543], [-99.26652, 36.49279], [-99.26626, 36.49206], [-99.26567, 36.49148], [-99.26507, 36.49118], [-99.26416, 36.49102], [-99.26282, 36.49134], [-99.2623, 36.49172], [-99.26185, 36.49238], [-99.26165, 36.50026], [-99.26029, 36.50098], [-99.25961, 36.50214], [-99.25986, 36.50343], [-99.26058, 36.50418], [-99.26165, 36.50465], [-99.26164, 36.50544], [-99.25766, 36.50543], [-99.257, 36.50436], [-99.25644, 36.50401], [-99.25555, 36.50379], [-99.25419, 36.50399], [-99.25362, 36.50432], [-99.25309, 36.50495]], [[-99.25315, 36.46134], [-99.25218, 36.46167], [-99.25151, 36.46221], [-99.24627, 36.46214], [-99.24514, 36.46235], [-99.2444, 36.46282], [-99.24395, 36.46348], [-99.24384, 36.46423], [-99.24409, 36.46496], [-99.24485, 36.46566], [-99.24617, 36.46601], [-99.25801, 36.46617], [-99.25892, 36.46599], [-99.25983, 36.4654], [-99.26023, 36.46472], [-99.26028, 36.46397], [-99.25998, 36.46326], [-99.25935, 36.4627], [-99.25828, 36.46233], [-99.25593, 36.46221], [-99.25469, 36.46144], [-99.25315, 36.46134]], [[-99.25231, 36.47857], [-99.25338, 36.47859], [-99.25453, 36.47827], [-99.25526, 36.47773], [-99.2557, 36.477], [-99.25576, 36.4761], [-99.25538, 36.47525], [-99.25439, 36.47445], [-99.25348, 36.47413], [-99.25237, 36.47414], [-99.25137, 36.47444], [-99.25061, 36.47498], [-99.2501, 36.4758], [-99.25005, 36.47666], [-99.25053, 36.47768], [-99.25127, 36.47825], [-99.25231, 36.47857]], [[-99.27299, 36.4969], [-99.27389, 36.49658], [-99.27474, 36.49587], [-99.27514, 36.49498], [-99.27511, 36.49421], [-99.27462, 36.4933], [-99.27375, 36.49264], [-99.27279, 36.49235], [-99.27162, 36.49239], [-99.2705, 36.49286], [-99.2698, 36.49356], [-99.2695, 36.49437], [-99.2696, 36.49536], [-99.2702, 36.49623], [-99.27099, 36.49673], [-99.27205, 36.49697], [-99.27299, 36.4969]], [[-99.24892, 36.49727], [-99.2499, 36.49791], [-99.25102, 36.49815], [-99.25248, 36.49794], [-99.25343, 36.49744], [-99.25411, 36.49677], [-99.25451, 36.49573], [-99.25446, 36.4947], [-99.25386, 36.49378], [-99.25295, 36.49323], [-99.25166, 36.49304], [-99.25089, 36.49318], [-99.24917, 36.49393], [-99.24841, 36.49473], [-99.24817, 36.49557], [-99.24834, 36.49636], [-99.24892, 36.49727]], [[-99.24604, 36.47359], [-99.24706, 36.47318], [-99.24774, 36.47258], [-99.24809, 36.47181], [-99.24805, 36.47099], [-99.24748, 36.47009], [-99.24671, 36.46951], [-99.24571, 36.46923], [-99.24467, 36.46929], [-99.24373, 36.46968], [-99.24298, 36.47036], [-99.24267, 36.47112], [-99.24274, 36.47193], [-99.24332, 36.47281], [-99.24407, 36.47336], [-99.24503, 36.47363], [-99.24604, 36.47359]], [[-99.21676, 36.49058], [-99.21772, 36.49036], [-99.21867, 36.48971], [-99.21913, 36.48887], [-99.21917, 36.48811], [-99.2188, 36.48716], [-99.21813, 36.48653], [-99.21721, 36.48615], [-99.21618, 36.48608], [-99.21518, 36.48633], [-99.21438, 36.48688], [-99.21391, 36.48766], [-99.21384, 36.4887], [-99.21418, 36.48949], [-99.21481, 36.4901], [-99.2157, 36.49049], [-99.21676, 36.49058]], [[-99.23096, 36.49509], [-99.23158, 36.49572], [-99.23242, 36.49611], [-99.23359, 36.49622], [-99.23449, 36.49602], [-99.23554, 36.49711], [-99.23704, 36.49749], [-99.23805, 36.49736], [-99.23893, 36.49692], [-99.23954, 36.49624], [-99.23979, 36.4954], [-99.23957, 36.49438], [-99.23898, 36.49358], [-99.23842, 36.49317], [-99.23723, 36.49282], [-99.23575, 36.49304], [-99.2347, 36.49213], [-99.23336, 36.49183], [-99.23207, 36.49208], [-99.231, 36.49291], [-99.23063, 36.49405], [-99.23096, 36.49509]], [[-99.22132, 36.50183], [-99.22203, 36.50129], [-99.2225, 36.5004], [-99.22249, 36.49956], [-99.22208, 36.49879], [-99.22132, 36.49821], [-99.22025, 36.49787], [-99.21927, 36.49787], [-99.21822, 36.49821], [-99.21744, 36.49885], [-99.21707, 36.49961], [-99.21707, 36.50039], [-99.21749, 36.50121], [-99.2182, 36.50181], [-99.21915, 36.50213], [-99.22019, 36.50217], [-99.22132, 36.50183]]], [[[-99.22592, 36.47647], [-99.21273, 36.47654], [-99.21276, 36.47312], [-99.21393, 36.473], [-99.21479, 36.47261], [-99.21553, 36.47179], [-99.21573, 36.47098], [-99.21549, 36.47008], [-99.21491, 36.46941], [-99.21404, 36.46895], [-99.21281, 36.46877], [-99.21285, 36.46602], [-99.22604, 36.46596], [-99.22592, 36.47647]]], [[[-99.2199, 36.4529], [-99.2205, 36.45232], [-99.22077, 36.45149], [-99.22606, 36.45148], [-99.22606, 36.46209], [-99.22486, 36.4621], [-99.22359, 36.4612], [-99.22236, 36.46097], [-99.22093, 36.46131], [-99.22002, 36.46212], [-99.21285, 36.46215], [-99.21281, 36.45877], [-99.21416, 36.45914], [-99.21565, 36.45892], [-99.21673, 36.45806], [-99.21709, 36.45698], [-99.21682, 36.456], [-99.2158, 36.45512], [-99.21411, 36.45477], [-99.21278, 36.45514], [-99.21274, 36.4515], [-99.216, 36.45149], [-99.21653, 36.45263], [-99.21706, 36.45301], [-99.21792, 36.4533], [-99.21885, 36.4533], [-99.2199, 36.4529]]], [[[-99.19971, 36.45153], [-99.20795, 36.45151], [-99.20806, 36.46215], [-99.19482, 36.46211], [-99.19488, 36.45392], [-99.19509, 36.4528], [-99.19569, 36.4521], [-99.19679, 36.4516], [-99.19971, 36.45153]]], [[[-99.21815, 36.43702], [-99.21815, 36.43789], [-99.21635, 36.43796], [-99.21496, 36.43739], [-99.21279, 36.43747], [-99.21255, 36.43703], [-99.21815, 36.43702]]], [[[-99.21047, 36.44427], [-99.21162, 36.44414], [-99.21279, 36.44371], [-99.21375, 36.44303], [-99.21452, 36.44194], [-99.22603, 36.44149], [-99.22605, 36.44762], [-99.20835, 36.44764], [-99.20838, 36.44627], [-99.20993, 36.44522], [-99.21047, 36.44427]]], [[[-99.20247, 36.43193], [-99.20229, 36.43217], [-99.20148, 36.43197], [-99.1999, 36.43109], [-99.19822, 36.43084], [-99.19674, 36.431], [-99.19515, 36.43174], [-99.19501, 36.42258], [-99.20805, 36.42259], [-99.20805, 36.42351], [-99.20723, 36.42399], [-99.20676, 36.42464], [-99.20676, 36.4259], [-99.20471, 36.42605], [-99.20394, 36.42648], [-99.20352, 36.42694], [-99.20326, 36.42766], [-99.20331, 36.42823], [-99.20413, 36.42933], [-99.20337, 36.42966], [-99.20277, 36.43023], [-99.20249, 36.43095], [-99.20247, 36.43193]]], [[[-99.20808, 36.41872], [-99.195, 36.41871], [-99.19512, 36.40826], [-99.20812, 36.40819], [-99.20808, 36.41872]]], [[[-99.21999, 36.40818], [-99.22607, 36.40818], [-99.22604, 36.41176], [-99.22512, 36.41176], [-99.22512, 36.41282], [-99.22546, 36.41282], [-99.22545, 36.41348], [-99.22602, 36.41348], [-99.22597, 36.41865], [-99.21287, 36.4187], [-99.21291, 36.40819], [-99.21999, 36.40818]], [[-99.21868, 36.40917], [-99.21748, 36.40923], [-99.21658, 36.4096], [-99.21586, 36.41029], [-99.21535, 36.41133], [-99.21533, 36.41216], [-99.21572, 36.41297], [-99.21643, 36.41357], [-99.21747, 36.41394], [-99.21868, 36.41394], [-99.21995, 36.41352], [-99.22081, 36.41283], [-99.22125, 36.41201], [-99.22123, 36.411], [-99.22076, 36.41019], [-99.2199, 36.40955], [-99.21868, 36.40917]]], [[[-99.21491, 36.42773], [-99.21286, 36.42711], [-99.21284, 36.42257], [-99.22596, 36.42252], [-99.22604, 36.43283], [-99.22422, 36.43257], [-99.2223, 36.43268], [-99.22084, 36.43315], [-99.21525, 36.43316], [-99.21501, 36.43276], [-99.21585, 36.43223], [-99.21635, 36.43139], [-99.21639, 36.42934], [-99.21585, 36.4283], [-99.21491, 36.42773]]], [[[-99.26178, 36.44547], [-99.26052, 36.44476], [-99.25993, 36.44403], [-99.25931, 36.44364], [-99.2574, 36.44285], [-99.25621, 36.44267], [-99.25475, 36.44214], [-99.25486, 36.4414], [-99.25454, 36.44044], [-99.26178, 36.44017], [-99.26178, 36.44547]]], [[[-99.24917, 36.4407], [-99.24881, 36.44184], [-99.24919, 36.44293], [-99.25012, 36.44368], [-99.25149, 36.444], [-99.25148, 36.44498], [-99.25195, 36.44582], [-99.25272, 36.44639], [-99.25349, 36.44665], [-99.25443, 36.44761], [-99.23084, 36.44761], [-99.23082, 36.44131], [-99.24917, 36.4407]]], [[[-99.23365, 36.43712], [-99.23501, 36.43722], [-99.23081, 36.43739], [-99.23081, 36.43703], [-99.23365, 36.43712]]], [[[-99.26828, 36.34395], [-99.2678, 36.3452], [-99.26822, 36.34642], [-99.26657, 36.34643], [-99.2666, 36.34308], [-99.26828, 36.34395]]], [[[-99.24862, 36.35694], [-99.24996, 36.35678], [-99.25114, 36.35603], [-99.25158, 36.3553], [-99.25166, 36.35469], [-99.25143, 36.35388], [-99.25101, 36.35335], [-99.25184, 36.35296], [-99.25257, 36.35221], [-99.25349, 36.3519], [-99.25428, 36.35131], [-99.25507, 36.35135], [-99.25604, 36.35111], [-99.25713, 36.3503], [-99.25821, 36.3503], [-99.25816, 36.35165], [-99.2589, 36.35271], [-99.26031, 36.35344], [-99.26178, 36.35342], [-99.26179, 36.35568], [-99.26103, 36.35512], [-99.25986, 36.35481], [-99.25864, 36.35498], [-99.25775, 36.35548], [-99.25686, 36.35661], [-99.25677, 36.35793], [-99.25753, 36.359], [-99.25903, 36.3596], [-99.25797, 36.36058], [-99.25756, 36.36143], [-99.25493, 36.36138], [-99.25353, 36.36185], [-99.25273, 36.36272], [-99.25256, 36.36376], [-99.25287, 36.36458], [-99.25376, 36.36537], [-99.25465, 36.36569], [-99.25649, 36.36594], [-99.25726, 36.36586], [-99.25819, 36.36548], [-99.25916, 36.36469], [-99.25954, 36.36399], [-99.26068, 36.36403], [-99.26179, 36.36366], [-99.26171, 36.36798], [-99.24876, 36.36802], [-99.2487, 36.36528], [-99.24947, 36.36453], [-99.24977, 36.36353], [-99.24942, 36.36249], [-99.24866, 36.36177], [-99.24862, 36.35694]]], [[[-99.26179, 36.35892], [-99.26171, 36.3589], [-99.26179, 36.35882], [-99.26179, 36.35892]]], [[[-99.24032, 36.36468], [-99.23981, 36.36496], [-99.23808, 36.36484], [-99.23694, 36.36527], [-99.23606, 36.36632], [-99.23605, 36.36761], [-99.23653, 36.36835], [-99.23738, 36.36891], [-99.23973, 36.36932], [-99.24122, 36.3693], [-99.24194, 36.36913], [-99.24397, 36.36782], [-99.24391, 36.37542], [-99.23505, 36.37538], [-99.23537, 36.37411], [-99.23518, 36.37351], [-99.23461, 36.37283], [-99.23322, 36.3722], [-99.23216, 36.3722], [-99.23138, 36.37241], [-99.23121, 36.36771], [-99.23183, 36.36708], [-99.23217, 36.36627], [-99.23224, 36.36544], [-99.23198, 36.36474], [-99.24032, 36.36468]]], [[[-99.24394, 36.35029], [-99.24389, 36.36079], [-99.23096, 36.36087], [-99.23096, 36.35031], [-99.24394, 36.35029]]], [[[-99.27912, 36.53432], [-99.26649, 36.53438], [-99.2665, 36.52376], [-99.27921, 36.52375], [-99.27912, 36.53432]]], [[[-99.25037, 36.52378], [-99.26171, 36.52376], [-99.26169, 36.53439], [-99.23061, 36.53446], [-99.23056, 36.52548], [-99.23149, 36.52461], [-99.23179, 36.52375], [-99.25037, 36.52378]], [[-99.25747, 36.52788], [-99.25759, 36.52698], [-99.2573, 36.5262], [-99.25659, 36.52551], [-99.25567, 36.52512], [-99.25464, 36.52504], [-99.25356, 36.52528], [-99.25253, 36.52598], [-99.25207, 36.52675], [-99.25203, 36.52765], [-99.25239, 36.52843], [-99.25317, 36.52907], [-99.25389, 36.52936], [-99.25496, 36.52944], [-99.25609, 36.52917], [-99.25687, 36.5287], [-99.25747, 36.52788]], [[-99.24788, 36.53127], [-99.24875, 36.53187], [-99.2497, 36.53211], [-99.25071, 36.53205], [-99.25161, 36.53169], [-99.25227, 36.53109], [-99.25263, 36.53029], [-99.25259, 36.52945], [-99.25207, 36.52859], [-99.25118, 36.52797], [-99.25022, 36.52772], [-99.24921, 36.52779], [-99.24826, 36.52818], [-99.24758, 36.52883], [-99.24727, 36.52964], [-99.24735, 36.53042], [-99.24788, 36.53127]]], [[[-99.23069, 36.51559], [-99.23048, 36.50928], [-99.26165, 36.50931], [-99.26168, 36.5199], [-99.23053, 36.51988], [-99.23053, 36.51592], [-99.23069, 36.51559]]], [[[-99.26648, 36.51989], [-99.26644, 36.50929], [-99.27923, 36.5092], [-99.27922, 36.51988], [-99.26648, 36.51989]]], [[[-99.1991, 36.44265], [-99.19986, 36.44254], [-99.20004, 36.44277], [-99.19967, 36.44268], [-99.1991, 36.44265]]], [[[-99.20738, 36.43011], [-99.20688, 36.43011], [-99.20652, 36.42976], [-99.2075, 36.42976], [-99.20738, 36.43011]]], [[[-99.20159, 36.4447], [-99.2023, 36.44551], [-99.20213, 36.44635], [-99.20158, 36.44705], [-99.20159, 36.4447]]], [[[-99.70766, 36.35697], [-99.70835, 36.3565], [-99.70917, 36.35636], [-99.71077, 36.35692], [-99.71201, 36.35702], [-99.71318, 36.35674], [-99.71396, 36.35627], [-99.71392, 36.36053], [-99.71248, 36.36012], [-99.71156, 36.35965], [-99.70865, 36.35782], [-99.70766, 36.35697]]], [[[-99.66728, 36.38278], [-99.66558, 36.38281], [-99.6658, 36.3818], [-99.66552, 36.38092], [-99.66417, 36.3794], [-99.66333, 36.37873], [-99.66202, 36.37676], [-99.66359, 36.3753], [-99.66438, 36.37422], [-99.66556, 36.37349], [-99.66561, 36.37474], [-99.66633, 36.37678], [-99.66705, 36.37798], [-99.66782, 36.37895], [-99.67033, 36.38104], [-99.66728, 36.38278]]], [[[-99.69695, 36.34832], [-99.69646, 36.34826], [-99.70225, 36.34567], [-99.70299, 36.3476], [-99.70279, 36.34885], [-99.70052, 36.34878], [-99.69935, 36.34849], [-99.69695, 36.34832]]], [[[-99.40399, 36.44914], [-99.40391, 36.4491], [-99.40627, 36.44958], [-99.40596, 36.44967], [-99.40438, 36.44936], [-99.40399, 36.44914]]], [[[-99.63073, 36.59705], [-99.63269, 36.59855], [-99.63122, 36.59872], [-99.62982, 36.59954], [-99.62975, 36.59775], [-99.63073, 36.59705]]], [[[-99.63498, 36.60258], [-99.63549, 36.60245], [-99.63516, 36.60263], [-99.63498, 36.60258]]], [[[-99.46786, 36.49285], [-99.46728, 36.49269], [-99.46758, 36.4913], [-99.46804, 36.49286], [-99.46786, 36.49285]]], [[[-99.46863, 36.51453], [-99.47036, 36.51476], [-99.46985, 36.51568], [-99.46875, 36.51481], [-99.46779, 36.51446], [-99.468, 36.51418], [-99.46863, 36.51453]]], [[[-99.46061, 36.52201], [-99.46061, 36.52101], [-99.46176, 36.52059], [-99.46263, 36.51973], [-99.46296, 36.51891], [-99.46296, 36.51803], [-99.46502, 36.51853], [-99.46502, 36.52025], [-99.46462, 36.52175], [-99.46463, 36.52283], [-99.46269, 36.52289], [-99.46133, 36.52251], [-99.46061, 36.52201]]], [[[-99.4245, 36.4516], [-99.42424, 36.45153], [-99.42372, 36.45147], [-99.42423, 36.45113], [-99.4245, 36.4516]]], [[[-99.21881, 36.37773], [-99.21928, 36.37811], [-99.22009, 36.37848], [-99.21841, 36.3785], [-99.21881, 36.37773]]], [[[-99.45579, 36.42707], [-99.4556, 36.42727], [-99.45557, 36.42731], [-99.45543, 36.42714], [-99.45579, 36.42707]]], [[[-99.3477, 36.41409], [-99.34781, 36.414], [-99.34795, 36.41416], [-99.34794, 36.41416], [-99.3477, 36.41409]]]]}, "properties": {"tech": "wind", "area_km2": 1006.65}}, {"type": "Feature", "geometry": {"type": "MultiPolygon", "coordinates": [[[[-99.19221, 36.43543], [-99.19246, 36.43543], [-99.19225, 36.44056], [-99.19207, 36.43777], [-99.19221, 36.43543]]], [[[-99.19242, 36.43183], [-99.19247, 36.43489], [-99.19224, 36.43489], [-99.19242, 36.43183]]], [[[-99.19306, 36.4209], [-99.21012, 36.42092], [-99.21011, 36.42495], [-99.20894, 36.42501], [-99.20869, 36.42526], [-99.20882, 36.42549], [-99.20919, 36.42554], [-99.20922, 36.42716], [-99.20949, 36.4274], [-99.20987, 36.42721], [-99.20986, 36.4255], [-99.21011, 36.42549], [-99.21014, 36.42755], [-99.20561, 36.42756], [-99.20531, 36.42781], [-99.20562, 36.4281], [-99.21014, 36.42809], [-99.21016, 36.42941], [-99.20974, 36.42943], [-99.20956, 36.42964], [-99.20955, 36.43178], [-99.20603, 36.43179], [-99.2058, 36.43197], [-99.20587, 36.43222], [-99.20705, 36.43231], [-99.20706, 36.43289], [-99.20519, 36.4329], [-99.2052, 36.43111], [-99.205, 36.43091], [-99.20466, 36.43095], [-99.20449, 36.43485], [-99.20403, 36.43485], [-99.20401, 36.43418], [-99.20368, 36.43399], [-99.20337, 36.43418], [-99.20336, 36.43485], [-99.19945, 36.43486], [-99.19897, 36.43476], [-99.19888, 36.43409], [-99.19828, 36.4338], [-99.19748, 36.43405], [-99.19739, 36.43487], [-99.19314, 36.43489], [-99.19306, 36.4209]]], [[[-99.19336, 36.41568], [-99.195, 36.4066], [-99.2102, 36.40653], [-99.21012, 36.42038], [-99.19309, 36.42036], [-99.19336, 36.41568]]], [[[-99.19732, 36.3938], [-99.19784, 36.39211], [-99.21015, 36.3921], [-99.21019, 36.39953], [-99.20978, 36.39978], [-99.20969, 36.40028], [-99.20943, 36.40049], [-99.20941, 36.40153], [-99.20889, 36.40312], [-99.20932, 36.40367], [-99.20993, 36.40358], [-99.2102, 36.40198], [-99.2102, 36.40599], [-99.1951, 36.40606], [-99.19732, 36.3938]]], [[[-99.19991, 36.38536], [-99.20038, 36.38533], [-99.20072, 36.38493], [-99.20054, 36.3842], [-99.20032, 36.38402], [-99.20391, 36.37233], [-99.21013, 36.35818], [-99.21181, 36.36002], [-99.21194, 36.36055], [-99.21181, 36.36123], [-99.21012, 36.36466], [-99.2099, 36.36742], [-99.20938, 36.36874], [-99.20902, 36.36932], [-99.2075, 36.3708], [-99.20698, 36.37281], [-99.20748, 36.37342], [-99.20916, 36.37393], [-99.20996, 36.37455], [-99.21007, 36.37479], [-99.20981, 36.37527], [-99.2101, 36.37592], [-99.21215, 36.37657], [-99.21443, 36.37795], [-99.21569, 36.37805], [-99.21641, 36.37761], [-99.21691, 36.37455], [-99.21753, 36.37392], [-99.21863, 36.37382], [-99.22004, 36.37445], [-99.22034, 36.37616], [-99.22067, 36.37665], [-99.22157, 36.37682], [-99.22278, 36.3767], [-99.22374, 36.37782], [-99.22327, 36.37896], [-99.22336, 36.37949], [-99.22253, 36.38011], [-99.2215, 36.38035], [-99.21653, 36.38049], [-99.21472, 36.38116], [-99.21331, 36.38193], [-99.21202, 36.38322], [-99.21189, 36.38528], [-99.21226, 36.38612], [-99.21286, 36.38664], [-99.21364, 36.38699], [-99.21508, 36.38727], [-99.21788, 36.3873], [-99.2195, 36.38712], [-99.22114, 36.38641], [-99.22229, 36.38665], [-99.22323, 36.38717], [-99.22442, 36.38748], [-99.22457, 36.38787], [-99.22512, 36.38829], [-99.22666, 36.38915], [-99.22768, 36.38946], [-99.22803, 36.38998], [-99.22847, 36.39024], [-99.22814, 36.40596], [-99.22035, 36.40598], [-99.22002, 36.40574], [-99.21968, 36.40598], [-99.21087, 36.40599], [-99.21075, 36.39185], [-99.21013, 36.39155], [-99.198, 36.39157], [-99.19991, 36.38536]], [[-99.20311, 36.37927], [-99.20536, 36.38074], [-99.2071, 36.38107], [-99.20753, 36.38091], [-99.20729, 36.38039], [-99.20564, 36.37996], [-99.2052, 36.37945], [-99.2035, 36.37845], [-99.20313, 36.37801], [-99.20268, 36.37793], [-99.20244, 36.37828], [-99.20311, 36.37927]], [[-99.20472, 36.38453], [-99.20422, 36.38399], [-99.20401, 36.3832], [-99.20427, 36.38284], [-99.20567, 36.38214], [-99.20567, 36.38173], [-99.20537, 36.38156], [-99.20357, 36.38238], [-99.20315, 36.38299], [-99.20313, 36.38366], [-99.20384, 36.38484], [-99.20422, 36.38512], [-99.2047, 36.38518], [-99.20493, 36.38486], [-99.20472, 36.38453]], [[-99.20344, 36.38598], [-99.2032, 36.38548], [-99.20243, 36.38569], [-99.2027, 36.38615], [-99.20322, 36.38615], [-99.20344, 36.38598]], [[-99.21932, 36.39448], [-99.2194, 36.39487], [-99.21977, 36.39503], [-99.22026, 36.39505], [-99.22057, 36.39476], [-99.22044, 36.39442], [-99.21989, 36.39422], [-99.21932, 36.39448]], [[-99.21339, 36.39813], [-99.21371, 36.39804], [-99.21383, 36.39779], [-99.21375, 36.39742], [-99.21341, 36.39726], [-99.21304, 36.39734], [-99.21282, 36.39768], [-99.21296, 36.398], [-99.21339, 36.39813]], [[-99.21508, 36.39987], [-99.21513, 36.40054], [-99.21572, 36.40067], [-99.21611, 36.40052], [-99.21604, 36.39983], [-99.21508, 36.39987]]], [[[-99.21307, 36.35149], [-99.21478, 36.34855], [-99.22823, 36.34865], [-99.22839, 36.3654], [-99.22737, 36.36554], [-99.22705, 36.36587], [-99.22735, 36.36621], [-99.22846, 36.36629], [-99.22878, 36.37728], [-99.2285, 36.38925], [-99.22821, 36.38895], [-99.22563, 36.38772], [-99.22485, 36.3868], [-99.22379, 36.38659], [-99.22279, 36.38601], [-99.22105, 36.38573], [-99.21954, 36.38635], [-99.21809, 36.38658], [-99.21548, 36.38661], [-99.21378, 36.38632], [-99.21286, 36.38548], [-99.21266, 36.3848], [-99.21299, 36.3832], [-99.21327, 36.38288], [-99.21656, 36.38123], [-99.21964, 36.38116], [-99.22045, 36.381], [-99.22166, 36.38114], [-99.22347, 36.38053], [-99.22404, 36.3801], [-99.22421, 36.37898], [-99.2246, 36.37815], [-99.22446, 36.37745], [-99.22339, 36.37619], [-99.2226, 36.37601], [-99.22124, 36.37605], [-99.22113, 36.37525], [-99.22136, 36.37477], [-99.22117, 36.37436], [-99.22048, 36.37374], [-99.21921, 36.37309], [-99.21764, 36.37302], [-99.21654, 36.37358], [-99.21595, 36.37443], [-99.2157, 36.37696], [-99.21549, 36.37728], [-99.21472, 36.3773], [-99.21412, 36.37675], [-99.21357, 36.37665], [-99.21259, 36.37602], [-99.21087, 36.37549], [-99.21076, 36.3753], [-99.21105, 36.37474], [-99.21082, 36.37412], [-99.20804, 36.37245], [-99.20826, 36.37148], [-99.20996, 36.36984], [-99.21055, 36.3689], [-99.21088, 36.36799], [-99.2112, 36.3649], [-99.21206, 36.36317], [-99.21293, 36.36215], [-99.21287, 36.36029], [-99.21238, 36.35902], [-99.21167, 36.35795], [-99.21059, 36.35712], [-99.21307, 36.35149]]], [[[-99.22318, 36.3341], [-99.22822, 36.33415], [-99.22822, 36.3481], [-99.21509, 36.34801], [-99.22318, 36.3341]]], [[[-99.2247, 36.33147], [-99.22825, 36.32666], [-99.22822, 36.3336], [-99.22349, 36.33356], [-99.2247, 36.33147]]], [[[-99.23338, 36.31969], [-99.23842, 36.31969], [-99.23904, 36.31945], [-99.24615, 36.32511], [-99.24605, 36.33362], [-99.22889, 36.33361], [-99.22892, 36.32575], [-99.23338, 36.31969]]], [[[-99.2356, 36.31668], [-99.23856, 36.31907], [-99.235, 36.31914], [-99.23515, 36.31869], [-99.2347, 36.31847], [-99.23427, 36.31873], [-99.23437, 36.31914], [-99.23378, 36.31914], [-99.2356, 36.31668]]], [[[-99.2387, 36.31247], [-99.24532, 36.30521], [-99.24584, 36.30521], [-99.2462, 36.30602], [-99.24616, 36.31916], [-99.24133, 36.31914], [-99.2401, 36.31838], [-99.23928, 36.31852], [-99.23611, 36.31599], [-99.2387, 36.31247]], [[-99.24365, 36.31128], [-99.2441, 36.31142], [-99.24447, 36.31124], [-99.24454, 36.31097], [-99.24427, 36.31054], [-99.24392, 36.31052], [-99.2436, 36.31077], [-99.24365, 36.31128]], [[-99.24331, 36.3147], [-99.24358, 36.31436], [-99.24352, 36.31406], [-99.24325, 36.31394], [-99.24275, 36.31405], [-99.24214, 36.31467], [-99.24204, 36.31539], [-99.24262, 36.31561], [-99.24314, 36.31558], [-99.24336, 36.31533], [-99.24331, 36.3147]], [[-99.2387, 36.31658], [-99.2393, 36.31679], [-99.23988, 36.31638], [-99.23989, 36.3161], [-99.23954, 36.31586], [-99.23895, 36.31596], [-99.23865, 36.31626], [-99.2387, 36.31658]]], [[[-99.25492, 36.29467], [-99.25919, 36.29084], [-99.26406, 36.29087], [-99.26406, 36.30476], [-99.24644, 36.30467], [-99.24644, 36.30398], [-99.25492, 36.29467]], [[-99.26136, 36.29343], [-99.26158, 36.29322], [-99.26157, 36.29285], [-99.26128, 36.29243], [-99.26096, 36.29235], [-99.26059, 36.29273], [-99.26056, 36.29323], [-99.26084, 36.29345], [-99.26136, 36.29343]], [[-99.26305, 36.29293], [-99.26299, 36.29268], [-99.26267, 36.29251], [-99.26186, 36.29258], [-99.26159, 36.29287], [-99.2618, 36.29318], [-99.26245, 36.29332], [-99.26305, 36.29293]], [[-99.26108, 36.29518], [-99.26074, 36.29484], [-99.26036, 36.29483], [-99.26007, 36.29506], [-99.26005, 36.29546], [-99.26032, 36.29567], [-99.26082, 36.29566], [-99.26108, 36.29545], [-99.26108, 36.29518]], [[-99.25939, 36.29598], [-99.25958, 36.29564], [-99.25908, 36.29507], [-99.25872, 36.2951], [-99.25812, 36.29559], [-99.25815, 36.2959], [-99.25863, 36.29622], [-99.25939, 36.29598]], [[-99.25984, 36.30441], [-99.26044, 36.3046], [-99.26089, 36.30439], [-99.26098, 36.30412], [-99.2607, 36.30388], [-99.26007, 36.30379], [-99.25982, 36.304], [-99.25984, 36.30441]]], [[[-99.2641, 36.28643], [-99.26406, 36.29033], [-99.25979, 36.2903], [-99.2641, 36.28643]]], [[[-99.27321, 36.27825], [-99.27569, 36.27642], [-99.28175, 36.27642], [-99.28166, 36.29037], [-99.26473, 36.29033], [-99.26478, 36.28582], [-99.27321, 36.27825]], [[-99.2731, 36.28003], [-99.27294, 36.27964], [-99.27246, 36.27948], [-99.27211, 36.27947], [-99.27183, 36.2797], [-99.27185, 36.28141], [-99.27202, 36.28161], [-99.27236, 36.28165], [-99.27266, 36.28143], [-99.27279, 36.28034], [-99.2731, 36.28003]], [[-99.27236, 36.28385], [-99.27192, 36.28362], [-99.27105, 36.28362], [-99.27082, 36.28398], [-99.27101, 36.28455], [-99.27143, 36.28471], [-99.27207, 36.28442], [-99.27236, 36.28385]], [[-99.27694, 36.28688], [-99.27731, 36.28693], [-99.27773, 36.28656], [-99.2778, 36.28632], [-99.2776, 36.28609], [-99.27723, 36.286], [-99.27679, 36.28618], [-99.27673, 36.28664], [-99.27694, 36.28688]]], [[[-99.28177, 36.27193], [-99.28175, 36.27588], [-99.27642, 36.27588], [-99.28177, 36.27193]]], [[[-99.2934, 36.26334], [-99.2959, 36.26183], [-99.29984, 36.26176], [-99.29971, 36.27567], [-99.28242, 36.27588], [-99.28244, 36.27143], [-99.2934, 36.26334]]], [[[-99.29987, 36.25943], [-99.29985, 36.26122], [-99.29682, 36.26127], [-99.29987, 36.25943]]], [[[-99.31528, 36.25011], [-99.31774, 36.24891], [-99.31758, 36.26131], [-99.31034, 36.26125], [-99.30761, 36.2609], [-99.30566, 36.26126], [-99.30052, 36.26121], [-99.30054, 36.25902], [-99.31528, 36.25011]]], [[[-99.32096, 36.24734], [-99.33154, 36.24739], [-99.33522, 36.2562], [-99.33543, 36.25763], [-99.33544, 36.26121], [-99.31825, 36.26131], [-99.31842, 36.24858], [-99.32096, 36.24734]], [[-99.31994, 36.25593], [-99.31984, 36.25556], [-99.31938, 36.25553], [-99.31893, 36.25584], [-99.31884, 36.25628], [-99.3195, 36.25653], [-99.31994, 36.25593]]], [[[-99.32968, 36.24307], [-99.3313, 36.24685], [-99.32205, 36.2468], [-99.32968, 36.24307]]], [[[-99.33865, 36.23868], [-99.34614, 36.23578], [-99.34608, 36.24679], [-99.33201, 36.24685], [-99.33027, 36.24278], [-99.33865, 36.23868]]], [[[-99.35584, 36.23203], [-99.36413, 36.23212], [-99.36411, 36.24677], [-99.34675, 36.24677], [-99.3468, 36.23553], [-99.35584, 36.23203]], [[-99.35097, 36.23648], [-99.35142, 36.23646], [-99.35178, 36.2361], [-99.35177, 36.23575], [-99.35145, 36.23551], [-99.35107, 36.23557], [-99.35065, 36.23594], [-99.35097, 36.23648]]], [[[-99.36329, 36.22915], [-99.36414, 36.2289], [-99.36413, 36.23158], [-99.3572, 36.23151], [-99.36329, 36.22915]]], [[[-99.38147, 36.22382], [-99.38147, 36.23159], [-99.38101, 36.23159], [-99.38096, 36.23123], [-99.38046, 36.231], [-99.38003, 36.23126], [-99.38012, 36.2316], [-99.3648, 36.23159], [-99.36481, 36.2287], [-99.38147, 36.22382]]], [[[-99.38391, 36.2231], [-99.38369, 36.22336], [-99.38377, 36.22365], [-99.38443, 36.22377], [-99.3847, 36.22356], [-99.38472, 36.22322], [-99.38442, 36.22302], [-99.38404, 36.22306], [-99.38896, 36.22162], [-99.41541, 36.21615], [-99.44239, 36.21281], [-99.46965, 36.21162], [-99.48828, 36.21229], [-99.48831, 36.21701], [-99.47169, 36.21688], [-99.47138, 36.21705], [-99.47124, 36.24658], [-99.45405, 36.24669], [-99.45399, 36.24185], [-99.45366, 36.24161], [-99.45333, 36.24186], [-99.45338, 36.2467], [-99.43758, 36.24679], [-99.43706, 36.24645], [-99.43664, 36.24679], [-99.43599, 36.2468], [-99.43575, 36.23185], [-99.43546, 36.23171], [-99.41849, 36.23171], [-99.41958, 36.23078], [-99.42071, 36.23027], [-99.42197, 36.23002], [-99.42351, 36.22898], [-99.4242, 36.22875], [-99.42562, 36.22877], [-99.42588, 36.22856], [-99.42577, 36.2283], [-99.42534, 36.2282], [-99.42409, 36.22821], [-99.42338, 36.22844], [-99.42281, 36.22817], [-99.42253, 36.22832], [-99.42249, 36.22901], [-99.42224, 36.22918], [-99.42166, 36.22953], [-99.42045, 36.22976], [-99.41918, 36.23034], [-99.41738, 36.23191], [-99.41736, 36.24672], [-99.39972, 36.24665], [-99.39973, 36.23222], [-99.40887, 36.23216], [-99.40914, 36.23203], [-99.40915, 36.23175], [-99.40888, 36.23162], [-99.38214, 36.23159], [-99.38213, 36.22362], [-99.38391, 36.2231]], [[-99.48398, 36.21569], [-99.4838, 36.21528], [-99.48312, 36.21502], [-99.4828, 36.21519], [-99.48247, 36.21578], [-99.48293, 36.21608], [-99.4835, 36.216], [-99.48398, 36.21569]], [[-99.47048, 36.21628], [-99.47026, 36.21602], [-99.46983, 36.21595], [-99.46951, 36.21609], [-99.46917, 36.21663], [-99.46945, 36.21684], [-99.47006, 36.21679], [-99.47048, 36.21628]], [[-99.4684, 36.23423], [-99.46828, 36.23377], [-99.46779, 36.2337], [-99.46715, 36.23455], [-99.46635, 36.23481], [-99.46589, 36.23516], [-99.46585, 36.23542], [-99.46614, 36.23564], [-99.4658, 36.23645], [-99.46609, 36.23695], [-99.46644, 36.237], [-99.46669, 36.23682], [-99.46745, 36.23481], [-99.46787, 36.23474], [-99.4684, 36.23423]], [[-99.46465, 36.23585], [-99.46426, 36.23594], [-99.46392, 36.23629], [-99.46446, 36.2369], [-99.4649, 36.23679], [-99.46505, 36.23649], [-99.46492, 36.23601], [-99.46465, 36.23585]], [[-99.46288, 36.23696], [-99.46351, 36.23651], [-99.46354, 36.23627], [-99.46329, 36.23608], [-99.46241, 36.23638], [-99.46179, 36.23703], [-99.46153, 36.23796], [-99.46064, 36.23832], [-99.45999, 36.23886], [-99.45991, 36.23938], [-99.46017, 36.23978], [-99.46085, 36.23977], [-99.46124, 36.23948], [-99.46152, 36.23887], [-99.46222, 36.23865], [-99.46276, 36.23765], [-99.46267, 36.23719], [-99.46288, 36.23696]], [[-99.4602, 36.24238], [-99.45995, 36.24182], [-99.45935, 36.242], [-99.45934, 36.24245], [-99.45961, 36.2427], [-99.46002, 36.24265], [-99.4602, 36.24238]], [[-99.45821, 36.24478], [-99.45815, 36.24448], [-99.45782, 36.24431], [-99.4572, 36.24441], [-99.45693, 36.24476], [-99.45731, 36.24506], [-99.45792, 36.24504], [-99.45821, 36.24478]], [[-99.43836, 36.23435], [-99.43806, 36.23398], [-99.43747, 36.23424], [-99.43734, 36.23457], [-99.43766, 36.23508], [-99.43816, 36.23502], [-99.43836, 36.23435]], [[-99.4396, 36.23842], [-99.4393, 36.23801], [-99.439, 36.23794], [-99.43828, 36.23823], [-99.4381, 36.23868], [-99.43839, 36.23891], [-99.43931, 36.23894], [-99.43959, 36.23877], [-99.4396, 36.23842]], [[-99.38889, 36.22296], [-99.38872, 36.22257], [-99.38825, 36.22238], [-99.38776, 36.22241], [-99.38751, 36.22264], [-99.38757, 36.22297], [-99.38799, 36.22324], [-99.38869, 36.22317], [-99.38889, 36.22296]]], [[[-99.49691, 36.2126], [-99.52393, 36.21573], [-99.55045, 36.22098], [-99.5762, 36.22831], [-99.57833, 36.22912], [-99.57839, 36.24661], [-99.56822, 36.24664], [-99.5679, 36.24686], [-99.5681, 36.24716], [-99.56889, 36.24718], [-99.56897, 36.26136], [-99.5516, 36.26129], [-99.55159, 36.24705], [-99.55129, 36.24685], [-99.54307, 36.24667], [-99.54313, 36.23273], [-99.54263, 36.23197], [-99.54207, 36.23171], [-99.5388, 36.23171], [-99.5385, 36.23198], [-99.5388, 36.23225], [-99.54192, 36.23225], [-99.54246, 36.23283], [-99.5424, 36.24667], [-99.5065, 36.24678], [-99.489, 36.24653], [-99.48898, 36.21755], [-99.48939, 36.21751], [-99.48956, 36.21727], [-99.48938, 36.21704], [-99.48898, 36.21701], [-99.48895, 36.21231], [-99.49691, 36.2126]], [[-99.49373, 36.21353], [-99.49409, 36.21303], [-99.494, 36.21272], [-99.49366, 36.21257], [-99.49294, 36.21265], [-99.49257, 36.21306], [-99.4924, 36.21404], [-99.49186, 36.21431], [-99.49184, 36.21471], [-99.49216, 36.21487], [-99.49335, 36.21473], [-99.4936, 36.21448], [-99.49373, 36.21353]]], [[[-99.58487, 36.23158], [-99.57902, 36.23157], [-99.579, 36.22937], [-99.58487, 36.23158]]], [[[-99.60095, 36.23765], [-99.62261, 36.24801], [-99.62269, 36.26095], [-99.58762, 36.26112], [-99.58741, 36.2471], [-99.60479, 36.2469], [-99.60511, 36.24657], [-99.60478, 36.24636], [-99.57906, 36.24661], [-99.57903, 36.23211], [-99.58631, 36.23212], [-99.60095, 36.23765]]], [[[-99.62446, 36.2489], [-99.64075, 36.25855], [-99.64076, 36.27534], [-99.62338, 36.27547], [-99.62327, 36.24833], [-99.62446, 36.2489]]], [[[-99.64464, 36.26085], [-99.64143, 36.26085], [-99.64142, 36.25895], [-99.64464, 36.26085]]], [[[-99.6465, 36.26196], [-99.65881, 36.27087], [-99.65883, 36.27546], [-99.64142, 36.27534], [-99.64143, 36.26139], [-99.64556, 36.2614], [-99.6465, 36.26196]]], [[[-99.66522, 36.27551], [-99.65949, 36.27546], [-99.65948, 36.27135], [-99.66522, 36.27551]]], [[[-99.66686, 36.2767], [-99.67668, 36.28535], [-99.67675, 36.30443], [-99.65937, 36.30443], [-99.65949, 36.276], [-99.66597, 36.27606], [-99.66686, 36.2767]]], [[[-99.68535, 36.29298], [-99.69469, 36.30303], [-99.69469, 36.30432], [-99.6797, 36.30441], [-99.67971, 36.30321], [-99.67939, 36.30299], [-99.67906, 36.3032], [-99.67903, 36.30442], [-99.67742, 36.30443], [-99.67735, 36.28594], [-99.68535, 36.29298]]], [[[-99.69589, 36.30432], [-99.69536, 36.30432], [-99.69536, 36.30374], [-99.69589, 36.30432]]], [[[-99.70178, 36.31065], [-99.70799, 36.3189], [-99.69568, 36.31886], [-99.69539, 36.30486], [-99.69639, 36.30486], [-99.70178, 36.31065]]], [[[-99.71237, 36.32471], [-99.70194, 36.33335], [-99.69559, 36.33334], [-99.69569, 36.3194], [-99.7084, 36.31944], [-99.71237, 36.32471]]], [[[-99.713, 36.32554], [-99.71273, 36.33328], [-99.70335, 36.33341], [-99.70304, 36.33322], [-99.71273, 36.32519], [-99.713, 36.32554]]], [[[-99.71601, 36.32954], [-99.71822, 36.33325], [-99.71339, 36.33328], [-99.71363, 36.32639], [-99.71601, 36.32954]]], [[[-99.71952, 36.33544], [-99.71492, 36.33748], [-99.71431, 36.33668], [-99.71459, 36.33597], [-99.71529, 36.3351], [-99.7162, 36.33455], [-99.71804, 36.33442], [-99.71823, 36.33379], [-99.71854, 36.33379], [-99.71952, 36.33544]]], [[[-99.72309, 36.34143], [-99.72312, 36.34203], [-99.72251, 36.34204], [-99.7212, 36.34308], [-99.72082, 36.34304], [-99.71946, 36.34361], [-99.71804, 36.34383], [-99.71747, 36.34323], [-99.71729, 36.34267], [-99.71746, 36.34177], [-99.71699, 36.34082], [-99.71589, 36.34032], [-99.71493, 36.33941], [-99.71366, 36.33898], [-99.71273, 36.33914], [-99.71466, 36.33829], [-99.71485, 36.33917], [-99.7153, 36.33928], [-99.71548, 36.33905], [-99.71526, 36.33802], [-99.71985, 36.336], [-99.72309, 36.34143]]], [[[-99.72788, 36.34946], [-99.73365, 36.36221], [-99.72344, 36.36226], [-99.72367, 36.36091], [-99.72335, 36.36066], [-99.72302, 36.36084], [-99.72276, 36.36224], [-99.71678, 36.3622], [-99.71662, 36.36017], [-99.71673, 36.35322], [-99.71587, 36.35272], [-99.71553, 36.35301], [-99.71606, 36.3534], [-99.71596, 36.36018], [-99.71611, 36.3622], [-99.71335, 36.36217], [-99.71177, 36.36172], [-99.70723, 36.35903], [-99.70641, 36.35829], [-99.7052, 36.35818], [-99.7046, 36.35745], [-99.70475, 36.35686], [-99.70736, 36.355], [-99.70923, 36.35466], [-99.71143, 36.35534], [-99.71238, 36.3552], [-99.71277, 36.35457], [-99.71256, 36.35426], [-99.71261, 36.35348], [-99.71229, 36.35329], [-99.71197, 36.35351], [-99.71199, 36.35475], [-99.71159, 36.35481], [-99.70928, 36.35412], [-99.70802, 36.35429], [-99.70701, 36.35453], [-99.70434, 36.35642], [-99.70264, 36.35362], [-99.70239, 36.35351], [-99.7021, 36.35361], [-99.70205, 36.35386], [-99.70253, 36.35476], [-99.70387, 36.35688], [-99.70397, 36.35765], [-99.70472, 36.35858], [-99.70553, 36.35884], [-99.70608, 36.35879], [-99.7068, 36.35945], [-99.71108, 36.36201], [-99.7042, 36.36151], [-99.70392, 36.36164], [-99.70388, 36.36187], [-99.70417, 36.36205], [-99.71302, 36.36269], [-99.71333, 36.36322], [-99.71293, 36.36475], [-99.71279, 36.36711], [-99.71279, 36.37408], [-99.71179, 36.37535], [-99.71174, 36.37576], [-99.71204, 36.37593], [-99.71232, 36.37581], [-99.71346, 36.3742], [-99.71359, 36.36483], [-99.71427, 36.36417], [-99.71535, 36.36384], [-99.71661, 36.36274], [-99.7339, 36.36275], [-99.73729, 36.37023], [-99.74413, 36.39164], [-99.74688, 36.40583], [-99.74067, 36.40582], [-99.74067, 36.40535], [-99.74008, 36.40438], [-99.73987, 36.40207], [-99.73955, 36.40187], [-99.73922, 36.40208], [-99.73918, 36.40297], [-99.73945, 36.40369], [-99.73942, 36.40451], [-99.74002, 36.40549], [-99.74, 36.40582], [-99.72824, 36.40583], [-99.7285, 36.40158], [-99.72764, 36.39853], [-99.72731, 36.39835], [-99.72699, 36.39865], [-99.72784, 36.40164], [-99.72757, 36.40584], [-99.70481, 36.40587], [-99.69399, 36.4057], [-99.65973, 36.40584], [-99.65985, 36.39455], [-99.65952, 36.39428], [-99.65918, 36.39454], [-99.65906, 36.40585], [-99.64186, 36.40578], [-99.64203, 36.39986], [-99.64165, 36.39961], [-99.64137, 36.39983], [-99.64123, 36.40199], [-99.64026, 36.40206], [-99.64003, 36.4023], [-99.64027, 36.40258], [-99.64126, 36.40259], [-99.64111, 36.40943], [-99.63277, 36.40943], [-99.63079, 36.4097], [-99.62789, 36.4094], [-99.62616, 36.40264], [-99.62464, 36.39926], [-99.62532, 36.39918], [-99.62797, 36.39803], [-99.62864, 36.39828], [-99.62933, 36.3983], [-99.63094, 36.39892], [-99.63277, 36.39872], [-99.63348, 36.39825], [-99.63435, 36.3981], [-99.63486, 36.39766], [-99.63497, 36.39721], [-99.63594, 36.39647], [-99.63686, 36.39487], [-99.63611, 36.39388], [-99.63614, 36.39317], [-99.63577, 36.39244], [-99.63579, 36.39206], [-99.63485, 36.39133], [-99.63451, 36.39061], [-99.6351, 36.3895], [-99.63584, 36.38884], [-99.63682, 36.3889], [-99.63752, 36.38845], [-99.63854, 36.38836], [-99.63932, 36.38793], [-99.64101, 36.38771], [-99.64211, 36.38715], [-99.64261, 36.38713], [-99.64297, 36.38684], [-99.64318, 36.38631], [-99.64362, 36.38636], [-99.64423, 36.38597], [-99.64491, 36.38586], [-99.64594, 36.38509], [-99.64671, 36.38481], [-99.64702, 36.38409], [-99.64864, 36.38299], [-99.65019, 36.38273], [-99.65058, 36.38297], [-99.65162, 36.38304], [-99.65226, 36.3828], [-99.65265, 36.3832], [-99.65382, 36.38359], [-99.65463, 36.38452], [-99.65577, 36.38503], [-99.65667, 36.38513], [-99.65708, 36.38545], [-99.65905, 36.38527], [-99.6602, 36.38491], [-99.66054, 36.38455], [-99.66124, 36.38467], [-99.66168, 36.38455], [-99.66192, 36.38407], [-99.66317, 36.38304], [-99.66352, 36.38182], [-99.66207, 36.38027], [-99.6616, 36.38017], [-99.66107, 36.37973], [-99.66106, 36.37904], [-99.65958, 36.37729], [-99.65975, 36.37627], [-99.66026, 36.37541], [-99.66166, 36.37432], [-99.66249, 36.37317], [-99.66317, 36.37261], [-99.66329, 36.37203], [-99.66425, 36.37199], [-99.66502, 36.37143], [-99.66531, 36.37039], [-99.66573, 36.36975], [-99.66637, 36.36976], [-99.66746, 36.3701], [-99.66761, 36.37074], [-99.66821, 36.37131], [-99.66775, 36.37405], [-99.66835, 36.37538], [-99.66849, 36.37621], [-99.66946, 36.37767], [-99.67075, 36.37877], [-99.67145, 36.37895], [-99.67154, 36.3794], [-99.67188, 36.37968], [-99.67366, 36.37985], [-99.67415, 36.37965], [-99.67511, 36.37964], [-99.6753, 36.37986], [-99.67569, 36.37991], [-99.67619, 36.37941], [-99.67743, 36.37888], [-99.67969, 36.3788], [-99.68221, 36.37808], [-99.68333, 36.37736], [-99.68359, 36.37667], [-99.68303, 36.37557], [-99.68297, 36.37501], [-99.68322, 36.37456], [-99.68387, 36.37412], [-99.68575, 36.37356], [-99.68595, 36.37327], [-99.68664, 36.37293], [-99.68709, 36.37228], [-99.68633, 36.37038], [-99.68589, 36.36981], [-99.68594, 36.36945], [-99.68566, 36.36899], [-99.68575, 36.36835], [-99.68545, 36.36805], [-99.68551, 36.36761], [-99.68518, 36.36672], [-99.68515, 36.36536], [-99.68482, 36.36492], [-99.68462, 36.36406], [-99.68424, 36.36384], [-99.68475, 36.36304], [-99.68473, 36.3625], [-99.68522, 36.36241], [-99.68574, 36.36281], [-99.68564, 36.36314], [-99.68596, 36.36376], [-99.68865, 36.36465], [-99.6895, 36.36521], [-99.69113, 36.36531], [-99.69241, 36.36495], [-99.69376, 36.36392], [-99.6954, 36.36305], [-99.6959, 36.36251], [-99.69671, 36.36211], [-99.69713, 36.36128], [-99.69717, 36.36042], [-99.69671, 36.35924], [-99.69629, 36.35889], [-99.69604, 36.35799], [-99.6954, 36.35744], [-99.69378, 36.35673], [-99.69121, 36.35708], [-99.6905, 36.35643], [-99.69005, 36.3556], [-99.6899, 36.35471], [-99.69046, 36.35325], [-99.69338, 36.35107], [-99.69399, 36.35086], [-99.69551, 36.35082], [-99.6963, 36.35064], [-99.69806, 36.35091], [-99.69878, 36.35083], [-99.70043, 36.35126], [-99.70177, 36.3511], [-99.70423, 36.35144], [-99.70569, 36.35115], [-99.70632, 36.35037], [-99.7063, 36.34946], [-99.70615, 36.34917], [-99.70578, 36.34902], [-99.70605, 36.34839], [-99.706, 36.34725], [-99.70543, 36.34589], [-99.7054, 36.34532], [-99.70501, 36.34478], [-99.70616, 36.34336], [-99.7067, 36.34312], [-99.70759, 36.34226], [-99.71033, 36.34127], [-99.71093, 36.34097], [-99.71199, 36.33999], [-99.71356, 36.33953], [-99.7146, 36.33988], [-99.71548, 36.34075], [-99.71646, 36.34117], [-99.71679, 36.3418], [-99.71662, 36.34272], [-99.71684, 36.34341], [-99.71718, 36.34401], [-99.71775, 36.34441], [-99.71965, 36.34413], [-99.72095, 36.34359], [-99.72147, 36.34359], [-99.72298, 36.34258], [-99.7237, 36.34245], [-99.72788, 36.34946]], [[-99.7004, 36.37771], [-99.70081, 36.37742], [-99.70078, 36.37712], [-99.69973, 36.37708], [-99.69971, 36.37746], [-99.7004, 36.37771]], [[-99.66555, 36.38449], [-99.66052, 36.38584], [-99.65874, 36.38606], [-99.65592, 36.38793], [-99.65579, 36.38841], [-99.65627, 36.38851], [-99.659, 36.38657], [-99.6607, 36.38636], [-99.66568, 36.38502], [-99.66847, 36.38488], [-99.67675, 36.38015], [-99.67827, 36.37992], [-99.68441, 36.37798], [-99.68825, 36.37781], [-99.68852, 36.37745], [-99.68819, 36.37727], [-99.68424, 36.37746], [-99.67806, 36.3794], [-99.6765, 36.37964], [-99.66815, 36.3844], [-99.66555, 36.38449]], [[-99.70419, 36.39276], [-99.70365, 36.39153], [-99.70287, 36.39098], [-99.70038, 36.39021], [-99.70005, 36.38791], [-99.69984, 36.38772], [-99.69952, 36.38777], [-99.6994, 36.38797], [-99.6996, 36.39013], [-99.69985, 36.39056], [-99.70047, 36.39089], [-99.70247, 36.39141], [-99.7031, 36.39184], [-99.7036, 36.39315], [-99.70428, 36.39322], [-99.7044, 36.39299], [-99.70419, 36.39276]], [[-99.70458, 36.39594], [-99.70456, 36.39527], [-99.70429, 36.39506], [-99.70395, 36.39518], [-99.70395, 36.39553], [-99.69917, 36.39476], [-99.69878, 36.39498], [-99.69905, 36.3953], [-99.70402, 36.3961], [-99.70458, 36.39594]]], [[[-99.74835, 36.41345], [-99.74856, 36.42026], [-99.71438, 36.4202], [-99.71371, 36.42069], [-99.71229, 36.42321], [-99.71217, 36.42375], [-99.70397, 36.4237], [-99.70426, 36.4224], [-99.70392, 36.42214], [-99.7036, 36.42234], [-99.70328, 36.4237], [-99.69546, 36.42366], [-99.69547, 36.40626], [-99.72135, 36.4064], [-99.72133, 36.40878], [-99.72041, 36.41024], [-99.72014, 36.41166], [-99.72046, 36.41197], [-99.72077, 36.41181], [-99.72105, 36.4104], [-99.7219, 36.40919], [-99.72202, 36.4064], [-99.73036, 36.40636], [-99.73031, 36.41176], [-99.73064, 36.41203], [-99.73098, 36.41176], [-99.73103, 36.40635], [-99.74698, 36.40637], [-99.74835, 36.41345]]], [[[-99.74986, 36.43488], [-99.74915, 36.43489], [-99.7492, 36.42551], [-99.74986, 36.43488]]], [[[-99.74991, 36.43557], [-99.74919, 36.44967], [-99.74892, 36.44969], [-99.74914, 36.43543], [-99.7499, 36.43542], [-99.74991, 36.43557]]], [[[-99.7491, 36.45154], [-99.74894, 36.45177], [-99.74892, 36.45023], [-99.74916, 36.45022], [-99.7491, 36.45154]]], [[[-99.74892, 36.45504], [-99.74893, 36.45375], [-99.74901, 36.45323], [-99.74892, 36.45504]]], [[[-99.74514, 36.47862], [-99.73108, 36.47865], [-99.73092, 36.45409], [-99.73381, 36.45255], [-99.73634, 36.45228], [-99.73793, 36.4524], [-99.73898, 36.45334], [-99.73959, 36.45347], [-99.7404, 36.4533], [-99.74217, 36.4524], [-99.74444, 36.45237], [-99.74658, 36.45271], [-99.74833, 36.45271], [-99.74825, 36.46075], [-99.74514, 36.47862]]], [[[-99.74497, 36.47957], [-99.7409, 36.49317], [-99.69544, 36.49309], [-99.69552, 36.48308], [-99.69841, 36.48324], [-99.69887, 36.48414], [-99.69992, 36.48464], [-99.70157, 36.48458], [-99.70184, 36.48431], [-99.70157, 36.48405], [-99.69972, 36.484], [-99.6994, 36.4838], [-99.69892, 36.48287], [-99.69848, 36.48268], [-99.69552, 36.48254], [-99.69545, 36.47911], [-99.74505, 36.47916], [-99.74497, 36.47957]]], [[[-99.73852, 36.50107], [-99.72943, 36.52206], [-99.71295, 36.522], [-99.7131, 36.50168], [-99.7129, 36.49886], [-99.71298, 36.49371], [-99.74073, 36.49371], [-99.73852, 36.50107]]], [[[-99.72119, 36.53638], [-99.69546, 36.53649], [-99.69535, 36.5227], [-99.71261, 36.52254], [-99.72912, 36.5226], [-99.72119, 36.53638]]], [[[-99.71796, 36.54201], [-99.70404, 36.56106], [-99.70037, 36.56512], [-99.69564, 36.56516], [-99.69569, 36.55091], [-99.69545, 36.5398], [-99.69961, 36.53968], [-99.69993, 36.54061], [-99.70129, 36.54092], [-99.70205, 36.54294], [-99.70244, 36.54302], [-99.70265, 36.54277], [-99.70187, 36.5406], [-99.70044, 36.54022], [-99.70008, 36.53926], [-99.69966, 36.53913], [-99.69544, 36.53926], [-99.69546, 36.53704], [-99.72088, 36.53692], [-99.71796, 36.54201]]], [[[-99.69565, 36.57033], [-99.69564, 36.5657], [-99.69988, 36.56566], [-99.69565, 36.57033]]], [[[-99.68787, 36.57892], [-99.67764, 36.58815], [-99.67778, 36.56575], [-99.69497, 36.56571], [-99.69498, 36.57107], [-99.68787, 36.57892]]], [[[-99.67233, 36.59295], [-99.6678, 36.59295], [-99.66769, 36.59323], [-99.66797, 36.59343], [-99.67173, 36.59349], [-99.66959, 36.59542], [-99.6631, 36.60023], [-99.66078, 36.60024], [-99.66072, 36.59323], [-99.66038, 36.59291], [-99.6595, 36.59288], [-99.65949, 36.57983], [-99.67714, 36.58012], [-99.67696, 36.58877], [-99.67233, 36.59295]]], [[[-99.66082, 36.60192], [-99.6608, 36.60078], [-99.66236, 36.60077], [-99.66082, 36.60192]]], [[[-99.65698, 36.60476], [-99.65749, 36.60271], [-99.65735, 36.60132], [-99.65699, 36.60072], [-99.65633, 36.60037], [-99.65821, 36.60072], [-99.66013, 36.60078], [-99.66016, 36.6024], [-99.65698, 36.60476]]], [[[-99.65418, 36.60684], [-99.65422, 36.60674], [-99.65432, 36.60673], [-99.65418, 36.60684]]], [[[-99.65088, 36.60928], [-99.64971, 36.60906], [-99.64861, 36.60937], [-99.64753, 36.60933], [-99.64703, 36.60976], [-99.64698, 36.61025], [-99.64793, 36.61127], [-99.62747, 36.62367], [-99.61532, 36.62963], [-99.59679, 36.60276], [-99.59508, 36.59923], [-99.59181, 36.59034], [-99.59482, 36.59017], [-99.59763, 36.58972], [-99.59883, 36.58905], [-99.60013, 36.58909], [-99.60049, 36.58883], [-99.60084, 36.58904], [-99.6014, 36.58902], [-99.60284, 36.58821], [-99.60376, 36.58887], [-99.60563, 36.58916], [-99.60657, 36.58957], [-99.60681, 36.59013], [-99.60628, 36.59049], [-99.60613, 36.59083], [-99.60391, 36.59119], [-99.60116, 36.59237], [-99.59943, 36.59397], [-99.59904, 36.5946], [-99.59942, 36.59648], [-99.60008, 36.59678], [-99.60055, 36.59727], [-99.60076, 36.59792], [-99.60142, 36.59846], [-99.60301, 36.59922], [-99.60554, 36.59912], [-99.60609, 36.59988], [-99.60656, 36.59985], [-99.6077, 36.60039], [-99.60827, 36.60036], [-99.6129, 36.59839], [-99.61386, 36.59847], [-99.61516, 36.59884], [-99.61599, 36.59876], [-99.6165, 36.5981], [-99.61633, 36.59694], [-99.6166, 36.59573], [-99.618, 36.59466], [-99.61893, 36.59422], [-99.61936, 36.59463], [-99.62033, 36.59461], [-99.62041, 36.59521], [-99.62117, 36.59572], [-99.62157, 36.59676], [-99.62134, 36.59707], [-99.62134, 36.59754], [-99.62189, 36.59871], [-99.62262, 36.59923], [-99.62332, 36.59946], [-99.6239, 36.60026], [-99.62487, 36.60059], [-99.62537, 36.60057], [-99.62667, 36.60014], [-99.62736, 36.5997], [-99.62764, 36.59899], [-99.62737, 36.59752], [-99.6282, 36.59636], [-99.62904, 36.59581], [-99.62944, 36.595], [-99.63015, 36.59465], [-99.6309, 36.59474], [-99.63315, 36.59624], [-99.63387, 36.59698], [-99.63451, 36.59705], [-99.63566, 36.59679], [-99.6357, 36.59722], [-99.6361, 36.59756], [-99.63609, 36.59872], [-99.63544, 36.59974], [-99.63474, 36.60015], [-99.63391, 36.60035], [-99.63201, 36.60045], [-99.6315, 36.60079], [-99.63118, 36.60141], [-99.63134, 36.60221], [-99.6318, 36.60305], [-99.63283, 36.60422], [-99.63392, 36.60488], [-99.63532, 36.60513], [-99.6363, 36.60507], [-99.63699, 36.60453], [-99.63778, 36.60428], [-99.63857, 36.60318], [-99.64131, 36.60136], [-99.64407, 36.6006], [-99.64626, 36.60053], [-99.6491, 36.60097], [-99.65006, 36.60092], [-99.65065, 36.60063], [-99.65314, 36.60041], [-99.65571, 36.60069], [-99.65647, 36.60108], [-99.65668, 36.60142], [-99.65682, 36.60269], [-99.65634, 36.6046], [-99.65594, 36.60531], [-99.65485, 36.60629], [-99.65436, 36.60619], [-99.65377, 36.6063], [-99.65348, 36.60672], [-99.65362, 36.60725], [-99.65088, 36.60928]]], [[[-99.6494, 36.61038], [-99.64847, 36.61094], [-99.64766, 36.60999], [-99.64785, 36.60984], [-99.64877, 36.60991], [-99.64972, 36.6096], [-99.65028, 36.60973], [-99.6494, 36.61038]]], [[[-99.5845, 36.64273], [-99.58442, 36.6375], [-99.5978, 36.63758], [-99.5845, 36.64273]]], [[[-99.57929, 36.64474], [-99.5535, 36.65232], [-99.54303, 36.65448], [-99.52691, 36.65781], [-99.50766, 36.6602], [-99.50723, 36.66007], [-99.50694, 36.66029], [-99.49978, 36.66117], [-99.47668, 36.66218], [-99.47649, 36.6573], [-99.47348, 36.6546], [-99.47302, 36.65376], [-99.47358, 36.65128], [-99.47413, 36.65004], [-99.47782, 36.64629], [-99.47836, 36.64479], [-99.47825, 36.64368], [-99.47669, 36.64075], [-99.47637, 36.63957], [-99.47603, 36.62305], [-99.51182, 36.6229], [-99.53055, 36.62332], [-99.53093, 36.63731], [-99.53946, 36.63741], [-99.54823, 36.63714], [-99.55926, 36.63722], [-99.56014, 36.63738], [-99.56648, 36.63753], [-99.56679, 36.63768], [-99.58374, 36.6375], [-99.58383, 36.64298], [-99.57929, 36.64474]], [[-99.51872, 36.62639], [-99.51821, 36.62617], [-99.51792, 36.62667], [-99.51842, 36.62685], [-99.51872, 36.62639]], [[-99.50267, 36.63759], [-99.50258, 36.63816], [-99.50288, 36.6385], [-99.50362, 36.6386], [-99.50412, 36.63834], [-99.50427, 36.63765], [-99.50394, 36.63726], [-99.50318, 36.63718], [-99.50267, 36.63759]], [[-99.51646, 36.63948], [-99.51735, 36.63957], [-99.51803, 36.63931], [-99.51829, 36.63807], [-99.51788, 36.63756], [-99.5174, 36.63768], [-99.51728, 36.6383], [-99.51668, 36.63801], [-99.51617, 36.63743], [-99.5157, 36.63755], [-99.51586, 36.63864], [-99.51628, 36.63901], [-99.51646, 36.63948]], [[-99.52164, 36.63934], [-99.52208, 36.63925], [-99.52249, 36.63835], [-99.52245, 36.63803], [-99.52215, 36.63779], [-99.52172, 36.63779], [-99.5209, 36.63817], [-99.52126, 36.63906], [-99.52164, 36.63934]], [[-99.50884, 36.63934], [-99.50917, 36.63896], [-99.50867, 36.63863], [-99.50833, 36.63903], [-99.50884, 36.63934]], [[-99.51671, 36.64087], [-99.5171, 36.64119], [-99.5176, 36.64096], [-99.51773, 36.64043], [-99.51747, 36.63993], [-99.51696, 36.64004], [-99.51671, 36.64087]], [[-99.51134, 36.64087], [-99.51198, 36.641], [-99.5122, 36.64062], [-99.51188, 36.64032], [-99.51139, 36.64027], [-99.51113, 36.64052], [-99.51134, 36.64087]], [[-99.50358, 36.64373], [-99.50405, 36.64398], [-99.50448, 36.64369], [-99.50442, 36.64327], [-99.50398, 36.64288], [-99.50352, 36.64307], [-99.50358, 36.64373]], [[-99.55799, 36.64407], [-99.55838, 36.64432], [-99.55877, 36.64431], [-99.55904, 36.6441], [-99.55909, 36.64373], [-99.55887, 36.64353], [-99.55853, 36.64354], [-99.55805, 36.64377], [-99.55799, 36.64407]], [[-99.54715, 36.64669], [-99.54788, 36.64707], [-99.54856, 36.64655], [-99.54806, 36.6452], [-99.54838, 36.64469], [-99.54843, 36.64404], [-99.54813, 36.64371], [-99.54767, 36.64388], [-99.54724, 36.64486], [-99.54664, 36.64511], [-99.54723, 36.64604], [-99.54679, 36.64612], [-99.54662, 36.64645], [-99.54715, 36.64669]], [[-99.52603, 36.6471], [-99.52669, 36.6467], [-99.52663, 36.64637], [-99.52629, 36.64614], [-99.52589, 36.64621], [-99.52556, 36.64661], [-99.52564, 36.64692], [-99.52603, 36.6471]], [[-99.51835, 36.64697], [-99.51806, 36.64665], [-99.51682, 36.64633], [-99.51637, 36.64656], [-99.51659, 36.64725], [-99.5174, 36.64765], [-99.51805, 36.64754], [-99.51835, 36.64697]], [[-99.5113, 36.6508], [-99.51185, 36.65079], [-99.512, 36.65043], [-99.51155, 36.65], [-99.51095, 36.64986], [-99.51072, 36.65031], [-99.5113, 36.6508]], [[-99.49941, 36.6544], [-99.49964, 36.65397], [-99.49936, 36.65367], [-99.49901, 36.65365], [-99.49875, 36.65387], [-99.49873, 36.65428], [-99.49902, 36.65446], [-99.49941, 36.6544]], [[-99.49472, 36.62898], [-99.49511, 36.6282], [-99.49487, 36.62796], [-99.4944, 36.62789], [-99.4938, 36.62855], [-99.49373, 36.6292], [-99.49422, 36.62942], [-99.49472, 36.62898]], [[-99.49314, 36.63031], [-99.49285, 36.63005], [-99.49249, 36.63006], [-99.49215, 36.63037], [-99.49217, 36.63072], [-99.49268, 36.63085], [-99.49311, 36.63056], [-99.49314, 36.63031]], [[-99.48902, 36.64], [-99.48966, 36.64011], [-99.49012, 36.63968], [-99.49013, 36.63931], [-99.48958, 36.63919], [-99.48898, 36.63969], [-99.48902, 36.64]], [[-99.49592, 36.63984], [-99.49564, 36.63942], [-99.49525, 36.63946], [-99.49505, 36.63966], [-99.49511, 36.63996], [-99.49543, 36.64013], [-99.49592, 36.63984]], [[-99.4863, 36.64148], [-99.48681, 36.64138], [-99.48694, 36.64087], [-99.48664, 36.64066], [-99.48565, 36.64065], [-99.48551, 36.64106], [-99.4863, 36.64148]], [[-99.48391, 36.6432], [-99.48429, 36.64358], [-99.48477, 36.64372], [-99.4853, 36.64345], [-99.48508, 36.64308], [-99.48433, 36.64272], [-99.48393, 36.64285], [-99.48391, 36.6432]], [[-99.48726, 36.64901], [-99.48781, 36.64877], [-99.48808, 36.64823], [-99.48735, 36.64746], [-99.48701, 36.64737], [-99.48668, 36.64759], [-99.48632, 36.64837], [-99.48726, 36.64901]], [[-99.49595, 36.6498], [-99.49617, 36.64957], [-99.49605, 36.64931], [-99.49646, 36.64924], [-99.49698, 36.64865], [-99.49699, 36.64823], [-99.4967, 36.648], [-99.49639, 36.64806], [-99.49597, 36.64853], [-99.49505, 36.64861], [-99.49476, 36.64887], [-99.49469, 36.64926], [-99.4949, 36.64958], [-99.49595, 36.6498]], [[-99.48257, 36.65204], [-99.48245, 36.65172], [-99.48189, 36.65144], [-99.4814, 36.65162], [-99.48147, 36.65196], [-99.482, 36.65231], [-99.48231, 36.6523], [-99.48257, 36.65204]], [[-99.48898, 36.65498], [-99.48896, 36.65527], [-99.48922, 36.65543], [-99.49081, 36.6552], [-99.4911, 36.65492], [-99.49105, 36.65441], [-99.49069, 36.65416], [-99.48934, 36.65437], [-99.48899, 36.65463], [-99.48898, 36.65498]], [[-99.48068, 36.65814], [-99.48131, 36.65806], [-99.48161, 36.65771], [-99.48154, 36.65746], [-99.47927, 36.65619], [-99.47861, 36.6562], [-99.4785, 36.65652], [-99.47892, 36.65701], [-99.48011, 36.65763], [-99.48068, 36.65814]], [[-99.49258, 36.65903], [-99.49238, 36.6588], [-99.49204, 36.65876], [-99.49166, 36.65921], [-99.49215, 36.65946], [-99.49258, 36.65903]]], [[[-99.47237, 36.66237], [-99.44494, 36.66139], [-99.41777, 36.65824], [-99.41287, 36.65727], [-99.41316, 36.65629], [-99.41307, 36.65262], [-99.41233, 36.65214], [-99.40991, 36.65213], [-99.41004, 36.64677], [-99.41069, 36.64474], [-99.41027, 36.64409], [-99.40907, 36.64346], [-99.4099, 36.63986], [-99.4103, 36.63959], [-99.41027, 36.63906], [-99.41001, 36.63882], [-99.40966, 36.63886], [-99.40953, 36.63813], [-99.40907, 36.63765], [-99.40857, 36.63751], [-99.40646, 36.63753], [-99.40437, 36.63573], [-99.40417, 36.63516], [-99.40419, 36.63096], [-99.40848, 36.63247], [-99.40914, 36.63241], [-99.40968, 36.63186], [-99.40999, 36.63179], [-99.41198, 36.63174], [-99.41292, 36.6315], [-99.41384, 36.63094], [-99.41465, 36.62997], [-99.41504, 36.629], [-99.415, 36.62804], [-99.41473, 36.62784], [-99.41439, 36.62796], [-99.41437, 36.62891], [-99.41404, 36.62975], [-99.41333, 36.63057], [-99.41266, 36.631], [-99.41189, 36.6312], [-99.40983, 36.63126], [-99.40929, 36.63141], [-99.4088, 36.63192], [-99.40766, 36.6317], [-99.40419, 36.6304], [-99.40416, 36.62108], [-99.41059, 36.62181], [-99.4122, 36.62191], [-99.41449, 36.62176], [-99.41982, 36.61941], [-99.41998, 36.61914], [-99.4198, 36.61894], [-99.41952, 36.61893], [-99.41436, 36.62123], [-99.41065, 36.62128], [-99.40416, 36.62054], [-99.40408, 36.60901], [-99.40466, 36.609], [-99.40472, 36.6098], [-99.40505, 36.60997], [-99.40536, 36.60977], [-99.40533, 36.60899], [-99.43938, 36.60869], [-99.43938, 36.61571], [-99.4396, 36.61651], [-99.44563, 36.62197], [-99.44718, 36.62304], [-99.44722, 36.62326], [-99.44715, 36.62369], [-99.44348, 36.62562], [-99.44179, 36.62609], [-99.4409, 36.62576], [-99.44104, 36.62522], [-99.44071, 36.62491], [-99.44026, 36.62497], [-99.44003, 36.62544], [-99.43957, 36.62527], [-99.43866, 36.62433], [-99.43776, 36.62275], [-99.43661, 36.6217], [-99.43621, 36.62167], [-99.43609, 36.62204], [-99.43721, 36.62306], [-99.43862, 36.62521], [-99.43919, 36.62572], [-99.44178, 36.62664], [-99.44382, 36.62609], [-99.44763, 36.62409], [-99.44789, 36.62318], [-99.45073, 36.62324], [-99.45084, 36.62369], [-99.45123, 36.62395], [-99.45155, 36.62372], [-99.4514, 36.62324], [-99.46209, 36.6232], [-99.46207, 36.63149], [-99.46254, 36.63186], [-99.46385, 36.63179], [-99.46423, 36.63227], [-99.4646, 36.63223], [-99.46485, 36.63198], [-99.46454, 36.63136], [-99.46411, 36.63124], [-99.46274, 36.63133], [-99.46277, 36.62319], [-99.46295, 36.62373], [-99.46333, 36.62394], [-99.46372, 36.62371], [-99.46371, 36.62318], [-99.47536, 36.62306], [-99.47545, 36.62897], [-99.47407, 36.62929], [-99.47426, 36.62855], [-99.47384, 36.62833], [-99.47361, 36.62851], [-99.47337, 36.62948], [-99.47383, 36.6299], [-99.47546, 36.62952], [-99.47574, 36.63989], [-99.47606, 36.64094], [-99.47752, 36.6436], [-99.47769, 36.64476], [-99.47726, 36.646], [-99.47383, 36.6494], [-99.47328, 36.65029], [-99.47238, 36.65334], [-99.47211, 36.65639], [-99.47147, 36.65757], [-99.47157, 36.65924], [-99.47061, 36.6606], [-99.4708, 36.66086], [-99.47117, 36.66082], [-99.47221, 36.65942], [-99.47214, 36.65765], [-99.47277, 36.65654], [-99.4729, 36.65489], [-99.47586, 36.65748], [-99.47601, 36.66221], [-99.47237, 36.66237]], [[-99.47037, 36.62838], [-99.47038, 36.62807], [-99.46985, 36.62771], [-99.46927, 36.62782], [-99.46924, 36.62811], [-99.4696, 36.62839], [-99.47004, 36.62854], [-99.47037, 36.62838]], [[-99.47122, 36.63155], [-99.47151, 36.63124], [-99.47117, 36.63054], [-99.47085, 36.63042], [-99.47015, 36.63061], [-99.47005, 36.63084], [-99.47039, 36.6317], [-99.47075, 36.63181], [-99.47122, 36.63155]], [[-99.46566, 36.63196], [-99.46623, 36.63226], [-99.46663, 36.63186], [-99.46635, 36.63154], [-99.46597, 36.63146], [-99.46566, 36.63167], [-99.46566, 36.63196]], [[-99.4655, 36.6337], [-99.46603, 36.63344], [-99.46574, 36.633], [-99.46519, 36.63324], [-99.46522, 36.63354], [-99.4655, 36.6337]], [[-99.47109, 36.63498], [-99.47145, 36.63485], [-99.47156, 36.63452], [-99.47133, 36.63417], [-99.47095, 36.63411], [-99.47059, 36.63447], [-99.47109, 36.63498]], [[-99.46841, 36.64223], [-99.46818, 36.64202], [-99.46785, 36.64202], [-99.46742, 36.64241], [-99.46744, 36.6427], [-99.46822, 36.64286], [-99.46844, 36.64263], [-99.46841, 36.64223]], [[-99.47138, 36.64398], [-99.47166, 36.64372], [-99.47154, 36.64333], [-99.47116, 36.64296], [-99.47082, 36.64293], [-99.47057, 36.64317], [-99.4705, 36.64376], [-99.47077, 36.64395], [-99.47138, 36.64398]], [[-99.46549, 36.64473], [-99.4668, 36.64443], [-99.4672, 36.64398], [-99.46686, 36.64373], [-99.46607, 36.64385], [-99.46556, 36.64299], [-99.46511, 36.64279], [-99.46481, 36.64305], [-99.46507, 36.64407], [-99.46489, 36.64441], [-99.46506, 36.64466], [-99.46549, 36.64473]], [[-99.47087, 36.64705], [-99.47139, 36.64698], [-99.47163, 36.64653], [-99.47107, 36.64607], [-99.47065, 36.64602], [-99.47029, 36.64627], [-99.47023, 36.64666], [-99.47087, 36.64705]], [[-99.46375, 36.64814], [-99.46447, 36.64774], [-99.46565, 36.64758], [-99.46622, 36.64727], [-99.4662, 36.64698], [-99.46594, 36.64683], [-99.46522, 36.64703], [-99.46492, 36.64695], [-99.46542, 36.64624], [-99.46523, 36.6459], [-99.46483, 36.64591], [-99.46446, 36.64642], [-99.46298, 36.64719], [-99.46239, 36.64723], [-99.46169, 36.64655], [-99.46124, 36.64671], [-99.46131, 36.64728], [-99.46195, 36.64791], [-99.46204, 36.6485], [-99.46237, 36.64889], [-99.46282, 36.64885], [-99.46323, 36.6481], [-99.46375, 36.64814]], [[-99.46651, 36.65038], [-99.46591, 36.65011], [-99.46552, 36.65042], [-99.46569, 36.65076], [-99.46597, 36.65085], [-99.46643, 36.65064], [-99.46651, 36.65038]], [[-99.46517, 36.65566], [-99.46499, 36.65536], [-99.46464, 36.65532], [-99.4641, 36.65564], [-99.46403, 36.65593], [-99.4646, 36.65623], [-99.46517, 36.65566]], [[-99.46751, 36.65741], [-99.46858, 36.657], [-99.46863, 36.65656], [-99.46824, 36.65644], [-99.46702, 36.65675], [-99.46699, 36.65729], [-99.46751, 36.65741]], [[-99.44262, 36.63437], [-99.44298, 36.6346], [-99.44367, 36.63445], [-99.44396, 36.63415], [-99.44397, 36.63368], [-99.44367, 36.6335], [-99.44323, 36.63359], [-99.44268, 36.63392], [-99.44262, 36.63437]], [[-99.45336, 36.63572], [-99.45374, 36.63577], [-99.45428, 36.63541], [-99.45438, 36.63506], [-99.45414, 36.63482], [-99.45367, 36.63483], [-99.45328, 36.6351], [-99.45319, 36.6355], [-99.45336, 36.63572]], [[-99.45623, 36.64096], [-99.45659, 36.64055], [-99.45629, 36.64023], [-99.45603, 36.63915], [-99.45566, 36.63893], [-99.45458, 36.63883], [-99.45441, 36.63923], [-99.45521, 36.64002], [-99.45523, 36.6407], [-99.45571, 36.64102], [-99.45623, 36.64096]], [[-99.45841, 36.64516], [-99.45871, 36.64477], [-99.45826, 36.6441], [-99.45849, 36.64318], [-99.45802, 36.64241], [-99.45755, 36.642], [-99.45722, 36.64196], [-99.45681, 36.6425], [-99.45751, 36.64354], [-99.45711, 36.64395], [-99.45707, 36.64432], [-99.45799, 36.64516], [-99.45841, 36.64516]], [[-99.45719, 36.64552], [-99.45631, 36.6454], [-99.45605, 36.6458], [-99.45665, 36.64622], [-99.45725, 36.64626], [-99.45758, 36.64592], [-99.45719, 36.64552]], [[-99.45931, 36.6548], [-99.45984, 36.65417], [-99.45943, 36.65357], [-99.45902, 36.65368], [-99.45886, 36.65412], [-99.4581, 36.65416], [-99.45786, 36.65435], [-99.45808, 36.65474], [-99.45931, 36.6548]], [[-99.44759, 36.65474], [-99.44789, 36.6539], [-99.4475, 36.65362], [-99.4462, 36.65482], [-99.44577, 36.65539], [-99.44577, 36.65575], [-99.44629, 36.65608], [-99.44668, 36.65606], [-99.44706, 36.65552], [-99.44748, 36.65536], [-99.44737, 36.65496], [-99.44759, 36.65474]], [[-99.43484, 36.62776], [-99.4348, 36.62836], [-99.43544, 36.62845], [-99.43563, 36.62821], [-99.43553, 36.62782], [-99.43519, 36.62761], [-99.43484, 36.62776]], [[-99.44136, 36.62919], [-99.44171, 36.62951], [-99.44205, 36.62951], [-99.44242, 36.62922], [-99.44247, 36.62893], [-99.44221, 36.62869], [-99.44166, 36.62871], [-99.44139, 36.6289], [-99.44136, 36.62919]], [[-99.44294, 36.63922], [-99.44275, 36.63891], [-99.4423, 36.63879], [-99.44178, 36.639], [-99.44187, 36.63931], [-99.44225, 36.63951], [-99.44269, 36.63951], [-99.44294, 36.63922]], [[-99.43944, 36.64584], [-99.43907, 36.64541], [-99.43844, 36.64535], [-99.43812, 36.6456], [-99.43817, 36.6459], [-99.43851, 36.6461], [-99.43914, 36.64614], [-99.43944, 36.64584]], [[-99.43278, 36.64873], [-99.43373, 36.64853], [-99.43386, 36.64809], [-99.43347, 36.64787], [-99.43238, 36.64807], [-99.43225, 36.64844], [-99.43278, 36.64873]], [[-99.42114, 36.61513], [-99.42144, 36.6154], [-99.42177, 36.61543], [-99.42214, 36.61519], [-99.42221, 36.61483], [-99.42161, 36.61454], [-99.42123, 36.61476], [-99.42114, 36.61513]], [[-99.4174, 36.61536], [-99.41818, 36.61522], [-99.41828, 36.61497], [-99.4181, 36.61473], [-99.41723, 36.61482], [-99.41716, 36.61514], [-99.4174, 36.61536]], [[-99.41602, 36.61843], [-99.41582, 36.61814], [-99.41538, 36.61803], [-99.41488, 36.61853], [-99.41508, 36.61876], [-99.41547, 36.61883], [-99.41602, 36.61843]], [[-99.42073, 36.62384], [-99.42095, 36.62326], [-99.42016, 36.62077], [-99.42036, 36.62009], [-99.41994, 36.61983], [-99.41947, 36.62013], [-99.41934, 36.6205], [-99.41935, 36.62144], [-99.41985, 36.62279], [-99.41955, 36.62362], [-99.41972, 36.62389], [-99.42025, 36.62409], [-99.42073, 36.62384]], [[-99.4178, 36.62577], [-99.41772, 36.62656], [-99.41818, 36.62677], [-99.41846, 36.62654], [-99.41857, 36.62568], [-99.41821, 36.62547], [-99.4178, 36.62577]], [[-99.41371, 36.62829], [-99.4142, 36.62796], [-99.41432, 36.62758], [-99.41393, 36.62708], [-99.4132, 36.62698], [-99.41294, 36.62719], [-99.41297, 36.62753], [-99.41337, 36.62816], [-99.41371, 36.62829]], [[-99.42024, 36.63332], [-99.42097, 36.63289], [-99.42099, 36.63255], [-99.42074, 36.63235], [-99.41927, 36.63267], [-99.419, 36.63289], [-99.41923, 36.63328], [-99.42024, 36.63332]], [[-99.42666, 36.63429], [-99.42711, 36.63439], [-99.42763, 36.63429], [-99.42803, 36.634], [-99.42804, 36.63365], [-99.42769, 36.63341], [-99.42697, 36.63348], [-99.42645, 36.63308], [-99.42551, 36.63278], [-99.42467, 36.63208], [-99.42423, 36.6321], [-99.42413, 36.63248], [-99.42469, 36.63305], [-99.42666, 36.63429]], [[-99.41724, 36.6413], [-99.41672, 36.64101], [-99.41629, 36.64121], [-99.41622, 36.64152], [-99.41679, 36.64174], [-99.41724, 36.6413]], [[-99.42894, 36.64207], [-99.42956, 36.64206], [-99.42983, 36.64184], [-99.42976, 36.64155], [-99.42931, 36.64117], [-99.42855, 36.64128], [-99.42829, 36.64149], [-99.42838, 36.64186], [-99.42894, 36.64207]], [[-99.41415, 36.64363], [-99.41409, 36.64315], [-99.41343, 36.64303], [-99.41262, 36.64341], [-99.41263, 36.64413], [-99.41315, 36.64434], [-99.41345, 36.64388], [-99.41415, 36.64363]], [[-99.42741, 36.65085], [-99.42796, 36.65089], [-99.42825, 36.6507], [-99.42819, 36.65027], [-99.42784, 36.64996], [-99.42742, 36.64994], [-99.42716, 36.65018], [-99.42715, 36.65064], [-99.42741, 36.65085]], [[-99.4078, 36.61475], [-99.40739, 36.61453], [-99.40688, 36.61485], [-99.40666, 36.61522], [-99.40681, 36.61558], [-99.40716, 36.61568], [-99.40756, 36.6155], [-99.4078, 36.61475]], [[-99.41293, 36.62038], [-99.41267, 36.6202], [-99.41236, 36.62023], [-99.4122, 36.62074], [-99.41272, 36.62086], [-99.41295, 36.62067], [-99.41293, 36.62038]], [[-99.40949, 36.62262], [-99.40894, 36.62222], [-99.40842, 36.62251], [-99.40856, 36.62285], [-99.40896, 36.623], [-99.40935, 36.62291], [-99.40949, 36.62262]], [[-99.41236, 36.63335], [-99.41278, 36.63295], [-99.4125, 36.6326], [-99.41188, 36.63248], [-99.41097, 36.63273], [-99.41106, 36.63312], [-99.41149, 36.63341], [-99.41194, 36.6335], [-99.41236, 36.63335]]], [[[-99.39112, 36.65296], [-99.36773, 36.6463], [-99.36765, 36.64418], [-99.36806, 36.6443], [-99.36853, 36.6456], [-99.36908, 36.64607], [-99.36974, 36.64628], [-99.37587, 36.64593], [-99.3772, 36.6451], [-99.37813, 36.64415], [-99.37796, 36.64391], [-99.37761, 36.64391], [-99.37568, 36.6454], [-99.3698, 36.64574], [-99.36947, 36.64562], [-99.36889, 36.64492], [-99.36865, 36.64402], [-99.36828, 36.64371], [-99.36763, 36.64364], [-99.36758, 36.64021], [-99.36784, 36.63849], [-99.36889, 36.63652], [-99.37025, 36.63506], [-99.37687, 36.63113], [-99.37809, 36.63011], [-99.37927, 36.62861], [-99.38177, 36.6242], [-99.3832, 36.62065], [-99.38537, 36.61405], [-99.38574, 36.61205], [-99.38584, 36.60901], [-99.40341, 36.60902], [-99.40347, 36.61998], [-99.40175, 36.61998], [-99.40107, 36.61967], [-99.39874, 36.61914], [-99.39305, 36.61831], [-99.39081, 36.61751], [-99.3905, 36.61758], [-99.3904, 36.61782], [-99.39285, 36.61883], [-99.39856, 36.61966], [-99.40085, 36.62019], [-99.40159, 36.62051], [-99.40348, 36.62052], [-99.40354, 36.63555], [-99.40383, 36.63606], [-99.40597, 36.63793], [-99.40657, 36.63809], [-99.40852, 36.63805], [-99.40887, 36.63826], [-99.40923, 36.63987], [-99.40839, 36.64349], [-99.40869, 36.64395], [-99.40995, 36.64461], [-99.40994, 36.64509], [-99.40948, 36.64533], [-99.40734, 36.64508], [-99.40452, 36.64397], [-99.40224, 36.64377], [-99.40134, 36.6433], [-99.40077, 36.64189], [-99.3999, 36.64175], [-99.39962, 36.64206], [-99.39981, 36.64227], [-99.40036, 36.64234], [-99.40081, 36.64364], [-99.40201, 36.64429], [-99.40434, 36.64449], [-99.40716, 36.6456], [-99.40966, 36.64587], [-99.40937, 36.64674], [-99.40928, 36.65134], [-99.40869, 36.65101], [-99.40824, 36.65159], [-99.40865, 36.65191], [-99.40926, 36.65181], [-99.40927, 36.65236], [-99.40959, 36.65265], [-99.41239, 36.65277], [-99.41245, 36.65656], [-99.41221, 36.65714], [-99.39112, 36.65296]], [[-99.39556, 36.62096], [-99.39599, 36.6213], [-99.39642, 36.62096], [-99.39595, 36.62058], [-99.39564, 36.62071], [-99.39556, 36.62096]], [[-99.39978, 36.6217], [-99.39941, 36.62131], [-99.399, 36.62139], [-99.39876, 36.6217], [-99.39914, 36.62203], [-99.39978, 36.6217]], [[-99.39876, 36.63337], [-99.39905, 36.63275], [-99.39864, 36.63247], [-99.39831, 36.63265], [-99.39796, 36.63329], [-99.39835, 36.63359], [-99.39876, 36.63337]], [[-99.39891, 36.641], [-99.39911, 36.6407], [-99.399, 36.6398], [-99.39877, 36.63959], [-99.39832, 36.63953], [-99.39802, 36.63981], [-99.3981, 36.6406], [-99.39854, 36.641], [-99.39891, 36.641]], [[-99.4028, 36.64995], [-99.40308, 36.64972], [-99.40303, 36.64939], [-99.40271, 36.64898], [-99.40239, 36.64893], [-99.40213, 36.64915], [-99.40215, 36.64946], [-99.40246, 36.64989], [-99.4028, 36.64995]], [[-99.4069, 36.65307], [-99.40748, 36.6525], [-99.40716, 36.65207], [-99.40662, 36.65213], [-99.4064, 36.65234], [-99.40642, 36.65286], [-99.4069, 36.65307]], [[-99.38444, 36.62343], [-99.38478, 36.62323], [-99.38478, 36.62297], [-99.3845, 36.62276], [-99.38402, 36.62275], [-99.38385, 36.62323], [-99.38444, 36.62343]], [[-99.39244, 36.62862], [-99.39214, 36.62847], [-99.39235, 36.62762], [-99.39283, 36.6268], [-99.39249, 36.62648], [-99.39107, 36.62711], [-99.39099, 36.62819], [-99.39028, 36.62865], [-99.39037, 36.62936], [-99.39069, 36.62961], [-99.39188, 36.62992], [-99.39215, 36.62961], [-99.39194, 36.62927], [-99.39242, 36.62934], [-99.39271, 36.62913], [-99.39244, 36.62862]], [[-99.38194, 36.63503], [-99.38218, 36.63476], [-99.382, 36.63433], [-99.38166, 36.63412], [-99.38111, 36.63416], [-99.38101, 36.63463], [-99.38159, 36.63503], [-99.38194, 36.63503]], [[-99.38837, 36.64217], [-99.38811, 36.64173], [-99.38756, 36.64191], [-99.38758, 36.64225], [-99.38781, 36.64242], [-99.38813, 36.64241], [-99.38837, 36.64217]], [[-99.39075, 36.64625], [-99.39044, 36.64604], [-99.38965, 36.64598], [-99.38931, 36.64621], [-99.38925, 36.64652], [-99.38956, 36.64681], [-99.39039, 36.6468], [-99.39076, 36.64655], [-99.39075, 36.64625]], [[-99.38725, 36.64716], [-99.38716, 36.6469], [-99.38669, 36.64668], [-99.38625, 36.64675], [-99.38595, 36.6471], [-99.38608, 36.64748], [-99.38642, 36.64764], [-99.38699, 36.64759], [-99.38725, 36.64716]], [[-99.38811, 36.64836], [-99.38799, 36.64783], [-99.38819, 36.64738], [-99.38765, 36.64717], [-99.38716, 36.64751], [-99.38715, 36.64808], [-99.38761, 36.64855], [-99.38811, 36.64836]], [[-99.37666, 36.63854], [-99.37664, 36.63829], [-99.37635, 36.63813], [-99.37591, 36.63817], [-99.37566, 36.63842], [-99.37573, 36.63872], [-99.37599, 36.63887], [-99.37666, 36.63854]], [[-99.371, 36.64159], [-99.37089, 36.6413], [-99.3703, 36.64105], [-99.36968, 36.64139], [-99.37019, 36.64198], [-99.37072, 36.64186], [-99.371, 36.64159]], [[-99.37623, 36.64725], [-99.37599, 36.64754], [-99.37605, 36.64781], [-99.37643, 36.64796], [-99.37681, 36.64785], [-99.37697, 36.64727], [-99.37661, 36.64709], [-99.37623, 36.64725]]], [[[-99.36524, 36.64559], [-99.34979, 36.63976], [-99.34972, 36.63686], [-99.3494, 36.63607], [-99.34943, 36.63532], [-99.34895, 36.63437], [-99.34922, 36.63361], [-99.34929, 36.63207], [-99.34895, 36.62969], [-99.3492, 36.62921], [-99.34906, 36.62742], [-99.34912, 36.62704], [-99.34963, 36.62644], [-99.34965, 36.62501], [-99.34948, 36.62479], [-99.34901, 36.62492], [-99.34896, 36.62634], [-99.34842, 36.62705], [-99.34852, 36.62913], [-99.34828, 36.62972], [-99.34852, 36.63088], [-99.34808, 36.63094], [-99.34774, 36.63129], [-99.34751, 36.63235], [-99.34621, 36.62936], [-99.3451, 36.62782], [-99.3441, 36.62676], [-99.34172, 36.62484], [-99.33983, 36.62377], [-99.3388, 36.62349], [-99.33804, 36.6235], [-99.33591, 36.62485], [-99.33561, 36.62543], [-99.33598, 36.62705], [-99.33566, 36.62824], [-99.33401, 36.62879], [-99.33272, 36.63074], [-99.33252, 36.63092], [-99.33179, 36.63099], [-99.33098, 36.63085], [-99.33122, 36.63051], [-99.33098, 36.6302], [-99.33033, 36.63028], [-99.33014, 36.63061], [-99.32893, 36.63013], [-99.32685, 36.62852], [-99.32637, 36.62739], [-99.32603, 36.6274], [-99.32587, 36.62762], [-99.32594, 36.62827], [-99.32628, 36.6288], [-99.32836, 36.63045], [-99.3168, 36.6249], [-99.31319, 36.62276], [-99.31366, 36.62226], [-99.31382, 36.62176], [-99.31376, 36.61979], [-99.31424, 36.61837], [-99.31412, 36.61694], [-99.31429, 36.61605], [-99.31564, 36.61271], [-99.3173, 36.61008], [-99.31889, 36.60406], [-99.31901, 36.60269], [-99.31879, 36.60036], [-99.31826, 36.59951], [-99.31826, 36.59511], [-99.33214, 36.59506], [-99.3322, 36.59533], [-99.33254, 36.59548], [-99.33323, 36.59506], [-99.33308, 36.59572], [-99.3325, 36.5957], [-99.33226, 36.5959], [-99.33239, 36.59618], [-99.33291, 36.59627], [-99.33361, 36.5961], [-99.3339, 36.59506], [-99.3452, 36.59495], [-99.34539, 36.59595], [-99.34585, 36.59625], [-99.34629, 36.59589], [-99.34586, 36.59516], [-99.34595, 36.59495], [-99.35417, 36.59483], [-99.35445, 36.59433], [-99.35442, 36.5877], [-99.35487, 36.58605], [-99.35504, 36.58435], [-99.35542, 36.58453], [-99.35549, 36.58507], [-99.35525, 36.58547], [-99.35544, 36.5857], [-99.35585, 36.58562], [-99.35617, 36.58484], [-99.35605, 36.5843], [-99.35578, 36.58404], [-99.3549, 36.58381], [-99.35453, 36.58274], [-99.35448, 36.57946], [-99.37163, 36.57918], [-99.37169, 36.59404], [-99.36856, 36.59406], [-99.36759, 36.59433], [-99.36731, 36.59476], [-99.36695, 36.59877], [-99.36311, 36.6005], [-99.36213, 36.60131], [-99.35976, 36.60142], [-99.35826, 36.60121], [-99.35654, 36.60017], [-99.35551, 36.60002], [-99.35341, 36.6015], [-99.35231, 36.60277], [-99.35151, 36.60512], [-99.35111, 36.60773], [-99.35167, 36.60959], [-99.35192, 36.61339], [-99.35136, 36.61331], [-99.35112, 36.61368], [-99.35166, 36.61401], [-99.35204, 36.61365], [-99.3526, 36.61473], [-99.35248, 36.61629], [-99.35151, 36.61818], [-99.35211, 36.6221], [-99.35238, 36.62223], [-99.35272, 36.62203], [-99.35338, 36.62222], [-99.35383, 36.62213], [-99.35463, 36.62178], [-99.35628, 36.62051], [-99.35722, 36.62027], [-99.36281, 36.6204], [-99.36428, 36.6201], [-99.36708, 36.61999], [-99.37185, 36.62006], [-99.3732, 36.61961], [-99.37458, 36.61947], [-99.37683, 36.62037], [-99.37775, 36.62051], [-99.37925, 36.62036], [-99.37989, 36.6199], [-99.38135, 36.61708], [-99.38377, 36.61675], [-99.38179, 36.62262], [-99.37831, 36.62889], [-99.37642, 36.63073], [-99.3708, 36.63395], [-99.371, 36.63345], [-99.37022, 36.63107], [-99.371, 36.63081], [-99.37105, 36.6304], [-99.37025, 36.6297], [-99.36968, 36.62978], [-99.36949, 36.62946], [-99.36892, 36.6292], [-99.3683, 36.62916], [-99.36661, 36.62971], [-99.36577, 36.62977], [-99.36494, 36.62952], [-99.36443, 36.62924], [-99.36471, 36.62892], [-99.36442, 36.62853], [-99.36395, 36.6285], [-99.36373, 36.62885], [-99.36225, 36.62785], [-99.36147, 36.62648], [-99.3608, 36.62451], [-99.36052, 36.62435], [-99.3602, 36.6245], [-99.36083, 36.62665], [-99.3617, 36.62816], [-99.36361, 36.62944], [-99.36382, 36.62988], [-99.36466, 36.63002], [-99.36462, 36.63016], [-99.36395, 36.63019], [-99.36379, 36.63056], [-99.36429, 36.6309], [-99.36471, 36.63066], [-99.36495, 36.63148], [-99.36489, 36.63162], [-99.36467, 36.63134], [-99.36414, 36.63133], [-99.36391, 36.63156], [-99.36401, 36.63186], [-99.36447, 36.63199], [-99.36481, 36.63182], [-99.36491, 36.63241], [-99.36524, 36.63271], [-99.36598, 36.63259], [-99.36629, 36.63224], [-99.36593, 36.6303], [-99.36874, 36.62973], [-99.36898, 36.62984], [-99.36942, 36.63074], [-99.37031, 36.63348], [-99.36961, 36.63433], [-99.36958, 36.63486], [-99.3679, 36.63684], [-99.36718, 36.63837], [-99.36688, 36.64094], [-99.36705, 36.64611], [-99.36524, 36.64559]], [[-99.36794, 36.62558], [-99.36827, 36.62524], [-99.36787, 36.62413], [-99.36804, 36.62338], [-99.36757, 36.62301], [-99.36687, 36.62378], [-99.36681, 36.62474], [-99.36734, 36.62547], [-99.36794, 36.62558]], [[-99.36625, 36.62533], [-99.36597, 36.62492], [-99.36561, 36.62491], [-99.36537, 36.62512], [-99.36542, 36.6254], [-99.3657, 36.62557], [-99.36625, 36.62533]], [[-99.36356, 36.62531], [-99.36307, 36.62494], [-99.36261, 36.62522], [-99.36304, 36.62568], [-99.36356, 36.62531]], [[-99.36533, 36.6262], [-99.36583, 36.62593], [-99.36548, 36.62552], [-99.36498, 36.62577], [-99.36533, 36.6262]], [[-99.36468, 36.62773], [-99.36503, 36.62768], [-99.36521, 36.62746], [-99.36474, 36.62701], [-99.36432, 36.62736], [-99.36468, 36.62773]], [[-99.37444, 36.63105], [-99.3744, 36.63077], [-99.37401, 36.63057], [-99.37344, 36.63074], [-99.37341, 36.63109], [-99.37365, 36.63128], [-99.37419, 36.63124], [-99.37444, 36.63105]], [[-99.36481, 36.63569], [-99.36476, 36.63536], [-99.36421, 36.63517], [-99.36383, 36.63534], [-99.36372, 36.63575], [-99.36427, 36.63608], [-99.36481, 36.63569]], [[-99.36002, 36.58527], [-99.35996, 36.58502], [-99.3596, 36.58486], [-99.35917, 36.58498], [-99.359, 36.58531], [-99.35955, 36.58569], [-99.36002, 36.58527]], [[-99.34469, 36.5952], [-99.34438, 36.59499], [-99.34401, 36.59511], [-99.3439, 36.59548], [-99.34406, 36.59575], [-99.34437, 36.59586], [-99.34464, 36.59572], [-99.34469, 36.5952]], [[-99.35075, 36.60674], [-99.35001, 36.60653], [-99.34978, 36.60674], [-99.34982, 36.60704], [-99.35017, 36.60732], [-99.35059, 36.60733], [-99.3509, 36.60705], [-99.35075, 36.60674]], [[-99.34682, 36.60973], [-99.34658, 36.6093], [-99.34611, 36.60901], [-99.34578, 36.60907], [-99.34538, 36.60946], [-99.34545, 36.60981], [-99.34602, 36.61014], [-99.34661, 36.61001], [-99.34682, 36.60973]], [[-99.35149, 36.60973], [-99.35113, 36.60932], [-99.35073, 36.60939], [-99.35053, 36.60963], [-99.35087, 36.61], [-99.35126, 36.60996], [-99.35149, 36.60973]], [[-99.34635, 36.62808], [-99.34664, 36.62828], [-99.34705, 36.62825], [-99.34724, 36.62777], [-99.34697, 36.62755], [-99.34655, 36.62754], [-99.34632, 36.62776], [-99.34635, 36.62808]], [[-99.34749, 36.62967], [-99.34793, 36.62938], [-99.34785, 36.62907], [-99.3475, 36.62892], [-99.34702, 36.62921], [-99.34716, 36.62953], [-99.34749, 36.62967]], [[-99.3519, 36.63588], [-99.35227, 36.63607], [-99.35259, 36.636], [-99.35277, 36.63573], [-99.35267, 36.6354], [-99.3524, 36.63526], [-99.3521, 36.63534], [-99.3519, 36.63588]], [[-99.358, 36.63651], [-99.35831, 36.63653], [-99.35863, 36.63628], [-99.35873, 36.63584], [-99.35846, 36.63559], [-99.35802, 36.63567], [-99.35766, 36.63602], [-99.35767, 36.63632], [-99.358, 36.63651]], [[-99.32648, 36.59779], [-99.32613, 36.59759], [-99.32578, 36.59778], [-99.32572, 36.5982], [-99.32595, 36.59847], [-99.32648, 36.59834], [-99.32648, 36.59779]], [[-99.33014, 36.60034], [-99.33025, 36.59969], [-99.33002, 36.59948], [-99.32965, 36.59946], [-99.32872, 36.60011], [-99.32844, 36.60063], [-99.32888, 36.60088], [-99.32953, 36.60053], [-99.32993, 36.60057], [-99.33014, 36.60034]], [[-99.32721, 36.60037], [-99.32702, 36.59975], [-99.32645, 36.59982], [-99.32641, 36.60108], [-99.3267, 36.60133], [-99.32721, 36.60113], [-99.32721, 36.60037]], [[-99.32721, 36.60189], [-99.32684, 36.60167], [-99.32648, 36.60184], [-99.32645, 36.60231], [-99.32667, 36.60258], [-99.32719, 36.60246], [-99.32721, 36.60189]], [[-99.33407, 36.60241], [-99.33397, 36.60289], [-99.3343, 36.60306], [-99.33465, 36.603], [-99.33477, 36.60251], [-99.33451, 36.60236], [-99.33407, 36.60241]], [[-99.33436, 36.60731], [-99.33461, 36.60709], [-99.33456, 36.60683], [-99.33417, 36.60645], [-99.33383, 36.60642], [-99.3336, 36.60666], [-99.33376, 36.60717], [-99.33402, 36.60735], [-99.33436, 36.60731]], [[-99.32106, 36.61274], [-99.32158, 36.6118], [-99.32124, 36.61146], [-99.32088, 36.6116], [-99.32027, 36.61235], [-99.32054, 36.61277], [-99.32106, 36.61274]], [[-99.31717, 36.61383], [-99.3169, 36.61361], [-99.31655, 36.61363], [-99.31642, 36.61423], [-99.31694, 36.61437], [-99.31718, 36.61414], [-99.31717, 36.61383]], [[-99.33064, 36.61495], [-99.3313, 36.61525], [-99.33171, 36.61486], [-99.3313, 36.61364], [-99.33083, 36.61322], [-99.33041, 36.61327], [-99.33019, 36.6135], [-99.33071, 36.61432], [-99.33064, 36.61495]], [[-99.32054, 36.61648], [-99.32002, 36.61601], [-99.31964, 36.61602], [-99.3194, 36.61622], [-99.31945, 36.61649], [-99.32003, 36.61691], [-99.32042, 36.6168], [-99.32054, 36.61648]], [[-99.33739, 36.61732], [-99.33772, 36.61732], [-99.33796, 36.61711], [-99.33797, 36.6167], [-99.33769, 36.61647], [-99.33727, 36.61647], [-99.33689, 36.6168], [-99.33696, 36.61707], [-99.33739, 36.61732]], [[-99.33092, 36.618], [-99.33128, 36.61767], [-99.33095, 36.61727], [-99.32986, 36.61766], [-99.32989, 36.61791], [-99.33019, 36.61808], [-99.33092, 36.618]], [[-99.32391, 36.61781], [-99.32331, 36.61771], [-99.32319, 36.61818], [-99.32352, 36.61839], [-99.32384, 36.61836], [-99.32406, 36.6181], [-99.32391, 36.61781]]], [[[-99.34532, 36.63807], [-99.34553, 36.63753], [-99.34704, 36.63654], [-99.34835, 36.63608], [-99.34876, 36.63562], [-99.34873, 36.63614], [-99.34905, 36.63692], [-99.34912, 36.63951], [-99.34532, 36.63807]]], [[[-99.34039, 36.63621], [-99.32952, 36.631], [-99.33175, 36.63153], [-99.33293, 36.63135], [-99.33445, 36.62919], [-99.33586, 36.62883], [-99.33623, 36.62852], [-99.33658, 36.62778], [-99.33665, 36.62702], [-99.33628, 36.62548], [-99.33644, 36.62519], [-99.33824, 36.62403], [-99.33958, 36.62428], [-99.34038, 36.62464], [-99.34361, 36.62713], [-99.3456, 36.62959], [-99.34682, 36.63254], [-99.34717, 36.63284], [-99.34784, 36.63287], [-99.34818, 36.63263], [-99.34836, 36.63152], [-99.34862, 36.63148], [-99.34855, 36.63354], [-99.34827, 36.63437], [-99.34848, 36.635], [-99.34791, 36.63566], [-99.34669, 36.63607], [-99.34504, 36.63715], [-99.34468, 36.63783], [-99.34039, 36.63621]], [[-99.3428, 36.62812], [-99.34332, 36.62791], [-99.34306, 36.62746], [-99.34262, 36.62746], [-99.34237, 36.62765], [-99.34242, 36.62794], [-99.3428, 36.62812]]], [[[-99.30825, 36.61983], [-99.30778, 36.61892], [-99.30858, 36.61852], [-99.31212, 36.61841], [-99.31356, 36.61751], [-99.31357, 36.6183], [-99.31309, 36.61975], [-99.31316, 36.62169], [-99.31265, 36.62244], [-99.30825, 36.61983]]], [[[-99.29788, 36.61367], [-99.29784, 36.61139], [-99.29859, 36.60978], [-99.29768, 36.60707], [-99.29894, 36.6056], [-99.29996, 36.60476], [-99.30036, 36.60286], [-99.3007, 36.60285], [-99.30093, 36.60253], [-99.30049, 36.60217], [-99.30057, 36.60143], [-99.30028, 36.59948], [-99.30018, 36.57996], [-99.31791, 36.58004], [-99.31758, 36.59457], [-99.31365, 36.59458], [-99.31324, 36.59474], [-99.31308, 36.59526], [-99.31254, 36.59563], [-99.31261, 36.5959], [-99.31297, 36.59605], [-99.31265, 36.59712], [-99.31302, 36.59739], [-99.3133, 36.59722], [-99.31376, 36.59598], [-99.31374, 36.59513], [-99.31758, 36.59511], [-99.31761, 36.59972], [-99.31813, 36.60048], [-99.31833, 36.60271], [-99.31822, 36.60397], [-99.31666, 36.60992], [-99.31502, 36.61251], [-99.31385, 36.61535], [-99.31345, 36.61684], [-99.31208, 36.61786], [-99.3107, 36.618], [-99.31063, 36.61729], [-99.31037, 36.61708], [-99.31004, 36.61709], [-99.30967, 36.61753], [-99.3096, 36.61798], [-99.30841, 36.61799], [-99.3078, 36.61838], [-99.30712, 36.61848], [-99.307, 36.61881], [-99.30722, 36.61921], [-99.29788, 36.61367]], [[-99.31101, 36.58223], [-99.31077, 36.58188], [-99.31038, 36.58184], [-99.3101, 36.58209], [-99.3101, 36.58245], [-99.31069, 36.58271], [-99.31101, 36.58223]], [[-99.31308, 36.58256], [-99.31264, 36.58213], [-99.31214, 36.58238], [-99.31221, 36.58271], [-99.31254, 36.58292], [-99.31288, 36.58285], [-99.31308, 36.58256]], [[-99.30807, 36.58912], [-99.30789, 36.58882], [-99.30757, 36.58878], [-99.3072, 36.58902], [-99.30715, 36.58933], [-99.30765, 36.58955], [-99.30807, 36.58912]], [[-99.306, 36.59496], [-99.30633, 36.59473], [-99.30641, 36.59432], [-99.30631, 36.594], [-99.30595, 36.59384], [-99.30564, 36.59399], [-99.30542, 36.59465], [-99.3056, 36.5949], [-99.306, 36.59496]], [[-99.30989, 36.59671], [-99.31019, 36.59649], [-99.31026, 36.59612], [-99.31001, 36.59586], [-99.30969, 36.59582], [-99.3094, 36.59601], [-99.30929, 36.59648], [-99.30948, 36.5967], [-99.30989, 36.59671]], [[-99.30269, 36.59897], [-99.30285, 36.59826], [-99.30242, 36.598], [-99.3021, 36.59822], [-99.3018, 36.59938], [-99.30229, 36.59952], [-99.30269, 36.59897]], [[-99.3061, 36.60046], [-99.30585, 36.60021], [-99.30554, 36.60021], [-99.305, 36.60057], [-99.30498, 36.60089], [-99.30526, 36.60108], [-99.3057, 36.60106], [-99.30603, 36.60081], [-99.3061, 36.60046]], [[-99.31095, 36.60396], [-99.31133, 36.60386], [-99.31162, 36.60338], [-99.31138, 36.60296], [-99.31101, 36.603], [-99.31061, 36.60333], [-99.31061, 36.60375], [-99.31095, 36.60396]], [[-99.30319, 36.60848], [-99.30357, 36.60839], [-99.30411, 36.60778], [-99.30404, 36.60686], [-99.30374, 36.60663], [-99.30333, 36.6068], [-99.30325, 36.60759], [-99.30288, 36.60797], [-99.30289, 36.60828], [-99.30319, 36.60848]], [[-99.31001, 36.60967], [-99.3103, 36.60945], [-99.31029, 36.60917], [-99.31009, 36.60885], [-99.3097, 36.60873], [-99.3094, 36.60899], [-99.30947, 36.60945], [-99.30969, 36.60967], [-99.31001, 36.60967]], [[-99.30654, 36.61072], [-99.30687, 36.61102], [-99.30736, 36.61078], [-99.30739, 36.61037], [-99.3071, 36.61], [-99.30659, 36.61012], [-99.30654, 36.61072]], [[-99.31246, 36.61321], [-99.31286, 36.61266], [-99.31262, 36.61226], [-99.31223, 36.61216], [-99.31183, 36.61248], [-99.31178, 36.61292], [-99.31206, 36.61321], [-99.31246, 36.61321]], [[-99.30096, 36.61509], [-99.30098, 36.61535], [-99.30125, 36.61554], [-99.3017, 36.61555], [-99.30197, 36.61534], [-99.30198, 36.61491], [-99.30162, 36.61461], [-99.30122, 36.61468], [-99.30096, 36.61509]]], [[[-99.29471, 36.61178], [-99.27433, 36.59698], [-99.26841, 36.59174], [-99.26882, 36.59146], [-99.26863, 36.59102], [-99.26797, 36.5908], [-99.26761, 36.59103], [-99.2584, 36.58289], [-99.25914, 36.5823], [-99.25911, 36.58192], [-99.25829, 36.58186], [-99.25776, 36.58232], [-99.25641, 36.58112], [-99.25711, 36.58061], [-99.25757, 36.57947], [-99.25743, 36.57632], [-99.25811, 36.5749], [-99.25826, 36.57279], [-99.26299, 36.57272], [-99.26372, 36.57257], [-99.26417, 36.57221], [-99.26433, 36.57173], [-99.26445, 36.56561], [-99.28105, 36.56547], [-99.28106, 36.57968], [-99.28124, 36.57992], [-99.29951, 36.57996], [-99.29959, 36.59484], [-99.29735, 36.59498], [-99.29707, 36.59524], [-99.2974, 36.59552], [-99.29959, 36.59538], [-99.29961, 36.59949], [-99.29987, 36.60189], [-99.29935, 36.60453], [-99.29841, 36.60527], [-99.29703, 36.60694], [-99.29708, 36.60771], [-99.29792, 36.60978], [-99.29718, 36.61133], [-99.29722, 36.61327], [-99.29471, 36.61178]], [[-99.29692, 36.59109], [-99.29663, 36.59089], [-99.2963, 36.59092], [-99.2961, 36.59114], [-99.29618, 36.59149], [-99.29675, 36.59161], [-99.29692, 36.59109]], [[-99.29336, 36.58382], [-99.29373, 36.58379], [-99.29416, 36.5834], [-99.29427, 36.58304], [-99.29401, 36.5828], [-99.29366, 36.58282], [-99.2932, 36.58329], [-99.29314, 36.58364], [-99.29336, 36.58382]], [[-99.27673, 36.58902], [-99.27712, 36.58884], [-99.27743, 36.58833], [-99.27738, 36.58801], [-99.27707, 36.58779], [-99.27616, 36.5883], [-99.2762, 36.58883], [-99.27673, 36.58902]], [[-99.28465, 36.59391], [-99.28555, 36.59331], [-99.28547, 36.59288], [-99.28465, 36.59282], [-99.28431, 36.59304], [-99.28409, 36.59362], [-99.28465, 36.59391]], [[-99.26511, 36.57555], [-99.26528, 36.57532], [-99.26515, 36.57498], [-99.26537, 36.57443], [-99.26533, 36.57366], [-99.26489, 36.57333], [-99.26451, 36.57365], [-99.26423, 36.5753], [-99.26458, 36.57563], [-99.26511, 36.57555]], [[-99.27043, 36.57769], [-99.27006, 36.5773], [-99.26955, 36.57754], [-99.26962, 36.57786], [-99.26991, 36.57802], [-99.27022, 36.57797], [-99.27043, 36.57769]], [[-99.262, 36.57874], [-99.2623, 36.5791], [-99.26268, 36.57913], [-99.26307, 36.57883], [-99.26314, 36.57846], [-99.26276, 36.57809], [-99.26245, 36.57805], [-99.262, 36.57874]], [[-99.26998, 36.59112], [-99.26976, 36.59084], [-99.26941, 36.59083], [-99.26899, 36.59129], [-99.269, 36.59154], [-99.26962, 36.5917], [-99.26998, 36.59112]]], [[[-99.25586, 36.58063], [-99.25086, 36.57523], [-99.25038, 36.57375], [-99.24992, 36.57355], [-99.24963, 36.5739], [-99.23947, 36.5629], [-99.2341, 36.55573], [-99.23462, 36.55551], [-99.23465, 36.55512], [-99.23418, 36.55497], [-99.2338, 36.55532], [-99.23061, 36.55104], [-99.26378, 36.55118], [-99.26366, 36.57168], [-99.26338, 36.57209], [-99.26291, 36.57219], [-99.25817, 36.57225], [-99.25774, 36.57243], [-99.25745, 36.57479], [-99.25676, 36.57628], [-99.2569, 36.57939], [-99.25653, 36.58032], [-99.25596, 36.58072], [-99.25586, 36.58063]], [[-99.26051, 36.55374], [-99.26053, 36.55405], [-99.26084, 36.55433], [-99.26135, 36.55444], [-99.26167, 36.55424], [-99.26168, 36.55388], [-99.26131, 36.55355], [-99.26079, 36.55351], [-99.26051, 36.55374]], [[-99.25287, 36.56046], [-99.25265, 36.56065], [-99.25277, 36.56105], [-99.25241, 36.56157], [-99.25237, 36.56279], [-99.25304, 36.5632], [-99.2534, 36.56295], [-99.25329, 36.56175], [-99.25357, 36.56107], [-99.25338, 36.56063], [-99.25287, 36.56046]], [[-99.25382, 36.56456], [-99.25456, 36.5641], [-99.25485, 36.56369], [-99.25487, 36.56342], [-99.25464, 36.56321], [-99.2543, 36.56324], [-99.25343, 36.5639], [-99.2528, 36.56376], [-99.25239, 36.5643], [-99.2527, 36.56471], [-99.25382, 36.56456]], [[-99.24071, 36.55544], [-99.24044, 36.55522], [-99.24008, 36.55523], [-99.23986, 36.55546], [-99.23991, 36.55578], [-99.24048, 36.55595], [-99.24073, 36.55574], [-99.24071, 36.55544]], [[-99.24577, 36.56357], [-99.24573, 36.56327], [-99.24545, 36.56309], [-99.24496, 36.56312], [-99.24469, 36.56338], [-99.24474, 36.56363], [-99.24508, 36.56383], [-99.24548, 36.56383], [-99.24577, 36.56357]]], [[[-99.22843, 36.54813], [-99.22856, 36.53667], [-99.26374, 36.53659], [-99.26378, 36.55064], [-99.2302, 36.5505], [-99.22843, 36.54813]], [[-99.26374, 36.54897], [-99.26347, 36.54874], [-99.26318, 36.54876], [-99.26279, 36.54909], [-99.26281, 36.54941], [-99.26338, 36.54953], [-99.26372, 36.54925], [-99.26374, 36.54897]], [[-99.24211, 36.53697], [-99.24186, 36.53679], [-99.24153, 36.53682], [-99.24126, 36.53709], [-99.24131, 36.53738], [-99.24189, 36.53749], [-99.24211, 36.53697]], [[-99.24597, 36.54433], [-99.24539, 36.54417], [-99.2452, 36.54465], [-99.24545, 36.54486], [-99.24577, 36.54485], [-99.24602, 36.54463], [-99.24597, 36.54433]]], [[[-99.22532, 36.54396], [-99.22101, 36.53667], [-99.22789, 36.53667], [-99.22777, 36.54725], [-99.22532, 36.54396]]], [[[-99.21354, 36.52399], [-99.21272, 36.52215], [-99.2278, 36.52208], [-99.22789, 36.53613], [-99.2207, 36.53612], [-99.21354, 36.52399]]], [[[-99.21051, 36.51721], [-99.21051, 36.51289], [-99.211, 36.51271], [-99.21137, 36.51209], [-99.21106, 36.5118], [-99.21051, 36.51192], [-99.21054, 36.50763], [-99.22774, 36.50763], [-99.2278, 36.52154], [-99.21248, 36.52161], [-99.21051, 36.51721]]], [[[-99.20625, 36.50764], [-99.20987, 36.50763], [-99.20984, 36.5157], [-99.20625, 36.50764]]], [[[-99.20425, 36.50318], [-99.19754, 36.48174], [-99.19699, 36.47877], [-99.20997, 36.47876], [-99.20989, 36.50026], [-99.20934, 36.50029], [-99.20911, 36.50056], [-99.20934, 36.50089], [-99.20989, 36.50095], [-99.20987, 36.50709], [-99.20601, 36.5071], [-99.20425, 36.50318]], [[-99.20769, 36.48437], [-99.20777, 36.48466], [-99.20811, 36.48478], [-99.20863, 36.48451], [-99.20832, 36.48411], [-99.2079, 36.48414], [-99.20769, 36.48437]], [[-99.1998, 36.48394], [-99.19981, 36.48438], [-99.20064, 36.48514], [-99.20128, 36.4851], [-99.20132, 36.48467], [-99.20077, 36.484], [-99.20031, 36.48377], [-99.1998, 36.48394]], [[-99.1998, 36.48703], [-99.20015, 36.48659], [-99.20001, 36.48631], [-99.19969, 36.48622], [-99.1994, 36.48635], [-99.19927, 36.48672], [-99.19943, 36.48695], [-99.1998, 36.48703]], [[-99.2061, 36.48677], [-99.20621, 36.48702], [-99.20653, 36.48713], [-99.20703, 36.48683], [-99.20694, 36.48657], [-99.20664, 36.48645], [-99.2061, 36.48677]], [[-99.20971, 36.48757], [-99.20987, 36.4872], [-99.20954, 36.48677], [-99.20922, 36.48667], [-99.20884, 36.48679], [-99.20867, 36.48704], [-99.20878, 36.48739], [-99.20932, 36.48764], [-99.20971, 36.48757]]], [[[-99.1943, 36.46431], [-99.21014, 36.46436], [-99.20998, 36.47822], [-99.19689, 36.47823], [-99.1943, 36.46431]]], [[[-99.19347, 36.45986], [-99.19301, 36.45262], [-99.19354, 36.45159], [-99.19457, 36.45068], [-99.19654, 36.44994], [-99.20103, 36.44974], [-99.20148, 36.44986], [-99.20148, 36.45078], [-99.20589, 36.45078], [-99.20588, 36.44985], [-99.21, 36.44984], [-99.21014, 36.46382], [-99.1942, 36.46377], [-99.19347, 36.45986]]], [[[-99.19288, 36.45047], [-99.19289, 36.44988], [-99.19489, 36.44988], [-99.19381, 36.4505], [-99.19293, 36.45136], [-99.19288, 36.45047]]], [[[-99.19229, 36.44117], [-99.19235, 36.44117], [-99.19235, 36.44211], [-99.19229, 36.44117]]], [[[-99.69471, 36.34151], [-99.6949, 36.34149], [-99.69496, 36.34559], [-99.69533, 36.34583], [-99.69563, 36.34556], [-99.69554, 36.33942], [-99.70257, 36.33361], [-99.70319, 36.33393], [-99.70402, 36.33395], [-99.70364, 36.33759], [-99.70394, 36.33861], [-99.70514, 36.33957], [-99.70571, 36.33948], [-99.706, 36.33914], [-99.70571, 36.33857], [-99.70452, 36.33832], [-99.70431, 36.33754], [-99.70469, 36.33394], [-99.71756, 36.3338], [-99.71755, 36.33394], [-99.71598, 36.33403], [-99.71475, 36.33478], [-99.71399, 36.33573], [-99.71363, 36.33669], [-99.71433, 36.33774], [-99.67801, 36.35376], [-99.69387, 36.34081], [-99.69406, 36.34133], [-99.69471, 36.34151]]], [[[-99.67837, 36.35438], [-99.67816, 36.35439], [-99.71126, 36.33978], [-99.71047, 36.34056], [-99.70702, 36.34194], [-99.70624, 36.34271], [-99.70562, 36.34304], [-99.70438, 36.34459], [-99.70433, 36.34495], [-99.70476, 36.34555], [-99.70533, 36.34735], [-99.70538, 36.34838], [-99.70505, 36.34908], [-99.70557, 36.34954], [-99.70566, 36.35024], [-99.70529, 36.35072], [-99.70422, 36.3509], [-99.70184, 36.35056], [-99.7005, 36.35071], [-99.69891, 36.35029], [-99.69809, 36.35036], [-99.69635, 36.35009], [-99.69389, 36.35032], [-99.69293, 36.35067], [-99.68989, 36.35296], [-99.68923, 36.35473], [-99.6894, 36.35572], [-99.68994, 36.35673], [-99.691, 36.35761], [-99.69187, 36.35764], [-99.69372, 36.35729], [-99.69496, 36.35785], [-99.69546, 36.35827], [-99.69568, 36.35912], [-99.69606, 36.35943], [-99.69607, 36.35978], [-99.69646, 36.36029], [-99.69648, 36.36113], [-99.69616, 36.36179], [-99.69547, 36.36209], [-99.69499, 36.36263], [-99.69331, 36.36352], [-99.69204, 36.36449], [-99.69106, 36.36477], [-99.68974, 36.3647], [-99.68895, 36.36417], [-99.6864, 36.36333], [-99.68652, 36.36263], [-99.68549, 36.36191], [-99.68506, 36.36186], [-99.68417, 36.36219], [-99.68409, 36.3629], [-99.68369, 36.36332], [-99.68358, 36.36392], [-99.68403, 36.36437], [-99.6845, 36.36552], [-99.68451, 36.36679], [-99.68476, 36.36733], [-99.68481, 36.3682], [-99.68505, 36.3685], [-99.68498, 36.36905], [-99.68528, 36.36954], [-99.68523, 36.36994], [-99.6864, 36.37224], [-99.68532, 36.3731], [-99.68345, 36.37365], [-99.68263, 36.37431], [-99.68224, 36.37487], [-99.68229, 36.37563], [-99.68287, 36.37673], [-99.68283, 36.37699], [-99.68238, 36.37731], [-99.68165, 36.37768], [-99.67949, 36.37828], [-99.6772, 36.37835], [-99.67553, 36.37918], [-99.67424, 36.37904], [-99.67363, 36.37928], [-99.67219, 36.37919], [-99.67193, 36.37855], [-99.67127, 36.37834], [-99.67116, 36.37797], [-99.67071, 36.37793], [-99.67, 36.37734], [-99.66913, 36.37603], [-99.66878, 36.37457], [-99.66845, 36.3741], [-99.66863, 36.37373], [-99.66861, 36.37227], [-99.66893, 36.37143], [-99.66881, 36.37106], [-99.66822, 36.37051], [-99.66807, 36.36976], [-99.66654, 36.36923], [-99.66543, 36.36925], [-99.66469, 36.37018], [-99.66451, 36.37107], [-99.66397, 36.37147], [-99.66281, 36.37159], [-99.66261, 36.37231], [-99.66195, 36.37285], [-99.66118, 36.37393], [-99.65972, 36.37508], [-99.65909, 36.37617], [-99.65894, 36.37751], [-99.6594, 36.37784], [-99.66047, 36.3793], [-99.66051, 36.38003], [-99.66121, 36.38062], [-99.66167, 36.38072], [-99.66284, 36.38194], [-99.66256, 36.3828], [-99.6614, 36.38372], [-99.66123, 36.3841], [-99.66033, 36.38404], [-99.65981, 36.38441], [-99.65885, 36.38476], [-99.65815, 36.38487], [-99.65772, 36.3847], [-99.6573, 36.38486], [-99.657, 36.3846], [-99.65605, 36.38453], [-99.65511, 36.38404], [-99.65457, 36.38366], [-99.65432, 36.38314], [-99.65306, 36.38276], [-99.6525, 36.38229], [-99.65193, 36.38224], [-99.6515, 36.38249], [-99.65076, 36.38244], [-99.65021, 36.38219], [-99.64836, 36.38249], [-99.64652, 36.38372], [-99.64622, 36.38443], [-99.64551, 36.38465], [-99.64507, 36.38514], [-99.64346, 36.38577], [-99.64277, 36.38582], [-99.64232, 36.38663], [-99.64186, 36.38663], [-99.64079, 36.3872], [-99.6391, 36.38741], [-99.6383, 36.38785], [-99.63723, 36.38795], [-99.63659, 36.38837], [-99.63558, 36.38834], [-99.63456, 36.38913], [-99.63397, 36.39013], [-99.63386, 36.39075], [-99.63428, 36.39162], [-99.63512, 36.3923], [-99.63547, 36.39328], [-99.63548, 36.39405], [-99.63616, 36.39485], [-99.63534, 36.39621], [-99.63445, 36.39687], [-99.634, 36.39763], [-99.63319, 36.39776], [-99.63251, 36.39821], [-99.63098, 36.39838], [-99.62957, 36.39778], [-99.62788, 36.3975], [-99.62497, 36.39869], [-99.62441, 36.39874], [-99.62386, 36.39719], [-99.62382, 36.37858], [-99.62618, 36.37758], [-99.62679, 36.37749], [-99.65072, 36.37748], [-99.65108, 36.37724], [-99.65113, 36.37642], [-99.65136, 36.37617], [-99.65595, 36.37571], [-99.65611, 36.37541], [-99.65578, 36.3752], [-99.65112, 36.37565], [-99.65063, 36.37598], [-99.65045, 36.37694], [-99.64153, 36.37694], [-99.64153, 36.3705], [-99.65919, 36.36274], [-99.65963, 36.36282], [-99.65977, 36.36248], [-99.6774, 36.35472], [-99.6785, 36.35491], [-99.6804, 36.35431], [-99.67959, 36.36008], [-99.67927, 36.36069], [-99.679, 36.36243], [-99.6772, 36.36251], [-99.67607, 36.36368], [-99.67463, 36.36442], [-99.67322, 36.3656], [-99.6726, 36.36586], [-99.67033, 36.3662], [-99.66963, 36.36689], [-99.66936, 36.3684], [-99.66964, 36.36856], [-99.66994, 36.36843], [-99.67027, 36.36705], [-99.67071, 36.36665], [-99.67279, 36.36638], [-99.67361, 36.36604], [-99.67506, 36.36484], [-99.67651, 36.36409], [-99.67751, 36.36302], [-99.67922, 36.36297], [-99.68014, 36.36272], [-99.68043, 36.36285], [-99.68053, 36.36337], [-99.68014, 36.36527], [-99.6806, 36.36702], [-99.68223, 36.36811], [-99.684, 36.36828], [-99.68418, 36.36806], [-99.68402, 36.36781], [-99.68249, 36.3676], [-99.68119, 36.36674], [-99.68081, 36.36527], [-99.68121, 36.36338], [-99.68113, 36.36295], [-99.68214, 36.36278], [-99.68403, 36.35949], [-99.68473, 36.35359], [-99.6844, 36.3534], [-99.68062, 36.3536], [-99.67837, 36.35438]]], [[[-99.64685, 36.59713], [-99.65537, 36.60008], [-99.65311, 36.59987], [-99.6505, 36.60009], [-99.64987, 36.6004], [-99.64911, 36.60042], [-99.64632, 36.59999], [-99.64398, 36.60006], [-99.64096, 36.60089], [-99.63806, 36.60282], [-99.63734, 36.60386], [-99.63658, 36.60407], [-99.63606, 36.60456], [-99.63417, 36.60437], [-99.63332, 36.60385], [-99.6324, 36.6028], [-99.63187, 36.60147], [-99.63229, 36.60095], [-99.63406, 36.60088], [-99.63505, 36.60063], [-99.63598, 36.60007], [-99.63655, 36.59927], [-99.63678, 36.59845], [-99.63675, 36.59737], [-99.63639, 36.59702], [-99.63643, 36.59666], [-99.63601, 36.59631], [-99.63538, 36.59624], [-99.63504, 36.59639], [-99.63465, 36.59626], [-99.63421, 36.5965], [-99.63365, 36.59586], [-99.63181, 36.59454], [-99.63106, 36.59421], [-99.63012, 36.5941], [-99.62943, 36.59424], [-99.62886, 36.59471], [-99.62848, 36.59549], [-99.62709, 36.59664], [-99.6267, 36.59745], [-99.62696, 36.59895], [-99.62678, 36.5994], [-99.62506, 36.60005], [-99.62426, 36.59978], [-99.62414, 36.59937], [-99.62373, 36.59902], [-99.62304, 36.5988], [-99.6224, 36.59833], [-99.622, 36.59745], [-99.62225, 36.59686], [-99.62218, 36.59625], [-99.62174, 36.59543], [-99.62104, 36.59491], [-99.62099, 36.59436], [-99.6205, 36.59407], [-99.61964, 36.59411], [-99.61913, 36.59366], [-99.61856, 36.59372], [-99.61759, 36.59422], [-99.61603, 36.59543], [-99.61571, 36.59617], [-99.61582, 36.59804], [-99.61566, 36.59827], [-99.61282, 36.59784], [-99.61045, 36.5987], [-99.608, 36.59984], [-99.6067, 36.59929], [-99.60638, 36.59932], [-99.60622, 36.59886], [-99.60578, 36.59861], [-99.60487, 36.59851], [-99.60316, 36.59868], [-99.60185, 36.59804], [-99.60134, 36.59763], [-99.60116, 36.59703], [-99.60056, 36.5964], [-99.60004, 36.59617], [-99.59974, 36.59461], [-99.60153, 36.59282], [-99.60412, 36.59171], [-99.60661, 36.59124], [-99.60683, 36.59082], [-99.60745, 36.59036], [-99.60745, 36.58961], [-99.60656, 36.58894], [-99.60583, 36.58863], [-99.60407, 36.58838], [-99.60289, 36.58762], [-99.60198, 36.58795], [-99.60119, 36.58849], [-99.60036, 36.58826], [-99.59993, 36.58853], [-99.59869, 36.58851], [-99.5974, 36.58921], [-99.59225, 36.58984], [-99.59154, 36.58964], [-99.58727, 36.5783], [-99.58724, 36.5774], [-99.60152, 36.58357], [-99.60338, 36.58422], [-99.63151, 36.59186], [-99.64685, 36.59713]]], [[[-99.49726, 36.30522], [-99.49728, 36.305], [-99.49766, 36.305], [-99.49738, 36.30611], [-99.49752, 36.30653], [-99.4973, 36.30711], [-99.49703, 36.31142], [-99.49784, 36.31207], [-99.49843, 36.31217], [-99.4987, 36.31203], [-99.4987, 36.31176], [-99.49776, 36.31137], [-99.49766, 36.31114], [-99.49785, 36.31065], [-99.49796, 36.30718], [-99.4982, 36.30656], [-99.49806, 36.30613], [-99.49833, 36.305], [-99.51542, 36.30505], [-99.51545, 36.319], [-99.47989, 36.31891], [-99.47989, 36.30501], [-99.4964, 36.305], [-99.49647, 36.30535], [-99.49683, 36.30553], [-99.49726, 36.30522]]], [[[-99.53815, 36.36283], [-99.53816, 36.36317], [-99.53869, 36.36317], [-99.53869, 36.36284], [-99.55166, 36.36294], [-99.55176, 36.37682], [-99.53434, 36.37672], [-99.53435, 36.36282], [-99.53815, 36.36283]]], [[[-99.62385, 36.36902], [-99.62384, 36.36435], [-99.62499, 36.36434], [-99.625, 36.3628], [-99.6409, 36.36309], [-99.64086, 36.36873], [-99.64065, 36.36986], [-99.63962, 36.37032], [-99.63962, 36.36987], [-99.63934, 36.36957], [-99.63825, 36.36958], [-99.63795, 36.36986], [-99.63792, 36.37036], [-99.63816, 36.37067], [-99.63854, 36.37079], [-99.63231, 36.3735], [-99.62642, 36.37555], [-99.62643, 36.37333], [-99.62735, 36.37329], [-99.62766, 36.37299], [-99.6277, 36.36994], [-99.62724, 36.36964], [-99.62384, 36.36961], [-99.62385, 36.36902]], [[-99.63244, 36.37153], [-99.63313, 36.37156], [-99.63353, 36.37129], [-99.63359, 36.37071], [-99.63324, 36.37034], [-99.63254, 36.3703], [-99.63215, 36.37057], [-99.63209, 36.37115], [-99.63244, 36.37153]]], [[[-99.62051, 36.37694], [-99.61855, 36.37694], [-99.61856, 36.37644], [-99.62051, 36.37644], [-99.62051, 36.37694]]], [[[-99.61495, 36.37673], [-99.6155, 36.37661], [-99.61597, 36.37653], [-99.61597, 36.37693], [-99.61431, 36.37693], [-99.61495, 36.37673]]], [[[-99.51898, 36.42231], [-99.5183, 36.42226], [-99.51786, 36.42267], [-99.51695, 36.42242], [-99.51632, 36.42243], [-99.5165, 36.42046], [-99.52485, 36.42048], [-99.51931, 36.42284], [-99.51898, 36.42231]]], [[[-99.51631, 36.42473], [-99.5272, 36.42008], [-99.52749, 36.42033], [-99.52805, 36.42044], [-99.53177, 36.42039], [-99.53274, 36.42009], [-99.53015, 36.42138], [-99.51933, 36.42556], [-99.51595, 36.42715], [-99.51605, 36.42579], [-99.5164, 36.42521], [-99.51631, 36.42473]]], [[[-99.51545, 36.42736], [-99.50285, 36.4337], [-99.49756, 36.43371], [-99.4976, 36.43269], [-99.51571, 36.42498], [-99.51538, 36.42571], [-99.51529, 36.42714], [-99.51545, 36.42736]], [[-99.50781, 36.43035], [-99.50771, 36.42965], [-99.50693, 36.42947], [-99.50595, 36.42997], [-99.50582, 36.43074], [-99.5062, 36.43111], [-99.50693, 36.43115], [-99.50781, 36.43035]]], [[[-99.5071, 36.43369], [-99.50425, 36.4337], [-99.50711, 36.43228], [-99.50757, 36.43256], [-99.50829, 36.43244], [-99.50922, 36.43184], [-99.50918, 36.43126], [-99.51149, 36.4301], [-99.51048, 36.43366], [-99.50947, 36.43367], [-99.50942, 36.43306], [-99.50881, 36.43278], [-99.50738, 36.43291], [-99.50712, 36.43321], [-99.5071, 36.43369]]], [[[-99.51162, 36.43369], [-99.51118, 36.43367], [-99.51147, 36.43224], [-99.51218, 36.43012], [-99.51274, 36.42955], [-99.51343, 36.42913], [-99.51917, 36.42631], [-99.53048, 36.42191], [-99.53318, 36.42055], [-99.53378, 36.42149], [-99.53372, 36.43546], [-99.53398, 36.43591], [-99.53551, 36.43684], [-99.53406, 36.4376], [-99.5337, 36.43817], [-99.5337, 36.44855], [-99.51883, 36.44824], [-99.51775, 36.44808], [-99.51656, 36.44754], [-99.51572, 36.4467], [-99.51531, 36.4456], [-99.51537, 36.43878], [-99.51696, 36.43879], [-99.517, 36.44034], [-99.51759, 36.44091], [-99.51838, 36.44087], [-99.51869, 36.44046], [-99.51875, 36.43801], [-99.51919, 36.43765], [-99.51923, 36.4368], [-99.51908, 36.43645], [-99.51864, 36.43625], [-99.51885, 36.43595], [-99.51888, 36.43532], [-99.51879, 36.43457], [-99.51856, 36.4343], [-99.51892, 36.43378], [-99.51854, 36.43289], [-99.51813, 36.43273], [-99.51717, 36.4328], [-99.51684, 36.43313], [-99.51682, 36.4337], [-99.51499, 36.43368], [-99.51556, 36.43228], [-99.51586, 36.42848], [-99.51571, 36.42823], [-99.51539, 36.42821], [-99.5152, 36.42841], [-99.51489, 36.4322], [-99.51443, 36.43316], [-99.51433, 36.43392], [-99.51378, 36.43437], [-99.51269, 36.43388], [-99.51162, 36.43369]]], [[[-99.51553, 36.42375], [-99.51543, 36.4245], [-99.49764, 36.43206], [-99.49814, 36.42006], [-99.51583, 36.42046], [-99.51553, 36.42375]], [[-99.50093, 36.4277], [-99.50063, 36.42753], [-99.50034, 36.42762], [-99.49995, 36.42823], [-99.50006, 36.4285], [-99.50043, 36.42855], [-99.50078, 36.42836], [-99.50093, 36.4277]]], [[[-99.50807, 36.43427], [-99.51047, 36.4342], [-99.51043, 36.43435], [-99.50958, 36.43427], [-99.50909, 36.43452], [-99.50901, 36.43596], [-99.51002, 36.4366], [-99.51079, 36.43661], [-99.51244, 36.4381], [-99.51252, 36.43978], [-99.51163, 36.44022], [-99.51139, 36.44054], [-99.51138, 36.44114], [-99.51167, 36.4415], [-99.51362, 36.44178], [-99.51435, 36.44155], [-99.51447, 36.44069], [-99.51431, 36.44012], [-99.51392, 36.43977], [-99.51319, 36.43972], [-99.51318, 36.43842], [-99.51413, 36.43854], [-99.5147, 36.43826], [-99.51476, 36.4462], [-99.5146, 36.44817], [-99.49717, 36.44793], [-99.49728, 36.43989], [-99.49759, 36.43969], [-99.49784, 36.43907], [-99.49765, 36.43881], [-99.49733, 36.43877], [-99.49741, 36.43714], [-99.50315, 36.43424], [-99.50807, 36.43427]], [[-99.49939, 36.43793], [-99.49948, 36.43762], [-99.49912, 36.43702], [-99.49848, 36.43703], [-99.49809, 36.43779], [-99.49811, 36.43828], [-99.49853, 36.43866], [-99.49891, 36.43873], [-99.4988, 36.43912], [-99.49919, 36.43945], [-99.49955, 36.43935], [-99.49978, 36.43891], [-99.49961, 36.43864], [-99.49912, 36.43861], [-99.49942, 36.43833], [-99.49939, 36.43793]], [[-99.50598, 36.43944], [-99.50594, 36.43913], [-99.50534, 36.4388], [-99.5048, 36.43886], [-99.50418, 36.43937], [-99.5039, 36.43899], [-99.50354, 36.43895], [-99.50328, 36.43916], [-99.50323, 36.43957], [-99.50263, 36.43958], [-99.50232, 36.4398], [-99.50199, 36.44031], [-99.50206, 36.44061], [-99.50336, 36.44124], [-99.50366, 36.44189], [-99.50422, 36.44207], [-99.50444, 36.44175], [-99.50427, 36.44118], [-99.50458, 36.44128], [-99.50492, 36.44113], [-99.50488, 36.44071], [-99.50552, 36.44035], [-99.50598, 36.43944]], [[-99.5053, 36.44506], [-99.50505, 36.44488], [-99.50449, 36.44488], [-99.50424, 36.44531], [-99.50455, 36.44556], [-99.50497, 36.44556], [-99.50532, 36.44532], [-99.5053, 36.44506]]], [[[-99.50039, 36.43427], [-99.50174, 36.43426], [-99.49744, 36.43641], [-99.49754, 36.43425], [-99.50039, 36.43427]]], [[[-99.51319, 36.43729], [-99.51281, 36.43732], [-99.51232, 36.43708], [-99.51162, 36.43662], [-99.51124, 36.43611], [-99.51125, 36.43557], [-99.51152, 36.43597], [-99.51233, 36.43597], [-99.51294, 36.43457], [-99.51425, 36.43558], [-99.51475, 36.43671], [-99.51473, 36.43743], [-99.51422, 36.43718], [-99.51319, 36.43729]]], [[[-99.51118, 36.43465], [-99.51114, 36.43421], [-99.51139, 36.43422], [-99.51125, 36.43524], [-99.51118, 36.43465]]], [[[-99.51466, 36.4344], [-99.51475, 36.43434], [-99.51451, 36.43495], [-99.51428, 36.43473], [-99.51466, 36.4344]]], [[[-99.51664, 36.43434], [-99.51655, 36.43423], [-99.517, 36.43425], [-99.51698, 36.43641], [-99.51536, 36.43642], [-99.51511, 36.43577], [-99.51617, 36.4358], [-99.51664, 36.43552], [-99.51664, 36.43434]]], [[[-99.53855, 36.43482], [-99.53855, 36.43514], [-99.53962, 36.43515], [-99.53962, 36.43483], [-99.5517, 36.435], [-99.55166, 36.44896], [-99.53437, 36.44856], [-99.53436, 36.43822], [-99.53578, 36.43739], [-99.53618, 36.43689], [-99.53602, 36.43644], [-99.53447, 36.43553], [-99.53439, 36.43476], [-99.53855, 36.43482]]], [[[-99.51765, 36.43628], [-99.51768, 36.4363], [-99.51769, 36.4363], [-99.51765, 36.43631], [-99.51765, 36.43628]]], [[[-99.49996, 36.44876], [-99.49995, 36.44851], [-99.5146, 36.44871], [-99.51462, 36.46251], [-99.48017, 36.46214], [-99.48014, 36.4553], [-99.48089, 36.4552], [-99.48136, 36.45491], [-99.48191, 36.45352], [-99.48271, 36.45304], [-99.48413, 36.45178], [-99.4865, 36.44846], [-99.4986, 36.44849], [-99.4986, 36.44887], [-99.499, 36.44907], [-99.49996, 36.44876]], [[-99.50222, 36.45888], [-99.50243, 36.45844], [-99.50188, 36.45826], [-99.50162, 36.45849], [-99.50165, 36.45875], [-99.50222, 36.45888]], [[-99.49224, 36.45344], [-99.49213, 36.4531], [-99.49167, 36.45305], [-99.49138, 36.4532], [-99.49126, 36.45359], [-99.49181, 36.45384], [-99.49224, 36.45344]], [[-99.49483, 36.45878], [-99.49472, 36.45844], [-99.49404, 36.45837], [-99.49372, 36.45847], [-99.49361, 36.45875], [-99.49379, 36.45904], [-99.49415, 36.45913], [-99.49483, 36.45878]]], [[[-99.61804, 36.47906], [-99.61805, 36.47944], [-99.61842, 36.47945], [-99.61842, 36.47906], [-99.62268, 36.47911], [-99.62277, 36.49318], [-99.58953, 36.49234], [-99.58967, 36.48546], [-99.59177, 36.4855], [-99.5919, 36.48219], [-99.59567, 36.48261], [-99.59596, 36.48251], [-99.59588, 36.48211], [-99.59488, 36.48194], [-99.59638, 36.48197], [-99.59634, 36.47861], [-99.60499, 36.4788], [-99.60485, 36.48125], [-99.60517, 36.48151], [-99.60552, 36.48128], [-99.60566, 36.47881], [-99.61804, 36.47906]]], [[[-99.67786, 36.48596], [-99.67787, 36.48539], [-99.67735, 36.48538], [-99.67745, 36.47893], [-99.69477, 36.47911], [-99.69477, 36.49309], [-99.67723, 36.49315], [-99.67734, 36.48595], [-99.67786, 36.48596]]], [[[-99.55062, 36.542], [-99.55084, 36.54187], [-99.55071, 36.54213], [-99.5509, 36.54233], [-99.55187, 36.54242], [-99.55333, 36.54203], [-99.55296, 36.54284], [-99.5535, 36.54396], [-99.55417, 36.54408], [-99.55474, 36.54361], [-99.55492, 36.5446], [-99.56805, 36.55344], [-99.57017, 36.55336], [-99.5674, 36.55582], [-99.56671, 36.55623], [-99.56473, 36.55596], [-99.56415, 36.55607], [-99.5638, 36.55642], [-99.56349, 36.55756], [-99.56219, 36.55758], [-99.56146, 36.55593], [-99.56555, 36.5534], [-99.55931, 36.54937], [-99.54318, 36.53785], [-99.53906, 36.53466], [-99.53582, 36.53254], [-99.53504, 36.53216], [-99.53347, 36.53175], [-99.52877, 36.53154], [-99.52876, 36.53136], [-99.53261, 36.53145], [-99.53431, 36.53175], [-99.53612, 36.53237], [-99.54244, 36.53607], [-99.55025, 36.54146], [-99.55022, 36.54188], [-99.55062, 36.542]]], [[[-99.56413, 36.55783], [-99.56449, 36.55655], [-99.56556, 36.5566], [-99.56525, 36.55704], [-99.56564, 36.55761], [-99.56483, 36.55763], [-99.56435, 36.55812], [-99.56413, 36.55783]]], [[[-99.56687, 36.55683], [-99.56823, 36.55684], [-99.57131, 36.55587], [-99.57175, 36.55555], [-99.57226, 36.55464], [-99.57222, 36.55393], [-99.57169, 36.55323], [-99.57219, 36.55205], [-99.57282, 36.55137], [-99.57321, 36.5518], [-99.57362, 36.55173], [-99.57348, 36.55124], [-99.57545, 36.54909], [-99.57625, 36.54944], [-99.57626, 36.54997], [-99.57542, 36.55005], [-99.57411, 36.55068], [-99.57402, 36.55197], [-99.57431, 36.55385], [-99.57409, 36.55501], [-99.57244, 36.55692], [-99.57082, 36.55745], [-99.56979, 36.55908], [-99.56914, 36.55862], [-99.56881, 36.55803], [-99.56812, 36.55828], [-99.56818, 36.5588], [-99.56951, 36.55961], [-99.569, 36.56059], [-99.56894, 36.5625], [-99.5669, 36.5621], [-99.56402, 36.56069], [-99.56332, 36.56054], [-99.56291, 36.56005], [-99.56303, 36.5595], [-99.5659, 36.55828], [-99.56697, 36.55816], [-99.56739, 36.55787], [-99.56746, 36.55732], [-99.56687, 36.55683]]], [[[-99.57543, 36.54833], [-99.57541, 36.54854], [-99.57531, 36.54856], [-99.57542, 36.54834], [-99.57543, 36.54833]]], [[[-99.57588, 36.5479], [-99.57704, 36.54746], [-99.57723, 36.54727], [-99.57681, 36.54848], [-99.57627, 36.54888], [-99.57607, 36.54868], [-99.57611, 36.54807], [-99.57588, 36.5479]]], [[[-99.57808, 36.54386], [-99.57783, 36.54555], [-99.5776, 36.54622], [-99.57793, 36.54474], [-99.57757, 36.54303], [-99.57869, 36.54212], [-99.57808, 36.54386]]], [[[-99.57915, 36.54074], [-99.57901, 36.5412], [-99.5785, 36.54037], [-99.57861, 36.53986], [-99.579, 36.53927], [-99.58015, 36.53853], [-99.57977, 36.53936], [-99.57925, 36.53939], [-99.57883, 36.5397], [-99.5788, 36.5403], [-99.57915, 36.54074]]], [[[-99.58082, 36.53597], [-99.58087, 36.53599], [-99.58086, 36.53604], [-99.58082, 36.53597]]], [[[-99.58102, 36.53449], [-99.58101, 36.53512], [-99.58081, 36.53514], [-99.58081, 36.53486], [-99.58102, 36.53449]]], [[[-99.58101, 36.5312], [-99.58107, 36.5317], [-99.58088, 36.53132], [-99.58037, 36.53102], [-99.57952, 36.53109], [-99.57974, 36.53081], [-99.58025, 36.53088], [-99.58065, 36.53036], [-99.58101, 36.5312]]], [[[-99.57995, 36.5302], [-99.57984, 36.53037], [-99.58009, 36.52956], [-99.58031, 36.52984], [-99.57995, 36.5302]]], [[[-99.57944, 36.529], [-99.57967, 36.529], [-99.57986, 36.52925], [-99.57965, 36.52906], [-99.57944, 36.529]]], [[[-99.5815, 36.52846], [-99.57986, 36.52846], [-99.57859, 36.52846], [-99.57946, 36.52772], [-99.5798, 36.52675], [-99.58162, 36.52811], [-99.5815, 36.52846]]], [[[-99.5802, 36.52632], [-99.58061, 36.52549], [-99.58206, 36.52568], [-99.58205, 36.52686], [-99.58182, 36.52753], [-99.5802, 36.52632]]], [[[-99.55854, 36.53601], [-99.55871, 36.53542], [-99.55846, 36.53664], [-99.55854, 36.53601]]], [[[-99.55781, 36.53906], [-99.55803, 36.53871], [-99.55749, 36.53968], [-99.55747, 36.54026], [-99.55792, 36.54122], [-99.55782, 36.5428], [-99.55799, 36.54337], [-99.55875, 36.54423], [-99.55877, 36.54455], [-99.55853, 36.54472], [-99.55838, 36.5447], [-99.55846, 36.54436], [-99.55816, 36.54388], [-99.55756, 36.54358], [-99.55755, 36.543], [-99.55664, 36.54259], [-99.55596, 36.54197], [-99.55527, 36.54164], [-99.55493, 36.54165], [-99.55451, 36.54194], [-99.55472, 36.54243], [-99.55427, 36.54246], [-99.55407, 36.54231], [-99.55419, 36.54162], [-99.55622, 36.54054], [-99.55781, 36.53906]]], [[[-99.57405, 36.55959], [-99.57339, 36.55932], [-99.57221, 36.55764], [-99.57195, 36.55765], [-99.57283, 36.55738], [-99.5731, 36.55711], [-99.57342, 36.55758], [-99.57326, 36.55853], [-99.57363, 36.55904], [-99.57413, 36.55923], [-99.5748, 36.5592], [-99.5753, 36.55862], [-99.57499, 36.55771], [-99.574, 36.5573], [-99.57352, 36.55661], [-99.57457, 36.5554], [-99.57534, 36.55499], [-99.5754, 36.55425], [-99.57498, 36.55371], [-99.57469, 36.55193], [-99.57474, 36.55095], [-99.57565, 36.55056], [-99.57769, 36.55048], [-99.57784, 36.55952], [-99.57405, 36.55959]]], [[[-99.55913, 36.55741], [-99.55911, 36.55745], [-99.55879, 36.55744], [-99.55906, 36.55736], [-99.55913, 36.55741]]], [[[-99.54675, 36.54647], [-99.55126, 36.54648], [-99.55966, 36.55694], [-99.55895, 36.55681], [-99.55734, 36.55744], [-99.55128, 36.55743], [-99.55132, 36.56455], [-99.54992, 36.56457], [-99.54436, 36.56098], [-99.54269, 36.5594], [-99.52607, 36.53158], [-99.52874, 36.53169], [-99.52875, 36.53534], [-99.53323, 36.53542], [-99.53319, 36.54269], [-99.54227, 36.54276], [-99.54228, 36.54459], [-99.54677, 36.54462], [-99.54675, 36.54647]]], [[[-99.54241, 36.56004], [-99.54243, 36.56026], [-99.54204, 36.55985], [-99.54207, 36.55961], [-99.54241, 36.56004]]], [[[-99.5353, 36.54833], [-99.53618, 36.54981], [-99.53324, 36.54982], [-99.5353, 36.54833]]], [[[-99.55121, 36.59417], [-99.55098, 36.59341], [-99.55116, 36.59149], [-99.55103, 36.58628], [-99.56909, 36.58607], [-99.56897, 36.59303], [-99.56095, 36.5931], [-99.55531, 36.59344], [-99.55502, 36.59371], [-99.5552, 36.59394], [-99.55566, 36.59399], [-99.56098, 36.59364], [-99.56943, 36.59355], [-99.56893, 36.59779], [-99.56884, 36.6077], [-99.56761, 36.61656], [-99.56778, 36.62273], [-99.56757, 36.62268], [-99.56738, 36.6164], [-99.56861, 36.60779], [-99.55298, 36.60811], [-99.55234, 36.59418], [-99.55121, 36.59417]]], [[[-99.56683, 36.6262], [-99.56753, 36.62322], [-99.56771, 36.62321], [-99.56696, 36.62659], [-99.56691, 36.63714], [-99.5667, 36.63715], [-99.56683, 36.6262]]], [[[-99.58738, 36.58968], [-99.57387, 36.58995], [-99.57389, 36.58239], [-99.56976, 36.58243], [-99.56977, 36.57748], [-99.57069, 36.57791], [-99.57159, 36.57796], [-99.57188, 36.57841], [-99.57289, 36.5789], [-99.57313, 36.58082], [-99.57351, 36.58113], [-99.57373, 36.58184], [-99.5743, 36.58203], [-99.57431, 36.58263], [-99.57546, 36.58423], [-99.57609, 36.58432], [-99.57681, 36.58493], [-99.57881, 36.58577], [-99.57969, 36.58568], [-99.5808, 36.58597], [-99.58182, 36.58589], [-99.58269, 36.58609], [-99.58351, 36.58653], [-99.58418, 36.58654], [-99.58445, 36.58706], [-99.58596, 36.58832], [-99.58679, 36.58945], [-99.58774, 36.58936], [-99.5887, 36.58991], [-99.58978, 36.59001], [-99.59037, 36.59042], [-99.59109, 36.59029], [-99.59239, 36.59393], [-99.59202, 36.59303], [-99.58753, 36.59304], [-99.58738, 36.58968]]], [[[-99.5902, 36.58797], [-99.59084, 36.58965], [-99.59054, 36.58986], [-99.59008, 36.58948], [-99.58908, 36.58944], [-99.5889, 36.58917], [-99.58841, 36.58915], [-99.58801, 36.58884], [-99.58714, 36.58887], [-99.58648, 36.58798], [-99.58504, 36.58677], [-99.5845, 36.58603], [-99.58371, 36.586], [-99.58296, 36.58559], [-99.58191, 36.58535], [-99.58031, 36.58538], [-99.57978, 36.58512], [-99.57898, 36.58523], [-99.5772, 36.58448], [-99.57641, 36.58383], [-99.57588, 36.58376], [-99.57494, 36.58241], [-99.57487, 36.58168], [-99.5743, 36.58146], [-99.5741, 36.58086], [-99.57377, 36.5806], [-99.5735, 36.57863], [-99.57236, 36.57801], [-99.57201, 36.57751], [-99.57089, 36.57739], [-99.56977, 36.57684], [-99.56977, 36.57659], [-99.57139, 36.57721], [-99.57202, 36.57648], [-99.57372, 36.57627], [-99.57422, 36.5756], [-99.57487, 36.57594], [-99.57554, 36.57577], [-99.57696, 36.57598], [-99.57779, 36.57548], [-99.57789, 36.57877], [-99.57725, 36.57886], [-99.577, 36.57924], [-99.57713, 36.57969], [-99.57756, 36.57986], [-99.57813, 36.5796], [-99.57855, 36.57894], [-99.57901, 36.57926], [-99.57968, 36.5793], [-99.58028, 36.57885], [-99.58009, 36.5782], [-99.57857, 36.57758], [-99.57857, 36.57655], [-99.57903, 36.57633], [-99.57931, 36.57571], [-99.57919, 36.57518], [-99.57863, 36.57495], [-99.57882, 36.57401], [-99.58045, 36.57445], [-99.58664, 36.57714], [-99.58654, 36.57818], [-99.5902, 36.58797]]], [[[-99.50281, 36.60972], [-99.50278, 36.62243], [-99.49422, 36.62251], [-99.49416, 36.61997], [-99.49469, 36.62015], [-99.49526, 36.61961], [-99.49491, 36.61929], [-99.49416, 36.6195], [-99.49415, 36.61154], [-99.49456, 36.61111], [-99.49415, 36.61073], [-99.49414, 36.6083], [-99.50284, 36.60818], [-99.50281, 36.60972]]], [[[-99.49375, 36.60803], [-99.49377, 36.60801], [-99.49383, 36.60804], [-99.49375, 36.60803]]], [[[-99.48479, 36.60069], [-99.48491, 36.60799], [-99.47603, 36.60801], [-99.47607, 36.59388], [-99.48406, 36.59385], [-99.48469, 36.59468], [-99.48479, 36.60069]], [[-99.47992, 36.60671], [-99.47959, 36.60626], [-99.47904, 36.60649], [-99.47907, 36.60677], [-99.47937, 36.60696], [-99.47992, 36.60671]]], [[[-99.4752, 36.58947], [-99.47515, 36.59372], [-99.4755, 36.59373], [-99.47536, 36.60801], [-99.46174, 36.60802], [-99.46164, 36.60666], [-99.46131, 36.60645], [-99.46098, 36.60669], [-99.46107, 36.60803], [-99.44005, 36.60814], [-99.43996, 36.60086], [-99.44049, 36.60055], [-99.4407, 36.59964], [-99.4404, 36.59722], [-99.44078, 36.59643], [-99.4407, 36.59402], [-99.44044, 36.5937], [-99.43986, 36.59365], [-99.42598, 36.59382], [-99.42582, 36.57864], [-99.43511, 36.57851], [-99.45245, 36.57857], [-99.45278, 36.5783], [-99.45245, 36.57803], [-99.43511, 36.57797], [-99.42582, 36.5781], [-99.42596, 36.54949], [-99.435, 36.54944], [-99.43552, 36.5487], [-99.43559, 36.54821], [-99.43541, 36.54793], [-99.43565, 36.54714], [-99.43491, 36.54577], [-99.43495, 36.54139], [-99.43522, 36.54111], [-99.4365, 36.54085], [-99.43658, 36.54047], [-99.43626, 36.54036], [-99.43489, 36.54062], [-99.43428, 36.54125], [-99.43425, 36.54587], [-99.43498, 36.54712], [-99.43471, 36.54794], [-99.43487, 36.54855], [-99.43458, 36.54896], [-99.43425, 36.54861], [-99.43384, 36.54891], [-99.41217, 36.54917], [-99.41222, 36.54864], [-99.41181, 36.54838], [-99.41147, 36.54859], [-99.41148, 36.54918], [-99.4028, 36.54937], [-99.40297, 36.54891], [-99.40252, 36.54862], [-99.40211, 36.54892], [-99.40237, 36.54938], [-99.38976, 36.54958], [-99.38964, 36.53193], [-99.3954, 36.53181], [-99.3962, 36.53214], [-99.39669, 36.53215], [-99.39749, 36.53177], [-99.40261, 36.53173], [-99.40302, 36.53155], [-99.40313, 36.53121], [-99.40313, 36.52815], [-99.40305, 36.52768], [-99.40275, 36.52754], [-99.38966, 36.52774], [-99.38969, 36.52079], [-99.404, 36.52061], [-99.40407, 36.52094], [-99.40446, 36.52113], [-99.40483, 36.52096], [-99.40489, 36.5206], [-99.44354, 36.52035], [-99.44452, 36.51985], [-99.44637, 36.51963], [-99.44662, 36.51938], [-99.44627, 36.51909], [-99.44424, 36.51934], [-99.44345, 36.51981], [-99.43628, 36.51987], [-99.43609, 36.51912], [-99.43569, 36.51891], [-99.43509, 36.51921], [-99.43515, 36.51988], [-99.4003, 36.52014], [-99.3999, 36.51982], [-99.39938, 36.52015], [-99.38969, 36.52025], [-99.3897, 36.5062], [-99.40735, 36.50632], [-99.40769, 36.50606], [-99.4074, 36.50578], [-99.40543, 36.50575], [-99.40523, 36.50444], [-99.40482, 36.50398], [-99.40482, 36.50313], [-99.40535, 36.50238], [-99.40587, 36.50208], [-99.40584, 36.50183], [-99.40556, 36.50171], [-99.40488, 36.50198], [-99.40415, 36.50303], [-99.40415, 36.50413], [-99.40459, 36.50463], [-99.40476, 36.50575], [-99.3897, 36.50566], [-99.38965, 36.49163], [-99.3923, 36.49154], [-99.39354, 36.49205], [-99.39335, 36.49277], [-99.3935, 36.49339], [-99.39377, 36.49374], [-99.3944, 36.49402], [-99.39731, 36.49351], [-99.39766, 36.4931], [-99.3982, 36.49285], [-99.39877, 36.49193], [-99.39979, 36.49215], [-99.4001, 36.49188], [-99.39995, 36.49166], [-99.39917, 36.49138], [-99.39851, 36.49141], [-99.39804, 36.49179], [-99.39769, 36.49248], [-99.39717, 36.49271], [-99.39695, 36.49304], [-99.39446, 36.49345], [-99.39413, 36.4932], [-99.39423, 36.49208], [-99.394, 36.49164], [-99.39243, 36.491], [-99.38965, 36.49109], [-99.38963, 36.47718], [-99.39847, 36.47709], [-99.39965, 36.47794], [-99.40045, 36.47813], [-99.40211, 36.47772], [-99.40389, 36.47626], [-99.40452, 36.47592], [-99.40532, 36.47587], [-99.40603, 36.47665], [-99.40665, 36.47696], [-99.40711, 36.47753], [-99.40838, 36.47828], [-99.40894, 36.47886], [-99.41055, 36.47956], [-99.41104, 36.47962], [-99.41169, 36.4793], [-99.41236, 36.47886], [-99.41269, 36.47826], [-99.41251, 36.47803], [-99.41219, 36.47803], [-99.41183, 36.47851], [-99.4108, 36.47906], [-99.40938, 36.47844], [-99.40884, 36.47789], [-99.4076, 36.47715], [-99.40712, 36.47656], [-99.4065, 36.47625], [-99.40601, 36.47554], [-99.40544, 36.47533], [-99.40423, 36.47543], [-99.40346, 36.47584], [-99.40173, 36.47726], [-99.40044, 36.47759], [-99.39951, 36.47722], [-99.39898, 36.47669], [-99.39857, 36.47655], [-99.38963, 36.47664], [-99.38957, 36.46708], [-99.4017, 36.46724], [-99.4082, 36.46768], [-99.40922, 36.46802], [-99.41078, 36.46992], [-99.41169, 36.4706], [-99.41203, 36.47063], [-99.41222, 36.4704], [-99.4113, 36.46957], [-99.40972, 36.46766], [-99.40932, 36.46737], [-99.40832, 36.46714], [-99.40174, 36.4667], [-99.38956, 36.46654], [-99.38977, 36.4616], [-99.39076, 36.45544], [-99.39228, 36.45519], [-99.39259, 36.45544], [-99.39316, 36.45532], [-99.39432, 36.45562], [-99.40527, 36.45566], [-99.40539, 36.45652], [-99.40607, 36.45735], [-99.40692, 36.45801], [-99.40951, 36.45943], [-99.41119, 36.4598], [-99.41446, 36.4614], [-99.41582, 36.46174], [-99.41624, 36.46289], [-99.41607, 36.46414], [-99.41609, 36.46915], [-99.41745, 36.47136], [-99.4201, 36.47261], [-99.42125, 36.47398], [-99.42311, 36.47553], [-99.42359, 36.47574], [-99.42443, 36.47593], [-99.42533, 36.4759], [-99.42622, 36.47559], [-99.42706, 36.47501], [-99.42667, 36.47474], [-99.42517, 36.47537], [-99.42438, 36.47537], [-99.42547, 36.47447], [-99.42547, 36.47421], [-99.42517, 36.47407], [-99.42426, 36.4748], [-99.42353, 36.47511], [-99.42132, 36.47321], [-99.42057, 36.47222], [-99.41808, 36.47108], [-99.41778, 36.47079], [-99.41675, 36.46906], [-99.41674, 36.46417], [-99.41691, 36.46285], [-99.41633, 36.46138], [-99.41699, 36.46122], [-99.41791, 36.46186], [-99.41914, 36.46317], [-99.42095, 36.46641], [-99.42133, 36.46651], [-99.42155, 36.46624], [-99.41956, 36.46267], [-99.4175, 36.46083], [-99.41678, 36.46066], [-99.41576, 36.46102], [-99.41507, 36.461], [-99.41151, 36.45932], [-99.40981, 36.45894], [-99.40659, 36.45702], [-99.406, 36.45628], [-99.40595, 36.45553], [-99.40555, 36.45514], [-99.39434, 36.45508], [-99.3927, 36.45463], [-99.39082, 36.45488], [-99.39094, 36.44643], [-99.39128, 36.44645], [-99.39355, 36.44564], [-99.39456, 36.44547], [-99.39693, 36.446], [-99.39766, 36.44655], [-99.39818, 36.44665], [-99.3994, 36.4478], [-99.39983, 36.44857], [-99.3998, 36.44976], [-99.40045, 36.45065], [-99.40144, 36.45108], [-99.40229, 36.45121], [-99.40271, 36.45158], [-99.40345, 36.45183], [-99.40454, 36.45188], [-99.40545, 36.45217], [-99.4067, 36.45221], [-99.4076, 36.45187], [-99.40954, 36.45187], [-99.41108, 36.45134], [-99.4136, 36.45147], [-99.41487, 36.45099], [-99.41723, 36.45167], [-99.41903, 36.45303], [-99.42007, 36.4532], [-99.42098, 36.45367], [-99.42474, 36.4541], [-99.42599, 36.45481], [-99.42768, 36.455], [-99.42791, 36.45594], [-99.42727, 36.45738], [-99.42711, 36.45751], [-99.42602, 36.4574], [-99.4255, 36.45764], [-99.42364, 36.46046], [-99.42362, 36.46145], [-99.42396, 36.46232], [-99.42376, 36.46459], [-99.42412, 36.46514], [-99.4263, 36.46628], [-99.42739, 36.46619], [-99.42949, 36.46653], [-99.43007, 36.46645], [-99.43141, 36.46597], [-99.4323, 36.46535], [-99.43283, 36.46454], [-99.43277, 36.46372], [-99.43301, 36.46313], [-99.43526, 36.46113], [-99.43587, 36.46082], [-99.43676, 36.46068], [-99.43772, 36.46084], [-99.43835, 36.46116], [-99.43898, 36.4626], [-99.44008, 36.46336], [-99.44059, 36.46352], [-99.44225, 36.46355], [-99.44308, 36.46397], [-99.44347, 36.46439], [-99.44321, 36.46548], [-99.44377, 36.46625], [-99.44341, 36.46731], [-99.44209, 36.46907], [-99.44149, 36.46929], [-99.44061, 36.46996], [-99.43988, 36.47107], [-99.43998, 36.47241], [-99.44072, 36.4739], [-99.44016, 36.47397], [-99.44026, 36.4744], [-99.44077, 36.47462], [-99.44105, 36.47449], [-99.44106, 36.47421], [-99.44181, 36.47454], [-99.4428, 36.47436], [-99.44336, 36.47372], [-99.44434, 36.47327], [-99.44498, 36.47244], [-99.44668, 36.47138], [-99.44787, 36.47118], [-99.44847, 36.4709], [-99.44942, 36.47154], [-99.45078, 36.47137], [-99.45175, 36.4724], [-99.45277, 36.47432], [-99.45359, 36.47501], [-99.45447, 36.47531], [-99.45551, 36.47629], [-99.45484, 36.4777], [-99.45473, 36.47894], [-99.45582, 36.48027], [-99.45678, 36.48082], [-99.45836, 36.48094], [-99.45944, 36.48074], [-99.46084, 36.48075], [-99.46217, 36.48041], [-99.46299, 36.48088], [-99.46466, 36.48118], [-99.46592, 36.48177], [-99.46673, 36.4823], [-99.46757, 36.48329], [-99.46849, 36.48369], [-99.46846, 36.48439], [-99.46925, 36.48522], [-99.46978, 36.48673], [-99.46926, 36.48749], [-99.46939, 36.48792], [-99.46917, 36.48961], [-99.46997, 36.49077], [-99.46998, 36.4917], [-99.47039, 36.49262], [-99.47203, 36.49404], [-99.47229, 36.49462], [-99.47204, 36.4952], [-99.47218, 36.49586], [-99.4714, 36.49686], [-99.47157, 36.49813], [-99.47118, 36.49898], [-99.4713, 36.49929], [-99.47175, 36.49959], [-99.47174, 36.50114], [-99.472, 36.50206], [-99.47258, 36.50318], [-99.47372, 36.50434], [-99.47643, 36.50586], [-99.47772, 36.5068], [-99.47806, 36.50746], [-99.47814, 36.5082], [-99.47748, 36.50876], [-99.47585, 36.50878], [-99.47431, 36.50831], [-99.4739, 36.50799], [-99.47078, 36.50678], [-99.46894, 36.50644], [-99.46339, 36.50676], [-99.46207, 36.50709], [-99.46075, 36.50777], [-99.45899, 36.50958], [-99.45879, 36.51034], [-99.45892, 36.51131], [-99.46108, 36.51429], [-99.46319, 36.51601], [-99.46478, 36.51663], [-99.46671, 36.51685], [-99.4669, 36.51701], [-99.46738, 36.5182], [-99.46719, 36.51926], [-99.46732, 36.52034], [-99.46688, 36.522], [-99.46701, 36.52355], [-99.46613, 36.52432], [-99.46499, 36.52467], [-99.46249, 36.52472], [-99.4601, 36.52411], [-99.45903, 36.52342], [-99.45619, 36.52262], [-99.45406, 36.52271], [-99.45306, 36.52316], [-99.45225, 36.52381], [-99.44984, 36.52693], [-99.44921, 36.52737], [-99.44786, 36.52782], [-99.44708, 36.52844], [-99.4468, 36.52906], [-99.44676, 36.53012], [-99.44709, 36.53122], [-99.44757, 36.53195], [-99.44817, 36.53265], [-99.44947, 36.53353], [-99.45196, 36.5341], [-99.45399, 36.534], [-99.45632, 36.53461], [-99.45852, 36.53609], [-99.46262, 36.53777], [-99.46552, 36.5398], [-99.46628, 36.54091], [-99.46629, 36.54208], [-99.46605, 36.54289], [-99.46393, 36.54405], [-99.46269, 36.54577], [-99.46236, 36.54667], [-99.46257, 36.54706], [-99.46227, 36.54943], [-99.46171, 36.55015], [-99.46077, 36.55214], [-99.46022, 36.55251], [-99.45939, 36.55356], [-99.45873, 36.55374], [-99.45817, 36.55417], [-99.45655, 36.55606], [-99.456, 36.55728], [-99.45605, 36.55934], [-99.4565, 36.56026], [-99.45839, 36.56172], [-99.46122, 36.56322], [-99.4618, 36.56503], [-99.46102, 36.5662], [-99.45943, 36.5668], [-99.45853, 36.56747], [-99.4578, 36.56829], [-99.457, 36.56965], [-99.45617, 36.57186], [-99.45603, 36.57306], [-99.45454, 36.57523], [-99.4545, 36.57697], [-99.45501, 36.57877], [-99.45575, 36.57987], [-99.45739, 36.58093], [-99.46027, 36.5823], [-99.46174, 36.58258], [-99.4625, 36.58261], [-99.46372, 36.58234], [-99.46467, 36.58168], [-99.46575, 36.58134], [-99.46656, 36.58136], [-99.46687, 36.58177], [-99.46771, 36.58171], [-99.46804, 36.58195], [-99.47085, 36.58184], [-99.47268, 36.5817], [-99.47525, 36.58087], [-99.47623, 36.58085], [-99.47601, 36.58146], [-99.47509, 36.58243], [-99.4752, 36.58947]], [[-99.46451, 36.49145], [-99.46512, 36.49151], [-99.46531, 36.49123], [-99.4652, 36.4909], [-99.46462, 36.4909], [-99.46451, 36.49145]], [[-99.46487, 36.4921], [-99.46429, 36.49216], [-99.46419, 36.49247], [-99.46439, 36.49271], [-99.46497, 36.49258], [-99.46487, 36.4921]], [[-99.46614, 36.49522], [-99.46645, 36.49524], [-99.46671, 36.49499], [-99.46663, 36.49455], [-99.46631, 36.49437], [-99.46601, 36.49446], [-99.46588, 36.49474], [-99.46614, 36.49522]], [[-99.46722, 36.49505], [-99.46728, 36.49538], [-99.46761, 36.49551], [-99.46787, 36.49589], [-99.4684, 36.49597], [-99.46869, 36.49582], [-99.46871, 36.49537], [-99.46813, 36.49506], [-99.46796, 36.49476], [-99.46756, 36.49471], [-99.46722, 36.49505]], [[-99.4669, 36.49612], [-99.46657, 36.49607], [-99.46634, 36.49624], [-99.46632, 36.49655], [-99.46657, 36.49679], [-99.46691, 36.4968], [-99.46712, 36.4966], [-99.4669, 36.49612]], [[-99.46774, 36.50147], [-99.46803, 36.50125], [-99.46802, 36.50095], [-99.4677, 36.50062], [-99.46728, 36.50062], [-99.46701, 36.50082], [-99.46702, 36.50107], [-99.46729, 36.50143], [-99.46774, 36.50147]], [[-99.45993, 36.51918], [-99.46038, 36.51912], [-99.46065, 36.5188], [-99.46073, 36.51839], [-99.46046, 36.51814], [-99.46006, 36.51817], [-99.45974, 36.51852], [-99.45966, 36.51895], [-99.45993, 36.51918]], [[-99.46331, 36.58473], [-99.46289, 36.58437], [-99.46256, 36.58445], [-99.46241, 36.5847], [-99.46286, 36.58503], [-99.46331, 36.58473]], [[-99.46261, 36.5887], [-99.46208, 36.58835], [-99.46172, 36.5885], [-99.46164, 36.58877], [-99.46187, 36.58903], [-99.46225, 36.58907], [-99.46261, 36.5887]], [[-99.47079, 36.59446], [-99.47058, 36.59414], [-99.47015, 36.59413], [-99.46986, 36.59444], [-99.46989, 36.59479], [-99.47039, 36.59496], [-99.47079, 36.59446]], [[-99.47048, 36.60596], [-99.47101, 36.6062], [-99.47134, 36.606], [-99.47138, 36.60573], [-99.47112, 36.60549], [-99.4708, 36.60548], [-99.47048, 36.60596]], [[-99.44374, 36.47597], [-99.44405, 36.47579], [-99.44408, 36.47546], [-99.44364, 36.47498], [-99.44332, 36.47493], [-99.44306, 36.47508], [-99.44298, 36.47541], [-99.44341, 36.47589], [-99.44374, 36.47597]], [[-99.44516, 36.47825], [-99.44572, 36.47897], [-99.44612, 36.47914], [-99.44643, 36.47904], [-99.44654, 36.47845], [-99.44603, 36.47791], [-99.44538, 36.47775], [-99.44512, 36.47795], [-99.44516, 36.47825]], [[-99.4505, 36.48256], [-99.45, 36.48273], [-99.45023, 36.4832], [-99.45065, 36.48319], [-99.45087, 36.48297], [-99.4508, 36.48268], [-99.4505, 36.48256]], [[-99.45791, 36.48542], [-99.45788, 36.486], [-99.45847, 36.48607], [-99.45865, 36.48587], [-99.45859, 36.48548], [-99.45823, 36.48533], [-99.45791, 36.48542]], [[-99.44726, 36.48794], [-99.4467, 36.48798], [-99.44672, 36.48848], [-99.4473, 36.48848], [-99.44726, 36.48794]], [[-99.45445, 36.50061], [-99.45424, 36.50032], [-99.45377, 36.50027], [-99.45343, 36.50043], [-99.45335, 36.50069], [-99.45362, 36.50097], [-99.45403, 36.50104], [-99.45445, 36.50061]], [[-99.45083, 36.50916], [-99.45185, 36.50917], [-99.45209, 36.50893], [-99.45205, 36.50865], [-99.45169, 36.50836], [-99.45057, 36.50821], [-99.45032, 36.50865], [-99.45083, 36.50916]], [[-99.45097, 36.51176], [-99.45094, 36.51143], [-99.45058, 36.51125], [-99.45015, 36.51129], [-99.44985, 36.51157], [-99.44994, 36.51185], [-99.45031, 36.51202], [-99.45069, 36.51201], [-99.45097, 36.51176]], [[-99.44966, 36.51536], [-99.44923, 36.51496], [-99.44878, 36.51503], [-99.44855, 36.51529], [-99.44865, 36.51555], [-99.44916, 36.51574], [-99.44948, 36.51565], [-99.44966, 36.51536]], [[-99.4595, 36.51919], [-99.45939, 36.51878], [-99.45889, 36.51869], [-99.45737, 36.5198], [-99.45732, 36.52014], [-99.45802, 36.52041], [-99.4595, 36.51919]], [[-99.4474, 36.52029], [-99.44696, 36.51988], [-99.44647, 36.51993], [-99.44624, 36.52018], [-99.44633, 36.52044], [-99.44671, 36.52061], [-99.44712, 36.52058], [-99.4474, 36.52029]], [[-99.4479, 36.52171], [-99.44812, 36.52099], [-99.44783, 36.52053], [-99.4475, 36.52044], [-99.44706, 36.52082], [-99.44723, 36.52157], [-99.44753, 36.52181], [-99.4479, 36.52171]], [[-99.45727, 36.52153], [-99.45789, 36.52171], [-99.45828, 36.52147], [-99.45833, 36.52116], [-99.45804, 36.52092], [-99.45765, 36.52094], [-99.45727, 36.52122], [-99.45727, 36.52153]], [[-99.45062, 36.53911], [-99.4502, 36.53894], [-99.44986, 36.53912], [-99.44981, 36.53965], [-99.45009, 36.53991], [-99.45068, 36.53972], [-99.45062, 36.53911]], [[-99.45889, 36.54123], [-99.45945, 36.54011], [-99.45951, 36.5394], [-99.45843, 36.53859], [-99.4581, 36.53854], [-99.45775, 36.53888], [-99.45778, 36.54049], [-99.45732, 36.54164], [-99.45634, 36.54236], [-99.45421, 36.54295], [-99.45357, 36.54332], [-99.45163, 36.54355], [-99.44732, 36.54327], [-99.44554, 36.5429], [-99.44429, 36.54291], [-99.44237, 36.54333], [-99.44174, 36.54374], [-99.4414, 36.54425], [-99.44183, 36.5445], [-99.44324, 36.5438], [-99.44465, 36.54365], [-99.44619, 36.54386], [-99.44764, 36.54442], [-99.4492, 36.5447], [-99.45345, 36.54465], [-99.45741, 36.54303], [-99.45814, 36.54245], [-99.45889, 36.54123]], [[-99.44822, 36.55583], [-99.44821, 36.55547], [-99.44794, 36.55525], [-99.44748, 36.55527], [-99.44718, 36.55551], [-99.44719, 36.55592], [-99.44752, 36.55616], [-99.44795, 36.55613], [-99.44822, 36.55583]], [[-99.45065, 36.55675], [-99.4503, 36.55644], [-99.44996, 36.55642], [-99.44967, 36.55664], [-99.44968, 36.557], [-99.45028, 36.55725], [-99.4506, 36.55707], [-99.45065, 36.55675]], [[-99.45054, 36.56297], [-99.45015, 36.55974], [-99.45031, 36.55884], [-99.44978, 36.55845], [-99.44938, 36.55872], [-99.44916, 36.55984], [-99.44944, 36.56269], [-99.44973, 36.56352], [-99.45006, 36.56368], [-99.45041, 36.5636], [-99.45054, 36.56297]], [[-99.44538, 36.56626], [-99.44577, 36.5662], [-99.44605, 36.56589], [-99.4457, 36.56545], [-99.44527, 36.56547], [-99.44499, 36.56573], [-99.445, 36.56601], [-99.44538, 36.56626]], [[-99.44983, 36.58049], [-99.44926, 36.58002], [-99.44872, 36.58034], [-99.44879, 36.58063], [-99.44929, 36.58093], [-99.44983, 36.58049]], [[-99.44713, 36.59561], [-99.44706, 36.59537], [-99.44672, 36.59519], [-99.44637, 36.59528], [-99.44616, 36.59564], [-99.44661, 36.59595], [-99.44713, 36.59561]], [[-99.4509, 36.59932], [-99.45046, 36.59891], [-99.45005, 36.59897], [-99.44984, 36.59923], [-99.44998, 36.59954], [-99.45042, 36.59969], [-99.45076, 36.59961], [-99.4509, 36.59932]], [[-99.4586, 36.60027], [-99.45897, 36.6003], [-99.45927, 36.6], [-99.45932, 36.5997], [-99.45904, 36.59946], [-99.45862, 36.59945], [-99.45837, 36.59965], [-99.4586, 36.60027]], [[-99.45546, 36.6017], [-99.45573, 36.60204], [-99.45618, 36.60193], [-99.45628, 36.60147], [-99.45608, 36.60115], [-99.45547, 36.60117], [-99.45546, 36.6017]], [[-99.44873, 36.60167], [-99.44867, 36.60141], [-99.44834, 36.60126], [-99.44799, 36.6014], [-99.44784, 36.60173], [-99.44825, 36.60202], [-99.44873, 36.60167]], [[-99.4396, 36.46915], [-99.44013, 36.46909], [-99.44018, 36.46868], [-99.43974, 36.46814], [-99.43917, 36.46808], [-99.43882, 36.46859], [-99.4396, 36.46915]], [[-99.43755, 36.47065], [-99.43737, 36.4709], [-99.43759, 36.4714], [-99.43784, 36.47156], [-99.43817, 36.4715], [-99.43842, 36.47118], [-99.43819, 36.47073], [-99.43792, 36.47057], [-99.43755, 36.47065]], [[-99.43264, 36.47457], [-99.43261, 36.47417], [-99.43206, 36.47387], [-99.43072, 36.47377], [-99.43051, 36.47398], [-99.43048, 36.47514], [-99.43102, 36.47546], [-99.43131, 36.47529], [-99.43143, 36.47487], [-99.4319, 36.47501], [-99.43264, 36.47457]], [[-99.44092, 36.476], [-99.44113, 36.4758], [-99.44106, 36.47553], [-99.44066, 36.47532], [-99.4403, 36.47534], [-99.44027, 36.47578], [-99.44092, 36.476]], [[-99.44114, 36.47916], [-99.44159, 36.47947], [-99.44203, 36.47912], [-99.4416, 36.47877], [-99.44114, 36.47916]], [[-99.43787, 36.48521], [-99.44023, 36.48704], [-99.4413, 36.4881], [-99.44253, 36.48889], [-99.44296, 36.48884], [-99.44296, 36.48848], [-99.44174, 36.48769], [-99.44072, 36.48667], [-99.43873, 36.48521], [-99.43813, 36.48445], [-99.43771, 36.48463], [-99.43787, 36.48521]], [[-99.43258, 36.50083], [-99.43252, 36.50056], [-99.43217, 36.50036], [-99.43173, 36.50039], [-99.4314, 36.50067], [-99.43146, 36.50095], [-99.43183, 36.50113], [-99.43234, 36.50109], [-99.43258, 36.50083]], [[-99.43708, 36.53636], [-99.43744, 36.53653], [-99.43804, 36.53642], [-99.43841, 36.53613], [-99.43842, 36.53575], [-99.43802, 36.53547], [-99.43721, 36.53549], [-99.43695, 36.53582], [-99.43708, 36.53636]], [[-99.43613, 36.53694], [-99.43673, 36.53657], [-99.43671, 36.5363], [-99.4364, 36.53609], [-99.43594, 36.53614], [-99.43566, 36.53639], [-99.43571, 36.53676], [-99.43613, 36.53694]], [[-99.43679, 36.54362], [-99.43624, 36.54373], [-99.43541, 36.54335], [-99.43507, 36.54355], [-99.43496, 36.54396], [-99.43562, 36.54447], [-99.43681, 36.5444], [-99.43714, 36.54408], [-99.43679, 36.54362]], [[-99.43859, 36.54543], [-99.43889, 36.54519], [-99.43892, 36.54473], [-99.43848, 36.54438], [-99.43812, 36.54459], [-99.43807, 36.54505], [-99.43821, 36.54535], [-99.43859, 36.54543]], [[-99.43508, 36.55072], [-99.4348, 36.55052], [-99.43323, 36.55026], [-99.43262, 36.55051], [-99.43228, 36.55093], [-99.43263, 36.5512], [-99.4334, 36.55105], [-99.43389, 36.5513], [-99.43452, 36.55129], [-99.43506, 36.55104], [-99.43508, 36.55072]], [[-99.43565, 36.55879], [-99.43555, 36.55833], [-99.43585, 36.55758], [-99.43559, 36.55729], [-99.43524, 36.55723], [-99.43491, 36.55748], [-99.43493, 36.55826], [-99.43469, 36.55875], [-99.43521, 36.55907], [-99.43565, 36.55879]], [[-99.44055, 36.56029], [-99.4401, 36.55999], [-99.43965, 36.56028], [-99.43974, 36.56232], [-99.44011, 36.56259], [-99.44063, 36.56218], [-99.44077, 36.56108], [-99.44055, 36.56029]], [[-99.43522, 36.56131], [-99.43498, 36.56096], [-99.43449, 36.56093], [-99.43408, 36.56117], [-99.43398, 36.56153], [-99.43429, 36.5618], [-99.43482, 36.56175], [-99.43522, 36.56131]], [[-99.43893, 36.56215], [-99.43936, 36.5616], [-99.43925, 36.56106], [-99.43876, 36.56081], [-99.43831, 36.56108], [-99.43816, 36.56188], [-99.43846, 36.5622], [-99.43893, 36.56215]], [[-99.43167, 36.58652], [-99.43114, 36.58628], [-99.43091, 36.58678], [-99.43139, 36.58696], [-99.43167, 36.58652]], [[-99.43537, 36.5901], [-99.43591, 36.59038], [-99.4362, 36.59019], [-99.43626, 36.58989], [-99.43603, 36.58968], [-99.43568, 36.58967], [-99.43537, 36.5901]], [[-99.44003, 36.59198], [-99.43972, 36.59147], [-99.43936, 36.5915], [-99.43909, 36.59175], [-99.43914, 36.59207], [-99.43949, 36.59231], [-99.43985, 36.59224], [-99.44003, 36.59198]], [[-99.41529, 36.45797], [-99.41526, 36.4573], [-99.41465, 36.4569], [-99.41418, 36.45696], [-99.41402, 36.45722], [-99.41421, 36.45761], [-99.41484, 36.45804], [-99.41529, 36.45797]], [[-99.41677, 36.50181], [-99.41653, 36.50122], [-99.41594, 36.50137], [-99.41584, 36.50173], [-99.41614, 36.50204], [-99.41651, 36.50208], [-99.41677, 36.50181]], [[-99.41552, 36.51558], [-99.41514, 36.51513], [-99.41467, 36.51512], [-99.41441, 36.51533], [-99.41448, 36.51563], [-99.41489, 36.51584], [-99.41528, 36.51582], [-99.41552, 36.51558]], [[-99.41993, 36.54742], [-99.41966, 36.54719], [-99.41935, 36.54722], [-99.41918, 36.54742], [-99.41925, 36.5478], [-99.41974, 36.5479], [-99.41993, 36.54742]], [[-99.42294, 36.54853], [-99.4227, 36.548], [-99.42214, 36.54812], [-99.4221, 36.5486], [-99.42236, 36.54882], [-99.42271, 36.54881], [-99.42294, 36.54853]], [[-99.42798, 36.56875], [-99.42771, 36.56858], [-99.42739, 36.56864], [-99.4272, 36.5689], [-99.42732, 36.56921], [-99.42785, 36.56927], [-99.42806, 36.56902], [-99.42798, 36.56875]], [[-99.42889, 36.5823], [-99.42916, 36.58255], [-99.42947, 36.58255], [-99.42975, 36.58233], [-99.42976, 36.58199], [-99.42949, 36.58177], [-99.42917, 36.58177], [-99.42889, 36.5823]], [[-99.42659, 36.58302], [-99.4265, 36.58332], [-99.42678, 36.58362], [-99.42714, 36.58367], [-99.42746, 36.58349], [-99.42752, 36.58318], [-99.42729, 36.58292], [-99.42689, 36.58285], [-99.42659, 36.58302]], [[-99.4294, 36.5851], [-99.42901, 36.58465], [-99.42843, 36.58492], [-99.42849, 36.58522], [-99.42885, 36.58542], [-99.42918, 36.58536], [-99.4294, 36.5851]], [[-99.42693, 36.59044], [-99.42712, 36.59096], [-99.42745, 36.59095], [-99.42772, 36.59072], [-99.42774, 36.59041], [-99.42747, 36.59018], [-99.42715, 36.59021], [-99.42693, 36.59044]], [[-99.39452, 36.45308], [-99.39518, 36.45302], [-99.39581, 36.45268], [-99.39576, 36.45214], [-99.39534, 36.45205], [-99.39432, 36.45226], [-99.39374, 36.45214], [-99.39327, 36.45244], [-99.39327, 36.45274], [-99.39354, 36.45295], [-99.39452, 36.45308]], [[-99.40298, 36.46029], [-99.40245, 36.46006], [-99.40222, 36.46021], [-99.40218, 36.46051], [-99.40268, 36.46069], [-99.40298, 36.46029]], [[-99.40155, 36.47568], [-99.40194, 36.47448], [-99.40173, 36.47424], [-99.40127, 36.47419], [-99.40073, 36.47451], [-99.40089, 36.47498], [-99.4007, 36.47542], [-99.40101, 36.47588], [-99.40138, 36.47586], [-99.40155, 36.47568]], [[-99.40687, 36.47608], [-99.40745, 36.476], [-99.40762, 36.47555], [-99.40799, 36.47563], [-99.40826, 36.4755], [-99.40793, 36.47465], [-99.40712, 36.47454], [-99.40679, 36.47467], [-99.4068, 36.47511], [-99.40641, 36.47567], [-99.40687, 36.47608]], [[-99.40911, 36.48967], [-99.4091, 36.4894], [-99.40882, 36.48919], [-99.40842, 36.4892], [-99.40815, 36.48939], [-99.40819, 36.48975], [-99.40843, 36.48993], [-99.40883, 36.48994], [-99.40911, 36.48967]], [[-99.40092, 36.51919], [-99.40051, 36.51878], [-99.39991, 36.51888], [-99.39968, 36.51917], [-99.3999, 36.51947], [-99.40032, 36.51953], [-99.40092, 36.51919]], [[-99.40438, 36.51931], [-99.40404, 36.51907], [-99.40368, 36.51924], [-99.40367, 36.51975], [-99.40396, 36.52001], [-99.40457, 36.51981], [-99.40438, 36.51931]], [[-99.4087, 36.53506], [-99.40834, 36.53463], [-99.40792, 36.53468], [-99.4077, 36.53491], [-99.40777, 36.53516], [-99.40813, 36.53534], [-99.40846, 36.53531], [-99.4087, 36.53506]], [[-99.39297, 36.4891], [-99.39274, 36.4889], [-99.3924, 36.48891], [-99.3921, 36.48916], [-99.39212, 36.48945], [-99.39267, 36.48958], [-99.39297, 36.4891]], [[-99.39149, 36.53601], [-99.39105, 36.53563], [-99.39061, 36.53588], [-99.39071, 36.53633], [-99.39109, 36.53653], [-99.39148, 36.53636], [-99.39149, 36.53601]], [[-99.39145, 36.53746], [-99.39122, 36.53722], [-99.39087, 36.53723], [-99.39068, 36.53746], [-99.39073, 36.53788], [-99.39124, 36.53796], [-99.39145, 36.53746]]], [[[-99.47968, 36.57913], [-99.47968, 36.58029], [-99.47728, 36.57994], [-99.47514, 36.58], [-99.47248, 36.58084], [-99.47086, 36.58106], [-99.46896, 36.58076], [-99.46578, 36.5806], [-99.46467, 36.58079], [-99.46338, 36.58155], [-99.46148, 36.58173], [-99.46077, 36.58158], [-99.45929, 36.58088], [-99.45763, 36.57963], [-99.45645, 36.57829], [-99.45538, 36.57667], [-99.45593, 36.57476], [-99.45704, 36.57357], [-99.45737, 36.57289], [-99.45836, 36.56912], [-99.45925, 36.56835], [-99.45962, 36.56775], [-99.46184, 36.56699], [-99.46257, 36.5662], [-99.4628, 36.56563], [-99.46256, 36.5634], [-99.46209, 36.56266], [-99.45762, 36.55992], [-99.45712, 36.55937], [-99.45708, 36.55814], [-99.45758, 36.55701], [-99.45764, 36.5562], [-99.45812, 36.55568], [-99.46011, 36.55446], [-99.46147, 36.55279], [-99.46324, 36.54982], [-99.4635, 36.54831], [-99.46396, 36.54733], [-99.46388, 36.54652], [-99.46437, 36.54508], [-99.46488, 36.54457], [-99.46646, 36.54386], [-99.46694, 36.54343], [-99.46743, 36.54171], [-99.46742, 36.54088], [-99.46651, 36.53958], [-99.46411, 36.53731], [-99.46208, 36.53645], [-99.46038, 36.53606], [-99.45876, 36.53524], [-99.4566, 36.53375], [-99.45346, 36.53309], [-99.45206, 36.53316], [-99.45036, 36.53294], [-99.4495, 36.53252], [-99.44811, 36.53091], [-99.44778, 36.52927], [-99.4479, 36.52892], [-99.44853, 36.52846], [-99.45024, 36.52791], [-99.45092, 36.52742], [-99.45283, 36.52477], [-99.45386, 36.52374], [-99.4544, 36.52344], [-99.45603, 36.52344], [-99.46104, 36.52533], [-99.46239, 36.52562], [-99.46566, 36.52569], [-99.46692, 36.52519], [-99.4677, 36.52449], [-99.46863, 36.52093], [-99.46843, 36.51912], [-99.46867, 36.51835], [-99.46816, 36.51699], [-99.46746, 36.51632], [-99.46531, 36.51584], [-99.46394, 36.51527], [-99.46156, 36.51342], [-99.46108, 36.51235], [-99.46148, 36.51119], [-99.46068, 36.50912], [-99.46211, 36.50791], [-99.46325, 36.50765], [-99.46567, 36.50764], [-99.46707, 36.50732], [-99.46983, 36.50755], [-99.47095, 36.50787], [-99.47496, 36.5096], [-99.47675, 36.50997], [-99.478, 36.50969], [-99.47876, 36.50908], [-99.4792, 36.50823], [-99.47919, 36.5097], [-99.47953, 36.51056], [-99.47905, 36.51054], [-99.47878, 36.51084], [-99.47903, 36.51121], [-99.47953, 36.51121], [-99.47968, 36.57913]], [[-99.4731, 36.51624], [-99.47272, 36.51574], [-99.4721, 36.51598], [-99.47217, 36.51644], [-99.47243, 36.51663], [-99.47289, 36.51657], [-99.4731, 36.51624]], [[-99.47164, 36.52418], [-99.47134, 36.52397], [-99.47103, 36.52401], [-99.47084, 36.52422], [-99.47091, 36.5246], [-99.47146, 36.52474], [-99.47169, 36.52451], [-99.47164, 36.52418]], [[-99.47876, 36.53504], [-99.47841, 36.53465], [-99.47793, 36.53492], [-99.47797, 36.53522], [-99.47828, 36.53542], [-99.47858, 36.53534], [-99.47876, 36.53504]], [[-99.47175, 36.53833], [-99.47129, 36.53786], [-99.47071, 36.53814], [-99.47079, 36.53848], [-99.47126, 36.5387], [-99.47161, 36.53862], [-99.47175, 36.53833]], [[-99.47563, 36.56205], [-99.47501, 36.56184], [-99.47478, 36.56226], [-99.47535, 36.56249], [-99.47563, 36.56205]], [[-99.4706, 36.51252], [-99.47033, 36.51224], [-99.46989, 36.51218], [-99.46939, 36.51255], [-99.46956, 36.51284], [-99.46998, 36.51294], [-99.47038, 36.51286], [-99.4706, 36.51252]], [[-99.46594, 36.51273], [-99.46554, 36.51249], [-99.46513, 36.51279], [-99.46507, 36.51327], [-99.46537, 36.51354], [-99.46596, 36.51337], [-99.46594, 36.51273]], [[-99.459, 36.52832], [-99.4587, 36.5281], [-99.45834, 36.52815], [-99.4581, 36.52842], [-99.45817, 36.52884], [-99.45849, 36.52899], [-99.45883, 36.52891], [-99.45906, 36.52867], [-99.459, 36.52832]], [[-99.46065, 36.52866], [-99.46063, 36.52838], [-99.46034, 36.52815], [-99.45988, 36.52817], [-99.45966, 36.52836], [-99.45964, 36.52876], [-99.45992, 36.52899], [-99.46043, 36.52899], [-99.46065, 36.52866]], [[-99.46858, 36.53346], [-99.46854, 36.53262], [-99.46795, 36.53208], [-99.46787, 36.53136], [-99.46731, 36.53115], [-99.46707, 36.53137], [-99.46706, 36.53188], [-99.46723, 36.53249], [-99.46768, 36.53303], [-99.46759, 36.53358], [-99.46807, 36.53379], [-99.46858, 36.53346]], [[-99.46886, 36.55383], [-99.46849, 36.55337], [-99.46807, 36.55341], [-99.4678, 36.55369], [-99.46787, 36.55398], [-99.4682, 36.55417], [-99.46858, 36.55412], [-99.46886, 36.55383]], [[-99.4702, 36.57409], [-99.47043, 36.57387], [-99.47037, 36.57358], [-99.47007, 36.57327], [-99.46967, 36.57328], [-99.46937, 36.57354], [-99.46938, 36.57384], [-99.46977, 36.57408], [-99.4702, 36.57409]]], [[[-99.47919, 36.50613], [-99.4792, 36.50772], [-99.47886, 36.50673], [-99.4784, 36.50617], [-99.47366, 36.503], [-99.47277, 36.5012], [-99.47277, 36.49996], [-99.47245, 36.49931], [-99.47198, 36.49896], [-99.47234, 36.49817], [-99.47221, 36.49695], [-99.4729, 36.49618], [-99.47305, 36.49448], [-99.47282, 36.49385], [-99.47095, 36.49211], [-99.47074, 36.49061], [-99.47007, 36.48969], [-99.47014, 36.48809], [-99.47026, 36.48745], [-99.47056, 36.4871], [-99.47056, 36.4864], [-99.47001, 36.48492], [-99.46919, 36.48404], [-99.46934, 36.48366], [-99.46919, 36.48332], [-99.46804, 36.48275], [-99.46731, 36.48187], [-99.466, 36.481], [-99.46491, 36.48051], [-99.46315, 36.48016], [-99.46242, 36.47976], [-99.45819, 36.4803], [-99.45689, 36.48017], [-99.45579, 36.4792], [-99.45551, 36.47849], [-99.45557, 36.47787], [-99.45631, 36.47649], [-99.45624, 36.47596], [-99.45538, 36.47506], [-99.45384, 36.47431], [-99.4533, 36.4738], [-99.45245, 36.47208], [-99.45122, 36.4708], [-99.45043, 36.47069], [-99.44952, 36.47082], [-99.44873, 36.47012], [-99.44809, 36.47008], [-99.44762, 36.47051], [-99.4463, 36.47074], [-99.44578, 36.47099], [-99.44438, 36.47203], [-99.44379, 36.47278], [-99.44272, 36.47325], [-99.44217, 36.47388], [-99.44177, 36.47386], [-99.44125, 36.47332], [-99.4408, 36.47251], [-99.4408, 36.47154], [-99.44063, 36.47133], [-99.44132, 36.47032], [-99.44223, 36.47002], [-99.44293, 36.46938], [-99.44413, 36.4675], [-99.44456, 36.46644], [-99.44451, 36.46587], [-99.44403, 36.46517], [-99.44428, 36.46458], [-99.44408, 36.46382], [-99.44356, 36.46336], [-99.44229, 36.46281], [-99.44069, 36.46281], [-99.44245, 36.46229], [-99.44378, 36.46035], [-99.44389, 36.4548], [-99.46121, 36.46525], [-99.46113, 36.47511], [-99.46128, 36.47534], [-99.46162, 36.47536], [-99.4618, 36.47512], [-99.46188, 36.46565], [-99.47938, 36.47609], [-99.47919, 36.50613]], [[-99.46649, 36.47697], [-99.46638, 36.47677], [-99.46666, 36.47618], [-99.46622, 36.47593], [-99.46463, 36.47668], [-99.46448, 36.47691], [-99.46485, 36.47766], [-99.46541, 36.47804], [-99.46582, 36.47791], [-99.46598, 36.4776], [-99.46652, 36.47746], [-99.46649, 36.47697]], [[-99.47105, 36.47809], [-99.47049, 36.47816], [-99.47041, 36.47846], [-99.47062, 36.47866], [-99.47114, 36.47855], [-99.47105, 36.47809]], [[-99.44728, 36.464], [-99.44706, 36.4637], [-99.44562, 36.4632], [-99.44519, 36.46337], [-99.44515, 36.46391], [-99.44554, 36.46427], [-99.44693, 36.46434], [-99.44728, 36.464]], [[-99.45272, 36.46445], [-99.45282, 36.46411], [-99.45257, 36.46385], [-99.45208, 36.46374], [-99.45173, 36.46396], [-99.45161, 36.46429], [-99.45183, 36.46454], [-99.45238, 36.46467], [-99.45272, 36.46445]], [[-99.44939, 36.46536], [-99.44951, 36.46512], [-99.44935, 36.46479], [-99.44897, 36.46465], [-99.4486, 36.46474], [-99.44861, 36.46528], [-99.44939, 36.46536]], [[-99.45394, 36.46546], [-99.45408, 36.465], [-99.45356, 36.46454], [-99.45315, 36.46458], [-99.45303, 36.46513], [-99.45344, 36.4655], [-99.45394, 36.46546]]], [[[-99.44076, 36.46223], [-99.43958, 36.46216], [-99.43896, 36.46072], [-99.43799, 36.46024], [-99.43706, 36.46003], [-99.43558, 36.46023], [-99.43448, 36.46075], [-99.43244, 36.46267], [-99.43211, 36.46328], [-99.43202, 36.46462], [-99.43138, 36.46517], [-99.43022, 36.46553], [-99.42971, 36.46589], [-99.42778, 36.46554], [-99.42646, 36.46565], [-99.42575, 36.46504], [-99.42456, 36.46452], [-99.42485, 36.46254], [-99.42439, 36.46143], [-99.42447, 36.46051], [-99.42529, 36.45964], [-99.42608, 36.45822], [-99.4265, 36.45807], [-99.42746, 36.45818], [-99.42804, 36.45762], [-99.42809, 36.45714], [-99.42857, 36.45664], [-99.42872, 36.45601], [-99.42835, 36.45458], [-99.42749, 36.4543], [-99.42641, 36.45424], [-99.42495, 36.45345], [-99.42306, 36.45329], [-99.42204, 36.45302], [-99.42132, 36.4531], [-99.42055, 36.45261], [-99.4194, 36.45246], [-99.41907, 36.45203], [-99.41766, 36.4511], [-99.41689, 36.45099], [-99.41573, 36.45046], [-99.41462, 36.45037], [-99.4137, 36.4508], [-99.41103, 36.45071], [-99.40967, 36.45114], [-99.40767, 36.45119], [-99.40625, 36.45153], [-99.4037, 36.45123], [-99.40265, 36.45064], [-99.40157, 36.45044], [-99.40097, 36.45014], [-99.40057, 36.44957], [-99.40061, 36.4484], [-99.40001, 36.44738], [-99.39895, 36.44634], [-99.41877, 36.45031], [-99.41911, 36.45011], [-99.4189, 36.44979], [-99.4114, 36.44829], [-99.43604, 36.44827], [-99.43733, 36.4503], [-99.43943, 36.45225], [-99.44322, 36.4544], [-99.44313, 36.4602], [-99.44201, 36.46186], [-99.44076, 36.46223]], [[-99.43816, 36.45231], [-99.43855, 36.45271], [-99.43905, 36.45243], [-99.43899, 36.45215], [-99.43869, 36.45199], [-99.43834, 36.45204], [-99.43816, 36.45231]], [[-99.43613, 36.45669], [-99.4362, 36.4562], [-99.43559, 36.45616], [-99.43552, 36.45666], [-99.43613, 36.45669]], [[-99.42204, 36.44912], [-99.42149, 36.44918], [-99.42138, 36.44959], [-99.42173, 36.4499], [-99.42242, 36.44995], [-99.42264, 36.44956], [-99.42204, 36.44912]], [[-99.42789, 36.4504], [-99.42711, 36.45002], [-99.42746, 36.44936], [-99.42733, 36.449], [-99.42694, 36.44896], [-99.4263, 36.44977], [-99.42631, 36.45039], [-99.42724, 36.45126], [-99.42791, 36.451], [-99.42789, 36.4504]]], [[[-99.40737, 36.44747], [-99.40305, 36.4463], [-99.3987, 36.44543], [-99.3987, 36.44489], [-99.40704, 36.44494], [-99.40707, 36.44685], [-99.40737, 36.44747]]], [[[-99.39803, 36.44461], [-99.39803, 36.4453], [-99.3974, 36.44481], [-99.39742, 36.44392], [-99.39804, 36.44393], [-99.39803, 36.44461]]], [[[-99.39675, 36.44391], [-99.39676, 36.44451], [-99.39675, 36.44463], [-99.39591, 36.44389], [-99.39675, 36.44391]]], [[[-99.39516, 36.44195], [-99.39547, 36.44195], [-99.39546, 36.44329], [-99.39492, 36.44196], [-99.39516, 36.44195]]], [[[-99.39355, 36.44194], [-99.39424, 36.44195], [-99.39436, 36.44241], [-99.39355, 36.4424], [-99.39355, 36.44194]]], [[[-99.39509, 36.44393], [-99.3957, 36.44457], [-99.3964, 36.44516], [-99.3946, 36.44477], [-99.39481, 36.44393], [-99.39509, 36.44393]]], [[[-99.39254, 36.44493], [-99.3932, 36.44494], [-99.3937, 36.44496], [-99.39212, 36.44519], [-99.39222, 36.44493], [-99.39254, 36.44493]]], [[[-99.48864, 36.49882], [-99.47986, 36.49861], [-99.47994, 36.48801], [-99.48285, 36.48801], [-99.4835, 36.4876], [-99.48385, 36.4869], [-99.48368, 36.48665], [-99.48334, 36.48665], [-99.48264, 36.48749], [-99.47994, 36.48745], [-99.48005, 36.4765], [-99.49881, 36.48799], [-99.49694, 36.488], [-99.49717, 36.49902], [-99.48864, 36.49882]], [[-99.49308, 36.48522], [-99.49272, 36.48533], [-99.49263, 36.48561], [-99.49285, 36.48589], [-99.49322, 36.48593], [-99.49353, 36.48559], [-99.49308, 36.48522]], [[-99.48923, 36.49251], [-99.48946, 36.49227], [-99.48942, 36.49202], [-99.48881, 36.49181], [-99.48858, 36.49209], [-99.48862, 36.49236], [-99.48923, 36.49251]], [[-99.48852, 36.49546], [-99.48793, 36.49529], [-99.48758, 36.49556], [-99.48759, 36.49586], [-99.48792, 36.49603], [-99.48837, 36.49593], [-99.48852, 36.49546]]], [[[-99.54216, 36.52823], [-99.52423, 36.52797], [-99.52431, 36.52859], [-99.50264, 36.49215], [-99.50382, 36.49191], [-99.51522, 36.49188], [-99.52807, 36.49208], [-99.52802, 36.49373], [-99.52844, 36.49423], [-99.52897, 36.49435], [-99.53048, 36.49413], [-99.53333, 36.49521], [-99.53496, 36.49532], [-99.53529, 36.4951], [-99.53512, 36.49481], [-99.53351, 36.49469], [-99.53062, 36.4936], [-99.52882, 36.49377], [-99.52874, 36.49209], [-99.55049, 36.49239], [-99.55076, 36.50004], [-99.55067, 36.50659], [-99.551, 36.50686], [-99.55134, 36.50659], [-99.55143, 36.50004], [-99.55116, 36.49239], [-99.56012, 36.49252], [-99.5606, 36.49606], [-99.56089, 36.50086], [-99.56173, 36.50279], [-99.56165, 36.50569], [-99.56198, 36.50594], [-99.56232, 36.50571], [-99.5624, 36.50272], [-99.56155, 36.50077], [-99.56127, 36.49602], [-99.5608, 36.49253], [-99.56426, 36.49257], [-99.56431, 36.50492], [-99.56451, 36.50518], [-99.56449, 36.50573], [-99.56412, 36.50694], [-99.56004, 36.50689], [-99.56004, 36.51759], [-99.55777, 36.51754], [-99.55779, 36.52113], [-99.5555, 36.52111], [-99.55554, 36.52472], [-99.55329, 36.5247], [-99.5534, 36.52923], [-99.55113, 36.52923], [-99.55115, 36.53104], [-99.54665, 36.53101], [-99.5467, 36.53192], [-99.54209, 36.53187], [-99.54216, 36.52823]], [[-99.51345, 36.50035], [-99.51311, 36.49991], [-99.51259, 36.49999], [-99.51239, 36.5002], [-99.51247, 36.50047], [-99.51289, 36.50066], [-99.51345, 36.50035]], [[-99.53437, 36.51392], [-99.5341, 36.51416], [-99.53337, 36.52018], [-99.53286, 36.52094], [-99.53313, 36.52125], [-99.53345, 36.52115], [-99.53403, 36.52028], [-99.53477, 36.51419], [-99.53437, 36.51392]]], [[[-99.56942, 36.48161], [-99.56927, 36.48703], [-99.56505, 36.48702], [-99.56492, 36.49204], [-99.52012, 36.49141], [-99.52004, 36.49107], [-99.51976, 36.49095], [-99.51946, 36.49109], [-99.51944, 36.4914], [-99.51555, 36.49134], [-99.51525, 36.47741], [-99.52937, 36.47762], [-99.52794, 36.48054], [-99.52799, 36.48077], [-99.52827, 36.48088], [-99.52858, 36.48071], [-99.53008, 36.47763], [-99.5339, 36.47771], [-99.5366, 36.47861], [-99.5376, 36.47929], [-99.53889, 36.48066], [-99.53976, 36.48092], [-99.54022, 36.48093], [-99.54046, 36.48077], [-99.54033, 36.48044], [-99.53923, 36.48019], [-99.5381, 36.47892], [-99.53697, 36.47815], [-99.5343, 36.47726], [-99.53434, 36.46358], [-99.53521, 36.46558], [-99.53682, 36.46691], [-99.53852, 36.46922], [-99.53889, 36.46929], [-99.5391, 36.46904], [-99.53735, 36.46658], [-99.53577, 36.46527], [-99.53511, 36.46353], [-99.53431, 36.46287], [-99.53434, 36.45986], [-99.53792, 36.45988], [-99.53845, 36.46064], [-99.5388, 36.46064], [-99.53896, 36.46042], [-99.53884, 36.45986], [-99.53814, 36.45935], [-99.53434, 36.45932], [-99.53437, 36.44911], [-99.55198, 36.44951], [-99.55731, 36.44946], [-99.55734, 36.45197], [-99.55767, 36.45221], [-99.558, 36.45196], [-99.55798, 36.44946], [-99.55956, 36.44945], [-99.55959, 36.45208], [-99.55993, 36.45233], [-99.56026, 36.45208], [-99.56023, 36.44944], [-99.56954, 36.44939], [-99.56973, 36.45933], [-99.56942, 36.48161]]], [[[-99.5754, 36.47086], [-99.57319, 36.47084], [-99.5732, 36.47443], [-99.57009, 36.47441], [-99.5704, 36.45933], [-99.57021, 36.44939], [-99.57878, 36.44951], [-99.57886, 36.45285], [-99.57454, 36.45282], [-99.57437, 36.45643], [-99.57551, 36.45643], [-99.5754, 36.47086]]], [[[-99.58322, 36.44368], [-99.58324, 36.44567], [-99.5787, 36.44561], [-99.57877, 36.44896], [-99.57465, 36.44892], [-99.57465, 36.43746], [-99.5754, 36.4377], [-99.57876, 36.43948], [-99.58164, 36.44051], [-99.58198, 36.44044], [-99.5822, 36.441], [-99.58222, 36.44233], [-99.58295, 36.44306], [-99.58334, 36.4432], [-99.58362, 36.44369], [-99.58322, 36.44368]]], [[[-99.58814, 36.44298], [-99.58818, 36.44384], [-99.58456, 36.44372], [-99.58403, 36.44322], [-99.58393, 36.44284], [-99.58339, 36.44265], [-99.5829, 36.44214], [-99.58287, 36.44095], [-99.58265, 36.44043], [-99.58294, 36.43918], [-99.5836, 36.43899], [-99.58424, 36.43798], [-99.58755, 36.43657], [-99.58911, 36.4366], [-99.59106, 36.43591], [-99.59361, 36.43606], [-99.59429, 36.43585], [-99.59519, 36.43592], [-99.59639, 36.43561], [-99.59631, 36.43658], [-99.59597, 36.43741], [-99.59501, 36.43875], [-99.59519, 36.44023], [-99.59433, 36.44025], [-99.59364, 36.43951], [-99.59276, 36.43927], [-99.59245, 36.43932], [-99.59233, 36.43953], [-99.5925, 36.43977], [-99.5932, 36.43994], [-99.59403, 36.44076], [-99.59537, 36.44076], [-99.59631, 36.44203], [-99.59572, 36.44331], [-99.59572, 36.44449], [-99.59637, 36.44689], [-99.59637, 36.44929], [-99.59215, 36.44916], [-99.59221, 36.44397], [-99.59138, 36.44395], [-99.59233, 36.44304], [-99.59235, 36.44219], [-99.59202, 36.442], [-99.59096, 36.44188], [-99.59058, 36.44207], [-99.59055, 36.44264], [-99.59098, 36.44298], [-99.59098, 36.44343], [-99.59062, 36.44392], [-99.58887, 36.44387], [-99.58875, 36.44281], [-99.58837, 36.44272], [-99.58814, 36.44298]], [[-99.58549, 36.43927], [-99.58653, 36.43784], [-99.58629, 36.43745], [-99.58586, 36.43749], [-99.58548, 36.43775], [-99.58459, 36.43887], [-99.58492, 36.43932], [-99.58549, 36.43927]]], [[[-99.59698, 36.4354], [-99.59715, 36.43494], [-99.59669, 36.43384], [-99.59677, 36.43355], [-99.59735, 36.43317], [-99.59835, 36.43308], [-99.59881, 36.43283], [-99.59915, 36.43217], [-99.59885, 36.43155], [-99.59918, 36.43109], [-99.59901, 36.4308], [-99.59852, 36.43062], [-99.59797, 36.43072], [-99.5975, 36.43124], [-99.59693, 36.43112], [-99.5971, 36.43084], [-99.59697, 36.43058], [-99.59592, 36.43002], [-99.59584, 36.42935], [-99.59632, 36.42908], [-99.59648, 36.42875], [-99.59623, 36.42829], [-99.59632, 36.42811], [-99.59778, 36.4275], [-99.5985, 36.42688], [-99.60063, 36.42606], [-99.6014, 36.42537], [-99.60154, 36.42497], [-99.60254, 36.42448], [-99.60334, 36.42315], [-99.60386, 36.42278], [-99.60449, 36.42184], [-99.60556, 36.42109], [-99.60619, 36.41964], [-99.6069, 36.4188], [-99.60711, 36.41825], [-99.60775, 36.41763], [-99.60812, 36.41684], [-99.60837, 36.41621], [-99.60828, 36.41563], [-99.60875, 36.41479], [-99.60889, 36.41377], [-99.60971, 36.41192], [-99.60977, 36.41118], [-99.61147, 36.41091], [-99.61266, 36.41129], [-99.61346, 36.41199], [-99.61467, 36.41191], [-99.61493, 36.413], [-99.61557, 36.4133], [-99.61638, 36.41314], [-99.61807, 36.41201], [-99.6183, 36.41114], [-99.61793, 36.4104], [-99.61781, 36.4095], [-99.61843, 36.40765], [-99.61844, 36.40687], [-99.61889, 36.40606], [-99.61886, 36.40559], [-99.61961, 36.40467], [-99.61958, 36.40392], [-99.61993, 36.40304], [-99.62134, 36.40155], [-99.62256, 36.40089], [-99.62287, 36.4005], [-99.62362, 36.40026], [-99.62368, 36.39979], [-99.62401, 36.39945], [-99.62551, 36.40278], [-99.62725, 36.40959], [-99.62352, 36.41397], [-99.62277, 36.41385], [-99.62238, 36.41414], [-99.62249, 36.41445], [-99.62321, 36.41466], [-99.62313, 36.41713], [-99.62237, 36.41744], [-99.62165, 36.41743], [-99.62006, 36.41854], [-99.61919, 36.41826], [-99.61843, 36.41889], [-99.61708, 36.41887], [-99.61681, 36.41914], [-99.61701, 36.41939], [-99.61788, 36.41951], [-99.61874, 36.41937], [-99.61941, 36.41882], [-99.62022, 36.41906], [-99.622, 36.41791], [-99.62247, 36.41797], [-99.62311, 36.41773], [-99.62266, 36.43506], [-99.62256, 36.44938], [-99.59704, 36.4493], [-99.59704, 36.44684], [-99.59638, 36.44445], [-99.59638, 36.44342], [-99.59696, 36.44237], [-99.59698, 36.44192], [-99.59607, 36.4408], [-99.59567, 36.43962], [-99.59567, 36.43888], [-99.59658, 36.43764], [-99.59697, 36.4367], [-99.59698, 36.4354]]], [[[-99.62371, 36.39879], [-99.62378, 36.39894], [-99.62327, 36.39926], [-99.62297, 36.39981], [-99.62253, 36.39987], [-99.6222, 36.40042], [-99.62085, 36.40117], [-99.61931, 36.40284], [-99.61892, 36.40383], [-99.61897, 36.40452], [-99.61822, 36.40542], [-99.61823, 36.40595], [-99.61778, 36.40676], [-99.61776, 36.40754], [-99.61715, 36.40938], [-99.61726, 36.41049], [-99.61763, 36.41117], [-99.6175, 36.41172], [-99.61599, 36.4127], [-99.61562, 36.41276], [-99.61534, 36.41232], [-99.61533, 36.41174], [-99.61492, 36.41141], [-99.61371, 36.41148], [-99.61303, 36.41083], [-99.61137, 36.41035], [-99.60936, 36.41073], [-99.6091, 36.41102], [-99.60906, 36.4118], [-99.60824, 36.41363], [-99.60811, 36.41463], [-99.60759, 36.41553], [-99.60771, 36.41604], [-99.6075, 36.41663], [-99.60718, 36.41698], [-99.60713, 36.4174], [-99.60655, 36.41794], [-99.6063, 36.41856], [-99.60557, 36.41943], [-99.60498, 36.4208], [-99.60405, 36.42143], [-99.60332, 36.42246], [-99.60278, 36.42284], [-99.60199, 36.42417], [-99.60107, 36.42458], [-99.60084, 36.42507], [-99.60017, 36.42567], [-99.59816, 36.42641], [-99.5974, 36.42706], [-99.59577, 36.4278], [-99.59555, 36.42824], [-99.59579, 36.42873], [-99.59517, 36.42927], [-99.59533, 36.43029], [-99.59582, 36.43072], [-99.59632, 36.43087], [-99.59624, 36.43133], [-99.59644, 36.43155], [-99.59756, 36.43179], [-99.59817, 36.43152], [-99.59847, 36.43211], [-99.59824, 36.43253], [-99.59704, 36.43269], [-99.59618, 36.43329], [-99.59602, 36.4339], [-99.59645, 36.435], [-99.59505, 36.43539], [-99.59426, 36.4353], [-99.59356, 36.43552], [-99.59098, 36.43537], [-99.589, 36.43606], [-99.58773, 36.43601], [-99.58808, 36.43559], [-99.58974, 36.43517], [-99.59125, 36.43409], [-99.5912, 36.43292], [-99.59198, 36.43106], [-99.5926, 36.42806], [-99.59416, 36.42482], [-99.59452, 36.42295], [-99.59448, 36.42413], [-99.59494, 36.42454], [-99.59454, 36.42557], [-99.59487, 36.42613], [-99.59537, 36.42601], [-99.59524, 36.42554], [-99.59556, 36.42507], [-99.59562, 36.42439], [-99.59513, 36.42395], [-99.5953, 36.42302], [-99.59485, 36.42234], [-99.59526, 36.42157], [-99.59544, 36.42039], [-99.59668, 36.4166], [-99.59728, 36.41614], [-99.59999, 36.41523], [-99.60063, 36.41475], [-99.60164, 36.4118], [-99.60387, 36.41032], [-99.60436, 36.40947], [-99.60583, 36.40926], [-99.60599, 36.40658], [-99.60906, 36.40649], [-99.60979, 36.40667], [-99.6113, 36.40788], [-99.61285, 36.4085], [-99.61406, 36.40842], [-99.61468, 36.408], [-99.61463, 36.40775], [-99.61438, 36.40764], [-99.61382, 36.4079], [-99.61298, 36.40796], [-99.61169, 36.40743], [-99.61013, 36.4062], [-99.60919, 36.40596], [-99.606, 36.40602], [-99.60599, 36.3919], [-99.62315, 36.39191], [-99.62319, 36.39721], [-99.62371, 36.39879]]], [[[-99.5871, 36.4361], [-99.58374, 36.43762], [-99.58314, 36.4386], [-99.58242, 36.43881], [-99.58205, 36.44013], [-99.57907, 36.439], [-99.57574, 36.43724], [-99.57456, 36.43689], [-99.57129, 36.43506], [-99.57048, 36.43477], [-99.5705, 36.43206], [-99.57385, 36.43205], [-99.57429, 36.43173], [-99.57396, 36.43145], [-99.5705, 36.43151], [-99.57025, 36.41317], [-99.57403, 36.41325], [-99.57618, 36.41291], [-99.57898, 36.4133], [-99.57932, 36.41303], [-99.57908, 36.41277], [-99.57687, 36.41239], [-99.57403, 36.41271], [-99.57286, 36.41266], [-99.57235, 36.4121], [-99.57187, 36.41203], [-99.57149, 36.41129], [-99.57098, 36.41082], [-99.57059, 36.40983], [-99.57027, 36.40962], [-99.57036, 36.40202], [-99.57189, 36.40121], [-99.57315, 36.40111], [-99.57353, 36.40147], [-99.57387, 36.40149], [-99.57405, 36.40125], [-99.57384, 36.40081], [-99.57331, 36.40057], [-99.57288, 36.40059], [-99.58769, 36.39412], [-99.58768, 36.41163], [-99.58783, 36.41185], [-99.58815, 36.41188], [-99.58835, 36.41163], [-99.58835, 36.39545], [-99.58973, 36.39539], [-99.59167, 36.39594], [-99.59525, 36.39584], [-99.59554, 36.39557], [-99.59523, 36.39531], [-99.59175, 36.3954], [-99.58984, 36.39485], [-99.58835, 36.3949], [-99.58837, 36.39383], [-99.59299, 36.3918], [-99.60532, 36.3919], [-99.60525, 36.399], [-99.59887, 36.39978], [-99.59834, 36.40005], [-99.59805, 36.40047], [-99.59844, 36.40074], [-99.59908, 36.4003], [-99.60525, 36.39955], [-99.60523, 36.40886], [-99.60308, 36.40911], [-99.59954, 36.40916], [-99.59728, 36.40978], [-99.59588, 36.40978], [-99.59529, 36.41002], [-99.59523, 36.41034], [-99.59556, 36.41048], [-99.59744, 36.41031], [-99.59962, 36.4097], [-99.60359, 36.40954], [-99.60282, 36.41043], [-99.60179, 36.4109], [-99.60108, 36.41151], [-99.60011, 36.41441], [-99.59966, 36.41475], [-99.59691, 36.41568], [-99.59628, 36.41616], [-99.59239, 36.41526], [-99.59088, 36.41525], [-99.5888, 36.41457], [-99.58678, 36.41484], [-99.58706, 36.41325], [-99.58669, 36.41299], [-99.58641, 36.41319], [-99.58603, 36.41502], [-99.58507, 36.41589], [-99.58408, 36.4174], [-99.5841, 36.41812], [-99.58621, 36.42065], [-99.5867, 36.42188], [-99.58672, 36.42254], [-99.58602, 36.4256], [-99.58571, 36.42964], [-99.58477, 36.43013], [-99.58458, 36.43056], [-99.58505, 36.43237], [-99.58549, 36.43264], [-99.58608, 36.43254], [-99.58731, 36.43175], [-99.5887, 36.43135], [-99.58917, 36.43108], [-99.59015, 36.42987], [-99.59046, 36.42989], [-99.59132, 36.43074], [-99.59053, 36.43282], [-99.5906, 36.43384], [-99.58936, 36.43472], [-99.58764, 36.43517], [-99.58707, 36.43584], [-99.5871, 36.4361]]], [[[-99.60532, 36.38647], [-99.60532, 36.39135], [-99.594, 36.39135], [-99.60532, 36.3864], [-99.60532, 36.38647]]], [[[-99.60338, 36.38399], [-99.60534, 36.38266], [-99.60533, 36.3857], [-99.59245, 36.39134], [-99.60338, 36.38399]]], [[[-99.59649, 36.47114], [-99.59648, 36.46398], [-99.592, 36.4639], [-99.59215, 36.4497], [-99.60511, 36.44981], [-99.60501, 36.47826], [-99.59192, 36.47797], [-99.59199, 36.47106], [-99.59649, 36.47114]]], [[[-99.58735, 36.51076], [-99.59156, 36.51081], [-99.59155, 36.50732], [-99.58737, 36.50726], [-99.58755, 36.49283], [-99.62277, 36.49373], [-99.62286, 36.49884], [-99.62091, 36.49887], [-99.6175, 36.49945], [-99.61715, 36.50003], [-99.61755, 36.5003], [-99.61786, 36.49994], [-99.62099, 36.49941], [-99.62281, 36.49939], [-99.62267, 36.52176], [-99.60516, 36.52165], [-99.5874, 36.52118], [-99.58735, 36.51076]]], [[[-99.58737, 36.5333], [-99.58737, 36.52685], [-99.58929, 36.52685], [-99.58932, 36.52177], [-99.60515, 36.52219], [-99.62267, 36.5223], [-99.62287, 36.56513], [-99.60474, 36.56511], [-99.59689, 36.56477], [-99.5967, 36.56279], [-99.59602, 36.56278], [-99.596, 36.56473], [-99.58744, 36.56435], [-99.58737, 36.5333]]], [[[-99.58273, 36.52577], [-99.58482, 36.52603], [-99.58457, 36.52862], [-99.5867, 36.52859], [-99.58671, 36.54987], [-99.57693, 36.54994], [-99.57691, 36.54912], [-99.57923, 36.5481], [-99.58016, 36.54706], [-99.58031, 36.54642], [-99.58085, 36.54616], [-99.58127, 36.54565], [-99.58117, 36.54509], [-99.57882, 36.54372], [-99.58101, 36.53821], [-99.58166, 36.53554], [-99.58175, 36.53125], [-99.58209, 36.52878], [-99.58271, 36.52695], [-99.58273, 36.52577]]], [[[-99.55271, 36.54169], [-99.55212, 36.54187], [-99.55103, 36.54182], [-99.551, 36.53691], [-99.55174, 36.53664], [-99.55214, 36.53548], [-99.55798, 36.53552], [-99.5576, 36.5382], [-99.55725, 36.53876], [-99.55576, 36.54015], [-99.55271, 36.54169]]], [[[-99.55099, 36.53547], [-99.55147, 36.53548], [-99.5512, 36.53628], [-99.55099, 36.53634], [-99.55099, 36.53547]]], [[[-99.52089, 36.5975], [-99.52089, 36.60129], [-99.5122, 36.60133], [-99.51221, 36.5978], [-99.51486, 36.5986], [-99.51595, 36.59834], [-99.5179, 36.59724], [-99.51922, 36.59693], [-99.52089, 36.5975]]], [[[-99.51664, 36.59346], [-99.52089, 36.59344], [-99.52089, 36.59691], [-99.51921, 36.59637], [-99.51763, 36.59674], [-99.51662, 36.5973], [-99.51664, 36.59346]]], [[[-99.51487, 36.59805], [-99.51246, 36.5973], [-99.51645, 36.5974], [-99.51563, 36.59786], [-99.51487, 36.59805]]], [[[-99.66632, 36.5648], [-99.6664, 36.56499], [-99.65942, 36.56485], [-99.65942, 36.55897], [-99.66018, 36.55893], [-99.66054, 36.55843], [-99.66019, 36.55817], [-99.65985, 36.55843], [-99.65942, 36.55843], [-99.65943, 36.55094], [-99.67691, 36.55132], [-99.67687, 36.55301], [-99.67715, 36.5532], [-99.67748, 36.55307], [-99.6774, 36.52261], [-99.69468, 36.52274], [-99.69502, 36.55092], [-99.69497, 36.56517], [-99.69291, 36.56517], [-99.69329, 36.56441], [-99.69304, 36.5641], [-99.69255, 36.56396], [-99.69207, 36.56413], [-99.69179, 36.56457], [-99.69208, 36.56517], [-99.67745, 36.56521], [-99.66851, 36.56503], [-99.66859, 36.56467], [-99.66836, 36.56435], [-99.66704, 36.56399], [-99.66646, 36.56421], [-99.66632, 36.5648]]], [[[-99.57679, 36.56845], [-99.57465, 36.56836], [-99.57313, 36.56858], [-99.56971, 36.56861], [-99.56968, 36.565], [-99.57786, 36.56493], [-99.57792, 36.56852], [-99.57679, 36.56845]]], [[[-99.5787, 36.56887], [-99.57854, 36.56493], [-99.58677, 36.56488], [-99.5868, 36.57659], [-99.58074, 36.57396], [-99.57875, 36.57345], [-99.5788, 36.57288], [-99.57858, 36.57254], [-99.57881, 36.57052], [-99.5787, 36.56887]]], [[[-99.56971, 36.57383], [-99.56971, 36.57382], [-99.56975, 36.57383], [-99.56971, 36.57383]]], [[[-99.57024, 36.57324], [-99.5702, 36.57335], [-99.56971, 36.57326], [-99.5697, 36.57309], [-99.57024, 36.57304], [-99.57024, 36.57324]]], [[[-99.56978, 36.56956], [-99.56972, 36.56915], [-99.57036, 36.56915], [-99.57037, 36.56963], [-99.56978, 36.56956]]], [[[-99.56979, 36.57027], [-99.57038, 36.57017], [-99.57038, 36.57048], [-99.56979, 36.57057], [-99.56979, 36.57027]]], [[[-99.57159, 36.57046], [-99.57155, 36.57061], [-99.57104, 36.57061], [-99.57105, 36.57016], [-99.57163, 36.57014], [-99.57159, 36.57046]]], [[[-99.57372, 36.56949], [-99.57354, 36.56955], [-99.57352, 36.56907], [-99.57393, 36.56907], [-99.57398, 36.56947], [-99.57372, 36.56949]]], [[[-99.57158, 36.5758], [-99.57163, 36.57575], [-99.57161, 36.57604], [-99.57137, 36.57591], [-99.57158, 36.5758]]], [[[-99.57238, 36.57488], [-99.57237, 36.57507], [-99.57235, 36.57507], [-99.57236, 36.57488], [-99.57238, 36.57488]]], [[[-99.47238, 36.23077], [-99.47249, 36.23025], [-99.47202, 36.23005], [-99.47202, 36.21743], [-99.48831, 36.21755], [-99.48833, 36.24653], [-99.47191, 36.24658], [-99.47201, 36.23089], [-99.47238, 36.23077]], [[-99.48378, 36.22224], [-99.48378, 36.22183], [-99.48335, 36.22172], [-99.48227, 36.22234], [-99.48221, 36.22265], [-99.48246, 36.22292], [-99.48284, 36.22297], [-99.48378, 36.22224]], [[-99.47957, 36.22565], [-99.47999, 36.22525], [-99.47976, 36.22486], [-99.47939, 36.22479], [-99.47881, 36.22518], [-99.47872, 36.22553], [-99.47906, 36.22579], [-99.47957, 36.22565]], [[-99.47535, 36.22817], [-99.47517, 36.22775], [-99.4748, 36.22768], [-99.4742, 36.22817], [-99.47414, 36.22843], [-99.47465, 36.22869], [-99.47535, 36.22817]]], [[[-99.48043, 36.33319], [-99.47994, 36.33319], [-99.47989, 36.31945], [-99.51544, 36.31955], [-99.51555, 36.3478], [-99.49788, 36.34799], [-99.48025, 36.34767], [-99.47996, 36.33445], [-99.48068, 36.33436], [-99.48098, 36.3339], [-99.48086, 36.33343], [-99.48043, 36.33319]]], [[[-99.49701, 36.42915], [-99.49647, 36.42901], [-99.49621, 36.42942], [-99.49656, 36.42972], [-99.49706, 36.42949], [-99.49696, 36.43235], [-99.49455, 36.43324], [-99.49219, 36.43358], [-99.48, 36.4335], [-99.48012, 36.4198], [-99.49747, 36.42005], [-99.49707, 36.42926], [-99.49701, 36.42915]]], [[[-99.42509, 36.44202], [-99.42517, 36.44764], [-99.41012, 36.44776], [-99.4083, 36.4474], [-99.40782, 36.44703], [-99.40769, 36.44435], [-99.41243, 36.44428], [-99.41261, 36.44407], [-99.41261, 36.44271], [-99.41475, 36.44268], [-99.41488, 36.44171], [-99.41471, 36.44147], [-99.43122, 36.44184], [-99.42993, 36.44299], [-99.42911, 36.44333], [-99.42884, 36.44397], [-99.42864, 36.44363], [-99.4283, 36.44358], [-99.42758, 36.44442], [-99.42674, 36.44459], [-99.42645, 36.44529], [-99.42697, 36.44568], [-99.42901, 36.44548], [-99.4298, 36.44523], [-99.4301, 36.44427], [-99.4304, 36.44418], [-99.4305, 36.44379], [-99.4313, 36.44315], [-99.43187, 36.44242], [-99.43204, 36.44186], [-99.43247, 36.44187], [-99.43349, 36.44356], [-99.4328, 36.44393], [-99.43287, 36.44453], [-99.43338, 36.44484], [-99.43411, 36.44468], [-99.43574, 36.44773], [-99.42808, 36.44766], [-99.42807, 36.44735], [-99.42694, 36.44623], [-99.42665, 36.44634], [-99.42658, 36.44665], [-99.42715, 36.44765], [-99.42584, 36.44764], [-99.42575, 36.44199], [-99.42542, 36.44174], [-99.42509, 36.44202]], [[-99.41257, 36.44709], [-99.41309, 36.44695], [-99.4131, 36.44655], [-99.4129, 36.44637], [-99.4124, 36.44652], [-99.41257, 36.44709]]], [[[-99.43203, 36.44104], [-99.43213, 36.44125], [-99.42093, 36.44099], [-99.42101, 36.44037], [-99.42048, 36.43996], [-99.42075, 36.43907], [-99.42118, 36.43851], [-99.4221, 36.43842], [-99.42258, 36.43787], [-99.42278, 36.43787], [-99.42247, 36.43868], [-99.42271, 36.43911], [-99.42382, 36.43938], [-99.42505, 36.43935], [-99.42509, 36.44081], [-99.42527, 36.44102], [-99.42566, 36.44097], [-99.42575, 36.44064], [-99.42687, 36.4406], [-99.42758, 36.44012], [-99.42796, 36.44067], [-99.42835, 36.44053], [-99.42838, 36.44007], [-99.42879, 36.44005], [-99.42921, 36.44063], [-99.43028, 36.44069], [-99.43064, 36.44051], [-99.43071, 36.44019], [-99.42979, 36.43849], [-99.43025, 36.43858], [-99.43069, 36.43844], [-99.43203, 36.44104]]], [[[-99.41625, 36.4409], [-99.41529, 36.44088], [-99.41547, 36.44056], [-99.41543, 36.43981], [-99.41593, 36.43965], [-99.41588, 36.44036], [-99.41625, 36.4409]]], [[[-99.40773, 36.44006], [-99.40983, 36.44004], [-99.41031, 36.44061], [-99.40773, 36.44015], [-99.40773, 36.44006]]], [[[-99.4077, 36.44078], [-99.40918, 36.44104], [-99.40891, 36.4412], [-99.40888, 36.44155], [-99.4077, 36.44159], [-99.4077, 36.44078]]], [[[-99.4094, 36.44108], [-99.41279, 36.44142], [-99.41141, 36.44136], [-99.41112, 36.44155], [-99.41113, 36.4425], [-99.41141, 36.4427], [-99.41194, 36.44271], [-99.41194, 36.44377], [-99.40769, 36.44381], [-99.40769, 36.44213], [-99.40942, 36.44209], [-99.41011, 36.44234], [-99.41065, 36.44216], [-99.41061, 36.44132], [-99.41014, 36.44131], [-99.41003, 36.44177], [-99.40955, 36.44156], [-99.4094, 36.44108]]], [[[-99.40771, 36.43935], [-99.40809, 36.43927], [-99.40831, 36.43951], [-99.40771, 36.43952], [-99.40771, 36.43935]]], [[[-99.40962, 36.4395], [-99.40937, 36.4395], [-99.4095, 36.43937], [-99.40962, 36.4395]]], [[[-99.40856, 36.43751], [-99.40857, 36.43777], [-99.4077, 36.43808], [-99.4077, 36.43751], [-99.40856, 36.43751]]], [[[-99.40947, 36.43561], [-99.40965, 36.4356], [-99.40948, 36.43591], [-99.40945, 36.43579], [-99.40947, 36.43561]]], [[[-99.41062, 36.43063], [-99.41062, 36.43078], [-99.4102, 36.43063], [-99.4102, 36.43063], [-99.41062, 36.43063]]], [[[-99.40705, 36.4294], [-99.40704, 36.4301], [-99.40644, 36.42986], [-99.40645, 36.4294], [-99.40705, 36.4294]]], [[[-99.41316, 36.43009], [-99.41038, 36.43009], [-99.41025, 36.42981], [-99.41641, 36.42972], [-99.41637, 36.43159], [-99.41569, 36.4312], [-99.41551, 36.43063], [-99.41608, 36.43052], [-99.41597, 36.43011], [-99.41316, 36.43009]]], [[[-99.42002, 36.41571], [-99.41992, 36.41882], [-99.41915, 36.41882], [-99.41904, 36.41825], [-99.41867, 36.41804], [-99.41826, 36.41823], [-99.41839, 36.41881], [-99.41785, 36.41881], [-99.41787, 36.41691], [-99.41919, 36.41691], [-99.41917, 36.41557], [-99.41644, 36.41555], [-99.41643, 36.41464], [-99.4119, 36.41464], [-99.41193, 36.41822], [-99.41105, 36.41814], [-99.411, 36.41794], [-99.41167, 36.41777], [-99.41145, 36.41739], [-99.41055, 36.4175], [-99.40773, 36.41739], [-99.40774, 36.41697], [-99.40882, 36.41683], [-99.40893, 36.41616], [-99.40864, 36.41574], [-99.40774, 36.4157], [-99.40775, 36.41422], [-99.40883, 36.41424], [-99.40893, 36.41494], [-99.40954, 36.41531], [-99.40965, 36.41702], [-99.41137, 36.41708], [-99.41167, 36.41681], [-99.41157, 36.41306], [-99.4113, 36.41298], [-99.41104, 36.41312], [-99.411, 36.41392], [-99.41057, 36.41392], [-99.41054, 36.41316], [-99.41025, 36.41297], [-99.4099, 36.41317], [-99.4099, 36.41387], [-99.40951, 36.41381], [-99.40953, 36.41318], [-99.40925, 36.41298], [-99.4089, 36.41313], [-99.40884, 36.4137], [-99.40775, 36.41368], [-99.40774, 36.40966], [-99.40817, 36.40967], [-99.40796, 36.4102], [-99.40822, 36.41044], [-99.40856, 36.41033], [-99.40883, 36.40976], [-99.41, 36.40986], [-99.40962, 36.41022], [-99.40989, 36.41053], [-99.41051, 36.41022], [-99.41143, 36.41063], [-99.41295, 36.41065], [-99.41323, 36.41039], [-99.41303, 36.41014], [-99.41241, 36.4101], [-99.41244, 36.4087], [-99.4121, 36.40844], [-99.41096, 36.40847], [-99.40966, 36.40931], [-99.40848, 36.40916], [-99.40848, 36.40889], [-99.40936, 36.40877], [-99.4093, 36.40839], [-99.40807, 36.40836], [-99.40783, 36.40852], [-99.40774, 36.40912], [-99.40774, 36.40761], [-99.41205, 36.40763], [-99.41226, 36.4074], [-99.41227, 36.40489], [-99.41609, 36.40493], [-99.41619, 36.40834], [-99.41687, 36.41002], [-99.41749, 36.41067], [-99.41759, 36.41256], [-99.41843, 36.41337], [-99.41833, 36.41436], [-99.41721, 36.41466], [-99.41709, 36.41501], [-99.41741, 36.41516], [-99.41847, 36.41493], [-99.41901, 36.41447], [-99.42084, 36.41501], [-99.42475, 36.41507], [-99.42506, 36.41537], [-99.42506, 36.41882], [-99.42238, 36.41883], [-99.42249, 36.41739], [-99.42217, 36.41714], [-99.42172, 36.41754], [-99.42171, 36.41883], [-99.42059, 36.41883], [-99.42057, 36.41589], [-99.42036, 36.41566], [-99.42002, 36.41571]], [[-99.41191, 36.41138], [-99.41196, 36.41179], [-99.41255, 36.41174], [-99.41246, 36.41136], [-99.41191, 36.41138]]], [[[-99.41192, 36.41869], [-99.41194, 36.4188], [-99.41096, 36.4188], [-99.41112, 36.41868], [-99.41192, 36.41869]]], [[[-99.41814, 36.4105], [-99.41747, 36.40977], [-99.41685, 36.40821], [-99.41676, 36.40494], [-99.42002, 36.40502], [-99.41997, 36.40538], [-99.4203, 36.40555], [-99.42071, 36.40538], [-99.42086, 36.40504], [-99.42113, 36.40505], [-99.42088, 36.40641], [-99.4212, 36.40667], [-99.42154, 36.40646], [-99.4218, 36.40506], [-99.42508, 36.40515], [-99.42509, 36.41044], [-99.42447, 36.41057], [-99.42366, 36.40973], [-99.42319, 36.4095], [-99.42176, 36.4094], [-99.42099, 36.40853], [-99.42068, 36.40856], [-99.42053, 36.40878], [-99.42142, 36.40989], [-99.42318, 36.4101], [-99.42361, 36.4107], [-99.42421, 36.41107], [-99.42395, 36.41167], [-99.42412, 36.41193], [-99.42458, 36.41185], [-99.42509, 36.41098], [-99.42506, 36.41435], [-99.42453, 36.41357], [-99.42366, 36.41345], [-99.42321, 36.41348], [-99.4227, 36.41379], [-99.42267, 36.41411], [-99.42295, 36.4145], [-99.42093, 36.41447], [-99.4192, 36.41394], [-99.41909, 36.41301], [-99.42005, 36.4129], [-99.42036, 36.41254], [-99.42002, 36.41234], [-99.41902, 36.41241], [-99.41862, 36.41262], [-99.4182, 36.41232], [-99.41814, 36.4105]], [[-99.42244, 36.41243], [-99.42269, 36.41227], [-99.42266, 36.41197], [-99.42233, 36.41168], [-99.42195, 36.41167], [-99.42184, 36.41216], [-99.42244, 36.41243]]], [[[-99.4094, 36.40223], [-99.40936, 36.40265], [-99.40774, 36.40262], [-99.40772, 36.39052], [-99.42513, 36.39085], [-99.42508, 36.40461], [-99.40775, 36.40428], [-99.40774, 36.40316], [-99.41035, 36.40321], [-99.41141, 36.4027], [-99.41212, 36.4032], [-99.41292, 36.40326], [-99.41317, 36.40307], [-99.41311, 36.40282], [-99.41236, 36.40269], [-99.41195, 36.40238], [-99.41555, 36.40209], [-99.4159, 36.40198], [-99.41614, 36.40163], [-99.4158, 36.4014], [-99.41544, 36.40156], [-99.412, 36.40179], [-99.41036, 36.40265], [-99.41003, 36.40267], [-99.41006, 36.4024], [-99.41133, 36.4016], [-99.4113, 36.40133], [-99.41098, 36.40122], [-99.41057, 36.40131], [-99.4094, 36.40223]], [[-99.42337, 36.40134], [-99.42397, 36.40147], [-99.42421, 36.401], [-99.42398, 36.40082], [-99.42354, 36.40083], [-99.42331, 36.40104], [-99.42337, 36.40134]], [[-99.42017, 36.40263], [-99.42049, 36.40274], [-99.42087, 36.40259], [-99.42104, 36.40213], [-99.42084, 36.40188], [-99.42053, 36.40181], [-99.42018, 36.40199], [-99.42002, 36.40235], [-99.42017, 36.40263]]], [[[-99.40773, 36.38485], [-99.40773, 36.37612], [-99.42516, 36.37649], [-99.42513, 36.39031], [-99.40772, 36.38997], [-99.40773, 36.38485]], [[-99.41222, 36.38644], [-99.41239, 36.38581], [-99.4121, 36.38552], [-99.41172, 36.38548], [-99.41142, 36.38577], [-99.41144, 36.38619], [-99.41177, 36.3865], [-99.41222, 36.38644]], [[-99.40978, 36.37774], [-99.40985, 36.37797], [-99.41023, 36.37814], [-99.41074, 36.37792], [-99.41071, 36.37762], [-99.41041, 36.37745], [-99.41, 36.37748], [-99.40978, 36.37774]], [[-99.4116, 36.38772], [-99.41154, 36.38704], [-99.41089, 36.38697], [-99.41088, 36.38778], [-99.41135, 36.38788], [-99.4116, 36.38772]]], [[[-99.39549, 36.38035], [-99.39564, 36.37611], [-99.40706, 36.37611], [-99.40706, 36.38196], [-99.40348, 36.38192], [-99.40315, 36.38177], [-99.4025, 36.38077], [-99.40216, 36.38075], [-99.40197, 36.38098], [-99.40263, 36.3821], [-99.40326, 36.38243], [-99.40706, 36.3825], [-99.40706, 36.38458], [-99.38982, 36.38449], [-99.38981, 36.38225], [-99.39704, 36.38231], [-99.39753, 36.38222], [-99.39795, 36.38184], [-99.39791, 36.38162], [-99.39763, 36.3815], [-99.39702, 36.38176], [-99.38982, 36.38171], [-99.38983, 36.38009], [-99.39252, 36.38011], [-99.39339, 36.3807], [-99.39404, 36.3806], [-99.39399, 36.3803], [-99.39298, 36.37972], [-99.39299, 36.3761], [-99.39497, 36.37611], [-99.39495, 36.38017], [-99.39515, 36.38039], [-99.39549, 36.38035]], [[-99.39962, 36.37668], [-99.39932, 36.37648], [-99.39897, 36.37654], [-99.39865, 36.37684], [-99.39865, 36.37717], [-99.39896, 36.37731], [-99.39933, 36.37725], [-99.39961, 36.37701], [-99.39962, 36.37668]]], [[[-99.40713, 36.36178], [-99.40706, 36.37557], [-99.38984, 36.37555], [-99.38979, 36.36171], [-99.40713, 36.36178]]], [[[-99.4142, 36.36194], [-99.42527, 36.36209], [-99.42516, 36.37594], [-99.40773, 36.37558], [-99.40775, 36.37038], [-99.40837, 36.37042], [-99.40877, 36.37005], [-99.40846, 36.36969], [-99.40775, 36.3698], [-99.40779, 36.36179], [-99.4142, 36.36194]], [[-99.41751, 36.37052], [-99.41785, 36.37062], [-99.41851, 36.37042], [-99.41873, 36.3702], [-99.41867, 36.36992], [-99.41824, 36.36972], [-99.41749, 36.36989], [-99.41731, 36.37019], [-99.41751, 36.37052]]], [[[-99.38032, 36.37564], [-99.37175, 36.37573], [-99.37167, 36.36196], [-99.38913, 36.36171], [-99.38917, 36.37555], [-99.38032, 36.37564]], [[-99.37903, 36.36248], [-99.37854, 36.36259], [-99.37846, 36.36311], [-99.37875, 36.36325], [-99.37932, 36.36316], [-99.37927, 36.36363], [-99.37972, 36.36405], [-99.38047, 36.36401], [-99.38081, 36.36363], [-99.38068, 36.36317], [-99.38008, 36.36283], [-99.37941, 36.36306], [-99.37941, 36.3628], [-99.37903, 36.36248]]], [[[-99.37108, 36.37574], [-99.35415, 36.37631], [-99.35415, 36.36231], [-99.37101, 36.36197], [-99.37108, 36.37574]], [[-99.3651, 36.3663], [-99.36477, 36.36613], [-99.36444, 36.3663], [-99.3642, 36.36683], [-99.36441, 36.36715], [-99.36475, 36.36717], [-99.36503, 36.36697], [-99.3651, 36.3663]], [[-99.36115, 36.37023], [-99.36138, 36.3699], [-99.36099, 36.36937], [-99.36067, 36.36936], [-99.36015, 36.36972], [-99.36037, 36.37017], [-99.36115, 36.37023]], [[-99.35846, 36.36481], [-99.35816, 36.36438], [-99.35762, 36.36457], [-99.35765, 36.36487], [-99.35791, 36.36506], [-99.35846, 36.36481]]], [[[-99.35862, 36.35923], [-99.359, 36.35983], [-99.359, 36.36164], [-99.35415, 36.36176], [-99.35415, 36.36115], [-99.35487, 36.36128], [-99.3554, 36.36104], [-99.35566, 36.3598], [-99.35807, 36.35976], [-99.35835, 36.35948], [-99.35803, 36.35922], [-99.35547, 36.35928], [-99.35501, 36.35967], [-99.35486, 36.36072], [-99.35414, 36.3606], [-99.35414, 36.34771], [-99.37113, 36.34757], [-99.37101, 36.36143], [-99.36182, 36.3616], [-99.36178, 36.35596], [-99.36262, 36.35618], [-99.364, 36.35624], [-99.36433, 36.35583], [-99.36443, 36.35491], [-99.36571, 36.35485], [-99.36586, 36.35458], [-99.36561, 36.35436], [-99.36425, 36.35435], [-99.36376, 36.35489], [-99.36336, 36.35467], [-99.36283, 36.35478], [-99.36273, 36.35525], [-99.36316, 36.35546], [-99.36372, 36.35546], [-99.36366, 36.35575], [-99.36148, 36.35534], [-99.35903, 36.35547], [-99.35886, 36.35579], [-99.35889, 36.35725], [-99.3582, 36.35797], [-99.35862, 36.35923]], [[-99.35915, 36.35028], [-99.35937, 36.35008], [-99.35938, 36.34956], [-99.35878, 36.34935], [-99.3585, 36.34956], [-99.35848, 36.34986], [-99.35869, 36.3502], [-99.35915, 36.35028]], [[-99.35799, 36.35221], [-99.35769, 36.35199], [-99.35731, 36.35204], [-99.35722, 36.35275], [-99.35781, 36.35281], [-99.35799, 36.35221]], [[-99.3585, 36.35712], [-99.35862, 36.35584], [-99.35883, 36.35553], [-99.35844, 36.35518], [-99.35785, 36.35564], [-99.35744, 36.35683], [-99.35772, 36.35718], [-99.35824, 36.35727], [-99.3585, 36.35712]]], [[[-99.35956, 36.3572], [-99.35953, 36.35594], [-99.36112, 36.35589], [-99.36115, 36.36161], [-99.35967, 36.36163], [-99.35966, 36.35973], [-99.35892, 36.3582], [-99.35969, 36.35795], [-99.35956, 36.3572]], [[-99.36054, 36.35842], [-99.36009, 36.35799], [-99.35947, 36.35834], [-99.35959, 36.35868], [-99.36001, 36.35888], [-99.3604, 36.35875], [-99.36054, 36.35842]]], [[[-99.37262, 36.34756], [-99.38917, 36.34732], [-99.38914, 36.36117], [-99.37167, 36.36142], [-99.3718, 36.34756], [-99.37262, 36.34756]], [[-99.38568, 36.36033], [-99.38599, 36.3598], [-99.38556, 36.35953], [-99.38514, 36.35969], [-99.38502, 36.36002], [-99.38524, 36.36033], [-99.38568, 36.36033]], [[-99.38335, 36.36064], [-99.38313, 36.35974], [-99.38168, 36.35912], [-99.38122, 36.35918], [-99.38052, 36.35966], [-99.38054, 36.35998], [-99.38103, 36.36026], [-99.38242, 36.36023], [-99.38282, 36.36091], [-99.38317, 36.36087], [-99.38335, 36.36064]], [[-99.37275, 36.35649], [-99.37321, 36.35634], [-99.37326, 36.35603], [-99.37305, 36.35584], [-99.37262, 36.35599], [-99.37275, 36.35649]]], [[[-99.40724, 36.34744], [-99.40713, 36.36124], [-99.38981, 36.36117], [-99.38984, 36.34731], [-99.3984, 36.34726], [-99.40724, 36.34744]]], [[[-99.41353, 36.35756], [-99.41398, 36.35769], [-99.41388, 36.36139], [-99.4078, 36.36125], [-99.40791, 36.34745], [-99.42526, 36.34774], [-99.42526, 36.36155], [-99.41455, 36.3614], [-99.41465, 36.35635], [-99.41448, 36.35611], [-99.41408, 36.35616], [-99.41398, 36.35672], [-99.41343, 36.35698], [-99.41353, 36.35756]]], [[[-99.34365, 36.37637], [-99.33734, 36.37638], [-99.33771, 36.37554], [-99.33748, 36.37533], [-99.33706, 36.37531], [-99.33639, 36.37534], [-99.33616, 36.37567], [-99.33629, 36.37593], [-99.33683, 36.37611], [-99.33704, 36.37638], [-99.33609, 36.37638], [-99.33603, 36.34783], [-99.35347, 36.34774], [-99.35348, 36.37632], [-99.34365, 36.37637]], [[-99.34955, 36.35242], [-99.3491, 36.35198], [-99.34876, 36.35204], [-99.34853, 36.35235], [-99.34888, 36.35275], [-99.34933, 36.35269], [-99.34955, 36.35242]], [[-99.35191, 36.36069], [-99.35137, 36.3597], [-99.35106, 36.35956], [-99.35077, 36.35967], [-99.35056, 36.36021], [-99.35119, 36.36099], [-99.35171, 36.36108], [-99.35191, 36.36069]], [[-99.3519, 36.36341], [-99.35139, 36.36317], [-99.35114, 36.36338], [-99.35116, 36.36366], [-99.35163, 36.36384], [-99.3519, 36.36341]], [[-99.34591, 36.37151], [-99.34566, 36.37129], [-99.34534, 36.37131], [-99.34503, 36.37174], [-99.34507, 36.372], [-99.34534, 36.37215], [-99.34569, 36.37209], [-99.34591, 36.37151]], [[-99.34409, 36.37508], [-99.34409, 36.37477], [-99.34382, 36.37456], [-99.34344, 36.37457], [-99.34317, 36.3748], [-99.34354, 36.37539], [-99.34386, 36.37536], [-99.34409, 36.37508]], [[-99.34077, 36.36774], [-99.34069, 36.36742], [-99.34042, 36.36726], [-99.33969, 36.3673], [-99.33945, 36.36753], [-99.34007, 36.36827], [-99.34043, 36.36814], [-99.34077, 36.36774]]], [[[-99.31807, 36.37271], [-99.31811, 36.34843], [-99.33536, 36.34784], [-99.33542, 36.37639], [-99.32634, 36.37663], [-99.32647, 36.3756], [-99.32602, 36.3745], [-99.32625, 36.37308], [-99.32749, 36.3717], [-99.32747, 36.37088], [-99.32772, 36.37056], [-99.33002, 36.36933], [-99.33011, 36.36906], [-99.32986, 36.36887], [-99.32844, 36.36939], [-99.32793, 36.36988], [-99.32723, 36.37018], [-99.3268, 36.37074], [-99.32684, 36.37151], [-99.32563, 36.37285], [-99.32535, 36.37454], [-99.3258, 36.37567], [-99.3257, 36.37644], [-99.32509, 36.37634], [-99.32442, 36.37653], [-99.31841, 36.37371], [-99.31842, 36.37334], [-99.31807, 36.37271]], [[-99.33155, 36.35285], [-99.33136, 36.3531], [-99.3315, 36.3538], [-99.33206, 36.354], [-99.33242, 36.35372], [-99.33246, 36.35329], [-99.33193, 36.35283], [-99.33155, 36.35285]], [[-99.3318, 36.35483], [-99.3317, 36.35458], [-99.33139, 36.35446], [-99.33095, 36.35489], [-99.33141, 36.35521], [-99.3318, 36.35483]], [[-99.32814, 36.36943], [-99.32818, 36.36913], [-99.32791, 36.36891], [-99.32739, 36.36893], [-99.32713, 36.36912], [-99.32718, 36.36948], [-99.32753, 36.36974], [-99.32786, 36.36971], [-99.32814, 36.36943]]], [[[-99.30024, 36.35729], [-99.30046, 36.34843], [-99.31744, 36.34844], [-99.3174, 36.37272], [-99.31774, 36.3734], [-99.3033, 36.36663], [-99.30139, 36.36527], [-99.29994, 36.36345], [-99.29727, 36.35811], [-99.29862, 36.35813], [-99.30002, 36.35764], [-99.30024, 36.35729]], [[-99.30768, 36.35371], [-99.30786, 36.35286], [-99.30743, 36.35258], [-99.30686, 36.35296], [-99.30651, 36.3537], [-99.30723, 36.35406], [-99.30768, 36.35371]], [[-99.30093, 36.35923], [-99.30115, 36.35898], [-99.30104, 36.35874], [-99.3001, 36.35859], [-99.2996, 36.35832], [-99.29875, 36.35836], [-99.29794, 36.35904], [-99.2982, 36.3594], [-99.29928, 36.35977], [-99.30005, 36.35926], [-99.30093, 36.35923]], [[-99.30314, 36.36061], [-99.30352, 36.36078], [-99.30384, 36.36061], [-99.304, 36.36094], [-99.30443, 36.36098], [-99.30488, 36.36058], [-99.30485, 36.35992], [-99.30442, 36.35973], [-99.30405, 36.36005], [-99.30383, 36.3596], [-99.30329, 36.35963], [-99.30307, 36.35987], [-99.30314, 36.36061]], [[-99.30946, 36.36097], [-99.3101, 36.36122], [-99.31067, 36.36111], [-99.31089, 36.36082], [-99.31068, 36.36058], [-99.30972, 36.36031], [-99.30938, 36.36062], [-99.30946, 36.36097]], [[-99.30373, 36.36174], [-99.30349, 36.3611], [-99.30296, 36.36087], [-99.30258, 36.361], [-99.30255, 36.36155], [-99.30299, 36.36219], [-99.30348, 36.36225], [-99.30373, 36.36174]], [[-99.30511, 36.36216], [-99.3054, 36.36187], [-99.30554, 36.36126], [-99.30525, 36.361], [-99.30467, 36.36092], [-99.30418, 36.36144], [-99.30413, 36.36195], [-99.30455, 36.36236], [-99.30511, 36.36216]], [[-99.31131, 36.36264], [-99.31174, 36.3627], [-99.31206, 36.36232], [-99.31172, 36.3617], [-99.31141, 36.36153], [-99.31099, 36.36183], [-99.31103, 36.3623], [-99.31131, 36.36264]]], [[[-99.28626, 36.35032], [-99.28307, 36.34867], [-99.29896, 36.34844], [-99.29897, 36.34888], [-99.29978, 36.34887], [-99.29957, 36.35721], [-99.29846, 36.3576], [-99.29699, 36.35756], [-99.29606, 36.35607], [-99.29476, 36.35483], [-99.28626, 36.35032]], [[-99.29281, 36.34944], [-99.29239, 36.34911], [-99.29186, 36.34915], [-99.29165, 36.34942], [-99.29223, 36.34986], [-99.29281, 36.34944]]], [[[-99.28135, 36.34779], [-99.28121, 36.34771], [-99.28126, 36.34768], [-99.28135, 36.34779]]], [[[-99.29965, 36.33896], [-99.29979, 36.3479], [-99.28316, 36.34813], [-99.28183, 36.3474], [-99.28225, 36.34684], [-99.28234, 36.34635], [-99.28235, 36.33424], [-99.29962, 36.33405], [-99.29965, 36.33896]], [[-99.28458, 36.34639], [-99.28424, 36.34546], [-99.28398, 36.34526], [-99.28367, 36.34528], [-99.28329, 36.34584], [-99.28351, 36.34648], [-99.28402, 36.34665], [-99.28458, 36.34639]]], [[[-99.30046, 36.34789], [-99.30029, 36.33405], [-99.31758, 36.3341], [-99.31745, 36.3479], [-99.30046, 36.34789]], [[-99.30215, 36.34505], [-99.30183, 36.3445], [-99.3013, 36.34465], [-99.30124, 36.34506], [-99.30149, 36.34534], [-99.30193, 36.34534], [-99.30215, 36.34505]]], [[[-99.31997, 36.34783], [-99.31812, 36.34789], [-99.31825, 36.33411], [-99.33553, 36.33414], [-99.33537, 36.3473], [-99.31997, 36.34783]], [[-99.32531, 36.3403], [-99.32594, 36.34021], [-99.32636, 36.33985], [-99.32627, 36.33959], [-99.32582, 36.3394], [-99.32624, 36.33908], [-99.3258, 36.33873], [-99.32599, 36.33786], [-99.32555, 36.33759], [-99.32505, 36.33797], [-99.32481, 36.33752], [-99.32443, 36.33741], [-99.32401, 36.33784], [-99.32416, 36.33901], [-99.32449, 36.33927], [-99.32413, 36.33972], [-99.32531, 36.3403]], [[-99.32354, 36.34284], [-99.32404, 36.34249], [-99.32423, 36.34148], [-99.32391, 36.34119], [-99.32351, 36.34134], [-99.3233, 36.34203], [-99.3227, 36.34239], [-99.32241, 36.34306], [-99.32289, 36.34334], [-99.32354, 36.34284]]], [[[-99.35283, 36.344], [-99.35335, 36.34554], [-99.35347, 36.3472], [-99.33604, 36.34729], [-99.3362, 36.33414], [-99.34326, 36.3342], [-99.35143, 36.34203], [-99.35283, 36.344]], [[-99.33884, 36.34656], [-99.33937, 36.34635], [-99.33936, 36.34608], [-99.33906, 36.34588], [-99.33855, 36.34612], [-99.33884, 36.34656]]], [[[-99.37122, 36.3392], [-99.37103, 36.33988], [-99.37121, 36.34011], [-99.37114, 36.34703], [-99.35414, 36.34717], [-99.35395, 36.34521], [-99.35417, 36.34477], [-99.35436, 36.33418], [-99.37128, 36.33346], [-99.37123, 36.33858], [-99.36858, 36.33711], [-99.36818, 36.33722], [-99.3677, 36.33709], [-99.36742, 36.33742], [-99.36768, 36.33777], [-99.36828, 36.3376], [-99.37122, 36.3392]], [[-99.35875, 36.34026], [-99.35963, 36.34034], [-99.35986, 36.34015], [-99.35986, 36.33984], [-99.35948, 36.33951], [-99.35914, 36.33949], [-99.35868, 36.3399], [-99.35875, 36.34026]], [[-99.36225, 36.34081], [-99.36196, 36.34034], [-99.36152, 36.34037], [-99.36128, 36.34061], [-99.36141, 36.3409], [-99.3618, 36.34106], [-99.36225, 36.34081]], [[-99.35608, 36.33478], [-99.35653, 36.33511], [-99.35695, 36.33473], [-99.35651, 36.33442], [-99.35608, 36.33478]]], [[[-99.37842, 36.33336], [-99.37842, 36.33319], [-99.38913, 36.33297], [-99.38917, 36.34678], [-99.3718, 36.34702], [-99.37188, 36.34021], [-99.37203, 36.33997], [-99.37188, 36.33976], [-99.37194, 36.33343], [-99.37775, 36.3332], [-99.377, 36.33396], [-99.37676, 36.33457], [-99.3767, 36.33555], [-99.37704, 36.33576], [-99.37735, 36.33556], [-99.37758, 36.33425], [-99.37842, 36.33336]], [[-99.38599, 36.33861], [-99.38595, 36.33833], [-99.38565, 36.33813], [-99.38504, 36.33811], [-99.38475, 36.33833], [-99.38482, 36.33865], [-99.38527, 36.33892], [-99.38599, 36.33861]], [[-99.38061, 36.34522], [-99.38023, 36.34501], [-99.37986, 36.34513], [-99.37982, 36.34591], [-99.38014, 36.34601], [-99.38044, 36.34585], [-99.38061, 36.34522]]], [[[-99.3898, 36.33297], [-99.40682, 36.33313], [-99.40723, 36.3469], [-99.39841, 36.34672], [-99.38984, 36.34677], [-99.3898, 36.33297]], [[-99.39476, 36.33498], [-99.39472, 36.33462], [-99.39439, 36.33442], [-99.39359, 36.3346], [-99.39336, 36.33484], [-99.39347, 36.33512], [-99.39424, 36.33549], [-99.39458, 36.33535], [-99.39476, 36.33498]], [[-99.39286, 36.336], [-99.39307, 36.33579], [-99.39299, 36.33555], [-99.39335, 36.33529], [-99.3932, 36.33496], [-99.3914, 36.33493], [-99.39122, 36.33525], [-99.39136, 36.33561], [-99.39233, 36.33601], [-99.39286, 36.336]]], [[[-99.41455, 36.34704], [-99.4079, 36.34691], [-99.40749, 36.33301], [-99.4252, 36.3333], [-99.42525, 36.3472], [-99.41455, 36.34704]]], [[[-99.40752, 36.32533], [-99.4075, 36.31888], [-99.4251, 36.31896], [-99.42519, 36.33276], [-99.40749, 36.33247], [-99.40752, 36.32533]]], [[[-99.42081, 36.29021], [-99.42536, 36.2902], [-99.42543, 36.30122], [-99.42489, 36.30121], [-99.42466, 36.30176], [-99.42499, 36.30205], [-99.42542, 36.30185], [-99.4251, 36.31842], [-99.4075, 36.31834], [-99.40727, 36.2973], [-99.40742, 36.29005], [-99.42081, 36.29021]], [[-99.41301, 36.29494], [-99.41241, 36.2948], [-99.41217, 36.29505], [-99.41221, 36.29541], [-99.4125, 36.29557], [-99.41282, 36.29551], [-99.41303, 36.2953], [-99.41301, 36.29494]], [[-99.41584, 36.29636], [-99.41641, 36.2956], [-99.41597, 36.29524], [-99.41543, 36.29557], [-99.41529, 36.29604], [-99.41545, 36.29631], [-99.41584, 36.29636]], [[-99.41195, 36.29794], [-99.41154, 36.29748], [-99.41102, 36.29749], [-99.41078, 36.29772], [-99.4108, 36.29798], [-99.41112, 36.29818], [-99.41166, 36.2982], [-99.41195, 36.29794]], [[-99.42412, 36.30247], [-99.42445, 36.30206], [-99.42415, 36.30175], [-99.42362, 36.30181], [-99.42313, 36.3022], [-99.4231, 36.30258], [-99.42209, 36.30407], [-99.42233, 36.30449], [-99.423, 36.30453], [-99.42328, 36.30437], [-99.42413, 36.30301], [-99.42412, 36.30247]], [[-99.4217, 36.30864], [-99.42235, 36.30856], [-99.42265, 36.30788], [-99.42245, 36.30653], [-99.42187, 36.30598], [-99.42149, 36.30621], [-99.42162, 36.30751], [-99.42128, 36.30781], [-99.42139, 36.30842], [-99.4217, 36.30864]], [[-99.41778, 36.31193], [-99.41819, 36.31165], [-99.41813, 36.31132], [-99.41709, 36.31103], [-99.41675, 36.31136], [-99.41626, 36.31144], [-99.4155, 36.31195], [-99.41507, 36.31247], [-99.41511, 36.31307], [-99.41542, 36.31324], [-99.41578, 36.31315], [-99.41664, 36.31212], [-99.41778, 36.31193]]], [[[-99.41793, 36.28964], [-99.40744, 36.28951], [-99.40781, 36.27568], [-99.42532, 36.2757], [-99.42535, 36.28966], [-99.41793, 36.28964]], [[-99.41358, 36.28285], [-99.41336, 36.28231], [-99.4129, 36.28225], [-99.41263, 36.28241], [-99.41297, 36.28312], [-99.41327, 36.28312], [-99.41358, 36.28285]], [[-99.4239, 36.28479], [-99.42383, 36.28427], [-99.4233, 36.28378], [-99.42278, 36.28379], [-99.42222, 36.2844], [-99.42223, 36.28472], [-99.42251, 36.28491], [-99.42363, 36.28497], [-99.4239, 36.28479]], [[-99.41091, 36.27698], [-99.41047, 36.27656], [-99.40996, 36.2768], [-99.41004, 36.2772], [-99.4104, 36.27743], [-99.41077, 36.27731], [-99.41091, 36.27698]], [[-99.4095, 36.28223], [-99.40936, 36.2819], [-99.409, 36.28174], [-99.40867, 36.28181], [-99.40846, 36.28211], [-99.40855, 36.28237], [-99.40894, 36.28258], [-99.40929, 36.28252], [-99.4095, 36.28223]], [[-99.41125, 36.28699], [-99.41071, 36.28664], [-99.41028, 36.28674], [-99.41012, 36.28702], [-99.41031, 36.28729], [-99.41072, 36.28737], [-99.41112, 36.28723], [-99.41125, 36.28699]]], [[[-99.40794, 36.24728], [-99.42525, 36.24733], [-99.42514, 36.26112], [-99.42532, 36.27516], [-99.40782, 36.27514], [-99.40785, 36.26579], [-99.40822, 36.2657], [-99.40846, 36.26528], [-99.4083, 36.26505], [-99.40785, 36.26498], [-99.40794, 36.24728]], [[-99.41052, 36.25729], [-99.41069, 36.25692], [-99.41054, 36.25662], [-99.40972, 36.25661], [-99.40973, 36.25731], [-99.41022, 36.25742], [-99.41052, 36.25729]], [[-99.4131, 36.26247], [-99.41244, 36.26228], [-99.41193, 36.26265], [-99.41063, 36.26244], [-99.40945, 36.26277], [-99.40918, 36.2634], [-99.40996, 36.26368], [-99.41136, 36.26347], [-99.41204, 36.26301], [-99.41248, 36.26313], [-99.41291, 36.26303], [-99.4131, 36.26247]], [[-99.41021, 36.26428], [-99.40903, 36.26371], [-99.40876, 36.2638], [-99.40846, 36.26427], [-99.40865, 36.26465], [-99.40929, 36.26494], [-99.41006, 36.26484], [-99.41021, 36.26428]], [[-99.41059, 36.2719], [-99.41032, 36.2717], [-99.40999, 36.27177], [-99.4095, 36.27231], [-99.40955, 36.2727], [-99.4102, 36.27288], [-99.41052, 36.27276], [-99.41059, 36.2719]]], [[[-99.3901, 36.27511], [-99.39011, 36.27197], [-99.39046, 36.27207], [-99.39095, 36.27173], [-99.39192, 36.27183], [-99.39258, 36.27154], [-99.39339, 36.27154], [-99.39419, 36.27057], [-99.39472, 36.27049], [-99.39496, 36.27019], [-99.39467, 36.26987], [-99.39397, 36.26983], [-99.39307, 36.27061], [-99.39204, 36.27107], [-99.39081, 36.27102], [-99.39011, 36.27144], [-99.39013, 36.25303], [-99.38995, 36.24702], [-99.40728, 36.24727], [-99.40715, 36.27514], [-99.3989, 36.27511], [-99.39887, 36.27148], [-99.39853, 36.27123], [-99.3982, 36.27148], [-99.39823, 36.27511], [-99.3901, 36.27511]], [[-99.40686, 36.25867], [-99.4067, 36.25811], [-99.40593, 36.25816], [-99.40505, 36.2588], [-99.40512, 36.25932], [-99.40537, 36.25948], [-99.4061, 36.25944], [-99.40686, 36.25867]], [[-99.40496, 36.26078], [-99.40417, 36.26073], [-99.40401, 36.26134], [-99.40487, 36.26143], [-99.40507, 36.26102], [-99.40496, 36.26078]], [[-99.40387, 36.26296], [-99.40424, 36.26269], [-99.4043, 36.26236], [-99.404, 36.26201], [-99.40365, 36.26196], [-99.40327, 36.26227], [-99.40322, 36.2626], [-99.40345, 36.26291], [-99.40387, 36.26296]], [[-99.3929, 36.27323], [-99.39051, 36.27289], [-99.3901, 36.27337], [-99.39064, 36.27402], [-99.39156, 36.27446], [-99.3923, 36.27445], [-99.39292, 36.27429], [-99.39329, 36.27385], [-99.3929, 36.27323]]], [[[-99.35741, 36.24729], [-99.37819, 36.24724], [-99.38928, 36.24701], [-99.38946, 36.25304], [-99.38943, 36.27511], [-99.37538, 36.27516], [-99.35365, 36.27568], [-99.34023, 36.27569], [-99.3402, 36.27495], [-99.34, 36.27473], [-99.33954, 36.27466], [-99.33942, 36.2739], [-99.33824, 36.27375], [-99.33825, 36.27246], [-99.33808, 36.27225], [-99.3376, 36.27241], [-99.33758, 36.27371], [-99.33612, 36.2737], [-99.33611, 36.26175], [-99.34848, 36.26178], [-99.3489, 36.26221], [-99.34924, 36.26195], [-99.34912, 36.2614], [-99.34854, 36.26124], [-99.33611, 36.26121], [-99.33598, 36.25654], [-99.33616, 36.25597], [-99.3363, 36.24734], [-99.35741, 36.24729]], [[-99.37019, 36.27457], [-99.3705, 36.27435], [-99.37049, 36.27403], [-99.37013, 36.27364], [-99.3698, 36.27362], [-99.36938, 36.27386], [-99.36934, 36.27412], [-99.37019, 36.27457]], [[-99.35045, 36.2579], [-99.35009, 36.2575], [-99.34959, 36.25776], [-99.34992, 36.25817], [-99.35045, 36.2579]], [[-99.35829, 36.26956], [-99.35854, 36.26921], [-99.3581, 36.26884], [-99.35706, 36.26915], [-99.35699, 36.26961], [-99.35613, 36.27016], [-99.35629, 36.27099], [-99.35659, 36.27112], [-99.35706, 36.27101], [-99.35733, 36.27041], [-99.35797, 36.26998], [-99.35796, 36.26957], [-99.35829, 36.26956]], [[-99.34883, 36.27377], [-99.34846, 36.27342], [-99.34807, 36.27344], [-99.34779, 36.27374], [-99.34793, 36.27416], [-99.34829, 36.27434], [-99.34858, 36.27422], [-99.34883, 36.27377]], [[-99.33875, 36.25575], [-99.33871, 36.25548], [-99.33842, 36.2553], [-99.33805, 36.25532], [-99.33781, 36.25554], [-99.33808, 36.25598], [-99.33852, 36.25597], [-99.33875, 36.25575]]], [[[-99.3648, 36.23213], [-99.3792, 36.23214], [-99.37926, 36.2324], [-99.37957, 36.23252], [-99.38023, 36.23245], [-99.38054, 36.23213], [-99.38148, 36.23213], [-99.38148, 36.23312], [-99.38093, 36.23311], [-99.38077, 36.23371], [-99.38102, 36.23403], [-99.38148, 36.234], [-99.38152, 36.2466], [-99.36477, 36.24676], [-99.3648, 36.23213]]], [[[-99.39907, 36.24391], [-99.39905, 36.24664], [-99.38961, 36.24647], [-99.38218, 36.24658], [-99.38217, 36.24322], [-99.38246, 36.24337], [-99.38287, 36.24331], [-99.38319, 36.24295], [-99.38284, 36.24251], [-99.38217, 36.24258], [-99.38214, 36.23213], [-99.39907, 36.23222], [-99.39907, 36.24391]], [[-99.3881, 36.24262], [-99.38814, 36.24215], [-99.38756, 36.2419], [-99.38702, 36.24204], [-99.38681, 36.24232], [-99.38686, 36.24259], [-99.38718, 36.24277], [-99.38777, 36.24279], [-99.3881, 36.24262]], [[-99.38437, 36.24464], [-99.38406, 36.24475], [-99.38394, 36.24503], [-99.38406, 36.24537], [-99.38437, 36.24552], [-99.38476, 36.2454], [-99.38493, 36.24506], [-99.38437, 36.24464]]], [[[-99.57844, 36.55632], [-99.57836, 36.55048], [-99.58671, 36.55041], [-99.58677, 36.56434], [-99.57863, 36.56439], [-99.57844, 36.55632]]], [[[-99.56097, 36.43447], [-99.55238, 36.43447], [-99.5524, 36.42052], [-99.5697, 36.4206], [-99.56981, 36.43463], [-99.56825, 36.43447], [-99.56097, 36.43447]]], [[[-99.56576, 36.40897], [-99.56566, 36.40616], [-99.56966, 36.40609], [-99.56952, 36.41127], [-99.56969, 36.42006], [-99.56584, 36.42004], [-99.56581, 36.41764], [-99.56662, 36.41665], [-99.56628, 36.41636], [-99.56515, 36.41747], [-99.56517, 36.42004], [-99.5524, 36.41997], [-99.55233, 36.40954], [-99.56969, 36.402], [-99.56966, 36.40555], [-99.56559, 36.40562], [-99.56503, 36.40582], [-99.5651, 36.40859], [-99.56457, 36.40843], [-99.5643, 36.40874], [-99.56497, 36.40914], [-99.56555, 36.40913], [-99.56576, 36.40897]]], [[[-99.53443, 36.41745], [-99.53431, 36.41698], [-99.54482, 36.41237], [-99.53327, 36.41976], [-99.53294, 36.4192], [-99.53412, 36.41804], [-99.53443, 36.41745]]], [[[-99.53377, 36.42027], [-99.53371, 36.42023], [-99.53379, 36.42018], [-99.53377, 36.42024], [-99.53377, 36.42027]]], [[[-99.53439, 36.41982], [-99.54553, 36.41267], [-99.55166, 36.40984], [-99.55173, 36.41997], [-99.54344, 36.41994], [-99.54324, 36.41976], [-99.54352, 36.41827], [-99.54339, 36.41733], [-99.54373, 36.41696], [-99.5434, 36.41669], [-99.54273, 36.41716], [-99.54284, 36.41825], [-99.5426, 36.41884], [-99.54258, 36.41993], [-99.53439, 36.41982]]], [[[-99.53445, 36.41577], [-99.53451, 36.40611], [-99.55173, 36.40627], [-99.55165, 36.40879], [-99.53399, 36.4165], [-99.53445, 36.41577]]], [[[-99.5524, 36.406], [-99.55245, 36.39182], [-99.56978, 36.39186], [-99.56965, 36.40089], [-99.55233, 36.40849], [-99.5524, 36.406]]], [[[-99.55243, 36.37737], [-99.56969, 36.37758], [-99.56978, 36.39132], [-99.55246, 36.39128], [-99.55243, 36.37737]]], [[[-99.55233, 36.36294], [-99.56965, 36.36293], [-99.56969, 36.37704], [-99.55243, 36.37683], [-99.55233, 36.36294]]], [[[-99.53877, 36.3623], [-99.53435, 36.36228], [-99.53415, 36.34841], [-99.55154, 36.34848], [-99.55165, 36.3624], [-99.53877, 36.3623]]], [[[-99.56757, 36.35837], [-99.56959, 36.35853], [-99.56965, 36.36239], [-99.55232, 36.3624], [-99.55221, 36.34848], [-99.56944, 36.34844], [-99.56958, 36.35798], [-99.56776, 36.35796], [-99.56755, 36.35812], [-99.56757, 36.35837]]], [[[-99.5693, 36.33402], [-99.56944, 36.3479], [-99.5522, 36.34794], [-99.55208, 36.33406], [-99.5693, 36.33402]]], [[[-99.53414, 36.34787], [-99.53412, 36.33397], [-99.55141, 36.33406], [-99.55153, 36.34794], [-99.53414, 36.34787]]], [[[-99.52462, 36.33382], [-99.52493, 36.33398], [-99.53345, 36.33396], [-99.53347, 36.34787], [-99.51622, 36.34779], [-99.51603, 36.33203], [-99.51611, 36.31955], [-99.53355, 36.31956], [-99.53346, 36.33342], [-99.5249, 36.33345], [-99.52463, 36.33359], [-99.52462, 36.33382]]], [[[-99.55125, 36.32342], [-99.55141, 36.33352], [-99.53412, 36.33342], [-99.53422, 36.31956], [-99.55121, 36.31971], [-99.55125, 36.32342]]], [[[-99.55201, 36.32985], [-99.55188, 36.31972], [-99.56932, 36.31979], [-99.5693, 36.33348], [-99.55208, 36.33352], [-99.55201, 36.32985]]], [[[-99.55191, 36.31306], [-99.55187, 36.30525], [-99.5692, 36.3053], [-99.56932, 36.31925], [-99.55188, 36.31917], [-99.55191, 36.31306]]], [[[-99.53411, 36.3051], [-99.55121, 36.30525], [-99.55121, 36.31917], [-99.53422, 36.31902], [-99.53411, 36.3051]]], [[[-99.55005, 36.29075], [-99.55115, 36.29076], [-99.5512, 36.30471], [-99.53411, 36.30456], [-99.53396, 36.29066], [-99.55005, 36.29075]]], [[[-99.55461, 36.30471], [-99.55187, 36.30471], [-99.55182, 36.29076], [-99.56912, 36.29078], [-99.56919, 36.30476], [-99.55461, 36.30471]]], [[[-99.55006, 36.29021], [-99.53396, 36.29011], [-99.53384, 36.27618], [-99.55103, 36.27624], [-99.55114, 36.29022], [-99.55006, 36.29021]]], [[[-99.56912, 36.29024], [-99.55181, 36.29022], [-99.5517, 36.27625], [-99.56906, 36.2763], [-99.56912, 36.29024]]], [[[-99.56863, 36.27576], [-99.5517, 36.2757], [-99.55169, 36.26183], [-99.56898, 36.2619], [-99.56906, 36.27576], [-99.56863, 36.27576]]], [[[-99.62797, 36.37695], [-99.62684, 36.37695], [-99.64086, 36.3708], [-99.64086, 36.37694], [-99.62797, 36.37695]]], [[[-99.62885, 36.37531], [-99.62906, 36.37524], [-99.62645, 36.37623], [-99.62644, 36.37612], [-99.62885, 36.37531]]], [[[-99.62553, 36.37631], [-99.62578, 36.37627], [-99.62579, 36.37641], [-99.62517, 36.37668], [-99.62515, 36.37636], [-99.62553, 36.37631]]], [[[-99.62505, 36.36226], [-99.62384, 36.36226], [-99.62361, 36.34821], [-99.64097, 36.34833], [-99.6409, 36.36255], [-99.62505, 36.36226]]], [[[-99.606, 36.36542], [-99.60594, 36.34842], [-99.60844, 36.34863], [-99.60987, 36.34831], [-99.62294, 36.34821], [-99.62313, 36.35985], [-99.6218, 36.35993], [-99.62156, 36.36018], [-99.62185, 36.36046], [-99.62314, 36.36039], [-99.62317, 36.3696], [-99.62136, 36.36958], [-99.62076, 36.3698], [-99.62058, 36.37017], [-99.62056, 36.37171], [-99.61976, 36.37171], [-99.61978, 36.37026], [-99.61942, 36.37004], [-99.61912, 36.37026], [-99.61909, 36.3717], [-99.61717, 36.3717], [-99.61691, 36.37185], [-99.61691, 36.37209], [-99.61716, 36.37224], [-99.61922, 36.37224], [-99.61924, 36.3759], [-99.61536, 36.37608], [-99.61288, 36.37694], [-99.60598, 36.37695], [-99.606, 36.36542]]], [[[-99.623, 36.31941], [-99.62296, 36.34767], [-99.60982, 36.34777], [-99.60839, 36.34809], [-99.60594, 36.34787], [-99.60567, 36.31944], [-99.623, 36.31941]]], [[[-99.62369, 36.347], [-99.62372, 36.33376], [-99.64103, 36.3337], [-99.64097, 36.34779], [-99.62363, 36.34767], [-99.62369, 36.347]]], [[[-99.62984, 36.33316], [-99.62371, 36.33322], [-99.62367, 36.3194], [-99.64099, 36.31939], [-99.64103, 36.33316], [-99.62984, 36.33316]]], [[[-99.60501, 36.31499], [-99.605, 36.3189], [-99.5879, 36.31903], [-99.58778, 36.30506], [-99.60502, 36.3049], [-99.60501, 36.31499]]], [[[-99.58789, 36.33342], [-99.5879, 36.31958], [-99.605, 36.31944], [-99.60516, 36.33334], [-99.58789, 36.33342]]], [[[-99.62285, 36.30489], [-99.62299, 36.31887], [-99.60567, 36.31889], [-99.60569, 36.30489], [-99.62285, 36.30489]]], [[[-99.62539, 36.31885], [-99.62366, 36.31886], [-99.62351, 36.30489], [-99.64091, 36.3048], [-99.64098, 36.31885], [-99.62539, 36.31885]]], [[[-99.58765, 36.29006], [-99.58757, 36.27616], [-99.60529, 36.27597], [-99.62271, 36.27601], [-99.62284, 36.30434], [-99.60569, 36.30435], [-99.60558, 36.29015], [-99.6054, 36.28991], [-99.58765, 36.29006]]], [[[-99.63234, 36.30431], [-99.62351, 36.30435], [-99.62353, 36.29035], [-99.64078, 36.29031], [-99.64091, 36.30426], [-99.63234, 36.30431]]], [[[-99.64076, 36.27976], [-99.64077, 36.28977], [-99.62353, 36.28981], [-99.62338, 36.27601], [-99.64076, 36.27588], [-99.64076, 36.27976]]], [[[-99.60536, 36.26931], [-99.60552, 36.26149], [-99.6227, 36.26149], [-99.62271, 36.27547], [-99.60529, 36.27543], [-99.58757, 36.27562], [-99.58762, 36.26167], [-99.60485, 36.2615], [-99.60472, 36.26922], [-99.60501, 36.26947], [-99.60536, 36.26931]]], [[[-99.68069, 36.36076], [-99.68026, 36.36012], [-99.68109, 36.35421], [-99.68127, 36.35408], [-99.68403, 36.35395], [-99.68338, 36.35935], [-99.68286, 36.35999], [-99.68163, 36.36241], [-99.68066, 36.36234], [-99.68069, 36.36076]]], [[[-99.67711, 36.3525], [-99.67674, 36.35342], [-99.67682, 36.3538], [-99.67608, 36.35423], [-99.65934, 36.36165], [-99.65961, 36.36072], [-99.65958, 36.34834], [-99.67714, 36.34856], [-99.67711, 36.3525]]], [[[-99.65695, 36.36247], [-99.64157, 36.36255], [-99.64164, 36.34833], [-99.65892, 36.34834], [-99.65893, 36.3609], [-99.65872, 36.36192], [-99.65714, 36.36261], [-99.65695, 36.36247]]], [[[-99.64153, 36.36874], [-99.64156, 36.36309], [-99.65634, 36.36296], [-99.64129, 36.36958], [-99.64153, 36.36874]]], [[[-99.69548, 36.33836], [-99.69558, 36.33388], [-99.70128, 36.33389], [-99.69519, 36.33893], [-99.69548, 36.33836]]], [[[-99.69476, 36.33836], [-99.69449, 36.33897], [-99.69464, 36.33939], [-99.68422, 36.34802], [-99.67781, 36.34802], [-99.67766, 36.32218], [-99.67761, 36.3216], [-99.67652, 36.31948], [-99.69502, 36.3194], [-99.6949, 36.338], [-99.69476, 36.33836]]], [[[-99.67696, 36.32174], [-99.67714, 36.34802], [-99.65958, 36.3478], [-99.65967, 36.33365], [-99.65948, 36.31946], [-99.67581, 36.31948], [-99.67696, 36.32174]]], [[[-99.65882, 36.32639], [-99.65899, 36.33337], [-99.6417, 36.33316], [-99.64165, 36.31939], [-99.65881, 36.31946], [-99.65882, 36.32639]]], [[[-99.6417, 36.3337], [-99.659, 36.33391], [-99.65892, 36.3478], [-99.64164, 36.34779], [-99.6417, 36.3337]]], [[[-99.67746, 36.31194], [-99.67742, 36.30497], [-99.69472, 36.30486], [-99.69501, 36.31886], [-99.67764, 36.31893], [-99.67746, 36.31194]]], [[[-99.67612, 36.31894], [-99.64165, 36.31885], [-99.64158, 36.30481], [-99.67675, 36.30497], [-99.67697, 36.31893], [-99.67612, 36.31894]]], [[[-99.6549, 36.30439], [-99.64157, 36.30426], [-99.64145, 36.29031], [-99.65868, 36.2904], [-99.6587, 36.30442], [-99.6549, 36.30439]]], [[[-99.64301, 36.27589], [-99.65882, 36.276], [-99.65868, 36.28986], [-99.64144, 36.28977], [-99.64142, 36.27588], [-99.64301, 36.27589]]], [[[-99.68124, 36.35049], [-99.67923, 36.35214], [-99.67743, 36.35344], [-99.67777, 36.35255], [-99.67781, 36.34856], [-99.68365, 36.34849], [-99.68124, 36.35049]]], [[[-99.67989, 36.36151], [-99.67997, 36.3622], [-99.67973, 36.36222], [-99.67994, 36.36076], [-99.67989, 36.36151]]], [[[-99.66064, 36.53624], [-99.65924, 36.53619], [-99.6591, 36.52224], [-99.67673, 36.52261], [-99.67692, 36.55078], [-99.65942, 36.5504], [-99.65925, 36.53673], [-99.66056, 36.5367], [-99.66077, 36.53647], [-99.66064, 36.53624]], [[-99.6637, 36.52245], [-99.66299, 36.52249], [-99.663, 36.52327], [-99.66374, 36.52328], [-99.6637, 36.52245]], [[-99.6724, 36.52636], [-99.67293, 36.52644], [-99.67337, 36.52621], [-99.67347, 36.52578], [-99.67318, 36.52543], [-99.67265, 36.52535], [-99.67221, 36.52558], [-99.67211, 36.52601], [-99.6724, 36.52636]]], [[[-99.65857, 36.5362], [-99.64161, 36.53657], [-99.64156, 36.52269], [-99.65843, 36.52224], [-99.65857, 36.5362]]], [[[-99.62978, 36.52735], [-99.62471, 36.52695], [-99.62337, 36.52704], [-99.62334, 36.52231], [-99.64089, 36.52269], [-99.64094, 36.53658], [-99.62344, 36.53626], [-99.62338, 36.52759], [-99.62466, 36.52749], [-99.62976, 36.52789], [-99.63009, 36.52764], [-99.62978, 36.52735]]], [[[-99.62902, 36.51464], [-99.62334, 36.51444], [-99.62336, 36.50788], [-99.64079, 36.50826], [-99.64089, 36.52215], [-99.62334, 36.52177], [-99.62334, 36.51498], [-99.62911, 36.51518], [-99.62956, 36.515], [-99.62993, 36.51446], [-99.62953, 36.51426], [-99.62902, 36.51464]]], [[[-99.64146, 36.50827], [-99.65873, 36.50821], [-99.65843, 36.5217], [-99.64156, 36.52215], [-99.64146, 36.50827]]], [[[-99.67672, 36.52206], [-99.65911, 36.5217], [-99.65941, 36.50821], [-99.67667, 36.50825], [-99.67672, 36.52206]], [[-99.67244, 36.51882], [-99.67298, 36.51883], [-99.67335, 36.51854], [-99.67336, 36.5181], [-99.673, 36.51779], [-99.67246, 36.51779], [-99.67208, 36.51808], [-99.67208, 36.51852], [-99.67244, 36.51882]]], [[[-99.63008, 36.5027], [-99.63191, 36.50251], [-99.63188, 36.50442], [-99.63259, 36.50576], [-99.63264, 36.50758], [-99.62336, 36.50734], [-99.62344, 36.49374], [-99.64074, 36.49391], [-99.64079, 36.50772], [-99.63331, 36.50759], [-99.63325, 36.50567], [-99.63309, 36.50507], [-99.63255, 36.50433], [-99.63254, 36.50219], [-99.63201, 36.50195], [-99.62996, 36.50217], [-99.6297, 36.50246], [-99.63008, 36.5027]]], [[[-99.65892, 36.50057], [-99.65874, 36.5008], [-99.65874, 36.50767], [-99.64146, 36.50773], [-99.64141, 36.49391], [-99.65869, 36.49379], [-99.65874, 36.49867], [-99.65907, 36.49891], [-99.6594, 36.49866], [-99.65936, 36.49378], [-99.67656, 36.4937], [-99.67666, 36.50771], [-99.65941, 36.50767], [-99.65941, 36.50078], [-99.65924, 36.50057], [-99.65892, 36.50057]]], [[[-99.65289, 36.48447], [-99.65857, 36.48423], [-99.65869, 36.49325], [-99.64108, 36.49337], [-99.62344, 36.49319], [-99.62335, 36.47912], [-99.62824, 36.47914], [-99.62981, 36.47877], [-99.64108, 36.4788], [-99.6427, 36.47924], [-99.6585, 36.47926], [-99.65856, 36.48369], [-99.65297, 36.48396], [-99.65269, 36.48419], [-99.65289, 36.48447]]], [[[-99.60568, 36.47827], [-99.60579, 36.46437], [-99.62252, 36.46475], [-99.62266, 36.47857], [-99.60568, 36.47827]]], [[[-99.64118, 36.47826], [-99.62974, 36.47823], [-99.62818, 36.4786], [-99.62333, 36.47858], [-99.62319, 36.46477], [-99.65834, 36.46488], [-99.65847, 36.47597], [-99.65867, 36.47682], [-99.65851, 36.47872], [-99.64276, 36.4787], [-99.64118, 36.47826]]], [[[-99.60578, 36.44981], [-99.62256, 36.44992], [-99.62252, 36.46421], [-99.60579, 36.46383], [-99.60578, 36.44981]]], [[[-99.65834, 36.45809], [-99.65819, 36.45901], [-99.65834, 36.46434], [-99.62318, 36.46422], [-99.62323, 36.44993], [-99.62901, 36.44998], [-99.62935, 36.44973], [-99.62905, 36.44944], [-99.62323, 36.44938], [-99.62333, 36.43535], [-99.6285, 36.43555], [-99.62885, 36.43532], [-99.62856, 36.43501], [-99.62334, 36.43481], [-99.62368, 36.42079], [-99.63017, 36.4207], [-99.63049, 36.42047], [-99.63018, 36.42016], [-99.6237, 36.42025], [-99.62388, 36.41449], [-99.62777, 36.40994], [-99.63077, 36.41024], [-99.63281, 36.40997], [-99.6411, 36.40997], [-99.64114, 36.41344], [-99.64151, 36.41368], [-99.64181, 36.41341], [-99.64185, 36.40633], [-99.65802, 36.40642], [-99.65887, 36.40794], [-99.65875, 36.41319], [-99.65945, 36.41375], [-99.65976, 36.41349], [-99.65942, 36.41305], [-99.65953, 36.40788], [-99.65873, 36.40641], [-99.67687, 36.40632], [-99.67682, 36.43468], [-99.67242, 36.43485], [-99.67081, 36.43627], [-99.66982, 36.43687], [-99.6693, 36.43764], [-99.66928, 36.43828], [-99.66954, 36.43924], [-99.67016, 36.44009], [-99.66988, 36.44123], [-99.67013, 36.44145], [-99.6705, 36.44133], [-99.67083, 36.44006], [-99.67015, 36.43902], [-99.66995, 36.43826], [-99.67006, 36.43754], [-99.67269, 36.43537], [-99.67716, 36.43521], [-99.69373, 36.4353], [-99.69473, 36.43579], [-99.69467, 36.45367], [-99.69439, 36.46206], [-99.69377, 36.46391], [-99.69471, 36.47856], [-99.67745, 36.47839], [-99.67729, 36.47482], [-99.67695, 36.47458], [-99.67662, 36.47483], [-99.67678, 36.47839], [-99.66185, 36.47867], [-99.66174, 36.47728], [-99.66233, 36.47691], [-99.662, 36.47664], [-99.66139, 36.47669], [-99.6612, 36.47686], [-99.66118, 36.47868], [-99.65918, 36.47872], [-99.65934, 36.4768], [-99.65914, 36.47595], [-99.65912, 36.47241], [-99.66162, 36.47254], [-99.66336, 36.47204], [-99.66432, 36.47289], [-99.66463, 36.4729], [-99.66482, 36.47267], [-99.66356, 36.47147], [-99.66155, 36.472], [-99.66011, 36.47181], [-99.65912, 36.47187], [-99.65912, 36.47087], [-99.66292, 36.47072], [-99.66424, 36.46903], [-99.66452, 36.46912], [-99.66458, 36.4701], [-99.66509, 36.47032], [-99.66532, 36.47009], [-99.6652, 36.46963], [-99.66549, 36.46958], [-99.66562, 36.46935], [-99.66469, 36.46854], [-99.66407, 36.4685], [-99.6635, 36.4688], [-99.66258, 36.47025], [-99.65911, 36.47033], [-99.65901, 36.46488], [-99.66246, 36.46483], [-99.66282, 36.46464], [-99.66328, 36.46376], [-99.66308, 36.46353], [-99.66277, 36.46355], [-99.66228, 36.4643], [-99.65901, 36.46434], [-99.65886, 36.45902], [-99.65899, 36.45824], [-99.65952, 36.45731], [-99.65951, 36.45517], [-99.65906, 36.45397], [-99.65962, 36.45324], [-99.6598, 36.45205], [-99.65964, 36.45164], [-99.6587, 36.451], [-99.65853, 36.45007], [-99.65872, 36.4495], [-99.65839, 36.44925], [-99.6581, 36.4494], [-99.65786, 36.45007], [-99.65809, 36.45125], [-99.65913, 36.4521], [-99.65898, 36.45306], [-99.65839, 36.4538], [-99.65885, 36.45561], [-99.65715, 36.45566], [-99.65503, 36.45728], [-99.6543, 36.4574], [-99.65291, 36.45649], [-99.6523, 36.45558], [-99.65141, 36.45516], [-99.65102, 36.45544], [-99.65186, 36.456], [-99.65239, 36.45685], [-99.65371, 36.4578], [-99.6542, 36.45794], [-99.65542, 36.45772], [-99.65741, 36.45618], [-99.65885, 36.45615], [-99.65885, 36.45725], [-99.65834, 36.45809]]], [[[-99.73026, 36.45386], [-99.73041, 36.47865], [-99.69539, 36.47857], [-99.69444, 36.46415], [-99.69506, 36.4621], [-99.69536, 36.44982], [-99.6986, 36.44977], [-99.69889, 36.4495], [-99.69859, 36.44924], [-99.69537, 36.44928], [-99.69545, 36.4242], [-99.71254, 36.42428], [-99.71456, 36.42074], [-99.74856, 36.4208], [-99.74828, 36.45217], [-99.74665, 36.45217], [-99.7445, 36.45183], [-99.74203, 36.45186], [-99.73958, 36.45292], [-99.73818, 36.45188], [-99.73626, 36.45174], [-99.73357, 36.45204], [-99.73026, 36.45386]]], [[[-99.69543, 36.50004], [-99.69543, 36.49363], [-99.7123, 36.49372], [-99.71224, 36.49887], [-99.71243, 36.50168], [-99.71228, 36.522], [-99.69535, 36.52216], [-99.69543, 36.50004]]], [[[-99.68593, 36.41692], [-99.68585, 36.42012], [-99.67784, 36.42015], [-99.67749, 36.4199], [-99.67754, 36.40632], [-99.6948, 36.40625], [-99.69478, 36.42009], [-99.68652, 36.42012], [-99.68657, 36.41698], [-99.68628, 36.41676], [-99.68593, 36.41692]]], [[[-99.69445, 36.43495], [-99.69379, 36.43476], [-99.67749, 36.43467], [-99.67749, 36.42104], [-99.67787, 36.4207], [-99.69482, 36.42063], [-99.69476, 36.43517], [-99.69445, 36.43495]]], [[[-99.67667, 36.48598], [-99.67656, 36.49316], [-99.65936, 36.49324], [-99.65917, 36.47926], [-99.67678, 36.47893], [-99.67667, 36.48598]]], [[[-99.69476, 36.50003], [-99.69468, 36.52219], [-99.67739, 36.52207], [-99.67723, 36.49369], [-99.69477, 36.49363], [-99.69476, 36.50003]], [[-99.68632, 36.51595], [-99.68663, 36.51628], [-99.68718, 36.51634], [-99.68765, 36.51611], [-99.68778, 36.51565], [-99.68741, 36.51527], [-99.68681, 36.51525], [-99.68639, 36.51551], [-99.68632, 36.51595]]], [[[-99.65648, 36.55128], [-99.65875, 36.55097], [-99.65875, 36.56485], [-99.64185, 36.56531], [-99.64161, 36.53711], [-99.65858, 36.53674], [-99.65875, 36.55042], [-99.65699, 36.55058], [-99.65582, 36.55092], [-99.65483, 36.55306], [-99.65364, 36.5539], [-99.6537, 36.55428], [-99.6541, 36.55428], [-99.65537, 36.55339], [-99.65648, 36.55128]]], [[[-99.63962, 36.54064], [-99.64097, 36.54014], [-99.64102, 36.55102], [-99.62348, 36.55071], [-99.62344, 36.53681], [-99.64094, 36.53712], [-99.64096, 36.5396], [-99.6365, 36.54089], [-99.63532, 36.54173], [-99.63525, 36.542], [-99.63568, 36.54216], [-99.63684, 36.54136], [-99.63773, 36.541], [-99.63962, 36.54064]]], [[[-99.64141, 36.59344], [-99.64649, 36.59347], [-99.64663, 36.59647], [-99.63176, 36.59136], [-99.62363, 36.58912], [-99.62364, 36.58016], [-99.64118, 36.58039], [-99.64089, 36.593], [-99.64141, 36.59344]]], [[[-99.63788, 36.56588], [-99.64118, 36.56586], [-99.64117, 36.57985], [-99.62364, 36.57962], [-99.62355, 36.56567], [-99.63788, 36.56588]]], [[[-99.59491, 36.58009], [-99.58747, 36.57689], [-99.58744, 36.5649], [-99.60473, 36.56565], [-99.62288, 36.56567], [-99.62297, 36.57962], [-99.60548, 36.5799], [-99.60526, 36.58013], [-99.60515, 36.58414], [-99.60183, 36.58309], [-99.59491, 36.58009]]], [[[-99.64103, 36.55244], [-99.64118, 36.56532], [-99.62354, 36.56513], [-99.62348, 36.55125], [-99.64102, 36.55156], [-99.64103, 36.55244]]], [[[-99.6557, 36.59961], [-99.64731, 36.59671], [-99.64716, 36.59348], [-99.66005, 36.59343], [-99.66011, 36.60024], [-99.65795, 36.60014], [-99.6557, 36.59961]]], [[[-99.64328, 36.5866], [-99.64302, 36.58642], [-99.64182, 36.58643], [-99.64185, 36.56585], [-99.65875, 36.56539], [-99.65883, 36.59289], [-99.64159, 36.59291], [-99.6418, 36.58697], [-99.64306, 36.58694], [-99.64328, 36.5866]]], [[[-99.6726, 36.57948], [-99.65949, 36.57929], [-99.65942, 36.56539], [-99.67711, 36.56574], [-99.67714, 36.57958], [-99.6726, 36.57948]]], [[[-99.60531, 36.37749], [-99.60531, 36.38074], [-99.60492, 36.38182], [-99.60499, 36.38219], [-99.59688, 36.38768], [-99.59541, 36.38579], [-99.59502, 36.38557], [-99.59447, 36.38563], [-99.59438, 36.38598], [-99.59491, 36.38616], [-99.59636, 36.38803], [-99.59102, 36.39155], [-99.59056, 36.39133], [-99.58844, 36.39135], [-99.58827, 36.37734], [-99.60531, 36.37749]]], [[[-99.60101, 36.37364], [-99.60129, 36.37376], [-99.60531, 36.37373], [-99.60532, 36.37695], [-99.59313, 36.37686], [-99.59292, 36.37633], [-99.59303, 36.37554], [-99.59271, 36.37532], [-99.59243, 36.37543], [-99.59226, 36.37585], [-99.59242, 36.37685], [-99.58826, 36.3768], [-99.58803, 36.34839], [-99.60527, 36.34836], [-99.60531, 36.37318], [-99.60125, 36.37322], [-99.60097, 36.37339], [-99.60101, 36.37364]]], [[[-99.5964, 36.34663], [-99.59642, 36.34785], [-99.58802, 36.34785], [-99.58789, 36.33396], [-99.60516, 36.33388], [-99.60527, 36.34782], [-99.59709, 36.34784], [-99.59707, 36.34689], [-99.59727, 36.34652], [-99.59692, 36.34637], [-99.5964, 36.34663]]], [[[-99.58842, 36.39189], [-99.59043, 36.39187], [-99.59043, 36.39187], [-99.58813, 36.39292], [-99.58842, 36.39189]]], [[[-99.58778, 36.30452], [-99.58765, 36.2906], [-99.60491, 36.29043], [-99.60502, 36.30436], [-99.58778, 36.30452]]], [[[-99.62673, 36.37227], [-99.62703, 36.37227], [-99.62701, 36.37279], [-99.62643, 36.37279], [-99.62644, 36.37227], [-99.62673, 36.37227]]], [[[-99.62545, 36.37542], [-99.62575, 36.37542], [-99.62575, 36.37572], [-99.62513, 36.37582], [-99.62514, 36.37541], [-99.62545, 36.37542]]], [[[-99.62515, 36.37487], [-99.62515, 36.37436], [-99.62575, 36.37436], [-99.62575, 36.37488], [-99.62515, 36.37487]]], [[[-99.62515, 36.37382], [-99.62515, 36.37333], [-99.62576, 36.37333], [-99.62575, 36.37382], [-99.62515, 36.37382]]], [[[-99.62515, 36.37279], [-99.62515, 36.37227], [-99.62577, 36.37227], [-99.62576, 36.37279], [-99.62515, 36.37279]]], [[[-99.62448, 36.37226], [-99.62448, 36.37279], [-99.62382, 36.37278], [-99.62382, 36.37226], [-99.62448, 36.37226]]], [[[-99.62279, 36.37278], [-99.62247, 36.37278], [-99.62247, 36.37226], [-99.62316, 36.37226], [-99.62315, 36.37278], [-99.62279, 36.37278]]], [[[-99.62151, 36.37278], [-99.62122, 36.37278], [-99.62122, 36.37225], [-99.6218, 36.37225], [-99.62181, 36.37278], [-99.62151, 36.37278]]], [[[-99.62055, 36.37225], [-99.62055, 36.37278], [-99.6199, 36.37278], [-99.61989, 36.37225], [-99.62055, 36.37225]]], [[[-99.62125, 36.37017], [-99.6218, 36.37012], [-99.6218, 36.37171], [-99.62123, 36.37171], [-99.62125, 36.37017]]], [[[-99.62281, 36.37012], [-99.62317, 36.37014], [-99.62316, 36.37172], [-99.62247, 36.37172], [-99.62247, 36.37012], [-99.62281, 36.37012]]], [[[-99.62464, 36.37114], [-99.62577, 36.37123], [-99.62577, 36.37173], [-99.62383, 36.37172], [-99.62384, 36.37015], [-99.62578, 36.37017], [-99.62577, 36.37069], [-99.62476, 36.37074], [-99.62464, 36.37114]]], [[[-99.62673, 36.37124], [-99.62705, 36.37124], [-99.62704, 36.37173], [-99.62644, 36.37173], [-99.62644, 36.37124], [-99.62673, 36.37124]]], [[[-99.62644, 36.37019], [-99.62707, 36.37018], [-99.62706, 36.3707], [-99.62644, 36.3707], [-99.62644, 36.37019]]], [[[-99.62434, 36.3768], [-99.6238, 36.37695], [-99.6238, 36.37645], [-99.62449, 36.37642], [-99.62434, 36.3768]]], [[[-99.6228, 36.37591], [-99.62248, 36.37591], [-99.62248, 36.3754], [-99.62314, 36.3754], [-99.62314, 36.37591], [-99.6228, 36.37591]]], [[[-99.62182, 36.37693], [-99.62118, 36.37694], [-99.62118, 36.37644], [-99.62182, 36.37644], [-99.62182, 36.37693]]], [[[-99.62181, 36.3759], [-99.62119, 36.3759], [-99.62119, 36.3754], [-99.62181, 36.3754], [-99.62181, 36.3759]]], [[[-99.61991, 36.37573], [-99.61991, 36.3754], [-99.62053, 36.3754], [-99.62052, 36.3759], [-99.61991, 36.3759], [-99.61991, 36.37573]]], [[[-99.62446, 36.37588], [-99.62381, 36.37591], [-99.62381, 36.3754], [-99.62447, 36.37541], [-99.62446, 36.37588]]], [[[-99.62248, 36.37486], [-99.62248, 36.37437], [-99.62314, 36.37437], [-99.62314, 36.37486], [-99.62248, 36.37486]]], [[[-99.62181, 36.37437], [-99.62181, 36.37486], [-99.6212, 36.37486], [-99.6212, 36.37437], [-99.62181, 36.37437]]], [[[-99.62181, 36.37332], [-99.62181, 36.37383], [-99.62121, 36.37383], [-99.62121, 36.37332], [-99.62181, 36.37332]]], [[[-99.61991, 36.37486], [-99.6199, 36.37332], [-99.62054, 36.37332], [-99.62053, 36.37486], [-99.61991, 36.37486]]], [[[-99.62448, 36.37383], [-99.62382, 36.37383], [-99.62382, 36.37333], [-99.62448, 36.37333], [-99.62448, 36.37383]]], [[[-99.62448, 36.37437], [-99.62448, 36.37487], [-99.62381, 36.37486], [-99.62381, 36.37437], [-99.62448, 36.37437]]], [[[-99.62315, 36.37332], [-99.62315, 36.37383], [-99.62248, 36.37383], [-99.62248, 36.37332], [-99.62315, 36.37332]]], [[[-99.62313, 36.37645], [-99.62313, 36.37693], [-99.62249, 36.37693], [-99.62249, 36.37645], [-99.62313, 36.37645]]], [[[-99.61884, 36.37977], [-99.606, 36.3854], [-99.6059, 36.38228], [-99.61308, 36.37747], [-99.62314, 36.37747], [-99.62091, 36.37882], [-99.61884, 36.37977]]], [[[-99.60599, 36.39135], [-99.606, 36.3861], [-99.62315, 36.37858], [-99.62315, 36.39137], [-99.60599, 36.39135]]], [[[-99.60598, 36.38079], [-99.60598, 36.37749], [-99.61195, 36.37748], [-99.60563, 36.38176], [-99.60598, 36.38079]]], [[[-99.5704, 36.39674], [-99.57045, 36.39186], [-99.58775, 36.39189], [-99.58749, 36.3932], [-99.57032, 36.40059], [-99.5704, 36.39674]]], [[[-99.58262, 36.38252], [-99.58299, 36.3801], [-99.5833, 36.37948], [-99.5835, 36.3774], [-99.5876, 36.37734], [-99.58777, 36.39135], [-99.57045, 36.39132], [-99.57036, 36.37758], [-99.57533, 36.37753], [-99.57533, 36.37819], [-99.57579, 36.37856], [-99.57623, 36.37866], [-99.5759, 36.38005], [-99.57589, 36.38117], [-99.57562, 36.38168], [-99.57528, 36.38187], [-99.57327, 36.38177], [-99.57303, 36.382], [-99.57321, 36.38226], [-99.57541, 36.38241], [-99.57615, 36.38204], [-99.57656, 36.38128], [-99.57656, 36.3801], [-99.57692, 36.37865], [-99.57752, 36.37846], [-99.58001, 36.38004], [-99.58145, 36.38039], [-99.58228, 36.38035], [-99.58174, 36.38325], [-99.58221, 36.38326], [-99.58262, 36.38252]]], [[[-99.58436, 36.36866], [-99.58561, 36.36719], [-99.58626, 36.36684], [-99.58739, 36.36695], [-99.58759, 36.3768], [-99.57946, 36.37694], [-99.57917, 36.37468], [-99.58049, 36.37284], [-99.58043, 36.37189], [-99.5801, 36.37171], [-99.57978, 36.37193], [-99.57983, 36.37268], [-99.57911, 36.37349], [-99.57851, 36.37456], [-99.57879, 36.37695], [-99.57036, 36.37704], [-99.57032, 36.36292], [-99.5874, 36.3628], [-99.58739, 36.3664], [-99.58409, 36.36604], [-99.58349, 36.36427], [-99.58316, 36.36413], [-99.58288, 36.36429], [-99.5834, 36.36623], [-99.58378, 36.36653], [-99.58519, 36.36677], [-99.58398, 36.3683], [-99.58404, 36.36857], [-99.58436, 36.36866]]], [[[-99.57679, 36.35805], [-99.57828, 36.35901], [-99.57841, 36.36228], [-99.57032, 36.36238], [-99.57011, 36.34843], [-99.58736, 36.34839], [-99.58739, 36.36226], [-99.57908, 36.36227], [-99.57905, 36.35924], [-99.57888, 36.35875], [-99.57736, 36.35772], [-99.57716, 36.35701], [-99.57685, 36.35684], [-99.57651, 36.35711], [-99.57679, 36.35805]]], [[[-99.57437, 36.34788], [-99.57011, 36.34789], [-99.56997, 36.33402], [-99.58722, 36.33396], [-99.58736, 36.34785], [-99.57437, 36.34788]]], [[[-99.58726, 36.31315], [-99.58723, 36.31904], [-99.56999, 36.31925], [-99.56986, 36.3053], [-99.58712, 36.30506], [-99.58726, 36.31315]]], [[[-99.56997, 36.33348], [-99.56999, 36.31979], [-99.58723, 36.31958], [-99.58722, 36.33342], [-99.56997, 36.33348]]], [[[-99.56986, 36.30476], [-99.56979, 36.29078], [-99.58698, 36.2906], [-99.58711, 36.30452], [-99.56986, 36.30476]]], [[[-99.58698, 36.29006], [-99.56979, 36.29023], [-99.56973, 36.2763], [-99.58691, 36.27616], [-99.58698, 36.29006]]], [[[-99.58696, 36.26167], [-99.58691, 36.27562], [-99.56973, 36.27576], [-99.56964, 36.26189], [-99.58696, 36.26167]]], [[[-99.56964, 36.26135], [-99.56956, 36.24718], [-99.58674, 36.24711], [-99.58695, 36.26113], [-99.56964, 36.26135]]], [[[-99.59072, 36.41578], [-99.59228, 36.41579], [-99.59597, 36.41665], [-99.59549, 36.41806], [-99.59197, 36.41942], [-99.59079, 36.42005], [-99.58879, 36.42153], [-99.58738, 36.42215], [-99.58681, 36.42041], [-99.58473, 36.41793], [-99.58487, 36.41724], [-99.58563, 36.41618], [-99.58654, 36.4154], [-99.58872, 36.41512], [-99.59072, 36.41578]]], [[[-99.58638, 36.42973], [-99.58668, 36.42566], [-99.58731, 36.42279], [-99.58918, 36.42197], [-99.5912, 36.42048], [-99.5923, 36.41989], [-99.59526, 36.41878], [-99.59462, 36.42142], [-99.59401, 36.42229], [-99.59351, 36.42468], [-99.59195, 36.42792], [-99.59152, 36.43001], [-99.59076, 36.42939], [-99.58985, 36.42933], [-99.58866, 36.43072], [-99.58698, 36.43127], [-99.58563, 36.43208], [-99.58525, 36.43062], [-99.58603, 36.43023], [-99.58638, 36.42973]]], [[[-99.59164, 36.44279], [-99.59156, 36.44268], [-99.59126, 36.44246], [-99.59175, 36.44252], [-99.59165, 36.4429], [-99.59164, 36.44279]]], [[[-99.60592, 36.58037], [-99.62297, 36.58017], [-99.62296, 36.58894], [-99.60582, 36.58433], [-99.60592, 36.58037]]], [[[-99.58122, 36.53001], [-99.58101, 36.52973], [-99.58046, 36.529], [-99.58139, 36.529], [-99.58122, 36.53001]]], [[[-99.58037, 36.54577], [-99.58, 36.54594], [-99.57852, 36.54543], [-99.5787, 36.54426], [-99.5806, 36.54542], [-99.58037, 36.54577]]], [[[-99.57832, 36.54638], [-99.57859, 36.54673], [-99.57817, 36.54744], [-99.57836, 36.54798], [-99.57759, 36.54826], [-99.57828, 36.54627], [-99.57832, 36.54638]]], [[[-99.57952, 36.54008], [-99.57941, 36.54001], [-99.57957, 36.5399], [-99.57952, 36.54008]]], [[[-99.57963, 36.5464], [-99.57954, 36.54683], [-99.5789, 36.54759], [-99.57956, 36.54636], [-99.57963, 36.5464]]], [[[-99.57895, 36.54614], [-99.57893, 36.54616], [-99.57893, 36.54613], [-99.57895, 36.54614]]], [[[-99.57443, 36.55871], [-99.5741, 36.55863], [-99.57402, 36.55852], [-99.57459, 36.55836], [-99.57443, 36.55871]]], [[[-99.57135, 36.4124], [-99.57211, 36.41265], [-99.57024, 36.41262], [-99.57022, 36.41074], [-99.57135, 36.4124]]], [[[-99.58083, 36.37973], [-99.58034, 36.37957], [-99.57811, 36.37804], [-99.5775, 36.37791], [-99.5766, 36.37817], [-99.57614, 36.37809], [-99.57595, 36.37794], [-99.57601, 36.37752], [-99.58283, 36.37741], [-99.58247, 36.37973], [-99.58152, 36.37985], [-99.58083, 36.37973]]], [[[-99.56217, 36.43635], [-99.56202, 36.43603], [-99.56139, 36.436], [-99.56133, 36.43501], [-99.56822, 36.43501], [-99.57005, 36.43521], [-99.57095, 36.43552], [-99.57395, 36.43711], [-99.57398, 36.44891], [-99.55233, 36.44896], [-99.55237, 36.43501], [-99.56066, 36.43501], [-99.56083, 36.43648], [-99.56188, 36.43654], [-99.56217, 36.43635]]], [[[-99.56671, 36.55765], [-99.56596, 36.55773], [-99.56587, 36.55767], [-99.56665, 36.55747], [-99.56681, 36.55753], [-99.56671, 36.55765]]], [[[-99.56616, 36.55702], [-99.56619, 36.55704], [-99.56595, 36.5571], [-99.566, 36.55703], [-99.56616, 36.55702]]], [[[-99.563, 36.55836], [-99.56307, 36.55837], [-99.563, 36.55855], [-99.56291, 36.55837], [-99.563, 36.55836]]], [[[-99.47632, 36.47355], [-99.46186, 36.46496], [-99.46189, 36.46269], [-99.47949, 36.46268], [-99.47939, 36.47542], [-99.47632, 36.47355]], [[-99.47257, 36.4641], [-99.47231, 36.46384], [-99.47191, 36.46389], [-99.47157, 36.4642], [-99.47161, 36.46455], [-99.47231, 36.46464], [-99.47257, 36.4641]]], [[[-99.46118, 36.46456], [-99.45821, 36.46276], [-99.46122, 36.4627], [-99.46118, 36.46456]]], [[[-99.44837, 36.45683], [-99.4439, 36.45413], [-99.44392, 36.44831], [-99.4613, 36.44826], [-99.46123, 36.46216], [-99.45734, 36.46224], [-99.44837, 36.45683]], [[-99.45942, 36.45214], [-99.45957, 36.45189], [-99.45943, 36.4516], [-99.45916, 36.45146], [-99.45885, 36.45154], [-99.45868, 36.45181], [-99.45879, 36.45212], [-99.45942, 36.45214]], [[-99.44663, 36.45231], [-99.44639, 36.4519], [-99.44588, 36.45186], [-99.44562, 36.45209], [-99.44569, 36.45255], [-99.44593, 36.45275], [-99.44632, 36.45269], [-99.44663, 36.45231]], [[-99.44964, 36.4528], [-99.44989, 36.453], [-99.45034, 36.45294], [-99.4506, 36.45251], [-99.45034, 36.45232], [-99.44987, 36.45235], [-99.44964, 36.4528]], [[-99.44918, 36.45315], [-99.44898, 36.45271], [-99.44841, 36.45281], [-99.44835, 36.45316], [-99.44863, 36.45382], [-99.44921, 36.45369], [-99.44918, 36.45315]], [[-99.44969, 36.45377], [-99.44948, 36.45398], [-99.44953, 36.45452], [-99.44973, 36.45472], [-99.45009, 36.45475], [-99.45036, 36.4545], [-99.45043, 36.45395], [-99.45018, 36.45376], [-99.44969, 36.45377]], [[-99.45371, 36.45586], [-99.45373, 36.45557], [-99.45348, 36.45535], [-99.45298, 36.45538], [-99.45277, 36.45559], [-99.45307, 36.45599], [-99.45371, 36.45586]]], [[[-99.47861, 36.45521], [-99.47947, 36.45532], [-99.4795, 36.46214], [-99.4619, 36.46215], [-99.46197, 36.44826], [-99.46901, 36.44829], [-99.46942, 36.44846], [-99.47211, 36.45208], [-99.47405, 36.45383], [-99.47771, 36.45471], [-99.47861, 36.45521]], [[-99.47434, 36.45702], [-99.47439, 36.45671], [-99.47413, 36.45652], [-99.47361, 36.4566], [-99.47339, 36.45684], [-99.47343, 36.45717], [-99.47366, 36.45731], [-99.47434, 36.45702]], [[-99.4758, 36.46089], [-99.47561, 36.46045], [-99.47523, 36.46033], [-99.47478, 36.46051], [-99.47464, 36.46092], [-99.47483, 36.46115], [-99.47546, 36.46123], [-99.4758, 36.46089]], [[-99.46223, 36.45641], [-99.46267, 36.45644], [-99.46303, 36.45626], [-99.4631, 36.45596], [-99.46283, 36.45571], [-99.46237, 36.45563], [-99.46205, 36.45578], [-99.46195, 36.45614], [-99.46223, 36.45641]], [[-99.46647, 36.45762], [-99.46613, 36.45756], [-99.46574, 36.45774], [-99.46566, 36.45808], [-99.46585, 36.45829], [-99.46643, 36.45824], [-99.46662, 36.45791], [-99.46647, 36.45762]]], [[[-99.46922, 36.44777], [-99.46197, 36.44772], [-99.46193, 36.44127], [-99.4634, 36.4413], [-99.46426, 36.44111], [-99.4647, 36.44128], [-99.46497, 36.44112], [-99.46973, 36.44798], [-99.46922, 36.44777]]], [[[-99.47447, 36.4534], [-99.47399, 36.453], [-99.47605, 36.45381], [-99.47501, 36.45359], [-99.47447, 36.4534]]], [[[-99.47795, 36.4542], [-99.4765, 36.4539], [-99.47794, 36.45404], [-99.47947, 36.4539], [-99.47947, 36.45477], [-99.47895, 36.45474], [-99.47795, 36.4542]]], [[[-99.47091, 36.4483], [-99.47943, 36.4483], [-99.47947, 36.45328], [-99.47703, 36.45337], [-99.47574, 36.45309], [-99.47457, 36.45258], [-99.47303, 36.45139], [-99.47091, 36.4483]]], [[[-99.4706, 36.44792], [-99.46553, 36.44061], [-99.46604, 36.44105], [-99.47259, 36.44108], [-99.47272, 36.44089], [-99.47691, 36.44088], [-99.47743, 36.44102], [-99.47742, 36.44349], [-99.4794, 36.4435], [-99.47943, 36.44775], [-99.47091, 36.44775], [-99.4706, 36.44792]]], [[[-99.46807, 36.43779], [-99.46578, 36.43797], [-99.46448, 36.43854], [-99.4644, 36.4389], [-99.46278, 36.43668], [-99.46185, 36.43582], [-99.46191, 36.43392], [-99.4708, 36.434], [-99.47077, 36.43647], [-99.46992, 36.43646], [-99.46993, 36.43717], [-99.4681, 36.43715], [-99.46807, 36.43779]]], [[[-99.46191, 36.43721], [-99.46189, 36.43683], [-99.46467, 36.44068], [-99.46432, 36.44055], [-99.46335, 36.44076], [-99.46192, 36.44071], [-99.46191, 36.43721]]], [[[-99.47681, 36.43692], [-99.47503, 36.43699], [-99.47434, 36.43601], [-99.47436, 36.43577], [-99.47417, 36.43577], [-99.47402, 36.4367], [-99.4737, 36.4371], [-99.47333, 36.4371], [-99.47333, 36.43857], [-99.47228, 36.4386], [-99.4723, 36.43648], [-99.47144, 36.43647], [-99.47147, 36.43401], [-99.47933, 36.43404], [-99.47935, 36.43666], [-99.47912, 36.43666], [-99.47912, 36.4369], [-99.47681, 36.43692]]], [[[-99.44384, 36.43866], [-99.44378, 36.43387], [-99.46124, 36.43391], [-99.46118, 36.43538], [-99.45989, 36.43479], [-99.45842, 36.43443], [-99.45582, 36.43445], [-99.45345, 36.43522], [-99.44384, 36.43998], [-99.44384, 36.43866]]], [[[-99.44387, 36.44182], [-99.44385, 36.44069], [-99.45425, 36.4356], [-99.4555, 36.43518], [-99.45684, 36.435], [-99.45826, 36.43507], [-99.45957, 36.43539], [-99.4612, 36.43623], [-99.4613, 36.44772], [-99.44392, 36.44777], [-99.4439, 36.44419], [-99.44443, 36.44402], [-99.44462, 36.44363], [-99.44446, 36.44316], [-99.44389, 36.44296], [-99.44387, 36.44182]], [[-99.45784, 36.43853], [-99.45836, 36.43849], [-99.45898, 36.43784], [-99.45896, 36.43728], [-99.45816, 36.43729], [-99.45739, 36.4379], [-99.45737, 36.43824], [-99.45784, 36.43853]], [[-99.45814, 36.43576], [-99.45809, 36.43549], [-99.45781, 36.43533], [-99.45693, 36.4357], [-99.45675, 36.43624], [-99.4569, 36.43686], [-99.45767, 36.43686], [-99.45761, 36.43618], [-99.45814, 36.43576]], [[-99.45128, 36.43943], [-99.45091, 36.43921], [-99.45054, 36.43942], [-99.45058, 36.4402], [-99.45078, 36.44039], [-99.45123, 36.44036], [-99.45153, 36.44012], [-99.45128, 36.43943]]], [[[-99.44475, 36.42754], [-99.44383, 36.42754], [-99.44392, 36.41934], [-99.46133, 36.41959], [-99.46124, 36.43337], [-99.44687, 36.43333], [-99.44684, 36.43163], [-99.44811, 36.43165], [-99.44839, 36.43141], [-99.44836, 36.4303], [-99.448, 36.4301], [-99.44722, 36.4301], [-99.44735, 36.42959], [-99.44845, 36.42959], [-99.44869, 36.42934], [-99.44846, 36.42907], [-99.44747, 36.42905], [-99.44749, 36.42863], [-99.44806, 36.42847], [-99.44816, 36.42818], [-99.44788, 36.42799], [-99.44725, 36.42813], [-99.44692, 36.42777], [-99.44756, 36.42734], [-99.44808, 36.42743], [-99.44816, 36.42709], [-99.44853, 36.42698], [-99.44863, 36.42672], [-99.44838, 36.42652], [-99.44786, 36.4266], [-99.44744, 36.42646], [-99.44724, 36.42684], [-99.44647, 36.42737], [-99.44622, 36.42721], [-99.44592, 36.42728], [-99.44594, 36.42769], [-99.44475, 36.42754]], [[-99.45838, 36.42898], [-99.45853, 36.42819], [-99.45826, 36.42798], [-99.45786, 36.42801], [-99.45747, 36.42831], [-99.45742, 36.42869], [-99.45803, 36.42903], [-99.45838, 36.42898]], [[-99.45891, 36.43021], [-99.45887, 36.42995], [-99.45861, 36.42981], [-99.45812, 36.42987], [-99.4579, 36.43014], [-99.45801, 36.43037], [-99.4584, 36.43046], [-99.45891, 36.43021]], [[-99.45539, 36.42513], [-99.45503, 36.42386], [-99.45458, 36.42375], [-99.45422, 36.42407], [-99.45425, 36.42477], [-99.45473, 36.4253], [-99.45539, 36.42513]], [[-99.45076, 36.42776], [-99.45039, 36.42788], [-99.45035, 36.42826], [-99.45055, 36.42859], [-99.45085, 36.42867], [-99.45122, 36.42822], [-99.45076, 36.42776]], [[-99.45318, 36.4278], [-99.45277, 36.42795], [-99.45269, 36.42866], [-99.45291, 36.42898], [-99.45344, 36.42901], [-99.4538, 36.42857], [-99.45318, 36.4278]]], [[[-99.44638, 36.42813], [-99.44683, 36.42872], [-99.44532, 36.4287], [-99.44381, 36.42846], [-99.44382, 36.42808], [-99.44562, 36.42825], [-99.44638, 36.42813]]], [[[-99.4455, 36.43062], [-99.4438, 36.43066], [-99.44381, 36.42901], [-99.44456, 36.42908], [-99.44456, 36.42986], [-99.44485, 36.43005], [-99.44519, 36.42989], [-99.44523, 36.42924], [-99.44675, 36.42926], [-99.44668, 36.42955], [-99.44596, 36.42955], [-99.44572, 36.42976], [-99.44589, 36.43005], [-99.44654, 36.43009], [-99.44616, 36.43208], [-99.44378, 36.43209], [-99.4438, 36.43134], [-99.44581, 36.43128], [-99.44593, 36.43086], [-99.4455, 36.43062]]], [[[-99.4462, 36.43333], [-99.44377, 36.43333], [-99.44378, 36.43263], [-99.44618, 36.43262], [-99.4462, 36.43333]]], [[[-99.43521, 36.44492], [-99.4362, 36.44502], [-99.43995, 36.44448], [-99.44179, 36.44449], [-99.44179, 36.4451], [-99.44202, 36.44542], [-99.44246, 36.44555], [-99.44324, 36.44545], [-99.44325, 36.44776], [-99.43648, 36.44773], [-99.43715, 36.44735], [-99.43719, 36.44667], [-99.4367, 36.44633], [-99.43576, 36.4464], [-99.43497, 36.44493], [-99.43521, 36.44492]]], [[[-99.4389, 36.44087], [-99.43892, 36.43889], [-99.44317, 36.43893], [-99.44318, 36.4403], [-99.44112, 36.44103], [-99.4388, 36.44135], [-99.43303, 36.44127], [-99.4325, 36.44043], [-99.43316, 36.44074], [-99.43381, 36.44063], [-99.43406, 36.44019], [-99.43381, 36.43991], [-99.43491, 36.43844], [-99.43467, 36.43821], [-99.43417, 36.43824], [-99.43416, 36.43764], [-99.43389, 36.43738], [-99.43249, 36.43747], [-99.43437, 36.43725], [-99.43449, 36.43699], [-99.43416, 36.43677], [-99.43415, 36.43609], [-99.43455, 36.4362], [-99.43521, 36.43603], [-99.43555, 36.43544], [-99.43528, 36.43513], [-99.43453, 36.43503], [-99.43408, 36.43564], [-99.43377, 36.43553], [-99.43351, 36.43568], [-99.4335, 36.43678], [-99.43247, 36.43693], [-99.43244, 36.43383], [-99.43823, 36.43385], [-99.43826, 36.43684], [-99.43673, 36.43683], [-99.43668, 36.43625], [-99.43622, 36.43617], [-99.43608, 36.43801], [-99.43632, 36.43824], [-99.43668, 36.43815], [-99.43674, 36.43737], [-99.43826, 36.43738], [-99.4383, 36.44052], [-99.43778, 36.44051], [-99.4377, 36.4402], [-99.43737, 36.44011], [-99.43712, 36.4403], [-99.43712, 36.44072], [-99.43757, 36.44105], [-99.43856, 36.44106], [-99.4389, 36.44087]]], [[[-99.43333, 36.43879], [-99.43327, 36.43917], [-99.43246, 36.4399], [-99.43241, 36.44026], [-99.43129, 36.43822], [-99.43232, 36.43952], [-99.43284, 36.43946], [-99.43333, 36.43879]]], [[[-99.43341, 36.442], [-99.43335, 36.44189], [-99.43961, 36.4419], [-99.44136, 36.44161], [-99.44319, 36.44099], [-99.44321, 36.44259], [-99.44264, 36.44259], [-99.44227, 36.44282], [-99.44222, 36.44394], [-99.43988, 36.44394], [-99.43683, 36.44441], [-99.43661, 36.44385], [-99.43583, 36.44371], [-99.43532, 36.44394], [-99.43519, 36.44438], [-99.43469, 36.4444], [-99.43341, 36.442]], [[-99.43977, 36.44343], [-99.44046, 36.44351], [-99.44093, 36.44332], [-99.4411, 36.44279], [-99.44086, 36.44242], [-99.44006, 36.44228], [-99.43959, 36.44247], [-99.43943, 36.44305], [-99.43977, 36.44343]]], [[[-99.43893, 36.43711], [-99.43893, 36.43553], [-99.44313, 36.43555], [-99.44317, 36.43839], [-99.43892, 36.43834], [-99.43893, 36.43711]]], [[[-99.43892, 36.43499], [-99.4389, 36.43385], [-99.44311, 36.43387], [-99.44312, 36.43501], [-99.43892, 36.43499]]], [[[-99.44232, 36.43246], [-99.44311, 36.43263], [-99.4431, 36.43332], [-99.44155, 36.43331], [-99.44156, 36.43048], [-99.44133, 36.43028], [-99.44077, 36.43027], [-99.44047, 36.43055], [-99.4409, 36.43081], [-99.44088, 36.43331], [-99.43819, 36.43331], [-99.43825, 36.43164], [-99.43793, 36.43139], [-99.43759, 36.43162], [-99.43752, 36.43331], [-99.43466, 36.4333], [-99.43459, 36.43252], [-99.43408, 36.43199], [-99.4338, 36.43211], [-99.43373, 36.43238], [-99.43399, 36.4333], [-99.43017, 36.43329], [-99.43024, 36.4319], [-99.43045, 36.43143], [-99.4319, 36.43148], [-99.43232, 36.43125], [-99.43266, 36.43074], [-99.43304, 36.43093], [-99.43346, 36.43075], [-99.43351, 36.43031], [-99.43302, 36.43009], [-99.43314, 36.42839], [-99.43348, 36.42791], [-99.43314, 36.42764], [-99.43251, 36.42819], [-99.43234, 36.43007], [-99.43177, 36.43092], [-99.43143, 36.43102], [-99.43036, 36.43087], [-99.42993, 36.43105], [-99.42958, 36.43176], [-99.4295, 36.43329], [-99.42845, 36.43329], [-99.42886, 36.43281], [-99.4289, 36.43244], [-99.42829, 36.43198], [-99.42824, 36.43146], [-99.42781, 36.43114], [-99.42692, 36.43118], [-99.42645, 36.43168], [-99.42692, 36.4333], [-99.42656, 36.43331], [-99.42667, 36.43286], [-99.42645, 36.43249], [-99.42563, 36.43235], [-99.42565, 36.43034], [-99.42824, 36.43113], [-99.42908, 36.42996], [-99.42978, 36.4294], [-99.42942, 36.42913], [-99.42872, 36.42947], [-99.42797, 36.43054], [-99.42565, 36.42975], [-99.42565, 36.42923], [-99.42738, 36.42982], [-99.42785, 36.42955], [-99.42766, 36.42929], [-99.42565, 36.42869], [-99.42565, 36.42822], [-99.4282, 36.42909], [-99.42872, 36.42901], [-99.42901, 36.42871], [-99.4288, 36.42846], [-99.42843, 36.42852], [-99.42824, 36.42768], [-99.4278, 36.42777], [-99.42775, 36.42835], [-99.4274, 36.42822], [-99.42722, 36.42769], [-99.42688, 36.42771], [-99.42673, 36.42798], [-99.42614, 36.4276], [-99.42564, 36.42762], [-99.42564, 36.42738], [-99.4312, 36.4274], [-99.43209, 36.42618], [-99.43192, 36.42594], [-99.4316, 36.42595], [-99.43094, 36.42686], [-99.43048, 36.42685], [-99.43171, 36.42506], [-99.43146, 36.4248], [-99.43042, 36.42476], [-99.43017, 36.42486], [-99.43011, 36.42511], [-99.43064, 36.4253], [-99.42974, 36.42684], [-99.42742, 36.42683], [-99.42739, 36.42643], [-99.42709, 36.42628], [-99.4268, 36.42642], [-99.42675, 36.42683], [-99.42628, 36.42683], [-99.42623, 36.42646], [-99.42565, 36.4264], [-99.42568, 36.42493], [-99.42813, 36.42507], [-99.42843, 36.42481], [-99.42817, 36.42454], [-99.42568, 36.42436], [-99.42571, 36.42199], [-99.42712, 36.42156], [-99.42737, 36.42093], [-99.42701, 36.42067], [-99.42572, 36.42103], [-99.42575, 36.40515], [-99.44334, 36.40531], [-99.44313, 36.43018], [-99.44251, 36.43021], [-99.44231, 36.43046], [-99.44252, 36.43071], [-99.44313, 36.43072], [-99.44313, 36.43114], [-99.44249, 36.43115], [-99.44228, 36.4314], [-99.44248, 36.43165], [-99.44312, 36.43168], [-99.44311, 36.43209], [-99.44247, 36.43212], [-99.44232, 36.43246]], [[-99.4392, 36.40832], [-99.43909, 36.40729], [-99.43942, 36.40687], [-99.43913, 36.40647], [-99.43861, 36.40634], [-99.43812, 36.40665], [-99.43827, 36.40696], [-99.43799, 36.40739], [-99.43793, 36.40809], [-99.43832, 36.40837], [-99.43893, 36.40846], [-99.4392, 36.40832]], [[-99.43402, 36.41237], [-99.43459, 36.41226], [-99.43467, 36.41194], [-99.43449, 36.4117], [-99.43393, 36.41181], [-99.43385, 36.41215], [-99.43402, 36.41237]], [[-99.43111, 36.41861], [-99.4305, 36.41859], [-99.42995, 36.41922], [-99.43011, 36.41955], [-99.43044, 36.41962], [-99.43083, 36.41946], [-99.43119, 36.41904], [-99.43111, 36.41861]], [[-99.44041, 36.4254], [-99.44054, 36.42586], [-99.44118, 36.42578], [-99.44104, 36.42529], [-99.44065, 36.42524], [-99.44041, 36.4254]]], [[[-99.43554, 36.40235], [-99.43502, 36.40295], [-99.43496, 36.40471], [-99.42575, 36.40461], [-99.4258, 36.39087], [-99.43147, 36.39086], [-99.4318, 36.39059], [-99.43149, 36.39032], [-99.4258, 36.39032], [-99.42583, 36.37649], [-99.43904, 36.37661], [-99.44011, 36.37632], [-99.44166, 36.37643], [-99.4425, 36.37606], [-99.44381, 36.37668], [-99.44381, 36.37735], [-99.4433, 36.37852], [-99.44341, 36.38807], [-99.44381, 36.38861], [-99.44358, 36.38964], [-99.44352, 36.39683], [-99.44332, 36.39736], [-99.44334, 36.40477], [-99.43563, 36.40472], [-99.43568, 36.40309], [-99.43631, 36.40243], [-99.43601, 36.40216], [-99.43554, 36.40235]], [[-99.43792, 36.3789], [-99.43838, 36.37922], [-99.43895, 36.37905], [-99.4391, 36.3788], [-99.43876, 36.37843], [-99.43838, 36.37831], [-99.43787, 36.37854], [-99.43792, 36.3789]], [[-99.43912, 36.40085], [-99.43936, 36.40063], [-99.4393, 36.40033], [-99.43869, 36.40012], [-99.4384, 36.40035], [-99.43839, 36.40076], [-99.43872, 36.40094], [-99.43912, 36.40085]]], [[[-99.4438, 36.37028], [-99.44234, 36.37496], [-99.44186, 36.37581], [-99.44007, 36.37578], [-99.43893, 36.37607], [-99.42583, 36.37595], [-99.42594, 36.3621], [-99.46048, 36.3624], [-99.46053, 36.3629], [-99.46101, 36.36329], [-99.46088, 36.36388], [-99.45869, 36.36651], [-99.45801, 36.36813], [-99.45703, 36.36882], [-99.44685, 36.36892], [-99.44485, 36.36941], [-99.4438, 36.37028]]], [[[-99.46169, 36.36315], [-99.46115, 36.36267], [-99.46115, 36.36241], [-99.47956, 36.36268], [-99.47972, 36.38831], [-99.47569, 36.38805], [-99.47432, 36.38717], [-99.47307, 36.38695], [-99.47276, 36.38721], [-99.47295, 36.38746], [-99.47409, 36.38768], [-99.47547, 36.38858], [-99.47972, 36.38885], [-99.47954, 36.40468], [-99.478, 36.40501], [-99.46919, 36.40491], [-99.46968, 36.40364], [-99.46975, 36.4028], [-99.46904, 36.401], [-99.46915, 36.39978], [-99.46882, 36.39956], [-99.46852, 36.39971], [-99.46838, 36.40024], [-99.46838, 36.4018], [-99.46879, 36.40206], [-99.46908, 36.40282], [-99.46903, 36.40352], [-99.46847, 36.4049], [-99.46199, 36.40485], [-99.46199, 36.40404], [-99.46314, 36.40249], [-99.46301, 36.40222], [-99.46271, 36.40215], [-99.46199, 36.4027], [-99.46199, 36.40083], [-99.4644, 36.4008], [-99.46476, 36.39865], [-99.46447, 36.39838], [-99.46199, 36.39833], [-99.46207, 36.39674], [-99.46173, 36.39605], [-99.46176, 36.39463], [-99.46208, 36.39438], [-99.46331, 36.39436], [-99.46351, 36.39411], [-99.46324, 36.39385], [-99.46199, 36.39384], [-99.46112, 36.39443], [-99.46078, 36.39587], [-99.46092, 36.39637], [-99.46138, 36.39682], [-99.46132, 36.40484], [-99.46071, 36.40484], [-99.461, 36.40443], [-99.46094, 36.40418], [-99.46, 36.4042], [-99.45995, 36.40349], [-99.45924, 36.40325], [-99.45876, 36.40342], [-99.45839, 36.40396], [-99.45833, 36.40448], [-99.45864, 36.40482], [-99.44686, 36.40474], [-99.4468, 36.40362], [-99.44727, 36.4025], [-99.44693, 36.40221], [-99.44664, 36.40236], [-99.44614, 36.40352], [-99.44619, 36.40473], [-99.44401, 36.40477], [-99.4441, 36.3971], [-99.4465, 36.39656], [-99.44738, 36.39621], [-99.44796, 36.39553], [-99.44935, 36.39309], [-99.4498, 36.39296], [-99.45096, 36.39321], [-99.45381, 36.3934], [-99.45465, 36.39308], [-99.4551, 36.39197], [-99.4548, 36.39131], [-99.45583, 36.39011], [-99.45575, 36.38813], [-99.45653, 36.38744], [-99.45943, 36.38337], [-99.46034, 36.38275], [-99.46202, 36.38201], [-99.46261, 36.38196], [-99.4636, 36.38249], [-99.46445, 36.38268], [-99.46599, 36.38204], [-99.46869, 36.38202], [-99.46923, 36.38171], [-99.46969, 36.38081], [-99.47148, 36.38128], [-99.47178, 36.38221], [-99.4721, 36.38231], [-99.47236, 36.38212], [-99.47227, 36.38127], [-99.47191, 36.38085], [-99.47027, 36.3803], [-99.4695, 36.38026], [-99.46898, 36.38069], [-99.46838, 36.3808], [-99.46745, 36.3815], [-99.4658, 36.38151], [-99.46443, 36.38213], [-99.46278, 36.38142], [-99.46189, 36.38148], [-99.45997, 36.3823], [-99.45846, 36.38353], [-99.45597, 36.38715], [-99.45512, 36.38791], [-99.45518, 36.38994], [-99.45421, 36.39105], [-99.45406, 36.39054], [-99.45376, 36.39041], [-99.45281, 36.39104], [-99.45266, 36.39179], [-99.45336, 36.392], [-99.4542, 36.39187], [-99.45436, 36.39214], [-99.45415, 36.3927], [-99.45286, 36.39286], [-99.4498, 36.3924], [-99.44895, 36.39263], [-99.44692, 36.3958], [-99.44408, 36.3965], [-99.44425, 36.38969], [-99.44448, 36.38855], [-99.44408, 36.38798], [-99.44403, 36.38329], [-99.44447, 36.38328], [-99.44467, 36.38294], [-99.44445, 36.38267], [-99.44402, 36.38268], [-99.44397, 36.37857], [-99.44447, 36.37745], [-99.44448, 36.37657], [-99.44415, 36.37618], [-99.44278, 36.37556], [-99.44441, 36.37052], [-99.44522, 36.36987], [-99.44693, 36.36945], [-99.45677, 36.36943], [-99.45732, 36.36931], [-99.45859, 36.3684], [-99.45928, 36.36676], [-99.4615, 36.36409], [-99.46169, 36.36315]], [[-99.47117, 36.36903], [-99.47157, 36.36941], [-99.47208, 36.36917], [-99.4717, 36.36864], [-99.47136, 36.36872], [-99.47117, 36.36903]], [[-99.47367, 36.38588], [-99.47324, 36.38555], [-99.47263, 36.38576], [-99.4725, 36.38603], [-99.47283, 36.38642], [-99.47321, 36.38653], [-99.4735, 36.38636], [-99.47367, 36.38588]], [[-99.46895, 36.38272], [-99.46948, 36.38247], [-99.46942, 36.38221], [-99.46912, 36.38206], [-99.4686, 36.3823], [-99.46867, 36.3826], [-99.46895, 36.38272]], [[-99.46301, 36.39328], [-99.46314, 36.39371], [-99.46373, 36.3937], [-99.4641, 36.39337], [-99.46393, 36.39277], [-99.4636, 36.39258], [-99.46319, 36.39264], [-99.46301, 36.39328]], [[-99.45782, 36.38352], [-99.45802, 36.38305], [-99.45746, 36.38288], [-99.45722, 36.38309], [-99.45724, 36.3834], [-99.45748, 36.38358], [-99.45782, 36.38352]], [[-99.44993, 36.39782], [-99.45007, 36.39846], [-99.45054, 36.39856], [-99.45087, 36.39843], [-99.45102, 36.3979], [-99.45086, 36.39765], [-99.45028, 36.39755], [-99.44993, 36.39782]]], [[[-99.45694, 36.34784], [-99.47959, 36.3482], [-99.47956, 36.36214], [-99.44392, 36.3617], [-99.44406, 36.34785], [-99.45694, 36.34784]], [[-99.44744, 36.34938], [-99.44781, 36.34938], [-99.44817, 36.34897], [-99.44813, 36.3486], [-99.44771, 36.34826], [-99.44727, 36.34849], [-99.44725, 36.34916], [-99.44744, 36.34938]]], [[[-99.44327, 36.35702], [-99.44325, 36.3617], [-99.42593, 36.36156], [-99.42592, 36.34774], [-99.44339, 36.34784], [-99.44327, 36.35702]]], [[[-99.41803, 36.24672], [-99.41804, 36.23225], [-99.43513, 36.23225], [-99.43532, 36.2468], [-99.41803, 36.24672]], [[-99.42202, 36.24083], [-99.42153, 36.24029], [-99.42099, 36.2403], [-99.42067, 36.24058], [-99.42093, 36.241], [-99.42175, 36.24111], [-99.42202, 36.24083]]], [[[-99.57255, 36.56912], [-99.57285, 36.56912], [-99.57286, 36.56957], [-99.5723, 36.56958], [-99.57229, 36.56912], [-99.57255, 36.56912]]], [[[-99.57104, 36.56962], [-99.57103, 36.56913], [-99.57162, 36.56912], [-99.57163, 36.5696], [-99.57104, 36.56962]]], [[[-99.49185, 36.27558], [-99.4799, 36.27555], [-99.47981, 36.24714], [-99.48967, 36.24706], [-99.49706, 36.24728], [-99.49717, 36.27559], [-99.49185, 36.27558]]], [[[-99.53443, 36.42098], [-99.53444, 36.42036], [-99.55173, 36.42051], [-99.55171, 36.43446], [-99.53442, 36.43417], [-99.53443, 36.42098]]], [[[-99.53221, 36.41927], [-99.53196, 36.41983], [-99.52779, 36.41983], [-99.53371, 36.41723], [-99.53366, 36.41763], [-99.53246, 36.41874], [-99.53221, 36.41927]]], [[[-99.53346, 36.41596], [-99.53339, 36.41676], [-99.52549, 36.42021], [-99.52492, 36.41994], [-99.51653, 36.41992], [-99.51654, 36.4061], [-99.52481, 36.40612], [-99.52485, 36.40782], [-99.52518, 36.40806], [-99.52551, 36.40781], [-99.52548, 36.40612], [-99.53384, 36.40611], [-99.53382, 36.41554], [-99.53346, 36.41596]], [[-99.5209, 36.40667], [-99.52063, 36.40626], [-99.51984, 36.40632], [-99.51951, 36.40657], [-99.51942, 36.40701], [-99.51973, 36.40723], [-99.52028, 36.40718], [-99.5209, 36.40667]], [[-99.51853, 36.41034], [-99.51843, 36.41], [-99.51807, 36.40975], [-99.51744, 36.40973], [-99.51704, 36.40998], [-99.51707, 36.41029], [-99.51749, 36.41053], [-99.5182, 36.41059], [-99.51853, 36.41034]]], [[[-99.49428, 36.43386], [-99.49498, 36.4342], [-99.49687, 36.43424], [-99.49675, 36.43675], [-99.49267, 36.43883], [-99.49079, 36.44026], [-99.48971, 36.44154], [-99.48546, 36.4478], [-99.4801, 36.44776], [-99.48, 36.43404], [-99.49221, 36.43412], [-99.49428, 36.43386]]], [[[-99.48014, 36.45311], [-99.4801, 36.4483], [-99.48509, 36.44834], [-99.4826, 36.45175], [-99.48153, 36.45253], [-99.48014, 36.45311]]], [[[-99.48037, 36.45476], [-99.48014, 36.45476], [-99.48014, 36.45376], [-99.48122, 36.45339], [-99.48094, 36.45445], [-99.48037, 36.45476]]], [[[-99.48671, 36.44783], [-99.48621, 36.44797], [-99.49037, 36.44183], [-99.49137, 36.44063], [-99.49309, 36.43932], [-99.49672, 36.43748], [-99.49647, 36.44291], [-99.4965, 36.44793], [-99.48671, 36.44783]], [[-99.4955, 36.44011], [-99.49526, 36.43977], [-99.49469, 36.43998], [-99.49433, 36.4406], [-99.49448, 36.44101], [-99.49507, 36.44096], [-99.4955, 36.44011]]], [[[-99.4951, 36.43366], [-99.49584, 36.43341], [-99.49692, 36.43297], [-99.49689, 36.4337], [-99.4951, 36.43366]]], [[[-99.47404, 36.4248], [-99.47352, 36.42459], [-99.47103, 36.42461], [-99.47117, 36.41969], [-99.47945, 36.41979], [-99.47945, 36.42107], [-99.47787, 36.42107], [-99.47687, 36.42158], [-99.47616, 36.42157], [-99.47604, 36.4212], [-99.47572, 36.42107], [-99.47306, 36.42105], [-99.47284, 36.42122], [-99.47288, 36.42145], [-99.47401, 36.42159], [-99.47401, 36.42222], [-99.47281, 36.42222], [-99.47254, 36.42249], [-99.47284, 36.42276], [-99.47444, 36.42272], [-99.47467, 36.4225], [-99.47468, 36.4216], [-99.47549, 36.42161], [-99.47586, 36.42209], [-99.47688, 36.42212], [-99.4774, 36.42204], [-99.47802, 36.4216], [-99.47944, 36.42161], [-99.47934, 36.43349], [-99.47097, 36.43346], [-99.47101, 36.42515], [-99.47361, 36.42523], [-99.47378, 36.42619], [-99.47358, 36.42691], [-99.47396, 36.42714], [-99.47421, 36.42699], [-99.47445, 36.42622], [-99.47444, 36.42541], [-99.47404, 36.4248]]], [[[-99.46759, 36.42623], [-99.46193, 36.42617], [-99.462, 36.4196], [-99.46787, 36.41966], [-99.46775, 36.42012], [-99.46815, 36.42044], [-99.46866, 36.42019], [-99.46845, 36.41966], [-99.4705, 36.41968], [-99.47036, 36.42626], [-99.4691, 36.42626], [-99.46823, 36.42608], [-99.46759, 36.42623]], [[-99.46914, 36.42186], [-99.46906, 36.42153], [-99.46862, 36.42146], [-99.4683, 36.42165], [-99.46821, 36.42201], [-99.46874, 36.42226], [-99.46914, 36.42186]], [[-99.46764, 36.42365], [-99.46722, 36.4236], [-99.46694, 36.42401], [-99.46688, 36.42459], [-99.46715, 36.42484], [-99.46763, 36.42482], [-99.46787, 36.42456], [-99.46764, 36.42365]], [[-99.46685, 36.42502], [-99.46669, 36.42549], [-99.46681, 36.42587], [-99.46736, 36.42607], [-99.46767, 36.42578], [-99.46759, 36.42517], [-99.46728, 36.42493], [-99.46685, 36.42502]]], [[[-99.44811, 36.41198], [-99.44783, 36.41258], [-99.44786, 36.41884], [-99.44393, 36.4188], [-99.44399, 36.40958], [-99.44438, 36.40954], [-99.44455, 36.4093], [-99.44438, 36.40907], [-99.44399, 36.40903], [-99.44399, 36.40823], [-99.44467, 36.40858], [-99.44562, 36.40861], [-99.4453, 36.40925], [-99.44551, 36.4095], [-99.44601, 36.40959], [-99.44631, 36.40944], [-99.44645, 36.40909], [-99.44619, 36.40857], [-99.44668, 36.4085], [-99.44686, 36.40817], [-99.44685, 36.40721], [-99.44658, 36.40699], [-99.44584, 36.40704], [-99.44562, 36.40722], [-99.44575, 36.40753], [-99.44619, 36.40756], [-99.44619, 36.40802], [-99.44502, 36.40808], [-99.44465, 36.40785], [-99.44458, 36.40706], [-99.44427, 36.40694], [-99.444, 36.40711], [-99.44401, 36.40531], [-99.46133, 36.40538], [-99.46133, 36.41699], [-99.46079, 36.41702], [-99.46054, 36.41753], [-99.46083, 36.41782], [-99.46133, 36.41775], [-99.46133, 36.41905], [-99.44853, 36.41885], [-99.4485, 36.41262], [-99.44865, 36.41217], [-99.44845, 36.41194], [-99.44811, 36.41198]], [[-99.45624, 36.40705], [-99.45537, 36.40681], [-99.45438, 36.40713], [-99.45404, 36.40756], [-99.45331, 36.40783], [-99.45331, 36.40845], [-99.45398, 36.40886], [-99.45522, 36.4086], [-99.45558, 36.40804], [-99.45598, 36.40799], [-99.4563, 36.40773], [-99.45624, 36.40705]], [[-99.45677, 36.40835], [-99.45636, 36.40828], [-99.45545, 36.40894], [-99.45442, 36.40917], [-99.45431, 36.40953], [-99.45468, 36.4102], [-99.45546, 36.41032], [-99.45617, 36.40999], [-99.45642, 36.40957], [-99.45626, 36.40926], [-99.45677, 36.40876], [-99.45677, 36.40835]]], [[[-99.47427, 36.41746], [-99.47391, 36.41918], [-99.462, 36.41906], [-99.46199, 36.40539], [-99.47805, 36.40555], [-99.47957, 36.40522], [-99.47946, 36.41925], [-99.47459, 36.41919], [-99.47487, 36.41759], [-99.47462, 36.41736], [-99.47427, 36.41746]]], [[[-99.48142, 36.41857], [-99.48165, 36.41927], [-99.48013, 36.41926], [-99.48021, 36.4113], [-99.48124, 36.41072], [-99.48453, 36.41036], [-99.4858, 36.41008], [-99.48599, 36.40982], [-99.48564, 36.40957], [-99.48199, 36.41002], [-99.48097, 36.41022], [-99.48022, 36.41064], [-99.48026, 36.40565], [-99.49786, 36.40609], [-99.49784, 36.41317], [-99.49749, 36.41951], [-99.48305, 36.41929], [-99.48291, 36.4187], [-99.48262, 36.41855], [-99.48229, 36.41874], [-99.48238, 36.41917], [-99.48232, 36.41928], [-99.48191, 36.41853], [-99.48142, 36.41857]], [[-99.48854, 36.41489], [-99.48899, 36.41487], [-99.48912, 36.41439], [-99.48852, 36.41444], [-99.48854, 36.41489]], [[-99.48942, 36.41651], [-99.48992, 36.41662], [-99.48994, 36.41615], [-99.48936, 36.41617], [-99.48942, 36.41651]]], [[[-99.49786, 36.40555], [-99.48023, 36.40511], [-99.48033, 36.39145], [-99.49764, 36.39167], [-99.49786, 36.40555]], [[-99.49769, 36.39958], [-99.49716, 36.39935], [-99.49676, 36.39953], [-99.49668, 36.39987], [-99.49692, 36.40009], [-99.49746, 36.4001], [-99.49774, 36.39987], [-99.49769, 36.39958]], [[-99.48587, 36.39972], [-99.48599, 36.39921], [-99.48535, 36.39908], [-99.48521, 36.39962], [-99.48551, 36.39979], [-99.48587, 36.39972]]], [[[-99.49086, 36.3772], [-99.49763, 36.37729], [-99.49763, 36.39112], [-99.48034, 36.39091], [-99.48035, 36.37682], [-99.48353, 36.37664], [-99.48517, 36.37625], [-99.48689, 36.37551], [-99.48883, 36.3755], [-99.48919, 36.3759], [-99.49022, 36.37589], [-99.49046, 36.37603], [-99.49052, 36.37696], [-99.49086, 36.3772]], [[-99.48803, 36.37614], [-99.48767, 36.37618], [-99.48752, 36.37647], [-99.48767, 36.37682], [-99.48799, 36.37694], [-99.48844, 36.3765], [-99.48803, 36.37614]], [[-99.48891, 36.38364], [-99.4892, 36.3832], [-99.48892, 36.38294], [-99.48854, 36.38291], [-99.4883, 36.38316], [-99.48837, 36.38345], [-99.48891, 36.38364]]], [[[-99.45699, 36.31928], [-99.47922, 36.31945], [-99.47958, 36.34766], [-99.45694, 36.3473], [-99.44406, 36.34731], [-99.44389, 36.31926], [-99.45699, 36.31928]], [[-99.47179, 36.33684], [-99.47138, 36.33634], [-99.47084, 36.33658], [-99.47084, 36.3369], [-99.47113, 36.3371], [-99.47151, 36.3371], [-99.47179, 36.33684]], [[-99.45756, 36.33468], [-99.45734, 36.33436], [-99.45693, 36.33436], [-99.45665, 36.33461], [-99.45664, 36.33507], [-99.45718, 36.33522], [-99.45756, 36.33468]], [[-99.45756, 36.34519], [-99.45727, 36.34477], [-99.45677, 36.34485], [-99.45657, 36.34544], [-99.45668, 36.34591], [-99.45706, 36.34605], [-99.45737, 36.34591], [-99.45756, 36.34519]]], [[[-99.42586, 36.33277], [-99.42577, 36.31897], [-99.44322, 36.31925], [-99.44328, 36.33288], [-99.42586, 36.33277]], [[-99.43064, 36.32134], [-99.43101, 36.32135], [-99.43127, 36.32116], [-99.43135, 36.32088], [-99.43113, 36.32065], [-99.43079, 36.32065], [-99.43047, 36.32089], [-99.43064, 36.32134]], [[-99.42923, 36.32222], [-99.4305, 36.32208], [-99.43061, 36.32151], [-99.43032, 36.32133], [-99.42899, 36.32124], [-99.42881, 36.32174], [-99.42923, 36.32222]], [[-99.43202, 36.32186], [-99.43177, 36.32211], [-99.43184, 36.32236], [-99.43215, 36.32251], [-99.43258, 36.32241], [-99.43267, 36.32199], [-99.43238, 36.32182], [-99.43202, 36.32186]], [[-99.42822, 36.3223], [-99.42849, 36.32191], [-99.42809, 36.32166], [-99.4268, 36.32184], [-99.4261, 36.32208], [-99.42586, 36.32237], [-99.42612, 36.3227], [-99.42663, 36.32277], [-99.42734, 36.32232], [-99.42822, 36.3223]]], [[[-99.42592, 36.3472], [-99.42587, 36.33331], [-99.44329, 36.33342], [-99.44339, 36.3473], [-99.42592, 36.3472]]], [[[-99.44321, 36.31871], [-99.42577, 36.31843], [-99.42605, 36.30461], [-99.4431, 36.30487], [-99.44321, 36.31871]], [[-99.43029, 36.30766], [-99.43012, 36.30736], [-99.42972, 36.30727], [-99.42938, 36.3073], [-99.42917, 36.30753], [-99.42925, 36.30778], [-99.43004, 36.30834], [-99.43051, 36.30809], [-99.43029, 36.30766]], [[-99.4318, 36.30925], [-99.43247, 36.30872], [-99.4325, 36.30836], [-99.43221, 36.30813], [-99.43184, 36.30821], [-99.43142, 36.30879], [-99.43144, 36.3091], [-99.4318, 36.30925]], [[-99.43319, 36.31], [-99.433, 36.30968], [-99.43264, 36.30964], [-99.43226, 36.30989], [-99.43221, 36.31023], [-99.43274, 36.31047], [-99.43319, 36.31]], [[-99.43844, 36.31254], [-99.43808, 36.31219], [-99.43759, 36.31225], [-99.43739, 36.31256], [-99.4376, 36.31286], [-99.43715, 36.31312], [-99.43721, 36.31351], [-99.43768, 36.31364], [-99.43846, 36.31357], [-99.43864, 36.31323], [-99.43823, 36.31285], [-99.43844, 36.31254]]], [[[-99.45893, 36.31872], [-99.44388, 36.31872], [-99.44386, 36.29695], [-99.44419, 36.29687], [-99.4444, 36.29653], [-99.44419, 36.29624], [-99.44387, 36.29619], [-99.44395, 36.29037], [-99.46111, 36.29049], [-99.46095, 36.31874], [-99.45893, 36.31872]], [[-99.4534, 36.29279], [-99.45306, 36.29256], [-99.45264, 36.29267], [-99.45251, 36.29334], [-99.45265, 36.29357], [-99.45296, 36.29365], [-99.45327, 36.29349], [-99.4534, 36.29279]], [[-99.44877, 36.29516], [-99.44958, 36.29558], [-99.44996, 36.29553], [-99.4502, 36.29527], [-99.44994, 36.29487], [-99.44926, 36.29475], [-99.44885, 36.29485], [-99.44877, 36.29516]], [[-99.44511, 36.29963], [-99.44451, 36.29941], [-99.44427, 36.29991], [-99.44451, 36.3001], [-99.4449, 36.30009], [-99.44515, 36.29987], [-99.44511, 36.29963]]], [[[-99.46162, 36.31875], [-99.46178, 36.30492], [-99.47922, 36.30501], [-99.47922, 36.31891], [-99.46162, 36.31875]]], [[[-99.46982, 36.29052], [-99.47924, 36.29056], [-99.47922, 36.30447], [-99.46178, 36.30438], [-99.46178, 36.29049], [-99.46982, 36.29052]], [[-99.4659, 36.29525], [-99.46548, 36.2951], [-99.46517, 36.29526], [-99.46506, 36.29571], [-99.46527, 36.29596], [-99.46562, 36.29598], [-99.4661, 36.29572], [-99.46614, 36.29546], [-99.4659, 36.29525]], [[-99.46913, 36.29799], [-99.46882, 36.29758], [-99.46838, 36.29762], [-99.46817, 36.29785], [-99.46864, 36.29839], [-99.46898, 36.29829], [-99.46913, 36.29799]]], [[[-99.47924, 36.29002], [-99.46178, 36.28995], [-99.46177, 36.27604], [-99.47923, 36.27608], [-99.47924, 36.29002]]], [[[-99.43001, 36.28971], [-99.42602, 36.28966], [-99.42598, 36.2757], [-99.46111, 36.27603], [-99.46112, 36.28995], [-99.43001, 36.28971]], [[-99.43111, 36.28123], [-99.43141, 36.28128], [-99.43199, 36.28102], [-99.4321, 36.28059], [-99.43147, 36.28033], [-99.43114, 36.28038], [-99.43095, 36.28098], [-99.43111, 36.28123]]], [[[-99.46116, 36.2646], [-99.4611, 36.27549], [-99.42599, 36.27516], [-99.42596, 36.27348], [-99.42642, 36.27352], [-99.42668, 36.27323], [-99.42638, 36.27265], [-99.42595, 36.27261], [-99.42581, 36.2614], [-99.43742, 36.26153], [-99.43774, 36.26125], [-99.43749, 36.261], [-99.43613, 36.26092], [-99.42581, 36.26085], [-99.42592, 36.24734], [-99.43658, 36.24733], [-99.43699, 36.24757], [-99.4375, 36.24733], [-99.44503, 36.24729], [-99.44504, 36.2476], [-99.44538, 36.24784], [-99.44576, 36.2477], [-99.44581, 36.24728], [-99.46115, 36.24719], [-99.46102, 36.25418], [-99.46116, 36.2646]], [[-99.44145, 36.24804], [-99.44109, 36.24761], [-99.44069, 36.24762], [-99.44047, 36.24782], [-99.44051, 36.24811], [-99.44084, 36.24836], [-99.44125, 36.24831], [-99.44145, 36.24804]], [[-99.43596, 36.24826], [-99.43597, 36.248], [-99.43562, 36.24773], [-99.43505, 36.24788], [-99.43521, 36.2483], [-99.43561, 36.24843], [-99.43596, 36.24826]], [[-99.43958, 36.25022], [-99.4399, 36.25038], [-99.44023, 36.25023], [-99.44063, 36.24978], [-99.44051, 36.24947], [-99.43996, 36.24946], [-99.43956, 36.24994], [-99.43958, 36.25022]], [[-99.43846, 36.2629], [-99.43885, 36.26285], [-99.4391, 36.26245], [-99.43887, 36.26219], [-99.4383, 36.26211], [-99.43799, 36.2625], [-99.43846, 36.2629]], [[-99.43581, 36.26328], [-99.43548, 36.2629], [-99.43501, 36.26296], [-99.4348, 36.26319], [-99.43491, 36.26348], [-99.4353, 36.26367], [-99.43561, 36.26359], [-99.43581, 36.26328]], [[-99.43615, 36.26417], [-99.43578, 36.26381], [-99.43528, 36.26392], [-99.43506, 36.26423], [-99.43569, 36.26464], [-99.43615, 36.26417]], [[-99.42635, 36.26674], [-99.42646, 36.2671], [-99.42706, 36.2674], [-99.4276, 36.26715], [-99.42759, 36.26677], [-99.42731, 36.26654], [-99.42663, 36.26647], [-99.42635, 36.26674]], [[-99.42955, 36.27198], [-99.42872, 36.27184], [-99.42845, 36.2722], [-99.42884, 36.27252], [-99.42922, 36.27258], [-99.42958, 36.27232], [-99.42955, 36.27198]]], [[[-99.46179, 36.26854], [-99.46182, 36.24719], [-99.47914, 36.24717], [-99.47923, 36.27554], [-99.46177, 36.2755], [-99.46179, 36.26854]], [[-99.46665, 36.24886], [-99.46636, 36.24847], [-99.46597, 36.24848], [-99.46573, 36.24869], [-99.46604, 36.24918], [-99.46644, 36.24915], [-99.46665, 36.24886]], [[-99.46947, 36.25039], [-99.46875, 36.25024], [-99.46858, 36.25091], [-99.46914, 36.251], [-99.46953, 36.25069], [-99.46947, 36.25039]]], [[[-99.53309, 36.26101], [-99.53309, 36.26115], [-99.51536, 36.26126], [-99.49777, 36.26114], [-99.49773, 36.24729], [-99.53295, 36.24734], [-99.53309, 36.26101]]], [[[-99.5423, 36.27565], [-99.53384, 36.27564], [-99.53362, 36.24733], [-99.54273, 36.2472], [-99.55094, 36.24738], [-99.55103, 36.2757], [-99.5423, 36.27565]]], [[[-99.51574, 36.28375], [-99.51588, 36.28353], [-99.51585, 36.27617], [-99.53317, 36.27618], [-99.53355, 36.31902], [-99.51611, 36.31901], [-99.51609, 36.30478], [-99.51586, 36.30453], [-99.47989, 36.30447], [-99.4799, 36.27609], [-99.51518, 36.27616], [-99.51521, 36.28353], [-99.51539, 36.28377], [-99.51574, 36.28375]], [[-99.4872, 36.29343], [-99.48676, 36.29302], [-99.48621, 36.29336], [-99.48631, 36.29363], [-99.4867, 36.29381], [-99.48703, 36.29372], [-99.4872, 36.29343]]], [[[-99.53367, 36.37072], [-99.53368, 36.37672], [-99.51624, 36.37673], [-99.51637, 36.36031], [-99.51623, 36.34834], [-99.53348, 36.34841], [-99.53367, 36.37072]]], [[[-99.48683, 36.37497], [-99.4843, 36.37593], [-99.48035, 36.37628], [-99.48025, 36.34821], [-99.49788, 36.34853], [-99.51556, 36.34834], [-99.5157, 36.36031], [-99.51557, 36.37673], [-99.49125, 36.37671], [-99.49117, 36.3759], [-99.49059, 36.37541], [-99.48949, 36.37538], [-99.4893, 36.37507], [-99.48893, 36.37496], [-99.48683, 36.37497]]], [[[-99.5331, 36.26169], [-99.53317, 36.27564], [-99.51584, 36.27563], [-99.51569, 36.2618], [-99.5331, 36.26169]], [[-99.51718, 36.26657], [-99.51676, 36.26624], [-99.5164, 36.26638], [-99.51633, 36.26664], [-99.51674, 36.26692], [-99.51718, 36.26657]]], [[[-99.50623, 36.26175], [-99.51502, 36.2618], [-99.51517, 36.27562], [-99.49784, 36.27559], [-99.49777, 36.26169], [-99.50623, 36.26175]], [[-99.50752, 36.27018], [-99.50718, 36.26977], [-99.50676, 36.26976], [-99.50651, 36.26998], [-99.50658, 36.27023], [-99.50695, 36.27043], [-99.50752, 36.27018]], [[-99.49934, 36.27428], [-99.49911, 36.27395], [-99.49864, 36.2739], [-99.49821, 36.27442], [-99.49843, 36.27465], [-99.49882, 36.27469], [-99.49934, 36.27428]]], [[[-99.5008, 36.40704], [-99.49849, 36.40701], [-99.49853, 36.4061], [-99.51587, 36.40611], [-99.51586, 36.41992], [-99.50843, 36.41978], [-99.50848, 36.41764], [-99.50922, 36.41761], [-99.50955, 36.41725], [-99.50956, 36.41571], [-99.50923, 36.41549], [-99.5089, 36.4157], [-99.50889, 36.41711], [-99.50819, 36.41714], [-99.50782, 36.41745], [-99.50776, 36.41976], [-99.49816, 36.41952], [-99.4985, 36.41186], [-99.50071, 36.41183], [-99.50132, 36.4113], [-99.50131, 36.4076], [-99.50111, 36.40719], [-99.5008, 36.40704]]], [[[-99.50064, 36.40767], [-99.50066, 36.41119], [-99.4985, 36.41132], [-99.49848, 36.40755], [-99.50037, 36.40753], [-99.50064, 36.40767]]], [[[-99.54007, 36.40106], [-99.53656, 36.4011], [-99.53452, 36.40172], [-99.53438, 36.39168], [-99.55179, 36.39181], [-99.55174, 36.40573], [-99.53451, 36.40557], [-99.53452, 36.40232], [-99.53669, 36.40163], [-99.53992, 36.40151], [-99.54016, 36.40131], [-99.54007, 36.40106]]], [[[-99.53447, 36.38631], [-99.53435, 36.37726], [-99.55176, 36.37737], [-99.55179, 36.39127], [-99.53438, 36.39114], [-99.53447, 36.38631]]], [[[-99.51637, 36.39173], [-99.53371, 36.39167], [-99.53384, 36.40557], [-99.51653, 36.40556], [-99.51637, 36.39173]]], [[[-99.51627, 36.3797], [-99.51624, 36.37727], [-99.53368, 36.37726], [-99.53371, 36.39113], [-99.51636, 36.39118], [-99.51627, 36.3797]]], [[[-99.50041, 36.40559], [-99.49853, 36.40556], [-99.49831, 36.39167], [-99.5157, 36.39173], [-99.51586, 36.40557], [-99.50041, 36.40559]], [[-99.5083, 36.40108], [-99.50799, 36.40077], [-99.50735, 36.40087], [-99.50714, 36.40111], [-99.50727, 36.40154], [-99.50775, 36.40168], [-99.5083, 36.40108]], [[-99.50185, 36.40504], [-99.50162, 36.40458], [-99.50127, 36.40452], [-99.50102, 36.40469], [-99.50101, 36.40504], [-99.50122, 36.40524], [-99.50155, 36.40527], [-99.50185, 36.40504]]], [[[-99.5156, 36.37971], [-99.51569, 36.39118], [-99.4983, 36.39113], [-99.4983, 36.37729], [-99.51557, 36.37727], [-99.5156, 36.37971]]], [[[-99.46838, 36.38147], [-99.46871, 36.38128], [-99.46867, 36.38139], [-99.46838, 36.38147]]], [[[-99.46199, 36.39887], [-99.46406, 36.39891], [-99.46387, 36.40032], [-99.46199, 36.40029], [-99.46199, 36.39887]]], [[[-99.46783, 36.42678], [-99.46826, 36.42663], [-99.46903, 36.4268], [-99.47036, 36.4268], [-99.4703, 36.43346], [-99.4619, 36.43337], [-99.46193, 36.42671], [-99.46783, 36.42678]], [[-99.46433, 36.43114], [-99.4641, 36.43094], [-99.46377, 36.43096], [-99.46344, 36.43123], [-99.46339, 36.43163], [-99.46402, 36.43176], [-99.46433, 36.43114]]], [[[-99.51696, 36.43825], [-99.51538, 36.43824], [-99.51541, 36.43696], [-99.51698, 36.43695], [-99.51696, 36.43825]]], [[[-99.51462, 36.46305], [-99.51458, 36.47686], [-99.49588, 36.47652], [-99.48141, 36.47665], [-99.48006, 36.47582], [-99.48009, 36.47164], [-99.48075, 36.47125], [-99.48087, 36.47067], [-99.48069, 36.47044], [-99.4801, 36.4703], [-99.48016, 36.46268], [-99.51462, 36.46305]], [[-99.50483, 36.46894], [-99.50522, 36.46899], [-99.50559, 36.46866], [-99.50592, 36.46777], [-99.50564, 36.46745], [-99.5053, 36.46748], [-99.50495, 36.46791], [-99.50457, 36.46792], [-99.50423, 36.46819], [-99.5043, 36.46849], [-99.50483, 36.46894]], [[-99.50151, 36.4684], [-99.5018, 36.46808], [-99.50153, 36.46778], [-99.49995, 36.46787], [-99.49877, 36.46857], [-99.49851, 36.46916], [-99.49888, 36.46946], [-99.49953, 36.46942], [-99.49981, 36.469], [-99.50151, 36.4684]], [[-99.49433, 36.46342], [-99.49442, 36.46402], [-99.49507, 36.46426], [-99.49539, 36.46465], [-99.49619, 36.46482], [-99.49674, 36.46455], [-99.49679, 36.46406], [-99.49613, 36.46329], [-99.4949, 36.46303], [-99.49433, 36.46342]], [[-99.49604, 36.46997], [-99.49569, 36.47036], [-99.49578, 36.47078], [-99.49636, 36.4712], [-99.49699, 36.47116], [-99.49735, 36.47081], [-99.49728, 36.47034], [-99.49661, 36.46991], [-99.49604, 36.46997]], [[-99.494, 36.47444], [-99.49427, 36.47347], [-99.4938, 36.47323], [-99.49286, 36.47347], [-99.49233, 36.47317], [-99.49224, 36.4729], [-99.49256, 36.47223], [-99.4924, 36.47199], [-99.49201, 36.47199], [-99.49165, 36.47235], [-99.49054, 36.4721], [-99.48976, 36.47261], [-99.48982, 36.47308], [-99.49081, 36.4737], [-99.49169, 36.47384], [-99.49271, 36.47437], [-99.49347, 36.47453], [-99.494, 36.47444]], [[-99.4875, 36.47401], [-99.48779, 36.47379], [-99.48767, 36.47328], [-99.4867, 36.47331], [-99.48669, 36.47379], [-99.4875, 36.47401]]], [[[-99.51529, 36.46992], [-99.51529, 36.46305], [-99.53367, 36.46332], [-99.53363, 36.47716], [-99.51525, 36.47687], [-99.51529, 36.46992]]], [[[-99.52911, 36.45791], [-99.53368, 36.45804], [-99.53364, 36.46278], [-99.51529, 36.46251], [-99.51527, 36.44872], [-99.51767, 36.44863], [-99.51916, 36.44879], [-99.5337, 36.44909], [-99.53373, 36.45183], [-99.53196, 36.45203], [-99.52968, 36.45189], [-99.52939, 36.45216], [-99.52966, 36.45242], [-99.53193, 36.45257], [-99.53373, 36.45238], [-99.53369, 36.4575], [-99.52905, 36.45737], [-99.52875, 36.45766], [-99.52911, 36.45791]]], [[[-99.51613, 36.44796], [-99.51654, 36.4482], [-99.51527, 36.44818], [-99.51527, 36.44715], [-99.51613, 36.44796]]], [[[-99.49496, 36.48489], [-99.4823, 36.47719], [-99.49587, 36.47706], [-99.51458, 36.4774], [-99.51488, 36.49134], [-99.5038, 36.49137], [-99.50235, 36.49166], [-99.50077, 36.48911], [-99.49973, 36.48798], [-99.49847, 36.48701], [-99.49496, 36.48489]], [[-99.50188, 36.48999], [-99.50229, 36.48997], [-99.50253, 36.48967], [-99.5025, 36.48921], [-99.50217, 36.48893], [-99.50162, 36.48917], [-99.5016, 36.48976], [-99.50188, 36.48999]], [[-99.48962, 36.48086], [-99.48962, 36.48036], [-99.48923, 36.48024], [-99.48891, 36.48033], [-99.48897, 36.48087], [-99.48933, 36.48098], [-99.48962, 36.48086]]], [[[-99.4431, 36.30433], [-99.42606, 36.30407], [-99.42602, 36.2902], [-99.44328, 36.29036], [-99.4431, 36.30433]], [[-99.43603, 36.29606], [-99.43631, 36.29575], [-99.43601, 36.29544], [-99.43532, 36.29554], [-99.43501, 36.29582], [-99.43528, 36.29619], [-99.43603, 36.29606]], [[-99.43016, 36.29915], [-99.43041, 36.29873], [-99.42971, 36.2984], [-99.42857, 36.29849], [-99.42827, 36.29878], [-99.42832, 36.29916], [-99.42875, 36.29945], [-99.42952, 36.29917], [-99.43016, 36.29915]], [[-99.43498, 36.30104], [-99.4348, 36.30073], [-99.43443, 36.3007], [-99.43415, 36.30089], [-99.43406, 36.30125], [-99.43452, 36.30146], [-99.43498, 36.30104]], [[-99.44041, 36.30359], [-99.44072, 36.30373], [-99.44114, 36.30361], [-99.44134, 36.30318], [-99.44101, 36.30293], [-99.44059, 36.30291], [-99.44037, 36.30313], [-99.44041, 36.30359]]], [[[-99.42824, 36.43924], [-99.4285, 36.43952], [-99.4273, 36.43962], [-99.42656, 36.44011], [-99.42574, 36.4401], [-99.42574, 36.43985], [-99.42646, 36.43981], [-99.42719, 36.4393], [-99.42824, 36.43924]]], [[[-99.428, 36.43872], [-99.42696, 36.43878], [-99.42615, 36.43932], [-99.42572, 36.43931], [-99.42571, 36.43917], [-99.42608, 36.43917], [-99.42686, 36.43863], [-99.42776, 36.43858], [-99.42829, 36.43817], [-99.42844, 36.43737], [-99.42875, 36.43791], [-99.428, 36.43872]]], [[[-99.42851, 36.43615], [-99.42863, 36.43624], [-99.42823, 36.43687], [-99.42807, 36.43678], [-99.42851, 36.43615]]], [[[-99.42744, 36.43536], [-99.42658, 36.43516], [-99.42673, 36.4348], [-99.4274, 36.435], [-99.4281, 36.43464], [-99.42862, 36.43536], [-99.42791, 36.43588], [-99.42744, 36.43536]]], [[[-99.44699, 36.43109], [-99.4471, 36.43064], [-99.44772, 36.43064], [-99.44772, 36.43111], [-99.44699, 36.43109]]], [[[-99.43012, 36.43615], [-99.43094, 36.43615], [-99.43133, 36.43596], [-99.4315, 36.43527], [-99.43135, 36.43492], [-99.43096, 36.43472], [-99.43003, 36.43474], [-99.42966, 36.43503], [-99.4296, 36.43548], [-99.42895, 36.43483], [-99.43001, 36.43467], [-99.43017, 36.43383], [-99.43177, 36.43383], [-99.43182, 36.43759], [-99.4311, 36.4377], [-99.43012, 36.43615]]], [[[-99.42753, 36.43637], [-99.42714, 36.43623], [-99.427, 36.43579], [-99.42753, 36.43637]]], [[[-99.42905, 36.43848], [-99.42996, 36.44014], [-99.42956, 36.44012], [-99.42928, 36.43961], [-99.42882, 36.43875], [-99.42905, 36.43848]]], [[[-99.43332, 36.43824], [-99.43285, 36.43837], [-99.43254, 36.43888], [-99.43211, 36.43809], [-99.43351, 36.43791], [-99.43332, 36.43824]]], [[[-99.44328, 36.44985], [-99.44331, 36.45088], [-99.44324, 36.45373], [-99.44175, 36.45283], [-99.44201, 36.45209], [-99.44178, 36.45171], [-99.44134, 36.45157], [-99.44135, 36.44985], [-99.44328, 36.44985]]], [[[-99.43935, 36.44829], [-99.44124, 36.4483], [-99.44124, 36.44985], [-99.43911, 36.44986], [-99.43911, 36.45115], [-99.43789, 36.45], [-99.43678, 36.44828], [-99.43935, 36.44829]]], [[[-99.42429, 36.43629], [-99.4229, 36.43634], [-99.42247, 36.43684], [-99.42201, 36.43672], [-99.4192, 36.43678], [-99.41891, 36.43588], [-99.41827, 36.43547], [-99.41804, 36.43486], [-99.41827, 36.43393], [-99.42186, 36.43393], [-99.42162, 36.43426], [-99.42163, 36.43488], [-99.42217, 36.43531], [-99.4239, 36.43529], [-99.42456, 36.4347], [-99.42494, 36.43505], [-99.4242, 36.43515], [-99.42388, 36.43556], [-99.42429, 36.43629]], [[-99.42274, 36.43629], [-99.42279, 36.43605], [-99.42241, 36.43551], [-99.42209, 36.43538], [-99.42179, 36.4355], [-99.42167, 36.43592], [-99.42195, 36.4364], [-99.42232, 36.43652], [-99.42274, 36.43629]]], [[[-99.42472, 36.43582], [-99.42456, 36.43561], [-99.42497, 36.43559], [-99.42488, 36.43602], [-99.42472, 36.43582]]], [[[-99.42344, 36.41423], [-99.42343, 36.414], [-99.42411, 36.41404], [-99.42445, 36.41456], [-99.42325, 36.4145], [-99.42344, 36.41423]]], [[[-99.41173, 36.43064], [-99.41173, 36.43134], [-99.41129, 36.43121], [-99.41129, 36.43063], [-99.41173, 36.43064]]], [[[-99.41372, 36.43683], [-99.41372, 36.43667], [-99.41385, 36.43683], [-99.41372, 36.43683]]], [[[-99.41305, 36.43667], [-99.41221, 36.43682], [-99.41221, 36.43648], [-99.41305, 36.43648], [-99.41305, 36.43667]]], [[[-99.41155, 36.43736], [-99.41148, 36.43755], [-99.41072, 36.43758], [-99.41074, 36.43736], [-99.41155, 36.43736]]], [[[-99.41154, 36.43682], [-99.41145, 36.43682], [-99.41154, 36.43669], [-99.41154, 36.43682]]], [[[-99.41372, 36.43578], [-99.41484, 36.43574], [-99.41519, 36.43563], [-99.41511, 36.43579], [-99.41389, 36.43593], [-99.41372, 36.43578]]], [[[-99.41305, 36.43578], [-99.41305, 36.43594], [-99.41241, 36.43593], [-99.41234, 36.43571], [-99.41305, 36.43578]]], [[[-99.39885, 36.60801], [-99.39873, 36.60847], [-99.38584, 36.60846], [-99.38599, 36.59722], [-99.38652, 36.59571], [-99.38781, 36.59444], [-99.40339, 36.59446], [-99.40341, 36.60847], [-99.39943, 36.60848], [-99.3995, 36.60555], [-99.39863, 36.60497], [-99.39828, 36.60509], [-99.39817, 36.60536], [-99.39841, 36.60564], [-99.39884, 36.60567], [-99.39885, 36.60801]], [[-99.39417, 36.60488], [-99.39386, 36.60461], [-99.3935, 36.60461], [-99.39295, 36.60538], [-99.39197, 36.60588], [-99.39111, 36.60589], [-99.39085, 36.60637], [-99.39027, 36.60647], [-99.38961, 36.6074], [-99.3898, 36.60803], [-99.39049, 36.60821], [-99.39078, 36.60799], [-99.39081, 36.60767], [-99.39103, 36.60766], [-99.39147, 36.60816], [-99.39201, 36.60819], [-99.39241, 36.60789], [-99.39267, 36.6072], [-99.39324, 36.60774], [-99.39387, 36.6077], [-99.3944, 36.60631], [-99.39417, 36.60488]]], [[[-99.41181, 36.60815], [-99.41217, 36.60841], [-99.40408, 36.60846], [-99.40406, 36.59446], [-99.42141, 36.5944], [-99.42143, 36.60835], [-99.41285, 36.60841], [-99.41256, 36.60791], [-99.41162, 36.60743], [-99.41131, 36.60745], [-99.4112, 36.60782], [-99.41181, 36.60815]], [[-99.41671, 36.59527], [-99.41611, 36.59505], [-99.41584, 36.59525], [-99.41584, 36.59557], [-99.41613, 36.59579], [-99.41645, 36.59579], [-99.41674, 36.59555], [-99.41671, 36.59527]], [[-99.41648, 36.59803], [-99.416, 36.59763], [-99.41564, 36.59773], [-99.41543, 36.59802], [-99.41554, 36.5983], [-99.41595, 36.59846], [-99.41648, 36.59803]]], [[[-99.43938, 36.60777], [-99.43938, 36.60815], [-99.4221, 36.60835], [-99.42208, 36.59439], [-99.42612, 36.59436], [-99.42618, 36.59463], [-99.42649, 36.59477], [-99.4271, 36.5946], [-99.4273, 36.59435], [-99.43299, 36.59425], [-99.43411, 36.59472], [-99.43702, 36.59791], [-99.43684, 36.59835], [-99.43695, 36.59871], [-99.43737, 36.5989], [-99.43773, 36.5987], [-99.43918, 36.60055], [-99.43937, 36.60154], [-99.43938, 36.60777]]], [[[-99.4935, 36.6171], [-99.49354, 36.62251], [-99.47605, 36.62251], [-99.47605, 36.60855], [-99.48529, 36.60853], [-99.48517, 36.60896], [-99.48559, 36.60923], [-99.48603, 36.60899], [-99.48594, 36.60854], [-99.49348, 36.60855], [-99.49348, 36.61078], [-99.49312, 36.6112], [-99.49348, 36.61156], [-99.4935, 36.6171]], [[-99.48116, 36.61949], [-99.48128, 36.6189], [-99.48087, 36.61859], [-99.48047, 36.61862], [-99.48026, 36.61895], [-99.48043, 36.61954], [-99.48082, 36.61969], [-99.48116, 36.61949]], [[-99.49103, 36.62037], [-99.49161, 36.62014], [-99.49174, 36.61972], [-99.49147, 36.61947], [-99.49112, 36.61949], [-99.49073, 36.61984], [-99.49074, 36.62016], [-99.49103, 36.62037]]], [[[-99.46898, 36.60855], [-99.47538, 36.60855], [-99.47538, 36.62252], [-99.45826, 36.6227], [-99.45813, 36.60854], [-99.46898, 36.60855]], [[-99.4736, 36.61107], [-99.47386, 36.61075], [-99.47374, 36.61022], [-99.47344, 36.61003], [-99.47292, 36.61007], [-99.47268, 36.61037], [-99.47268, 36.61161], [-99.47315, 36.61167], [-99.4736, 36.61107]], [[-99.46162, 36.60921], [-99.46119, 36.609], [-99.46041, 36.60908], [-99.45996, 36.60937], [-99.45996, 36.60972], [-99.46035, 36.60998], [-99.46139, 36.60982], [-99.4617, 36.60953], [-99.46162, 36.60921]]], [[[-99.43628, 36.59616], [-99.43448, 36.59426], [-99.44006, 36.5942], [-99.4401, 36.59606], [-99.43979, 36.59631], [-99.43972, 36.59715], [-99.44003, 36.59898], [-99.43987, 36.60031], [-99.43628, 36.59616]], [[-99.43982, 36.59614], [-99.43971, 36.59587], [-99.43935, 36.59573], [-99.43895, 36.5959], [-99.43882, 36.59618], [-99.43938, 36.59659], [-99.43982, 36.59614]]], [[[-99.44243, 36.61836], [-99.44047, 36.61662], [-99.4401, 36.61602], [-99.44005, 36.60868], [-99.45727, 36.60854], [-99.45747, 36.6087], [-99.45759, 36.6227], [-99.44757, 36.62258], [-99.44673, 36.62212], [-99.44243, 36.61836]], [[-99.4476, 36.61187], [-99.44733, 36.61153], [-99.44693, 36.61154], [-99.44672, 36.61175], [-99.44677, 36.61221], [-99.44707, 36.6124], [-99.4474, 36.61237], [-99.44764, 36.61214], [-99.4476, 36.61187]], [[-99.44563, 36.61538], [-99.44525, 36.61498], [-99.44494, 36.61492], [-99.44458, 36.61511], [-99.4445, 36.61551], [-99.44473, 36.61575], [-99.44515, 36.61579], [-99.44556, 36.61563], [-99.44563, 36.61538]]], [[[-99.41159, 36.4071], [-99.40774, 36.40706], [-99.40775, 36.40482], [-99.4116, 36.40489], [-99.41159, 36.4071]]], [[[-99.41056, 36.40943], [-99.41118, 36.40899], [-99.41177, 36.40897], [-99.41174, 36.41009], [-99.41121, 36.41002], [-99.41056, 36.40943]]], [[[-99.40967, 36.41478], [-99.4095, 36.41436], [-99.411, 36.41446], [-99.41071, 36.41476], [-99.40967, 36.41478]]], [[[-99.41033, 36.41568], [-99.4102, 36.41534], [-99.411, 36.41525], [-99.411, 36.41654], [-99.4102, 36.41654], [-99.4102, 36.41621], [-99.41062, 36.41598], [-99.41033, 36.41568]]], [[[-99.40966, 36.41828], [-99.4092, 36.41879], [-99.40773, 36.41878], [-99.40773, 36.41793], [-99.40946, 36.41785], [-99.41036, 36.4181], [-99.41037, 36.41827], [-99.40966, 36.41828]]], [[[-99.41227, 36.44217], [-99.41176, 36.44217], [-99.41177, 36.44193], [-99.41422, 36.44193], [-99.41422, 36.44218], [-99.41227, 36.44217]]], [[[-99.42529, 36.5495], [-99.42521, 36.56339], [-99.40793, 36.56378], [-99.40791, 36.54978], [-99.42529, 36.5495]], [[-99.41398, 36.56154], [-99.41367, 36.56116], [-99.41316, 36.56141], [-99.41347, 36.56181], [-99.41398, 36.56154]]], [[[-99.4252, 36.56393], [-99.42515, 36.57811], [-99.40796, 36.57839], [-99.40794, 36.56432], [-99.4252, 36.56393]], [[-99.42259, 36.57107], [-99.42261, 36.57137], [-99.42297, 36.57158], [-99.4235, 36.57132], [-99.42319, 36.57085], [-99.42259, 36.57107]], [[-99.41219, 36.56582], [-99.41248, 36.56592], [-99.41277, 36.5658], [-99.41303, 36.56545], [-99.41284, 36.56517], [-99.41243, 36.56511], [-99.41215, 36.56528], [-99.41219, 36.56582]]], [[[-99.38438, 36.60943], [-99.38479, 36.60936], [-99.38473, 36.60978], [-99.38516, 36.61002], [-99.38507, 36.612], [-99.38471, 36.61394], [-99.38396, 36.61617], [-99.38136, 36.61646], [-99.3809, 36.61668], [-99.38048, 36.61712], [-99.37905, 36.61984], [-99.37777, 36.61997], [-99.37706, 36.61986], [-99.37714, 36.61948], [-99.37683, 36.61914], [-99.37638, 36.61916], [-99.37605, 36.61948], [-99.37459, 36.61893], [-99.37348, 36.619], [-99.37177, 36.61953], [-99.36704, 36.61945], [-99.36418, 36.61957], [-99.36277, 36.61986], [-99.35714, 36.61973], [-99.3559, 36.62007], [-99.3542, 36.62136], [-99.35349, 36.62166], [-99.3528, 36.62149], [-99.35241, 36.6203], [-99.35217, 36.61825], [-99.35314, 36.61642], [-99.35327, 36.61472], [-99.35314, 36.61411], [-99.35258, 36.61328], [-99.35234, 36.60951], [-99.35178, 36.60786], [-99.35184, 36.60683], [-99.35245, 36.60408], [-99.3529, 36.60302], [-99.35369, 36.60204], [-99.35557, 36.60057], [-99.35622, 36.60065], [-99.35788, 36.60169], [-99.35969, 36.60196], [-99.36192, 36.60197], [-99.36201, 36.60457], [-99.36007, 36.60564], [-99.35992, 36.60708], [-99.35933, 36.60843], [-99.35941, 36.61129], [-99.3591, 36.6125], [-99.35947, 36.61278], [-99.35976, 36.61259], [-99.36008, 36.61134], [-99.35999, 36.60852], [-99.36058, 36.60718], [-99.36058, 36.60609], [-99.36214, 36.60524], [-99.36268, 36.60472], [-99.36253, 36.60174], [-99.36291, 36.60144], [-99.36308, 36.60179], [-99.36357, 36.60184], [-99.36381, 36.60143], [-99.36352, 36.60117], [-99.36318, 36.60116], [-99.36333, 36.60104], [-99.36677, 36.59951], [-99.36648, 36.60418], [-99.36694, 36.61228], [-99.36737, 36.61304], [-99.36847, 36.61339], [-99.36882, 36.61324], [-99.36876, 36.61293], [-99.3678, 36.61262], [-99.36762, 36.61223], [-99.3677, 36.61136], [-99.36724, 36.60753], [-99.36715, 36.60417], [-99.36747, 36.59912], [-99.36778, 36.59848], [-99.36797, 36.59484], [-99.36822, 36.59464], [-99.38529, 36.59446], [-99.38517, 36.60861], [-99.38433, 36.60888], [-99.38356, 36.60871], [-99.38331, 36.60896], [-99.3835, 36.60922], [-99.38438, 36.60943]], [[-99.36508, 36.60125], [-99.36483, 36.60104], [-99.36451, 36.60105], [-99.36407, 36.60137], [-99.36411, 36.60171], [-99.36438, 36.60189], [-99.36474, 36.60184], [-99.36507, 36.60155], [-99.36508, 36.60125]], [[-99.36985, 36.60181], [-99.37015, 36.60215], [-99.37051, 36.60216], [-99.37083, 36.60194], [-99.37085, 36.60162], [-99.37059, 36.60137], [-99.37024, 36.60135], [-99.36992, 36.60152], [-99.36985, 36.60181]], [[-99.3646, 36.60332], [-99.36426, 36.60284], [-99.36389, 36.60285], [-99.36364, 36.60307], [-99.36369, 36.60343], [-99.36396, 36.60363], [-99.36434, 36.6036], [-99.3646, 36.60332]], [[-99.36624, 36.60416], [-99.36607, 36.6039], [-99.36576, 36.60385], [-99.36548, 36.60402], [-99.36547, 36.60435], [-99.36591, 36.60455], [-99.36624, 36.60416]], [[-99.37367, 36.60695], [-99.37303, 36.60666], [-99.3726, 36.60703], [-99.37283, 36.60729], [-99.37331, 36.60736], [-99.37367, 36.60695]], [[-99.37726, 36.609], [-99.37714, 36.60955], [-99.37777, 36.60972], [-99.37804, 36.6095], [-99.37801, 36.60914], [-99.37764, 36.60893], [-99.37726, 36.609]], [[-99.36784, 36.6099], [-99.36776, 36.61034], [-99.36816, 36.61078], [-99.36862, 36.61083], [-99.36884, 36.61059], [-99.36874, 36.61022], [-99.3683, 36.60987], [-99.36784, 36.6099]], [[-99.36464, 36.61392], [-99.3643, 36.61391], [-99.36404, 36.6142], [-99.36325, 36.61449], [-99.36287, 36.61291], [-99.36257, 36.6127], [-99.36223, 36.6128], [-99.36204, 36.61398], [-99.36259, 36.61556], [-99.36329, 36.61572], [-99.3645, 36.61486], [-99.36487, 36.61426], [-99.36464, 36.61392]], [[-99.36954, 36.6148], [-99.36933, 36.61482], [-99.36969, 36.61375], [-99.37008, 36.61325], [-99.37001, 36.61294], [-99.36967, 36.61273], [-99.36893, 36.61319], [-99.36856, 36.61413], [-99.36805, 36.61422], [-99.36804, 36.61457], [-99.36743, 36.61534], [-99.36811, 36.61591], [-99.36917, 36.61592], [-99.36995, 36.61521], [-99.36989, 36.61496], [-99.36954, 36.6148]], [[-99.35605, 36.60753], [-99.35551, 36.60727], [-99.35515, 36.60757], [-99.35513, 36.60788], [-99.35582, 36.60805], [-99.35605, 36.60753]], [[-99.35505, 36.61332], [-99.35495, 36.61383], [-99.35557, 36.61401], [-99.35578, 36.61381], [-99.35575, 36.61347], [-99.3554, 36.61323], [-99.35505, 36.61332]], [[-99.35866, 36.61945], [-99.35922, 36.61868], [-99.35926, 36.61831], [-99.35899, 36.6181], [-99.3582, 36.61859], [-99.35746, 36.61863], [-99.35719, 36.61888], [-99.35724, 36.61931], [-99.35758, 36.61962], [-99.35866, 36.61945]]], [[[-99.38864, 36.59287], [-99.38753, 36.59391], [-99.37236, 36.59404], [-99.3723, 36.57918], [-99.38771, 36.57912], [-99.38774, 36.57984], [-99.38801, 36.5802], [-99.38922, 36.58018], [-99.38929, 36.5908], [-99.38916, 36.5918], [-99.38864, 36.59287]]], [[[-99.38922, 36.57964], [-99.38841, 36.57971], [-99.38838, 36.57912], [-99.38923, 36.57912], [-99.38922, 36.57964]]], [[[-99.35455, 36.56462], [-99.3545, 36.55028], [-99.37538, 36.54993], [-99.38909, 36.55011], [-99.38923, 36.57858], [-99.36294, 36.57878], [-99.36312, 36.57841], [-99.36275, 36.57817], [-99.36225, 36.57838], [-99.36236, 36.57879], [-99.35447, 36.57892], [-99.35455, 36.56462]], [[-99.38067, 36.55647], [-99.38015, 36.55619], [-99.37964, 36.55626], [-99.37946, 36.55654], [-99.37964, 36.55681], [-99.38009, 36.55691], [-99.38054, 36.55678], [-99.38067, 36.55647]], [[-99.36591, 36.55327], [-99.36536, 36.55309], [-99.36514, 36.55353], [-99.36569, 36.55376], [-99.36593, 36.55357], [-99.36591, 36.55327]], [[-99.36068, 36.56566], [-99.3603, 36.56526], [-99.35989, 36.5653], [-99.35967, 36.56555], [-99.36008, 36.56594], [-99.36068, 36.56566]]], [[[-99.37161, 36.50645], [-99.38903, 36.5062], [-99.38902, 36.53879], [-99.38772, 36.53892], [-99.38735, 36.53941], [-99.3875, 36.53991], [-99.38784, 36.54016], [-99.38834, 36.54019], [-99.38902, 36.53997], [-99.38909, 36.54957], [-99.37538, 36.54938], [-99.34665, 36.54984], [-99.34037, 36.5498], [-99.34043, 36.54828], [-99.33842, 36.54638], [-99.33926, 36.54184], [-99.3401, 36.53903], [-99.3403, 36.53596], [-99.3407, 36.53423], [-99.34037, 36.53396], [-99.34006, 36.53413], [-99.33982, 36.53497], [-99.33943, 36.53897], [-99.3386, 36.54174], [-99.3378, 36.54608], [-99.33721, 36.54591], [-99.33688, 36.54639], [-99.33722, 36.54671], [-99.33777, 36.54652], [-99.33809, 36.54707], [-99.33978, 36.54846], [-99.33983, 36.54944], [-99.3396, 36.54845], [-99.33883, 36.54815], [-99.33783, 36.54824], [-99.33735, 36.5486], [-99.33664, 36.54868], [-99.33601, 36.54983], [-99.31813, 36.5503], [-99.29979, 36.55035], [-99.29982, 36.5405], [-99.30027, 36.54004], [-99.30012, 36.5398], [-99.29982, 36.53975], [-99.29964, 36.52661], [-99.30002, 36.52662], [-99.30029, 36.52629], [-99.30003, 36.52598], [-99.29964, 36.52603], [-99.29981, 36.50752], [-99.33127, 36.50697], [-99.35226, 36.50689], [-99.37161, 36.50645]], [[-99.38337, 36.5196], [-99.38319, 36.51933], [-99.38288, 36.51928], [-99.38254, 36.51946], [-99.38248, 36.51975], [-99.38299, 36.52001], [-99.38337, 36.5196]], [[-99.38873, 36.52841], [-99.3883, 36.52798], [-99.38779, 36.52832], [-99.38819, 36.52875], [-99.38848, 36.52871], [-99.38873, 36.52841]], [[-99.38367, 36.53964], [-99.38344, 36.53911], [-99.38309, 36.53909], [-99.38282, 36.53928], [-99.38282, 36.53966], [-99.38309, 36.53991], [-99.38341, 36.53991], [-99.38367, 36.53964]], [[-99.38495, 36.54067], [-99.38494, 36.54038], [-99.38464, 36.54011], [-99.3842, 36.54007], [-99.38394, 36.54023], [-99.38395, 36.54056], [-99.38433, 36.54084], [-99.38465, 36.54088], [-99.38495, 36.54067]], [[-99.37165, 36.51598], [-99.37145, 36.51565], [-99.37105, 36.51562], [-99.37081, 36.51582], [-99.37081, 36.51626], [-99.3713, 36.51646], [-99.37165, 36.51598]], [[-99.3602, 36.53595], [-99.35989, 36.53569], [-99.35947, 36.53573], [-99.35931, 36.53598], [-99.35947, 36.53646], [-99.35979, 36.53658], [-99.36008, 36.53647], [-99.3602, 36.53595]], [[-99.3168, 36.51119], [-99.31657, 36.511], [-99.31625, 36.51102], [-99.31611, 36.51154], [-99.31663, 36.51165], [-99.3168, 36.51119]], [[-99.3158, 36.51321], [-99.3161, 36.51301], [-99.3161, 36.5127], [-99.3159, 36.51236], [-99.31559, 36.51227], [-99.31531, 36.51244], [-99.31527, 36.51277], [-99.31544, 36.5131], [-99.3158, 36.51321]], [[-99.34022, 36.52829], [-99.3404, 36.52785], [-99.34015, 36.52745], [-99.33962, 36.52731], [-99.33913, 36.5275], [-99.33895, 36.52797], [-99.3392, 36.52835], [-99.33972, 36.52848], [-99.34022, 36.52829]], [[-99.31844, 36.54913], [-99.31807, 36.5489], [-99.31756, 36.54911], [-99.31738, 36.54948], [-99.31749, 36.54977], [-99.31785, 36.5499], [-99.31832, 36.54967], [-99.31844, 36.54913]], [[-99.30619, 36.53165], [-99.3057, 36.53143], [-99.30543, 36.5318], [-99.30592, 36.5321], [-99.3062, 36.53191], [-99.30619, 36.53165]], [[-99.31075, 36.54589], [-99.31051, 36.54568], [-99.31019, 36.54571], [-99.30993, 36.54597], [-99.30994, 36.54637], [-99.31023, 36.54653], [-99.31055, 36.54646], [-99.31075, 36.54589]]], [[[-99.38896, 36.47745], [-99.38903, 36.50566], [-99.35651, 36.50627], [-99.35612, 36.50594], [-99.35557, 36.50629], [-99.33126, 36.50643], [-99.31774, 36.50672], [-99.3177, 36.49776], [-99.31803, 36.49742], [-99.3177, 36.49697], [-99.31775, 36.49242], [-99.31736, 36.49218], [-99.31709, 36.49244], [-99.31707, 36.50672], [-99.29987, 36.50698], [-99.29986, 36.50289], [-99.29968, 36.50268], [-99.29936, 36.50268], [-99.29919, 36.50292], [-99.29892, 36.52145], [-99.28195, 36.52154], [-99.28213, 36.47847], [-99.2958, 36.47836], [-99.29563, 36.47982], [-99.29598, 36.48008], [-99.29629, 36.47988], [-99.29662, 36.47817], [-99.29646, 36.47795], [-99.29582, 36.47782], [-99.28213, 36.47793], [-99.28218, 36.46418], [-99.30908, 36.46386], [-99.31077, 36.46333], [-99.321, 36.45653], [-99.33522, 36.45624], [-99.33505, 36.47736], [-99.31753, 36.47772], [-99.3172, 36.478], [-99.31754, 36.47826], [-99.33488, 36.47798], [-99.33552, 36.47775], [-99.3358, 36.47732], [-99.33584, 36.46347], [-99.35349, 36.46336], [-99.35367, 36.46313], [-99.35383, 36.45605], [-99.37105, 36.45563], [-99.37102, 36.46261], [-99.37124, 36.46282], [-99.37186, 36.46284], [-99.37208, 36.46315], [-99.37246, 36.46325], [-99.37282, 36.46316], [-99.37293, 36.46285], [-99.37489, 36.46288], [-99.37516, 36.46259], [-99.37486, 36.46234], [-99.37168, 36.46229], [-99.37172, 36.45562], [-99.39009, 36.45548], [-99.389, 36.46258], [-99.386, 36.46261], [-99.38571, 36.46286], [-99.38601, 36.46315], [-99.38896, 36.46312], [-99.38896, 36.47745]], [[-99.38064, 36.47207], [-99.38049, 36.47169], [-99.37992, 36.47145], [-99.37927, 36.47154], [-99.37902, 36.47186], [-99.37911, 36.47216], [-99.37942, 36.47228], [-99.3794, 36.47267], [-99.37966, 36.47282], [-99.38033, 36.47262], [-99.38064, 36.47207]], [[-99.38545, 36.49161], [-99.3851, 36.49157], [-99.38482, 36.49178], [-99.38479, 36.49225], [-99.38505, 36.49247], [-99.38557, 36.49228], [-99.38545, 36.49161]], [[-99.36421, 36.46635], [-99.36418, 36.46533], [-99.36383, 36.46507], [-99.36332, 36.46514], [-99.36315, 36.46536], [-99.36324, 36.46641], [-99.36363, 36.46665], [-99.36421, 36.46635]], [[-99.36824, 36.46811], [-99.36842, 36.46725], [-99.36808, 36.46704], [-99.36745, 36.46711], [-99.36712, 36.46782], [-99.36743, 36.46842], [-99.36765, 36.46862], [-99.36798, 36.46861], [-99.36824, 36.46811]], [[-99.3635, 36.46984], [-99.36423, 36.46997], [-99.36459, 36.46959], [-99.36452, 36.46925], [-99.36417, 36.4691], [-99.36345, 36.46917], [-99.36331, 36.46945], [-99.3635, 36.46984]], [[-99.37503, 36.47072], [-99.37505, 36.47004], [-99.37477, 36.46989], [-99.37426, 36.46996], [-99.37405, 36.47021], [-99.37413, 36.47049], [-99.37378, 36.47071], [-99.37339, 36.47161], [-99.37374, 36.47181], [-99.37424, 36.47164], [-99.37503, 36.47072]], [[-99.36767, 36.47848], [-99.36825, 36.47811], [-99.36792, 36.47771], [-99.36723, 36.47804], [-99.36731, 36.47835], [-99.36767, 36.47848]], [[-99.36109, 36.48505], [-99.3615, 36.48521], [-99.3619, 36.48504], [-99.36192, 36.48436], [-99.36139, 36.48414], [-99.36099, 36.48428], [-99.36085, 36.4847], [-99.36109, 36.48505]], [[-99.37315, 36.49194], [-99.37352, 36.49172], [-99.37357, 36.49139], [-99.37352, 36.49098], [-99.37314, 36.49076], [-99.37266, 36.49097], [-99.37238, 36.49145], [-99.37268, 36.49188], [-99.37315, 36.49194]], [[-99.35502, 36.46377], [-99.35515, 36.46214], [-99.35464, 36.46191], [-99.3542, 36.46219], [-99.35415, 36.46355], [-99.35456, 36.46391], [-99.35502, 36.46377]], [[-99.34588, 36.46914], [-99.34612, 36.46899], [-99.34616, 36.46867], [-99.34596, 36.46841], [-99.34558, 36.46836], [-99.34529, 36.46856], [-99.34531, 36.46892], [-99.34588, 36.46914]], [[-99.35882, 36.47337], [-99.35937, 36.47283], [-99.35922, 36.47255], [-99.3588, 36.47243], [-99.35848, 36.47257], [-99.35824, 36.47306], [-99.3584, 36.4733], [-99.35882, 36.47337]], [[-99.34163, 36.48356], [-99.34219, 36.48356], [-99.34243, 36.4833], [-99.34237, 36.48275], [-99.34192, 36.48249], [-99.34153, 36.48252], [-99.34121, 36.48279], [-99.34128, 36.48329], [-99.34163, 36.48356]], [[-99.3429, 36.49898], [-99.34317, 36.49873], [-99.34303, 36.49834], [-99.34261, 36.49815], [-99.34223, 36.4982], [-99.34205, 36.4987], [-99.3429, 36.49898]], [[-99.33145, 36.46885], [-99.33184, 36.46876], [-99.3321, 36.46833], [-99.33198, 36.46804], [-99.3315, 36.46782], [-99.33084, 36.46841], [-99.33097, 36.46878], [-99.33145, 36.46885]], [[-99.31996, 36.49406], [-99.32, 36.49456], [-99.32039, 36.49484], [-99.32101, 36.4948], [-99.32136, 36.49449], [-99.32131, 36.49399], [-99.32092, 36.49371], [-99.3203, 36.49375], [-99.31996, 36.49406]], [[-99.31968, 36.50349], [-99.31932, 36.5033], [-99.31894, 36.50348], [-99.31893, 36.5039], [-99.31921, 36.50415], [-99.31972, 36.50401], [-99.31968, 36.50349]], [[-99.29695, 36.46635], [-99.29693, 36.46605], [-99.29667, 36.46585], [-99.29604, 36.46584], [-99.29578, 36.46608], [-99.29581, 36.46642], [-99.29638, 36.4668], [-99.29671, 36.46673], [-99.29695, 36.46635]], [[-99.28687, 36.46752], [-99.28738, 36.46723], [-99.28707, 36.46678], [-99.28655, 36.46702], [-99.28658, 36.46735], [-99.28687, 36.46752]], [[-99.29427, 36.49368], [-99.29475, 36.49341], [-99.29471, 36.49311], [-99.29442, 36.49294], [-99.29405, 36.49298], [-99.29385, 36.49323], [-99.29396, 36.49356], [-99.29427, 36.49368]]], [[[-99.38691, 36.4501], [-99.389, 36.45014], [-99.38894, 36.45494], [-99.36757, 36.45514], [-99.34173, 36.45567], [-99.34164, 36.45485], [-99.34123, 36.45462], [-99.34084, 36.45484], [-99.34082, 36.45568], [-99.32112, 36.45594], [-99.32029, 36.45625], [-99.31695, 36.45845], [-99.31573, 36.45805], [-99.31575, 36.45731], [-99.3144, 36.4546], [-99.31521, 36.45355], [-99.31568, 36.45348], [-99.31599, 36.45313], [-99.31915, 36.45246], [-99.31936, 36.4456], [-99.31588, 36.44619], [-99.31645, 36.44405], [-99.31819, 36.44305], [-99.32125, 36.44204], [-99.32217, 36.44128], [-99.32312, 36.44016], [-99.32353, 36.43927], [-99.32587, 36.43787], [-99.32767, 36.43745], [-99.32992, 36.43756], [-99.33107, 36.4372], [-99.33203, 36.43734], [-99.33326, 36.43824], [-99.33329, 36.43874], [-99.33405, 36.44013], [-99.33529, 36.44179], [-99.33585, 36.44218], [-99.33827, 36.4432], [-99.34101, 36.44372], [-99.34338, 36.44372], [-99.34425, 36.4435], [-99.34519, 36.44313], [-99.34592, 36.44248], [-99.3473, 36.44209], [-99.3487, 36.44122], [-99.34976, 36.44083], [-99.35456, 36.44022], [-99.35513, 36.43991], [-99.35881, 36.43992], [-99.36175, 36.44075], [-99.36372, 36.44149], [-99.36498, 36.44252], [-99.36552, 36.44382], [-99.36574, 36.44644], [-99.36652, 36.44829], [-99.36733, 36.44905], [-99.36842, 36.44954], [-99.36931, 36.44972], [-99.37179, 36.44986], [-99.3733, 36.44949], [-99.37583, 36.44814], [-99.37706, 36.44727], [-99.37997, 36.44652], [-99.38087, 36.44682], [-99.38195, 36.44756], [-99.38261, 36.44768], [-99.38494, 36.44749], [-99.38682, 36.44666], [-99.38903, 36.44689], [-99.39027, 36.4466], [-99.39014, 36.45494], [-99.38961, 36.45494], [-99.38976, 36.44934], [-99.38956, 36.44854], [-99.38923, 36.44836], [-99.38682, 36.44839], [-99.38667, 36.44864], [-99.38687, 36.44887], [-99.389, 36.4489], [-99.38909, 36.4492], [-99.38906, 36.4496], [-99.38694, 36.44963], [-99.38676, 36.44984], [-99.38691, 36.4501]], [[-99.37828, 36.45098], [-99.37862, 36.45114], [-99.37896, 36.45102], [-99.37928, 36.45053], [-99.37915, 36.45024], [-99.37884, 36.45018], [-99.37845, 36.45036], [-99.37828, 36.45098]], [[-99.35316, 36.44646], [-99.35325, 36.44584], [-99.35243, 36.44485], [-99.35183, 36.44475], [-99.35156, 36.44523], [-99.35232, 36.44629], [-99.35267, 36.44658], [-99.35316, 36.44646]], [[-99.33437, 36.44515], [-99.33415, 36.4448], [-99.33304, 36.44467], [-99.33219, 36.44413], [-99.33137, 36.44318], [-99.33081, 36.44323], [-99.33091, 36.44385], [-99.33247, 36.44557], [-99.33387, 36.44551], [-99.33437, 36.44515]], [[-99.33232, 36.44889], [-99.33354, 36.44892], [-99.33386, 36.4479], [-99.33366, 36.44732], [-99.33275, 36.44697], [-99.33228, 36.44704], [-99.33176, 36.44746], [-99.33146, 36.44808], [-99.33153, 36.44837], [-99.33217, 36.44861], [-99.33232, 36.44889]]], [[[-99.30815, 36.44877], [-99.30883, 36.44857], [-99.30884, 36.44915], [-99.30614, 36.44921], [-99.30815, 36.44877]]], [[[-99.29735, 36.44923], [-99.29768, 36.44933], [-99.2817, 36.4494], [-99.28173, 36.45084], [-99.28053, 36.44974], [-99.27886, 36.44928], [-99.26471, 36.44928], [-99.2645, 36.4384], [-99.27717, 36.43791], [-99.27714, 36.4392], [-99.27743, 36.43988], [-99.27709, 36.44007], [-99.2771, 36.44061], [-99.27754, 36.44079], [-99.27793, 36.44059], [-99.27961, 36.44286], [-99.28024, 36.44334], [-99.28166, 36.44407], [-99.28473, 36.4451], [-99.28697, 36.44525], [-99.28906, 36.44663], [-99.29435, 36.44866], [-99.29631, 36.4492], [-99.29735, 36.44923]], [[-99.27131, 36.43957], [-99.27182, 36.43924], [-99.2715, 36.43883], [-99.27117, 36.43887], [-99.27088, 36.43916], [-99.27098, 36.43944], [-99.27131, 36.43957]], [[-99.27942, 36.44474], [-99.27979, 36.44473], [-99.28008, 36.44446], [-99.28007, 36.44397], [-99.27973, 36.44373], [-99.27935, 36.44376], [-99.2791, 36.44399], [-99.27915, 36.44449], [-99.27942, 36.44474]]], [[[-99.31313, 36.4564], [-99.31297, 36.4563], [-99.31396, 36.45517], [-99.31423, 36.45577], [-99.31348, 36.45597], [-99.31335, 36.45628], [-99.31368, 36.45647], [-99.31446, 36.45628], [-99.31511, 36.45747], [-99.31511, 36.45784], [-99.31426, 36.45747], [-99.31313, 36.4564]]], [[[-99.39027, 36.44554], [-99.39027, 36.44579], [-99.38951, 36.44611], [-99.38822, 36.44622], [-99.38747, 36.44598], [-99.38649, 36.44601], [-99.38496, 36.44675], [-99.38248, 36.44699], [-99.3816, 36.44651], [-99.38106, 36.44594], [-99.37949, 36.44591], [-99.37714, 36.44646], [-99.3748, 36.44793], [-99.37326, 36.44862], [-99.37161, 36.44911], [-99.37026, 36.44912], [-99.36876, 36.44882], [-99.36724, 36.44778], [-99.36645, 36.44562], [-99.36659, 36.44503], [-99.36613, 36.44268], [-99.36555, 36.44186], [-99.36346, 36.44036], [-99.3624, 36.44016], [-99.36128, 36.43969], [-99.36044, 36.43965], [-99.35996, 36.43934], [-99.35887, 36.43907], [-99.3553, 36.43915], [-99.3539, 36.43959], [-99.35323, 36.43957], [-99.35166, 36.4399], [-99.35105, 36.43981], [-99.34807, 36.44068], [-99.34724, 36.44134], [-99.3455, 36.44184], [-99.34426, 36.44277], [-99.34378, 36.44292], [-99.34203, 36.44293], [-99.3381, 36.44241], [-99.33624, 36.44139], [-99.33518, 36.44014], [-99.33413, 36.4378], [-99.3325, 36.43669], [-99.33109, 36.43655], [-99.3292, 36.43683], [-99.32829, 36.43661], [-99.32599, 36.43696], [-99.32467, 36.43773], [-99.32406, 36.43785], [-99.32294, 36.4387], [-99.32091, 36.44124], [-99.31828, 36.44195], [-99.31618, 36.44296], [-99.31553, 36.44366], [-99.3151, 36.44564], [-99.3147, 36.4461], [-99.31372, 36.44619], [-99.3121, 36.44682], [-99.30882, 36.44738], [-99.30883, 36.44776], [-99.30606, 36.44843], [-99.30458, 36.44839], [-99.30304, 36.44869], [-99.30174, 36.44873], [-99.29834, 36.44865], [-99.29665, 36.44851], [-99.29379, 36.44756], [-99.2914, 36.44644], [-99.28945, 36.4459], [-99.28733, 36.44459], [-99.28414, 36.44406], [-99.28242, 36.44334], [-99.28155, 36.44317], [-99.28058, 36.44246], [-99.27914, 36.44034], [-99.27832, 36.43958], [-99.2781, 36.43904], [-99.2781, 36.43805], [-99.27825, 36.43787], [-99.29946, 36.43702], [-99.29944, 36.44324], [-99.2998, 36.44351], [-99.3001, 36.44327], [-99.30011, 36.44156], [-99.30155, 36.44154], [-99.30181, 36.4413], [-99.30154, 36.44101], [-99.30011, 36.44102], [-99.30013, 36.437], [-99.30732, 36.43658], [-99.31017, 36.436], [-99.31675, 36.43423], [-99.31742, 36.43479], [-99.31759, 36.43574], [-99.31762, 36.4402], [-99.31747, 36.44033], [-99.31667, 36.44011], [-99.31575, 36.4406], [-99.31564, 36.44084], [-99.31596, 36.44107], [-99.31683, 36.44065], [-99.31754, 36.44087], [-99.31797, 36.44076], [-99.31829, 36.44028], [-99.31826, 36.43572], [-99.31808, 36.43465], [-99.31739, 36.43406], [-99.32436, 36.43228], [-99.32742, 36.43194], [-99.33016, 36.43196], [-99.33541, 36.43237], [-99.33543, 36.4339], [-99.33477, 36.43324], [-99.33363, 36.43352], [-99.33344, 36.43416], [-99.3339, 36.43442], [-99.33508, 36.4344], [-99.33543, 36.43425], [-99.33559, 36.43451], [-99.33595, 36.43461], [-99.35337, 36.4344], [-99.35335, 36.43546], [-99.35382, 36.43631], [-99.35426, 36.43655], [-99.3562, 36.4363], [-99.35689, 36.43678], [-99.35724, 36.43652], [-99.35701, 36.43603], [-99.35635, 36.43576], [-99.35436, 36.43598], [-99.354, 36.43534], [-99.35406, 36.43403], [-99.37128, 36.43579], [-99.37129, 36.44068], [-99.37144, 36.44091], [-99.38334, 36.44088], [-99.38336, 36.4418], [-99.38369, 36.44202], [-99.38402, 36.4418], [-99.38401, 36.44088], [-99.3854, 36.4409], [-99.38539, 36.4414], [-99.38479, 36.44142], [-99.38458, 36.44167], [-99.38479, 36.44192], [-99.38539, 36.44194], [-99.38534, 36.44337], [-99.38186, 36.44337], [-99.38162, 36.44353], [-99.38167, 36.44381], [-99.3866, 36.44391], [-99.38662, 36.44448], [-99.38694, 36.44467], [-99.38725, 36.4445], [-99.38727, 36.44391], [-99.38781, 36.44392], [-99.38782, 36.44479], [-99.38815, 36.44501], [-99.38848, 36.4448], [-99.38848, 36.44392], [-99.38903, 36.44391], [-99.38906, 36.44576], [-99.38936, 36.446], [-99.38972, 36.44578], [-99.38971, 36.44411], [-99.39027, 36.44411], [-99.39007, 36.44477], [-99.39027, 36.44554]], [[-99.35563, 36.43796], [-99.35633, 36.43799], [-99.35678, 36.43778], [-99.3569, 36.43725], [-99.35663, 36.43689], [-99.35581, 36.4368], [-99.35537, 36.43702], [-99.35526, 36.4376], [-99.35563, 36.43796]], [[-99.32129, 36.43794], [-99.32093, 36.43787], [-99.32064, 36.43802], [-99.32057, 36.43829], [-99.32083, 36.43862], [-99.32142, 36.43851], [-99.32129, 36.43794]], [[-99.3112, 36.43987], [-99.31152, 36.44002], [-99.31201, 36.43997], [-99.3122, 36.43946], [-99.31184, 36.43927], [-99.31132, 36.43929], [-99.31111, 36.43952], [-99.3112, 36.43987]], [[-99.31429, 36.44294], [-99.31476, 36.44255], [-99.31462, 36.44226], [-99.3143, 36.44215], [-99.31392, 36.44227], [-99.31377, 36.44256], [-99.31391, 36.44284], [-99.31429, 36.44294]], [[-99.29996, 36.44604], [-99.30057, 36.4462], [-99.3008, 36.44581], [-99.30006, 36.4454], [-99.29979, 36.44572], [-99.29996, 36.44604]], [[-99.30228, 36.44619], [-99.30294, 36.44598], [-99.30296, 36.44571], [-99.30266, 36.44547], [-99.30208, 36.44562], [-99.30206, 36.44599], [-99.30228, 36.44619]], [[-99.30727, 36.44588], [-99.30675, 36.4462], [-99.30682, 36.4467], [-99.30736, 36.44711], [-99.30819, 36.44708], [-99.30844, 36.44681], [-99.30832, 36.4463], [-99.30801, 36.44615], [-99.30785, 36.44577], [-99.30727, 36.44588]]], [[[-99.37029, 36.43376], [-99.37129, 36.43377], [-99.37129, 36.4352], [-99.35934, 36.43397], [-99.37029, 36.43376]]], [[[-99.33079, 36.43138], [-99.33542, 36.43175], [-99.32807, 36.4312], [-99.32591, 36.43128], [-99.3182, 36.4332], [-99.32304, 36.43165], [-99.32478, 36.43128], [-99.3274, 36.43112], [-99.33079, 36.43138]]], [[[-99.31658, 36.43361], [-99.31658, 36.43363], [-99.31569, 36.43387], [-99.31658, 36.43361]]], [[[-99.27007, 36.43751], [-99.26448, 36.43773], [-99.26447, 36.43726], [-99.2683, 36.43752], [-99.27007, 36.43751]]], [[[-99.37664, 36.43721], [-99.37658, 36.44041], [-99.37196, 36.44041], [-99.37195, 36.43587], [-99.3806, 36.43695], [-99.38656, 36.4375], [-99.38439, 36.43738], [-99.38406, 36.43831], [-99.38321, 36.43822], [-99.38328, 36.43757], [-99.3828, 36.43719], [-99.38055, 36.43699], [-99.3803, 36.43714], [-99.38028, 36.4375], [-99.37991, 36.43749], [-99.37987, 36.43716], [-99.37961, 36.43702], [-99.37713, 36.43702], [-99.37664, 36.43721]]], [[[-99.3842, 36.43604], [-99.3838, 36.43607], [-99.38348, 36.4363], [-99.38363, 36.43572], [-99.38425, 36.43578], [-99.3842, 36.43604]]], [[[-99.38288, 36.4362], [-99.38218, 36.43624], [-99.38235, 36.43558], [-99.38297, 36.43565], [-99.38288, 36.4362]]], [[[-99.38112, 36.43615], [-99.38113, 36.43613], [-99.38133, 36.43618], [-99.38112, 36.43615]]], [[[-99.38136, 36.43618], [-99.38165, 36.4362], [-99.38166, 36.43622], [-99.38136, 36.43618]]], [[[-99.3767, 36.43444], [-99.3765, 36.43478], [-99.37651, 36.4357], [-99.37195, 36.43524], [-99.37196, 36.43377], [-99.37634, 36.43383], [-99.3767, 36.43444]]], [[[-99.378, 36.43586], [-99.378, 36.43585], [-99.37801, 36.43586], [-99.378, 36.43586]]], [[[-99.37596, 36.43244], [-99.37595, 36.43206], [-99.37726, 36.43208], [-99.37725, 36.43238], [-99.37596, 36.43244]]], [[[-99.37597, 36.43328], [-99.37596, 36.43285], [-99.37656, 36.43292], [-99.37643, 36.43329], [-99.37597, 36.43328]]], [[[-99.37834, 36.42901], [-99.37834, 36.42866], [-99.37878, 36.42867], [-99.37878, 36.42898], [-99.37834, 36.42901]]], [[[-99.37834, 36.42813], [-99.37834, 36.4278], [-99.37878, 36.42781], [-99.37878, 36.42813], [-99.37834, 36.42813]]], [[[-99.37833, 36.42727], [-99.37833, 36.42692], [-99.37879, 36.42698], [-99.37878, 36.42727], [-99.37833, 36.42727]]], [[[-99.37832, 36.4265], [-99.37831, 36.42621], [-99.38031, 36.42622], [-99.38031, 36.42646], [-99.37832, 36.4265]]], [[[-99.37639, 36.42968], [-99.37834, 36.42968], [-99.37834, 36.42949], [-99.37877, 36.42952], [-99.37877, 36.42983], [-99.37639, 36.42983], [-99.37639, 36.42968]]], [[[-99.37978, 36.41356], [-99.38026, 36.41398], [-99.38028, 36.41461], [-99.38005, 36.41504], [-99.38028, 36.41561], [-99.38033, 36.41877], [-99.37711, 36.41879], [-99.37706, 36.41713], [-99.37673, 36.41689], [-99.3764, 36.41714], [-99.37644, 36.41879], [-99.37418, 36.41878], [-99.37424, 36.41713], [-99.37554, 36.41707], [-99.37591, 36.41675], [-99.37565, 36.41645], [-99.37462, 36.41654], [-99.37458, 36.41577], [-99.37551, 36.41574], [-99.37599, 36.41545], [-99.37761, 36.41353], [-99.37778, 36.41258], [-99.37831, 36.4123], [-99.37978, 36.41356]]], [[[-99.37276, 36.41861], [-99.37351, 36.41878], [-99.37203, 36.41877], [-99.37202, 36.41773], [-99.3727, 36.41808], [-99.3735, 36.41812], [-99.37284, 36.41828], [-99.37276, 36.41861]]], [[[-99.37374, 36.41677], [-99.37338, 36.41658], [-99.37281, 36.41692], [-99.37248, 36.41671], [-99.37201, 36.41684], [-99.37194, 36.40683], [-99.37567, 36.41004], [-99.37529, 36.41032], [-99.37521, 36.41081], [-99.37589, 36.41157], [-99.37656, 36.41173], [-99.37718, 36.41134], [-99.37785, 36.41191], [-99.37744, 36.41208], [-99.37452, 36.4121], [-99.37377, 36.41249], [-99.37336, 36.41335], [-99.37396, 36.41607], [-99.37395, 36.41659], [-99.37374, 36.41677]]], [[[-99.38026, 36.41293], [-99.37887, 36.41173], [-99.37973, 36.41151], [-99.37986, 36.41076], [-99.37969, 36.41041], [-99.38023, 36.41037], [-99.38026, 36.41293]]], [[[-99.3802, 36.40881], [-99.37904, 36.40913], [-99.37885, 36.40985], [-99.37818, 36.40971], [-99.37774, 36.40983], [-99.37739, 36.41046], [-99.37619, 36.40943], [-99.37684, 36.40897], [-99.37671, 36.40841], [-99.37637, 36.40816], [-99.37591, 36.40812], [-99.37525, 36.40863], [-99.37194, 36.4058], [-99.37192, 36.40531], [-99.37509, 36.40523], [-99.3752, 36.40553], [-99.37559, 36.40565], [-99.37596, 36.40554], [-99.37607, 36.4052], [-99.38014, 36.4051], [-99.38019, 36.40718], [-99.3774, 36.40725], [-99.3771, 36.40752], [-99.37742, 36.40778], [-99.38019, 36.40773], [-99.3802, 36.40881]]], [[[-99.38594, 36.40055], [-99.38594, 36.40038], [-99.3891, 36.4003], [-99.38911, 36.40432], [-99.37974, 36.40456], [-99.37976, 36.40003], [-99.38035, 36.39973], [-99.38049, 36.39926], [-99.38016, 36.39896], [-99.37909, 36.3999], [-99.37907, 36.40458], [-99.37606, 36.40466], [-99.37594, 36.39877], [-99.37601, 36.39856], [-99.37681, 36.39847], [-99.377, 36.39819], [-99.3767, 36.39795], [-99.37599, 36.39797], [-99.37546, 36.39821], [-99.37496, 36.39808], [-99.37447, 36.39881], [-99.37477, 36.39917], [-99.37529, 36.39902], [-99.37539, 36.40468], [-99.37192, 36.40477], [-99.37176, 36.37627], [-99.37877, 36.37619], [-99.37885, 36.37743], [-99.37781, 36.37877], [-99.37789, 36.38299], [-99.37822, 36.38323], [-99.37855, 36.38298], [-99.37848, 36.37885], [-99.37946, 36.37769], [-99.3804, 36.37769], [-99.38038, 36.37618], [-99.38917, 36.37609], [-99.38915, 36.38225], [-99.38511, 36.38238], [-99.38523, 36.38207], [-99.38504, 36.38184], [-99.38399, 36.3818], [-99.38369, 36.38219], [-99.38402, 36.38245], [-99.38146, 36.38269], [-99.38099, 36.38333], [-99.38069, 36.38569], [-99.38102, 36.38597], [-99.38133, 36.38581], [-99.38157, 36.38498], [-99.38175, 36.3832], [-99.38915, 36.38279], [-99.38913, 36.3928], [-99.38822, 36.39289], [-99.38747, 36.39251], [-99.38624, 36.39251], [-99.38597, 36.39277], [-99.38618, 36.39302], [-99.38739, 36.39305], [-99.38804, 36.39341], [-99.38913, 36.39334], [-99.3891, 36.39976], [-99.38785, 36.3998], [-99.3878, 36.39947], [-99.38751, 36.39933], [-99.38721, 36.39947], [-99.38718, 36.39981], [-99.38593, 36.39984], [-99.38586, 36.39954], [-99.38557, 36.39944], [-99.3853, 36.39957], [-99.38526, 36.39985], [-99.38369, 36.40008], [-99.38358, 36.4005], [-99.38389, 36.40076], [-99.38427, 36.40068], [-99.38447, 36.40035], [-99.38528, 36.40039], [-99.38527, 36.401], [-99.38483, 36.40165], [-99.38477, 36.4027], [-99.385, 36.40293], [-99.38543, 36.40276], [-99.38549, 36.40179], [-99.38592, 36.40115], [-99.38594, 36.40055]], [[-99.38719, 36.38498], [-99.38759, 36.38495], [-99.38784, 36.38471], [-99.38779, 36.38438], [-99.38742, 36.3842], [-99.38706, 36.38426], [-99.38689, 36.38449], [-99.38719, 36.38498]], [[-99.37991, 36.39248], [-99.37999, 36.39215], [-99.37967, 36.39176], [-99.37914, 36.39176], [-99.37854, 36.39235], [-99.37815, 36.39316], [-99.37822, 36.39347], [-99.37902, 36.3935], [-99.37991, 36.39248]], [[-99.38476, 36.39884], [-99.38508, 36.39927], [-99.38547, 36.39924], [-99.38568, 36.39902], [-99.38527, 36.39858], [-99.38476, 36.39884]], [[-99.37534, 36.3863], [-99.37593, 36.38626], [-99.37628, 36.3859], [-99.37618, 36.3856], [-99.37545, 36.38542], [-99.375, 36.3856], [-99.37489, 36.38595], [-99.37534, 36.3863]], [[-99.37437, 36.39673], [-99.3751, 36.39632], [-99.37528, 36.39554], [-99.37503, 36.39505], [-99.37366, 36.3956], [-99.37354, 36.39599], [-99.37372, 36.39637], [-99.37437, 36.39673]], [[-99.37307, 36.40448], [-99.37353, 36.40469], [-99.37391, 36.40447], [-99.37393, 36.40372], [-99.3742, 36.40309], [-99.37395, 36.40281], [-99.37328, 36.403], [-99.37305, 36.4035], [-99.37307, 36.40448]]], [[[-99.35596, 36.3919], [-99.35496, 36.39113], [-99.37121, 36.39068], [-99.37124, 36.40057], [-99.36952, 36.40059], [-99.36949, 36.40356], [-99.36527, 36.39987], [-99.3656, 36.39988], [-99.36578, 36.39965], [-99.36524, 36.3991], [-99.36519, 36.39534], [-99.36486, 36.39527], [-99.36462, 36.39547], [-99.36458, 36.39733], [-99.36415, 36.39733], [-99.3638, 36.39681], [-99.3632, 36.39675], [-99.36273, 36.39702], [-99.36264, 36.39764], [-99.35596, 36.3919]]], [[[-99.36332, 36.39823], [-99.36359, 36.39822], [-99.36403, 36.39876], [-99.36457, 36.39882], [-99.36453, 36.39924], [-99.36332, 36.39823]]], [[[-99.36956, 36.40479], [-99.36393, 36.40487], [-99.36395, 36.39998], [-99.36552, 36.40132], [-99.36956, 36.40479]]], [[[-99.35971, 36.39636], [-99.36332, 36.39945], [-99.36326, 36.40488], [-99.36237, 36.40471], [-99.36194, 36.40479], [-99.36196, 36.40244], [-99.36248, 36.40029], [-99.36214, 36.40002], [-99.36182, 36.40021], [-99.36129, 36.40236], [-99.36127, 36.4049], [-99.36078, 36.40491], [-99.36043, 36.40235], [-99.36008, 36.40212], [-99.35977, 36.40238], [-99.36011, 36.40491], [-99.35413, 36.40503], [-99.35418, 36.40191], [-99.35666, 36.40193], [-99.35704, 36.40178], [-99.35717, 36.39874], [-99.35687, 36.39847], [-99.35651, 36.39869], [-99.35649, 36.40139], [-99.35417, 36.40137], [-99.3541, 36.39157], [-99.35971, 36.39636]], [[-99.35505, 36.40107], [-99.35543, 36.40092], [-99.35552, 36.40055], [-99.35491, 36.4002], [-99.35448, 36.40055], [-99.35505, 36.40107]], [[-99.35677, 36.40349], [-99.35714, 36.40363], [-99.35746, 36.4035], [-99.35768, 36.40327], [-99.35759, 36.40298], [-99.35719, 36.40274], [-99.35678, 36.40275], [-99.35662, 36.4031], [-99.35677, 36.40349]]], [[[-99.3532, 36.39588], [-99.35347, 36.39582], [-99.35346, 36.40504], [-99.33607, 36.40538], [-99.33608, 36.39146], [-99.34696, 36.3913], [-99.34675, 36.39263], [-99.34731, 36.39321], [-99.34764, 36.39297], [-99.34742, 36.39254], [-99.34764, 36.39129], [-99.35294, 36.39127], [-99.35342, 36.39163], [-99.35349, 36.39221], [-99.35196, 36.39225], [-99.3517, 36.39254], [-99.35197, 36.39278], [-99.3535, 36.39276], [-99.35347, 36.39522], [-99.35314, 36.39533], [-99.35231, 36.3952], [-99.34618, 36.39535], [-99.34568, 36.39578], [-99.3458, 36.39731], [-99.34601, 36.39757], [-99.34641, 36.39765], [-99.3477, 36.39714], [-99.34901, 36.3958], [-99.3523, 36.39574], [-99.3532, 36.39588]], [[-99.35234, 36.39886], [-99.35272, 36.39891], [-99.35296, 36.39874], [-99.35286, 36.39818], [-99.35249, 36.39815], [-99.35215, 36.39834], [-99.35211, 36.39864], [-99.35234, 36.39886]], [[-99.34764, 36.40323], [-99.34821, 36.40333], [-99.34857, 36.40303], [-99.34854, 36.40277], [-99.34813, 36.40249], [-99.34777, 36.40254], [-99.34751, 36.40294], [-99.34764, 36.40323]]], [[[-99.35204, 36.3904], [-99.35229, 36.39052], [-99.35218, 36.3907], [-99.33608, 36.39092], [-99.33612, 36.38321], [-99.34125, 36.3856], [-99.34455, 36.38686], [-99.34455, 36.38793], [-99.34481, 36.38882], [-99.34581, 36.38991], [-99.34615, 36.38989], [-99.34629, 36.38964], [-99.34544, 36.38861], [-99.34521, 36.38716], [-99.35204, 36.3904]]], [[[-99.35351, 36.38565], [-99.35348, 36.38804], [-99.35278, 36.38982], [-99.34533, 36.38628], [-99.3419, 36.38499], [-99.33658, 36.3825], [-99.33665, 36.3819], [-99.33605, 36.38115], [-99.33608, 36.37692], [-99.35349, 36.37686], [-99.35351, 36.38565]]], [[[-99.33668, 36.32761], [-99.33766, 36.32884], [-99.34269, 36.33365], [-99.3362, 36.3336], [-99.33624, 36.32682], [-99.33668, 36.32761]]], [[[-99.3394, 36.32967], [-99.33748, 36.32765], [-99.33651, 36.32575], [-99.33624, 36.32414], [-99.33622, 36.31978], [-99.3537, 36.31969], [-99.3537, 36.33366], [-99.34357, 36.33366], [-99.3394, 36.32967]]], [[[-99.35328, 36.34346], [-99.35195, 36.34169], [-99.34414, 36.3342], [-99.35369, 36.3342], [-99.35351, 36.34394], [-99.35328, 36.34346]]], [[[-99.34896, 36.30825], [-99.34992, 36.3085], [-99.35357, 36.30861], [-99.3537, 36.31915], [-99.33623, 36.31924], [-99.33624, 36.31589], [-99.33899, 36.31599], [-99.33943, 36.31572], [-99.33913, 36.31544], [-99.33624, 36.31535], [-99.33623, 36.31313], [-99.33693, 36.3131], [-99.33717, 36.31282], [-99.33695, 36.31258], [-99.33624, 36.31259], [-99.33625, 36.30525], [-99.3536, 36.30519], [-99.35357, 36.30807], [-99.35002, 36.30797], [-99.34909, 36.30774], [-99.34879, 36.30796], [-99.34896, 36.30825]]], [[[-99.35338, 36.27757], [-99.3536, 36.30465], [-99.33625, 36.30471], [-99.33621, 36.29072], [-99.34127, 36.29078], [-99.34355, 36.29648], [-99.34178, 36.29637], [-99.34105, 36.29649], [-99.34056, 36.29689], [-99.34048, 36.29783], [-99.33992, 36.2982], [-99.33999, 36.29853], [-99.34036, 36.29857], [-99.34107, 36.29812], [-99.34119, 36.29713], [-99.34141, 36.29696], [-99.34403, 36.29693], [-99.34518, 36.29732], [-99.34551, 36.29705], [-99.34512, 36.29659], [-99.34422, 36.29641], [-99.34196, 36.29078], [-99.34222, 36.29058], [-99.34211, 36.29031], [-99.3362, 36.29018], [-99.33616, 36.27981], [-99.33979, 36.27981], [-99.34015, 36.27966], [-99.34024, 36.27623], [-99.35334, 36.27622], [-99.35338, 36.27757]]], [[[-99.39308, 36.55011], [-99.40724, 36.5498], [-99.40724, 36.55035], [-99.40676, 36.55018], [-99.40645, 36.55058], [-99.40676, 36.55101], [-99.40724, 36.55078], [-99.40729, 36.5784], [-99.3899, 36.57858], [-99.38976, 36.55012], [-99.39308, 36.55011]], [[-99.40385, 36.55231], [-99.40381, 36.55206], [-99.40351, 36.55189], [-99.40295, 36.55222], [-99.4033, 36.5526], [-99.40385, 36.55231]], [[-99.40305, 36.56809], [-99.40262, 36.56784], [-99.40227, 36.56817], [-99.40271, 36.56851], [-99.40302, 36.56834], [-99.40305, 36.56809]], [[-99.39367, 36.55089], [-99.39345, 36.55059], [-99.39314, 36.55053], [-99.39269, 36.55093], [-99.39316, 36.55125], [-99.39367, 36.55089]], [[-99.39074, 36.56011], [-99.39038, 36.55982], [-99.38994, 36.56001], [-99.38986, 36.56044], [-99.39009, 36.56074], [-99.39066, 36.56064], [-99.39074, 36.56011]], [[-99.39487, 36.56695], [-99.39445, 36.56653], [-99.39394, 36.56681], [-99.39429, 36.56728], [-99.39466, 36.56724], [-99.39487, 36.56695]]], [[[-99.38963, 36.59243], [-99.38996, 36.59081], [-99.3899, 36.57912], [-99.40729, 36.57894], [-99.40729, 36.58475], [-99.40676, 36.58465], [-99.40648, 36.58502], [-99.40677, 36.58536], [-99.40729, 36.58522], [-99.4073, 36.59391], [-99.38957, 36.59389], [-99.38871, 36.5937], [-99.38963, 36.59243]], [[-99.39813, 36.58814], [-99.3978, 36.58768], [-99.39725, 36.58787], [-99.39726, 36.58818], [-99.39753, 36.58837], [-99.39788, 36.58838], [-99.39813, 36.58814]]], [[[-99.40796, 36.57893], [-99.41417, 36.57887], [-99.4142, 36.57923], [-99.41465, 36.57941], [-99.4151, 36.57916], [-99.41512, 36.57886], [-99.42515, 36.57865], [-99.42531, 36.59382], [-99.40797, 36.59391], [-99.40796, 36.57893]], [[-99.4187, 36.58484], [-99.41822, 36.58443], [-99.41787, 36.58451], [-99.4177, 36.58477], [-99.41812, 36.58517], [-99.4185, 36.58512], [-99.4187, 36.58484]], [[-99.42256, 36.58735], [-99.42282, 36.58755], [-99.42319, 36.58754], [-99.42348, 36.58729], [-99.42349, 36.58692], [-99.42318, 36.58668], [-99.4228, 36.58671], [-99.42252, 36.58701], [-99.42256, 36.58735]], [[-99.42233, 36.58839], [-99.42256, 36.58859], [-99.42288, 36.58855], [-99.42323, 36.58826], [-99.42317, 36.58792], [-99.42264, 36.58782], [-99.42233, 36.58839]], [[-99.42195, 36.58952], [-99.4217, 36.58934], [-99.42139, 36.58938], [-99.42124, 36.58988], [-99.42172, 36.58998], [-99.42195, 36.58952]], [[-99.42023, 36.59129], [-99.41995, 36.59088], [-99.41946, 36.5909], [-99.41923, 36.59112], [-99.41956, 36.59151], [-99.42023, 36.59129]], [[-99.41252, 36.58431], [-99.41224, 36.58409], [-99.41187, 36.58414], [-99.41167, 36.58445], [-99.4118, 36.58482], [-99.41236, 36.58487], [-99.41252, 36.58431]]], [[[-99.39935, 36.44436], [-99.3987, 36.44435], [-99.39871, 36.44394], [-99.39935, 36.44394], [-99.39935, 36.44436]]], [[[-99.399, 36.44293], [-99.39934, 36.44294], [-99.39935, 36.4434], [-99.39872, 36.44339], [-99.39872, 36.44293], [-99.399, 36.44293]]], [[[-99.3981, 36.44261], [-99.39805, 36.44339], [-99.39613, 36.44335], [-99.39614, 36.44194], [-99.39812, 36.44194], [-99.3981, 36.44261]]], [[[-99.39901, 36.44194], [-99.39935, 36.44194], [-99.39934, 36.44239], [-99.39879, 36.44239], [-99.39879, 36.44195], [-99.39901, 36.44194]]], [[[-99.39759, 36.44119], [-99.39758, 36.44092], [-99.39798, 36.44092], [-99.39792, 36.4414], [-99.39759, 36.4414], [-99.39759, 36.44119]]], [[[-99.39692, 36.4412], [-99.39692, 36.4414], [-99.39613, 36.4414], [-99.39613, 36.44091], [-99.39691, 36.44091], [-99.39692, 36.4412]]], [[[-99.39546, 36.44102], [-99.39546, 36.44095], [-99.39546, 36.44095], [-99.39546, 36.44102]]], [[[-99.39354, 36.44104], [-99.39413, 36.44107], [-99.39415, 36.44141], [-99.39354, 36.4414], [-99.39354, 36.44104]]], [[[-99.39224, 36.4409], [-99.39287, 36.4409], [-99.39287, 36.4414], [-99.39224, 36.44122], [-99.39224, 36.4409]]], [[[-99.39108, 36.44141], [-99.39108, 36.44089], [-99.39157, 36.44089], [-99.39157, 36.4414], [-99.39108, 36.44141]]], [[[-99.39095, 36.44031], [-99.39099, 36.44035], [-99.39095, 36.44035], [-99.39095, 36.44031]]], [[[-99.39408, 36.43986], [-99.39363, 36.43986], [-99.39364, 36.43976], [-99.39407, 36.43976], [-99.39408, 36.43986]]], [[[-99.39505, 36.43975], [-99.39485, 36.43987], [-99.39476, 36.43994], [-99.39474, 36.43976], [-99.39505, 36.43975]]], [[[-99.39675, 36.44008], [-99.39675, 36.44037], [-99.39624, 36.44037], [-99.39613, 36.43975], [-99.39675, 36.43975], [-99.39675, 36.44008]]], [[[-99.39804, 36.44009], [-99.39804, 36.44038], [-99.39742, 36.44037], [-99.39742, 36.43976], [-99.39803, 36.43975], [-99.39804, 36.44009]]], [[[-99.39611, 36.43745], [-99.39668, 36.43746], [-99.39666, 36.43801], [-99.39612, 36.43791], [-99.39611, 36.43745]]], [[[-99.39803, 36.43921], [-99.39742, 36.43921], [-99.39741, 36.43879], [-99.39804, 36.43891], [-99.39803, 36.43921]]], [[[-99.39218, 36.43741], [-99.39287, 36.43742], [-99.39287, 36.4375], [-99.39216, 36.43742], [-99.39218, 36.43741]]], [[[-99.39354, 36.43922], [-99.39354, 36.43919], [-99.39356, 36.43922], [-99.39354, 36.43922]]], [[[-99.39546, 36.43844], [-99.39546, 36.43921], [-99.39489, 36.43922], [-99.39502, 36.43834], [-99.39546, 36.43844]]], [[[-99.39354, 36.43758], [-99.39545, 36.4375], [-99.39545, 36.43779], [-99.39466, 36.4377], [-99.39354, 36.43758]]], [[[-99.39026, 36.43789], [-99.39028, 36.43805], [-99.3897, 36.43805], [-99.38972, 36.43786], [-99.39026, 36.43789]]], [[[-99.38773, 36.4345], [-99.38783, 36.43388], [-99.38841, 36.43388], [-99.3883, 36.43455], [-99.38773, 36.4345]]], [[[-99.38754, 36.43334], [-99.38718, 36.43333], [-99.38718, 36.43278], [-99.38781, 36.43279], [-99.38781, 36.43334], [-99.38754, 36.43334]]], [[[-99.38719, 36.43175], [-99.38781, 36.43175], [-99.38781, 36.43225], [-99.38718, 36.43224], [-99.38719, 36.43175]]], [[[-99.38719, 36.4307], [-99.38782, 36.4307], [-99.38781, 36.43121], [-99.38719, 36.43121], [-99.38719, 36.4307]]], [[[-99.3859, 36.4312], [-99.3859, 36.4307], [-99.38652, 36.4307], [-99.38652, 36.4312], [-99.3859, 36.4312]]], [[[-99.38465, 36.43119], [-99.38465, 36.4307], [-99.38523, 36.4307], [-99.38523, 36.4312], [-99.38465, 36.43119]]], [[[-99.38343, 36.43119], [-99.38343, 36.4307], [-99.38398, 36.4307], [-99.38398, 36.43119], [-99.38343, 36.43119]]], [[[-99.38276, 36.43069], [-99.38276, 36.43119], [-99.3822, 36.43118], [-99.38221, 36.43069], [-99.38276, 36.43069]]], [[[-99.38276, 36.43015], [-99.38221, 36.43015], [-99.38221, 36.42963], [-99.38276, 36.42964], [-99.38276, 36.43015]]], [[[-99.38398, 36.42964], [-99.38398, 36.43016], [-99.38343, 36.43015], [-99.38343, 36.42964], [-99.38398, 36.42964]]], [[[-99.38524, 36.42965], [-99.38523, 36.43016], [-99.38465, 36.43016], [-99.38465, 36.42964], [-99.38524, 36.42965]]], [[[-99.38652, 36.42965], [-99.38652, 36.43016], [-99.3859, 36.43016], [-99.38591, 36.42965], [-99.38652, 36.42965]]], [[[-99.38781, 36.42966], [-99.38782, 36.43016], [-99.38719, 36.43016], [-99.38719, 36.42966], [-99.38781, 36.42966]]], [[[-99.38719, 36.42861], [-99.38781, 36.42861], [-99.38781, 36.42912], [-99.38719, 36.42911], [-99.38719, 36.42861]]], [[[-99.38591, 36.42911], [-99.3859, 36.4286], [-99.38652, 36.42861], [-99.38652, 36.42911], [-99.38591, 36.42911]]], [[[-99.38465, 36.4291], [-99.38465, 36.4286], [-99.38524, 36.4286], [-99.38524, 36.42911], [-99.38465, 36.4291]]], [[[-99.38343, 36.4291], [-99.38342, 36.4286], [-99.38398, 36.4286], [-99.38398, 36.4291], [-99.38343, 36.4291]]], [[[-99.38221, 36.4286], [-99.38275, 36.4286], [-99.38276, 36.4291], [-99.38221, 36.42909], [-99.38221, 36.4286]]], [[[-99.38154, 36.42909], [-99.38098, 36.42909], [-99.38097, 36.42859], [-99.38154, 36.4286], [-99.38154, 36.42909]]], [[[-99.38155, 36.42756], [-99.38154, 36.42805], [-99.38097, 36.42805], [-99.38097, 36.42756], [-99.38155, 36.42756]]], [[[-99.38276, 36.42806], [-99.38221, 36.42806], [-99.38222, 36.42756], [-99.38276, 36.42756], [-99.38276, 36.42806]]], [[[-99.38398, 36.42757], [-99.38398, 36.42806], [-99.38343, 36.42806], [-99.38343, 36.42757], [-99.38398, 36.42757]]], [[[-99.38525, 36.42758], [-99.38524, 36.42806], [-99.38465, 36.42806], [-99.38465, 36.42757], [-99.38525, 36.42758]]], [[[-99.38652, 36.42758], [-99.38652, 36.42806], [-99.38591, 36.42806], [-99.38592, 36.42758], [-99.38652, 36.42758]]], [[[-99.38781, 36.42759], [-99.38781, 36.42807], [-99.38719, 36.42807], [-99.38719, 36.42758], [-99.38781, 36.42759]]], [[[-99.38721, 36.42658], [-99.38782, 36.42658], [-99.38782, 36.42705], [-99.3872, 36.42704], [-99.38721, 36.42658]]], [[[-99.38658, 36.42621], [-99.38653, 36.42704], [-99.38592, 36.42704], [-99.38591, 36.42632], [-99.38559, 36.42613], [-99.38527, 36.42632], [-99.38525, 36.42704], [-99.38465, 36.42703], [-99.38463, 36.42637], [-99.38431, 36.42618], [-99.38399, 36.42637], [-99.38398, 36.42703], [-99.38343, 36.42703], [-99.38344, 36.42619], [-99.38375, 36.4254], [-99.38375, 36.42423], [-99.38418, 36.42408], [-99.38463, 36.42442], [-99.38501, 36.42432], [-99.38504, 36.42404], [-99.38466, 36.42371], [-99.3849, 36.42258], [-99.38541, 36.42221], [-99.38558, 36.4218], [-99.38602, 36.42162], [-99.38594, 36.42135], [-99.38558, 36.42126], [-99.38557, 36.42056], [-99.3859, 36.42088], [-99.38664, 36.42102], [-99.38793, 36.42092], [-99.38819, 36.42135], [-99.38714, 36.42119], [-99.3866, 36.42147], [-99.38656, 36.42275], [-99.38699, 36.42307], [-99.38786, 36.42308], [-99.38839, 36.42345], [-99.38895, 36.42342], [-99.38928, 36.42322], [-99.38946, 36.42365], [-99.3891, 36.4241], [-99.38906, 36.42604], [-99.3885, 36.42604], [-99.38813, 36.42573], [-99.38783, 36.42604], [-99.38683, 36.42605], [-99.38658, 36.42621]]], [[[-99.38612, 36.41934], [-99.38556, 36.42], [-99.38526, 36.41978], [-99.38099, 36.41978], [-99.381, 36.41931], [-99.38612, 36.41934]]], [[[-99.38909, 36.42054], [-99.38847, 36.42059], [-99.38886, 36.42014], [-99.38857, 36.41939], [-99.38908, 36.41947], [-99.38909, 36.42054]]], [[[-99.38081, 36.40508], [-99.38911, 36.40486], [-99.38909, 36.41822], [-99.38852, 36.41833], [-99.38824, 36.41867], [-99.38783, 36.41858], [-99.38728, 36.41755], [-99.38691, 36.41733], [-99.38618, 36.41746], [-99.38601, 36.41811], [-99.38526, 36.41728], [-99.38435, 36.41668], [-99.38513, 36.41671], [-99.38568, 36.41637], [-99.38575, 36.4159], [-99.38529, 36.41532], [-99.38486, 36.415], [-99.3844, 36.41497], [-99.38329, 36.41576], [-99.38229, 36.41475], [-99.3833, 36.41418], [-99.38332, 36.41357], [-99.38287, 36.41318], [-99.38243, 36.41308], [-99.38234, 36.41271], [-99.3819, 36.41234], [-99.38139, 36.41228], [-99.38094, 36.41252], [-99.3809, 36.41016], [-99.38109, 36.40937], [-99.38088, 36.40898], [-99.38081, 36.40508]], [[-99.38301, 36.41281], [-99.38361, 36.41339], [-99.38446, 36.41365], [-99.38571, 36.41296], [-99.38591, 36.41251], [-99.38465, 36.41112], [-99.38368, 36.41093], [-99.38254, 36.41167], [-99.38301, 36.41281]]], [[[-99.37536, 36.33271], [-99.37194, 36.33289], [-99.37181, 36.32572], [-99.37237, 36.32594], [-99.37283, 36.32551], [-99.37247, 36.32508], [-99.37182, 36.32524], [-99.37202, 36.31899], [-99.38927, 36.31896], [-99.38913, 36.33243], [-99.37536, 36.33271]]], [[[-99.37536, 36.28997], [-99.38949, 36.28996], [-99.38927, 36.31842], [-99.37204, 36.31845], [-99.37232, 36.28995], [-99.37536, 36.28997]], [[-99.38627, 36.30279], [-99.38666, 36.30265], [-99.38677, 36.30236], [-99.38666, 36.30205], [-99.38633, 36.30189], [-99.38592, 36.30209], [-99.38578, 36.30243], [-99.3859, 36.30269], [-99.38627, 36.30279]]], [[[-99.3895, 36.28942], [-99.37232, 36.28941], [-99.37209, 36.27577], [-99.38943, 36.27565], [-99.3895, 36.28942]], [[-99.38123, 36.28395], [-99.38171, 36.28418], [-99.38221, 36.28387], [-99.38248, 36.28279], [-99.38222, 36.28247], [-99.38189, 36.28246], [-99.38157, 36.28272], [-99.3812, 36.28349], [-99.38123, 36.28395]]], [[[-99.35427, 36.30465], [-99.35401, 36.27621], [-99.37142, 36.27579], [-99.37165, 36.28967], [-99.37155, 36.30393], [-99.35427, 36.30465]], [[-99.35539, 36.27703], [-99.35499, 36.27661], [-99.35434, 36.2767], [-99.35412, 36.27694], [-99.35422, 36.2772], [-99.35491, 36.27756], [-99.3553, 36.27738], [-99.35539, 36.27703]]], [[[-99.40688, 36.28678], [-99.40677, 36.2895], [-99.39017, 36.28942], [-99.3901, 36.27565], [-99.40714, 36.27568], [-99.40688, 36.28678]], [[-99.39827, 36.28307], [-99.39805, 36.28277], [-99.39725, 36.28244], [-99.39672, 36.28271], [-99.39683, 36.28314], [-99.39752, 36.28339], [-99.39805, 36.28339], [-99.39827, 36.28307]], [[-99.40604, 36.28309], [-99.40603, 36.28279], [-99.40571, 36.28256], [-99.40533, 36.28259], [-99.40502, 36.28284], [-99.40507, 36.28313], [-99.40548, 36.28344], [-99.40582, 36.28339], [-99.40604, 36.28309]], [[-99.40069, 36.28355], [-99.40048, 36.2832], [-99.40015, 36.28313], [-99.39957, 36.28351], [-99.39951, 36.28379], [-99.39979, 36.28401], [-99.40022, 36.28399], [-99.40069, 36.28355]], [[-99.39295, 36.27862], [-99.39385, 36.27877], [-99.39417, 36.27841], [-99.39381, 36.27807], [-99.39316, 36.27805], [-99.39285, 36.2783], [-99.39295, 36.27862]]], [[[-99.40703, 36.44144], [-99.40645, 36.44142], [-99.40646, 36.44095], [-99.40703, 36.44095], [-99.40703, 36.44144]]], [[[-99.40702, 36.44198], [-99.40702, 36.44242], [-99.40513, 36.44245], [-99.40514, 36.44197], [-99.40702, 36.44198]]], [[[-99.40516, 36.44095], [-99.40579, 36.44095], [-99.40578, 36.44142], [-99.40515, 36.44142], [-99.40516, 36.44095]]], [[[-99.40446, 36.4434], [-99.40387, 36.4434], [-99.40389, 36.44094], [-99.40449, 36.44094], [-99.40446, 36.4434]]], [[[-99.40263, 36.4414], [-99.40266, 36.44094], [-99.40322, 36.44094], [-99.40322, 36.44142], [-99.40263, 36.4414]]], [[[-99.40262, 36.4434], [-99.40262, 36.44195], [-99.40322, 36.44196], [-99.4032, 36.4434], [-99.40262, 36.4434]]], [[[-99.40181, 36.44146], [-99.4013, 36.44141], [-99.4013, 36.44093], [-99.40199, 36.44093], [-99.40195, 36.44339], [-99.4013, 36.44339], [-99.4013, 36.44195], [-99.40186, 36.44184], [-99.40181, 36.44146]]], [[[-99.40197, 36.44435], [-99.4013, 36.44435], [-99.4013, 36.44393], [-99.40196, 36.44393], [-99.40197, 36.44435]]], [[[-99.40032, 36.44294], [-99.40063, 36.44294], [-99.40063, 36.4434], [-99.40002, 36.4434], [-99.40001, 36.44294], [-99.40032, 36.44294]]], [[[-99.4003, 36.44436], [-99.40001, 36.44436], [-99.40002, 36.44394], [-99.40063, 36.44394], [-99.40063, 36.44435], [-99.4003, 36.44436]]], [[[-99.40032, 36.4424], [-99.40001, 36.4424], [-99.40002, 36.44212], [-99.40063, 36.44195], [-99.40063, 36.4424], [-99.40032, 36.4424]]], [[[-99.39901, 36.44038], [-99.39871, 36.44038], [-99.3987, 36.43974], [-99.39934, 36.43974], [-99.39935, 36.44038], [-99.39901, 36.44038]]], [[[-99.3987, 36.4392], [-99.3987, 36.43911], [-99.3993, 36.4392], [-99.3987, 36.4392]]], [[[-99.40027, 36.43859], [-99.40063, 36.43861], [-99.40063, 36.43879], [-99.39871, 36.4384], [-99.40027, 36.43859]]], [[[-99.40001, 36.43975], [-99.40064, 36.43976], [-99.40063, 36.44039], [-99.40002, 36.44039], [-99.40001, 36.43975]]], [[[-99.39937, 36.43794], [-99.39886, 36.43787], [-99.39882, 36.43659], [-99.39901, 36.43659], [-99.39902, 36.43639], [-99.40041, 36.43637], [-99.40063, 36.43695], [-99.40063, 36.43806], [-99.39937, 36.43794]]], [[[-99.3993, 36.43159], [-99.39929, 36.43329], [-99.39883, 36.43333], [-99.39872, 36.43223], [-99.3993, 36.43159]]], [[[-99.39873, 36.42836], [-99.39932, 36.4283], [-99.39931, 36.43053], [-99.39881, 36.43039], [-99.39873, 36.42836]]], [[[-99.39952, 36.42686], [-99.39932, 36.42706], [-99.39932, 36.42776], [-99.39873, 36.42776], [-99.39873, 36.42654], [-99.40042, 36.42655], [-99.40042, 36.43043], [-99.39998, 36.4305], [-99.39999, 36.42708], [-99.39984, 36.42689], [-99.39952, 36.42686]]], [[[-99.39806, 36.42654], [-99.39806, 36.42706], [-99.39743, 36.42707], [-99.39743, 36.42655], [-99.39806, 36.42654]]], [[[-99.39676, 36.42707], [-99.39613, 36.42707], [-99.39613, 36.42656], [-99.39676, 36.42655], [-99.39676, 36.42707]]], [[[-99.40163, 36.42447], [-99.40191, 36.4252], [-99.40191, 36.426], [-99.39613, 36.42602], [-99.39614, 36.41931], [-99.3965, 36.41931], [-99.39646, 36.42009], [-99.3971, 36.42044], [-99.39768, 36.42041], [-99.39805, 36.42019], [-99.39802, 36.41931], [-99.40706, 36.41932], [-99.40704, 36.42315], [-99.40024, 36.42333], [-99.40015, 36.42357], [-99.40034, 36.42377], [-99.40163, 36.42378], [-99.40163, 36.42447]]], [[[-99.39051, 36.41932], [-99.39547, 36.41931], [-99.39547, 36.42029], [-99.39526, 36.41968], [-99.39475, 36.41945], [-99.39303, 36.41969], [-99.39262, 36.42009], [-99.39262, 36.42095], [-99.39313, 36.42133], [-99.39317, 36.4219], [-99.39347, 36.42226], [-99.39464, 36.42232], [-99.3951, 36.42177], [-99.39547, 36.42165], [-99.39547, 36.42602], [-99.39303, 36.42608], [-99.39293, 36.42808], [-99.39227, 36.42808], [-99.39212, 36.42711], [-99.39097, 36.42706], [-99.39097, 36.42648], [-99.3918, 36.4263], [-99.39205, 36.42564], [-99.39165, 36.4251], [-99.39084, 36.42505], [-99.39061, 36.42433], [-99.39102, 36.42412], [-99.39117, 36.42372], [-99.39054, 36.42216], [-99.39155, 36.42195], [-99.39188, 36.42145], [-99.39164, 36.42097], [-99.3911, 36.42079], [-99.39023, 36.42104], [-99.38998, 36.42162], [-99.38976, 36.42161], [-99.38975, 36.41933], [-99.39051, 36.41932]]], [[[-99.3916, 36.42807], [-99.39096, 36.42807], [-99.39097, 36.4276], [-99.3916, 36.42761], [-99.3916, 36.42807]]], [[[-99.39111, 36.41576], [-99.39068, 36.41553], [-99.38977, 36.41554], [-99.38978, 36.40485], [-99.40708, 36.40482], [-99.40708, 36.41477], [-99.40655, 36.41498], [-99.4047, 36.41508], [-99.40479, 36.41546], [-99.40589, 36.41551], [-99.4059, 36.41571], [-99.40393, 36.4157], [-99.40381, 36.41522], [-99.40332, 36.41528], [-99.40326, 36.41714], [-99.40389, 36.41765], [-99.40362, 36.41816], [-99.4036, 36.41878], [-99.40235, 36.41878], [-99.4027, 36.41843], [-99.40268, 36.4155], [-99.40245, 36.41527], [-99.40202, 36.41547], [-99.40201, 36.41745], [-99.40161, 36.41744], [-99.40162, 36.4155], [-99.40197, 36.41409], [-99.40173, 36.41383], [-99.40133, 36.41398], [-99.40096, 36.41542], [-99.40094, 36.41777], [-99.39966, 36.41786], [-99.3995, 36.41878], [-99.39933, 36.41878], [-99.39922, 36.41576], [-99.3982, 36.41504], [-99.3969, 36.41497], [-99.39641, 36.41543], [-99.39611, 36.41543], [-99.39607, 36.41624], [-99.39557, 36.41671], [-99.39555, 36.41843], [-99.39575, 36.41877], [-99.39427, 36.41878], [-99.39457, 36.4183], [-99.39455, 36.41793], [-99.39353, 36.41706], [-99.39307, 36.41693], [-99.39304, 36.41605], [-99.39279, 36.41574], [-99.39155, 36.41563], [-99.39111, 36.41576]], [[-99.40637, 36.40652], [-99.40571, 36.40614], [-99.40532, 36.40648], [-99.40577, 36.407], [-99.4063, 36.40688], [-99.40637, 36.40652]], [[-99.40355, 36.41308], [-99.40338, 36.41272], [-99.4028, 36.41274], [-99.40236, 36.41295], [-99.40226, 36.41337], [-99.40261, 36.41362], [-99.40317, 36.41365], [-99.40348, 36.41343], [-99.40355, 36.41308]], [[-99.39969, 36.41494], [-99.39988, 36.41475], [-99.39988, 36.41434], [-99.39966, 36.4141], [-99.39929, 36.41409], [-99.39907, 36.41433], [-99.3991, 36.41477], [-99.39969, 36.41494]], [[-99.3917, 36.40737], [-99.39227, 36.40734], [-99.3924, 36.40707], [-99.39225, 36.40683], [-99.39167, 36.4069], [-99.3917, 36.40737]], [[-99.39103, 36.40797], [-99.3913, 36.40821], [-99.39162, 36.40818], [-99.39184, 36.40795], [-99.39179, 36.40756], [-99.39123, 36.40751], [-99.39103, 36.40797]], [[-99.3939, 36.41416], [-99.39391, 36.41368], [-99.39324, 36.41367], [-99.3931, 36.41398], [-99.39326, 36.41424], [-99.3939, 36.41416]]], [[[-99.39247, 36.41879], [-99.39247, 36.41868], [-99.39262, 36.41879], [-99.39247, 36.41879]]], [[[-99.38976, 36.41703], [-99.38997, 36.41706], [-99.39002, 36.41843], [-99.3903, 36.41878], [-99.3899, 36.41878], [-99.38976, 36.41843], [-99.38976, 36.41703]]], [[[-99.39866, 36.41878], [-99.39839, 36.41878], [-99.39839, 36.41866], [-99.39865, 36.41858], [-99.39866, 36.41878]]], [[[-99.40202, 36.41799], [-99.40202, 36.41803], [-99.40189, 36.41799], [-99.40202, 36.41799]]], [[[-99.39093, 36.40424], [-99.39181, 36.40431], [-99.38978, 36.40431], [-99.38981, 36.39035], [-99.40706, 36.39051], [-99.4071, 36.39706], [-99.40139, 36.397], [-99.40093, 36.39586], [-99.40045, 36.3956], [-99.40013, 36.39588], [-99.40068, 36.39728], [-99.40122, 36.39753], [-99.4071, 36.3976], [-99.40708, 36.40428], [-99.39613, 36.4043], [-99.3963, 36.40372], [-99.39609, 36.40333], [-99.39518, 36.40314], [-99.39434, 36.4035], [-99.39436, 36.40301], [-99.3956, 36.40249], [-99.39632, 36.40184], [-99.39694, 36.40246], [-99.39802, 36.40257], [-99.39808, 36.40217], [-99.39726, 36.40197], [-99.39697, 36.40164], [-99.39764, 36.40133], [-99.39775, 36.40107], [-99.39738, 36.40086], [-99.3961, 36.40129], [-99.3955, 36.40069], [-99.39484, 36.40053], [-99.39444, 36.40061], [-99.39439, 36.40093], [-99.3951, 36.40113], [-99.39564, 36.40168], [-99.39381, 36.40269], [-99.39368, 36.40431], [-99.39248, 36.40431], [-99.39348, 36.40418], [-99.3936, 36.40392], [-99.39337, 36.40371], [-99.39135, 36.40371], [-99.39132, 36.4028], [-99.39155, 36.40248], [-99.39123, 36.40222], [-99.39066, 36.40265], [-99.3907, 36.40401], [-99.39093, 36.40424]], [[-99.39931, 36.39484], [-99.40076, 36.39493], [-99.40102, 36.39469], [-99.40095, 36.39434], [-99.4006, 36.39391], [-99.39987, 36.39377], [-99.39922, 36.39431], [-99.39931, 36.39484]], [[-99.39397, 36.39908], [-99.39308, 36.39983], [-99.39272, 36.39969], [-99.39243, 36.39984], [-99.39254, 36.40026], [-99.39308, 36.40072], [-99.39366, 36.40063], [-99.39446, 36.39956], [-99.39443, 36.39916], [-99.39397, 36.39908]]], [[[-99.39219, 36.38938], [-99.39219, 36.38983], [-99.38981, 36.38981], [-99.38982, 36.38503], [-99.40706, 36.38512], [-99.40705, 36.38996], [-99.40102, 36.38991], [-99.40102, 36.38771], [-99.40068, 36.38747], [-99.40035, 36.38773], [-99.40035, 36.3899], [-99.39947, 36.38989], [-99.3995, 36.3875], [-99.39917, 36.38725], [-99.39883, 36.38749], [-99.3988, 36.38989], [-99.39746, 36.38988], [-99.39745, 36.3875], [-99.39715, 36.38725], [-99.39678, 36.3875], [-99.39679, 36.38987], [-99.39286, 36.38983], [-99.39286, 36.38964], [-99.39372, 36.38934], [-99.39399, 36.38899], [-99.39394, 36.38832], [-99.39338, 36.38789], [-99.39252, 36.38808], [-99.39225, 36.38829], [-99.39219, 36.38938]]], [[[-99.39769, 36.31891], [-99.40683, 36.31888], [-99.40682, 36.33259], [-99.3898, 36.33243], [-99.38994, 36.31896], [-99.39769, 36.31891]], [[-99.40638, 36.3275], [-99.40598, 36.32689], [-99.40537, 36.32685], [-99.40509, 36.32703], [-99.40515, 36.32735], [-99.40581, 36.3279], [-99.40621, 36.32787], [-99.40638, 36.3275]]], [[[-99.4021, 36.30449], [-99.40669, 36.30451], [-99.40683, 36.31834], [-99.4061, 36.31834], [-99.40657, 36.3175], [-99.40618, 36.31716], [-99.40582, 36.31733], [-99.40516, 36.31835], [-99.38994, 36.31842], [-99.39006, 36.30738], [-99.39053, 36.30782], [-99.3911, 36.30788], [-99.39159, 36.30742], [-99.39226, 36.30727], [-99.39246, 36.30688], [-99.39204, 36.30633], [-99.39147, 36.30632], [-99.39046, 36.30585], [-99.39007, 36.30614], [-99.39009, 36.30446], [-99.4021, 36.30449]], [[-99.39727, 36.31097], [-99.39758, 36.31062], [-99.39747, 36.31013], [-99.39713, 36.30985], [-99.39676, 36.30983], [-99.39652, 36.31011], [-99.39672, 36.31078], [-99.39727, 36.31097]]], [[[-99.3901, 36.30392], [-99.39016, 36.28996], [-99.40675, 36.29004], [-99.40668, 36.30397], [-99.3901, 36.30392]], [[-99.39696, 36.29987], [-99.39673, 36.29955], [-99.39633, 36.29953], [-99.39599, 36.29974], [-99.39593, 36.30013], [-99.39641, 36.30034], [-99.39696, 36.29987]], [[-99.3951, 36.30026], [-99.39454, 36.30009], [-99.39431, 36.30033], [-99.39434, 36.30065], [-99.39463, 36.3008], [-99.39498, 36.30072], [-99.3951, 36.30026]], [[-99.39188, 36.30283], [-99.3918, 36.30259], [-99.39147, 36.30244], [-99.39092, 36.30256], [-99.39066, 36.30289], [-99.39089, 36.30318], [-99.39143, 36.30329], [-99.39188, 36.30283]]], [[[-99.40546, 36.43055], [-99.40515, 36.43055], [-99.40516, 36.4294], [-99.40578, 36.4294], [-99.40577, 36.4301], [-99.40565, 36.43055], [-99.40546, 36.43055]]], [[[-99.40397, 36.43055], [-99.40387, 36.4294], [-99.40449, 36.4294], [-99.40449, 36.43034], [-99.40397, 36.43055]]], [[[-99.4026, 36.4294], [-99.4032, 36.42941], [-99.4032, 36.43055], [-99.4026, 36.43055], [-99.4026, 36.4294]]], [[[-99.40258, 36.43288], [-99.4026, 36.43109], [-99.4032, 36.43109], [-99.40318, 36.43262], [-99.40258, 36.43288]]], [[[-99.40141, 36.43196], [-99.40192, 36.43154], [-99.40191, 36.43341], [-99.40129, 36.43331], [-99.40141, 36.43196]]], [[[-99.40125, 36.43087], [-99.40089, 36.43083], [-99.40105, 36.43063], [-99.40193, 36.43063], [-99.40193, 36.431], [-99.40125, 36.43087]]], [[[-99.40774, 36.41643], [-99.40774, 36.41624], [-99.40826, 36.41624], [-99.40825, 36.41644], [-99.40774, 36.41643]]], [[[-99.40674, 36.42886], [-99.40645, 36.42886], [-99.40646, 36.42795], [-99.40704, 36.42795], [-99.40705, 36.42886], [-99.40674, 36.42886]]], [[[-99.40526, 36.42764], [-99.40579, 36.42794], [-99.40578, 36.42886], [-99.40516, 36.42886], [-99.40516, 36.42756], [-99.40526, 36.42764]]], [[[-99.40416, 36.42886], [-99.40387, 36.42886], [-99.40387, 36.42756], [-99.40449, 36.42756], [-99.40449, 36.42886], [-99.40416, 36.42886]]], [[[-99.4032, 36.42756], [-99.4032, 36.42886], [-99.4026, 36.42886], [-99.40261, 36.42756], [-99.4032, 36.42756]]], [[[-99.40579, 36.42711], [-99.40516, 36.42702], [-99.40516, 36.42654], [-99.40704, 36.42653], [-99.40704, 36.42741], [-99.40592, 36.4274], [-99.40579, 36.42711]]], [[[-99.40415, 36.42702], [-99.40387, 36.42702], [-99.40387, 36.42654], [-99.40449, 36.42654], [-99.40449, 36.42702], [-99.40415, 36.42702]]], [[[-99.40288, 36.42655], [-99.4032, 36.42654], [-99.4032, 36.42702], [-99.4026, 36.42702], [-99.40259, 36.42654], [-99.40288, 36.42655]]], [[[-99.40253, 36.42388], [-99.40705, 36.42369], [-99.40705, 36.4246], [-99.40606, 36.42459], [-99.40567, 36.42478], [-99.40552, 36.42562], [-99.40578, 36.42599], [-99.40258, 36.426], [-99.40257, 36.42511], [-99.40229, 36.42439], [-99.4023, 36.42389], [-99.40253, 36.42388]]], [[[-99.40706, 36.41807], [-99.40706, 36.41878], [-99.40657, 36.41878], [-99.40694, 36.41812], [-99.40706, 36.41807]]], [[[-99.40542, 36.41879], [-99.40546, 36.41838], [-99.40651, 36.41677], [-99.40657, 36.41624], [-99.40707, 36.41624], [-99.40706, 36.41753], [-99.4064, 36.41781], [-99.4059, 36.41879], [-99.40542, 36.41879]]], [[[-99.40447, 36.41878], [-99.40427, 36.41878], [-99.40432, 36.41817], [-99.4054, 36.41625], [-99.4059, 36.41625], [-99.40583, 36.41667], [-99.40484, 36.41818], [-99.40475, 36.41878], [-99.40447, 36.41878]]], [[[-99.40466, 36.4165], [-99.40421, 36.41717], [-99.40395, 36.41706], [-99.40393, 36.41625], [-99.40473, 36.41625], [-99.40466, 36.4165]]], [[[-99.40708, 36.41535], [-99.40707, 36.4157], [-99.40657, 36.4157], [-99.40656, 36.41552], [-99.40708, 36.41535]]], [[[-99.40078, 36.41855], [-99.40075, 36.41878], [-99.40017, 36.41878], [-99.40017, 36.41831], [-99.40085, 36.41832], [-99.40078, 36.41855]]], [[[-99.40193, 36.42711], [-99.40109, 36.42712], [-99.40109, 36.42655], [-99.40192, 36.42654], [-99.40193, 36.42711]]], [[[-99.40193, 36.42815], [-99.40108, 36.42814], [-99.40109, 36.42766], [-99.40194, 36.42765], [-99.40193, 36.42815]]], [[[-99.40193, 36.43009], [-99.40109, 36.43009], [-99.40108, 36.42964], [-99.40193, 36.42966], [-99.40193, 36.43009]]], [[[-99.40192, 36.42912], [-99.40108, 36.4291], [-99.40108, 36.42868], [-99.40193, 36.42869], [-99.40192, 36.42912]]], [[[-99.40702, 36.43394], [-99.40702, 36.43412], [-99.40663, 36.43412], [-99.40661, 36.43394], [-99.40702, 36.43394]]], [[[-99.40644, 36.4381], [-99.40644, 36.43746], [-99.40703, 36.43747], [-99.40703, 36.438], [-99.40644, 36.4381]]], [[[-99.40644, 36.43867], [-99.40644, 36.43864], [-99.40645, 36.43864], [-99.40645, 36.43867], [-99.40644, 36.43867]]], [[[-99.40577, 36.4389], [-99.40605, 36.4392], [-99.40704, 36.43926], [-99.40701, 36.44001], [-99.40379, 36.4394], [-99.40387, 36.43861], [-99.40451, 36.43861], [-99.40454, 36.43897], [-99.40478, 36.43913], [-99.40513, 36.43902], [-99.40518, 36.43862], [-99.40577, 36.43863], [-99.40577, 36.4389]]], [[[-99.40249, 36.44039], [-99.4025, 36.43978], [-99.40323, 36.43992], [-99.40322, 36.4404], [-99.40249, 36.44039]]], [[[-99.40389, 36.4404], [-99.4039, 36.44005], [-99.40579, 36.44041], [-99.40484, 36.4404], [-99.40389, 36.4404]]], [[[-99.40578, 36.43746], [-99.40577, 36.43809], [-99.40518, 36.43808], [-99.40518, 36.43744], [-99.40578, 36.43746]]], [[[-99.40577, 36.43196], [-99.40577, 36.43221], [-99.40514, 36.43215], [-99.40528, 36.43109], [-99.40566, 36.43109], [-99.40577, 36.43196]]], [[[-99.40451, 36.43744], [-99.40451, 36.43807], [-99.40388, 36.43807], [-99.40389, 36.43744], [-99.40451, 36.43744]]], [[[-99.40387, 36.43424], [-99.40387, 36.43396], [-99.40407, 36.43402], [-99.40387, 36.43424]]], [[[-99.40236, 36.43893], [-99.40217, 36.43909], [-99.4013, 36.43892], [-99.4013, 36.4386], [-99.4032, 36.4386], [-99.4032, 36.43901], [-99.40236, 36.43893]]], [[[-99.4013, 36.43976], [-99.40183, 36.43976], [-99.40182, 36.44039], [-99.4013, 36.44039], [-99.4013, 36.43976]]], [[[-99.40322, 36.43744], [-99.40321, 36.43806], [-99.40259, 36.43806], [-99.40259, 36.43744], [-99.40322, 36.43744]]], [[[-99.40321, 36.43639], [-99.40322, 36.4369], [-99.40259, 36.4369], [-99.40276, 36.43635], [-99.40321, 36.43639]]], [[[-99.40672, 36.4334], [-99.40645, 36.4334], [-99.40646, 36.43327], [-99.40665, 36.43306], [-99.40693, 36.43307], [-99.40699, 36.4334], [-99.40672, 36.4334]]], [[[-99.40448, 36.43154], [-99.40433, 36.43274], [-99.40385, 36.43271], [-99.40387, 36.43119], [-99.40448, 36.43154]]], [[[-99.40024, 36.43125], [-99.40025, 36.43165], [-99.40063, 36.432], [-99.40062, 36.43327], [-99.40038, 36.4333], [-99.39996, 36.43328], [-99.39998, 36.43105], [-99.40047, 36.43098], [-99.40024, 36.43125]]], [[[-99.40102, 36.43138], [-99.40106, 36.43149], [-99.40094, 36.43152], [-99.40088, 36.43142], [-99.40102, 36.43138]]], [[[-99.4013, 36.43793], [-99.4013, 36.43743], [-99.40192, 36.43744], [-99.40192, 36.43806], [-99.4013, 36.43806], [-99.4013, 36.43793]]], [[[-99.40702, 36.44409], [-99.40703, 36.4444], [-99.40514, 36.44437], [-99.40512, 36.44299], [-99.40702, 36.44296], [-99.40702, 36.44409]]], [[[-99.40384, 36.44436], [-99.40386, 36.44394], [-99.40446, 36.44394], [-99.40447, 36.44436], [-99.40384, 36.44436]]], [[[-99.40319, 36.44394], [-99.40317, 36.44435], [-99.40264, 36.44435], [-99.40263, 36.44394], [-99.40319, 36.44394]]], [[[-99.39233, 36.3761], [-99.39231, 36.37957], [-99.38983, 36.37954], [-99.38984, 36.37609], [-99.39233, 36.3761]]], [[[-99.39286, 36.38909], [-99.39287, 36.38856], [-99.39328, 36.38846], [-99.39333, 36.38885], [-99.39286, 36.38909]]], [[[-99.3949, 36.42655], [-99.39546, 36.42657], [-99.39361, 36.42655], [-99.3949, 36.42655]]], [[[-99.39741, 36.43658], [-99.39741, 36.43632], [-99.39783, 36.43633], [-99.39756, 36.43643], [-99.39741, 36.43658]]], [[[-99.39438, 36.4325], [-99.39369, 36.4325], [-99.39278, 36.43125], [-99.3933, 36.43104], [-99.39353, 36.43074], [-99.39539, 36.43074], [-99.39544, 36.43125], [-99.39453, 36.43126], [-99.39429, 36.43151], [-99.39453, 36.43177], [-99.39529, 36.43179], [-99.39543, 36.43229], [-99.39465, 36.43226], [-99.39438, 36.4325]]], [[[-99.39545, 36.43313], [-99.39542, 36.43329], [-99.39503, 36.43282], [-99.39545, 36.43283], [-99.39545, 36.43313]]], [[[-99.38999, 36.43176], [-99.39013, 36.43176], [-99.39013, 36.43215], [-99.38972, 36.43215], [-99.38972, 36.43176], [-99.38999, 36.43176]]], [[[-99.39015, 36.43122], [-99.38972, 36.43122], [-99.38972, 36.43074], [-99.39026, 36.43074], [-99.39015, 36.43122]]], [[[-99.39029, 36.43441], [-99.38998, 36.43441], [-99.38974, 36.43398], [-99.39029, 36.4339], [-99.39029, 36.43441]]], [[[-99.38878, 36.43072], [-99.38905, 36.43073], [-99.38905, 36.43121], [-99.38848, 36.43121], [-99.38849, 36.43072], [-99.38878, 36.43072]]], [[[-99.3888, 36.43225], [-99.38848, 36.43225], [-99.38848, 36.43175], [-99.38905, 36.43175], [-99.38906, 36.43225], [-99.3888, 36.43225]]], [[[-99.38848, 36.42759], [-99.38905, 36.42759], [-99.38906, 36.42807], [-99.38848, 36.42807], [-99.38848, 36.42759]]], [[[-99.38849, 36.42658], [-99.38905, 36.42658], [-99.38905, 36.42705], [-99.38849, 36.42705], [-99.38849, 36.42658]]], [[[-99.39806, 36.4276], [-99.39807, 36.42809], [-99.39744, 36.42809], [-99.39743, 36.42761], [-99.39806, 36.4276]]], [[[-99.39676, 36.42761], [-99.39677, 36.42808], [-99.39613, 36.42808], [-99.39613, 36.42761], [-99.39676, 36.42761]]], [[[-99.39806, 36.42863], [-99.39806, 36.42914], [-99.39744, 36.42914], [-99.39744, 36.42863], [-99.39806, 36.42863]]], [[[-99.39613, 36.42916], [-99.39613, 36.42862], [-99.39677, 36.42863], [-99.39677, 36.42914], [-99.39613, 36.42916]]], [[[-99.39678, 36.42969], [-99.39678, 36.42974], [-99.39666, 36.42969], [-99.39678, 36.42969]]], [[[-99.39546, 36.42943], [-99.39547, 36.42986], [-99.39484, 36.42955], [-99.39486, 36.42862], [-99.39546, 36.42862], [-99.39546, 36.42943]]], [[[-99.3931, 36.42942], [-99.39316, 36.42958], [-99.39227, 36.42965], [-99.39227, 36.42862], [-99.39419, 36.42862], [-99.39418, 36.42915], [-99.39334, 36.42916], [-99.3931, 36.42942]]], [[[-99.39344, 36.42969], [-99.39375, 36.42969], [-99.39356, 36.42981], [-99.39344, 36.42969]]], [[[-99.3916, 36.42967], [-99.39159, 36.43008], [-99.39097, 36.43009], [-99.39096, 36.42967], [-99.3916, 36.42967]]], [[[-99.39096, 36.42861], [-99.3916, 36.42862], [-99.3916, 36.42913], [-99.39096, 36.42913], [-99.39096, 36.42861]]], [[[-99.38998, 36.42913], [-99.38973, 36.42912], [-99.38973, 36.42861], [-99.39029, 36.42861], [-99.39029, 36.42913], [-99.38998, 36.42913]]], [[[-99.38998, 36.4302], [-99.38972, 36.4302], [-99.38972, 36.42967], [-99.3903, 36.42967], [-99.3903, 36.4302], [-99.38998, 36.4302]]], [[[-99.38849, 36.43017], [-99.38848, 36.42966], [-99.38905, 36.42966], [-99.38905, 36.43019], [-99.38849, 36.43017]]], [[[-99.38848, 36.42861], [-99.38906, 36.42861], [-99.38906, 36.42912], [-99.38848, 36.42912], [-99.38848, 36.42861]]], [[[-99.3903, 36.42678], [-99.3903, 36.42706], [-99.38972, 36.42706], [-99.38972, 36.42657], [-99.3903, 36.42656], [-99.3903, 36.42678]]], [[[-99.38998, 36.42807], [-99.38973, 36.42807], [-99.38972, 36.4276], [-99.3903, 36.4276], [-99.3903, 36.42807], [-99.38998, 36.42807]]], [[[-99.39515, 36.42808], [-99.39486, 36.42808], [-99.39486, 36.4276], [-99.39546, 36.4276], [-99.39546, 36.42808], [-99.39515, 36.42808]]], [[[-99.39432, 36.42718], [-99.39419, 36.42808], [-99.3936, 36.42808], [-99.39361, 36.4271], [-99.39442, 36.42711], [-99.39432, 36.42718]]], [[[-99.39742, 36.43229], [-99.39744, 36.43181], [-99.39806, 36.43188], [-99.39805, 36.43229], [-99.39742, 36.43229]]], [[[-99.39288, 36.43688], [-99.39252, 36.43688], [-99.39288, 36.43671], [-99.39288, 36.43688]]], [[[-99.39096, 36.43389], [-99.39115, 36.43389], [-99.39096, 36.43409], [-99.39096, 36.43405], [-99.39096, 36.43389]]], [[[-99.3866, 36.44292], [-99.3866, 36.44337], [-99.38601, 36.44337], [-99.38603, 36.44292], [-99.3866, 36.44292]]], [[[-99.38781, 36.44293], [-99.38781, 36.44337], [-99.38727, 36.44337], [-99.38727, 36.44292], [-99.38781, 36.44293]]], [[[-99.3866, 36.44195], [-99.3866, 36.44238], [-99.38605, 36.44238], [-99.38606, 36.44194], [-99.3866, 36.44195]]], [[[-99.38782, 36.44194], [-99.38781, 36.44239], [-99.38727, 36.44238], [-99.38727, 36.44195], [-99.38782, 36.44194]]], [[[-99.3863, 36.44141], [-99.38606, 36.4414], [-99.38607, 36.4409], [-99.38659, 36.4409], [-99.3866, 36.44141], [-99.3863, 36.44141]]], [[[-99.38781, 36.4409], [-99.38782, 36.4414], [-99.38727, 36.44141], [-99.38726, 36.44091], [-99.38781, 36.4409]]], [[[-99.3889, 36.44089], [-99.38889, 36.44091], [-99.38849, 36.44109], [-99.38848, 36.4409], [-99.3889, 36.44089]]], [[[-99.38826, 36.43977], [-99.38826, 36.43931], [-99.38903, 36.43939], [-99.38903, 36.43985], [-99.38826, 36.43977]]], [[[-99.38904, 36.43885], [-99.38834, 36.43877], [-99.38841, 36.43828], [-99.38904, 36.43833], [-99.38904, 36.43885]]], [[[-99.39355, 36.44294], [-99.39414, 36.44295], [-99.39414, 36.44337], [-99.39356, 36.44338], [-99.39355, 36.44294]]], [[[-99.39356, 36.44392], [-99.39414, 36.44392], [-99.39411, 36.44444], [-99.39355, 36.44441], [-99.39356, 36.44392]]], [[[-99.39288, 36.4444], [-99.39225, 36.44439], [-99.39225, 36.44405], [-99.39289, 36.44393], [-99.39288, 36.4444]]], [[[-99.39124, 36.44392], [-99.39159, 36.44392], [-99.39158, 36.44425], [-99.39094, 36.44417], [-99.39094, 36.44396], [-99.39124, 36.44392]]], [[[-99.39115, 36.44338], [-99.39106, 36.44294], [-99.39143, 36.44294], [-99.39145, 36.44338], [-99.39115, 36.44338]]], [[[-99.39095, 36.44195], [-99.39145, 36.44194], [-99.39144, 36.4424], [-99.39095, 36.44239], [-99.39095, 36.44195]]], [[[-99.39028, 36.4422], [-99.38994, 36.44219], [-99.38969, 36.44228], [-99.38969, 36.44214], [-99.39028, 36.4422]]], [[[-99.38902, 36.44312], [-99.38891, 36.44337], [-99.38848, 36.44337], [-99.38848, 36.44293], [-99.38902, 36.44293], [-99.38902, 36.44312]]], [[[-99.38902, 36.44239], [-99.38848, 36.44239], [-99.38849, 36.44196], [-99.38902, 36.44213], [-99.38902, 36.44239]]], [[[-99.39028, 36.44027], [-99.3897, 36.44022], [-99.3897, 36.43973], [-99.39028, 36.43973], [-99.39028, 36.44027]]], [[[-99.3901, 36.43859], [-99.39023, 36.43919], [-99.38971, 36.43918], [-99.38971, 36.43859], [-99.3901, 36.43859]]], [[[-99.39675, 36.43921], [-99.39613, 36.43921], [-99.39613, 36.4387], [-99.39675, 36.4388], [-99.39675, 36.43921]]], [[[-99.40245, 36.53119], [-99.39735, 36.53123], [-99.3966, 36.53161], [-99.3955, 36.53126], [-99.38964, 36.53139], [-99.38966, 36.52828], [-99.40245, 36.52808], [-99.40245, 36.53119]]], [[[-99.38651, 36.43333], [-99.3859, 36.43333], [-99.3859, 36.43328], [-99.38651, 36.43319], [-99.38651, 36.43333]]], [[[-99.38651, 36.43217], [-99.3859, 36.43208], [-99.3859, 36.43174], [-99.38652, 36.43174], [-99.38651, 36.43217]]], [[[-99.38523, 36.43333], [-99.38463, 36.43333], [-99.38464, 36.43278], [-99.38524, 36.43279], [-99.38523, 36.43333]]], [[[-99.38465, 36.43224], [-99.38465, 36.43174], [-99.38523, 36.43174], [-99.38524, 36.43225], [-99.38465, 36.43224]]], [[[-99.38396, 36.43333], [-99.38341, 36.43334], [-99.38342, 36.43294], [-99.38397, 36.43287], [-99.38396, 36.43333]]], [[[-99.38398, 36.43184], [-99.38375, 36.43176], [-99.38342, 36.43173], [-99.38398, 36.43173], [-99.38398, 36.43184]]], [[[-99.38274, 36.43334], [-99.38219, 36.43334], [-99.38219, 36.43277], [-99.38275, 36.4329], [-99.38274, 36.43334]]], [[[-99.38269, 36.43173], [-99.38242, 36.43181], [-99.38219, 36.43201], [-99.3822, 36.43172], [-99.38269, 36.43173]]], [[[-99.38117, 36.43332], [-99.38118, 36.43276], [-99.38152, 36.43277], [-99.38152, 36.43333], [-99.38117, 36.43332]]], [[[-99.38152, 36.43223], [-99.38097, 36.43222], [-99.38096, 36.43172], [-99.38153, 36.43172], [-99.38152, 36.43223]]], [[[-99.38154, 36.42963], [-99.38153, 36.43118], [-99.38096, 36.43118], [-99.38098, 36.42963], [-99.38154, 36.42963]]], [[[-99.3803, 36.43219], [-99.37944, 36.43222], [-99.37944, 36.43208], [-99.38029, 36.43208], [-99.3803, 36.43219]]], [[[-99.38029, 36.43154], [-99.37943, 36.43154], [-99.37943, 36.43122], [-99.38029, 36.43122], [-99.38029, 36.43154]]], [[[-99.37826, 36.43293], [-99.37821, 36.43303], [-99.37819, 36.43313], [-99.37808, 36.43293], [-99.37826, 36.43293]]], [[[-99.37792, 36.43239], [-99.37793, 36.43208], [-99.37877, 36.43208], [-99.37877, 36.4324], [-99.37792, 36.43239]]], [[[-99.37794, 36.43154], [-99.37794, 36.43122], [-99.37876, 36.43122], [-99.37877, 36.43154], [-99.37794, 36.43154]]], [[[-99.37727, 36.43153], [-99.3764, 36.43153], [-99.3764, 36.43121], [-99.37727, 36.43121], [-99.37727, 36.43153]]], [[[-99.37638, 36.43037], [-99.37728, 36.43037], [-99.37728, 36.43067], [-99.37639, 36.43067], [-99.37638, 36.43037]]], [[[-99.37795, 36.43037], [-99.37876, 36.43037], [-99.37876, 36.43068], [-99.37795, 36.43068], [-99.37795, 36.43037]]], [[[-99.38228, 36.41567], [-99.38239, 36.41577], [-99.38174, 36.41622], [-99.38176, 36.41669], [-99.38302, 36.41795], [-99.38395, 36.41811], [-99.38414, 36.41879], [-99.38191, 36.41877], [-99.38216, 36.4183], [-99.38208, 36.41781], [-99.38167, 36.41755], [-99.38098, 36.41755], [-99.38095, 36.41592], [-99.38148, 36.41587], [-99.38202, 36.41543], [-99.38228, 36.41567]]], [[[-99.38579, 36.41879], [-99.38579, 36.4187], [-99.3859, 36.4188], [-99.38579, 36.41879]]], [[[-99.37486, 36.41387], [-99.37573, 36.41264], [-99.37608, 36.41263], [-99.37599, 36.41305], [-99.37491, 36.41433], [-99.37426, 36.41441], [-99.3742, 36.41412], [-99.37486, 36.41387]]], [[[-99.37434, 36.41352], [-99.37408, 36.41359], [-99.37404, 36.41334], [-99.37432, 36.4128], [-99.37506, 36.41264], [-99.37434, 36.41352]]], [[[-99.37667, 36.41311], [-99.37676, 36.41263], [-99.3771, 36.41262], [-99.37701, 36.4133], [-99.37547, 36.41511], [-99.37446, 36.41524], [-99.37439, 36.41494], [-99.37541, 36.41469], [-99.37667, 36.41311]]], [[[-99.38466, 36.42188], [-99.38447, 36.42188], [-99.38445, 36.42033], [-99.3849, 36.42032], [-99.38491, 36.42181], [-99.38466, 36.42188]]], [[[-99.38355, 36.42033], [-99.38379, 36.42033], [-99.3838, 36.42188], [-99.38333, 36.42187], [-99.38333, 36.42033], [-99.38355, 36.42033]]], [[[-99.3822, 36.422], [-99.38221, 36.42033], [-99.38266, 36.42033], [-99.38266, 36.42188], [-99.3822, 36.422]]], [[[-99.38154, 36.42127], [-99.38099, 36.42127], [-99.38099, 36.42033], [-99.38154, 36.42033], [-99.38154, 36.42127]]], [[[-99.38308, 36.42545], [-99.38299, 36.42561], [-99.38266, 36.42552], [-99.38267, 36.42477], [-99.38308, 36.42477], [-99.38308, 36.42545]]], [[[-99.382, 36.42477], [-99.38202, 36.42573], [-99.38277, 36.42612], [-99.38276, 36.42702], [-99.38221, 36.42702], [-99.38219, 36.42629], [-99.38187, 36.4261], [-99.38155, 36.4263], [-99.38154, 36.42702], [-99.38097, 36.42702], [-99.38098, 36.42477], [-99.382, 36.42477]]], [[[-99.37943, 36.43038], [-99.3803, 36.43038], [-99.38029, 36.43068], [-99.37943, 36.43068], [-99.37943, 36.43038]]], [[[-99.37944, 36.42953], [-99.38031, 36.42953], [-99.3803, 36.42984], [-99.37944, 36.42984], [-99.37944, 36.42953]]], [[[-99.38031, 36.42899], [-99.37945, 36.42899], [-99.37945, 36.42867], [-99.3803, 36.42868], [-99.38031, 36.42899]]], [[[-99.37945, 36.42783], [-99.3803, 36.42784], [-99.3803, 36.42814], [-99.37945, 36.42813], [-99.37945, 36.42783]]], [[[-99.3803, 36.4273], [-99.37945, 36.42728], [-99.37946, 36.42699], [-99.3803, 36.427], [-99.3803, 36.4273]]], [[[-99.38425, 36.42244], [-99.38421, 36.42324], [-99.38375, 36.42366], [-99.38099, 36.42373], [-99.38099, 36.4233], [-99.38337, 36.42326], [-99.38369, 36.42294], [-99.38372, 36.42242], [-99.38425, 36.42244]]], [[[-99.3822, 36.42277], [-99.38258, 36.42244], [-99.38305, 36.42241], [-99.38305, 36.42277], [-99.3822, 36.42277]]], [[[-99.38153, 36.42181], [-99.38153, 36.42277], [-99.38099, 36.42276], [-99.38099, 36.42181], [-99.38153, 36.42181]]], [[[-99.38771, 36.43849], [-99.38768, 36.4387], [-99.38707, 36.43863], [-99.38713, 36.43815], [-99.38775, 36.43822], [-99.38771, 36.43849]]], [[[-99.3876, 36.43924], [-99.38753, 36.43968], [-99.3869, 36.43962], [-99.38698, 36.43917], [-99.3876, 36.43924]]], [[[-99.38777, 36.44025], [-99.38866, 36.44036], [-99.3868, 36.44037], [-99.38682, 36.44016], [-99.38777, 36.44025]]], [[[-99.38613, 36.44036], [-99.38092, 36.44037], [-99.38093, 36.43958], [-99.38616, 36.4401], [-99.38613, 36.44036]]], [[[-99.38562, 36.4395], [-99.38568, 36.43903], [-99.38632, 36.4391], [-99.38624, 36.43956], [-99.38562, 36.4395]]], [[[-99.38576, 36.43849], [-99.38583, 36.43802], [-99.38647, 36.43808], [-99.3864, 36.43856], [-99.38576, 36.43849]]], [[[-99.38513, 36.43821], [-99.3851, 36.43842], [-99.38473, 36.43838], [-99.3848, 36.43793], [-99.38517, 36.43796], [-99.38513, 36.43821]]], [[[-99.38646, 36.43437], [-99.38654, 36.43387], [-99.38716, 36.43387], [-99.38707, 36.43444], [-99.38646, 36.43437]]], [[[-99.38518, 36.43423], [-99.38523, 36.43387], [-99.38586, 36.43387], [-99.3858, 36.4343], [-99.38518, 36.43423]]], [[[-99.3839, 36.43411], [-99.38393, 36.43388], [-99.38456, 36.43387], [-99.38451, 36.43417], [-99.3839, 36.43411]]], [[[-99.38261, 36.43398], [-99.38263, 36.43388], [-99.38326, 36.43388], [-99.38323, 36.43405], [-99.38261, 36.43398]]], [[[-99.38163, 36.43387], [-99.38185, 36.43388], [-99.38195, 36.43388], [-99.38194, 36.43391], [-99.38163, 36.43387]]], [[[-99.38505, 36.43504], [-99.38509, 36.43477], [-99.38571, 36.43484], [-99.38559, 36.43538], [-99.385, 36.43531], [-99.38505, 36.43504]]], [[[-99.38373, 36.43519], [-99.38382, 36.43465], [-99.38443, 36.4347], [-99.38434, 36.43525], [-99.38373, 36.43519]]], [[[-99.38244, 36.43504], [-99.38252, 36.43452], [-99.38315, 36.43459], [-99.38307, 36.43512], [-99.38244, 36.43504]]], [[[-99.38185, 36.43444], [-99.38181, 36.43478], [-99.38095, 36.4348], [-99.38095, 36.43434], [-99.38185, 36.43444]]], [[[-99.38028, 36.43403], [-99.38028, 36.43431], [-99.37971, 36.43431], [-99.37988, 36.43396], [-99.38028, 36.43403]]], [[[-99.37972, 36.43485], [-99.37969, 36.43488], [-99.37967, 36.43488], [-99.37967, 36.43485], [-99.37972, 36.43485]]], [[[-99.38258, 36.43794], [-99.38255, 36.43816], [-99.38196, 36.4381], [-99.38204, 36.43766], [-99.38261, 36.43772], [-99.38258, 36.43794]]], [[[-99.38095, 36.43777], [-99.38094, 36.43756], [-99.38138, 36.4376], [-99.3813, 36.43803], [-99.38095, 36.43798], [-99.38095, 36.43777]]], [[[-99.37958, 36.43803], [-99.38028, 36.43804], [-99.38028, 36.43851], [-99.37723, 36.43852], [-99.37723, 36.43804], [-99.37958, 36.43803]]], [[[-99.37952, 36.43985], [-99.37967, 36.43905], [-99.38027, 36.43905], [-99.38024, 36.4404], [-99.37843, 36.44041], [-99.37845, 36.44003], [-99.37952, 36.43985]]], [[[-99.37725, 36.44002], [-99.37778, 36.44002], [-99.37776, 36.44041], [-99.37725, 36.44041], [-99.37725, 36.44002]]], [[[-99.38498, 36.43923], [-99.38496, 36.43943], [-99.38434, 36.43936], [-99.38443, 36.43889], [-99.38502, 36.43896], [-99.38498, 36.43923]]], [[[-99.38312, 36.43876], [-99.38376, 36.43882], [-99.38367, 36.4393], [-99.38303, 36.43924], [-99.38312, 36.43876]]], [[[-99.38241, 36.43896], [-99.38237, 36.43917], [-99.3818, 36.43912], [-99.38187, 36.43863], [-99.38246, 36.43869], [-99.38241, 36.43896]]], [[[-99.38117, 36.43883], [-99.38114, 36.43906], [-99.38094, 36.43904], [-99.38095, 36.43853], [-99.38121, 36.43856], [-99.38117, 36.43883]]], [[[-99.37897, 36.43949], [-99.37847, 36.43948], [-99.37849, 36.43906], [-99.379, 36.43906], [-99.37897, 36.43949]]], [[[-99.3778, 36.43948], [-99.37725, 36.43948], [-99.37724, 36.43906], [-99.37782, 36.43906], [-99.3778, 36.43948]]], [[[-99.38652, 36.59474], [-99.38623, 36.59505], [-99.38596, 36.59541], [-99.38596, 36.59445], [-99.38687, 36.59445], [-99.38652, 36.59474]]], [[[-99.35406, 36.38852], [-99.35415, 36.37685], [-99.37109, 36.37628], [-99.37121, 36.39014], [-99.35521, 36.39061], [-99.35461, 36.39044], [-99.35363, 36.38964], [-99.35406, 36.38852]]], [[[-99.36787, 36.32271], [-99.36868, 36.32278], [-99.37117, 36.3224], [-99.37127, 36.33292], [-99.35437, 36.33364], [-99.35437, 36.31967], [-99.37135, 36.31901], [-99.37119, 36.32185], [-99.36861, 36.32224], [-99.36788, 36.3222], [-99.36764, 36.32245], [-99.36787, 36.32271]], [[-99.35775, 36.32294], [-99.35814, 36.3233], [-99.35865, 36.32328], [-99.35888, 36.32298], [-99.35865, 36.32267], [-99.35823, 36.32254], [-99.35775, 36.32294]], [[-99.35571, 36.33117], [-99.35609, 36.33059], [-99.35588, 36.33034], [-99.35551, 36.33027], [-99.3552, 36.33049], [-99.35521, 36.33087], [-99.35542, 36.33114], [-99.35571, 36.33117]]], [[[-99.35877, 36.30502], [-99.37155, 36.30447], [-99.37137, 36.31847], [-99.35437, 36.31913], [-99.35426, 36.3052], [-99.35877, 36.30502]], [[-99.36725, 36.31164], [-99.36721, 36.31215], [-99.3675, 36.3125], [-99.3681, 36.31259], [-99.36854, 36.31236], [-99.36865, 36.31175], [-99.36837, 36.31139], [-99.36768, 36.31132], [-99.36725, 36.31164]]], [[[-99.34708, 36.39675], [-99.34648, 36.39704], [-99.34635, 36.39588], [-99.34806, 36.3958], [-99.34751, 36.39658], [-99.34708, 36.39675]]], [[[-99.33953, 36.27896], [-99.33953, 36.27823], [-99.33958, 36.27823], [-99.33959, 36.27927], [-99.33953, 36.27896]]], [[[-99.33886, 36.27923], [-99.33886, 36.27927], [-99.33826, 36.27927], [-99.33826, 36.27924], [-99.33886, 36.27923]]], [[[-99.33886, 36.27824], [-99.33886, 36.27869], [-99.33826, 36.2787], [-99.33827, 36.27825], [-99.33886, 36.27824]]], [[[-99.33886, 36.2777], [-99.33827, 36.27771], [-99.33827, 36.27724], [-99.33885, 36.27725], [-99.33886, 36.2777]]], [[[-99.33885, 36.27623], [-99.33885, 36.27671], [-99.33828, 36.2767], [-99.33828, 36.27623], [-99.33885, 36.27623]]], [[[-99.33885, 36.27522], [-99.33885, 36.27568], [-99.33828, 36.27569], [-99.33826, 36.27522], [-99.33885, 36.27522]]], [[[-99.33825, 36.27468], [-99.33825, 36.27429], [-99.33888, 36.2743], [-99.33887, 36.27468], [-99.33825, 36.27468]]], [[[-99.33956, 36.27551], [-99.33952, 36.27569], [-99.33952, 36.2752], [-99.33955, 36.2752], [-99.33956, 36.27551]]], [[[-99.33952, 36.27672], [-99.33952, 36.27623], [-99.33957, 36.27623], [-99.33956, 36.27672], [-99.33952, 36.27672]]], [[[-99.33953, 36.27769], [-99.33952, 36.27726], [-99.33957, 36.27726], [-99.33958, 36.27769], [-99.33953, 36.27769]]], [[[-99.28982, 36.43586], [-99.28967, 36.43604], [-99.27906, 36.43646], [-99.27932, 36.43499], [-99.27921, 36.4344], [-99.27811, 36.43269], [-99.27726, 36.43026], [-99.27639, 36.42924], [-99.27613, 36.4285], [-99.27565, 36.42809], [-99.27435, 36.42766], [-99.27289, 36.42758], [-99.27203, 36.42794], [-99.27077, 36.42899], [-99.26938, 36.4286], [-99.26688, 36.42843], [-99.26664, 36.42805], [-99.26569, 36.42788], [-99.26438, 36.42726], [-99.26347, 36.42572], [-99.26327, 36.42501], [-99.26336, 36.42369], [-99.26441, 36.42129], [-99.26511, 36.42077], [-99.26651, 36.42047], [-99.2681, 36.4196], [-99.26978, 36.41949], [-99.27073, 36.41901], [-99.27103, 36.41862], [-99.27095, 36.418], [-99.26983, 36.41668], [-99.27029, 36.41648], [-99.27034, 36.41605], [-99.26975, 36.4159], [-99.26944, 36.41629], [-99.26767, 36.41474], [-99.26654, 36.4141], [-99.26463, 36.41258], [-99.26322, 36.41216], [-99.26262, 36.41158], [-99.25803, 36.40952], [-99.2538, 36.40807], [-99.25207, 36.40682], [-99.25086, 36.40531], [-99.24987, 36.40448], [-99.24969, 36.40359], [-99.24925, 36.40277], [-99.24931, 36.40174], [-99.24863, 36.40061], [-99.248, 36.39816], [-99.24702, 36.39731], [-99.24465, 36.39612], [-99.24331, 36.39575], [-99.24112, 36.39545], [-99.23645, 36.39542], [-99.23481, 36.39502], [-99.23429, 36.39474], [-99.23353, 36.39332], [-99.23247, 36.39205], [-99.23111, 36.39089], [-99.22915, 36.38975], [-99.22945, 36.37755], [-99.24632, 36.37755], [-99.24658, 36.3773], [-99.24674, 36.37022], [-99.26374, 36.37018], [-99.26387, 36.37728], [-99.26405, 36.37751], [-99.28135, 36.37762], [-99.28137, 36.39155], [-99.26327, 36.39163], [-99.25805, 36.39147], [-99.25727, 36.39241], [-99.25624, 36.3923], [-99.25543, 36.39242], [-99.25488, 36.39262], [-99.25427, 36.39313], [-99.25349, 36.39451], [-99.25191, 36.39629], [-99.25177, 36.3971], [-99.25269, 36.39811], [-99.25455, 36.39854], [-99.2554, 36.39918], [-99.25593, 36.39921], [-99.256, 36.39887], [-99.25526, 36.39825], [-99.25306, 36.39765], [-99.25243, 36.397], [-99.25243, 36.39671], [-99.25408, 36.39477], [-99.25478, 36.39348], [-99.25527, 36.39307], [-99.25622, 36.39284], [-99.25722, 36.39302], [-99.25773, 36.39282], [-99.25838, 36.39201], [-99.26326, 36.39218], [-99.28136, 36.39209], [-99.28149, 36.40594], [-99.27265, 36.40589], [-99.27134, 36.40464], [-99.27031, 36.40484], [-99.2695, 36.40467], [-99.26861, 36.40504], [-99.26805, 36.40592], [-99.26569, 36.40629], [-99.26486, 36.40625], [-99.2644, 36.40643], [-99.26435, 36.40677], [-99.26583, 36.41103], [-99.26653, 36.4117], [-99.26684, 36.41137], [-99.26645, 36.41082], [-99.26506, 36.40679], [-99.26576, 36.40683], [-99.2683, 36.40642], [-99.26894, 36.40591], [-99.26929, 36.40526], [-99.27041, 36.40538], [-99.27113, 36.40516], [-99.27202, 36.40621], [-99.27253, 36.40643], [-99.28149, 36.40648], [-99.28147, 36.43208], [-99.28508, 36.43529], [-99.29386, 36.4353], [-99.29388, 36.43588], [-99.29157, 36.43596], [-99.29114, 36.43574], [-99.28982, 36.43586]], [[-99.27532, 36.41207], [-99.27495, 36.41195], [-99.27468, 36.4121], [-99.27452, 36.41276], [-99.2747, 36.413], [-99.27543, 36.41291], [-99.27532, 36.41207]], [[-99.27409, 36.41826], [-99.27397, 36.41784], [-99.27363, 36.41763], [-99.27322, 36.41775], [-99.2729, 36.41824], [-99.27329, 36.41858], [-99.27389, 36.41854], [-99.27409, 36.41826]], [[-99.27729, 36.42504], [-99.27768, 36.4251], [-99.27803, 36.42491], [-99.27801, 36.42438], [-99.27709, 36.42434], [-99.27699, 36.42475], [-99.27729, 36.42504]], [[-99.25779, 36.40237], [-99.25771, 36.40175], [-99.25706, 36.40173], [-99.25683, 36.40218], [-99.25701, 36.40258], [-99.25748, 36.40265], [-99.25779, 36.40237]], [[-99.25501, 36.40353], [-99.25517, 36.40255], [-99.25448, 36.40205], [-99.2536, 36.40227], [-99.25349, 36.40299], [-99.25382, 36.40375], [-99.25429, 36.40386], [-99.25501, 36.40353]], [[-99.26491, 36.40322], [-99.26441, 36.40272], [-99.26372, 36.40309], [-99.26387, 36.40347], [-99.26428, 36.40371], [-99.26476, 36.40354], [-99.26491, 36.40322]], [[-99.25589, 36.40616], [-99.25586, 36.40677], [-99.25655, 36.40682], [-99.25666, 36.40615], [-99.25619, 36.40602], [-99.25589, 36.40616]], [[-99.26023, 36.40677], [-99.25989, 36.40694], [-99.25979, 36.40729], [-99.26047, 36.4078], [-99.26086, 36.40739], [-99.26069, 36.40688], [-99.26023, 36.40677]], [[-99.26793, 36.41412], [-99.2682, 36.41394], [-99.26822, 36.41343], [-99.26781, 36.41314], [-99.26721, 36.41338], [-99.26711, 36.41374], [-99.26733, 36.41404], [-99.26793, 36.41412]], [[-99.23737, 36.3856], [-99.23751, 36.38605], [-99.23791, 36.38625], [-99.23828, 36.38615], [-99.23835, 36.38588], [-99.23806, 36.38546], [-99.23768, 36.38539], [-99.23737, 36.3856]]], [[[-99.22911, 36.39126], [-99.22913, 36.39055], [-99.23196, 36.3926], [-99.23274, 36.39361], [-99.2333, 36.395], [-99.23426, 36.39562], [-99.23532, 36.39599], [-99.23689, 36.39622], [-99.241, 36.39614], [-99.24269, 36.39635], [-99.24409, 36.39666], [-99.24707, 36.3983], [-99.2476, 36.39963], [-99.24772, 36.4006], [-99.24838, 36.40175], [-99.24837, 36.40272], [-99.24917, 36.40497], [-99.24977, 36.40537], [-99.25069, 36.40669], [-99.25201, 36.40768], [-99.25235, 36.4157], [-99.25269, 36.41573], [-99.25289, 36.41551], [-99.25269, 36.40828], [-99.25297, 36.40859], [-99.25464, 36.40934], [-99.25603, 36.40964], [-99.25974, 36.41133], [-99.26181, 36.412], [-99.26203, 36.41233], [-99.26288, 36.41285], [-99.2645, 36.41353], [-99.2666, 36.41522], [-99.26716, 36.41539], [-99.27009, 36.41822], [-99.27008, 36.41859], [-99.26986, 36.41871], [-99.2679, 36.41893], [-99.26615, 36.41973], [-99.26481, 36.42004], [-99.26373, 36.42082], [-99.26339, 36.42049], [-99.25516, 36.42035], [-99.24616, 36.42046], [-99.24584, 36.42065], [-99.24613, 36.421], [-99.25516, 36.42089], [-99.25708, 36.42101], [-99.25738, 36.42124], [-99.26305, 36.42123], [-99.26251, 36.42275], [-99.26228, 36.42467], [-99.26235, 36.42613], [-99.26322, 36.42773], [-99.26509, 36.42909], [-99.26545, 36.42958], [-99.26505, 36.43057], [-99.26401, 36.43157], [-99.26388, 36.43481], [-99.25637, 36.43489], [-99.25604, 36.43516], [-99.25638, 36.43543], [-99.26381, 36.43536], [-99.2638, 36.43648], [-99.25074, 36.43481], [-99.22879, 36.43481], [-99.22868, 36.42087], [-99.23681, 36.42091], [-99.23715, 36.42064], [-99.23681, 36.42037], [-99.22868, 36.42033], [-99.22881, 36.40649], [-99.24608, 36.40641], [-99.24641, 36.40613], [-99.24607, 36.40587], [-99.22881, 36.40595], [-99.22911, 36.39126]], [[-99.25798, 36.41793], [-99.25867, 36.41811], [-99.25901, 36.41791], [-99.25901, 36.41761], [-99.2587, 36.4174], [-99.25816, 36.41742], [-99.25791, 36.41765], [-99.25798, 36.41793]], [[-99.25807, 36.42561], [-99.25845, 36.42554], [-99.25862, 36.42531], [-99.25855, 36.42504], [-99.25817, 36.42484], [-99.25768, 36.42515], [-99.25807, 36.42561]], [[-99.23198, 36.42275], [-99.23217, 36.42153], [-99.23199, 36.42132], [-99.23164, 36.42128], [-99.23136, 36.4215], [-99.23115, 36.42247], [-99.23062, 36.42256], [-99.23016, 36.42326], [-99.23036, 36.42347], [-99.23068, 36.42347], [-99.23112, 36.42317], [-99.2317, 36.42308], [-99.23198, 36.42275]], [[-99.23298, 36.42276], [-99.23281, 36.42325], [-99.23236, 36.42362], [-99.23268, 36.42404], [-99.23304, 36.42398], [-99.23387, 36.4232], [-99.23365, 36.42283], [-99.23298, 36.42276]], [[-99.23873, 36.42767], [-99.23919, 36.42755], [-99.23987, 36.42686], [-99.24007, 36.42602], [-99.23964, 36.42567], [-99.23816, 36.42611], [-99.23767, 36.42664], [-99.23781, 36.42717], [-99.23829, 36.42728], [-99.23837, 36.42754], [-99.23873, 36.42767]], [[-99.24383, 36.42779], [-99.24365, 36.42751], [-99.24321, 36.42747], [-99.24276, 36.42808], [-99.24283, 36.42859], [-99.24344, 36.42918], [-99.24389, 36.42894], [-99.24364, 36.42829], [-99.24388, 36.42808], [-99.24383, 36.42779]], [[-99.24006, 36.42857], [-99.24021, 36.42888], [-99.24058, 36.42892], [-99.24084, 36.42876], [-99.24093, 36.42836], [-99.24045, 36.42815], [-99.24006, 36.42857]], [[-99.23523, 36.42937], [-99.23548, 36.42989], [-99.23585, 36.4299], [-99.23609, 36.42972], [-99.23583, 36.42919], [-99.2355, 36.42916], [-99.23523, 36.42937]]], [[[-99.26547, 36.4286], [-99.26515, 36.42852], [-99.26594, 36.4286], [-99.26609, 36.42898], [-99.26695, 36.42922], [-99.26816, 36.42939], [-99.26919, 36.4293], [-99.26968, 36.42958], [-99.27079, 36.42971], [-99.27158, 36.42952], [-99.27299, 36.42838], [-99.27502, 36.42866], [-99.27677, 36.43142], [-99.27682, 36.4322], [-99.2775, 36.43353], [-99.27827, 36.43446], [-99.27839, 36.4353], [-99.27815, 36.4365], [-99.27017, 36.43681], [-99.26447, 36.43656], [-99.26448, 36.43533], [-99.26716, 36.43535], [-99.26747, 36.43511], [-99.26717, 36.43482], [-99.26455, 36.43479], [-99.26466, 36.43175], [-99.2656, 36.43088], [-99.26609, 36.43007], [-99.2661, 36.42941], [-99.26547, 36.4286]], [[-99.27635, 36.43537], [-99.27648, 36.43587], [-99.27674, 36.43602], [-99.27755, 36.43587], [-99.27789, 36.43547], [-99.27774, 36.43518], [-99.2774, 36.43507], [-99.27667, 36.43512], [-99.27635, 36.43537]]], [[[-99.2698, 36.37707], [-99.26453, 36.37701], [-99.26452, 36.36312], [-99.26588, 36.36312], [-99.26632, 36.3635], [-99.26677, 36.36312], [-99.2816, 36.36316], [-99.28136, 36.37708], [-99.2698, 36.37707]], [[-99.27338, 36.36582], [-99.27328, 36.36558], [-99.27295, 36.36545], [-99.27258, 36.36561], [-99.2725, 36.36588], [-99.27292, 36.36615], [-99.27338, 36.36582]], [[-99.2776, 36.36709], [-99.27736, 36.36651], [-99.27686, 36.3665], [-99.27662, 36.36666], [-99.2766, 36.36711], [-99.27682, 36.36732], [-99.27735, 36.36733], [-99.2776, 36.36709]], [[-99.27791, 36.37473], [-99.27744, 36.37504], [-99.27756, 36.37529], [-99.27794, 36.37543], [-99.27832, 36.37527], [-99.2784, 36.37504], [-99.27824, 36.37479], [-99.27791, 36.37473]], [[-99.28108, 36.37451], [-99.28056, 36.37422], [-99.27968, 36.37485], [-99.27932, 36.37549], [-99.27943, 36.37601], [-99.28029, 36.37616], [-99.2808, 36.37598], [-99.28108, 36.37451]]], [[[-99.2995, 36.36533], [-99.29944, 36.37688], [-99.28203, 36.37707], [-99.28225, 36.36468], [-99.2827, 36.36469], [-99.2829, 36.36437], [-99.28264, 36.36399], [-99.28225, 36.36397], [-99.28226, 36.36316], [-99.29765, 36.36292], [-99.29822, 36.36322], [-99.2995, 36.36533]], [[-99.29941, 36.36736], [-99.2992, 36.36713], [-99.29879, 36.36711], [-99.29854, 36.36728], [-99.29853, 36.36758], [-99.29908, 36.36784], [-99.29941, 36.36736]], [[-99.28698, 36.36634], [-99.28739, 36.36635], [-99.28775, 36.36599], [-99.2875, 36.36541], [-99.28679, 36.36548], [-99.28656, 36.36566], [-99.28662, 36.36607], [-99.28698, 36.36634]]], [[[-99.29483, 36.35605], [-99.29586, 36.35742], [-99.29847, 36.36264], [-99.29752, 36.36238], [-99.27926, 36.3626], [-99.27911, 36.36231], [-99.27955, 36.36213], [-99.27953, 36.36181], [-99.27915, 36.36165], [-99.27857, 36.36179], [-99.27816, 36.36071], [-99.27751, 36.36034], [-99.27688, 36.36024], [-99.27627, 36.36056], [-99.27623, 36.36176], [-99.27677, 36.36229], [-99.27741, 36.3626], [-99.26453, 36.36258], [-99.26453, 36.36212], [-99.26491, 36.36164], [-99.26452, 36.36132], [-99.2645, 36.34864], [-99.27997, 36.34865], [-99.28066, 36.34836], [-99.28673, 36.35149], [-99.28604, 36.35214], [-99.28614, 36.35248], [-99.28654, 36.35247], [-99.28729, 36.3518], [-99.293, 36.35474], [-99.29483, 36.35605]], [[-99.27024, 36.35081], [-99.26999, 36.35049], [-99.26968, 36.35044], [-99.2692, 36.35084], [-99.26917, 36.35113], [-99.26944, 36.35132], [-99.27002, 36.35134], [-99.27025, 36.35114], [-99.27024, 36.35081]], [[-99.27137, 36.3522], [-99.27128, 36.35195], [-99.27093, 36.35182], [-99.2705, 36.35199], [-99.2703, 36.35232], [-99.27085, 36.35266], [-99.27137, 36.3522]], [[-99.28443, 36.35529], [-99.28467, 36.355], [-99.28447, 36.3547], [-99.28373, 36.35467], [-99.28346, 36.35482], [-99.28345, 36.35509], [-99.28377, 36.35543], [-99.28443, 36.35529]], [[-99.29014, 36.35841], [-99.29033, 36.35801], [-99.28966, 36.35769], [-99.28882, 36.35778], [-99.28841, 36.35809], [-99.28869, 36.35846], [-99.29014, 36.35841]], [[-99.28656, 36.35858], [-99.28691, 36.3582], [-99.28657, 36.35787], [-99.2854, 36.35805], [-99.28511, 36.35831], [-99.28543, 36.35867], [-99.28656, 36.35858]], [[-99.29303, 36.36014], [-99.29336, 36.36031], [-99.29402, 36.3602], [-99.29461, 36.35997], [-99.29471, 36.35968], [-99.29413, 36.35934], [-99.29322, 36.35933], [-99.29288, 36.35969], [-99.29303, 36.36014]], [[-99.27348, 36.35964], [-99.27313, 36.35941], [-99.27204, 36.35953], [-99.27185, 36.35986], [-99.27202, 36.36023], [-99.27191, 36.36054], [-99.27079, 36.36076], [-99.27054, 36.36097], [-99.27069, 36.36224], [-99.271, 36.36234], [-99.27187, 36.36218], [-99.27247, 36.36182], [-99.27331, 36.36092], [-99.27252, 36.36018], [-99.27314, 36.36011], [-99.27348, 36.35964]], [[-99.28677, 36.36165], [-99.28699, 36.36142], [-99.28693, 36.36109], [-99.28653, 36.36062], [-99.28619, 36.36058], [-99.28572, 36.36129], [-99.28619, 36.36161], [-99.28677, 36.36165]], [[-99.26664, 36.35064], [-99.26634, 36.35043], [-99.26599, 36.35048], [-99.2657, 36.35089], [-99.26578, 36.35116], [-99.26609, 36.3513], [-99.26665, 36.35117], [-99.26684, 36.35092], [-99.26664, 36.35064]], [[-99.26637, 36.35367], [-99.26567, 36.35326], [-99.26517, 36.3535], [-99.26545, 36.35417], [-99.26572, 36.35435], [-99.2664, 36.35403], [-99.26637, 36.35367]]], [[[-99.28166, 36.3412], [-99.28168, 36.34633], [-99.28143, 36.34697], [-99.28062, 36.34741], [-99.26624, 36.33998], [-99.2643, 36.33859], [-99.26455, 36.33823], [-99.26462, 36.33409], [-99.28168, 36.33424], [-99.28166, 36.3412]]], [[[-99.25877, 36.33399], [-99.25938, 36.33418], [-99.26395, 36.33411], [-99.26383, 36.3382], [-99.25795, 36.33349], [-99.25877, 36.33399]]], [[[-99.2467, 36.34808], [-99.24671, 36.33416], [-99.25547, 36.33418], [-99.25714, 36.33394], [-99.26318, 36.33878], [-99.26297, 36.33915], [-99.26304, 36.33953], [-99.2639, 36.34037], [-99.26383, 36.3481], [-99.2467, 36.34808]], [[-99.25692, 36.33618], [-99.25718, 36.33589], [-99.25694, 36.33561], [-99.25597, 36.33549], [-99.25564, 36.33574], [-99.25563, 36.33609], [-99.25587, 36.33628], [-99.25692, 36.33618]], [[-99.25215, 36.33778], [-99.25242, 36.33747], [-99.25219, 36.3372], [-99.25139, 36.33721], [-99.25112, 36.33745], [-99.25139, 36.33787], [-99.25215, 36.33778]], [[-99.25385, 36.33916], [-99.25411, 36.33896], [-99.25409, 36.33873], [-99.2534, 36.33847], [-99.25315, 36.33867], [-99.25316, 36.33895], [-99.25385, 36.33916]], [[-99.25546, 36.33972], [-99.25587, 36.33992], [-99.25623, 36.33973], [-99.25637, 36.3393], [-99.25608, 36.33892], [-99.25548, 36.33908], [-99.25529, 36.3394], [-99.25546, 36.33972]]], [[[-99.22887, 36.34109], [-99.22889, 36.33415], [-99.24605, 36.33416], [-99.24603, 36.34808], [-99.22889, 36.34811], [-99.22887, 36.34109]]], [[[-99.24676, 36.32561], [-99.25015, 36.32831], [-99.25661, 36.33352], [-99.25546, 36.33364], [-99.24672, 36.33362], [-99.24676, 36.32561]]], [[[-99.25829, 36.33296], [-99.25747, 36.33311], [-99.23976, 36.31891], [-99.24122, 36.31968], [-99.24659, 36.31968], [-99.24658, 36.31996], [-99.24714, 36.31997], [-99.24715, 36.31969], [-99.25588, 36.31973], [-99.2563, 36.31954], [-99.25755, 36.31804], [-99.25899, 36.31779], [-99.25948, 36.31836], [-99.25952, 36.31924], [-99.25976, 36.31966], [-99.26399, 36.31979], [-99.26395, 36.33356], [-99.25933, 36.33363], [-99.25829, 36.33296]], [[-99.25197, 36.32412], [-99.25158, 36.32369], [-99.2511, 36.32379], [-99.25089, 36.32404], [-99.25114, 36.32447], [-99.25151, 36.32464], [-99.25186, 36.32448], [-99.25197, 36.32412]], [[-99.25405, 36.32754], [-99.25374, 36.32719], [-99.25309, 36.32729], [-99.25297, 36.32782], [-99.25318, 36.3282], [-99.25373, 36.32821], [-99.25405, 36.32754]], [[-99.26084, 36.33041], [-99.26112, 36.33007], [-99.26076, 36.32979], [-99.26026, 36.32988], [-99.25987, 36.33035], [-99.25996, 36.33059], [-99.26033, 36.33074], [-99.26084, 36.33041]]], [[[-99.27081, 36.321], [-99.27203, 36.31985], [-99.27238, 36.31978], [-99.28174, 36.31969], [-99.28168, 36.3337], [-99.26462, 36.33355], [-99.26465, 36.32125], [-99.26974, 36.32142], [-99.27081, 36.321]], [[-99.27533, 36.32199], [-99.27499, 36.32171], [-99.2745, 36.32175], [-99.27431, 36.32196], [-99.2744, 36.32239], [-99.27489, 36.32254], [-99.27533, 36.32199]], [[-99.27987, 36.33112], [-99.27987, 36.33086], [-99.2796, 36.33068], [-99.2792, 36.33067], [-99.2788, 36.33095], [-99.27918, 36.33139], [-99.27954, 36.33137], [-99.27987, 36.33112]], [[-99.27309, 36.3312], [-99.27249, 36.33104], [-99.27226, 36.33146], [-99.27293, 36.33169], [-99.27317, 36.33148], [-99.27309, 36.3312]], [[-99.27163, 36.33182], [-99.27126, 36.33147], [-99.27087, 36.33152], [-99.27069, 36.33175], [-99.27077, 36.33202], [-99.27106, 36.33217], [-99.27163, 36.33182]]], [[[-99.28179, 36.31188], [-99.28196, 36.31267], [-99.28176, 36.31366], [-99.28174, 36.31915], [-99.27229, 36.31924], [-99.27166, 36.31938], [-99.27032, 36.32064], [-99.26969, 36.32088], [-99.26465, 36.32071], [-99.26472, 36.3053], [-99.28083, 36.30531], [-99.28074, 36.30558], [-99.28094, 36.30579], [-99.28175, 36.30582], [-99.2817, 36.30917], [-99.28148, 36.31011], [-99.28179, 36.31188]], [[-99.26887, 36.30807], [-99.26903, 36.30859], [-99.26935, 36.30865], [-99.26963, 36.30848], [-99.26968, 36.30821], [-99.26944, 36.30796], [-99.26887, 36.30807]]], [[[-99.24683, 36.31914], [-99.24687, 36.306], [-99.24655, 36.30521], [-99.26406, 36.3053], [-99.26399, 36.31925], [-99.2602, 36.31921], [-99.25994, 36.3178], [-99.25956, 36.3174], [-99.25899, 36.31725], [-99.25716, 36.3176], [-99.25576, 36.31919], [-99.24683, 36.31914]], [[-99.26135, 36.31002], [-99.26126, 36.30972], [-99.2608, 36.30954], [-99.26042, 36.30961], [-99.2602, 36.30997], [-99.26059, 36.3103], [-99.2611, 36.31025], [-99.26135, 36.31002]], [[-99.24986, 36.31757], [-99.25017, 36.31732], [-99.25008, 36.31677], [-99.25029, 36.31626], [-99.24989, 36.31595], [-99.2493, 36.31627], [-99.24909, 36.31684], [-99.2492, 36.31746], [-99.24986, 36.31757]]], [[[-99.3683, 36.43322], [-99.35908, 36.43324], [-99.35401, 36.43271], [-99.35403, 36.41986], [-99.37136, 36.41931], [-99.37135, 36.42477], [-99.3708, 36.42462], [-99.37016, 36.42469], [-99.36988, 36.42498], [-99.36983, 36.42555], [-99.37002, 36.42594], [-99.37043, 36.42611], [-99.37101, 36.42606], [-99.37135, 36.42574], [-99.37129, 36.43322], [-99.3683, 36.43322]], [[-99.3705, 36.42296], [-99.37057, 36.42226], [-99.37037, 36.42193], [-99.36989, 36.42177], [-99.36923, 36.42193], [-99.36904, 36.42276], [-99.36932, 36.42316], [-99.36919, 36.42365], [-99.36943, 36.42402], [-99.37014, 36.42414], [-99.3706, 36.42394], [-99.37075, 36.42344], [-99.3705, 36.42296]], [[-99.35579, 36.42304], [-99.35571, 36.4233], [-99.35594, 36.42359], [-99.357, 36.42373], [-99.35731, 36.42357], [-99.35727, 36.42302], [-99.35674, 36.42254], [-99.35612, 36.4227], [-99.35579, 36.42304]]], [[[-99.34015, 36.43208], [-99.34853, 36.43276], [-99.35336, 36.43336], [-99.33609, 36.43177], [-99.34015, 36.43208]]], [[[-99.3361, 36.43407], [-99.33608, 36.43242], [-99.35248, 36.43386], [-99.34204, 36.43391], [-99.3361, 36.43407]]], [[[-99.34458, 36.4317], [-99.33608, 36.43104], [-99.33608, 36.42056], [-99.35336, 36.41988], [-99.35334, 36.43262], [-99.34458, 36.4317]], [[-99.34775, 36.42593], [-99.34866, 36.42584], [-99.3487, 36.4255], [-99.34847, 36.42523], [-99.34809, 36.42516], [-99.34755, 36.42536], [-99.34748, 36.42571], [-99.34775, 36.42593]], [[-99.3442, 36.42647], [-99.3457, 36.42643], [-99.34585, 36.42597], [-99.34551, 36.42567], [-99.34456, 36.42568], [-99.34395, 36.42607], [-99.3442, 36.42647]], [[-99.33771, 36.42623], [-99.33754, 36.42588], [-99.33704, 36.42585], [-99.33671, 36.42659], [-99.337, 36.42682], [-99.3376, 36.42689], [-99.33785, 36.42663], [-99.33771, 36.42623]]], [[[-99.35342, 36.41118], [-99.35336, 36.41934], [-99.33607, 36.42001], [-99.33607, 36.40593], [-99.35345, 36.40559], [-99.35342, 36.41118]], [[-99.35223, 36.40761], [-99.35283, 36.4076], [-99.35307, 36.40726], [-99.35292, 36.40693], [-99.35215, 36.40695], [-99.35204, 36.40734], [-99.35223, 36.40761]], [[-99.34561, 36.41235], [-99.34582, 36.4126], [-99.3462, 36.41264], [-99.34686, 36.41227], [-99.34691, 36.4119], [-99.34656, 36.41173], [-99.34587, 36.41183], [-99.34561, 36.41235]], [[-99.34975, 36.41304], [-99.35051, 36.41316], [-99.35095, 36.41288], [-99.35092, 36.41255], [-99.34996, 36.41242], [-99.34968, 36.41278], [-99.34975, 36.41304]], [[-99.35235, 36.41529], [-99.35298, 36.41486], [-99.35289, 36.41457], [-99.35242, 36.41425], [-99.35208, 36.41431], [-99.35186, 36.4146], [-99.35208, 36.41515], [-99.35235, 36.41529]], [[-99.34647, 36.41665], [-99.34674, 36.41678], [-99.34703, 36.41667], [-99.34735, 36.41624], [-99.34719, 36.41591], [-99.34662, 36.41579], [-99.34626, 36.41591], [-99.34647, 36.41665]], [[-99.34175, 36.41832], [-99.34209, 36.41841], [-99.34251, 36.41826], [-99.34273, 36.41794], [-99.3426, 36.41762], [-99.34226, 36.41749], [-99.3419, 36.4176], [-99.34161, 36.41796], [-99.34175, 36.41832]], [[-99.33851, 36.41154], [-99.3384, 36.41118], [-99.33793, 36.41117], [-99.33745, 36.41172], [-99.33676, 36.41195], [-99.33678, 36.41238], [-99.33714, 36.41261], [-99.3376, 36.41247], [-99.33834, 36.41207], [-99.33851, 36.41154]]], [[[-99.36987, 36.4071], [-99.37028, 36.40663], [-99.37081, 36.40701], [-99.37127, 36.40705], [-99.37132, 36.41014], [-99.37024, 36.41018], [-99.36984, 36.41069], [-99.37001, 36.41139], [-99.37047, 36.41158], [-99.37133, 36.41151], [-99.37132, 36.41202], [-99.36976, 36.41196], [-99.36948, 36.41229], [-99.36989, 36.41258], [-99.37132, 36.41256], [-99.37132, 36.4128], [-99.36948, 36.41283], [-99.36922, 36.41312], [-99.36953, 36.41336], [-99.37132, 36.41334], [-99.37136, 36.41877], [-99.37072, 36.41878], [-99.37091, 36.41838], [-99.37052, 36.41813], [-99.36998, 36.41837], [-99.37004, 36.4188], [-99.35403, 36.41932], [-99.35412, 36.40557], [-99.35886, 36.40548], [-99.35885, 36.40623], [-99.35952, 36.40642], [-99.35992, 36.40617], [-99.35994, 36.40546], [-99.36152, 36.40544], [-99.36178, 36.40578], [-99.36221, 36.40591], [-99.36264, 36.40579], [-99.36298, 36.40542], [-99.36892, 36.40535], [-99.36908, 36.40694], [-99.36987, 36.4071]], [[-99.36289, 36.40763], [-99.363, 36.40815], [-99.36359, 36.40822], [-99.36386, 36.40809], [-99.36395, 36.40743], [-99.36372, 36.40715], [-99.36337, 36.40716], [-99.36289, 36.40763]], [[-99.35876, 36.40938], [-99.35917, 36.4097], [-99.35989, 36.40952], [-99.3601, 36.40921], [-99.35984, 36.40869], [-99.35937, 36.40863], [-99.35883, 36.40909], [-99.35876, 36.40938]], [[-99.35836, 36.41077], [-99.35901, 36.41062], [-99.35902, 36.41024], [-99.35875, 36.41002], [-99.35814, 36.41014], [-99.35811, 36.41055], [-99.35836, 36.41077]]], [[[-99.33224, 36.24738], [-99.33563, 36.24734], [-99.33551, 36.25509], [-99.33224, 36.24738]]], [[[-99.31825, 36.33357], [-99.31817, 36.31986], [-99.33556, 36.31978], [-99.3357, 36.32521], [-99.33553, 36.3336], [-99.31825, 36.33357]], [[-99.32932, 36.32988], [-99.32936, 36.32958], [-99.32914, 36.32937], [-99.32868, 36.3293], [-99.3284, 36.32947], [-99.32835, 36.32984], [-99.32858, 36.33004], [-99.32906, 36.33009], [-99.32932, 36.32988]]], [[[-99.31758, 36.33356], [-99.30029, 36.33351], [-99.30031, 36.31958], [-99.3175, 36.31985], [-99.31758, 36.33356]]], [[[-99.29962, 36.33351], [-99.28235, 36.3337], [-99.28241, 36.31969], [-99.29964, 36.31958], [-99.29962, 36.33351]], [[-99.28389, 36.32494], [-99.28493, 36.32456], [-99.28501, 36.32415], [-99.28472, 36.324], [-99.28337, 36.32391], [-99.28323, 36.32451], [-99.28389, 36.32494]], [[-99.28662, 36.32722], [-99.2863, 36.32712], [-99.28569, 36.32735], [-99.28461, 36.32683], [-99.28404, 36.32719], [-99.28397, 36.32744], [-99.28454, 36.32795], [-99.28498, 36.32881], [-99.28532, 36.32894], [-99.28567, 36.32867], [-99.28551, 36.32803], [-99.28639, 36.3279], [-99.2867, 36.3276], [-99.28662, 36.32722]]], [[[-99.28253, 36.31213], [-99.28215, 36.31013], [-99.28237, 36.3092], [-99.28242, 36.30528], [-99.29964, 36.30509], [-99.29964, 36.31903], [-99.28241, 36.31915], [-99.28253, 36.31213]], [[-99.29447, 36.31307], [-99.29445, 36.31278], [-99.29405, 36.31246], [-99.29354, 36.31246], [-99.29323, 36.31269], [-99.29328, 36.31299], [-99.29375, 36.31324], [-99.29417, 36.31327], [-99.29447, 36.31307]], [[-99.28724, 36.31639], [-99.28663, 36.31604], [-99.28621, 36.31659], [-99.28645, 36.3168], [-99.28693, 36.31684], [-99.28723, 36.31666], [-99.28724, 36.31639]]], [[[-99.29969, 36.29693], [-99.29964, 36.30455], [-99.28242, 36.30474], [-99.28233, 36.29091], [-99.29976, 36.29066], [-99.29969, 36.29693]], [[-99.29383, 36.29385], [-99.29453, 36.29401], [-99.29477, 36.29383], [-99.29479, 36.2935], [-99.29451, 36.29327], [-99.29408, 36.29328], [-99.29384, 36.29348], [-99.29383, 36.29385]], [[-99.29657, 36.30229], [-99.29687, 36.3025], [-99.29726, 36.30245], [-99.29755, 36.30199], [-99.29723, 36.30169], [-99.2968, 36.30165], [-99.29654, 36.30189], [-99.29657, 36.30229]], [[-99.28607, 36.29384], [-99.28695, 36.29393], [-99.28717, 36.29372], [-99.28713, 36.29341], [-99.2868, 36.29315], [-99.28635, 36.29317], [-99.286, 36.29353], [-99.28607, 36.29384]], [[-99.2859, 36.3014], [-99.28621, 36.3018], [-99.28658, 36.30178], [-99.28683, 36.30152], [-99.28639, 36.30111], [-99.2859, 36.3014]]], [[[-99.29116, 36.29027], [-99.28233, 36.29037], [-99.28242, 36.27642], [-99.2997, 36.27621], [-99.29977, 36.29012], [-99.29116, 36.29027]]], [[[-99.33612, 36.27623], [-99.33761, 36.27623], [-99.3376, 36.27927], [-99.33616, 36.27927], [-99.33612, 36.27623]]], [[[-99.33546, 36.26459], [-99.33545, 36.27569], [-99.31812, 36.27569], [-99.31824, 36.26185], [-99.33544, 36.26175], [-99.33546, 36.26459]]], [[[-99.30631, 36.26171], [-99.3076, 36.26144], [-99.3103, 36.26179], [-99.31757, 36.26185], [-99.31746, 36.27461], [-99.31682, 36.2746], [-99.31679, 36.27567], [-99.30037, 36.27566], [-99.30051, 36.26175], [-99.30631, 36.26171]], [[-99.31295, 36.26489], [-99.31299, 36.2646], [-99.31257, 36.26431], [-99.31193, 36.26415], [-99.31156, 36.26433], [-99.31159, 36.26465], [-99.31208, 36.26497], [-99.31265, 36.26506], [-99.31295, 36.26489]]], [[[-99.30476, 36.27618], [-99.31746, 36.27622], [-99.3175, 36.31931], [-99.30031, 36.31904], [-99.30037, 36.2762], [-99.30476, 36.27618]], [[-99.31533, 36.28312], [-99.3157, 36.28267], [-99.31552, 36.28229], [-99.31507, 36.28217], [-99.31429, 36.28231], [-99.31417, 36.28265], [-99.31469, 36.28331], [-99.31503, 36.28337], [-99.31533, 36.28312]], [[-99.30785, 36.28131], [-99.30753, 36.28073], [-99.30677, 36.28095], [-99.30701, 36.28161], [-99.30747, 36.28204], [-99.30795, 36.28187], [-99.30785, 36.28131]], [[-99.30771, 36.28381], [-99.30799, 36.28407], [-99.30846, 36.28403], [-99.30871, 36.28383], [-99.30868, 36.28347], [-99.3084, 36.28326], [-99.3079, 36.28328], [-99.30767, 36.28348], [-99.30771, 36.28381]], [[-99.302, 36.28997], [-99.30227, 36.29023], [-99.30289, 36.2902], [-99.30309, 36.28996], [-99.30294, 36.28949], [-99.3024, 36.28934], [-99.302, 36.28997]], [[-99.30795, 36.29927], [-99.30847, 36.29944], [-99.30911, 36.29916], [-99.3089, 36.29803], [-99.30862, 36.29778], [-99.30811, 36.298], [-99.30782, 36.29901], [-99.30795, 36.29927]], [[-99.30472, 36.30414], [-99.3038, 36.30353], [-99.30284, 36.30339], [-99.30248, 36.30363], [-99.30247, 36.30402], [-99.30274, 36.30421], [-99.30434, 36.30452], [-99.30466, 36.30438], [-99.30472, 36.30414]], [[-99.30327, 36.3081], [-99.30267, 36.30773], [-99.302, 36.30818], [-99.30226, 36.30856], [-99.30317, 36.30916], [-99.30359, 36.30886], [-99.30327, 36.3081]], [[-99.31262, 36.30935], [-99.31288, 36.30912], [-99.31281, 36.30866], [-99.31253, 36.30845], [-99.31217, 36.30848], [-99.31187, 36.30866], [-99.31184, 36.30893], [-99.31229, 36.30933], [-99.31262, 36.30935]]], [[[-99.33556, 36.31086], [-99.33556, 36.31924], [-99.31817, 36.31931], [-99.31808, 36.29077], [-99.33554, 36.29072], [-99.33556, 36.31086]]], [[[-99.33552, 36.28679], [-99.33554, 36.29017], [-99.31808, 36.29023], [-99.31813, 36.27623], [-99.33545, 36.27623], [-99.33549, 36.27887], [-99.33419, 36.279], [-99.33378, 36.27951], [-99.33384, 36.27987], [-99.33416, 36.28014], [-99.3355, 36.28031], [-99.33552, 36.28679]], [[-99.33251, 36.27926], [-99.33273, 36.27878], [-99.33229, 36.27846], [-99.33181, 36.27874], [-99.33172, 36.27907], [-99.332, 36.27932], [-99.33251, 36.27926]], [[-99.33323, 36.28304], [-99.33255, 36.28291], [-99.33233, 36.2833], [-99.33306, 36.28366], [-99.33334, 36.28341], [-99.33323, 36.28304]], [[-99.32156, 36.28707], [-99.32121, 36.28671], [-99.32074, 36.28696], [-99.32079, 36.28724], [-99.32108, 36.28742], [-99.32156, 36.28707]], [[-99.33496, 36.2877], [-99.33542, 36.28736], [-99.33527, 36.28695], [-99.33486, 36.28674], [-99.33454, 36.28693], [-99.33441, 36.28745], [-99.33459, 36.28766], [-99.33496, 36.2877]]], [[[-99.33686, 36.27424], [-99.33758, 36.27425], [-99.33758, 36.27468], [-99.33612, 36.27467], [-99.33612, 36.27425], [-99.33686, 36.27424]]], [[[-99.33761, 36.27569], [-99.33706, 36.27569], [-99.33705, 36.27522], [-99.3376, 36.27522], [-99.33761, 36.27569]]], [[[-99.33638, 36.27521], [-99.33639, 36.27569], [-99.33612, 36.27569], [-99.33612, 36.27521], [-99.33638, 36.27521]]], [[[-99.29941, 36.43524], [-99.29943, 36.43565], [-99.29454, 36.43585], [-99.29453, 36.4353], [-99.29941, 36.43524]]], [[[-99.30075, 36.43559], [-99.3001, 36.43562], [-99.30008, 36.43523], [-99.30843, 36.43509], [-99.30569, 36.43542], [-99.30075, 36.43559]]], [[[-99.31952, 36.43032], [-99.32102, 36.43059], [-99.32135, 36.43075], [-99.32166, 36.43129], [-99.31824, 36.43233], [-99.31809, 36.42076], [-99.33541, 36.42057], [-99.33541, 36.43099], [-99.327, 36.4304], [-99.32487, 36.43055], [-99.32229, 36.4311], [-99.32186, 36.43037], [-99.32125, 36.43008], [-99.3197, 36.42986], [-99.31942, 36.43006], [-99.31952, 36.43032]], [[-99.33299, 36.4233], [-99.33264, 36.42312], [-99.33233, 36.42324], [-99.33219, 36.4237], [-99.3324, 36.42396], [-99.33277, 36.42404], [-99.33317, 36.42385], [-99.33319, 36.42351], [-99.33299, 36.4233]], [[-99.33459, 36.42904], [-99.33489, 36.42871], [-99.33472, 36.42834], [-99.33442, 36.4282], [-99.33397, 36.42829], [-99.33382, 36.42891], [-99.33421, 36.42911], [-99.33459, 36.42904]], [[-99.32733, 36.42902], [-99.3273, 36.4298], [-99.3281, 36.42983], [-99.3283, 36.42945], [-99.32824, 36.42878], [-99.32775, 36.42862], [-99.32733, 36.42902]]], [[[-99.318, 36.40638], [-99.3354, 36.40594], [-99.3354, 36.42003], [-99.31809, 36.42022], [-99.318, 36.40638]], [[-99.32554, 36.4088], [-99.32565, 36.4084], [-99.32533, 36.40818], [-99.32444, 36.40852], [-99.32447, 36.40881], [-99.32492, 36.40908], [-99.32554, 36.4088]], [[-99.32131, 36.40979], [-99.32174, 36.40982], [-99.32197, 36.40963], [-99.3219, 36.4092], [-99.32155, 36.4089], [-99.32114, 36.40896], [-99.32096, 36.40929], [-99.32131, 36.40979]], [[-99.33347, 36.41003], [-99.33381, 36.40996], [-99.33404, 36.40968], [-99.33391, 36.40932], [-99.33356, 36.40921], [-99.33316, 36.40929], [-99.33295, 36.40954], [-99.33303, 36.40984], [-99.33347, 36.41003]], [[-99.32759, 36.41171], [-99.32798, 36.41158], [-99.32806, 36.41133], [-99.32778, 36.41093], [-99.32731, 36.41087], [-99.32702, 36.41108], [-99.32703, 36.4115], [-99.32759, 36.41171]], [[-99.32952, 36.41415], [-99.3299, 36.41396], [-99.32991, 36.41361], [-99.32927, 36.41341], [-99.3289, 36.41364], [-99.32883, 36.41393], [-99.3291, 36.41419], [-99.32952, 36.41415]]], [[[-99.31802, 36.40581], [-99.31809, 36.40377], [-99.31872, 36.40386], [-99.31898, 36.40361], [-99.31872, 36.40278], [-99.31834, 36.40277], [-99.31812, 36.40305], [-99.31815, 36.39189], [-99.33541, 36.39148], [-99.33541, 36.4054], [-99.31802, 36.40581]], [[-99.31976, 36.40075], [-99.31972, 36.40043], [-99.31945, 36.40028], [-99.3189, 36.40036], [-99.31867, 36.40064], [-99.3188, 36.40092], [-99.31926, 36.40106], [-99.31976, 36.40075]], [[-99.32372, 36.40311], [-99.32374, 36.40264], [-99.32321, 36.40256], [-99.32219, 36.40335], [-99.32215, 36.40363], [-99.32316, 36.40406], [-99.32372, 36.40311]]], [[[-99.33333, 36.38695], [-99.33332, 36.38656], [-99.33539, 36.38658], [-99.33541, 36.39093], [-99.33334, 36.391], [-99.33333, 36.38695]]], [[[-99.33421, 36.38602], [-99.33332, 36.38602], [-99.33333, 36.38508], [-99.33539, 36.38504], [-99.33539, 36.38604], [-99.33421, 36.38602]]], [[[-99.32874, 36.38492], [-99.32905, 36.38521], [-99.33266, 36.3851], [-99.33267, 36.39102], [-99.32923, 36.39109], [-99.3293, 36.38738], [-99.32896, 36.38714], [-99.32863, 36.38738], [-99.32857, 36.3911], [-99.31815, 36.39134], [-99.31798, 36.38463], [-99.31808, 36.37738], [-99.32245, 36.37729], [-99.32365, 36.37762], [-99.3243, 36.37738], [-99.33554, 36.38294], [-99.33538, 36.3845], [-99.32906, 36.38467], [-99.32874, 36.38492]], [[-99.32145, 36.37881], [-99.32217, 36.37869], [-99.32225, 36.3784], [-99.32204, 36.37813], [-99.32152, 36.37802], [-99.32124, 36.37815], [-99.32116, 36.37851], [-99.32145, 36.37881]], [[-99.32675, 36.38053], [-99.32713, 36.38054], [-99.32735, 36.38034], [-99.32748, 36.37991], [-99.32721, 36.37962], [-99.32667, 36.3798], [-99.32653, 36.38027], [-99.32675, 36.38053]]], [[[-99.30985, 36.43459], [-99.30007, 36.43469], [-99.3001, 36.42087], [-99.31742, 36.42076], [-99.31758, 36.43254], [-99.31095, 36.43454], [-99.31003, 36.43476], [-99.30985, 36.43459]], [[-99.31566, 36.42736], [-99.31607, 36.42745], [-99.31643, 36.4272], [-99.31637, 36.42666], [-99.31601, 36.42655], [-99.31569, 36.42668], [-99.31552, 36.42711], [-99.31566, 36.42736]], [[-99.31279, 36.43071], [-99.31265, 36.43101], [-99.31296, 36.43136], [-99.31361, 36.43128], [-99.31363, 36.43068], [-99.31326, 36.43056], [-99.31279, 36.43071]]], [[[-99.31462, 36.40264], [-99.31749, 36.4021], [-99.31734, 36.40609], [-99.31742, 36.42022], [-99.3001, 36.42033], [-99.30012, 36.41147], [-99.3006, 36.41162], [-99.30109, 36.41121], [-99.30067, 36.41072], [-99.30012, 36.41072], [-99.29999, 36.39917], [-99.30021, 36.39191], [-99.31748, 36.3919], [-99.3175, 36.40156], [-99.3136, 36.40226], [-99.31038, 36.40173], [-99.30846, 36.40257], [-99.30777, 36.40453], [-99.30804, 36.40471], [-99.30837, 36.40458], [-99.30885, 36.40368], [-99.30901, 36.40289], [-99.31058, 36.40225], [-99.31341, 36.4028], [-99.31462, 36.40264]], [[-99.30414, 36.40353], [-99.30448, 36.40343], [-99.30459, 36.40311], [-99.30434, 36.40271], [-99.30397, 36.40264], [-99.30367, 36.40287], [-99.30368, 36.40323], [-99.30414, 36.40353]], [[-99.30769, 36.40875], [-99.30705, 36.40851], [-99.30674, 36.40904], [-99.30712, 36.40933], [-99.30759, 36.40928], [-99.30779, 36.40908], [-99.30769, 36.40875]], [[-99.31412, 36.41287], [-99.31401, 36.41259], [-99.31324, 36.41228], [-99.31243, 36.41281], [-99.31252, 36.41248], [-99.31211, 36.41231], [-99.31095, 36.41272], [-99.31085, 36.41326], [-99.31119, 36.41355], [-99.31192, 36.41371], [-99.31323, 36.41313], [-99.31384, 36.41313], [-99.31412, 36.41287]], [[-99.30029, 36.41538], [-99.30055, 36.4157], [-99.30086, 36.41575], [-99.3014, 36.41538], [-99.3014, 36.41508], [-99.30107, 36.4148], [-99.30076, 36.41479], [-99.30033, 36.41512], [-99.30029, 36.41538]], [[-99.30021, 36.41659], [-99.30047, 36.41716], [-99.30121, 36.41701], [-99.30119, 36.41624], [-99.30101, 36.41606], [-99.30053, 36.41611], [-99.30021, 36.41659]]], [[[-99.31102, 36.39139], [-99.30022, 36.39137], [-99.30013, 36.37742], [-99.31098, 36.37753], [-99.31741, 36.3774], [-99.31731, 36.38463], [-99.31748, 36.39136], [-99.31102, 36.39139]]], [[[-99.29946, 36.37742], [-99.29955, 36.39139], [-99.28204, 36.39155], [-99.28202, 36.37789], [-99.28247, 36.37782], [-99.28265, 36.37761], [-99.29946, 36.37742]]], [[[-99.31809, 36.37504], [-99.31808, 36.37447], [-99.32364, 36.37707], [-99.32249, 36.37675], [-99.31808, 36.37684], [-99.31809, 36.37504]]], [[[-99.30265, 36.36722], [-99.30782, 36.36967], [-99.30723, 36.3697], [-99.307, 36.36988], [-99.30732, 36.37066], [-99.30819, 36.37046], [-99.30823, 36.36986], [-99.31748, 36.37419], [-99.31741, 36.37686], [-99.31098, 36.37699], [-99.30011, 36.37687], [-99.30017, 36.36532], [-99.30152, 36.36651], [-99.30265, 36.36722]]], [[[-99.33599, 36.38221], [-99.33053, 36.37967], [-99.32836, 36.37839], [-99.32518, 36.37689], [-99.3265, 36.37718], [-99.33541, 36.37693], [-99.33538, 36.38121], [-99.33599, 36.38221]]], [[[-99.28637, 36.40581], [-99.28216, 36.40587], [-99.28203, 36.39209], [-99.29954, 36.39193], [-99.29932, 36.39917], [-99.29949, 36.40586], [-99.2865, 36.40596], [-99.28637, 36.40581]], [[-99.29131, 36.40482], [-99.29163, 36.40497], [-99.29193, 36.40488], [-99.29207, 36.40449], [-99.29194, 36.40422], [-99.29119, 36.40426], [-99.29131, 36.40482]]], [[[-99.29769, 36.40636], [-99.2995, 36.40641], [-99.29943, 36.42034], [-99.2978, 36.42035], [-99.29815, 36.41957], [-99.29774, 36.41924], [-99.29732, 36.41939], [-99.29684, 36.42036], [-99.28205, 36.42042], [-99.28216, 36.40643], [-99.28595, 36.40628], [-99.28631, 36.40651], [-99.29769, 36.40636]], [[-99.29387, 36.41688], [-99.29346, 36.4171], [-99.29357, 36.41746], [-99.29402, 36.41763], [-99.2945, 36.41746], [-99.2945, 36.41701], [-99.29387, 36.41688]]], [[[-99.28355, 36.43327], [-99.28213, 36.43194], [-99.28205, 36.42096], [-99.29943, 36.42088], [-99.2994, 36.4347], [-99.28542, 36.4348], [-99.28466, 36.43422], [-99.28497, 36.43398], [-99.28487, 36.43362], [-99.28442, 36.43351], [-99.28398, 36.43364], [-99.28355, 36.43327]], [[-99.29247, 36.42968], [-99.29219, 36.4294], [-99.29136, 36.42968], [-99.29094, 36.42955], [-99.29064, 36.42996], [-99.29013, 36.43022], [-99.29009, 36.43048], [-99.29038, 36.43079], [-99.2908, 36.43079], [-99.29226, 36.43002], [-99.29247, 36.42968]]], [[[-99.28086, 36.30477], [-99.27549, 36.3048], [-99.27552, 36.30439], [-99.27509, 36.3041], [-99.27466, 36.30434], [-99.27439, 36.3048], [-99.26473, 36.30476], [-99.26473, 36.29087], [-99.28166, 36.29091], [-99.28175, 36.30475], [-99.28086, 36.30477]], [[-99.27301, 36.29198], [-99.27268, 36.29152], [-99.27214, 36.29169], [-99.27215, 36.29196], [-99.27245, 36.29219], [-99.27278, 36.29219], [-99.27301, 36.29198]], [[-99.27929, 36.29321], [-99.27902, 36.29305], [-99.27866, 36.29309], [-99.27839, 36.29333], [-99.27845, 36.29371], [-99.27902, 36.29381], [-99.27931, 36.2935], [-99.27929, 36.29321]], [[-99.27153, 36.29598], [-99.27151, 36.29571], [-99.27107, 36.29544], [-99.27072, 36.29544], [-99.27047, 36.29564], [-99.27051, 36.29596], [-99.27089, 36.29632], [-99.27121, 36.29629], [-99.27153, 36.29598]], [[-99.27199, 36.29891], [-99.27269, 36.29909], [-99.27298, 36.29866], [-99.27266, 36.29833], [-99.27234, 36.2983], [-99.27199, 36.29855], [-99.27199, 36.29891]], [[-99.27906, 36.3012], [-99.27863, 36.3008], [-99.27815, 36.30118], [-99.27829, 36.30145], [-99.27864, 36.30157], [-99.27906, 36.3012]], [[-99.26853, 36.2983], [-99.26826, 36.29806], [-99.26794, 36.29809], [-99.26778, 36.29869], [-99.26833, 36.29882], [-99.26856, 36.2986], [-99.26853, 36.2983]]], [[[-99.30349, 36.46344], [-99.30183, 36.46346], [-99.30185, 36.45998], [-99.30856, 36.45994], [-99.30854, 36.45632], [-99.31154, 36.45631], [-99.31108, 36.45697], [-99.31043, 36.45706], [-99.31003, 36.45735], [-99.30955, 36.45903], [-99.30944, 36.46194], [-99.30992, 36.46242], [-99.31057, 36.46237], [-99.31168, 36.46146], [-99.31178, 36.45962], [-99.31231, 36.45833], [-99.31213, 36.45782], [-99.31162, 36.45729], [-99.31217, 36.45651], [-99.31403, 36.45802], [-99.31639, 36.45886], [-99.30979, 36.46313], [-99.30855, 36.46337], [-99.30349, 36.46344]]], [[[-99.28214, 36.45354], [-99.28213, 36.45307], [-99.28625, 36.45302], [-99.28625, 36.45668], [-99.29511, 36.45659], [-99.29507, 36.46352], [-99.28243, 36.46365], [-99.28217, 36.46336], [-99.28214, 36.45354]], [[-99.29016, 36.46009], [-99.29038, 36.45876], [-99.28979, 36.45847], [-99.28941, 36.45878], [-99.28941, 36.46002], [-99.2898, 36.46026], [-99.29016, 36.46009]]], [[[-99.33584, 36.46293], [-99.33589, 36.45625], [-99.34037, 36.45622], [-99.34026, 36.45682], [-99.34042, 36.45718], [-99.34192, 36.45745], [-99.34227, 36.45703], [-99.34298, 36.45785], [-99.34255, 36.45832], [-99.34256, 36.45858], [-99.34354, 36.4588], [-99.34436, 36.45852], [-99.34434, 36.45679], [-99.3441, 36.45656], [-99.34296, 36.4562], [-99.34551, 36.45612], [-99.34544, 36.45655], [-99.3458, 36.45673], [-99.34659, 36.45637], [-99.34673, 36.45611], [-99.35316, 36.45606], [-99.35308, 36.45956], [-99.35228, 36.45947], [-99.35187, 36.45993], [-99.35191, 36.46077], [-99.3523, 36.46112], [-99.35277, 36.46099], [-99.3529, 36.46064], [-99.35276, 36.46035], [-99.35306, 36.46016], [-99.35304, 36.46138], [-99.35257, 36.4613], [-99.35205, 36.46193], [-99.35237, 36.4623], [-99.35302, 36.46213], [-99.35301, 36.46285], [-99.33584, 36.46293]], [[-99.35101, 36.45942], [-99.35139, 36.45905], [-99.35129, 36.45845], [-99.35102, 36.45826], [-99.35028, 36.45843], [-99.35031, 36.45904], [-99.34926, 36.45859], [-99.34876, 36.45881], [-99.34909, 36.45933], [-99.34955, 36.45951], [-99.35022, 36.45954], [-99.35039, 36.45916], [-99.35048, 36.45955], [-99.35101, 36.45942]], [[-99.34381, 36.46115], [-99.34403, 36.46062], [-99.34355, 36.45955], [-99.3424, 36.45918], [-99.34198, 36.45862], [-99.34158, 36.45845], [-99.34055, 36.45892], [-99.34014, 36.45958], [-99.34036, 36.45996], [-99.34095, 36.46006], [-99.34149, 36.45953], [-99.34268, 36.46043], [-99.34261, 36.46073], [-99.34227, 36.46087], [-99.34122, 36.46067], [-99.34093, 36.46075], [-99.34069, 36.46123], [-99.34085, 36.46191], [-99.34171, 36.46233], [-99.34268, 36.46225], [-99.34328, 36.46187], [-99.34381, 36.46115]]], [[[-99.31105, 36.46127], [-99.31012, 36.46188], [-99.3102, 36.45914], [-99.31062, 36.4576], [-99.31101, 36.45755], [-99.31164, 36.45831], [-99.31111, 36.45953], [-99.31105, 36.46127]]], [[[-99.29837, 36.57942], [-99.28173, 36.57941], [-99.28172, 36.56547], [-99.29931, 36.56545], [-99.2995, 36.57942], [-99.29837, 36.57942]], [[-99.286, 36.56654], [-99.28633, 36.56653], [-99.28661, 36.56628], [-99.28637, 36.56581], [-99.28595, 36.56581], [-99.28565, 36.56604], [-99.28567, 36.56634], [-99.286, 36.56654]], [[-99.28833, 36.57538], [-99.28784, 36.5751], [-99.28745, 36.57532], [-99.28741, 36.57563], [-99.28764, 36.57583], [-99.28796, 36.57583], [-99.28833, 36.57538]], [[-99.28866, 36.57892], [-99.28923, 36.5791], [-99.28974, 36.57879], [-99.28978, 36.57849], [-99.28948, 36.57825], [-99.28898, 36.57828], [-99.28865, 36.57852], [-99.28866, 36.57892]]], [[[-99.2811, 36.5634], [-99.28106, 36.56493], [-99.26446, 36.56507], [-99.26445, 36.55118], [-99.2811, 36.55094], [-99.2811, 36.5563], [-99.28076, 36.55672], [-99.2811, 36.55711], [-99.2811, 36.5634]]], [[[-99.28177, 36.55788], [-99.28194, 36.55673], [-99.28177, 36.55642], [-99.28177, 36.55093], [-99.29912, 36.55089], [-99.29931, 36.56491], [-99.28173, 36.56492], [-99.28177, 36.55788]]], [[[-99.26441, 36.53659], [-99.28116, 36.53651], [-99.2811, 36.5504], [-99.26445, 36.55064], [-99.26441, 36.53659]]], [[[-99.29915, 36.54085], [-99.29912, 36.55035], [-99.28177, 36.55039], [-99.2818, 36.54461], [-99.28222, 36.54417], [-99.2818, 36.54375], [-99.28183, 36.53651], [-99.29911, 36.53642], [-99.29915, 36.54085]], [[-99.28869, 36.54973], [-99.28859, 36.54944], [-99.28819, 36.54924], [-99.28777, 36.54947], [-99.2877, 36.5498], [-99.28786, 36.55004], [-99.28824, 36.55016], [-99.28869, 36.54973]]], [[[-99.28195, 36.52208], [-99.29891, 36.52199], [-99.29909, 36.53588], [-99.28184, 36.53596], [-99.28188, 36.53027], [-99.28227, 36.5297], [-99.28189, 36.52938], [-99.28195, 36.52208]]], [[[-99.34394, 36.55505], [-99.3445, 36.5548], [-99.34681, 36.55279], [-99.34697, 36.55038], [-99.35383, 36.55029], [-99.35388, 36.56436], [-99.34447, 36.56442], [-99.34444, 36.56412], [-99.34399, 36.56394], [-99.34361, 36.56412], [-99.34353, 36.56442], [-99.33602, 36.56447], [-99.33585, 36.55037], [-99.33754, 36.55051], [-99.3388, 36.55034], [-99.3463, 36.55038], [-99.34619, 36.55255], [-99.3437, 36.55462], [-99.34366, 36.5549], [-99.34394, 36.55505]], [[-99.33886, 36.56233], [-99.3389, 36.56206], [-99.33862, 36.5618], [-99.33815, 36.56168], [-99.33787, 36.56182], [-99.33784, 36.56228], [-99.33809, 36.5625], [-99.33854, 36.56253], [-99.33886, 36.56233]]], [[[-99.35388, 36.58287], [-99.35442, 36.5846], [-99.35375, 36.58769], [-99.35377, 36.59436], [-99.34825, 36.59439], [-99.34751, 36.59408], [-99.34711, 36.5944], [-99.34468, 36.59442], [-99.34488, 36.59416], [-99.34481, 36.59367], [-99.34449, 36.59346], [-99.34465, 36.59312], [-99.34408, 36.59276], [-99.34378, 36.59289], [-99.34371, 36.59314], [-99.3442, 36.59354], [-99.34405, 36.59404], [-99.3443, 36.59442], [-99.31825, 36.59457], [-99.31858, 36.58003], [-99.33997, 36.57957], [-99.35381, 36.57946], [-99.35388, 36.58287]], [[-99.345, 36.59223], [-99.34499, 36.59194], [-99.34466, 36.59169], [-99.34418, 36.59167], [-99.34393, 36.59186], [-99.344, 36.59229], [-99.34428, 36.5925], [-99.34463, 36.59251], [-99.345, 36.59223]], [[-99.33657, 36.5913], [-99.33683, 36.59032], [-99.33653, 36.59015], [-99.33571, 36.59019], [-99.33538, 36.59052], [-99.33556, 36.59111], [-99.33543, 36.59133], [-99.33425, 36.59197], [-99.33386, 36.59276], [-99.33395, 36.59305], [-99.33442, 36.59309], [-99.33519, 36.59227], [-99.33545, 36.59269], [-99.33601, 36.59276], [-99.33618, 36.59253], [-99.336, 36.59185], [-99.33657, 36.5913]]], [[[-99.31079, 36.57752], [-99.31106, 36.57808], [-99.31091, 36.57949], [-99.30017, 36.57942], [-99.29998, 36.56545], [-99.31783, 36.56555], [-99.31791, 36.5795], [-99.31158, 36.57948], [-99.31173, 36.57804], [-99.3116, 36.57761], [-99.31117, 36.57728], [-99.31079, 36.57752]], [[-99.30487, 36.56725], [-99.30529, 36.56715], [-99.30548, 36.56678], [-99.30562, 36.566], [-99.30528, 36.56572], [-99.30462, 36.56591], [-99.30437, 36.56616], [-99.30452, 36.56694], [-99.30487, 36.56725]]], [[[-99.32282, 36.56542], [-99.33535, 36.56502], [-99.3356, 36.57918], [-99.31858, 36.57949], [-99.3185, 36.56555], [-99.32282, 36.56542]], [[-99.3302, 36.56978], [-99.32994, 36.5696], [-99.3296, 36.56965], [-99.3294, 36.56997], [-99.32949, 36.57021], [-99.33001, 36.57029], [-99.3302, 36.56978]]], [[[-99.3538, 36.57892], [-99.33627, 36.57916], [-99.33602, 36.56501], [-99.35388, 36.5649], [-99.3538, 36.57892]]], [[[-99.31847, 36.55084], [-99.33518, 36.55039], [-99.33535, 36.56448], [-99.3185, 36.565], [-99.31847, 36.55084]]], [[[-99.29998, 36.56491], [-99.29979, 36.55089], [-99.3178, 36.55085], [-99.31783, 36.56501], [-99.29998, 36.56491]], [[-99.31087, 36.55261], [-99.31087, 36.55233], [-99.31049, 36.55206], [-99.31004, 36.55202], [-99.30976, 36.55221], [-99.30978, 36.55254], [-99.3101, 36.55275], [-99.31053, 36.55281], [-99.31087, 36.55261]], [[-99.30171, 36.55809], [-99.30167, 36.55777], [-99.30137, 36.55756], [-99.30102, 36.55759], [-99.30076, 36.55784], [-99.30081, 36.55816], [-99.30113, 36.55835], [-99.30147, 36.55835], [-99.30171, 36.55809]], [[-99.30287, 36.56363], [-99.30314, 36.56344], [-99.30316, 36.56316], [-99.30296, 36.56279], [-99.30264, 36.56271], [-99.30226, 36.56296], [-99.30221, 36.56327], [-99.30255, 36.56359], [-99.30287, 36.56363]]], [[[-99.25496, 36.50568], [-99.25494, 36.50709], [-99.21054, 36.50709], [-99.21064, 36.48546], [-99.2113, 36.48559], [-99.21155, 36.48514], [-99.21126, 36.48472], [-99.21064, 36.48485], [-99.21064, 36.47876], [-99.22441, 36.47868], [-99.22447, 36.4791], [-99.22483, 36.47926], [-99.22518, 36.47908], [-99.22513, 36.47868], [-99.22795, 36.47867], [-99.22799, 36.49282], [-99.22829, 36.49309], [-99.22864, 36.4929], [-99.22879, 36.45243], [-99.23013, 36.45243], [-99.23102, 36.45275], [-99.23134, 36.45265], [-99.2315, 36.45236], [-99.23118, 36.45197], [-99.22879, 36.45189], [-99.22878, 36.44981], [-99.27835, 36.44981], [-99.27912, 36.44985], [-99.28016, 36.45019], [-99.28126, 36.4513], [-99.28147, 36.45354], [-99.28151, 36.46393], [-99.28129, 36.50698], [-99.26437, 36.50711], [-99.26447, 36.49296], [-99.26417, 36.49269], [-99.2638, 36.49296], [-99.2637, 36.50711], [-99.25561, 36.50709], [-99.2556, 36.50561], [-99.25526, 36.50544], [-99.25496, 36.50568]], [[-99.27297, 36.45318], [-99.27355, 36.45296], [-99.27343, 36.45235], [-99.27299, 36.45212], [-99.27232, 36.45211], [-99.27206, 36.45235], [-99.27206, 36.45294], [-99.27234, 36.45319], [-99.27297, 36.45318]], [[-99.27235, 36.49513], [-99.27276, 36.49496], [-99.27289, 36.49468], [-99.27275, 36.49436], [-99.27239, 36.49416], [-99.272, 36.49424], [-99.27176, 36.49461], [-99.27193, 36.49503], [-99.27235, 36.49513]], [[-99.26163, 36.45079], [-99.26188, 36.45137], [-99.26226, 36.45135], [-99.26256, 36.45106], [-99.26258, 36.45072], [-99.26229, 36.45051], [-99.26194, 36.45051], [-99.26163, 36.45079]], [[-99.26659, 36.45209], [-99.26697, 36.45202], [-99.26735, 36.45155], [-99.26694, 36.45107], [-99.26657, 36.45111], [-99.26616, 36.45146], [-99.26618, 36.45178], [-99.26659, 36.45209]], [[-99.25331, 36.46366], [-99.2535, 36.46386], [-99.2462, 36.46381], [-99.24589, 36.4641], [-99.24618, 36.46435], [-99.25037, 36.46442], [-99.25793, 36.46451], [-99.25824, 36.46428], [-99.25797, 36.46397], [-99.25397, 36.46386], [-99.25417, 36.46342], [-99.25379, 36.46313], [-99.25335, 36.46329], [-99.25331, 36.46366]], [[-99.24549, 36.47181], [-99.24583, 36.47142], [-99.24531, 36.47106], [-99.24493, 36.47143], [-99.24518, 36.47174], [-99.24549, 36.47181]], [[-99.25299, 36.47678], [-99.25339, 36.47667], [-99.25351, 36.47637], [-99.25291, 36.47593], [-99.25245, 36.47606], [-99.2523, 36.47635], [-99.25246, 36.47667], [-99.25299, 36.47678]], [[-99.25103, 36.4963], [-99.25164, 36.49623], [-99.25209, 36.49592], [-99.25226, 36.49519], [-99.25202, 36.49491], [-99.25173, 36.49489], [-99.25051, 36.49545], [-99.25071, 36.49612], [-99.25103, 36.4963]], [[-99.26323, 36.50229], [-99.26298, 36.50195], [-99.26256, 36.50194], [-99.26196, 36.50224], [-99.26189, 36.50258], [-99.26219, 36.50286], [-99.26281, 36.50294], [-99.26314, 36.50271], [-99.26323, 36.50229]], [[-99.23568, 36.451], [-99.23595, 36.45073], [-99.23588, 36.45032], [-99.23499, 36.45025], [-99.23481, 36.45052], [-99.23492, 36.4509], [-99.23568, 36.451]], [[-99.22891, 36.47029], [-99.22902, 36.47083], [-99.22967, 36.47088], [-99.22991, 36.47075], [-99.2298, 36.47019], [-99.22916, 36.47014], [-99.22891, 36.47029]], [[-99.21657, 36.48875], [-99.21687, 36.48858], [-99.2169, 36.48827], [-99.21673, 36.48798], [-99.21638, 36.48791], [-99.21613, 36.48809], [-99.2161, 36.48845], [-99.21657, 36.48875]], [[-99.21211, 36.49349], [-99.21232, 36.49378], [-99.21267, 36.49383], [-99.21305, 36.49366], [-99.21315, 36.4934], [-99.21297, 36.49318], [-99.21258, 36.49314], [-99.21224, 36.49324], [-99.21211, 36.49349]], [[-99.23344, 36.49438], [-99.23376, 36.49396], [-99.23355, 36.49372], [-99.2332, 36.49369], [-99.23292, 36.49414], [-99.23344, 36.49438]], [[-99.23741, 36.49555], [-99.23751, 36.49519], [-99.23722, 36.49475], [-99.23661, 36.49475], [-99.23648, 36.49507], [-99.23677, 36.49555], [-99.23741, 36.49555]], [[-99.22009, 36.50028], [-99.22027, 36.50002], [-99.22014, 36.49978], [-99.21971, 36.49967], [-99.21938, 36.49982], [-99.21947, 36.50028], [-99.22009, 36.50028]]], [[[-99.22806, 36.47029], [-99.22795, 36.47813], [-99.21065, 36.47822], [-99.21081, 36.46436], [-99.22811, 36.46429], [-99.22806, 36.47029]], [[-99.21252, 36.47084], [-99.21278, 36.47125], [-99.21321, 36.47126], [-99.21344, 36.47106], [-99.21312, 36.47063], [-99.21274, 36.47063], [-99.21252, 36.47084]]], [[[-99.21864, 36.45007], [-99.21823, 36.44982], [-99.22812, 36.44982], [-99.22811, 36.46375], [-99.21081, 36.46382], [-99.21067, 36.44984], [-99.21756, 36.44982], [-99.21774, 36.45023], [-99.21805, 36.45037], [-99.21806, 36.45146], [-99.21839, 36.45168], [-99.21872, 36.45143], [-99.21864, 36.45007]], [[-99.21399, 36.45719], [-99.21462, 36.45727], [-99.21477, 36.4568], [-99.21408, 36.45664], [-99.21387, 36.45695], [-99.21399, 36.45719]], [[-99.22293, 36.46349], [-99.22288, 36.46304], [-99.22245, 36.46281], [-99.22209, 36.46291], [-99.22206, 36.46337], [-99.22251, 36.46358], [-99.22293, 36.46349]]], [[[-99.20357, 36.44912], [-99.20434, 36.4493], [-99.20234, 36.44932], [-99.2033, 36.4488], [-99.20435, 36.44771], [-99.20434, 36.44875], [-99.2037, 36.44879], [-99.20357, 36.44912]]], [[[-99.20502, 36.44793], [-99.20491, 36.44649], [-99.20565, 36.44651], [-99.20558, 36.44931], [-99.20501, 36.4493], [-99.20502, 36.44793]]], [[[-99.22243, 36.43535], [-99.22243, 36.43664], [-99.22187, 36.43698], [-99.22182, 36.43794], [-99.22224, 36.43839], [-99.22312, 36.43835], [-99.22311, 36.43918], [-99.22809, 36.43901], [-99.22809, 36.43916], [-99.21289, 36.43973], [-99.21575, 36.43952], [-99.21562, 36.43789], [-99.21269, 36.43804], [-99.21277, 36.43914], [-99.21022, 36.43982], [-99.2102, 36.43928], [-99.21078, 36.43908], [-99.21082, 36.43795], [-99.2102, 36.43776], [-99.21009, 36.43683], [-99.20896, 36.43676], [-99.20896, 36.43537], [-99.22243, 36.43535]]], [[[-99.2108, 36.44178], [-99.21079, 36.44122], [-99.21111, 36.44082], [-99.21104, 36.44041], [-99.22809, 36.43975], [-99.22811, 36.44927], [-99.20625, 36.44931], [-99.20633, 36.44495], [-99.20716, 36.44493], [-99.20739, 36.44467], [-99.20727, 36.44422], [-99.2082, 36.44422], [-99.20845, 36.44397], [-99.20818, 36.4437], [-99.20636, 36.44367], [-99.2064, 36.44257], [-99.20757, 36.4425], [-99.20751, 36.4421], [-99.20677, 36.44204], [-99.20716, 36.44153], [-99.20783, 36.44159], [-99.20825, 36.44144], [-99.20855, 36.44065], [-99.20924, 36.44061], [-99.20943, 36.44104], [-99.21012, 36.44129], [-99.21035, 36.44233], [-99.21085, 36.44237], [-99.21129, 36.44214], [-99.21124, 36.4418], [-99.2108, 36.44178]]], [[[-99.21016, 36.43483], [-99.20897, 36.43483], [-99.20897, 36.43437], [-99.21015, 36.43434], [-99.21016, 36.43483]]], [[[-99.21508, 36.40652], [-99.22814, 36.4065], [-99.22801, 36.42033], [-99.21079, 36.42038], [-99.21087, 36.40653], [-99.21508, 36.40652]], [[-99.21819, 36.41098], [-99.21788, 36.41115], [-99.21757, 36.41176], [-99.21799, 36.41215], [-99.21869, 36.41199], [-99.21903, 36.41159], [-99.21886, 36.41121], [-99.21819, 36.41098]], [[-99.22512, 36.41282], [-99.22546, 36.41282], [-99.22545, 36.41348], [-99.22698, 36.41348], [-99.22698, 36.41228], [-99.22805, 36.41228], [-99.22805, 36.41176], [-99.22512, 36.41176], [-99.22512, 36.41282]]], [[[-99.21306, 36.42888], [-99.21082, 36.42879], [-99.21079, 36.42092], [-99.22801, 36.42087], [-99.22812, 36.43481], [-99.21351, 36.43483], [-99.21347, 36.434], [-99.21297, 36.43379], [-99.21295, 36.43286], [-99.21249, 36.43253], [-99.21144, 36.43267], [-99.21127, 36.43379], [-99.21082, 36.4338], [-99.21083, 36.43087], [-99.21248, 36.43087], [-99.21253, 36.43114], [-99.21279, 36.43128], [-99.21403, 36.43127], [-99.21431, 36.43111], [-99.21432, 36.42942], [-99.21407, 36.42926], [-99.21315, 36.42926], [-99.21306, 36.42888]]], [[[-99.21265, 36.43434], [-99.21285, 36.43433], [-99.21284, 36.43483], [-99.21083, 36.43483], [-99.21082, 36.43434], [-99.21265, 36.43434]]], [[[-99.26081, 36.44928], [-99.22878, 36.44927], [-99.22876, 36.43972], [-99.26383, 36.43843], [-99.26404, 36.44928], [-99.26081, 36.44928]], [[-99.25124, 36.44207], [-99.25172, 36.44216], [-99.25228, 36.44195], [-99.25258, 36.44159], [-99.2525, 36.44126], [-99.25199, 36.44111], [-99.25164, 36.44121], [-99.25111, 36.44167], [-99.25124, 36.44207]], [[-99.25389, 36.44481], [-99.25481, 36.44473], [-99.2549, 36.44436], [-99.25469, 36.44403], [-99.25412, 36.44396], [-99.25382, 36.44411], [-99.2537, 36.44455], [-99.25389, 36.44481]], [[-99.25673, 36.44571], [-99.25646, 36.44535], [-99.25685, 36.44515], [-99.25687, 36.44478], [-99.25645, 36.44453], [-99.25588, 36.44457], [-99.25558, 36.44511], [-99.25563, 36.44602], [-99.25634, 36.44614], [-99.25673, 36.44571]], [[-99.25792, 36.44606], [-99.25835, 36.44594], [-99.25848, 36.44563], [-99.25822, 36.44526], [-99.2577, 36.44519], [-99.25736, 36.44563], [-99.25792, 36.44606]], [[-99.25948, 36.44733], [-99.25988, 36.44726], [-99.2601, 36.44694], [-99.26005, 36.44666], [-99.25976, 36.44649], [-99.2593, 36.44655], [-99.25906, 36.44695], [-99.25912, 36.4472], [-99.25948, 36.44733]]], [[[-99.26051, 36.43676], [-99.2638, 36.43719], [-99.26381, 36.43776], [-99.22876, 36.43913], [-99.22875, 36.43535], [-99.23618, 36.43552], [-99.25035, 36.4355], [-99.26051, 36.43676]], [[-99.23699, 36.43624], [-99.23723, 36.43655], [-99.23778, 36.43654], [-99.23797, 36.4363], [-99.23796, 36.43574], [-99.23768, 36.43559], [-99.2372, 36.43563], [-99.23699, 36.43624]]], [[[-99.26453, 36.34018], [-99.26366, 36.33916], [-99.26613, 36.34086], [-99.28008, 36.34806], [-99.2645, 36.3481], [-99.26453, 36.34018]], [[-99.27011, 36.34538], [-99.27058, 36.34559], [-99.27098, 36.3454], [-99.27104, 36.34516], [-99.27072, 36.34484], [-99.27042, 36.34481], [-99.2701, 36.34508], [-99.27011, 36.34538]], [[-99.27534, 36.34674], [-99.27512, 36.34643], [-99.27472, 36.34645], [-99.27435, 36.3468], [-99.27426, 36.34741], [-99.27513, 36.3475], [-99.27534, 36.34674]]], [[[-99.2467, 36.34862], [-99.2619, 36.34864], [-99.26195, 36.34905], [-99.26231, 36.34924], [-99.26285, 36.34901], [-99.26279, 36.34864], [-99.26383, 36.34864], [-99.26374, 36.36964], [-99.24674, 36.36968], [-99.24662, 36.36387], [-99.24722, 36.36387], [-99.24749, 36.36356], [-99.24717, 36.36316], [-99.2466, 36.36319], [-99.2467, 36.34862]], [[-99.25519, 36.34892], [-99.25488, 36.34871], [-99.25454, 36.34881], [-99.25459, 36.34944], [-99.25489, 36.34951], [-99.25516, 36.34936], [-99.25519, 36.34892]], [[-99.25255, 36.35006], [-99.2525, 36.34971], [-99.25221, 36.3495], [-99.2517, 36.34955], [-99.25146, 36.34976], [-99.25194, 36.35041], [-99.25229, 36.35034], [-99.25255, 36.35006]], [[-99.2615, 36.35122], [-99.26135, 36.35093], [-99.26092, 36.35073], [-99.26057, 36.35072], [-99.26035, 36.35093], [-99.2604, 36.35127], [-99.26089, 36.35166], [-99.26122, 36.35162], [-99.2615, 36.35122]], [[-99.25058, 36.35108], [-99.25007, 36.35091], [-99.24975, 36.35115], [-99.24975, 36.35144], [-99.25029, 36.35161], [-99.25058, 36.35108]], [[-99.24932, 36.35459], [-99.24896, 36.35432], [-99.24863, 36.3543], [-99.24834, 36.35489], [-99.24863, 36.35509], [-99.24911, 36.35508], [-99.24937, 36.35486], [-99.24932, 36.35459]], [[-99.26004, 36.35765], [-99.26019, 36.3571], [-99.25987, 36.3567], [-99.25953, 36.35667], [-99.25901, 36.35721], [-99.259, 36.35756], [-99.25945, 36.3578], [-99.26004, 36.35765]], [[-99.26102, 36.36154], [-99.26107, 36.36141], [-99.26199, 36.36156], [-99.26223, 36.36116], [-99.26195, 36.36092], [-99.26111, 36.36075], [-99.26088, 36.36102], [-99.26056, 36.36099], [-99.26021, 36.36123], [-99.25982, 36.36166], [-99.25985, 36.36204], [-99.26041, 36.36219], [-99.26063, 36.36199], [-99.26058, 36.36174], [-99.26102, 36.36154]], [[-99.25729, 36.3634], [-99.257, 36.36321], [-99.25654, 36.36333], [-99.25574, 36.36317], [-99.25506, 36.36323], [-99.25481, 36.36352], [-99.2551, 36.36388], [-99.25658, 36.3641], [-99.25725, 36.36369], [-99.25729, 36.3634]]], [[[-99.24607, 36.36995], [-99.24592, 36.37703], [-99.22944, 36.37701], [-99.22913, 36.36644], [-99.22977, 36.36628], [-99.22998, 36.36566], [-99.22969, 36.36535], [-99.22906, 36.36535], [-99.22897, 36.36309], [-99.24593, 36.36298], [-99.24607, 36.36995]], [[-99.244, 36.36328], [-99.24372, 36.36307], [-99.24338, 36.36308], [-99.24314, 36.3633], [-99.24315, 36.36366], [-99.24378, 36.36382], [-99.24403, 36.3636], [-99.244, 36.36328]], [[-99.24389, 36.36573], [-99.24353, 36.36532], [-99.24303, 36.36553], [-99.24335, 36.36601], [-99.2437, 36.36597], [-99.24389, 36.36573]], [[-99.2419, 36.36651], [-99.24142, 36.36629], [-99.2407, 36.36681], [-99.24018, 36.36692], [-99.23852, 36.36664], [-99.23822, 36.36706], [-99.23847, 36.3673], [-99.23906, 36.36741], [-99.2409, 36.36748], [-99.24187, 36.36688], [-99.2419, 36.36651]], [[-99.23311, 36.37435], [-99.2329, 36.37405], [-99.23249, 36.37402], [-99.23201, 36.37458], [-99.23252, 36.37487], [-99.23311, 36.37435]]], [[[-99.24587, 36.35863], [-99.24593, 36.36244], [-99.22894, 36.36255], [-99.2289, 36.34865], [-99.24603, 36.34862], [-99.24587, 36.35863]]], [[[-99.21248, 36.42953], [-99.21248, 36.43033], [-99.21083, 36.43033], [-99.21083, 36.42933], [-99.21248, 36.42931], [-99.21248, 36.42953]]], [[[-99.21367, 36.4298], [-99.21367, 36.43074], [-99.21315, 36.43074], [-99.21315, 36.4298], [-99.21367, 36.4298]]], [[[-99.28121, 36.53073], [-99.28117, 36.53597], [-99.26441, 36.53605], [-99.26442, 36.5221], [-99.28128, 36.52208], [-99.28121, 36.53073]]], [[[-99.24766, 36.5221], [-99.26375, 36.5221], [-99.26374, 36.53605], [-99.22856, 36.53613], [-99.22849, 36.52405], [-99.22921, 36.52399], [-99.22953, 36.52355], [-99.22927, 36.52328], [-99.22848, 36.52324], [-99.22847, 36.52208], [-99.24766, 36.5221]], [[-99.25531, 36.52731], [-99.25527, 36.52704], [-99.25495, 36.52687], [-99.25448, 36.52698], [-99.25427, 36.52725], [-99.25463, 36.52761], [-99.25531, 36.52731]], [[-99.24965, 36.53012], [-99.25019, 36.53025], [-99.25032, 36.52977], [-99.25005, 36.52957], [-99.24974, 36.52959], [-99.24954, 36.52982], [-99.24965, 36.53012]]], [[[-99.22868, 36.51492], [-99.22847, 36.51479], [-99.22841, 36.50763], [-99.2637, 36.50765], [-99.26375, 36.52156], [-99.22847, 36.52154], [-99.22847, 36.51531], [-99.22868, 36.51492]]], [[[-99.28128, 36.52154], [-99.26442, 36.52156], [-99.26437, 36.50765], [-99.28129, 36.50752], [-99.28128, 36.52154]]], [[[-99.2123, 36.4338], [-99.21194, 36.43379], [-99.21194, 36.43306], [-99.2123, 36.43307], [-99.2123, 36.4338]]], [[[-99.20954, 36.43731], [-99.20953, 36.43776], [-99.20895, 36.43776], [-99.20896, 36.4373], [-99.20954, 36.43731]]], [[[-99.20895, 36.4383], [-99.20953, 36.4383], [-99.20952, 36.43874], [-99.20895, 36.43874], [-99.20895, 36.4383]]], [[[-99.20895, 36.43928], [-99.20953, 36.43928], [-99.20954, 36.43969], [-99.20895, 36.4397], [-99.20895, 36.43928]]], [[[-99.20828, 36.43971], [-99.2077, 36.43972], [-99.2077, 36.43929], [-99.20828, 36.43929], [-99.20828, 36.43971]]], [[[-99.20828, 36.43874], [-99.2077, 36.43874], [-99.2077, 36.4383], [-99.20828, 36.4383], [-99.20828, 36.43874]]], [[[-99.20828, 36.43776], [-99.2077, 36.43776], [-99.20769, 36.4373], [-99.20829, 36.4373], [-99.20828, 36.43776]]], [[[-99.20703, 36.43973], [-99.20638, 36.43974], [-99.20639, 36.43929], [-99.20703, 36.43929], [-99.20703, 36.43973]]], [[[-99.20703, 36.43875], [-99.20639, 36.43875], [-99.2064, 36.43832], [-99.20703, 36.4383], [-99.20703, 36.43875]]], [[[-99.20666, 36.43776], [-99.20646, 36.4373], [-99.20702, 36.4373], [-99.20703, 36.43776], [-99.20666, 36.43776]]], [[[-99.20509, 36.4395], [-99.20572, 36.43938], [-99.20571, 36.43974], [-99.20509, 36.43974], [-99.20509, 36.4395]]], [[[-99.20442, 36.43974], [-99.20385, 36.43975], [-99.20386, 36.43932], [-99.20443, 36.43948], [-99.20442, 36.43974]]], [[[-99.20272, 36.43731], [-99.20446, 36.4373], [-99.20445, 36.43776], [-99.20195, 36.43777], [-99.20196, 36.43732], [-99.20272, 36.43731]]], [[[-99.20054, 36.4375], [-99.20108, 36.43733], [-99.20129, 36.43732], [-99.20128, 36.43762], [-99.20054, 36.43762], [-99.20054, 36.4375]]], [[[-99.19916, 36.43763], [-99.19915, 36.43719], [-99.19987, 36.43749], [-99.19987, 36.43762], [-99.19916, 36.43763]]], [[[-99.19916, 36.43817], [-99.19987, 36.43817], [-99.19986, 36.43877], [-99.19914, 36.43877], [-99.19916, 36.43817]]], [[[-99.19752, 36.4369], [-99.19791, 36.43713], [-99.19848, 36.43713], [-99.19847, 36.43877], [-99.196, 36.43878], [-99.19598, 36.43827], [-99.19572, 36.43809], [-99.19306, 36.43807], [-99.19313, 36.43543], [-99.19825, 36.43541], [-99.19824, 36.4366], [-99.19764, 36.43641], [-99.19752, 36.4369]]], [[[-99.19601, 36.44946], [-99.1929, 36.44934], [-99.19302, 36.44114], [-99.20336, 36.44074], [-99.2036, 36.44094], [-99.20442, 36.44094], [-99.20441, 36.44133], [-99.20192, 36.44134], [-99.20162, 36.44158], [-99.20192, 36.44188], [-99.20441, 36.44187], [-99.20438, 36.44398], [-99.20395, 36.44401], [-99.20377, 36.44425], [-99.20395, 36.44449], [-99.20438, 36.44452], [-99.20431, 36.44617], [-99.20344, 36.44784], [-99.20272, 36.44849], [-99.20179, 36.44895], [-99.20078, 36.44923], [-99.19945, 36.44933], [-99.19953, 36.44455], [-99.1991, 36.44432], [-99.19886, 36.44455], [-99.19878, 36.44933], [-99.19601, 36.44946]], [[-99.19671, 36.44487], [-99.19643, 36.44469], [-99.19671, 36.44422], [-99.19686, 36.44298], [-99.19667, 36.44269], [-99.19632, 36.44262], [-99.19567, 36.44298], [-99.19588, 36.44468], [-99.19557, 36.44497], [-99.19591, 36.44646], [-99.19627, 36.44684], [-99.19671, 36.44655], [-99.19671, 36.44487]]], [[[-99.20134, 36.44021], [-99.20045, 36.44025], [-99.2005, 36.43931], [-99.20128, 36.43931], [-99.20134, 36.44021]]], [[[-99.19987, 36.44024], [-99.19302, 36.44053], [-99.19304, 36.43923], [-99.19983, 36.43931], [-99.19987, 36.44024]]], [[[-99.20955, 36.43341], [-99.20955, 36.43381], [-99.20897, 36.43383], [-99.20897, 36.43341], [-99.20955, 36.43341]]], [[[-99.20774, 36.43342], [-99.2083, 36.43342], [-99.2083, 36.43384], [-99.20774, 36.43384], [-99.20774, 36.43342]]], [[[-99.20707, 36.43351], [-99.20703, 36.43347], [-99.20699, 36.43343], [-99.20707, 36.43343], [-99.20707, 36.43351]]], [[[-99.2061, 36.43484], [-99.20586, 36.43484], [-99.20586, 36.43453], [-99.20637, 36.43458], [-99.20637, 36.43484], [-99.2061, 36.43484]]], [[[-99.20519, 36.43442], [-99.20519, 36.43484], [-99.20516, 36.43484], [-99.20516, 36.43442], [-99.20519, 36.43442]]], [[[-99.20519, 36.43344], [-99.20519, 36.43388], [-99.20517, 36.43388], [-99.20518, 36.43344], [-99.20519, 36.43344]]], [[[-99.20831, 36.43288], [-99.20773, 36.43288], [-99.20772, 36.43231], [-99.20831, 36.43231], [-99.20831, 36.43288]]], [[[-99.20955, 36.43287], [-99.20898, 36.43287], [-99.20898, 36.43232], [-99.20955, 36.43232], [-99.20955, 36.43287]]], [[[-99.20772, 36.43484], [-99.20774, 36.43438], [-99.2083, 36.43438], [-99.2083, 36.43483], [-99.20772, 36.43484]]], [[[-99.20704, 36.43484], [-99.20703, 36.43438], [-99.20707, 36.43438], [-99.20705, 36.43484], [-99.20704, 36.43484]]], [[[-99.20771, 36.43575], [-99.20771, 36.43538], [-99.2083, 36.43537], [-99.20829, 36.43575], [-99.20771, 36.43575]]], [[[-99.20643, 36.43538], [-99.20704, 36.43538], [-99.20704, 36.43575], [-99.20642, 36.43575], [-99.20643, 36.43538]]], [[[-99.2055, 36.43575], [-99.20515, 36.43575], [-99.20516, 36.43538], [-99.20576, 36.43538], [-99.20575, 36.43575], [-99.2055, 36.43575]]], [[[-99.2026, 36.43677], [-99.20196, 36.43677], [-99.20195, 36.43539], [-99.20449, 36.43539], [-99.20448, 36.43576], [-99.20388, 36.43578], [-99.20368, 36.43603], [-99.20389, 36.43628], [-99.20447, 36.4363], [-99.20447, 36.43676], [-99.2026, 36.43677]]], [[[-99.20127, 36.43678], [-99.20109, 36.4361], [-99.20129, 36.43584], [-99.20129, 36.43678], [-99.20127, 36.43678]]], [[[-99.2077, 36.43676], [-99.2077, 36.43629], [-99.20829, 36.43629], [-99.20829, 36.43676], [-99.2077, 36.43676]]], [[[-99.20514, 36.43629], [-99.20575, 36.43629], [-99.20574, 36.43676], [-99.20514, 36.43676], [-99.20514, 36.43629]]], [[[-99.20676, 36.43629], [-99.20703, 36.43629], [-99.20703, 36.43676], [-99.20641, 36.43676], [-99.20642, 36.43629], [-99.20676, 36.43629]]], [[[-99.20509, 36.44092], [-99.2057, 36.44091], [-99.20559, 36.44133], [-99.20508, 36.44133], [-99.20509, 36.44092]]], [[[-99.20574, 36.44195], [-99.20566, 36.4419], [-99.2056, 36.44187], [-99.20572, 36.44187], [-99.20574, 36.44195]]], [[[-99.20568, 36.44393], [-99.20505, 36.44398], [-99.20506, 36.44353], [-99.20569, 36.44352], [-99.20568, 36.44393]]], [[[-99.20566, 36.44497], [-99.20504, 36.44496], [-99.20504, 36.44453], [-99.20567, 36.44453], [-99.20566, 36.44497]]], [[[-99.20565, 36.44551], [-99.20566, 36.44597], [-99.205, 36.44595], [-99.20503, 36.4455], [-99.20565, 36.44551]]], [[[-99.20319, 36.4393], [-99.20265, 36.43976], [-99.20194, 36.43977], [-99.20195, 36.4393], [-99.20319, 36.4393]]], [[[-99.20273, 36.43831], [-99.2032, 36.4383], [-99.2032, 36.43876], [-99.20195, 36.43876], [-99.20196, 36.43831], [-99.20273, 36.43831]]], [[[-99.20054, 36.43816], [-99.20129, 36.43816], [-99.20128, 36.43876], [-99.20053, 36.43877], [-99.20054, 36.43816]]], [[[-99.19363, 36.43862], [-99.19533, 36.43862], [-99.19533, 36.43877], [-99.19363, 36.43879], [-99.19363, 36.43862]]], [[[-99.56808, 36.55631], [-99.56774, 36.55629], [-99.57089, 36.55352], [-99.57121, 36.55361], [-99.57161, 36.55429], [-99.57126, 36.55518], [-99.56808, 36.55631]]], [[[-99.46012, 36.51168], [-99.45964, 36.51068], [-99.45966, 36.51021], [-99.46045, 36.51088], [-99.46041, 36.51142], [-99.46022, 36.51177], [-99.46012, 36.51168]]], [[[-99.4148, 36.4317], [-99.41484, 36.432], [-99.41473, 36.432], [-99.41472, 36.43168], [-99.4148, 36.4317]]], [[[-99.42878, 36.44427], [-99.42873, 36.44428], [-99.42879, 36.44415], [-99.42882, 36.44427], [-99.42878, 36.44427]]], [[[-99.71394, 36.36369], [-99.71401, 36.36315], [-99.71379, 36.36274], [-99.7157, 36.36274], [-99.71494, 36.36341], [-99.71394, 36.36369]]], [[[-99.30397, 36.36039], [-99.304, 36.3603], [-99.30402, 36.36023], [-99.30394, 36.36046], [-99.30397, 36.36039]]], [[[-99.2718, 36.36121], [-99.2717, 36.36141], [-99.27153, 36.36126], [-99.2717, 36.36121], [-99.2718, 36.36121]]]]}, "properties": {"tech": "solar", "area_km2": 1692.28}}]}