{"type": "FeatureCollection", "features": [{"type": "Feature", "geometry": {"type": "MultiPolygon", "coordinates": [[[[-95.52547, 36.16552], [-95.52715, 36.16449], [-95.52951, 36.16423], [-95.53322, 36.16512], [-95.5348, 36.16626], [-95.53553, 36.16786], [-95.53515, 36.16999], [-95.53647, 36.17045], [-95.53742, 36.17113], [-95.53809, 36.17201], [-95.53844, 36.17334], [-95.53755, 36.17605], [-95.53556, 36.17784], [-95.53399, 36.17835], [-95.53218, 36.17834], [-95.53062, 36.1778], [-95.52943, 36.17681], [-95.5289, 36.17587], [-95.52874, 36.17468], [-95.5296, 36.17208], [-95.52798, 36.17194], [-95.52683, 36.17151], [-95.52547, 36.17048], [-95.52469, 36.16927], [-95.52459, 36.16707], [-95.52547, 36.16552]]], [[[-95.52385, 36.17133], [-95.52302, 36.17253], [-95.52168, 36.17338], [-95.51995, 36.17378], [-95.51827, 36.17361], [-95.5168, 36.17294], [-95.51568, 36.17174], [-95.51518, 36.17029], [-95.51539, 36.16888], [-95.51623, 36.1677], [-95.51755, 36.16687], [-95.51924, 36.16649], [-95.52091, 36.16665], [-95.52238, 36.16732], [-95.52352, 36.16849], [-95.52405, 36.16997], [-95.52385, 36.17133]]], [[[-95.51953, 36.28596], [-95.51928, 36.28441], [-95.51977, 36.28303], [-95.52084, 36.28196], [-95.52233, 36.28131], [-95.52414, 36.28115], [-95.52585, 36.28156], [-95.52716, 36.28242], [-95.52818, 36.28391], [-95.52834, 36.28528], [-95.52785, 36.28667], [-95.52677, 36.28773], [-95.52528, 36.28838], [-95.52352, 36.28851], [-95.5219, 36.28811], [-95.52031, 36.28711], [-95.51953, 36.28596]]], [[[-95.51717, 36.29782], [-95.51831, 36.29677], [-95.51984, 36.29615], [-95.52116, 36.29603], [-95.52262, 36.29627], [-95.5244, 36.29604], [-95.52565, 36.29623], [-95.52713, 36.29689], [-95.52821, 36.29796], [-95.5287, 36.29926], [-95.5285, 36.30077], [-95.52764, 36.30202], [-95.52594, 36.30302], [-95.52406, 36.30335], [-95.52199, 36.30408], [-95.5199, 36.30391], [-95.51826, 36.3031], [-95.51709, 36.30167], [-95.51658, 36.29961], [-95.51717, 36.29782]]], [[[-95.5324, 36.30386], [-95.53374, 36.30214], [-95.53563, 36.30137], [-95.5386, 36.30144], [-95.54057, 36.30205], [-95.54174, 36.30304], [-95.54236, 36.30432], [-95.54238, 36.30707], [-95.54169, 36.30868], [-95.54014, 36.30984], [-95.53824, 36.31039], [-95.5361, 36.31047], [-95.53435, 36.30998], [-95.53313, 36.3091], [-95.53241, 36.30791], [-95.5324, 36.30386]]], [[[-95.52739, 36.32785], [-95.52636, 36.32887], [-95.52484, 36.32957], [-95.52311, 36.32974], [-95.52145, 36.32937], [-95.52011, 36.32851], [-95.51915, 36.32714], [-95.51897, 36.32576], [-95.51946, 36.32444], [-95.52054, 36.32336], [-95.52215, 36.32264], [-95.52383, 36.32248], [-95.52546, 36.32286], [-95.52679, 36.32372], [-95.52773, 36.32506], [-95.52792, 36.32646], [-95.52739, 36.32785]]], [[[-95.49667, 36.11444], [-95.49481, 36.11436], [-95.49327, 36.11379], [-95.49212, 36.11279], [-95.49153, 36.1115], [-95.49157, 36.11007], [-95.49225, 36.10878], [-95.49346, 36.10782], [-95.49509, 36.10728], [-95.49685, 36.10732], [-95.49856, 36.10792], [-95.49972, 36.10892], [-95.50031, 36.11021], [-95.50025, 36.11158], [-95.49948, 36.11303], [-95.49825, 36.11396], [-95.49667, 36.11444]]], [[[-95.49912, 36.1411], [-95.49815, 36.14201], [-95.49542, 36.14361], [-95.49666, 36.1448], [-95.49715, 36.14647], [-95.49658, 36.14828], [-95.49515, 36.14953], [-95.49316, 36.15008], [-95.49083, 36.14978], [-95.48933, 36.1504], [-95.48797, 36.15054], [-95.48621, 36.15018], [-95.48451, 36.14898], [-95.48377, 36.14724], [-95.48421, 36.14542], [-95.48571, 36.14404], [-95.48694, 36.14358], [-95.48822, 36.14345], [-95.48659, 36.14198], [-95.48617, 36.14031], [-95.48678, 36.1386], [-95.48826, 36.13739], [-95.49003, 36.13684], [-95.49144, 36.13679], [-95.49251, 36.13585], [-95.49369, 36.13535], [-95.49511, 36.13516], [-95.49682, 36.13541], [-95.49826, 36.13619], [-95.49938, 36.13769], [-95.49975, 36.13947], [-95.49912, 36.1411]]], [[[-95.513, 36.14925], [-95.51465, 36.15031], [-95.51563, 36.15217], [-95.51812, 36.15257], [-95.52006, 36.15386], [-95.52071, 36.15512], [-95.52083, 36.15666], [-95.52065, 36.15779], [-95.52011, 36.15873], [-95.51926, 36.1595], [-95.51672, 36.16093], [-95.51662, 36.16279], [-95.5162, 36.16376], [-95.51546, 36.1646], [-95.51406, 36.16537], [-95.51283, 36.16563], [-95.51114, 36.16558], [-95.50891, 36.16464], [-95.50768, 36.16277], [-95.50774, 36.16052], [-95.50638, 36.16059], [-95.50713, 36.16182], [-95.50728, 36.16301], [-95.50691, 36.16434], [-95.50594, 36.16546], [-95.50451, 36.16619], [-95.50327, 36.16642], [-95.50185, 36.16634], [-95.50036, 36.16585], [-95.4992, 36.16504], [-95.49844, 36.16395], [-95.49819, 36.16273], [-95.49848, 36.16149], [-95.49925, 36.16044], [-95.50041, 36.15966], [-95.50187, 36.15924], [-95.50313, 36.15922], [-95.50228, 36.15758], [-95.50267, 36.15548], [-95.50437, 36.15398], [-95.50654, 36.15342], [-95.50637, 36.15245], [-95.50441, 36.15165], [-95.50311, 36.15011], [-95.50288, 36.14841], [-95.50343, 36.14711], [-95.50423, 36.1463], [-95.50549, 36.14561], [-95.5067, 36.1453], [-95.50838, 36.14536], [-95.51055, 36.14638], [-95.51155, 36.14768], [-95.51182, 36.14895], [-95.513, 36.14925]]], [[[-95.44065, 36.18789], [-95.44227, 36.1875], [-95.44364, 36.18756], [-95.44661, 36.18886], [-95.44802, 36.19055], [-95.44803, 36.19284], [-95.44749, 36.19377], [-95.44602, 36.19518], [-95.44453, 36.19583], [-95.44309, 36.19599], [-95.4423, 36.19694], [-95.44131, 36.19758], [-95.43945, 36.19825], [-95.4371, 36.19816], [-95.43554, 36.19747], [-95.4345, 36.19644], [-95.43402, 36.19516], [-95.43415, 36.19325], [-95.43466, 36.1923], [-95.43562, 36.19141], [-95.43669, 36.19086], [-95.43836, 36.19054], [-95.43907, 36.18902], [-95.44065, 36.18789]]], [[[-95.49488, 36.19791], [-95.49318, 36.19817], [-95.49152, 36.19789], [-95.49012, 36.19712], [-95.48919, 36.19598], [-95.48887, 36.19463], [-95.48921, 36.19321], [-95.49016, 36.19208], [-95.49157, 36.19132], [-95.49327, 36.19107], [-95.49493, 36.19134], [-95.49633, 36.19211], [-95.49726, 36.19326], [-95.49758, 36.1946], [-95.49724, 36.19602], [-95.49629, 36.19715], [-95.49488, 36.19791]]], [[[-95.44645, 36.20219], [-95.44719, 36.20307], [-95.44761, 36.2044], [-95.44737, 36.20582], [-95.44651, 36.20699], [-95.44708, 36.20802], [-95.44718, 36.20946], [-95.44613, 36.21131], [-95.44439, 36.21228], [-95.43965, 36.21248], [-95.43767, 36.2119], [-95.43607, 36.21033], [-95.43576, 36.20862], [-95.43342, 36.20758], [-95.4323, 36.20613], [-95.43215, 36.20422], [-95.43333, 36.20196], [-95.43464, 36.2011], [-95.43699, 36.2007], [-95.43801, 36.19994], [-95.43916, 36.19951], [-95.44053, 36.19937], [-95.44218, 36.19965], [-95.44477, 36.20083], [-95.44645, 36.20219]]], [[[-95.48238, 36.31292], [-95.4817, 36.31131], [-95.48189, 36.30987], [-95.48271, 36.30866], [-95.48404, 36.3078], [-95.48567, 36.30742], [-95.48814, 36.30758], [-95.48964, 36.30822], [-95.49072, 36.30927], [-95.49122, 36.31057], [-95.49106, 36.31204], [-95.49027, 36.31326], [-95.48896, 36.31414], [-95.48734, 36.31454], [-95.48509, 36.31444], [-95.48355, 36.3139], [-95.48238, 36.31292]]], [[[-95.36816, 36.0765], [-95.36768, 36.07662], [-95.36957, 36.07692], [-95.37122, 36.07798], [-95.37197, 36.0792], [-95.37211, 36.08083], [-95.37158, 36.08213], [-95.37047, 36.08316], [-95.36896, 36.08377], [-95.36705, 36.08388], [-95.36545, 36.08344], [-95.36445, 36.08281], [-95.36356, 36.08165], [-95.36326, 36.08039], [-95.36336, 36.07936], [-95.36405, 36.07811], [-95.36528, 36.07716], [-95.36656, 36.07673], [-95.36516, 36.07655], [-95.36369, 36.07587], [-95.36265, 36.07479], [-95.36221, 36.07347], [-95.36276, 36.07141], [-95.36387, 36.07037], [-95.36498, 36.06987], [-95.36673, 36.06964], [-95.36838, 36.06994], [-95.36976, 36.07073], [-95.37066, 36.07189], [-95.37094, 36.07324], [-95.37057, 36.07465], [-95.36959, 36.07577], [-95.36816, 36.0765]]], [[[-95.40243, 36.08304], [-95.40423, 36.08275], [-95.40589, 36.083], [-95.4076, 36.084], [-95.40842, 36.0852], [-95.40858, 36.08694], [-95.40808, 36.08899], [-95.40706, 36.09017], [-95.40532, 36.09099], [-95.40311, 36.09115], [-95.40146, 36.09087], [-95.39978, 36.08984], [-95.39899, 36.08863], [-95.39884, 36.08712], [-95.39934, 36.08581], [-95.40032, 36.08445], [-95.40243, 36.08304]]], [[[-95.35785, 36.11208], [-95.36013, 36.11122], [-95.36292, 36.11157], [-95.36397, 36.11214], [-95.36531, 36.11341], [-95.36585, 36.11435], [-95.36602, 36.11545], [-95.3647, 36.1188], [-95.36375, 36.11993], [-95.36234, 36.12069], [-95.3609, 36.12094], [-95.35923, 36.12191], [-95.35757, 36.12216], [-95.3557, 36.12183], [-95.3543, 36.12106], [-95.35338, 36.1199], [-95.35295, 36.11828], [-95.3537, 36.11626], [-95.35489, 36.11529], [-95.35639, 36.11478], [-95.35684, 36.11317], [-95.35785, 36.11208]]], [[[-95.41182, 36.14815], [-95.41132, 36.14684], [-95.41147, 36.14527], [-95.41226, 36.14405], [-95.41356, 36.14318], [-95.41517, 36.14277], [-95.41705, 36.1429], [-95.41855, 36.14354], [-95.41963, 36.14459], [-95.42013, 36.1459], [-95.41997, 36.14748], [-95.41918, 36.14869], [-95.41788, 36.14956], [-95.41627, 36.14997], [-95.41439, 36.14985], [-95.4129, 36.14921], [-95.41182, 36.14815]]], [[[-95.41948, 36.15164], [-95.41915, 36.15029], [-95.41935, 36.14905], [-95.42015, 36.14784], [-95.42147, 36.14698], [-95.42309, 36.14659], [-95.42482, 36.14673], [-95.4263, 36.14738], [-95.42737, 36.14844], [-95.42785, 36.14976], [-95.42768, 36.15134], [-95.42687, 36.15255], [-95.42556, 36.15341], [-95.42394, 36.15381], [-95.42221, 36.15367], [-95.42041, 36.15278], [-95.41948, 36.15164]]], [[[-95.36537, 36.1521], [-95.36651, 36.15107], [-95.36839, 36.15042], [-95.37016, 36.15047], [-95.37227, 36.15116], [-95.37346, 36.15213], [-95.3741, 36.15339], [-95.37409, 36.15497], [-95.37345, 36.15624], [-95.37227, 36.15722], [-95.37029, 36.15781], [-95.36852, 36.15769], [-95.36663, 36.15706], [-95.36544, 36.15608], [-95.36481, 36.15481], [-95.36477, 36.15346], [-95.36537, 36.1521]]], [[[-95.36744, 36.17577], [-95.36906, 36.17538], [-95.371, 36.17552], [-95.37278, 36.1763], [-95.374, 36.17769], [-95.37428, 36.1788], [-95.37407, 36.18016], [-95.37249, 36.18198], [-95.37275, 36.18405], [-95.37372, 36.18579], [-95.37365, 36.18727], [-95.37557, 36.18704], [-95.37845, 36.18717], [-95.37984, 36.18751], [-95.38148, 36.18688], [-95.38331, 36.18684], [-95.3849, 36.18732], [-95.38615, 36.18828], [-95.38844, 36.18831], [-95.38966, 36.18862], [-95.3915, 36.19001], [-95.39225, 36.19204], [-95.39161, 36.19422], [-95.39336, 36.19597], [-95.39366, 36.19697], [-95.39359, 36.19832], [-95.39253, 36.20013], [-95.39008, 36.20147], [-95.38891, 36.20249], [-95.38648, 36.20314], [-95.38399, 36.20256], [-95.38247, 36.2037], [-95.38064, 36.20414], [-95.37896, 36.20403], [-95.37745, 36.20341], [-95.37636, 36.20236], [-95.37584, 36.20106], [-95.37586, 36.1999], [-95.37648, 36.19863], [-95.37766, 36.19764], [-95.3788, 36.19718], [-95.3807, 36.19701], [-95.38278, 36.19761], [-95.38319, 36.19685], [-95.37975, 36.19684], [-95.37827, 36.19618], [-95.37677, 36.19492], [-95.37504, 36.19573], [-95.37333, 36.19586], [-95.37399, 36.19763], [-95.37378, 36.19899], [-95.37272, 36.20047], [-95.3714, 36.20132], [-95.36977, 36.2017], [-95.36833, 36.20165], [-95.36678, 36.2011], [-95.3656, 36.20012], [-95.36492, 36.19851], [-95.36504, 36.19665], [-95.36575, 36.19541], [-95.36712, 36.19443], [-95.3656, 36.19345], [-95.36409, 36.19139], [-95.36345, 36.18611], [-95.36393, 36.1838], [-95.36383, 36.18204], [-95.36423, 36.18106], [-95.36516, 36.18008], [-95.36532, 36.17784], [-95.36613, 36.17664], [-95.36744, 36.17577]]], [[[-95.42456, 36.26531], [-95.42276, 36.2662], [-95.42089, 36.26634], [-95.41926, 36.26596], [-95.41778, 36.26499], [-95.41695, 36.2638], [-95.41673, 36.26232], [-95.4174, 36.26057], [-95.41859, 36.25946], [-95.42021, 36.25867], [-95.42204, 36.2584], [-95.42409, 36.2588], [-95.4254, 36.25967], [-95.42621, 36.26087], [-95.42638, 36.26245], [-95.4259, 36.26376], [-95.42456, 36.26531]]], [[[-95.4321, 36.30887], [-95.43183, 36.31064], [-95.43073, 36.3122], [-95.42901, 36.31323], [-95.42733, 36.31349], [-95.42587, 36.31332], [-95.42458, 36.31279], [-95.42216, 36.31243], [-95.42101, 36.31199], [-95.41959, 36.31072], [-95.41908, 36.30907], [-95.41959, 36.30712], [-95.42101, 36.30586], [-95.42258, 36.30533], [-95.42441, 36.30527], [-95.42731, 36.30459], [-95.42935, 36.30497], [-95.43068, 36.30582], [-95.43179, 36.30732], [-95.4321, 36.30887]]], [[[-95.38231, 36.4307], [-95.38304, 36.42872], [-95.3839, 36.42796], [-95.38539, 36.42731], [-95.38795, 36.42731], [-95.38911, 36.42775], [-95.39031, 36.42872], [-95.39102, 36.43033], [-95.39071, 36.43204], [-95.38945, 36.43341], [-95.38793, 36.43406], [-95.38902, 36.43507], [-95.38955, 36.4361], [-95.38966, 36.43713], [-95.38922, 36.43846], [-95.38819, 36.43955], [-95.3866, 36.4403], [-95.38408, 36.44037], [-95.3819, 36.43925], [-95.38099, 36.44081], [-95.37929, 36.44183], [-95.37749, 36.4421], [-95.37544, 36.44168], [-95.37392, 36.44088], [-95.37279, 36.43944], [-95.37257, 36.43793], [-95.37302, 36.43661], [-95.37475, 36.43512], [-95.37679, 36.43466], [-95.379, 36.43503], [-95.38089, 36.43619], [-95.38197, 36.4345], [-95.38401, 36.43348], [-95.38282, 36.43235], [-95.38231, 36.4307]]], [[[-95.39725, 36.4421], [-95.39936, 36.44201], [-95.40124, 36.4427], [-95.39391, 36.44568], [-95.39441, 36.44423], [-95.39516, 36.44323], [-95.39725, 36.4421]]], [[[-95.34023, 36.16036], [-95.34258, 36.15962], [-95.34491, 36.15991], [-95.34691, 36.16122], [-95.34788, 36.16311], [-95.34781, 36.16421], [-95.34716, 36.16548], [-95.34597, 36.16644], [-95.34468, 36.16691], [-95.34547, 36.16778], [-95.34594, 36.1691], [-95.34586, 36.17049], [-95.34529, 36.17199], [-95.34405, 36.17338], [-95.34172, 36.17418], [-95.3399, 36.17406], [-95.33842, 36.17343], [-95.33734, 36.17239], [-95.33682, 36.1711], [-95.33683, 36.16897], [-95.33716, 36.16797], [-95.33811, 36.16684], [-95.33979, 36.16602], [-95.33876, 36.1646], [-95.33857, 36.16305], [-95.33894, 36.16171], [-95.34023, 36.16036]]], [[[-95.34698, 36.18272], [-95.34714, 36.18398], [-95.34885, 36.18661], [-95.34895, 36.18795], [-95.34862, 36.18897], [-95.34766, 36.1901], [-95.34624, 36.19084], [-95.34457, 36.19109], [-95.34286, 36.1908], [-95.34091, 36.18944], [-95.33937, 36.1888], [-95.33809, 36.18744], [-95.33774, 36.18563], [-95.33864, 36.18233], [-95.34025, 36.18076], [-95.3414, 36.18033], [-95.34308, 36.1802], [-95.3445, 36.18048], [-95.34559, 36.18101], [-95.34698, 36.18272]]], [[[-95.34275, 36.2317], [-95.34257, 36.233], [-95.34186, 36.23413], [-95.34218, 36.23512], [-95.34212, 36.23683], [-95.34089, 36.23868], [-95.34098, 36.24107], [-95.34176, 36.2424], [-95.34183, 36.24377], [-95.34122, 36.24517], [-95.34021, 36.24609], [-95.34011, 36.24729], [-95.33963, 36.24823], [-95.33969, 36.24937], [-95.33887, 36.25323], [-95.33813, 36.25503], [-95.33823, 36.25624], [-95.33759, 36.25966], [-95.33889, 36.26054], [-95.34004, 36.26201], [-95.3404, 36.26339], [-95.34014, 36.26507], [-95.33968, 36.26603], [-95.33851, 36.26719], [-95.33709, 36.26794], [-95.33582, 36.26819], [-95.33566, 36.26983], [-95.33468, 36.27121], [-95.33374, 36.2719], [-95.33217, 36.27242], [-95.33022, 36.27247], [-95.3277, 36.27194], [-95.32633, 36.27118], [-95.32527, 36.26975], [-95.32526, 36.26758], [-95.3264, 36.26606], [-95.32507, 36.26374], [-95.32504, 36.26136], [-95.32554, 36.26006], [-95.32688, 36.25885], [-95.3252, 36.25881], [-95.32186, 36.25786], [-95.31946, 36.25666], [-95.31789, 36.25713], [-95.31651, 36.25714], [-95.31529, 36.25685], [-95.31416, 36.25623], [-95.31271, 36.2571], [-95.31308, 36.25752], [-95.31527, 36.25832], [-95.31649, 36.25969], [-95.31727, 36.26242], [-95.31723, 36.26377], [-95.31671, 36.26505], [-95.3153, 36.26628], [-95.31369, 36.2668], [-95.31271, 36.26805], [-95.31132, 36.26881], [-95.30772, 36.26911], [-95.30606, 36.26886], [-95.30233, 36.26659], [-95.301, 36.26468], [-95.30068, 36.26333], [-95.30136, 36.2611], [-95.3028, 36.25877], [-95.30391, 36.25789], [-95.3056, 36.25734], [-95.30726, 36.25617], [-95.30609, 36.25465], [-95.30468, 36.25473], [-95.30305, 36.25435], [-95.30046, 36.25267], [-95.29942, 36.25156], [-95.29807, 36.2517], [-95.29598, 36.25151], [-95.29194, 36.24998], [-95.28834, 36.25135], [-95.28615, 36.25135], [-95.28438, 36.25069], [-95.28298, 36.25144], [-95.28075, 36.25188], [-95.27876, 36.25157], [-95.27682, 36.25053], [-95.27394, 36.25004], [-95.27253, 36.24928], [-95.27159, 36.24814], [-95.27126, 36.2468], [-95.27145, 36.2456], [-95.2695, 36.24206], [-95.26951, 36.24085], [-95.26991, 36.23982], [-95.26964, 36.23796], [-95.27021, 36.23654], [-95.26875, 36.2348], [-95.26865, 36.23152], [-95.26929, 36.23026], [-95.27016, 36.22948], [-95.27089, 36.22757], [-95.27175, 36.22681], [-95.27302, 36.22623], [-95.27125, 36.22554], [-95.27017, 36.22448], [-95.26967, 36.22317], [-95.26966, 36.22128], [-95.27061, 36.21939], [-95.27154, 36.21869], [-95.2731, 36.21816], [-95.27847, 36.21804], [-95.28004, 36.21857], [-95.28127, 36.21957], [-95.28208, 36.21876], [-95.2833, 36.2181], [-95.28578, 36.21778], [-95.28757, 36.21828], [-95.28907, 36.21948], [-95.28969, 36.22082], [-95.28962, 36.2222], [-95.28882, 36.22358], [-95.28727, 36.22465], [-95.28661, 36.22868], [-95.28606, 36.22961], [-95.2849, 36.23054], [-95.28487, 36.2314], [-95.28633, 36.23121], [-95.28799, 36.23145], [-95.28941, 36.2322], [-95.29018, 36.23302], [-95.29071, 36.23446], [-95.29178, 36.23592], [-95.29227, 36.23885], [-95.29155, 36.2408], [-95.28978, 36.24203], [-95.29111, 36.24252], [-95.29226, 36.24343], [-95.2942, 36.24307], [-95.29653, 36.24361], [-95.29828, 36.24339], [-95.29901, 36.24235], [-95.29996, 36.24167], [-95.30112, 36.24123], [-95.30248, 36.24109], [-95.30181, 36.23942], [-95.30207, 36.2378], [-95.30337, 36.23625], [-95.30511, 36.23545], [-95.30832, 36.2352], [-95.31021, 36.23568], [-95.31214, 36.23704], [-95.31279, 36.23792], [-95.31332, 36.23973], [-95.31393, 36.23973], [-95.31559, 36.23943], [-95.31562, 36.23777], [-95.31611, 36.23646], [-95.31756, 36.23466], [-95.31909, 36.23363], [-95.32071, 36.23323], [-95.32345, 36.2332], [-95.32647, 36.23338], [-95.32846, 36.23381], [-95.32803, 36.23227], [-95.32843, 36.22849], [-95.3295, 36.22701], [-95.3313, 36.22613], [-95.3335, 36.22595], [-95.33537, 36.22645], [-95.33656, 36.22539], [-95.33851, 36.22475], [-95.33996, 36.22478], [-95.34155, 36.22525], [-95.3428, 36.22618], [-95.34359, 36.22776], [-95.34341, 36.2301], [-95.34275, 36.2317]]], [[[-95.36301, 36.23805], [-95.36135, 36.23847], [-95.35926, 36.2383], [-95.35782, 36.23765], [-95.35679, 36.23662], [-95.3563, 36.23535], [-95.35644, 36.23392], [-95.35722, 36.2327], [-95.35851, 36.23182], [-95.36029, 36.23137], [-95.36194, 36.23147], [-95.36354, 36.23209], [-95.36468, 36.23315], [-95.36522, 36.23448], [-95.36508, 36.23594], [-95.36431, 36.23716], [-95.36301, 36.23805]]], [[[-95.35859, 36.3823], [-95.35968, 36.38376], [-95.35985, 36.38513], [-95.35936, 36.38651], [-95.35794, 36.38777], [-95.35638, 36.3883], [-95.35457, 36.3883], [-95.35266, 36.38757], [-95.35155, 36.38646], [-95.35108, 36.38656], [-95.35077, 36.3874], [-95.35118, 36.38945], [-95.35083, 36.39053], [-95.35173, 36.39206], [-95.35166, 36.39464], [-95.35029, 36.39686], [-95.35051, 36.39847], [-95.35002, 36.39978], [-95.3486, 36.40105], [-95.34704, 36.40157], [-95.34514, 36.40157], [-95.34357, 36.40105], [-95.34237, 36.40008], [-95.34088, 36.3981], [-95.33711, 36.39922], [-95.33391, 36.39926], [-95.33172, 36.39826], [-95.33098, 36.39741], [-95.33054, 36.39615], [-95.32844, 36.39619], [-95.32689, 36.39564], [-95.3255, 36.39436], [-95.325, 36.39293], [-95.32521, 36.39156], [-95.32617, 36.39025], [-95.32466, 36.38982], [-95.32366, 36.38919], [-95.32256, 36.38798], [-95.32213, 36.38701], [-95.32223, 36.38522], [-95.32363, 36.38353], [-95.32596, 36.38274], [-95.32857, 36.38314], [-95.32988, 36.38401], [-95.33107, 36.38584], [-95.33111, 36.38755], [-95.33025, 36.38896], [-95.33164, 36.38919], [-95.33307, 36.38993], [-95.33385, 36.39075], [-95.33433, 36.39187], [-95.33632, 36.38987], [-95.34074, 36.3881], [-95.34081, 36.38673], [-95.34168, 36.38528], [-95.34175, 36.38278], [-95.34209, 36.38179], [-95.34339, 36.38044], [-95.34516, 36.37977], [-95.34562, 36.37866], [-95.34638, 36.37783], [-95.34779, 36.37707], [-95.34902, 36.37682], [-95.35041, 36.37687], [-95.35212, 36.37742], [-95.35351, 36.37614], [-95.35549, 36.37554], [-95.35707, 36.37557], [-95.35864, 36.37607], [-95.3596, 36.37675], [-95.36043, 36.37795], [-95.36064, 36.37911], [-95.36034, 36.38046], [-95.35859, 36.3823]]], [[[-95.36711, 36.41233], [-95.36546, 36.41264], [-95.3637, 36.41242], [-95.36226, 36.41169], [-95.36128, 36.41058], [-95.36089, 36.4092], [-95.36117, 36.40785], [-95.36207, 36.40668], [-95.36346, 36.40589], [-95.36511, 36.40558], [-95.36687, 36.40581], [-95.36831, 36.40653], [-95.36929, 36.40765], [-95.36967, 36.40902], [-95.36939, 36.41037], [-95.3685, 36.41154], [-95.36711, 36.41233]]], [[[-95.33989, 36.45633], [-95.34171, 36.45622], [-95.34369, 36.45682], [-95.34488, 36.4578], [-95.34567, 36.4593], [-95.33647, 36.46116], [-95.33636, 36.45985], [-95.33685, 36.45859], [-95.33806, 36.45719], [-95.33989, 36.45633]]], [[[-95.32893, 36.3075], [-95.33118, 36.3095], [-95.3319, 36.31123], [-95.33311, 36.31279], [-95.33321, 36.31475], [-95.33231, 36.31629], [-95.33061, 36.31731], [-95.32786, 36.31769], [-95.32624, 36.31729], [-95.32327, 36.31549], [-95.32101, 36.31726], [-95.31849, 36.31791], [-95.31762, 36.31853], [-95.3162, 36.31902], [-95.31609, 36.32083], [-95.315, 36.32229], [-95.31323, 36.32316], [-95.31166, 36.32454], [-95.30927, 36.32513], [-95.30723, 36.32473], [-95.30536, 36.32323], [-95.30333, 36.3223], [-95.30154, 36.32019], [-95.30123, 36.31835], [-95.29966, 36.31816], [-95.29817, 36.31752], [-95.2971, 36.31646], [-95.29667, 36.31548], [-95.29532, 36.31452], [-95.29447, 36.3126], [-95.29457, 36.31083], [-95.29511, 36.3097], [-95.29401, 36.30844], [-95.29368, 36.30696], [-95.29401, 36.30562], [-95.29502, 36.30437], [-95.29567, 36.30287], [-95.29683, 36.30189], [-95.29795, 36.30143], [-95.301, 36.30137], [-95.30256, 36.302], [-95.30398, 36.30321], [-95.30621, 36.3036], [-95.30775, 36.30341], [-95.30834, 36.30221], [-95.30979, 36.30097], [-95.30825, 36.30151], [-95.30605, 36.30153], [-95.30473, 36.30123], [-95.30329, 36.30041], [-95.30238, 36.29925], [-95.30211, 36.29824], [-95.3023, 36.29686], [-95.30299, 36.29561], [-95.30421, 36.29466], [-95.30579, 36.29417], [-95.30817, 36.29423], [-95.31002, 36.2949], [-95.3111, 36.2934], [-95.31332, 36.29243], [-95.31565, 36.2925], [-95.31822, 36.29356], [-95.3179, 36.29254], [-95.31797, 36.29062], [-95.3191, 36.28719], [-95.32091, 36.28576], [-95.32319, 36.28537], [-95.32519, 36.2858], [-95.32673, 36.28693], [-95.32737, 36.28817], [-95.32732, 36.28994], [-95.32817, 36.29102], [-95.32846, 36.29202], [-95.32828, 36.29371], [-95.32748, 36.29513], [-95.32727, 36.29654], [-95.3255, 36.30043], [-95.3256, 36.30217], [-95.32423, 36.30602], [-95.32704, 36.30668], [-95.32893, 36.3075]]], [[[-95.3176, 36.22277], [-95.31594, 36.22304], [-95.31411, 36.22277], [-95.3127, 36.22201], [-95.31176, 36.22087], [-95.31143, 36.21945], [-95.31176, 36.21811], [-95.3127, 36.21697], [-95.31411, 36.21621], [-95.31594, 36.21594], [-95.3176, 36.21621], [-95.319, 36.21697], [-95.31994, 36.21811], [-95.32027, 36.21945], [-95.31994, 36.22087], [-95.319, 36.22201], [-95.3176, 36.22277]]], [[[-95.30058, 36.11119], [-95.29947, 36.11265], [-95.29806, 36.1134], [-95.29625, 36.11366], [-95.2946, 36.11338], [-95.2932, 36.11261], [-95.29214, 36.11113], [-95.29198, 36.10962], [-95.29246, 36.1082], [-95.29349, 36.10705], [-95.29494, 36.10634], [-95.29669, 36.10612], [-95.29838, 36.10647], [-95.29976, 36.10732], [-95.30061, 36.10855], [-95.30084, 36.10978], [-95.30058, 36.11119]]], [[[-95.29717, 36.13091], [-95.2988, 36.13081], [-95.30085, 36.13136], [-95.30215, 36.13225], [-95.30302, 36.13383], [-95.30304, 36.13509], [-95.30248, 36.13642], [-95.30119, 36.13775], [-95.29921, 36.13859], [-95.29742, 36.13867], [-95.29544, 36.13813], [-95.29417, 36.13721], [-95.2934, 36.13591], [-95.29333, 36.13449], [-95.29395, 36.13315], [-95.29538, 36.13172], [-95.29717, 36.13091]]], [[[-95.31336, 36.28453], [-95.3137, 36.28587], [-95.31362, 36.2871], [-95.31318, 36.28808], [-95.31354, 36.28923], [-95.31344, 36.29047], [-95.3128, 36.29171], [-95.31162, 36.2927], [-95.31025, 36.29326], [-95.30904, 36.29344], [-95.3066, 36.29291], [-95.3029, 36.29323], [-95.3013, 36.29277], [-95.2998, 36.29157], [-95.29918, 36.28959], [-95.29979, 36.28787], [-95.30128, 36.28666], [-95.30338, 36.28616], [-95.30408, 36.28458], [-95.30603, 36.2829], [-95.308, 36.28232], [-95.31061, 36.28251], [-95.3121, 36.28316], [-95.31336, 36.28453]]], [[[-95.2908, 36.11088], [-95.28902, 36.11183], [-95.28722, 36.11202], [-95.28523, 36.11151], [-95.28399, 36.11058], [-95.28328, 36.10935], [-95.2832, 36.10786], [-95.28396, 36.10603], [-95.28506, 36.10494], [-95.28664, 36.10428], [-95.28829, 36.10417], [-95.28991, 36.10455], [-95.29122, 36.10539], [-95.29204, 36.10659], [-95.29224, 36.10803], [-95.29168, 36.10969], [-95.2908, 36.11088]]], [[[-95.28842, 36.18433], [-95.28997, 36.18444], [-95.29152, 36.18499], [-95.2927, 36.18597], [-95.29323, 36.18694], [-95.29452, 36.18731], [-95.29553, 36.18794], [-95.29668, 36.18975], [-95.29655, 36.19162], [-95.29543, 36.19307], [-95.29401, 36.19381], [-95.28931, 36.19434], [-95.28828, 36.19515], [-95.28655, 36.19578], [-95.28445, 36.19572], [-95.28329, 36.19529], [-95.28208, 36.19434], [-95.27836, 36.1888], [-95.27834, 36.18676], [-95.27961, 36.18513], [-95.27864, 36.18393], [-95.27838, 36.18216], [-95.27891, 36.18086], [-95.2799, 36.1799], [-95.27642, 36.17956], [-95.27442, 36.17832], [-95.27384, 36.1774], [-95.27363, 36.17604], [-95.27391, 36.17495], [-95.2748, 36.17379], [-95.27657, 36.17287], [-95.27948, 36.17232], [-95.28134, 36.17244], [-95.28316, 36.17329], [-95.28427, 36.17475], [-95.28446, 36.17633], [-95.28395, 36.17795], [-95.28285, 36.17907], [-95.28467, 36.17937], [-95.28634, 36.18042], [-95.2872, 36.18198], [-95.28691, 36.18404], [-95.28842, 36.18433]]], [[[-95.28264, 36.30799], [-95.28219, 36.30667], [-95.28231, 36.30456], [-95.28325, 36.30304], [-95.28459, 36.30219], [-95.28622, 36.30182], [-95.28854, 36.302], [-95.29109, 36.30329], [-95.29213, 36.30437], [-95.29258, 36.30569], [-95.29236, 36.30756], [-95.29153, 36.30875], [-95.29019, 36.3096], [-95.28856, 36.30996], [-95.28557, 36.30983], [-95.28369, 36.30907], [-95.28264, 36.30799]]], [[[-95.27774, 36.01809], [-95.27896, 36.01904], [-95.27963, 36.0203], [-95.27966, 36.02167], [-95.27902, 36.02303], [-95.27755, 36.02427], [-95.276, 36.02481], [-95.27413, 36.02483], [-95.27256, 36.02433], [-95.27135, 36.02337], [-95.27068, 36.02211], [-95.27068, 36.02035], [-95.27138, 36.0191], [-95.27262, 36.01817], [-95.27439, 36.01759], [-95.27607, 36.01756], [-95.27774, 36.01809]]], [[[-95.28373, 36.20999], [-95.28189, 36.20961], [-95.28068, 36.20893], [-95.27968, 36.20782], [-95.27929, 36.20648], [-95.27955, 36.20512], [-95.28048, 36.20389], [-95.28184, 36.20308], [-95.28348, 36.20276], [-95.28515, 36.20297], [-95.28696, 36.20383], [-95.28796, 36.20494], [-95.28835, 36.20628], [-95.28809, 36.20763], [-95.28716, 36.20887], [-95.2854, 36.20981], [-95.28373, 36.20999]]], [[[-95.2734, 36.21457], [-95.27324, 36.21312], [-95.27373, 36.21181], [-95.27515, 36.21055], [-95.27672, 36.21003], [-95.27901, 36.21012], [-95.28083, 36.21087], [-95.28203, 36.21184], [-95.28268, 36.21311], [-95.28268, 36.21454], [-95.28203, 36.2158], [-95.28083, 36.21677], [-95.27927, 36.2173], [-95.27754, 36.2173], [-95.2755, 36.21665], [-95.27419, 36.21578], [-95.2734, 36.21457]]], [[[-95.28666, 36.32382], [-95.28481, 36.32381], [-95.28325, 36.32328], [-95.28206, 36.32231], [-95.28142, 36.32104], [-95.28142, 36.31954], [-95.28212, 36.3182], [-95.28332, 36.31723], [-95.28489, 36.31671], [-95.28674, 36.31672], [-95.2883, 36.31725], [-95.28949, 36.31822], [-95.29014, 36.31949], [-95.29013, 36.32094], [-95.28943, 36.32233], [-95.28823, 36.3233], [-95.28666, 36.32382]]], [[[-95.20196, 36.06575], [-95.20291, 36.06727], [-95.20298, 36.06894], [-95.2024, 36.07022], [-95.2009, 36.07142], [-95.19882, 36.07212], [-95.19731, 36.07221], [-95.19607, 36.07199], [-95.19409, 36.07112], [-95.1925, 36.07129], [-95.19126, 36.07109], [-95.1894, 36.07014], [-95.18834, 36.06866], [-95.18827, 36.06695], [-95.18904, 36.06546], [-95.18795, 36.06449], [-95.18743, 36.06355], [-95.18727, 36.06246], [-95.18763, 36.06112], [-95.18888, 36.05973], [-95.19076, 36.05896], [-95.19251, 36.05892], [-95.19425, 36.0595], [-95.19594, 36.05942], [-95.19716, 36.0597], [-95.19858, 36.06041], [-95.19939, 36.06121], [-95.19995, 36.0625], [-95.19985, 36.06399], [-95.20037, 36.06481], [-95.20196, 36.06575]]], [[[-95.23533, 36.11805], [-95.23363, 36.11805], [-95.23194, 36.11747], [-95.23076, 36.11649], [-95.2301, 36.11522], [-95.23009, 36.11383], [-95.23069, 36.11255], [-95.23192, 36.11152], [-95.23349, 36.11096], [-95.23521, 36.11093], [-95.23709, 36.11159], [-95.23826, 36.11263], [-95.23884, 36.11387], [-95.23881, 36.11526], [-95.23817, 36.11649], [-95.23686, 36.11755], [-95.23533, 36.11805]]], [[[-95.25707, 36.17345], [-95.25548, 36.17391], [-95.25362, 36.17385], [-95.25209, 36.17326], [-95.25096, 36.17225], [-95.25039, 36.17096], [-95.25046, 36.16939], [-95.25118, 36.16815], [-95.25244, 36.16723], [-95.25403, 36.16677], [-95.25589, 36.16683], [-95.25742, 36.16741], [-95.25855, 36.16843], [-95.25912, 36.16972], [-95.25905, 36.17129], [-95.25832, 36.17253], [-95.25707, 36.17345]]], [[[-95.24353, 36.21824], [-95.24383, 36.21689], [-95.24506, 36.2155], [-95.24654, 36.21483], [-95.24831, 36.21468], [-95.24994, 36.21505], [-95.25188, 36.2163], [-95.25265, 36.21752], [-95.25278, 36.21894], [-95.25226, 36.22025], [-95.25116, 36.22129], [-95.24965, 36.22191], [-95.24788, 36.22202], [-95.24627, 36.22159], [-95.24456, 36.22052], [-95.24374, 36.21932], [-95.24353, 36.21824]]], [[[-95.26985, 36.25364], [-95.26823, 36.25404], [-95.26615, 36.25399], [-95.26458, 36.25347], [-95.26338, 36.25251], [-95.26273, 36.25124], [-95.26272, 36.24934], [-95.26337, 36.24807], [-95.26456, 36.2471], [-95.26613, 36.24657], [-95.26863, 36.24656], [-95.2702, 36.24709], [-95.2714, 36.24805], [-95.27205, 36.24932], [-95.27205, 36.25122], [-95.27116, 36.25277], [-95.26985, 36.25364]]], [[[-95.2058, 36.31788], [-95.20527, 36.31803], [-95.20541, 36.31908], [-95.20506, 36.32031], [-95.20681, 36.32141], [-95.20768, 36.32306], [-95.20761, 36.32443], [-95.2069, 36.32568], [-95.20565, 36.32661], [-95.20429, 36.32709], [-95.2026, 36.32717], [-95.2013, 36.32684], [-95.20208, 36.32826], [-95.20207, 36.32985], [-95.20141, 36.33111], [-95.19984, 36.33225], [-95.19864, 36.3326], [-95.19712, 36.33264], [-95.19423, 36.33174], [-95.19329, 36.33105], [-95.19249, 36.32983], [-95.19233, 36.32835], [-95.1928, 36.32708], [-95.19101, 36.32616], [-95.18893, 36.32377], [-95.18872, 36.32232], [-95.18939, 36.3207], [-95.19056, 36.31971], [-95.19211, 36.31916], [-95.19443, 36.3192], [-95.19606, 36.3199], [-95.1966, 36.31964], [-95.1967, 36.31779], [-95.19592, 36.31666], [-95.1957, 36.31564], [-95.19634, 36.31363], [-95.19808, 36.31216], [-95.19926, 36.31179], [-95.20063, 36.31173], [-95.20277, 36.31083], [-95.20418, 36.31079], [-95.20583, 36.31121], [-95.20749, 36.31233], [-95.20829, 36.31354], [-95.20848, 36.31464], [-95.20815, 36.31598], [-95.20721, 36.31712], [-95.2058, 36.31788]]], [[[-95.23057, 36.34774], [-95.23223, 36.34748], [-95.23396, 36.34776], [-95.23537, 36.34852], [-95.2363, 36.34966], [-95.23663, 36.35103], [-95.23629, 36.35238], [-95.23534, 36.35352], [-95.23393, 36.35428], [-95.23226, 36.35454], [-95.23052, 36.35426], [-95.22912, 36.3535], [-95.22818, 36.35235], [-95.22786, 36.351], [-95.2282, 36.34963], [-95.22915, 36.3485], [-95.23057, 36.34774]]], [[[-95.28249, 36.36204], [-95.28296, 36.36336], [-95.28276, 36.36507], [-95.28194, 36.36627], [-95.28062, 36.36713], [-95.27899, 36.36751], [-95.27702, 36.36731], [-95.27554, 36.36665], [-95.27448, 36.36558], [-95.27401, 36.36426], [-95.2742, 36.36263], [-95.27502, 36.36143], [-95.27634, 36.36057], [-95.27818, 36.36015], [-95.27994, 36.36031], [-95.28143, 36.36097], [-95.28249, 36.36204]]], [[[-95.26412, 36.42856], [-95.26522, 36.42756], [-95.26673, 36.42695], [-95.26856, 36.42683], [-95.26979, 36.42707], [-95.27149, 36.42806], [-95.27234, 36.42935], [-95.27504, 36.42971], [-95.27659, 36.43028], [-95.27775, 36.43128], [-95.27831, 36.43244], [-95.28029, 36.43344], [-95.2824, 36.43402], [-95.2836, 36.43499], [-95.28414, 36.43592], [-95.28414, 36.43813], [-95.28254, 36.44051], [-95.28084, 36.44153], [-95.27867, 36.44178], [-95.27761, 36.44282], [-95.27543, 36.44393], [-95.27434, 36.44654], [-95.27236, 36.4478], [-95.26918, 36.44804], [-95.26764, 36.44765], [-95.2663, 36.44682], [-95.26525, 36.44496], [-95.26539, 36.44352], [-95.26618, 36.44225], [-95.26558, 36.44076], [-95.26307, 36.43994], [-95.26164, 36.43826], [-95.2615, 36.43656], [-95.26245, 36.43418], [-95.26266, 36.43255], [-95.26361, 36.43119], [-95.26355, 36.42982], [-95.26412, 36.42856]]], [[[-95.24104, 36.44905], [-95.23927, 36.44929], [-95.23761, 36.44899], [-95.23621, 36.44821], [-95.2353, 36.44706], [-95.235, 36.44571], [-95.23536, 36.44414], [-95.23633, 36.44301], [-95.23776, 36.44227], [-95.23953, 36.44203], [-95.24119, 36.44232], [-95.24258, 36.44311], [-95.2435, 36.44426], [-95.2438, 36.44561], [-95.24343, 36.44718], [-95.24246, 36.4483], [-95.24104, 36.44905]]], [[[-95.19802, 36.03031], [-95.19933, 36.03118], [-95.20038, 36.03275], [-95.20056, 36.03421], [-95.19987, 36.03583], [-95.19868, 36.0368], [-95.19669, 36.03749], [-95.19491, 36.03758], [-95.19304, 36.0371], [-95.19165, 36.03605], [-95.19094, 36.03467], [-95.1909, 36.03343], [-95.19154, 36.03201], [-95.19268, 36.03086], [-95.19454, 36.03006], [-95.1964, 36.02992], [-95.19802, 36.03031]]], [[[-95.16632, 36.1577], [-95.16707, 36.15972], [-95.16826, 36.16144], [-95.16825, 36.16315], [-95.16752, 36.16439], [-95.16661, 36.16512], [-95.16491, 36.16574], [-95.16355, 36.16583], [-95.16384, 36.16721], [-95.16327, 36.16884], [-95.16327, 36.1702], [-95.1621, 36.172], [-95.16031, 36.17289], [-95.15846, 36.17304], [-95.15723, 36.1728], [-95.15605, 36.17221], [-95.15211, 36.17204], [-95.15032, 36.17114], [-95.14939, 36.16999], [-95.14908, 36.16865], [-95.14929, 36.16716], [-95.1501, 36.16596], [-95.15221, 36.16484], [-95.15577, 36.16474], [-95.15713, 36.16407], [-95.15544, 36.16411], [-95.15385, 36.16364], [-95.15287, 36.16298], [-95.152, 36.1618], [-95.15189, 36.15968], [-95.15297, 36.15737], [-95.15379, 36.15631], [-95.15552, 36.15534], [-95.15775, 36.15516], [-95.15935, 36.1556], [-95.16057, 36.15645], [-95.16248, 36.15609], [-95.16439, 36.1564], [-95.16632, 36.1577]], [[-95.15982, 36.16353], [-95.15959, 36.16287], [-95.15858, 36.16359], [-95.1592, 36.16352], [-95.15982, 36.16353]]], [[[-95.16483, 36.18816], [-95.16559, 36.18957], [-95.16562, 36.19095], [-95.16475, 36.19251], [-95.16346, 36.1934], [-95.16109, 36.19408], [-95.15867, 36.19403], [-95.15676, 36.1933], [-95.15569, 36.19224], [-95.1552, 36.19092], [-95.15533, 36.18844], [-95.15629, 36.18698], [-95.15759, 36.18617], [-95.15917, 36.18581], [-95.16096, 36.18597], [-95.16361, 36.18721], [-95.16483, 36.18816]]], [[[-95.17216, 36.19564], [-95.17311, 36.19609], [-95.17539, 36.19615], [-95.17695, 36.19669], [-95.17835, 36.19796], [-95.17883, 36.19928], [-95.17849, 36.20138], [-95.17754, 36.20252], [-95.17641, 36.20317], [-95.17634, 36.20456], [-95.17541, 36.20632], [-95.17507, 36.20779], [-95.17345, 36.20935], [-95.17189, 36.20987], [-95.17049, 36.20991], [-95.16851, 36.20932], [-95.16727, 36.20826], [-95.16468, 36.20859], [-95.164, 36.20976], [-95.1626, 36.21079], [-95.1609, 36.21125], [-95.1594, 36.21121], [-95.15717, 36.21048], [-95.15615, 36.2096], [-95.15543, 36.20817], [-95.15346, 36.20767], [-95.1519, 36.20644], [-95.15127, 36.2051], [-95.15127, 36.20385], [-95.15084, 36.20254], [-95.15095, 36.20129], [-95.15164, 36.20004], [-95.15318, 36.19896], [-95.15429, 36.19649], [-95.15548, 36.19551], [-95.15746, 36.19493], [-95.15981, 36.19513], [-95.16162, 36.196], [-95.16276, 36.19758], [-95.16483, 36.19646], [-95.16881, 36.19515], [-95.17059, 36.19513], [-95.17216, 36.19564]]], [[[-95.18395, 36.23217], [-95.18228, 36.23241], [-95.18028, 36.23222], [-95.17881, 36.23155], [-95.17776, 36.23047], [-95.17731, 36.22915], [-95.17752, 36.22754], [-95.17835, 36.22635], [-95.17968, 36.2255], [-95.18131, 36.22513], [-95.18374, 36.22531], [-95.18521, 36.22598], [-95.18625, 36.22706], [-95.18671, 36.22838], [-95.1865, 36.22999], [-95.18567, 36.23118], [-95.18395, 36.23217]]], [[[-95.20025, 36.2696], [-95.19861, 36.26996], [-95.1966, 36.26977], [-95.19515, 36.2691], [-95.19412, 36.26804], [-95.19366, 36.26675], [-95.19385, 36.26529], [-95.19468, 36.26407], [-95.19603, 36.26322], [-95.19768, 36.26285], [-95.19972, 36.26303], [-95.20119, 36.26371], [-95.20223, 36.2648], [-95.20267, 36.26612], [-95.20245, 36.26757], [-95.2016, 36.26877], [-95.20025, 36.2696]]], [[[-95.18595, 36.30233], [-95.18428, 36.30269], [-95.18253, 36.30255], [-95.18101, 36.30191], [-95.1798, 36.30079], [-95.17928, 36.29946], [-95.17942, 36.29808], [-95.18022, 36.29685], [-95.1816, 36.29592], [-95.18343, 36.29548], [-95.18551, 36.29564], [-95.18701, 36.29628], [-95.18809, 36.29733], [-95.18859, 36.29864], [-95.18843, 36.30009], [-95.18764, 36.30131], [-95.18595, 36.30233]]], [[[-95.20759, 36.29881], [-95.20681, 36.30087], [-95.20548, 36.30192], [-95.20431, 36.30338], [-95.20287, 36.3041], [-95.20119, 36.30431], [-95.19936, 36.30399], [-95.198, 36.30319], [-95.19711, 36.30203], [-95.19684, 36.30062], [-95.19741, 36.29898], [-95.19864, 36.29788], [-95.19963, 36.29639], [-95.20133, 36.29539], [-95.20342, 36.29516], [-95.2057, 36.29587], [-95.2071, 36.29715], [-95.20759, 36.29881]]], [[[-95.1817, 36.31602], [-95.18373, 36.31556], [-95.18561, 36.31579], [-95.18704, 36.31652], [-95.18817, 36.31796], [-95.18826, 36.32001], [-95.18868, 36.32144], [-95.18853, 36.32259], [-95.18727, 36.32478], [-95.18513, 36.32586], [-95.18331, 36.32595], [-95.18171, 36.3255], [-95.18043, 36.3246], [-95.17968, 36.32337], [-95.17937, 36.31895], [-95.18018, 36.3172], [-95.1817, 36.31602]]], [[[-95.16512, 36.42583], [-95.1654, 36.4244], [-95.16657, 36.42298], [-95.16802, 36.42227], [-95.16988, 36.42206], [-95.17193, 36.42121], [-95.1738, 36.42118], [-95.17543, 36.42172], [-95.17667, 36.42274], [-95.17733, 36.42411], [-95.17727, 36.42554], [-95.1765, 36.4269], [-95.17498, 36.42796], [-95.1737, 36.42935], [-95.17179, 36.43006], [-95.1694, 36.42997], [-95.16696, 36.42872], [-95.16554, 36.42717], [-95.16512, 36.42583]]], [[[-95.13534, 36.14231], [-95.13316, 36.14355], [-95.13191, 36.14372], [-95.13047, 36.14355], [-95.12871, 36.14485], [-95.1275, 36.14516], [-95.12603, 36.14517], [-95.12443, 36.14473], [-95.12316, 36.14382], [-95.12242, 36.14259], [-95.12231, 36.14114], [-95.12309, 36.13956], [-95.12433, 36.13862], [-95.12591, 36.13814], [-95.1281, 36.13827], [-95.13011, 36.13689], [-95.13218, 36.13659], [-95.13453, 36.13732], [-95.13587, 36.13872], [-95.13618, 36.14074], [-95.13534, 36.14231]]], [[[-95.1525, 36.14875], [-95.1515, 36.14987], [-95.15002, 36.15062], [-95.14836, 36.15084], [-95.14672, 36.15053], [-95.14533, 36.14971], [-95.14443, 36.14854], [-95.14415, 36.14719], [-95.14454, 36.14584], [-95.14554, 36.14473], [-95.14703, 36.14398], [-95.14869, 36.14376], [-95.15033, 36.14407], [-95.15172, 36.14489], [-95.15261, 36.14606], [-95.15289, 36.14741], [-95.1525, 36.14875]]], [[[-95.13014, 36.18851], [-95.13302, 36.18849], [-95.13462, 36.18894], [-95.13589, 36.18985], [-95.13671, 36.19143], [-95.13651, 36.19329], [-95.13536, 36.19471], [-95.13391, 36.19543], [-95.13118, 36.19604], [-95.12994, 36.19753], [-95.1276, 36.19837], [-95.12903, 36.19936], [-95.12977, 36.20059], [-95.12978, 36.20241], [-95.12887, 36.20385], [-95.12997, 36.20484], [-95.13056, 36.20621], [-95.13121, 36.20506], [-95.13209, 36.20432], [-95.13444, 36.20359], [-95.13702, 36.20405], [-95.13876, 36.20553], [-95.13921, 36.2072], [-95.13882, 36.20865], [-95.13753, 36.20999], [-95.1356, 36.21068], [-95.13378, 36.21063], [-95.13223, 36.21008], [-95.13106, 36.20908], [-95.13043, 36.20764], [-95.12948, 36.20906], [-95.12774, 36.21002], [-95.12516, 36.21043], [-95.12311, 36.21008], [-95.12176, 36.20925], [-95.12098, 36.20829], [-95.11845, 36.20804], [-95.11675, 36.20703], [-95.11595, 36.20582], [-95.11577, 36.20426], [-95.11465, 36.2025], [-95.11457, 36.20139], [-95.11509, 36.19975], [-95.11598, 36.19858], [-95.11697, 36.19794], [-95.11858, 36.19749], [-95.11999, 36.1975], [-95.12158, 36.19798], [-95.12265, 36.19874], [-95.12494, 36.19798], [-95.12378, 36.1973], [-95.12285, 36.19616], [-95.12245, 36.19461], [-95.12279, 36.19326], [-95.1244, 36.19169], [-95.12561, 36.19124], [-95.12706, 36.19111], [-95.12831, 36.18935], [-95.13014, 36.18851]]], [[[-95.00504, 36.20929], [-95.00476, 36.20794], [-95.00515, 36.20644], [-95.00613, 36.20533], [-95.00756, 36.2046], [-95.00923, 36.20437], [-95.01136, 36.20465], [-95.01307, 36.20564], [-95.0139, 36.20683], [-95.01416, 36.20835], [-95.0137, 36.20967], [-95.01265, 36.21075], [-95.01117, 36.21142], [-95.00938, 36.21161], [-95.00732, 36.21125], [-95.00594, 36.21045], [-95.00504, 36.20929]]], [[[-95.11857, 36.21625], [-95.11688, 36.21574], [-95.11563, 36.21482], [-95.11491, 36.21357], [-95.11483, 36.2122], [-95.11541, 36.21091], [-95.11672, 36.20968], [-95.11825, 36.2091], [-95.11993, 36.20903], [-95.12162, 36.20955], [-95.12287, 36.21047], [-95.12359, 36.21172], [-95.12367, 36.21309], [-95.12309, 36.21438], [-95.12178, 36.21561], [-95.12025, 36.21619], [-95.11857, 36.21625]]], [[[-95.03174, 36.22417], [-95.03012, 36.22456], [-95.02832, 36.22443], [-95.02682, 36.22378], [-95.02575, 36.22272], [-95.02526, 36.22141], [-95.02543, 36.21986], [-95.02622, 36.21865], [-95.02753, 36.21778], [-95.02915, 36.21738], [-95.03095, 36.21751], [-95.03245, 36.21816], [-95.03352, 36.21922], [-95.03401, 36.22053], [-95.03385, 36.22209], [-95.03305, 36.2233], [-95.03174, 36.22417]]], [[[-95.07645, 36.22342], [-95.07599, 36.2221], [-95.07619, 36.2207], [-95.07702, 36.2195], [-95.07835, 36.21865], [-95.07998, 36.21828], [-95.08192, 36.21845], [-95.0834, 36.21912], [-95.08444, 36.22019], [-95.0849, 36.22151], [-95.0847, 36.22292], [-95.08388, 36.22412], [-95.08255, 36.22496], [-95.08092, 36.22534], [-95.07897, 36.22517], [-95.0775, 36.2245], [-95.07645, 36.22342]]], [[[-95.1503, 36.27869], [-95.15209, 36.28013], [-95.15259, 36.28221], [-95.1521, 36.28352], [-95.15055, 36.28486], [-95.14987, 36.28621], [-95.15007, 36.28638], [-95.15092, 36.28531], [-95.1523, 36.28452], [-95.15395, 36.28421], [-95.15527, 36.28434], [-95.15679, 36.28495], [-95.1579, 36.28598], [-95.15843, 36.28728], [-95.15841, 36.28844], [-95.15781, 36.28973], [-95.15691, 36.29056], [-95.15736, 36.29182], [-95.15728, 36.29296], [-95.15602, 36.2948], [-95.15423, 36.29564], [-95.15273, 36.29577], [-95.15118, 36.29553], [-95.14938, 36.29663], [-95.14709, 36.29687], [-95.14477, 36.29608], [-95.14339, 36.29437], [-95.14322, 36.293], [-95.14255, 36.2921], [-95.14222, 36.29076], [-95.14229, 36.28807], [-95.14302, 36.28668], [-95.14194, 36.28513], [-95.14181, 36.28339], [-95.14263, 36.28052], [-95.14397, 36.2792], [-95.1455, 36.27861], [-95.14772, 36.2783], [-95.1503, 36.27869]]], [[[-95.14402, 36.29906], [-95.14596, 36.29777], [-95.14846, 36.29751], [-95.15079, 36.29829], [-95.15205, 36.29966], [-95.15284, 36.30265], [-95.15264, 36.30496], [-95.15136, 36.30756], [-95.14947, 36.3089], [-95.14715, 36.30925], [-95.14539, 36.30911], [-95.14373, 36.30834], [-95.14263, 36.30707], [-95.1418, 36.30489], [-95.14175, 36.30352], [-95.14236, 36.30224], [-95.14328, 36.3014], [-95.14347, 36.3], [-95.14402, 36.29906]]], [[[-95.10613, 36.34985], [-95.10534, 36.34863], [-95.10512, 36.347], [-95.10562, 36.34568], [-95.1067, 36.34463], [-95.10821, 36.34399], [-95.1101, 36.34384], [-95.11172, 36.34424], [-95.11302, 36.34512], [-95.11381, 36.34633], [-95.11403, 36.34797], [-95.11352, 36.34928], [-95.11244, 36.35033], [-95.11094, 36.35097], [-95.10905, 36.35113], [-95.10743, 36.35072], [-95.10613, 36.34985]]], [[[-95.11739, 36.36215], [-95.117, 36.36082], [-95.11728, 36.35942], [-95.1182, 36.3582], [-95.11957, 36.3574], [-95.12122, 36.35708], [-95.12302, 36.3573], [-95.12447, 36.35802], [-95.12546, 36.35913], [-95.12585, 36.36047], [-95.12558, 36.36192], [-95.12469, 36.36309], [-95.12331, 36.36389], [-95.12166, 36.36421], [-95.11983, 36.36398], [-95.11839, 36.36326], [-95.11739, 36.36215]]], [[[-95.13838, 36.37764], [-95.13977, 36.37686], [-95.14165, 36.37657], [-95.14332, 36.37681], [-95.14504, 36.37781], [-95.14626, 36.37957], [-95.14657, 36.38119], [-95.14578, 36.38313], [-95.1447, 36.38418], [-95.14321, 36.38483], [-95.14088, 36.38496], [-95.13926, 36.38453], [-95.13797, 36.38363], [-95.13721, 36.3824], [-95.13705, 36.38134], [-95.13732, 36.37913], [-95.13838, 36.37764]]], [[[-95.14103, 36.39623], [-95.1418, 36.39463], [-95.14304, 36.39369], [-95.14481, 36.39317], [-95.1465, 36.39321], [-95.14804, 36.39378], [-95.14954, 36.39504], [-95.1502, 36.39641], [-95.15015, 36.3979], [-95.14947, 36.39916], [-95.14825, 36.40011], [-95.14668, 36.40061], [-95.14478, 36.40057], [-95.14322, 36.40002], [-95.14196, 36.399], [-95.14115, 36.3976], [-95.14103, 36.39623]]]]}, "properties": {"class": "structures", "buffer_m": 390.0, "area_km2": 105.55}}, {"type": "Feature", "geometry": {"type": "MultiPolygon", "coordinates": [[[[-95.5496, 36.19355], [-95.54957, 36.20417], [-95.55193, 36.20416], [-95.55277, 36.20802], [-95.55133, 36.20803], [-95.55122, 36.21099], [-95.55332, 36.2174], [-95.5538, 36.22482], [-95.55453, 36.22644], [-95.55415, 36.22794], [-95.55263, 36.22893], [-95.55563, 36.23163], [-95.55598, 36.23538], [-95.55552, 36.25169], [-95.55522, 36.25127], [-95.55451, 36.25127], [-95.55382, 36.25249], [-95.55234, 36.25305], [-95.55241, 36.25804], [-95.55531, 36.25781], [-95.55473, 36.26166], [-95.55347, 36.26189], [-95.55469, 36.2619], [-95.55411, 36.26576], [-95.55097, 36.26568], [-95.5496, 36.26499], [-95.54886, 36.26577], [-95.55059, 36.2663], [-95.55159, 36.2674], [-95.55387, 36.26739], [-95.55235, 36.27752], [-95.5521, 36.27712], [-95.5516, 36.27776], [-95.55062, 36.27827], [-95.5488, 36.27817], [-95.5476, 36.27706], [-95.54746, 36.26973], [-95.54643, 36.26933], [-95.54584, 36.26874], [-95.54557, 36.26783], [-95.54595, 36.2668], [-95.5455, 36.26666], [-95.5453, 36.27298], [-95.54552, 36.28229], [-95.54615, 36.2814], [-95.54708, 36.28083], [-95.54896, 36.28084], [-95.55055, 36.28012], [-95.55183, 36.28029], [-95.55013, 36.28645], [-95.54855, 36.28617], [-95.54549, 36.28616], [-95.54552, 36.29092], [-95.54891, 36.29089], [-95.54784, 36.29476], [-95.54552, 36.29479], [-95.5455, 36.30254], [-95.54073, 36.3143], [-95.54072, 36.31126], [-95.53988, 36.31227], [-95.5389, 36.31269], [-95.53823, 36.31399], [-95.53649, 36.31533], [-95.53464, 36.31579], [-95.53224, 36.3156], [-95.53236, 36.317], [-95.53164, 36.31834], [-95.53099, 36.31888], [-95.5292, 36.3192], [-95.52834, 36.31892], [-95.52761, 36.31831], [-95.52757, 36.31995], [-95.53084, 36.32023], [-95.53173, 36.32083], [-95.53218, 36.32189], [-95.53182, 36.32298], [-95.53079, 36.32372], [-95.52755, 36.32382], [-95.52757, 36.32699], [-95.5372, 36.32275], [-95.53395, 36.3287], [-95.52797, 36.33133], [-95.52752, 36.33244], [-95.5275, 36.3344], [-95.53084, 36.3344], [-95.52658, 36.34222], [-95.52272, 36.34775], [-95.52265, 36.33829], [-95.51852, 36.33826], [-95.51859, 36.34435], [-95.51827, 36.34506], [-95.51744, 36.34572], [-95.5161, 36.34599], [-95.51479, 36.34561], [-95.5139, 36.34452], [-95.51371, 36.34251], [-95.51326, 36.34305], [-95.51406, 36.34573], [-95.514, 36.35233], [-95.5156, 36.35234], [-95.51666, 36.35271], [-95.51739, 36.35344], [-95.5176, 36.35437], [-95.51711, 36.35542], [-95.51598, 36.35607], [-95.5104, 36.35637], [-95.51163, 36.35734], [-95.51223, 36.35945], [-95.51139, 36.36076], [-95.5096, 36.3612], [-95.50963, 36.3634], [-95.51146, 36.36341], [-95.50489, 36.37098], [-95.50486, 36.36724], [-95.49687, 36.36721], [-95.49603, 36.36831], [-95.49451, 36.36873], [-95.49318, 36.3684], [-95.4922, 36.36722], [-95.49171, 36.36722], [-95.49171, 36.37421], [-95.49379, 36.3742], [-95.4944, 36.37313], [-95.49586, 36.37246], [-95.49598, 36.36863], [-95.49685, 36.36775], [-95.49818, 36.36742], [-95.4997, 36.36785], [-95.50054, 36.36896], [-95.50068, 36.37427], [-95.50039, 36.37518], [-95.49975, 36.37582], [-95.50014, 36.37616], [-95.50067, 36.37505], [-95.50192, 36.3744], [-95.49744, 36.37956], [-95.49511, 36.38175], [-95.49175, 36.38176], [-95.49175, 36.38491], [-95.48698, 36.38939], [-95.48697, 36.3817], [-95.48524, 36.3817], [-95.4844, 36.38212], [-95.48217, 36.38254], [-95.48104, 36.38236], [-95.48014, 36.38177], [-95.47385, 36.38173], [-95.47384, 36.39377], [-95.47461, 36.39292], [-95.47568, 36.39254], [-95.48373, 36.39244], [-95.47966, 36.39626], [-95.4784, 36.3963], [-95.47765, 36.3975], [-95.47579, 36.39809], [-95.47666, 36.39859], [-95.45988, 36.41153], [-95.45963, 36.41076], [-95.45382, 36.41076], [-95.45303, 36.412], [-95.45189, 36.41263], [-95.4505, 36.41265], [-95.44919, 36.41189], [-95.44881, 36.41044], [-95.45007, 36.40806], [-95.45204, 36.40704], [-95.45472, 36.40688], [-95.45456, 36.40424], [-95.45273, 36.40402], [-95.45145, 36.40282], [-95.45116, 36.39773], [-95.4487, 36.39733], [-95.44757, 36.39622], [-95.44693, 36.3962], [-95.44679, 36.3969], [-95.44722, 36.39972], [-95.44706, 36.40046], [-95.44621, 36.40135], [-95.44489, 36.4017], [-95.44355, 36.4014], [-95.44264, 36.40056], [-95.44209, 36.3962], [-95.43897, 36.39597], [-95.43799, 36.39516], [-95.43773, 36.39397], [-95.43584, 36.39382], [-95.4343, 36.39306], [-95.4321, 36.39483], [-95.43004, 36.39594], [-95.42885, 36.39619], [-95.42482, 36.39624], [-95.42283, 36.39729], [-95.42264, 36.3975], [-95.42385, 36.39869], [-95.42373, 36.39999], [-95.42191, 36.40144], [-95.41985, 36.40181], [-95.41988, 36.40335], [-95.42645, 36.40325], [-95.42747, 36.40229], [-95.42906, 36.40206], [-95.43061, 36.40285], [-95.43099, 36.40353], [-95.43102, 36.40444], [-95.43043, 36.40558], [-95.42837, 36.40694], [-95.4199, 36.40722], [-95.41999, 36.41097], [-95.4195, 36.41254], [-95.42041, 36.41361], [-95.42069, 36.41495], [-95.41988, 36.41719], [-95.41988, 36.42137], [-95.43326, 36.42136], [-95.4332, 36.41372], [-95.43378, 36.4127], [-95.43496, 36.41211], [-95.43656, 36.41223], [-95.43781, 36.41331], [-95.43804, 36.41951], [-95.44058, 36.41885], [-95.4422, 36.4193], [-95.44234, 36.41541], [-95.44309, 36.41436], [-95.44439, 36.4137], [-95.44576, 36.41353], [-95.44684, 36.41388], [-95.44758, 36.4146], [-95.4478, 36.41571], [-95.44697, 36.41692], [-95.44699, 36.41969], [-95.43841, 36.42511], [-95.438, 36.42511], [-95.438, 36.42533], [-95.43322, 36.42778], [-95.43321, 36.42523], [-95.41991, 36.42524], [-95.41994, 36.43459], [-95.41517, 36.43703], [-95.40864, 36.43969], [-95.40203, 36.4397], [-95.40201, 36.44239], [-95.39725, 36.44432], [-95.39725, 36.43972], [-95.38668, 36.43971], [-95.38574, 36.44003], [-95.38417, 36.44008], [-95.38422, 36.44901], [-95.36521, 36.45493], [-95.34863, 36.45864], [-95.36152, 36.45092], [-95.36149, 36.43976], [-95.35659, 36.43975], [-95.3538, 36.44001], [-95.35233, 36.43958], [-95.34922, 36.43947], [-95.3326, 36.43947], [-95.33043, 36.4397], [-95.33044, 36.45041], [-95.34359, 36.45036], [-95.34358, 36.44708], [-95.34426, 36.4459], [-95.34526, 36.44541], [-95.34642, 36.44536], [-95.34747, 36.44576], [-95.34825, 36.44669], [-95.34836, 36.4587], [-95.34357, 36.45977], [-95.34359, 36.45423], [-95.33941, 36.45425], [-95.3394, 36.4607], [-95.33884, 36.46082], [-95.32865, 36.46225], [-95.32922, 36.46139], [-95.33054, 36.4604], [-95.33259, 36.45957], [-95.33461, 36.45929], [-95.33463, 36.45428], [-95.32811, 36.45424], [-95.32677, 36.45376], [-95.32593, 36.45291], [-95.32562, 36.45178], [-95.32565, 36.43975], [-95.31242, 36.43976], [-95.3124, 36.46452], [-95.31187, 36.4646], [-95.30761, 36.46485], [-95.30764, 36.43974], [-95.29452, 36.43978], [-95.29449, 36.46562], [-95.2897, 36.4659], [-95.28974, 36.45432], [-95.26754, 36.45435], [-95.26325, 36.46577], [-95.25721, 36.46564], [-95.25385, 36.4653], [-95.2538, 36.45439], [-95.22267, 36.45438], [-95.22266, 36.46156], [-95.21788, 36.46069], [-95.21789, 36.45794], [-95.21161, 36.45791], [-95.21049, 36.4576], [-95.2094, 36.45644], [-95.2093, 36.45432], [-95.18972, 36.45437], [-95.17739, 36.45106], [-95.17541, 36.45034], [-95.17802, 36.44943], [-95.18238, 36.44652], [-95.18239, 36.44352], [-95.17917, 36.44351], [-95.17754, 36.44302], [-95.17594, 36.44165], [-95.17567, 36.43984], [-95.1692, 36.43984], [-95.16922, 36.44812], [-95.16444, 36.44639], [-95.16443, 36.44507], [-95.16325, 36.44452], [-95.16218, 36.44558], [-95.1544, 36.44278], [-95.15544, 36.44055], [-95.15674, 36.43986], [-95.15762, 36.43865], [-95.15919, 36.43802], [-95.16034, 36.43789], [-95.16153, 36.43826], [-95.16247, 36.43915], [-95.16287, 36.43998], [-95.16442, 36.43952], [-95.1644, 36.43404], [-95.16468, 36.43254], [-95.16654, 36.42946], [-95.16739, 36.42611], [-95.16818, 36.42538], [-95.16938, 36.42504], [-95.1701, 36.42339], [-95.1709, 36.4227], [-95.17246, 36.4224], [-95.17407, 36.42311], [-95.17458, 36.42416], [-95.17442, 36.42636], [-95.17348, 36.42818], [-95.17259, 36.4287], [-95.17144, 36.42888], [-95.17106, 36.43075], [-95.16922, 36.43383], [-95.16917, 36.43598], [-95.1773, 36.43597], [-95.17827, 36.43541], [-95.17727, 36.43416], [-95.17705, 36.43321], [-95.17582, 36.43206], [-95.17511, 36.4295], [-95.17525, 36.42857], [-95.1761, 36.42768], [-95.17871, 36.42644], [-95.17987, 36.42637], [-95.18109, 36.42675], [-95.18233, 36.42664], [-95.18233, 36.42536], [-95.18089, 36.42482], [-95.18015, 36.42352], [-95.17812, 36.42344], [-95.17664, 36.4226], [-95.17532, 36.4226], [-95.17419, 36.42211], [-95.1735, 36.42134], [-95.17255, 36.41928], [-95.17141, 36.41871], [-95.17079, 36.41777], [-95.16844, 36.41741], [-95.16634, 36.41564], [-95.1652, 36.41509], [-95.16437, 36.41359], [-95.1628, 36.41299], [-95.16178, 36.41188], [-95.16148, 36.41105], [-95.15665, 36.41357], [-95.15462, 36.41419], [-95.15126, 36.41443], [-95.15126, 36.42144], [-95.15299, 36.42144], [-95.15409, 36.42175], [-95.15487, 36.42244], [-95.15516, 36.42335], [-95.15488, 36.42427], [-95.1541, 36.42496], [-95.15301, 36.42529], [-95.15126, 36.4253], [-95.15127, 36.42879], [-95.15789, 36.42881], [-95.1593, 36.42938], [-95.16007, 36.43038], [-95.15999, 36.43357], [-95.15949, 36.43423], [-95.15735, 36.43575], [-95.15576, 36.43619], [-95.15357, 36.43623], [-95.15238, 36.43592], [-95.15101, 36.43447], [-95.15084, 36.43265], [-95.14234, 36.43261], [-95.14234, 36.43743], [-95.13756, 36.43523], [-95.13755, 36.43259], [-95.13329, 36.43257], [-95.13328, 36.43326], [-95.12863, 36.43111], [-95.12855, 36.42528], [-95.11845, 36.42529], [-95.11161, 36.42138], [-95.12854, 36.42141], [-95.12851, 36.41356], [-95.12746, 36.41326], [-95.12678, 36.41272], [-95.12642, 36.41203], [-95.12634, 36.41072], [-95.11915, 36.4107], [-95.11777, 36.41106], [-95.11622, 36.41075], [-95.09758, 36.41072], [-95.09758, 36.41223], [-95.09004, 36.40694], [-95.10169, 36.40685], [-95.10164, 36.39437], [-95.10216, 36.39334], [-95.10326, 36.39267], [-95.1232, 36.39244], [-95.12445, 36.39272], [-95.12545, 36.39245], [-95.13019, 36.39239], [-95.13172, 36.3928], [-95.13257, 36.39391], [-95.13254, 36.39485], [-95.13196, 36.39566], [-95.1312, 36.39609], [-95.13002, 36.39626], [-95.13213, 36.39657], [-95.13317, 36.39778], [-95.13327, 36.40687], [-95.13431, 36.40623], [-95.13561, 36.40597], [-95.13694, 36.40631], [-95.1378, 36.40717], [-95.13924, 36.40693], [-95.15154, 36.40706], [-95.1526, 36.40745], [-95.15351, 36.40844], [-95.15364, 36.40958], [-95.15308, 36.41048], [-95.15467, 36.41005], [-95.15892, 36.40779], [-95.15828, 36.40652], [-95.15842, 36.40577], [-95.159, 36.40502], [-95.15817, 36.40396], [-95.15834, 36.40244], [-95.15974, 36.40057], [-95.16062, 36.39998], [-95.16435, 36.39985], [-95.16431, 36.39637], [-95.14702, 36.39638], [-95.14637, 36.39729], [-95.14536, 36.39775], [-95.1442, 36.39778], [-95.14316, 36.39737], [-95.14232, 36.39605], [-95.14266, 36.39368], [-95.144, 36.39267], [-95.14638, 36.39252], [-95.1464, 36.39107], [-95.14693, 36.38954], [-95.14672, 36.38916], [-95.14563, 36.38907], [-95.14464, 36.38858], [-95.14395, 36.38721], [-95.14467, 36.38585], [-95.14629, 36.3853], [-95.14629, 36.38186], [-95.13898, 36.38181], [-95.13799, 36.38304], [-95.13724, 36.38349], [-95.13587, 36.38365], [-95.13479, 36.3833], [-95.13397, 36.3824], [-95.1339, 36.38127], [-95.13272, 36.38069], [-95.13218, 36.37986], [-95.13228, 36.37761], [-95.13284, 36.37662], [-95.13277, 36.37599], [-95.13104, 36.37581], [-95.12984, 36.37469], [-95.1296, 36.37328], [-95.12996, 36.37187], [-95.13092, 36.37083], [-95.13249, 36.3705], [-95.13334, 36.36658], [-95.13627, 36.36347], [-95.13799, 36.36247], [-95.1433, 36.36028], [-95.15497, 36.35389], [-95.15639, 36.35258], [-95.15941, 36.34848], [-95.16054, 36.34767], [-95.16478, 36.34561], [-95.17125, 36.34122], [-95.17224, 36.33975], [-95.17261, 36.33796], [-95.17315, 36.33704], [-95.17335, 36.33585], [-95.17397, 36.33505], [-95.17426, 36.3336], [-95.1741, 36.33002], [-95.17134, 36.32905], [-95.17077, 36.32845], [-95.17041, 36.3274], [-95.17041, 36.32553], [-95.17155, 36.32435], [-95.17198, 36.32316], [-95.17147, 36.32239], [-95.17137, 36.3214], [-95.17157, 36.32042], [-95.17208, 36.31979], [-95.17376, 36.3192], [-95.17489, 36.31942], [-95.17572, 36.32], [-95.1821, 36.32005], [-95.18111, 36.3191], [-95.18102, 36.3178], [-95.1821, 36.31668], [-95.18239, 36.31413], [-95.18337, 36.31333], [-95.18449, 36.31311], [-95.18582, 36.31343], [-95.1866, 36.31413], [-95.18688, 36.31644], [-95.18847, 36.3167], [-95.18977, 36.31767], [-95.19015, 36.3188], [-95.18987, 36.32011], [-95.20018, 36.3201], [-95.20014, 36.30951], [-95.19062, 36.30946], [-95.1883, 36.31075], [-95.18648, 36.31075], [-95.18518, 36.3097], [-95.18501, 36.3088], [-95.18425, 36.30775], [-95.18438, 36.3066], [-95.18342, 36.30638], [-95.18266, 36.30585], [-95.18163, 36.30589], [-95.18038, 36.30538], [-95.17747, 36.30512], [-95.17501, 36.30299], [-95.17471, 36.30164], [-95.17525, 36.30053], [-95.17603, 36.29983], [-95.17767, 36.29935], [-95.16236, 36.29559], [-95.16217, 36.2974], [-95.16114, 36.29884], [-95.1599, 36.29945], [-95.15936, 36.3006], [-95.15736, 36.30183], [-95.15553, 36.30204], [-95.15552, 36.3097], [-95.15573, 36.31012], [-95.15785, 36.31131], [-95.15848, 36.31251], [-95.15769, 36.31466], [-95.15789, 36.31824], [-95.1568, 36.31951], [-95.15852, 36.32088], [-95.15901, 36.32216], [-95.15974, 36.32295], [-95.15991, 36.32541], [-95.16122, 36.32549], [-95.16232, 36.32467], [-95.16369, 36.32452], [-95.16493, 36.32502], [-95.16567, 36.32618], [-95.16552, 36.32803], [-95.16437, 36.32932], [-95.16264, 36.32964], [-95.15977, 36.32927], [-95.15984, 36.33821], [-95.15945, 36.33943], [-95.15816, 36.3409], [-95.15663, 36.34147], [-95.15498, 36.34138], [-95.15372, 36.34031], [-95.15361, 36.33919], [-95.15445, 36.3381], [-95.15348, 36.33729], [-95.15323, 36.33618], [-95.15379, 36.33515], [-95.15502, 36.33454], [-95.15499, 36.3293], [-95.15333, 36.32899], [-95.15222, 36.32795], [-95.15196, 36.32714], [-95.15193, 36.32387], [-95.14774, 36.32401], [-95.14187, 36.32375], [-95.14178, 36.32472], [-95.14121, 36.32579], [-95.13976, 36.32744], [-95.13863, 36.32809], [-95.13749, 36.32829], [-95.13561, 36.32788], [-95.13458, 36.32869], [-95.1334, 36.32907], [-95.13232, 36.329], [-95.13128, 36.32987], [-95.13021, 36.33024], [-95.12883, 36.33008], [-95.1278, 36.32933], [-95.12732, 36.3299], [-95.12691, 36.33306], [-95.12407, 36.33732], [-95.12365, 36.33936], [-95.12286, 36.34088], [-95.12109, 36.34239], [-95.12205, 36.34332], [-95.12243, 36.34511], [-95.123, 36.3458], [-95.1233, 36.34699], [-95.12554, 36.34738], [-95.12658, 36.34837], [-95.12671, 36.34931], [-95.12641, 36.35002], [-95.12495, 36.35092], [-95.12071, 36.35049], [-95.11915, 36.34955], [-95.11859, 36.34872], [-95.11854, 36.34742], [-95.11776, 36.34604], [-95.11765, 36.34514], [-95.11592, 36.34371], [-95.1155, 36.34217], [-95.11601, 36.3408], [-95.11876, 36.33883], [-95.11956, 36.33603], [-95.12242, 36.33156], [-95.12243, 36.32971], [-95.12325, 36.32787], [-95.12037, 36.32879], [-95.11945, 36.3287], [-95.11851, 36.32823], [-95.11512, 36.33], [-95.11513, 36.33656], [-95.11449, 36.33755], [-95.11327, 36.33809], [-95.11167, 36.3379], [-95.1105, 36.33677], [-95.11035, 36.33101], [-95.10669, 36.33105], [-95.10671, 36.33948], [-95.10774, 36.34092], [-95.11054, 36.34349], [-95.11146, 36.34564], [-95.11471, 36.34773], [-95.11675, 36.34977], [-95.11748, 36.35112], [-95.11748, 36.35282], [-95.1213, 36.35506], [-95.12372, 36.35748], [-95.12397, 36.35871], [-95.12382, 36.361], [-95.12321, 36.3618], [-95.12198, 36.36232], [-95.12082, 36.36226], [-95.11983, 36.36176], [-95.11919, 36.36076], [-95.11915, 36.35883], [-95.11756, 36.35757], [-95.1134, 36.35513], [-95.11258, 36.35428], [-95.11236, 36.35341], [-95.11095, 36.35285], [-95.10993, 36.35203], [-95.10946, 36.35078], [-95.10998, 36.34967], [-95.10774, 36.34819], [-95.10658, 36.34649], [-95.10621, 36.34534], [-95.10396, 36.34328], [-95.10239, 36.3412], [-95.10196, 36.34015], [-95.10192, 36.33835], [-95.10112, 36.33834], [-95.10077, 36.34322], [-95.10014, 36.344], [-95.09934, 36.3444], [-95.09796, 36.34446], [-95.09661, 36.34375], [-95.09616, 36.34288], [-95.0962, 36.34102], [-95.09529, 36.34141], [-95.09436, 36.34147], [-95.09277, 36.34074], [-95.0923, 36.33988], [-95.09254, 36.33847], [-95.0923, 36.33763], [-95.09138, 36.33609], [-95.09148, 36.33443], [-95.0911, 36.33344], [-95.0912, 36.33201], [-95.092, 36.33097], [-95.07974, 36.33109], [-95.07986, 36.33447], [-95.08388, 36.33445], [-95.08501, 36.33332], [-95.0866, 36.33311], [-95.08893, 36.33357], [-95.08971, 36.33398], [-95.09062, 36.33509], [-95.09084, 36.33637], [-95.09044, 36.33781], [-95.08892, 36.33863], [-95.08776, 36.33858], [-95.08691, 36.33821], [-95.07989, 36.33833], [-95.07988, 36.34037], [-95.08203, 36.34044], [-95.08367, 36.34109], [-95.08697, 36.34351], [-95.08849, 36.34572], [-95.09152, 36.34807], [-95.09406, 36.34813], [-95.09643, 36.34908], [-95.099, 36.3493], [-95.10035, 36.35029], [-95.10056, 36.3514], [-95.10012, 36.35227], [-95.099, 36.35294], [-95.09766, 36.35304], [-95.09739, 36.36347], [-95.10467, 36.3635], [-95.1068, 36.36403], [-95.1085, 36.36517], [-95.11027, 36.36487], [-95.11343, 36.36567], [-95.11578, 36.36796], [-95.11614, 36.37057], [-95.11819, 36.3706], [-95.11941, 36.37106], [-95.12057, 36.3724], [-95.12086, 36.37384], [-95.12036, 36.37555], [-95.11861, 36.37667], [-95.11702, 36.37697], [-95.11536, 36.37666], [-95.113, 36.37727], [-95.11327, 36.37823], [-95.11282, 36.3793], [-95.11171, 36.37997], [-95.10998, 36.37995], [-95.10906, 36.38056], [-95.10826, 36.38136], [-95.10774, 36.38253], [-95.10674, 36.38315], [-95.10515, 36.38475], [-95.10487, 36.38577], [-95.10409, 36.38647], [-95.103, 36.38678], [-95.10164, 36.38674], [-95.10074, 36.38777], [-95.09846, 36.3888], [-95.09486, 36.38892], [-95.09239, 36.39001], [-95.09289, 36.3909], [-95.0929, 36.39184], [-95.09173, 36.39367], [-95.09088, 36.3943], [-95.08775, 36.39533], [-95.08659, 36.39539], [-95.0852, 36.39473], [-95.08404, 36.3929], [-95.08192, 36.39259], [-95.07959, 36.39268], [-95.07954, 36.3962], [-95.07904, 36.39705], [-95.07826, 36.39754], [-95.07481, 36.3946], [-95.07481, 36.39311], [-95.07344, 36.39343], [-95.06684, 36.38779], [-95.06344, 36.38424], [-95.06485, 36.38488], [-95.06599, 36.38592], [-95.0679, 36.38671], [-95.06876, 36.38767], [-95.06917, 36.38905], [-95.07036, 36.38924], [-95.07129, 36.38989], [-95.07485, 36.38914], [-95.07487, 36.38851], [-95.07364, 36.38856], [-95.07242, 36.38801], [-95.07175, 36.38664], [-95.07232, 36.38542], [-95.07368, 36.38455], [-95.07491, 36.38434], [-95.07491, 36.38383], [-95.07374, 36.3838], [-95.07269, 36.3834], [-95.07209, 36.3828], [-95.07182, 36.38188], [-95.06974, 36.38192], [-95.06947, 36.38279], [-95.06889, 36.38338], [-95.06808, 36.38375], [-95.06692, 36.38381], [-95.06552, 36.38316], [-95.06495, 36.38192], [-95.06431, 36.38191], [-95.06327, 36.38351], [-95.06328, 36.38408], [-95.05336, 36.37373], [-95.0552, 36.37478], [-95.05529, 36.37428], [-95.05483, 36.3733], [-95.05502, 36.37234], [-95.05438, 36.36971], [-95.05165, 36.37195], [-95.04683, 36.36612], [-95.05117, 36.36314], [-95.05298, 36.36278], [-95.05483, 36.36334], [-95.056, 36.36482], [-95.05721, 36.36475], [-95.05872, 36.36523], [-95.05994, 36.36662], [-95.06105, 36.36738], [-95.06181, 36.36636], [-95.06498, 36.36386], [-95.06505, 36.36213], [-95.06432, 36.35997], [-95.06513, 36.3583], [-95.06469, 36.35666], [-95.06563, 36.3543], [-95.06279, 36.35304], [-95.06192, 36.35289], [-95.06165, 36.35518], [-95.06297, 36.35749], [-95.06303, 36.35893], [-95.06144, 36.36229], [-95.0603, 36.36293], [-95.05914, 36.36299], [-95.05791, 36.36247], [-95.05724, 36.36149], [-95.05727, 36.36055], [-95.05825, 36.35844], [-95.05693, 36.35603], [-95.05707, 36.35285], [-95.05067, 36.35273], [-95.0496, 36.35224], [-95.04887, 36.3514], [-95.04788, 36.35115], [-95.04684, 36.3524], [-95.04547, 36.35283], [-95.03649, 36.35281], [-95.03391, 36.34894], [-95.0396, 36.34896], [-95.04054, 36.34821], [-95.04167, 36.34798], [-95.04279, 36.34821], [-95.04353, 36.34869], [-95.04418, 36.34793], [-95.04509, 36.34746], [-95.04798, 36.34728], [-95.05131, 36.34797], [-95.05274, 36.34896], [-95.05713, 36.34899], [-95.05721, 36.33837], [-95.05269, 36.33833], [-95.05089, 36.33759], [-95.04952, 36.33821], [-95.04829, 36.33837], [-95.02734, 36.3383], [-95.02334, 36.33182], [-95.02128, 36.32743], [-95.02125, 36.32619], [-95.02069, 36.32619], [-95.01857, 36.32169], [-95.02036, 36.32229], [-95.02126, 36.32233], [-95.02091, 36.32043], [-95.02121, 36.31839], [-95.02209, 36.3171], [-95.02385, 36.31669], [-95.02545, 36.3174], [-95.026, 36.31886], [-95.02608, 36.33443], [-95.04372, 36.33447], [-95.04378, 36.33031], [-95.04815, 36.3228], [-95.05004, 36.32116], [-95.05396, 36.32032], [-95.05522, 36.31978], [-95.0564, 36.31575], [-95.05792, 36.31416], [-95.05946, 36.31333], [-95.06446, 36.31196], [-95.06506, 36.30762], [-95.06582, 36.30626], [-95.06749, 36.30556], [-95.0794, 36.30547], [-95.07944, 36.29986], [-95.07862, 36.29805], [-95.07852, 36.29694], [-95.07894, 36.29564], [-95.07996, 36.29462], [-95.07711, 36.29467], [-95.07496, 36.29524], [-95.07342, 36.29611], [-95.07099, 36.29832], [-95.06936, 36.29928], [-95.06033, 36.3019], [-95.05006, 36.30525], [-95.04179, 36.30949], [-95.03953, 36.30982], [-95.03068, 36.30959], [-95.0321, 36.31185], [-95.03225, 36.31259], [-95.03182, 36.31366], [-95.03072, 36.31435], [-95.02957, 36.31446], [-95.0283, 36.314], [-95.02727, 36.31296], [-95.02603, 36.31075], [-95.02434, 36.31091], [-95.02198, 36.31046], [-95.01753, 36.31188], [-95.01499, 36.3124], [-95.01597, 36.31344], [-95.01639, 36.31437], [-95.01645, 36.31544], [-95.01607, 36.31638], [-95.01361, 36.31116], [-95.01165, 36.30537], [-95.01264, 36.30535], [-95.01369, 36.30334], [-95.01497, 36.30236], [-95.0161, 36.30195], [-95.01955, 36.30158], [-95.02415, 36.30208], [-95.02566, 36.3033], [-95.02616, 36.30653], [-95.0285, 36.30589], [-95.02785, 36.30473], [-95.02795, 36.30379], [-95.02876, 36.30288], [-95.02982, 36.30251], [-95.03098, 36.30259], [-95.0321, 36.30324], [-95.03366, 36.30335], [-95.03872, 36.30593], [-95.04014, 36.30586], [-95.04349, 36.30408], [-95.04247, 36.30353], [-95.04168, 36.30263], [-95.04107, 36.29948], [-95.04013, 36.29851], [-95.0385, 36.29754], [-95.0374, 36.29588], [-95.03688, 36.29312], [-95.0359, 36.29087], [-95.03567, 36.28865], [-95.03577, 36.28693], [-95.0372, 36.28235], [-95.03862, 36.28079], [-95.04116, 36.27988], [-95.04124, 36.27721], [-95.03868, 36.27714], [-95.03516, 36.27638], [-95.02756, 36.27276], [-95.02618, 36.27252], [-95.02275, 36.27302], [-95.02272, 36.27535], [-95.02236, 36.27613], [-95.02168, 36.27672], [-95.02151, 36.27881], [-95.02093, 36.27958], [-95.02006, 36.28007], [-95.00442, 36.28027], [-95.00361, 36.27641], [-95.01691, 36.27636], [-95.01708, 36.27496], [-95.01799, 36.27391], [-95.01801, 36.27209], [-95.01881, 36.2703], [-95.0202, 36.26935], [-95.02262, 36.26916], [-95.02076, 36.26798], [-95.02019, 36.26653], [-95.01922, 36.26593], [-95.01768, 36.26601], [-95.0161, 36.26567], [-95.00166, 36.26581], [-95.00133, 36.26194], [-95.01635, 36.26176], [-95.01818, 36.26216], [-95.01977, 36.26189], [-95.02137, 36.26224], [-95.02147, 36.25456], [-95.02427, 36.2515], [-95.02667, 36.2498], [-95.02763, 36.24832], [-95.02734, 36.24696], [-95.02584, 36.24709], [-95.02448, 36.24639], [-95.02367, 36.24412], [-95.02393, 36.24315], [-95.02471, 36.24228], [-95.02573, 36.24161], [-95.02691, 36.24132], [-95.0269, 36.23328], [-95.02621, 36.23233], [-95.02586, 36.23026], [-95.02606, 36.22953], [-95.02674, 36.22881], [-95.01971, 36.22876], [-95.01841, 36.22798], [-95.018, 36.22691], [-95.0184, 36.22584], [-95.01968, 36.22506], [-95.02689, 36.22494], [-95.02689, 36.22156], [-95.00109, 36.22156], [-95.0017, 36.21769], [-95.00897, 36.21769], [-95.00895, 36.21547], [-95.00182, 36.21691], [-95.0025, 36.2126], [-95.00894, 36.21135], [-95.00874, 36.18574], [-95.01025, 36.18039], [-95.01347, 36.17259], [-95.01348, 36.17443], [-95.01554, 36.17415], [-95.0267, 36.17419], [-95.02668, 36.17041], [-95.02547, 36.16976], [-95.02464, 36.16851], [-95.02449, 36.16758], [-95.02489, 36.1667], [-95.02576, 36.16608], [-95.02713, 36.16588], [-95.03062, 36.16719], [-95.03182, 36.16686], [-95.03204, 36.16585], [-95.03278, 36.16512], [-95.03432, 36.16475], [-95.03582, 36.16517], [-95.03669, 36.16575], [-95.03714, 36.16659], [-95.03706, 36.16771], [-95.03657, 36.16853], [-95.03492, 36.16988], [-95.03319, 36.1706], [-95.03147, 36.17262], [-95.03147, 36.17419], [-95.04463, 36.17416], [-95.04448, 36.16286], [-95.04492, 36.16199], [-95.04561, 36.16148], [-95.04649, 36.16123], [-95.04764, 36.16132], [-95.049, 36.16231], [-95.04939, 36.16443], [-95.05111, 36.16384], [-95.05227, 36.16386], [-95.05344, 36.16446], [-95.05401, 36.16548], [-95.05387, 36.16642], [-95.05337, 36.16705], [-95.05168, 36.16784], [-95.04946, 36.16951], [-95.04939, 36.17416], [-95.05351, 36.17431], [-95.05458, 36.17502], [-95.05497, 36.1759], [-95.0547, 36.177], [-95.05351, 36.17788], [-95.04938, 36.17803], [-95.04942, 36.18868], [-95.05346, 36.18863], [-95.05604, 36.18752], [-95.06015, 36.18711], [-95.06138, 36.18735], [-95.06249, 36.18818], [-95.06249, 36.16356], [-95.05889, 36.16346], [-95.05781, 36.16311], [-95.05686, 36.16185], [-95.05728, 36.16041], [-95.05816, 36.15981], [-95.05949, 36.15955], [-95.08923, 36.15965], [-95.0895, 36.15703], [-95.09022, 36.15629], [-95.09152, 36.1559], [-95.09286, 36.15616], [-95.09381, 36.15698], [-95.09399, 36.15966], [-95.0982, 36.15961], [-95.09821, 36.1513], [-95.09858, 36.15041], [-95.09942, 36.14977], [-95.10078, 36.14953], [-95.10221, 36.15], [-95.10303, 36.15101], [-95.10312, 36.15238], [-95.11353, 36.15249], [-95.11415, 36.15125], [-95.11145, 36.14572], [-95.11039, 36.14521], [-95.10978, 36.14447], [-95.10928, 36.14119], [-95.10846, 36.14045], [-95.10815, 36.13953], [-95.10877, 36.13739], [-95.11021, 36.1359], [-95.11039, 36.13447], [-95.11098, 36.13388], [-95.11202, 36.13347], [-95.11381, 36.13375], [-95.11499, 36.13505], [-95.11517, 36.13655], [-95.11434, 36.13788], [-95.11589, 36.13929], [-95.11654, 36.14149], [-95.12214, 36.1417], [-95.12345, 36.14239], [-95.12399, 36.14335], [-95.12466, 36.14265], [-95.12453, 36.14086], [-95.12573, 36.13974], [-95.12987, 36.13958], [-95.1318, 36.14004], [-95.1325, 36.14079], [-95.1327, 36.14152], [-95.13177, 36.14346], [-95.13259, 36.14407], [-95.13375, 36.14567], [-95.13411, 36.14758], [-95.13479, 36.14662], [-95.1358, 36.14616], [-95.13696, 36.14614], [-95.13816, 36.1467], [-95.13881, 36.14789], [-95.13866, 36.15234], [-95.142, 36.15409], [-95.1429, 36.15495], [-95.14362, 36.15405], [-95.14474, 36.15331], [-95.14707, 36.15304], [-95.14836, 36.15336], [-95.14947, 36.15408], [-95.15, 36.15499], [-95.15005, 36.15595], [-95.15124, 36.15593], [-95.15399, 36.15395], [-95.15512, 36.15376], [-95.15608, 36.15395], [-95.1566, 36.15172], [-95.15668, 36.1506], [-95.15631, 36.14923], [-95.15288, 36.14968], [-95.14849, 36.14937], [-95.14716, 36.14863], [-95.14673, 36.1472], [-95.14705, 36.14649], [-95.14788, 36.14583], [-95.14899, 36.14556], [-95.15328, 36.14582], [-95.15485, 36.14554], [-95.15464, 36.1448], [-95.15311, 36.14307], [-95.14811, 36.13936], [-95.14125, 36.13612], [-95.13896, 36.13467], [-95.13656, 36.13264], [-95.13518, 36.13201], [-95.13426, 36.1309], [-95.13401, 36.12946], [-95.13299, 36.12753], [-95.1325, 36.12837], [-95.13158, 36.12893], [-95.12778, 36.12908], [-95.12679, 36.12995], [-95.12516, 36.1303], [-95.12514, 36.13221], [-95.12457, 36.13325], [-95.12359, 36.13404], [-95.12223, 36.13426], [-95.12114, 36.13394], [-95.12027, 36.13307], [-95.12009, 36.13233], [-95.1204, 36.13088], [-95.11868, 36.13101], [-95.11719, 36.13059], [-95.11602, 36.12983], [-95.11551, 36.12899], [-95.11563, 36.12787], [-95.11675, 36.12687], [-95.11707, 36.12539], [-95.11799, 36.12453], [-95.11896, 36.12419], [-95.11833, 36.12243], [-95.11831, 36.12053], [-95.11601, 36.12122], [-95.11364, 36.12263], [-95.11352, 36.12348], [-95.11268, 36.12475], [-95.11099, 36.12585], [-95.10921, 36.12581], [-95.10524, 36.1242], [-95.10438, 36.12194], [-95.1047, 36.12103], [-95.10532, 36.12047], [-95.10708, 36.1201], [-95.10859, 36.12078], [-95.10997, 36.11968], [-95.111, 36.11937], [-95.1139, 36.11775], [-95.11602, 36.11709], [-95.11603, 36.10563], [-95.10738, 36.10556], [-95.10608, 36.10524], [-95.10508, 36.10431], [-95.10428, 36.10195], [-95.10311, 36.10098], [-95.10283, 36.09918], [-95.10223, 36.10061], [-95.1025, 36.10155], [-95.10231, 36.10245], [-95.10031, 36.10469], [-95.09895, 36.10541], [-95.0962, 36.10607], [-95.09414, 36.10592], [-95.09292, 36.10745], [-95.09377, 36.1089], [-95.09357, 36.11171], [-95.09287, 36.11317], [-95.0916, 36.114], [-95.09081, 36.11516], [-95.08908, 36.11563], [-95.08818, 36.11542], [-95.0873, 36.11481], [-95.08659, 36.11351], [-95.08661, 36.11258], [-95.08716, 36.11176], [-95.08846, 36.11098], [-95.08713, 36.11072], [-95.08458, 36.11188], [-95.08199, 36.11266], [-95.0777, 36.11285], [-95.07696, 36.11359], [-95.07564, 36.11427], [-95.07445, 36.11558], [-95.0749, 36.11779], [-95.07349, 36.12043], [-95.07194, 36.12113], [-95.07086, 36.12225], [-95.06742, 36.12285], [-95.06307, 36.12523], [-95.0599, 36.12864], [-95.05866, 36.12941], [-95.05562, 36.13034], [-95.05263, 36.13064], [-95.05138, 36.13131], [-95.04986, 36.13163], [-95.04525, 36.13075], [-95.04074, 36.1313], [-95.03591, 36.13091], [-95.03841, 36.12735], [-95.0406, 36.12743], [-95.04552, 36.12686], [-95.04775, 36.12716], [-95.04952, 36.12771], [-95.0513, 36.12692], [-95.05455, 36.12657], [-95.05647, 36.12592], [-95.0584, 36.124], [-95.05897, 36.12302], [-95.0603, 36.12205], [-95.06473, 36.11964], [-95.06748, 36.11872], [-95.06875, 36.11749], [-95.07008, 36.11725], [-95.06966, 36.11489], [-95.06547, 36.11551], [-95.06323, 36.11517], [-95.06199, 36.11645], [-95.05902, 36.11798], [-95.05696, 36.1195], [-95.05502, 36.12011], [-95.05382, 36.11993], [-95.05211, 36.1192], [-95.0487, 36.11863], [-95.04588, 36.11738], [-95.04944, 36.11332], [-95.04941, 36.11444], [-95.05063, 36.11501], [-95.0534, 36.11548], [-95.05474, 36.11596], [-95.05614, 36.11489], [-95.0588, 36.11357], [-95.06011, 36.11198], [-95.06135, 36.11128], [-95.06323, 36.11099], [-95.06518, 36.11161], [-95.06714, 36.11142], [-95.06764, 36.11011], [-95.06875, 36.10928], [-95.07129, 36.10902], [-95.07512, 36.10722], [-95.07828, 36.10709], [-95.07829, 36.10525], [-95.079, 36.10418], [-95.08525, 36.10122], [-95.08337, 36.10008], [-95.08119, 36.09666], [-95.08114, 36.09563], [-95.08166, 36.09378], [-95.08292, 36.09271], [-95.0846, 36.09253], [-95.08659, 36.09344], [-95.08721, 36.09483], [-95.08699, 36.09556], [-95.08628, 36.09627], [-95.08719, 36.09768], [-95.09198, 36.10022], [-95.09303, 36.10168], [-95.0955, 36.10219], [-95.09707, 36.10185], [-95.09752, 36.1014], [-95.09759, 36.09971], [-95.09848, 36.09739], [-95.0974, 36.09733], [-95.09641, 36.09684], [-95.0959, 36.09621], [-95.09574, 36.09528], [-95.09644, 36.09387], [-95.09829, 36.09284], [-95.09827, 36.08475], [-95.09636, 36.08536], [-95.09466, 36.08484], [-95.09397, 36.08387], [-95.09394, 36.08243], [-95.09324, 36.0818], [-95.09295, 36.08108], [-95.0931, 36.08015], [-95.09369, 36.07944], [-95.09049, 36.07697], [-95.0892, 36.07743], [-95.08778, 36.07718], [-95.09358, 36.07272], [-95.09824, 36.07269], [-95.09825, 36.06932], [-95.10304, 36.06629], [-95.103, 36.07263], [-95.1124, 36.07261], [-95.11242, 36.07149], [-95.11321, 36.07057], [-95.1145, 36.07016], [-95.11601, 36.07036], [-95.11578, 36.06395], [-95.11636, 36.06293], [-95.11776, 36.06231], [-95.11934, 36.06255], [-95.12037, 36.06355], [-95.12074, 36.06531], [-95.12076, 36.06882], [-95.12485, 36.06903], [-95.12632, 36.06991], [-95.12659, 36.07137], [-95.12619, 36.07205], [-95.12531, 36.07264], [-95.13086, 36.07263], [-95.13023, 36.07192], [-95.13004, 36.07117], [-95.13068, 36.06932], [-95.13175, 36.06832], [-95.13248, 36.06682], [-95.1339, 36.06587], [-95.13388, 36.05016], [-95.13431, 36.04895], [-95.13252, 36.04939], [-95.14153, 36.04479], [-95.16587, 36.03489], [-95.17031, 36.03351], [-95.16911, 36.03531], [-95.16709, 36.03609], [-95.16491, 36.03821], [-95.16194, 36.03881], [-95.16042, 36.03992], [-95.1511, 36.04284], [-95.14747, 36.04491], [-95.14816, 36.04843], [-95.15038, 36.04869], [-95.15156, 36.05003], [-95.15154, 36.05196], [-95.15038, 36.0531], [-95.14856, 36.05325], [-95.14724, 36.05242], [-95.14514, 36.05161], [-95.14362, 36.04969], [-95.14301, 36.04654], [-95.14139, 36.04739], [-95.14013, 36.04771], [-95.13995, 36.04957], [-95.13864, 36.0509], [-95.13862, 36.0582], [-95.15169, 36.05823], [-95.1525, 36.05672], [-95.15342, 36.05623], [-95.15449, 36.05604], [-95.15719, 36.05671], [-95.15779, 36.05729], [-95.15809, 36.05819], [-95.15783, 36.05911], [-95.15658, 36.06003], [-95.15608, 36.06127], [-95.15458, 36.06205], [-95.13864, 36.06207], [-95.1386, 36.06763], [-95.13793, 36.06862], [-95.13646, 36.06924], [-95.1362, 36.0725], [-95.1367, 36.07708], [-95.13778, 36.07832], [-95.13872, 36.08155], [-95.13869, 36.08715], [-95.15447, 36.08711], [-95.15623, 36.08605], [-95.15775, 36.0857], [-95.16444, 36.08652], [-95.16674, 36.08715], [-95.16859, 36.08719], [-95.16994, 36.08611], [-95.17003, 36.08239], [-95.17171, 36.08016], [-95.17266, 36.07951], [-95.17236, 36.07844], [-95.17284, 36.07739], [-95.17419, 36.07668], [-95.17674, 36.07649], [-95.17753, 36.07553], [-95.17905, 36.0751], [-95.18017, 36.07532], [-95.18103, 36.07595], [-95.18142, 36.07722], [-95.18076, 36.07871], [-95.18255, 36.07938], [-95.18343, 36.08053], [-95.18469, 36.08136], [-95.18503, 36.08244], [-95.18481, 36.08318], [-95.18378, 36.08443], [-95.18283, 36.08496], [-95.18191, 36.08508], [-95.1808, 36.08482], [-95.18011, 36.08432], [-95.17914, 36.08236], [-95.17909, 36.086], [-95.18103, 36.08619], [-95.18252, 36.08721], [-95.1876, 36.08722], [-95.1876, 36.07152], [-95.18799, 36.07066], [-95.18873, 36.07003], [-95.19195, 36.06905], [-95.19202, 36.06736], [-95.19261, 36.06632], [-95.19216, 36.06442], [-95.19254, 36.06271], [-95.19247, 36.06098], [-95.19064, 36.06064], [-95.188, 36.06224], [-95.18562, 36.06276], [-95.18417, 36.06249], [-95.18309, 36.06164], [-95.18233, 36.06029], [-95.18201, 36.05677], [-95.18301, 36.05553], [-95.18479, 36.05522], [-95.18632, 36.05603], [-95.18685, 36.05702], [-95.18693, 36.05799], [-95.18749, 36.05774], [-95.18796, 36.05738], [-95.18688, 36.0566], [-95.18649, 36.05572], [-95.18686, 36.05445], [-95.18837, 36.05362], [-95.19162, 36.05401], [-95.19443, 36.05346], [-95.19452, 36.04979], [-95.19206, 36.05016], [-95.18907, 36.04939], [-95.1878, 36.05021], [-95.18667, 36.05038], [-95.18577, 36.05019], [-95.18488, 36.04958], [-95.18442, 36.04853], [-95.18459, 36.04749], [-95.18353, 36.0453], [-95.18401, 36.04231], [-95.18389, 36.03917], [-95.1843, 36.03812], [-95.18021, 36.03794], [-95.17868, 36.03862], [-95.17488, 36.03866], [-95.17291, 36.03804], [-95.17203, 36.03665], [-95.17238, 36.03547], [-95.17345, 36.03464], [-95.17497, 36.03424], [-95.17648, 36.03467], [-95.17596, 36.03257], [-95.17514, 36.03201], [-95.18064, 36.0303], [-95.1811, 36.03183], [-95.18143, 36.03182], [-95.1819, 36.03069], [-95.18318, 36.02951], [-95.18636, 36.02851], [-95.18818, 36.02841], [-95.18993, 36.02892], [-95.19118, 36.02803], [-95.193, 36.02808], [-95.19391, 36.02867], [-95.19437, 36.02953], [-95.19432, 36.03108], [-95.19395, 36.03183], [-95.19541, 36.0313], [-95.19695, 36.03144], [-95.19804, 36.03211], [-95.1991, 36.03372], [-95.19906, 36.03487], [-95.19854, 36.03583], [-95.19774, 36.0365], [-95.19651, 36.03699], [-95.19244, 36.03709], [-95.1896, 36.03591], [-95.19008, 36.03762], [-95.18953, 36.03885], [-95.18862, 36.0398], [-95.18877, 36.04264], [-95.18837, 36.04447], [-95.18933, 36.04486], [-95.19019, 36.0456], [-95.19155, 36.04578], [-95.19257, 36.04624], [-95.19429, 36.04561], [-95.19556, 36.04444], [-95.19791, 36.04381], [-95.20562, 36.04377], [-95.2056, 36.04082], [-95.20351, 36.04112], [-95.20204, 36.0406], [-95.20131, 36.03944], [-95.20178, 36.03801], [-95.20338, 36.03725], [-95.20746, 36.03654], [-95.20957, 36.03648], [-95.21031, 36.03587], [-95.2113, 36.03556], [-95.21245, 36.03563], [-95.21342, 36.03614], [-95.21406, 36.03733], [-95.21355, 36.03919], [-95.21246, 36.04013], [-95.21079, 36.04034], [-95.21035, 36.04136], [-95.21034, 36.05106], [-95.21131, 36.05106], [-95.21338, 36.04969], [-95.21485, 36.04937], [-95.21576, 36.04811], [-95.21698, 36.04757], [-95.21813, 36.04762], [-95.21913, 36.0481], [-95.21972, 36.04891], [-95.21981, 36.04966], [-95.21881, 36.05215], [-95.21764, 36.05287], [-95.21631, 36.05311], [-95.21505, 36.0539], [-95.21413, 36.05518], [-95.2126, 36.05557], [-95.21035, 36.05493], [-95.21034, 36.05843], [-95.21159, 36.05868], [-95.21377, 36.05828], [-95.2229, 36.05825], [-95.22289, 36.05302], [-95.22333, 36.05188], [-95.22405, 36.05131], [-95.22509, 36.05098], [-95.22918, 36.05093], [-95.23052, 36.05127], [-95.2314, 36.05202], [-95.23182, 36.05152], [-95.23175, 36.04906], [-95.23202, 36.0481], [-95.23261, 36.04734], [-95.23381, 36.04654], [-95.23486, 36.04484], [-95.23604, 36.04405], [-95.23775, 36.0438], [-95.25862, 36.04393], [-95.25863, 36.0333], [-95.25163, 36.03331], [-95.24989, 36.03242], [-95.24923, 36.03131], [-95.24963, 36.02986], [-95.24971, 36.02559], [-95.25044, 36.0245], [-95.25189, 36.02398], [-95.25196, 36.02188], [-95.25288, 36.02083], [-95.25415, 36.0204], [-95.2553, 36.02051], [-95.25639, 36.02121], [-95.2568, 36.02208], [-95.25662, 36.02622], [-95.25583, 36.02732], [-95.25441, 36.02783], [-95.25441, 36.02944], [-95.26106, 36.02947], [-95.26268, 36.03015], [-95.26334, 36.0313], [-95.26454, 36.03127], [-95.26687, 36.02962], [-95.27218, 36.02948], [-95.27265, 36.02861], [-95.27376, 36.02793], [-95.27646, 36.02774], [-95.27646, 36.02414], [-95.27466, 36.02411], [-95.27344, 36.02358], [-95.27221, 36.02232], [-95.27198, 36.02077], [-95.27234, 36.01987], [-95.2732, 36.01921], [-95.27646, 36.01895], [-95.27644, 36.01692], [-95.27686, 36.0159], [-95.29461, 36.01627], [-95.2948, 36.0171], [-95.29458, 36.01783], [-95.29386, 36.01856], [-95.29302, 36.01889], [-95.28123, 36.01882], [-95.28113, 36.02969], [-95.2809, 36.03042], [-95.28018, 36.03113], [-95.2789, 36.03157], [-95.27671, 36.03161], [-95.27593, 36.03268], [-95.27468, 36.03324], [-95.26868, 36.03334], [-95.26649, 36.03494], [-95.26332, 36.03517], [-95.26332, 36.04524], [-95.26419, 36.04634], [-95.26447, 36.04784], [-95.2642, 36.04871], [-95.26338, 36.04965], [-95.26329, 36.05739], [-95.2621, 36.06003], [-95.26203, 36.06396], [-95.26165, 36.06542], [-95.26068, 36.0669], [-95.25815, 36.06909], [-95.25641, 36.06953], [-95.25208, 36.06947], [-95.25116, 36.06976], [-95.2507, 36.07038], [-95.25162, 36.07092], [-95.25212, 36.07177], [-95.25454, 36.07192], [-95.25594, 36.07286], [-95.25617, 36.07456], [-95.25495, 36.07636], [-95.2532, 36.07676], [-95.24955, 36.07565], [-95.24796, 36.07664], [-95.2455, 36.07667], [-95.2455, 36.07694], [-95.24701, 36.07795], [-95.24839, 36.07797], [-95.24951, 36.07839], [-95.25241, 36.08007], [-95.25303, 36.08086], [-95.25299, 36.08217], [-95.25195, 36.08316], [-95.25083, 36.08341], [-95.24977, 36.08323], [-95.24696, 36.08439], [-95.24524, 36.08423], [-95.24621, 36.08504], [-95.24944, 36.08437], [-95.25098, 36.08434], [-95.25229, 36.08474], [-95.25308, 36.08543], [-95.25363, 36.08695], [-95.25382, 36.09424], [-95.25352, 36.09514], [-95.25252, 36.09592], [-95.25139, 36.09614], [-95.25028, 36.09589], [-95.24932, 36.09508], [-95.24884, 36.09264], [-95.24893, 36.08847], [-95.24692, 36.08887], [-95.24573, 36.0904], [-95.2436, 36.09128], [-95.23177, 36.09134], [-95.22998, 36.09267], [-95.22766, 36.09355], [-95.22677, 36.09635], [-95.227, 36.09686], [-95.23058, 36.10034], [-95.23107, 36.10176], [-95.23082, 36.10344], [-95.22998, 36.10482], [-95.22896, 36.10578], [-95.22537, 36.10748], [-95.22546, 36.10987], [-95.22634, 36.11125], [-95.22692, 36.11161], [-95.22845, 36.11082], [-95.22958, 36.11071], [-95.23166, 36.10933], [-95.23279, 36.10915], [-95.23374, 36.10935], [-95.23624, 36.10809], [-95.23749, 36.10786], [-95.23881, 36.10806], [-95.24147, 36.10769], [-95.24239, 36.10781], [-95.24373, 36.10881], [-95.24388, 36.1101], [-95.24298, 36.11118], [-95.24101, 36.1118], [-95.24058, 36.11431], [-95.24241, 36.11299], [-95.24402, 36.11298], [-95.24543, 36.1138], [-95.24606, 36.11304], [-95.24728, 36.11232], [-95.24837, 36.112], [-95.24941, 36.11204], [-95.25105, 36.11278], [-95.2519, 36.11395], [-95.25173, 36.11531], [-95.25051, 36.11629], [-95.25396, 36.11696], [-95.25448, 36.11578], [-95.25685, 36.1131], [-95.25864, 36.11281], [-95.26016, 36.11363], [-95.26055, 36.1149], [-95.25982, 36.11649], [-95.25957, 36.11856], [-95.25905, 36.11946], [-95.25819, 36.12006], [-95.25776, 36.12133], [-95.25693, 36.12198], [-95.25712, 36.12324], [-95.25618, 36.12691], [-95.25519, 36.12793], [-95.25321, 36.12876], [-95.2516, 36.13003], [-95.25168, 36.13169], [-95.25039, 36.13369], [-95.25002, 36.13489], [-95.2485, 36.13603], [-95.24777, 36.13745], [-95.24652, 36.1381], [-95.24515, 36.13827], [-95.2439, 36.13779], [-95.24318, 36.13683], [-95.24324, 36.13571], [-95.24444, 36.13385], [-95.24572, 36.13289], [-95.24694, 36.13081], [-95.24672, 36.12931], [-95.24705, 36.12835], [-95.25004, 36.12586], [-95.25181, 36.12501], [-95.25211, 36.12384], [-95.24729, 36.12351], [-95.24612, 36.12238], [-95.24606, 36.12144], [-95.24652, 36.12061], [-95.24585, 36.11936], [-95.24197, 36.11903], [-95.23934, 36.11998], [-95.23701, 36.12016], [-95.23479, 36.1224], [-95.23211, 36.12359], [-95.23192, 36.12703], [-95.2337, 36.12754], [-95.2348, 36.1284], [-95.23579, 36.13007], [-95.2359, 36.13148], [-95.23517, 36.13272], [-95.23328, 36.1341], [-95.23344, 36.13679], [-95.23278, 36.13825], [-95.23045, 36.13981], [-95.22809, 36.1409], [-95.22759, 36.14198], [-95.22764, 36.14527], [-95.22811, 36.14543], [-95.24321, 36.14536], [-95.24497, 36.14206], [-95.24636, 36.14074], [-95.24788, 36.14031], [-95.2492, 36.14064], [-95.25015, 36.14169], [-95.25015, 36.14281], [-95.24926, 36.14391], [-95.24942, 36.14536], [-95.25864, 36.1454], [-95.25873, 36.13938], [-95.25939, 36.13861], [-95.2602, 36.13823], [-95.26135, 36.13816], [-95.26222, 36.13842], [-95.26303, 36.1391], [-95.26332, 36.13981], [-95.26341, 36.14543], [-95.27333, 36.14548], [-95.27477, 36.14571], [-95.27649, 36.14687], [-95.27709, 36.14893], [-95.28004, 36.15064], [-95.28091, 36.15146], [-95.28139, 36.15273], [-95.2814, 36.15806], [-95.27932, 36.16244], [-95.28099, 36.16242], [-95.28227, 36.16329], [-95.28814, 36.15924], [-95.28919, 36.15884], [-95.29077, 36.15903], [-95.29185, 36.16], [-95.29198, 36.16112], [-95.29148, 36.16197], [-95.28602, 36.16568], [-95.28504, 36.16694], [-95.28427, 36.16861], [-95.28306, 36.17321], [-95.28199, 36.17476], [-95.296, 36.17479], [-95.30665, 36.17259], [-95.3125, 36.17191], [-95.3125, 36.17157], [-95.30598, 36.17151], [-95.30481, 36.17091], [-95.30425, 36.16988], [-95.3046, 36.16861], [-95.30587, 36.16781], [-95.31252, 36.16771], [-95.3114, 36.16697], [-95.31086, 36.16614], [-95.31088, 36.1652], [-95.31146, 36.16436], [-95.31002, 36.16367], [-95.3093, 36.1622], [-95.30919, 36.15947], [-95.30977, 36.15866], [-95.31076, 36.15816], [-95.31191, 36.1581], [-95.31314, 36.15862], [-95.31375, 36.15942], [-95.31385, 36.16054], [-95.33046, 36.16063], [-95.33063, 36.15976], [-95.33113, 36.15912], [-95.33281, 36.15854], [-95.3345, 36.15908], [-95.33503, 36.15971], [-95.33523, 36.16062], [-95.3395, 36.16061], [-95.3395, 36.15976], [-95.33921, 36.14993], [-95.32717, 36.1499], [-95.32648, 36.1513], [-95.32481, 36.15189], [-95.32311, 36.15135], [-95.3221, 36.14988], [-95.30835, 36.14972], [-95.30723, 36.14947], [-95.3061, 36.14831], [-95.30632, 36.14684], [-95.30711, 36.14616], [-95.30798, 36.14588], [-95.31233, 36.14592], [-95.31229, 36.14259], [-95.30969, 36.14258], [-95.30656, 36.14321], [-95.30556, 36.14313], [-95.30599, 36.14435], [-95.30586, 36.14591], [-95.30489, 36.14728], [-95.30449, 36.14861], [-95.30295, 36.14941], [-95.3018, 36.14935], [-95.30098, 36.14899], [-95.30041, 36.1484], [-95.30007, 36.14736], [-95.29897, 36.1465], [-95.29785, 36.14496], [-95.29743, 36.14341], [-95.29787, 36.14234], [-95.29855, 36.14182], [-95.30096, 36.1409], [-95.30141, 36.13965], [-95.30241, 36.13887], [-95.30692, 36.13868], [-95.30733, 36.1375], [-95.30863, 36.13674], [-95.30979, 36.13671], [-95.31095, 36.13721], [-95.31226, 36.13623], [-95.31226, 36.13521], [-95.30124, 36.13519], [-95.30001, 36.13641], [-95.29921, 36.13772], [-95.298, 36.13858], [-95.29464, 36.13917], [-95.2933, 36.13888], [-95.2923, 36.13786], [-95.29226, 36.13674], [-95.29366, 36.13521], [-95.29393, 36.13376], [-95.29503, 36.13261], [-95.28952, 36.13184], [-95.28838, 36.13244], [-95.28722, 36.13248], [-95.28618, 36.13207], [-95.2855, 36.13131], [-95.28531, 36.12671], [-95.28377, 36.12603], [-95.28322, 36.1248], [-95.28378, 36.12325], [-95.28525, 36.12241], [-95.2853, 36.12045], [-95.27222, 36.12029], [-95.27223, 36.12653], [-95.27372, 36.12597], [-95.27527, 36.1263], [-95.27613, 36.12718], [-95.27631, 36.1284], [-95.27712, 36.12888], [-95.27765, 36.12972], [-95.27735, 36.13118], [-95.27579, 36.13241], [-95.27462, 36.13271], [-95.27369, 36.13264], [-95.27147, 36.13145], [-95.27009, 36.13118], [-95.26782, 36.13158], [-95.26642, 36.13119], [-95.26516, 36.13124], [-95.2608, 36.13027], [-95.25947, 36.12928], [-95.25922, 36.12809], [-95.25999, 36.12691], [-95.26114, 36.12644], [-95.26249, 36.12644], [-95.26348, 36.12477], [-95.2645, 36.12395], [-95.26548, 36.12367], [-95.26744, 36.12366], [-95.26747, 36.11837], [-95.26831, 36.11703], [-95.27009, 36.11641], [-95.27639, 36.11647], [-95.27637, 36.11284], [-95.27539, 36.11181], [-95.27491, 36.11046], [-95.27503, 36.10919], [-95.27647, 36.10573], [-95.27305, 36.10528], [-95.27088, 36.10652], [-95.27052, 36.10734], [-95.26987, 36.10788], [-95.26808, 36.10818], [-95.26722, 36.1079], [-95.26643, 36.10721], [-95.26478, 36.10698], [-95.26396, 36.10632], [-95.26364, 36.10504], [-95.26453, 36.10371], [-95.26574, 36.10321], [-95.26863, 36.10311], [-95.27064, 36.10176], [-95.27225, 36.10139], [-95.27479, 36.10145], [-95.27782, 36.102], [-95.29432, 36.10214], [-95.29437, 36.09151], [-95.28676, 36.09139], [-95.28672, 36.09244], [-95.28623, 36.09329], [-95.28531, 36.09385], [-95.2844, 36.094], [-95.28327, 36.09378], [-95.28241, 36.09315], [-95.282, 36.09139], [-95.28089, 36.09137], [-95.27996, 36.09213], [-95.27884, 36.09237], [-95.27752, 36.09206], [-95.27668, 36.0913], [-95.27448, 36.09129], [-95.27421, 36.09358], [-95.27324, 36.09438], [-95.27212, 36.09462], [-95.271, 36.09439], [-95.27014, 36.09377], [-95.26869, 36.09356], [-95.26755, 36.0924], [-95.26752, 36.08912], [-95.26851, 36.08783], [-95.26981, 36.08744], [-95.27642, 36.08743], [-95.27655, 36.08549], [-95.27716, 36.08365], [-95.28091, 36.07653], [-95.27784, 36.07626], [-95.27673, 36.07654], [-95.27526, 36.07646], [-95.27408, 36.07582], [-95.27353, 36.07471], [-95.27354, 36.07226], [-95.27392, 36.07137], [-95.27537, 36.07], [-95.27694, 36.0696], [-95.27789, 36.06831], [-95.27919, 36.06786], [-95.27987, 36.06676], [-95.27855, 36.06512], [-95.27777, 36.06277], [-95.27818, 36.05859], [-95.27916, 36.05664], [-95.28022, 36.05528], [-95.28331, 36.05299], [-95.28462, 36.05265], [-95.28595, 36.05295], [-95.28685, 36.05381], [-95.28695, 36.05511], [-95.28638, 36.05592], [-95.2846, 36.05713], [-95.28345, 36.05831], [-95.28281, 36.05949], [-95.28256, 36.06171], [-95.28309, 36.06152], [-95.28337, 36.06049], [-95.28416, 36.0598], [-95.28754, 36.0589], [-95.28866, 36.05913], [-95.28938, 36.05961], [-95.28991, 36.06106], [-95.29105, 36.06159], [-95.29241, 36.06163], [-95.29345, 36.06204], [-95.29414, 36.06279], [-95.29427, 36.06391], [-95.29344, 36.06503], [-95.29176, 36.06546], [-95.29171, 36.06767], [-95.29334, 36.0682], [-95.29514, 36.06823], [-95.29606, 36.0688], [-95.29653, 36.06955], [-95.29788, 36.07005], [-95.29914, 36.07155], [-95.29925, 36.07338], [-95.30066, 36.07363], [-95.30347, 36.07325], [-95.31233, 36.07329], [-95.31237, 36.06261], [-95.30794, 36.06258], [-95.30667, 36.06224], [-95.3054, 36.06257], [-95.30003, 36.06242], [-95.29771, 36.06139], [-95.29686, 36.06028], [-95.29718, 36.05883], [-95.29802, 36.05818], [-95.2989, 36.05795], [-95.30019, 36.05803], [-95.30132, 36.0586], [-95.30416, 36.05868], [-95.30505, 36.05798], [-95.30648, 36.05773], [-95.30766, 36.05803], [-95.30868, 36.05874], [-95.31245, 36.05874], [-95.31239, 36.04807], [-95.3028, 36.04808], [-95.30152, 36.04766], [-95.30075, 36.04673], [-95.30074, 36.0456], [-95.30169, 36.04455], [-95.30277, 36.04423], [-95.30515, 36.04421], [-95.30439, 36.04343], [-95.30394, 36.04221], [-95.30402, 36.04127], [-95.30447, 36.04061], [-95.30541, 36.04007], [-95.30656, 36.03995], [-95.30764, 36.04028], [-95.30831, 36.04087], [-95.30868, 36.04017], [-95.30859, 36.03891], [-95.30952, 36.03785], [-95.31084, 36.0375], [-95.31218, 36.03782], [-95.31339, 36.03729], [-95.31454, 36.03727], [-95.31614, 36.03788], [-95.31701, 36.03892], [-95.3171, 36.04425], [-95.32445, 36.04428], [-95.32243, 36.0423], [-95.32224, 36.04075], [-95.32159, 36.03959], [-95.32165, 36.03841], [-95.32306, 36.03677], [-95.3251, 36.0359], [-95.32625, 36.03577], [-95.32733, 36.03608], [-95.32799, 36.03661], [-95.32835, 36.03731], [-95.3283, 36.03823], [-95.32967, 36.03851], [-95.33059, 36.03935], [-95.33074, 36.04065], [-95.32992, 36.04167], [-95.331, 36.04321], [-95.33136, 36.04451], [-95.3321, 36.0449], [-95.33224, 36.04464], [-95.33171, 36.04351], [-95.33177, 36.04212], [-95.33363, 36.03915], [-95.33479, 36.03816], [-95.33619, 36.03779], [-95.33754, 36.03806], [-95.33863, 36.03892], [-95.33895, 36.04005], [-95.33848, 36.04143], [-95.33956, 36.04272], [-95.33968, 36.04428], [-95.34081, 36.04429], [-95.34008, 36.04327], [-95.34029, 36.04198], [-95.34158, 36.04032], [-95.34343, 36.03944], [-95.34318, 36.03814], [-95.34417, 36.03623], [-95.34512, 36.03556], [-95.34625, 36.03532], [-95.34689, 36.03407], [-95.34832, 36.03347], [-95.34837, 36.0314], [-95.34919, 36.03031], [-95.35068, 36.02983], [-95.36457, 36.02978], [-95.36458, 36.02724], [-95.36953, 36.02857], [-95.36954, 36.02994], [-95.37046, 36.0305], [-95.37095, 36.03135], [-95.37072, 36.03264], [-95.36954, 36.03351], [-95.36956, 36.0443], [-95.38413, 36.04437], [-95.38393, 36.03297], [-95.38869, 36.03469], [-95.38889, 36.04436], [-95.41272, 36.04431], [-95.42095, 36.04809], [-95.40685, 36.04823], [-95.40686, 36.05153], [-95.41056, 36.05168], [-95.41163, 36.05239], [-95.41203, 36.05346], [-95.41163, 36.05453], [-95.41057, 36.05525], [-95.40687, 36.0554], [-95.40683, 36.06089], [-95.40629, 36.06197], [-95.40468, 36.06266], [-95.39316, 36.06271], [-95.3931, 36.06455], [-95.39216, 36.06561], [-95.39038, 36.06592], [-95.38893, 36.06519], [-95.38892, 36.08782], [-95.402, 36.08784], [-95.4023, 36.08527], [-95.40328, 36.08448], [-95.40441, 36.08426], [-95.40573, 36.08459], [-95.4065, 36.08529], [-95.40676, 36.08783], [-95.4221, 36.08779], [-95.42392, 36.08643], [-95.42525, 36.08613], [-95.42675, 36.08659], [-95.42756, 36.0878], [-95.43762, 36.0878], [-95.43763, 36.05698], [-95.44743, 36.06258], [-95.44239, 36.06259], [-95.44241, 36.07329], [-95.45554, 36.07327], [-95.45559, 36.0681], [-95.46032, 36.0714], [-95.46031, 36.07327], [-95.46301, 36.07328], [-95.46899, 36.07746], [-95.468, 36.07842], [-95.46666, 36.0787], [-95.46517, 36.0782], [-95.46444, 36.07715], [-95.44417, 36.07715], [-95.44447, 36.07813], [-95.44417, 36.07904], [-95.44338, 36.07972], [-95.44239, 36.08001], [-95.44239, 36.08781], [-95.47583, 36.08792], [-95.47734, 36.08837], [-95.47809, 36.08931], [-95.47789, 36.09078], [-95.4771, 36.09147], [-95.47624, 36.09175], [-95.46027, 36.09169], [-95.46015, 36.1012], [-95.46153, 36.10192], [-95.46205, 36.10316], [-95.46149, 36.10438], [-95.46012, 36.10503], [-95.46019, 36.1168], [-95.46097, 36.1168], [-95.46102, 36.11477], [-95.46165, 36.11377], [-95.46269, 36.11326], [-95.46441, 36.11316], [-95.46446, 36.11202], [-95.46347, 36.11241], [-95.46232, 36.11238], [-95.46131, 36.11191], [-95.4607, 36.11112], [-95.46134, 36.10575], [-95.46218, 36.10483], [-95.46348, 36.1041], [-95.46781, 36.10283], [-95.46933, 36.10313], [-95.47018, 36.10375], [-95.4716, 36.10596], [-95.47198, 36.10821], [-95.47314, 36.10908], [-95.47353, 36.11034], [-95.47328, 36.1119], [-95.47249, 36.11285], [-95.47112, 36.11331], [-95.46917, 36.11335], [-95.46889, 36.11578], [-95.46747, 36.11681], [-95.49142, 36.11689], [-95.49144, 36.09705], [-95.4962, 36.10199], [-95.49619, 36.1169], [-95.50922, 36.11689], [-95.50922, 36.11648], [-95.51402, 36.12262], [-95.51403, 36.12301], [-95.51433, 36.12301], [-95.51736, 36.12688], [-95.51402, 36.12687], [-95.51401, 36.13139], [-95.52066, 36.13139], [-95.52307, 36.13526], [-95.51401, 36.13526], [-95.51402, 36.1403], [-95.51475, 36.13938], [-95.5157, 36.13885], [-95.51688, 36.13873], [-95.51798, 36.13904], [-95.51886, 36.1399], [-95.51905, 36.14098], [-95.52006, 36.14198], [-95.52123, 36.14229], [-95.52212, 36.14315], [-95.52222, 36.14465], [-95.5213, 36.1459], [-95.5297, 36.14591], [-95.53204, 36.14966], [-95.53465, 36.15512], [-95.53421, 36.15736], [-95.53253, 36.16055], [-95.53724, 36.16055], [-95.54189, 36.17027], [-95.54352, 36.17502], [-95.54198, 36.17499], [-95.54089, 36.17431], [-95.54087, 36.17511], [-95.54355, 36.17511], [-95.54921, 36.19157], [-95.5496, 36.19355]], [[-95.30161, 36.43591], [-95.30764, 36.43588], [-95.30763, 36.41072], [-95.29447, 36.41081], [-95.2945, 36.43592], [-95.30161, 36.43591]], [[-95.31486, 36.43589], [-95.34366, 36.4356], [-95.34264, 36.43456], [-95.34175, 36.43286], [-95.33984, 36.43152], [-95.33838, 36.42879], [-95.33776, 36.42673], [-95.33812, 36.42475], [-95.33901, 36.4237], [-95.33901, 36.41083], [-95.31241, 36.41072], [-95.31242, 36.43589], [-95.31486, 36.43589]], [[-95.32047, 36.40691], [-95.32558, 36.40692], [-95.32556, 36.38177], [-95.29697, 36.38179], [-95.29637, 36.38203], [-95.29438, 36.38456], [-95.29438, 36.39242], [-95.30588, 36.39241], [-95.3073, 36.39302], [-95.30793, 36.39441], [-95.30732, 36.39562], [-95.30591, 36.39624], [-95.29444, 36.39629], [-95.29446, 36.40695], [-95.32047, 36.40691]], [[-95.31205, 36.37609], [-95.31203, 36.37142], [-95.31058, 36.37243], [-95.30795, 36.3725], [-95.30702, 36.373], [-95.30598, 36.37314], [-95.30364, 36.37243], [-95.30281, 36.37111], [-95.3031, 36.37001], [-95.3039, 36.36933], [-95.30621, 36.36867], [-95.30757, 36.36864], [-95.30756, 36.34451], [-95.3052, 36.35082], [-95.2993, 36.35942], [-95.29987, 36.36094], [-95.29887, 36.36374], [-95.30014, 36.36469], [-95.30053, 36.36576], [-95.29853, 36.37129], [-95.29947, 36.37284], [-95.29991, 36.37437], [-95.29992, 36.37632], [-95.29938, 36.37792], [-95.31207, 36.37789], [-95.31205, 36.37609]], [[-95.32536, 36.37791], [-95.32558, 36.37791], [-95.32559, 36.36731], [-95.31678, 36.36731], [-95.31685, 36.37788], [-95.32536, 36.37791]], [[-95.31353, 36.36339], [-95.32559, 36.36344], [-95.32551, 36.3528], [-95.31238, 36.35276], [-95.31234, 36.36339], [-95.31353, 36.36339]], [[-95.31928, 36.34892], [-95.32551, 36.34894], [-95.3257, 36.34542], [-95.32659, 36.34455], [-95.32792, 36.34423], [-95.32924, 36.34456], [-95.33012, 36.34543], [-95.33028, 36.34897], [-95.34343, 36.34897], [-95.34341, 36.33827], [-95.33735, 36.33817], [-95.33607, 36.33739], [-95.33567, 36.33632], [-95.33608, 36.33524], [-95.33738, 36.33448], [-95.34346, 36.33441], [-95.34346, 36.33381], [-95.34257, 36.33318], [-95.34216, 36.33211], [-95.34255, 36.33103], [-95.34349, 36.33036], [-95.34349, 36.32385], [-95.3284, 36.32379], [-95.32701, 36.32349], [-95.32601, 36.32273], [-95.32556, 36.32182], [-95.3255, 36.31654], [-95.32113, 36.31652], [-95.32107, 36.31814], [-95.32028, 36.31925], [-95.31897, 36.31975], [-95.31691, 36.31977], [-95.31528, 36.32406], [-95.31747, 36.32452], [-95.31854, 36.32528], [-95.31894, 36.32621], [-95.31884, 36.32891], [-95.31787, 36.32996], [-95.31631, 36.33027], [-95.31486, 36.32971], [-95.31417, 36.32844], [-95.31402, 36.32856], [-95.31375, 36.33022], [-95.31253, 36.33134], [-95.31122, 36.33487], [-95.3119, 36.33546], [-95.31233, 36.33642], [-95.31238, 36.3489], [-95.31928, 36.34892]], [[-95.2982, 36.35278], [-95.29434, 36.35283], [-95.29431, 36.35834], [-95.29544, 36.35673], [-95.2982, 36.35278]], [[-95.30116, 36.34773], [-95.30384, 36.34056], [-95.30282, 36.34034], [-95.3021, 36.33986], [-95.30156, 36.33836], [-95.29435, 36.33833], [-95.29428, 36.34618], [-95.29566, 36.34722], [-95.29578, 36.34895], [-95.3007, 36.34895], [-95.30116, 36.34773]], [[-95.30154, 36.33405], [-95.3026, 36.33366], [-95.30459, 36.33364], [-95.30624, 36.33419], [-95.31022, 36.32357], [-95.29433, 36.32381], [-95.29437, 36.33447], [-95.29616, 36.33449], [-95.29672, 36.33315], [-95.29839, 36.33247], [-95.30007, 36.33272], [-95.3009, 36.33335], [-95.30128, 36.33426], [-95.30154, 36.33405]], [[-95.30351, 36.31976], [-95.30313, 36.31901], [-95.30317, 36.31807], [-95.3036, 36.3174], [-95.30485, 36.31649], [-95.29432, 36.31656], [-95.29432, 36.31994], [-95.30351, 36.31976]], [[-95.29649, 36.3121], [-95.29643, 36.3108], [-95.29765, 36.30925], [-95.29434, 36.3093], [-95.29433, 36.31269], [-95.29672, 36.31268], [-95.29649, 36.3121]], [[-95.3007, 36.30239], [-95.30088, 36.30133], [-95.3018, 36.29989], [-95.30266, 36.29926], [-95.30369, 36.29903], [-95.30347, 36.29753], [-95.29169, 36.29742], [-95.29084, 36.29714], [-95.29001, 36.29647], [-95.28959, 36.29477], [-95.26022, 36.29476], [-95.25976, 36.29575], [-95.25851, 36.29646], [-95.2585, 36.29807], [-95.29351, 36.29827], [-95.29538, 36.29871], [-95.29732, 36.29955], [-95.29876, 36.30052], [-95.3007, 36.30239]], [[-95.29857, 36.29065], [-95.29857, 36.29038], [-95.29747, 36.28953], [-95.29717, 36.28859], [-95.29215, 36.28851], [-95.2911, 36.28778], [-95.29075, 36.2865], [-95.29165, 36.28522], [-95.29353, 36.28481], [-95.295, 36.28392], [-95.29729, 36.2836], [-95.29915, 36.28405], [-95.29931, 36.28312], [-95.29981, 36.28249], [-95.29968, 36.28027], [-95.29161, 36.28028], [-95.28819, 36.27918], [-95.28752, 36.27819], [-95.28764, 36.27707], [-95.28851, 36.2762], [-95.28971, 36.27587], [-95.28969, 36.27009], [-95.28772, 36.27006], [-95.28644, 36.26898], [-95.28491, 36.26928], [-95.28363, 36.26885], [-95.2828, 36.26773], [-95.28297, 36.2658], [-95.2585, 36.26577], [-95.25852, 36.26989], [-95.26363, 36.27003], [-95.2647, 36.27074], [-95.26511, 36.27181], [-95.26471, 36.27289], [-95.26364, 36.2736], [-95.25852, 36.27376], [-95.25851, 36.2909], [-95.26616, 36.29087], [-95.26696, 36.29005], [-95.26827, 36.28968], [-95.26961, 36.28996], [-95.27057, 36.29087], [-95.29856, 36.29092], [-95.29857, 36.29065]], [[-95.29828, 36.2764], [-95.30749, 36.27635], [-95.30751, 36.26659], [-95.30634, 36.26617], [-95.3052, 36.26744], [-95.30344, 36.26783], [-95.30201, 36.26724], [-95.30135, 36.26586], [-95.30173, 36.26487], [-95.30178, 36.26344], [-95.30226, 36.26259], [-95.30319, 36.26202], [-95.30452, 36.26187], [-95.30511, 36.26069], [-95.30593, 36.26004], [-95.30755, 36.2598], [-95.30762, 36.2513], [-95.28416, 36.25147], [-95.28202, 36.2512], [-95.25852, 36.25128], [-95.25851, 36.26191], [-95.29024, 36.26196], [-95.29251, 36.26229], [-95.29376, 36.26315], [-95.29433, 36.26406], [-95.29446, 36.26717], [-95.29536, 36.26693], [-95.29651, 36.26705], [-95.29729, 36.26745], [-95.29791, 36.26825], [-95.29799, 36.26918], [-95.29752, 36.27004], [-95.29562, 36.27121], [-95.29447, 36.27152], [-95.29447, 36.27359], [-95.29586, 36.2737], [-95.29691, 36.27425], [-95.29768, 36.27519], [-95.29763, 36.27641], [-95.29828, 36.2764]], [[-95.30759, 36.24602], [-95.30775, 36.23448], [-95.30815, 36.2336], [-95.30901, 36.23297], [-95.31014, 36.23275], [-95.31521, 36.2328], [-95.31667, 36.23337], [-95.31733, 36.23456], [-95.31735, 36.24059], [-95.3306, 36.24059], [-95.3306, 36.23713], [-95.32735, 36.2371], [-95.32646, 36.23688], [-95.32549, 36.23608], [-95.32523, 36.23497], [-95.32563, 36.23409], [-95.32671, 36.23339], [-95.33059, 36.23327], [-95.33064, 36.22986], [-95.33114, 36.22901], [-95.33186, 36.22853], [-95.33346, 36.22835], [-95.33483, 36.22903], [-95.33535, 36.23007], [-95.33536, 36.23329], [-95.33645, 36.2333], [-95.33633, 36.23197], [-95.33716, 36.22768], [-95.33769, 36.22688], [-95.33855, 36.22219], [-95.33841, 36.2069], [-95.33709, 36.2071], [-95.33579, 36.20665], [-95.3352, 36.20745], [-95.33443, 36.20787], [-95.33225, 36.20791], [-95.33128, 36.20745], [-95.33073, 36.2068], [-95.33054, 36.20438], [-95.32825, 36.20432], [-95.32711, 36.2039], [-95.32626, 36.20289], [-95.32614, 36.20162], [-95.32509, 36.20143], [-95.32162, 36.20204], [-95.32035, 36.20159], [-95.31959, 36.20064], [-95.3149, 36.20061], [-95.31402, 36.20038], [-95.31315, 36.19978], [-95.31267, 36.19894], [-95.31264, 36.19577], [-95.31154, 36.19591], [-95.31065, 36.1957], [-95.30947, 36.19457], [-95.30918, 36.19133], [-95.30962, 36.19046], [-95.31052, 36.18987], [-95.31189, 36.1897], [-95.31323, 36.19025], [-95.31481, 36.18958], [-95.32303, 36.18962], [-95.32391, 36.18879], [-95.32524, 36.18848], [-95.32656, 36.18882], [-95.3274, 36.18966], [-95.33051, 36.18968], [-95.33051, 36.18681], [-95.33021, 36.18668], [-95.32949, 36.18752], [-95.32845, 36.18795], [-95.32718, 36.18793], [-95.326, 36.18738], [-95.32513, 36.18802], [-95.324, 36.18824], [-95.32232, 36.18767], [-95.32163, 36.18625], [-95.31, 36.18603], [-95.30713, 36.1851], [-95.298, 36.17985], [-95.29684, 36.17884], [-95.28983, 36.17898], [-95.28848, 36.17932], [-95.28706, 36.17894], [-95.28169, 36.17887], [-95.2817, 36.18408], [-95.28201, 36.18534], [-95.28761, 36.1854], [-95.28873, 36.18572], [-95.2909, 36.1858], [-95.29211, 36.18635], [-95.29273, 36.18735], [-95.29261, 36.18836], [-95.29308, 36.18918], [-95.29322, 36.19044], [-95.29274, 36.19218], [-95.29163, 36.1936], [-95.29083, 36.19415], [-95.28965, 36.19454], [-95.28822, 36.19458], [-95.28895, 36.19634], [-95.28938, 36.19906], [-95.29033, 36.20169], [-95.29034, 36.21219], [-95.30622, 36.21216], [-95.30782, 36.21288], [-95.30834, 36.21411], [-95.30779, 36.21533], [-95.30617, 36.21601], [-95.28659, 36.21606], [-95.28324, 36.21834], [-95.28578, 36.21839], [-95.28686, 36.21872], [-95.2878, 36.21978], [-95.28769, 36.22108], [-95.28637, 36.2221], [-95.28381, 36.22222], [-95.28356, 36.22377], [-95.2826, 36.22458], [-95.28147, 36.22483], [-95.28147, 36.22588], [-95.28227, 36.22535], [-95.2834, 36.22514], [-95.28452, 36.2254], [-95.28536, 36.22605], [-95.28572, 36.22694], [-95.28564, 36.22959], [-95.28501, 36.23085], [-95.28717, 36.2324], [-95.28771, 36.23343], [-95.28766, 36.23506], [-95.28679, 36.23609], [-95.2897, 36.23615], [-95.29094, 36.23673], [-95.29174, 36.23815], [-95.29108, 36.23959], [-95.30109, 36.23954], [-95.30241, 36.24006], [-95.3032, 36.24098], [-95.30307, 36.24245], [-95.30249, 36.24305], [-95.30146, 36.24347], [-95.29084, 36.24346], [-95.28991, 36.24405], [-95.29055, 36.24488], [-95.29067, 36.24618], [-95.29119, 36.24663], [-95.30758, 36.24676], [-95.30759, 36.24602]], [[-95.29929, 36.12913], [-95.30089, 36.13008], [-95.30116, 36.1258], [-95.30226, 36.12485], [-95.30385, 36.12468], [-95.30506, 36.12523], [-95.30635, 36.12646], [-95.30671, 36.12725], [-95.30768, 36.12764], [-95.30935, 36.12919], [-95.30977, 36.13026], [-95.30941, 36.1313], [-95.31229, 36.13134], [-95.31226, 36.12184], [-95.31161, 36.12187], [-95.31184, 36.12309], [-95.31118, 36.12432], [-95.30973, 36.12522], [-95.30858, 36.12523], [-95.30773, 36.12492], [-95.30677, 36.12362], [-95.30514, 36.12418], [-95.30363, 36.12389], [-95.30133, 36.12415], [-95.30068, 36.12533], [-95.29942, 36.12595], [-95.29685, 36.12578], [-95.29682, 36.12786], [-95.29629, 36.12878], [-95.29929, 36.12913]], [[-95.29429, 36.11042], [-95.29369, 36.11101], [-95.29292, 36.11138], [-95.29429, 36.11124], [-95.29429, 36.11042]], [[-95.28862, 36.10598], [-95.28124, 36.1059], [-95.28104, 36.10722], [-95.27969, 36.11005], [-95.2807, 36.11099], [-95.28102, 36.1117], [-95.28115, 36.11653], [-95.2826, 36.11655], [-95.28339, 36.11586], [-95.28471, 36.11555], [-95.28632, 36.11595], [-95.28718, 36.11659], [-95.2891, 36.11653], [-95.28882, 36.1156], [-95.2891, 36.11465], [-95.28975, 36.11399], [-95.29082, 36.11356], [-95.29116, 36.11227], [-95.29231, 36.1115], [-95.28282, 36.11139], [-95.28118, 36.11064], [-95.28065, 36.10941], [-95.28106, 36.10834], [-95.28214, 36.10764], [-95.28988, 36.10763], [-95.29033, 36.10671], [-95.29134, 36.10599], [-95.28862, 36.10598]], [[-95.29911, 36.09805], [-95.29908, 36.10218], [-95.33479, 36.10245], [-95.3347, 36.09721], [-95.33363, 36.09679], [-95.33296, 36.09611], [-95.33257, 36.09426], [-95.32836, 36.09097], [-95.3279, 36.08954], [-95.32847, 36.08852], [-95.32965, 36.08793], [-95.33146, 36.08814], [-95.33357, 36.08966], [-95.33585, 36.08809], [-95.33742, 36.08782], [-95.33884, 36.08843], [-95.33947, 36.08982], [-95.33902, 36.09088], [-95.33739, 36.09205], [-95.33878, 36.09129], [-95.34016, 36.09124], [-95.34134, 36.09182], [-95.34193, 36.09284], [-95.34182, 36.09377], [-95.34094, 36.09501], [-95.33931, 36.09577], [-95.33955, 36.10245], [-95.34837, 36.10244], [-95.34839, 36.07726], [-95.32259, 36.07717], [-95.32168, 36.07966], [-95.32079, 36.08026], [-95.31966, 36.08045], [-95.31835, 36.08008], [-95.31761, 36.07936], [-95.31738, 36.07844], [-95.31772, 36.07715], [-95.30404, 36.0771], [-95.30069, 36.0775], [-95.2978, 36.07706], [-95.2952, 36.07707], [-95.29344, 36.07765], [-95.29309, 36.07849], [-95.29246, 36.07904], [-95.29139, 36.0794], [-95.29029, 36.07931], [-95.28955, 36.0806], [-95.28784, 36.08112], [-95.28673, 36.08087], [-95.2859, 36.08021], [-95.28528, 36.07807], [-95.28165, 36.08494], [-95.28118, 36.08751], [-95.2893, 36.08751], [-95.29626, 36.08782], [-95.29724, 36.08765], [-95.29754, 36.08575], [-95.29875, 36.08465], [-95.30057, 36.08457], [-95.30182, 36.08539], [-95.30216, 36.08648], [-95.30159, 36.09017], [-95.30062, 36.09116], [-95.29913, 36.09152], [-95.29911, 36.09805]], [[-95.43194, 36.38001], [-95.43211, 36.37845], [-95.43321, 36.37657], [-95.43312, 36.35474], [-95.43136, 36.35424], [-95.43079, 36.35364], [-95.43053, 36.35277], [-95.402, 36.35273], [-95.40208, 36.3654], [-95.40192, 36.36743], [-95.40121, 36.36839], [-95.39996, 36.36887], [-95.39881, 36.36879], [-95.39784, 36.36827], [-95.39725, 36.36728], [-95.38405, 36.36732], [-95.38403, 36.37065], [-95.38513, 36.37075], [-95.38612, 36.37124], [-95.38663, 36.37187], [-95.38679, 36.3728], [-95.3859, 36.3741], [-95.38409, 36.37452], [-95.38409, 36.38008], [-95.3837, 36.38097], [-95.3824, 36.38175], [-95.37969, 36.38184], [-95.3797, 36.38332], [-95.38073, 36.38439], [-95.38097, 36.38546], [-95.37917, 36.39029], [-95.37917, 36.39251], [-95.37952, 36.3925], [-95.37948, 36.39013], [-95.38119, 36.38766], [-95.38165, 36.38644], [-95.38398, 36.38484], [-95.38532, 36.38453], [-95.38682, 36.38499], [-95.38766, 36.38631], [-95.38736, 36.3874], [-95.38585, 36.38856], [-95.38429, 36.39106], [-95.38628, 36.39249], [-95.39723, 36.39244], [-95.39722, 36.37833], [-95.39774, 36.37729], [-95.39888, 36.37665], [-95.40004, 36.37659], [-95.40091, 36.37687], [-95.40158, 36.3774], [-95.40198, 36.37828], [-95.40201, 36.39244], [-95.41521, 36.39245], [-95.41537, 36.38732], [-95.41615, 36.3864], [-95.41767, 36.38597], [-95.41918, 36.38642], [-95.41995, 36.38735], [-95.41999, 36.3925], [-95.42034, 36.39258], [-95.43194, 36.38001]], [[-95.43424, 36.34925], [-95.43566, 36.3489], [-95.45018, 36.34888], [-95.44887, 36.34774], [-95.44873, 36.34554], [-95.44419, 36.34539], [-95.44308, 36.3449], [-95.44228, 36.34395], [-95.44224, 36.33981], [-95.44302, 36.33889], [-95.44431, 36.33846], [-95.44567, 36.33869], [-95.4467, 36.33959], [-95.44747, 36.3387], [-95.44853, 36.33831], [-95.44969, 36.33837], [-95.45067, 36.33886], [-95.45131, 36.33986], [-95.45133, 36.34171], [-95.45235, 36.34204], [-95.45314, 36.34268], [-95.45353, 36.34434], [-95.4551, 36.3445], [-95.45621, 36.34544], [-95.45641, 36.34636], [-95.45582, 36.3475], [-95.4558, 36.3489], [-95.46186, 36.34885], [-95.46521, 36.347], [-95.46864, 36.34549], [-95.46899, 36.34384], [-95.469, 36.33829], [-95.45307, 36.3383], [-95.45166, 36.33767], [-95.45106, 36.33646], [-95.45155, 36.33522], [-95.45313, 36.33448], [-95.46898, 36.33442], [-95.46895, 36.32386], [-95.43791, 36.32378], [-95.43797, 36.34149], [-95.4378, 36.34296], [-95.43718, 36.34376], [-95.43617, 36.34422], [-95.43524, 36.34427], [-95.43416, 36.34393], [-95.43352, 36.34338], [-95.43313, 36.34233], [-95.43318, 36.33827], [-95.41992, 36.33827], [-95.41959, 36.34123], [-95.41994, 36.34259], [-95.41996, 36.34885], [-95.43229, 36.3489], [-95.43424, 36.34925]], [[-95.42317, 36.3344], [-95.43318, 36.3344], [-95.43313, 36.32381], [-95.41732, 36.32383], [-95.41618, 36.3251], [-95.4147, 36.32594], [-95.41259, 36.3263], [-95.41031, 36.32572], [-95.40946, 36.32697], [-95.40795, 36.32741], [-95.40662, 36.32708], [-95.40584, 36.32639], [-95.40555, 36.32381], [-95.40173, 36.32385], [-95.40144, 36.32431], [-95.40206, 36.32553], [-95.40199, 36.33443], [-95.41507, 36.33438], [-95.41514, 36.32851], [-95.41608, 36.32749], [-95.41801, 36.32686], [-95.41952, 36.32731], [-95.42033, 36.32844], [-95.42032, 36.32919], [-95.41981, 36.33004], [-95.41985, 36.3344], [-95.42317, 36.3344]], [[-95.42013, 36.32001], [-95.4331, 36.31994], [-95.43312, 36.31509], [-95.43215, 36.31417], [-95.43189, 36.31325], [-95.43219, 36.31235], [-95.43315, 36.31158], [-95.43317, 36.3092], [-95.41996, 36.3093], [-95.42013, 36.32001]], [[-95.42136, 36.30529], [-95.42152, 36.30423], [-95.42211, 36.30346], [-95.42512, 36.30207], [-95.42728, 36.30229], [-95.42819, 36.30269], [-95.43157, 36.30276], [-95.43315, 36.30368], [-95.43322, 36.29872], [-95.43386, 36.29752], [-95.43552, 36.29691], [-95.43719, 36.29739], [-95.43932, 36.29742], [-95.44018, 36.29638], [-95.44171, 36.29599], [-95.44302, 36.29635], [-95.44386, 36.29725], [-95.44399, 36.29818], [-95.44346, 36.29998], [-95.44266, 36.30098], [-95.44137, 36.30154], [-95.43793, 36.30124], [-95.43792, 36.30515], [-95.46898, 36.30508], [-95.46909, 36.26579], [-95.45591, 36.26575], [-95.45599, 36.27626], [-95.45519, 36.27739], [-95.45368, 36.27785], [-95.45216, 36.27743], [-95.45122, 36.27614], [-95.45114, 36.26579], [-95.44858, 36.26595], [-95.44452, 36.26579], [-95.44371, 36.26683], [-95.4422, 36.26727], [-95.44069, 36.26683], [-95.43988, 36.26577], [-95.43796, 36.26577], [-95.43795, 36.27641], [-95.4466, 36.27648], [-95.4479, 36.27725], [-95.44829, 36.27851], [-95.44761, 36.27969], [-95.44639, 36.28022], [-95.43796, 36.28028], [-95.43794, 36.28554], [-95.43745, 36.28639], [-95.43652, 36.28695], [-95.43469, 36.28696], [-95.4334, 36.28592], [-95.43318, 36.28029], [-95.42002, 36.28032], [-95.42005, 36.29101], [-95.42484, 36.29117], [-95.4259, 36.29189], [-95.4263, 36.29296], [-95.4256, 36.29433], [-95.42406, 36.29488], [-95.42489, 36.29625], [-95.42429, 36.29764], [-95.42311, 36.29823], [-95.42002, 36.2984], [-95.41998, 36.30049], [-95.41916, 36.30301], [-95.41732, 36.30471], [-95.42136, 36.30529]], [[-95.41058, 36.30743], [-95.40689, 36.30693], [-95.40209, 36.3077], [-95.40206, 36.31611], [-95.40361, 36.31608], [-95.40489, 36.31688], [-95.40526, 36.31777], [-95.40525, 36.31994], [-95.40615, 36.31993], [-95.4063, 36.31862], [-95.40724, 36.31767], [-95.40832, 36.31732], [-95.40986, 36.31737], [-95.40875, 36.31619], [-95.40855, 36.31448], [-95.40904, 36.31344], [-95.41018, 36.31279], [-95.41156, 36.31276], [-95.41273, 36.31336], [-95.41411, 36.31478], [-95.41436, 36.31602], [-95.41516, 36.31719], [-95.41518, 36.30862], [-95.41406, 36.3091], [-95.4129, 36.30907], [-95.4119, 36.3086], [-95.41112, 36.30755], [-95.41058, 36.30743]], [[-95.39021, 36.30365], [-95.38954, 36.303], [-95.38923, 36.3022], [-95.38932, 36.30111], [-95.38993, 36.30026], [-95.3889, 36.30005], [-95.38803, 36.29944], [-95.38761, 36.29856], [-95.38776, 36.29763], [-95.38877, 36.29667], [-95.38908, 36.29538], [-95.39011, 36.29463], [-95.39148, 36.29446], [-95.39301, 36.29515], [-95.39402, 36.29503], [-95.39489, 36.29401], [-95.39512, 36.29211], [-95.39611, 36.29127], [-95.39705, 36.29101], [-95.40013, 36.29088], [-95.41527, 36.29102], [-95.41525, 36.28037], [-95.41308, 36.28038], [-95.41107, 36.28132], [-95.40969, 36.28144], [-95.4083, 36.28078], [-95.40775, 36.27964], [-95.40648, 36.27854], [-95.40562, 36.27854], [-95.40359, 36.28005], [-95.40388, 36.28129], [-95.40311, 36.28243], [-95.40169, 36.28296], [-95.40008, 36.28295], [-95.39861, 36.28355], [-95.39813, 36.28443], [-95.39737, 36.28495], [-95.39655, 36.28731], [-95.39587, 36.28807], [-95.39413, 36.28852], [-95.39258, 36.2879], [-95.39184, 36.28928], [-95.39013, 36.28981], [-95.38846, 36.28921], [-95.38756, 36.2874], [-95.38761, 36.28634], [-95.38846, 36.28508], [-95.38845, 36.28038], [-95.38423, 36.28039], [-95.38426, 36.29113], [-95.38713, 36.29111], [-95.38802, 36.29131], [-95.3889, 36.29193], [-95.38932, 36.293], [-95.38894, 36.29408], [-95.38788, 36.29481], [-95.38426, 36.295], [-95.38418, 36.30542], [-95.39055, 36.30536], [-95.39056, 36.30384], [-95.39021, 36.30365]], [[-95.37941, 36.30493], [-95.37949, 36.29495], [-95.36628, 36.29493], [-95.36623, 36.30285], [-95.36712, 36.30285], [-95.36732, 36.30172], [-95.36803, 36.30097], [-95.36886, 36.30063], [-95.37002, 36.3006], [-95.37152, 36.30144], [-95.37189, 36.30318], [-95.37296, 36.30351], [-95.37361, 36.30405], [-95.37392, 36.30553], [-95.3794, 36.30545], [-95.37941, 36.30493]], [[-95.37556, 36.28042], [-95.36623, 36.28038], [-95.36627, 36.29106], [-95.37949, 36.29109], [-95.37946, 36.28041], [-95.37556, 36.28042]], [[-95.36938, 36.27652], [-95.37937, 36.27655], [-95.37938, 36.26584], [-95.36612, 36.26577], [-95.3662, 36.27652], [-95.36938, 36.27652]], [[-95.37928, 36.26039], [-95.37936, 36.25129], [-95.36617, 36.25129], [-95.36613, 36.26191], [-95.37932, 36.26198], [-95.37928, 36.26039]], [[-95.38253, 36.24743], [-95.3844, 36.24743], [-95.38437, 36.23709], [-95.37114, 36.23709], [-95.3713, 36.24744], [-95.38253, 36.24743]], [[-95.35559, 36.23711], [-95.3532, 36.23711], [-95.35325, 36.24743], [-95.36653, 36.24742], [-95.36637, 36.23709], [-95.35559, 36.23711]], [[-95.34063, 36.2378], [-95.33877, 36.24744], [-95.34848, 36.24744], [-95.34843, 36.23712], [-95.34076, 36.23715], [-95.34063, 36.2378]], [[-95.34846, 36.23326], [-95.34845, 36.19547], [-95.34788, 36.19538], [-95.34656, 36.19626], [-95.34644, 36.19768], [-95.3459, 36.19851], [-95.34494, 36.19904], [-95.34361, 36.19911], [-95.34335, 36.20175], [-95.34356, 36.22171], [-95.3415, 36.23328], [-95.34846, 36.23326]], [[-95.3574, 36.23324], [-95.36637, 36.23323], [-95.36637, 36.22256], [-95.3532, 36.22266], [-95.35323, 36.23325], [-95.3574, 36.23324]], [[-95.37528, 36.23323], [-95.38434, 36.23322], [-95.38435, 36.22254], [-95.37114, 36.22258], [-95.37114, 36.23323], [-95.37528, 36.23323]], [[-95.38425, 36.21347], [-95.38429, 36.1935], [-95.37109, 36.1935], [-95.371, 36.19922], [-95.37006, 36.20027], [-95.36874, 36.20061], [-95.36741, 36.20029], [-95.36644, 36.19926], [-95.36632, 36.19355], [-95.35319, 36.19354], [-95.35318, 36.21879], [-95.38435, 36.21868], [-95.38425, 36.21347]], [[-95.37531, 36.18964], [-95.38429, 36.18964], [-95.38424, 36.1789], [-95.3711, 36.17899], [-95.37106, 36.18864], [-95.3719, 36.18832], [-95.37306, 36.18832], [-95.37408, 36.18876], [-95.37476, 36.18964], [-95.37531, 36.18964]], [[-95.3631, 36.17899], [-95.35316, 36.179], [-95.3525, 36.18139], [-95.35248, 36.1833], [-95.35379, 36.18344], [-95.35491, 36.18421], [-95.36633, 36.18419], [-95.36633, 36.17898], [-95.3631, 36.17899]], [[-95.36611, 36.17511], [-95.36633, 36.17511], [-95.36633, 36.17153], [-95.35321, 36.16941], [-95.35321, 36.17514], [-95.36611, 36.17511]], [[-95.38196, 36.17504], [-95.38424, 36.17503], [-95.38424, 36.17204], [-95.37787, 36.17231], [-95.3711, 36.17207], [-95.3711, 36.17512], [-95.38196, 36.17504]], [[-95.37389, 36.16807], [-95.38423, 36.16786], [-95.38423, 36.16442], [-95.37135, 36.16444], [-95.37187, 36.16507], [-95.37205, 36.166], [-95.37114, 36.16734], [-95.37115, 36.16788], [-95.37389, 36.16807]], [[-95.3765, 36.16056], [-95.38424, 36.16055], [-95.38423, 36.14981], [-95.3711, 36.14988], [-95.37108, 36.16057], [-95.3765, 36.16056]], [[-95.36273, 36.14989], [-95.35357, 36.14995], [-95.35306, 36.15181], [-95.35315, 36.16062], [-95.36631, 36.16058], [-95.36633, 36.14994], [-95.36273, 36.14989]], [[-95.35045, 36.14666], [-95.35227, 36.14612], [-95.35737, 36.14604], [-95.35735, 36.13105], [-95.35663, 36.13324], [-95.35553, 36.13504], [-95.34554, 36.14526], [-95.34446, 36.1471], [-95.34419, 36.14851], [-95.34429, 36.15831], [-95.34568, 36.15785], [-95.34723, 36.1582], [-95.34815, 36.15926], [-95.3481, 36.16061], [-95.34838, 36.16061], [-95.34839, 36.15087], [-95.34953, 36.14758], [-95.35045, 36.14666]], [[-95.36618, 36.14607], [-95.38422, 36.14594], [-95.38417, 36.12081], [-95.37104, 36.12089], [-95.37094, 36.12646], [-95.37017, 36.12739], [-95.36865, 36.12783], [-95.36714, 36.12739], [-95.36638, 36.12645], [-95.36628, 36.12088], [-95.3621, 36.12086], [-95.36214, 36.14603], [-95.36618, 36.14607]], [[-95.35315, 36.12085], [-95.35319, 36.12508], [-95.35318, 36.12763], [-95.35504, 36.12085], [-95.35315, 36.12085]], [[-95.34128, 36.12079], [-95.33523, 36.12088], [-95.33528, 36.1315], [-95.3484, 36.1315], [-95.34839, 36.12084], [-95.34128, 36.12079]], [[-95.31704, 36.12076], [-95.31705, 36.13139], [-95.32171, 36.13143], [-95.32243, 36.13095], [-95.32356, 36.13073], [-95.32468, 36.13096], [-95.32542, 36.13146], [-95.33052, 36.13149], [-95.33046, 36.12087], [-95.31704, 36.12076]], [[-95.31921, 36.1169], [-95.33045, 36.117], [-95.33042, 36.1063], [-95.30696, 36.1061], [-95.30683, 36.10767], [-95.30765, 36.10766], [-95.30929, 36.10693], [-95.31021, 36.10701], [-95.31121, 36.10749], [-95.3118, 36.10829], [-95.31189, 36.10955], [-95.31153, 36.11041], [-95.3109, 36.11095], [-95.3118, 36.11134], [-95.31367, 36.11155], [-95.31477, 36.1125], [-95.31479, 36.11398], [-95.31363, 36.11549], [-95.31258, 36.11608], [-95.31256, 36.11688], [-95.31921, 36.1169]], [[-95.34128, 36.11693], [-95.34837, 36.11698], [-95.34836, 36.1063], [-95.33519, 36.10632], [-95.33521, 36.11701], [-95.34128, 36.11693]], [[-95.35717, 36.11305], [-95.35872, 36.10633], [-95.35313, 36.10631], [-95.35314, 36.11699], [-95.3561, 36.11699], [-95.35717, 36.11305]], [[-95.36629, 36.11243], [-95.36629, 36.1112], [-95.36419, 36.11133], [-95.36367, 36.11187], [-95.36224, 36.117], [-95.36628, 36.11701], [-95.36629, 36.11243]], [[-95.37425, 36.11704], [-95.38418, 36.11695], [-95.38414, 36.10624], [-95.37106, 36.10631], [-95.37105, 36.11703], [-95.37425, 36.11704]], [[-95.36867, 36.10245], [-95.38412, 36.10237], [-95.38415, 36.0917], [-95.36693, 36.09178], [-95.36635, 36.09894], [-95.3657, 36.10246], [-95.36867, 36.10245]], [[-95.3596, 36.09232], [-95.35857, 36.09308], [-95.3572, 36.09324], [-95.35595, 36.09276], [-95.35524, 36.09178], [-95.35318, 36.09177], [-95.35313, 36.10245], [-95.35949, 36.10247], [-95.36046, 36.09732], [-95.36094, 36.09179], [-95.35992, 36.09179], [-95.3596, 36.09232]], [[-95.36135, 36.08606], [-95.36199, 36.07724], [-95.35315, 36.07725], [-95.35317, 36.0879], [-95.36122, 36.08792], [-95.36135, 36.08606]], [[-95.37221, 36.08793], [-95.38416, 36.08783], [-95.38419, 36.07719], [-95.36796, 36.07724], [-95.36721, 36.08792], [-95.37221, 36.08793]], [[-95.37526, 36.07329], [-95.38414, 36.07333], [-95.3842, 36.06271], [-95.37697, 36.06276], [-95.37505, 36.06237], [-95.37373, 36.06148], [-95.37309, 36.06053], [-95.3729, 36.05744], [-95.36831, 36.05622], [-95.36775, 36.05934], [-95.36829, 36.05998], [-95.36847, 36.06091], [-95.36771, 36.06216], [-95.36725, 36.07337], [-95.37526, 36.07329]], [[-95.37508, 36.05396], [-95.3766, 36.05486], [-95.37735, 36.05589], [-95.37764, 36.0589], [-95.40209, 36.05884], [-95.40209, 36.04826], [-95.36956, 36.04817], [-95.36923, 36.0524], [-95.37508, 36.05396]], [[-95.48643, 36.36754], [-95.48603, 36.36817], [-95.48545, 36.36866], [-95.48691, 36.36877], [-95.48693, 36.36721], [-95.48652, 36.3672], [-95.48643, 36.36754]], [[-95.48285, 36.36907], [-95.47456, 36.36913], [-95.47336, 36.36876], [-95.47249, 36.36938], [-95.47137, 36.3696], [-95.47024, 36.36937], [-95.46952, 36.36889], [-95.46899, 36.36766], [-95.469, 36.35386], [-95.46862, 36.35266], [-95.46587, 36.35269], [-95.465, 36.35481], [-95.46374, 36.35567], [-95.46167, 36.3579], [-95.46076, 36.35837], [-95.46125, 36.35969], [-95.46067, 36.36091], [-95.45972, 36.36144], [-95.45833, 36.36152], [-95.4573, 36.3611], [-95.45648, 36.3602], [-95.4401, 36.37787], [-95.44444, 36.37789], [-95.44447, 36.37383], [-95.4455, 36.3728], [-95.44699, 36.37248], [-95.45119, 36.37262], [-95.45218, 36.37312], [-95.45276, 36.37393], [-95.45274, 36.37505], [-95.45195, 36.37597], [-95.45089, 36.37636], [-95.44925, 36.37638], [-95.44922, 36.37792], [-95.45184, 36.37798], [-95.45314, 36.3786], [-95.45399, 36.37815], [-95.45553, 36.37791], [-95.45471, 36.37715], [-95.4545, 36.37605], [-95.45367, 36.37501], [-95.45368, 36.37326], [-95.45454, 36.37206], [-95.45595, 36.37149], [-95.45574, 36.37017], [-95.4565, 36.36857], [-95.45651, 36.36602], [-95.45719, 36.36507], [-95.45845, 36.3645], [-95.46163, 36.36465], [-95.46241, 36.36506], [-95.46303, 36.36585], [-95.46298, 36.36716], [-95.46206, 36.36807], [-95.46382, 36.37079], [-95.46389, 36.37265], [-95.4629, 36.3746], [-95.46384, 36.37583], [-95.46391, 36.37792], [-95.46454, 36.37792], [-95.4645, 36.37226], [-95.46515, 36.37107], [-95.46613, 36.37056], [-95.46729, 36.37049], [-95.46835, 36.37088], [-95.46907, 36.37164], [-95.4696, 36.37084], [-95.47041, 36.37037], [-95.47275, 36.37031], [-95.47396, 36.36999], [-95.47567, 36.3705], [-95.47645, 36.37184], [-95.47583, 36.37323], [-95.47386, 36.37411], [-95.47393, 36.37787], [-95.48313, 36.37786], [-95.48368, 36.37714], [-95.48467, 36.37664], [-95.48583, 36.37658], [-95.48695, 36.37702], [-95.48693, 36.37421], [-95.48457, 36.37392], [-95.48333, 36.37438], [-95.48216, 36.3744], [-95.48113, 36.37398], [-95.48046, 36.37321], [-95.48032, 36.37228], [-95.48074, 36.3714], [-95.48303, 36.37022], [-95.48391, 36.36906], [-95.48285, 36.36907]], [[-95.47452, 36.36528], [-95.48176, 36.36522], [-95.48259, 36.36387], [-95.48117, 36.3636], [-95.48023, 36.36278], [-95.48, 36.36204], [-95.48019, 36.35947], [-95.4808, 36.35859], [-95.48178, 36.3581], [-95.48554, 36.35795], [-95.4859, 36.35737], [-95.48501, 36.35634], [-95.485, 36.35519], [-95.48562, 36.35414], [-95.48687, 36.3534], [-95.48687, 36.35275], [-95.47822, 36.35279], [-95.48009, 36.35476], [-95.48046, 36.35565], [-95.48004, 36.35691], [-95.47873, 36.35766], [-95.47691, 36.35749], [-95.47554, 36.35617], [-95.47377, 36.35559], [-95.47378, 36.36545], [-95.47452, 36.36528]], [[-95.48473, 36.36333], [-95.48687, 36.36334], [-95.48687, 36.36178], [-95.48479, 36.36184], [-95.48464, 36.36259], [-95.48402, 36.36335], [-95.48473, 36.36333]], [[-95.49305, 36.36197], [-95.49334, 36.36122], [-95.49399, 36.36062], [-95.49498, 36.36012], [-95.49614, 36.36002], [-95.49721, 36.36037], [-95.49805, 36.36127], [-95.49819, 36.36201], [-95.49781, 36.36335], [-95.50485, 36.36338], [-95.50482, 36.36057], [-95.50426, 36.35916], [-95.50476, 36.35787], [-95.50486, 36.35397], [-95.5054, 36.35317], [-95.50635, 36.35263], [-95.50922, 36.35251], [-95.5093, 36.34929], [-95.50877, 36.3503], [-95.5076, 36.35091], [-95.49692, 36.35095], [-95.49654, 36.35184], [-95.49548, 36.35256], [-95.49165, 36.35273], [-95.49165, 36.36335], [-95.49304, 36.36335], [-95.49305, 36.36197]], [[-95.49845, 36.34455], [-95.4996, 36.34416], [-95.49989, 36.34265], [-95.50137, 36.34179], [-95.50669, 36.34171], [-95.50759, 36.34192], [-95.50845, 36.34254], [-95.50957, 36.33918], [-95.4916, 36.34388], [-95.4916, 36.34538], [-95.4972, 36.34538], [-95.49845, 36.34455]], [[-95.504, 36.33657], [-95.50235, 36.33654], [-95.50149, 36.33625], [-95.50061, 36.33538], [-95.50043, 36.33446], [-95.50082, 36.33357], [-95.50168, 36.33294], [-95.5048, 36.33269], [-95.50485, 36.32381], [-95.49965, 36.32377], [-95.49688, 36.32431], [-95.4951, 36.3238], [-95.4917, 36.32379], [-95.49171, 36.33969], [-95.504, 36.33657]], [[-95.50484, 36.31609], [-95.50487, 36.3128], [-95.50063, 36.31285], [-95.5006, 36.31483], [-95.50023, 36.31567], [-95.49914, 36.3165], [-95.49776, 36.31667], [-95.49643, 36.31883], [-95.49538, 36.31956], [-95.49378, 36.31965], [-95.49261, 36.31905], [-95.49204, 36.31765], [-95.49292, 36.31555], [-95.4917, 36.3159], [-95.49168, 36.31993], [-95.49703, 36.32012], [-95.50484, 36.31994], [-95.50484, 36.31609]], [[-95.49321, 36.30812], [-95.49321, 36.30664], [-95.49373, 36.30601], [-95.49473, 36.30553], [-95.5049, 36.30543], [-95.50503, 36.29726], [-95.50741, 36.29425], [-95.50853, 36.29222], [-95.50805, 36.29101], [-95.50669, 36.29084], [-95.50497, 36.29114], [-95.50348, 36.29041], [-95.50094, 36.29201], [-95.50007, 36.29228], [-95.49671, 36.29218], [-95.49526, 36.29182], [-95.49414, 36.29104], [-95.49338, 36.2897], [-95.49369, 36.28801], [-95.49486, 36.28712], [-95.49669, 36.28709], [-95.49764, 36.28763], [-95.49811, 36.28836], [-95.49879, 36.28839], [-95.50103, 36.28705], [-95.50313, 36.28641], [-95.50495, 36.28523], [-95.50864, 36.28489], [-95.50918, 36.28394], [-95.51015, 36.28338], [-95.51222, 36.28333], [-95.51359, 36.28431], [-95.51371, 36.28579], [-95.51226, 36.28777], [-95.51275, 36.2903], [-95.51347, 36.29167], [-95.51345, 36.29246], [-95.5117, 36.29595], [-95.50969, 36.29842], [-95.50964, 36.30889], [-95.51102, 36.30883], [-95.51423, 36.30807], [-95.51397, 36.30717], [-95.51402, 36.30268], [-95.51446, 36.30178], [-95.5154, 36.30114], [-95.51503, 36.29992], [-95.51571, 36.29874], [-95.51716, 36.29818], [-95.52286, 36.29816], [-95.52289, 36.29688], [-95.52249, 36.29575], [-95.52286, 36.29479], [-95.51775, 36.29471], [-95.51659, 36.29408], [-95.51606, 36.29305], [-95.5161, 36.29023], [-95.51645, 36.28953], [-95.51729, 36.28891], [-95.51649, 36.28855], [-95.51582, 36.28782], [-95.51578, 36.28618], [-95.51708, 36.28507], [-95.52049, 36.28462], [-95.52054, 36.28232], [-95.52155, 36.28109], [-95.52264, 36.28077], [-95.52379, 36.28091], [-95.52472, 36.28147], [-95.52522, 36.28232], [-95.52524, 36.28549], [-95.52354, 36.28869], [-95.52354, 36.29092], [-95.54075, 36.29094], [-95.54053, 36.27301], [-95.54073, 36.26582], [-95.52136, 36.26577], [-95.52046, 36.26669], [-95.51914, 36.26702], [-95.51778, 36.26668], [-95.51688, 36.26578], [-95.47386, 36.26578], [-95.47381, 36.29083], [-95.4767, 36.29086], [-95.47759, 36.29109], [-95.47856, 36.29189], [-95.47883, 36.2928], [-95.47842, 36.29387], [-95.47755, 36.2945], [-95.47665, 36.29471], [-95.47379, 36.29469], [-95.47375, 36.30555], [-95.48077, 36.30725], [-95.48137, 36.30664], [-95.48242, 36.30624], [-95.4866, 36.3062], [-95.48795, 36.305], [-95.48952, 36.30474], [-95.4906, 36.30509], [-95.49134, 36.30582], [-95.49167, 36.30859], [-95.49367, 36.30869], [-95.49321, 36.30812]], [[-95.48906, 36.26193], [-95.52281, 36.26191], [-95.5228, 36.25129], [-95.51156, 36.2512], [-95.51016, 36.2507], [-95.50937, 36.24977], [-95.50912, 36.23498], [-95.50963, 36.23389], [-95.51085, 36.2332], [-95.52807, 36.23322], [-95.52973, 36.23407], [-95.5329, 36.23442], [-95.53491, 36.23533], [-95.53601, 36.23554], [-95.53689, 36.23615], [-95.53727, 36.23683], [-95.53724, 36.23777], [-95.53651, 36.23872], [-95.53547, 36.23915], [-95.53415, 36.23922], [-95.53307, 36.23903], [-95.53154, 36.23816], [-95.52804, 36.23785], [-95.52665, 36.23703], [-95.5139, 36.23698], [-95.51401, 36.24736], [-95.51564, 36.24738], [-95.51619, 36.2459], [-95.5169, 36.24542], [-95.51803, 36.24519], [-95.51894, 36.24534], [-95.51987, 36.2459], [-95.52042, 36.24741], [-95.53388, 36.24745], [-95.5362, 36.24698], [-95.53851, 36.24741], [-95.55385, 36.24741], [-95.554, 36.237], [-95.54733, 36.23702], [-95.54628, 36.23677], [-95.54546, 36.23624], [-95.54484, 36.23497], [-95.54489, 36.22859], [-95.53757, 36.22439], [-95.53628, 36.22332], [-95.53541, 36.22215], [-95.53357, 36.21694], [-95.5313, 36.20798], [-95.52662, 36.20792], [-95.52561, 36.20747], [-95.52498, 36.20668], [-95.52501, 36.20538], [-95.52605, 36.20438], [-95.52705, 36.20411], [-95.53032, 36.2041], [-95.5276, 36.19346], [-95.46024, 36.19341], [-95.46023, 36.19772], [-95.46633, 36.19779], [-95.46748, 36.1984], [-95.46803, 36.19963], [-95.46794, 36.20201], [-95.4668, 36.20316], [-95.46591, 36.20338], [-95.46176, 36.20341], [-95.46021, 36.20296], [-95.4602, 36.20407], [-95.46267, 36.20409], [-95.46389, 36.20461], [-95.4645, 36.20541], [-95.46456, 36.20635], [-95.46407, 36.2072], [-95.46315, 36.20777], [-95.46019, 36.20793], [-95.46008, 36.21366], [-95.45953, 36.21456], [-95.45745, 36.21643], [-95.45997, 36.22004], [-95.46066, 36.22381], [-95.46018, 36.22589], [-95.4614, 36.22635], [-95.46225, 36.2273], [-95.46242, 36.23118], [-95.4637, 36.2326], [-95.46474, 36.23303], [-95.47624, 36.23322], [-95.47748, 36.23388], [-95.47809, 36.23504], [-95.47806, 36.24892], [-95.47776, 36.24978], [-95.47696, 36.25062], [-95.47585, 36.25111], [-95.47452, 36.25125], [-95.47383, 36.25279], [-95.47385, 36.26192], [-95.48906, 36.26193]], [[-95.4475, 36.19338], [-95.44241, 36.19338], [-95.44239, 36.20402], [-95.45543, 36.20407], [-95.45547, 36.19341], [-95.4475, 36.19338]], [[-95.45259, 36.18954], [-95.45547, 36.18954], [-95.4555, 36.17882], [-95.44236, 36.17884], [-95.44234, 36.18706], [-95.44334, 36.18722], [-95.44426, 36.18779], [-95.44468, 36.18846], [-95.44477, 36.18951], [-95.45259, 36.18954]], [[-95.46453, 36.18953], [-95.47338, 36.18953], [-95.47341, 36.1789], [-95.46027, 36.17888], [-95.46024, 36.18954], [-95.46453, 36.18953]], [[-95.48459, 36.18954], [-95.48648, 36.18955], [-95.48734, 36.18873], [-95.48867, 36.18841], [-95.48999, 36.18874], [-95.49085, 36.18958], [-95.5092, 36.18957], [-95.50903, 36.18267], [-95.50189, 36.18245], [-95.49859, 36.18136], [-95.49735, 36.18068], [-95.49679, 36.17967], [-95.49599, 36.17895], [-95.49495, 36.1789], [-95.49393, 36.17844], [-95.49319, 36.17709], [-95.49355, 36.176], [-95.4946, 36.17527], [-95.49643, 36.17506], [-95.49866, 36.17518], [-95.49998, 36.17587], [-95.5017, 36.17823], [-95.50327, 36.17867], [-95.50283, 36.17719], [-95.5038, 36.17594], [-95.50488, 36.1756], [-95.50928, 36.17549], [-95.50928, 36.17307], [-95.50506, 36.17347], [-95.5003, 36.17329], [-95.49694, 36.17273], [-95.49139, 36.17128], [-95.4874, 36.1708], [-95.48445, 36.17084], [-95.4782, 36.17147], [-95.47815, 36.18953], [-95.48459, 36.18954]], [[-95.48051, 36.16703], [-95.48491, 36.16663], [-95.48913, 36.16673], [-95.48913, 36.1644], [-95.47823, 36.16441], [-95.47824, 36.16726], [-95.48051, 36.16703]], [[-95.49502, 36.16779], [-95.49691, 36.16836], [-95.49631, 36.16722], [-95.4968, 36.1659], [-95.49676, 36.16404], [-95.49389, 36.16435], [-95.49389, 36.1675], [-95.49502, 36.16779]], [[-95.49976, 36.15938], [-95.50035, 36.15927], [-95.50035, 36.15707], [-95.49503, 36.15707], [-95.49505, 36.16036], [-95.49976, 36.15938]], [[-95.4914, 36.1479], [-95.4914, 36.1393], [-95.48719, 36.13918], [-95.48612, 36.13848], [-95.48571, 36.1374], [-95.4861, 36.13633], [-95.48716, 36.13561], [-95.49139, 36.13533], [-95.48492, 36.1353], [-95.48491, 36.13874], [-95.48413, 36.14007], [-95.48243, 36.14071], [-95.47821, 36.14069], [-95.4782, 36.15315], [-95.49141, 36.15321], [-95.4914, 36.1479]], [[-95.49144, 36.12498], [-95.49143, 36.12076], [-95.47817, 36.12071], [-95.47821, 36.13142], [-95.49141, 36.13146], [-95.49144, 36.12498]], [[-95.54073, 36.30254], [-95.54074, 36.2975], [-95.53976, 36.29725], [-95.53892, 36.2966], [-95.53847, 36.29479], [-95.5286, 36.29479], [-95.52957, 36.29561], [-95.52996, 36.29704], [-95.52924, 36.2982], [-95.52763, 36.29874], [-95.52763, 36.30549], [-95.54073, 36.30547], [-95.54073, 36.30254]], [[-95.544, 36.26187], [-95.54308, 36.26109], [-95.54276, 36.26021], [-95.54299, 36.25344], [-95.54384, 36.25252], [-95.54573, 36.25171], [-95.54764, 36.25128], [-95.54977, 36.25139], [-95.54975, 36.25121], [-95.5382, 36.25128], [-95.53624, 36.25088], [-95.5343, 36.25131], [-95.52757, 36.25128], [-95.52759, 36.26191], [-95.544, 36.26187]], [[-95.54035, 36.22122], [-95.54744, 36.22532], [-95.54898, 36.22432], [-95.54861, 36.21803], [-95.54659, 36.21218], [-95.54636, 36.21005], [-95.54656, 36.20803], [-95.53641, 36.20799], [-95.53947, 36.21996], [-95.54035, 36.22122]], [[-95.54482, 36.19752], [-95.54483, 36.19345], [-95.53271, 36.19344], [-95.53542, 36.20412], [-95.5448, 36.20416], [-95.54482, 36.19752]], [[-95.5449, 36.18706], [-95.5449, 36.18344], [-95.54236, 36.1832], [-95.54123, 36.18208], [-95.54018, 36.18159], [-95.53953, 36.1806], [-95.53948, 36.17897], [-95.5359, 36.17858], [-95.5338, 36.17787], [-95.53296, 36.17722], [-95.53263, 36.17585], [-95.53156, 36.17464], [-95.53179, 36.17329], [-95.53162, 36.17143], [-95.52424, 36.17077], [-95.52679, 36.17422], [-95.52848, 36.17716], [-95.531, 36.18669], [-95.53316, 36.1865], [-95.53452, 36.18684], [-95.53776, 36.18696], [-95.53907, 36.188], [-95.53926, 36.18873], [-95.53903, 36.18957], [-95.54486, 36.18958], [-95.5449, 36.18706]], [[-95.51582, 36.16712], [-95.5141, 36.16748], [-95.5141, 36.16779], [-95.51675, 36.16724], [-95.51652, 36.16686], [-95.51582, 36.16712]], [[-95.50925, 36.13784], [-95.50924, 36.13527], [-95.50419, 36.13513], [-95.50316, 36.13453], [-95.50167, 36.13277], [-95.5014, 36.13176], [-95.50146, 36.12694], [-95.50219, 36.12567], [-95.50032, 36.12525], [-95.49973, 36.12467], [-95.49944, 36.12376], [-95.49982, 36.12269], [-95.50091, 36.12196], [-95.5009, 36.12075], [-95.49619, 36.12076], [-95.49617, 36.1321], [-95.49648, 36.1331], [-95.49614, 36.13417], [-95.49616, 36.14594], [-95.50468, 36.14593], [-95.50474, 36.14227], [-95.5053, 36.14124], [-95.50625, 36.1407], [-95.5074, 36.14058], [-95.50848, 36.14092], [-95.50926, 36.14168], [-95.50925, 36.13784]], [[-95.50624, 36.12136], [-95.50709, 36.12199], [-95.50749, 36.12287], [-95.5068, 36.12515], [-95.5081, 36.12591], [-95.50848, 36.12733], [-95.50925, 36.12733], [-95.50925, 36.12076], [-95.50567, 36.12074], [-95.50567, 36.12119], [-95.50624, 36.12136]], [[-95.50835, 36.13141], [-95.50924, 36.1314], [-95.50924, 36.1312], [-95.50735, 36.13104], [-95.50619, 36.13019], [-95.50618, 36.13082], [-95.50694, 36.13141], [-95.50835, 36.13141]], [[-95.536, 36.16728], [-95.5362, 36.16441], [-95.53207, 36.16441], [-95.53206, 36.16721], [-95.536, 36.16728]], [[-95.55068, 36.23316], [-95.55092, 36.23316], [-95.5496, 36.23197], [-95.54959, 36.23315], [-95.55068, 36.23316]], [[-95.54756, 36.25545], [-95.54755, 36.25625], [-95.54754, 36.25852], [-95.54765, 36.25527], [-95.54756, 36.25545]], [[-95.55224, 36.2715], [-95.55233, 36.27136], [-95.5524, 36.27126], [-95.55224, 36.27126], [-95.55224, 36.2715]], [[-95.5407, 36.3094], [-95.54072, 36.30944], [-95.54068, 36.30934], [-95.5407, 36.3094]], [[-95.52783, 36.14977], [-95.5287, 36.15049], [-95.52901, 36.15139], [-95.52864, 36.15247], [-95.52781, 36.15312], [-95.52547, 36.1534], [-95.52364, 36.15335], [-95.52273, 36.15307], [-95.522, 36.15323], [-95.52061, 36.15414], [-95.51946, 36.15418], [-95.51858, 36.15388], [-95.51758, 36.15438], [-95.51776, 36.15531], [-95.51737, 36.15625], [-95.51989, 36.15632], [-95.52136, 36.15723], [-95.52174, 36.15842], [-95.52148, 36.16026], [-95.52188, 36.16053], [-95.52744, 36.16055], [-95.52953, 36.15654], [-95.52988, 36.15505], [-95.52988, 36.14978], [-95.52783, 36.14977]], [[-95.51422, 36.14522], [-95.51404, 36.14497], [-95.51405, 36.1459], [-95.51486, 36.1459], [-95.51422, 36.14522]], [[-95.5244, 36.16605], [-95.52419, 36.1666], [-95.5273, 36.16676], [-95.5273, 36.16441], [-95.52435, 36.1644], [-95.5244, 36.16605]], [[-95.5239, 36.17887], [-95.51911, 36.1711], [-95.51405, 36.1721], [-95.51395, 36.17922], [-95.51518, 36.17898], [-95.51629, 36.17924], [-95.51713, 36.17989], [-95.51748, 36.18098], [-95.51699, 36.18272], [-95.51629, 36.18362], [-95.5151, 36.18419], [-95.51378, 36.1843], [-95.51397, 36.18956], [-95.51817, 36.18958], [-95.51827, 36.18729], [-95.51722, 36.18641], [-95.517, 36.18512], [-95.51784, 36.18401], [-95.51936, 36.18358], [-95.52118, 36.18407], [-95.52357, 36.18389], [-95.52481, 36.18439], [-95.52543, 36.18519], [-95.52547, 36.18631], [-95.52422, 36.18769], [-95.523, 36.18814], [-95.52294, 36.18959], [-95.52663, 36.18959], [-95.5239, 36.17887]], [[-95.50052, 36.15077], [-95.5005, 36.1498], [-95.4962, 36.14981], [-95.49618, 36.1532], [-95.50078, 36.15319], [-95.50039, 36.1517], [-95.50052, 36.15077]], [[-95.50759, 36.16432], [-95.50749, 36.16577], [-95.50713, 36.1665], [-95.50628, 36.16713], [-95.505, 36.16737], [-95.50494, 36.1693], [-95.50932, 36.16878], [-95.50936, 36.16439], [-95.50759, 36.16432]], [[-95.50532, 36.15692], [-95.50512, 36.15956], [-95.50754, 36.16039], [-95.50933, 36.16053], [-95.50931, 36.15902], [-95.50862, 36.15863], [-95.50685, 36.15833], [-95.50608, 36.15762], [-95.50582, 36.15682], [-95.50532, 36.15692]], [[-95.51489, 36.32897], [-95.51515, 36.32718], [-95.51377, 36.32769], [-95.51261, 36.3277], [-95.51158, 36.32727], [-95.51092, 36.3265], [-95.51078, 36.32575], [-95.5111, 36.32485], [-95.51277, 36.32383], [-95.50962, 36.32384], [-95.50961, 36.33316], [-95.50913, 36.33414], [-95.5074, 36.33493], [-95.50698, 36.33575], [-95.51498, 36.33253], [-95.51489, 36.32897]], [[-95.51552, 36.31734], [-95.51653, 36.31688], [-95.51777, 36.31682], [-95.51816, 36.31524], [-95.51955, 36.31372], [-95.52021, 36.31063], [-95.51203, 36.31261], [-95.50964, 36.31275], [-95.50962, 36.31779], [-95.51071, 36.31728], [-95.51204, 36.3172], [-95.51382, 36.31759], [-95.51486, 36.31825], [-95.51552, 36.31734]], [[-95.52278, 36.32464], [-95.52277, 36.3238], [-95.52196, 36.32381], [-95.52196, 36.32549], [-95.52278, 36.3257], [-95.52278, 36.32464]], [[-95.51508, 36.32385], [-95.51508, 36.32383], [-95.51505, 36.32383], [-95.51508, 36.32385]], [[-95.50696, 36.34553], [-95.50507, 36.34558], [-95.50516, 36.34711], [-95.50808, 36.34736], [-95.50893, 36.348], [-95.50931, 36.34889], [-95.50928, 36.34593], [-95.50866, 36.34442], [-95.50801, 36.34512], [-95.50696, 36.34553]], [[-95.51263, 36.33806], [-95.51374, 36.33807], [-95.51373, 36.33759], [-95.51259, 36.33806], [-95.51263, 36.33806]], [[-95.46428, 36.40653], [-95.4652, 36.40558], [-95.46629, 36.40526], [-95.46731, 36.40536], [-95.46809, 36.40449], [-95.46917, 36.40411], [-95.46916, 36.40191], [-95.46847, 36.40123], [-95.46822, 36.4005], [-95.46868, 36.39923], [-95.46625, 36.39826], [-95.46543, 36.39768], [-95.46494, 36.39692], [-95.46495, 36.39917], [-95.46454, 36.40004], [-95.46323, 36.4008], [-95.46184, 36.40078], [-95.46085, 36.40028], [-95.46028, 36.39946], [-95.46016, 36.39613], [-95.45885, 36.39593], [-95.45593, 36.3963], [-95.45598, 36.40133], [-95.45636, 36.40226], [-95.4579, 36.40236], [-95.45905, 36.4032], [-95.46034, 36.40335], [-95.46142, 36.40405], [-95.46182, 36.40494], [-95.46173, 36.40569], [-95.46046, 36.4069], [-95.46364, 36.40692], [-95.46428, 36.40653]], [[-95.46591, 36.39061], [-95.46684, 36.39118], [-95.46766, 36.39238], [-95.46909, 36.39237], [-95.46908, 36.38647], [-95.46786, 36.38575], [-95.46743, 36.38469], [-95.46793, 36.38345], [-95.46907, 36.3828], [-95.46907, 36.38214], [-95.46788, 36.38176], [-95.45619, 36.38178], [-95.45588, 36.38209], [-95.45586, 36.39243], [-95.45867, 36.392], [-95.46016, 36.39221], [-95.45996, 36.38613], [-95.46057, 36.38512], [-95.46177, 36.38455], [-95.46337, 36.3847], [-95.46438, 36.38546], [-95.46492, 36.38764], [-95.46493, 36.39045], [-95.46591, 36.39061]], [[-95.4588, 36.37745], [-95.45849, 36.37773], [-95.45819, 36.37792], [-95.45913, 36.37792], [-95.45913, 36.37742], [-95.4588, 36.37745]], [[-95.46673, 36.31907], [-95.46486, 36.31908], [-95.46377, 36.31878], [-95.46287, 36.31792], [-95.46272, 36.3168], [-95.46336, 36.31581], [-95.46434, 36.31531], [-95.46891, 36.3152], [-95.46895, 36.30912], [-95.46252, 36.30928], [-95.46243, 36.31445], [-95.46146, 36.31549], [-95.46014, 36.31582], [-95.45862, 36.31537], [-95.45786, 36.31444], [-95.45775, 36.3093], [-95.45579, 36.30929], [-95.45577, 36.32001], [-95.46894, 36.32], [-95.46894, 36.31907], [-95.46673, 36.31907]], [[-95.46906, 36.25603], [-95.46913, 36.25207], [-95.47026, 36.24915], [-95.47143, 36.24788], [-95.47333, 36.24736], [-95.47333, 36.23697], [-95.46334, 36.23676], [-95.46056, 36.23553], [-95.45797, 36.2327], [-95.45766, 36.23176], [-95.45766, 36.22964], [-95.45631, 36.22912], [-95.45547, 36.22792], [-95.45543, 36.22485], [-95.45579, 36.22367], [-95.45538, 36.22111], [-95.4531, 36.21839], [-95.45269, 36.21734], [-95.453, 36.21503], [-95.45386, 36.21376], [-95.45542, 36.21241], [-95.45542, 36.20794], [-95.42068, 36.20795], [-95.42083, 36.20884], [-95.42043, 36.20972], [-95.41957, 36.21035], [-95.41844, 36.21057], [-95.41732, 36.21034], [-95.4161, 36.20958], [-95.41566, 36.20889], [-95.41559, 36.20796], [-95.40702, 36.20798], [-95.40703, 36.21866], [-95.41965, 36.21856], [-95.4211, 36.2176], [-95.42253, 36.21734], [-95.42388, 36.21771], [-95.42478, 36.21861], [-95.42807, 36.21873], [-95.42935, 36.21978], [-95.42953, 36.22052], [-95.42924, 36.22143], [-95.42782, 36.22236], [-95.42279, 36.22251], [-95.42143, 36.2222], [-95.42051, 36.22241], [-95.41407, 36.22252], [-95.41303, 36.22394], [-95.41158, 36.22451], [-95.41043, 36.22437], [-95.40965, 36.22396], [-95.40895, 36.22253], [-95.40703, 36.22253], [-95.40699, 36.23318], [-95.41987, 36.23311], [-95.42156, 36.23347], [-95.42322, 36.23435], [-95.42463, 36.23553], [-95.42504, 36.23661], [-95.42504, 36.23914], [-95.42817, 36.24061], [-95.43094, 36.24363], [-95.43141, 36.24451], [-95.43374, 36.2461], [-95.43481, 36.24738], [-95.43685, 36.24739], [-95.43669, 36.24491], [-95.43863, 36.24236], [-95.44036, 36.24187], [-95.442, 36.24252], [-95.44254, 36.24335], [-95.44258, 36.2441], [-95.44148, 36.24626], [-95.4432, 36.24634], [-95.44427, 36.24669], [-95.4451, 36.24759], [-95.44522, 36.24853], [-95.44428, 36.2498], [-95.44344, 36.25012], [-95.44213, 36.25016], [-95.44087, 36.25113], [-95.43795, 36.25126], [-95.43788, 36.26191], [-95.44503, 36.26193], [-95.4453, 36.26022], [-95.44587, 36.25902], [-95.44671, 36.25838], [-95.44783, 36.25812], [-95.44916, 36.25842], [-95.45007, 36.25927], [-95.45027, 36.26019], [-95.44988, 36.26195], [-95.45783, 36.26189], [-95.45813, 36.2601], [-95.45896, 36.25944], [-95.46007, 36.25917], [-95.4612, 36.25936], [-95.4621, 36.25995], [-95.46249, 36.26064], [-95.46261, 36.26192], [-95.46907, 36.26192], [-95.46906, 36.25603]], [[-95.45552, 36.17495], [-95.45553, 36.17142], [-95.4491, 36.17137], [-95.44237, 36.17193], [-95.44237, 36.17497], [-95.45552, 36.17495]], [[-95.44854, 36.16694], [-95.44746, 36.16597], [-95.44729, 36.16431], [-95.44239, 36.16432], [-95.44239, 36.16772], [-95.44934, 36.16719], [-95.44854, 36.16694]], [[-95.43716, 36.15134], [-95.43598, 36.15075], [-95.43542, 36.14978], [-95.4248, 36.14977], [-95.42485, 36.1605], [-95.43771, 36.16048], [-95.43766, 36.15141], [-95.43716, 36.15134]], [[-95.43762, 36.14043], [-95.43762, 36.12072], [-95.43149, 36.12071], [-95.43141, 36.12537], [-95.43045, 36.12642], [-95.42913, 36.12675], [-95.42801, 36.12653], [-95.42715, 36.1259], [-95.42679, 36.1252], [-95.42674, 36.12401], [-95.4252, 36.12419], [-95.42382, 36.12352], [-95.42329, 36.12248], [-95.42339, 36.12069], [-95.40691, 36.12075], [-95.40693, 36.14594], [-95.42001, 36.14589], [-95.42015, 36.14003], [-95.42092, 36.1391], [-95.42243, 36.13867], [-95.42394, 36.13911], [-95.42471, 36.14005], [-95.42478, 36.1459], [-95.43762, 36.14592], [-95.43762, 36.14043]], [[-95.43764, 36.10428], [-95.43762, 36.09167], [-95.42473, 36.09165], [-95.42474, 36.11683], [-95.43763, 36.11686], [-95.43764, 36.10428]], [[-95.40681, 36.10795], [-95.40683, 36.11689], [-95.41998, 36.11683], [-95.41998, 36.10618], [-95.4068, 36.10624], [-95.40681, 36.10795]], [[-95.40677, 36.09169], [-95.40679, 36.10237], [-95.41998, 36.10231], [-95.41997, 36.09166], [-95.40677, 36.09169]], [[-95.39521, 36.09172], [-95.38891, 36.09168], [-95.38888, 36.10235], [-95.40203, 36.10238], [-95.40201, 36.0917], [-95.39521, 36.09172]], [[-95.48539, 36.31215], [-95.48053, 36.31139], [-95.47372, 36.3097], [-95.47372, 36.31091], [-95.47851, 36.31097], [-95.47969, 36.31128], [-95.48084, 36.31197], [-95.48131, 36.31281], [-95.48135, 36.31412], [-95.48053, 36.3155], [-95.48084, 36.31632], [-95.48069, 36.31715], [-95.4813, 36.31668], [-95.48156, 36.31508], [-95.48232, 36.31437], [-95.48388, 36.31404], [-95.48534, 36.31458], [-95.48601, 36.31557], [-95.48609, 36.31817], [-95.48578, 36.31904], [-95.48496, 36.31995], [-95.48691, 36.32], [-95.48692, 36.3123], [-95.48539, 36.31215]], [[-95.47932, 36.31826], [-95.47371, 36.31834], [-95.47372, 36.31998], [-95.48019, 36.31996], [-95.48039, 36.3176], [-95.47932, 36.31826]], [[-95.4503, 36.16047], [-95.45554, 36.1605], [-95.45548, 36.14976], [-95.45156, 36.14956], [-95.44241, 36.14979], [-95.44248, 36.16045], [-95.4503, 36.16047]], [[-95.45175, 36.14569], [-95.45547, 36.14589], [-95.45548, 36.13525], [-95.44241, 36.13525], [-95.44238, 36.14593], [-95.45175, 36.14569]], [[-95.45538, 36.12509], [-95.45545, 36.12076], [-95.44239, 36.12075], [-95.4424, 36.13138], [-95.45545, 36.13139], [-95.45538, 36.12509]], [[-95.45173, 36.1169], [-95.45542, 36.11689], [-95.45537, 36.1062], [-95.45308, 36.1062], [-95.45229, 36.1069], [-95.45096, 36.10721], [-95.44984, 36.10698], [-95.44889, 36.1062], [-95.44241, 36.10621], [-95.4424, 36.11688], [-95.45173, 36.1169]], [[-95.4424, 36.09594], [-95.44241, 36.09855], [-95.44497, 36.09873], [-95.4457, 36.0992], [-95.44622, 36.10004], [-95.44591, 36.1015], [-95.44443, 36.10234], [-95.45538, 36.10233], [-95.45551, 36.09171], [-95.44238, 36.09168], [-95.4424, 36.09594]], [[-95.47911, 36.15702], [-95.47823, 36.15702], [-95.47822, 36.15985], [-95.4798, 36.16054], [-95.48492, 36.16054], [-95.48372, 36.15938], [-95.48363, 36.15703], [-95.47911, 36.15702]], [[-95.46156, 36.16761], [-95.47348, 36.1676], [-95.47346, 36.1644], [-95.46032, 36.16436], [-95.46032, 36.16754], [-95.46156, 36.16761]], [[-95.47345, 36.15413], [-95.47343, 36.14976], [-95.46024, 36.14977], [-95.4603, 36.16049], [-95.47346, 36.16054], [-95.47345, 36.15413]], [[-95.46016, 36.12698], [-95.46022, 36.1314], [-95.47345, 36.1314], [-95.4734, 36.1207], [-95.46021, 36.12066], [-95.46016, 36.12698]], [[-95.47283, 36.14589], [-95.47341, 36.14589], [-95.47345, 36.13526], [-95.46024, 36.13526], [-95.46023, 36.14591], [-95.47283, 36.14589]], [[-95.46673, 36.10737], [-95.46591, 36.10747], [-95.46549, 36.10988], [-95.46741, 36.10949], [-95.46705, 36.10729], [-95.46673, 36.10737]], [[-95.48015, 36.13529], [-95.47822, 36.13528], [-95.47822, 36.13682], [-95.48015, 36.13684], [-95.48015, 36.13529]], [[-95.48744, 36.16036], [-95.4871, 36.16054], [-95.48802, 36.16054], [-95.48802, 36.16027], [-95.48744, 36.16036]], [[-95.46604, 36.17192], [-95.4603, 36.17172], [-95.46029, 36.17501], [-95.47343, 36.17503], [-95.47343, 36.17178], [-95.46604, 36.17192]], [[-95.4938, 36.31339], [-95.49391, 36.31379], [-95.49563, 36.31281], [-95.49335, 36.31273], [-95.4938, 36.31339]], [[-95.4845, 36.33824], [-95.47378, 36.33826], [-95.47377, 36.34421], [-95.48662, 36.34095], [-95.48693, 36.34018], [-95.48694, 36.33825], [-95.4845, 36.33824]], [[-95.48691, 36.3342], [-95.48692, 36.33374], [-95.48603, 36.33356], [-95.48604, 36.33438], [-95.48691, 36.33438], [-95.48691, 36.3342]], [[-95.47621, 36.32902], [-95.47792, 36.32795], [-95.48151, 36.32783], [-95.48316, 36.32825], [-95.48415, 36.3292], [-95.48417, 36.32818], [-95.48465, 36.3273], [-95.48577, 36.32647], [-95.48691, 36.32622], [-95.48692, 36.32386], [-95.47372, 36.32384], [-95.47376, 36.3344], [-95.47581, 36.33438], [-95.47579, 36.33005], [-95.47621, 36.32902]], [[-95.48433, 36.32971], [-95.48438, 36.32968], [-95.48427, 36.3295], [-95.4843, 36.32959], [-95.48433, 36.32971]], [[-95.48536, 36.3459], [-95.48526, 36.34546], [-95.47652, 36.34765], [-95.47823, 36.34802], [-95.47931, 36.34892], [-95.48081, 36.34825], [-95.48205, 36.34814], [-95.48319, 36.34833], [-95.48403, 36.34889], [-95.48688, 36.34889], [-95.48687, 36.34715], [-95.48597, 36.3467], [-95.48536, 36.3459]], [[-95.4738, 36.3488], [-95.47435, 36.34834], [-95.47449, 36.34823], [-95.4738, 36.34846], [-95.4738, 36.3488]], [[-95.47404, 36.39806], [-95.47393, 36.39806], [-95.47393, 36.3981], [-95.47404, 36.39806]], [[-95.42683, 36.16862], [-95.43762, 36.1682], [-95.43762, 36.16435], [-95.42486, 36.16437], [-95.42484, 36.16858], [-95.42683, 36.16862]], [[-95.40965, 36.16438], [-95.40692, 36.16439], [-95.40694, 36.16718], [-95.42008, 36.16837], [-95.42009, 36.16437], [-95.40965, 36.16438]], [[-95.42007, 36.15742], [-95.42003, 36.14976], [-95.41925, 36.14976], [-95.41854, 36.15102], [-95.41685, 36.15157], [-95.41517, 36.151], [-95.4145, 36.14979], [-95.41025, 36.14981], [-95.40861, 36.15055], [-95.40693, 36.15016], [-95.40693, 36.16052], [-95.42008, 36.1605], [-95.42007, 36.15742]], [[-95.42261, 36.19341], [-95.40694, 36.19346], [-95.40699, 36.20412], [-95.43762, 36.20402], [-95.43764, 36.19338], [-95.42261, 36.19341]], [[-95.43718, 36.1789], [-95.43624, 36.17972], [-95.43513, 36.17999], [-95.43379, 36.17971], [-95.43286, 36.17886], [-95.4152, 36.17886], [-95.4149, 36.18132], [-95.41392, 36.18211], [-95.4128, 36.18234], [-95.41167, 36.18211], [-95.4107, 36.18131], [-95.41043, 36.17886], [-95.40693, 36.1789], [-95.40693, 36.18959], [-95.4376, 36.18951], [-95.43759, 36.17885], [-95.43718, 36.1789]], [[-95.43602, 36.17251], [-95.43047, 36.17276], [-95.43047, 36.17321], [-95.432, 36.17374], [-95.43283, 36.175], [-95.4376, 36.17498], [-95.43761, 36.17239], [-95.43602, 36.17251]], [[-95.41777, 36.17239], [-95.40695, 36.17136], [-95.40696, 36.17504], [-95.4201, 36.17502], [-95.42009, 36.17255], [-95.41777, 36.17239]], [[-95.42257, 36.27645], [-95.43317, 36.27642], [-95.43318, 36.26578], [-95.41996, 36.26578], [-95.42002, 36.27646], [-95.42257, 36.27645]], [[-95.40784, 36.2657], [-95.4067, 36.26503], [-95.40614, 36.26373], [-95.40641, 36.26114], [-95.40781, 36.25975], [-95.40937, 36.25944], [-95.41065, 36.25987], [-95.41141, 36.26081], [-95.4114, 36.26195], [-95.4152, 36.26194], [-95.41528, 36.25127], [-95.40205, 36.25129], [-95.40213, 36.26025], [-95.40291, 36.26117], [-95.40314, 36.26209], [-95.40252, 36.2633], [-95.40087, 36.26393], [-95.399, 36.26339], [-95.39817, 36.26268], [-95.39758, 36.26159], [-95.39727, 36.25128], [-95.38414, 36.2513], [-95.38408, 36.26163], [-95.38575, 36.2619], [-95.38907, 36.26192], [-95.3902, 36.26074], [-95.39178, 36.26051], [-95.39302, 36.26101], [-95.3937, 36.26194], [-95.39558, 36.26196], [-95.39667, 36.26228], [-95.39744, 36.26298], [-95.39772, 36.26389], [-95.39716, 36.26512], [-95.39578, 36.26578], [-95.38415, 36.26569], [-95.38414, 36.27653], [-95.40144, 36.27649], [-95.40395, 36.27482], [-95.40918, 36.27465], [-95.4099, 36.27393], [-95.41089, 36.27345], [-95.41522, 36.27255], [-95.41519, 36.2658], [-95.40784, 36.2657]], [[-95.42876, 36.26191], [-95.43311, 36.26191], [-95.43318, 36.25125], [-95.42005, 36.25126], [-95.41997, 36.26192], [-95.42876, 36.26191]], [[-95.42028, 36.23741], [-95.41949, 36.23698], [-95.40701, 36.23705], [-95.40711, 36.24742], [-95.42023, 36.2474], [-95.42028, 36.23741]], [[-95.42729, 36.24689], [-95.42688, 36.2459], [-95.42502, 36.24371], [-95.425, 36.2474], [-95.42792, 36.2474], [-95.42729, 36.24689]], [[-95.39231, 36.1644], [-95.39003, 36.16439], [-95.38964, 36.16525], [-95.389, 36.16578], [-95.389, 36.16761], [-95.40217, 36.16705], [-95.40216, 36.16438], [-95.39231, 36.1644]], [[-95.40204, 36.10625], [-95.3889, 36.10621], [-95.38894, 36.1169], [-95.40206, 36.11688], [-95.40204, 36.10625]], [[-95.39353, 36.15026], [-95.39492, 36.15076], [-95.39563, 36.15172], [-95.39547, 36.15302], [-95.39454, 36.15385], [-95.39279, 36.15427], [-95.39145, 36.15416], [-95.39006, 36.15348], [-95.389, 36.15253], [-95.38901, 36.16053], [-95.40216, 36.16052], [-95.40216, 36.14978], [-95.39353, 36.14981], [-95.39353, 36.15026]], [[-95.38896, 36.13779], [-95.38899, 36.14595], [-95.40216, 36.14592], [-95.40214, 36.12074], [-95.38894, 36.12076], [-95.38896, 36.13779]], [[-95.39208, 36.17509], [-95.40219, 36.17507], [-95.40218, 36.17122], [-95.38901, 36.17179], [-95.38901, 36.17505], [-95.39208, 36.17509]], [[-95.39914, 36.20898], [-95.39812, 36.20948], [-95.39695, 36.20955], [-95.39542, 36.20898], [-95.39467, 36.20804], [-95.3891, 36.20806], [-95.38912, 36.23322], [-95.39644, 36.23322], [-95.39599, 36.23006], [-95.39669, 36.22909], [-95.39794, 36.2286], [-95.39887, 36.22862], [-95.3999, 36.22906], [-95.40096, 36.23072], [-95.40221, 36.23164], [-95.40225, 36.208], [-95.3998, 36.20801], [-95.39914, 36.20898]], [[-95.39792, 36.19347], [-95.38906, 36.19348], [-95.3891, 36.20419], [-95.40222, 36.20413], [-95.40217, 36.19347], [-95.39792, 36.19347]], [[-95.40216, 36.17894], [-95.38901, 36.17892], [-95.38906, 36.18961], [-95.40216, 36.1896], [-95.40216, 36.17894]], [[-95.39301, 36.2474], [-95.40233, 36.24742], [-95.40224, 36.23707], [-95.38914, 36.23709], [-95.38917, 36.24743], [-95.39301, 36.2474]], [[-95.40207, 36.29711], [-95.4021, 36.30356], [-95.40758, 36.30288], [-95.41251, 36.30366], [-95.41364, 36.30218], [-95.41482, 36.3013], [-95.41523, 36.30002], [-95.41527, 36.29489], [-95.40208, 36.29477], [-95.40207, 36.29711]], [[-95.39446, 36.30072], [-95.39446, 36.3007], [-95.39445, 36.30071], [-95.39446, 36.30072]], [[-95.43986, 36.30967], [-95.43913, 36.31058], [-95.43793, 36.31112], [-95.43788, 36.31992], [-95.43986, 36.31993], [-95.43982, 36.31806], [-95.43891, 36.31716], [-95.43884, 36.31586], [-95.44002, 36.31473], [-95.44232, 36.31451], [-95.44257, 36.31389], [-95.44234, 36.31274], [-95.44281, 36.3118], [-95.44264, 36.31056], [-95.44365, 36.30923], [-95.43995, 36.30921], [-95.43986, 36.30967]], [[-95.44954, 36.31534], [-95.451, 36.31525], [-95.45102, 36.31299], [-95.44908, 36.31299], [-95.44908, 36.31529], [-95.44954, 36.31534]], [[-95.45112, 36.38517], [-95.45111, 36.38269], [-95.45013, 36.3818], [-95.43793, 36.38172], [-95.43805, 36.38866], [-95.44031, 36.38872], [-95.44168, 36.38929], [-95.44246, 36.39031], [-95.44254, 36.39235], [-95.45108, 36.39235], [-95.45112, 36.38517]], [[-95.42886, 36.39197], [-95.43166, 36.38975], [-95.43329, 36.38918], [-95.43316, 36.38537], [-95.42666, 36.39239], [-95.42818, 36.39233], [-95.42886, 36.39197]], [[-95.45735, 36.35296], [-95.45759, 36.35275], [-95.45578, 36.35276], [-95.45579, 36.35439], [-95.45735, 36.35296]], [[-95.44238, 36.36335], [-95.44351, 36.36357], [-95.44423, 36.36405], [-95.44473, 36.3649], [-95.44468, 36.36583], [-95.44391, 36.36677], [-95.44286, 36.36717], [-95.4379, 36.36721], [-95.43796, 36.37356], [-95.44818, 36.36254], [-95.44721, 36.36191], [-95.44671, 36.3611], [-95.44667, 36.35844], [-95.44729, 36.35739], [-95.44835, 36.35669], [-95.4494, 36.35634], [-95.45102, 36.35626], [-95.45101, 36.35275], [-95.43791, 36.35276], [-95.43788, 36.36335], [-95.44238, 36.36335]], [[-95.34208, 36.40696], [-95.34343, 36.4066], [-95.34345, 36.39635], [-95.33035, 36.39632], [-95.33036, 36.40691], [-95.34208, 36.40696]], [[-95.34381, 36.41646], [-95.34382, 36.42137], [-95.34929, 36.42133], [-95.35017, 36.42092], [-95.35181, 36.42076], [-95.35715, 36.42169], [-95.35804, 36.42144], [-95.36157, 36.4213], [-95.36591, 36.4214], [-95.36593, 36.41084], [-95.35643, 36.41078], [-95.3552, 36.41026], [-95.3545, 36.40909], [-95.35488, 36.40782], [-95.35616, 36.40704], [-95.36348, 36.40699], [-95.36204, 36.40622], [-95.36142, 36.40499], [-95.36147, 36.39635], [-95.34823, 36.39636], [-95.34818, 36.40825], [-95.34788, 36.40907], [-95.34695, 36.40992], [-95.34379, 36.41062], [-95.34381, 36.41646]], [[-95.34343, 36.38619], [-95.34344, 36.38181], [-95.33034, 36.3818], [-95.33033, 36.39245], [-95.34345, 36.39248], [-95.34343, 36.38619]], [[-95.34304, 36.37491], [-95.34135, 36.37433], [-95.34066, 36.37296], [-95.34095, 36.37205], [-95.34154, 36.37147], [-95.34338, 36.37104], [-95.34337, 36.36731], [-95.33037, 36.3673], [-95.33036, 36.37793], [-95.34343, 36.37794], [-95.3434, 36.37491], [-95.34304, 36.37491]], [[-95.34341, 36.36243], [-95.34347, 36.35283], [-95.33029, 36.35283], [-95.33037, 36.36343], [-95.34339, 36.36345], [-95.34341, 36.36243]], [[-95.34591, 36.31999], [-95.35024, 36.32002], [-95.35052, 36.31914], [-95.35111, 36.31856], [-95.35193, 36.3182], [-95.35323, 36.31812], [-95.35312, 36.31646], [-95.3527, 36.31575], [-95.35244, 36.31399], [-95.35244, 36.30933], [-95.33696, 36.30933], [-95.33028, 36.3111], [-95.33031, 36.31263], [-95.33144, 36.31271], [-95.33226, 36.31307], [-95.33285, 36.31365], [-95.33314, 36.31456], [-95.33296, 36.3153], [-95.33227, 36.31605], [-95.33145, 36.31641], [-95.33028, 36.3165], [-95.3303, 36.31993], [-95.34591, 36.31999]], [[-95.33956, 36.30546], [-95.36143, 36.30551], [-95.36144, 36.30505], [-95.36015, 36.30472], [-95.35839, 36.30333], [-95.35785, 36.30211], [-95.35812, 36.30119], [-95.3589, 36.3005], [-95.35976, 36.30021], [-95.36149, 36.30017], [-95.36151, 36.29492], [-95.35719, 36.2949], [-95.35721, 36.29802], [-95.35661, 36.29919], [-95.35528, 36.29996], [-95.35332, 36.30015], [-95.35228, 36.30098], [-95.35084, 36.30124], [-95.34919, 36.30085], [-95.34699, 36.29915], [-95.3467, 36.29789], [-95.34742, 36.29652], [-95.3472, 36.29488], [-95.3272, 36.29478], [-95.32522, 36.30009], [-95.32602, 36.30035], [-95.32776, 36.2998], [-95.32892, 36.29988], [-95.32989, 36.3004], [-95.33138, 36.30216], [-95.33256, 36.30201], [-95.33365, 36.30232], [-95.33462, 36.30336], [-95.33474, 36.30548], [-95.33956, 36.30546]], [[-95.34058, 36.291], [-95.34354, 36.29104], [-95.34352, 36.28032], [-95.33159, 36.28032], [-95.32763, 36.29092], [-95.34058, 36.291]], [[-95.34353, 36.27426], [-95.34351, 36.2658], [-95.33522, 36.2658], [-95.33304, 36.27645], [-95.34352, 36.27646], [-95.34353, 36.27426]], [[-95.33184, 36.25325], [-95.33096, 36.25238], [-95.33081, 36.25128], [-95.33029, 36.25128], [-95.33036, 36.26192], [-95.33091, 36.26191], [-95.33253, 36.2535], [-95.33184, 36.25325]], [[-95.3357, 36.23716], [-95.33537, 36.23716], [-95.33537, 36.2389], [-95.3357, 36.23716]], [[-95.32958, 36.17903], [-95.32642, 36.17896], [-95.3252, 36.17842], [-95.32453, 36.17724], [-95.32481, 36.17614], [-95.3258, 36.17536], [-95.3273, 36.17514], [-95.3233, 36.17369], [-95.31731, 36.17545], [-95.31734, 36.17619], [-95.31815, 36.17697], [-95.31925, 36.17748], [-95.31976, 36.17812], [-95.31993, 36.17886], [-95.31958, 36.18063], [-95.32099, 36.18108], [-95.3217, 36.18096], [-95.32297, 36.17992], [-95.32435, 36.1798], [-95.32521, 36.18008], [-95.326, 36.18077], [-95.32629, 36.1824], [-95.33044, 36.18245], [-95.33041, 36.17903], [-95.32958, 36.17903]], [[-95.33039, 36.17072], [-95.32966, 36.17097], [-95.32858, 36.17137], [-95.3305, 36.17147], [-95.33039, 36.17072]], [[-95.324, 36.16449], [-95.31731, 36.16444], [-95.31727, 36.17119], [-95.32012, 36.17032], [-95.32588, 36.1678], [-95.33048, 36.16625], [-95.33049, 36.16449], [-95.324, 36.16449]], [[-95.33635, 36.16495], [-95.33943, 36.16457], [-95.33943, 36.16447], [-95.33525, 36.16448], [-95.33525, 36.16514], [-95.33635, 36.16495]], [[-95.33077, 36.14203], [-95.33139, 36.14123], [-95.33217, 36.14083], [-95.33332, 36.14071], [-95.3342, 36.14094], [-95.33505, 36.14159], [-95.33538, 36.14229], [-95.33534, 36.14606], [-95.33965, 36.14607], [-95.34111, 36.14335], [-95.34847, 36.13582], [-95.34845, 36.13536], [-95.32592, 36.13533], [-95.32592, 36.1358], [-95.32664, 36.13683], [-95.3266, 36.13777], [-95.32565, 36.13883], [-95.32433, 36.13916], [-95.32244, 36.13875], [-95.32156, 36.13812], [-95.32115, 36.13722], [-95.32115, 36.13529], [-95.31703, 36.13525], [-95.31709, 36.14571], [-95.31794, 36.14525], [-95.31886, 36.14512], [-95.32042, 36.14551], [-95.32123, 36.14601], [-95.33057, 36.14604], [-95.33077, 36.14203]], [[-95.35887, 36.06977], [-95.35748, 36.06947], [-95.35561, 36.06825], [-95.35307, 36.06471], [-95.35301, 36.06861], [-95.35271, 36.06952], [-95.35192, 36.07021], [-95.35106, 36.07048], [-95.3499, 36.07042], [-95.34909, 36.07005], [-95.34826, 36.06874], [-95.34832, 36.06255], [-95.34186, 36.0627], [-95.3419, 36.06329], [-95.34296, 36.06453], [-95.34299, 36.06547], [-95.34214, 36.06657], [-95.34062, 36.06699], [-95.3395, 36.06674], [-95.33768, 36.06558], [-95.33728, 36.06482], [-95.33709, 36.06273], [-95.31713, 36.06262], [-95.31709, 36.07328], [-95.36228, 36.07337], [-95.36252, 36.06984], [-95.35887, 36.06977]], [[-95.32364, 36.05874], [-95.33469, 36.05889], [-95.34853, 36.05869], [-95.3497, 36.05737], [-95.35171, 36.05712], [-95.35317, 36.058], [-95.35346, 36.05938], [-95.3548, 36.05997], [-95.35581, 36.06083], [-95.35927, 36.06572], [-95.3596, 36.06594], [-95.36268, 36.06598], [-95.36274, 36.06195], [-95.36223, 36.06049], [-95.36276, 36.0595], [-95.36289, 36.0576], [-95.36457, 36.04988], [-95.36458, 36.03365], [-95.35308, 36.03363], [-95.35313, 36.04585], [-95.35343, 36.04833], [-95.35304, 36.04921], [-95.35197, 36.04992], [-95.35083, 36.05006], [-95.34974, 36.04974], [-95.34896, 36.04904], [-95.34869, 36.04821], [-95.34565, 36.04818], [-95.34469, 36.04917], [-95.34337, 36.04948], [-95.34113, 36.04919], [-95.33993, 36.04815], [-95.33685, 36.04812], [-95.33522, 36.0484], [-95.33364, 36.04816], [-95.33263, 36.04756], [-95.33158, 36.0484], [-95.32997, 36.04879], [-95.32789, 36.04813], [-95.31715, 36.04812], [-95.31721, 36.05875], [-95.32364, 36.05874]], [[-95.37942, 36.44329], [-95.37635, 36.4463], [-95.37321, 36.44876], [-95.3745, 36.44925], [-95.37524, 36.45039], [-95.3758, 36.45039], [-95.37634, 36.44969], [-95.37733, 36.4492], [-95.37849, 36.44915], [-95.37944, 36.44947], [-95.37942, 36.44329]], [[-95.37698, 36.43544], [-95.37942, 36.43531], [-95.37946, 36.43079], [-95.37902, 36.42936], [-95.37929, 36.42741], [-95.37876, 36.42637], [-95.37885, 36.42524], [-95.36621, 36.42526], [-95.36621, 36.43587], [-95.37602, 36.43587], [-95.37698, 36.43544]], [[-95.35836, 36.42555], [-95.35655, 36.42561], [-95.35188, 36.42466], [-95.35018, 36.42517], [-95.3436, 36.42524], [-95.34255, 36.42632], [-95.34385, 36.42929], [-95.34579, 36.43075], [-95.34684, 36.43269], [-95.34845, 36.43443], [-95.34964, 36.43463], [-95.352, 36.43566], [-95.36142, 36.4359], [-95.36142, 36.42518], [-95.35908, 36.42526], [-95.35836, 36.42555]], [[-95.36147, 36.39249], [-95.36138, 36.38181], [-95.34822, 36.38181], [-95.34823, 36.3925], [-95.36147, 36.39249]], [[-95.36142, 36.37511], [-95.36142, 36.36733], [-95.34814, 36.36731], [-95.34821, 36.37794], [-95.3614, 36.37794], [-95.36142, 36.37511]], [[-95.35681, 36.36344], [-95.36142, 36.36346], [-95.36129, 36.35283], [-95.34824, 36.35283], [-95.34817, 36.36345], [-95.35681, 36.36344]], [[-95.34812, 36.34325], [-95.34821, 36.34896], [-95.3613, 36.34896], [-95.36134, 36.33828], [-95.34819, 36.3383], [-95.34812, 36.34325]], [[-95.36128, 36.33143], [-95.36129, 36.32397], [-95.34827, 36.32387], [-95.34824, 36.33443], [-95.36132, 36.33442], [-95.36128, 36.33143]], [[-95.36149, 36.29105], [-95.36146, 36.28036], [-95.34829, 36.28033], [-95.34832, 36.29103], [-95.36149, 36.29105]], [[-95.36137, 36.27352], [-95.36135, 36.26576], [-95.34829, 36.26579], [-95.3483, 36.27647], [-95.36143, 36.2765], [-95.36137, 36.27352]], [[-95.34349, 36.25131], [-95.338, 36.25131], [-95.33596, 36.26193], [-95.34349, 36.26194], [-95.34349, 36.25131]], [[-95.35263, 36.26001], [-95.3533, 36.25948], [-95.3549, 36.25892], [-95.35426, 36.25804], [-95.35425, 36.25708], [-95.3548, 36.25624], [-95.35627, 36.2551], [-95.35853, 36.25444], [-95.3614, 36.25445], [-95.3614, 36.25129], [-95.34826, 36.25131], [-95.34826, 36.26192], [-95.35182, 36.2619], [-95.35263, 36.26001]], [[-95.34579, 36.17901], [-95.3455, 36.17901], [-95.34553, 36.17914], [-95.34572, 36.17905], [-95.34579, 36.17901]], [[-95.34844, 36.17514], [-95.34843, 36.16874], [-95.34435, 36.16853], [-95.34437, 36.1752], [-95.34844, 36.17514]], [[-95.39722, 36.35274], [-95.38404, 36.35275], [-95.38368, 36.3536], [-95.38398, 36.35563], [-95.38405, 36.36346], [-95.39731, 36.36341], [-95.39722, 36.35274]], [[-95.37926, 36.37171], [-95.37926, 36.36735], [-95.3662, 36.36734], [-95.36618, 36.37794], [-95.37932, 36.37798], [-95.37926, 36.37171]], [[-95.37923, 36.35812], [-95.37761, 36.35733], [-95.37704, 36.35611], [-95.37756, 36.35488], [-95.37892, 36.3542], [-95.37892, 36.35299], [-95.37939, 36.35181], [-95.37932, 36.33827], [-95.36612, 36.33827], [-95.36608, 36.34812], [-95.36734, 36.34733], [-95.36873, 36.3473], [-95.3699, 36.3479], [-95.37048, 36.34912], [-95.37038, 36.35113], [-95.36972, 36.35212], [-95.36825, 36.35278], [-95.36607, 36.35283], [-95.36619, 36.36347], [-95.37927, 36.36349], [-95.37923, 36.35812]], [[-95.3784, 36.32402], [-95.37652, 36.32401], [-95.3757, 36.32511], [-95.37419, 36.32555], [-95.37267, 36.32511], [-95.37185, 36.32401], [-95.36607, 36.32399], [-95.3661, 36.3344], [-95.36632, 36.3344], [-95.36647, 36.3335], [-95.3671, 36.33271], [-95.36881, 36.33219], [-95.37048, 36.33281], [-95.37096, 36.33345], [-95.37111, 36.33439], [-95.3793, 36.33441], [-95.37932, 36.32402], [-95.3784, 36.32402]], [[-95.3789, 36.31789], [-95.37934, 36.31602], [-95.37936, 36.30947], [-95.36718, 36.30939], [-95.36807, 36.31061], [-95.36788, 36.31172], [-95.36693, 36.31257], [-95.36765, 36.31328], [-95.36788, 36.3142], [-95.36741, 36.31526], [-95.36616, 36.31607], [-95.3661, 36.32013], [-95.37931, 36.32015], [-95.37928, 36.31862], [-95.3789, 36.31789]], [[-95.39655, 36.32533], [-95.39638, 36.32391], [-95.39294, 36.32372], [-95.39195, 36.32293], [-95.39166, 36.32184], [-95.39204, 36.32095], [-95.3931, 36.32023], [-95.39728, 36.32003], [-95.39732, 36.30934], [-95.38414, 36.30946], [-95.38412, 36.3164], [-95.38382, 36.31737], [-95.38405, 36.31816], [-95.38409, 36.32529], [-95.38544, 36.32594], [-95.38599, 36.32717], [-95.38545, 36.3284], [-95.38407, 36.32907], [-95.38408, 36.33441], [-95.38997, 36.33437], [-95.39027, 36.33178], [-95.39106, 36.33109], [-95.39239, 36.33077], [-95.39351, 36.33101], [-95.39449, 36.33181], [-95.39475, 36.3344], [-95.39721, 36.33442], [-95.39727, 36.32624], [-95.39655, 36.32533]], [[-95.41246, 36.32226], [-95.41275, 36.32239], [-95.41303, 36.32208], [-95.41165, 36.32163], [-95.41246, 36.32226]], [[-95.41096, 36.32095], [-95.41096, 36.32097], [-95.4111, 36.32111], [-95.41095, 36.32089], [-95.41096, 36.32095]], [[-95.40203, 36.34723], [-95.40203, 36.34887], [-95.41518, 36.34883], [-95.41517, 36.34284], [-95.41471, 36.3409], [-95.41514, 36.33976], [-95.41514, 36.33824], [-95.40198, 36.33829], [-95.40203, 36.34723]], [[-95.393, 36.34029], [-95.39276, 36.34115], [-95.39199, 36.34192], [-95.39076, 36.34231], [-95.38946, 36.34229], [-95.38828, 36.34171], [-95.38773, 36.34088], [-95.38822, 36.33825], [-95.3841, 36.33828], [-95.38409, 36.34889], [-95.39725, 36.34887], [-95.3972, 36.33829], [-95.393, 36.33824], [-95.393, 36.34029]], [[-95.39833, 36.41616], [-95.39727, 36.41446], [-95.39728, 36.41076], [-95.39596, 36.41039], [-95.39482, 36.41071], [-95.39012, 36.41083], [-95.38187, 36.41076], [-95.38063, 36.41047], [-95.37905, 36.41073], [-95.3792, 36.41211], [-95.37826, 36.41317], [-95.37717, 36.4135], [-95.37498, 36.41352], [-95.37365, 36.41316], [-95.3728, 36.41237], [-95.37254, 36.41165], [-95.37261, 36.40988], [-95.37094, 36.40931], [-95.3707, 36.40956], [-95.37072, 36.41419], [-95.37659, 36.41421], [-95.37791, 36.41496], [-95.37835, 36.41602], [-95.37798, 36.4171], [-95.37672, 36.41791], [-95.37069, 36.41806], [-95.37069, 36.42136], [-95.3794, 36.42137], [-95.37945, 36.41867], [-95.38015, 36.41749], [-95.38116, 36.41702], [-95.38232, 36.41698], [-95.38336, 36.4174], [-95.38395, 36.41798], [-95.38422, 36.4189], [-95.38416, 36.42494], [-95.38377, 36.426], [-95.38407, 36.427], [-95.38396, 36.42931], [-95.38451, 36.43049], [-95.38436, 36.43136], [-95.39833, 36.41616]], [[-95.37678, 36.39638], [-95.36625, 36.39637], [-95.36619, 36.40288], [-95.36909, 36.40273], [-95.37024, 36.40292], [-95.3714, 36.4035], [-95.37212, 36.40438], [-95.37269, 36.40428], [-95.37358, 36.40342], [-95.37468, 36.40311], [-95.37766, 36.4032], [-95.37936, 36.40379], [-95.37931, 36.39637], [-95.37678, 36.39638]], [[-95.3744, 36.38987], [-95.37592, 36.38578], [-95.37498, 36.38426], [-95.37491, 36.3818], [-95.36616, 36.38181], [-95.36625, 36.3925], [-95.37439, 36.39251], [-95.3744, 36.38987]], [[-95.41515, 36.40528], [-95.41514, 36.40483], [-95.41319, 36.40694], [-95.41512, 36.40697], [-95.41515, 36.40528]], [[-95.40206, 36.4108], [-95.40204, 36.41232], [-95.40347, 36.4108], [-95.40206, 36.4108]], [[-95.40207, 36.40524], [-95.40204, 36.40694], [-95.40568, 36.40666], [-95.40712, 36.4061], [-95.41088, 36.4021], [-95.41091, 36.40103], [-95.41139, 36.40018], [-95.41253, 36.39954], [-95.41391, 36.39952], [-95.41688, 36.39631], [-95.40204, 36.39631], [-95.40207, 36.40524]], [[-95.38677, 36.39635], [-95.38562, 36.39638], [-95.38409, 36.39697], [-95.38417, 36.40691], [-95.3932, 36.40687], [-95.39395, 36.40609], [-95.39505, 36.40561], [-95.39608, 36.40545], [-95.39727, 36.40566], [-95.39726, 36.3963], [-95.38677, 36.39635]], [[-95.41428, 36.42248], [-95.41312, 36.42243], [-95.41213, 36.42195], [-95.41161, 36.42132], [-95.41144, 36.42039], [-95.41184, 36.4195], [-95.4128, 36.41877], [-95.41507, 36.41844], [-95.41534, 36.41591], [-95.41401, 36.4159], [-95.41327, 36.4166], [-95.41219, 36.41695], [-95.41103, 36.41684], [-95.41024, 36.41644], [-95.40951, 36.41528], [-95.40973, 36.41372], [-95.41086, 36.41252], [-95.41263, 36.41206], [-95.41265, 36.4108], [-95.4094, 36.411], [-95.40348, 36.41738], [-95.40301, 36.41895], [-95.40211, 36.42019], [-95.40208, 36.42276], [-95.40378, 36.42352], [-95.40457, 36.42526], [-95.40386, 36.42662], [-95.40207, 36.42717], [-95.40205, 36.43584], [-95.41513, 36.43581], [-95.41511, 36.42277], [-95.41428, 36.42248]], [[-95.39513, 36.42726], [-95.39465, 36.42692], [-95.38636, 36.43583], [-95.39726, 36.43585], [-95.39729, 36.42761], [-95.39513, 36.42726]], [[-95.36629, 36.1659], [-95.36631, 36.16444], [-95.35316, 36.16449], [-95.35317, 36.16514], [-95.36636, 36.16729], [-95.36629, 36.1659]], [[-95.34839, 36.16448], [-95.34774, 36.16448], [-95.34839, 36.16453], [-95.34839, 36.16448]], [[-95.36372, 36.18807], [-95.35659, 36.18806], [-95.35575, 36.1885], [-95.35645, 36.18968], [-95.36634, 36.18968], [-95.3663, 36.18806], [-95.36372, 36.18807]], [[-95.35823, 36.25894], [-95.35733, 36.25937], [-95.35803, 36.26057], [-95.35758, 36.26189], [-95.36135, 36.26189], [-95.36138, 36.25831], [-95.35941, 36.25829], [-95.35823, 36.25894]], [[-95.3609, 36.30938], [-95.3609, 36.30938], [-95.36091, 36.30937], [-95.36089, 36.30937], [-95.3609, 36.30938]], [[-95.35779, 36.31085], [-95.35852, 36.30989], [-95.35962, 36.30937], [-95.35721, 36.30935], [-95.3572, 36.31191], [-95.35766, 36.31191], [-95.35779, 36.31085]], [[-95.35929, 36.31934], [-95.35792, 36.3197], [-95.35623, 36.31972], [-95.35629, 36.32006], [-95.36132, 36.3201], [-95.36135, 36.31837], [-95.35929, 36.31934]], [[-95.36731, 36.40666], [-95.36528, 36.40693], [-95.36508, 36.40698], [-95.36714, 36.40696], [-95.36731, 36.40666]], [[-95.34481, 36.04339], [-95.34399, 36.0443], [-95.34839, 36.04434], [-95.34837, 36.04328], [-95.34481, 36.04339]], [[-95.34834, 36.03921], [-95.34776, 36.03921], [-95.34762, 36.03943], [-95.34834, 36.03941], [-95.34834, 36.03921]], [[-95.36626, 36.44274], [-95.36629, 36.44808], [-95.37163, 36.44451], [-95.37657, 36.43973], [-95.36628, 36.43973], [-95.36626, 36.44274]], [[-95.33526, 36.17106], [-95.33527, 36.17518], [-95.33957, 36.17516], [-95.33944, 36.16878], [-95.33524, 36.16944], [-95.33526, 36.17106]], [[-95.33523, 36.18149], [-95.33527, 36.18149], [-95.33519, 36.18147], [-95.33519, 36.18149], [-95.33523, 36.18149]], [[-95.33566, 36.19555], [-95.3355, 36.19356], [-95.33529, 36.19356], [-95.3353, 36.19689], [-95.33747, 36.19689], [-95.3363, 36.19629], [-95.33566, 36.19555]], [[-95.30809, 36.11152], [-95.30809, 36.11177], [-95.3081, 36.112], [-95.30849, 36.11152], [-95.30809, 36.11152]], [[-95.30998, 36.18157], [-95.31051, 36.1806], [-95.30925, 36.17995], [-95.3087, 36.17889], [-95.30876, 36.17723], [-95.3092, 36.17638], [-95.30255, 36.17773], [-95.30958, 36.18177], [-95.30998, 36.18157]], [[-95.30519, 36.29075], [-95.30518, 36.29088], [-95.30576, 36.29088], [-95.30574, 36.29067], [-95.30519, 36.29075]], [[-95.3125, 36.27984], [-95.31248, 36.27931], [-95.31225, 36.28038], [-95.31247, 36.28038], [-95.3125, 36.27984]], [[-95.31356, 36.27787], [-95.31571, 36.27752], [-95.31721, 36.27798], [-95.31788, 36.27875], [-95.31821, 36.27994], [-95.31972, 36.28037], [-95.32164, 36.28218], [-95.3222, 36.28468], [-95.32355, 36.28498], [-95.32437, 36.28571], [-95.32652, 36.27993], [-95.32583, 36.27925], [-95.32554, 36.27834], [-95.32552, 36.26776], [-95.32332, 36.26712], [-95.32243, 36.26575], [-95.3123, 36.26572], [-95.31227, 36.277], [-95.31285, 36.27846], [-95.31356, 36.27787]], [[-95.31428, 36.26186], [-95.32559, 36.26192], [-95.32558, 36.26014], [-95.32392, 36.26084], [-95.32184, 36.26095], [-95.32023, 36.26052], [-95.31873, 36.25954], [-95.31474, 36.2597], [-95.31387, 36.25944], [-95.31305, 36.25877], [-95.31275, 36.25806], [-95.31287, 36.25711], [-95.31428, 36.25529], [-95.31673, 36.25395], [-95.31832, 36.25376], [-95.31973, 36.25256], [-95.31877, 36.25197], [-95.3183, 36.25129], [-95.31381, 36.25129], [-95.31241, 36.25213], [-95.31231, 36.26186], [-95.31428, 36.26186]], [[-95.31259, 36.24527], [-95.3126, 36.24448], [-95.31237, 36.24448], [-95.31236, 36.24674], [-95.31259, 36.24674], [-95.31259, 36.24527]], [[-95.31247, 36.23664], [-95.31243, 36.24061], [-95.31258, 36.24061], [-95.31256, 36.23664], [-95.31247, 36.23664]], [[-95.32175, 36.24633], [-95.32291, 36.24629], [-95.32401, 36.24674], [-95.32858, 36.24675], [-95.32927, 36.24563], [-95.33059, 36.2451], [-95.33057, 36.24445], [-95.31737, 36.24445], [-95.31736, 36.24673], [-95.32086, 36.24673], [-95.32175, 36.24633]], [[-95.30718, 36.31662], [-95.30744, 36.31648], [-95.30686, 36.31648], [-95.30698, 36.31653], [-95.30718, 36.31662]], [[-95.16389, 36.3909], [-95.16257, 36.39086], [-95.16173, 36.39052], [-95.16101, 36.38979], [-95.1608, 36.38886], [-95.16105, 36.38813], [-95.1618, 36.38742], [-95.16265, 36.38711], [-95.16425, 36.38703], [-95.16421, 36.38183], [-95.15107, 36.38188], [-95.15109, 36.3876], [-95.15177, 36.38924], [-95.15116, 36.39252], [-95.16428, 36.3925], [-95.16427, 36.3909], [-95.16389, 36.3909]], [[-95.16415, 36.37511], [-95.16414, 36.36733], [-95.15758, 36.36733], [-95.15636, 36.367], [-95.15523, 36.36569], [-95.15516, 36.36209], [-95.15302, 36.36165], [-95.1517, 36.36085], [-95.15092, 36.3608], [-95.14495, 36.36399], [-95.13981, 36.36611], [-95.13762, 36.36834], [-95.13712, 36.37379], [-95.13756, 36.37601], [-95.13895, 36.37794], [-95.16415, 36.37797], [-95.16415, 36.37511]], [[-95.16209, 36.35645], [-95.16176, 36.35808], [-95.16047, 36.36018], [-95.15994, 36.36219], [-95.15994, 36.36347], [-95.16411, 36.36347], [-95.16404, 36.35643], [-95.16209, 36.35645]], [[-95.16285, 36.35233], [-95.16236, 36.35187], [-95.16187, 36.35258], [-95.1633, 36.35257], [-95.16285, 36.35233]], [[-95.15294, 36.28345], [-95.15451, 36.28401], [-95.15529, 36.28482], [-95.15556, 36.28575], [-95.15643, 36.28601], [-95.15718, 36.28662], [-95.15797, 36.28976], [-95.16052, 36.29003], [-95.16132, 36.29058], [-95.16179, 36.29141], [-95.18019, 36.29588], [-95.18216, 36.2955], [-95.18216, 36.29488], [-95.18088, 36.2948], [-95.17988, 36.29432], [-95.17918, 36.29296], [-95.17936, 36.29222], [-95.18004, 36.29146], [-95.18086, 36.2911], [-95.18216, 36.29102], [-95.18211, 36.28035], [-95.18011, 36.28035], [-95.17951, 36.28159], [-95.17926, 36.28308], [-95.17828, 36.28441], [-95.17718, 36.28484], [-95.17564, 36.28472], [-95.17462, 36.28407], [-95.1735, 36.28234], [-95.17331, 36.28118], [-95.17355, 36.28027], [-95.17267, 36.27963], [-95.17212, 36.27847], [-95.17116, 36.27765], [-95.17084, 36.27621], [-95.17161, 36.27487], [-95.17333, 36.27436], [-95.17442, 36.2745], [-95.17558, 36.27516], [-95.17745, 36.27525], [-95.17818, 36.27572], [-95.17868, 36.2765], [-95.1821, 36.27648], [-95.18201, 36.26581], [-95.16674, 36.26596], [-95.16301, 36.26576], [-95.16162, 36.2649], [-95.16125, 36.26406], [-95.16124, 36.26255], [-95.15991, 36.26194], [-95.1593, 36.26073], [-95.15953, 36.25981], [-95.16046, 36.25899], [-95.16158, 36.25872], [-95.16339, 36.25879], [-95.16477, 36.2592], [-95.1656, 36.25987], [-95.16599, 36.26198], [-95.17938, 36.26195], [-95.17827, 36.26147], [-95.17763, 36.26087], [-95.17727, 36.25911], [-95.17793, 36.25812], [-95.17915, 36.2576], [-95.18031, 36.25765], [-95.18143, 36.25824], [-95.18208, 36.25826], [-95.18193, 36.25135], [-95.17551, 36.25131], [-95.1756, 36.25291], [-95.17866, 36.25414], [-95.17926, 36.25494], [-95.17932, 36.25588], [-95.17883, 36.25673], [-95.1779, 36.25729], [-95.17675, 36.25744], [-95.17565, 36.25713], [-95.17488, 36.25763], [-95.17374, 36.25784], [-95.17243, 36.25749], [-95.17166, 36.25676], [-95.16792, 36.25669], [-95.16695, 36.25617], [-95.16646, 36.25553], [-95.16634, 36.25459], [-95.16692, 36.25358], [-95.1681, 36.25299], [-95.17083, 36.25289], [-95.17092, 36.25133], [-95.16425, 36.25134], [-95.16408, 36.25719], [-95.16354, 36.25786], [-95.16263, 36.25837], [-95.16053, 36.25848], [-95.15879, 36.25777], [-95.15802, 36.25699], [-95.15778, 36.25626], [-95.15821, 36.25501], [-95.15953, 36.25426], [-95.15947, 36.24962], [-95.15974, 36.24871], [-95.16098, 36.24766], [-95.16296, 36.24747], [-95.16364, 36.24614], [-95.1657, 36.24529], [-95.16687, 36.24535], [-95.16807, 36.24581], [-95.16947, 36.24745], [-95.16989, 36.24745], [-95.17008, 36.24405], [-95.1709, 36.24315], [-95.17221, 36.24277], [-95.17355, 36.24305], [-95.17448, 36.24388], [-95.17467, 36.24743], [-95.18194, 36.24748], [-95.18196, 36.24539], [-95.18127, 36.24193], [-95.18062, 36.24031], [-95.18106, 36.23718], [-95.18062, 36.23557], [-95.1815, 36.23427], [-95.18302, 36.23385], [-95.1847, 36.23442], [-95.18582, 36.23629], [-95.18538, 36.23978], [-95.18595, 36.24113], [-95.18673, 36.2451], [-95.18684, 36.25648], [-95.1889, 36.25654], [-95.19279, 36.25617], [-95.1949, 36.25647], [-95.19577, 36.25686], [-95.19993, 36.25676], [-95.19992, 36.25353], [-95.19878, 36.25254], [-95.19868, 36.2513], [-95.19664, 36.25127], [-95.19558, 36.2509], [-95.19477, 36.24999], [-95.19479, 36.24869], [-95.19563, 36.24779], [-95.19671, 36.24745], [-95.2058, 36.24744], [-95.20582, 36.24221], [-95.20646, 36.24121], [-95.20745, 36.24072], [-95.20906, 36.24078], [-95.21036, 36.24181], [-95.21058, 36.24745], [-95.22437, 36.24744], [-95.22445, 36.24139], [-95.22255, 36.23517], [-95.22289, 36.2315], [-95.22281, 36.22212], [-95.21055, 36.22211], [-95.21058, 36.23037], [-95.20981, 36.23151], [-95.20832, 36.232], [-95.20661, 36.23149], [-95.20573, 36.23011], [-95.20578, 36.22211], [-95.19275, 36.22207], [-95.19267, 36.2271], [-95.19201, 36.22846], [-95.19044, 36.22929], [-95.1886, 36.22942], [-95.18742, 36.2308], [-95.18625, 36.23128], [-95.18501, 36.23143], [-95.18183, 36.23124], [-95.18068, 36.23056], [-95.17883, 36.22995], [-95.17766, 36.22914], [-95.17638, 36.22955], [-95.1688, 36.22988], [-95.16726, 36.23041], [-95.16532, 36.23031], [-95.16452, 36.22989], [-95.16328, 36.22861], [-95.16288, 36.22718], [-95.16189, 36.22677], [-95.16124, 36.22604], [-95.16096, 36.22527], [-95.16095, 36.22177], [-95.15669, 36.22178], [-95.15573, 36.22511], [-95.15776, 36.22539], [-95.15844, 36.2259], [-95.15885, 36.22669], [-95.16036, 36.22739], [-95.16128, 36.22911], [-95.16106, 36.23071], [-95.15946, 36.23185], [-95.15776, 36.23208], [-95.15717, 36.23292], [-95.15618, 36.23352], [-95.15441, 36.23394], [-95.15157, 36.2351], [-95.14981, 36.23488], [-95.14901, 36.23423], [-95.14865, 36.23329], [-95.14772, 36.23334], [-95.14567, 36.23593], [-95.14677, 36.23624], [-95.14763, 36.23708], [-95.14782, 36.23798], [-95.1475, 36.23908], [-95.14686, 36.23984], [-95.14606, 36.24022], [-95.14354, 36.2403], [-95.14233, 36.2432], [-95.13896, 36.24861], [-95.13818, 36.25189], [-95.13818, 36.25234], [-95.13914, 36.25233], [-95.14019, 36.25272], [-95.14104, 36.25383], [-95.14023, 36.25696], [-95.14039, 36.25843], [-95.13972, 36.25932], [-95.13844, 36.25989], [-95.13845, 36.26024], [-95.13916, 36.26345], [-95.14166, 36.26922], [-95.14287, 36.27105], [-95.14546, 36.27374], [-95.14669, 36.27561], [-95.14916, 36.28345], [-95.15294, 36.28345]], [[-95.14306, 36.23197], [-95.14593, 36.22902], [-95.14967, 36.22599], [-95.15138, 36.22352], [-95.15194, 36.22146], [-95.15203, 36.21604], [-95.15237, 36.21374], [-95.15492, 36.20726], [-95.14786, 36.20723], [-95.14779, 36.20916], [-95.14709, 36.21023], [-95.14587, 36.2108], [-95.14326, 36.21089], [-95.14173, 36.21048], [-95.14094, 36.20956], [-95.1409, 36.20844], [-95.14173, 36.20744], [-95.14163, 36.2072], [-95.12098, 36.20714], [-95.12098, 36.22403], [-95.12138, 36.22524], [-95.12102, 36.22613], [-95.12018, 36.22678], [-95.1193, 36.22702], [-95.11813, 36.22696], [-95.11655, 36.22596], [-95.11621, 36.22511], [-95.11622, 36.22164], [-95.10306, 36.2216], [-95.10307, 36.22499], [-95.10897, 36.22519], [-95.11015, 36.22607], [-95.11037, 36.22736], [-95.10987, 36.22821], [-95.10893, 36.22876], [-95.10311, 36.22885], [-95.10277, 36.22969], [-95.10214, 36.23024], [-95.10037, 36.23059], [-95.09896, 36.22997], [-95.09834, 36.22892], [-95.09829, 36.22158], [-95.08857, 36.22155], [-95.0852, 36.22313], [-95.08524, 36.23004], [-95.08639, 36.23085], [-95.08667, 36.23217], [-95.09, 36.23238], [-95.09086, 36.233], [-95.09128, 36.23407], [-95.09089, 36.23515], [-95.08983, 36.23587], [-95.08525, 36.23604], [-95.08527, 36.24595], [-95.08815, 36.24618], [-95.08952, 36.24669], [-95.09075, 36.24791], [-95.09092, 36.2492], [-95.09022, 36.25017], [-95.08874, 36.25068], [-95.0876, 36.2505], [-95.08671, 36.24992], [-95.08367, 36.24969], [-95.08213, 36.24928], [-95.08107, 36.24855], [-95.08057, 36.2476], [-95.08049, 36.24415], [-95.0764, 36.24414], [-95.07637, 36.25589], [-95.08071, 36.25738], [-95.08318, 36.25725], [-95.08586, 36.25784], [-95.09021, 36.25773], [-95.09358, 36.25647], [-95.09548, 36.25516], [-95.09772, 36.25506], [-95.09877, 36.25539], [-95.10002, 36.25637], [-95.1017, 36.25719], [-95.10337, 36.2587], [-95.10637, 36.25818], [-95.10531, 36.25736], [-95.10504, 36.25626], [-95.10557, 36.25522], [-95.10695, 36.25455], [-95.11051, 36.25499], [-95.11399, 36.25642], [-95.12005, 36.25676], [-95.12471, 36.25737], [-95.12517, 36.25734], [-95.1262, 36.25652], [-95.12959, 36.25481], [-95.13348, 36.25464], [-95.13347, 36.25103], [-95.1342, 36.24794], [-95.13525, 36.24578], [-95.13803, 36.24151], [-95.13586, 36.24084], [-95.13501, 36.24022], [-95.13428, 36.23891], [-95.13005, 36.23374], [-95.12886, 36.23034], [-95.12803, 36.22967], [-95.12673, 36.22774], [-95.12677, 36.22626], [-95.12748, 36.22551], [-95.12831, 36.22517], [-95.12947, 36.22515], [-95.13032, 36.22545], [-95.13141, 36.22624], [-95.13205, 36.22747], [-95.13329, 36.22856], [-95.13393, 36.23102], [-95.13551, 36.23143], [-95.13711, 36.23225], [-95.14276, 36.23233], [-95.14306, 36.23197]], [[-95.15154, 36.20314], [-95.15038, 36.20263], [-95.14596, 36.20267], [-95.14408, 36.20206], [-95.14122, 36.20256], [-95.14149, 36.20333], [-95.14459, 36.20337], [-95.1456, 36.20367], [-95.14685, 36.20336], [-95.152, 36.20339], [-95.15154, 36.20314]], [[-95.14688, 36.19656], [-95.15266, 36.19619], [-95.1539, 36.19651], [-95.15667, 36.19791], [-95.15667, 36.19339], [-95.15585, 36.19414], [-95.15452, 36.19446], [-95.15301, 36.19401], [-95.15217, 36.19272], [-95.13886, 36.19264], [-95.13886, 36.19487], [-95.13988, 36.19476], [-95.14077, 36.19498], [-95.14149, 36.19546], [-95.14199, 36.19631], [-95.14185, 36.19743], [-95.14058, 36.19872], [-95.14186, 36.19863], [-95.1429, 36.19743], [-95.14405, 36.19678], [-95.14688, 36.19656]], [[-95.14732, 36.1826], [-95.14735, 36.17802], [-95.14824, 36.17665], [-95.14978, 36.17609], [-95.15653, 36.17622], [-95.1568, 36.17493], [-95.15596, 36.17451], [-95.1364, 36.17462], [-95.13415, 36.17599], [-95.13001, 36.17738], [-95.12952, 36.17847], [-95.12835, 36.17947], [-95.11835, 36.18472], [-95.11345, 36.18884], [-95.10882, 36.19133], [-95.10752, 36.19258], [-95.10754, 36.19567], [-95.10853, 36.19672], [-95.11058, 36.19745], [-95.11204, 36.199], [-95.11259, 36.19897], [-95.11344, 36.19811], [-95.11063, 36.19581], [-95.1093, 36.19381], [-95.10942, 36.19242], [-95.11075, 36.19127], [-95.11245, 36.1911], [-95.11372, 36.1906], [-95.11575, 36.19067], [-95.11723, 36.19146], [-95.11775, 36.19277], [-95.11907, 36.19267], [-95.1201, 36.19305], [-95.11902, 36.19061], [-95.11948, 36.18955], [-95.12037, 36.18895], [-95.12167, 36.18868], [-95.12656, 36.18873], [-95.12797, 36.18744], [-95.12988, 36.18623], [-95.13156, 36.18551], [-95.13402, 36.18488], [-95.14398, 36.18468], [-95.14743, 36.18506], [-95.14732, 36.1826]], [[-95.14102, 36.17068], [-95.1544, 36.17064], [-95.15475, 36.16977], [-95.15565, 36.1691], [-95.15562, 36.16466], [-95.15451, 36.16515], [-95.15335, 36.16516], [-95.15232, 36.16474], [-95.15166, 36.16395], [-95.1499, 36.16362], [-95.14715, 36.16517], [-95.14513, 36.16553], [-95.14366, 36.16515], [-95.1415, 36.16373], [-95.14081, 36.16386], [-95.1388, 36.16479], [-95.13876, 36.16688], [-95.13827, 36.16807], [-95.13829, 36.16935], [-95.13786, 36.17013], [-95.1386, 36.17079], [-95.14102, 36.17068]], [[-95.14613, 36.15883], [-95.14631, 36.15868], [-95.14568, 36.15812], [-95.14391, 36.15886], [-95.14275, 36.15998], [-95.14424, 36.16045], [-95.14613, 36.15883]], [[-95.1602, 36.14182], [-95.1634, 36.1393], [-95.16232, 36.13897], [-95.16158, 36.13829], [-95.16046, 36.13903], [-95.15754, 36.13955], [-95.15645, 36.13922], [-95.15564, 36.13842], [-95.15373, 36.13811], [-95.15706, 36.14084], [-95.15875, 36.14284], [-95.1602, 36.14182]], [[-95.14454, 36.12885], [-95.14644, 36.1291], [-95.14745, 36.1299], [-95.14777, 36.13074], [-95.14887, 36.13083], [-95.1516, 36.13186], [-95.15322, 36.13327], [-95.15524, 36.13443], [-95.15746, 36.13467], [-95.15868, 36.13543], [-95.16032, 36.13539], [-95.16169, 36.13632], [-95.1626, 36.13566], [-95.1649, 36.13507], [-95.16622, 36.13542], [-95.16706, 36.13628], [-95.17025, 36.13391], [-95.17252, 36.13282], [-95.17118, 36.13229], [-95.17051, 36.1313], [-95.17063, 36.13019], [-95.17169, 36.12921], [-95.17352, 36.12895], [-95.17702, 36.12949], [-95.17802, 36.13004], [-95.17873, 36.12947], [-95.18178, 36.12564], [-95.1845, 36.12436], [-95.18929, 36.11665], [-95.18852, 36.11128], [-95.18604, 36.11083], [-95.18525, 36.11018], [-95.18484, 36.10936], [-95.18233, 36.11019], [-95.17889, 36.10961], [-95.17765, 36.10883], [-95.17713, 36.10775], [-95.17771, 36.10613], [-95.17906, 36.10526], [-95.18066, 36.10518], [-95.18199, 36.10597], [-95.18425, 36.10552], [-95.18456, 36.10425], [-95.18762, 36.0983], [-95.18756, 36.09666], [-95.18863, 36.09441], [-95.18861, 36.09375], [-95.18758, 36.09199], [-95.18737, 36.09108], [-95.18153, 36.09105], [-95.18031, 36.09078], [-95.1792, 36.09003], [-95.17613, 36.09046], [-95.17403, 36.08984], [-95.17221, 36.08972], [-95.17102, 36.09054], [-95.16996, 36.09091], [-95.16664, 36.09103], [-95.16364, 36.09033], [-95.15814, 36.0897], [-95.15557, 36.0909], [-95.14789, 36.09099], [-95.14786, 36.0914], [-95.1487, 36.09257], [-95.14867, 36.09369], [-95.14788, 36.09461], [-95.14636, 36.09503], [-95.14504, 36.09468], [-95.14338, 36.09339], [-95.14304, 36.09249], [-95.14312, 36.09102], [-95.13867, 36.09102], [-95.1387, 36.09442], [-95.1432, 36.0944], [-95.14441, 36.09465], [-95.14566, 36.09546], [-95.14602, 36.09655], [-95.14557, 36.09761], [-95.14425, 36.09835], [-95.13871, 36.09829], [-95.13872, 36.10189], [-95.14466, 36.10203], [-95.14594, 36.10282], [-95.14632, 36.1039], [-95.14576, 36.10512], [-95.14461, 36.10573], [-95.13871, 36.10575], [-95.13872, 36.11615], [-95.15171, 36.11611], [-95.15187, 36.11542], [-95.1505, 36.11503], [-95.14955, 36.11404], [-95.14937, 36.113], [-95.1498, 36.11213], [-95.15135, 36.11135], [-95.15376, 36.11155], [-95.15413, 36.11061], [-95.15495, 36.10969], [-95.15599, 36.10928], [-95.15715, 36.10933], [-95.15856, 36.11027], [-95.15881, 36.11147], [-95.1596, 36.11244], [-95.15974, 36.11356], [-95.16153, 36.11466], [-95.16227, 36.11626], [-95.16429, 36.11645], [-95.16545, 36.11713], [-95.1672, 36.11947], [-95.16733, 36.12103], [-95.16863, 36.12179], [-95.16928, 36.12299], [-95.16918, 36.12445], [-95.16846, 36.1254], [-95.16721, 36.12588], [-95.16587, 36.12571], [-95.16528, 36.12763], [-95.16581, 36.12899], [-95.16541, 36.13006], [-95.16434, 36.13077], [-95.1632, 36.13091], [-95.1616, 36.13025], [-95.16056, 36.1303], [-95.15969, 36.13003], [-95.15865, 36.12886], [-95.1575, 36.12859], [-95.15656, 36.12777], [-95.15633, 36.12704], [-95.15635, 36.11997], [-95.13872, 36.12002], [-95.13876, 36.1253], [-95.14018, 36.12586], [-95.14086, 36.12704], [-95.14058, 36.12814], [-95.13967, 36.1289], [-95.14454, 36.12885]], [[-95.26231, 36.45436], [-95.25859, 36.45437], [-95.2586, 36.46424], [-95.26193, 36.45535], [-95.26231, 36.45436]], [[-95.26655, 36.44315], [-95.26733, 36.44147], [-95.26524, 36.44133], [-95.26369, 36.44067], [-95.26295, 36.43985], [-95.25862, 36.43986], [-95.2586, 36.45051], [-95.26376, 36.45048], [-95.26655, 36.44315]], [[-95.24942, 36.43986], [-95.24058, 36.43985], [-95.2406, 36.45054], [-95.25381, 36.45052], [-95.25384, 36.43987], [-95.24942, 36.43986]], [[-95.25376, 36.43354], [-95.25378, 36.41084], [-95.18707, 36.41094], [-95.18713, 36.43067], [-95.18897, 36.43088], [-95.19053, 36.43189], [-95.1919, 36.43371], [-95.19219, 36.43591], [-95.19891, 36.43594], [-95.20036, 36.43636], [-95.20909, 36.43597], [-95.25378, 36.436], [-95.25376, 36.43354]], [[-95.25898, 36.43461], [-95.26078, 36.43376], [-95.26157, 36.43301], [-95.26275, 36.43257], [-95.25854, 36.43261], [-95.25856, 36.43487], [-95.25898, 36.43461]], [[-95.26098, 36.42872], [-95.26561, 36.42881], [-95.26685, 36.42948], [-95.26748, 36.43056], [-95.26849, 36.43025], [-95.26942, 36.43029], [-95.27044, 36.43074], [-95.27102, 36.43141], [-95.27333, 36.42521], [-95.27227, 36.42461], [-95.27174, 36.42357], [-95.27174, 36.41082], [-95.25856, 36.41084], [-95.25855, 36.42874], [-95.26098, 36.42872]], [[-95.25377, 36.40697], [-95.25369, 36.39636], [-95.22268, 36.39632], [-95.22264, 36.40697], [-95.25377, 36.40697]], [[-95.27172, 36.40695], [-95.27168, 36.39634], [-95.25847, 36.39635], [-95.25855, 36.40697], [-95.27172, 36.40695]], [[-95.27165, 36.38521], [-95.27165, 36.38182], [-95.25852, 36.38183], [-95.25848, 36.39248], [-95.27168, 36.39248], [-95.27165, 36.38521]], [[-95.24598, 36.39249], [-95.2523, 36.39249], [-95.25155, 36.39172], [-95.25136, 36.39079], [-95.25203, 36.38961], [-95.2537, 36.38902], [-95.25374, 36.38183], [-95.24057, 36.38184], [-95.24058, 36.39248], [-95.24598, 36.39249]], [[-95.25373, 36.37506], [-95.25372, 36.36738], [-95.24059, 36.36737], [-95.24059, 36.37797], [-95.25374, 36.37796], [-95.25373, 36.37506]], [[-95.25234, 36.36352], [-95.25372, 36.36352], [-95.25374, 36.35286], [-95.24061, 36.35282], [-95.24059, 36.3635], [-95.25234, 36.36352]], [[-95.24855, 36.34901], [-95.25375, 36.34899], [-95.25375, 36.33834], [-95.24027, 36.33833], [-95.24055, 36.33923], [-95.24058, 36.34895], [-95.24855, 36.34901]], [[-95.25101, 36.33101], [-95.24991, 36.3307], [-95.24925, 36.33017], [-95.24886, 36.32929], [-95.24894, 36.32853], [-95.24954, 36.32773], [-95.25053, 36.32724], [-95.25374, 36.32715], [-95.25374, 36.32376], [-95.23214, 36.32383], [-95.22981, 36.32513], [-95.22262, 36.32606], [-95.22263, 36.33449], [-95.22776, 36.3345], [-95.22692, 36.33389], [-95.22651, 36.33289], [-95.22506, 36.33213], [-95.22442, 36.33083], [-95.22453, 36.33004], [-95.22503, 36.32936], [-95.22687, 36.32856], [-95.22982, 36.32862], [-95.23122, 36.32941], [-95.23166, 36.33025], [-95.23172, 36.33131], [-95.23268, 36.33254], [-95.23275, 36.33452], [-95.2358, 36.33449], [-95.23603, 36.33188], [-95.23682, 36.33116], [-95.23815, 36.33083], [-95.23994, 36.33097], [-95.24113, 36.33184], [-95.24137, 36.33313], [-95.24058, 36.33446], [-95.25374, 36.33447], [-95.25374, 36.33101], [-95.25101, 36.33101]], [[-95.25374, 36.31376], [-95.25374, 36.30926], [-95.24059, 36.3093], [-95.2406, 36.31994], [-95.25375, 36.31989], [-95.25374, 36.31376]], [[-95.25373, 36.30221], [-95.22265, 36.30216], [-95.22265, 36.30545], [-95.25373, 36.30539], [-95.25373, 36.30221]], [[-95.25034, 36.29748], [-95.25011, 36.29475], [-95.22266, 36.2948], [-95.22266, 36.2981], [-95.2508, 36.29807], [-95.25034, 36.29748]], [[-95.25379, 36.28816], [-95.25377, 36.27767], [-95.25217, 36.27702], [-95.25158, 36.27581], [-95.25221, 36.27433], [-95.25375, 36.27342], [-95.25373, 36.2658], [-95.24062, 36.26582], [-95.24051, 36.27172], [-95.23978, 36.27267], [-95.23829, 36.27315], [-95.23676, 36.27275], [-95.23588, 36.27166], [-95.23585, 36.26584], [-95.22265, 36.26581], [-95.22263, 36.28931], [-95.22396, 36.28866], [-95.22534, 36.28875], [-95.22642, 36.28945], [-95.22704, 36.29093], [-95.25374, 36.2909], [-95.25379, 36.28816]], [[-95.24918, 36.26195], [-95.25374, 36.26193], [-95.25374, 36.25129], [-95.24951, 36.25129], [-95.24907, 36.25732], [-95.24862, 36.25809], [-95.24714, 36.2594], [-95.24342, 36.26047], [-95.24057, 36.26043], [-95.2406, 36.26196], [-95.24918, 36.26195]], [[-95.24155, 36.24403], [-95.24207, 36.24292], [-95.24323, 36.24176], [-95.24328, 36.23752], [-95.2441, 36.23447], [-95.2453, 36.23313], [-95.24715, 36.23262], [-95.24421, 36.23072], [-95.24323, 36.22845], [-95.24343, 36.22723], [-95.24469, 36.22444], [-95.24596, 36.22368], [-95.24753, 36.22364], [-95.24728, 36.22223], [-95.24585, 36.2208], [-95.24592, 36.2195], [-95.24673, 36.21866], [-95.24788, 36.21831], [-95.25222, 36.21803], [-95.25742, 36.21846], [-95.25879, 36.21828], [-95.25868, 36.21004], [-95.25953, 36.20873], [-95.26128, 36.20829], [-95.26274, 36.20884], [-95.2634, 36.20983], [-95.26346, 36.21214], [-95.27711, 36.21212], [-95.27908, 36.21166], [-95.28063, 36.21214], [-95.28489, 36.21219], [-95.2856, 36.21167], [-95.28565, 36.20267], [-95.28468, 36.19973], [-95.28434, 36.19731], [-95.28373, 36.19592], [-95.27946, 36.18964], [-95.2716, 36.1895], [-95.26947, 36.19069], [-95.26916, 36.19332], [-95.26974, 36.19602], [-95.26975, 36.198], [-95.26906, 36.19948], [-95.26768, 36.20024], [-95.26537, 36.20035], [-95.26321, 36.20479], [-95.26226, 36.20562], [-95.26115, 36.20588], [-95.26001, 36.20568], [-95.25913, 36.20507], [-95.25874, 36.20439], [-95.25884, 36.19796], [-95.25961, 36.19713], [-95.26059, 36.19665], [-95.26498, 36.1965], [-95.26439, 36.19358], [-95.26437, 36.19174], [-95.2648, 36.18967], [-95.26591, 36.18807], [-95.26865, 36.18644], [-95.26848, 36.18548], [-95.26903, 36.18445], [-95.27159, 36.18217], [-95.27271, 36.18175], [-95.27403, 36.18172], [-95.27503, 36.18206], [-95.27621, 36.18295], [-95.27674, 36.18406], [-95.27669, 36.1856], [-95.27713, 36.1856], [-95.27692, 36.18033], [-95.27509, 36.1798], [-95.2741, 36.17883], [-95.26361, 36.17896], [-95.26058, 36.17933], [-95.25856, 36.18001], [-95.25339, 36.18318], [-95.24925, 36.18535], [-95.2496, 36.18856], [-95.2493, 36.18977], [-95.24833, 36.19096], [-95.24704, 36.19139], [-95.24574, 36.19226], [-95.24459, 36.19234], [-95.24334, 36.19186], [-95.24263, 36.1909], [-95.24268, 36.18984], [-95.24108, 36.18996], [-95.23919, 36.18961], [-95.23971, 36.19043], [-95.23995, 36.1918], [-95.24143, 36.19177], [-95.24247, 36.19218], [-95.24446, 36.19477], [-95.24447, 36.19597], [-95.24406, 36.19701], [-95.24457, 36.19798], [-95.24447, 36.19891], [-95.24165, 36.20143], [-95.24057, 36.20166], [-95.23945, 36.20147], [-95.23848, 36.20092], [-95.238, 36.20017], [-95.23656, 36.19975], [-95.23551, 36.20013], [-95.23197, 36.20029], [-95.23054, 36.19984], [-95.22922, 36.19876], [-95.22765, 36.19925], [-95.22762, 36.20368], [-95.22925, 36.20423], [-95.22997, 36.20559], [-95.22929, 36.20696], [-95.22764, 36.20754], [-95.22758, 36.21822], [-95.24315, 36.21841], [-95.24475, 36.21912], [-95.24527, 36.22036], [-95.24454, 36.22172], [-95.24308, 36.22225], [-95.22758, 36.22209], [-95.22766, 36.23153], [-95.22732, 36.23493], [-95.22919, 36.24094], [-95.22917, 36.24734], [-95.24143, 36.24748], [-95.24155, 36.24403]], [[-95.22743, 36.2513], [-95.22265, 36.2513], [-95.22265, 36.26195], [-95.23583, 36.26197], [-95.23582, 36.25903], [-95.23633, 36.25801], [-95.23712, 36.25725], [-95.23891, 36.25663], [-95.24244, 36.25663], [-95.24453, 36.25603], [-95.24474, 36.25133], [-95.22743, 36.2513]], [[-95.2116, 36.25131], [-95.2047, 36.2513], [-95.20487, 36.25987], [-95.20545, 36.26196], [-95.21788, 36.26194], [-95.21788, 36.25131], [-95.2116, 36.25131]], [[-95.22278, 36.21586], [-95.22287, 36.20753], [-95.21963, 36.20755], [-95.21886, 36.20813], [-95.21775, 36.20839], [-95.21661, 36.20819], [-95.21571, 36.20757], [-95.21047, 36.20755], [-95.21048, 36.21416], [-95.212, 36.21476], [-95.21302, 36.21649], [-95.21281, 36.21742], [-95.2119, 36.21825], [-95.21778, 36.21827], [-95.21867, 36.21761], [-95.2198, 36.2174], [-95.22092, 36.21763], [-95.22177, 36.21827], [-95.22281, 36.21826], [-95.22278, 36.21586]], [[-95.19702, 36.20748], [-95.19258, 36.20742], [-95.19256, 36.21538], [-95.19345, 36.21578], [-95.1941, 36.21656], [-95.19422, 36.21749], [-95.19391, 36.21821], [-95.19754, 36.21823], [-95.1984, 36.21736], [-95.20009, 36.21677], [-95.20191, 36.21706], [-95.20371, 36.21691], [-95.20374, 36.21579], [-95.20454, 36.21486], [-95.2025, 36.21481], [-95.20141, 36.21449], [-95.20063, 36.21379], [-95.20036, 36.21269], [-95.20063, 36.21197], [-95.20133, 36.21132], [-95.20167, 36.2102], [-95.20249, 36.20953], [-95.20429, 36.20931], [-95.2057, 36.2101], [-95.2057, 36.20754], [-95.19702, 36.20748]], [[-95.20571, 36.20345], [-95.20571, 36.20019], [-95.20451, 36.20014], [-95.20347, 36.19974], [-95.20288, 36.19915], [-95.20261, 36.19823], [-95.2028, 36.1975], [-95.2035, 36.19675], [-95.20455, 36.19635], [-95.20573, 36.19632], [-95.20577, 36.19197], [-95.20431, 36.19267], [-95.20286, 36.19295], [-95.19253, 36.19293], [-95.19258, 36.20353], [-95.20571, 36.20367], [-95.20571, 36.20345]], [[-95.21719, 36.2037], [-95.22285, 36.20367], [-95.22289, 36.19851], [-95.21897, 36.19847], [-95.21821, 36.19963], [-95.21667, 36.20025], [-95.21048, 36.20025], [-95.21048, 36.20368], [-95.21719, 36.2037]], [[-95.21326, 36.19612], [-95.21414, 36.1955], [-95.21704, 36.19462], [-95.22291, 36.19464], [-95.22291, 36.19299], [-95.21085, 36.19299], [-95.21118, 36.19453], [-95.2105, 36.19572], [-95.2105, 36.19639], [-95.21305, 36.19641], [-95.21326, 36.19612]], [[-95.21173, 36.18913], [-95.22292, 36.18912], [-95.22291, 36.18318], [-95.21053, 36.18499], [-95.21057, 36.18913], [-95.21173, 36.18913]], [[-95.21121, 36.17926], [-95.21232, 36.17982], [-95.21295, 36.18054], [-95.22293, 36.17906], [-95.22289, 36.17472], [-95.22137, 36.17462], [-95.22053, 36.1743], [-95.21979, 36.17358], [-95.21956, 36.17266], [-95.2199, 36.17176], [-95.22072, 36.17109], [-95.22292, 36.17085], [-95.22293, 36.15294], [-95.21024, 36.15279], [-95.20914, 36.15401], [-95.20686, 36.15441], [-95.20453, 36.15614], [-95.20341, 36.15642], [-95.2016, 36.15642], [-95.20149, 36.1579], [-95.20026, 36.15899], [-95.19889, 36.15914], [-95.19764, 36.15866], [-95.19694, 36.15769], [-95.19683, 36.15639], [-95.19474, 36.15639], [-95.19435, 36.15778], [-95.19263, 36.15925], [-95.19263, 36.15995], [-95.19443, 36.16001], [-95.19564, 36.16055], [-95.19622, 36.16136], [-95.1963, 36.16211], [-95.1959, 36.16299], [-95.19503, 36.16361], [-95.19258, 36.16382], [-95.19258, 36.17241], [-95.19229, 36.17332], [-95.1913, 36.17411], [-95.19017, 36.17433], [-95.18905, 36.1741], [-95.18812, 36.17335], [-95.18811, 36.18219], [-95.20094, 36.18206], [-95.20571, 36.18161], [-95.20569, 36.17325], [-95.2064, 36.17208], [-95.20763, 36.17157], [-95.20921, 36.17178], [-95.21027, 36.17276], [-95.21046, 36.17915], [-95.21121, 36.17926]], [[-95.20549, 36.14931], [-95.19696, 36.14917], [-95.19692, 36.15253], [-95.20244, 36.15256], [-95.20429, 36.15106], [-95.2055, 36.15061], [-95.20549, 36.14931]], [[-95.20564, 36.14017], [-95.20633, 36.13885], [-95.20791, 36.13817], [-95.21307, 36.13801], [-95.21414, 36.13838], [-95.21486, 36.13911], [-95.21499, 36.14041], [-95.21408, 36.14148], [-95.21301, 36.14183], [-95.21037, 36.14191], [-95.21028, 36.14892], [-95.2252, 36.14908], [-95.2255, 36.1488], [-95.22406, 36.14795], [-95.22298, 36.14616], [-95.22296, 36.14105], [-95.22379, 36.13921], [-95.22456, 36.13827], [-95.22865, 36.13608], [-95.22846, 36.13424], [-95.22877, 36.13279], [-95.22943, 36.13175], [-95.23076, 36.13079], [-95.22895, 36.13046], [-95.22776, 36.12981], [-95.22712, 36.12884], [-95.22706, 36.12751], [-95.21339, 36.12751], [-95.21041, 36.12839], [-95.21031, 36.13045], [-95.20944, 36.13176], [-95.20728, 36.13268], [-95.20551, 36.13433], [-95.20286, 36.1347], [-95.20281, 36.13558], [-95.20208, 36.13672], [-95.20131, 36.13715], [-95.20024, 36.13731], [-95.19892, 36.13818], [-95.19705, 36.14054], [-95.19504, 36.14186], [-95.19291, 36.14231], [-95.1899, 36.14166], [-95.18897, 36.14105], [-95.18788, 36.13946], [-95.185, 36.14471], [-95.18375, 36.14605], [-95.18215, 36.1472], [-95.18119, 36.14882], [-95.17919, 36.15056], [-95.17533, 36.15237], [-95.17464, 36.15382], [-95.17468, 36.15984], [-95.18786, 36.15991], [-95.18799, 36.15774], [-95.18854, 36.15698], [-95.18996, 36.15598], [-95.1902, 36.15369], [-95.19093, 36.15295], [-95.19215, 36.15254], [-95.19222, 36.14703], [-95.19273, 36.14599], [-95.19346, 36.14549], [-95.19455, 36.14526], [-95.20558, 36.14543], [-95.20564, 36.14017]], [[-95.20566, 36.12763], [-95.20625, 36.12619], [-95.20742, 36.12519], [-95.21192, 36.12383], [-95.22217, 36.12357], [-95.2221, 36.12121], [-95.22276, 36.12008], [-95.21985, 36.11653], [-95.2192, 36.11458], [-95.21941, 36.11218], [-95.22069, 36.10993], [-95.22043, 36.10667], [-95.22161, 36.10482], [-95.22552, 36.10308], [-95.22632, 36.10214], [-95.22256, 36.09835], [-95.22204, 36.09682], [-95.22217, 36.09523], [-95.22025, 36.09575], [-95.21752, 36.09705], [-95.21426, 36.09821], [-95.20811, 36.0983], [-95.20577, 36.1004], [-95.20328, 36.10151], [-95.19937, 36.10414], [-95.19896, 36.10463], [-95.1993, 36.10603], [-95.19884, 36.10724], [-95.19782, 36.10811], [-95.19617, 36.10846], [-95.19486, 36.11077], [-95.1936, 36.11199], [-95.1941, 36.11621], [-95.19395, 36.11752], [-95.18958, 36.12495], [-95.19281, 36.12484], [-95.19489, 36.12541], [-95.19589, 36.12613], [-95.19628, 36.12701], [-95.19601, 36.12812], [-95.1946, 36.12905], [-95.19273, 36.12895], [-95.19335, 36.1299], [-95.19474, 36.12989], [-95.19979, 36.1307], [-95.20306, 36.13083], [-95.20433, 36.12961], [-95.20562, 36.12906], [-95.20566, 36.12763]], [[-95.2144, 36.09399], [-95.21822, 36.09225], [-95.22248, 36.09119], [-95.22778, 36.08915], [-95.23223, 36.08528], [-95.23255, 36.08413], [-95.23247, 36.08145], [-95.23318, 36.08029], [-95.23415, 36.07946], [-95.23126, 36.07983], [-95.23005, 36.07964], [-95.22853, 36.08019], [-95.21912, 36.08015], [-95.2179, 36.07964], [-95.21729, 36.07884], [-95.21726, 36.07772], [-95.21802, 36.07677], [-95.21952, 36.07632], [-95.22746, 36.07632], [-95.22875, 36.07521], [-95.22983, 36.07487], [-95.2328, 36.07491], [-95.23429, 36.07554], [-95.23612, 36.07541], [-95.23588, 36.07421], [-95.23686, 36.07287], [-95.23668, 36.07173], [-95.23689, 36.07072], [-95.23777, 36.06985], [-95.23939, 36.06926], [-95.24124, 36.06933], [-95.24243, 36.07001], [-95.24293, 36.07134], [-95.24235, 36.07256], [-95.24245, 36.07282], [-95.24293, 36.07282], [-95.24353, 36.07138], [-95.24533, 36.07058], [-95.24549, 36.06945], [-95.24618, 36.06848], [-95.24827, 36.06666], [-95.25005, 36.06596], [-95.25027, 36.06494], [-95.25098, 36.06401], [-95.25026, 36.06224], [-95.25036, 36.05859], [-95.25092, 36.05756], [-95.25186, 36.05702], [-95.25368, 36.05706], [-95.25485, 36.05795], [-95.25522, 36.05966], [-95.25508, 36.06144], [-95.25536, 36.06235], [-95.25617, 36.06303], [-95.25657, 36.0639], [-95.256, 36.06543], [-95.25688, 36.06458], [-95.25726, 36.06383], [-95.25742, 36.05927], [-95.25855, 36.05696], [-95.25862, 36.04887], [-95.25899, 36.0478], [-95.23839, 36.04767], [-95.23757, 36.04896], [-95.23652, 36.04973], [-95.23647, 36.05253], [-95.23472, 36.05481], [-95.23258, 36.0561], [-95.23132, 36.05642], [-95.22889, 36.05602], [-95.22765, 36.05506], [-95.22759, 36.06041], [-95.22696, 36.06142], [-95.22584, 36.06201], [-95.21393, 36.06214], [-95.21193, 36.06257], [-95.20928, 36.0622], [-95.20485, 36.06213], [-95.20362, 36.06223], [-95.20177, 36.06283], [-95.20071, 36.06267], [-95.19982, 36.06216], [-95.19724, 36.0621], [-95.19693, 36.0643], [-95.19742, 36.06565], [-95.19745, 36.06693], [-95.19672, 36.06837], [-95.19656, 36.07055], [-95.19571, 36.07194], [-95.19428, 36.07274], [-95.1953, 36.0729], [-95.19622, 36.07348], [-95.19669, 36.07434], [-95.19661, 36.07527], [-95.19599, 36.07607], [-95.19521, 36.07647], [-95.19233, 36.07657], [-95.19236, 36.08721], [-95.2024, 36.08739], [-95.20411, 36.08843], [-95.20508, 36.09077], [-95.20818, 36.09081], [-95.20965, 36.09149], [-95.21032, 36.09254], [-95.21036, 36.09445], [-95.21307, 36.09446], [-95.2144, 36.09399]], [[-95.20559, 36.05428], [-95.2056, 36.04763], [-95.19896, 36.04771], [-95.19928, 36.04967], [-95.19922, 36.05473], [-95.19865, 36.0583], [-95.20219, 36.0585], [-95.20558, 36.05827], [-95.20559, 36.05428]], [[-95.25584, 36.06558], [-95.25571, 36.06568], [-95.25573, 36.06568], [-95.25584, 36.06558]], [[-95.28792, 36.19071], [-95.28845, 36.19048], [-95.28835, 36.18958], [-95.28678, 36.18925], [-95.28463, 36.18923], [-95.28569, 36.1908], [-95.28792, 36.19071]], [[-95.27579, 36.24687], [-95.2727, 36.24682], [-95.27169, 36.24636], [-95.27115, 36.24573], [-95.26997, 36.2466], [-95.2686, 36.24672], [-95.26681, 36.24576], [-95.26419, 36.24541], [-95.2634, 36.24484], [-95.263, 36.24413], [-95.26223, 36.23747], [-95.25455, 36.23677], [-95.25454, 36.23736], [-95.25604, 36.238], [-95.25663, 36.23921], [-95.25614, 36.24045], [-95.25464, 36.24118], [-95.25466, 36.24743], [-95.27635, 36.24738], [-95.27579, 36.24687]], [[-95.27113, 36.24353], [-95.27095, 36.23784], [-95.27059, 36.23672], [-95.26869, 36.23638], [-95.26772, 36.23578], [-95.26557, 36.23221], [-95.26564, 36.23109], [-95.26664, 36.23008], [-95.2657, 36.22942], [-95.26521, 36.22834], [-95.26523, 36.22214], [-95.26356, 36.22214], [-95.26347, 36.23119], [-95.2627, 36.23213], [-95.26119, 36.23257], [-95.25968, 36.23213], [-95.25885, 36.23101], [-95.25879, 36.22221], [-95.25733, 36.22201], [-95.25208, 36.2221], [-95.25313, 36.22922], [-95.2545, 36.23086], [-95.25469, 36.23289], [-95.26459, 36.23381], [-95.26588, 36.23428], [-95.26681, 36.23554], [-95.26747, 36.24192], [-95.2691, 36.24223], [-95.27123, 36.24406], [-95.27113, 36.24353]], [[-95.27672, 36.24232], [-95.27672, 36.24145], [-95.27572, 36.24112], [-95.2757, 36.243], [-95.27673, 36.24303], [-95.27672, 36.24232]], [[-95.27572, 36.23485], [-95.27571, 36.23539], [-95.2767, 36.23531], [-95.27671, 36.23455], [-95.27572, 36.23455], [-95.27572, 36.23485]], [[-95.27597, 36.22834], [-95.27575, 36.22834], [-95.27573, 36.23068], [-95.27671, 36.23068], [-95.27671, 36.22834], [-95.27597, 36.22834]], [[-95.27517, 36.22216], [-95.27, 36.22215], [-95.26998, 36.22644], [-95.27105, 36.22644], [-95.27145, 36.22534], [-95.27259, 36.2246], [-95.2767, 36.22447], [-95.2767, 36.22217], [-95.27517, 36.22216]], [[-95.27927, 36.216], [-95.27775, 36.21598], [-95.27775, 36.21715], [-95.2782, 36.21674], [-95.27927, 36.216]], [[-95.26358, 36.21601], [-95.26356, 36.21828], [-95.27298, 36.21831], [-95.27298, 36.21601], [-95.26358, 36.21601]], [[-95.25148, 36.17339], [-95.25098, 36.17188], [-95.25059, 36.17189], [-95.24227, 36.17317], [-95.23978, 36.1743], [-95.2328, 36.18077], [-95.23062, 36.18185], [-95.22767, 36.18247], [-95.2277, 36.18939], [-95.23187, 36.18917], [-95.23373, 36.18644], [-95.23577, 36.18531], [-95.2375, 36.18524], [-95.24172, 36.18605], [-95.24381, 36.18348], [-95.24745, 36.1817], [-95.24709, 36.1804], [-95.2478, 36.1786], [-95.24864, 36.17798], [-95.25058, 36.17728], [-95.25138, 36.17552], [-95.25283, 36.17481], [-95.25148, 36.17339]], [[-95.25661, 36.16929], [-95.25763, 36.16815], [-95.25942, 36.16787], [-95.26192, 36.169], [-95.26311, 36.17089], [-95.2638, 36.17064], [-95.26525, 36.16993], [-95.26467, 36.16901], [-95.2645, 36.16792], [-95.26479, 36.16683], [-95.26554, 36.16591], [-95.26717, 36.16507], [-95.27209, 36.16432], [-95.27286, 36.16283], [-95.27465, 36.16145], [-95.27666, 36.15762], [-95.27664, 36.15341], [-95.27334, 36.15136], [-95.27268, 36.1505], [-95.27235, 36.14935], [-95.26347, 36.1493], [-95.26347, 36.14968], [-95.26451, 36.15073], [-95.26454, 36.15186], [-95.26362, 36.15292], [-95.2623, 36.15327], [-95.26139, 36.15314], [-95.25953, 36.15231], [-95.25732, 36.15224], [-95.25628, 36.15183], [-95.25547, 36.1507], [-95.25585, 36.14926], [-95.24642, 36.14922], [-95.24674, 36.15097], [-95.24569, 36.15271], [-95.24543, 36.15524], [-95.24441, 36.15624], [-95.24307, 36.15651], [-95.24177, 36.15613], [-95.24088, 36.15505], [-95.24118, 36.15135], [-95.24091, 36.15038], [-95.24129, 36.14923], [-95.23053, 36.14926], [-95.2277, 36.15303], [-95.22766, 36.17459], [-95.23282, 36.17464], [-95.23698, 36.17093], [-95.23937, 36.16976], [-95.24166, 36.16912], [-95.25105, 36.16784], [-95.25387, 36.16833], [-95.25635, 36.16974], [-95.25661, 36.16929]], [[-95.27701, 36.1738], [-95.27848, 36.17209], [-95.27935, 36.16863], [-95.2767, 36.17007], [-95.27404, 36.17023], [-95.27192, 36.16986], [-95.27032, 36.16851], [-95.26991, 36.16857], [-95.27033, 36.16995], [-95.2701, 36.17117], [-95.2692, 36.17231], [-95.26769, 36.17325], [-95.26899, 36.17378], [-95.26997, 36.17473], [-95.27668, 36.17472], [-95.27701, 36.1738]], [[-95.28175, 36.23454], [-95.28148, 36.23454], [-95.28174, 36.23591], [-95.28175, 36.23562], [-95.28175, 36.23454]], [[-95.28382, 36.24224], [-95.28382, 36.24302], [-95.2845, 36.24302], [-95.28846, 36.24005], [-95.28378, 36.23995], [-95.28382, 36.24224]], [[-95.28973, 36.4398], [-95.28666, 36.43981], [-95.28661, 36.44099], [-95.28626, 36.44169], [-95.2854, 36.44232], [-95.28427, 36.44256], [-95.28314, 36.44233], [-95.28228, 36.4417], [-95.28192, 36.44101], [-95.28187, 36.43983], [-95.27657, 36.43977], [-95.27655, 36.44659], [-95.27627, 36.4475], [-95.27549, 36.4482], [-95.27439, 36.44851], [-95.27324, 36.44838], [-95.27231, 36.44781], [-95.27178, 36.44678], [-95.27176, 36.44334], [-95.26901, 36.45048], [-95.28975, 36.45045], [-95.28973, 36.4398]], [[-95.28675, 36.43594], [-95.28972, 36.43593], [-95.28968, 36.42533], [-95.27851, 36.42531], [-95.27636, 36.43103], [-95.27792, 36.4313], [-95.27884, 36.43214], [-95.27906, 36.4335], [-95.27861, 36.43501], [-95.27882, 36.43596], [-95.28675, 36.43594]], [[-95.28969, 36.42146], [-95.28969, 36.41082], [-95.28395, 36.41084], [-95.27996, 36.42144], [-95.28969, 36.42146]], [[-95.28966, 36.40071], [-95.28966, 36.39632], [-95.28944, 36.39632], [-95.28542, 36.40697], [-95.28967, 36.40696], [-95.28966, 36.40071]], [[-95.28183, 36.38905], [-95.27646, 36.38906], [-95.27646, 36.39248], [-95.28571, 36.39245], [-95.28727, 36.38905], [-95.28183, 36.38905]], [[-95.27644, 36.4007], [-95.27651, 36.40696], [-95.28019, 36.40696], [-95.28422, 36.39632], [-95.27646, 36.39635], [-95.27644, 36.4007]], [[-95.28364, 36.38518], [-95.28873, 36.38517], [-95.28956, 36.38322], [-95.28965, 36.38179], [-95.27643, 36.38184], [-95.27643, 36.38519], [-95.28364, 36.38518]], [[-95.28476, 36.37793], [-95.29359, 36.37793], [-95.29386, 36.37587], [-95.29063, 36.37037], [-95.28992, 36.36727], [-95.27639, 36.36732], [-95.27642, 36.37798], [-95.28476, 36.37793]], [[-95.28954, 36.35627], [-95.28954, 36.35585], [-95.28844, 36.3552], [-95.28782, 36.35441], [-95.2877, 36.35366], [-95.28799, 36.35286], [-95.25852, 36.35285], [-95.25851, 36.35852], [-95.25958, 36.35869], [-95.26034, 36.35913], [-95.26098, 36.36051], [-95.26023, 36.36186], [-95.2585, 36.36244], [-95.2585, 36.36348], [-95.28953, 36.3634], [-95.28954, 36.35627]], [[-95.28947, 36.34791], [-95.28955, 36.34051], [-95.28884, 36.33948], [-95.28901, 36.33831], [-95.28095, 36.33831], [-95.28066, 36.3451], [-95.2798, 36.34636], [-95.27885, 36.34691], [-95.2777, 36.34703], [-95.27646, 36.3466], [-95.27646, 36.34898], [-95.28951, 36.34899], [-95.28947, 36.34791]], [[-95.27844, 36.3344], [-95.27795, 36.33355], [-95.27795, 36.33279], [-95.27901, 36.33154], [-95.2791, 36.32964], [-95.27959, 36.32879], [-95.28097, 36.32811], [-95.2841, 36.32827], [-95.28534, 36.32804], [-95.28728, 36.32843], [-95.28823, 36.3297], [-95.28813, 36.33063], [-95.28739, 36.33148], [-95.28627, 36.33445], [-95.2896, 36.33444], [-95.28955, 36.32383], [-95.25852, 36.32376], [-95.25852, 36.33447], [-95.27165, 36.33447], [-95.2718, 36.329], [-95.27276, 36.32796], [-95.27409, 36.32763], [-95.27542, 36.32796], [-95.27637, 36.32901], [-95.27643, 36.33444], [-95.27844, 36.3344]], [[-95.27148, 36.31876], [-95.27056, 36.31888], [-95.2683, 36.31853], [-95.26713, 36.31877], [-95.25852, 36.31871], [-95.25852, 36.31989], [-95.27164, 36.31991], [-95.27148, 36.31876]], [[-95.2786, 36.31943], [-95.27897, 36.31854], [-95.28015, 36.31751], [-95.28132, 36.31718], [-95.28287, 36.31721], [-95.28287, 36.31637], [-95.28183, 36.31576], [-95.28133, 36.31472], [-95.28152, 36.31379], [-95.28223, 36.31305], [-95.28352, 36.31264], [-95.28955, 36.31271], [-95.28957, 36.3093], [-95.27645, 36.30926], [-95.27642, 36.31995], [-95.27864, 36.31995], [-95.2786, 36.31943]], [[-95.28636, 36.30542], [-95.2896, 36.30543], [-95.28957, 36.30215], [-95.26001, 36.30211], [-95.25996, 36.30353], [-95.25943, 36.30415], [-95.25851, 36.3046], [-95.25851, 36.30539], [-95.28636, 36.30542]], [[-95.26004, 36.31174], [-95.26252, 36.31111], [-95.26391, 36.31131], [-95.26506, 36.31016], [-95.26794, 36.30934], [-95.26966, 36.30989], [-95.27091, 36.31184], [-95.27168, 36.31155], [-95.27167, 36.30925], [-95.25852, 36.30925], [-95.25852, 36.31183], [-95.26004, 36.31174]], [[-95.28764, 36.31723], [-95.28954, 36.31724], [-95.28954, 36.31657], [-95.28765, 36.31658], [-95.28764, 36.31723]], [[-95.24379, 36.08213], [-95.24286, 36.0816], [-95.24194, 36.08035], [-95.23981, 36.08034], [-95.23709, 36.08254], [-95.23724, 36.08486], [-95.23616, 36.08746], [-95.24217, 36.08741], [-95.2411, 36.08604], [-95.24109, 36.08492], [-95.24152, 36.08425], [-95.24244, 36.08369], [-95.24335, 36.08353], [-95.24443, 36.08373], [-95.24389, 36.08295], [-95.24379, 36.08213]], [[-95.23038, 36.11861], [-95.22979, 36.11727], [-95.22909, 36.11737], [-95.22795, 36.11818], [-95.22703, 36.11833], [-95.22749, 36.1192], [-95.22762, 36.12077], [-95.22869, 36.12006], [-95.2303, 36.12], [-95.23185, 36.11935], [-95.23038, 36.11861]], [[-95.23576, 36.19508], [-95.23527, 36.19405], [-95.23427, 36.19375], [-95.23345, 36.19299], [-95.23005, 36.19304], [-95.22768, 36.19344], [-95.22768, 36.19503], [-95.23007, 36.19471], [-95.23136, 36.19512], [-95.23264, 36.19605], [-95.23354, 36.19578], [-95.23467, 36.19586], [-95.23597, 36.19527], [-95.23576, 36.19508]], [[-95.27087, 36.23211], [-95.27095, 36.23227], [-95.27097, 36.2303], [-95.26948, 36.2303], [-95.27087, 36.23211]], [[-95.24976, 36.23682], [-95.24979, 36.23648], [-95.24838, 36.23648], [-95.24803, 36.23793], [-95.24798, 36.24252], [-95.24759, 36.24345], [-95.24636, 36.24474], [-95.24751, 36.24497], [-95.24837, 36.24561], [-95.24852, 36.24309], [-95.24908, 36.24233], [-95.24986, 36.2419], [-95.24976, 36.23682]], [[-95.26122, 36.33832], [-95.25852, 36.33833], [-95.25853, 36.34898], [-95.27168, 36.349], [-95.27168, 36.33834], [-95.26122, 36.33832]], [[-95.27681, 36.41593], [-95.27721, 36.41488], [-95.27873, 36.41083], [-95.27652, 36.41082], [-95.27652, 36.41672], [-95.27681, 36.41593]], [[-95.25851, 36.36947], [-95.25851, 36.37103], [-95.26142, 36.37125], [-95.26228, 36.37188], [-95.26269, 36.37295], [-95.26251, 36.37369], [-95.26182, 36.37445], [-95.26007, 36.37489], [-95.25851, 36.37582], [-95.25852, 36.37796], [-95.27164, 36.37795], [-95.27161, 36.36735], [-95.2585, 36.36735], [-95.25851, 36.36947]], [[-95.18252, 36.43779], [-95.18321, 36.43704], [-95.18449, 36.4366], [-95.18585, 36.43681], [-95.18672, 36.43743], [-95.18712, 36.43832], [-95.18717, 36.44329], [-95.19289, 36.43978], [-95.1904, 36.43963], [-95.1886, 36.43876], [-95.18762, 36.43736], [-95.18734, 36.43492], [-95.18701, 36.43454], [-95.18532, 36.43506], [-95.18417, 36.43498], [-95.1836, 36.43614], [-95.18217, 36.43679], [-95.18236, 36.43789], [-95.18188, 36.43891], [-95.18235, 36.43903], [-95.18252, 36.43779]], [[-95.19745, 36.45043], [-95.21162, 36.45052], [-95.21336, 36.45154], [-95.21404, 36.453], [-95.2141, 36.45406], [-95.21788, 36.45408], [-95.21788, 36.43985], [-95.20848, 36.43985], [-95.20179, 36.44009], [-95.20013, 36.44038], [-95.1983, 36.44116], [-95.18717, 36.44832], [-95.18717, 36.45052], [-95.19745, 36.45043]], [[-95.17636, 36.41094], [-95.17138, 36.41093], [-95.17221, 36.41156], [-95.17256, 36.4123], [-95.17372, 36.41251], [-95.17458, 36.41312], [-95.17538, 36.41557], [-95.17672, 36.41609], [-95.17745, 36.41693], [-95.17762, 36.41867], [-95.1793, 36.41883], [-95.18053, 36.41965], [-95.18235, 36.41964], [-95.18229, 36.41094], [-95.17636, 36.41094]], [[-95.18231, 36.40007], [-95.183, 36.39889], [-95.18422, 36.39837], [-95.18582, 36.39856], [-95.1868, 36.39936], [-95.18708, 36.40027], [-95.18707, 36.40707], [-95.21786, 36.40702], [-95.21789, 36.39634], [-95.21131, 36.39632], [-95.21014, 36.39571], [-95.20958, 36.39449], [-95.2101, 36.39326], [-95.21125, 36.39262], [-95.21788, 36.39248], [-95.21789, 36.38187], [-95.20491, 36.3819], [-95.20494, 36.38424], [-95.20426, 36.38541], [-95.20267, 36.38602], [-95.19985, 36.38614], [-95.1982, 36.3855], [-95.19765, 36.38468], [-95.19763, 36.38381], [-95.19618, 36.38323], [-95.19551, 36.3819], [-95.18669, 36.38188], [-95.18574, 36.38282], [-95.18441, 36.38313], [-95.18309, 36.38278], [-95.18222, 36.38187], [-95.169, 36.38184], [-95.16906, 36.3925], [-95.17602, 36.39262], [-95.17717, 36.39324], [-95.17771, 36.39447], [-95.1773, 36.39554], [-95.176, 36.39632], [-95.16909, 36.39637], [-95.16915, 36.40153], [-95.1695, 36.40301], [-95.16916, 36.40706], [-95.18229, 36.40707], [-95.18231, 36.40007]], [[-95.18213, 36.37801], [-95.1821, 36.3674], [-95.16892, 36.36734], [-95.16893, 36.37798], [-95.18213, 36.37801]], [[-95.17215, 36.35283], [-95.16884, 36.35282], [-95.16889, 36.36347], [-95.18206, 36.36354], [-95.18206, 36.35284], [-95.17215, 36.35283]], [[-95.17833, 36.34353], [-95.17553, 36.34441], [-95.17319, 36.34585], [-95.17151, 36.34726], [-95.17064, 36.34752], [-95.16958, 36.34746], [-95.16892, 36.34789], [-95.16893, 36.34896], [-95.18211, 36.34898], [-95.18211, 36.34146], [-95.17833, 36.34353]], [[-95.17794, 36.33834], [-95.17794, 36.33907], [-95.17927, 36.33834], [-95.17794, 36.33834]], [[-95.1821, 36.33242], [-95.18206, 36.32391], [-95.17753, 36.32388], [-95.17707, 36.32449], [-95.17773, 36.32544], [-95.1781, 36.32768], [-95.17881, 36.3292], [-95.17896, 36.33448], [-95.18214, 36.33448], [-95.1821, 36.33242]], [[-95.21431, 36.36736], [-95.20487, 36.36739], [-95.20485, 36.37803], [-95.2114, 36.37802], [-95.21138, 36.37617], [-95.21177, 36.37517], [-95.21281, 36.37436], [-95.21415, 36.37405], [-95.21546, 36.3744], [-95.21632, 36.37529], [-95.21618, 36.37802], [-95.21788, 36.378], [-95.21788, 36.36735], [-95.21431, 36.36736]], [[-95.21431, 36.36349], [-95.21788, 36.36348], [-95.21787, 36.36009], [-95.20486, 36.36016], [-95.20484, 36.36352], [-95.21431, 36.36349]], [[-95.21785, 36.3509], [-95.21785, 36.33837], [-95.20485, 36.33835], [-95.20483, 36.3563], [-95.21791, 36.35622], [-95.21785, 36.3509]], [[-95.21784, 36.3253], [-95.21786, 36.32384], [-95.20483, 36.3239], [-95.20486, 36.33448], [-95.21786, 36.3345], [-95.21784, 36.3253]], [[-95.21041, 36.31973], [-95.21223, 36.32001], [-95.21785, 36.31998], [-95.21786, 36.30934], [-95.20491, 36.30942], [-95.20495, 36.32003], [-95.20933, 36.32001], [-95.21041, 36.31973]], [[-95.21787, 36.30548], [-95.21788, 36.30217], [-95.2102, 36.30218], [-95.20487, 36.30179], [-95.20491, 36.30555], [-95.21787, 36.30548]], [[-95.19357, 36.30062], [-95.18693, 36.3006], [-95.18675, 36.30542], [-95.20013, 36.30559], [-95.20009, 36.30099], [-95.19357, 36.30062]], [[-95.19839, 36.29676], [-95.20007, 36.29694], [-95.20005, 36.29488], [-95.18933, 36.29488], [-95.18824, 36.2953], [-95.18693, 36.29537], [-95.18693, 36.29657], [-95.19839, 36.29676]], [[-95.20913, 36.2981], [-95.21788, 36.29812], [-95.21788, 36.2948], [-95.20483, 36.29487], [-95.20486, 36.2977], [-95.20913, 36.2981]], [[-95.21786, 36.28032], [-95.21787, 36.26581], [-95.20474, 36.26582], [-95.20478, 36.291], [-95.21787, 36.29094], [-95.21786, 36.28032]], [[-95.22266, 36.37796], [-95.2358, 36.37799], [-95.23581, 36.36736], [-95.22266, 36.36734], [-95.22266, 36.37796]], [[-95.22265, 36.38467], [-95.22266, 36.39246], [-95.2358, 36.39248], [-95.23579, 36.38185], [-95.22267, 36.38183], [-95.22265, 36.38467]], [[-95.23581, 36.30929], [-95.22264, 36.30932], [-95.22261, 36.32215], [-95.22817, 36.32146], [-95.23, 36.32031], [-95.23091, 36.32002], [-95.23582, 36.31994], [-95.23581, 36.30929]], [[-95.22363, 36.33837], [-95.22263, 36.33836], [-95.22264, 36.34896], [-95.23581, 36.34896], [-95.23577, 36.33969], [-95.23529, 36.33836], [-95.22363, 36.33837]], [[-95.22264, 36.35815], [-95.22266, 36.36347], [-95.23581, 36.3635], [-95.23583, 36.35283], [-95.22267, 36.35283], [-95.22264, 36.35815]], [[-95.22267, 36.43985], [-95.22265, 36.45052], [-95.23581, 36.45052], [-95.23579, 36.43985], [-95.22267, 36.43985]], [[-95.18904, 36.28036], [-95.18688, 36.28035], [-95.18694, 36.29125], [-95.18879, 36.29102], [-95.20001, 36.29101], [-95.2, 36.28033], [-95.18904, 36.28036]], [[-95.19494, 36.26074], [-95.19295, 36.2601], [-95.19129, 36.26028], [-95.19089, 36.26118], [-95.18986, 36.26195], [-95.20055, 36.26196], [-95.20018, 36.26063], [-95.19494, 36.26074]], [[-95.19212, 36.26579], [-95.18678, 36.26582], [-95.18688, 36.27649], [-95.19999, 36.27646], [-95.19996, 36.26583], [-95.19212, 36.26579]], [[-95.20009, 36.36786], [-95.20008, 36.36114], [-95.19891, 36.36148], [-95.19755, 36.36124], [-95.19659, 36.36044], [-95.19633, 36.35952], [-95.19648, 36.35785], [-95.19708, 36.35689], [-95.19828, 36.35634], [-95.20005, 36.35628], [-95.20004, 36.35289], [-95.19212, 36.35285], [-95.19116, 36.35378], [-95.18982, 36.35407], [-95.18837, 36.35365], [-95.18756, 36.35285], [-95.18684, 36.35285], [-95.18684, 36.36317], [-95.18773, 36.36306], [-95.18779, 36.36204], [-95.18859, 36.36112], [-95.19035, 36.36072], [-95.19143, 36.36106], [-95.19265, 36.36204], [-95.19324, 36.36298], [-95.19339, 36.36403], [-95.19294, 36.3655], [-95.19181, 36.36644], [-95.18688, 36.36739], [-95.18691, 36.37801], [-95.20007, 36.37806], [-95.20009, 36.36786]], [[-95.19368, 36.324], [-95.18684, 36.32396], [-95.18691, 36.33446], [-95.20008, 36.33447], [-95.20006, 36.32396], [-95.19368, 36.324]], [[-95.2001, 36.34255], [-95.20007, 36.33834], [-95.18691, 36.33833], [-95.18689, 36.34898], [-95.20004, 36.34902], [-95.2001, 36.34255]], [[-95.17635, 36.22449], [-95.17655, 36.22459], [-95.17676, 36.22472], [-95.17676, 36.22439], [-95.17635, 36.22449]], [[-95.16575, 36.22362], [-95.16705, 36.22455], [-95.16757, 36.22609], [-95.16993, 36.22595], [-95.16991, 36.22181], [-95.16572, 36.22177], [-95.16575, 36.22362]], [[-95.1699, 36.21795], [-95.16985, 36.20737], [-95.15995, 36.20728], [-95.15724, 36.2138], [-95.15676, 36.21792], [-95.1699, 36.21795]], [[-95.18778, 36.21685], [-95.18781, 36.20748], [-95.18362, 36.20744], [-95.18331, 36.20852], [-95.18264, 36.20929], [-95.1819, 36.20976], [-95.18078, 36.20997], [-95.17966, 36.20972], [-95.17881, 36.20908], [-95.17845, 36.20819], [-95.17859, 36.20737], [-95.17463, 36.20736], [-95.17467, 36.21801], [-95.18779, 36.21822], [-95.18778, 36.21685]], [[-95.17902, 36.20351], [-95.18224, 36.20355], [-95.18224, 36.20266], [-95.17745, 36.20265], [-95.17633, 36.20233], [-95.17635, 36.20349], [-95.17902, 36.20351]], [[-95.17608, 36.19635], [-95.17735, 36.19676], [-95.17806, 36.19739], [-95.18147, 36.19739], [-95.183, 36.19808], [-95.18449, 36.19768], [-95.18581, 36.19802], [-95.1868, 36.19926], [-95.18667, 36.20136], [-95.18701, 36.20219], [-95.18701, 36.2036], [-95.18781, 36.20361], [-95.18776, 36.19291], [-95.17891, 36.19286], [-95.17527, 36.19542], [-95.1748, 36.19633], [-95.17608, 36.19635]], [[-95.17853, 36.189], [-95.18337, 36.18901], [-95.18335, 36.18704], [-95.1784, 36.18759], [-95.17466, 36.18768], [-95.17467, 36.18895], [-95.17853, 36.189]], [[-95.168, 36.17827], [-95.16333, 36.17821], [-95.16328, 36.18093], [-95.16241, 36.18527], [-95.16991, 36.18369], [-95.16992, 36.17827], [-95.168, 36.17827]], [[-95.1648, 36.17434], [-95.16994, 36.17441], [-95.16987, 36.1536], [-95.17074, 36.15127], [-95.16869, 36.15298], [-95.16733, 36.15358], [-95.16318, 36.15394], [-95.16076, 36.15467], [-95.16038, 36.15735], [-95.16049, 36.16974], [-95.1625, 36.17435], [-95.1648, 36.17434]], [[-95.16281, 36.15007], [-95.16576, 36.14992], [-95.16809, 36.14769], [-95.16994, 36.14628], [-95.17097, 36.14583], [-95.17147, 36.1447], [-95.17312, 36.14264], [-95.17449, 36.14195], [-95.17608, 36.14213], [-95.17725, 36.14326], [-95.1772, 36.14456], [-95.17574, 36.14645], [-95.17498, 36.14808], [-95.17658, 36.14726], [-95.17744, 36.1464], [-95.1784, 36.14477], [-95.1806, 36.14312], [-95.18374, 36.13755], [-95.18633, 36.13508], [-95.18731, 36.13249], [-95.18879, 36.13116], [-95.18827, 36.1305], [-95.18503, 36.1286], [-95.18315, 36.13122], [-95.18122, 36.13291], [-95.17453, 36.13634], [-95.17456, 36.13961], [-95.17376, 36.14074], [-95.17249, 36.14119], [-95.17134, 36.14107], [-95.17026, 36.14038], [-95.16985, 36.13949], [-95.1605, 36.14685], [-95.16143, 36.15034], [-95.16281, 36.15007]], [[-95.19333, 36.09327], [-95.19333, 36.09504], [-95.1923, 36.09737], [-95.19234, 36.09903], [-95.1909, 36.10237], [-95.18909, 36.10544], [-95.18881, 36.10682], [-95.18915, 36.10739], [-95.19136, 36.10777], [-95.19312, 36.10445], [-95.1959, 36.10149], [-95.20052, 36.09835], [-95.20288, 36.09732], [-95.20559, 36.095], [-95.20559, 36.09464], [-95.20286, 36.09459], [-95.20169, 36.09409], [-95.20095, 36.09324], [-95.20025, 36.09106], [-95.19228, 36.09108], [-95.19333, 36.09327]], [[-95.19281, 36.0329], [-95.19295, 36.03297], [-95.19306, 36.0327], [-95.19288, 36.03285], [-95.19281, 36.0329]], [[-95.18144, 36.17407], [-95.18022, 36.17354], [-95.17954, 36.17236], [-95.18058, 36.16932], [-95.18206, 36.16821], [-95.18333, 36.16787], [-95.18477, 36.16817], [-95.18685, 36.16909], [-95.18782, 36.16907], [-95.18781, 36.16377], [-95.18196, 36.16374], [-95.18104, 36.16543], [-95.17936, 36.16601], [-95.17823, 36.1658], [-95.17751, 36.16532], [-95.177, 36.16448], [-95.17699, 36.16372], [-95.17469, 36.16371], [-95.17471, 36.17442], [-95.18337, 36.17446], [-95.18335, 36.17371], [-95.18237, 36.17407], [-95.18144, 36.17407]], [[-95.17889, 36.1835], [-95.18334, 36.18291], [-95.18337, 36.18018], [-95.18227, 36.18065], [-95.18111, 36.18063], [-95.17967, 36.17971], [-95.17944, 36.17831], [-95.17563, 36.17829], [-95.17673, 36.17906], [-95.17705, 36.18034], [-95.1763, 36.18149], [-95.17468, 36.18199], [-95.17468, 36.18364], [-95.17889, 36.1835]], [[-95.19413, 36.13585], [-95.19475, 36.13615], [-95.19654, 36.13481], [-95.19683, 36.13428], [-95.19412, 36.13374], [-95.19312, 36.13379], [-95.19155, 36.13433], [-95.19104, 36.13595], [-95.193, 36.13567], [-95.19413, 36.13585]], [[-95.20016, 36.18613], [-95.19157, 36.18605], [-95.18811, 36.18627], [-95.18814, 36.18905], [-95.20245, 36.1891], [-95.20484, 36.18793], [-95.20488, 36.18664], [-95.20543, 36.18574], [-95.20016, 36.18613]], [[-95.18267, 36.22497], [-95.18467, 36.22554], [-95.18794, 36.22555], [-95.18797, 36.22209], [-95.18155, 36.22199], [-95.18153, 36.22497], [-95.18267, 36.22497]], [[-95.20533, 36.21825], [-95.20539, 36.21825], [-95.20532, 36.21823], [-95.20533, 36.21825]], [[-95.16779, 36.18892], [-95.1699, 36.18893], [-95.16988, 36.18778], [-95.16493, 36.18889], [-95.16779, 36.18892]], [[-95.17471, 36.22429], [-95.17471, 36.2243], [-95.17475, 36.22429], [-95.17471, 36.22429]], [[-95.15487, 36.15844], [-95.15399, 36.15923], [-95.15255, 36.15979], [-95.15561, 36.15973], [-95.15561, 36.15791], [-95.15487, 36.15844]], [[-95.15744, 36.18581], [-95.15857, 36.18006], [-95.1521, 36.18003], [-95.15225, 36.18593], [-95.15634, 36.18632], [-95.15733, 36.18627], [-95.15744, 36.18581]], [[-95.16128, 36.12383], [-95.16113, 36.12382], [-95.16116, 36.12462], [-95.16121, 36.12416], [-95.16128, 36.12383]], [[-95.11803, 36.32019], [-95.11645, 36.32011], [-95.11535, 36.32124], [-95.11404, 36.32159], [-95.11168, 36.32134], [-95.11094, 36.32087], [-95.11044, 36.3201], [-95.10419, 36.32002], [-95.1003, 36.32205], [-95.09764, 36.32295], [-95.09766, 36.32711], [-95.09844, 36.32712], [-95.09926, 36.32653], [-95.10038, 36.3263], [-95.10151, 36.32653], [-95.10236, 36.32714], [-95.1119, 36.32713], [-95.11928, 36.32327], [-95.11957, 36.32188], [-95.11942, 36.32019], [-95.11803, 36.32019]], [[-95.10364, 36.312], [-95.10451, 36.30924], [-95.10302, 36.30887], [-95.10202, 36.30818], [-95.1007, 36.30566], [-95.09805, 36.30536], [-95.09706, 36.30479], [-95.09642, 36.30394], [-95.09511, 36.30295], [-95.09489, 36.30203], [-95.09524, 36.30101], [-95.09405, 36.30033], [-95.0932, 36.29906], [-95.09336, 36.29737], [-95.09296, 36.29395], [-95.09047, 36.29293], [-95.08895, 36.29289], [-95.08539, 36.29403], [-95.08451, 36.2962], [-95.08339, 36.29733], [-95.08424, 36.29967], [-95.0842, 36.30727], [-95.08345, 36.30858], [-95.08273, 36.30903], [-95.08151, 36.30931], [-95.06965, 36.3094], [-95.06905, 36.31327], [-95.06845, 36.31438], [-95.06698, 36.31532], [-95.06111, 36.31705], [-95.06068, 36.31753], [-95.05966, 36.3213], [-95.05891, 36.32236], [-95.05581, 36.32389], [-95.05291, 36.32443], [-95.05273, 36.32753], [-95.05453, 36.3283], [-95.05683, 36.33055], [-95.05951, 36.32922], [-95.06089, 36.32935], [-95.06181, 36.32992], [-95.06229, 36.33078], [-95.06221, 36.33171], [-95.06176, 36.33237], [-95.06069, 36.33303], [-95.05973, 36.3345], [-95.06607, 36.33451], [-95.06588, 36.331], [-95.06326, 36.32979], [-95.06234, 36.32914], [-95.06192, 36.32844], [-95.06042, 36.32781], [-95.05988, 36.32698], [-95.05989, 36.32604], [-95.06079, 36.32496], [-95.06256, 36.32461], [-95.06373, 36.32479], [-95.06501, 36.32536], [-95.06636, 36.32667], [-95.0684, 36.32146], [-95.06978, 36.32044], [-95.07203, 36.32042], [-95.07385, 36.32149], [-95.07426, 36.32293], [-95.07327, 36.32419], [-95.07484, 36.32362], [-95.07489, 36.32205], [-95.07581, 36.32099], [-95.07736, 36.32063], [-95.07865, 36.32103], [-95.07956, 36.32231], [-95.07975, 36.32722], [-95.09289, 36.32709], [-95.09286, 36.32371], [-95.08983, 36.32362], [-95.08859, 36.32318], [-95.08795, 36.32259], [-95.08751, 36.32143], [-95.08585, 36.3204], [-95.08551, 36.31931], [-95.08629, 36.31797], [-95.08801, 36.31747], [-95.09068, 36.3184], [-95.09186, 36.31982], [-95.09318, 36.31984], [-95.09298, 36.31434], [-95.09169, 36.31308], [-95.09115, 36.31185], [-95.09165, 36.31062], [-95.09296, 36.30993], [-95.09294, 36.30778], [-95.09332, 36.30689], [-95.09438, 36.30617], [-95.09576, 36.30604], [-95.09699, 36.30656], [-95.0976, 36.30736], [-95.09793, 36.31869], [-95.10196, 36.31656], [-95.10364, 36.312]], [[-95.10544, 36.3028], [-95.10594, 36.30192], [-95.10691, 36.30108], [-95.11138, 36.29911], [-95.11299, 36.29769], [-95.11405, 36.29335], [-95.11419, 36.28878], [-95.1141, 36.28849], [-95.11317, 36.28808], [-95.11227, 36.28935], [-95.11051, 36.28975], [-95.10907, 36.28916], [-95.10844, 36.28814], [-95.10712, 36.28916], [-95.10406, 36.29022], [-95.1029, 36.2902], [-95.10173, 36.2896], [-95.10115, 36.28819], [-95.10181, 36.287], [-95.10401, 36.28605], [-95.10607, 36.28385], [-95.10745, 36.2835], [-95.10954, 36.28359], [-95.10987, 36.28262], [-95.10921, 36.28086], [-95.10429, 36.27891], [-95.10217, 36.28375], [-95.10102, 36.28546], [-95.09939, 36.2868], [-95.09396, 36.29009], [-95.09595, 36.29069], [-95.09735, 36.29178], [-95.09814, 36.29772], [-95.09912, 36.29815], [-95.10014, 36.2991], [-95.10073, 36.30176], [-95.10221, 36.30195], [-95.10332, 36.30242], [-95.10515, 36.30392], [-95.10544, 36.3028]], [[-95.09928, 36.27874], [-95.10084, 36.27602], [-95.09701, 36.26617], [-95.09513, 36.26286], [-95.09518, 36.26111], [-95.09585, 36.25987], [-95.0923, 36.26127], [-95.09041, 36.26159], [-95.08554, 36.2617], [-95.0828, 36.26111], [-95.07998, 36.26126], [-95.07752, 36.26048], [-95.07741, 36.26231], [-95.07653, 36.26352], [-95.07468, 36.26421], [-95.07307, 36.26409], [-95.07218, 36.26349], [-95.07171, 36.26243], [-95.07194, 36.26151], [-95.07274, 36.26075], [-95.07281, 36.25863], [-95.0719, 36.25781], [-95.07161, 36.25706], [-95.07162, 36.25129], [-95.07079, 36.25129], [-95.07077, 36.25725], [-95.07034, 36.25792], [-95.06941, 36.25848], [-95.06759, 36.2585], [-95.06628, 36.25746], [-95.06602, 36.25131], [-95.06168, 36.25125], [-95.06166, 36.25545], [-95.06063, 36.2567], [-95.05932, 36.25702], [-95.05494, 36.25685], [-95.05366, 36.2558], [-95.05359, 36.2545], [-95.05475, 36.25336], [-95.05692, 36.25314], [-95.05691, 36.25122], [-95.04884, 36.25119], [-95.04789, 36.25149], [-95.04697, 36.25217], [-95.04584, 36.25239], [-95.04452, 36.25204], [-95.04365, 36.25117], [-95.04326, 36.2491], [-95.04379, 36.24826], [-95.04466, 36.24775], [-95.04463, 36.23611], [-95.03166, 36.23606], [-95.03169, 36.24308], [-95.03841, 36.24309], [-95.03949, 36.24351], [-95.04024, 36.24442], [-95.0403, 36.24779], [-95.04097, 36.24855], [-95.04112, 36.24948], [-95.04057, 36.25051], [-95.03946, 36.2511], [-95.03926, 36.25638], [-95.04046, 36.25714], [-95.04083, 36.25841], [-95.04028, 36.25944], [-95.03889, 36.26009], [-95.03644, 36.26031], [-95.03558, 36.26002], [-95.03482, 36.25936], [-95.03443, 36.25826], [-95.03469, 36.25083], [-95.03484, 36.24913], [-95.03552, 36.24805], [-95.03554, 36.24693], [-95.03225, 36.24694], [-95.03239, 36.2486], [-95.03186, 36.25036], [-95.03032, 36.25242], [-95.02872, 36.25339], [-95.02612, 36.25574], [-95.02611, 36.26386], [-95.02522, 36.26591], [-95.02649, 36.26673], [-95.02779, 36.26805], [-95.03095, 36.26994], [-95.03688, 36.27277], [-95.03993, 36.27337], [-95.04239, 36.27331], [-95.04407, 36.27297], [-95.04542, 36.27306], [-95.04728, 36.27378], [-95.0482, 36.27493], [-95.05516, 36.27701], [-95.05657, 36.27646], [-95.0586, 36.27635], [-95.05904, 36.27544], [-95.06, 36.27453], [-95.06143, 36.27393], [-95.0632, 36.2743], [-95.06408, 36.27541], [-95.06539, 36.27487], [-95.06929, 36.27506], [-95.07508, 36.27401], [-95.07651, 36.2744], [-95.0774, 36.27517], [-95.08086, 36.27562], [-95.08461, 36.27687], [-95.08598, 36.2778], [-95.08711, 36.27957], [-95.08768, 36.27987], [-95.09575, 36.28008], [-95.09712, 36.2804], [-95.09827, 36.28114], [-95.09928, 36.27874]], [[-95.10388, 36.26978], [-95.10597, 36.26881], [-95.10977, 36.2691], [-95.10836, 36.26795], [-95.10728, 36.26788], [-95.10575, 36.26817], [-95.10425, 36.2677], [-95.10343, 36.26638], [-95.10363, 36.26545], [-95.10417, 36.26484], [-95.10564, 36.26418], [-95.10823, 36.26402], [-95.11027, 36.26439], [-95.11183, 36.26508], [-95.11226, 36.26385], [-95.10915, 36.26281], [-95.10796, 36.26184], [-95.10258, 36.26264], [-95.10121, 36.26238], [-95.10007, 36.26171], [-95.09982, 36.26205], [-95.10148, 36.26482], [-95.10351, 36.27008], [-95.10388, 36.26978]], [[-95.12466, 36.32376], [-95.12432, 36.32375], [-95.1243, 36.32665], [-95.12472, 36.32637], [-95.12543, 36.32458], [-95.12648, 36.32376], [-95.12466, 36.32376]], [[-95.12853, 36.31925], [-95.12964, 36.3183], [-95.131, 36.3181], [-95.13244, 36.31868], [-95.1331, 36.31991], [-95.13724, 36.31991], [-95.13699, 36.31604], [-95.13742, 36.31397], [-95.13625, 36.31313], [-95.13598, 36.31187], [-95.13303, 36.31229], [-95.13303, 36.31567], [-95.13222, 36.31679], [-95.13094, 36.31723], [-95.12958, 36.31703], [-95.12859, 36.31624], [-95.12829, 36.31506], [-95.12655, 36.31758], [-95.12431, 36.31942], [-95.12419, 36.31989], [-95.12834, 36.31989], [-95.12853, 36.31925]], [[-95.12624, 36.30721], [-95.12655, 36.30584], [-95.12728, 36.30485], [-95.12824, 36.30418], [-95.12824, 36.30387], [-95.12667, 36.30422], [-95.1241, 36.30402], [-95.12233, 36.30334], [-95.12133, 36.30194], [-95.11462, 36.30196], [-95.10991, 36.30424], [-95.10975, 36.30535], [-95.11329, 36.30542], [-95.11429, 36.30589], [-95.11489, 36.3067], [-95.1149, 36.30782], [-95.11429, 36.30864], [-95.11579, 36.30932], [-95.11635, 36.31054], [-95.11595, 36.31162], [-95.11503, 36.31228], [-95.11507, 36.31626], [-95.12146, 36.31631], [-95.12218, 36.31585], [-95.12391, 36.31344], [-95.12362, 36.31206], [-95.12141, 36.31185], [-95.12042, 36.31136], [-95.11978, 36.31036], [-95.11993, 36.30924], [-95.12063, 36.3085], [-95.12169, 36.3081], [-95.1266, 36.30824], [-95.12624, 36.30721]], [[-95.12444, 36.29813], [-95.12562, 36.29872], [-95.12626, 36.30033], [-95.12667, 36.30022], [-95.12934, 36.29802], [-95.13068, 36.29732], [-95.13076, 36.29612], [-95.13163, 36.29506], [-95.13443, 36.29427], [-95.13203, 36.29339], [-95.12883, 36.29337], [-95.1253, 36.29533], [-95.12509, 36.29709], [-95.12403, 36.29808], [-95.12444, 36.29813]], [[-95.11921, 36.29406], [-95.11884, 36.29323], [-95.11779, 36.29808], [-95.11966, 36.29808], [-95.11885, 36.29746], [-95.11846, 36.29658], [-95.11874, 36.29548], [-95.11971, 36.2947], [-95.11921, 36.29406]], [[-95.11217, 36.2777], [-95.11261, 36.2779], [-95.11278, 36.27544], [-95.10973, 36.27388], [-95.10872, 36.27295], [-95.10764, 36.27295], [-95.10695, 36.27448], [-95.10792, 36.27617], [-95.11217, 36.2777]], [[-95.11473, 36.28216], [-95.11437, 36.28393], [-95.11752, 36.28574], [-95.11851, 36.28695], [-95.119, 36.28646], [-95.11837, 36.28421], [-95.11876, 36.28241], [-95.11757, 36.28211], [-95.11679, 36.28147], [-95.1146, 36.28156], [-95.11473, 36.28216]], [[-95.12309, 36.28962], [-95.12299, 36.29114], [-95.12327, 36.29177], [-95.12652, 36.28998], [-95.12829, 36.28952], [-95.128, 36.2826], [-95.12906, 36.28139], [-95.13063, 36.28112], [-95.13195, 36.28161], [-95.13268, 36.28257], [-95.13306, 36.28962], [-95.13605, 36.29063], [-95.14164, 36.29096], [-95.14188, 36.29026], [-95.14165, 36.28889], [-95.14246, 36.28784], [-95.14244, 36.28545], [-95.14211, 36.28408], [-95.14274, 36.28308], [-95.14401, 36.28252], [-95.14264, 36.27794], [-95.1413, 36.27566], [-95.13978, 36.27414], [-95.13915, 36.27392], [-95.13826, 36.27426], [-95.1366, 36.27559], [-95.13201, 36.2767], [-95.12984, 36.27645], [-95.12903, 36.27588], [-95.12863, 36.27512], [-95.12883, 36.27384], [-95.12976, 36.27296], [-95.13137, 36.27253], [-95.13389, 36.27232], [-95.13555, 36.27106], [-95.1371, 36.27039], [-95.13414, 36.26321], [-95.13362, 36.2585], [-95.13121, 36.25847], [-95.13011, 36.25918], [-95.13157, 36.2636], [-95.13112, 36.26467], [-95.12987, 36.26542], [-95.12799, 36.26576], [-95.11989, 36.26563], [-95.11841, 36.26476], [-95.11806, 36.26387], [-95.11819, 36.26311], [-95.11748, 36.26266], [-95.11695, 36.26301], [-95.11661, 36.26775], [-95.11568, 36.26894], [-95.11432, 36.26971], [-95.1168, 36.27118], [-95.12048, 36.27227], [-95.12193, 36.27308], [-95.12284, 36.27319], [-95.12447, 36.27284], [-95.1256, 36.27304], [-95.1268, 36.27416], [-95.12667, 36.27563], [-95.12539, 36.27657], [-95.12618, 36.27832], [-95.12567, 36.27968], [-95.12475, 36.28032], [-95.12364, 36.28058], [-95.12225, 36.28039], [-95.1212, 36.27978], [-95.12103, 36.28124], [-95.12262, 36.28179], [-95.12333, 36.28303], [-95.12484, 36.28353], [-95.12564, 36.28466], [-95.12518, 36.28631], [-95.1238, 36.28736], [-95.12276, 36.28887], [-95.12309, 36.28962]], [[-95.12477, 36.26124], [-95.12394, 36.26129], [-95.12369, 36.26187], [-95.1261, 36.26188], [-95.12591, 36.26117], [-95.12477, 36.26124]], [[-95.15167, 36.31978], [-95.14844, 36.31975], [-95.14702, 36.3191], [-95.14624, 36.31774], [-95.14642, 36.31536], [-95.14523, 36.31567], [-95.14188, 36.31564], [-95.14202, 36.31989], [-95.14775, 36.32012], [-95.15347, 36.32004], [-95.15371, 36.31979], [-95.15167, 36.31978]], [[-95.14895, 36.31395], [-95.14968, 36.31344], [-95.15006, 36.31199], [-95.1511, 36.3113], [-95.15067, 36.30973], [-95.15075, 36.30613], [-95.14995, 36.30685], [-95.14886, 36.30717], [-95.14771, 36.30703], [-95.14683, 36.30651], [-95.14416, 36.30995], [-95.14578, 36.31005], [-95.14703, 36.31068], [-95.14766, 36.31187], [-95.14757, 36.31419], [-95.14895, 36.31395]], [[-95.13983, 36.2362], [-95.13873, 36.2362], [-95.13761, 36.23611], [-95.13991, 36.23686], [-95.14024, 36.2362], [-95.13983, 36.2362]], [[-95.14362, 36.30269], [-95.1439, 36.30209], [-95.14145, 36.30219], [-95.14018, 36.30173], [-95.13944, 36.30078], [-95.13941, 36.29984], [-95.13993, 36.299], [-95.14088, 36.29846], [-95.14225, 36.29822], [-95.14482, 36.29826], [-95.14485, 36.29744], [-95.14294, 36.29714], [-95.14213, 36.29646], [-95.14123, 36.29482], [-95.14011, 36.29481], [-95.13818, 36.29676], [-95.13698, 36.29759], [-95.13585, 36.29796], [-95.13511, 36.29943], [-95.13332, 36.30056], [-95.13374, 36.30206], [-95.13302, 36.30342], [-95.13301, 36.30514], [-95.14224, 36.30543], [-95.14362, 36.30269]], [[-95.13402, 36.32404], [-95.13441, 36.32378], [-95.13335, 36.32378], [-95.1338, 36.32394], [-95.13402, 36.32404]], [[-95.11077, 36.3098], [-95.11178, 36.3092], [-95.10934, 36.30921], [-95.10711, 36.31624], [-95.11029, 36.31623], [-95.11025, 36.31084], [-95.11077, 36.3098]], [[-95.12819, 36.40316], [-95.12735, 36.40226], [-95.12551, 36.39755], [-95.12442, 36.39782], [-95.12332, 36.39774], [-95.12237, 36.39727], [-95.12142, 36.39631], [-95.10641, 36.39637], [-95.10647, 36.40685], [-95.11055, 36.40686], [-95.11056, 36.39941], [-95.11121, 36.39842], [-95.11244, 36.39788], [-95.11403, 36.39807], [-95.1152, 36.39921], [-95.11533, 36.40687], [-95.12849, 36.40685], [-95.12848, 36.40332], [-95.12819, 36.40316]], [[-95.13706, 36.41304], [-95.13526, 36.41413], [-95.13428, 36.41439], [-95.1333, 36.41529], [-95.13332, 36.42146], [-95.14647, 36.42146], [-95.14647, 36.41387], [-95.13929, 36.41266], [-95.13747, 36.41261], [-95.13706, 36.41304]], [[-95.13943, 36.42873], [-95.14649, 36.42876], [-95.14648, 36.42532], [-95.13334, 36.42533], [-95.13332, 36.42871], [-95.13943, 36.42873]], [[-95.128, 36.11616], [-95.12629, 36.11321], [-95.1208, 36.10573], [-95.1208, 36.11613], [-95.128, 36.11616]], [[-95.1273, 36.09439], [-95.12833, 36.09481], [-95.12906, 36.09577], [-95.12902, 36.09689], [-95.1284, 36.09768], [-95.12692, 36.0982], [-95.12079, 36.09822], [-95.1208, 36.09921], [-95.12308, 36.10159], [-95.13396, 36.10171], [-95.13394, 36.0984], [-95.13251, 36.0978], [-95.13189, 36.09641], [-95.13249, 36.0952], [-95.13394, 36.09458], [-95.1339, 36.09096], [-95.12078, 36.09095], [-95.12078, 36.09435], [-95.1273, 36.09439]], [[-95.1252, 36.08709], [-95.13393, 36.0871], [-95.13397, 36.08199], [-95.13335, 36.07987], [-95.13214, 36.07854], [-95.13162, 36.07651], [-95.12077, 36.0765], [-95.12078, 36.08708], [-95.1252, 36.08709]], [[-95.12989, 36.12292], [-95.1288, 36.12323], [-95.12753, 36.12304], [-95.12754, 36.12521], [-95.13088, 36.12522], [-95.13217, 36.12565], [-95.13068, 36.12222], [-95.12989, 36.12292]], [[-95.13396, 36.11405], [-95.13394, 36.10557], [-95.12619, 36.10545], [-95.13097, 36.11211], [-95.13309, 36.11615], [-95.13395, 36.11616], [-95.13396, 36.11405]], [[-95.11444, 36.09895], [-95.11376, 36.09826], [-95.10781, 36.09824], [-95.10837, 36.0991], [-95.10915, 36.10165], [-95.11498, 36.10175], [-95.11605, 36.10106], [-95.11605, 36.10057], [-95.11444, 36.09895]], [[-95.11299, 36.09103], [-95.11275, 36.09103], [-95.11601, 36.09435], [-95.11601, 36.09103], [-95.11299, 36.09103]], [[-95.10652, 36.09108], [-95.10304, 36.09108], [-95.10307, 36.09441], [-95.10993, 36.09437], [-95.10652, 36.09108]], [[-95.1069, 36.07648], [-95.10303, 36.0765], [-95.10304, 36.07902], [-95.10522, 36.07917], [-95.10609, 36.07979], [-95.10646, 36.08049], [-95.10613, 36.08194], [-95.10462, 36.08278], [-95.10897, 36.0872], [-95.11602, 36.08716], [-95.11601, 36.07647], [-95.1069, 36.07648]], [[-95.09687, 36.07656], [-95.09812, 36.07746], [-95.09825, 36.07739], [-95.09826, 36.07655], [-95.09687, 36.07656]], [[-95.09833, 36.21598], [-95.09833, 36.21374], [-95.09236, 36.21433], [-95.07971, 36.21369], [-95.06732, 36.21397], [-95.06729, 36.21767], [-95.07201, 36.21761], [-95.07471, 36.21668], [-95.07872, 36.21682], [-95.08065, 36.21764], [-95.08262, 36.21986], [-95.08513, 36.21863], [-95.08517, 36.21646], [-95.0857, 36.21584], [-95.0867, 36.21537], [-95.08786, 36.21533], [-95.08907, 36.21587], [-95.08966, 36.21669], [-95.08975, 36.21767], [-95.09831, 36.21772], [-95.09833, 36.21598]], [[-95.09749, 36.2092], [-95.09468, 36.20627], [-95.09428, 36.20527], [-95.09438, 36.20362], [-95.09498, 36.20274], [-95.09685, 36.20127], [-95.0992, 36.19837], [-95.10277, 36.1957], [-95.10276, 36.19524], [-95.09839, 36.19642], [-95.09624, 36.1965], [-95.09446, 36.19608], [-95.08924, 36.1962], [-95.08417, 36.19784], [-95.08095, 36.19954], [-95.07554, 36.19967], [-95.07409, 36.19911], [-95.07341, 36.19794], [-95.0738, 36.19667], [-95.07515, 36.19585], [-95.0749, 36.19558], [-95.07164, 36.19321], [-95.07003, 36.1927], [-95.06832, 36.1927], [-95.06805, 36.19349], [-95.06728, 36.19419], [-95.06755, 36.19576], [-95.06719, 36.19792], [-95.06745, 36.20618], [-95.06808, 36.20564], [-95.06923, 36.20523], [-95.06936, 36.20313], [-95.07063, 36.20206], [-95.07177, 36.2019], [-95.07287, 36.2022], [-95.07354, 36.20272], [-95.07395, 36.2036], [-95.07389, 36.20768], [-95.07303, 36.20874], [-95.07167, 36.20938], [-95.07132, 36.20992], [-95.07976, 36.20965], [-95.09313, 36.21028], [-95.09764, 36.20972], [-95.09749, 36.2092]], [[-95.10568, 36.18842], [-95.10767, 36.1873], [-95.10713, 36.18639], [-95.10574, 36.1854], [-95.10474, 36.18401], [-95.10335, 36.18343], [-95.1007, 36.18116], [-95.09841, 36.1816], [-95.09677, 36.18095], [-95.0963, 36.1803], [-95.0962, 36.17937], [-95.09652, 36.17866], [-95.09731, 36.17802], [-95.08274, 36.178], [-95.08166, 36.17777], [-95.08096, 36.17731], [-95.08033, 36.17592], [-95.08034, 36.16349], [-95.07977, 36.16348], [-95.07949, 36.16438], [-95.0789, 36.16497], [-95.07739, 36.16541], [-95.07588, 36.16498], [-95.07469, 36.1635], [-95.06725, 36.16352], [-95.06727, 36.18884], [-95.07102, 36.18887], [-95.07416, 36.18981], [-95.0782, 36.19276], [-95.08043, 36.19523], [-95.08192, 36.1944], [-95.08555, 36.1931], [-95.08839, 36.1924], [-95.0946, 36.19221], [-95.0969, 36.19263], [-95.09901, 36.19233], [-95.10358, 36.19039], [-95.10568, 36.18842]], [[-95.10065, 36.17705], [-95.10212, 36.17703], [-95.10341, 36.1775], [-95.10461, 36.17894], [-95.10846, 36.18153], [-95.10937, 36.18286], [-95.11133, 36.18448], [-95.11235, 36.18432], [-95.1156, 36.18157], [-95.12533, 36.17648], [-95.12578, 36.1754], [-95.12689, 36.17441], [-95.13286, 36.17203], [-95.13305, 36.17184], [-95.13264, 36.17002], [-95.13353, 36.16848], [-95.13404, 36.16457], [-95.13151, 36.1636], [-95.12083, 36.16357], [-95.12082, 36.16701], [-95.12258, 36.16701], [-95.12311, 36.16603], [-95.12405, 36.16547], [-95.12587, 36.16548], [-95.1268, 36.16605], [-95.12723, 36.16672], [-95.1273, 36.16901], [-95.12689, 36.1699], [-95.12565, 36.17075], [-95.12088, 36.17087], [-95.12094, 36.17399], [-95.12135, 36.17576], [-95.12055, 36.17689], [-95.11905, 36.17735], [-95.11772, 36.17704], [-95.11674, 36.17601], [-95.1162, 36.17446], [-95.11611, 36.17083], [-95.10999, 36.16976], [-95.10908, 36.16918], [-95.10863, 36.16831], [-95.10893, 36.16703], [-95.11038, 36.16614], [-95.11188, 36.16616], [-95.11606, 36.16695], [-95.11607, 36.16353], [-95.09398, 36.16352], [-95.09382, 36.16893], [-95.09289, 36.16999], [-95.09158, 36.17033], [-95.09024, 36.17003], [-95.08926, 36.169], [-95.08921, 36.16351], [-95.0851, 36.16349], [-95.08511, 36.17412], [-95.0981, 36.17421], [-95.0993, 36.17476], [-95.09987, 36.17558], [-95.09989, 36.17652], [-95.09933, 36.1774], [-95.10065, 36.17705]], [[-95.12854, 36.15974], [-95.12961, 36.15973], [-95.12983, 36.15724], [-95.1328, 36.15367], [-95.13135, 36.15267], [-95.12997, 36.15262], [-95.12876, 36.15217], [-95.12776, 36.1508], [-95.12494, 36.1493], [-95.12245, 36.1472], [-95.12059, 36.1464], [-95.11969, 36.14548], [-95.11639, 36.14536], [-95.11729, 36.14746], [-95.11875, 36.14754], [-95.11986, 36.1482], [-95.12031, 36.14907], [-95.12027, 36.14982], [-95.11915, 36.15104], [-95.1193, 36.152], [-95.11896, 36.15372], [-95.11817, 36.15573], [-95.1172, 36.15645], [-95.11617, 36.15672], [-95.11568, 36.15739], [-95.1148, 36.15793], [-95.11358, 36.15812], [-95.11191, 36.15785], [-95.11192, 36.15967], [-95.12854, 36.15974]], [[-95.13865, 36.15693], [-95.13655, 36.15584], [-95.13439, 36.15879], [-95.13437, 36.16046], [-95.13481, 36.16066], [-95.13692, 36.16066], [-95.13716, 36.1599], [-95.13876, 36.15768], [-95.13865, 36.15693]], [[-95.12917, 36.14693], [-95.12906, 36.14678], [-95.12907, 36.14688], [-95.12917, 36.14693]], [[-95.13399, 36.14945], [-95.13402, 36.14869], [-95.1338, 36.14935], [-95.13399, 36.14945]], [[-95.12467, 36.19923], [-95.12092, 36.20174], [-95.12093, 36.20327], [-95.12515, 36.20327], [-95.12513, 36.19892], [-95.12467, 36.19923]], [[-95.12248, 36.19424], [-95.12082, 36.19383], [-95.12099, 36.19646], [-95.12295, 36.19471], [-95.12293, 36.19419], [-95.12248, 36.19424]], [[-95.13322, 36.19847], [-95.13355, 36.19622], [-95.13196, 36.19605], [-95.1309, 36.19532], [-95.13057, 36.19387], [-95.13165, 36.19264], [-95.13062, 36.19263], [-95.1299, 36.19325], [-95.12991, 36.20188], [-95.13371, 36.19984], [-95.13322, 36.19847]], [[-95.14339, 36.1888], [-95.14534, 36.18882], [-95.13884, 36.18872], [-95.13884, 36.18878], [-95.14339, 36.1888]], [[-95.10298, 36.15762], [-95.10297, 36.15965], [-95.10715, 36.15965], [-95.10712, 36.15627], [-95.10298, 36.15625], [-95.10298, 36.15762]], [[-95.1162, 36.20603], [-95.11619, 36.2049], [-95.10841, 36.21004], [-95.1031, 36.21247], [-95.10308, 36.21774], [-95.10939, 36.21761], [-95.11571, 36.21215], [-95.11619, 36.21137], [-95.1162, 36.20603]], [[-95.10884, 36.20295], [-95.1077, 36.20186], [-95.10766, 36.20061], [-95.10499, 36.19935], [-95.10297, 36.20075], [-95.10072, 36.2036], [-95.09932, 36.2047], [-95.1018, 36.20733], [-95.1022, 36.20836], [-95.10553, 36.20675], [-95.11104, 36.20312], [-95.10995, 36.20323], [-95.10884, 36.20295]], [[-95.11583, 36.21775], [-95.11623, 36.21777], [-95.11623, 36.21741], [-95.11583, 36.21775]], [[-95.09741, 36.33098], [-95.09651, 36.33272], [-95.09676, 36.33343], [-95.09813, 36.33449], [-95.10192, 36.33448], [-95.10191, 36.331], [-95.09741, 36.33098]], [[-95.1038, 36.36731], [-95.09728, 36.36734], [-95.09733, 36.37006], [-95.09843, 36.37139], [-95.09821, 36.37275], [-95.09674, 36.37445], [-95.09577, 36.37498], [-95.09416, 36.37499], [-95.09304, 36.37433], [-95.09257, 36.37328], [-95.09303, 36.37202], [-95.09256, 36.37091], [-95.09245, 36.36466], [-95.0929, 36.35191], [-95.09152, 36.35195], [-95.08914, 36.35291], [-95.08815, 36.35642], [-95.08886, 36.35801], [-95.08865, 36.35995], [-95.08769, 36.36235], [-95.08762, 36.3654], [-95.08662, 36.36686], [-95.08475, 36.3675], [-95.08066, 36.36694], [-95.07898, 36.36701], [-95.07707, 36.36752], [-95.06737, 36.36736], [-95.06591, 36.36852], [-95.06658, 36.36953], [-95.06684, 36.37059], [-95.06627, 36.37225], [-95.06357, 36.37499], [-95.06149, 36.37568], [-95.0627, 36.37684], [-95.06311, 36.37802], [-95.08181, 36.37802], [-95.08313, 36.37836], [-95.08379, 36.3789], [-95.08417, 36.37979], [-95.08362, 36.3812], [-95.08223, 36.38186], [-95.07968, 36.38187], [-95.07964, 36.38881], [-95.08308, 36.38849], [-95.08585, 36.3878], [-95.0885, 36.38673], [-95.09637, 36.38309], [-95.09553, 36.38209], [-95.09453, 36.3785], [-95.09479, 36.37739], [-95.09576, 36.37659], [-95.09735, 36.37639], [-95.09858, 36.37691], [-95.09918, 36.37772], [-95.09994, 36.3803], [-95.10081, 36.38097], [-95.10278, 36.37989], [-95.1011, 36.37647], [-95.09936, 36.37579], [-95.09877, 36.37439], [-95.0994, 36.3732], [-95.10079, 36.37261], [-95.09995, 36.37206], [-95.09949, 36.3712], [-95.09958, 36.37026], [-95.1002, 36.36947], [-95.10254, 36.36863], [-95.10409, 36.36865], [-95.10552, 36.36903], [-95.10457, 36.36749], [-95.1038, 36.36731]], [[-95.10396, 36.37274], [-95.10324, 36.37248], [-95.1025, 36.37273], [-95.10417, 36.37314], [-95.10438, 36.37285], [-95.10396, 36.37274]], [[-95.03277, 36.22187], [-95.03166, 36.22302], [-95.03166, 36.22426], [-95.03317, 36.22497], [-95.03368, 36.22639], [-95.03331, 36.22736], [-95.03239, 36.22822], [-95.03248, 36.22958], [-95.03167, 36.23138], [-95.03167, 36.23219], [-95.04474, 36.23224], [-95.04471, 36.22158], [-95.03285, 36.22157], [-95.03277, 36.22187]], [[-95.03359, 36.2141], [-95.03167, 36.21423], [-95.03165, 36.2177], [-95.0447, 36.21771], [-95.04463, 36.214], [-95.03359, 36.2141]], [[-95.04454, 36.20901], [-95.04467, 36.19257], [-95.03152, 36.19253], [-95.03156, 36.20308], [-95.03575, 36.20311], [-95.03571, 36.20147], [-95.03616, 36.20061], [-95.03728, 36.19995], [-95.03866, 36.1999], [-95.03968, 36.20035], [-95.04032, 36.20114], [-95.04062, 36.20508], [-95.04006, 36.2063], [-95.03879, 36.20694], [-95.03159, 36.20695], [-95.03166, 36.21018], [-95.04467, 36.20997], [-95.04454, 36.20901]], [[-95.01803, 36.20304], [-95.02679, 36.20306], [-95.02678, 36.19963], [-95.01942, 36.19957], [-95.01749, 36.20037], [-95.01657, 36.20047], [-95.01494, 36.19981], [-95.01435, 36.1986], [-95.0145, 36.19786], [-95.01516, 36.19709], [-95.0181, 36.19576], [-95.02677, 36.19577], [-95.02675, 36.19251], [-95.01356, 36.19253], [-95.01373, 36.20315], [-95.01803, 36.20304]], [[-95.0156, 36.17802], [-95.01349, 36.1791], [-95.01352, 36.18866], [-95.02674, 36.18865], [-95.0267, 36.17806], [-95.0156, 36.17802]], [[-95.0446, 36.18534], [-95.04461, 36.17803], [-95.03147, 36.17806], [-95.03151, 36.18866], [-95.04465, 36.18871], [-95.0446, 36.18534]], [[-95.07167, 36.24253], [-95.07251, 36.24118], [-95.07398, 36.24041], [-95.08046, 36.24028], [-95.08048, 36.23604], [-95.06739, 36.23604], [-95.06752, 36.24743], [-95.07162, 36.24742], [-95.07167, 36.24253]], [[-95.07995, 36.2231], [-95.07863, 36.22218], [-95.07745, 36.22066], [-95.07525, 36.22057], [-95.07392, 36.22117], [-95.07243, 36.22147], [-95.0677, 36.22153], [-95.06822, 36.22289], [-95.06786, 36.22399], [-95.0673, 36.2246], [-95.06727, 36.22843], [-95.06879, 36.22911], [-95.06933, 36.23034], [-95.06892, 36.23141], [-95.0677, 36.23217], [-95.08048, 36.23218], [-95.08043, 36.22331], [-95.07995, 36.2231]], [[-95.06255, 36.20513], [-95.06241, 36.19771], [-95.06278, 36.19584], [-95.06233, 36.19273], [-95.06047, 36.19229], [-95.05877, 36.1911], [-95.05742, 36.19123], [-95.05428, 36.19245], [-95.04944, 36.19255], [-95.0494, 36.20641], [-95.05064, 36.20672], [-95.06271, 36.20678], [-95.06255, 36.20513]], [[-95.0502, 36.23954], [-95.05138, 36.2392], [-95.05274, 36.23945], [-95.05403, 36.24044], [-95.0544, 36.2417], [-95.054, 36.24258], [-95.05292, 36.24329], [-95.0494, 36.2434], [-95.04943, 36.24733], [-95.05689, 36.24735], [-95.05692, 36.24591], [-95.05727, 36.24521], [-95.05812, 36.24458], [-95.05924, 36.24434], [-95.06037, 36.24456], [-95.06124, 36.24519], [-95.06164, 36.24607], [-95.06166, 36.24738], [-95.06274, 36.24739], [-95.06262, 36.23604], [-95.0494, 36.23611], [-95.04934, 36.23953], [-95.0502, 36.23954]], [[-95.06255, 36.21461], [-95.06255, 36.21398], [-95.0494, 36.214], [-95.04947, 36.21771], [-95.06251, 36.21768], [-95.06255, 36.21461]], [[-95.06256, 36.22253], [-95.06258, 36.22155], [-95.04948, 36.22157], [-95.04951, 36.23224], [-95.06255, 36.23217], [-95.06256, 36.22253]], [[-95.05592, 36.3338], [-95.05576, 36.3333], [-95.05431, 36.3337], [-95.05298, 36.33337], [-95.0522, 36.33267], [-95.05192, 36.33173], [-95.05056, 36.33102], [-95.04898, 36.3306], [-95.04847, 36.3314], [-95.04849, 36.33425], [-95.05015, 36.33344], [-95.05124, 36.33328], [-95.05279, 36.33366], [-95.05386, 36.33451], [-95.05654, 36.33451], [-95.05592, 36.3338]], [[-95.07397, 36.27808], [-95.07339, 36.27821], [-95.07413, 36.27821], [-95.07397, 36.27808]], [[-95.06336, 36.27746], [-95.06355, 36.27751], [-95.06344, 36.27722], [-95.06342, 36.27724], [-95.06336, 36.27746]], [[-95.08409, 36.28939], [-95.08482, 36.28865], [-95.08588, 36.28828], [-95.08704, 36.28837], [-95.08797, 36.28885], [-95.09069, 36.28724], [-95.08936, 36.28753], [-95.08065, 36.28745], [-95.07914, 36.287], [-95.07846, 36.28623], [-95.07831, 36.2853], [-95.07871, 36.28442], [-95.07958, 36.2838], [-95.08071, 36.28358], [-95.08658, 36.28365], [-95.08492, 36.28306], [-95.0835, 36.28213], [-95.0823, 36.28028], [-95.08003, 36.27958], [-95.08031, 36.28037], [-95.08009, 36.2813], [-95.07937, 36.28203], [-95.07853, 36.28236], [-95.07563, 36.28208], [-95.06685, 36.28218], [-95.06066, 36.28084], [-95.05932, 36.28027], [-95.05785, 36.28021], [-95.05649, 36.28081], [-95.05483, 36.28089], [-95.05345, 36.28065], [-95.04826, 36.2789], [-95.04591, 36.27877], [-95.04592, 36.28023], [-95.04539, 36.28187], [-95.04415, 36.28298], [-95.04162, 36.28388], [-95.04042, 36.28791], [-95.04071, 36.2903], [-95.04161, 36.29249], [-95.04194, 36.29463], [-95.04394, 36.29614], [-95.0452, 36.29754], [-95.04597, 36.29926], [-95.04613, 36.30082], [-95.04831, 36.30165], [-95.05865, 36.29828], [-95.06687, 36.29597], [-95.07054, 36.29301], [-95.07328, 36.2916], [-95.07641, 36.29085], [-95.08326, 36.29049], [-95.08388, 36.29036], [-95.08409, 36.28939]], [[-95.09187, 36.28614], [-95.09114, 36.28697], [-95.09288, 36.28592], [-95.09279, 36.28518], [-95.09187, 36.28614]], [[-95.07811, 36.36321], [-95.08082, 36.36307], [-95.08291, 36.36335], [-95.08292, 36.36188], [-95.084, 36.3584], [-95.08328, 36.35681], [-95.08357, 36.35521], [-95.08482, 36.35112], [-95.08573, 36.35008], [-95.08662, 36.34961], [-95.08457, 36.34794], [-95.08346, 36.34614], [-95.08082, 36.34424], [-95.07744, 36.34399], [-95.07566, 36.34314], [-95.07499, 36.34192], [-95.07511, 36.33842], [-95.06199, 36.33838], [-95.06198, 36.34161], [-95.06337, 36.34165], [-95.06422, 36.34195], [-95.06499, 36.34266], [-95.06525, 36.34357], [-95.06505, 36.34431], [-95.06434, 36.34505], [-95.06329, 36.34544], [-95.06195, 36.34548], [-95.06191, 36.34903], [-95.0636, 36.34916], [-95.06619, 36.34882], [-95.0673, 36.34909], [-95.06812, 36.34976], [-95.06842, 36.3511], [-95.06965, 36.35204], [-95.07027, 36.35324], [-95.07046, 36.35475], [-95.0696, 36.35673], [-95.0703, 36.35781], [-95.07042, 36.35881], [-95.07008, 36.35972], [-95.06936, 36.36046], [-95.06985, 36.36163], [-95.06983, 36.36354], [-95.07639, 36.36365], [-95.07811, 36.36321]], [[-95.07452, 36.33373], [-95.07503, 36.33344], [-95.07496, 36.33118], [-95.07356, 36.33083], [-95.0722, 36.3299], [-95.07165, 36.33055], [-95.07073, 36.33098], [-95.07085, 36.33451], [-95.07324, 36.33451], [-95.07452, 36.33373]], [[-95.06186, 36.37058], [-95.06154, 36.37019], [-95.06147, 36.37008], [-95.06149, 36.37098], [-95.06186, 36.37058]], [[-95.08678, 36.10518], [-95.08304, 36.10671], [-95.08306, 36.10816], [-95.08506, 36.10715], [-95.08758, 36.10687], [-95.08928, 36.10496], [-95.08678, 36.10518]], [[-95.02688, 36.2177], [-95.02689, 36.21457], [-95.02261, 36.21483], [-95.02266, 36.21769], [-95.02688, 36.2177]], [[-95.01789, 36.21752], [-95.01784, 36.21499], [-95.0175, 36.2148], [-95.01373, 36.2149], [-95.01374, 36.21769], [-95.01789, 36.21752]], [[-95.01796, 36.20754], [-95.01837, 36.20691], [-95.01375, 36.20701], [-95.01372, 36.21085], [-95.01777, 36.21076], [-95.01796, 36.20754]], [[-95.02258, 36.20774], [-95.02254, 36.21041], [-95.02688, 36.21005], [-95.02682, 36.20693], [-95.02211, 36.20691], [-95.02258, 36.20774]], [[-95.01693, 36.30716], [-95.01614, 36.30817], [-95.02128, 36.30663], [-95.02125, 36.30555], [-95.01753, 36.30569], [-95.01693, 36.30716]], [[-95.15672, 36.35762], [-95.15601, 36.35801], [-95.15562, 36.35823], [-95.15628, 36.35833], [-95.15672, 36.35762]], [[-95.28156, 36.07191], [-95.2821, 36.07204], [-95.28215, 36.07165], [-95.2816, 36.07174], [-95.28156, 36.07191]], [[-95.2915, 36.12646], [-95.29006, 36.12554], [-95.2901, 36.12799], [-95.29229, 36.12831], [-95.29206, 36.12653], [-95.2915, 36.12646]]], [[[-95.33518, 36.02085], [-95.33504, 36.02868], [-95.33382, 36.02984], [-95.33185, 36.0301], [-95.32973, 36.03398], [-95.32771, 36.03494], [-95.32434, 36.03512], [-95.32071, 36.03701], [-95.31957, 36.03719], [-95.31793, 36.03705], [-95.31648, 36.03638], [-95.31433, 36.03623], [-95.31319, 36.03532], [-95.31295, 36.0344], [-95.31324, 36.03133], [-95.3125, 36.02819], [-95.31242, 36.02652], [-95.31145, 36.02461], [-95.31042, 36.02362], [-95.31039, 36.02234], [-95.30681, 36.0189], [-95.30532, 36.01816], [-95.30476, 36.01696], [-95.32571, 36.01907], [-95.33518, 36.02085]], [[-95.31851, 36.0222], [-95.31787, 36.02247], [-95.32073, 36.02249], [-95.32026, 36.02217], [-95.31851, 36.0222]]], [[[-95.44869, 36.41841], [-95.44885, 36.41748], [-95.44969, 36.41662], [-95.44941, 36.41514], [-95.4503, 36.41406], [-95.45208, 36.4137], [-95.45422, 36.41393], [-95.45527, 36.41445], [-95.44872, 36.41859], [-95.44869, 36.41841]]], [[[-95.02524, 36.15056], [-95.02652, 36.14885], [-95.02652, 36.14806], [-95.02559, 36.1473], [-95.02714, 36.14449], [-95.03227, 36.14475], [-95.03377, 36.14554], [-95.0342, 36.14659], [-95.03397, 36.14749], [-95.03086, 36.1505], [-95.02831, 36.15378], [-95.02659, 36.15442], [-95.02257, 36.15443], [-95.02263, 36.16141], [-95.02212, 36.16264], [-95.02047, 36.16349], [-95.01721, 36.16353], [-95.0189, 36.15942], [-95.02379, 36.15056], [-95.02524, 36.15056]]], [[[-95.01694, 36.16437], [-95.01691, 36.16499], [-95.02079, 36.16501], [-95.02207, 36.16544], [-95.02293, 36.16674], [-95.0224, 36.16816], [-95.02079, 36.16885], [-95.01501, 36.16886], [-95.01694, 36.16437]]], [[[-95.11486, 36.0589], [-95.11481, 36.0601], [-95.1138, 36.0613], [-95.11214, 36.06187], [-95.11048, 36.0617], [-95.11001, 36.0619], [-95.11486, 36.0589]]], [[[-95.50327, 36.21185], [-95.50203, 36.21266], [-95.50152, 36.21525], [-95.50078, 36.2162], [-95.49905, 36.21667], [-95.49742, 36.21601], [-95.49683, 36.21461], [-95.49757, 36.21109], [-95.49809, 36.21026], [-95.50083, 36.20851], [-95.50201, 36.20806], [-95.50319, 36.20798], [-95.50482, 36.2069], [-95.50597, 36.20676], [-95.50706, 36.20707], [-95.50808, 36.2083], [-95.50773, 36.20975], [-95.50548, 36.21148], [-95.50327, 36.21185]]], [[[-95.29791, 36.0508], [-95.29919, 36.05114], [-95.30003, 36.05178], [-95.3004, 36.05267], [-95.30021, 36.0536], [-95.29955, 36.05448], [-95.29863, 36.05498], [-95.29743, 36.0552], [-95.29572, 36.05501], [-95.29356, 36.05348], [-95.2933, 36.05275], [-95.29348, 36.05182], [-95.29418, 36.05108], [-95.29556, 36.0506], [-95.29791, 36.0508]]], [[[-95.09185, 36.30811], [-95.09112, 36.30885], [-95.09024, 36.30921], [-95.08883, 36.30936], [-95.08723, 36.30918], [-95.0856, 36.30813], [-95.08539, 36.30647], [-95.08583, 36.30579], [-95.08719, 36.30479], [-95.08937, 36.30456], [-95.09019, 36.30489], [-95.09182, 36.30625], [-95.09213, 36.30718], [-95.09185, 36.30811]], [[-95.08779, 36.30621], [-95.08805, 36.30802], [-95.08906, 36.30825], [-95.08948, 36.30807], [-95.08998, 36.30692], [-95.08892, 36.30563], [-95.08779, 36.30621]]], [[[-95.04552, 36.30822], [-95.04718, 36.30761], [-95.0481, 36.30773], [-95.04906, 36.30826], [-95.05055, 36.3103], [-95.05042, 36.31123], [-95.04976, 36.31201], [-95.04803, 36.31249], [-95.04639, 36.31184], [-95.04494, 36.30998], [-95.04496, 36.30904], [-95.04552, 36.30822]]], [[[-95.00827, 36.25414], [-95.00748, 36.25506], [-95.00642, 36.25545], [-95.00527, 36.25539], [-95.00397, 36.25487], [-95.0027, 36.25302], [-95.00273, 36.25167], [-95.00323, 36.25082], [-95.00484, 36.25013], [-95.00659, 36.25056], [-95.00821, 36.25283], [-95.00827, 36.25414]]]]}, "properties": {"class": "roads", "buffer_m": 214.5, "area_km2": 849.18}}, {"type": "Feature", "geometry": {"type": "MultiPolygon", "coordinates": [[[[-95.44722, 36.06362], [-95.48902, 36.12287], [-95.48983, 36.12325], [-95.49087, 36.1233], [-95.51452, 36.12325], [-95.51755, 36.12712], [-95.49217, 36.12716], [-95.519, 36.16272], [-95.52761, 36.17686], [-95.53914, 36.22135], [-95.54681, 36.23738], [-95.55568, 36.24584], [-95.5555, 36.25225], [-95.55381, 36.24999], [-95.54293, 36.23967], [-95.53481, 36.22308], [-95.53353, 36.21899], [-95.52381, 36.1802], [-95.52293, 36.17783], [-95.51442, 36.1641], [-95.4846, 36.12456], [-95.43675, 36.05648], [-95.44588, 36.0617], [-95.44722, 36.06362]]], [[[-95.37201, 36.03283], [-95.37223, 36.0293], [-95.37692, 36.03055], [-95.37625, 36.0409], [-95.37567, 36.04458], [-95.36811, 36.07029], [-95.36613, 36.09743], [-95.36431, 36.10733], [-95.35879, 36.12914], [-95.35302, 36.15009], [-95.35081, 36.15665], [-95.34897, 36.16431], [-95.34426, 36.1986], [-95.34433, 36.22129], [-95.33393, 36.2754], [-95.26254, 36.46575], [-95.25757, 36.46565], [-95.329, 36.2755], [-95.33418, 36.24908], [-95.33599, 36.23807], [-95.33538, 36.23756], [-95.32809, 36.23751], [-95.32516, 36.23657], [-95.30977, 36.22324], [-95.30831, 36.22267], [-95.30981, 36.22557], [-95.30998, 36.22703], [-95.30969, 36.22886], [-95.30902, 36.23027], [-95.30688, 36.23325], [-95.30585, 36.23579], [-95.30305, 36.23844], [-95.30291, 36.23941], [-95.30407, 36.23929], [-95.30515, 36.23963], [-95.31023, 36.24305], [-95.31096, 36.24405], [-95.31299, 36.24407], [-95.3145, 36.24453], [-95.31549, 36.24524], [-95.3162, 36.2464], [-95.32715, 36.24639], [-95.32723, 36.24426], [-95.32817, 36.24321], [-95.32973, 36.24288], [-95.33281, 36.2434], [-95.33389, 36.24436], [-95.33398, 36.24566], [-95.33322, 36.2466], [-95.33191, 36.24704], [-95.3315, 36.24857], [-95.33022, 36.24974], [-95.3281, 36.25026], [-95.31238, 36.25023], [-95.31043, 36.24982], [-95.30395, 36.24674], [-95.30386, 36.24786], [-95.30334, 36.2487], [-95.30217, 36.2493], [-95.30101, 36.24932], [-95.29998, 36.2489], [-95.29931, 36.24813], [-95.2992, 36.24574], [-95.29512, 36.24561], [-95.29349, 36.24507], [-95.29108, 36.24377], [-95.28874, 36.24551], [-95.28642, 36.24923], [-95.28519, 36.25004], [-95.28363, 36.25054], [-95.28339, 36.2562], [-95.28265, 36.25751], [-95.28124, 36.25865], [-95.2812, 36.2641], [-95.28089, 36.26526], [-95.28075, 36.26991], [-95.27965, 36.27157], [-95.27747, 36.27259], [-95.26626, 36.27272], [-95.26511, 36.2732], [-95.26352, 36.27334], [-95.26111, 36.27331], [-95.25984, 36.27274], [-95.2472, 36.27277], [-95.24557, 36.27298], [-95.22492, 36.27292], [-95.22238, 36.27341], [-95.22, 36.27337], [-95.21885, 36.2729], [-95.21377, 36.27292], [-95.21298, 36.27401], [-95.21148, 36.27447], [-95.21035, 36.27426], [-95.20947, 36.27365], [-95.20906, 36.27277], [-95.20916, 36.27186], [-95.20968, 36.27079], [-95.2107, 36.26985], [-95.21198, 36.26928], [-95.21337, 36.26906], [-95.22295, 36.26887], [-95.24549, 36.26912], [-95.24712, 36.26891], [-95.27609, 36.26882], [-95.2765, 36.25819], [-95.27721, 36.25654], [-95.27877, 36.25522], [-95.27885, 36.25253], [-95.27748, 36.25286], [-95.27616, 36.25252], [-95.2753, 36.25165], [-95.27513, 36.25055], [-95.27343, 36.25047], [-95.27204, 36.25], [-95.27092, 36.24908], [-95.27035, 36.24796], [-95.27035, 36.23861], [-95.27084, 36.2374], [-95.27156, 36.23663], [-95.27157, 36.23335], [-95.27234, 36.23014], [-95.27381, 36.22916], [-95.27563, 36.2293], [-95.27649, 36.22992], [-95.27689, 36.2308], [-95.27633, 36.23379], [-95.27717, 36.2344], [-95.27827, 36.23408], [-95.2816, 36.23407], [-95.28156, 36.23097], [-95.2811, 36.2299], [-95.28104, 36.22811], [-95.2791, 36.22807], [-95.27805, 36.22767], [-95.27728, 36.22673], [-95.27721, 36.22575], [-95.27822, 36.22451], [-95.27947, 36.22397], [-95.28099, 36.22388], [-95.28127, 36.2229], [-95.28204, 36.22221], [-95.28329, 36.22188], [-95.28465, 36.2221], [-95.28551, 36.22273], [-95.2859, 36.22361], [-95.28581, 36.22921], [-95.28631, 36.23029], [-95.28638, 36.23556], [-95.28752, 36.23597], [-95.28822, 36.23672], [-95.2884, 36.23932], [-95.28933, 36.24018], [-95.2908, 36.23991], [-95.29251, 36.24008], [-95.29596, 36.24176], [-95.29716, 36.24195], [-95.29806, 36.2414], [-95.29816, 36.23838], [-95.29866, 36.2369], [-95.30163, 36.23397], [-95.3025, 36.23171], [-95.30478, 36.22849], [-95.30519, 36.22731], [-95.30483, 36.2256], [-95.30123, 36.22098], [-95.29995, 36.2201], [-95.29201, 36.2161], [-95.29021, 36.21455], [-95.28879, 36.21265], [-95.2872, 36.20849], [-95.28718, 36.20664], [-95.28766, 36.20453], [-95.28553, 36.20065], [-95.28503, 36.19896], [-95.28514, 36.19724], [-95.28629, 36.19456], [-95.28638, 36.19315], [-95.28299, 36.19108], [-95.28177, 36.18896], [-95.28206, 36.18767], [-95.28325, 36.1868], [-95.2844, 36.18666], [-95.28549, 36.18698], [-95.28614, 36.18751], [-95.28673, 36.18856], [-95.28817, 36.18941], [-95.28902, 36.18869], [-95.29036, 36.1884], [-95.29167, 36.18877], [-95.29248, 36.18961], [-95.29422, 36.18804], [-95.29563, 36.18727], [-95.29721, 36.1869], [-95.29892, 36.18691], [-95.30152, 36.18786], [-95.30271, 36.18894], [-95.30338, 36.19008], [-95.30361, 36.19129], [-95.3034, 36.19268], [-95.30271, 36.19388], [-95.30177, 36.19479], [-95.30047, 36.19546], [-95.29876, 36.19582], [-95.29301, 36.19534], [-95.29108, 36.1969], [-95.29008, 36.19871], [-95.29007, 36.19924], [-95.29241, 36.20386], [-95.29269, 36.20996], [-95.29338, 36.21143], [-95.29437, 36.21258], [-95.29575, 36.21354], [-95.30489, 36.21798], [-95.31027, 36.21907], [-95.31235, 36.21995], [-95.32801, 36.23346], [-95.32887, 36.2337], [-95.33513, 36.23367], [-95.33705, 36.23393], [-95.33965, 36.22005], [-95.3395, 36.19831], [-95.34425, 36.16377], [-95.34615, 36.1558], [-95.34838, 36.14919], [-95.35413, 36.12831], [-95.3593, 36.1079], [-95.36132, 36.09716], [-95.3634, 36.06973], [-95.36409, 36.06663], [-95.3709, 36.04428], [-95.3715, 36.0406], [-95.37201, 36.03283]], [[-95.29725, 36.19184], [-95.29856, 36.19191], [-95.29884, 36.1915], [-95.29867, 36.191], [-95.29813, 36.19073], [-95.29745, 36.19089], [-95.29683, 36.19179], [-95.29725, 36.19184]], [[-95.28213, 36.24663], [-95.2828, 36.2466], [-95.2845, 36.24372], [-95.28558, 36.24257], [-95.28457, 36.24166], [-95.2848, 36.24294], [-95.28415, 36.24393], [-95.28293, 36.24446], [-95.281, 36.24449], [-95.27957, 36.24547], [-95.2797, 36.24668], [-95.28213, 36.24663]], [[-95.27707, 36.24063], [-95.28245, 36.24059], [-95.2837, 36.24089], [-95.28199, 36.23915], [-95.28162, 36.23794], [-95.27804, 36.2379], [-95.27653, 36.23709], [-95.27591, 36.2384], [-95.27509, 36.23923], [-95.27503, 36.24063], [-95.27707, 36.24063]]]]}, "properties": {"class": "rails", "buffer_m": 214.5, "area_km2": 47.75}}, {"type": "Feature", "geometry": {"type": "MultiPolygon", "coordinates": [[[[-95.53344, 36.15284], [-95.53279, 36.15456], [-95.53123, 36.15607], [-95.53214, 36.15992], [-95.53196, 36.16094], [-95.5312, 36.16229], [-95.53181, 36.16333], [-95.53187, 36.16437], [-95.53155, 36.16518], [-95.53191, 36.1668], [-95.53149, 36.16774], [-95.53036, 36.1685], [-95.52997, 36.16916], [-95.53099, 36.17002], [-95.53148, 36.17252], [-95.53256, 36.1737], [-95.53268, 36.17464], [-95.53235, 36.17545], [-95.53332, 36.17849], [-95.53249, 36.17999], [-95.5328, 36.18091], [-95.53244, 36.18396], [-95.53085, 36.18521], [-95.52914, 36.18551], [-95.52776, 36.18501], [-95.52696, 36.18397], [-95.52708, 36.1816], [-95.5267, 36.1802], [-95.52711, 36.17846], [-95.52644, 36.17706], [-95.52675, 36.17606], [-95.52561, 36.17459], [-95.52537, 36.17234], [-95.52452, 36.17154], [-95.524, 36.17012], [-95.52415, 36.16616], [-95.52467, 36.16525], [-95.52603, 36.16426], [-95.52555, 36.16343], [-95.52543, 36.16222], [-95.52631, 36.1606], [-95.52541, 36.15875], [-95.52495, 36.15627], [-95.52523, 36.15517], [-95.52611, 36.15435], [-95.52647, 36.15341], [-95.52524, 36.15347], [-95.52406, 36.15312], [-95.52322, 36.15236], [-95.52292, 36.15137], [-95.52305, 36.14928], [-95.52405, 36.14815], [-95.52329, 36.14656], [-95.52329, 36.14553], [-95.5244, 36.14408], [-95.52578, 36.14325], [-95.52621, 36.14139], [-95.52516, 36.14008], [-95.52518, 36.13865], [-95.53204, 36.14966], [-95.53344, 36.15284]]], [[[-95.55482, 36.26004], [-95.55342, 36.26021], [-95.55153, 36.25968], [-95.54949, 36.25777], [-95.54903, 36.25623], [-95.54936, 36.25529], [-95.55005, 36.2546], [-95.55119, 36.25417], [-95.55238, 36.25418], [-95.55261, 36.25335], [-95.55342, 36.25244], [-95.55438, 36.25197], [-95.55541, 36.25185], [-95.55536, 36.25748], [-95.55482, 36.26004]]], [[[-95.52558, 36.20963], [-95.52469, 36.21004], [-95.52121, 36.21063], [-95.51918, 36.21055], [-95.51778, 36.20975], [-95.51737, 36.20901], [-95.51726, 36.20758], [-95.51583, 36.20454], [-95.51571, 36.20158], [-95.51667, 36.20016], [-95.51783, 36.19974], [-95.52183, 36.1995], [-95.52285, 36.1997], [-95.52385, 36.20037], [-95.52567, 36.20322], [-95.52647, 36.20796], [-95.52631, 36.20878], [-95.52558, 36.20963]]], [[[-95.5416, 36.29921], [-95.54243, 36.30152], [-95.54211, 36.30237], [-95.54114, 36.30319], [-95.53991, 36.30351], [-95.5389, 36.30341], [-95.53715, 36.3027], [-95.53608, 36.30177], [-95.53572, 36.30078], [-95.53596, 36.29903], [-95.53649, 36.29805], [-95.53739, 36.29733], [-95.53888, 36.29705], [-95.54009, 36.29736], [-95.54118, 36.29827], [-95.5416, 36.29921]]], [[[-95.53847, 36.30448], [-95.53833, 36.30546], [-95.53779, 36.30618], [-95.53658, 36.30689], [-95.53539, 36.30709], [-95.53429, 36.30691], [-95.53337, 36.30639], [-95.53262, 36.30544], [-95.5324, 36.30447], [-95.53261, 36.30355], [-95.53316, 36.30283], [-95.53399, 36.30232], [-95.53517, 36.30209], [-95.53704, 36.30265], [-95.53811, 36.3036], [-95.53847, 36.30448]]], [[[-95.54135, 36.31278], [-95.53956, 36.3123], [-95.5382, 36.31095], [-95.53757, 36.30952], [-95.53772, 36.30839], [-95.539, 36.30721], [-95.54028, 36.30695], [-95.54134, 36.30711], [-95.54246, 36.30597], [-95.54424, 36.30565], [-95.54135, 36.31278]]], [[[-95.53612, 36.31768], [-95.53548, 36.31695], [-95.53525, 36.316], [-95.53555, 36.31481], [-95.53622, 36.31404], [-95.53709, 36.31359], [-95.53828, 36.31343], [-95.54076, 36.31424], [-95.53904, 36.31846], [-95.53711, 36.31814], [-95.53612, 36.31768]]], [[[-95.4476, 36.08521], [-95.44795, 36.0843], [-95.44861, 36.08368], [-95.44985, 36.08312], [-95.45125, 36.08306], [-95.45287, 36.08391], [-95.4534, 36.08478], [-95.45354, 36.08591], [-95.45311, 36.08684], [-95.4523, 36.08751], [-95.45132, 36.08782], [-95.44999, 36.08782], [-95.44903, 36.08756], [-95.44818, 36.08693], [-95.4476, 36.08521]]], [[[-95.46095, 36.08716], [-95.4623, 36.08711], [-95.46339, 36.08751], [-95.46419, 36.08824], [-95.4645, 36.08907], [-95.46438, 36.09129], [-95.46402, 36.09227], [-95.46314, 36.09308], [-95.46187, 36.09345], [-95.46087, 36.09336], [-95.45979, 36.09284], [-95.45916, 36.09201], [-95.45874, 36.09074], [-95.45924, 36.08848], [-95.45986, 36.08771], [-95.46095, 36.08716]]], [[[-95.41712, 36.09091], [-95.41763, 36.09017], [-95.41864, 36.08958], [-95.41988, 36.08945], [-95.42091, 36.08971], [-95.42254, 36.09066], [-95.42323, 36.09149], [-95.42343, 36.09251], [-95.42312, 36.09342], [-95.42136, 36.09468], [-95.42011, 36.09483], [-95.41895, 36.09457], [-95.41732, 36.09319], [-95.41698, 36.09204], [-95.41712, 36.09091]]], [[[-95.45643, 36.09453], [-95.45476, 36.09586], [-95.45355, 36.09603], [-95.45238, 36.09579], [-95.45149, 36.09519], [-95.45096, 36.09439], [-95.45078, 36.09326], [-95.45111, 36.0923], [-95.45174, 36.09165], [-95.45263, 36.09124], [-95.45507, 36.09138], [-95.45591, 36.0919], [-95.45647, 36.09273], [-95.45667, 36.09364], [-95.45643, 36.09453]]], [[[-95.50013, 36.10618], [-95.49821, 36.10618], [-95.49673, 36.10542], [-95.49618, 36.10406], [-95.49686, 36.10268], [-95.50013, 36.10618]]], [[[-95.45381, 36.13432], [-95.45468, 36.13499], [-95.45514, 36.13591], [-95.45522, 36.13735], [-95.45482, 36.13822], [-95.45409, 36.13884], [-95.45302, 36.13919], [-95.45153, 36.13913], [-95.45051, 36.13879], [-95.44976, 36.13821], [-95.44934, 36.13742], [-95.44928, 36.13601], [-95.44961, 36.13524], [-95.4513, 36.1341], [-95.45249, 36.13398], [-95.45381, 36.13432]]], [[[-95.4345, 36.13941], [-95.43382, 36.14028], [-95.43284, 36.14081], [-95.43145, 36.14097], [-95.43025, 36.14063], [-95.42939, 36.13996], [-95.42885, 36.13886], [-95.42888, 36.13801], [-95.42948, 36.13672], [-95.4311, 36.13585], [-95.43317, 36.13619], [-95.43391, 36.13679], [-95.43453, 36.13802], [-95.4345, 36.13941]]], [[[-95.49315, 36.13715], [-95.49419, 36.13723], [-95.49513, 36.13763], [-95.49587, 36.13841], [-95.49612, 36.13924], [-95.49578, 36.14041], [-95.49471, 36.1413], [-95.49599, 36.14246], [-95.49603, 36.14399], [-95.4952, 36.14497], [-95.4936, 36.14545], [-95.48907, 36.14435], [-95.48686, 36.14292], [-95.48608, 36.14146], [-95.48659, 36.13911], [-95.4875, 36.13811], [-95.4891, 36.13767], [-95.49092, 36.13809], [-95.49211, 36.13741], [-95.49315, 36.13715]]], [[[-95.51819, 36.14678], [-95.51719, 36.14729], [-95.51593, 36.1474], [-95.51472, 36.14701], [-95.514, 36.14637], [-95.51364, 36.14557], [-95.51369, 36.14437], [-95.51413, 36.14346], [-95.51489, 36.14284], [-95.51689, 36.1425], [-95.51801, 36.14288], [-95.51867, 36.14345], [-95.51913, 36.14489], [-95.5188, 36.14604], [-95.51819, 36.14678]]], [[[-95.5025, 36.14308], [-95.50337, 36.14366], [-95.50389, 36.14457], [-95.50398, 36.14599], [-95.50364, 36.14693], [-95.50281, 36.14813], [-95.50175, 36.14878], [-95.49999, 36.14894], [-95.49883, 36.14871], [-95.49786, 36.14804], [-95.49704, 36.14666], [-95.49696, 36.14473], [-95.49731, 36.14385], [-95.4982, 36.1431], [-95.49916, 36.14279], [-95.5025, 36.14308]]], [[[-95.48106, 36.14778], [-95.4804, 36.14707], [-95.48012, 36.14625], [-95.48025, 36.14536], [-95.48076, 36.14462], [-95.48259, 36.14382], [-95.48369, 36.14387], [-95.48476, 36.14434], [-95.48543, 36.14502], [-95.48572, 36.14591], [-95.48554, 36.14692], [-95.48501, 36.1476], [-95.48314, 36.1483], [-95.48195, 36.14819], [-95.48106, 36.14778]]], [[[-95.4888, 36.1494], [-95.48807, 36.14876], [-95.48773, 36.14799], [-95.48776, 36.14713], [-95.48828, 36.14612], [-95.49023, 36.14507], [-95.49127, 36.14507], [-95.49223, 36.14539], [-95.49296, 36.146], [-95.49342, 36.14694], [-95.49343, 36.14788], [-95.49305, 36.1487], [-95.49452, 36.14916], [-95.49538, 36.15018], [-95.49559, 36.15166], [-95.49512, 36.15278], [-95.49433, 36.1534], [-95.4934, 36.1537], [-95.4922, 36.15374], [-95.4912, 36.15342], [-95.48996, 36.15264], [-95.4894, 36.1517], [-95.48947, 36.15063], [-95.49007, 36.1498], [-95.4888, 36.1494]]], [[[-95.42696, 36.15208], [-95.42595, 36.15286], [-95.42434, 36.15319], [-95.42296, 36.15296], [-95.42181, 36.1521], [-95.42142, 36.15106], [-95.42164, 36.14983], [-95.42273, 36.14795], [-95.42367, 36.14728], [-95.42563, 36.14713], [-95.42651, 36.14752], [-95.42721, 36.1482], [-95.42766, 36.14974], [-95.42747, 36.15123], [-95.42696, 36.15208]]], [[[-95.46399, 36.15457], [-95.46361, 36.15377], [-95.46366, 36.15278], [-95.46403, 36.15204], [-95.46483, 36.15138], [-95.46591, 36.15104], [-95.4671, 36.15107], [-95.46813, 36.15141], [-95.46887, 36.15201], [-95.46928, 36.15367], [-95.46891, 36.15446], [-95.4681, 36.15514], [-95.467, 36.1555], [-95.46573, 36.15551], [-95.46474, 36.15519], [-95.46399, 36.15457]]], [[[-95.51191, 36.1598], [-95.51217, 36.16164], [-95.51174, 36.16236], [-95.51079, 36.16299], [-95.50859, 36.16313], [-95.50727, 36.16249], [-95.50654, 36.16169], [-95.50634, 36.1609], [-95.50656, 36.15994], [-95.50712, 36.15924], [-95.50798, 36.15877], [-95.5092, 36.1586], [-95.51041, 36.1588], [-95.51191, 36.1598]]], [[[-95.42485, 36.17309], [-95.42537, 36.17234], [-95.42633, 36.17176], [-95.42762, 36.17153], [-95.4287, 36.1717], [-95.42961, 36.17219], [-95.43027, 36.173], [-95.43047, 36.17391], [-95.43023, 36.17489], [-95.42955, 36.17568], [-95.4287, 36.17611], [-95.42752, 36.17626], [-95.4264, 36.17605], [-95.42509, 36.17503], [-95.42474, 36.17404], [-95.42485, 36.17309]]], [[[-95.4285, 36.2586], [-95.4277, 36.25992], [-95.42528, 36.26124], [-95.42439, 36.26263], [-95.4216, 36.26382], [-95.41878, 36.26414], [-95.41765, 36.26371], [-95.41687, 36.26289], [-95.41664, 36.26136], [-95.41727, 36.26023], [-95.41946, 36.25919], [-95.42125, 36.25888], [-95.42203, 36.25758], [-95.42433, 36.25572], [-95.42593, 36.25557], [-95.42777, 36.25626], [-95.42859, 36.25739], [-95.4285, 36.2586]]], [[[-95.37494, 36.04332], [-95.37298, 36.04435], [-95.37063, 36.04452], [-95.36911, 36.04507], [-95.36772, 36.04515], [-95.36684, 36.04616], [-95.36581, 36.04667], [-95.36401, 36.04677], [-95.36209, 36.04637], [-95.36096, 36.04808], [-95.35935, 36.04887], [-95.35809, 36.04907], [-95.35618, 36.05123], [-95.35467, 36.05213], [-95.35233, 36.05254], [-95.3504, 36.05224], [-95.34897, 36.05341], [-95.3468, 36.05419], [-95.34514, 36.0542], [-95.34384, 36.05379], [-95.34285, 36.05528], [-95.34158, 36.05607], [-95.34056, 36.05635], [-95.33768, 36.05646], [-95.33393, 36.05614], [-95.3333, 36.0564], [-95.33309, 36.05723], [-95.33234, 36.05817], [-95.33148, 36.05862], [-95.33048, 36.05876], [-95.32883, 36.05825], [-95.32785, 36.05678], [-95.3278, 36.05483], [-95.32813, 36.05397], [-95.32709, 36.05254], [-95.32701, 36.05133], [-95.32791, 36.05], [-95.32985, 36.04919], [-95.3294, 36.0476], [-95.32802, 36.04579], [-95.32611, 36.04203], [-95.32613, 36.04078], [-95.32688, 36.03985], [-95.32576, 36.03867], [-95.32467, 36.03823], [-95.32411, 36.03841], [-95.32337, 36.0399], [-95.32217, 36.04065], [-95.32067, 36.04073], [-95.31931, 36.04014], [-95.31727, 36.04126], [-95.31528, 36.04114], [-95.31437, 36.04191], [-95.31344, 36.04221], [-95.31173, 36.042], [-95.31048, 36.04097], [-95.30872, 36.04204], [-95.30665, 36.04257], [-95.30503, 36.04336], [-95.304, 36.04433], [-95.30289, 36.04694], [-95.30166, 36.04767], [-95.30029, 36.04783], [-95.29744, 36.05117], [-95.2986, 36.05119], [-95.3, 36.05171], [-95.30131, 36.05169], [-95.30399, 36.05228], [-95.30504, 36.05283], [-95.30565, 36.05371], [-95.30562, 36.05493], [-95.30471, 36.05603], [-95.30337, 36.05659], [-95.30139, 36.0566], [-95.30116, 36.0568], [-95.30224, 36.05794], [-95.30241, 36.05889], [-95.30216, 36.05969], [-95.30284, 36.06073], [-95.30312, 36.06197], [-95.30301, 36.06294], [-95.30236, 36.06398], [-95.30037, 36.06485], [-95.29862, 36.06472], [-95.2978, 36.06423], [-95.29712, 36.06336], [-95.29575, 36.06278], [-95.29414, 36.06139], [-95.29309, 36.0612], [-95.29228, 36.06074], [-95.29133, 36.05915], [-95.29031, 36.05897], [-95.28932, 36.05834], [-95.28857, 36.05696], [-95.28636, 36.05631], [-95.28456, 36.05716], [-95.28349, 36.05843], [-95.28254, 36.06115], [-95.28142, 36.06303], [-95.27871, 36.06501], [-95.27744, 36.06562], [-95.27806, 36.0671], [-95.27742, 36.06842], [-95.27617, 36.06925], [-95.27523, 36.06953], [-95.27423, 36.0695], [-95.27315, 36.06906], [-95.27213, 36.07002], [-95.27092, 36.07225], [-95.27006, 36.07304], [-95.26797, 36.07417], [-95.26672, 36.07433], [-95.26567, 36.07417], [-95.26512, 36.07441], [-95.26489, 36.07502], [-95.26558, 36.07573], [-95.26583, 36.07652], [-95.2653, 36.0794], [-95.2639, 36.0809], [-95.2624, 36.08152], [-95.26209, 36.08332], [-95.26128, 36.08415], [-95.26033, 36.08455], [-95.25986, 36.08609], [-95.25899, 36.08702], [-95.26017, 36.08937], [-95.26079, 36.09386], [-95.26445, 36.1006], [-95.26718, 36.10335], [-95.26848, 36.10364], [-95.27157, 36.10312], [-95.27379, 36.10372], [-95.27473, 36.10491], [-95.27476, 36.10635], [-95.27545, 36.10718], [-95.27575, 36.10838], [-95.27549, 36.10937], [-95.2749, 36.11002], [-95.2738, 36.1105], [-95.27259, 36.11051], [-95.27189, 36.1125], [-95.27069, 36.11344], [-95.26937, 36.11396], [-95.26812, 36.11399], [-95.267, 36.11355], [-95.26632, 36.11284], [-95.2625, 36.11824], [-95.26162, 36.1231], [-95.26165, 36.12486], [-95.26103, 36.1259], [-95.26118, 36.12617], [-95.26547, 36.12729], [-95.26734, 36.12716], [-95.26913, 36.12821], [-95.27492, 36.12939], [-95.28037, 36.13148], [-95.28235, 36.13174], [-95.28358, 36.13274], [-95.28571, 36.13381], [-95.29018, 36.13515], [-95.29133, 36.13325], [-95.29313, 36.1325], [-95.29407, 36.13161], [-95.29567, 36.13103], [-95.29735, 36.13131], [-95.29845, 36.13237], [-95.29845, 36.13395], [-95.29918, 36.13476], [-95.29944, 36.13571], [-95.29876, 36.13718], [-95.29704, 36.13796], [-95.29755, 36.1391], [-95.30223, 36.14359], [-95.30438, 36.14822], [-95.30574, 36.14971], [-95.30607, 36.1507], [-95.30837, 36.15094], [-95.31078, 36.15031], [-95.31347, 36.15005], [-95.3148, 36.15063], [-95.31653, 36.15276], [-95.31707, 36.15514], [-95.31664, 36.15628], [-95.31573, 36.15696], [-95.314, 36.15759], [-95.31191, 36.15897], [-95.30889, 36.16], [-95.30736, 36.16], [-95.30426, 36.1581], [-95.30342, 36.15701], [-95.30261, 36.15661], [-95.30086, 36.15766], [-95.29689, 36.15916], [-95.29522, 36.16009], [-95.29611, 36.1618], [-95.29668, 36.16401], [-95.29626, 36.16738], [-95.29561, 36.16871], [-95.2964, 36.16963], [-95.29866, 36.16876], [-95.30037, 36.16848], [-95.30557, 36.16911], [-95.3081, 36.1699], [-95.31008, 36.17107], [-95.31146, 36.17151], [-95.31241, 36.17216], [-95.31291, 36.17292], [-95.31311, 36.17446], [-95.31281, 36.17542], [-95.31101, 36.17731], [-95.30865, 36.17898], [-95.30777, 36.18077], [-95.30615, 36.18274], [-95.30646, 36.18411], [-95.30997, 36.18922], [-95.30954, 36.19083], [-95.30835, 36.19198], [-95.3085, 36.19345], [-95.30747, 36.19468], [-95.30752, 36.195], [-95.31177, 36.19767], [-95.31329, 36.19969], [-95.31486, 36.19977], [-95.31712, 36.201], [-95.31848, 36.20021], [-95.32412, 36.19951], [-95.3265, 36.19988], [-95.3287, 36.20109], [-95.32978, 36.20222], [-95.33154, 36.20594], [-95.3314, 36.20822], [-95.33097, 36.20943], [-95.33131, 36.21018], [-95.33237, 36.20992], [-95.33444, 36.20777], [-95.33481, 36.20663], [-95.33565, 36.2058], [-95.33771, 36.20513], [-95.34048, 36.20492], [-95.34145, 36.20412], [-95.34367, 36.20367], [-95.34825, 36.20125], [-95.35115, 36.20077], [-95.35222, 36.20082], [-95.3538, 36.20037], [-95.35487, 36.2004], [-95.35645, 36.20116], [-95.35787, 36.20302], [-95.35894, 36.20202], [-95.36002, 36.20159], [-95.36115, 36.20157], [-95.36282, 36.2003], [-95.3642, 36.20004], [-95.36521, 36.20018], [-95.36676, 36.20122], [-95.36833, 36.20172], [-95.36936, 36.20265], [-95.37004, 36.2056], [-95.37175, 36.20697], [-95.37218, 36.20767], [-95.37269, 36.21169], [-95.37368, 36.21216], [-95.375, 36.21342], [-95.37622, 36.21358], [-95.37771, 36.21324], [-95.37892, 36.21352], [-95.37984, 36.21423], [-95.3802, 36.215], [-95.38017, 36.21582], [-95.37948, 36.21717], [-95.37835, 36.21828], [-95.37695, 36.21882], [-95.37524, 36.21866], [-95.37436, 36.21821], [-95.37379, 36.21755], [-95.372, 36.21692], [-95.37028, 36.21543], [-95.36868, 36.21486], [-95.3678, 36.21414], [-95.36747, 36.21338], [-95.36719, 36.20926], [-95.36547, 36.20769], [-95.36469, 36.20559], [-95.36433, 36.2055], [-95.36308, 36.20597], [-95.36179, 36.20596], [-95.3605, 36.20706], [-95.35795, 36.20764], [-95.35455, 36.2067], [-95.35303, 36.20549], [-95.35199, 36.20552], [-95.35097, 36.20522], [-95.34993, 36.2053], [-95.34519, 36.20776], [-95.34384, 36.20888], [-95.33936, 36.20922], [-95.33604, 36.21295], [-95.3347, 36.21372], [-95.33355, 36.21403], [-95.33216, 36.21499], [-95.33057, 36.21524], [-95.32913, 36.21484], [-95.32795, 36.21381], [-95.32619, 36.21126], [-95.32565, 36.20931], [-95.32635, 36.20672], [-95.32511, 36.20419], [-95.32396, 36.20375], [-95.3214, 36.20404], [-95.32076, 36.20414], [-95.31921, 36.20525], [-95.31703, 36.20545], [-95.31466, 36.20506], [-95.31327, 36.20404], [-95.31103, 36.20396], [-95.30963, 36.20307], [-95.30794, 36.20059], [-95.30361, 36.19787], [-95.30248, 36.19681], [-95.30215, 36.19602], [-95.30214, 36.19336], [-95.30285, 36.19235], [-95.3033, 36.19021], [-95.30425, 36.1893], [-95.30156, 36.18554], [-95.30089, 36.18372], [-95.30101, 36.18198], [-95.3016, 36.1805], [-95.30333, 36.17843], [-95.30424, 36.17667], [-95.30707, 36.17453], [-95.30576, 36.17369], [-95.30431, 36.17322], [-95.30049, 36.17274], [-95.2967, 36.17402], [-95.29442, 36.17373], [-95.29336, 36.17322], [-95.29085, 36.17058], [-95.29041, 36.16969], [-95.29044, 36.16798], [-95.29117, 36.16639], [-95.29146, 36.16432], [-95.29081, 36.16244], [-95.28641, 36.16531], [-95.28495, 36.1669], [-95.28368, 36.16922], [-95.28371, 36.1703], [-95.283, 36.17225], [-95.27893, 36.17814], [-95.27525, 36.18254], [-95.27184, 36.18595], [-95.2704, 36.18668], [-95.26979, 36.18795], [-95.26778, 36.19003], [-95.26689, 36.19055], [-95.26544, 36.19083], [-95.26474, 36.19318], [-95.26347, 36.19455], [-95.26231, 36.19744], [-95.26087, 36.1989], [-95.26058, 36.19959], [-95.26123, 36.20209], [-95.26703, 36.20211], [-95.26803, 36.20237], [-95.26882, 36.20292], [-95.27203, 36.20685], [-95.27219, 36.21011], [-95.2719, 36.21111], [-95.27105, 36.21188], [-95.26986, 36.21224], [-95.25753, 36.21229], [-95.25779, 36.21394], [-95.25988, 36.21856], [-95.26093, 36.22281], [-95.26101, 36.22634], [-95.26136, 36.22759], [-95.26049, 36.23121], [-95.26309, 36.23079], [-95.26669, 36.23079], [-95.26878, 36.23152], [-95.26987, 36.23257], [-95.27038, 36.23359], [-95.26953, 36.23695], [-95.27, 36.23738], [-95.27127, 36.23767], [-95.27313, 36.23864], [-95.2745, 36.24016], [-95.27479, 36.24269], [-95.27436, 36.24404], [-95.27326, 36.24534], [-95.27041, 36.24753], [-95.27269, 36.24795], [-95.27529, 36.24932], [-95.27804, 36.25184], [-95.28126, 36.24969], [-95.28295, 36.24928], [-95.28413, 36.24937], [-95.28503, 36.24977], [-95.28686, 36.25167], [-95.28846, 36.2512], [-95.29076, 36.25162], [-95.29213, 36.25317], [-95.29198, 36.25519], [-95.29492, 36.2558], [-95.29649, 36.25714], [-95.29739, 36.26008], [-95.29828, 36.26133], [-95.29954, 36.26185], [-95.30045, 36.26281], [-95.30067, 36.26366], [-95.30049, 36.26524], [-95.30278, 36.26571], [-95.30441, 36.26652], [-95.30761, 36.26574], [-95.30935, 36.26577], [-95.31083, 36.26633], [-95.31263, 36.26793], [-95.31413, 36.26804], [-95.31501, 36.2684], [-95.31707, 36.27055], [-95.31733, 36.27164], [-95.31711, 36.27371], [-95.31816, 36.27457], [-95.31875, 36.27589], [-95.32087, 36.27593], [-95.32225, 36.27654], [-95.32353, 36.2778], [-95.32396, 36.2796], [-95.32542, 36.28], [-95.32598, 36.27888], [-95.32682, 36.27815], [-95.32789, 36.27779], [-95.32924, 36.27776], [-95.33092, 36.27827], [-95.33243, 36.27943], [-95.33399, 36.28004], [-95.33542, 36.2814], [-95.33727, 36.28123], [-95.33865, 36.2817], [-95.33991, 36.28295], [-95.34017, 36.28444], [-95.3399, 36.28534], [-95.34157, 36.28692], [-95.34192, 36.28796], [-95.34189, 36.28917], [-95.34386, 36.2904], [-95.34589, 36.29385], [-95.34742, 36.29536], [-95.34778, 36.29661], [-95.34741, 36.29775], [-95.34822, 36.29907], [-95.34822, 36.30115], [-95.34984, 36.30199], [-95.35061, 36.30295], [-95.35068, 36.30451], [-95.34954, 36.30584], [-95.35028, 36.30766], [-95.35018, 36.30882], [-95.35114, 36.30974], [-95.35142, 36.31072], [-95.35122, 36.31192], [-95.35062, 36.31281], [-95.34865, 36.3137], [-95.34676, 36.3136], [-95.34486, 36.31415], [-95.34255, 36.31407], [-95.34114, 36.31493], [-95.33994, 36.31514], [-95.33875, 36.31498], [-95.33763, 36.31552], [-95.33587, 36.31587], [-95.3364, 36.31739], [-95.33618, 36.31916], [-95.33539, 36.32041], [-95.33467, 36.32279], [-95.33361, 36.32424], [-95.33466, 36.32573], [-95.33498, 36.32742], [-95.33456, 36.32881], [-95.33371, 36.32973], [-95.33447, 36.33081], [-95.33471, 36.33213], [-95.3344, 36.33339], [-95.33336, 36.33502], [-95.33185, 36.33645], [-95.3268, 36.33995], [-95.31654, 36.3456], [-95.31501, 36.34593], [-95.31338, 36.34576], [-95.31108, 36.34463], [-95.30941, 36.34548], [-95.30871, 36.34811], [-95.30895, 36.34983], [-95.30859, 36.35074], [-95.30792, 36.35136], [-95.30908, 36.35226], [-95.30957, 36.35328], [-95.31054, 36.35394], [-95.31134, 36.35516], [-95.31133, 36.35677], [-95.31038, 36.35818], [-95.31155, 36.35935], [-95.31176, 36.36082], [-95.31125, 36.36197], [-95.3095, 36.36299], [-95.3087, 36.36439], [-95.30769, 36.36492], [-95.30664, 36.36511], [-95.30755, 36.36664], [-95.30728, 36.3684], [-95.30592, 36.36971], [-95.30404, 36.37013], [-95.30353, 36.37214], [-95.3028, 36.37337], [-95.30502, 36.37502], [-95.30533, 36.37634], [-95.30628, 36.37745], [-95.30642, 36.37846], [-95.30958, 36.37999], [-95.31056, 36.38104], [-95.31076, 36.38216], [-95.31046, 36.38311], [-95.31166, 36.38459], [-95.31329, 36.38757], [-95.31304, 36.38894], [-95.31359, 36.39024], [-95.31334, 36.39313], [-95.31249, 36.39461], [-95.31384, 36.39559], [-95.315, 36.39736], [-95.31689, 36.39779], [-95.31819, 36.3992], [-95.31948, 36.39959], [-95.32062, 36.40069], [-95.32095, 36.4017], [-95.32075, 36.40267], [-95.32235, 36.40419], [-95.32277, 36.40497], [-95.32278, 36.40635], [-95.3221, 36.40728], [-95.3239, 36.40794], [-95.32506, 36.40922], [-95.32542, 36.41198], [-95.32512, 36.41296], [-95.32722, 36.4139], [-95.32877, 36.41518], [-95.32955, 36.41704], [-95.33055, 36.41836], [-95.33071, 36.41946], [-95.3326, 36.42075], [-95.33376, 36.42274], [-95.33674, 36.42382], [-95.33738, 36.42451], [-95.33763, 36.42532], [-95.3405, 36.42603], [-95.34243, 36.42713], [-95.34371, 36.42962], [-95.34353, 36.43086], [-95.34292, 36.4319], [-95.34409, 36.43274], [-95.34452, 36.43363], [-95.34757, 36.43409], [-95.34911, 36.43505], [-95.34983, 36.4366], [-95.34954, 36.4379], [-95.34899, 36.4386], [-95.34814, 36.43907], [-95.34754, 36.44001], [-95.34673, 36.44051], [-95.34524, 36.4407], [-95.34386, 36.44019], [-95.34298, 36.439], [-95.34287, 36.43786], [-95.34111, 36.43771], [-95.34021, 36.43731], [-95.33926, 36.43619], [-95.33896, 36.43537], [-95.33814, 36.43496], [-95.33698, 36.4338], [-95.3367, 36.4319], [-95.33822, 36.42988], [-95.33485, 36.42891], [-95.33349, 36.42811], [-95.33263, 36.42688], [-95.33025, 36.42595], [-95.32934, 36.42506], [-95.32834, 36.42323], [-95.32719, 36.42261], [-95.32595, 36.42147], [-95.32435, 36.41746], [-95.32204, 36.41653], [-95.32011, 36.41518], [-95.31958, 36.41355], [-95.32014, 36.41123], [-95.31855, 36.41064], [-95.31622, 36.40822], [-95.31599, 36.40669], [-95.31656, 36.4052], [-95.31563, 36.4042], [-95.31536, 36.40311], [-95.31416, 36.40217], [-95.31212, 36.40194], [-95.31032, 36.40093], [-95.30944, 36.39931], [-95.30944, 36.39817], [-95.3084, 36.39742], [-95.30765, 36.3962], [-95.30693, 36.39397], [-95.30729, 36.39286], [-95.30815, 36.39181], [-95.30676, 36.39076], [-95.30633, 36.38961], [-95.30656, 36.38844], [-95.30743, 36.3874], [-95.30577, 36.385], [-95.30521, 36.38302], [-95.30424, 36.38247], [-95.3022, 36.38276], [-95.30072, 36.38221], [-95.29991, 36.38141], [-95.29954, 36.38023], [-95.29778, 36.37937], [-95.29706, 36.37856], [-95.29684, 36.3778], [-95.29725, 36.37578], [-95.29692, 36.37482], [-95.29702, 36.3723], [-95.29741, 36.37155], [-95.29836, 36.37071], [-95.29836, 36.36808], [-95.29982, 36.36589], [-95.30091, 36.36498], [-95.30041, 36.36364], [-95.30058, 36.36253], [-95.30133, 36.36153], [-95.30315, 36.36021], [-95.30503, 36.35968], [-95.30467, 36.35773], [-95.30554, 36.35622], [-95.30485, 36.35556], [-95.30432, 36.35445], [-95.30215, 36.35239], [-95.30148, 36.35041], [-95.30203, 36.34898], [-95.30328, 36.34817], [-95.30381, 36.3456], [-95.30473, 36.34353], [-95.30665, 36.34178], [-95.30809, 36.34098], [-95.30977, 36.3405], [-95.31151, 36.3404], [-95.31309, 36.34063], [-95.3147, 36.34158], [-95.32368, 36.33657], [-95.32907, 36.33261], [-95.32925, 36.33232], [-95.3277, 36.33182], [-95.32694, 36.33123], [-95.32647, 36.32954], [-95.3267, 36.32867], [-95.32758, 36.32764], [-95.32945, 36.32683], [-95.32853, 36.32542], [-95.32836, 36.32389], [-95.33111, 36.31799], [-95.33001, 36.3136], [-95.33033, 36.31213], [-95.33145, 36.31122], [-95.3332, 36.3107], [-95.33459, 36.31062], [-95.33588, 36.31095], [-95.3357, 36.30996], [-95.33601, 36.30893], [-95.33687, 36.30808], [-95.33795, 36.30761], [-95.34018, 36.30767], [-95.342, 36.30735], [-95.3446, 36.30815], [-95.34492, 36.30792], [-95.34454, 36.30723], [-95.34317, 36.30641], [-95.34255, 36.30532], [-95.34271, 36.30398], [-95.34347, 36.30301], [-95.34272, 36.30053], [-95.34145, 36.29903], [-95.34136, 36.29777], [-95.342, 36.29667], [-95.33985, 36.2935], [-95.33764, 36.29354], [-95.33596, 36.29246], [-95.33557, 36.29147], [-95.33559, 36.29013], [-95.33637, 36.28845], [-95.33512, 36.28744], [-95.33443, 36.28601], [-95.33295, 36.28594], [-95.33181, 36.28554], [-95.33093, 36.28479], [-95.33048, 36.2838], [-95.3293, 36.28358], [-95.32795, 36.28433], [-95.3253, 36.28465], [-95.32311, 36.28401], [-95.32151, 36.28419], [-95.31979, 36.28366], [-95.31854, 36.2825], [-95.31829, 36.28067], [-95.31702, 36.28059], [-95.31523, 36.27992], [-95.31385, 36.27862], [-95.31344, 36.27686], [-95.31209, 36.27517], [-95.31192, 36.27225], [-95.31013, 36.2718], [-95.30808, 36.27011], [-95.30531, 36.27068], [-95.30302, 36.27063], [-95.30098, 36.26972], [-95.29922, 36.26941], [-95.29727, 36.26857], [-95.29607, 36.26754], [-95.29537, 36.26606], [-95.29528, 36.26499], [-95.29407, 36.26388], [-95.29273, 36.26198], [-95.29182, 36.25965], [-95.28856, 36.26003], [-95.28661, 36.25951], [-95.28553, 36.25816], [-95.28564, 36.25682], [-95.2841, 36.25599], [-95.28266, 36.25417], [-95.27853, 36.25743], [-95.27693, 36.25784], [-95.27548, 36.25753], [-95.2744, 36.25678], [-95.27377, 36.25582], [-95.27361, 36.25417], [-95.2732, 36.2537], [-95.27313, 36.25525], [-95.27218, 36.25665], [-95.27015, 36.25765], [-95.26809, 36.25781], [-95.26549, 36.25678], [-95.26448, 36.25532], [-95.25905, 36.25123], [-95.2581, 36.24984], [-95.25799, 36.24854], [-95.25846, 36.24752], [-95.25929, 36.24672], [-95.25972, 36.24535], [-95.2604, 36.24444], [-95.26171, 36.24359], [-95.26313, 36.24337], [-95.26437, 36.2437], [-95.26564, 36.24463], [-95.2669, 36.24388], [-95.26797, 36.24368], [-95.26954, 36.24236], [-95.26948, 36.2417], [-95.26811, 36.24134], [-95.26593, 36.24019], [-95.2645, 36.23877], [-95.26408, 36.23694], [-95.2648, 36.23511], [-95.26342, 36.235], [-95.25946, 36.23561], [-95.25768, 36.23533], [-95.25654, 36.23473], [-95.25567, 36.23369], [-95.25519, 36.23187], [-95.25532, 36.23073], [-95.25407, 36.23097], [-95.25292, 36.23083], [-95.25143, 36.22971], [-95.25123, 36.22813], [-95.25218, 36.22687], [-95.25418, 36.22637], [-95.2558, 36.22683], [-95.25575, 36.22325], [-95.25482, 36.21954], [-95.25273, 36.21512], [-95.25245, 36.21321], [-95.25186, 36.21243], [-95.24886, 36.21021], [-95.24978, 36.21721], [-95.2495, 36.22046], [-95.24799, 36.22598], [-95.24594, 36.23094], [-95.24605, 36.23321], [-95.24561, 36.23394], [-95.24353, 36.23567], [-95.23893, 36.23842], [-95.23403, 36.24004], [-95.23265, 36.24028], [-95.23033, 36.24014], [-95.22626, 36.24061], [-95.22162, 36.24199], [-95.21753, 36.24215], [-95.21472, 36.24195], [-95.21141, 36.24219], [-95.20426, 36.24173], [-95.20224, 36.24138], [-95.19983, 36.24051], [-95.19811, 36.24134], [-95.19603, 36.24146], [-95.19437, 36.24057], [-95.19385, 36.23965], [-95.19385, 36.23858], [-95.19347, 36.23842], [-95.18867, 36.23754], [-95.18663, 36.23804], [-95.18423, 36.23792], [-95.18377, 36.23863], [-95.18337, 36.24055], [-95.18247, 36.24155], [-95.18026, 36.24219], [-95.17911, 36.24202], [-95.17796, 36.24135], [-95.17572, 36.24176], [-95.17275, 36.24344], [-95.16888, 36.24499], [-95.16677, 36.24662], [-95.16731, 36.24747], [-95.16736, 36.24831], [-95.16699, 36.2491], [-95.16621, 36.24981], [-95.16484, 36.25031], [-95.16299, 36.24992], [-95.16256, 36.25025], [-95.16216, 36.2549], [-95.16307, 36.25637], [-95.16349, 36.25822], [-95.16351, 36.26035], [-95.1642, 36.2621], [-95.16635, 36.26196], [-95.16793, 36.263], [-95.16873, 36.26541], [-95.1683, 36.26682], [-95.1719, 36.27033], [-95.17482, 36.27434], [-95.17672, 36.27938], [-95.1775, 36.28037], [-95.17781, 36.28176], [-95.18003, 36.28289], [-95.18091, 36.28379], [-95.18101, 36.28523], [-95.17983, 36.28645], [-95.18129, 36.28993], [-95.18328, 36.29102], [-95.18463, 36.29286], [-95.18485, 36.29359], [-95.18603, 36.29482], [-95.18609, 36.29593], [-95.18541, 36.297], [-95.18395, 36.29764], [-95.18195, 36.29751], [-95.18095, 36.29823], [-95.18025, 36.29953], [-95.17915, 36.30019], [-95.17905, 36.301], [-95.18001, 36.30195], [-95.18041, 36.30196], [-95.18129, 36.30128], [-95.18312, 36.30068], [-95.18428, 36.30067], [-95.18544, 36.3011], [-95.18759, 36.30368], [-95.18765, 36.30526], [-95.18907, 36.30564], [-95.19038, 36.30642], [-95.19111, 36.30736], [-95.19119, 36.30827], [-95.1922, 36.30876], [-95.19295, 36.30981], [-95.19472, 36.31114], [-95.19533, 36.31233], [-95.19576, 36.31452], [-95.19851, 36.31519], [-95.20088, 36.31689], [-95.20146, 36.31627], [-95.20241, 36.31582], [-95.20448, 36.31591], [-95.20578, 36.31692], [-95.20603, 36.31829], [-95.20451, 36.32072], [-95.2031, 36.32175], [-95.20319, 36.32311], [-95.20244, 36.32414], [-95.20109, 36.32468], [-95.19926, 36.32451], [-95.19799, 36.32586], [-95.19609, 36.32621], [-95.19503, 36.32589], [-95.19412, 36.32516], [-95.1937, 36.32399], [-95.19384, 36.32308], [-95.19438, 36.32233], [-95.19525, 36.32177], [-95.19645, 36.32149], [-95.1979, 36.32176], [-95.19812, 36.32134], [-95.19636, 36.32111], [-95.19528, 36.32066], [-95.19356, 36.3207], [-95.19242, 36.32299], [-95.19117, 36.32391], [-95.18955, 36.32409], [-95.18803, 36.3234], [-95.18671, 36.32385], [-95.18505, 36.32363], [-95.18378, 36.32248], [-95.18368, 36.32086], [-95.18467, 36.3196], [-95.18651, 36.31916], [-95.1865, 36.31837], [-95.18426, 36.3178], [-95.18322, 36.31726], [-95.1802, 36.31459], [-95.17945, 36.31624], [-95.17985, 36.31714], [-95.17966, 36.3182], [-95.17888, 36.31905], [-95.17759, 36.31949], [-95.17812, 36.32061], [-95.17792, 36.32165], [-95.17718, 36.32246], [-95.17548, 36.32314], [-95.17475, 36.32393], [-95.17428, 36.32595], [-95.17418, 36.32657], [-95.17625, 36.32761], [-95.17745, 36.32898], [-95.17804, 36.33029], [-95.17834, 36.33241], [-95.17785, 36.33594], [-95.17499, 36.34308], [-95.17346, 36.34402], [-95.17213, 36.34565], [-95.16976, 36.34716], [-95.16396, 36.34942], [-95.15871, 36.35275], [-95.15579, 36.35376], [-95.15378, 36.35419], [-95.15249, 36.35406], [-95.15046, 36.35472], [-95.14847, 36.35621], [-95.146, 36.35701], [-95.14343, 36.35932], [-95.14315, 36.35988], [-95.14342, 36.3612], [-95.1429, 36.36218], [-95.14207, 36.36277], [-95.14085, 36.36304], [-95.13866, 36.36471], [-95.13833, 36.36582], [-95.13719, 36.36676], [-95.13717, 36.36757], [-95.13653, 36.36858], [-95.13603, 36.37035], [-95.1348, 36.37175], [-95.1342, 36.37317], [-95.13646, 36.37601], [-95.13655, 36.37705], [-95.1361, 36.37793], [-95.13712, 36.37956], [-95.13763, 36.38166], [-95.14052, 36.38836], [-95.14265, 36.38835], [-95.14406, 36.38914], [-95.14586, 36.39219], [-95.1458, 36.39382], [-95.14717, 36.39553], [-95.14874, 36.39635], [-95.15013, 36.39611], [-95.15143, 36.39642], [-95.15261, 36.3977], [-95.15554, 36.39885], [-95.15659, 36.39986], [-95.15807, 36.40056], [-95.1597, 36.40051], [-95.16098, 36.40108], [-95.16275, 36.40084], [-95.16431, 36.40141], [-95.16591, 36.40097], [-95.16722, 36.40097], [-95.16816, 36.40127], [-95.16893, 36.40189], [-95.16941, 36.40284], [-95.16957, 36.40412], [-95.16874, 36.40614], [-95.1666, 36.40789], [-95.16542, 36.40822], [-95.16423, 36.40816], [-95.16434, 36.40852], [-95.16636, 36.41112], [-95.16933, 36.41368], [-95.17016, 36.41419], [-95.17164, 36.41381], [-95.17327, 36.41426], [-95.17392, 36.41487], [-95.17438, 36.41588], [-95.17573, 36.41609], [-95.17683, 36.41693], [-95.17718, 36.41792], [-95.17689, 36.41905], [-95.17869, 36.41924], [-95.17996, 36.42019], [-95.18021, 36.42158], [-95.17927, 36.42283], [-95.18173, 36.42518], [-95.18342, 36.42591], [-95.18403, 36.42703], [-95.18387, 36.42804], [-95.18315, 36.42887], [-95.17924, 36.43061], [-95.18061, 36.43184], [-95.18136, 36.43324], [-95.18237, 36.43403], [-95.18379, 36.43199], [-95.18587, 36.43093], [-95.1863, 36.43015], [-95.18727, 36.42949], [-95.18838, 36.42925], [-95.19081, 36.42936], [-95.19239, 36.43], [-95.19413, 36.43229], [-95.19674, 36.43185], [-95.19793, 36.43224], [-95.19862, 36.43286], [-95.19899, 36.43385], [-95.19873, 36.43519], [-95.19805, 36.43602], [-95.19655, 36.43695], [-95.19777, 36.43789], [-95.19805, 36.43927], [-95.19932, 36.44004], [-95.20113, 36.43978], [-95.20283, 36.43902], [-95.20511, 36.43936], [-95.20538, 36.43846], [-95.20596, 36.43782], [-95.2087, 36.43663], [-95.21007, 36.43663], [-95.21182, 36.43726], [-95.21308, 36.4385], [-95.21354, 36.43971], [-95.2132, 36.4409], [-95.21198, 36.44183], [-95.21192, 36.44233], [-95.21319, 36.44302], [-95.21397, 36.44408], [-95.21402, 36.44528], [-95.21332, 36.44637], [-95.21379, 36.44677], [-95.21584, 36.44743], [-95.21685, 36.44866], [-95.21706, 36.45015], [-95.2165, 36.45119], [-95.21842, 36.45126], [-95.22398, 36.45283], [-95.22515, 36.45256], [-95.2264, 36.45273], [-95.22778, 36.4539], [-95.22783, 36.45532], [-95.22675, 36.45644], [-95.22408, 36.45722], [-95.22306, 36.45711], [-95.21858, 36.45572], [-95.21865, 36.4572], [-95.21787, 36.45827], [-95.21648, 36.4588], [-95.21496, 36.45861], [-95.21403, 36.45803], [-95.21343, 36.45722], [-95.21314, 36.45586], [-95.21167, 36.45564], [-95.21031, 36.4546], [-95.20983, 36.45224], [-95.21097, 36.45033], [-95.2084, 36.44846], [-95.20645, 36.44867], [-95.20513, 36.45141], [-95.20421, 36.4521], [-95.20097, 36.45342], [-95.20034, 36.45429], [-95.19931, 36.45496], [-95.19689, 36.45572], [-95.19538, 36.45558], [-95.19438, 36.45495], [-95.19392, 36.45422], [-95.19415, 36.45262], [-95.19502, 36.45187], [-95.19623, 36.45144], [-95.19723, 36.45029], [-95.20086, 36.44876], [-95.20114, 36.44791], [-95.20095, 36.44761], [-95.19753, 36.44677], [-95.19528, 36.44381], [-95.19291, 36.44217], [-95.19141, 36.44308], [-95.19051, 36.44429], [-95.18914, 36.44476], [-95.18726, 36.44433], [-95.18589, 36.44329], [-95.18534, 36.44249], [-95.18454, 36.4432], [-95.18363, 36.44352], [-95.18214, 36.44358], [-95.18096, 36.44327], [-95.17997, 36.44238], [-95.17973, 36.44131], [-95.17803, 36.4386], [-95.17701, 36.43837], [-95.17622, 36.43787], [-95.17561, 36.4367], [-95.17414, 36.43567], [-95.17331, 36.43428], [-95.17198, 36.43421], [-95.17092, 36.43367], [-95.17021, 36.43231], [-95.16917, 36.43395], [-95.16757, 36.43557], [-95.1675, 36.43656], [-95.16691, 36.43738], [-95.1675, 36.43827], [-95.16745, 36.43949], [-95.16786, 36.4408], [-95.16753, 36.44178], [-95.16667, 36.44252], [-95.16522, 36.44286], [-95.16362, 36.4425], [-95.16247, 36.44158], [-95.16195, 36.44033], [-95.16125, 36.44087], [-95.16138, 36.44203], [-95.16085, 36.44295], [-95.15985, 36.44357], [-95.15861, 36.44374], [-95.15832, 36.44419], [-95.1524, 36.44206], [-95.14396, 36.43817], [-95.1543, 36.43572], [-95.15786, 36.43459], [-95.16045, 36.43325], [-95.16389, 36.42951], [-95.16552, 36.4224], [-95.16421, 36.42168], [-95.16191, 36.42183], [-95.16053, 36.42127], [-95.15995, 36.42058], [-95.15927, 36.41818], [-95.15831, 36.41666], [-95.15654, 36.41659], [-95.15549, 36.41625], [-95.1545, 36.41525], [-95.15446, 36.41376], [-95.15417, 36.41347], [-95.15211, 36.41247], [-95.15071, 36.41255], [-95.14941, 36.41202], [-95.14859, 36.41073], [-95.14889, 36.40938], [-95.1471, 36.40824], [-95.14653, 36.40699], [-95.14582, 36.40649], [-95.14487, 36.40725], [-95.14374, 36.40753], [-95.1431, 36.40818], [-95.14294, 36.4097], [-95.14171, 36.41073], [-95.13975, 36.41088], [-95.13774, 36.41002], [-95.13696, 36.40894], [-95.13685, 36.40704], [-95.13736, 36.40603], [-95.13886, 36.40458], [-95.13972, 36.40319], [-95.13714, 36.40206], [-95.13373, 36.40007], [-95.13191, 36.39996], [-95.1294, 36.40041], [-95.12767, 36.3997], [-95.12706, 36.39878], [-95.12697, 36.39769], [-95.1274, 36.39671], [-95.12829, 36.39592], [-95.12799, 36.39544], [-95.12587, 36.39473], [-95.12478, 36.39396], [-95.12429, 36.39286], [-95.12218, 36.39046], [-95.12188, 36.38889], [-95.11945, 36.38653], [-95.11841, 36.38483], [-95.11763, 36.38537], [-95.11623, 36.38566], [-95.11358, 36.38685], [-95.11259, 36.38808], [-95.11234, 36.38926], [-95.11133, 36.39014], [-95.10951, 36.3904], [-95.10827, 36.39107], [-95.10685, 36.39111], [-95.10478, 36.39256], [-95.10331, 36.39293], [-95.10239, 36.39393], [-95.10002, 36.39537], [-95.09843, 36.39579], [-95.0966, 36.39577], [-95.09478, 36.39651], [-95.09342, 36.39756], [-95.09277, 36.39855], [-95.09045, 36.40013], [-95.08506, 36.40243], [-95.08415, 36.40258], [-95.07844, 36.3977], [-95.07955, 36.39713], [-95.08062, 36.39699], [-95.08186, 36.39605], [-95.08428, 36.39487], [-95.08508, 36.39385], [-95.08646, 36.39292], [-95.08748, 36.39137], [-95.08751, 36.39041], [-95.08816, 36.38944], [-95.08918, 36.38889], [-95.09039, 36.3887], [-95.09291, 36.38645], [-95.09591, 36.38565], [-95.09896, 36.38422], [-95.10135, 36.38373], [-95.10374, 36.3813], [-95.10517, 36.37918], [-95.10699, 36.37729], [-95.10856, 36.37616], [-95.11089, 36.37481], [-95.11459, 36.37463], [-95.11707, 36.37339], [-95.11694, 36.36997], [-95.11762, 36.36884], [-95.11832, 36.36647], [-95.11756, 36.36557], [-95.11749, 36.36428], [-95.1185, 36.3631], [-95.12014, 36.36262], [-95.12106, 36.36026], [-95.12049, 36.3592], [-95.11806, 36.35763], [-95.11714, 36.35658], [-95.11703, 36.3553], [-95.11778, 36.35421], [-95.11927, 36.35361], [-95.12236, 36.35372], [-95.12368, 36.35434], [-95.12625, 36.35625], [-95.1269, 36.35564], [-95.12692, 36.35469], [-95.1275, 36.35375], [-95.12857, 36.35316], [-95.1297, 36.35304], [-95.1336, 36.34919], [-95.13801, 36.34653], [-95.13818, 36.34568], [-95.13885, 36.34478], [-95.14032, 36.34384], [-95.14153, 36.34348], [-95.14185, 36.34264], [-95.14265, 36.34186], [-95.14441, 36.34139], [-95.14644, 36.34201], [-95.15124, 36.34024], [-95.15126, 36.33899], [-95.15202, 36.33801], [-95.15191, 36.33638], [-95.15259, 36.33552], [-95.15355, 36.33502], [-95.15456, 36.33488], [-95.15636, 36.33516], [-95.15747, 36.3358], [-95.15815, 36.33673], [-95.15857, 36.33529], [-95.15945, 36.33439], [-95.16035, 36.33267], [-95.15975, 36.33046], [-95.16024, 36.32834], [-95.15943, 36.32748], [-95.15868, 36.32567], [-95.15755, 36.32667], [-95.15618, 36.32698], [-95.1546, 36.32663], [-95.15358, 36.32572], [-95.15338, 36.32304], [-95.15431, 36.32127], [-95.15371, 36.32024], [-95.15394, 36.31897], [-95.15376, 36.31795], [-95.15238, 36.31713], [-95.15176, 36.31603], [-95.152, 36.31473], [-95.15313, 36.31379], [-95.15307, 36.31222], [-95.15469, 36.30975], [-95.15573, 36.30617], [-95.15736, 36.30385], [-95.15741, 36.30284], [-95.15808, 36.30139], [-95.15649, 36.30166], [-95.15459, 36.30131], [-95.15359, 36.30055], [-95.15316, 36.29944], [-95.15345, 36.29841], [-95.15408, 36.29776], [-95.1556, 36.29691], [-95.15804, 36.29616], [-95.15778, 36.29485], [-95.15792, 36.29328], [-95.15446, 36.29315], [-95.15284, 36.2928], [-95.15115, 36.29161], [-95.14975, 36.28961], [-95.1497, 36.28875], [-95.15024, 36.28778], [-95.15135, 36.2871], [-95.15387, 36.28661], [-95.15397, 36.2854], [-95.15205, 36.28563], [-95.15033, 36.28465], [-95.149, 36.28561], [-95.14738, 36.28578], [-95.14625, 36.28558], [-95.14527, 36.28503], [-95.14472, 36.28429], [-95.14449, 36.28313], [-95.14505, 36.28082], [-95.14399, 36.28033], [-95.14332, 36.27958], [-95.14249, 36.27687], [-95.14127, 36.27518], [-95.14124, 36.27396], [-95.14009, 36.27368], [-95.13909, 36.27303], [-95.13675, 36.27475], [-95.13316, 36.27596], [-95.13271, 36.27685], [-95.13179, 36.27752], [-95.13035, 36.27777], [-95.12903, 36.27737], [-95.12724, 36.27826], [-95.12596, 36.27838], [-95.12457, 36.27785], [-95.12373, 36.27667], [-95.12043, 36.27646], [-95.11716, 36.27549], [-95.11585, 36.27466], [-95.11233, 36.27322], [-95.10913, 36.2712], [-95.10664, 36.27153], [-95.1068, 36.27235], [-95.10644, 36.27337], [-95.10469, 36.2745], [-95.10321, 36.27487], [-95.1013, 36.27459], [-95.10031, 36.27407], [-95.09964, 36.27316], [-95.09838, 36.27017], [-95.09861, 36.26895], [-95.09968, 36.26799], [-95.10209, 36.26712], [-95.10222, 36.26596], [-95.10298, 36.26509], [-95.10554, 36.26426], [-95.10676, 36.26447], [-95.10778, 36.26512], [-95.11056, 36.26553], [-95.11275, 36.26634], [-95.11428, 36.2659], [-95.11718, 36.26624], [-95.11976, 36.26695], [-95.12338, 36.26889], [-95.12557, 36.2665], [-95.12735, 36.26519], [-95.1282, 36.26383], [-95.12884, 36.26169], [-95.13069, 36.25965], [-95.13186, 36.25918], [-95.13313, 36.2592], [-95.13425, 36.2597], [-95.13486, 36.26042], [-95.13575, 36.25809], [-95.13598, 36.25585], [-95.13694, 36.25446], [-95.13819, 36.25348], [-95.138, 36.25169], [-95.13941, 36.24762], [-95.13942, 36.24644], [-95.14053, 36.24444], [-95.13921, 36.2439], [-95.13831, 36.24275], [-95.13826, 36.24155], [-95.13882, 36.23957], [-95.13934, 36.23879], [-95.14018, 36.23826], [-95.14442, 36.23752], [-95.14376, 36.23656], [-95.14367, 36.23567], [-95.14401, 36.23486], [-95.145, 36.23407], [-95.14543, 36.23331], [-95.14499, 36.23178], [-95.14549, 36.23059], [-95.14729, 36.22954], [-95.14917, 36.22942], [-95.15083, 36.23026], [-95.15182, 36.23167], [-95.15358, 36.23073], [-95.1537, 36.22953], [-95.1544, 36.2287], [-95.15578, 36.22814], [-95.15695, 36.22813], [-95.15741, 36.22725], [-95.15811, 36.22671], [-95.15854, 36.22555], [-95.16002, 36.22466], [-95.1628, 36.2248], [-95.16411, 36.2258], [-95.16563, 36.22605], [-95.16663, 36.22685], [-95.17222, 36.22641], [-95.17316, 36.22584], [-95.17441, 36.22568], [-95.17595, 36.22623], [-95.18018, 36.22656], [-95.18288, 36.22719], [-95.18368, 36.22762], [-95.18653, 36.22801], [-95.18558, 36.22713], [-95.18527, 36.22611], [-95.18542, 36.22511], [-95.18618, 36.22422], [-95.18782, 36.22358], [-95.1897, 36.2239], [-95.1909, 36.22352], [-95.19224, 36.22361], [-95.19316, 36.224], [-95.19389, 36.2247], [-95.19419, 36.22549], [-95.19408, 36.22632], [-95.19359, 36.22705], [-95.19252, 36.22774], [-95.19056, 36.22789], [-95.19458, 36.2303], [-95.19748, 36.23057], [-95.20052, 36.23165], [-95.20228, 36.23299], [-95.20348, 36.23477], [-95.20485, 36.23584], [-95.20666, 36.23568], [-95.20859, 36.23613], [-95.21183, 36.23629], [-95.2202, 36.23634], [-95.22557, 36.23485], [-95.22928, 36.23435], [-95.23459, 36.23292], [-95.23772, 36.23179], [-95.23882, 36.23089], [-95.2391, 36.22922], [-95.24097, 36.22386], [-95.24104, 36.22034], [-95.242, 36.21238], [-95.24072, 36.20204], [-95.24092, 36.201], [-95.2407, 36.19948], [-95.24119, 36.19611], [-95.24418, 36.1912], [-95.24849, 36.18572], [-95.25089, 36.18386], [-95.25252, 36.18295], [-95.25545, 36.18208], [-95.25922, 36.18252], [-95.26217, 36.1817], [-95.26416, 36.1816], [-95.26831, 36.18042], [-95.27156, 36.17695], [-95.27294, 36.1747], [-95.26863, 36.17361], [-95.26736, 36.17235], [-95.26745, 36.17093], [-95.26846, 36.16973], [-95.26934, 36.16926], [-95.26941, 36.1683], [-95.26987, 36.16755], [-95.27112, 36.16683], [-95.27407, 36.16687], [-95.27666, 36.16585], [-95.27946, 36.16291], [-95.28169, 36.16114], [-95.28936, 36.15585], [-95.29623, 36.15286], [-95.29879, 36.15138], [-95.29624, 36.14687], [-95.2928, 36.14348], [-95.28962, 36.14137], [-95.27796, 36.13724], [-95.27656, 36.13773], [-95.27621, 36.13886], [-95.27532, 36.1396], [-95.27412, 36.13991], [-95.27288, 36.13972], [-95.27138, 36.13855], [-95.2705, 36.13674], [-95.27045, 36.13568], [-95.27092, 36.13455], [-95.26874, 36.13406], [-95.26862, 36.1366], [-95.26781, 36.13741], [-95.26663, 36.13781], [-95.26425, 36.13779], [-95.25956, 36.13556], [-95.25713, 36.13665], [-95.2559, 36.13669], [-95.25472, 36.13629], [-95.25392, 36.13548], [-95.25357, 36.13425], [-95.25388, 36.13311], [-95.25561, 36.13065], [-95.25441, 36.12994], [-95.25386, 36.12882], [-95.25479, 36.12161], [-95.25465, 36.12055], [-95.25307, 36.12049], [-95.25177, 36.11994], [-95.25102, 36.11887], [-95.25112, 36.11761], [-95.24988, 36.11715], [-95.24808, 36.11571], [-95.2463, 36.11475], [-95.2435, 36.11228], [-95.24236, 36.11233], [-95.24209, 36.1138], [-95.2402, 36.11641], [-95.23795, 36.11738], [-95.23596, 36.11766], [-95.23475, 36.11746], [-95.23351, 36.11647], [-95.23313, 36.11529], [-95.23395, 36.11383], [-95.23494, 36.11318], [-95.23632, 36.11283], [-95.23636, 36.1109], [-95.23722, 36.10929], [-95.23914, 36.10772], [-95.24026, 36.10724], [-95.24396, 36.10719], [-95.24598, 36.10772], [-95.24821, 36.10907], [-95.25102, 36.11138], [-95.25382, 36.11277], [-95.2564, 36.10973], [-95.25661, 36.1071], [-95.25769, 36.10512], [-95.2573, 36.10211], [-95.25636, 36.1009], [-95.25254, 36.09751], [-95.25109, 36.09713], [-95.2501, 36.09615], [-95.24918, 36.0931], [-95.24935, 36.08957], [-95.24911, 36.08714], [-95.24781, 36.08742], [-95.24625, 36.08703], [-95.24553, 36.08644], [-95.24512, 36.0855], [-95.24243, 36.08431], [-95.24142, 36.083], [-95.24148, 36.08198], [-95.24196, 36.08125], [-95.24305, 36.08057], [-95.24513, 36.08026], [-95.24534, 36.07921], [-95.24622, 36.0783], [-95.24787, 36.07787], [-95.24948, 36.07832], [-95.25083, 36.07523], [-95.24891, 36.07371], [-95.24767, 36.07312], [-95.24697, 36.07183], [-95.24615, 36.07112], [-95.24574, 36.06973], [-95.24623, 36.06855], [-95.24759, 36.06764], [-95.24909, 36.06747], [-95.25006, 36.06777], [-95.25154, 36.06878], [-95.25387, 36.06904], [-95.25493, 36.0699], [-95.25786, 36.06581], [-95.25993, 36.06107], [-95.26156, 36.05902], [-95.26143, 36.05798], [-95.26197, 36.05696], [-95.26322, 36.05623], [-95.265, 36.05625], [-95.26601, 36.05531], [-95.26755, 36.05453], [-95.26916, 36.05419], [-95.27017, 36.05254], [-95.26911, 36.04945], [-95.26975, 36.04778], [-95.27301, 36.04546], [-95.27495, 36.04498], [-95.27818, 36.04241], [-95.27933, 36.04183], [-95.27949, 36.04052], [-95.28042, 36.03951], [-95.28199, 36.03902], [-95.28364, 36.03913], [-95.28498, 36.03802], [-95.28407, 36.03738], [-95.28343, 36.03622], [-95.28355, 36.03521], [-95.28437, 36.03424], [-95.28581, 36.03362], [-95.28711, 36.03359], [-95.29089, 36.03239], [-95.29234, 36.03221], [-95.29467, 36.03242], [-95.29743, 36.03345], [-95.29892, 36.0324], [-95.30063, 36.03218], [-95.30101, 36.03112], [-95.3019, 36.03039], [-95.304, 36.0296], [-95.30601, 36.02955], [-95.30554, 36.02793], [-95.30401, 36.02707], [-95.30315, 36.02577], [-95.30204, 36.02566], [-95.30119, 36.02526], [-95.29949, 36.02329], [-95.29817, 36.02431], [-95.29724, 36.02468], [-95.29595, 36.02468], [-95.29502, 36.02431], [-95.29351, 36.02277], [-95.29336, 36.02094], [-95.29293, 36.02006], [-95.28947, 36.01764], [-95.28785, 36.01738], [-95.28543, 36.01797], [-95.28246, 36.01694], [-95.27998, 36.01701], [-95.27701, 36.01788], [-95.27444, 36.01942], [-95.27319, 36.01973], [-95.26975, 36.01879], [-95.26872, 36.01816], [-95.26796, 36.01875], [-95.26698, 36.01906], [-95.26359, 36.01874], [-95.26214, 36.01885], [-95.26199, 36.01956], [-95.26291, 36.02293], [-95.26265, 36.02475], [-95.26166, 36.02594], [-95.26022, 36.02634], [-95.25898, 36.02612], [-95.25817, 36.02561], [-95.25579, 36.02222], [-95.25491, 36.02144], [-95.25335, 36.02302], [-95.25172, 36.02418], [-95.25012, 36.02453], [-95.24737, 36.02621], [-95.24635, 36.02634], [-95.24536, 36.02615], [-95.24423, 36.02531], [-95.24387, 36.02417], [-95.24268, 36.02426], [-95.24172, 36.02399], [-95.24053, 36.0227], [-95.24068, 36.02129], [-95.24261, 36.01896], [-95.24443, 36.01828], [-95.24623, 36.01862], [-95.24874, 36.01837], [-95.24909, 36.01808], [-95.24921, 36.0171], [-95.2715, 36.01578], [-95.2987, 36.01635], [-95.31001, 36.01749], [-95.31357, 36.0205], [-95.31467, 36.02209], [-95.31563, 36.02423], [-95.31719, 36.02978], [-95.31852, 36.02954], [-95.31993, 36.02994], [-95.32083, 36.03091], [-95.32102, 36.03226], [-95.32621, 36.03095], [-95.32751, 36.03026], [-95.32855, 36.03006], [-95.33041, 36.03059], [-95.33126, 36.03188], [-95.33454, 36.02987], [-95.3357, 36.02818], [-95.33703, 36.02727], [-95.33842, 36.02695], [-95.33955, 36.02607], [-95.34165, 36.02519], [-95.34388, 36.02533], [-95.3447, 36.02583], [-95.34522, 36.02656], [-95.34528, 36.02825], [-95.34454, 36.02926], [-95.34293, 36.03013], [-95.34202, 36.03191], [-95.34089, 36.03261], [-95.34121, 36.03374], [-95.34086, 36.03475], [-95.33994, 36.0355], [-95.33889, 36.0358], [-95.33785, 36.03583], [-95.33678, 36.03546], [-95.33839, 36.03724], [-95.33872, 36.03801], [-95.33841, 36.0397], [-95.33612, 36.04234], [-95.33689, 36.04426], [-95.33657, 36.04545], [-95.33804, 36.04685], [-95.33791, 36.04846], [-95.33883, 36.05017], [-95.33865, 36.0512], [-95.338, 36.05196], [-95.33899, 36.05221], [-95.33917, 36.04958], [-95.33975, 36.04863], [-95.34084, 36.04792], [-95.3427, 36.04758], [-95.34427, 36.04786], [-95.34647, 36.04948], [-95.34793, 36.04834], [-95.34925, 36.04784], [-95.35055, 36.0478], [-95.35244, 36.04828], [-95.35476, 36.04565], [-95.35608, 36.04501], [-95.35713, 36.04486], [-95.35798, 36.04268], [-95.35892, 36.04168], [-95.36008, 36.04124], [-95.36119, 36.04116], [-95.36258, 36.04144], [-95.36364, 36.04211], [-95.36514, 36.04114], [-95.36756, 36.04089], [-95.36861, 36.04019], [-95.36983, 36.03992], [-95.36981, 36.03885], [-95.3702, 36.03797], [-95.37101, 36.03712], [-95.37213, 36.0366], [-95.37507, 36.0365], [-95.37611, 36.03669], [-95.37741, 36.0375], [-95.37809, 36.03856], [-95.37791, 36.04017], [-95.37706, 36.04093], [-95.37605, 36.04126], [-95.37573, 36.04235], [-95.37494, 36.04332]], [[-95.33625, 36.03511], [-95.33639, 36.03519], [-95.3362, 36.035], [-95.33625, 36.03511]], [[-95.25936, 36.18802], [-95.25623, 36.18781], [-95.2553, 36.18826], [-95.25411, 36.18923], [-95.25021, 36.19407], [-95.24907, 36.19623], [-95.24858, 36.19906], [-95.24796, 36.20018], [-95.24803, 36.20484], [-95.24834, 36.20663], [-95.24986, 36.20559], [-95.25261, 36.20571], [-95.25329, 36.20391], [-95.25581, 36.20167], [-95.2554, 36.20068], [-95.25539, 36.19903], [-95.2561, 36.19714], [-95.25763, 36.19551], [-95.25874, 36.19272], [-95.26012, 36.19119], [-95.26051, 36.18933], [-95.26169, 36.18774], [-95.25936, 36.18802]], [[-95.26503, 36.25006], [-95.26645, 36.25104], [-95.26678, 36.24917], [-95.26443, 36.24957], [-95.26503, 36.25006]], [[-95.19009, 36.22773], [-95.19005, 36.22776], [-95.19028, 36.22781], [-95.1901, 36.22774], [-95.19009, 36.22773]], [[-95.208, 36.44402], [-95.20783, 36.44395], [-95.20734, 36.44433], [-95.20807, 36.44424], [-95.208, 36.44402]], [[-95.17236, 36.42566], [-95.17286, 36.42554], [-95.17268, 36.42486], [-95.17243, 36.42538], [-95.17236, 36.42566]], [[-95.19132, 36.4367], [-95.19113, 36.43657], [-95.19096, 36.43678], [-95.19132, 36.4367]]], [[[-95.07116, 36.3914], [-95.07376, 36.39256], [-95.07609, 36.3957], [-95.07104, 36.39138], [-95.07116, 36.3914]]], [[[-95.34554, 36.07589], [-95.3436, 36.07652], [-95.34264, 36.07656], [-95.34024, 36.07591], [-95.3392, 36.07503], [-95.33891, 36.07404], [-95.33924, 36.07305], [-95.3422, 36.07066], [-95.34418, 36.07049], [-95.34573, 36.07112], [-95.34657, 36.07186], [-95.3469, 36.07283], [-95.34658, 36.07454], [-95.34554, 36.07589]]], [[[-95.40482, 36.09267], [-95.40497, 36.09153], [-95.40549, 36.09078], [-95.40632, 36.09024], [-95.40743, 36.09001], [-95.40916, 36.09012], [-95.4102, 36.09058], [-95.41132, 36.0903], [-95.4127, 36.0904], [-95.41378, 36.09093], [-95.41477, 36.09197], [-95.4152, 36.09271], [-95.41518, 36.0938], [-95.41558, 36.09477], [-95.41511, 36.09622], [-95.41416, 36.09689], [-95.41318, 36.09712], [-95.41218, 36.09702], [-95.41098, 36.09651], [-95.4111, 36.09736], [-95.41225, 36.0973], [-95.41319, 36.09757], [-95.41503, 36.09863], [-95.41575, 36.09948], [-95.41571, 36.10117], [-95.41415, 36.10296], [-95.41249, 36.10333], [-95.4099, 36.10269], [-95.40887, 36.10173], [-95.40856, 36.09995], [-95.40672, 36.09963], [-95.40486, 36.09783], [-95.40436, 36.09691], [-95.40441, 36.09562], [-95.4048, 36.09465], [-95.40555, 36.09395], [-95.40482, 36.09267]]], [[[-95.39686, 36.11281], [-95.3969, 36.11449], [-95.3982, 36.11522], [-95.39875, 36.11663], [-95.39843, 36.11783], [-95.39724, 36.11873], [-95.39596, 36.11894], [-95.3934, 36.11859], [-95.39143, 36.11756], [-95.39071, 36.11654], [-95.38993, 36.11789], [-95.38834, 36.11848], [-95.38593, 36.11825], [-95.3845, 36.11717], [-95.3842, 36.11612], [-95.38448, 36.11511], [-95.38542, 36.1142], [-95.38663, 36.11378], [-95.38868, 36.11404], [-95.39006, 36.11497], [-95.39063, 36.11584], [-95.39031, 36.113], [-95.39075, 36.11093], [-95.39178, 36.10938], [-95.39328, 36.10825], [-95.3953, 36.10802], [-95.39688, 36.10893], [-95.39748, 36.11071], [-95.39686, 36.11281]]], [[[-95.36477, 36.11691], [-95.3636, 36.11728], [-95.36247, 36.11721], [-95.36073, 36.11618], [-95.36024, 36.11526], [-95.36026, 36.11419], [-95.36138, 36.11283], [-95.36261, 36.11243], [-95.36365, 36.11245], [-95.36544, 36.11341], [-95.36588, 36.11428], [-95.36584, 36.11556], [-95.36477, 36.11691]]], [[[-95.37867, 36.1422], [-95.37678, 36.14283], [-95.3751, 36.14261], [-95.37399, 36.14201], [-95.37286, 36.13975], [-95.37318, 36.13861], [-95.3741, 36.13769], [-95.37498, 36.13732], [-95.37607, 36.13725], [-95.37705, 36.1375], [-95.37784, 36.13803], [-95.37915, 36.13939], [-95.37947, 36.14016], [-95.37934, 36.14129], [-95.37867, 36.1422]]], [[[-95.38008, 36.14489], [-95.38014, 36.14592], [-95.37975, 36.14683], [-95.37787, 36.14803], [-95.37576, 36.14809], [-95.37473, 36.14755], [-95.37421, 36.14688], [-95.37402, 36.14584], [-95.37458, 36.14436], [-95.37511, 36.14365], [-95.37595, 36.14315], [-95.37723, 36.14296], [-95.37851, 36.14326], [-95.37956, 36.14397], [-95.38008, 36.14489]]], [[[-95.40046, 36.16305], [-95.39938, 36.1635], [-95.39811, 36.16356], [-95.39713, 36.16325], [-95.39638, 36.16267], [-95.39574, 36.16083], [-95.39602, 36.15998], [-95.39683, 36.15917], [-95.39892, 36.15872], [-95.40003, 36.15902], [-95.40098, 36.15968], [-95.40144, 36.16042], [-95.4015, 36.16125], [-95.40115, 36.16237], [-95.40046, 36.16305]]], [[[-95.3343, 36.16909], [-95.33427, 36.16741], [-95.33488, 36.16664], [-95.33581, 36.16611], [-95.33725, 36.16593], [-95.33863, 36.16613], [-95.34032, 36.16713], [-95.34103, 36.16939], [-95.34002, 36.17117], [-95.34168, 36.17217], [-95.34257, 36.1745], [-95.34228, 36.17588], [-95.34135, 36.17679], [-95.34004, 36.17725], [-95.33851, 36.17733], [-95.33733, 36.17713], [-95.33614, 36.1764], [-95.33557, 36.17471], [-95.3359, 36.1731], [-95.33681, 36.17198], [-95.33526, 36.1711], [-95.3343, 36.16909]]], [[[-95.36612, 36.17445], [-95.36328, 36.17392], [-95.36199, 36.1729], [-95.36127, 36.17147], [-95.36121, 36.1707], [-95.36168, 36.16967], [-95.36263, 36.16896], [-95.36469, 36.1687], [-95.3664, 36.16928], [-95.36819, 36.16944], [-95.36912, 36.16983], [-95.36987, 36.17056], [-95.37015, 36.1719], [-95.36955, 36.17317], [-95.36765, 36.17423], [-95.36612, 36.17445]]], [[[-95.38062, 36.1889], [-95.38206, 36.18836], [-95.38345, 36.18849], [-95.38475, 36.18937], [-95.38515, 36.19059], [-95.38692, 36.19102], [-95.38799, 36.19078], [-95.38898, 36.19088], [-95.39039, 36.19178], [-95.39084, 36.1933], [-95.39006, 36.19456], [-95.39088, 36.19567], [-95.39225, 36.1966], [-95.3926, 36.19783], [-95.39221, 36.19889], [-95.39064, 36.19984], [-95.39035, 36.20092], [-95.3895, 36.2017], [-95.38851, 36.20204], [-95.38722, 36.20198], [-95.38623, 36.20154], [-95.38535, 36.20067], [-95.38461, 36.19852], [-95.38558, 36.19671], [-95.38416, 36.1969], [-95.38291, 36.19661], [-95.3821, 36.1979], [-95.3807, 36.1986], [-95.38144, 36.19916], [-95.3819, 36.19996], [-95.3816, 36.20154], [-95.3802, 36.20253], [-95.37842, 36.20285], [-95.37712, 36.20276], [-95.37609, 36.20229], [-95.37536, 36.20154], [-95.37505, 36.20041], [-95.37456, 36.2001], [-95.3736, 36.20064], [-95.3723, 36.20078], [-95.37123, 36.2005], [-95.37041, 36.19992], [-95.36987, 36.19895], [-95.3699, 36.19793], [-95.37152, 36.19593], [-95.37002, 36.19567], [-95.37001, 36.1966], [-95.36959, 36.19735], [-95.36786, 36.19823], [-95.3655, 36.19804], [-95.36415, 36.19716], [-95.36378, 36.19642], [-95.36375, 36.19533], [-95.36448, 36.19403], [-95.36557, 36.19345], [-95.36673, 36.19326], [-95.36774, 36.19338], [-95.36863, 36.19383], [-95.36908, 36.19232], [-95.36984, 36.19168], [-95.3708, 36.19135], [-95.37218, 36.19139], [-95.37334, 36.19188], [-95.37424, 36.19291], [-95.37423, 36.1943], [-95.37553, 36.19432], [-95.37676, 36.19489], [-95.37798, 36.19362], [-95.37761, 36.19254], [-95.37796, 36.19139], [-95.37885, 36.19062], [-95.37977, 36.19031], [-95.38062, 36.1889]]], [[[-95.3378, 36.22266], [-95.33503, 36.22257], [-95.334, 36.22204], [-95.3334, 36.22132], [-95.33328, 36.21861], [-95.33386, 36.21771], [-95.33477, 36.21712], [-95.33581, 36.21687], [-95.33783, 36.21693], [-95.33888, 36.21732], [-95.33966, 36.21808], [-95.33996, 36.21905], [-95.33972, 36.22118], [-95.33894, 36.22215], [-95.3378, 36.22266]]], [[[-95.33464, 36.23692], [-95.33354, 36.23635], [-95.33285, 36.23539], [-95.33275, 36.23298], [-95.33325, 36.23191], [-95.33414, 36.23127], [-95.33557, 36.23095], [-95.33812, 36.23098], [-95.33953, 36.23142], [-95.34025, 36.23211], [-95.34058, 36.23294], [-95.34056, 36.23509], [-95.34006, 36.23611], [-95.33922, 36.23676], [-95.33826, 36.23703], [-95.33464, 36.23692]]], [[[-95.35185, 36.23874], [-95.35225, 36.24069], [-95.35189, 36.24147], [-95.35112, 36.24211], [-95.34771, 36.24327], [-95.34649, 36.24308], [-95.34538, 36.2423], [-95.34498, 36.24135], [-95.34509, 36.23975], [-95.34577, 36.2389], [-95.34724, 36.23799], [-95.34827, 36.23764], [-95.34947, 36.23761], [-95.35092, 36.238], [-95.35185, 36.23874]]], [[[-95.34621, 36.249], [-95.34682, 36.24755], [-95.34826, 36.2468], [-95.35033, 36.24689], [-95.35164, 36.24788], [-95.35194, 36.2487], [-95.35183, 36.24973], [-95.35073, 36.25093], [-95.3512, 36.25168], [-95.35126, 36.25277], [-95.35077, 36.25365], [-95.34977, 36.25435], [-95.34875, 36.25459], [-95.34739, 36.25442], [-95.34645, 36.25398], [-95.3458, 36.2533], [-95.34564, 36.25169], [-95.34678, 36.25042], [-95.34621, 36.249]]], [[[-95.33889, 36.25133], [-95.33913, 36.25055], [-95.3398, 36.2498], [-95.34064, 36.24937], [-95.34182, 36.2492], [-95.34284, 36.24939], [-95.34373, 36.2499], [-95.34426, 36.2506], [-95.34446, 36.25155], [-95.34419, 36.2524], [-95.34352, 36.25311], [-95.34157, 36.25374], [-95.34055, 36.25356], [-95.3397, 36.25307], [-95.33908, 36.25227], [-95.33889, 36.25133]]], [[[-95.34478, 36.26961], [-95.34562, 36.27037], [-95.34593, 36.27137], [-95.34587, 36.27337], [-95.34497, 36.27459], [-95.34357, 36.27505], [-95.34189, 36.27487], [-95.33986, 36.27504], [-95.33882, 36.27484], [-95.33796, 36.27432], [-95.33731, 36.27329], [-95.33727, 36.27178], [-95.33747, 36.27098], [-95.33822, 36.27016], [-95.33925, 36.2697], [-95.34168, 36.26926], [-95.34359, 36.26926], [-95.34478, 36.26961]]], [[[-95.34611, 36.38234], [-95.34466, 36.38145], [-95.34423, 36.38014], [-95.34473, 36.3788], [-95.34614, 36.37797], [-95.34788, 36.37796], [-95.35048, 36.37894], [-95.35212, 36.37832], [-95.3542, 36.37836], [-95.35559, 36.37893], [-95.35636, 36.37992], [-95.35642, 36.381], [-95.35584, 36.382], [-95.35492, 36.3826], [-95.35381, 36.38282], [-95.35297, 36.38369], [-95.35067, 36.38482], [-95.35008, 36.38612], [-95.34881, 36.38682], [-95.34688, 36.3868], [-95.34536, 36.38569], [-95.34508, 36.38472], [-95.3453, 36.38371], [-95.34608, 36.38289], [-95.34699, 36.3825], [-95.34611, 36.38234]]], [[[-95.38322, 36.44204], [-95.38222, 36.44179], [-95.38113, 36.44108], [-95.38017, 36.43965], [-95.38001, 36.4386], [-95.3804, 36.43758], [-95.38129, 36.43684], [-95.38233, 36.43644], [-95.38433, 36.43628], [-95.38545, 36.43659], [-95.38635, 36.4373], [-95.38686, 36.43856], [-95.38683, 36.43974], [-95.38637, 36.44067], [-95.38518, 36.44154], [-95.38426, 36.44195], [-95.38322, 36.44204]]], [[[-95.25193, 36.02921], [-95.25232, 36.02817], [-95.25302, 36.02755], [-95.25422, 36.02716], [-95.25534, 36.02722], [-95.25887, 36.02857], [-95.25964, 36.02959], [-95.25967, 36.03079], [-95.25922, 36.0316], [-95.25848, 36.03216], [-95.25743, 36.03249], [-95.25629, 36.03248], [-95.25291, 36.03117], [-95.25212, 36.03027], [-95.25193, 36.02921]]], [[[-95.24542, 36.03323], [-95.24484, 36.03397], [-95.2437, 36.03458], [-95.24236, 36.0348], [-95.24096, 36.03457], [-95.23994, 36.03391], [-95.23948, 36.03318], [-95.23934, 36.03214], [-95.2396, 36.0312], [-95.2404, 36.03028], [-95.24127, 36.02986], [-95.24237, 36.02975], [-95.24365, 36.03004], [-95.24526, 36.03136], [-95.2456, 36.03239], [-95.24542, 36.03323]]], [[[-95.28002, 36.15979], [-95.27898, 36.16032], [-95.27788, 36.16043], [-95.27588, 36.15969], [-95.27506, 36.15806], [-95.27525, 36.15721], [-95.27584, 36.15647], [-95.27703, 36.15589], [-95.27814, 36.15578], [-95.27932, 36.15599], [-95.28013, 36.15646], [-95.28084, 36.15795], [-95.28062, 36.15904], [-95.28002, 36.15979]]], [[[-95.2452, 36.17027], [-95.2461, 36.17087], [-95.24655, 36.17156], [-95.24666, 36.17246], [-95.24636, 36.17329], [-95.24567, 36.17395], [-95.24468, 36.17437], [-95.24347, 36.17446], [-95.24232, 36.17415], [-95.24123, 36.1732], [-95.24097, 36.17189], [-95.23963, 36.17123], [-95.23888, 36.17018], [-95.23887, 36.16896], [-95.23986, 36.16686], [-95.24063, 36.16631], [-95.24173, 36.16597], [-95.24366, 36.16638], [-95.24472, 36.1676], [-95.2452, 36.17027]]], [[[-95.23714, 36.18227], [-95.23638, 36.18141], [-95.23621, 36.18057], [-95.23643, 36.17957], [-95.23709, 36.17875], [-95.23794, 36.17829], [-95.23907, 36.17811], [-95.24008, 36.17823], [-95.24115, 36.17874], [-95.24176, 36.1794], [-95.24204, 36.18036], [-95.24139, 36.18196], [-95.2405, 36.18252], [-95.23924, 36.18278], [-95.23819, 36.1827], [-95.23714, 36.18227]]], [[[-95.29914, 36.18271], [-95.2992, 36.18516], [-95.29829, 36.18639], [-95.29685, 36.18685], [-95.29531, 36.18792], [-95.29372, 36.18801], [-95.29243, 36.18849], [-95.29101, 36.18846], [-95.28955, 36.18792], [-95.28876, 36.18688], [-95.28877, 36.18508], [-95.28948, 36.18405], [-95.28568, 36.18405], [-95.28441, 36.18372], [-95.28329, 36.1826], [-95.28304, 36.18062], [-95.28411, 36.17862], [-95.28529, 36.17784], [-95.28865, 36.17761], [-95.29212, 36.17779], [-95.29267, 36.17708], [-95.29374, 36.17651], [-95.29591, 36.17637], [-95.29743, 36.17695], [-95.2984, 36.17808], [-95.29931, 36.18062], [-95.29914, 36.18271]]], [[[-95.32735, 36.18877], [-95.32661, 36.18789], [-95.32641, 36.187], [-95.32668, 36.18606], [-95.32741, 36.18523], [-95.32882, 36.18425], [-95.32984, 36.18395], [-95.33097, 36.184], [-95.33213, 36.18453], [-95.3332, 36.18556], [-95.33358, 36.18654], [-95.33334, 36.18759], [-95.33264, 36.18838], [-95.33115, 36.18939], [-95.33002, 36.18971], [-95.32856, 36.18952], [-95.32735, 36.18877]]], [[[-95.28502, 36.20613], [-95.28377, 36.20633], [-95.28233, 36.2059], [-95.28038, 36.20422], [-95.27999, 36.20305], [-95.28119, 36.20082], [-95.28127, 36.19955], [-95.2825, 36.19796], [-95.28404, 36.197], [-95.28575, 36.19681], [-95.28733, 36.19706], [-95.28844, 36.19783], [-95.28984, 36.20173], [-95.28897, 36.20333], [-95.28502, 36.20613]]], [[[-95.30613, 36.21425], [-95.30692, 36.21567], [-95.30704, 36.2167], [-95.30655, 36.21764], [-95.30551, 36.21834], [-95.30432, 36.21859], [-95.30122, 36.21851], [-95.30002, 36.21811], [-95.29894, 36.21718], [-95.2985, 36.21525], [-95.29903, 36.21432], [-95.29981, 36.21379], [-95.30308, 36.21333], [-95.30496, 36.21362], [-95.30613, 36.21425]]], [[[-95.27344, 36.22009], [-95.27397, 36.21919], [-95.27478, 36.21863], [-95.27585, 36.21837], [-95.27719, 36.21849], [-95.27807, 36.21891], [-95.27881, 36.21978], [-95.27882, 36.2217], [-95.27834, 36.22237], [-95.27721, 36.22308], [-95.27617, 36.22327], [-95.27512, 36.22312], [-95.27427, 36.2227], [-95.27359, 36.22193], [-95.27344, 36.22009]]], [[[-95.27631, 36.22515], [-95.27693, 36.22585], [-95.27715, 36.2267], [-95.27711, 36.22793], [-95.27653, 36.22979], [-95.27581, 36.23047], [-95.27469, 36.23091], [-95.27321, 36.23091], [-95.27226, 36.23061], [-95.27137, 36.22986], [-95.27102, 36.22901], [-95.271, 36.2266], [-95.27143, 36.22557], [-95.27224, 36.22491], [-95.27343, 36.22457], [-95.27513, 36.22461], [-95.27631, 36.22515]]], [[[-95.28189, 36.23285], [-95.28264, 36.23201], [-95.28366, 36.23156], [-95.28551, 36.23152], [-95.28662, 36.23186], [-95.28735, 36.23245], [-95.28775, 36.23322], [-95.28782, 36.23464], [-95.28744, 36.23558], [-95.28678, 36.23616], [-95.28575, 36.23654], [-95.28423, 36.23661], [-95.28304, 36.23628], [-95.28184, 36.23495], [-95.28189, 36.23285]]], [[[-95.30507, 36.24466], [-95.30396, 36.24513], [-95.30256, 36.24516], [-95.30166, 36.24484], [-95.30041, 36.24386], [-95.29993, 36.24306], [-95.29988, 36.24226], [-95.30028, 36.24125], [-95.30103, 36.24049], [-95.30195, 36.24011], [-95.30323, 36.24008], [-95.30505, 36.24066], [-95.30586, 36.24124], [-95.30631, 36.24201], [-95.30634, 36.24286], [-95.30594, 36.24386], [-95.30507, 36.24466]]], [[[-95.31875, 36.24468], [-95.31803, 36.24383], [-95.31786, 36.24296], [-95.31812, 36.242], [-95.31902, 36.24114], [-95.32032, 36.24076], [-95.32242, 36.24079], [-95.3234, 36.24103], [-95.32433, 36.24172], [-95.32473, 36.24247], [-95.32476, 36.24343], [-95.32439, 36.24423], [-95.32364, 36.24485], [-95.3224, 36.24523], [-95.32049, 36.24523], [-95.31875, 36.24468]]], [[[-95.3331, 36.2492], [-95.33159, 36.24815], [-95.3313, 36.2473], [-95.33142, 36.24637], [-95.33203, 36.24554], [-95.33286, 36.24506], [-95.3339, 36.24485], [-95.33492, 36.24498], [-95.33639, 36.24605], [-95.33666, 36.24697], [-95.33653, 36.24787], [-95.33528, 36.24905], [-95.33416, 36.24931], [-95.3331, 36.2492]]], [[[-95.31098, 36.25227], [-95.30993, 36.25284], [-95.30873, 36.25296], [-95.30756, 36.2536], [-95.30582, 36.25363], [-95.30484, 36.25324], [-95.30416, 36.2526], [-95.30381, 36.25172], [-95.30389, 36.25082], [-95.30435, 36.25006], [-95.30526, 36.24943], [-95.30687, 36.2492], [-95.3082, 36.24848], [-95.30953, 36.24845], [-95.31075, 36.24896], [-95.31147, 36.24986], [-95.31161, 36.25117], [-95.31098, 36.25227]]], [[[-95.33155, 36.25259], [-95.33152, 36.25358], [-95.33106, 36.25436], [-95.33016, 36.255], [-95.32882, 36.2553], [-95.32768, 36.2551], [-95.32674, 36.25459], [-95.32566, 36.25267], [-95.32581, 36.25187], [-95.32636, 36.25114], [-95.32723, 36.25063], [-95.32838, 36.25045], [-95.33025, 36.25104], [-95.33111, 36.25176], [-95.33155, 36.25259]]], [[[-95.31777, 36.25457], [-95.31705, 36.25535], [-95.31607, 36.25578], [-95.31491, 36.25585], [-95.31389, 36.25557], [-95.31295, 36.25489], [-95.31242, 36.25396], [-95.31237, 36.25305], [-95.31273, 36.25216], [-95.31345, 36.25151], [-95.31442, 36.25112], [-95.31557, 36.25107], [-95.31653, 36.25134], [-95.31733, 36.2519], [-95.31777, 36.25263], [-95.31799, 36.25374], [-95.31777, 36.25457]]], [[[-95.2993, 36.28577], [-95.29868, 36.28678], [-95.29741, 36.28747], [-95.29595, 36.28754], [-95.29451, 36.28698], [-95.2941, 36.28865], [-95.29304, 36.2899], [-95.29208, 36.29048], [-95.2911, 36.29066], [-95.28989, 36.29044], [-95.28849, 36.28917], [-95.28858, 36.2875], [-95.28817, 36.28641], [-95.2884, 36.28439], [-95.28913, 36.28357], [-95.29129, 36.2823], [-95.29192, 36.27969], [-95.29253, 36.27897], [-95.29357, 36.27843], [-95.29549, 36.27793], [-95.29706, 36.27809], [-95.29863, 36.27888], [-95.30024, 36.28062], [-95.30072, 36.28152], [-95.30078, 36.28258], [-95.3003, 36.28359], [-95.29932, 36.28433], [-95.2993, 36.28577]]], [[[-95.28232, 36.29276], [-95.28323, 36.29232], [-95.28442, 36.2922], [-95.28673, 36.29296], [-95.28811, 36.29471], [-95.28815, 36.29554], [-95.28766, 36.29649], [-95.28552, 36.2977], [-95.28172, 36.29825], [-95.28089, 36.29873], [-95.27989, 36.29992], [-95.27823, 36.30068], [-95.27697, 36.30085], [-95.27576, 36.30051], [-95.27475, 36.29965], [-95.27445, 36.29843], [-95.27606, 36.29603], [-95.27646, 36.29381], [-95.27689, 36.29306], [-95.27764, 36.29251], [-95.27886, 36.29221], [-95.2801, 36.29241], [-95.2811, 36.29308], [-95.28232, 36.29276]]], [[[-95.31439, 36.30339], [-95.31316, 36.30361], [-95.31207, 36.30341], [-95.31122, 36.30293], [-95.31037, 36.30186], [-95.30985, 36.30064], [-95.30987, 36.29976], [-95.31037, 36.29891], [-95.31141, 36.29824], [-95.31283, 36.29806], [-95.31392, 36.29836], [-95.31473, 36.29892], [-95.31593, 36.30043], [-95.31595, 36.30212], [-95.31529, 36.30292], [-95.31439, 36.30339]]], [[[-95.28974, 36.37615], [-95.28745, 36.37668], [-95.28616, 36.37649], [-95.28469, 36.37553], [-95.28412, 36.37399], [-95.28449, 36.37187], [-95.28519, 36.37072], [-95.28648, 36.36971], [-95.28666, 36.36879], [-95.28721, 36.36812], [-95.28875, 36.36749], [-95.28975, 36.36754], [-95.29233, 36.36835], [-95.29324, 36.36908], [-95.29358, 36.36987], [-95.29295, 36.37244], [-95.29175, 36.37465], [-95.28974, 36.37615]]], [[[-95.31107, 36.37774], [-95.30955, 36.37772], [-95.30831, 36.37701], [-95.30578, 36.37184], [-95.30599, 36.37082], [-95.30677, 36.37], [-95.31054, 36.3686], [-95.31181, 36.3688], [-95.31371, 36.36993], [-95.31557, 36.37188], [-95.31605, 36.37353], [-95.31587, 36.37432], [-95.31476, 36.37588], [-95.31107, 36.37774]]], [[[-95.27904, 36.43111], [-95.27826, 36.43004], [-95.27812, 36.42824], [-95.27847, 36.42726], [-95.27924, 36.42652], [-95.28045, 36.42605], [-95.28296, 36.42575], [-95.28482, 36.42592], [-95.28613, 36.42669], [-95.28668, 36.42781], [-95.28658, 36.42916], [-95.28455, 36.43206], [-95.28328, 36.43254], [-95.28177, 36.43255], [-95.27904, 36.43111]]], [[[-95.25267, 36.46432], [-95.2524, 36.46516], [-95.24682, 36.4646], [-95.24674, 36.46235], [-95.24622, 36.46249], [-95.24563, 36.46354], [-95.24457, 36.46415], [-95.24283, 36.4642], [-95.24174, 36.46381], [-95.24075, 36.46277], [-95.2405, 36.46179], [-95.24136, 36.46022], [-95.24115, 36.45897], [-95.24185, 36.4578], [-95.24324, 36.45685], [-95.24449, 36.45654], [-95.24552, 36.45667], [-95.24771, 36.45753], [-95.24845, 36.45821], [-95.24876, 36.45898], [-95.24821, 36.46093], [-95.24983, 36.46079], [-95.25115, 36.46139], [-95.25241, 36.46301], [-95.25267, 36.46432]]], [[[-95.21998, 36.15082], [-95.22152, 36.15181], [-95.22193, 36.15312], [-95.2214, 36.15428], [-95.21988, 36.15509], [-95.21799, 36.15495], [-95.21656, 36.15379], [-95.21464, 36.15424], [-95.21343, 36.15418], [-95.2123, 36.15363], [-95.21161, 36.15272], [-95.21154, 36.15161], [-95.21209, 36.15058], [-95.21293, 36.14998], [-95.21486, 36.14931], [-95.21683, 36.14937], [-95.21782, 36.14987], [-95.21858, 36.15077], [-95.21998, 36.15082]]], [[[-95.19062, 36.15518], [-95.19118, 36.1538], [-95.19272, 36.15281], [-95.19468, 36.15285], [-95.19602, 36.15374], [-95.19639, 36.1547], [-95.19628, 36.15582], [-95.19512, 36.15714], [-95.19595, 36.15809], [-95.19611, 36.15933], [-95.19565, 36.16025], [-95.19494, 36.16079], [-95.19379, 36.16117], [-95.19261, 36.16116], [-95.19152, 36.16078], [-95.1908, 36.16017], [-95.19038, 36.15922], [-95.19043, 36.15835], [-95.19076, 36.15763], [-95.19158, 36.15691], [-95.19087, 36.15616], [-95.19062, 36.15518]]], [[[-95.2079, 36.15372], [-95.20903, 36.15305], [-95.21046, 36.15293], [-95.21176, 36.15336], [-95.21268, 36.15413], [-95.21308, 36.15596], [-95.21206, 36.15819], [-95.2132, 36.15825], [-95.21413, 36.15862], [-95.21482, 36.15925], [-95.21519, 36.16015], [-95.21486, 36.16153], [-95.2137, 36.16248], [-95.21191, 36.16271], [-95.21016, 36.16212], [-95.20925, 36.16059], [-95.20989, 36.15906], [-95.20804, 36.15866], [-95.20699, 36.15777], [-95.20678, 36.15636], [-95.2079, 36.15372]]], [[[-95.19553, 36.16366], [-95.19715, 36.16299], [-95.19893, 36.16327], [-95.2001, 36.16434], [-95.20022, 36.16579], [-95.19944, 36.16685], [-95.19829, 36.16736], [-95.19699, 36.16741], [-95.19564, 36.16688], [-95.19621, 36.16774], [-95.1963, 36.16872], [-95.19742, 36.17014], [-95.19737, 36.17155], [-95.19644, 36.17251], [-95.19497, 36.17298], [-95.19475, 36.17397], [-95.19388, 36.17486], [-95.19268, 36.17526], [-95.19148, 36.17521], [-95.19038, 36.17472], [-95.18972, 36.17399], [-95.1895, 36.17279], [-95.19017, 36.17162], [-95.18865, 36.17073], [-95.18823, 36.16923], [-95.18654, 36.16996], [-95.18468, 36.16976], [-95.18334, 36.16857], [-95.18331, 36.16707], [-95.18439, 36.16594], [-95.18661, 36.16548], [-95.18744, 36.16439], [-95.18932, 36.16378], [-95.19033, 36.16394], [-95.19133, 36.16449], [-95.1919, 36.16521], [-95.1921, 36.16629], [-95.19394, 36.16607], [-95.19541, 36.16669], [-95.19489, 36.16596], [-95.19477, 36.16504], [-95.19553, 36.16366]]], [[[-95.21564, 36.16994], [-95.2169, 36.16862], [-95.21837, 36.16825], [-95.21938, 36.16841], [-95.22032, 36.16892], [-95.22146, 36.17073], [-95.22309, 36.16988], [-95.22466, 36.16993], [-95.22552, 36.17033], [-95.22623, 36.17107], [-95.22668, 36.17206], [-95.22653, 36.17322], [-95.22579, 36.1741], [-95.2246, 36.17462], [-95.22321, 36.17462], [-95.22215, 36.17419], [-95.22133, 36.17472], [-95.22059, 36.1759], [-95.2192, 36.17658], [-95.21756, 36.17654], [-95.21637, 36.17595], [-95.2152, 36.17744], [-95.21413, 36.17806], [-95.21102, 36.17819], [-95.21013, 36.17875], [-95.20885, 36.17901], [-95.20783, 36.17892], [-95.20675, 36.17848], [-95.20578, 36.1774], [-95.2055, 36.17527], [-95.2058, 36.17334], [-95.2068, 36.17197], [-95.20802, 36.17134], [-95.21133, 36.17084], [-95.21368, 36.17131], [-95.21488, 36.17206], [-95.21556, 36.17133], [-95.21564, 36.16994]]], [[[-95.22, 36.17983], [-95.22006, 36.17884], [-95.22057, 36.17799], [-95.22147, 36.17733], [-95.2225, 36.17705], [-95.2238, 36.17715], [-95.22469, 36.17758], [-95.22566, 36.17926], [-95.22511, 36.18079], [-95.22329, 36.18162], [-95.22201, 36.18156], [-95.22112, 36.18121], [-95.22039, 36.18061], [-95.22, 36.17983]]], [[[-95.21874, 36.19071], [-95.21988, 36.19049], [-95.22091, 36.19063], [-95.22208, 36.19128], [-95.22264, 36.19213], [-95.22271, 36.19302], [-95.22235, 36.19381], [-95.22158, 36.19472], [-95.22039, 36.19528], [-95.21932, 36.19533], [-95.21829, 36.19504], [-95.21755, 36.1945], [-95.21708, 36.19369], [-95.21701, 36.19279], [-95.21743, 36.19182], [-95.21874, 36.19071]]], [[[-95.23246, 36.19275], [-95.23367, 36.19311], [-95.23462, 36.19392], [-95.23512, 36.19508], [-95.23489, 36.19615], [-95.23408, 36.19703], [-95.2318, 36.19793], [-95.2298, 36.19792], [-95.22896, 36.19746], [-95.22832, 36.19657], [-95.22805, 36.19523], [-95.22827, 36.19428], [-95.22968, 36.19311], [-95.23246, 36.19275]]], [[[-95.22075, 36.27039], [-95.21962, 36.2712], [-95.21573, 36.27213], [-95.21424, 36.27194], [-95.21253, 36.271], [-95.21204, 36.26984], [-95.2124, 36.268], [-95.21467, 36.26461], [-95.21537, 36.26403], [-95.21654, 36.26367], [-95.21778, 36.26379], [-95.2202, 36.26498], [-95.22095, 36.26561], [-95.22164, 36.26665], [-95.22192, 36.26809], [-95.22075, 36.27039]]], [[[-95.23395, 36.41216], [-95.23241, 36.41143], [-95.23164, 36.41013], [-95.2318, 36.40911], [-95.23316, 36.40736], [-95.23435, 36.40697], [-95.23572, 36.40702], [-95.23738, 36.40795], [-95.23881, 36.40826], [-95.23966, 36.40888], [-95.24011, 36.40967], [-95.24012, 36.41067], [-95.23893, 36.41201], [-95.2374, 36.4124], [-95.23597, 36.41211], [-95.23395, 36.41216]]], [[[-95.24006, 36.45788], [-95.2377, 36.45818], [-95.23676, 36.45786], [-95.23592, 36.4571], [-95.23549, 36.45606], [-95.23571, 36.45492], [-95.23641, 36.45389], [-95.23736, 36.45327], [-95.23853, 36.45296], [-95.24033, 36.45303], [-95.24128, 36.45335], [-95.24213, 36.45413], [-95.24243, 36.45513], [-95.2422, 36.45595], [-95.24006, 36.45788]]], [[[-95.20793, 36.45503], [-95.20895, 36.45576], [-95.2095, 36.45669], [-95.2095, 36.45801], [-95.20877, 36.45902], [-95.20419, 36.45818], [-95.20392, 36.45678], [-95.20464, 36.45552], [-95.20616, 36.45485], [-95.20793, 36.45503]]], [[[-95.17648, 36.17962], [-95.17554, 36.17868], [-95.1754, 36.17747], [-95.17604, 36.17619], [-95.17729, 36.17547], [-95.17861, 36.1754], [-95.18005, 36.1759], [-95.18087, 36.17672], [-95.18111, 36.17768], [-95.18369, 36.17954], [-95.18477, 36.17764], [-95.18582, 36.17714], [-95.18714, 36.17708], [-95.18866, 36.17764], [-95.18947, 36.17859], [-95.18963, 36.17961], [-95.18914, 36.18062], [-95.18949, 36.18136], [-95.18946, 36.18224], [-95.18847, 36.18348], [-95.18681, 36.18398], [-95.18497, 36.18355], [-95.18384, 36.1824], [-95.18351, 36.18271], [-95.18342, 36.1843], [-95.18226, 36.18537], [-95.18114, 36.18567], [-95.17975, 36.18549], [-95.17861, 36.18566], [-95.17698, 36.18529], [-95.17644, 36.18623], [-95.17543, 36.1869], [-95.17441, 36.18709], [-95.17309, 36.18693], [-95.17208, 36.18635], [-95.17155, 36.18561], [-95.17167, 36.1839], [-95.17241, 36.18303], [-95.17332, 36.18261], [-95.17467, 36.18252], [-95.17589, 36.18287], [-95.17665, 36.18177], [-95.17787, 36.18116], [-95.17736, 36.17994], [-95.17648, 36.17962]]], [[[-95.13298, 36.20836], [-95.13181, 36.20806], [-95.13081, 36.20729], [-95.13033, 36.20601], [-95.13034, 36.20507], [-95.13093, 36.20412], [-95.13188, 36.20353], [-95.13457, 36.20338], [-95.13548, 36.20375], [-95.13621, 36.20443], [-95.13656, 36.20528], [-95.13645, 36.20632], [-95.13526, 36.20774], [-95.13406, 36.20827], [-95.13298, 36.20836]]], [[[-95.06977, 36.29642], [-95.06858, 36.29742], [-95.06644, 36.29859], [-95.06462, 36.29912], [-95.06264, 36.29899], [-95.05938, 36.29815], [-95.05393, 36.30168], [-95.0529, 36.3021], [-95.05157, 36.30223], [-95.05031, 36.30319], [-95.05023, 36.30403], [-95.04969, 36.30493], [-95.04818, 36.3058], [-95.04561, 36.30607], [-95.0445, 36.30558], [-95.04379, 36.30473], [-95.0438, 36.30331], [-95.04578, 36.30058], [-95.04899, 36.29845], [-95.05012, 36.29804], [-95.05134, 36.29796], [-95.05239, 36.29713], [-95.0543, 36.2962], [-95.05541, 36.29474], [-95.05668, 36.29404], [-95.05967, 36.2939], [-95.06389, 36.2949], [-95.06539, 36.29406], [-95.06558, 36.29295], [-95.06633, 36.29212], [-95.06746, 36.29167], [-95.06848, 36.29166], [-95.06982, 36.29223], [-95.07058, 36.29339], [-95.07041, 36.29535], [-95.06977, 36.29642]]], [[[-95.11435, 36.35073], [-95.11408, 36.35173], [-95.11339, 36.35247], [-95.11219, 36.35314], [-95.1109, 36.3533], [-95.10944, 36.35304], [-95.10839, 36.35236], [-95.10787, 36.35143], [-95.10786, 36.35], [-95.10825, 36.34909], [-95.10905, 36.34836], [-95.10992, 36.348], [-95.11104, 36.34793], [-95.11316, 36.34884], [-95.11412, 36.34993], [-95.11435, 36.35073]]]]}, "properties": {"class": "water", "buffer_m": 234.0, "area_km2": 195.71}}, {"type": "Feature", "geometry": {"type": "MultiPolygon", "coordinates": [[[[-95.55526, 36.25434], [-95.55498, 36.25423], [-95.55525, 36.25396], [-95.55544, 36.25409], [-95.55526, 36.25434]]], [[[-95.55396, 36.2562], [-95.55371, 36.25637], [-95.55344, 36.25625], [-95.55364, 36.25602], [-95.55396, 36.2562]]], [[[-95.5553, 36.25785], [-95.55528, 36.25781], [-95.55531, 36.25777], [-95.5553, 36.25785], [-95.5553, 36.25785]]], [[[-95.554, 36.25803], [-95.55368, 36.25811], [-95.55307, 36.25796], [-95.55391, 36.25763], [-95.554, 36.25803]]], [[[-95.51299, 36.14151], [-95.5161, 36.14149], [-95.51611, 36.1406], [-95.51756, 36.14058], [-95.51756, 36.14099], [-95.51723, 36.14098], [-95.51723, 36.14201], [-95.51835, 36.14197], [-95.51834, 36.14132], [-95.51891, 36.14133], [-95.51893, 36.14415], [-95.51947, 36.14415], [-95.51945, 36.14345], [-95.52062, 36.14334], [-95.52061, 36.14421], [-95.52, 36.14422], [-95.52002, 36.14718], [-95.52063, 36.14719], [-95.52062, 36.1478], [-95.51669, 36.14777], [-95.5167, 36.1444], [-95.51696, 36.14418], [-95.51614, 36.14418], [-95.51613, 36.14329], [-95.51174, 36.14331], [-95.51175, 36.14239], [-95.51255, 36.14241], [-95.51299, 36.14151]]], [[[-95.51632, 36.14461], [-95.51654, 36.14472], [-95.51629, 36.14531], [-95.51622, 36.14527], [-95.51632, 36.14461]]], [[[-95.52614, 36.14936], [-95.52598, 36.14975], [-95.52532, 36.14969], [-95.52528, 36.15007], [-95.52498, 36.1501], [-95.52505, 36.15152], [-95.52468, 36.15152], [-95.52607, 36.15165], [-95.52573, 36.15426], [-95.52539, 36.15376], [-95.52422, 36.15358], [-95.52311, 36.15382], [-95.52282, 36.15483], [-95.52086, 36.15484], [-95.52175, 36.15429], [-95.52256, 36.15456], [-95.5228, 36.15367], [-95.52359, 36.15363], [-95.52403, 36.15322], [-95.52463, 36.15339], [-95.52489, 36.15186], [-95.52327, 36.15142], [-95.52064, 36.15139], [-95.5206, 36.1526], [-95.51626, 36.15255], [-95.51625, 36.1479], [-95.52729, 36.14798], [-95.52695, 36.14828], [-95.5269, 36.14911], [-95.52653, 36.14947], [-95.52636, 36.14925], [-95.52643, 36.1496], [-95.52613, 36.14968], [-95.52614, 36.14936]]], [[[-95.51461, 36.15096], [-95.51455, 36.15092], [-95.51351, 36.15146], [-95.51389, 36.1512], [-95.51355, 36.15074], [-95.51464, 36.15024], [-95.51502, 36.15075], [-95.51461, 36.15096]]], [[[-95.52563, 36.15087], [-95.52553, 36.1499], [-95.52605, 36.14986], [-95.52619, 36.15064], [-95.5259, 36.15135], [-95.52552, 36.15137], [-95.52563, 36.15087]]], [[[-95.51608, 36.15217], [-95.51559, 36.15123], [-95.51614, 36.151], [-95.51615, 36.15216], [-95.51608, 36.15217]]], [[[-95.51449, 36.15194], [-95.51519, 36.15302], [-95.51482, 36.15325], [-95.51403, 36.15216], [-95.51449, 36.15194]]], [[[-95.5103, 36.15521], [-95.51148, 36.15678], [-95.51076, 36.15709], [-95.50956, 36.1555], [-95.5103, 36.15521]]], [[[-95.51451, 36.15866], [-95.51465, 36.15835], [-95.51504, 36.15829], [-95.51473, 36.15886], [-95.51482, 36.15962], [-95.51445, 36.15985], [-95.51423, 36.15944], [-95.51453, 36.15943], [-95.51451, 36.15866]]], [[[-95.50897, 36.16072], [-95.50962, 36.16081], [-95.50966, 36.16109], [-95.50939, 36.16112], [-95.50897, 36.16072]]], [[[-95.51626, 36.16067], [-95.51693, 36.16075], [-95.51735, 36.16149], [-95.51731, 36.16224], [-95.5163, 36.16229], [-95.51543, 36.16106], [-95.51559, 36.16067], [-95.51626, 36.16067]]], [[[-95.52387, 36.20804], [-95.51991, 36.20853], [-95.51984, 36.20713], [-95.51842, 36.20435], [-95.51829, 36.20181], [-95.52174, 36.2016], [-95.5231, 36.20352], [-95.52387, 36.20804]]], [[[-95.55193, 36.25653], [-95.55167, 36.25662], [-95.5517, 36.25624], [-95.55194, 36.25635], [-95.55193, 36.25653]]], [[[-95.5386, 36.29961], [-95.53851, 36.29946], [-95.53872, 36.29915], [-95.53902, 36.29945], [-95.53891, 36.2997], [-95.5386, 36.29961]]], [[[-95.53933, 36.301], [-95.53859, 36.30094], [-95.53835, 36.30056], [-95.53863, 36.30047], [-95.53875, 36.30083], [-95.53913, 36.30062], [-95.53984, 36.30134], [-95.53933, 36.301]], [[-95.53895, 36.30085], [-95.53915, 36.30083], [-95.53917, 36.30076], [-95.53899, 36.30074], [-95.53895, 36.30085]]], [[[-95.53548, 36.30498], [-95.53502, 36.30463], [-95.53516, 36.30421], [-95.53586, 36.30467], [-95.53548, 36.30498]]], [[[-95.54035, 36.30975], [-95.54014, 36.3092], [-95.54036, 36.30906], [-95.54071, 36.30964], [-95.54035, 36.30975]]], [[[-95.54145, 36.31063], [-95.54108, 36.31058], [-95.54108, 36.31033], [-95.5415, 36.31046], [-95.54145, 36.31063]]], [[[-95.53864, 36.31614], [-95.53787, 36.31612], [-95.53803, 36.31556], [-95.53872, 36.31598], [-95.53864, 36.31614]]], [[[-95.53925, 36.31627], [-95.53894, 36.31628], [-95.53898, 36.31588], [-95.53938, 36.31603], [-95.53925, 36.31627]]], [[[-95.45318, 36.08178], [-95.453, 36.07998], [-95.45428, 36.07968], [-95.45394, 36.07891], [-95.45484, 36.07878], [-95.45335, 36.07638], [-95.4622, 36.08906], [-95.46188, 36.08909], [-95.46127, 36.08847], [-95.46117, 36.08775], [-95.45813, 36.08367], [-95.45792, 36.08715], [-95.45593, 36.08789], [-95.45595, 36.0897], [-95.45307, 36.08972], [-95.45326, 36.08768], [-95.45592, 36.08655], [-95.45596, 36.08258], [-95.45352, 36.08283], [-95.45301, 36.08356], [-95.45234, 36.08331], [-95.45086, 36.08447], [-95.45085, 36.08479], [-95.44906, 36.0856], [-95.44904, 36.086], [-95.44752, 36.08604], [-95.447, 36.08568], [-95.44724, 36.0852], [-95.44823, 36.08493], [-95.44822, 36.08423], [-95.44894, 36.08415], [-95.44897, 36.08256], [-95.45099, 36.08258], [-95.45318, 36.08178]]], [[[-95.45018, 36.08547], [-95.45076, 36.08513], [-95.45096, 36.08566], [-95.45032, 36.08573], [-95.45018, 36.08547]]], [[[-95.46142, 36.08969], [-95.46173, 36.08918], [-95.4619, 36.08923], [-95.46183, 36.08971], [-95.46142, 36.08969]]], [[[-95.46375, 36.0897], [-95.46341, 36.0897], [-95.46341, 36.08943], [-95.46375, 36.08943], [-95.46375, 36.0897]]], [[[-95.46071, 36.09168], [-95.46126, 36.09065], [-95.46096, 36.08988], [-95.46197, 36.08986], [-95.46185, 36.09116], [-95.46132, 36.09184], [-95.46074, 36.0919], [-95.46071, 36.09168]]], [[[-95.41968, 36.09194], [-95.41957, 36.09188], [-95.4196, 36.09154], [-95.41992, 36.09184], [-95.41968, 36.09194]]], [[[-95.40785, 36.09253], [-95.40744, 36.0925], [-95.40749, 36.09212], [-95.40847, 36.09215], [-95.40847, 36.0925], [-95.40785, 36.09253]]], [[[-95.41979, 36.09217], [-95.4207, 36.09217], [-95.42081, 36.09245], [-95.42025, 36.09272], [-95.41973, 36.09241], [-95.41979, 36.09217]]], [[[-95.45363, 36.09316], [-95.45441, 36.09338], [-95.45335, 36.09413], [-95.45345, 36.08984], [-95.45536, 36.08983], [-95.45533, 36.09115], [-95.45464, 36.091], [-95.45431, 36.09129], [-95.4543, 36.09222], [-95.45372, 36.09271], [-95.45363, 36.09316]]], [[[-95.41196, 36.09343], [-95.41187, 36.09392], [-95.41287, 36.09475], [-95.41297, 36.09502], [-95.41196, 36.09454], [-95.41127, 36.09368], [-95.411, 36.0927], [-95.41136, 36.09247], [-95.41194, 36.09242], [-95.41214, 36.0932], [-95.41269, 36.09323], [-95.41196, 36.09343]]], [[[-95.45209, 36.09517], [-95.45191, 36.09486], [-95.45295, 36.09357], [-95.4532, 36.09364], [-95.45332, 36.09523], [-95.45244, 36.0957], [-95.45238, 36.096], [-95.45296, 36.09634], [-95.4521, 36.09651], [-95.45153, 36.09615], [-95.45113, 36.09633], [-95.45064, 36.09588], [-95.45069, 36.0955], [-95.45201, 36.09542], [-95.45209, 36.09517]]], [[[-95.40817, 36.09689], [-95.4077, 36.09698], [-95.40699, 36.09663], [-95.40711, 36.09563], [-95.40817, 36.09689]]], [[[-95.40821, 36.09786], [-95.40814, 36.09786], [-95.40772, 36.09714], [-95.40849, 36.09712], [-95.40821, 36.09786]]], [[[-95.46281, 36.09571], [-95.4632, 36.09592], [-95.46319, 36.09553], [-95.46459, 36.09489], [-95.46408, 36.09483], [-95.46416, 36.09462], [-95.46351, 36.09432], [-95.46351, 36.09371], [-95.46302, 36.09348], [-95.46359, 36.09118], [-95.46335, 36.09062], [-95.46975, 36.09984], [-95.46891, 36.10114], [-95.46852, 36.10241], [-95.46739, 36.10162], [-95.46726, 36.10123], [-95.4674, 36.10078], [-95.46832, 36.10011], [-95.46873, 36.09874], [-95.46816, 36.09847], [-95.46796, 36.09794], [-95.46697, 36.09819], [-95.46707, 36.09704], [-95.46011, 36.09705], [-95.46033, 36.09666], [-95.46159, 36.09652], [-95.46214, 36.09556], [-95.46232, 36.09587], [-95.46281, 36.09571]]], [[[-95.41045, 36.09951], [-95.41026, 36.0984], [-95.41157, 36.09937], [-95.41124, 36.09958], [-95.41108, 36.10007], [-95.41118, 36.10084], [-95.41043, 36.10045], [-95.41045, 36.09951]]], [[[-95.41331, 36.10021], [-95.41269, 36.10122], [-95.41125, 36.10088], [-95.41116, 36.10003], [-95.41159, 36.09943], [-95.41215, 36.09955], [-95.41288, 36.10034], [-95.41331, 36.10021]]], [[[-95.3937, 36.11094], [-95.39469, 36.11007], [-95.39488, 36.11061], [-95.39445, 36.11109], [-95.39462, 36.11131], [-95.39443, 36.11142], [-95.39413, 36.11111], [-95.39427, 36.11188], [-95.39416, 36.11239], [-95.39382, 36.11254], [-95.39375, 36.112], [-95.39348, 36.11201], [-95.39324, 36.11154], [-95.39378, 36.11126], [-95.3937, 36.11094]]], [[[-95.39294, 36.11338], [-95.39299, 36.11304], [-95.39425, 36.11312], [-95.39447, 36.11364], [-95.39388, 36.11581], [-95.39446, 36.11667], [-95.39397, 36.11649], [-95.39372, 36.11603], [-95.39323, 36.11604], [-95.39346, 36.11374], [-95.39294, 36.11338]]], [[[-95.38755, 36.11625], [-95.38686, 36.11628], [-95.3868, 36.11605], [-95.38736, 36.11586], [-95.38812, 36.11638], [-95.38755, 36.11625]]], [[[-95.39574, 36.11649], [-95.39614, 36.1165], [-95.39616, 36.11679], [-95.39574, 36.11682], [-95.39574, 36.11649]]], [[[-95.41957, 36.11859], [-95.4206, 36.11719], [-95.42085, 36.11723], [-95.41957, 36.11859]]], [[[-95.44159, 36.12639], [-95.442, 36.1264], [-95.44177, 36.12694], [-95.44162, 36.1269], [-95.44159, 36.12639]]], [[[-95.44122, 36.12759], [-95.44046, 36.12854], [-95.44012, 36.12852], [-95.44081, 36.1276], [-95.44122, 36.12759]]], [[[-95.43994, 36.12962], [-95.43961, 36.12962], [-95.43969, 36.1292], [-95.43994, 36.1292], [-95.43994, 36.12962]]], [[[-95.45255, 36.1362], [-95.45262, 36.1371], [-95.45189, 36.13701], [-95.45185, 36.13631], [-95.45255, 36.1362]]], [[[-95.43203, 36.13861], [-95.43187, 36.13885], [-95.43147, 36.13866], [-95.43161, 36.13792], [-95.43203, 36.13861]]], [[[-95.49353, 36.13932], [-95.49346, 36.13945], [-95.49327, 36.13944], [-95.49337, 36.13925], [-95.49353, 36.13932]]], [[[-95.43877, 36.14062], [-95.4399, 36.14061], [-95.43989, 36.14127], [-95.43875, 36.14128], [-95.43877, 36.14062]]], [[[-95.49267, 36.13988], [-95.49239, 36.13995], [-95.49235, 36.13986], [-95.49261, 36.13982], [-95.49267, 36.13988]]], [[[-95.48908, 36.13978], [-95.48948, 36.13985], [-95.48939, 36.14057], [-95.48906, 36.14012], [-95.48908, 36.13978]]], [[[-95.48911, 36.14144], [-95.48887, 36.14158], [-95.48889, 36.14124], [-95.48868, 36.1413], [-95.48897, 36.14092], [-95.48959, 36.14093], [-95.48949, 36.14139], [-95.48911, 36.14144]]], [[[-95.49182, 36.14269], [-95.49205, 36.1426], [-95.49226, 36.14267], [-95.49213, 36.14284], [-95.49182, 36.14269]]], [[[-95.4935, 36.14325], [-95.49345, 36.1433], [-95.49333, 36.14319], [-95.49351, 36.14317], [-95.49355, 36.14334], [-95.4935, 36.14325]]], [[[-95.50134, 36.14498], [-95.50136, 36.14558], [-95.50057, 36.14558], [-95.50055, 36.14496], [-95.50134, 36.14498]]], [[[-95.50039, 36.14497], [-95.50038, 36.14578], [-95.49957, 36.14576], [-95.49957, 36.14489], [-95.50039, 36.14497]]], [[[-95.48925, 36.14305], [-95.48961, 36.1432], [-95.49021, 36.14216], [-95.49073, 36.14215], [-95.49111, 36.14311], [-95.49154, 36.14275], [-95.49159, 36.14307], [-95.49186, 36.14291], [-95.49165, 36.14361], [-95.491, 36.14421], [-95.49147, 36.14423], [-95.4915, 36.1439], [-95.49216, 36.14352], [-95.49287, 36.14415], [-95.49265, 36.14482], [-95.49306, 36.1447], [-95.49359, 36.14528], [-95.49302, 36.14528], [-95.49285, 36.145], [-95.49284, 36.1452], [-95.49265, 36.14502], [-95.49247, 36.1452], [-95.49241, 36.14496], [-95.49186, 36.14512], [-95.49215, 36.14551], [-95.49245, 36.14532], [-95.49311, 36.14546], [-95.49267, 36.14564], [-95.49253, 36.14622], [-95.49182, 36.14584], [-95.49092, 36.14614], [-95.49077, 36.14574], [-95.49018, 36.14575], [-95.48977, 36.14517], [-95.49011, 36.14504], [-95.49041, 36.14531], [-95.49052, 36.14499], [-95.49016, 36.14499], [-95.48978, 36.1451], [-95.48935, 36.14455], [-95.49022, 36.14425], [-95.49064, 36.14311], [-95.48953, 36.14393], [-95.48963, 36.14426], [-95.48834, 36.14461], [-95.48863, 36.14627], [-95.48788, 36.14681], [-95.48812, 36.14706], [-95.48883, 36.14654], [-95.4889, 36.1453], [-95.48944, 36.14482], [-95.48967, 36.14509], [-95.48913, 36.14532], [-95.49002, 36.14572], [-95.49023, 36.14626], [-95.49226, 36.14617], [-95.49228, 36.14664], [-95.49199, 36.14646], [-95.49185, 36.14668], [-95.49236, 36.1468], [-95.49074, 36.14705], [-95.49038, 36.14726], [-95.49008, 36.14782], [-95.49345, 36.14784], [-95.49362, 36.14756], [-95.49364, 36.14796], [-95.49115, 36.14793], [-95.49059, 36.14836], [-95.49056, 36.14896], [-95.49132, 36.14963], [-95.49148, 36.15023], [-95.49178, 36.15023], [-95.49152, 36.15068], [-95.49066, 36.1494], [-95.48968, 36.14917], [-95.48889, 36.1493], [-95.48759, 36.14857], [-95.48661, 36.14857], [-95.4863, 36.14929], [-95.48621, 36.14845], [-95.48541, 36.14835], [-95.48484, 36.1486], [-95.48488, 36.1505], [-95.48515, 36.15096], [-95.48493, 36.1511], [-95.4845, 36.15087], [-95.48466, 36.14803], [-95.48247, 36.14776], [-95.48459, 36.14764], [-95.48467, 36.14672], [-95.48421, 36.14675], [-95.48414, 36.14648], [-95.48321, 36.14616], [-95.48369, 36.14514], [-95.48294, 36.14496], [-95.48294, 36.14475], [-95.48343, 36.14471], [-95.4834, 36.14432], [-95.48157, 36.1442], [-95.48341, 36.1442], [-95.4834, 36.14381], [-95.48395, 36.14367], [-95.48355, 36.14312], [-95.48415, 36.14308], [-95.48406, 36.14263], [-95.48265, 36.14223], [-95.48363, 36.14203], [-95.48473, 36.14233], [-95.485, 36.14159], [-95.48475, 36.1412], [-95.4852, 36.1409], [-95.48506, 36.1414], [-95.48559, 36.14095], [-95.48643, 36.14105], [-95.48667, 36.14162], [-95.48745, 36.14147], [-95.48774, 36.14205], [-95.48736, 36.14209], [-95.48758, 36.14281], [-95.48796, 36.1427], [-95.48834, 36.14171], [-95.48967, 36.14188], [-95.48991, 36.14166], [-95.49014, 36.14191], [-95.48949, 36.14202], [-95.48966, 36.14236], [-95.48993, 36.14233], [-95.48925, 36.14305]], [[-95.48874, 36.1483], [-95.48854, 36.14833], [-95.48935, 36.14903], [-95.48882, 36.14811], [-95.48874, 36.1483]], [[-95.4871, 36.14541], [-95.48658, 36.14528], [-95.48699, 36.14475], [-95.48668, 36.14444], [-95.48603, 36.14502], [-95.48619, 36.14536], [-95.48681, 36.14538], [-95.48686, 36.14558], [-95.48763, 36.14547], [-95.48734, 36.1459], [-95.4869, 36.14568], [-95.48685, 36.14602], [-95.48737, 36.14604], [-95.48776, 36.14553], [-95.48767, 36.1454], [-95.4871, 36.14541]]], [[[-95.48304, 36.14619], [-95.48276, 36.14618], [-95.48277, 36.14595], [-95.48311, 36.14597], [-95.48304, 36.14619]]], [[[-95.50132, 36.14569], [-95.50136, 36.14592], [-95.5006, 36.14584], [-95.50069, 36.1457], [-95.50132, 36.14569]]], [[[-95.49966, 36.14585], [-95.50071, 36.14623], [-95.50077, 36.14682], [-95.49998, 36.14682], [-95.49966, 36.14585]]], [[[-95.44009, 36.14846], [-95.44008, 36.14793], [-95.44113, 36.14792], [-95.44112, 36.14845], [-95.44009, 36.14846]]], [[[-95.49087, 36.1475], [-95.49076, 36.14767], [-95.4903, 36.14767], [-95.49077, 36.14713], [-95.49087, 36.1475]]], [[[-95.42401, 36.15094], [-95.4249, 36.14951], [-95.42486, 36.14915], [-95.42506, 36.14963], [-95.42495, 36.15069], [-95.42464, 36.15103], [-95.42401, 36.15094]]], [[[-95.49029, 36.15119], [-95.49026, 36.15155], [-95.48926, 36.15136], [-95.48954, 36.15099], [-95.49029, 36.15119]]], [[[-95.49241, 36.1512], [-95.4929, 36.1508], [-95.49293, 36.15163], [-95.49195, 36.15129], [-95.49241, 36.1512]]], [[[-95.49067, 36.15159], [-95.49053, 36.15104], [-95.49087, 36.15099], [-95.49092, 36.15157], [-95.49067, 36.15159]]], [[[-95.46672, 36.15322], [-95.46661, 36.15341], [-95.46617, 36.15341], [-95.4663, 36.15312], [-95.46672, 36.15322]]], [[[-95.48363, 36.15518], [-95.4848, 36.15519], [-95.48479, 36.15694], [-95.48364, 36.15694], [-95.48363, 36.15518]]], [[[-95.39888, 36.16094], [-95.39883, 36.16141], [-95.39853, 36.16147], [-95.39835, 36.16092], [-95.39888, 36.16094]]], [[[-95.44886, 36.16887], [-95.44887, 36.16791], [-95.44735, 36.16752], [-95.44803, 36.16733], [-95.44895, 36.16747], [-95.44896, 36.1625], [-95.45802, 36.1625], [-95.45803, 36.1661], [-95.45223, 36.16605], [-95.45221, 36.16705], [-95.45304, 36.16752], [-95.45302, 36.16874], [-95.44886, 36.16887]]], [[[-95.40384, 36.166], [-95.40449, 36.166], [-95.40446, 36.16687], [-95.40384, 36.16689], [-95.40384, 36.166]]], [[[-95.44348, 36.16642], [-95.44473, 36.16389], [-95.44443, 36.16257], [-95.44338, 36.16258], [-95.44276, 36.16324], [-95.44099, 36.16355], [-95.4408, 36.1644], [-95.4401, 36.16464], [-95.4401, 36.16439], [-95.44074, 36.16416], [-95.44066, 36.16354], [-95.44138, 36.16312], [-95.44273, 36.16288], [-95.44312, 36.16247], [-95.44501, 36.16246], [-95.44534, 36.16381], [-95.4447, 36.16568], [-95.44552, 36.16685], [-95.44504, 36.1676], [-95.44614, 36.16884], [-95.44664, 36.16891], [-95.4463, 36.16914], [-95.44416, 36.16915], [-95.44451, 36.1683], [-95.44368, 36.16739], [-95.44348, 36.16642]]], [[[-95.42786, 36.17397], [-95.42743, 36.17412], [-95.42733, 36.17372], [-95.42773, 36.17366], [-95.42786, 36.17397]]], [[[-95.39504, 36.17694], [-95.39502, 36.17664], [-95.39563, 36.17664], [-95.39561, 36.17698], [-95.39504, 36.17694]]], [[[-95.38524, 36.19272], [-95.38532, 36.19269], [-95.38538, 36.19273], [-95.38521, 36.1928], [-95.38524, 36.19272]]], [[[-95.38805, 36.19292], [-95.38819, 36.19289], [-95.38826, 36.19304], [-95.38804, 36.1931], [-95.38805, 36.19292]]], [[[-95.38821, 36.19613], [-95.38835, 36.19614], [-95.38833, 36.19628], [-95.38813, 36.19629], [-95.38821, 36.19613]]], [[[-95.38987, 36.19765], [-95.39, 36.19766], [-95.38999, 36.1978], [-95.38979, 36.1978], [-95.38987, 36.19765]]], [[[-95.3873, 36.19853], [-95.38744, 36.19854], [-95.38743, 36.19868], [-95.38722, 36.19869], [-95.3873, 36.19853]]], [[[-95.38753, 36.19952], [-95.38746, 36.19908], [-95.3878, 36.19903], [-95.38809, 36.19935], [-95.38804, 36.19996], [-95.38753, 36.19952]]], [[[-95.42563, 36.25864], [-95.42516, 36.25851], [-95.42501, 36.25884], [-95.4248, 36.25876], [-95.42489, 36.25902], [-95.42461, 36.25877], [-95.42411, 36.25936], [-95.42381, 36.25927], [-95.42542, 36.25764], [-95.42606, 36.25787], [-95.42557, 36.25815], [-95.42563, 36.25864]]], [[[-95.42271, 36.26096], [-95.42257, 36.26112], [-95.42232, 36.26117], [-95.42233, 36.2608], [-95.42271, 36.26096]]], [[[-95.42, 36.26157], [-95.41959, 36.26204], [-95.41927, 36.26207], [-95.4196, 36.26176], [-95.41922, 36.26163], [-95.41986, 36.26135], [-95.42026, 36.2613], [-95.42032, 36.26151], [-95.42061, 36.26109], [-95.4211, 36.26129], [-95.42059, 36.26188], [-95.42, 36.26157]]], [[[-95.41771, 36.2638], [-95.41763, 36.26298], [-95.41852, 36.26297], [-95.41849, 36.26379], [-95.41771, 36.2638]]], [[[-95.40275, 36.30661], [-95.4027, 36.30623], [-95.40334, 36.30634], [-95.40324, 36.30669], [-95.40275, 36.30661]]], [[[-95.34344, 36.07251], [-95.3443, 36.07288], [-95.34403, 36.07418], [-95.34299, 36.07447], [-95.34151, 36.07407], [-95.34344, 36.07251]]], [[[-95.33168, 36.07522], [-95.33169, 36.0744], [-95.33281, 36.07441], [-95.33281, 36.07522], [-95.33168, 36.07522]]], [[[-95.36333, 36.11466], [-95.36328, 36.11519], [-95.36315, 36.11517], [-95.3628, 36.11461], [-95.36333, 36.11466]]], [[[-95.36921, 36.11907], [-95.36921, 36.11935], [-95.36885, 36.11935], [-95.36885, 36.11907], [-95.36921, 36.11907]]], [[[-95.38102, 36.1273], [-95.38123, 36.12679], [-95.38122, 36.1274], [-95.38051, 36.12773], [-95.3802, 36.12861], [-95.37944, 36.12894], [-95.37944, 36.12973], [-95.37844, 36.12998], [-95.37891, 36.12945], [-95.37885, 36.12872], [-95.38102, 36.1273]]], [[[-95.38104, 36.13788], [-95.38111, 36.13821], [-95.38162, 36.13822], [-95.38181, 36.13792], [-95.3825, 36.13849], [-95.38216, 36.13898], [-95.38159, 36.13907], [-95.38157, 36.13941], [-95.38247, 36.13958], [-95.38257, 36.14023], [-95.38309, 36.14054], [-95.38165, 36.14052], [-95.38174, 36.13982], [-95.38113, 36.13952], [-95.38111, 36.13897], [-95.38039, 36.13814], [-95.36863, 36.13838], [-95.36857, 36.13649], [-95.35982, 36.13548], [-95.35979, 36.13336], [-95.37767, 36.13349], [-95.37766, 36.13665], [-95.3798, 36.13741], [-95.38119, 36.13757], [-95.38104, 36.13788]]], [[[-95.31546, 36.13961], [-95.31475, 36.13959], [-95.31475, 36.13801], [-95.31551, 36.138], [-95.31546, 36.13961]]], [[[-95.37635, 36.14026], [-95.37689, 36.14043], [-95.37684, 36.1407], [-95.37594, 36.14061], [-95.37546, 36.13971], [-95.37571, 36.13934], [-95.37635, 36.14026]]], [[[-95.3774, 36.14521], [-95.37753, 36.14573], [-95.37662, 36.1461], [-95.37702, 36.14508], [-95.3774, 36.14521]]], [[[-95.33293, 36.16089], [-95.33292, 36.1589], [-95.33696, 36.15888], [-95.3369, 36.16071], [-95.33538, 36.16088], [-95.33529, 36.16107], [-95.33293, 36.16089]]], [[[-95.33684, 36.16805], [-95.3382, 36.16836], [-95.33845, 36.16918], [-95.33792, 36.16991], [-95.33738, 36.16988], [-95.33684, 36.16805]]], [[[-95.33372, 36.17197], [-95.33371, 36.17166], [-95.33293, 36.17166], [-95.33291, 36.16985], [-95.33513, 36.16984], [-95.33512, 36.17168], [-95.33435, 36.17167], [-95.33434, 36.17241], [-95.3338, 36.1724], [-95.33372, 36.17197]]], [[[-95.36395, 36.1712], [-95.36383, 36.17085], [-95.36438, 36.17079], [-95.36566, 36.17133], [-95.36748, 36.17147], [-95.36757, 36.17167], [-95.36734, 36.17198], [-95.3662, 36.17235], [-95.36441, 36.17202], [-95.36395, 36.1712]]], [[[-95.34363, 36.17204], [-95.34406, 36.17208], [-95.34405, 36.17287], [-95.34362, 36.17286], [-95.34363, 36.17251], [-95.34277, 36.17251], [-95.34277, 36.17204], [-95.34363, 36.17204]]], [[[-95.3387, 36.17343], [-95.33945, 36.17326], [-95.33937, 36.17369], [-95.33997, 36.1746], [-95.33967, 36.17514], [-95.33819, 36.1751], [-95.33835, 36.17379], [-95.3387, 36.17343]]], [[[-95.34313, 36.17847], [-95.34325, 36.17804], [-95.34439, 36.17803], [-95.34397, 36.18077], [-95.34363, 36.18075], [-95.34313, 36.17847]]], [[[-95.33222, 36.1861], [-95.33176, 36.18704], [-95.33123, 36.18678], [-95.33101, 36.1858], [-95.33168, 36.18598], [-95.3322, 36.18577], [-95.33222, 36.1861]]], [[[-95.33034, 36.18606], [-95.33096, 36.18674], [-95.32966, 36.18761], [-95.32903, 36.18696], [-95.33034, 36.18606]]], [[[-95.35612, 36.18976], [-95.35611, 36.19154], [-95.35526, 36.19154], [-95.35527, 36.18977], [-95.35612, 36.18976]]], [[[-95.38242, 36.19045], [-95.38254, 36.19048], [-95.38249, 36.19067], [-95.38237, 36.19063], [-95.38242, 36.19045]]], [[[-95.35564, 36.19292], [-95.35493, 36.19199], [-95.35251, 36.19175], [-95.35227, 36.19217], [-95.35236, 36.19177], [-95.35164, 36.1917], [-95.35524, 36.19166], [-95.35513, 36.19195], [-95.35566, 36.19215], [-95.35564, 36.19292]]], [[[-95.38027, 36.1926], [-95.38028, 36.19238], [-95.38072, 36.19238], [-95.38066, 36.19272], [-95.38027, 36.1926]]], [[[-95.34467, 36.19676], [-95.34466, 36.19706], [-95.34422, 36.19705], [-95.3442, 36.19519], [-95.34461, 36.19479], [-95.34257, 36.19495], [-95.34311, 36.19168], [-95.34498, 36.19168], [-95.34493, 36.19479], [-95.34577, 36.19479], [-95.34578, 36.19661], [-95.34467, 36.19676]]], [[[-95.37139, 36.19341], [-95.37178, 36.19359], [-95.37129, 36.19383], [-95.37123, 36.19354], [-95.37139, 36.19341]]], [[[-95.38407, 36.19472], [-95.38358, 36.19417], [-95.38444, 36.19347], [-95.38489, 36.19462], [-95.38407, 36.19472]]], [[[-95.35167, 36.19542], [-95.35167, 36.196], [-95.35099, 36.19601], [-95.35098, 36.19543], [-95.35167, 36.19542]]], [[[-95.36643, 36.19607], [-95.36638, 36.19547], [-95.36686, 36.19537], [-95.36687, 36.19584], [-95.36748, 36.19612], [-95.36643, 36.19607]]], [[[-95.37971, 36.19645], [-95.37929, 36.19583], [-95.37932, 36.19543], [-95.38035, 36.19621], [-95.38007, 36.19656], [-95.37971, 36.19645]]], [[[-95.37451, 36.19641], [-95.37494, 36.19639], [-95.37487, 36.19677], [-95.3745, 36.19667], [-95.37451, 36.19641]]], [[[-95.37387, 36.19697], [-95.3744, 36.19691], [-95.37454, 36.19728], [-95.37398, 36.19726], [-95.37387, 36.19697]]], [[[-95.37245, 36.19839], [-95.37265, 36.19824], [-95.37298, 36.19819], [-95.37264, 36.19869], [-95.37245, 36.19839]]], [[[-95.37666, 36.19847], [-95.37641, 36.19862], [-95.37635, 36.19835], [-95.37658, 36.1983], [-95.37666, 36.19847]]], [[[-95.37817, 36.2002], [-95.37903, 36.20028], [-95.37937, 36.20045], [-95.37785, 36.20074], [-95.37765, 36.2004], [-95.37817, 36.2002]]], [[[-95.33281, 36.20704], [-95.33233, 36.20693], [-95.33237, 36.20657], [-95.33193, 36.20668], [-95.32831, 36.2024], [-95.33061, 36.20249], [-95.33057, 36.20436], [-95.33283, 36.20437], [-95.33281, 36.20704]]], [[[-95.33669, 36.20707], [-95.33652, 36.20674], [-95.33568, 36.20725], [-95.33515, 36.20801], [-95.33506, 36.20604], [-95.33852, 36.20597], [-95.3405, 36.20205], [-95.34041, 36.20675], [-95.34068, 36.20674], [-95.34071, 36.2074], [-95.34036, 36.208], [-95.34045, 36.20906], [-95.33997, 36.20937], [-95.3405, 36.20963], [-95.34056, 36.21068], [-95.33743, 36.21073], [-95.33745, 36.21254], [-95.33641, 36.21204], [-95.33469, 36.20989], [-95.33616, 36.20832], [-95.33621, 36.20756], [-95.33669, 36.20707]]], [[[-95.33873, 36.22093], [-95.33758, 36.2209], [-95.33743, 36.2188], [-95.33263, 36.21874], [-95.33257, 36.21392], [-95.32854, 36.21397], [-95.32841, 36.21641], [-95.3266, 36.21719], [-95.32589, 36.21698], [-95.32554, 36.21456], [-95.32305, 36.21364], [-95.32222, 36.21309], [-95.32218, 36.21158], [-95.32182, 36.21139], [-95.31701, 36.21145], [-95.3166, 36.21201], [-95.31675, 36.21246], [-95.31649, 36.2129], [-95.31483, 36.21291], [-95.31489, 36.21498], [-95.31467, 36.21516], [-95.30782, 36.21504], [-95.307, 36.21387], [-95.30848, 36.21384], [-95.30738, 36.21189], [-95.30959, 36.21081], [-95.31019, 36.21102], [-95.31011, 36.21023], [-95.31105, 36.20957], [-95.31125, 36.209], [-95.30886, 36.20942], [-95.3088, 36.2091], [-95.30983, 36.20842], [-95.31114, 36.20801], [-95.31194, 36.20737], [-95.3119, 36.20678], [-95.31095, 36.20722], [-95.31109, 36.2069], [-95.31062, 36.20636], [-95.30953, 36.20602], [-95.30775, 36.20604], [-95.30719, 36.20646], [-95.30644, 36.20812], [-95.3051, 36.20718], [-95.30362, 36.20778], [-95.3035, 36.20972], [-95.30239, 36.21051], [-95.29869, 36.21066], [-95.29941, 36.21143], [-95.30003, 36.21275], [-95.29991, 36.21303], [-95.2993, 36.21274], [-95.29908, 36.21332], [-95.30006, 36.21334], [-95.30006, 36.2136], [-95.29486, 36.21358], [-95.29441, 36.21246], [-95.29318, 36.21165], [-95.2914, 36.21198], [-95.29123, 36.20144], [-95.29774, 36.20146], [-95.29777, 36.20281], [-95.29839, 36.20275], [-95.29867, 36.20136], [-95.30007, 36.20146], [-95.30028, 36.20122], [-95.29042, 36.2011], [-95.29037, 36.2058], [-95.28127, 36.2057], [-95.28129, 36.20356], [-95.28033, 36.20681], [-95.27124, 36.21336], [-95.27066, 36.21348], [-95.27033, 36.21396], [-95.26136, 36.21708], [-95.26135, 36.21049], [-95.27004, 36.21039], [-95.26995, 36.20744], [-95.26031, 36.19649], [-95.26139, 36.1938], [-95.26281, 36.19229], [-95.26336, 36.19011], [-95.26421, 36.18926], [-95.26635, 36.18887], [-95.26792, 36.18687], [-95.26883, 36.18511], [-95.27002, 36.18475], [-95.26999, 36.18446], [-95.26864, 36.18506], [-95.26657, 36.18545], [-95.26451, 36.18539], [-95.25942, 36.18591], [-95.25563, 36.18572], [-95.25471, 36.18605], [-95.25211, 36.18787], [-95.24789, 36.19309], [-95.24651, 36.19567], [-95.24603, 36.19865], [-95.24536, 36.19996], [-95.24545, 36.20543], [-95.24571, 36.20579], [-95.24654, 36.21173], [-95.24652, 36.21385], [-95.24685, 36.21449], [-95.24717, 36.21723], [-95.24686, 36.22057], [-95.24613, 36.22333], [-95.24762, 36.22335], [-95.24654, 36.22449], [-95.2459, 36.22401], [-95.24422, 36.2277], [-95.24413, 36.22903], [-95.24329, 36.23044], [-95.24299, 36.2317], [-95.24353, 36.23266], [-95.24299, 36.23248], [-95.2422, 36.23378], [-95.23898, 36.23595], [-95.23574, 36.23733], [-95.23342, 36.23799], [-95.2325, 36.23817], [-95.23027, 36.23802], [-95.22577, 36.23854], [-95.22111, 36.23992], [-95.21753, 36.24004], [-95.21477, 36.23984], [-95.21012, 36.24006], [-95.20298, 36.23936], [-95.19858, 36.23768], [-95.19828, 36.23763], [-95.19806, 36.23784], [-95.19738, 36.23727], [-95.19151, 36.23571], [-95.18872, 36.23537], [-95.18626, 36.23595], [-95.18405, 36.23579], [-95.18375, 36.23569], [-95.18383, 36.23542], [-95.18488, 36.23552], [-95.18574, 36.2352], [-95.18759, 36.23538], [-95.18789, 36.23497], [-95.18628, 36.23346], [-95.18222, 36.23285], [-95.18223, 36.2305], [-95.18259, 36.23049], [-95.18261, 36.22966], [-95.18571, 36.23008], [-95.18773, 36.23003], [-95.18644, 36.22922], [-95.18993, 36.22924], [-95.19002, 36.22832], [-95.19127, 36.22832], [-95.19136, 36.22786], [-95.20588, 36.22782], [-95.20606, 36.22853], [-95.20823, 36.22845], [-95.20825, 36.22783], [-95.21056, 36.22784], [-95.21053, 36.22867], [-95.21136, 36.22932], [-95.21122, 36.23076], [-95.2115, 36.23102], [-95.22061, 36.23109], [-95.22086, 36.22913], [-95.22004, 36.22791], [-95.22177, 36.22793], [-95.22184, 36.23105], [-95.22225, 36.23107], [-95.22253, 36.23164], [-95.22183, 36.23219], [-95.2218, 36.23294], [-95.22498, 36.23288], [-95.22485, 36.23535], [-95.22541, 36.23712], [-95.22994, 36.2364], [-95.23553, 36.23489], [-95.23982, 36.23315], [-95.2407, 36.23252], [-95.24137, 36.23143], [-95.24164, 36.22969], [-95.24356, 36.22414], [-95.24399, 36.22093], [-95.24361, 36.22087], [-95.24361, 36.22064], [-95.24461, 36.21243], [-95.24332, 36.20203], [-95.24356, 36.20103], [-95.24329, 36.19968], [-95.24377, 36.19635], [-95.24637, 36.19233], [-95.25056, 36.187], [-95.25376, 36.18481], [-95.25566, 36.18419], [-95.25948, 36.18466], [-95.26261, 36.18378], [-95.2649, 36.18368], [-95.26738, 36.18306], [-95.26972, 36.18224], [-95.27093, 36.18131], [-95.27371, 36.17819], [-95.27542, 36.17576], [-95.27746, 36.17196], [-95.27938, 36.1665], [-95.28178, 36.16414], [-95.28113, 36.16399], [-95.28115, 36.16324], [-95.27854, 36.16234], [-95.27762, 36.16252], [-95.27689, 36.1623], [-95.27886, 36.15878], [-95.27988, 36.16019], [-95.28175, 36.16014], [-95.28201, 36.15937], [-95.28343, 36.15931], [-95.28362, 36.15802], [-95.28497, 36.15776], [-95.285, 36.15734], [-95.28549, 36.15759], [-95.28655, 36.1566], [-95.28917, 36.15653], [-95.28924, 36.1557], [-95.29036, 36.15574], [-95.29119, 36.15526], [-95.29116, 36.15488], [-95.28551, 36.1548], [-95.28656, 36.1534], [-95.286, 36.15332], [-95.28525, 36.15364], [-95.28496, 36.15412], [-95.28477, 36.15349], [-95.28398, 36.15292], [-95.28342, 36.15302], [-95.2832, 36.15219], [-95.28189, 36.15234], [-95.28143, 36.15285], [-95.2809, 36.15293], [-95.28091, 36.15221], [-95.28206, 36.1518], [-95.28258, 36.15133], [-95.28205, 36.15136], [-95.28171, 36.15095], [-95.28194, 36.15032], [-95.27994, 36.15041], [-95.28006, 36.15007], [-95.28117, 36.14998], [-95.28203, 36.14942], [-95.2824, 36.14866], [-95.28202, 36.14742], [-95.2996, 36.14768], [-95.29845, 36.14573], [-95.29656, 36.14373], [-95.29463, 36.14197], [-95.29096, 36.13955], [-95.28254, 36.13673], [-95.27391, 36.13317], [-95.2711, 36.13236], [-95.26308, 36.13095], [-95.26278, 36.13188], [-95.26338, 36.13206], [-95.26443, 36.13309], [-95.26547, 36.1332], [-95.26614, 36.13368], [-95.26608, 36.13403], [-95.26541, 36.13428], [-95.26518, 36.13468], [-95.26626, 36.13572], [-95.2653, 36.13525], [-95.26522, 36.13583], [-95.26461, 36.13502], [-95.2642, 36.13515], [-95.26124, 36.13395], [-95.2602, 36.13325], [-95.26009, 36.13287], [-95.26032, 36.13277], [-95.25926, 36.13271], [-95.25961, 36.13204], [-95.25804, 36.13384], [-95.25711, 36.13443], [-95.25628, 36.1346], [-95.25628, 36.13392], [-95.25818, 36.13145], [-95.25816, 36.13104], [-95.25888, 36.13053], [-95.25956, 36.13071], [-95.26072, 36.13202], [-95.26085, 36.1326], [-95.26179, 36.13281], [-95.26158, 36.13351], [-95.26257, 36.13387], [-95.26402, 36.13358], [-95.26229, 36.13199], [-95.2625, 36.13076], [-95.25915, 36.12978], [-95.25719, 36.12831], [-95.25645, 36.12864], [-95.25699, 36.12812], [-95.25668, 36.12616], [-95.25742, 36.12148], [-95.25731, 36.11873], [-95.25783, 36.116], [-95.25872, 36.11408], [-95.25853, 36.1134], [-95.25827, 36.11436], [-95.25627, 36.11691], [-95.25609, 36.11749], [-95.25482, 36.11838], [-95.25383, 36.11848], [-95.25354, 36.11836], [-95.25455, 36.11783], [-95.25299, 36.11591], [-95.2513, 36.11538], [-95.24929, 36.11378], [-95.24805, 36.1132], [-95.2456, 36.11105], [-95.24526, 36.11034], [-95.2448, 36.11004], [-95.24215, 36.11023], [-95.24188, 36.11005], [-95.24034, 36.11021], [-95.23945, 36.1108], [-95.23929, 36.11117], [-95.23977, 36.11283], [-95.23832, 36.11496], [-95.23675, 36.11546], [-95.23587, 36.11556], [-95.23573, 36.11537], [-95.23828, 36.11433], [-95.2392, 36.11306], [-95.23884, 36.11158], [-95.23956, 36.11028], [-95.24066, 36.1098], [-95.24353, 36.10947], [-95.24102, 36.10959], [-95.24088, 36.10929], [-95.2436, 36.10927], [-95.2458, 36.11016], [-95.24953, 36.11312], [-95.25319, 36.115], [-95.25515, 36.11661], [-95.25565, 36.11659], [-95.25588, 36.11429], [-95.25658, 36.11304], [-95.25889, 36.11042], [-95.25918, 36.10743], [-95.26025, 36.10579], [-95.26026, 36.1033], [-95.25984, 36.10263], [-95.26013, 36.10196], [-95.25982, 36.10136], [-95.2585, 36.09961], [-95.25442, 36.09604], [-95.25234, 36.09348], [-95.25257, 36.0954], [-95.25197, 36.09408], [-95.25176, 36.09289], [-95.25194, 36.08875], [-95.25096, 36.08241], [-95.25086, 36.08375], [-95.24983, 36.08447], [-95.2483, 36.08492], [-95.24783, 36.08531], [-95.24799, 36.08456], [-95.2497, 36.08328], [-95.24964, 36.08297], [-95.2483, 36.08362], [-95.24643, 36.08362], [-95.24531, 36.08333], [-95.24498, 36.08276], [-95.24397, 36.08259], [-95.24472, 36.08235], [-95.24693, 36.08262], [-95.24813, 36.0821], [-95.24842, 36.08176], [-95.2478, 36.07997], [-95.24913, 36.08133], [-95.24962, 36.08114], [-95.2499, 36.08151], [-95.24976, 36.08213], [-95.25103, 36.08188], [-95.25312, 36.07624], [-95.2552, 36.07353], [-95.25492, 36.07329], [-95.25539, 36.07246], [-95.2546, 36.07328], [-95.2536, 36.07319], [-95.25276, 36.07382], [-95.253, 36.07329], [-95.25127, 36.07284], [-95.251, 36.07184], [-95.25027, 36.07143], [-95.24956, 36.07167], [-95.24972, 36.07124], [-95.24834, 36.06978], [-95.24869, 36.06955], [-95.25238, 36.07191], [-95.25274, 36.07188], [-95.25262, 36.07089], [-95.25312, 36.07197], [-95.2558, 36.07225], [-95.25663, 36.07198], [-95.25768, 36.07011], [-95.261, 36.06602], [-95.26075, 36.06569], [-95.26045, 36.06596], [-95.26095, 36.06506], [-95.26126, 36.06557], [-95.26134, 36.06426], [-95.26241, 36.06176], [-95.26377, 36.06013], [-95.26533, 36.059], [-95.26404, 36.05823], [-95.26574, 36.05878], [-95.26733, 36.05754], [-95.26759, 36.05698], [-95.26897, 36.05629], [-95.26986, 36.05747], [-95.27291, 36.05279], [-95.27296, 36.05171], [-95.27342, 36.05142], [-95.27442, 36.05133], [-95.27456, 36.0511], [-95.27402, 36.05039], [-95.27449, 36.04946], [-95.27437, 36.04916], [-95.27334, 36.05011], [-95.27202, 36.05053], [-95.27286, 36.04962], [-95.27199, 36.04992], [-95.2725, 36.0495], [-95.27172, 36.04931], [-95.27183, 36.04905], [-95.2729, 36.04867], [-95.2745, 36.04719], [-95.27624, 36.04686], [-95.27989, 36.04399], [-95.28232, 36.04299], [-95.28281, 36.042], [-95.28249, 36.0417], [-95.28196, 36.04169], [-95.28194, 36.04122], [-95.28268, 36.04109], [-95.28376, 36.04182], [-95.28562, 36.04068], [-95.2873, 36.03918], [-95.28818, 36.03715], [-95.28766, 36.03657], [-95.28616, 36.03613], [-95.28613, 36.03579], [-95.28767, 36.03588], [-95.28943, 36.03501], [-95.29242, 36.03432], [-95.29395, 36.03445], [-95.29747, 36.03576], [-95.2986, 36.03573], [-95.29982, 36.0344], [-95.30035, 36.03428], [-95.30028, 36.03539], [-95.30055, 36.03547], [-95.30114, 36.03518], [-95.30143, 36.03459], [-95.30305, 36.03437], [-95.30309, 36.03378], [-95.30376, 36.03365], [-95.30366, 36.03338], [-95.3034, 36.03354], [-95.30324, 36.03334], [-95.30324, 36.0322], [-95.30455, 36.03243], [-95.30479, 36.03207], [-95.3046, 36.0317], [-95.30533, 36.03159], [-95.30468, 36.03334], [-95.30492, 36.03331], [-95.30873, 36.0305], [-95.30809, 36.0271], [-95.3073, 36.02572], [-95.30654, 36.0251], [-95.3063, 36.02507], [-95.306, 36.02572], [-95.30584, 36.02556], [-95.30499, 36.02346], [-95.30323, 36.02256], [-95.3029, 36.02367], [-95.30205, 36.02282], [-95.30104, 36.02106], [-95.29915, 36.02043], [-95.2987, 36.02039], [-95.29862, 36.02111], [-95.29749, 36.02165], [-95.29724, 36.02223], [-95.2966, 36.02263], [-95.29646, 36.02212], [-95.29596, 36.02205], [-95.29603, 36.02091], [-95.295, 36.01868], [-95.29139, 36.0162], [-95.2987, 36.01635], [-95.30658, 36.01715], [-95.30853, 36.0194], [-95.31157, 36.02185], [-95.31254, 36.02338], [-95.31478, 36.03057], [-95.31508, 36.03473], [-95.31563, 36.03456], [-95.31607, 36.035], [-95.31641, 36.03482], [-95.31654, 36.03411], [-95.3184, 36.03165], [-95.31782, 36.03415], [-95.31778, 36.03522], [-95.3181, 36.03555], [-95.31982, 36.03548], [-95.32208, 36.03418], [-95.32251, 36.03424], [-95.32484, 36.03343], [-95.32638, 36.03305], [-95.32698, 36.03325], [-95.32869, 36.03217], [-95.32885, 36.03278], [-95.32829, 36.03379], [-95.3289, 36.03388], [-95.32964, 36.03475], [-95.33126, 36.03475], [-95.334, 36.03269], [-95.3365, 36.03135], [-95.33783, 36.02939], [-95.33837, 36.02907], [-95.33961, 36.02898], [-95.341, 36.02782], [-95.34276, 36.02723], [-95.34277, 36.02772], [-95.3408, 36.02873], [-95.33993, 36.03066], [-95.33849, 36.03064], [-95.33802, 36.03104], [-95.33773, 36.03186], [-95.33862, 36.03368], [-95.33829, 36.03375], [-95.33748, 36.03278], [-95.3365, 36.03246], [-95.33554, 36.03271], [-95.33468, 36.0332], [-95.33186, 36.03614], [-95.33489, 36.0369], [-95.33615, 36.03831], [-95.33606, 36.03881], [-95.33369, 36.04152], [-95.33342, 36.04249], [-95.3343, 36.0444], [-95.33366, 36.0456], [-95.33375, 36.04636], [-95.33416, 36.04709], [-95.33558, 36.04752], [-95.33473, 36.0489], [-95.33551, 36.04974], [-95.33606, 36.04993], [-95.33625, 36.05041], [-95.334, 36.05114], [-95.33337, 36.05209], [-95.3334, 36.05259], [-95.33432, 36.05328], [-95.33802, 36.05418], [-95.33778, 36.05435], [-95.33328, 36.05405], [-95.33146, 36.05479], [-95.33072, 36.05539], [-95.33053, 36.05665], [-95.3304, 36.05639], [-95.33039, 36.05502], [-95.33149, 36.05368], [-95.32953, 36.05183], [-95.32971, 36.05152], [-95.3325, 36.05059], [-95.3325, 36.04916], [-95.33187, 36.04693], [-95.33032, 36.04481], [-95.3286, 36.04143], [-95.32979, 36.04052], [-95.33265, 36.03989], [-95.3326, 36.03848], [-95.3319, 36.03762], [-95.33097, 36.03713], [-95.33034, 36.03733], [-95.32898, 36.0386], [-95.32745, 36.03699], [-95.32479, 36.03593], [-95.32285, 36.03655], [-95.32176, 36.0372], [-95.32125, 36.03868], [-95.31967, 36.03776], [-95.31898, 36.03763], [-95.31833, 36.03784], [-95.31648, 36.03925], [-95.31329, 36.03845], [-95.31296, 36.04014], [-95.312, 36.03833], [-95.31102, 36.03803], [-95.3094, 36.03879], [-95.30746, 36.0402], [-95.30589, 36.04045], [-95.30301, 36.04195], [-95.30154, 36.04345], [-95.30082, 36.04476], [-95.3009, 36.04559], [-95.30056, 36.04573], [-95.29998, 36.04529], [-95.29769, 36.04701], [-95.29567, 36.04933], [-95.29422, 36.0516], [-95.29431, 36.05196], [-95.2962, 36.05308], [-95.29667, 36.05374], [-95.29816, 36.05327], [-95.29854, 36.05371], [-95.30088, 36.05377], [-95.30315, 36.05427], [-95.30264, 36.05456], [-95.30034, 36.05437], [-95.29933, 36.05453], [-95.29921, 36.05533], [-95.29833, 36.05467], [-95.2981, 36.05561], [-95.29712, 36.057], [-95.29719, 36.05798], [-95.29781, 36.05809], [-95.29868, 36.05901], [-95.29978, 36.05862], [-95.29931, 36.05937], [-95.29952, 36.0598], [-95.29891, 36.05988], [-95.30026, 36.06113], [-95.30041, 36.06258], [-95.29972, 36.06281], [-95.29897, 36.06185], [-95.29734, 36.06111], [-95.29758, 36.06071], [-95.29736, 36.06037], [-95.29633, 36.06015], [-95.29462, 36.05885], [-95.2944, 36.05883], [-95.29433, 36.05926], [-95.29399, 36.05914], [-95.29407, 36.05772], [-95.29375, 36.05659], [-95.29326, 36.05663], [-95.29289, 36.05721], [-95.29177, 36.05689], [-95.29136, 36.05704], [-95.29116, 36.05678], [-95.29135, 36.05612], [-95.29275, 36.05506], [-95.29293, 36.0544], [-95.29251, 36.05394], [-95.29146, 36.05355], [-95.29098, 36.05281], [-95.28927, 36.05345], [-95.29057, 36.05412], [-95.29058, 36.05517], [-95.28846, 36.05484], [-95.28768, 36.05449], [-95.28725, 36.05373], [-95.286, 36.0537], [-95.2849, 36.05456], [-95.28276, 36.05557], [-95.28123, 36.05728], [-95.27932, 36.06179], [-95.27802, 36.06227], [-95.27703, 36.0634], [-95.27544, 36.06387], [-95.27438, 36.06505], [-95.27426, 36.06544], [-95.27547, 36.06703], [-95.27483, 36.06745], [-95.27386, 36.06628], [-95.27271, 36.0658], [-95.27135, 36.0672], [-95.27021, 36.06781], [-95.27077, 36.06822], [-95.26959, 36.06869], [-95.26955, 36.06977], [-95.26885, 36.07038], [-95.26865, 36.07123], [-95.2672, 36.07216], [-95.26667, 36.07223], [-95.26647, 36.07209], [-95.26702, 36.06908], [-95.26808, 36.06682], [-95.26993, 36.06489], [-95.26968, 36.06451], [-95.26804, 36.06569], [-95.26571, 36.06838], [-95.26335, 36.07198], [-95.26461, 36.0716], [-95.2649, 36.07185], [-95.26434, 36.07236], [-95.26299, 36.07282], [-95.26183, 36.07545], [-95.26015, 36.07751], [-95.26091, 36.07823], [-95.26324, 36.07665], [-95.26272, 36.07814], [-95.26293, 36.07854], [-95.2622, 36.07867], [-95.26235, 36.07909], [-95.262, 36.07939], [-95.26149, 36.07872], [-95.26094, 36.0797], [-95.26051, 36.07993], [-95.26073, 36.07913], [-95.25989, 36.07809], [-95.25873, 36.0791], [-95.25852, 36.0798], [-95.25938, 36.08066], [-95.25984, 36.08213], [-95.25963, 36.08252], [-95.25911, 36.08234], [-95.25802, 36.08293], [-95.25743, 36.08533], [-95.25727, 36.08266], [-95.25744, 36.08192], [-95.25799, 36.08164], [-95.25789, 36.08096], [-95.25814, 36.0807], [-95.25749, 36.0802], [-95.25653, 36.08046], [-95.25726, 36.07837], [-95.25723, 36.0774], [-95.25841, 36.076], [-95.25882, 36.07399], [-95.26096, 36.07122], [-95.26048, 36.0712], [-95.25921, 36.07192], [-95.2568, 36.0749], [-95.25431, 36.08076], [-95.25383, 36.08126], [-95.25354, 36.08353], [-95.25391, 36.08487], [-95.25725, 36.08884], [-95.25834, 36.09458], [-95.26162, 36.10088], [-95.26552, 36.10502], [-95.26606, 36.10642], [-95.26643, 36.10543], [-95.26824, 36.10589], [-95.2685, 36.10619], [-95.26837, 36.10683], [-95.26897, 36.10571], [-95.26958, 36.1057], [-95.2704, 36.10639], [-95.27051, 36.10563], [-95.27099, 36.10588], [-95.27094, 36.10536], [-95.27212, 36.10533], [-95.27226, 36.10577], [-95.27139, 36.1067], [-95.27297, 36.10788], [-95.27315, 36.10845], [-95.27107, 36.10745], [-95.2701, 36.10763], [-95.27084, 36.10851], [-95.2704, 36.10869], [-95.26995, 36.10999], [-95.26954, 36.11011], [-95.26978, 36.11049], [-95.26961, 36.11148], [-95.26867, 36.11193], [-95.26931, 36.11127], [-95.26885, 36.11003], [-95.26964, 36.10943], [-95.26956, 36.10899], [-95.26912, 36.10842], [-95.268, 36.10864], [-95.26729, 36.10829], [-95.26637, 36.10685], [-95.26579, 36.10682], [-95.26547, 36.10883], [-95.26437, 36.11132], [-95.26002, 36.11761], [-95.25942, 36.11999], [-95.25884, 36.1243], [-95.25909, 36.12448], [-95.2588, 36.12452], [-95.25852, 36.12516], [-95.25844, 36.12643], [-95.25946, 36.12778], [-95.26106, 36.12845], [-95.26718, 36.1298], [-95.26656, 36.12952], [-95.26662, 36.12918], [-95.26767, 36.13004], [-95.27008, 36.13073], [-95.27392, 36.13134], [-95.27961, 36.13352], [-95.2806, 36.1336], [-95.28067, 36.13386], [-95.28123, 36.13364], [-95.28102, 36.13395], [-95.28455, 36.13571], [-95.29106, 36.13779], [-95.29454, 36.1395], [-95.29349, 36.13784], [-95.29366, 36.13646], [-95.29283, 36.13635], [-95.29259, 36.13593], [-95.29305, 36.13624], [-95.29375, 36.13596], [-95.29329, 36.13464], [-95.29394, 36.13535], [-95.2942, 36.1353], [-95.29427, 36.13449], [-95.29488, 36.13475], [-95.29513, 36.1339], [-95.29602, 36.13312], [-95.29546, 36.13423], [-95.29592, 36.13526], [-95.29684, 36.13576], [-95.29534, 36.13627], [-95.29413, 36.13731], [-95.29401, 36.1381], [-95.29461, 36.13871], [-95.29517, 36.14003], [-95.29708, 36.14205], [-95.29747, 36.14285], [-95.29837, 36.14303], [-95.29838, 36.14341], [-95.29922, 36.14382], [-95.29995, 36.1446], [-95.30197, 36.14906], [-95.30342, 36.15067], [-95.30363, 36.1517], [-95.30282, 36.15371], [-95.29952, 36.15585], [-95.29561, 36.15731], [-95.29076, 36.15985], [-95.2869, 36.16217], [-95.28348, 36.16489], [-95.28219, 36.16662], [-95.28113, 36.16873], [-95.28117, 36.16987], [-95.28062, 36.17139], [-95.27941, 36.17265], [-95.27666, 36.17711], [-95.27214, 36.18216], [-95.27307, 36.18149], [-95.27683, 36.17702], [-95.27868, 36.17728], [-95.27891, 36.17777], [-95.27871, 36.17849], [-95.27917, 36.17856], [-95.27917, 36.18559], [-95.27934, 36.17722], [-95.29364, 36.17745], [-95.29671, 36.17729], [-95.29677, 36.17804], [-95.29871, 36.17816], [-95.30334, 36.18101], [-95.30352, 36.18177], [-95.30325, 36.18316], [-95.3039, 36.18521], [-95.30441, 36.18587], [-95.30233, 36.18776], [-95.30233, 36.18848], [-95.30456, 36.18627], [-95.30714, 36.18955], [-95.30573, 36.1908], [-95.30343, 36.19154], [-95.30228, 36.1924], [-95.30228, 36.1928], [-95.30376, 36.19176], [-95.31723, 36.18742], [-95.31715, 36.18974], [-95.31059, 36.18974], [-95.31054, 36.19508], [-95.31277, 36.19509], [-95.31277, 36.19693], [-95.31489, 36.19693], [-95.31483, 36.2007], [-95.30219, 36.2005], [-95.30218, 36.20089], [-95.32289, 36.20118], [-95.3277, 36.2023], [-95.33137, 36.20668], [-95.33047, 36.20687], [-95.32939, 36.2075], [-95.32871, 36.20999], [-95.3296, 36.21142], [-95.3301, 36.21139], [-95.33002, 36.21202], [-95.33031, 36.21221], [-95.3326, 36.2117], [-95.3328, 36.20839], [-95.33315, 36.20875], [-95.33311, 36.21108], [-95.33453, 36.2103], [-95.3363, 36.21255], [-95.33727, 36.2129], [-95.33737, 36.2134], [-95.33853, 36.21358], [-95.33853, 36.21533], [-95.34006, 36.21619], [-95.3403, 36.21721], [-95.33974, 36.21767], [-95.3405, 36.21857], [-95.34063, 36.21953], [-95.3402, 36.2198], [-95.34063, 36.22221], [-95.33981, 36.22465], [-95.33973, 36.22728], [-95.33946, 36.22769], [-95.3377, 36.22772], [-95.33753, 36.22415], [-95.3387, 36.22388], [-95.33873, 36.22093]], [[-95.29715, 36.18136], [-95.29703, 36.18097], [-95.29706, 36.18137], [-95.29715, 36.18136]], [[-95.27157, 36.06434], [-95.27415, 36.06179], [-95.275, 36.06155], [-95.27588, 36.06033], [-95.27298, 36.06231], [-95.27168, 36.06294], [-95.27052, 36.06303], [-95.27051, 36.06354], [-95.27131, 36.06421], [-95.27082, 36.06469], [-95.27157, 36.06434]], [[-95.27259, 36.06044], [-95.27164, 36.06157], [-95.27149, 36.06219], [-95.27247, 36.06169], [-95.27519, 36.05825], [-95.27482, 36.05828], [-95.27259, 36.06044]], [[-95.27687, 36.05601], [-95.27654, 36.05608], [-95.27571, 36.05728], [-95.27641, 36.05698], [-95.27687, 36.05601]], [[-95.27778, 36.04697], [-95.27731, 36.04799], [-95.27729, 36.04861], [-95.2795, 36.04613], [-95.27778, 36.04697]], [[-95.25575, 36.09178], [-95.25551, 36.09052], [-95.25487, 36.09039], [-95.25478, 36.0908], [-95.25416, 36.09025], [-95.25437, 36.09161], [-95.25464, 36.09181], [-95.25446, 36.09217], [-95.25416, 36.09195], [-95.25394, 36.09059], [-95.25413, 36.08905], [-95.25439, 36.0889], [-95.25474, 36.0891], [-95.25403, 36.08824], [-95.25377, 36.08852], [-95.25372, 36.0915], [-95.25452, 36.09252], [-95.25559, 36.09311], [-95.25575, 36.09178]], [[-95.26242, 36.06827], [-95.26159, 36.06884], [-95.25956, 36.07135], [-95.26081, 36.07068], [-95.26242, 36.06827]], [[-95.26232, 36.10777], [-95.26332, 36.1071], [-95.26342, 36.10563], [-95.26272, 36.10462], [-95.2627, 36.10595], [-95.26236, 36.10656], [-95.26227, 36.10435], [-95.26092, 36.10288], [-95.26098, 36.10542], [-95.26013, 36.10729], [-95.26018, 36.10902], [-95.26232, 36.10777]], [[-95.26081, 36.10941], [-95.26109, 36.10968], [-95.26211, 36.10973], [-95.26174, 36.11047], [-95.26265, 36.11021], [-95.2636, 36.10795], [-95.26316, 36.10833], [-95.26294, 36.10809], [-95.26259, 36.10819], [-95.26081, 36.10941]], [[-95.20226, 36.23684], [-95.20344, 36.23762], [-95.2051, 36.23826], [-95.20226, 36.23684]], [[-95.20674, 36.23848], [-95.20779, 36.2385], [-95.20537, 36.23805], [-95.2051, 36.23826], [-95.20674, 36.23848]], [[-95.23336, 36.23751], [-95.23515, 36.23712], [-95.23758, 36.23609], [-95.23726, 36.23593], [-95.23563, 36.23637], [-95.23175, 36.23772], [-95.23336, 36.23751]], [[-95.18819, 36.22991], [-95.18936, 36.23], [-95.1894, 36.22983], [-95.18798, 36.22991], [-95.18819, 36.22991]], [[-95.19093, 36.23078], [-95.19189, 36.23118], [-95.19303, 36.23202], [-95.19103, 36.23026], [-95.18952, 36.22982], [-95.1896, 36.2301], [-95.19023, 36.23023], [-95.19093, 36.23078]], [[-95.19552, 36.23481], [-95.19474, 36.23468], [-95.19537, 36.23487], [-95.19638, 36.23572], [-95.19736, 36.23572], [-95.19732, 36.23596], [-95.1983, 36.23618], [-95.19819, 36.23589], [-95.19881, 36.2359], [-95.19809, 36.23545], [-95.19552, 36.23481]], [[-95.19642, 36.2345], [-95.19774, 36.23459], [-95.19685, 36.23405], [-95.19726, 36.23389], [-95.19715, 36.23351], [-95.19555, 36.23325], [-95.19454, 36.2335], [-95.19515, 36.23411], [-95.19642, 36.2345]]], [[[-95.2759, 36.01597], [-95.27416, 36.01676], [-95.27309, 36.01762], [-95.27076, 36.01685], [-95.26985, 36.01606], [-95.26876, 36.01595], [-95.27618, 36.01588], [-95.2759, 36.01597]]], [[[-95.26832, 36.01599], [-95.2673, 36.01632], [-95.26655, 36.01698], [-95.26437, 36.01663], [-95.26172, 36.0167], [-95.25987, 36.01759], [-95.25921, 36.01858], [-95.25937, 36.02056], [-95.25966, 36.02075], [-95.25976, 36.02198], [-95.26032, 36.02308], [-95.26013, 36.02424], [-95.25778, 36.02083], [-95.25573, 36.01911], [-95.2561, 36.01788], [-95.25558, 36.01746], [-95.2548, 36.01774], [-95.25349, 36.01891], [-95.25265, 36.0204], [-95.25141, 36.02162], [-95.25038, 36.02237], [-95.24908, 36.02251], [-95.24778, 36.02335], [-95.24743, 36.02324], [-95.24646, 36.02424], [-95.2477, 36.02246], [-95.24759, 36.0221], [-95.24589, 36.0215], [-95.24469, 36.02055], [-95.24364, 36.02176], [-95.24304, 36.02217], [-95.24465, 36.02038], [-95.24578, 36.02074], [-95.24938, 36.02046], [-95.25015, 36.02025], [-95.25078, 36.01967], [-95.25129, 36.01968], [-95.25198, 36.01693], [-95.26856, 36.01596], [-95.26832, 36.01599]]], [[[-95.3163, 36.21764], [-95.3173, 36.21726], [-95.3176, 36.21738], [-95.31882, 36.2198], [-95.31877, 36.2202], [-95.31698, 36.22101], [-95.31755, 36.22109], [-95.31588, 36.22169], [-95.31576, 36.22026], [-95.31674, 36.22], [-95.31686, 36.21953], [-95.3163, 36.21764]]], [[[-95.33575, 36.21971], [-95.33589, 36.21902], [-95.33732, 36.219], [-95.33717, 36.22061], [-95.33586, 36.22057], [-95.33575, 36.21971]]], [[[-95.31448, 36.22133], [-95.31453, 36.22022], [-95.31516, 36.22024], [-95.31513, 36.22258], [-95.31484, 36.22332], [-95.31448, 36.22306], [-95.31448, 36.22133]]], [[[-95.31673, 36.22369], [-95.31634, 36.22434], [-95.31574, 36.22414], [-95.31572, 36.22225], [-95.31667, 36.22186], [-95.31673, 36.22369]]], [[[-95.322, 36.22474], [-95.32126, 36.22639], [-95.32157, 36.22708], [-95.32155, 36.22839], [-95.32002, 36.2283], [-95.31637, 36.22507], [-95.3176, 36.22387], [-95.31856, 36.22378], [-95.31854, 36.22123], [-95.31881, 36.22092], [-95.3194, 36.2211], [-95.32006, 36.2221], [-95.32149, 36.22201], [-95.3219, 36.22231], [-95.32353, 36.22199], [-95.32515, 36.22204], [-95.32571, 36.22191], [-95.32562, 36.21978], [-95.32598, 36.21991], [-95.3274, 36.21958], [-95.32808, 36.21987], [-95.32803, 36.22444], [-95.32779, 36.22468], [-95.32727, 36.22465], [-95.32726, 36.22506], [-95.3281, 36.22554], [-95.32807, 36.228], [-95.32519, 36.22594], [-95.32484, 36.22594], [-95.32443, 36.22554], [-95.3238, 36.22557], [-95.32336, 36.22489], [-95.322, 36.22474]]], [[[-95.32313, 36.23076], [-95.32421, 36.22964], [-95.3241, 36.22923], [-95.32811, 36.22935], [-95.32793, 36.23392], [-95.3272, 36.23468], [-95.3282, 36.23468], [-95.32821, 36.23532], [-95.33493, 36.23532], [-95.33477, 36.24114], [-95.33707, 36.24116], [-95.336, 36.24742], [-95.33072, 36.24847], [-95.29023, 36.24839], [-95.28437, 36.24898], [-95.28012, 36.24905], [-95.28006, 36.25244], [-95.27881, 36.25364], [-95.2772, 36.25376], [-95.27626, 36.25319], [-95.27542, 36.25189], [-95.27551, 36.2495], [-95.2684, 36.24948], [-95.26851, 36.25185], [-95.26765, 36.25279], [-95.26641, 36.2528], [-95.26531, 36.25239], [-95.26495, 36.24959], [-95.26392, 36.24803], [-95.27141, 36.24502], [-95.27218, 36.24379], [-95.27235, 36.24294], [-95.2716, 36.2311], [-95.2713, 36.23001], [-95.26538, 36.22991], [-95.26523, 36.22634], [-95.26426, 36.22629], [-95.26437, 36.22567], [-95.26216, 36.22558], [-95.26147, 36.22492], [-95.26121, 36.22024], [-95.28498, 36.2204], [-95.28476, 36.22162], [-95.28506, 36.22179], [-95.28604, 36.22148], [-95.28877, 36.22897], [-95.28844, 36.23183], [-95.28551, 36.23166], [-95.28505, 36.2307], [-95.28542, 36.23276], [-95.28555, 36.23297], [-95.28935, 36.23286], [-95.29119, 36.23439], [-95.32622, 36.23467], [-95.32012, 36.22922], [-95.32161, 36.22923], [-95.32313, 36.23076]], [[-95.28463, 36.22655], [-95.28443, 36.22377], [-95.28432, 36.22301], [-95.2846, 36.22669], [-95.28463, 36.22655]], [[-95.28478, 36.22863], [-95.28477, 36.2282], [-95.28469, 36.22799], [-95.28477, 36.229], [-95.28478, 36.22863]]], [[[-95.33568, 36.23305], [-95.33648, 36.23326], [-95.33633, 36.23495], [-95.33537, 36.23485], [-95.33534, 36.23321], [-95.33568, 36.23305]]], [[[-95.33799, 36.23315], [-95.33797, 36.23485], [-95.33701, 36.23497], [-95.33686, 36.23319], [-95.33799, 36.23315]]], [[[-95.34859, 36.23949], [-95.34779, 36.24021], [-95.34735, 36.24033], [-95.34744, 36.2392], [-95.3486, 36.23921], [-95.34859, 36.23949]]], [[[-95.34757, 36.24117], [-95.34763, 36.24037], [-95.34883, 36.2397], [-95.3496, 36.23981], [-95.34963, 36.24038], [-95.34901, 36.24015], [-95.34836, 36.24033], [-95.3478, 36.24066], [-95.34757, 36.24117]]], [[[-95.34875, 36.24882], [-95.34956, 36.24893], [-95.34995, 36.24828], [-95.35017, 36.24922], [-95.34877, 36.24924], [-95.34875, 36.24882]]], [[[-95.34921, 36.24954], [-95.34981, 36.2496], [-95.34981, 36.25025], [-95.34933, 36.25058], [-95.34921, 36.24954]]], [[[-95.34253, 36.25137], [-95.3414, 36.25189], [-95.34138, 36.25103], [-95.34253, 36.25137]]], [[[-95.34869, 36.25224], [-95.34855, 36.25249], [-95.34814, 36.25237], [-95.34841, 36.25206], [-95.34869, 36.25224]]], [[[-95.32828, 36.25256], [-95.32896, 36.25294], [-95.32894, 36.25312], [-95.32861, 36.25312], [-95.32828, 36.25256]]], [[[-95.32785, 36.2507], [-95.32781, 36.25647], [-95.32697, 36.25719], [-95.3268, 36.25846], [-95.32582, 36.26024], [-95.31893, 36.26027], [-95.31894, 36.25846], [-95.31433, 36.25847], [-95.31434, 36.25662], [-95.32448, 36.25169], [-95.32785, 36.2507]]], [[[-95.34599, 36.25855], [-95.34597, 36.25661], [-95.34678, 36.25661], [-95.34599, 36.25855]]], [[[-95.34428, 36.27115], [-95.34429, 36.27204], [-95.34366, 36.27204], [-95.34367, 36.27333], [-95.33964, 36.27333], [-95.33964, 36.27112], [-95.34428, 36.27115]]], [[[-95.32481, 36.29564], [-95.32471, 36.29589], [-95.32439, 36.29582], [-95.32448, 36.29556], [-95.32481, 36.29564]]], [[[-95.32526, 36.30574], [-95.32467, 36.30729], [-95.32386, 36.30728], [-95.32451, 36.30556], [-95.32526, 36.30574]]], [[[-95.3472, 36.38023], [-95.34685, 36.38031], [-95.34687, 36.38], [-95.34718, 36.37999], [-95.3472, 36.38023]]], [[[-95.34869, 36.38047], [-95.34868, 36.38073], [-95.34847, 36.38071], [-95.34844, 36.38045], [-95.34869, 36.38047]]], [[[-95.35322, 36.38072], [-95.35259, 36.38058], [-95.3526, 36.38044], [-95.35386, 36.3805], [-95.35322, 36.38072]]], [[[-95.35185, 36.38089], [-95.35246, 36.38051], [-95.35134, 36.38204], [-95.35141, 36.38149], [-95.35185, 36.38089]]], [[[-95.34962, 36.38225], [-95.35018, 36.38227], [-95.35018, 36.38275], [-95.3496, 36.3827], [-95.34962, 36.38225]]], [[[-95.34776, 36.38482], [-95.34769, 36.38455], [-95.34803, 36.38451], [-95.34806, 36.38478], [-95.34776, 36.38482]]], [[[-95.38255, 36.39048], [-95.38265, 36.39192], [-95.38165, 36.39192], [-95.38168, 36.39048], [-95.38255, 36.39048]]], [[[-95.38266, 36.43864], [-95.38413, 36.43841], [-95.38425, 36.43943], [-95.38352, 36.43952], [-95.38348, 36.43994], [-95.38266, 36.43864]]], [[[-95.3454, 36.44621], [-95.34538, 36.44677], [-95.34457, 36.4468], [-95.34457, 36.4463], [-95.3454, 36.44621]]], [[[-95.30593, 36.15648], [-95.30568, 36.15278], [-95.3087, 36.1531], [-95.30961, 36.15281], [-95.31032, 36.1531], [-95.31128, 36.15238], [-95.31295, 36.15211], [-95.31411, 36.15354], [-95.31447, 36.15512], [-95.31257, 36.15579], [-95.3109, 36.15703], [-95.30813, 36.15798], [-95.30593, 36.15648]]], [[[-95.30027, 36.17754], [-95.2995, 36.17757], [-95.29931, 36.17685], [-95.30298, 36.17591], [-95.30147, 36.17706], [-95.30027, 36.17754]]], [[[-95.30362, 36.18323], [-95.30415, 36.18145], [-95.30735, 36.18311], [-95.30464, 36.18566], [-95.30362, 36.18323]]], [[[-95.31495, 36.18435], [-95.31492, 36.18785], [-95.30697, 36.19036], [-95.30754, 36.18932], [-95.30488, 36.18597], [-95.30776, 36.18323], [-95.31016, 36.18423], [-95.31495, 36.18435]]], [[[-95.31091, 36.21664], [-95.30968, 36.21727], [-95.3085, 36.2159], [-95.31004, 36.21583], [-95.31043, 36.21623], [-95.31114, 36.21595], [-95.31306, 36.21583], [-95.31091, 36.21664]]], [[[-95.29897, 36.21803], [-95.2985, 36.21822], [-95.29842, 36.21877], [-95.29748, 36.21977], [-95.29741, 36.22034], [-95.29515, 36.22033], [-95.29326, 36.21879], [-95.2926, 36.21888], [-95.29085, 36.21823], [-95.29017, 36.2186], [-95.28977, 36.21848], [-95.28982, 36.21789], [-95.28926, 36.21692], [-95.28838, 36.21663], [-95.28955, 36.21529], [-95.29027, 36.21513], [-95.29032, 36.21635], [-95.2912, 36.2162], [-95.29124, 36.21554], [-95.29334, 36.21733], [-95.29351, 36.21703], [-95.29281, 36.21615], [-95.29272, 36.21494], [-95.29397, 36.21503], [-95.30083, 36.21838], [-95.30237, 36.21947], [-95.2996, 36.21804], [-95.29897, 36.21803]]], [[[-95.31391, 36.21732], [-95.3109, 36.21738], [-95.31101, 36.21706], [-95.31284, 36.21629], [-95.31463, 36.21615], [-95.31496, 36.21584], [-95.31487, 36.21699], [-95.31532, 36.21696], [-95.31497, 36.21808], [-95.31524, 36.21825], [-95.31517, 36.21852], [-95.31446, 36.21844], [-95.3141, 36.21905], [-95.31385, 36.21998], [-95.31402, 36.22231], [-95.31065, 36.21832], [-95.31088, 36.21809], [-95.31475, 36.21814], [-95.31453, 36.21756], [-95.31391, 36.21732]]], [[[-95.29738, 36.21646], [-95.29701, 36.21608], [-95.29435, 36.21495], [-95.30569, 36.21497], [-95.30681, 36.21588], [-95.30779, 36.2159], [-95.31096, 36.21976], [-95.31021, 36.22061], [-95.31129, 36.22019], [-95.31255, 36.22173], [-95.31206, 36.22205], [-95.31253, 36.22245], [-95.31313, 36.22251], [-95.31397, 36.22343], [-95.31366, 36.22366], [-95.31088, 36.22129], [-95.30959, 36.22078], [-95.3046, 36.21989], [-95.29738, 36.21646]]], [[[-95.30279, 36.21973], [-95.30262, 36.21948], [-95.30347, 36.22033], [-95.30305, 36.22033], [-95.30279, 36.21973]]], [[[-95.30575, 36.22223], [-95.30534, 36.22196], [-95.30546, 36.22257], [-95.30422, 36.22087], [-95.30263, 36.21932], [-95.30477, 36.2201], [-95.30467, 36.22042], [-95.30516, 36.22063], [-95.30528, 36.2202], [-95.3078, 36.22065], [-95.30661, 36.22118], [-95.30575, 36.22223]]], [[[-95.3045, 36.2224], [-95.30426, 36.22148], [-95.30373, 36.22052], [-95.30519, 36.22269], [-95.30473, 36.22221], [-95.3045, 36.2224]]], [[[-95.30766, 36.22095], [-95.30982, 36.22118], [-95.30979, 36.22147], [-95.30778, 36.22118], [-95.30712, 36.2214], [-95.30644, 36.22209], [-95.30627, 36.22279], [-95.30773, 36.22554], [-95.30598, 36.22289], [-95.30661, 36.22147], [-95.30766, 36.22095]]], [[[-95.31366, 36.22441], [-95.3125, 36.22343], [-95.31249, 36.22325], [-95.31272, 36.22312], [-95.31448, 36.22472], [-95.31366, 36.22441]]], [[[-95.292, 36.22486], [-95.29277, 36.2249], [-95.29181, 36.22405], [-95.29349, 36.22369], [-95.29236, 36.22072], [-95.29689, 36.22079], [-95.2968, 36.22913], [-95.29041, 36.22913], [-95.29294, 36.22843], [-95.29382, 36.22859], [-95.29303, 36.2259], [-95.29225, 36.22587], [-95.292, 36.22486]]], [[[-95.30773, 36.22605], [-95.30834, 36.2259], [-95.30884, 36.22658], [-95.30788, 36.22688], [-95.30773, 36.22605]]], [[[-95.3047, 36.23277], [-95.3067, 36.23022], [-95.30811, 36.22724], [-95.30868, 36.22689], [-95.30907, 36.22704], [-95.30844, 36.22785], [-95.30886, 36.22788], [-95.30912, 36.22837], [-95.30892, 36.23137], [-95.30609, 36.23426], [-95.30588, 36.23404], [-95.30648, 36.23342], [-95.30624, 36.23295], [-95.30552, 36.23293], [-95.30515, 36.23368], [-95.30471, 36.23411], [-95.3044, 36.23406], [-95.3047, 36.23277]]], [[[-95.31329, 36.24945], [-95.31326, 36.25047], [-95.31222, 36.25047], [-95.31221, 36.25031], [-95.31072, 36.25], [-95.31073, 36.24947], [-95.31329, 36.24945]]], [[[-95.30725, 36.24954], [-95.30905, 36.24979], [-95.30973, 36.25123], [-95.3087, 36.251], [-95.30835, 36.25007], [-95.30725, 36.24954]]], [[[-95.31206, 36.25107], [-95.31139, 36.25091], [-95.31144, 36.2504], [-95.31197, 36.25037], [-95.31191, 36.25085], [-95.31222, 36.25047], [-95.3122, 36.25126], [-95.31166, 36.25129], [-95.31186, 36.2514], [-95.3118, 36.25183], [-95.31155, 36.25136], [-95.31016, 36.25141], [-95.31024, 36.25069], [-95.31052, 36.25117], [-95.31206, 36.25107]]], [[[-95.30671, 36.25161], [-95.30643, 36.25157], [-95.30644, 36.25131], [-95.30679, 36.25133], [-95.30671, 36.25161]]], [[[-95.31522, 36.25325], [-95.31512, 36.25336], [-95.31533, 36.25376], [-95.31496, 36.25347], [-95.31522, 36.25325]]], [[[-95.31439, 36.26188], [-95.31009, 36.26187], [-95.31009, 36.26005], [-95.31439, 36.26005], [-95.31439, 36.26188]]], [[[-95.30524, 36.28194], [-95.30094, 36.28199], [-95.30092, 36.27843], [-95.30502, 36.27842], [-95.30481, 36.28093], [-95.30524, 36.28194]]], [[[-95.29407, 36.28462], [-95.29331, 36.28475], [-95.29184, 36.28556], [-95.29164, 36.28634], [-95.29185, 36.2876], [-95.29103, 36.28855], [-95.29154, 36.28682], [-95.29078, 36.28638], [-95.29108, 36.28553], [-95.29081, 36.28518], [-95.29106, 36.28531], [-95.2918, 36.2847], [-95.29211, 36.28473], [-95.29357, 36.28341], [-95.29422, 36.28203], [-95.29433, 36.2805], [-95.29606, 36.28004], [-95.29677, 36.28036], [-95.29807, 36.28179], [-95.29814, 36.28242], [-95.29714, 36.28253], [-95.29604, 36.28346], [-95.29674, 36.28462], [-95.2964, 36.2851], [-95.29672, 36.28539], [-95.29602, 36.28526], [-95.29601, 36.28474], [-95.29568, 36.28449], [-95.29488, 36.28433], [-95.29407, 36.28462]]], [[[-95.3079, 36.28371], [-95.3098, 36.28372], [-95.30979, 36.28549], [-95.30765, 36.28548], [-95.30767, 36.28389], [-95.3079, 36.28371]]], [[[-95.30991, 36.28543], [-95.30991, 36.28371], [-95.31183, 36.28372], [-95.31211, 36.28551], [-95.30991, 36.28543]]], [[[-95.30084, 36.28965], [-95.29856, 36.28949], [-95.29887, 36.28889], [-95.29926, 36.28879], [-95.29953, 36.28794], [-95.29824, 36.28729], [-95.29827, 36.28603], [-95.29765, 36.28571], [-95.30094, 36.28561], [-95.30092, 36.2838], [-95.3032, 36.28373], [-95.30318, 36.28553], [-95.30734, 36.2855], [-95.30724, 36.28729], [-95.30975, 36.2873], [-95.30975, 36.28938], [-95.30315, 36.28921], [-95.30314, 36.29273], [-95.30089, 36.29275], [-95.30084, 36.28965]]], [[[-95.30757, 36.29273], [-95.30757, 36.29023], [-95.30975, 36.29024], [-95.30972, 36.29271], [-95.30757, 36.29273]]], [[[-95.29958, 36.29551], [-95.29634, 36.29549], [-95.29635, 36.29294], [-95.29967, 36.29292], [-95.29958, 36.29551]]], [[[-95.30104, 36.29683], [-95.30102, 36.29637], [-95.30275, 36.29637], [-95.30274, 36.29683], [-95.30104, 36.29683]]], [[[-95.31347, 36.30159], [-95.31233, 36.30176], [-95.31231, 36.30012], [-95.31487, 36.30013], [-95.31493, 36.3016], [-95.31347, 36.30159]]], [[[-95.29789, 36.30643], [-95.29788, 36.30732], [-95.299, 36.30733], [-95.29899, 36.30956], [-95.29638, 36.30956], [-95.29644, 36.30553], [-95.29208, 36.30558], [-95.29203, 36.30112], [-95.29325, 36.30114], [-95.29326, 36.30195], [-95.29664, 36.30195], [-95.29711, 36.30227], [-95.29868, 36.30373], [-95.29867, 36.30642], [-95.29789, 36.30643]]], [[[-95.31171, 36.31083], [-95.31234, 36.31085], [-95.3122, 36.31121], [-95.3117, 36.31122], [-95.31171, 36.31083]]], [[[-95.31292, 36.37439], [-95.31037, 36.37571], [-95.30838, 36.37166], [-95.3107, 36.37071], [-95.31181, 36.37138], [-95.31326, 36.37286], [-95.31344, 36.37355], [-95.31292, 36.37439]]], [[[-95.28131, 36.15449], [-95.2823, 36.15417], [-95.28263, 36.15431], [-95.28275, 36.15481], [-95.27916, 36.15474], [-95.28021, 36.15421], [-95.28131, 36.15449]]], [[[-95.27817, 36.15789], [-95.27815, 36.15832], [-95.27779, 36.15825], [-95.27769, 36.15795], [-95.27817, 36.15789]]], [[[-95.27213, 36.16771], [-95.27366, 36.16769], [-95.27387, 36.16721], [-95.27334, 36.16673], [-95.27368, 36.16635], [-95.27341, 36.16606], [-95.27406, 36.16567], [-95.2754, 36.16585], [-95.276, 36.16491], [-95.27895, 36.16493], [-95.27931, 36.16541], [-95.27977, 36.1655], [-95.27919, 36.16646], [-95.27575, 36.16835], [-95.27523, 36.16811], [-95.27363, 36.16839], [-95.27242, 36.16811], [-95.27213, 36.16771]]], [[[-95.27451, 36.17177], [-95.27311, 36.1726], [-95.26985, 36.17174], [-95.27028, 36.17123], [-95.27259, 36.17108], [-95.27304, 36.16941], [-95.27194, 36.16922], [-95.27192, 36.16884], [-95.27501, 36.16906], [-95.27451, 36.17177]]], [[[-95.28165, 36.20724], [-95.28042, 36.21202], [-95.27865, 36.21242], [-95.27702, 36.21238], [-95.2769, 36.21289], [-95.27421, 36.21392], [-95.27198, 36.21387], [-95.28064, 36.2077], [-95.28165, 36.20724]]], [[[-95.29032, 36.21071], [-95.29021, 36.21214], [-95.28925, 36.21344], [-95.28887, 36.21356], [-95.28867, 36.21028], [-95.29017, 36.21025], [-95.29032, 36.21071]]], [[[-95.28793, 36.21319], [-95.2871, 36.21348], [-95.28816, 36.21202], [-95.28814, 36.21311], [-95.28793, 36.21319]]], [[[-95.28045, 36.21359], [-95.28038, 36.21359], [-95.28038, 36.21354], [-95.28045, 36.21354], [-95.28045, 36.21359]]], [[[-95.27157, 36.21412], [-95.27204, 36.2141], [-95.27201, 36.21481], [-95.27014, 36.21542], [-95.26996, 36.21505], [-95.27088, 36.21482], [-95.27157, 36.21412]]], [[[-95.28066, 36.21583], [-95.27922, 36.21708], [-95.27852, 36.21712], [-95.27946, 36.21414], [-95.2811, 36.21416], [-95.28066, 36.21583]]], [[[-95.27685, 36.21751], [-95.27626, 36.21735], [-95.27757, 36.21702], [-95.27768, 36.21413], [-95.27904, 36.21414], [-95.27824, 36.2171], [-95.27685, 36.21751]]], [[[-95.28491, 36.21941], [-95.28512, 36.22007], [-95.28354, 36.22009], [-95.28341, 36.21989], [-95.28333, 36.21605], [-95.28368, 36.2158], [-95.28487, 36.21821], [-95.28491, 36.21941]]], [[[-95.27658, 36.21807], [-95.27706, 36.21779], [-95.27707, 36.21827], [-95.27762, 36.21856], [-95.27748, 36.21955], [-95.27643, 36.21898], [-95.27549, 36.21911], [-95.27548, 36.21891], [-95.27609, 36.21881], [-95.27591, 36.21772], [-95.27658, 36.21807]]], [[[-95.27772, 36.2199], [-95.27812, 36.21876], [-95.27888, 36.21971], [-95.27882, 36.22015], [-95.27777, 36.22015], [-95.27772, 36.2199]]], [[[-95.28531, 36.22005], [-95.28592, 36.21958], [-95.28647, 36.21965], [-95.28679, 36.22008], [-95.28531, 36.22005]]], [[[-95.29194, 36.26744], [-95.28816, 36.26933], [-95.2862, 36.26848], [-95.28621, 36.26742], [-95.28432, 36.26744], [-95.28528, 36.26392], [-95.28935, 36.26394], [-95.29042, 36.26489], [-95.29082, 36.26625], [-95.29196, 36.26627], [-95.29194, 36.26744]]], [[[-95.29245, 36.29311], [-95.29262, 36.29378], [-95.29209, 36.29378], [-95.29208, 36.293], [-95.29245, 36.29311]]], [[[-95.27895, 36.29722], [-95.27843, 36.29763], [-95.27823, 36.29829], [-95.27704, 36.29865], [-95.27893, 36.29653], [-95.27866, 36.29593], [-95.27908, 36.29536], [-95.27899, 36.29432], [-95.27986, 36.29516], [-95.27995, 36.29562], [-95.28294, 36.29498], [-95.28424, 36.2943], [-95.28455, 36.29459], [-95.28438, 36.29541], [-95.28475, 36.29464], [-95.2851, 36.29461], [-95.28558, 36.29522], [-95.28415, 36.29585], [-95.28047, 36.29627], [-95.27895, 36.29722]]], [[[-95.29232, 36.30893], [-95.29297, 36.30893], [-95.29297, 36.3097], [-95.29232, 36.3097], [-95.29232, 36.30893]]], [[[-95.28641, 36.32007], [-95.28644, 36.32054], [-95.28528, 36.32053], [-95.28528, 36.32007], [-95.28641, 36.32007]]], [[[-95.29036, 36.36992], [-95.29099, 36.37016], [-95.29043, 36.37191], [-95.28968, 36.37292], [-95.28884, 36.37325], [-95.2894, 36.37374], [-95.2882, 36.37445], [-95.28728, 36.37458], [-95.2868, 36.37429], [-95.28672, 36.37388], [-95.28699, 36.37248], [-95.28749, 36.37172], [-95.2884, 36.3712], [-95.28941, 36.37111], [-95.28908, 36.36958], [-95.29036, 36.36992]]], [[[-95.28374, 36.42788], [-95.28409, 36.42805], [-95.28407, 36.4286], [-95.28342, 36.42869], [-95.28326, 36.42805], [-95.28374, 36.42788]]], [[[-95.28189, 36.42798], [-95.28293, 36.42789], [-95.28277, 36.42871], [-95.28185, 36.42875], [-95.28189, 36.42798]]], [[[-95.28127, 36.42806], [-95.28169, 36.42816], [-95.2817, 36.42921], [-95.28085, 36.42958], [-95.28073, 36.42837], [-95.28127, 36.42806]]], [[[-95.28267, 36.42905], [-95.28293, 36.43038], [-95.28238, 36.4305], [-95.2822, 36.42923], [-95.28267, 36.42905]]], [[[-95.27422, 36.43106], [-95.27439, 36.43072], [-95.27434, 36.43304], [-95.27355, 36.43303], [-95.27422, 36.43106]]], [[[-95.27661, 36.43203], [-95.27726, 36.43206], [-95.27725, 36.43243], [-95.27661, 36.4324], [-95.27661, 36.43203]]], [[[-95.27609, 36.43326], [-95.27603, 36.43343], [-95.27544, 36.43327], [-95.27609, 36.43326]]], [[[-95.27282, 36.43433], [-95.27322, 36.43328], [-95.27431, 36.43348], [-95.27423, 36.43483], [-95.27265, 36.43473], [-95.27282, 36.43433]]], [[[-95.27407, 36.43571], [-95.27443, 36.43581], [-95.27426, 36.43619], [-95.27365, 36.43604], [-95.27381, 36.43567], [-95.27407, 36.43571]]], [[[-95.28645, 36.43657], [-95.28645, 36.43711], [-95.28582, 36.43712], [-95.28583, 36.43657], [-95.28645, 36.43657]]], [[[-95.27871, 36.43765], [-95.2784, 36.4377], [-95.27796, 36.4369], [-95.27865, 36.43691], [-95.27871, 36.43765]]], [[[-95.27376, 36.43771], [-95.27392, 36.43727], [-95.27477, 36.43748], [-95.27477, 36.43789], [-95.27376, 36.43771]]], [[[-95.27566, 36.4379], [-95.27485, 36.4379], [-95.27487, 36.43751], [-95.27574, 36.43769], [-95.27566, 36.4379]]], [[[-95.27422, 36.4385], [-95.27421, 36.43816], [-95.27475, 36.43816], [-95.27474, 36.4385], [-95.27422, 36.4385]]], [[[-95.27511, 36.43936], [-95.27508, 36.43984], [-95.27423, 36.43983], [-95.27422, 36.43936], [-95.27511, 36.43936]]], [[[-95.25475, 36.02965], [-95.25452, 36.02946], [-95.25455, 36.02925], [-95.25485, 36.02942], [-95.25475, 36.02965]]], [[[-95.25701, 36.03007], [-95.25713, 36.03034], [-95.25682, 36.03042], [-95.25692, 36.02999], [-95.25701, 36.03007]]], [[[-95.26652, 36.1776], [-95.26638, 36.17822], [-95.26519, 36.17834], [-95.26539, 36.17745], [-95.26638, 36.17736], [-95.26652, 36.1776]]], [[[-95.25733, 36.2059], [-95.25909, 36.2042], [-95.26676, 36.20421], [-95.26954, 36.20745], [-95.26959, 36.21014], [-95.25779, 36.2102], [-95.25733, 36.20997], [-95.25733, 36.2059]]], [[[-95.24664, 36.21382], [-95.24668, 36.21173], [-95.24592, 36.20644], [-95.24821, 36.20679], [-95.24918, 36.20719], [-95.24858, 36.20798], [-95.24802, 36.21005], [-95.24819, 36.21107], [-95.24838, 36.21146], [-95.25007, 36.21219], [-95.25132, 36.2132], [-95.25207, 36.21435], [-95.25217, 36.21993], [-95.24996, 36.21989], [-95.24914, 36.21608], [-95.24886, 36.2157], [-95.24791, 36.21572], [-95.24777, 36.2164], [-95.24716, 36.21626], [-95.24695, 36.21434], [-95.24664, 36.21382]]], [[[-95.2482, 36.21023], [-95.24893, 36.20771], [-95.24943, 36.20742], [-95.25002, 36.20776], [-95.25025, 36.20863], [-95.25399, 36.21157], [-95.2547, 36.21267], [-95.25484, 36.21436], [-95.25578, 36.21564], [-95.25698, 36.21864], [-95.25336, 36.21989], [-95.25229, 36.21994], [-95.25223, 36.21429], [-95.25136, 36.21313], [-95.25027, 36.21227], [-95.24862, 36.21143], [-95.2482, 36.21023]]], [[[-95.25803, 36.2137], [-95.26063, 36.21632], [-95.26099, 36.21727], [-95.25736, 36.21848], [-95.25647, 36.21605], [-95.25536, 36.2145], [-95.25495, 36.21231], [-95.25423, 36.2113], [-95.25803, 36.2137]]], [[[-95.2608, 36.21492], [-95.26103, 36.21502], [-95.26103, 36.21657], [-95.25945, 36.21487], [-95.2608, 36.21492]]], [[[-95.24796, 36.21636], [-95.24796, 36.21576], [-95.24883, 36.21576], [-95.24883, 36.21636], [-95.24796, 36.21636]]], [[[-95.26214, 36.21799], [-95.26206, 36.21779], [-95.26981, 36.21512], [-95.27003, 36.21551], [-95.26267, 36.21811], [-95.26214, 36.21799]]], [[[-95.26379, 36.21971], [-95.26301, 36.2188], [-95.27194, 36.21554], [-95.27202, 36.21977], [-95.26379, 36.21971]]], [[[-95.26126, 36.21812], [-95.26177, 36.2179], [-95.2621, 36.21811], [-95.26125, 36.21862], [-95.26126, 36.21812]]], [[[-95.2575, 36.2194], [-95.25882, 36.21895], [-95.26101, 36.2182], [-95.26105, 36.21866], [-95.25776, 36.21981], [-95.2575, 36.2194]]], [[[-95.26284, 36.21883], [-95.26355, 36.21973], [-95.26124, 36.21971], [-95.26126, 36.21936], [-95.26284, 36.21883]]], [[[-95.26107, 36.21945], [-95.26105, 36.21971], [-95.26062, 36.21972], [-95.26059, 36.21955], [-95.26107, 36.21945]]], [[[-95.24901, 36.22074], [-95.24842, 36.22072], [-95.24819, 36.21906], [-95.24865, 36.21894], [-95.24901, 36.22074]]], [[[-95.25579, 36.21997], [-95.25711, 36.21947], [-95.25729, 36.21982], [-95.25725, 36.21996], [-95.25579, 36.21997]]], [[[-95.25231, 36.22014], [-95.25053, 36.22093], [-95.24993, 36.22086], [-95.24991, 36.22021], [-95.25231, 36.22014]]], [[[-95.25087, 36.22173], [-95.25529, 36.2201], [-95.25645, 36.22012], [-95.25115, 36.22215], [-95.25087, 36.22173]]], [[[-95.2485, 36.22096], [-95.249, 36.22102], [-95.24912, 36.22181], [-95.2487, 36.22194], [-95.2485, 36.22096]]], [[[-95.25072, 36.22226], [-95.25033, 36.22243], [-95.2502, 36.22196], [-95.25051, 36.22187], [-95.25072, 36.22226]]], [[[-95.24937, 36.22277], [-95.24899, 36.22289], [-95.24882, 36.22243], [-95.24933, 36.22228], [-95.24937, 36.22277]]], [[[-95.24823, 36.223], [-95.24855, 36.22273], [-95.24858, 36.22299], [-95.24823, 36.223]]], [[[-95.25436, 36.2223], [-95.25438, 36.22327], [-95.25261, 36.22374], [-95.25203, 36.22262], [-95.25372, 36.22201], [-95.25436, 36.2223]]], [[[-95.25021, 36.22599], [-95.25044, 36.22783], [-95.2495, 36.2271], [-95.25021, 36.22599]]], [[[-95.25421, 36.22875], [-95.25382, 36.22886], [-95.25379, 36.22852], [-95.25417, 36.22848], [-95.25421, 36.22875]]], [[[-95.26605, 36.23223], [-95.26544, 36.23223], [-95.26544, 36.23169], [-95.26635, 36.23169], [-95.26605, 36.23223]]], [[[-95.2573, 36.25029], [-95.25622, 36.25026], [-95.25629, 36.24959], [-95.25781, 36.24954], [-95.2582, 36.25033], [-95.2573, 36.25029]]], [[[-95.25625, 36.25209], [-95.25833, 36.25202], [-95.25844, 36.25073], [-95.25948, 36.25279], [-95.25649, 36.25294], [-95.25619, 36.25275], [-95.25625, 36.25209]]], [[[-95.26043, 36.27098], [-95.26436, 36.27094], [-95.26478, 36.27127], [-95.26416, 36.27144], [-95.26418, 36.27222], [-95.26326, 36.27223], [-95.26327, 36.27256], [-95.26164, 36.27258], [-95.26162, 36.27177], [-95.26044, 36.27178], [-95.26043, 36.27098]]], [[[-95.26956, 36.30555], [-95.26955, 36.30725], [-95.26732, 36.30724], [-95.26734, 36.30553], [-95.26956, 36.30555]]], [[[-95.26228, 36.30811], [-95.26231, 36.3098], [-95.26057, 36.30982], [-95.26054, 36.30778], [-95.26171, 36.30777], [-95.26172, 36.30812], [-95.26228, 36.30811]]], [[[-95.25945, 36.42882], [-95.26135, 36.42881], [-95.26136, 36.43054], [-95.25943, 36.43057], [-95.25945, 36.42882]]], [[[-95.2688, 36.43238], [-95.26833, 36.43239], [-95.26832, 36.43198], [-95.26929, 36.43206], [-95.26924, 36.43326], [-95.26747, 36.43304], [-95.26746, 36.4327], [-95.26866, 36.4328], [-95.2688, 36.43238]]], [[[-95.27196, 36.43426], [-95.27272, 36.43242], [-95.27307, 36.43248], [-95.27226, 36.43511], [-95.27163, 36.43515], [-95.27196, 36.43426]]], [[[-95.27041, 36.43537], [-95.27031, 36.43568], [-95.2698, 36.43557], [-95.26991, 36.43526], [-95.27041, 36.43537]]], [[[-95.25624, 36.43621], [-95.25623, 36.43552], [-95.25867, 36.4355], [-95.25866, 36.43711], [-95.25628, 36.43786], [-95.25624, 36.43621]]], [[[-95.27272, 36.43625], [-95.2722, 36.43613], [-95.27247, 36.43545], [-95.27296, 36.43556], [-95.27272, 36.43625]]], [[[-95.2733, 36.43641], [-95.27277, 36.43626], [-95.27303, 36.43556], [-95.27357, 36.4357], [-95.2733, 36.43641]]], [[[-95.27114, 36.43638], [-95.2715, 36.43548], [-95.27206, 36.4356], [-95.27169, 36.43651], [-95.27114, 36.43638]]], [[[-95.25993, 36.43657], [-95.26059, 36.43615], [-95.2606, 36.43681], [-95.26109, 36.43682], [-95.26109, 36.4373], [-95.2615, 36.4373], [-95.26152, 36.43787], [-95.25821, 36.43789], [-95.25821, 36.43751], [-95.25993, 36.43657]]], [[[-95.27275, 36.43632], [-95.27256, 36.4368], [-95.27199, 36.4366], [-95.27215, 36.43618], [-95.27275, 36.43632]]], [[[-95.27383, 36.43662], [-95.27367, 36.43701], [-95.27327, 36.43692], [-95.27334, 36.43675], [-95.27383, 36.43662]]], [[[-95.27092, 36.43708], [-95.27109, 36.43658], [-95.27156, 36.4367], [-95.27146, 36.43721], [-95.27092, 36.43708]]], [[[-95.27188, 36.43685], [-95.27305, 36.43713], [-95.2729, 36.43752], [-95.27172, 36.43724], [-95.27188, 36.43685]]], [[[-95.2548, 36.43789], [-95.25479, 36.43737], [-95.25609, 36.43737], [-95.25611, 36.43788], [-95.2548, 36.43789]]], [[[-95.27325, 36.43712], [-95.2736, 36.4372], [-95.27343, 36.43762], [-95.27309, 36.43754], [-95.27325, 36.43712]]], [[[-95.26833, 36.43735], [-95.26812, 36.43783], [-95.26756, 36.4377], [-95.26775, 36.4372], [-95.26833, 36.43735]]], [[[-95.27288, 36.4376], [-95.27274, 36.43797], [-95.27158, 36.43768], [-95.27173, 36.43732], [-95.27288, 36.4376]]], [[[-95.26376, 36.43836], [-95.26342, 36.43837], [-95.26341, 36.43794], [-95.26376, 36.43794], [-95.26376, 36.43836]]], [[[-95.26294, 36.43801], [-95.26294, 36.43837], [-95.26333, 36.43837], [-95.26333, 36.43857], [-95.26257, 36.43855], [-95.26257, 36.43801], [-95.26294, 36.43801]]], [[[-95.27141, 36.43834], [-95.27162, 36.43779], [-95.27213, 36.43793], [-95.2718, 36.43873], [-95.27132, 36.4386], [-95.27141, 36.43834]]], [[[-95.26381, 36.43857], [-95.26381, 36.43877], [-95.26341, 36.43877], [-95.26341, 36.43857], [-95.26381, 36.43857]]], [[[-95.26294, 36.43897], [-95.26294, 36.43877], [-95.26332, 36.43876], [-95.26332, 36.43897], [-95.26294, 36.43897]]], [[[-95.26786, 36.43899], [-95.26829, 36.43908], [-95.26825, 36.43923], [-95.26781, 36.43924], [-95.26786, 36.43899]]], [[[-95.27123, 36.43935], [-95.27096, 36.43956], [-95.27125, 36.43876], [-95.27173, 36.43888], [-95.27153, 36.43942], [-95.27123, 36.43935]]], [[[-95.25809, 36.44155], [-95.25629, 36.44155], [-95.25629, 36.43978], [-95.2581, 36.43978], [-95.25809, 36.44155]]], [[[-95.26926, 36.44146], [-95.26974, 36.44022], [-95.27027, 36.44036], [-95.26982, 36.44148], [-95.26926, 36.44146]]], [[[-95.27412, 36.44091], [-95.27413, 36.44152], [-95.27332, 36.44153], [-95.2733, 36.44092], [-95.27412, 36.44091]]], [[[-95.27053, 36.44061], [-95.27169, 36.4409], [-95.2716, 36.44204], [-95.27018, 36.44156], [-95.27053, 36.44061]]], [[[-95.27267, 36.44109], [-95.2731, 36.44119], [-95.27311, 36.44153], [-95.2725, 36.44153], [-95.27267, 36.44109]]], [[[-95.25614, 36.4457], [-95.25612, 36.44614], [-95.25506, 36.44613], [-95.25506, 36.4457], [-95.25614, 36.4457]]], [[[-95.24213, 36.03185], [-95.24258, 36.03197], [-95.24298, 36.03251], [-95.24198, 36.03261], [-95.24213, 36.03185]]], [[[-95.22601, 36.14004], [-95.22636, 36.13962], [-95.22717, 36.13916], [-95.22617, 36.14017], [-95.22592, 36.14021], [-95.22601, 36.14004]]], [[[-95.22496, 36.14892], [-95.22446, 36.14868], [-95.22423, 36.14915], [-95.22382, 36.14917], [-95.22369, 36.14988], [-95.22359, 36.14733], [-95.22329, 36.14727], [-95.22294, 36.14761], [-95.22109, 36.14823], [-95.22069, 36.14889], [-95.22032, 36.14899], [-95.21969, 36.14826], [-95.21979, 36.14789], [-95.22062, 36.14734], [-95.21915, 36.1473], [-95.21911, 36.14567], [-95.21921, 36.1454], [-95.22011, 36.14538], [-95.22001, 36.14518], [-95.22032, 36.1451], [-95.21999, 36.14499], [-95.22013, 36.14409], [-95.22077, 36.14411], [-95.22107, 36.14522], [-95.22134, 36.14529], [-95.22105, 36.14545], [-95.22138, 36.14548], [-95.22141, 36.14376], [-95.22207, 36.14327], [-95.22262, 36.14338], [-95.22214, 36.14304], [-95.22205, 36.14243], [-95.22307, 36.14036], [-95.22352, 36.14011], [-95.22584, 36.14016], [-95.22518, 36.14174], [-95.22526, 36.14585], [-95.22496, 36.14892]]], [[[-95.22799, 36.14837], [-95.22723, 36.14805], [-95.22693, 36.1474], [-95.22779, 36.14759], [-95.22816, 36.14821], [-95.22799, 36.14837]]], [[[-95.21104, 36.15073], [-95.208, 36.15082], [-95.20808, 36.14749], [-95.21104, 36.15073]]], [[[-95.22524, 36.14735], [-95.22575, 36.14735], [-95.2256, 36.14759], [-95.22681, 36.14739], [-95.22719, 36.14874], [-95.2275, 36.14871], [-95.2274, 36.14885], [-95.22597, 36.14882], [-95.22592, 36.15033], [-95.22537, 36.15001], [-95.22528, 36.15046], [-95.22524, 36.14735]]], [[[-95.22428, 36.14976], [-95.22409, 36.1493], [-95.22443, 36.14936], [-95.22463, 36.1492], [-95.22442, 36.14912], [-95.2251, 36.14892], [-95.22515, 36.15091], [-95.22373, 36.15091], [-95.22374, 36.15039], [-95.22403, 36.15048], [-95.22428, 36.14976]]], [[[-95.21991, 36.14933], [-95.22049, 36.14921], [-95.22091, 36.15093], [-95.22016, 36.1509], [-95.22041, 36.15054], [-95.21956, 36.15012], [-95.21961, 36.14952], [-95.21991, 36.14933]]], [[[-95.2275, 36.14974], [-95.22706, 36.15023], [-95.22618, 36.15027], [-95.22602, 36.14998], [-95.22602, 36.14971], [-95.2275, 36.14974]]], [[[-95.22641, 36.15089], [-95.22546, 36.15099], [-95.22543, 36.15075], [-95.22584, 36.1509], [-95.22583, 36.15047], [-95.22693, 36.15033], [-95.22641, 36.15089]]], [[[-95.21905, 36.15101], [-95.22516, 36.15106], [-95.22518, 36.15458], [-95.22276, 36.1546], [-95.2207, 36.15704], [-95.21882, 36.15754], [-95.21769, 36.15721], [-95.21701, 36.15754], [-95.21716, 36.16007], [-95.21773, 36.16031], [-95.21813, 36.16193], [-95.21727, 36.1622], [-95.21715, 36.16916], [-95.21781, 36.16916], [-95.21717, 36.16971], [-95.21716, 36.17271], [-95.21758, 36.17272], [-95.21757, 36.17315], [-95.21712, 36.17332], [-95.21711, 36.17408], [-95.21757, 36.17446], [-95.21756, 36.17538], [-95.21625, 36.17599], [-95.21579, 36.17568], [-95.21479, 36.17586], [-95.21425, 36.17547], [-95.21431, 36.17487], [-95.2138, 36.17418], [-95.21692, 36.17225], [-95.21696, 36.17111], [-95.21607, 36.1712], [-95.21564, 36.17099], [-95.21537, 36.17176], [-95.21256, 36.17322], [-95.21346, 36.17403], [-95.21339, 36.1745], [-95.21388, 36.17476], [-95.21372, 36.17547], [-95.21419, 36.1758], [-95.21367, 36.17641], [-95.21313, 36.17639], [-95.21294, 36.17576], [-95.21204, 36.17552], [-95.21149, 36.17553], [-95.21114, 36.17608], [-95.21008, 36.17587], [-95.20816, 36.17597], [-95.208, 36.17718], [-95.20686, 36.17694], [-95.20708, 36.17657], [-95.20143, 36.17656], [-95.20134, 36.17938], [-95.19914, 36.18021], [-95.19916, 36.18048], [-95.20019, 36.18016], [-95.20018, 36.18048], [-95.19911, 36.18147], [-95.19917, 36.1826], [-95.20012, 36.18335], [-95.20076, 36.18334], [-95.20086, 36.18292], [-95.20196, 36.18293], [-95.20201, 36.18365], [-95.19814, 36.18368], [-95.19816, 36.18291], [-95.19748, 36.1826], [-95.19707, 36.18269], [-95.19695, 36.18352], [-95.19489, 36.18371], [-95.19627, 36.18332], [-95.19665, 36.18235], [-95.19637, 36.18129], [-95.1912, 36.1832], [-95.19095, 36.18285], [-95.19137, 36.18258], [-95.19095, 36.18026], [-95.19135, 36.1792], [-95.19075, 36.17889], [-95.19068, 36.1783], [-95.18996, 36.17829], [-95.19013, 36.1727], [-95.19164, 36.17278], [-95.1914, 36.17456], [-95.19229, 36.17509], [-95.19257, 36.17567], [-95.19288, 36.1756], [-95.19264, 36.17488], [-95.19305, 36.17277], [-95.19383, 36.17209], [-95.19417, 36.17255], [-95.19548, 36.17166], [-95.19555, 36.17129], [-95.19522, 36.17123], [-95.19536, 36.17018], [-95.19582, 36.17018], [-95.19569, 36.1691], [-95.19656, 36.16913], [-95.1984, 36.16625], [-95.19819, 36.16591], [-95.19721, 36.16598], [-95.19728, 36.16521], [-95.19759, 36.16507], [-95.19811, 36.16547], [-95.19892, 36.16555], [-95.20099, 36.16427], [-95.20279, 36.16425], [-95.20335, 36.16393], [-95.19466, 36.16377], [-95.19472, 36.16056], [-95.19368, 36.16052], [-95.19378, 36.15921], [-95.19301, 36.1592], [-95.19287, 36.15861], [-95.19227, 36.15834], [-95.19033, 36.15828], [-95.19237, 36.1568], [-95.19239, 36.15452], [-95.20321, 36.15457], [-95.206, 36.15255], [-95.20782, 36.15247], [-95.20802, 36.15224], [-95.20819, 36.15247], [-95.20944, 36.15264], [-95.21263, 36.15209], [-95.21402, 36.15296], [-95.21408, 36.15462], [-95.21683, 36.15455], [-95.21692, 36.15104], [-95.21905, 36.15101]], [[-95.2137, 36.17058], [-95.21485, 36.17081], [-95.21585, 36.17051], [-95.21664, 36.16995], [-95.21673, 36.16947], [-95.21539, 36.16993], [-95.21414, 36.16952], [-95.2126, 36.16983], [-95.21263, 36.1704], [-95.2137, 36.17058]], [[-95.21462, 36.17182], [-95.21519, 36.17106], [-95.21428, 36.17142], [-95.21271, 36.17098], [-95.21286, 36.17269], [-95.21462, 36.17182]], [[-95.21666, 36.173], [-95.21567, 36.17374], [-95.21619, 36.17504], [-95.21685, 36.17502], [-95.21692, 36.17294], [-95.21666, 36.173]], [[-95.19889, 36.17983], [-95.19917, 36.17983], [-95.19916, 36.17826], [-95.19886, 36.17826], [-95.19889, 36.17983]], [[-95.19706, 36.18048], [-95.19862, 36.17994], [-95.19822, 36.17825], [-95.19675, 36.17824], [-95.19667, 36.17958], [-95.19706, 36.18048]], [[-95.19632, 36.17884], [-95.19622, 36.17823], [-95.19561, 36.17823], [-95.19537, 36.17851], [-95.19571, 36.17925], [-95.19611, 36.17935], [-95.19632, 36.17884]], [[-95.2192, 36.15111], [-95.21922, 36.15271], [-95.22022, 36.15264], [-95.22009, 36.15109], [-95.2192, 36.15111]], [[-95.20118, 36.16611], [-95.19947, 36.16768], [-95.1999, 36.16842], [-95.20058, 36.16823], [-95.20172, 36.16712], [-95.20118, 36.16611]], [[-95.19519, 36.17385], [-95.19475, 36.17361], [-95.19457, 36.17395], [-95.19501, 36.17417], [-95.19519, 36.17385]], [[-95.19768, 36.18085], [-95.19684, 36.18107], [-95.19723, 36.18208], [-95.19768, 36.18085]], [[-95.19469, 36.17886], [-95.1947, 36.17932], [-95.19194, 36.17943], [-95.19146, 36.18028], [-95.19178, 36.18255], [-95.19647, 36.18072], [-95.19614, 36.17973], [-95.19469, 36.17886]]], [[[-95.21585, 36.15174], [-95.21553, 36.15166], [-95.21553, 36.15137], [-95.21605, 36.15142], [-95.21621, 36.15164], [-95.21585, 36.15174]]], [[[-95.21438, 36.15213], [-95.21409, 36.15209], [-95.21426, 36.15179], [-95.21456, 36.15193], [-95.21438, 36.15213]]], [[[-95.24233, 36.16899], [-95.24257, 36.16949], [-95.24168, 36.16986], [-95.24141, 36.16969], [-95.24208, 36.16806], [-95.24233, 36.16899]]], [[[-95.21854, 36.17065], [-95.21826, 36.17085], [-95.21805, 36.17074], [-95.21838, 36.17036], [-95.21854, 36.17065]]], [[[-95.22383, 36.17193], [-95.22412, 36.17241], [-95.224, 36.17257], [-95.22343, 36.17217], [-95.22383, 36.17193]]], [[[-95.21984, 36.17274], [-95.22007, 36.17251], [-95.22021, 36.1728], [-95.21996, 36.1729], [-95.21984, 36.17274]]], [[[-95.22377, 36.18007], [-95.22457, 36.1801], [-95.2244, 36.17851], [-95.2252, 36.17879], [-95.22567, 36.18036], [-95.20818, 36.18295], [-95.20814, 36.1766], [-95.20894, 36.17643], [-95.2181, 36.1765], [-95.21813, 36.17397], [-95.21879, 36.17402], [-95.21893, 36.1744], [-95.21977, 36.1746], [-95.22169, 36.17573], [-95.2219, 36.1798], [-95.2224, 36.18004], [-95.22377, 36.18007]]], [[[-95.22382, 36.17644], [-95.22522, 36.1756], [-95.22522, 36.17723], [-95.22394, 36.17704], [-95.22382, 36.17644]]], [[[-95.232, 36.17815], [-95.23125, 36.17734], [-95.23054, 36.17735], [-95.22988, 36.17652], [-95.23242, 36.17652], [-95.23231, 36.17697], [-95.23263, 36.17739], [-95.232, 36.17815]]], [[[-95.24643, 36.17736], [-95.24571, 36.17739], [-95.24568, 36.17806], [-95.24511, 36.17838], [-95.24299, 36.17838], [-95.24307, 36.17662], [-95.242, 36.17661], [-95.24176, 36.17772], [-95.24124, 36.1777], [-95.23966, 36.17662], [-95.23944, 36.17662], [-95.23928, 36.17749], [-95.23861, 36.17753], [-95.2369, 36.17702], [-95.23542, 36.17754], [-95.23434, 36.1771], [-95.23791, 36.17364], [-95.23944, 36.17349], [-95.24188, 36.17203], [-95.24426, 36.17195], [-95.24475, 36.17173], [-95.24499, 36.17121], [-95.25026, 36.17042], [-95.25203, 36.1705], [-95.25422, 36.17142], [-95.25516, 36.17237], [-95.25391, 36.17264], [-95.25466, 36.173], [-95.25528, 36.17422], [-95.25654, 36.17416], [-95.25775, 36.17653], [-95.25825, 36.17693], [-95.25676, 36.17841], [-95.25387, 36.18034], [-95.24765, 36.18379], [-95.24775, 36.18138], [-95.2488, 36.18096], [-95.24902, 36.18121], [-95.24983, 36.18075], [-95.24952, 36.1795], [-95.24707, 36.17797], [-95.24694, 36.17668], [-95.24656, 36.17667], [-95.24643, 36.17736]], [[-95.24598, 36.17596], [-95.24544, 36.17591], [-95.24512, 36.17623], [-95.24388, 36.17613], [-95.24398, 36.17652], [-95.24739, 36.17651], [-95.24757, 36.17629], [-95.24727, 36.17551], [-95.24765, 36.17507], [-95.24769, 36.17362], [-95.2471, 36.17382], [-95.2464, 36.17509], [-95.24652, 36.17559], [-95.24598, 36.17596]]], [[[-95.22327, 36.17742], [-95.22339, 36.17833], [-95.22395, 36.17836], [-95.22398, 36.1787], [-95.22316, 36.17876], [-95.22251, 36.17778], [-95.22243, 36.17691], [-95.22346, 36.17712], [-95.22357, 36.17737], [-95.22327, 36.17742]]], [[[-95.22734, 36.17745], [-95.22722, 36.17659], [-95.22753, 36.17663], [-95.22765, 36.17783], [-95.22782, 36.17772], [-95.22874, 36.1783], [-95.22901, 36.17818], [-95.22892, 36.17776], [-95.2294, 36.17782], [-95.22996, 36.17746], [-95.231, 36.17861], [-95.2315, 36.17848], [-95.23096, 36.17888], [-95.23095, 36.17871], [-95.23034, 36.17875], [-95.23017, 36.17837], [-95.22982, 36.17842], [-95.22976, 36.17955], [-95.22723, 36.18011], [-95.22663, 36.18015], [-95.22654, 36.17909], [-95.22644, 36.18028], [-95.22585, 36.18025], [-95.22539, 36.17665], [-95.2265, 36.17663], [-95.22622, 36.17691], [-95.22655, 36.17738], [-95.22734, 36.17745]]], [[[-95.22279, 36.17915], [-95.22293, 36.17913], [-95.22307, 36.17948], [-95.22256, 36.17945], [-95.22279, 36.17915]]], [[[-95.24633, 36.18012], [-95.24819, 36.18011], [-95.24875, 36.18088], [-95.24767, 36.18133], [-95.2452, 36.18127], [-95.24475, 36.18055], [-95.24424, 36.18036], [-95.24422, 36.17961], [-95.24602, 36.17951], [-95.24633, 36.18012]]], [[[-95.22494, 36.18125], [-95.22496, 36.18138], [-95.22488, 36.18139], [-95.22486, 36.18126], [-95.22494, 36.18125]]], [[[-95.23711, 36.18704], [-95.23615, 36.18712], [-95.23522, 36.18799], [-95.2342, 36.18801], [-95.23421, 36.17812], [-95.2339, 36.17767], [-95.23419, 36.17737], [-95.23574, 36.17769], [-95.23702, 36.17708], [-95.23878, 36.17766], [-95.23872, 36.17786], [-95.23733, 36.17802], [-95.23729, 36.17824], [-95.23866, 36.17868], [-95.23897, 36.18019], [-95.2392, 36.18018], [-95.23931, 36.17909], [-95.2398, 36.17922], [-95.24006, 36.17985], [-95.24087, 36.17996], [-95.24296, 36.18148], [-95.24327, 36.1814], [-95.2441, 36.18195], [-95.24584, 36.18193], [-95.24549, 36.18137], [-95.24762, 36.18141], [-95.24751, 36.18386], [-95.24532, 36.18484], [-95.24296, 36.18766], [-95.24107, 36.18795], [-95.23711, 36.18704]], [[-95.23492, 36.18015], [-95.23656, 36.18001], [-95.23683, 36.17976], [-95.23629, 36.1791], [-95.23522, 36.17912], [-95.23489, 36.17948], [-95.23492, 36.18015]], [[-95.23517, 36.17904], [-95.23435, 36.17854], [-95.23437, 36.18006], [-95.23477, 36.18002], [-95.23472, 36.17936], [-95.23517, 36.17904]]], [[[-95.22507, 36.18277], [-95.22507, 36.18298], [-95.22487, 36.18297], [-95.22487, 36.18277], [-95.22507, 36.18277]]], [[[-95.22158, 36.18175], [-95.22166, 36.18748], [-95.21703, 36.18745], [-95.21707, 36.18237], [-95.22158, 36.18175]]], [[[-95.22758, 36.18897], [-95.22798, 36.18867], [-95.22959, 36.1891], [-95.22876, 36.1865], [-95.22953, 36.18675], [-95.22991, 36.18748], [-95.22985, 36.18979], [-95.23007, 36.18983], [-95.23029, 36.18876], [-95.23145, 36.18887], [-95.23198, 36.18848], [-95.2337, 36.18852], [-95.23378, 36.18764], [-95.23404, 36.18753], [-95.23411, 36.18948], [-95.23348, 36.19049], [-95.23236, 36.19092], [-95.22666, 36.19089], [-95.22661, 36.19011], [-95.22599, 36.19009], [-95.22579, 36.18937], [-95.22537, 36.18932], [-95.22536, 36.18876], [-95.22561, 36.18857], [-95.22758, 36.18897]]], [[[-95.22383, 36.19168], [-95.22312, 36.19113], [-95.22479, 36.19112], [-95.22519, 36.19162], [-95.22517, 36.19238], [-95.22486, 36.19189], [-95.22383, 36.19168]]], [[[-95.24716, 36.1912], [-95.24361, 36.19601], [-95.24308, 36.19954], [-95.24346, 36.2056], [-95.23315, 36.20568], [-95.23007, 36.20015], [-95.22827, 36.20009], [-95.22961, 36.19901], [-95.22919, 36.199], [-95.22804, 36.198], [-95.22821, 36.19711], [-95.22963, 36.19652], [-95.23072, 36.19641], [-95.23151, 36.19574], [-95.23411, 36.19566], [-95.2342, 36.19501], [-95.23379, 36.19474], [-95.23221, 36.19474], [-95.2317, 36.19505], [-95.23091, 36.19483], [-95.22919, 36.19561], [-95.22888, 36.19619], [-95.22785, 36.19674], [-95.22685, 36.19653], [-95.22702, 36.19726], [-95.22541, 36.19704], [-95.22572, 36.19556], [-95.22686, 36.19494], [-95.22744, 36.19403], [-95.22802, 36.19369], [-95.2279, 36.19301], [-95.22539, 36.19288], [-95.22539, 36.19174], [-95.2262, 36.19175], [-95.22628, 36.19117], [-95.22775, 36.1916], [-95.23325, 36.19091], [-95.23592, 36.18762], [-95.23659, 36.18733], [-95.23733, 36.18726], [-95.24211, 36.18826], [-95.2431, 36.18803], [-95.24529, 36.18532], [-95.24894, 36.18341], [-95.24968, 36.18346], [-95.24989, 36.18289], [-95.25216, 36.18169], [-95.25359, 36.18198], [-95.25383, 36.18064], [-95.25474, 36.18015], [-95.26068, 36.18024], [-95.25995, 36.17969], [-95.26082, 36.17943], [-95.26088, 36.17777], [-95.26118, 36.1781], [-95.2616, 36.17808], [-95.26142, 36.17864], [-95.26185, 36.17854], [-95.26232, 36.17987], [-95.26298, 36.17983], [-95.26317, 36.179], [-95.26269, 36.17855], [-95.26293, 36.17805], [-95.26342, 36.17802], [-95.26362, 36.17871], [-95.26336, 36.17936], [-95.2654, 36.17965], [-95.2666, 36.17904], [-95.26627, 36.18141], [-95.26558, 36.18204], [-95.26622, 36.18235], [-95.26614, 36.18303], [-95.2656, 36.18302], [-95.26486, 36.18349], [-95.26139, 36.18392], [-95.25932, 36.18455], [-95.25561, 36.18405], [-95.25369, 36.18477], [-95.25042, 36.1871], [-95.24716, 36.1912]], [[-95.23511, 36.19795], [-95.23296, 36.19827], [-95.23292, 36.19895], [-95.23317, 36.19918], [-95.23559, 36.19912], [-95.23511, 36.19795]], [[-95.2477, 36.18432], [-95.24775, 36.18476], [-95.24893, 36.18522], [-95.24924, 36.18602], [-95.24922, 36.18571], [-95.25003, 36.18527], [-95.25039, 36.18468], [-95.24933, 36.18445], [-95.24833, 36.1848], [-95.24829, 36.18434], [-95.2477, 36.18432]]], [[[-95.21982, 36.19265], [-95.21996, 36.19259], [-95.22014, 36.19271], [-95.2199, 36.19276], [-95.21982, 36.19265]]], [[[-95.22017, 36.19338], [-95.21937, 36.19349], [-95.21939, 36.19285], [-95.22082, 36.19292], [-95.22082, 36.19379], [-95.22015, 36.19379], [-95.22017, 36.19338]]], [[[-95.22108, 36.19443], [-95.22117, 36.19379], [-95.22175, 36.19379], [-95.22242, 36.19466], [-95.22108, 36.19443]]], [[[-95.22475, 36.19538], [-95.22374, 36.19542], [-95.22406, 36.19527], [-95.22376, 36.19467], [-95.22451, 36.19467], [-95.22402, 36.19433], [-95.22448, 36.19383], [-95.22521, 36.19393], [-95.22518, 36.19538], [-95.22475, 36.19538]]], [[[-95.23219, 36.19485], [-95.23247, 36.19538], [-95.23081, 36.19598], [-95.23067, 36.19508], [-95.23193, 36.1951], [-95.23219, 36.19485]]], [[[-95.21465, 36.19772], [-95.21479, 36.19829], [-95.21267, 36.19828], [-95.21266, 36.19743], [-95.21392, 36.19739], [-95.21465, 36.19772]]], [[[-95.2171, 36.19835], [-95.2171, 36.19991], [-95.21551, 36.19976], [-95.21532, 36.19839], [-95.2171, 36.19835]]], [[[-95.24812, 36.21695], [-95.24832, 36.21773], [-95.24764, 36.21775], [-95.24761, 36.21807], [-95.24711, 36.2182], [-95.24722, 36.21772], [-95.24715, 36.21645], [-95.24782, 36.21659], [-95.24812, 36.21695]]], [[[-95.24699, 36.22084], [-95.24703, 36.21894], [-95.24759, 36.21894], [-95.24814, 36.22071], [-95.24699, 36.22084]]], [[[-95.24692, 36.22099], [-95.24819, 36.22088], [-95.2484, 36.2221], [-95.24657, 36.22212], [-95.24692, 36.22099]]], [[[-95.2484, 36.22252], [-95.24797, 36.22299], [-95.24626, 36.223], [-95.2464, 36.22253], [-95.2484, 36.22252]]], [[[-95.24928, 36.22699], [-95.24813, 36.22586], [-95.24681, 36.22509], [-95.24723, 36.22482], [-95.24686, 36.22452], [-95.24795, 36.22335], [-95.2495, 36.22341], [-95.24973, 36.22599], [-95.24928, 36.22699]]], [[[-95.23779, 36.25802], [-95.23705, 36.26046], [-95.23496, 36.2617], [-95.2354, 36.26301], [-95.23458, 36.26375], [-95.22457, 36.26389], [-95.22083, 36.26366], [-95.22081, 36.25664], [-95.23355, 36.25675], [-95.23363, 36.25598], [-95.23755, 36.25487], [-95.23779, 36.25802]]], [[[-95.22878, 36.26668], [-95.22924, 36.26754], [-95.23209, 36.26764], [-95.23217, 36.26824], [-95.23183, 36.26839], [-95.23198, 36.27041], [-95.22971, 36.2707], [-95.22662, 36.27042], [-95.22385, 36.26922], [-95.22055, 36.26884], [-95.22055, 36.26413], [-95.22438, 36.26411], [-95.22571, 36.26478], [-95.22727, 36.26511], [-95.22748, 36.26652], [-95.22878, 36.26668]]], [[[-95.21609, 36.26996], [-95.21537, 36.27004], [-95.21464, 36.26976], [-95.21504, 36.26881], [-95.21484, 36.26873], [-95.21685, 36.26576], [-95.21884, 36.26685], [-95.21867, 36.26714], [-95.21918, 36.26734], [-95.21891, 36.2678], [-95.21932, 36.26796], [-95.21853, 36.26929], [-95.21775, 36.26901], [-95.21731, 36.26922], [-95.21696, 36.26908], [-95.2169, 36.26971], [-95.21623, 36.26959], [-95.21609, 36.26996]]], [[[-95.22653, 36.27422], [-95.22314, 36.27454], [-95.22171, 36.27397], [-95.22142, 36.27348], [-95.22036, 36.27344], [-95.22042, 36.27085], [-95.22624, 36.2708], [-95.22653, 36.27422]]], [[[-95.23273, 36.351], [-95.23331, 36.35101], [-95.2333, 36.35158], [-95.23181, 36.35157], [-95.23187, 36.35103], [-95.23273, 36.351]]], [[[-95.24793, 36.36593], [-95.24744, 36.36593], [-95.24744, 36.36549], [-95.24793, 36.36549], [-95.24793, 36.36593]]], [[[-95.23525, 36.40917], [-95.2355, 36.40961], [-95.23499, 36.41016], [-95.23425, 36.40993], [-95.23499, 36.40955], [-95.2347, 36.40906], [-95.23525, 36.40917]]], [[[-95.23725, 36.41018], [-95.23745, 36.41006], [-95.23758, 36.41019], [-95.2373, 36.41029], [-95.23725, 36.41018]]], [[[-95.22527, 36.4388], [-95.22474, 36.4388], [-95.22475, 36.43798], [-95.22923, 36.43798], [-95.22924, 36.43881], [-95.22527, 36.4388]]], [[[-95.24795, 36.43855], [-95.2472, 36.43854], [-95.2472, 36.43801], [-95.24796, 36.43801], [-95.24795, 36.43855]]], [[[-95.2491, 36.43797], [-95.24967, 36.43798], [-95.24966, 36.43922], [-95.24909, 36.43921], [-95.2491, 36.43797]]], [[[-95.25059, 36.43924], [-95.25014, 36.43924], [-95.25013, 36.43799], [-95.25059, 36.43799], [-95.25059, 36.43924]]], [[[-95.23915, 36.45519], [-95.23982, 36.4551], [-95.23935, 36.45529], [-95.23885, 36.45601], [-95.23822, 36.45611], [-95.23847, 36.45517], [-95.23915, 36.45519]]], [[[-95.24569, 36.45906], [-95.24616, 36.45923], [-95.24562, 36.45955], [-95.24568, 36.46043], [-95.24513, 36.45981], [-95.24372, 36.45933], [-95.24461, 36.45865], [-95.24477, 36.4589], [-95.24569, 36.45906]]], [[[-95.24311, 36.46187], [-95.24326, 36.46166], [-95.24356, 36.46178], [-95.24364, 36.46218], [-95.24311, 36.46187]]], [[[-95.24941, 36.4644], [-95.24945, 36.46402], [-95.24927, 36.46286], [-95.24974, 36.46381], [-95.25004, 36.46391], [-95.25006, 36.46422], [-95.24941, 36.4644]]], [[[-95.20215, 36.06143], [-95.2026, 36.06143], [-95.20256, 36.06187], [-95.20213, 36.06186], [-95.20215, 36.06143]]], [[[-95.19522, 36.07042], [-95.1944, 36.07047], [-95.19442, 36.0699], [-95.19524, 36.06986], [-95.19522, 36.07042]]], [[[-95.1833, 36.13326], [-95.1833, 36.13361], [-95.18239, 36.13339], [-95.18239, 36.13299], [-95.1833, 36.13326]]], [[[-95.19013, 36.14346], [-95.19166, 36.14355], [-95.19194, 36.14335], [-95.19238, 36.14354], [-95.19459, 36.14288], [-95.19459, 36.14415], [-95.18911, 36.14356], [-95.18944, 36.14332], [-95.18984, 36.14343], [-95.18968, 36.14316], [-95.18997, 36.14292], [-95.19013, 36.14346]]], [[[-95.19167, 36.14766], [-95.1915, 36.14799], [-95.19195, 36.14805], [-95.19236, 36.14727], [-95.19229, 36.14907], [-95.19354, 36.14915], [-95.19377, 36.15084], [-95.19445, 36.15082], [-95.19445, 36.15352], [-95.19257, 36.15333], [-95.19223, 36.15448], [-95.19092, 36.15446], [-95.19056, 36.15424], [-95.19039, 36.1547], [-95.18531, 36.1544], [-95.18389, 36.1554], [-95.18391, 36.15496], [-95.18224, 36.15587], [-95.18128, 36.15562], [-95.18144, 36.15638], [-95.18207, 36.15638], [-95.18207, 36.15719], [-95.18341, 36.15736], [-95.18373, 36.15703], [-95.18632, 36.15692], [-95.18809, 36.15653], [-95.18827, 36.1564], [-95.18789, 36.15578], [-95.18859, 36.15647], [-95.18917, 36.15634], [-95.18951, 36.15712], [-95.19186, 36.15678], [-95.19203, 36.15691], [-95.19122, 36.15759], [-95.18981, 36.15846], [-95.18982, 36.15922], [-95.18914, 36.15931], [-95.18946, 36.15867], [-95.18923, 36.15866], [-95.18874, 36.15972], [-95.18799, 36.15945], [-95.1877, 36.15891], [-95.18445, 36.15937], [-95.18381, 36.15973], [-95.18208, 36.15942], [-95.18125, 36.15988], [-95.18068, 36.15943], [-95.1771, 36.15905], [-95.17579, 36.15937], [-95.17389, 36.15925], [-95.17352, 36.15869], [-95.17391, 36.15881], [-95.17376, 36.15808], [-95.17234, 36.1581], [-95.17231, 36.154], [-95.17291, 36.15439], [-95.17432, 36.15429], [-95.17574, 36.15379], [-95.17654, 36.15298], [-95.17622, 36.15174], [-95.17636, 36.15214], [-95.17712, 36.15225], [-95.17712, 36.15248], [-95.1789, 36.15249], [-95.179, 36.1508], [-95.17606, 36.1508], [-95.17604, 36.15193], [-95.17551, 36.15205], [-95.17503, 36.15087], [-95.17398, 36.1511], [-95.17379, 36.1509], [-95.17584, 36.14995], [-95.17616, 36.15], [-95.1761, 36.15047], [-95.17636, 36.15052], [-95.17671, 36.14963], [-95.17677, 36.15064], [-95.18024, 36.1507], [-95.18049, 36.15037], [-95.1808, 36.15045], [-95.18103, 36.14996], [-95.18051, 36.15013], [-95.18076, 36.14972], [-95.17939, 36.14944], [-95.17985, 36.14875], [-95.17956, 36.14868], [-95.17979, 36.14818], [-95.1795, 36.14787], [-95.17897, 36.14803], [-95.17987, 36.14735], [-95.18103, 36.14824], [-95.18104, 36.14796], [-95.17975, 36.14702], [-95.18044, 36.14589], [-95.18254, 36.14428], [-95.18354, 36.14278], [-95.18571, 36.14301], [-95.18486, 36.14283], [-95.18374, 36.14213], [-95.18619, 36.13806], [-95.18755, 36.13692], [-95.18777, 36.13712], [-95.18755, 36.13794], [-95.18816, 36.13839], [-95.1878, 36.13853], [-95.1885, 36.13935], [-95.18844, 36.13988], [-95.18993, 36.13994], [-95.19004, 36.14141], [-95.18877, 36.14145], [-95.18881, 36.14162], [-95.19003, 36.14164], [-95.18988, 36.14234], [-95.19023, 36.14235], [-95.19057, 36.14282], [-95.18984, 36.14285], [-95.18916, 36.14322], [-95.189, 36.14363], [-95.19462, 36.14426], [-95.19462, 36.14718], [-95.19054, 36.14714], [-95.19167, 36.14766]]], [[[-95.2053, 36.15174], [-95.20506, 36.1519], [-95.20423, 36.1515], [-95.20366, 36.15174], [-95.20357, 36.15227], [-95.20213, 36.15197], [-95.20192, 36.15099], [-95.20219, 36.15085], [-95.20224, 36.15006], [-95.20098, 36.14996], [-95.19992, 36.15032], [-95.19901, 36.15007], [-95.1986, 36.14895], [-95.19901, 36.14892], [-95.19902, 36.14733], [-95.20792, 36.14742], [-95.20788, 36.15225], [-95.2058, 36.15248], [-95.20572, 36.15091], [-95.20423, 36.15109], [-95.20509, 36.15136], [-95.2053, 36.15174]]], [[[-95.20171, 36.15274], [-95.20353, 36.15306], [-95.20362, 36.15426], [-95.2032, 36.15447], [-95.2017, 36.15445], [-95.20171, 36.15274]]], [[[-95.16762, 36.15882], [-95.16722, 36.15881], [-95.16724, 36.15846], [-95.16764, 36.15851], [-95.16762, 36.15882]]], [[[-95.18927, 36.16639], [-95.18909, 36.16619], [-95.18933, 36.16589], [-95.18952, 36.16609], [-95.18927, 36.16639]]], [[[-95.18588, 36.16789], [-95.18578, 36.16772], [-95.18649, 36.16759], [-95.1863, 36.16782], [-95.18588, 36.16789]]], [[[-95.19137, 36.16839], [-95.19129, 36.16845], [-95.19118, 36.16839], [-95.19129, 36.16829], [-95.19137, 36.16839]]], [[[-95.19332, 36.16816], [-95.19368, 36.16827], [-95.19362, 36.16852], [-95.19333, 36.16847], [-95.19332, 36.16816]]], [[[-95.1908, 36.16952], [-95.19087, 36.16944], [-95.191, 36.16957], [-95.19087, 36.16958], [-95.1908, 36.16952]]], [[[-95.19455, 36.17077], [-95.19442, 36.17048], [-95.19478, 36.17043], [-95.19494, 36.17079], [-95.19455, 36.17077]]], [[[-95.17432, 36.17146], [-95.17452, 36.17001], [-95.17725, 36.17232], [-95.17685, 36.17282], [-95.17239, 36.17268], [-95.17238, 36.17141], [-95.17432, 36.17146]]], [[[-95.19219, 36.17301], [-95.19238, 36.17307], [-95.19231, 36.17317], [-95.19207, 36.1731], [-95.19219, 36.17301]]], [[[-95.1781, 36.17748], [-95.17851, 36.1776], [-95.17828, 36.17791], [-95.17795, 36.17788], [-95.1781, 36.17748]]], [[[-95.20798, 36.17839], [-95.20801, 36.17956], [-95.20619, 36.17945], [-95.20635, 36.17838], [-95.20798, 36.17839]]], [[[-95.18705, 36.17936], [-95.1866, 36.17986], [-95.18633, 36.17985], [-95.18658, 36.17915], [-95.18705, 36.17936]]], [[[-95.18008, 36.17998], [-95.17999, 36.17993], [-95.17992, 36.17958], [-95.18033, 36.17981], [-95.18008, 36.17998]]], [[[-95.17549, 36.18355], [-95.17582, 36.18358], [-95.17577, 36.18431], [-95.17471, 36.18495], [-95.17469, 36.18528], [-95.17429, 36.18526], [-95.17453, 36.18467], [-95.17448, 36.18293], [-95.17311, 36.18192], [-95.17257, 36.18184], [-95.17265, 36.18101], [-95.17315, 36.18101], [-95.17335, 36.17992], [-95.17384, 36.17927], [-95.17386, 36.1764], [-95.17469, 36.17642], [-95.17469, 36.17979], [-95.17519, 36.17979], [-95.17547, 36.17948], [-95.17678, 36.17993], [-95.17456, 36.17994], [-95.1745, 36.18116], [-95.17537, 36.18155], [-95.17473, 36.18272], [-95.17561, 36.18312], [-95.17549, 36.18355]]], [[[-95.1925, 36.18056], [-95.19307, 36.18054], [-95.19316, 36.18089], [-95.19291, 36.18105], [-95.1925, 36.18056]]], [[[-95.18564, 36.18429], [-95.17901, 36.18512], [-95.17896, 36.18363], [-95.18054, 36.18359], [-95.18052, 36.18306], [-95.18117, 36.18307], [-95.18123, 36.18005], [-95.18336, 36.18003], [-95.18355, 36.18297], [-95.18499, 36.18298], [-95.18496, 36.18365], [-95.18569, 36.18367], [-95.18564, 36.18429]]], [[[-95.18651, 36.18172], [-95.18669, 36.18165], [-95.18693, 36.18172], [-95.18631, 36.18175], [-95.18651, 36.18172]]], [[[-95.18658, 36.18057], [-95.18693, 36.18135], [-95.18793, 36.18177], [-95.1886, 36.18374], [-95.18783, 36.18388], [-95.188, 36.18331], [-95.18767, 36.18214], [-95.18677, 36.18157], [-95.18584, 36.18], [-95.18658, 36.18057]]], [[[-95.17886, 36.18351], [-95.17839, 36.18351], [-95.17856, 36.18321], [-95.1789, 36.18338], [-95.17886, 36.18351]]], [[[-95.17407, 36.18488], [-95.17412, 36.18462], [-95.17449, 36.18466], [-95.17435, 36.18498], [-95.17407, 36.18488]]], [[[-95.2071, 36.18982], [-95.20696, 36.19092], [-95.20347, 36.19107], [-95.20578, 36.18981], [-95.2071, 36.18982]]], [[[-95.2, 36.22375], [-95.20024, 36.22294], [-95.20073, 36.22289], [-95.20059, 36.22373], [-95.20164, 36.22371], [-95.20098, 36.22259], [-95.20133, 36.22254], [-95.20222, 36.22323], [-95.20255, 36.22251], [-95.20333, 36.22247], [-95.20456, 36.22427], [-95.20403, 36.22434], [-95.20404, 36.2252], [-95.20492, 36.22511], [-95.20492, 36.22598], [-95.19232, 36.22693], [-95.19231, 36.22559], [-95.19332, 36.22552], [-95.19449, 36.22403], [-95.19045, 36.22381], [-95.19047, 36.2228], [-95.1991, 36.22259], [-95.19913, 36.2237], [-95.2, 36.22375]]], [[[-95.1916, 36.22569], [-95.19131, 36.22588], [-95.1911, 36.22569], [-95.19121, 36.22561], [-95.1916, 36.22569]]], [[[-95.18831, 36.22618], [-95.1879, 36.22617], [-95.18814, 36.22567], [-95.18835, 36.22578], [-95.18831, 36.22618]]], [[[-95.19016, 36.22735], [-95.19456, 36.22721], [-95.20625, 36.22616], [-95.20671, 36.22758], [-95.19016, 36.22735]]], [[[-95.20898, 36.22757], [-95.20887, 36.22743], [-95.21034, 36.2274], [-95.21009, 36.22762], [-95.20898, 36.22757]]], [[[-95.19074, 36.22783], [-95.19086, 36.22815], [-95.19009, 36.22811], [-95.19009, 36.2279], [-95.19074, 36.22783]]], [[[-95.19649, 36.23882], [-95.19792, 36.23779], [-95.19806, 36.23788], [-95.19817, 36.23777], [-95.19831, 36.23866], [-95.19797, 36.23902], [-95.19677, 36.23942], [-95.1964, 36.23925], [-95.19649, 36.23882]]], [[[-95.18694, 36.24941], [-95.18657, 36.24936], [-95.18664, 36.2489], [-95.18701, 36.24895], [-95.18694, 36.24941]]], [[[-95.18437, 36.29696], [-95.18434, 36.29816], [-95.18137, 36.29777], [-95.18139, 36.29714], [-95.18197, 36.29678], [-95.18437, 36.29696]]], [[[-95.20078, 36.30033], [-95.2024, 36.30032], [-95.20242, 36.30293], [-95.20156, 36.30293], [-95.20152, 36.30094], [-95.20078, 36.30094], [-95.20078, 36.30033]]], [[[-95.18173, 36.31286], [-95.18214, 36.31294], [-95.18256, 36.31367], [-95.18195, 36.31379], [-95.18071, 36.31335], [-95.18014, 36.3138], [-95.18012, 36.31423], [-95.18181, 36.31421], [-95.18228, 36.31397], [-95.18286, 36.3145], [-95.1822, 36.315], [-95.18103, 36.31476], [-95.18022, 36.31511], [-95.18015, 36.31715], [-95.17992, 36.31713], [-95.17981, 36.31565], [-95.17949, 36.31536], [-95.17871, 36.31546], [-95.17799, 36.31616], [-95.17826, 36.31702], [-95.18007, 36.31776], [-95.18086, 36.31776], [-95.18077, 36.31805], [-95.18116, 36.31808], [-95.18116, 36.31829], [-95.18037, 36.31837], [-95.18045, 36.31957], [-95.17958, 36.31933], [-95.17951, 36.31895], [-95.17949, 36.31948], [-95.18008, 36.3197], [-95.17972, 36.32129], [-95.18, 36.32186], [-95.17562, 36.32185], [-95.17542, 36.32148], [-95.17396, 36.32138], [-95.17427, 36.32111], [-95.17363, 36.32085], [-95.17412, 36.32077], [-95.17369, 36.32057], [-95.17274, 36.32133], [-95.17261, 36.32195], [-95.17308, 36.32232], [-95.17247, 36.32239], [-95.17134, 36.32714], [-95.17262, 36.32859], [-95.1735, 36.32861], [-95.17487, 36.32957], [-95.17551, 36.33079], [-95.17574, 36.33269], [-95.17532, 36.33545], [-95.17476, 36.33709], [-95.17344, 36.33932], [-95.17258, 36.34181], [-95.17281, 36.34193], [-95.17161, 36.34247], [-95.17039, 36.34407], [-95.16825, 36.34545], [-95.16576, 36.34641], [-95.16469, 36.34655], [-95.16406, 36.34713], [-95.16241, 36.34765], [-95.16165, 36.34836], [-95.16077, 36.34879], [-95.16032, 36.34871], [-95.15975, 36.34951], [-95.15735, 36.35095], [-95.15509, 36.35173], [-95.15389, 36.35174], [-95.15349, 36.35209], [-95.15189, 36.35147], [-95.15129, 36.35219], [-95.14849, 36.35323], [-95.14718, 36.35438], [-95.14645, 36.35441], [-95.14588, 36.3549], [-95.14478, 36.35482], [-95.14114, 36.35829], [-95.1404, 36.35997], [-95.14084, 36.36088], [-95.14033, 36.36069], [-95.13953, 36.36098], [-95.1378, 36.36246], [-95.13704, 36.36261], [-95.13616, 36.36397], [-95.13602, 36.36484], [-95.13444, 36.36561], [-95.13382, 36.36671], [-95.12369, 36.37151], [-95.12425, 36.3725], [-95.12467, 36.37259], [-95.13106, 36.37041], [-95.13353, 36.36929], [-95.13358, 36.36961], [-95.13257, 36.37064], [-95.13148, 36.37268], [-95.13139, 36.37409], [-95.13218, 36.37515], [-95.13256, 36.37482], [-95.13243, 36.37569], [-95.13327, 36.37573], [-95.13298, 36.37638], [-95.13398, 36.37667], [-95.1329, 36.37669], [-95.13291, 36.37687], [-95.13419, 36.37997], [-95.13463, 36.38018], [-95.1344, 36.38052], [-95.13869, 36.39052], [-95.13922, 36.39085], [-95.14009, 36.39089], [-95.14129, 36.39037], [-95.14197, 36.3904], [-95.14162, 36.39125], [-95.14254, 36.39172], [-95.14325, 36.39254], [-95.14328, 36.39311], [-95.14169, 36.39219], [-95.14023, 36.39219], [-95.14103, 36.39376], [-95.14289, 36.39538], [-95.14385, 36.39522], [-95.14344, 36.3958], [-95.14421, 36.39601], [-95.1441, 36.39622], [-95.14469, 36.39662], [-95.14754, 36.39826], [-95.14943, 36.39884], [-95.14972, 36.39831], [-95.15008, 36.39822], [-95.14981, 36.39897], [-95.15026, 36.39933], [-95.1523, 36.39993], [-95.15379, 36.40078], [-95.15415, 36.40063], [-95.1543, 36.40117], [-95.15613, 36.40197], [-95.15689, 36.40263], [-95.15847, 36.40309], [-95.15913, 36.40256], [-95.15916, 36.40337], [-95.15858, 36.4036], [-95.15814, 36.40344], [-95.15923, 36.40495], [-95.15977, 36.40405], [-95.16098, 36.40395], [-95.16141, 36.40335], [-95.16235, 36.40293], [-95.16429, 36.40399], [-95.16422, 36.40453], [-95.16536, 36.40336], [-95.16674, 36.40304], [-95.16695, 36.4041], [-95.16622, 36.404], [-95.16548, 36.40447], [-95.16559, 36.40484], [-95.16641, 36.4052], [-95.16562, 36.40549], [-95.16517, 36.40613], [-95.16359, 36.40567], [-95.16294, 36.40427], [-95.1625, 36.40396], [-95.16142, 36.40487], [-95.16104, 36.40577], [-95.16034, 36.40555], [-95.15933, 36.40577], [-95.16054, 36.4077], [-95.16177, 36.40886], [-95.16249, 36.41019], [-95.16496, 36.41312], [-95.1699, 36.41675], [-95.17067, 36.41637], [-95.17077, 36.41695], [-95.17166, 36.41591], [-95.17186, 36.41694], [-95.17099, 36.41708], [-95.1711, 36.41767], [-95.17143, 36.41773], [-95.17185, 36.41796], [-95.17247, 36.41762], [-95.17251, 36.41825], [-95.17299, 36.41842], [-95.17457, 36.41798], [-95.1735, 36.4191], [-95.17561, 36.42138], [-95.17765, 36.42117], [-95.17637, 36.42175], [-95.17629, 36.42241], [-95.17675, 36.42351], [-95.1782, 36.42571], [-95.17834, 36.42506], [-95.18026, 36.42711], [-95.18144, 36.42728], [-95.17848, 36.42859], [-95.17612, 36.42898], [-95.17742, 36.43258], [-95.17837, 36.43292], [-95.17849, 36.43362], [-95.18106, 36.43593], [-95.18104, 36.43653], [-95.18184, 36.43739], [-95.18244, 36.43733], [-95.18437, 36.4354], [-95.18571, 36.43343], [-95.1877, 36.43276], [-95.1893, 36.43398], [-95.18907, 36.43527], [-95.18788, 36.43547], [-95.18848, 36.43768], [-95.18886, 36.43807], [-95.18839, 36.43876], [-95.18861, 36.43914], [-95.18972, 36.43934], [-95.19282, 36.43855], [-95.19471, 36.43903], [-95.19545, 36.43886], [-95.19542, 36.43983], [-95.19486, 36.43951], [-95.19476, 36.43966], [-95.19544, 36.44037], [-95.19518, 36.4405], [-95.19355, 36.43941], [-95.19381, 36.4402], [-95.19296, 36.43989], [-95.18916, 36.44022], [-95.18938, 36.44073], [-95.19037, 36.44076], [-95.1907, 36.44105], [-95.18888, 36.44124], [-95.18885, 36.44266], [-95.18785, 36.4419], [-95.18829, 36.4411], [-95.18732, 36.4407], [-95.18705, 36.44021], [-95.18745, 36.43926], [-95.18687, 36.43623], [-95.1858, 36.43577], [-95.18449, 36.43845], [-95.18283, 36.43914], [-95.18333, 36.44042], [-95.18307, 36.44146], [-95.18233, 36.44147], [-95.1826, 36.4405], [-95.18236, 36.43988], [-95.1815, 36.43977], [-95.1818, 36.43905], [-95.18102, 36.43878], [-95.17999, 36.43702], [-95.17902, 36.4363], [-95.1782, 36.4365], [-95.17817, 36.43564], [-95.17627, 36.43444], [-95.17455, 36.43138], [-95.17281, 36.43221], [-95.17384, 36.43071], [-95.17296, 36.4292], [-95.1718, 36.42993], [-95.17214, 36.42875], [-95.17179, 36.42812], [-95.17228, 36.42777], [-95.17326, 36.42809], [-95.17378, 36.42751], [-95.17558, 36.42707], [-95.17593, 36.42624], [-95.17454, 36.4227], [-95.17372, 36.42158], [-95.17073, 36.4197], [-95.17051, 36.41977], [-95.17019, 36.42425], [-95.1693, 36.42646], [-95.16824, 36.43073], [-95.16699, 36.4328], [-95.16476, 36.43498], [-95.16381, 36.43634], [-95.165, 36.43595], [-95.16362, 36.4367], [-95.16498, 36.43882], [-95.16483, 36.43977], [-95.16525, 36.44075], [-95.16465, 36.44041], [-95.1644, 36.43901], [-95.16398, 36.43894], [-95.16306, 36.43723], [-95.16319, 36.43696], [-95.15818, 36.44031], [-95.15859, 36.44064], [-95.15881, 36.44164], [-95.15783, 36.44064], [-95.15609, 36.44173], [-95.15599, 36.44231], [-95.1563, 36.44265], [-95.15586, 36.4433], [-95.15507, 36.44302], [-95.15526, 36.44281], [-95.15462, 36.44286], [-95.15308, 36.4423], [-95.15427, 36.44228], [-95.1547, 36.4418], [-95.15462, 36.44155], [-95.15318, 36.44143], [-95.15324, 36.44123], [-95.1588, 36.4387], [-95.15001, 36.44096], [-95.14703, 36.43959], [-95.1551, 36.43774], [-95.15905, 36.43648], [-95.16222, 36.43484], [-95.16502, 36.43207], [-95.16637, 36.43021], [-95.16703, 36.42801], [-95.16845, 36.42036], [-95.16792, 36.41802], [-95.16706, 36.41682], [-95.1656, 36.41577], [-95.1665, 36.41686], [-95.16711, 36.41837], [-95.16657, 36.42044], [-95.16619, 36.42031], [-95.1658, 36.41944], [-95.16234, 36.41975], [-95.16177, 36.41754], [-95.1605, 36.41536], [-95.15962, 36.41456], [-95.15893, 36.4146], [-95.15924, 36.41424], [-95.15843, 36.4138], [-95.15772, 36.41438], [-95.15694, 36.4145], [-95.15767, 36.41409], [-95.1574, 36.41382], [-95.15755, 36.4132], [-95.15608, 36.41194], [-95.15636, 36.41154], [-95.15938, 36.41022], [-95.15932, 36.40971], [-95.15838, 36.40981], [-95.15725, 36.41066], [-95.15536, 36.41155], [-95.15363, 36.41076], [-95.15248, 36.40976], [-95.1512, 36.41048], [-95.15184, 36.40927], [-95.15149, 36.4085], [-95.1503, 36.40728], [-95.14914, 36.40692], [-95.14905, 36.40618], [-95.14845, 36.40554], [-95.14538, 36.40336], [-95.14361, 36.40457], [-95.14358, 36.40542], [-95.14314, 36.40544], [-95.14289, 36.40509], [-95.14246, 36.40521], [-95.14145, 36.40653], [-95.14006, 36.40744], [-95.14056, 36.40884], [-95.14017, 36.40851], [-95.13951, 36.40847], [-95.1398, 36.40801], [-95.13939, 36.40776], [-95.13956, 36.40716], [-95.14068, 36.40619], [-95.1418, 36.40445], [-95.14317, 36.4033], [-95.14366, 36.40321], [-95.14374, 36.40279], [-95.14076, 36.40108], [-95.13846, 36.40025], [-95.13822, 36.39965], [-95.13679, 36.39929], [-95.13476, 36.39803], [-95.13292, 36.39766], [-95.13265, 36.39793], [-95.13171, 36.39776], [-95.13039, 36.39818], [-95.13014, 36.39798], [-95.12961, 36.39829], [-95.12973, 36.39769], [-95.13089, 36.39724], [-95.13091, 36.39653], [-95.13147, 36.39674], [-95.13249, 36.39662], [-95.13151, 36.39606], [-95.13128, 36.39533], [-95.13049, 36.39479], [-95.13031, 36.39415], [-95.12929, 36.39338], [-95.12876, 36.39343], [-95.12875, 36.39297], [-95.12822, 36.39275], [-95.12773, 36.39305], [-95.12693, 36.39276], [-95.12667, 36.39158], [-95.12533, 36.39067], [-95.12449, 36.38947], [-95.12459, 36.38843], [-95.12419, 36.3876], [-95.1229, 36.38673], [-95.12137, 36.38503], [-95.12091, 36.38379], [-95.12016, 36.38327], [-95.11926, 36.38], [-95.11785, 36.3808], [-95.11706, 36.38211], [-95.11784, 36.38264], [-95.11787, 36.38295], [-95.1169, 36.38306], [-95.11775, 36.3834], [-95.11743, 36.38351], [-95.11732, 36.38639], [-95.11852, 36.3864], [-95.11948, 36.38675], [-95.12118, 36.38799], [-95.1241, 36.39261], [-95.1242, 36.39504], [-95.12389, 36.3959], [-95.12139, 36.39885], [-95.12107, 36.39966], [-95.12107, 36.40052], [-95.12192, 36.40197], [-95.12171, 36.40526], [-95.11841, 36.41095], [-95.11746, 36.41151], [-95.11528, 36.41211], [-95.11453, 36.41279], [-95.11384, 36.41536], [-95.11236, 36.41796], [-95.11119, 36.41775], [-95.11103, 36.41595], [-95.11055, 36.4151], [-95.1097, 36.41441], [-95.10858, 36.41424], [-95.1063, 36.41467], [-95.10566, 36.4154], [-95.1057, 36.41792], [-95.10326, 36.41621], [-95.1029, 36.41407], [-95.10407, 36.41258], [-95.10508, 36.41228], [-95.10933, 36.41322], [-95.11028, 36.41275], [-95.11161, 36.41129], [-95.11257, 36.41087], [-95.11459, 36.41052], [-95.11554, 36.41001], [-95.11698, 36.40847], [-95.11714, 36.40573], [-95.11687, 36.40484], [-95.11618, 36.40402], [-95.11517, 36.40343], [-95.11283, 36.40334], [-95.11188, 36.40385], [-95.11065, 36.40535], [-95.10949, 36.40561], [-95.11007, 36.40381], [-95.11012, 36.40184], [-95.10895, 36.40017], [-95.10704, 36.39911], [-95.10231, 36.39953], [-95.09923, 36.40094], [-95.09753, 36.4021], [-95.09471, 36.40501], [-95.09328, 36.40745], [-95.09338, 36.40928], [-95.09196, 36.40828], [-95.09131, 36.4071], [-95.09028, 36.4071], [-95.08675, 36.40463], [-95.08711, 36.4046], [-95.08671, 36.40353], [-95.08627, 36.40349], [-95.08602, 36.40411], [-95.08217, 36.40089], [-95.08304, 36.40067], [-95.085, 36.39972], [-95.08494, 36.39939], [-95.08622, 36.39858], [-95.0864, 36.39773], [-95.08357, 36.40026], [-95.0824, 36.40074], [-95.08205, 36.40079], [-95.08127, 36.40012], [-95.08374, 36.39883], [-95.08503, 36.39757], [-95.08429, 36.39776], [-95.08346, 36.39855], [-95.08226, 36.39892], [-95.0814, 36.39953], [-95.0803, 36.39926], [-95.08155, 36.39924], [-95.08332, 36.3978], [-95.08569, 36.39681], [-95.08696, 36.39531], [-95.08889, 36.39429], [-95.08899, 36.39342], [-95.0908, 36.39119], [-95.09009, 36.39086], [-95.09108, 36.39084], [-95.09206, 36.39035], [-95.09362, 36.38888], [-95.09454, 36.38843], [-95.09457, 36.38808], [-95.09511, 36.38822], [-95.09991, 36.38618], [-95.10214, 36.38578], [-95.10297, 36.38539], [-95.10572, 36.38274], [-95.10719, 36.38051], [-95.10762, 36.38041], [-95.10899, 36.37864], [-95.11026, 36.37776], [-95.11055, 36.37786], [-95.1106, 36.37833], [-95.11127, 36.37806], [-95.11085, 36.378], [-95.11065, 36.37761], [-95.11172, 36.37721], [-95.11185, 36.37678], [-95.11359, 36.37686], [-95.11551, 36.37662], [-95.1184, 36.37523], [-95.11957, 36.37439], [-95.11979, 36.37312], [-95.11979, 36.37055], [-95.11952, 36.37028], [-95.11986, 36.37015], [-95.12144, 36.3653], [-95.12086, 36.36491], [-95.12001, 36.36482], [-95.12165, 36.36479], [-95.12202, 36.36442], [-95.12399, 36.36017], [-95.12271, 36.35799], [-95.11958, 36.35573], [-95.12133, 36.3567], [-95.1216, 36.35652], [-95.12126, 36.3563], [-95.12167, 36.35615], [-95.12171, 36.35577], [-95.12464, 36.35793], [-95.12554, 36.35929], [-95.1261, 36.35912], [-95.12823, 36.35764], [-95.1297, 36.35612], [-95.12984, 36.35563], [-95.12947, 36.35513], [-95.13003, 36.35539], [-95.13067, 36.3553], [-95.13545, 36.35067], [-95.14274, 36.34626], [-95.14193, 36.34617], [-95.14114, 36.34667], [-95.14063, 36.34663], [-95.14101, 36.34603], [-95.14195, 36.34556], [-95.14374, 36.34578], [-95.14498, 36.34506], [-95.14505, 36.34481], [-95.14412, 36.34368], [-95.14427, 36.34351], [-95.14471, 36.34359], [-95.14574, 36.34449], [-95.14607, 36.34451], [-95.15043, 36.34271], [-95.15625, 36.34099], [-95.15665, 36.34071], [-95.1561, 36.34075], [-95.15523, 36.34019], [-95.15374, 36.33964], [-95.15503, 36.33975], [-95.15482, 36.3389], [-95.1551, 36.33838], [-95.15516, 36.33812], [-95.15495, 36.33745], [-95.15449, 36.33699], [-95.15537, 36.33711], [-95.15569, 36.33741], [-95.15538, 36.33915], [-95.15597, 36.33994], [-95.15627, 36.34011], [-95.15691, 36.33971], [-95.15761, 36.33997], [-95.1574, 36.34033], [-95.1581, 36.34036], [-95.15917, 36.33966], [-95.15904, 36.33938], [-95.16056, 36.33764], [-95.16071, 36.33833], [-95.16118, 36.33818], [-95.16152, 36.33667], [-95.16106, 36.33654], [-95.16096, 36.33613], [-95.16186, 36.33604], [-95.16179, 36.33546], [-95.16236, 36.33402], [-95.1628, 36.33423], [-95.16281, 36.33608], [-95.16417, 36.33404], [-95.16458, 36.33268], [-95.16309, 36.33256], [-95.16283, 36.33201], [-95.16308, 36.33161], [-95.16249, 36.33106], [-95.16236, 36.33039], [-95.16261, 36.32921], [-95.16381, 36.32811], [-95.1633, 36.32732], [-95.16342, 36.32651], [-95.16304, 36.32579], [-95.16247, 36.32687], [-95.16192, 36.32673], [-95.16185, 36.32545], [-95.16106, 36.32474], [-95.16209, 36.32404], [-95.16266, 36.32472], [-95.16341, 36.32464], [-95.16396, 36.32532], [-95.16401, 36.32503], [-95.16277, 36.32348], [-95.1623, 36.3232], [-95.16162, 36.32321], [-95.16071, 36.32245], [-95.16002, 36.32283], [-95.15858, 36.3228], [-95.15749, 36.32332], [-95.15691, 36.32363], [-95.1563, 36.3248], [-95.15594, 36.32482], [-95.15634, 36.3235], [-95.15596, 36.32336], [-95.15646, 36.32336], [-95.1571, 36.3217], [-95.1569, 36.32149], [-95.15743, 36.32108], [-95.15632, 36.31983], [-95.1568, 36.31956], [-95.15794, 36.32001], [-95.15828, 36.3205], [-95.15882, 36.32035], [-95.15878, 36.32069], [-95.15906, 36.3204], [-95.15828, 36.31995], [-95.15703, 36.31838], [-95.15637, 36.31821], [-95.15659, 36.31772], [-95.1561, 36.31653], [-95.15559, 36.31645], [-95.1555, 36.31582], [-95.15435, 36.31574], [-95.15546, 36.3156], [-95.15591, 36.31492], [-95.15561, 36.31443], [-95.15615, 36.31391], [-95.1563, 36.3131], [-95.15618, 36.31287], [-95.15556, 36.31284], [-95.15579, 36.31259], [-95.15616, 36.31272], [-95.15756, 36.3094], [-95.15834, 36.307], [-95.15821, 36.3068], [-95.15849, 36.30658], [-95.15923, 36.30553], [-95.16002, 36.30417], [-95.16018, 36.30367], [-95.15994, 36.30335], [-95.16033, 36.30288], [-95.16075, 36.30141], [-95.16075, 36.30037], [-95.16014, 36.30008], [-95.16077, 36.2998], [-95.16065, 36.29921], [-95.16017, 36.29913], [-95.16042, 36.29891], [-95.16034, 36.29872], [-95.15952, 36.29857], [-95.15704, 36.299], [-95.1566, 36.29926], [-95.15653, 36.29955], [-95.15632, 36.2994], [-95.15579, 36.29935], [-95.15636, 36.29917], [-95.15669, 36.29883], [-95.15801, 36.29849], [-95.15821, 36.2983], [-95.16063, 36.29794], [-95.16044, 36.29387], [-95.16104, 36.29353], [-95.16192, 36.29376], [-95.16211, 36.29345], [-95.16206, 36.29321], [-95.16047, 36.29265], [-95.15979, 36.29122], [-95.15908, 36.29115], [-95.15888, 36.29087], [-95.15804, 36.29117], [-95.15419, 36.29098], [-95.15268, 36.28964], [-95.15328, 36.28931], [-95.15229, 36.28916], [-95.15299, 36.28893], [-95.15338, 36.28915], [-95.15341, 36.28883], [-95.15422, 36.28872], [-95.15487, 36.2888], [-95.15506, 36.28952], [-95.15747, 36.28942], [-95.15685, 36.28893], [-95.15714, 36.28858], [-95.15691, 36.28751], [-95.15738, 36.28765], [-95.15853, 36.28682], [-95.15797, 36.2862], [-95.15731, 36.28687], [-95.15686, 36.2868], [-95.15649, 36.28636], [-95.15712, 36.28511], [-95.15695, 36.28352], [-95.15756, 36.28315], [-95.15546, 36.28025], [-95.15432, 36.27994], [-95.15487, 36.28231], [-95.15419, 36.28238], [-95.15315, 36.28197], [-95.15267, 36.28358], [-95.15139, 36.28133], [-95.1508, 36.28122], [-95.14681, 36.27849], [-95.14596, 36.27837], [-95.14631, 36.27871], [-95.14576, 36.27879], [-95.14487, 36.27569], [-95.14439, 36.27538], [-95.14451, 36.275], [-95.14375, 36.27452], [-95.14474, 36.27376], [-95.14394, 36.27337], [-95.14427, 36.27276], [-95.14401, 36.2717], [-95.14373, 36.27151], [-95.14126, 36.27179], [-95.14024, 36.27091], [-95.13939, 36.26933], [-95.13898, 36.2695], [-95.13955, 36.27095], [-95.13909, 36.27076], [-95.13786, 36.27099], [-95.13524, 36.27302], [-95.13055, 36.27441], [-95.13027, 36.27466], [-95.13055, 36.27567], [-95.12972, 36.27445], [-95.1284, 36.27451], [-95.128, 36.27462], [-95.12719, 36.27588], [-95.12632, 36.27629], [-95.12708, 36.27478], [-95.12693, 36.27431], [-95.12609, 36.27408], [-95.12535, 36.27449], [-95.12436, 36.27458], [-95.1225, 36.2743], [-95.121, 36.2744], [-95.11846, 36.27367], [-95.11746, 36.27285], [-95.11372, 36.27144], [-95.10995, 36.26917], [-95.10772, 36.26905], [-95.10568, 36.26956], [-95.10456, 36.26967], [-95.10469, 36.2695], [-95.10446, 36.26975], [-95.10172, 36.27028], [-95.10261, 36.26967], [-95.102, 36.26981], [-95.10139, 36.27032], [-95.10172, 36.27042], [-95.10232, 36.27238], [-95.10314, 36.27261], [-95.1042, 36.27226], [-95.10307, 36.27276], [-95.10215, 36.27258], [-95.10096, 36.26986], [-95.10286, 36.26914], [-95.10385, 36.2692], [-95.10692, 36.26852], [-95.10583, 36.26818], [-95.10495, 36.26741], [-95.10465, 36.26672], [-95.10563, 36.26637], [-95.10617, 36.26697], [-95.10987, 36.26757], [-95.1171, 36.27071], [-95.11731, 36.27046], [-95.1142, 36.2681], [-95.11633, 36.26823], [-95.11865, 36.26885], [-95.11929, 36.26943], [-95.12146, 36.27032], [-95.12291, 36.27146], [-95.12407, 36.27142], [-95.12584, 36.26988], [-95.12592, 36.26943], [-95.12645, 36.26923], [-95.12657, 36.26884], [-95.12742, 36.26846], [-95.12758, 36.26784], [-95.12851, 36.26744], [-95.12859, 36.26704], [-95.12929, 36.26716], [-95.12997, 36.26544], [-95.13056, 36.26476], [-95.13131, 36.26446], [-95.13079, 36.26406], [-95.13123, 36.2637], [-95.13113, 36.26269], [-95.13168, 36.26275], [-95.13168, 36.26236], [-95.1318, 36.26261], [-95.13259, 36.26275], [-95.1327, 36.26238], [-95.13214, 36.26155], [-95.13246, 36.26123], [-95.13241, 36.26185], [-95.13291, 36.26234], [-95.13322, 36.26226], [-95.13361, 36.26356], [-95.13461, 36.26396], [-95.13527, 36.26459], [-95.13656, 36.26394], [-95.13862, 36.26871], [-95.13908, 36.26877], [-95.13683, 36.26277], [-95.13772, 36.26034], [-95.13768, 36.25965], [-95.13836, 36.25863], [-95.13836, 36.25669], [-95.13898, 36.25577], [-95.14068, 36.25458], [-95.14098, 36.2533], [-95.14053, 36.25217], [-95.14206, 36.24771], [-95.14194, 36.24696], [-95.14419, 36.24264], [-95.14098, 36.24235], [-95.14083, 36.24188], [-95.14131, 36.24019], [-95.14353, 36.23969], [-95.14517, 36.23985], [-95.1478, 36.23737], [-95.14795, 36.23694], [-95.14699, 36.23689], [-95.1469, 36.23618], [-95.14625, 36.23594], [-95.14711, 36.23599], [-95.1475, 36.23465], [-95.14829, 36.23338], [-95.14763, 36.2318], [-95.14805, 36.2319], [-95.14819, 36.23154], [-95.1486, 36.23148], [-95.1492, 36.23198], [-95.14969, 36.2337], [-95.14909, 36.23483], [-95.14948, 36.23563], [-95.15714, 36.23142], [-95.15614, 36.23027], [-95.15645, 36.2302], [-95.15684, 36.23074], [-95.15788, 36.23107], [-95.16058, 36.22993], [-95.1608, 36.22976], [-95.15981, 36.22911], [-95.15955, 36.22846], [-95.15988, 36.22835], [-95.15989, 36.22877], [-95.16078, 36.22924], [-95.16187, 36.22944], [-95.16201, 36.22888], [-95.16116, 36.22807], [-95.16122, 36.2273], [-95.16089, 36.22704], [-95.16078, 36.22668], [-95.16126, 36.22707], [-95.16179, 36.22675], [-95.16147, 36.22716], [-95.16153, 36.22792], [-95.16254, 36.22845], [-95.16295, 36.22913], [-95.16431, 36.2279], [-95.164, 36.22902], [-95.17323, 36.22854], [-95.17391, 36.22842], [-95.17419, 36.22778], [-95.1747, 36.22839], [-95.17923, 36.22857], [-95.18218, 36.22935], [-95.18174, 36.23731], [-95.18156, 36.23686], [-95.1809, 36.23987], [-95.18, 36.24003], [-95.17967, 36.2393], [-95.17909, 36.2392], [-95.17969, 36.23905], [-95.17878, 36.2389], [-95.17903, 36.23859], [-95.17846, 36.23828], [-95.17701, 36.23879], [-95.17735, 36.23929], [-95.1758, 36.2392], [-95.17523, 36.23967], [-95.17275, 36.24067], [-95.17147, 36.2416], [-95.17003, 36.24188], [-95.16897, 36.2427], [-95.16716, 36.24318], [-95.16651, 36.24409], [-95.16392, 36.24584], [-95.16388, 36.24682], [-95.16355, 36.24701], [-95.16478, 36.24798], [-95.16451, 36.24821], [-95.16268, 36.24669], [-95.16129, 36.24832], [-95.16008, 36.24892], [-95.15946, 36.25408], [-95.15987, 36.25665], [-95.16055, 36.2569], [-95.16005, 36.25727], [-95.16002, 36.25855], [-95.16017, 36.2587], [-95.16091, 36.25846], [-95.16028, 36.25921], [-95.16086, 36.2596], [-95.16083, 36.26074], [-95.162, 36.26331], [-95.16333, 36.26484], [-95.16564, 36.264], [-95.16493, 36.26485], [-95.16611, 36.26569], [-95.16432, 36.2652], [-95.16389, 36.26533], [-95.16398, 36.26588], [-95.17096, 36.27296], [-95.17254, 36.27537], [-95.17445, 36.28061], [-95.175, 36.28096], [-95.17516, 36.28219], [-95.17621, 36.28392], [-95.1767, 36.28424], [-95.17729, 36.28383], [-95.17743, 36.28446], [-95.17852, 36.28462], [-95.17706, 36.28499], [-95.1769, 36.28469], [-95.17686, 36.28552], [-95.17776, 36.28825], [-95.17859, 36.28959], [-95.17866, 36.29075], [-95.18001, 36.29213], [-95.1806, 36.29249], [-95.18119, 36.29228], [-95.18125, 36.29277], [-95.18225, 36.29371], [-95.18199, 36.29456], [-95.18218, 36.29491], [-95.18354, 36.29545], [-95.1829, 36.29555], [-95.18041, 36.2947], [-95.18014, 36.29598], [-95.1786, 36.29703], [-95.17801, 36.2971], [-95.16601, 36.29414], [-95.16553, 36.29462], [-95.17685, 36.29738], [-95.17836, 36.29804], [-95.17798, 36.29829], [-95.17738, 36.29816], [-95.17694, 36.29867], [-95.17696, 36.29822], [-95.17656, 36.29813], [-95.17638, 36.30101], [-95.17671, 36.30205], [-95.17846, 36.30379], [-95.17892, 36.304], [-95.18201, 36.30415], [-95.18259, 36.30312], [-95.18379, 36.30274], [-95.18343, 36.30334], [-95.1841, 36.30357], [-95.18451, 36.30473], [-95.18462, 36.30458], [-95.185, 36.30481], [-95.18476, 36.30425], [-95.18514, 36.30441], [-95.18496, 36.30581], [-95.18655, 36.30781], [-95.18691, 36.3079], [-95.18741, 36.30751], [-95.18786, 36.30751], [-95.18781, 36.30792], [-95.18862, 36.30798], [-95.18654, 36.30926], [-95.18989, 36.31045], [-95.19038, 36.31028], [-95.19032, 36.31085], [-95.1926, 36.31237], [-95.19322, 36.31497], [-95.19326, 36.31662], [-95.19424, 36.31715], [-95.19526, 36.31659], [-95.19715, 36.31699], [-95.19678, 36.31722], [-95.19818, 36.31782], [-95.19825, 36.31847], [-95.19958, 36.31871], [-95.19952, 36.31902], [-95.19987, 36.31918], [-95.2001, 36.319], [-95.20009, 36.31926], [-95.20112, 36.31954], [-95.20232, 36.31941], [-95.20172, 36.31997], [-95.20138, 36.31996], [-95.19784, 36.3192], [-95.19748, 36.31892], [-95.19698, 36.31907], [-95.19742, 36.31834], [-95.19642, 36.31824], [-95.19605, 36.31783], [-95.19556, 36.31789], [-95.19438, 36.31869], [-95.19274, 36.31786], [-95.1909, 36.3191], [-95.19079, 36.31964], [-95.19155, 36.32013], [-95.19057, 36.322], [-95.19096, 36.3223], [-95.19083, 36.32327], [-95.19121, 36.32497], [-95.19269, 36.32502], [-95.19282, 36.32678], [-95.19341, 36.32632], [-95.19352, 36.3276], [-95.19464, 36.32787], [-95.1946, 36.32845], [-95.19365, 36.32843], [-95.19373, 36.32915], [-95.19505, 36.32923], [-95.19191, 36.33226], [-95.1914, 36.33202], [-95.19143, 36.3315], [-95.19258, 36.33136], [-95.19277, 36.33081], [-95.19157, 36.33038], [-95.19192, 36.32994], [-95.19333, 36.32953], [-95.1932, 36.32889], [-95.19278, 36.3283], [-95.19229, 36.3282], [-95.19191, 36.3289], [-95.19253, 36.32913], [-95.19232, 36.32946], [-95.19093, 36.32925], [-95.19079, 36.32738], [-95.19224, 36.32718], [-95.19044, 36.32575], [-95.18928, 36.32908], [-95.18737, 36.32919], [-95.18852, 36.32731], [-95.18895, 36.3254], [-95.18853, 36.32331], [-95.18862, 36.3222], [-95.18896, 36.32204], [-95.18851, 36.32032], [-95.18901, 36.31655], [-95.18694, 36.31629], [-95.18476, 36.31556], [-95.18409, 36.31409], [-95.18284, 36.31402], [-95.18221, 36.31296], [-95.18149, 36.31276], [-95.18138, 36.31233], [-95.1806, 36.31106], [-95.17985, 36.31034], [-95.17837, 36.31022], [-95.1773, 36.3086], [-95.1767, 36.30854], [-95.17667, 36.31109], [-95.1779, 36.31191], [-95.17784, 36.31282], [-95.18088, 36.31288], [-95.18133, 36.3124], [-95.18143, 36.31277], [-95.18173, 36.31286]], [[-95.17118, 36.41836], [-95.17096, 36.41942], [-95.17174, 36.41921], [-95.17143, 36.41773], [-95.17118, 36.41836]], [[-95.17865, 36.42606], [-95.17844, 36.42575], [-95.17802, 36.42646], [-95.17822, 36.42749], [-95.17919, 36.42703], [-95.17865, 36.42606]], [[-95.18688, 36.43385], [-95.18748, 36.43428], [-95.18785, 36.43383], [-95.18741, 36.4335], [-95.18688, 36.43385]], [[-95.18827, 36.43983], [-95.18751, 36.43994], [-95.18754, 36.44024], [-95.18898, 36.4397], [-95.18827, 36.43983]], [[-95.08668, 36.39643], [-95.08623, 36.39666], [-95.08589, 36.39693], [-95.0865, 36.39662], [-95.08668, 36.39643]], [[-95.08787, 36.39723], [-95.0881, 36.39755], [-95.08857, 36.3971], [-95.0881, 36.39701], [-95.08787, 36.39723]], [[-95.08672, 36.39765], [-95.08701, 36.39761], [-95.08706, 36.39741], [-95.08645, 36.39763], [-95.08672, 36.39765]], [[-95.0888, 36.39736], [-95.08857, 36.39776], [-95.08938, 36.39704], [-95.08904, 36.39714], [-95.0888, 36.39736]]], [[[-95.20344, 36.31785], [-95.20342, 36.31802], [-95.20322, 36.31802], [-95.2032, 36.31784], [-95.20344, 36.31785]]], [[[-95.18619, 36.32145], [-95.18629, 36.32126], [-95.18642, 36.32175], [-95.1862, 36.3217], [-95.18619, 36.32145]]], [[[-95.20036, 36.32248], [-95.20056, 36.32237], [-95.20067, 36.32258], [-95.2004, 36.32261], [-95.20036, 36.32248]]], [[[-95.1963, 36.32376], [-95.19658, 36.3236], [-95.19684, 36.32373], [-95.1965, 36.32413], [-95.1963, 36.32376]]], [[[-95.17177, 36.41373], [-95.17043, 36.41372], [-95.17044, 36.41261], [-95.17179, 36.41262], [-95.17177, 36.41373]]], [[[-95.19277, 36.43425], [-95.19485, 36.43478], [-95.19544, 36.43467], [-95.19638, 36.43394], [-95.19628, 36.43448], [-95.1956, 36.43498], [-95.19463, 36.43525], [-95.19293, 36.43504], [-95.19074, 36.43334], [-95.18965, 36.434], [-95.18824, 36.4326], [-95.18842, 36.43139], [-95.18913, 36.43243], [-95.19033, 36.43207], [-95.1905, 36.43145], [-95.19097, 36.43246], [-95.19277, 36.43425]]], [[[-95.20711, 36.43807], [-95.21175, 36.43794], [-95.2116, 36.44515], [-95.20941, 36.44514], [-95.20935, 36.44333], [-95.20714, 36.44332], [-95.20711, 36.43807]]], [[[-95.20488, 36.44171], [-95.20289, 36.44251], [-95.20051, 36.44233], [-95.19971, 36.44295], [-95.19954, 36.44426], [-95.19962, 36.44473], [-95.20282, 36.44541], [-95.20404, 36.44682], [-95.20418, 36.44762], [-95.20388, 36.44759], [-95.2029, 36.44607], [-95.20155, 36.44547], [-95.19913, 36.4451], [-95.19889, 36.44452], [-95.19914, 36.44348], [-95.19826, 36.44354], [-95.19537, 36.44095], [-95.19583, 36.44049], [-95.19718, 36.44147], [-95.19936, 36.44223], [-95.20077, 36.44188], [-95.20303, 36.44209], [-95.20317, 36.44111], [-95.2037, 36.44114], [-95.2036, 36.44181], [-95.20488, 36.44171]]], [[[-95.21593, 36.45652], [-95.21572, 36.4562], [-95.21592, 36.45613], [-95.21611, 36.45671], [-95.21593, 36.45652]]], [[[-95.20682, 36.45762], [-95.20652, 36.45718], [-95.20673, 36.45691], [-95.20699, 36.45744], [-95.20682, 36.45762]]], [[[-95.10062, 36.08816], [-95.10061, 36.08911], [-95.09966, 36.08894], [-95.09965, 36.08816], [-95.10062, 36.08816]]], [[[-95.15748, 36.15749], [-95.15621, 36.15704], [-95.15657, 36.15631], [-95.15779, 36.15659], [-95.15748, 36.15749]]], [[[-95.15442, 36.18938], [-95.15441, 36.18961], [-95.15219, 36.18967], [-95.15224, 36.1887], [-95.15264, 36.18849], [-95.1537, 36.18891], [-95.15492, 36.18878], [-95.15535, 36.18896], [-95.15442, 36.18938]]], [[[-95.03702, 36.20268], [-95.0361, 36.20267], [-95.03613, 36.20182], [-95.03707, 36.20182], [-95.03702, 36.20268]]], [[[-95.13304, 36.20586], [-95.13293, 36.20546], [-95.13396, 36.20548], [-95.13374, 36.20602], [-95.13328, 36.20625], [-95.13304, 36.20586]]], [[[-95.12117, 36.21379], [-95.12105, 36.21331], [-95.1204, 36.21313], [-95.12075, 36.21247], [-95.1225, 36.21246], [-95.12251, 36.2115], [-95.12304, 36.21084], [-95.12372, 36.21115], [-95.12342, 36.2124], [-95.12644, 36.2124], [-95.12521, 36.20999], [-95.12586, 36.20937], [-95.12697, 36.20955], [-95.12697, 36.2109], [-95.12745, 36.21092], [-95.12745, 36.20908], [-95.12548, 36.20883], [-95.1255, 36.20682], [-95.12749, 36.20672], [-95.12752, 36.20531], [-95.13198, 36.20532], [-95.13204, 36.21187], [-95.13252, 36.21194], [-95.13305, 36.21259], [-95.13352, 36.21425], [-95.12505, 36.21392], [-95.12463, 36.2135], [-95.12427, 36.21387], [-95.12117, 36.21379]]], [[[-95.11842, 36.21252], [-95.11856, 36.21449], [-95.11541, 36.21552], [-95.11802, 36.21306], [-95.11842, 36.21252]]], [[[-95.10063, 36.2142], [-95.10063, 36.2148], [-95.09846, 36.21481], [-95.09844, 36.21421], [-95.10063, 36.2142]]], [[[-95.11675, 36.21678], [-95.11721, 36.21613], [-95.11469, 36.21606], [-95.11854, 36.21483], [-95.11855, 36.2184], [-95.11694, 36.21807], [-95.11675, 36.21678]]], [[[-95.13863, 36.22307], [-95.11959, 36.22292], [-95.11955, 36.22114], [-95.11901, 36.2211], [-95.11887, 36.22034], [-95.11894, 36.21971], [-95.11958, 36.21968], [-95.11957, 36.21915], [-95.11874, 36.21899], [-95.11894, 36.21828], [-95.11867, 36.21821], [-95.11867, 36.21655], [-95.11995, 36.21633], [-95.11986, 36.21707], [-95.1207, 36.21722], [-95.12081, 36.21532], [-95.12152, 36.21531], [-95.12181, 36.21427], [-95.13645, 36.21468], [-95.13638, 36.21777], [-95.13767, 36.21899], [-95.13829, 36.2181], [-95.1388, 36.21882], [-95.13907, 36.22113], [-95.14025, 36.22116], [-95.13983, 36.22221], [-95.14032, 36.22305], [-95.13863, 36.22307]]], [[[-95.0294, 36.22869], [-95.03159, 36.22871], [-95.03156, 36.23054], [-95.02937, 36.23052], [-95.0294, 36.22869]]], [[[-95.11146, 36.28006], [-95.11151, 36.28083], [-95.11094, 36.28087], [-95.11083, 36.28007], [-95.11146, 36.28006]]], [[[-95.14808, 36.28137], [-95.14809, 36.28154], [-95.14789, 36.28153], [-95.14789, 36.28137], [-95.14808, 36.28137]]], [[[-95.14757, 36.28157], [-95.14766, 36.28147], [-95.14778, 36.28155], [-95.14769, 36.28164], [-95.14757, 36.28157]]], [[[-95.14809, 36.28178], [-95.14788, 36.28179], [-95.14788, 36.28162], [-95.14809, 36.28162], [-95.14809, 36.28178]]], [[[-95.14807, 36.28218], [-95.14801, 36.28264], [-95.14722, 36.28268], [-95.14724, 36.28196], [-95.14801, 36.28195], [-95.14807, 36.28218]]], [[[-95.14716, 36.28354], [-95.14712, 36.28291], [-95.14804, 36.28288], [-95.14806, 36.28363], [-95.14716, 36.28354]]], [[[-95.14889, 36.29055], [-95.14889, 36.29093], [-95.14857, 36.29094], [-95.14856, 36.29056], [-95.14889, 36.29055]]], [[[-95.1262, 36.29095], [-95.12625, 36.29242], [-95.12569, 36.2927], [-95.12267, 36.29272], [-95.12285, 36.29097], [-95.1262, 36.29095]]], [[[-95.14779, 36.3041], [-95.14823, 36.3043], [-95.14786, 36.30387], [-95.14863, 36.30393], [-95.14862, 36.30289], [-95.14881, 36.3037], [-95.15006, 36.30372], [-95.15084, 36.30294], [-95.15095, 36.30241], [-95.15132, 36.30318], [-95.15104, 36.3036], [-95.15168, 36.30371], [-95.1517, 36.30235], [-95.15144, 36.30196], [-95.15329, 36.30034], [-95.1533, 36.29994], [-95.15373, 36.29982], [-95.15398, 36.29926], [-95.15354, 36.29939], [-95.15361, 36.29918], [-95.15581, 36.29895], [-95.15563, 36.29867], [-95.15591, 36.29854], [-95.15609, 36.29879], [-95.15607, 36.29844], [-95.1557, 36.29835], [-95.15599, 36.29794], [-95.15554, 36.2978], [-95.15632, 36.29793], [-95.15621, 36.29886], [-95.15691, 36.29863], [-95.15671, 36.29837], [-95.15697, 36.29826], [-95.15773, 36.29838], [-95.15664, 36.29878], [-95.15572, 36.29931], [-95.15575, 36.29949], [-95.15656, 36.29962], [-95.15701, 36.29907], [-95.15952, 36.29864], [-95.16032, 36.29878], [-95.16005, 36.29913], [-95.16059, 36.29925], [-95.16069, 36.29978], [-95.16006, 36.30006], [-95.16065, 36.30033], [-95.16069, 36.30116], [-95.16026, 36.30286], [-95.15987, 36.30331], [-95.15995, 36.30416], [-95.15813, 36.30679], [-95.15713, 36.3104], [-95.15602, 36.31239], [-95.15512, 36.31238], [-95.15511, 36.3131], [-95.1562, 36.31298], [-95.15414, 36.31348], [-95.15413, 36.31376], [-95.15532, 36.31408], [-95.15548, 36.31465], [-95.15517, 36.31489], [-95.15477, 36.3148], [-95.15461, 36.31508], [-95.15463, 36.31421], [-95.15386, 36.31408], [-95.15349, 36.31441], [-95.15442, 36.31456], [-95.15442, 36.31479], [-95.15355, 36.31511], [-95.15331, 36.31506], [-95.15361, 36.31476], [-95.1533, 36.31473], [-95.15285, 36.31499], [-95.15271, 36.31474], [-95.15225, 36.31501], [-95.14862, 36.31499], [-95.14862, 36.31465], [-95.1462, 36.31466], [-95.14647, 36.3111], [-95.14609, 36.31106], [-95.14555, 36.31152], [-95.14395, 36.31125], [-95.14396, 36.31013], [-95.14283, 36.31003], [-95.14263, 36.30934], [-95.14189, 36.31005], [-95.14182, 36.30945], [-95.14153, 36.30947], [-95.1425, 36.30864], [-95.14291, 36.30911], [-95.14409, 36.30919], [-95.14282, 36.30837], [-95.14436, 36.30669], [-95.1455, 36.30419], [-95.1461, 36.30426], [-95.14652, 36.30391], [-95.14779, 36.3041]], [[-95.15473, 36.30052], [-95.15457, 36.30075], [-95.15433, 36.30047], [-95.15435, 36.30091], [-95.15378, 36.3013], [-95.15391, 36.30176], [-95.15426, 36.30189], [-95.15483, 36.30171], [-95.15525, 36.30108], [-95.15614, 36.30084], [-95.15615, 36.30021], [-95.1556, 36.3002], [-95.15518, 36.30078], [-95.15473, 36.30052]], [[-95.15263, 36.30412], [-95.15211, 36.30386], [-95.15166, 36.30395], [-95.15071, 36.30474], [-95.15119, 36.30556], [-95.15121, 36.30523], [-95.15299, 36.30408], [-95.15302, 36.30582], [-95.15265, 36.30633], [-95.15322, 36.30634], [-95.15322, 36.30549], [-95.15362, 36.30554], [-95.15377, 36.30501], [-95.1539, 36.30551], [-95.15437, 36.30534], [-95.15415, 36.30521], [-95.15446, 36.30453], [-95.15512, 36.30447], [-95.15528, 36.3041], [-95.15527, 36.30384], [-95.1532, 36.30387], [-95.15318, 36.30355], [-95.15354, 36.30376], [-95.15592, 36.30372], [-95.15631, 36.30305], [-95.15601, 36.30283], [-95.15517, 36.30317], [-95.1557, 36.30338], [-95.15562, 36.30365], [-95.15507, 36.30349], [-95.15484, 36.30308], [-95.15497, 36.30367], [-95.15434, 36.30365], [-95.15466, 36.30333], [-95.15391, 36.30277], [-95.15447, 36.3026], [-95.15454, 36.30225], [-95.15383, 36.30197], [-95.15315, 36.30227], [-95.1531, 36.30272], [-95.15377, 36.30292], [-95.15304, 36.30308], [-95.15303, 36.30395], [-95.15263, 36.30412]]], [[[-95.05737, 36.33638], [-95.05691, 36.33638], [-95.05692, 36.33589], [-95.0574, 36.33589], [-95.05737, 36.33638]]], [[[-95.15444, 36.33694], [-95.15512, 36.33807], [-95.15471, 36.33891], [-95.15468, 36.33788], [-95.15165, 36.33683], [-95.15119, 36.33766], [-95.15128, 36.33813], [-95.15173, 36.33836], [-95.15178, 36.33964], [-95.15328, 36.33878], [-95.15474, 36.33924], [-95.15493, 36.33968], [-95.15368, 36.3395], [-95.15373, 36.33976], [-95.15619, 36.34091], [-95.15038, 36.34263], [-95.14604, 36.34443], [-95.14478, 36.34352], [-95.14421, 36.34343], [-95.14399, 36.34368], [-95.14491, 36.345], [-95.1437, 36.3457], [-95.14194, 36.34547], [-95.14094, 36.34596], [-95.14055, 36.34633], [-95.14054, 36.34669], [-95.14075, 36.34676], [-95.14118, 36.34675], [-95.14196, 36.34625], [-95.14254, 36.34627], [-95.13536, 36.3506], [-95.13059, 36.35522], [-95.12936, 36.35499], [-95.12971, 36.35566], [-95.12959, 36.35606], [-95.12813, 36.35757], [-95.12603, 36.35903], [-95.12558, 36.35918], [-95.12474, 36.35786], [-95.12177, 36.35567], [-95.12147, 36.35563], [-95.12153, 36.35612], [-95.1211, 36.35627], [-95.12143, 36.35654], [-95.12124, 36.35658], [-95.11835, 36.35499], [-95.1226, 36.35806], [-95.12383, 36.36017], [-95.12189, 36.36436], [-95.12158, 36.36467], [-95.11986, 36.36474], [-95.11987, 36.36496], [-95.12129, 36.36528], [-95.11981, 36.36987], [-95.11937, 36.3703], [-95.11964, 36.37057], [-95.11944, 36.3743], [-95.11831, 36.37513], [-95.11496, 36.37661], [-95.11162, 36.37679], [-95.1112, 36.3766], [-95.11073, 36.3758], [-95.10896, 36.37683], [-95.10946, 36.37753], [-95.1088, 36.37807], [-95.10144, 36.38234], [-95.10038, 36.38266], [-95.10011, 36.38179], [-95.10064, 36.37993], [-95.10069, 36.37807], [-95.0991, 36.37663], [-95.0996, 36.37535], [-95.09894, 36.3746], [-95.09777, 36.37415], [-95.09608, 36.37296], [-95.10094, 36.37354], [-95.10104, 36.37443], [-95.10231, 36.37514], [-95.10391, 36.37486], [-95.10436, 36.37276], [-95.10492, 36.37193], [-95.10481, 36.37148], [-95.10444, 36.37111], [-95.10269, 36.37111], [-95.10234, 36.37073], [-95.10388, 36.37024], [-95.10425, 36.36987], [-95.10518, 36.36806], [-95.10617, 36.36688], [-95.10579, 36.36602], [-95.10526, 36.36583], [-95.10181, 36.3657], [-95.10077, 36.36617], [-95.10072, 36.36699], [-95.10223, 36.36714], [-95.10263, 36.36741], [-95.10245, 36.36782], [-95.09966, 36.3681], [-95.10027, 36.36318], [-95.10077, 36.36226], [-95.10165, 36.36256], [-95.10229, 36.36459], [-95.10316, 36.3651], [-95.1068, 36.36474], [-95.10723, 36.36654], [-95.10832, 36.36748], [-95.10935, 36.36743], [-95.1105, 36.36643], [-95.111, 36.36637], [-95.11108, 36.36716], [-95.11268, 36.36716], [-95.11342, 36.36823], [-95.11286, 36.36825], [-95.11249, 36.36857], [-95.11249, 36.3694], [-95.11459, 36.37133], [-95.11419, 36.37208], [-95.1144, 36.37285], [-95.11541, 36.37308], [-95.11701, 36.37278], [-95.11735, 36.37199], [-95.11685, 36.37091], [-95.11582, 36.37103], [-95.11548, 36.37045], [-95.11537, 36.36904], [-95.11475, 36.36851], [-95.11505, 36.3666], [-95.11448, 36.36629], [-95.11445, 36.36541], [-95.11518, 36.36482], [-95.1151, 36.36154], [-95.11281, 36.36148], [-95.11271, 36.35418], [-95.1123, 36.35366], [-95.11086, 36.35292], [-95.11183, 36.35374], [-95.11164, 36.35391], [-95.11024, 36.35385], [-95.1088, 36.35331], [-95.10874, 36.35265], [-95.10984, 36.35215], [-95.10969, 36.35182], [-95.10867, 36.35246], [-95.10737, 36.35232], [-95.10727, 36.35284], [-95.10682, 36.35311], [-95.1057, 36.35298], [-95.10604, 36.35267], [-95.10611, 36.35171], [-95.10691, 36.35129], [-95.10679, 36.35092], [-95.10527, 36.35087], [-95.10465, 36.35186], [-95.10301, 36.35225], [-95.1014, 36.35147], [-95.10166, 36.35108], [-95.10076, 36.3512], [-95.10027, 36.3516], [-95.09937, 36.35142], [-95.09999, 36.35189], [-95.10066, 36.35162], [-95.10147, 36.35173], [-95.10181, 36.3522], [-95.09976, 36.35238], [-95.09916, 36.35232], [-95.09887, 36.35165], [-95.09843, 36.35163], [-95.09846, 36.35201], [-95.09782, 36.35214], [-95.09801, 36.35173], [-95.09768, 36.35163], [-95.09773, 36.35088], [-95.09794, 36.35128], [-95.09835, 36.35126], [-95.09847, 36.35089], [-95.09796, 36.35056], [-95.09729, 36.35084], [-95.09557, 36.35078], [-95.094, 36.35008], [-95.09529, 36.34996], [-95.09542, 36.34261], [-95.09493, 36.3398], [-95.09534, 36.33887], [-95.09572, 36.3358], [-95.09619, 36.33586], [-95.09598, 36.33677], [-95.09662, 36.33761], [-95.09636, 36.33906], [-95.09745, 36.33902], [-95.09773, 36.3396], [-95.09756, 36.34052], [-95.09672, 36.3409], [-95.09681, 36.34112], [-95.0973, 36.34156], [-95.09757, 36.3415], [-95.09749, 36.34073], [-95.09782, 36.33994], [-95.09882, 36.34026], [-95.10003, 36.33911], [-95.10056, 36.33923], [-95.10077, 36.3396], [-95.10051, 36.3418], [-95.1016, 36.34268], [-95.10271, 36.34268], [-95.10364, 36.34223], [-95.10603, 36.33968], [-95.1059, 36.33874], [-95.10508, 36.3375], [-95.10516, 36.33705], [-95.10611, 36.33671], [-95.10975, 36.33669], [-95.11204, 36.33598], [-95.11329, 36.33401], [-95.11347, 36.3317], [-95.11379, 36.33132], [-95.11536, 36.33129], [-95.11552, 36.32995], [-95.11616, 36.32862], [-95.1169, 36.32793], [-95.11802, 36.32802], [-95.11803, 36.32711], [-95.11852, 36.32692], [-95.11906, 36.32748], [-95.11873, 36.32872], [-95.12001, 36.32982], [-95.12028, 36.32952], [-95.11965, 36.32895], [-95.12067, 36.32904], [-95.12044, 36.3288], [-95.1206, 36.32818], [-95.11985, 36.3278], [-95.11997, 36.32733], [-95.12096, 36.32705], [-95.12059, 36.32769], [-95.12142, 36.32889], [-95.12171, 36.32891], [-95.12183, 36.3256], [-95.12093, 36.32509], [-95.12219, 36.32387], [-95.1223, 36.322], [-95.12375, 36.32197], [-95.12375, 36.32224], [-95.12319, 36.32229], [-95.1228, 36.32297], [-95.12306, 36.3228], [-95.1233, 36.32356], [-95.12358, 36.32348], [-95.1234, 36.32319], [-95.12388, 36.32203], [-95.12415, 36.32203], [-95.12419, 36.32329], [-95.12343, 36.32382], [-95.12274, 36.32377], [-95.12344, 36.32417], [-95.12473, 36.32428], [-95.12537, 36.32527], [-95.13061, 36.32498], [-95.13064, 36.32744], [-95.13014, 36.32726], [-95.12953, 36.32755], [-95.1297, 36.32798], [-95.13052, 36.32798], [-95.13071, 36.32755], [-95.1308, 36.3279], [-95.13102, 36.32764], [-95.131, 36.32614], [-95.13142, 36.32581], [-95.13224, 36.32609], [-95.13244, 36.32682], [-95.13319, 36.3263], [-95.13317, 36.32567], [-95.13541, 36.32558], [-95.13485, 36.32717], [-95.13515, 36.32761], [-95.1334, 36.32901], [-95.1324, 36.32933], [-95.1322, 36.32901], [-95.13175, 36.3296], [-95.13081, 36.33], [-95.13146, 36.3301], [-95.13249, 36.32961], [-95.13328, 36.3296], [-95.13422, 36.32893], [-95.13434, 36.32917], [-95.13522, 36.32789], [-95.13575, 36.32852], [-95.13576, 36.33006], [-95.13437, 36.33148], [-95.13436, 36.33228], [-95.13495, 36.33231], [-95.13543, 36.33136], [-95.13627, 36.33165], [-95.13649, 36.33266], [-95.13736, 36.33268], [-95.13829, 36.33267], [-95.13958, 36.33107], [-95.13966, 36.32824], [-95.13907, 36.32812], [-95.13959, 36.32781], [-95.13964, 36.32702], [-95.13855, 36.32658], [-95.13877, 36.32621], [-95.13967, 36.32652], [-95.14113, 36.32657], [-95.14415, 36.3258], [-95.1441, 36.32726], [-95.14367, 36.32711], [-95.14371, 36.32657], [-95.14339, 36.32626], [-95.14251, 36.32649], [-95.14279, 36.32734], [-95.14386, 36.32832], [-95.14375, 36.32886], [-95.14414, 36.32902], [-95.14427, 36.3256], [-95.14335, 36.3256], [-95.1429, 36.32508], [-95.14257, 36.32242], [-95.14561, 36.32304], [-95.14614, 36.32339], [-95.14708, 36.32341], [-95.14782, 36.32328], [-95.14788, 36.32274], [-95.14703, 36.32208], [-95.15077, 36.32202], [-95.15167, 36.32236], [-95.15142, 36.32546], [-95.15102, 36.32549], [-95.15094, 36.32694], [-95.14961, 36.32663], [-95.14933, 36.32706], [-95.14992, 36.32692], [-95.15119, 36.32749], [-95.15088, 36.32821], [-95.14993, 36.32782], [-95.14961, 36.32865], [-95.14984, 36.32904], [-95.15099, 36.3283], [-95.15103, 36.32899], [-95.15235, 36.32938], [-95.15193, 36.32983], [-95.15187, 36.33086], [-95.15227, 36.33097], [-95.15222, 36.33422], [-95.15128, 36.33417], [-95.15117, 36.33442], [-95.15202, 36.3346], [-95.15172, 36.33552], [-95.15364, 36.33599], [-95.15444, 36.33694]], [[-95.11043, 36.35047], [-95.11037, 36.35096], [-95.11047, 36.35115], [-95.11117, 36.35124], [-95.11131, 36.35119], [-95.11128, 36.35107], [-95.11077, 36.35085], [-95.11148, 36.35093], [-95.1117, 36.35091], [-95.11179, 36.35079], [-95.11134, 36.3503], [-95.11081, 36.35], [-95.11064, 36.34999], [-95.11047, 36.35012], [-95.1104, 36.3503], [-95.11043, 36.35047]], [[-95.11912, 36.35449], [-95.11835, 36.35439], [-95.11835, 36.35466], [-95.11865, 36.35492], [-95.11912, 36.35449]]], [[[-95.09396, 36.33432], [-95.09445, 36.33353], [-95.09421, 36.33317], [-95.09483, 36.33298], [-95.09531, 36.33407], [-95.09545, 36.33672], [-95.09471, 36.33992], [-95.0952, 36.34244], [-95.09505, 36.34704], [-95.09528, 36.34737], [-95.09507, 36.34966], [-95.09491, 36.34988], [-95.09396, 36.34995], [-95.09256, 36.34912], [-95.09141, 36.34887], [-95.09116, 36.3482], [-95.09072, 36.34928], [-95.09071, 36.34763], [-95.08945, 36.34822], [-95.08904, 36.34784], [-95.08858, 36.34789], [-95.08713, 36.34722], [-95.08633, 36.34616], [-95.08699, 36.34616], [-95.08778, 36.34493], [-95.0881, 36.34396], [-95.08789, 36.34345], [-95.08672, 36.34311], [-95.08558, 36.34358], [-95.08436, 36.3427], [-95.08382, 36.34129], [-95.08388, 36.3408], [-95.08606, 36.34073], [-95.08691, 36.34022], [-95.08744, 36.33684], [-95.08845, 36.33562], [-95.08943, 36.33534], [-95.09211, 36.33555], [-95.09332, 36.3354], [-95.09328, 36.33478], [-95.09233, 36.33484], [-95.09218, 36.33444], [-95.09301, 36.33412], [-95.09373, 36.33447], [-95.09396, 36.33432]]], [[[-95.06349, 36.34317], [-95.06453, 36.34252], [-95.0635, 36.3427], [-95.06271, 36.34237], [-95.06396, 36.34222], [-95.06407, 36.3418], [-95.06636, 36.34179], [-95.06625, 36.34004], [-95.06844, 36.34003], [-95.06863, 36.34368], [-95.07363, 36.34401], [-95.07415, 36.34342], [-95.07485, 36.34376], [-95.07481, 36.34405], [-95.07518, 36.34407], [-95.07483, 36.34418], [-95.07506, 36.34445], [-95.07475, 36.3449], [-95.07552, 36.34459], [-95.07564, 36.34425], [-95.07639, 36.34444], [-95.07671, 36.34485], [-95.07734, 36.3447], [-95.07702, 36.34438], [-95.07566, 36.34406], [-95.07752, 36.34349], [-95.07748, 36.34199], [-95.08147, 36.34233], [-95.08212, 36.34261], [-95.08196, 36.34637], [-95.08231, 36.34675], [-95.082, 36.34734], [-95.08438, 36.34719], [-95.08516, 36.34654], [-95.08525, 36.34712], [-95.08628, 36.34732], [-95.08753, 36.3486], [-95.08813, 36.34863], [-95.08853, 36.34912], [-95.08864, 36.35049], [-95.08849, 36.35093], [-95.08731, 36.35157], [-95.08673, 36.3547], [-95.08796, 36.35437], [-95.08869, 36.35461], [-95.0909, 36.35453], [-95.09091, 36.35802], [-95.09493, 36.35808], [-95.09524, 36.37279], [-95.09362, 36.37273], [-95.09471, 36.37313], [-95.09477, 36.37355], [-95.0943, 36.37371], [-95.09393, 36.37342], [-95.09328, 36.37349], [-95.09551, 36.37455], [-95.09592, 36.37436], [-95.09641, 36.37533], [-95.09758, 36.37601], [-95.09758, 36.3768], [-95.09673, 36.37673], [-95.0964, 36.37618], [-95.09567, 36.37618], [-95.09389, 36.37496], [-95.09336, 36.37492], [-95.09314, 36.37448], [-95.09199, 36.37381], [-95.09118, 36.37249], [-95.08859, 36.37123], [-95.08742, 36.36996], [-95.08703, 36.36886], [-95.08722, 36.36846], [-95.0863, 36.36782], [-95.08563, 36.36617], [-95.08551, 36.36186], [-95.08577, 36.3597], [-95.08637, 36.35918], [-95.08605, 36.35885], [-95.08525, 36.35866], [-95.08502, 36.35965], [-95.08456, 36.35982], [-95.08495, 36.36009], [-95.08565, 36.35995], [-95.08474, 36.36133], [-95.0851, 36.36192], [-95.08477, 36.36278], [-95.08446, 36.36204], [-95.08381, 36.36213], [-95.08372, 36.36248], [-95.08475, 36.36306], [-95.0843, 36.36375], [-95.08383, 36.36387], [-95.08392, 36.36479], [-95.08337, 36.36502], [-95.08347, 36.36547], [-95.07701, 36.36542], [-95.07622, 36.36445], [-95.07466, 36.36437], [-95.07466, 36.36462], [-95.0741, 36.36429], [-95.07279, 36.36424], [-95.07256, 36.36539], [-95.07259, 36.36367], [-95.07041, 36.36364], [-95.0707, 36.36305], [-95.07033, 36.36291], [-95.07005, 36.36219], [-95.07024, 36.36297], [-95.06992, 36.36311], [-95.06954, 36.36237], [-95.06916, 36.36235], [-95.06933, 36.36267], [-95.06896, 36.36278], [-95.06908, 36.36315], [-95.06825, 36.3636], [-95.06745, 36.36347], [-95.06744, 36.36272], [-95.06815, 36.36232], [-95.06757, 36.36197], [-95.06811, 36.36183], [-95.06811, 36.36108], [-95.06768, 36.36095], [-95.06773, 36.36064], [-95.06706, 36.36067], [-95.06691, 36.3602], [-95.0671, 36.35973], [-95.06822, 36.35886], [-95.06797, 36.35791], [-95.06724, 36.3571], [-95.06835, 36.35432], [-95.06805, 36.35285], [-95.06716, 36.35257], [-95.06683, 36.35209], [-95.06605, 36.3521], [-95.0656, 36.3511], [-95.06631, 36.35085], [-95.06643, 36.35033], [-95.0674, 36.35029], [-95.06742, 36.35004], [-95.0667, 36.35028], [-95.06675, 36.34959], [-95.06625, 36.34959], [-95.06528, 36.35076], [-95.06486, 36.35014], [-95.06453, 36.35024], [-95.06414, 36.35056], [-95.06477, 36.35077], [-95.06413, 36.35079], [-95.06398, 36.35123], [-95.06324, 36.35094], [-95.06042, 36.3508], [-95.05967, 36.35009], [-95.05967, 36.34731], [-95.06164, 36.34716], [-95.06173, 36.34753], [-95.06218, 36.34765], [-95.0617, 36.34788], [-95.06177, 36.34828], [-95.06258, 36.34913], [-95.063, 36.34913], [-95.06297, 36.34876], [-95.0623, 36.34833], [-95.06231, 36.34739], [-95.06583, 36.34711], [-95.06463, 36.34704], [-95.06458, 36.34679], [-95.06362, 36.34637], [-95.06367, 36.34598], [-95.06398, 36.34597], [-95.06397, 36.34531], [-95.06618, 36.34511], [-95.06681, 36.34545], [-95.06707, 36.34492], [-95.07087, 36.34457], [-95.07014, 36.34448], [-95.06911, 36.34382], [-95.06953, 36.34445], [-95.06636, 36.34481], [-95.06328, 36.34407], [-95.0628, 36.34287], [-95.06349, 36.34317]]], [[[-95.11066, 36.35002], [-95.11174, 36.35079], [-95.11072, 36.35082], [-95.11116, 36.3512], [-95.11044, 36.35106], [-95.11066, 36.35002]]], [[[-95.13382, 36.36877], [-95.13186, 36.37001], [-95.12696, 36.3717], [-95.1268, 36.37141], [-95.12686, 36.37174], [-95.1251, 36.37233], [-95.12488, 36.37208], [-95.12501, 36.37236], [-95.12476, 36.37246], [-95.1243, 36.3724], [-95.1239, 36.37183], [-95.12384, 36.37152], [-95.12437, 36.37121], [-95.12695, 36.37001], [-95.12721, 36.3702], [-95.12705, 36.36997], [-95.13361, 36.36692], [-95.13418, 36.36687], [-95.13462, 36.36713], [-95.13445, 36.3673], [-95.13391, 36.36744], [-95.13345, 36.36721], [-95.13394, 36.36819], [-95.13382, 36.36877]]], [[[-95.1196, 36.37047], [-95.1196, 36.37047], [-95.1196, 36.37047], [-95.1196, 36.37047]]], [[[-95.04821, 36.35971], [-95.04802, 36.36766], [-95.04187, 36.35973], [-95.04821, 36.35971]]], [[[-95.07911, 36.3893], [-95.0758, 36.38951], [-95.07584, 36.39008], [-95.07543, 36.39063], [-95.07381, 36.39078], [-95.07127, 36.39157], [-95.06684, 36.38779], [-95.06232, 36.38307], [-95.06277, 36.3814], [-95.06183, 36.3782], [-95.05961, 36.37532], [-95.05984, 36.37469], [-95.06329, 36.3746], [-95.0648, 36.37272], [-95.06814, 36.371], [-95.06844, 36.37042], [-95.06852, 36.36852], [-95.06915, 36.36812], [-95.07269, 36.36743], [-95.07347, 36.36628], [-95.07411, 36.36595], [-95.08167, 36.36634], [-95.08234, 36.36661], [-95.08313, 36.36758], [-95.08415, 36.37054], [-95.08505, 36.37154], [-95.09155, 36.3749], [-95.09376, 36.37665], [-95.09466, 36.37765], [-95.09816, 36.38346], [-95.09816, 36.3841], [-95.09568, 36.38567], [-95.08989, 36.38794], [-95.08753, 36.38833], [-95.08452, 36.38927], [-95.08283, 36.38933], [-95.08223, 36.38884], [-95.08144, 36.38869], [-95.07911, 36.3893]]], [[[-95.13081, 36.41241], [-95.12866, 36.4125], [-95.12865, 36.40872], [-95.1308, 36.40872], [-95.1308, 36.40621], [-95.13138, 36.40622], [-95.13229, 36.40874], [-95.13532, 36.40875], [-95.13536, 36.40758], [-95.13633, 36.40755], [-95.13671, 36.40868], [-95.13665, 36.41071], [-95.13765, 36.41074], [-95.13761, 36.41171], [-95.1342, 36.41171], [-95.13418, 36.41254], [-95.13224, 36.41252], [-95.13227, 36.41432], [-95.13014, 36.41433], [-95.13012, 36.41356], [-95.13081, 36.41357], [-95.13081, 36.41241]]]]}, "properties": {"class": "landcover", "buffer_m": 0.0, "area_km2": 167.44}}]}