{"type": "FeatureCollection", "features": [{"type": "Feature", "geometry": {"type": "MultiPolygon", "coordinates": [[[[-109.31425, 41.46644], [-109.31561, 41.46551], [-109.31754, 41.46503], [-109.31931, 41.4651], [-109.32127, 41.46587], [-109.32236, 41.46692], [-109.32359, 41.46932], [-109.32344, 41.47078], [-109.3223, 41.47225], [-109.3208, 41.47303], [-109.31884, 41.47332], [-109.31701, 41.47306], [-109.31546, 41.47228], [-109.31463, 41.47143], [-109.3134, 41.46917], [-109.31346, 41.46769], [-109.31425, 41.46644]]], [[[-109.3044, 41.53324], [-109.3058, 41.53412], [-109.30649, 41.53501], [-109.30695, 41.53874], [-109.30765, 41.53876], [-109.31026, 41.53701], [-109.31201, 41.53661], [-109.3149, 41.53694], [-109.31699, 41.53823], [-109.31822, 41.54118], [-109.31828, 41.54247], [-109.31775, 41.54378], [-109.31657, 41.54485], [-109.31655, 41.54592], [-109.31596, 41.54717], [-109.31907, 41.54663], [-109.32196, 41.54671], [-109.32426, 41.54571], [-109.32595, 41.54544], [-109.32758, 41.54408], [-109.32908, 41.54337], [-109.33143, 41.54302], [-109.33486, 41.54351], [-109.33643, 41.54421], [-109.33775, 41.54574], [-109.3379, 41.54776], [-109.33713, 41.549], [-109.3358, 41.54992], [-109.33195, 41.5512], [-109.33035, 41.55142], [-109.33044, 41.55273], [-109.32984, 41.55403], [-109.32898, 41.55483], [-109.32674, 41.55601], [-109.32419, 41.55652], [-109.32108, 41.556], [-109.31962, 41.55692], [-109.31538, 41.55807], [-109.31339, 41.55908], [-109.31005, 41.55939], [-109.31064, 41.56119], [-109.31018, 41.56301], [-109.31033, 41.56434], [-109.30982, 41.56565], [-109.30901, 41.56648], [-109.3075, 41.56725], [-109.30603, 41.56753], [-109.30466, 41.56749], [-109.30244, 41.56688], [-109.30225, 41.56822], [-109.30139, 41.56943], [-109.29909, 41.57062], [-109.29588, 41.57321], [-109.29382, 41.57396], [-109.29181, 41.57401], [-109.29012, 41.5735], [-109.28882, 41.57255], [-109.28811, 41.57131], [-109.28671, 41.56992], [-109.28636, 41.56858], [-109.28656, 41.56747], [-109.28804, 41.56461], [-109.28927, 41.56359], [-109.2917, 41.56265], [-109.29189, 41.56034], [-109.29346, 41.55869], [-109.29197, 41.55835], [-109.29084, 41.55775], [-109.2895, 41.55595], [-109.28946, 41.55458], [-109.28989, 41.55361], [-109.29182, 41.55211], [-109.29141, 41.55111], [-109.29145, 41.54996], [-109.2903, 41.5482], [-109.29034, 41.54682], [-109.29137, 41.5453], [-109.29325, 41.5443], [-109.29594, 41.54414], [-109.29804, 41.54495], [-109.2998, 41.54442], [-109.29846, 41.54272], [-109.29831, 41.54111], [-109.29669, 41.53988], [-109.29552, 41.53853], [-109.29516, 41.53718], [-109.29535, 41.53616], [-109.29694, 41.53438], [-109.29985, 41.53306], [-109.30221, 41.53281], [-109.3044, 41.53324]], [[-109.30519, 41.55333], [-109.30207, 41.55576], [-109.30039, 41.55631], [-109.29862, 41.55635], [-109.29808, 41.55714], [-109.30113, 41.55687], [-109.30324, 41.55753], [-109.30589, 41.55722], [-109.30521, 41.55425], [-109.30553, 41.55324], [-109.30635, 41.55224], [-109.306, 41.55219], [-109.30519, 41.55333]]], [[[-109.34943, 41.54827], [-109.34899, 41.54975], [-109.34794, 41.55087], [-109.34639, 41.5516], [-109.34459, 41.55184], [-109.34263, 41.5515], [-109.34115, 41.55071], [-109.34017, 41.54956], [-109.33986, 41.54821], [-109.3403, 41.54674], [-109.34135, 41.54562], [-109.34288, 41.54489], [-109.34467, 41.54465], [-109.34663, 41.54497], [-109.34813, 41.54576], [-109.34911, 41.54691], [-109.34943, 41.54827]]], [[[-109.28427, 41.57311], [-109.28635, 41.5738], [-109.28765, 41.57498], [-109.2898, 41.57622], [-109.29056, 41.57754], [-109.29192, 41.57839], [-109.29262, 41.57928], [-109.29287, 41.58132], [-109.29178, 41.58298], [-109.2899, 41.58401], [-109.28767, 41.58424], [-109.28574, 41.58376], [-109.28452, 41.58495], [-109.28292, 41.5856], [-109.27645, 41.58569], [-109.27662, 41.58835], [-109.27615, 41.58955], [-109.27643, 41.59059], [-109.27645, 41.59633], [-109.27591, 41.59865], [-109.27639, 41.59964], [-109.27645, 41.60084], [-109.27537, 41.60276], [-109.27505, 41.60454], [-109.27396, 41.60583], [-109.27246, 41.60662], [-109.27117, 41.60689], [-109.26938, 41.60685], [-109.26728, 41.60629], [-109.26532, 41.60697], [-109.26203, 41.60725], [-109.25627, 41.60701], [-109.255, 41.60662], [-109.25364, 41.60569], [-109.25175, 41.60603], [-109.2498, 41.6058], [-109.24827, 41.60654], [-109.24617, 41.60678], [-109.24358, 41.60615], [-109.24168, 41.60454], [-109.23963, 41.6061], [-109.24054, 41.60725], [-109.24081, 41.60826], [-109.24024, 41.61125], [-109.24305, 41.61255], [-109.2444, 41.61392], [-109.24493, 41.6175], [-109.24446, 41.61906], [-109.24456, 41.61992], [-109.24647, 41.62194], [-109.24724, 41.62029], [-109.24934, 41.619], [-109.25223, 41.6188], [-109.25451, 41.61958], [-109.2558, 41.62055], [-109.25639, 41.62148], [-109.25667, 41.62587], [-109.25878, 41.62598], [-109.26056, 41.62674], [-109.26326, 41.62682], [-109.26476, 41.62622], [-109.26611, 41.62606], [-109.2677, 41.6262], [-109.26894, 41.62662], [-109.27077, 41.62795], [-109.27182, 41.62982], [-109.27412, 41.63022], [-109.27606, 41.63165], [-109.27661, 41.63297], [-109.27659, 41.6369], [-109.28144, 41.63686], [-109.28319, 41.63726], [-109.28487, 41.6384], [-109.28624, 41.64053], [-109.28833, 41.64096], [-109.28974, 41.64183], [-109.29072, 41.64337], [-109.29072, 41.64491], [-109.29025, 41.64588], [-109.28924, 41.64684], [-109.28911, 41.64857], [-109.28806, 41.64993], [-109.28948, 41.65098], [-109.29023, 41.65241], [-109.29008, 41.65408], [-109.28913, 41.65537], [-109.28761, 41.65627], [-109.2858, 41.65665], [-109.28363, 41.6564], [-109.28182, 41.65547], [-109.27778, 41.65582], [-109.27653, 41.65667], [-109.27466, 41.65718], [-109.27284, 41.65713], [-109.27103, 41.65647], [-109.26927, 41.6577], [-109.26678, 41.65816], [-109.26669, 41.65995], [-109.26522, 41.66165], [-109.26319, 41.66241], [-109.26125, 41.66244], [-109.25916, 41.66173], [-109.25762, 41.66005], [-109.25742, 41.65796], [-109.25862, 41.65619], [-109.25817, 41.65463], [-109.25634, 41.65448], [-109.25473, 41.65384], [-109.25338, 41.65247], [-109.25302, 41.65088], [-109.25032, 41.65025], [-109.2493, 41.64956], [-109.24851, 41.64852], [-109.24702, 41.64974], [-109.24488, 41.65031], [-109.24296, 41.65018], [-109.24172, 41.64973], [-109.2405, 41.64884], [-109.23802, 41.64849], [-109.23687, 41.64939], [-109.23519, 41.64997], [-109.2333, 41.65001], [-109.23166, 41.64956], [-109.23162, 41.65075], [-109.23116, 41.65175], [-109.23301, 41.65216], [-109.2347, 41.6533], [-109.23546, 41.65491], [-109.2351, 41.65716], [-109.23679, 41.65812], [-109.23778, 41.65966], [-109.23786, 41.66102], [-109.23754, 41.66202], [-109.23582, 41.66361], [-109.23325, 41.66421], [-109.23154, 41.66491], [-109.22993, 41.66507], [-109.22814, 41.66478], [-109.22607, 41.66349], [-109.22573, 41.66358], [-109.22411, 41.66421], [-109.22374, 41.66621], [-109.22302, 41.66747], [-109.22199, 41.66831], [-109.22037, 41.66894], [-109.21731, 41.66918], [-109.21389, 41.66872], [-109.21268, 41.66829], [-109.2099, 41.66944], [-109.2063, 41.66941], [-109.20602, 41.67098], [-109.20505, 41.67214], [-109.20397, 41.67278], [-109.20202, 41.67337], [-109.20079, 41.67422], [-109.19923, 41.67468], [-109.19555, 41.67512], [-109.19165, 41.67456], [-109.18966, 41.67567], [-109.18721, 41.67599], [-109.18471, 41.67535], [-109.18203, 41.6753], [-109.17959, 41.67426], [-109.17815, 41.67293], [-109.17772, 41.67124], [-109.1782, 41.66984], [-109.17967, 41.66853], [-109.1859, 41.66672], [-109.18821, 41.66568], [-109.19004, 41.66553], [-109.19256, 41.66588], [-109.1938, 41.66486], [-109.19555, 41.66426], [-109.19788, 41.66427], [-109.19979, 41.66504], [-109.20052, 41.66509], [-109.20048, 41.6632], [-109.20149, 41.66179], [-109.20196, 41.66017], [-109.20306, 41.65907], [-109.20464, 41.65837], [-109.20611, 41.65816], [-109.20844, 41.65814], [-109.21033, 41.65863], [-109.21165, 41.65688], [-109.21315, 41.65595], [-109.21635, 41.65506], [-109.22056, 41.65483], [-109.22114, 41.65383], [-109.22259, 41.65268], [-109.22139, 41.65162], [-109.22073, 41.65035], [-109.22077, 41.64877], [-109.22151, 41.64751], [-109.22284, 41.64656], [-109.22501, 41.64602], [-109.22687, 41.64619], [-109.22942, 41.64701], [-109.22967, 41.6453], [-109.23103, 41.64384], [-109.23014, 41.64202], [-109.23032, 41.63931], [-109.23076, 41.63799], [-109.23182, 41.63691], [-109.23166, 41.63633], [-109.22992, 41.63593], [-109.22851, 41.63506], [-109.22765, 41.63385], [-109.22749, 41.63228], [-109.2253, 41.63137], [-109.22449, 41.63234], [-109.2223, 41.63378], [-109.22064, 41.63435], [-109.21928, 41.63445], [-109.21752, 41.63411], [-109.2163, 41.6335], [-109.21522, 41.63239], [-109.21483, 41.6314], [-109.21494, 41.63003], [-109.216, 41.62842], [-109.21729, 41.62745], [-109.21956, 41.6266], [-109.21878, 41.62492], [-109.21868, 41.62111], [-109.21776, 41.61986], [-109.21757, 41.61846], [-109.21834, 41.61684], [-109.22064, 41.61544], [-109.22128, 41.61435], [-109.22256, 41.61338], [-109.22273, 41.61266], [-109.22203, 41.6111], [-109.22204, 41.60973], [-109.22274, 41.60847], [-109.22413, 41.60741], [-109.22359, 41.60654], [-109.22339, 41.60535], [-109.22019, 41.60635], [-109.21752, 41.60604], [-109.21639, 41.60547], [-109.21516, 41.60438], [-109.21448, 41.60329], [-109.21429, 41.60224], [-109.21023, 41.60339], [-109.20804, 41.60314], [-109.20667, 41.60363], [-109.20526, 41.60378], [-109.20393, 41.60362], [-109.20253, 41.60308], [-109.20073, 41.6036], [-109.19686, 41.60374], [-109.1949, 41.60416], [-109.19302, 41.60406], [-109.19176, 41.60364], [-109.19045, 41.60269], [-109.18971, 41.60144], [-109.18943, 41.59982], [-109.18759, 41.59929], [-109.186, 41.59805], [-109.18273, 41.59822], [-109.18097, 41.59783], [-109.17942, 41.59685], [-109.17856, 41.59564], [-109.17845, 41.59394], [-109.17916, 41.59267], [-109.18051, 41.59166], [-109.18219, 41.59114], [-109.18613, 41.59124], [-109.18775, 41.59188], [-109.18876, 41.59274], [-109.19018, 41.59204], [-109.19218, 41.59175], [-109.19353, 41.59189], [-109.19511, 41.59251], [-109.19855, 41.59291], [-109.19443, 41.59137], [-109.19324, 41.59014], [-109.19232, 41.58828], [-109.1895, 41.58829], [-109.18744, 41.58739], [-109.18627, 41.58601], [-109.18603, 41.58429], [-109.18668, 41.5829], [-109.18827, 41.58168], [-109.19054, 41.58109], [-109.1929, 41.58124], [-109.19339, 41.57957], [-109.19485, 41.57829], [-109.19437, 41.57687], [-109.19487, 41.57513], [-109.19707, 41.5728], [-109.19912, 41.5719], [-109.19955, 41.57079], [-109.20122, 41.5689], [-109.20226, 41.56698], [-109.20452, 41.56585], [-109.20784, 41.56563], [-109.20848, 41.56449], [-109.20952, 41.56364], [-109.2109, 41.56126], [-109.21228, 41.56035], [-109.21401, 41.5599], [-109.21638, 41.56011], [-109.21857, 41.56105], [-109.21939, 41.56188], [-109.21994, 41.5632], [-109.21951, 41.56555], [-109.22122, 41.56544], [-109.22327, 41.56593], [-109.22474, 41.56692], [-109.22548, 41.56804], [-109.22888, 41.56731], [-109.23055, 41.56521], [-109.23306, 41.56416], [-109.239, 41.56327], [-109.24096, 41.56348], [-109.24235, 41.56393], [-109.24367, 41.56394], [-109.24833, 41.56244], [-109.25015, 41.56249], [-109.25165, 41.56298], [-109.25386, 41.56219], [-109.25577, 41.56187], [-109.25759, 41.56198], [-109.26146, 41.56159], [-109.2631, 41.56172], [-109.26523, 41.56061], [-109.26978, 41.55952], [-109.27184, 41.55821], [-109.27435, 41.55749], [-109.27617, 41.55735], [-109.27751, 41.55759], [-109.27903, 41.55836], [-109.27985, 41.55919], [-109.28044, 41.56048], [-109.28051, 41.56151], [-109.28003, 41.56275], [-109.28097, 41.56402], [-109.28125, 41.56557], [-109.28051, 41.56718], [-109.27864, 41.56889], [-109.27881, 41.5697], [-109.28027, 41.57037], [-109.28114, 41.57117], [-109.28184, 41.57327], [-109.28427, 41.57311]], [[-109.26282, 41.57199], [-109.26587, 41.56956], [-109.26702, 41.56901], [-109.26752, 41.56772], [-109.26552, 41.56895], [-109.26373, 41.56944], [-109.25957, 41.56971], [-109.25771, 41.56945], [-109.25652, 41.57076], [-109.25911, 41.57088], [-109.26091, 41.57137], [-109.26265, 41.57225], [-109.26282, 41.57199]], [[-109.24256, 41.58478], [-109.2418, 41.58447], [-109.24124, 41.58413], [-109.24121, 41.58443], [-109.2426, 41.58556], [-109.24256, 41.58478]]], [[[-109.28603, 41.60042], [-109.28434, 41.5999], [-109.28291, 41.59883], [-109.28222, 41.59759], [-109.28225, 41.59595], [-109.28293, 41.59478], [-109.2844, 41.5937], [-109.2861, 41.5932], [-109.28826, 41.59325], [-109.28991, 41.59383], [-109.29114, 41.59481], [-109.29186, 41.59621], [-109.2918, 41.59767], [-109.29104, 41.59892], [-109.28969, 41.5999], [-109.28772, 41.60046], [-109.28603, 41.60042]]], [[[-109.28847, 41.69276], [-109.28916, 41.69121], [-109.29036, 41.69023], [-109.29217, 41.68961], [-109.29376, 41.68955], [-109.29552, 41.68997], [-109.29694, 41.69087], [-109.29776, 41.69201], [-109.29795, 41.69357], [-109.2974, 41.69482], [-109.29627, 41.69585], [-109.29448, 41.69655], [-109.29266, 41.69665], [-109.29089, 41.69622], [-109.28966, 41.69549], [-109.28869, 41.69425], [-109.28847, 41.69276]]], [[[-109.24615, 41.61336], [-109.24649, 41.61199], [-109.24751, 41.61084], [-109.24905, 41.61007], [-109.25091, 41.60979], [-109.25269, 41.61005], [-109.2542, 41.61081], [-109.25522, 41.61193], [-109.2556, 41.61331], [-109.25525, 41.61467], [-109.25423, 41.61582], [-109.2527, 41.61659], [-109.25085, 41.61686], [-109.24907, 41.6166], [-109.24756, 41.61585], [-109.24654, 41.61473], [-109.24615, 41.61336]]], [[[-109.21755, 41.67123], [-109.21974, 41.67079], [-109.22226, 41.67118], [-109.22427, 41.67225], [-109.22538, 41.67375], [-109.22541, 41.67546], [-109.22462, 41.67679], [-109.22328, 41.67773], [-109.22014, 41.67878], [-109.2183, 41.67883], [-109.21629, 41.67832], [-109.21495, 41.67739], [-109.21419, 41.67614], [-109.21412, 41.67477], [-109.21455, 41.67368], [-109.21646, 41.67186], [-109.21755, 41.67123]]], [[[-109.21854, 41.68791], [-109.22126, 41.68784], [-109.22408, 41.68904], [-109.22529, 41.69088], [-109.22492, 41.69291], [-109.22379, 41.69411], [-109.22222, 41.69482], [-109.21949, 41.69494], [-109.2167, 41.69584], [-109.21404, 41.69556], [-109.21258, 41.69477], [-109.21157, 41.69355], [-109.21128, 41.69219], [-109.2117, 41.69085], [-109.21245, 41.68999], [-109.21416, 41.68896], [-109.21545, 41.68861], [-109.217, 41.68858], [-109.21854, 41.68791]]], [[[-109.21596, 41.54254], [-109.21484, 41.54142], [-109.21438, 41.54009], [-109.21464, 41.53873], [-109.21557, 41.53755], [-109.21706, 41.53672], [-109.21881, 41.53638], [-109.22061, 41.53657], [-109.22218, 41.53726], [-109.22329, 41.53837], [-109.22376, 41.5397], [-109.22351, 41.54106], [-109.22258, 41.54224], [-109.2211, 41.54308], [-109.21934, 41.54342], [-109.21753, 41.54323], [-109.21596, 41.54254]]], [[[-109.19537, 41.69913], [-109.19719, 41.70016], [-109.19803, 41.70138], [-109.19811, 41.70309], [-109.19732, 41.70447], [-109.195, 41.70672], [-109.19345, 41.70748], [-109.19053, 41.7078], [-109.18817, 41.70717], [-109.18688, 41.7062], [-109.18591, 41.70456], [-109.18592, 41.70303], [-109.1869, 41.70113], [-109.18859, 41.69998], [-109.19205, 41.69893], [-109.19387, 41.69881], [-109.19537, 41.69913]]], [[[-109.12737, 41.54295], [-109.12621, 41.54168], [-109.12572, 41.54036], [-109.12611, 41.53867], [-109.12717, 41.53755], [-109.13033, 41.53597], [-109.13203, 41.53548], [-109.13429, 41.53561], [-109.1362, 41.53652], [-109.13736, 41.53779], [-109.13785, 41.53911], [-109.13762, 41.54048], [-109.13641, 41.54192], [-109.13324, 41.5435], [-109.13154, 41.54399], [-109.12928, 41.54386], [-109.12737, 41.54295]]], [[[-109.07706, 41.5986], [-109.07675, 41.59991], [-109.07594, 41.60103], [-109.07649, 41.60267], [-109.07611, 41.60435], [-109.07471, 41.6057], [-109.07253, 41.60643], [-109.06967, 41.60617], [-109.06773, 41.60497], [-109.06178, 41.60321], [-109.0603, 41.60222], [-109.05939, 41.60066], [-109.05945, 41.59928], [-109.05995, 41.59832], [-109.06244, 41.59642], [-109.06487, 41.59581], [-109.06817, 41.59614], [-109.06949, 41.59533], [-109.07083, 41.59497], [-109.07339, 41.5951], [-109.07542, 41.59586], [-109.07674, 41.59725], [-109.07706, 41.5986]]], [[[-109.18543, 41.60206], [-109.18506, 41.60348], [-109.18405, 41.60463], [-109.18254, 41.6054], [-109.18075, 41.60567], [-109.17876, 41.60537], [-109.17724, 41.60461], [-109.17622, 41.60346], [-109.17586, 41.60211], [-109.17625, 41.60069], [-109.17727, 41.59956], [-109.17878, 41.5988], [-109.18056, 41.59853], [-109.18254, 41.59884], [-109.18405, 41.59959], [-109.18507, 41.60072], [-109.18543, 41.60206]]], [[[-109.15556, 41.65853], [-109.15487, 41.65727], [-109.15488, 41.65572], [-109.15558, 41.65446], [-109.15688, 41.65349], [-109.15857, 41.65298], [-109.16051, 41.65298], [-109.16237, 41.65358], [-109.16365, 41.65455], [-109.16434, 41.65582], [-109.16433, 41.65726], [-109.16362, 41.65853], [-109.16233, 41.65949], [-109.16047, 41.66005], [-109.15852, 41.66004], [-109.15684, 41.65951], [-109.15556, 41.65853]]], [[[-108.97485, 41.66681], [-108.97309, 41.66751], [-108.97127, 41.66764], [-108.96951, 41.66724], [-108.9681, 41.66637], [-108.9672, 41.66508], [-108.96702, 41.66373], [-108.96755, 41.66242], [-108.9687, 41.66137], [-108.97045, 41.66067], [-108.97226, 41.66053], [-108.97401, 41.66092], [-108.97543, 41.66179], [-108.97634, 41.66307], [-108.97653, 41.66443], [-108.97601, 41.66575], [-108.97485, 41.66681]]], [[[-108.94465, 41.66975], [-108.94465, 41.67126], [-108.94395, 41.67253], [-108.94266, 41.6735], [-108.94097, 41.67402], [-108.93906, 41.67402], [-108.93737, 41.6735], [-108.93608, 41.67253], [-108.93538, 41.67126], [-108.93538, 41.66975], [-108.93608, 41.66849], [-108.93737, 41.66752], [-108.93906, 41.66699], [-108.94097, 41.66699], [-108.94266, 41.66752], [-108.94395, 41.66849], [-108.94465, 41.66975]]], [[[-108.9228, 41.67202], [-108.92455, 41.67177], [-108.92601, 41.67192], [-108.92876, 41.67279], [-108.92986, 41.6734], [-108.93068, 41.67423], [-108.93121, 41.67554], [-108.93114, 41.67663], [-108.93044, 41.67822], [-108.92923, 41.67925], [-108.92759, 41.67985], [-108.92622, 41.67997], [-108.92238, 41.67961], [-108.92025, 41.68095], [-108.9185, 41.68135], [-108.91704, 41.6813], [-108.91534, 41.68077], [-108.91405, 41.67981], [-108.91312, 41.67825], [-108.91304, 41.67688], [-108.91372, 41.6754], [-108.91665, 41.67309], [-108.91794, 41.67245], [-108.92051, 41.67183], [-108.9228, 41.67202]]]]}, "properties": {"class": "structures", "buffer_m": 390.0, "area_km2": 81.93}}, {"type": "Feature", "geometry": {"type": "Polygon", "coordinates": [[[-109.27012, 41.342], [-109.27813, 41.36605], [-109.27886, 41.36757], [-109.28031, 41.36907], [-109.28479, 41.3715], [-109.28885, 41.37413], [-109.29382, 41.37485], [-109.29679, 41.37412], [-109.29865, 41.3741], [-109.30062, 41.37465], [-109.30217, 41.37547], [-109.30403, 41.37324], [-109.3052, 41.37245], [-109.3078, 41.37179], [-109.31005, 41.37191], [-109.31122, 41.37161], [-109.31398, 41.3705], [-109.31689, 41.36799], [-109.31839, 41.36738], [-109.32048, 41.36699], [-109.32483, 41.36952], [-109.32394, 41.37008], [-109.32698, 41.37233], [-109.32871, 41.37218], [-109.34048, 41.38054], [-109.34184, 41.38218], [-109.34383, 41.38291], [-109.34561, 41.38418], [-109.34901, 41.38784], [-109.35427, 41.39146], [-109.35949, 41.39596], [-109.35912, 41.40082], [-109.35933, 41.40328], [-109.35995, 41.40487], [-109.35959, 41.40596], [-109.35858, 41.40726], [-109.36138, 41.40969], [-109.36323, 41.41051], [-109.36382, 41.41133], [-109.36405, 41.41272], [-109.36353, 41.41394], [-109.36113, 41.41553], [-109.35998, 41.41599], [-109.35649, 41.41976], [-109.35326, 41.4223], [-109.35212, 41.42583], [-109.34857, 41.42882], [-109.34755, 41.43111], [-109.34521, 41.43267], [-109.34221, 41.43564], [-109.33911, 41.4376], [-109.33975, 41.4384], [-109.34021, 41.43979], [-109.33844, 41.44703], [-109.33747, 41.4489], [-109.33568, 41.4512], [-109.33219, 41.45315], [-109.33184, 41.45359], [-109.33186, 41.45652], [-109.33301, 41.46021], [-109.33246, 41.4626], [-109.33148, 41.46403], [-109.32842, 41.46703], [-109.32741, 41.4703], [-109.32645, 41.47164], [-109.32517, 41.47254], [-109.32173, 41.47401], [-109.31915, 41.47688], [-109.31276, 41.48105], [-109.30959, 41.48599], [-109.31104, 41.48917], [-109.31452, 41.48863], [-109.3173, 41.48679], [-109.32615, 41.48255], [-109.32755, 41.48156], [-109.33001, 41.48118], [-109.33331, 41.48137], [-109.33373, 41.48025], [-109.33643, 41.4783], [-109.33688, 41.47726], [-109.33387, 41.47594], [-109.33325, 41.4749], [-109.33331, 41.47384], [-109.33422, 41.47271], [-109.33639, 41.47166], [-109.33765, 41.47164], [-109.33973, 41.47216], [-109.34197, 41.47182], [-109.34424, 41.47193], [-109.3457, 41.47243], [-109.34673, 41.47331], [-109.34961, 41.47325], [-109.3509, 41.47357], [-109.35346, 41.47344], [-109.35497, 41.47376], [-109.35607, 41.47325], [-109.36011, 41.47239], [-109.36155, 41.4728], [-109.36269, 41.47353], [-109.36424, 41.47357], [-109.36555, 41.4742], [-109.37058, 41.47265], [-109.3726, 41.47296], [-109.37377, 41.47388], [-109.37708, 41.47288], [-109.37837, 41.47285], [-109.37928, 41.47312], [-109.38079, 41.47238], [-109.38316, 41.47216], [-109.3845, 41.47131], [-109.38632, 41.47106], [-109.38783, 41.47145], [-109.3886, 41.47196], [-109.39005, 41.47431], [-109.39169, 41.47527], [-109.39437, 41.47867], [-109.39467, 41.47944], [-109.39554, 41.47996], [-109.40164, 41.47915], [-109.40399, 41.47914], [-109.40814, 41.48082], [-109.40901, 41.48178], [-109.40933, 41.48317], [-109.41075, 41.48511], [-109.41191, 41.48534], [-109.41269, 41.48584], [-109.41329, 41.48668], [-109.41337, 41.48748], [-109.41713, 41.48886], [-109.41851, 41.49031], [-109.41863, 41.4911], [-109.41823, 41.49222], [-109.41718, 41.49315], [-109.41609, 41.49356], [-109.41516, 41.4956], [-109.41512, 41.49711], [-109.41567, 41.49739], [-109.41854, 41.49764], [-109.41984, 41.49683], [-109.42075, 41.49574], [-109.42369, 41.49427], [-109.42496, 41.4984], [-109.4211, 41.5012], [-109.41917, 41.5018], [-109.41799, 41.50183], [-109.41587, 41.50127], [-109.41413, 41.5013], [-109.41116, 41.49996], [-109.41027, 41.4991], [-109.40997, 41.49797], [-109.40995, 41.49532], [-109.41079, 41.49356], [-109.41079, 41.49206], [-109.40905, 41.49255], [-109.40745, 41.4925], [-109.40638, 41.49209], [-109.4053, 41.49111], [-109.40505, 41.48931], [-109.4063, 41.48813], [-109.40548, 41.48577], [-109.40445, 41.48475], [-109.40422, 41.48362], [-109.40242, 41.48301], [-109.3954, 41.48391], [-109.39104, 41.4827], [-109.38975, 41.48171], [-109.38889, 41.4792], [-109.38774, 41.47814], [-109.3857, 41.47717], [-109.38499, 41.47621], [-109.38387, 41.47631], [-109.38265, 41.47605], [-109.38002, 41.47755], [-109.37875, 41.47789], [-109.37755, 41.47779], [-109.37642, 41.47728], [-109.37481, 41.47773], [-109.37259, 41.47889], [-109.37156, 41.47906], [-109.36962, 41.47872], [-109.36818, 41.47758], [-109.36618, 41.47812], [-109.36296, 41.47833], [-109.36136, 41.47741], [-109.36006, 41.47719], [-109.35916, 41.47666], [-109.35509, 41.47787], [-109.35289, 41.4773], [-109.35077, 41.47747], [-109.34917, 41.47723], [-109.34817, 41.47764], [-109.34719, 41.47771], [-109.34471, 41.47711], [-109.34257, 41.4757], [-109.3418, 41.47589], [-109.34221, 41.4776], [-109.34207, 41.47847], [-109.34122, 41.48006], [-109.3396, 41.48147], [-109.34015, 41.48341], [-109.33955, 41.48473], [-109.34062, 41.48694], [-109.34005, 41.4902], [-109.34126, 41.4925], [-109.34215, 41.49354], [-109.34269, 41.49599], [-109.34455, 41.49485], [-109.34627, 41.49456], [-109.34802, 41.49524], [-109.34872, 41.4964], [-109.34844, 41.49777], [-109.34545, 41.50011], [-109.34518, 41.50129], [-109.34436, 41.50213], [-109.34148, 41.50373], [-109.34027, 41.50403], [-109.33879, 41.50376], [-109.3375, 41.50269], [-109.33726, 41.50178], [-109.33777, 41.50014], [-109.33784, 41.49775], [-109.3372, 41.49499], [-109.3363, 41.49414], [-109.33613, 41.49312], [-109.33492, 41.49063], [-109.33534, 41.48712], [-109.3343, 41.48516], [-109.3321, 41.48533], [-109.33014, 41.48505], [-109.32036, 41.4899], [-109.31875, 41.49083], [-109.31743, 41.49214], [-109.31634, 41.49246], [-109.31324, 41.49267], [-109.31132, 41.4933], [-109.31094, 41.49469], [-109.30978, 41.49682], [-109.30857, 41.49797], [-109.30811, 41.50031], [-109.3085, 41.50295], [-109.30818, 41.50488], [-109.29802, 41.52856], [-109.29771, 41.53117], [-109.29804, 41.53272], [-109.29907, 41.53462], [-109.30271, 41.53831], [-109.30484, 41.54106], [-109.3062, 41.54512], [-109.30971, 41.54536], [-109.31069, 41.54584], [-109.31146, 41.54666], [-109.31178, 41.54794], [-109.31125, 41.54912], [-109.31012, 41.54994], [-109.30834, 41.5503], [-109.3101, 41.55282], [-109.3124, 41.55195], [-109.31247, 41.55043], [-109.31378, 41.54933], [-109.31933, 41.54809], [-109.32113, 41.54835], [-109.32217, 41.54911], [-109.32339, 41.54877], [-109.32787, 41.547], [-109.32844, 41.54614], [-109.32939, 41.54559], [-109.33132, 41.54499], [-109.33419, 41.54485], [-109.33932, 41.54328], [-109.34456, 41.54113], [-109.3463, 41.54108], [-109.37126, 41.53114], [-109.37346, 41.53049], [-109.37783, 41.53015], [-109.38454, 41.53097], [-109.38704, 41.53094], [-109.38934, 41.53036], [-109.39426, 41.52776], [-109.39711, 41.52674], [-109.40769, 41.52499], [-109.41138, 41.52477], [-109.4144, 41.52486], [-109.42448, 41.52593], [-109.42729, 41.52582], [-109.42977, 41.52532], [-109.42995, 41.52966], [-109.42462, 41.53026], [-109.41243, 41.52946], [-109.40926, 41.52955], [-109.3987, 41.5313], [-109.3965, 41.53208], [-109.39226, 41.53413], [-109.38926, 41.53494], [-109.38567, 41.53514], [-109.3775, 41.53419], [-109.37399, 41.53465], [-109.34943, 41.54442], [-109.34976, 41.5456], [-109.34951, 41.54667], [-109.34771, 41.54884], [-109.34737, 41.55021], [-109.34651, 41.55089], [-109.34457, 41.55115], [-109.34296, 41.5503], [-109.34256, 41.54941], [-109.3426, 41.54816], [-109.34336, 41.54677], [-109.33168, 41.5505], [-109.32507, 41.55334], [-109.32404, 41.55447], [-109.31941, 41.55642], [-109.31234, 41.5604], [-109.30861, 41.56154], [-109.30791, 41.56343], [-109.30691, 41.56422], [-109.30373, 41.56545], [-109.30226, 41.56536], [-109.30042, 41.56441], [-109.29817, 41.56539], [-109.29961, 41.56711], [-109.29987, 41.56784], [-109.29951, 41.56893], [-109.29864, 41.5696], [-109.29744, 41.56988], [-109.29643, 41.56977], [-109.29561, 41.5705], [-109.29469, 41.57082], [-109.2922, 41.57091], [-109.29064, 41.57059], [-109.28951, 41.56951], [-109.28058, 41.57284], [-109.27835, 41.57438], [-109.27547, 41.57484], [-109.27581, 41.57568], [-109.2757, 41.57713], [-109.28992, 41.57776], [-109.29403, 41.57818], [-109.29623, 41.57946], [-109.29736, 41.58049], [-109.29785, 41.58135], [-109.29793, 41.58265], [-109.30583, 41.58415], [-109.30687, 41.58498], [-109.30724, 41.58613], [-109.30824, 41.58685], [-109.3098, 41.5869], [-109.31103, 41.58751], [-109.31154, 41.58817], [-109.31196, 41.58994], [-109.31352, 41.59055], [-109.31492, 41.58761], [-109.31626, 41.5862], [-109.31684, 41.58468], [-109.31931, 41.58163], [-109.31978, 41.57966], [-109.3207, 41.57873], [-109.32571, 41.57652], [-109.32982, 41.57551], [-109.33347, 41.57546], [-109.3393, 41.57162], [-109.34055, 41.5711], [-109.35333, 41.56702], [-109.36478, 41.56461], [-109.36799, 41.5605], [-109.36954, 41.55922], [-109.37836, 41.55656], [-109.38728, 41.55284], [-109.39505, 41.55146], [-109.39887, 41.55128], [-109.4003, 41.55151], [-109.40209, 41.55109], [-109.40821, 41.55092], [-109.40929, 41.55064], [-109.41302, 41.54877], [-109.42107, 41.54711], [-109.42401, 41.54709], [-109.43039, 41.54779], [-109.43005, 41.55164], [-109.42806, 41.55158], [-109.42553, 41.55109], [-109.42171, 41.55098], [-109.41492, 41.55237], [-109.41194, 41.554], [-109.40946, 41.55467], [-109.40697, 41.55498], [-109.40279, 41.55495], [-109.40069, 41.55541], [-109.39849, 41.55518], [-109.39563, 41.5553], [-109.38925, 41.55641], [-109.38047, 41.56008], [-109.37249, 41.5624], [-109.36925, 41.56657], [-109.36724, 41.56802], [-109.35503, 41.57066], [-109.34242, 41.57472], [-109.33569, 41.579], [-109.33444, 41.57931], [-109.33078, 41.57933], [-109.32753, 41.58014], [-109.32458, 41.5815], [-109.324, 41.58334], [-109.32151, 41.58631], [-109.32078, 41.58808], [-109.31953, 41.58934], [-109.31385, 41.6005], [-109.31271, 41.60149], [-109.31033, 41.60494], [-109.30827, 41.60663], [-109.30771, 41.60764], [-109.30541, 41.61551], [-109.30531, 41.61786], [-109.30585, 41.62035], [-109.30914, 41.6297], [-109.31053, 41.63191], [-109.30974, 41.638], [-109.30926, 41.63881], [-109.30817, 41.63959], [-109.30429, 41.6407], [-109.30281, 41.64138], [-109.3001, 41.64617], [-109.2983, 41.64749], [-109.29874, 41.64925], [-109.29898, 41.65315], [-109.29795, 41.65513], [-109.29601, 41.65694], [-109.29597, 41.66075], [-109.29635, 41.66434], [-109.29818, 41.6664], [-109.29862, 41.66883], [-109.30072, 41.67085], [-109.30212, 41.67462], [-109.30258, 41.68151], [-109.30344, 41.68286], [-109.30435, 41.68716], [-109.30555, 41.68928], [-109.30764, 41.69167], [-109.30906, 41.69409], [-109.31182, 41.70244], [-109.31306, 41.70472], [-109.31454, 41.71021], [-109.31441, 41.71125], [-109.31491, 41.7142], [-109.31589, 41.71604], [-109.31615, 41.71729], [-109.31674, 41.71779], [-109.31253, 41.72006], [-109.31125, 41.71868], [-109.31093, 41.71721], [-109.30987, 41.71505], [-109.3093, 41.71189], [-109.30937, 41.71042], [-109.3081, 41.70586], [-109.30686, 41.70352], [-109.30413, 41.69522], [-109.30094, 41.69103], [-109.29938, 41.6882], [-109.29842, 41.68387], [-109.2975, 41.68226], [-109.29702, 41.67527], [-109.29598, 41.67248], [-109.295, 41.67175], [-109.29364, 41.66995], [-109.29333, 41.66779], [-109.29131, 41.66545], [-109.29082, 41.66088], [-109.29098, 41.65573], [-109.29144, 41.65488], [-109.29339, 41.65327], [-109.29389, 41.65231], [-109.29315, 41.64787], [-109.29358, 41.64573], [-109.29574, 41.64403], [-109.2978, 41.64016], [-109.29905, 41.63871], [-109.30196, 41.63726], [-109.30477, 41.63645], [-109.30537, 41.63261], [-109.30423, 41.6309], [-109.30081, 41.62115], [-109.30016, 41.61803], [-109.30029, 41.6151], [-109.3033, 41.60543], [-109.30409, 41.60438], [-109.30604, 41.60277], [-109.30848, 41.59924], [-109.30933, 41.59857], [-109.31144, 41.59411], [-109.30835, 41.59286], [-109.30629, 41.59301], [-109.30482, 41.59252], [-109.30398, 41.59149], [-109.30342, 41.58897], [-109.30237, 41.58785], [-109.30114, 41.58718], [-109.2979, 41.58673], [-109.29445, 41.58571], [-109.29313, 41.58449], [-109.2928, 41.58239], [-109.29194, 41.58185], [-109.28368, 41.58141], [-109.28315, 41.58295], [-109.28185, 41.58378], [-109.27413, 41.58374], [-109.27389, 41.58395], [-109.27387, 41.58673], [-109.27448, 41.58823], [-109.27473, 41.59688], [-109.27456, 41.60444], [-109.27393, 41.60552], [-109.27314, 41.60598], [-109.27199, 41.60617], [-109.25468, 41.60568], [-109.25454, 41.60892], [-109.25376, 41.6123], [-109.25441, 41.61538], [-109.2551, 41.6278], [-109.25698, 41.62736], [-109.25875, 41.62785], [-109.25994, 41.62789], [-109.26098, 41.62753], [-109.26261, 41.62745], [-109.26474, 41.62831], [-109.26635, 41.62813], [-109.26755, 41.62839], [-109.26856, 41.62922], [-109.26869, 41.63063], [-109.26941, 41.63112], [-109.27261, 41.6312], [-109.27366, 41.6316], [-109.27429, 41.63218], [-109.27469, 41.63321], [-109.27468, 41.63837], [-109.28095, 41.6383], [-109.28239, 41.63863], [-109.28316, 41.63911], [-109.28372, 41.63993], [-109.28378, 41.64245], [-109.28666, 41.64272], [-109.28759, 41.64334], [-109.28799, 41.64404], [-109.28793, 41.64498], [-109.28747, 41.64564], [-109.28583, 41.64665], [-109.28427, 41.64688], [-109.28399, 41.64822], [-109.28185, 41.65016], [-109.28278, 41.65091], [-109.28308, 41.65182], [-109.28276, 41.65273], [-109.28192, 41.65342], [-109.28073, 41.65373], [-109.27471, 41.6537], [-109.27373, 41.65464], [-109.27229, 41.65496], [-109.27066, 41.65452], [-109.26982, 41.65354], [-109.26971, 41.65523], [-109.26881, 41.65625], [-109.26743, 41.65668], [-109.26466, 41.65671], [-109.26663, 41.66002], [-109.26829, 41.66024], [-109.26937, 41.66101], [-109.27077, 41.66096], [-109.27183, 41.66122], [-109.27342, 41.66247], [-109.27375, 41.66398], [-109.27315, 41.66519], [-109.27177, 41.66598], [-109.27017, 41.6661], [-109.27526, 41.67534], [-109.27636, 41.67577], [-109.27706, 41.67655], [-109.27722, 41.67729], [-109.27691, 41.67813], [-109.27782, 41.67812], [-109.27874, 41.67688], [-109.28051, 41.67639], [-109.28704, 41.67644], [-109.28834, 41.67693], [-109.28901, 41.67769], [-109.28912, 41.68063], [-109.28783, 41.6825], [-109.28693, 41.68317], [-109.28597, 41.68342], [-109.28343, 41.6834], [-109.28228, 41.68298], [-109.28135, 41.68198], [-109.27874, 41.68198], [-109.28114, 41.68651], [-109.28719, 41.68657], [-109.28874, 41.68716], [-109.28935, 41.68798], [-109.28938, 41.68892], [-109.28863, 41.68989], [-109.28726, 41.69039], [-109.28771, 41.69149], [-109.28954, 41.69132], [-109.29052, 41.69149], [-109.29134, 41.69192], [-109.29195, 41.69274], [-109.29197, 41.69368], [-109.29156, 41.69437], [-109.29061, 41.69498], [-109.28927, 41.69529], [-109.29033, 41.69776], [-109.29021, 41.69888], [-109.28928, 41.69976], [-109.28778, 41.7001], [-109.29921, 41.72716], [-109.29479, 41.72952], [-109.29359, 41.72667], [-109.27891, 41.72832], [-109.28293, 41.73209], [-109.28566, 41.73367], [-109.28075, 41.73577], [-109.27754, 41.73344], [-109.27316, 41.72895], [-109.26456, 41.72904], [-109.24441, 41.73065], [-109.24307, 41.73192], [-109.24109, 41.73794], [-109.2412, 41.74263], [-109.2433, 41.74964], [-109.23852, 41.75112], [-109.23754, 41.7486], [-109.23707, 41.74591], [-109.23605, 41.74284], [-109.23593, 41.73764], [-109.23765, 41.73207], [-109.22472, 41.73036], [-109.22219, 41.73023], [-109.22034, 41.73033], [-109.2115, 41.7319], [-109.20723, 41.73129], [-109.19429, 41.73064], [-109.19208, 41.73102], [-109.19086, 41.73168], [-109.18869, 41.73187], [-109.18421, 41.7329], [-109.18273, 41.73295], [-109.1774, 41.73458], [-109.17489, 41.73496], [-109.16233, 41.73473], [-109.14709, 41.73558], [-109.13508, 41.74032], [-109.11682, 41.74631], [-109.0747, 41.75441], [-109.07008, 41.756], [-109.06357, 41.75711], [-109.05326, 41.75815], [-109.03752, 41.75491], [-109.0272, 41.75195], [-109.02887, 41.75153], [-109.03312, 41.75147], [-109.0346, 41.75197], [-109.03672, 41.75349], [-109.03999, 41.75408], [-109.04344, 41.75529], [-109.04855, 41.75553], [-109.0497, 41.7553], [-109.05138, 41.75451], [-109.05373, 41.75406], [-109.06628, 41.75278], [-109.07454, 41.75044], [-109.07467, 41.74945], [-109.07586, 41.7468], [-109.07608, 41.74421], [-109.07327, 41.73702], [-109.07451, 41.73409], [-109.07639, 41.73216], [-109.07749, 41.73148], [-109.07756, 41.71585], [-109.07842, 41.7147], [-109.07997, 41.71401], [-109.08308, 41.7115], [-109.08856, 41.70806], [-109.08889, 41.70636], [-109.09239, 41.70178], [-109.09421, 41.70052], [-109.09853, 41.69549], [-109.10155, 41.6939], [-109.1023, 41.69317], [-109.10415, 41.68216], [-109.10461, 41.67564], [-109.10825, 41.66679], [-109.11027, 41.65611], [-109.11232, 41.64356], [-109.11299, 41.63064], [-109.11589, 41.62303], [-109.11629, 41.61954], [-109.08496, 41.63115], [-109.08198, 41.63183], [-109.04642, 41.63776], [-109.04341, 41.63861], [-108.99896, 41.65756], [-108.99847, 41.6585], [-108.99621, 41.6603], [-108.99101, 41.66225], [-108.98979, 41.66236], [-108.98681, 41.66603], [-108.98466, 41.66716], [-108.98283, 41.66771], [-108.98364, 41.66934], [-108.98327, 41.67155], [-108.98207, 41.67381], [-108.98283, 41.67614], [-108.98211, 41.67802], [-108.98041, 41.67956], [-108.97995, 41.68054], [-108.98035, 41.68219], [-108.97947, 41.68807], [-108.97877, 41.68947], [-108.97728, 41.6904], [-108.97403, 41.6962], [-108.97668, 41.69847], [-108.97818, 41.70074], [-108.98137, 41.70172], [-108.9832, 41.70366], [-108.98416, 41.70409], [-108.98511, 41.70429], [-108.98675, 41.70409], [-108.98827, 41.70473], [-108.98883, 41.70556], [-108.9888, 41.7065], [-108.98791, 41.7076], [-108.98696, 41.70817], [-108.9853, 41.7083], [-108.98036, 41.70716], [-108.97895, 41.70795], [-108.9764, 41.70813], [-108.97547, 41.70858], [-108.97402, 41.70871], [-108.97259, 41.70919], [-108.97097, 41.71087], [-108.96695, 41.7126], [-108.96526, 41.71298], [-108.96352, 41.7126], [-108.95978, 41.71082], [-108.95661, 41.71197], [-108.95224, 41.71189], [-108.94732, 41.71263], [-108.94629, 41.71247], [-108.94534, 41.71196], [-108.94331, 41.71223], [-108.94205, 41.71191], [-108.94108, 41.71131], [-108.94039, 41.70975], [-108.93874, 41.70958], [-108.9354, 41.71085], [-108.93528, 41.7116], [-108.93062, 41.70828], [-108.93219, 41.70185], [-108.93168, 41.70034], [-108.92974, 41.69777], [-108.92915, 41.69603], [-108.92921, 41.69441], [-108.93092, 41.68837], [-108.93129, 41.6855], [-108.93035, 41.67574], [-108.92922, 41.67359], [-108.9272, 41.67458], [-108.92618, 41.67543], [-108.92549, 41.67646], [-108.92363, 41.68122], [-108.92208, 41.68371], [-108.91979, 41.68604], [-108.91737, 41.68772], [-108.91438, 41.68919], [-108.90836, 41.69153], [-108.90445, 41.68813], [-108.91254, 41.68499], [-108.91355, 41.68423], [-108.91479, 41.67708], [-108.91557, 41.67547], [-108.91699, 41.67384], [-108.9197, 41.6721], [-108.92524, 41.67008], [-108.92834, 41.66827], [-108.93039, 41.66779], [-108.93653, 41.66713], [-108.95233, 41.66689], [-108.9657, 41.66514], [-109.03613, 41.63508], [-109.0408, 41.63363], [-109.04513, 41.63264], [-109.0752, 41.6277], [-109.07477, 41.6263], [-109.07512, 41.62523], [-109.07598, 41.62452], [-109.07834, 41.62371], [-109.07983, 41.62377], [-109.08103, 41.62444], [-109.08151, 41.62531], [-109.08111, 41.62664], [-109.08139, 41.62657], [-109.13216, 41.60791], [-109.13116, 41.606], [-109.13043, 41.60554], [-109.12917, 41.60523], [-109.11922, 41.60398], [-109.0978, 41.60398], [-109.0951, 41.60341], [-109.09044, 41.60143], [-109.08811, 41.601], [-109.08593, 41.60109], [-109.08436, 41.60145], [-109.07557, 41.60534], [-109.07223, 41.60579], [-109.07045, 41.60551], [-109.069, 41.60497], [-109.06587, 41.60259], [-109.06382, 41.60253], [-109.06023, 41.60151], [-109.05556, 41.6022], [-109.04994, 41.60188], [-109.04795, 41.60206], [-109.04523, 41.60145], [-109.03962, 41.60072], [-109.03599, 41.59807], [-109.03372, 41.59948], [-109.03173, 41.59974], [-109.02125, 41.59844], [-109.01983, 41.59769], [-109.01938, 41.59682], [-109.01953, 41.59589], [-109.02006, 41.59525], [-109.02112, 41.59474], [-109.02236, 41.59467], [-109.03169, 41.59586], [-109.03368, 41.59442], [-109.03641, 41.59392], [-109.03831, 41.59443], [-109.04189, 41.59718], [-109.04638, 41.59768], [-109.04847, 41.59817], [-109.04972, 41.598], [-109.05531, 41.59834], [-109.05996, 41.59763], [-109.0615, 41.59775], [-109.06357, 41.59833], [-109.06446, 41.59779], [-109.06568, 41.5976], [-109.06688, 41.59786], [-109.06792, 41.59858], [-109.06854, 41.59743], [-109.06972, 41.59677], [-109.07094, 41.59667], [-109.0731, 41.59703], [-109.07424, 41.59743], [-109.07501, 41.59813], [-109.07533, 41.59905], [-109.07512, 41.6001], [-109.07585, 41.60074], [-109.08202, 41.598], [-109.08415, 41.59743], [-109.08704, 41.59712], [-109.09148, 41.5976], [-109.09696, 41.5998], [-109.09844, 41.60015], [-109.12124, 41.60021], [-109.11519, 41.59433], [-109.11384, 41.59171], [-109.11445, 41.58048], [-109.10491, 41.54505], [-109.1047, 41.54212], [-109.1052, 41.53677], [-109.10143, 41.53653], [-109.09807, 41.53572], [-109.07856, 41.52755], [-109.02067, 41.50864], [-108.97906, 41.49622], [-108.96655, 41.48934], [-108.9648, 41.48768], [-108.96232, 41.48383], [-108.96099, 41.48244], [-108.94869, 41.47466], [-108.94713, 41.4726], [-108.94508, 41.46728], [-108.9389, 41.45477], [-108.93838, 41.45257], [-108.93674, 41.43605], [-108.93285, 41.42651], [-108.9324, 41.42465], [-108.93113, 41.39927], [-108.92919, 41.39253], [-108.92881, 41.38928], [-108.92906, 41.38683], [-108.93244, 41.37293], [-108.93865, 41.36888], [-108.93412, 41.38746], [-108.93395, 41.38987], [-108.93624, 41.39894], [-108.93749, 41.42417], [-108.9418, 41.43541], [-108.94389, 41.45387], [-108.94994, 41.46603], [-108.95229, 41.47179], [-108.95337, 41.47275], [-108.96473, 41.4798], [-108.96647, 41.48151], [-108.96913, 41.48559], [-108.97015, 41.48658], [-108.97952, 41.49185], [-108.98329, 41.49348], [-109.02263, 41.50507], [-109.08064, 41.52401], [-109.08435, 41.52538], [-109.10061, 41.53234], [-109.10286, 41.5328], [-109.10512, 41.53291], [-109.12454, 41.5319], [-109.12714, 41.53216], [-109.12938, 41.53275], [-109.13151, 41.53364], [-109.13358, 41.53497], [-109.13816, 41.54005], [-109.14175, 41.53653], [-109.14414, 41.53293], [-109.14546, 41.53176], [-109.1545, 41.52797], [-109.15518, 41.52737], [-109.15547, 41.51136], [-109.15418, 41.5113], [-109.15268, 41.51085], [-109.1506, 41.50972], [-109.15026, 41.50827], [-109.15082, 41.50743], [-109.15183, 41.50688], [-109.15164, 41.50554], [-109.1495, 41.50459], [-109.14906, 41.50391], [-109.14905, 41.50297], [-109.15044, 41.5015], [-109.15267, 41.50119], [-109.15607, 41.50233], [-109.15678, 41.50301], [-109.15713, 41.50404], [-109.15786, 41.50447], [-109.17511, 41.47156], [-109.17647, 41.46528], [-109.17838, 41.4603], [-109.18012, 41.45789], [-109.18016, 41.45512], [-109.17365, 41.45379], [-109.16959, 41.45324], [-109.16219, 41.45072], [-109.15852, 41.44906], [-109.15699, 41.44762], [-109.15637, 41.4463], [-109.15482, 41.43886], [-109.15452, 41.43478], [-109.15355, 41.4333], [-109.15028, 41.43123], [-109.14301, 41.42804], [-109.13767, 41.42895], [-109.13562, 41.42868], [-109.13461, 41.42802], [-109.13409, 41.42717], [-109.13416, 41.42623], [-109.1349, 41.42493], [-109.13242, 41.42532], [-109.12776, 41.42828], [-109.12405, 41.42945], [-109.12329, 41.43133], [-109.12187, 41.43222], [-109.1206, 41.43378], [-109.11999, 41.43512], [-109.11915, 41.4359], [-109.118, 41.43626], [-109.11676, 41.43618], [-109.1159, 41.43579], [-109.1152, 41.43501], [-109.11512, 41.43389], [-109.11596, 41.4321], [-109.11864, 41.42916], [-109.11989, 41.42717], [-109.12124, 41.4262], [-109.1237, 41.42549], [-109.1228, 41.42446], [-109.12253, 41.4234], [-109.12052, 41.42202], [-109.11919, 41.42056], [-109.11725, 41.4152], [-109.11714, 41.41355], [-109.11751, 41.41261], [-109.11665, 41.41018], [-109.12011, 41.39903], [-109.12315, 41.39495], [-109.12743, 41.39058], [-109.1347, 41.38458], [-109.13832, 41.38297], [-109.14016, 41.38177], [-109.14282, 41.37569], [-109.14647, 41.37174], [-109.14457, 41.36532], [-109.14284, 41.36135], [-109.11924, 41.31992], [-109.11846, 41.31632], [-109.12359, 41.31622], [-109.12396, 41.31838], [-109.14762, 41.35995], [-109.14953, 41.36433], [-109.15166, 41.37177], [-109.15107, 41.37351], [-109.14746, 41.37738], [-109.14506, 41.38306], [-109.14433, 41.38402], [-109.14239, 41.38552], [-109.13758, 41.38784], [-109.13138, 41.39304], [-109.12734, 41.39719], [-109.12527, 41.39976], [-109.12193, 41.41046], [-109.12237, 41.41135], [-109.12722, 41.41107], [-109.13237, 41.41294], [-109.13335, 41.41387], [-109.13488, 41.41724], [-109.13626, 41.41836], [-109.14103, 41.41941], [-109.14202, 41.42016], [-109.14587, 41.42483], [-109.15308, 41.42799], [-109.15744, 41.43076], [-109.15865, 41.43216], [-109.15954, 41.43389], [-109.15993, 41.43842], [-109.16139, 41.44548], [-109.16176, 41.44603], [-109.16672, 41.44808], [-109.17136, 41.44961], [-109.17478, 41.45002], [-109.18325, 41.4518], [-109.18428, 41.45239], [-109.18513, 41.45349], [-109.18713, 41.45316], [-109.19072, 41.45323], [-109.19408, 41.45369], [-109.1952, 41.45347], [-109.1991, 41.45139], [-109.20557, 41.44922], [-109.21526, 41.44504], [-109.22701, 41.44271], [-109.23099, 41.44088], [-109.23319, 41.43955], [-109.23791, 41.43872], [-109.2416, 41.43846], [-109.24867, 41.43606], [-109.25349, 41.43507], [-109.25544, 41.4341], [-109.25276, 41.4304], [-109.25214, 41.42895], [-109.2513, 41.42466], [-109.24763, 41.42078], [-109.24669, 41.41925], [-109.24547, 41.4146], [-109.24546, 41.41281], [-109.24743, 41.40528], [-109.24695, 41.39661], [-109.24601, 41.39263], [-109.24405, 41.38825], [-109.2432, 41.38539], [-109.24276, 41.38229], [-109.24199, 41.37996], [-109.24201, 41.37688], [-109.24348, 41.37], [-109.24293, 41.36059], [-109.24378, 41.35877], [-109.24579, 41.35713], [-109.24474, 41.35368], [-109.24467, 41.35154], [-109.24562, 41.3428], [-109.24655, 41.33668], [-109.2471, 41.33528], [-109.24846, 41.33406], [-109.25124, 41.33486], [-109.25909, 41.3378], [-109.25661, 41.33865], [-109.25465, 41.33874], [-109.25341, 41.33843], [-109.25235, 41.33787], [-109.2517, 41.3371], [-109.25161, 41.33731], [-109.24979, 41.35175], [-109.24984, 41.35314], [-109.25091, 41.35626], [-109.25089, 41.35761], [-109.25017, 41.35915], [-109.24803, 41.36109], [-109.24862, 41.37013], [-109.24714, 41.37712], [-109.24711, 41.3796], [-109.24898, 41.38717], [-109.25099, 41.39168], [-109.25205, 41.39621], [-109.25257, 41.40542], [-109.25055, 41.41397], [-109.25152, 41.41792], [-109.25619, 41.4234], [-109.25759, 41.42909], [-109.26024, 41.43257], [-109.26052, 41.43496], [-109.26191, 41.43647], [-109.2621, 41.43778], [-109.26165, 41.44394], [-109.26186, 41.44524], [-109.26283, 41.44668], [-109.26504, 41.44843], [-109.26727, 41.45086], [-109.26794, 41.45198], [-109.27038, 41.46306], [-109.27016, 41.46871], [-109.27192, 41.47807], [-109.27171, 41.47952], [-109.26977, 41.48207], [-109.26975, 41.4829], [-109.27216, 41.48485], [-109.27372, 41.48763], [-109.27365, 41.48877], [-109.2731, 41.48994], [-109.26841, 41.495], [-109.26908, 41.49947], [-109.26979, 41.50128], [-109.26962, 41.50261], [-109.26842, 41.50715], [-109.26616, 41.51105], [-109.2629, 41.51563], [-109.26239, 41.51823], [-109.26199, 41.52888], [-109.26239, 41.53011], [-109.26578, 41.5347], [-109.2668, 41.53695], [-109.2696, 41.54048], [-109.27728, 41.55331], [-109.27882, 41.55539], [-109.28469, 41.55397], [-109.29176, 41.55317], [-109.29525, 41.55095], [-109.29945, 41.54715], [-109.30125, 41.54624], [-109.30035, 41.54307], [-109.29973, 41.54198], [-109.2951, 41.53715], [-109.29304, 41.53364], [-109.29256, 41.52953], [-109.29369, 41.52605], [-109.28657, 41.5262], [-109.28518, 41.52542], [-109.28477, 41.52416], [-109.28552, 41.52298], [-109.28683, 41.52246], [-109.29121, 41.52208], [-109.29529, 41.52231], [-109.30319, 41.50395], [-109.30334, 41.50233], [-109.30295, 41.50079], [-109.29929, 41.49634], [-109.29745, 41.49359], [-109.29637, 41.49095], [-109.29589, 41.4883], [-109.29606, 41.48477], [-109.30012, 41.46553], [-109.30008, 41.46415], [-109.29864, 41.4587], [-109.29883, 41.45649], [-109.30265, 41.44402], [-109.30435, 41.44128], [-109.31312, 41.43072], [-109.31364, 41.42926], [-109.31345, 41.42824], [-109.31263, 41.42706], [-109.30573, 41.42256], [-109.30491, 41.42175], [-109.30425, 41.42046], [-109.30411, 41.41896], [-109.305, 41.41528], [-109.30416, 41.41084], [-109.30507, 41.40611], [-109.30354, 41.40259], [-109.30337, 41.40135], [-109.3037, 41.39886], [-109.29859, 41.39495], [-109.29756, 41.39383], [-109.29472, 41.38925], [-109.29253, 41.38746], [-109.29124, 41.3859], [-109.28578, 41.37741], [-109.28457, 41.37628], [-109.27664, 41.37177], [-109.27498, 41.37021], [-109.2738, 41.36855], [-109.26408, 41.33968], [-109.27012, 41.342]], [[-109.25858, 41.71364], [-109.23182, 41.68545], [-109.23046, 41.68335], [-109.22927, 41.68026], [-109.22706, 41.6666], [-109.22486, 41.67579], [-109.22322, 41.68715], [-109.22073, 41.69408], [-109.2195, 41.69555], [-109.21413, 41.6992], [-109.21149, 41.70038], [-109.20975, 41.70067], [-109.2022, 41.70088], [-109.20096, 41.70111], [-109.19982, 41.70345], [-109.19784, 41.70462], [-109.19242, 41.70528], [-109.19108, 41.70503], [-109.19001, 41.70423], [-109.18978, 41.7029], [-109.18716, 41.69936], [-109.18737, 41.69807], [-109.18841, 41.69726], [-109.18987, 41.69702], [-109.19126, 41.69742], [-109.19218, 41.69812], [-109.19418, 41.70086], [-109.19463, 41.70114], [-109.19544, 41.70113], [-109.19584, 41.7007], [-109.19615, 41.69887], [-109.19766, 41.69782], [-109.20146, 41.69704], [-109.20977, 41.69673], [-109.21098, 41.69614], [-109.21593, 41.69263], [-109.21813, 41.68651], [-109.21975, 41.67531], [-109.22226, 41.66487], [-109.22236, 41.66308], [-109.2198, 41.66365], [-109.22108, 41.6646], [-109.2215, 41.66548], [-109.2212, 41.66658], [-109.22013, 41.66737], [-109.21866, 41.66758], [-109.21749, 41.66726], [-109.2152, 41.66575], [-109.21466, 41.66442], [-109.20617, 41.6678], [-109.20346, 41.66924], [-109.2028, 41.6705], [-109.20096, 41.67153], [-109.20016, 41.67232], [-109.19902, 41.6727], [-109.19792, 41.67267], [-109.19623, 41.67348], [-109.19475, 41.67334], [-109.19343, 41.67234], [-109.19163, 41.67193], [-109.18755, 41.67244], [-109.18595, 41.67311], [-109.1841, 41.67342], [-109.18285, 41.67333], [-109.18198, 41.67295], [-109.17889, 41.67373], [-109.1767, 41.6738], [-109.17137, 41.67295], [-109.17021, 41.6724], [-109.16951, 41.67141], [-109.1699, 41.66996], [-109.17154, 41.66914], [-109.1779, 41.66993], [-109.18654, 41.6681], [-109.18801, 41.66746], [-109.18992, 41.66763], [-109.195, 41.66721], [-109.20045, 41.6661], [-109.20437, 41.66407], [-109.21466, 41.66021], [-109.21475, 41.65829], [-109.21583, 41.65721], [-109.21695, 41.65691], [-109.22115, 41.65681], [-109.22203, 41.65637], [-109.22407, 41.65464], [-109.2244, 41.65402], [-109.22664, 41.63885], [-109.22894, 41.63075], [-109.22747, 41.6298], [-109.22725, 41.62851], [-109.22798, 41.62753], [-109.22942, 41.62702], [-109.23036, 41.62583], [-109.22666, 41.6269], [-109.22419, 41.62815], [-109.2232, 41.62889], [-109.22081, 41.63196], [-109.21818, 41.63471], [-109.21231, 41.6374], [-109.20895, 41.63931], [-109.20332, 41.64043], [-109.19671, 41.64292], [-109.19399, 41.64448], [-109.19061, 41.64541], [-109.19023, 41.6457], [-109.18999, 41.64734], [-109.18897, 41.64816], [-109.18752, 41.64841], [-109.18516, 41.64783], [-109.18156, 41.648], [-109.17809, 41.6489], [-109.17098, 41.64923], [-109.16668, 41.65146], [-109.16495, 41.65362], [-109.16365, 41.65433], [-109.16174, 41.656], [-109.16149, 41.65675], [-109.1607, 41.65747], [-109.15954, 41.65783], [-109.15829, 41.65774], [-109.15725, 41.65721], [-109.15667, 41.65638], [-109.15666, 41.65497], [-109.15705, 41.65422], [-109.1599, 41.65163], [-109.16107, 41.65098], [-109.16276, 41.64889], [-109.16869, 41.64576], [-109.17079, 41.64529], [-109.17713, 41.64507], [-109.18069, 41.64418], [-109.18559, 41.64395], [-109.18798, 41.64191], [-109.19144, 41.64111], [-109.19403, 41.63962], [-109.20142, 41.63682], [-109.20656, 41.63586], [-109.20962, 41.63411], [-109.2148, 41.63178], [-109.21902, 41.62663], [-109.22101, 41.62511], [-109.22125, 41.62135], [-109.22117, 41.62028], [-109.22053, 41.61924], [-109.22067, 41.61735], [-109.22214, 41.61627], [-109.22231, 41.61526], [-109.22306, 41.6145], [-109.22419, 41.6141], [-109.22564, 41.61407], [-109.22594, 41.61255], [-109.22668, 41.61179], [-109.22774, 41.6114], [-109.22756, 41.61075], [-109.22388, 41.61195], [-109.21969, 41.61233], [-109.21663, 41.61201], [-109.21262, 41.61075], [-109.20283, 41.6056], [-109.20012, 41.6033], [-109.19877, 41.6013], [-109.19434, 41.60231], [-109.19226, 41.60178], [-109.19136, 41.60056], [-109.19139, 41.59685], [-109.19174, 41.59538], [-109.19291, 41.59449], [-109.1908, 41.59397], [-109.1881, 41.59391], [-109.1855, 41.59446], [-109.17969, 41.597], [-109.17692, 41.59773], [-109.16379, 41.59827], [-109.15992, 41.59902], [-109.157, 41.60047], [-109.151, 41.60552], [-109.14738, 41.60774], [-109.12959, 41.61458], [-109.12894, 41.61579], [-109.12763, 41.61675], [-109.12618, 41.6172], [-109.12365, 41.61726], [-109.12186, 41.61815], [-109.1215, 41.61868], [-109.12093, 41.62383], [-109.11811, 41.63109], [-109.11745, 41.64395], [-109.11538, 41.6566], [-109.11329, 41.6676], [-109.1097, 41.67626], [-109.10927, 41.68253], [-109.10734, 41.694], [-109.10619, 41.69585], [-109.10468, 41.697], [-109.1024, 41.69811], [-109.0983, 41.70288], [-109.09603, 41.70465], [-109.09371, 41.70783], [-109.0937, 41.70939], [-109.09281, 41.71049], [-109.08864, 41.71292], [-109.08255, 41.71736], [-109.08259, 41.73272], [-109.08196, 41.73376], [-109.08, 41.73497], [-109.07855, 41.73711], [-109.08122, 41.74378], [-109.08095, 41.74743], [-109.08018, 41.7494], [-109.11512, 41.74265], [-109.13295, 41.73679], [-109.14462, 41.73215], [-109.14615, 41.73177], [-109.16167, 41.73088], [-109.1716, 41.7309], [-109.17411, 41.73112], [-109.17588, 41.73085], [-109.18145, 41.72918], [-109.18343, 41.72907], [-109.18854, 41.72801], [-109.19026, 41.72738], [-109.19389, 41.72678], [-109.20778, 41.72744], [-109.21163, 41.72801], [-109.21943, 41.72652], [-109.22236, 41.72637], [-109.22549, 41.72654], [-109.24001, 41.72843], [-109.24201, 41.72722], [-109.2444, 41.72663], [-109.26423, 41.72518], [-109.26959, 41.72519], [-109.25858, 41.71364]], [[-109.23512, 41.65679], [-109.2367, 41.65585], [-109.2376, 41.65389], [-109.23865, 41.65256], [-109.24099, 41.65121], [-109.24377, 41.65082], [-109.25318, 41.65161], [-109.25576, 41.65093], [-109.25459, 41.64897], [-109.2526, 41.64888], [-109.25136, 41.64825], [-109.25083, 41.6474], [-109.25075, 41.64603], [-109.24955, 41.64613], [-109.24824, 41.64586], [-109.24678, 41.64495], [-109.24563, 41.64515], [-109.24418, 41.64493], [-109.24294, 41.64411], [-109.2422, 41.64262], [-109.23847, 41.6424], [-109.23754, 41.64177], [-109.23712, 41.64082], [-109.23567, 41.63995], [-109.2353, 41.63793], [-109.23433, 41.63741], [-109.23383, 41.63676], [-109.23387, 41.63546], [-109.23522, 41.63438], [-109.23862, 41.63417], [-109.239, 41.63386], [-109.23701, 41.63359], [-109.23593, 41.63257], [-109.23588, 41.63145], [-109.23657, 41.63056], [-109.23632, 41.62766], [-109.2366, 41.62667], [-109.23556, 41.62585], [-109.23173, 41.63948], [-109.23005, 41.6517], [-109.23034, 41.65424], [-109.23186, 41.65377], [-109.23353, 41.65412], [-109.23457, 41.65537], [-109.23454, 41.65613], [-109.23403, 41.65697], [-109.23512, 41.65679]], [[-109.23955, 41.62082], [-109.24079, 41.62065], [-109.24199, 41.62082], [-109.24355, 41.62172], [-109.2441, 41.6227], [-109.2442, 41.62455], [-109.24393, 41.62536], [-109.24309, 41.62621], [-109.24828, 41.63035], [-109.24898, 41.62961], [-109.25003, 41.6292], [-109.24987, 41.62665], [-109.24902, 41.62606], [-109.24854, 41.6252], [-109.24863, 41.62346], [-109.24794, 41.62189], [-109.24787, 41.62007], [-109.24412, 41.6199], [-109.24108, 41.61911], [-109.23989, 41.61993], [-109.23808, 41.62002], [-109.23803, 41.62083], [-109.23755, 41.62155], [-109.23955, 41.62082]], [[-109.23845, 41.61336], [-109.23974, 41.61343], [-109.24068, 41.61381], [-109.24144, 41.61446], [-109.2418, 41.61528], [-109.24505, 41.61609], [-109.2493, 41.61629], [-109.24861, 41.61189], [-109.24943, 41.60846], [-109.24953, 41.60557], [-109.24444, 41.60557], [-109.24217, 41.60643], [-109.23898, 41.60939], [-109.23636, 41.61074], [-109.23723, 41.61171], [-109.23735, 41.61347], [-109.23845, 41.61336]], [[-109.23215, 41.59507], [-109.23109, 41.59356], [-109.23125, 41.59263], [-109.23192, 41.5919], [-109.23136, 41.59132], [-109.22923, 41.59156], [-109.22711, 41.59093], [-109.22684, 41.59123], [-109.22928, 41.59365], [-109.23215, 41.59507]], [[-109.23073, 41.57722], [-109.22984, 41.57694], [-109.22922, 41.57717], [-109.23042, 41.57741], [-109.23073, 41.57722]], [[-109.22935, 41.57026], [-109.23049, 41.57029], [-109.23065, 41.56873], [-109.23189, 41.56694], [-109.23272, 41.56627], [-109.23558, 41.56548], [-109.23721, 41.56574], [-109.239, 41.56391], [-109.24231, 41.5593], [-109.24234, 41.55796], [-109.24076, 41.55612], [-109.24047, 41.55415], [-109.23872, 41.55108], [-109.2374, 41.55002], [-109.22832, 41.54437], [-109.22659, 41.54222], [-109.22581, 41.54191], [-109.22242, 41.54145], [-109.22058, 41.54163], [-109.21893, 41.54084], [-109.21767, 41.5395], [-109.21712, 41.53805], [-109.21759, 41.53579], [-109.21902, 41.53477], [-109.22026, 41.53466], [-109.22143, 41.53501], [-109.22447, 41.53698], [-109.22528, 41.53791], [-109.22801, 41.53807], [-109.22927, 41.53853], [-109.23129, 41.54046], [-109.23218, 41.5418], [-109.24074, 41.54709], [-109.24321, 41.54916], [-109.24546, 41.55315], [-109.24564, 41.5548], [-109.24724, 41.55675], [-109.24762, 41.55832], [-109.2475, 41.55975], [-109.24701, 41.56091], [-109.24208, 41.56754], [-109.24274, 41.56799], [-109.24787, 41.56539], [-109.25369, 41.56347], [-109.25693, 41.56289], [-109.2629, 41.56283], [-109.2643, 41.56258], [-109.26759, 41.56078], [-109.27154, 41.55964], [-109.2747, 41.55776], [-109.27262, 41.55494], [-109.265, 41.54221], [-109.26219, 41.5387], [-109.26115, 41.53641], [-109.25764, 41.53161], [-109.25689, 41.52942], [-109.25673, 41.52606], [-109.2572, 41.5234], [-109.25722, 41.51778], [-109.25793, 41.51463], [-109.26356, 41.50589], [-109.26453, 41.50204], [-109.26324, 41.49558], [-109.26348, 41.49383], [-109.26857, 41.48809], [-109.26792, 41.48706], [-109.26556, 41.48518], [-109.26469, 41.48389], [-109.26478, 41.481], [-109.26678, 41.47816], [-109.26503, 41.46899], [-109.26525, 41.46339], [-109.26292, 41.45293], [-109.26112, 41.45094], [-109.25868, 41.44896], [-109.25766, 41.4478], [-109.25689, 41.4463], [-109.25651, 41.44386], [-109.25693, 41.43814], [-109.25038, 41.43971], [-109.24301, 41.44219], [-109.23542, 41.44305], [-109.23412, 41.44398], [-109.22924, 41.44626], [-109.21727, 41.44861], [-109.20783, 41.45269], [-109.20158, 41.45478], [-109.19714, 41.45706], [-109.19411, 41.45756], [-109.19019, 41.45708], [-109.18738, 41.45703], [-109.18586, 41.45734], [-109.18487, 41.45938], [-109.18324, 41.46156], [-109.18144, 41.46624], [-109.18001, 41.47275], [-109.16079, 41.50953], [-109.16041, 41.51541], [-109.16052, 41.5268], [-109.16, 41.52871], [-109.15908, 41.52995], [-109.1574, 41.53117], [-109.149, 41.53456], [-109.14605, 41.53866], [-109.14253, 41.54217], [-109.14097, 41.54331], [-109.14408, 41.54636], [-109.1602, 41.55813], [-109.16284, 41.55932], [-109.16729, 41.56076], [-109.1741, 41.56237], [-109.18705, 41.56935], [-109.20052, 41.57366], [-109.20181, 41.57273], [-109.20172, 41.57192], [-109.20214, 41.57094], [-109.20504, 41.56858], [-109.20655, 41.56765], [-109.20819, 41.5675], [-109.2126, 41.56514], [-109.21358, 41.56409], [-109.21474, 41.56374], [-109.21599, 41.56385], [-109.21701, 41.56438], [-109.21764, 41.56553], [-109.22225, 41.56923], [-109.22461, 41.5719], [-109.225, 41.57193], [-109.22764, 41.57048], [-109.22935, 41.57026]], [[-109.23431, 41.67949], [-109.23525, 41.68194], [-109.23636, 41.68361], [-109.27554, 41.72479], [-109.29203, 41.72295], [-109.28211, 41.69953], [-109.28093, 41.69909], [-109.28022, 41.69831], [-109.28009, 41.69738], [-109.28067, 41.6964], [-109.27821, 41.69157], [-109.27652, 41.69216], [-109.2728, 41.69209], [-109.27148, 41.69147], [-109.26971, 41.68964], [-109.26972, 41.68816], [-109.27089, 41.6872], [-109.27185, 41.68698], [-109.27584, 41.68698], [-109.2757, 41.68671], [-109.27135, 41.68673], [-109.27045, 41.6864], [-109.26968, 41.68566], [-109.26954, 41.68436], [-109.27033, 41.68341], [-109.27144, 41.68298], [-109.27367, 41.68289], [-109.27181, 41.67934], [-109.27065, 41.67894], [-109.26991, 41.67818], [-109.26973, 41.67725], [-109.27023, 41.67629], [-109.26957, 41.67501], [-109.26858, 41.67455], [-109.26803, 41.67392], [-109.2678, 41.67289], [-109.26802, 41.67211], [-109.26708, 41.67051], [-109.26367, 41.67051], [-109.26247, 41.67019], [-109.26134, 41.66913], [-109.26113, 41.66754], [-109.25409, 41.66748], [-109.25295, 41.66709], [-109.25219, 41.66633], [-109.25205, 41.66234], [-109.25262, 41.6615], [-109.2538, 41.66093], [-109.25627, 41.66089], [-109.25755, 41.66129], [-109.2584, 41.66222], [-109.25854, 41.66366], [-109.26317, 41.66369], [-109.25778, 41.65449], [-109.25338, 41.65547], [-109.24302, 41.65477], [-109.24238, 41.65534], [-109.2412, 41.65774], [-109.23957, 41.65925], [-109.23768, 41.6602], [-109.23453, 41.66082], [-109.23361, 41.66246], [-109.23172, 41.66317], [-109.23431, 41.67949]], [[-109.269, 41.5716], [-109.26964, 41.57137], [-109.26974, 41.56918], [-109.27093, 41.56816], [-109.27058, 41.56736], [-109.27068, 41.56661], [-109.27194, 41.56547], [-109.27315, 41.56525], [-109.27436, 41.56548], [-109.27528, 41.56611], [-109.27666, 41.56782], [-109.27863, 41.56797], [-109.28647, 41.56506], [-109.2937, 41.56194], [-109.29447, 41.5607], [-109.297, 41.55911], [-109.29859, 41.55878], [-109.30033, 41.55902], [-109.30394, 41.55716], [-109.30619, 41.55551], [-109.30264, 41.55023], [-109.30221, 41.55065], [-109.3022, 41.55173], [-109.30155, 41.55254], [-109.30072, 41.55296], [-109.29962, 41.5531], [-109.29615, 41.5556], [-109.29415, 41.55659], [-109.29209, 41.55715], [-109.28665, 41.55762], [-109.28313, 41.55823], [-109.28056, 41.55912], [-109.27721, 41.56123], [-109.27751, 41.56277], [-109.27693, 41.56361], [-109.27613, 41.56406], [-109.27491, 41.56425], [-109.27371, 41.56399], [-109.27256, 41.56495], [-109.2684, 41.56594], [-109.26695, 41.5659], [-109.26371, 41.56666], [-109.26103, 41.56669], [-109.26059, 41.56815], [-109.25893, 41.56894], [-109.25768, 41.56887], [-109.25681, 41.5685], [-109.25569, 41.56705], [-109.25034, 41.56877], [-109.24655, 41.57089], [-109.24477, 41.57156], [-109.24193, 41.57195], [-109.23833, 41.57175], [-109.23641, 41.57253], [-109.23766, 41.57259], [-109.23868, 41.57304], [-109.24104, 41.57235], [-109.24445, 41.57219], [-109.24996, 41.57328], [-109.25098, 41.57296], [-109.25198, 41.57298], [-109.25358, 41.57381], [-109.25457, 41.57341], [-109.25568, 41.57333], [-109.25686, 41.57261], [-109.2581, 41.57249], [-109.25927, 41.57281], [-109.26006, 41.57346], [-109.26134, 41.57349], [-109.26257, 41.57402], [-109.269, 41.5716]], [[-109.29778, 41.38592], [-109.2991, 41.38722], [-109.30253, 41.39246], [-109.30748, 41.39611], [-109.30851, 41.39747], [-109.30895, 41.39961], [-109.30858, 41.40183], [-109.30986, 41.40445], [-109.31021, 41.40599], [-109.3093, 41.41088], [-109.31014, 41.41538], [-109.30924, 41.41954], [-109.30969, 41.42009], [-109.3167, 41.42471], [-109.31833, 41.42705], [-109.31878, 41.42919], [-109.31852, 41.43078], [-109.31775, 41.43239], [-109.30879, 41.44322], [-109.3074, 41.44549], [-109.30393, 41.45697], [-109.30376, 41.45835], [-109.30516, 41.46355], [-109.30524, 41.46584], [-109.30114, 41.48532], [-109.30101, 41.48794], [-109.30137, 41.49005], [-109.30219, 41.49211], [-109.30467, 41.49542], [-109.3052, 41.49505], [-109.30608, 41.49344], [-109.30638, 41.49117], [-109.30456, 41.48682], [-109.30449, 41.48546], [-109.30818, 41.4793], [-109.30988, 41.47778], [-109.31548, 41.47417], [-109.31705, 41.47216], [-109.3182, 41.4712], [-109.31946, 41.4704], [-109.32239, 41.46927], [-109.32309, 41.46662], [-109.32391, 41.46516], [-109.32766, 41.46123], [-109.32783, 41.46019], [-109.32673, 41.45674], [-109.32683, 41.45269], [-109.32753, 41.45135], [-109.32857, 41.45039], [-109.33168, 41.44874], [-109.33352, 41.44591], [-109.33502, 41.43996], [-109.33363, 41.43796], [-109.33352, 41.43693], [-109.33399, 41.43581], [-109.33501, 41.43493], [-109.33856, 41.43293], [-109.34122, 41.4302], [-109.34331, 41.42861], [-109.34422, 41.42675], [-109.34738, 41.42414], [-109.34779, 41.42226], [-109.34899, 41.42013], [-109.35249, 41.41734], [-109.35618, 41.41337], [-109.35766, 41.41254], [-109.35695, 41.41166], [-109.35558, 41.41081], [-109.35339, 41.4081], [-109.35346, 41.40645], [-109.35457, 41.40481], [-109.35421, 41.40401], [-109.35397, 41.40088], [-109.35436, 41.39558], [-109.35215, 41.39514], [-109.34536, 41.39056], [-109.3413, 41.38628], [-109.33815, 41.385], [-109.33439, 41.38056], [-109.32875, 41.37624], [-109.32583, 41.37619], [-109.32411, 41.37563], [-109.32022, 41.3728], [-109.3192, 41.37169], [-109.31722, 41.37352], [-109.31336, 41.37512], [-109.3106, 41.3758], [-109.30799, 41.37572], [-109.30577, 41.37833], [-109.30421, 41.37933], [-109.30277, 41.3796], [-109.3013, 41.37948], [-109.29781, 41.37793], [-109.29526, 41.37861], [-109.29242, 41.37863], [-109.29582, 41.38416], [-109.29778, 41.38592]], [[-109.26943, 41.59882], [-109.26891, 41.60045], [-109.26824, 41.60125], [-109.26716, 41.60171], [-109.26469, 41.60185], [-109.2647, 41.60211], [-109.26943, 41.60225], [-109.26943, 41.59882]], [[-109.26217, 41.59476], [-109.26274, 41.59478], [-109.26288, 41.59478], [-109.26248, 41.59459], [-109.26217, 41.59476]], [[-109.23978, 41.58113], [-109.23878, 41.58229], [-109.23624, 41.5845], [-109.23709, 41.58447], [-109.24126, 41.58161], [-109.2416, 41.57972], [-109.24122, 41.57908], [-109.23978, 41.58113]], [[-109.2452, 41.58432], [-109.24048, 41.58737], [-109.24027, 41.58849], [-109.24059, 41.58987], [-109.2414, 41.59093], [-109.24472, 41.58584], [-109.2452, 41.58432]], [[-109.24325, 41.60022], [-109.24206, 41.60205], [-109.24444, 41.60168], [-109.24325, 41.60022]], [[-109.2159, 41.60747], [-109.21851, 41.60817], [-109.22081, 41.60825], [-109.22348, 41.60776], [-109.22676, 41.6065], [-109.22665, 41.6024], [-109.22284, 41.60472], [-109.22192, 41.60502], [-109.21998, 41.60475], [-109.21893, 41.60372], [-109.21885, 41.60278], [-109.21936, 41.60193], [-109.22468, 41.59873], [-109.22352, 41.59842], [-109.22229, 41.59743], [-109.22166, 41.59728], [-109.21882, 41.59909], [-109.21515, 41.5997], [-109.21364, 41.60045], [-109.20955, 41.6018], [-109.20483, 41.60126], [-109.20649, 41.60256], [-109.2159, 41.60747]], [[-109.23045, 41.62134], [-109.23009, 41.62135], [-109.23011, 41.62179], [-109.23054, 41.62167], [-109.23045, 41.62134]], [[-109.22252, 41.57567], [-109.2219, 41.57534], [-109.22082, 41.57581], [-109.22082, 41.57608], [-109.22299, 41.57607], [-109.22313, 41.57594], [-109.22252, 41.57567]], [[-109.21439, 41.57547], [-109.21566, 41.57458], [-109.21566, 41.57416], [-109.21303, 41.57419], [-109.21303, 41.57563], [-109.2134, 41.57616], [-109.21409, 41.57616], [-109.21439, 41.57547]], [[-109.20787, 41.59374], [-109.20985, 41.59302], [-109.20988, 41.59292], [-109.20783, 41.59293], [-109.20769, 41.59386], [-109.20787, 41.59374]], [[-109.1973, 41.59149], [-109.19537, 41.59046], [-109.19402, 41.58912], [-109.19251, 41.5868], [-109.19235, 41.58495], [-109.19316, 41.5834], [-109.19436, 41.58243], [-109.20245, 41.5793], [-109.20103, 41.57812], [-109.18454, 41.57272], [-109.1717, 41.56578], [-109.16533, 41.56433], [-109.16052, 41.56277], [-109.15711, 41.56122], [-109.15502, 41.55994], [-109.1393, 41.54817], [-109.13027, 41.538], [-109.1279, 41.5365], [-109.12585, 41.53591], [-109.12408, 41.53576], [-109.11038, 41.5365], [-109.10984, 41.54224], [-109.11, 41.54449], [-109.11956, 41.58003], [-109.11903, 41.59144], [-109.11972, 41.59245], [-109.12758, 41.60004], [-109.12829, 41.60116], [-109.13223, 41.6019], [-109.13445, 41.60299], [-109.136, 41.60454], [-109.13715, 41.60696], [-109.14554, 41.60361], [-109.14824, 41.60181], [-109.15405, 41.59704], [-109.15638, 41.59584], [-109.15904, 41.59494], [-109.16318, 41.59426], [-109.17559, 41.59381], [-109.17722, 41.59339], [-109.18326, 41.59079], [-109.186, 41.59007], [-109.18789, 41.58986], [-109.19208, 41.59005], [-109.19503, 41.59077], [-109.19752, 41.59186], [-109.19809, 41.59177], [-109.1973, 41.59149]], [[-109.1234, 41.41699], [-109.12361, 41.41855], [-109.12432, 41.41942], [-109.12543, 41.42012], [-109.12674, 41.42013], [-109.12818, 41.42055], [-109.12907, 41.42139], [-109.1293, 41.42225], [-109.13096, 41.4216], [-109.13288, 41.42128], [-109.13024, 41.41898], [-109.12878, 41.41582], [-109.12636, 41.41492], [-109.12243, 41.41524], [-109.1234, 41.41699]], [[-108.97276, 41.66854], [-108.96858, 41.66949], [-108.95728, 41.67098], [-108.93915, 41.67137], [-108.93399, 41.67206], [-108.93546, 41.67523], [-108.93644, 41.68535], [-108.936, 41.68903], [-108.93428, 41.69528], [-108.93453, 41.69634], [-108.93635, 41.69871], [-108.93723, 41.70085], [-108.93732, 41.70255], [-108.93629, 41.70618], [-108.93852, 41.70559], [-108.94304, 41.70609], [-108.94428, 41.70668], [-108.94522, 41.70791], [-108.94643, 41.70795], [-108.94791, 41.70851], [-108.95139, 41.70802], [-108.95551, 41.70811], [-108.95839, 41.70682], [-108.95963, 41.70667], [-108.96119, 41.70698], [-108.96535, 41.70882], [-108.96742, 41.70792], [-108.96945, 41.70579], [-108.97134, 41.70536], [-108.97483, 41.70383], [-108.97403, 41.70313], [-108.97231, 41.70053], [-108.9691, 41.698], [-108.96856, 41.69696], [-108.96879, 41.69565], [-108.97213, 41.68987], [-108.97255, 41.6885], [-108.9744, 41.68711], [-108.97515, 41.68212], [-108.9746, 41.68063], [-108.97466, 41.67816], [-108.97546, 41.67727], [-108.97734, 41.67645], [-108.9776, 41.67591], [-108.97698, 41.67486], [-108.97679, 41.67331], [-108.97788, 41.67151], [-108.9784, 41.66973], [-108.9772, 41.66785], [-108.9772, 41.6668], [-108.97276, 41.66854]]]}, "properties": {"class": "roads", "buffer_m": 214.5, "area_km2": 208.63}}, {"type": "Feature", "geometry": {"type": "Polygon", "coordinates": [[[-109.42967, 41.52341], [-109.42865, 41.52508], [-109.42731, 41.52643], [-109.42548, 41.52744], [-109.4235, 41.52799], [-109.42093, 41.52806], [-109.41408, 41.52683], [-109.41252, 41.52681], [-109.4046, 41.52878], [-109.39461, 41.52892], [-109.38688, 41.53059], [-109.37593, 41.5319], [-109.36937, 41.53351], [-109.36577, 41.53335], [-109.35684, 41.53073], [-109.35495, 41.53071], [-109.35404, 41.53115], [-109.35333, 41.53202], [-109.35182, 41.53933], [-109.35072, 41.54085], [-109.34928, 41.54192], [-109.34746, 41.54272], [-109.32733, 41.5492], [-109.31185, 41.55338], [-109.30213, 41.56008], [-109.2996, 41.56137], [-109.29694, 41.56212], [-109.27502, 41.5661], [-109.23818, 41.57461], [-109.23488, 41.57573], [-109.23173, 41.57768], [-109.22931, 41.58035], [-109.22659, 41.58558], [-109.22596, 41.58774], [-109.22632, 41.58982], [-109.22663, 41.59052], [-109.22781, 41.59076], [-109.22873, 41.59139], [-109.2291, 41.59294], [-109.22966, 41.59358], [-109.23104, 41.59387], [-109.2329, 41.59491], [-109.23443, 41.59711], [-109.23462, 41.5989], [-109.23357, 41.60191], [-109.23508, 41.60772], [-109.23503, 41.61285], [-109.23576, 41.6145], [-109.24132, 41.61402], [-109.24267, 41.6145], [-109.24344, 41.61546], [-109.24336, 41.61658], [-109.24225, 41.61759], [-109.23632, 41.61837], [-109.23739, 41.61913], [-109.23784, 41.62001], [-109.23777, 41.62076], [-109.23685, 41.62241], [-109.23726, 41.62452], [-109.23858, 41.62465], [-109.23959, 41.62521], [-109.24007, 41.62587], [-109.24028, 41.62705], [-109.24278, 41.62709], [-109.2439, 41.6275], [-109.24464, 41.62826], [-109.24478, 41.62937], [-109.24439, 41.63007], [-109.24358, 41.63064], [-109.24322, 41.63202], [-109.24345, 41.63307], [-109.24285, 41.6341], [-109.24134, 41.63474], [-109.23565, 41.63481], [-109.23301, 41.63957], [-109.23297, 41.64858], [-109.22822, 41.65798], [-109.22775, 41.65957], [-109.22908, 41.67048], [-109.22865, 41.67174], [-109.22701, 41.67256], [-109.226, 41.67256], [-109.22487, 41.67215], [-109.22398, 41.67104], [-109.22349, 41.6678], [-109.22235, 41.66782], [-109.22245, 41.67053], [-109.22175, 41.67274], [-109.22037, 41.67464], [-109.21783, 41.67652], [-109.21603, 41.67728], [-109.21004, 41.67889], [-109.19937, 41.67941], [-109.19745, 41.68027], [-109.19588, 41.68192], [-109.19418, 41.68723], [-109.19513, 41.69576], [-109.19533, 41.69626], [-109.19901, 41.69784], [-109.20011, 41.69928], [-109.2004, 41.70066], [-109.19961, 41.70278], [-109.19871, 41.70362], [-109.19737, 41.70432], [-109.1947, 41.70468], [-109.19197, 41.70396], [-109.1901, 41.70266], [-109.18922, 41.7013], [-109.18917, 41.70007], [-109.18991, 41.69614], [-109.18902, 41.68711], [-109.18935, 41.68515], [-109.19105, 41.68056], [-109.19335, 41.67787], [-109.19485, 41.67687], [-109.19701, 41.67596], [-109.19992, 41.67537], [-109.20928, 41.67505], [-109.21442, 41.67356], [-109.21656, 41.67198], [-109.21726, 41.67048], [-109.21703, 41.66795], [-109.21759, 41.6662], [-109.21421, 41.6639], [-109.2134, 41.66289], [-109.21308, 41.66142], [-109.21332, 41.65804], [-109.21397, 41.65724], [-109.21505, 41.65676], [-109.2163, 41.65672], [-109.21742, 41.65713], [-109.2183, 41.65825], [-109.21835, 41.66103], [-109.21997, 41.66162], [-109.22197, 41.66387], [-109.22292, 41.66385], [-109.22258, 41.66025], [-109.22289, 41.65788], [-109.22792, 41.64778], [-109.22772, 41.64099], [-109.22797, 41.63877], [-109.2327, 41.62932], [-109.23249, 41.62676], [-109.2301, 41.61512], [-109.22996, 41.60818], [-109.22844, 41.60218], [-109.22859, 41.60059], [-109.22952, 41.59827], [-109.22588, 41.59622], [-109.22374, 41.59417], [-109.22167, 41.59169], [-109.22099, 41.58908], [-109.2172, 41.59087], [-109.21211, 41.59438], [-109.20904, 41.59541], [-109.20674, 41.59584], [-109.20445, 41.5959], [-109.20198, 41.59559], [-109.19182, 41.59284], [-109.18961, 41.59264], [-109.18751, 41.59307], [-109.17978, 41.59628], [-109.17707, 41.59701], [-109.15186, 41.59791], [-109.15019, 41.59894], [-109.14828, 41.60245], [-109.14681, 41.60423], [-109.14469, 41.60577], [-109.1423, 41.60683], [-109.10271, 41.61647], [-109.0993, 41.61785], [-109.09067, 41.62255], [-109.08611, 41.62419], [-109.04821, 41.63167], [-109.03551, 41.63452], [-108.95978, 41.6688], [-108.95547, 41.66985], [-108.95287, 41.67018], [-108.93302, 41.67093], [-108.92923, 41.67162], [-108.9271, 41.67234], [-108.91873, 41.6767], [-108.91882, 41.68106], [-108.91718, 41.68521], [-108.91487, 41.68773], [-108.91202, 41.68911], [-108.90713, 41.69045], [-108.90353, 41.68733], [-108.90972, 41.68559], [-108.91148, 41.6847], [-108.91224, 41.68386], [-108.91358, 41.68099], [-108.91373, 41.67935], [-108.90185, 41.68587], [-108.89847, 41.68293], [-108.92005, 41.67114], [-108.92322, 41.66951], [-108.92727, 41.66805], [-108.93032, 41.66736], [-108.93457, 41.66692], [-108.95248, 41.66632], [-108.95817, 41.6651], [-109.03119, 41.63187], [-109.03466, 41.63057], [-109.08442, 41.62049], [-109.08749, 41.61943], [-109.09722, 41.61421], [-109.10134, 41.61266], [-109.13941, 41.60347], [-109.14172, 41.60256], [-109.14335, 41.60112], [-109.1459, 41.59673], [-109.13883, 41.59429], [-109.13689, 41.59309], [-109.1349, 41.59089], [-109.13273, 41.58436], [-109.12714, 41.5776], [-109.12612, 41.57581], [-109.12582, 41.57287], [-109.12687, 41.56777], [-109.12602, 41.56522], [-109.12466, 41.56386], [-109.111, 41.55484], [-109.1095, 41.55324], [-109.10783, 41.55033], [-109.1072, 41.54855], [-109.10764, 41.54623], [-109.10868, 41.54495], [-109.11004, 41.54406], [-109.11147, 41.5435], [-109.11338, 41.54323], [-109.11497, 41.54332], [-109.11688, 41.54387], [-109.11884, 41.54515], [-109.12018, 41.54691], [-109.12062, 41.54832], [-109.12114, 41.55334], [-109.12639, 41.55528], [-109.1295, 41.5579], [-109.14335, 41.5531], [-109.14358, 41.55225], [-109.13786, 41.54827], [-109.13416, 41.54787], [-109.13195, 41.54684], [-109.12972, 41.54494], [-109.12656, 41.54121], [-109.12609, 41.53961], [-109.1267, 41.538], [-109.1279, 41.537], [-109.13121, 41.53545], [-109.1327, 41.53536], [-109.13381, 41.53578], [-109.13653, 41.53891], [-109.13669, 41.53984], [-109.13624, 41.54071], [-109.13529, 41.54133], [-109.13401, 41.54153], [-109.13479, 41.54247], [-109.13629, 41.54384], [-109.13945, 41.54413], [-109.14172, 41.54507], [-109.14775, 41.54999], [-109.14879, 41.55209], [-109.14873, 41.55337], [-109.14821, 41.55458], [-109.14752, 41.55542], [-109.14612, 41.55635], [-109.13216, 41.56137], [-109.12908, 41.56175], [-109.1307, 41.5636], [-109.13192, 41.56657], [-109.13185, 41.56946], [-109.13095, 41.57324], [-109.13108, 41.57477], [-109.13741, 41.58274], [-109.13815, 41.5843], [-109.13928, 41.58862], [-109.14007, 41.58992], [-109.14158, 41.59102], [-109.1498, 41.59368], [-109.1754, 41.59325], [-109.17763, 41.59272], [-109.18587, 41.58935], [-109.18904, 41.58876], [-109.19307, 41.58904], [-109.20389, 41.59189], [-109.20622, 41.5919], [-109.2084, 41.5913], [-109.21346, 41.58788], [-109.21506, 41.58574], [-109.21645, 41.58534], [-109.2183, 41.58562], [-109.22099, 41.58413], [-109.2217, 41.58127], [-109.22471, 41.57539], [-109.22653, 41.57439], [-109.22904, 41.57392], [-109.23058, 41.57307], [-109.23115, 41.57112], [-109.23348, 41.56713], [-109.23474, 41.56616], [-109.23828, 41.56437], [-109.2395, 41.56311], [-109.2424, 41.55865], [-109.24209, 41.55775], [-109.2402, 41.55601], [-109.23691, 41.55091], [-109.22922, 41.54695], [-109.22785, 41.54576], [-109.22543, 41.54277], [-109.22282, 41.54277], [-109.2209, 41.54241], [-109.21931, 41.54154], [-109.21801, 41.5402], [-109.21576, 41.54118], [-109.21452, 41.54109], [-109.21366, 41.54071], [-109.21288, 41.53975], [-109.21305, 41.53845], [-109.21384, 41.53772], [-109.21672, 41.53628], [-109.21801, 41.53612], [-109.21939, 41.5363], [-109.22099, 41.53704], [-109.22341, 41.53881], [-109.22648, 41.53891], [-109.22888, 41.53983], [-109.23008, 41.54087], [-109.23274, 41.54412], [-109.2408, 41.5483], [-109.24468, 41.55412], [-109.24676, 41.55611], [-109.24748, 41.55804], [-109.24748, 41.55935], [-109.2471, 41.56035], [-109.24404, 41.56495], [-109.24179, 41.56719], [-109.23791, 41.56921], [-109.23694, 41.57059], [-109.24011, 41.56992], [-109.24286, 41.56898], [-109.24566, 41.56857], [-109.24698, 41.56797], [-109.24969, 41.56736], [-109.25155, 41.56657], [-109.25224, 41.56571], [-109.25333, 41.56524], [-109.25457, 41.56521], [-109.2557, 41.56564], [-109.25804, 41.56512], [-109.25925, 41.56525], [-109.26061, 41.56451], [-109.26634, 41.56323], [-109.26833, 41.56355], [-109.27509, 41.56203], [-109.29704, 41.55796], [-109.29872, 41.55713], [-109.30765, 41.55084], [-109.30949, 41.5499], [-109.32518, 41.54561], [-109.34609, 41.53881], [-109.34708, 41.5376], [-109.34816, 41.53144], [-109.34882, 41.53], [-109.35055, 41.52824], [-109.35327, 41.52702], [-109.35547, 41.52671], [-109.35772, 41.52686], [-109.3664, 41.52941], [-109.36834, 41.52967], [-109.37461, 41.52811], [-109.38588, 41.52676], [-109.39339, 41.52513], [-109.40371, 41.52493], [-109.41152, 41.52297], [-109.41479, 41.52297], [-109.42224, 41.5242], [-109.42393, 41.5234], [-109.42647, 41.51929], [-109.42865, 41.51736], [-109.42967, 41.52341]], [[-109.19514, 41.70079], [-109.19518, 41.70053], [-109.19435, 41.70021], [-109.19438, 41.70048], [-109.19514, 41.70079]], [[-109.11433, 41.54723], [-109.11297, 41.54724], [-109.11234, 41.54822], [-109.11413, 41.55156], [-109.11582, 41.55298], [-109.1155, 41.54868], [-109.11433, 41.54723]]]}, "properties": {"class": "rails", "buffer_m": 214.5, "area_km2": 39.77}}, {"type": "Feature", "geometry": {"type": "MultiPolygon", "coordinates": [[[[-109.40117, 41.44681], [-109.39578, 41.45199], [-109.39413, 41.45426], [-109.38895, 41.45596], [-109.3903, 41.46065], [-109.39017, 41.46295], [-109.38861, 41.46507], [-109.3885, 41.46627], [-109.38972, 41.47046], [-109.39214, 41.4733], [-109.39685, 41.47346], [-109.40137, 41.4715], [-109.40469, 41.47082], [-109.40911, 41.47172], [-109.41126, 41.47277], [-109.41448, 41.47226], [-109.41588, 41.47237], [-109.41929, 41.47996], [-109.42054, 41.48402], [-109.41989, 41.48451], [-109.42173, 41.4879], [-109.42357, 41.49389], [-109.41971, 41.4929], [-109.41694, 41.49109], [-109.41503, 41.48909], [-109.41324, 41.48572], [-109.41283, 41.48409], [-109.41118, 41.48126], [-109.41109, 41.47973], [-109.41171, 41.4788], [-109.41292, 41.47803], [-109.41438, 41.47769], [-109.41602, 41.47788], [-109.41388, 41.4773], [-109.41203, 41.47759], [-109.40939, 41.47756], [-109.4084, 41.47726], [-109.40703, 41.47632], [-109.4046, 41.4758], [-109.40208, 41.47712], [-109.39928, 41.47938], [-109.39647, 41.48014], [-109.39411, 41.4801], [-109.39195, 41.47936], [-109.38798, 41.47714], [-109.38557, 41.47514], [-109.38357, 41.47201], [-109.38259, 41.46945], [-109.38203, 41.46655], [-109.38229, 41.46433], [-109.38381, 41.46158], [-109.38228, 41.45551], [-109.38299, 41.45192], [-109.38272, 41.44944], [-109.38363, 41.44805], [-109.38466, 41.4453], [-109.38656, 41.44365], [-109.38967, 41.44222], [-109.39256, 41.44157], [-109.39717, 41.44117], [-109.3987, 41.44032], [-109.40237, 41.44646], [-109.40117, 41.44681]]], [[[-109.25588, 41.58282], [-109.25607, 41.58152], [-109.25709, 41.58055], [-109.25864, 41.58007], [-109.26018, 41.58026], [-109.26137, 41.58097], [-109.26216, 41.58214], [-109.26234, 41.58307], [-109.26197, 41.5844], [-109.26312, 41.58628], [-109.26357, 41.58541], [-109.26458, 41.58473], [-109.26562, 41.58449], [-109.26708, 41.58458], [-109.26828, 41.58511], [-109.2689, 41.58581], [-109.2691, 41.58673], [-109.26877, 41.58773], [-109.26753, 41.58865], [-109.26576, 41.5889], [-109.26422, 41.58847], [-109.26335, 41.58764], [-109.26289, 41.58913], [-109.26204, 41.58992], [-109.26051, 41.59034], [-109.25917, 41.59015], [-109.25771, 41.58896], [-109.2577, 41.58749], [-109.25637, 41.58532], [-109.25588, 41.58282]]], [[[-109.23793, 41.57611], [-109.23661, 41.57635], [-109.23529, 41.57609], [-109.23429, 41.5754], [-109.23376, 41.57447], [-109.23384, 41.57344], [-109.23462, 41.57235], [-109.23553, 41.5717], [-109.23664, 41.57137], [-109.23798, 41.57139], [-109.23908, 41.57177], [-109.23991, 41.5725], [-109.24033, 41.57338], [-109.24031, 41.57425], [-109.23986, 41.57503], [-109.23793, 41.57611]]], [[[-109.25913, 41.59851], [-109.25853, 41.59925], [-109.25736, 41.59981], [-109.25547, 41.59989], [-109.25429, 41.59961], [-109.25235, 41.59794], [-109.25215, 41.59679], [-109.25247, 41.59584], [-109.2532, 41.59515], [-109.25428, 41.59473], [-109.25637, 41.59462], [-109.25768, 41.59492], [-109.25866, 41.59554], [-109.25919, 41.59631], [-109.25913, 41.59851]]], [[[-109.06833, 41.60276], [-109.06722, 41.60275], [-109.0662, 41.60242], [-109.0652, 41.60164], [-109.06481, 41.60086], [-109.06484, 41.60003], [-109.06531, 41.59927], [-109.06626, 41.59861], [-109.06726, 41.59833], [-109.06932, 41.59868], [-109.0703, 41.59943], [-109.07071, 41.60019], [-109.07028, 41.60176], [-109.06936, 41.60245], [-109.06833, 41.60276]]], [[[-109.2459, 41.63343], [-109.24732, 41.63343], [-109.24869, 41.63401], [-109.24941, 41.63482], [-109.24965, 41.63608], [-109.24866, 41.63821], [-109.24759, 41.63915], [-109.24569, 41.63972], [-109.24403, 41.63942], [-109.24509, 41.64096], [-109.24478, 41.64211], [-109.24532, 41.64395], [-109.24494, 41.64504], [-109.24381, 41.64591], [-109.24251, 41.64623], [-109.24175, 41.64705], [-109.2407, 41.64758], [-109.2377, 41.6479], [-109.23619, 41.64764], [-109.23508, 41.64697], [-109.2341, 41.6458], [-109.23329, 41.64349], [-109.23175, 41.6417], [-109.23154, 41.64059], [-109.23188, 41.63971], [-109.23322, 41.63854], [-109.23477, 41.63818], [-109.23678, 41.6386], [-109.23847, 41.63958], [-109.23912, 41.6403], [-109.23993, 41.63939], [-109.24091, 41.63895], [-109.24212, 41.63883], [-109.24352, 41.63914], [-109.24265, 41.63808], [-109.24247, 41.63549], [-109.24354, 41.6343], [-109.2459, 41.63343]]], [[[-109.24665, 41.64477], [-109.24611, 41.64395], [-109.24599, 41.64304], [-109.24638, 41.64211], [-109.24718, 41.64145], [-109.24924, 41.64071], [-109.25043, 41.64056], [-109.2518, 41.64085], [-109.25284, 41.64158], [-109.25325, 41.64234], [-109.25324, 41.64323], [-109.25215, 41.64455], [-109.2528, 41.64539], [-109.25286, 41.6465], [-109.25211, 41.64778], [-109.25098, 41.64869], [-109.24908, 41.64904], [-109.24711, 41.64827], [-109.24637, 41.647], [-109.24645, 41.64605], [-109.24709, 41.64513], [-109.24665, 41.64477]]]]}, "properties": {"class": "water", "buffer_m": 234.0, "area_km2": 8.72}}, {"type": "Feature", "geometry": {"type": "MultiPolygon", "coordinates": [[[[-109.39994, 41.44491], [-109.39885, 41.4454], [-109.39342, 41.45083], [-109.39216, 41.45276], [-109.38606, 41.45447], [-109.3863, 41.45698], [-109.3875, 41.46063], [-109.38748, 41.46185], [-109.38745, 41.46244], [-109.38589, 41.46441], [-109.38569, 41.46633], [-109.38607, 41.46827], [-109.38756, 41.47215], [-109.39113, 41.47576], [-109.39284, 41.47534], [-109.39755, 41.47554], [-109.40241, 41.47346], [-109.40471, 41.47293], [-109.40804, 41.47367], [-109.41048, 41.47493], [-109.41481, 41.47436], [-109.41589, 41.47452], [-109.41713, 41.47515], [-109.41756, 41.47612], [-109.41423, 41.47517], [-109.40993, 41.47549], [-109.40845, 41.47442], [-109.405, 41.47367], [-109.40364, 41.47374], [-109.40013, 41.47557], [-109.39866, 41.47699], [-109.39793, 41.47753], [-109.39599, 41.47806], [-109.39481, 41.47806], [-109.39343, 41.47757], [-109.39002, 41.47569], [-109.38799, 41.47408], [-109.38689, 41.47265], [-109.38534, 41.46908], [-109.38482, 41.46638], [-109.38497, 41.46495], [-109.38642, 41.46268], [-109.38669, 41.46133], [-109.38589, 41.45929], [-109.38508, 41.45556], [-109.38581, 41.45185], [-109.38547, 41.44982], [-109.38628, 41.44883], [-109.38679, 41.44688], [-109.38824, 41.44533], [-109.39097, 41.44409], [-109.39319, 41.44362], [-109.3981, 41.44319], [-109.39991, 41.44234], [-109.40122, 41.44454], [-109.39994, 41.44491]], [[-109.38747, 41.448], [-109.3876, 41.44869], [-109.38739, 41.44749], [-109.38747, 41.448]], [[-109.38621, 41.44927], [-109.3857, 41.44988], [-109.38618, 41.45152], [-109.38691, 41.4505], [-109.38663, 41.44875], [-109.38621, 41.44927]], [[-109.40155, 41.47456], [-109.40078, 41.47483], [-109.40059, 41.47508], [-109.40136, 41.4748], [-109.40155, 41.47456]], [[-109.39901, 41.47549], [-109.39673, 41.47606], [-109.39307, 41.47564], [-109.39215, 41.47635], [-109.39151, 41.47624], [-109.39451, 41.47776], [-109.3955, 41.47787], [-109.39738, 41.47718], [-109.4, 41.47535], [-109.39989, 41.47519], [-109.39901, 41.47549]], [[-109.3983, 41.4772], [-109.39823, 41.47691], [-109.39759, 41.47737], [-109.39788, 41.47739], [-109.3983, 41.4772]], [[-109.3951, 41.47795], [-109.39481, 41.47795], [-109.39478, 41.47796], [-109.3952, 41.47799], [-109.3951, 41.47795]], [[-109.38788, 41.47305], [-109.38825, 41.47371], [-109.3889, 41.47414], [-109.3888, 41.47382], [-109.38788, 41.47305]], [[-109.4153, 41.47523], [-109.41516, 41.47506], [-109.41448, 41.47512], [-109.41482, 41.47527], [-109.4153, 41.47523]]], [[[-109.41834, 41.48104], [-109.41886, 41.48208], [-109.41812, 41.48286], [-109.41844, 41.48239], [-109.41744, 41.48244], [-109.41679, 41.4835], [-109.41683, 41.4843], [-109.41917, 41.48887], [-109.4211, 41.49051], [-109.42268, 41.49098], [-109.42287, 41.49161], [-109.42106, 41.49105], [-109.41902, 41.48968], [-109.41754, 41.48815], [-109.41383, 41.48018], [-109.4147, 41.47978], [-109.4159, 41.48025], [-109.41632, 41.48072], [-109.41748, 41.48064], [-109.41883, 41.48004], [-109.4191, 41.47954], [-109.41939, 41.4803], [-109.41834, 41.48104]], [[-109.41714, 41.48259], [-109.41697, 41.4828], [-109.41697, 41.48296], [-109.41733, 41.48249], [-109.41714, 41.48259]], [[-109.41847, 41.48219], [-109.41868, 41.4818], [-109.41818, 41.48114], [-109.41732, 41.48226], [-109.41847, 41.48219]], [[-109.41695, 41.48211], [-109.41693, 41.48209], [-109.41688, 41.48213], [-109.41694, 41.48214], [-109.41695, 41.48211]], [[-109.4173, 41.48148], [-109.41751, 41.48098], [-109.4162, 41.48116], [-109.41676, 41.48209], [-109.4173, 41.48148]], [[-109.41462, 41.47999], [-109.4141, 41.48067], [-109.41532, 41.48231], [-109.41607, 41.48453], [-109.41644, 41.48183], [-109.41564, 41.48033], [-109.41462, 41.47999]]], [[[-109.39975, 41.44228], [-109.39985, 41.44224], [-109.39987, 41.44229], [-109.39975, 41.44228]]], [[[-109.33637, 41.45311], [-109.33629, 41.45372], [-109.33315, 41.45366], [-109.33286, 41.45447], [-109.32956, 41.45454], [-109.32992, 41.45263], [-109.33173, 41.45258], [-109.33174, 41.45315], [-109.33637, 41.45311]]], [[[-109.31822, 41.46797], [-109.32024, 41.46775], [-109.32153, 41.46863], [-109.32104, 41.47022], [-109.31961, 41.47242], [-109.31837, 41.47315], [-109.31786, 41.4728], [-109.31561, 41.47252], [-109.31461, 41.47022], [-109.31478, 41.46976], [-109.31822, 41.46797]]], [[[-109.31313, 41.51954], [-109.31585, 41.52019], [-109.31438, 41.52298], [-109.3102, 41.52283], [-109.31012, 41.52068], [-109.31313, 41.51954]]], [[[-109.32024, 41.52363], [-109.3184, 41.52287], [-109.31913, 41.52187], [-109.32098, 41.52263], [-109.32024, 41.52363]]], [[[-109.31753, 41.52339], [-109.31558, 41.52324], [-109.31567, 41.52257], [-109.31762, 41.52271], [-109.31753, 41.52339]]], [[[-109.32005, 41.52512], [-109.31862, 41.52458], [-109.31926, 41.52363], [-109.32069, 41.52418], [-109.32005, 41.52512]]], [[[-109.30042, 41.53903], [-109.29974, 41.53833], [-109.29968, 41.53642], [-109.30199, 41.53648], [-109.30305, 41.53737], [-109.3031, 41.53898], [-109.30042, 41.53903]]], [[[-109.29677, 41.56713], [-109.29469, 41.5648], [-109.29679, 41.56394], [-109.29863, 41.56632], [-109.29677, 41.56713]]], [[[-109.29164, 41.56794], [-109.29154, 41.56662], [-109.29301, 41.56602], [-109.29446, 41.56796], [-109.29164, 41.56794]]], [[[-109.29116, 41.57319], [-109.29052, 41.5733], [-109.29003, 41.57306], [-109.28935, 41.57146], [-109.29044, 41.57138], [-109.2907, 41.57162], [-109.29116, 41.57319]]], [[[-109.28141, 41.57689], [-109.28137, 41.57496], [-109.29142, 41.57519], [-109.29143, 41.57976], [-109.28883, 41.5794], [-109.28149, 41.57928], [-109.28141, 41.57689]]], [[[-109.27248, 41.57788], [-109.27296, 41.57817], [-109.27323, 41.57794], [-109.27392, 41.57907], [-109.2815, 41.57955], [-109.28156, 41.58232], [-109.27187, 41.58213], [-109.27156, 41.57864], [-109.27254, 41.5788], [-109.27248, 41.57788]]], [[[-109.26811, 41.58051], [-109.26873, 41.58016], [-109.26851, 41.57992], [-109.27028, 41.57896], [-109.27057, 41.57924], [-109.27105, 41.579], [-109.27125, 41.58261], [-109.27102, 41.58282], [-109.27137, 41.58303], [-109.26817, 41.5859], [-109.26673, 41.58505], [-109.26407, 41.58429], [-109.2626, 41.58317], [-109.26789, 41.58026], [-109.26803, 41.58046], [-109.26669, 41.58255], [-109.26704, 41.5827], [-109.26811, 41.58051]]], [[[-109.27179, 41.58658], [-109.27072, 41.58671], [-109.27197, 41.58672], [-109.27202, 41.58763], [-109.27098, 41.58763], [-109.26978, 41.58689], [-109.27085, 41.58589], [-109.26953, 41.58508], [-109.27144, 41.58333], [-109.27172, 41.5835], [-109.27185, 41.58454], [-109.27179, 41.58658]]], [[[-109.26629, 41.5867], [-109.26594, 41.5868], [-109.26589, 41.58659], [-109.2663, 41.5866], [-109.26629, 41.5867]]], [[[-109.27185, 41.59682], [-109.26713, 41.59675], [-109.26713, 41.59309], [-109.26462, 41.59305], [-109.26356, 41.59236], [-109.26276, 41.59236], [-109.26247, 41.59199], [-109.2628, 41.59128], [-109.26825, 41.58622], [-109.27178, 41.58839], [-109.27185, 41.59682]]], [[[-109.26715, 41.59691], [-109.26713, 41.60037], [-109.2587, 41.60011], [-109.26008, 41.59674], [-109.26715, 41.59691]]], [[[-109.26904, 41.63907], [-109.26904, 41.63964], [-109.26831, 41.63964], [-109.26831, 41.63908], [-109.26904, 41.63907]]], [[[-109.24479, 41.57867], [-109.24477, 41.57717], [-109.24567, 41.57716], [-109.24564, 41.5752], [-109.24593, 41.57464], [-109.24407, 41.57433], [-109.24221, 41.57437], [-109.24196, 41.57523], [-109.23879, 41.57671], [-109.23832, 41.57614], [-109.23658, 41.57695], [-109.23504, 41.57832], [-109.23489, 41.57887], [-109.23148, 41.58123], [-109.23041, 41.58266], [-109.2289, 41.58321], [-109.22786, 41.58497], [-109.22701, 41.58493], [-109.22702, 41.58453], [-109.22771, 41.58423], [-109.23093, 41.58003], [-109.23042, 41.57978], [-109.22791, 41.58302], [-109.22682, 41.58091], [-109.22827, 41.57924], [-109.23155, 41.57813], [-109.2351, 41.57603], [-109.23534, 41.5756], [-109.2416, 41.57307], [-109.24326, 41.57273], [-109.24329, 41.57253], [-109.24474, 41.57216], [-109.24482, 41.57311], [-109.24559, 41.5733], [-109.2456, 41.57355], [-109.25143, 41.57487], [-109.25233, 41.57485], [-109.25242, 41.57451], [-109.25487, 41.57486], [-109.2549, 41.57553], [-109.25525, 41.57571], [-109.25782, 41.57576], [-109.25781, 41.57657], [-109.2566, 41.57749], [-109.25334, 41.57776], [-109.2528, 41.57855], [-109.25308, 41.57988], [-109.252, 41.58173], [-109.24984, 41.5817], [-109.24979, 41.57965], [-109.24865, 41.57965], [-109.24865, 41.57928], [-109.24479, 41.57928], [-109.24479, 41.57867]], [[-109.2311, 41.58104], [-109.23069, 41.58085], [-109.23148, 41.58123], [-109.2311, 41.58104]]], [[[-109.2639, 41.58445], [-109.26436, 41.58461], [-109.2641, 41.58581], [-109.26505, 41.58596], [-109.26431, 41.58753], [-109.26442, 41.58806], [-109.26057, 41.58842], [-109.2606, 41.58711], [-109.25919, 41.58485], [-109.2592, 41.58387], [-109.2589, 41.58387], [-109.25884, 41.58344], [-109.2589, 41.58463], [-109.26045, 41.58712], [-109.26027, 41.58832], [-109.25933, 41.58812], [-109.2583, 41.58749], [-109.25721, 41.58538], [-109.25576, 41.58384], [-109.25825, 41.58245], [-109.25867, 41.58332], [-109.25846, 41.58233], [-109.25919, 41.58196], [-109.26063, 41.58346], [-109.25999, 41.58382], [-109.26278, 41.58378], [-109.2639, 41.58445]]], [[[-109.25632, 41.58663], [-109.25644, 41.58761], [-109.25776, 41.58727], [-109.25853, 41.58794], [-109.25987, 41.58849], [-109.25983, 41.58923], [-109.25393, 41.58911], [-109.25393, 41.58681], [-109.25226, 41.58681], [-109.25203, 41.58661], [-109.25392, 41.58519], [-109.25592, 41.58436], [-109.25724, 41.586], [-109.25726, 41.58621], [-109.25627, 41.58639], [-109.25632, 41.58663]]], [[[-109.2499, 41.5898], [-109.25013, 41.58964], [-109.25026, 41.58995], [-109.25, 41.59002], [-109.2499, 41.5898]]], [[[-109.26258, 41.59098], [-109.26213, 41.59091], [-109.26212, 41.59155], [-109.26065, 41.59286], [-109.25971, 41.59283], [-109.25961, 41.59122], [-109.25938, 41.59469], [-109.25537, 41.5946], [-109.25538, 41.59278], [-109.25711, 41.59283], [-109.2571, 41.58923], [-109.26026, 41.5893], [-109.26039, 41.58862], [-109.26211, 41.58855], [-109.26213, 41.58934], [-109.26336, 41.58936], [-109.26258, 41.59098]]], [[[-109.26197, 41.59302], [-109.26195, 41.59271], [-109.26323, 41.59276], [-109.26387, 41.5931], [-109.26197, 41.59302]]], [[[-109.25301, 41.59453], [-109.25501, 41.59479], [-109.25537, 41.59653], [-109.25326, 41.59657], [-109.25325, 41.59511], [-109.25226, 41.5951], [-109.25224, 41.5945], [-109.25301, 41.59453]]], [[[-109.2559, 41.59735], [-109.25567, 41.59713], [-109.25497, 41.59719], [-109.25497, 41.59678], [-109.25635, 41.59678], [-109.25648, 41.59781], [-109.25568, 41.59778], [-109.2559, 41.59735]]], [[[-109.25326, 41.59775], [-109.25326, 41.59676], [-109.25382, 41.59674], [-109.25384, 41.59912], [-109.25238, 41.59925], [-109.25226, 41.59787], [-109.25326, 41.59775]]], [[[-109.24731, 41.6008], [-109.24794, 41.60044], [-109.24825, 41.60081], [-109.24769, 41.60126], [-109.24731, 41.6008]]], [[[-109.24774, 41.60184], [-109.24885, 41.60137], [-109.25105, 41.60146], [-109.2499, 41.60282], [-109.2491, 41.60283], [-109.24911, 41.60351], [-109.24818, 41.60347], [-109.24774, 41.60184]]], [[[-109.24656, 41.63548], [-109.24686, 41.63588], [-109.24667, 41.63617], [-109.24641, 41.63576], [-109.24656, 41.63548]]], [[[-109.24528, 41.63596], [-109.24582, 41.63597], [-109.24609, 41.63628], [-109.24531, 41.63632], [-109.24528, 41.63596]]], [[[-109.24575, 41.63754], [-109.24543, 41.6376], [-109.24538, 41.63738], [-109.24611, 41.63699], [-109.24575, 41.63754]]], [[[-109.24195, 41.64094], [-109.24223, 41.64105], [-109.24225, 41.6412], [-109.24177, 41.64112], [-109.24195, 41.64094]]], [[[-109.24914, 41.64361], [-109.24887, 41.64313], [-109.25049, 41.64273], [-109.25044, 41.64288], [-109.24914, 41.64361]]], [[[-109.24201, 41.64374], [-109.2419, 41.64302], [-109.24211, 41.6429], [-109.24238, 41.6441], [-109.24208, 41.6441], [-109.24201, 41.64374]]], [[[-109.2477, 41.64492], [-109.24625, 41.64516], [-109.24567, 41.64333], [-109.24737, 41.64282], [-109.24797, 41.64297], [-109.24861, 41.64378], [-109.24844, 41.64435], [-109.2477, 41.64492]]], [[[-109.23797, 41.64449], [-109.23786, 41.64569], [-109.23756, 41.64579], [-109.23657, 41.64471], [-109.23736, 41.64417], [-109.2376, 41.64355], [-109.23797, 41.64449]]], [[[-109.24195, 41.64451], [-109.24223, 41.64438], [-109.24244, 41.64468], [-109.24222, 41.64521], [-109.24195, 41.64451]]], [[[-109.23897, 41.64508], [-109.23857, 41.64542], [-109.23813, 41.64487], [-109.23868, 41.64449], [-109.23897, 41.64508]]], [[[-109.24126, 41.64507], [-109.24124, 41.64516], [-109.24107, 41.6452], [-109.2411, 41.64507], [-109.24126, 41.64507]]], [[[-109.23937, 41.64547], [-109.23919, 41.6449], [-109.2394, 41.64473], [-109.23997, 41.64528], [-109.23963, 41.64564], [-109.23937, 41.64547]]], [[[-109.24307, 41.64545], [-109.24236, 41.64566], [-109.24268, 41.64506], [-109.24375, 41.64486], [-109.24381, 41.64519], [-109.24307, 41.64545]]], [[[-109.24969, 41.64672], [-109.24927, 41.64692], [-109.24917, 41.64656], [-109.24992, 41.64589], [-109.25012, 41.64604], [-109.24969, 41.64672]]], [[[-109.23102, 41.57449], [-109.23076, 41.57466], [-109.22662, 41.57445], [-109.22601, 41.57395], [-109.22634, 41.57374], [-109.22619, 41.57359], [-109.22697, 41.57313], [-109.22812, 41.57283], [-109.22979, 41.57173], [-109.23123, 41.57204], [-109.23202, 41.57285], [-109.23304, 41.57219], [-109.23281, 41.57356], [-109.23102, 41.57449]]], [[[-109.22302, 41.57312], [-109.22301, 41.57194], [-109.22418, 41.57193], [-109.22632, 41.57374], [-109.22541, 41.57434], [-109.22302, 41.57312]]], [[[-109.23753, 41.57384], [-109.23712, 41.57392], [-109.23692, 41.57356], [-109.23736, 41.57344], [-109.23753, 41.57384]]], [[[-109.23666, 41.57402], [-109.23677, 41.57419], [-109.23664, 41.57424], [-109.23652, 41.57408], [-109.23666, 41.57402]]], [[[-109.22882, 41.57502], [-109.22696, 41.57589], [-109.22604, 41.57489], [-109.2286, 41.57484], [-109.22882, 41.57502]]], [[[-109.21889, 41.5786], [-109.21992, 41.57859], [-109.22002, 41.5779], [-109.22316, 41.57785], [-109.22345, 41.5782], [-109.22288, 41.57927], [-109.22175, 41.57929], [-109.22027, 41.5802], [-109.2235, 41.5835], [-109.22346, 41.584], [-109.22283, 41.58444], [-109.22237, 41.58395], [-109.22127, 41.58453], [-109.2196, 41.58278], [-109.21808, 41.58378], [-109.21726, 41.58293], [-109.21678, 41.58318], [-109.21615, 41.58252], [-109.21504, 41.58286], [-109.21112, 41.58239], [-109.20937, 41.58143], [-109.2094, 41.58033], [-109.20849, 41.58007], [-109.20794, 41.57879], [-109.20758, 41.57878], [-109.20736, 41.57838], [-109.20619, 41.57838], [-109.20642, 41.5794], [-109.20389, 41.57735], [-109.20305, 41.57621], [-109.20125, 41.57589], [-109.20222, 41.57434], [-109.20366, 41.57312], [-109.20366, 41.57224], [-109.20521, 41.5709], [-109.20579, 41.56912], [-109.20853, 41.56907], [-109.20855, 41.56951], [-109.20693, 41.5706], [-109.20728, 41.57091], [-109.20853, 41.57084], [-109.20852, 41.57023], [-109.21085, 41.56995], [-109.21087, 41.5693], [-109.21209, 41.56898], [-109.21204, 41.56807], [-109.21425, 41.56774], [-109.21425, 41.56736], [-109.2157, 41.56736], [-109.21584, 41.5683], [-109.21814, 41.57066], [-109.22014, 41.57093], [-109.22059, 41.57152], [-109.22064, 41.57432], [-109.21824, 41.57452], [-109.21834, 41.57757], [-109.21925, 41.57758], [-109.21889, 41.5786]]], [[[-109.22638, 41.58112], [-109.22723, 41.58221], [-109.22623, 41.58159], [-109.22638, 41.58112]]], [[[-109.2268, 41.58599], [-109.22678, 41.58752], [-109.226, 41.58738], [-109.22605, 41.58587], [-109.22554, 41.58529], [-109.2263, 41.58481], [-109.2268, 41.58599]]], [[[-109.22113, 41.58639], [-109.21906, 41.58741], [-109.22103, 41.58624], [-109.22113, 41.58639]]], [[[-109.22123, 41.58934], [-109.22254, 41.58896], [-109.22265, 41.58986], [-109.2217, 41.58995], [-109.22123, 41.58934]]], [[[-109.22641, 41.5876], [-109.2268, 41.58786], [-109.22674, 41.58845], [-109.22619, 41.58905], [-109.22632, 41.58987], [-109.22585, 41.59106], [-109.22618, 41.59137], [-109.22511, 41.59212], [-109.224, 41.59075], [-109.22382, 41.58751], [-109.22641, 41.5876]]], [[[-109.21099, 41.59105], [-109.21123, 41.59124], [-109.21038, 41.59177], [-109.2096, 41.59115], [-109.21099, 41.59105]]], [[[-109.21531, 41.59231], [-109.21459, 41.5922], [-109.21376, 41.5912], [-109.21385, 41.59114], [-109.21531, 41.59231]]], [[[-109.23571, 41.59477], [-109.23734, 41.5958], [-109.23637, 41.5967], [-109.23507, 41.59618], [-109.23503, 41.59542], [-109.23389, 41.59472], [-109.23423, 41.59422], [-109.23287, 41.59344], [-109.23283, 41.59281], [-109.23448, 41.5926], [-109.23484, 41.5938], [-109.23571, 41.59477]]], [[[-109.21813, 41.59379], [-109.21729, 41.5939], [-109.21691, 41.59352], [-109.21743, 41.5937], [-109.21813, 41.59379]]], [[[-109.21566, 41.59778], [-109.21608, 41.59808], [-109.21593, 41.59817], [-109.21545, 41.59802], [-109.21566, 41.59778]]], [[[-109.23701, 41.60042], [-109.23835, 41.60094], [-109.23815, 41.60124], [-109.23871, 41.60139], [-109.23764, 41.60302], [-109.23726, 41.60292], [-109.23676, 41.60365], [-109.23556, 41.60356], [-109.23544, 41.60327], [-109.23481, 41.60346], [-109.2347, 41.60533], [-109.23225, 41.60616], [-109.23149, 41.60136], [-109.23454, 41.60036], [-109.23452, 41.59994], [-109.23574, 41.59812], [-109.23711, 41.59774], [-109.23824, 41.59617], [-109.24, 41.59679], [-109.23701, 41.60042]]], [[[-109.21813, 41.60245], [-109.21778, 41.6025], [-109.21768, 41.60198], [-109.21804, 41.60193], [-109.21813, 41.60245]]], [[[-109.22414, 41.61781], [-109.22414, 41.61803], [-109.22299, 41.61803], [-109.22294, 41.61919], [-109.22059, 41.61914], [-109.22061, 41.61775], [-109.22319, 41.61776], [-109.22316, 41.61667], [-109.22472, 41.61666], [-109.22468, 41.61775], [-109.22414, 41.61781]]], [[[-109.23315, 41.61799], [-109.23328, 41.61913], [-109.23292, 41.61916], [-109.23262, 41.61806], [-109.23315, 41.61799]]], [[[-109.2256, 41.62224], [-109.22743, 41.62162], [-109.22751, 41.62301], [-109.22565, 41.62307], [-109.2256, 41.62224]]], [[[-109.23641, 41.64142], [-109.23512, 41.64187], [-109.23494, 41.64122], [-109.23435, 41.64071], [-109.23509, 41.6403], [-109.23521, 41.641], [-109.2362, 41.6409], [-109.23658, 41.64123], [-109.23641, 41.64142]]], [[[-109.23724, 41.64308], [-109.23673, 41.64332], [-109.23728, 41.64402], [-109.23688, 41.6442], [-109.23612, 41.64344], [-109.23632, 41.64213], [-109.23723, 41.64276], [-109.23724, 41.64308]]], [[[-109.12344, 41.4192], [-109.12687, 41.41916], [-109.12697, 41.42456], [-109.12354, 41.42459], [-109.12344, 41.4192]]], [[[-109.15193, 41.5032], [-109.15149, 41.50367], [-109.1508, 41.50366], [-109.15081, 41.5023], [-109.15324, 41.50242], [-109.15336, 41.5027], [-109.15193, 41.5032]]], [[[-109.13872, 41.54669], [-109.13529, 41.54641], [-109.13348, 41.54564], [-109.13258, 41.54561], [-109.13204, 41.54425], [-109.13063, 41.54267], [-109.13028, 41.54281], [-109.12934, 41.54184], [-109.12966, 41.54166], [-109.12858, 41.54039], [-109.12845, 41.53939], [-109.12934, 41.53837], [-109.13214, 41.53708], [-109.13717, 41.54298], [-109.13426, 41.54489], [-109.13561, 41.54564], [-109.13819, 41.54575], [-109.13958, 41.54617], [-109.14272, 41.54873], [-109.14189, 41.54934], [-109.14167, 41.54915], [-109.14239, 41.54874], [-109.14118, 41.548], [-109.14057, 41.54794], [-109.13872, 41.54669]]], [[[-109.20018, 41.59], [-109.19785, 41.58904], [-109.197, 41.5884], [-109.19748, 41.58852], [-109.1975, 41.58831], [-109.19539, 41.58506], [-109.19565, 41.58451], [-109.19981, 41.58302], [-109.20024, 41.58369], [-109.20195, 41.58338], [-109.20351, 41.5838], [-109.20515, 41.58219], [-109.2072, 41.58223], [-109.20724, 41.58397], [-109.20825, 41.58417], [-109.21158, 41.58409], [-109.21295, 41.58506], [-109.21348, 41.58469], [-109.21342, 41.58357], [-109.2151, 41.5838], [-109.2172, 41.58361], [-109.21853, 41.58525], [-109.2169, 41.58683], [-109.21573, 41.58741], [-109.21466, 41.58659], [-109.21359, 41.58718], [-109.21355, 41.58877], [-109.21231, 41.58878], [-109.21235, 41.59069], [-109.212, 41.59093], [-109.20736, 41.591], [-109.20527, 41.59156], [-109.20523, 41.59353], [-109.20408, 41.59313], [-109.20334, 41.59189], [-109.20384, 41.59149], [-109.20386, 41.59078], [-109.20209, 41.59075], [-109.20018, 41.59]]], [[[-109.01554, 41.59053], [-109.0149, 41.59037], [-109.01511, 41.58991], [-109.01576, 41.59007], [-109.01554, 41.59053]]], [[[-109.20411, 41.596], [-109.20393, 41.59659], [-109.20354, 41.59659], [-109.20279, 41.59623], [-109.20286, 41.59551], [-109.20406, 41.59553], [-109.20411, 41.596]]], [[[-109.20635, 41.5975], [-109.20601, 41.59767], [-109.20389, 41.59712], [-109.20461, 41.59554], [-109.20751, 41.59586], [-109.20734, 41.59676], [-109.20643, 41.59707], [-109.20635, 41.5975]]], [[[-109.19413, 41.59591], [-109.19755, 41.59624], [-109.19771, 41.59782], [-109.19903, 41.59808], [-109.19986, 41.59947], [-109.1939, 41.60078], [-109.19383, 41.59643], [-109.19413, 41.59591]]], [[[-109.20402, 41.60061], [-109.2034, 41.60019], [-109.20438, 41.59902], [-109.20576, 41.59957], [-109.2074, 41.59974], [-109.20742, 41.59999], [-109.20493, 41.60062], [-109.20402, 41.60061]]], [[[-109.06781, 41.60069], [-109.06758, 41.60051], [-109.06772, 41.60041], [-109.06795, 41.60058], [-109.06781, 41.60069]]], [[[-109.0805, 41.62691], [-109.07727, 41.62679], [-109.07684, 41.62534], [-109.07982, 41.62457], [-109.0805, 41.62691]]], [[[-109.00664, 41.64963], [-109.00652, 41.64601], [-109.00714, 41.64608], [-109.00723, 41.6464], [-109.01284, 41.6464], [-109.01284, 41.64701], [-109.00664, 41.64963]]], [[[-108.98395, 41.66458], [-108.98198, 41.66455], [-108.982, 41.66355], [-108.98398, 41.66357], [-108.98395, 41.66458]]], [[[-108.98079, 41.66599], [-108.97996, 41.66618], [-108.97966, 41.66543], [-108.98048, 41.66524], [-108.98079, 41.66599]]], [[[-108.98286, 41.66725], [-108.9826, 41.66728], [-108.98256, 41.6671], [-108.98282, 41.66706], [-108.98286, 41.66725]]], [[[-109.19233, 41.67108], [-109.1931, 41.6711], [-109.19242, 41.67202], [-109.1918, 41.67181], [-109.192, 41.67076], [-109.19233, 41.67108]]], [[[-108.9791, 41.67365], [-108.97835, 41.67352], [-108.97875, 41.67225], [-108.97949, 41.67238], [-108.9791, 41.67365]]], [[[-108.98877, 41.68634], [-108.98783, 41.68616], [-108.9884, 41.68537], [-108.98923, 41.6857], [-108.98877, 41.68634]]], [[[-108.9775, 41.68817], [-108.97698, 41.6881], [-108.97711, 41.68752], [-108.97763, 41.68759], [-108.9775, 41.68817]]], [[[-108.97704, 41.69946], [-108.97649, 41.69969], [-108.97632, 41.69945], [-108.97686, 41.69922], [-108.97704, 41.69946]]], [[[-108.98651, 41.70626], [-108.9858, 41.70628], [-108.98605, 41.70589], [-108.98674, 41.70589], [-108.98651, 41.70626]]], [[[-108.97576, 41.70703], [-108.97513, 41.70727], [-108.97477, 41.70674], [-108.9754, 41.7065], [-108.97576, 41.70703]]], [[[-108.95863, 41.70717], [-108.95792, 41.70738], [-108.95766, 41.7069], [-108.95837, 41.70669], [-108.95863, 41.70717]]], [[[-108.97055, 41.71561], [-108.96991, 41.71606], [-108.96937, 41.71564], [-108.97, 41.71519], [-108.97055, 41.71561]]], [[[-108.96749, 41.72049], [-108.96644, 41.72032], [-108.96691, 41.71977], [-108.96766, 41.71989], [-108.96749, 41.72049]]], [[[-109.10861, 41.7603], [-109.10848, 41.76006], [-109.10866, 41.76], [-109.10879, 41.76024], [-109.10861, 41.7603]]]]}, "properties": {"class": "landcover", "buffer_m": 0.0, "area_km2": 10.93}}]}