{"type": "FeatureCollection", "features": [{"type": "Feature", "geometry": {"type": "MultiPolygon", "coordinates": [[[[6.82305, 51.03494], [6.82415, 51.0338], [6.82313, 51.03323], [6.8211, 51.03286], [6.82305, 51.03494]]], [[[6.81037, 50.93251], [6.81246, 50.93256], [6.81281, 50.93182], [6.81063, 50.93183], [6.81037, 50.93251]]], [[[6.81598, 50.92726], [6.81559, 50.92671], [6.81442, 50.9266], [6.81415, 50.92779], [6.81513, 50.92779], [6.81598, 50.92726]]], [[[6.83868, 51.00282], [6.84063, 51.00258], [6.83941, 51.00158], [6.83882, 51.00026], [6.83909, 50.9989], [6.84031, 50.99759], [6.84005, 50.99711], [6.84066, 50.99737], [6.84397, 50.99647], [6.84714, 50.99692], [6.84948, 50.995], [6.85296, 50.99432], [6.85321, 50.99319], [6.85128, 50.99275], [6.84924, 50.99349], [6.84747, 50.9937], [6.848, 50.99413], [6.84643, 50.99461], [6.84588, 50.9936], [6.84427, 50.9932], [6.84264, 50.99228], [6.8395, 50.99266], [6.83986, 50.99396], [6.83877, 50.99531], [6.8312, 50.99734], [6.83064, 50.99831], [6.83182, 50.99839], [6.83197, 50.99994], [6.83406, 51.00069], [6.83591, 51.00202], [6.83722, 51.00183], [6.83868, 51.00282]]], [[[6.87222, 51.01431], [6.86979, 51.01594], [6.86886, 51.01816], [6.87279, 51.01876], [6.87339, 51.01815], [6.87324, 51.01635], [6.87443, 51.01475], [6.87222, 51.01431]]], [[[6.87514, 51.01424], [6.87961, 51.01254], [6.88197, 51.01224], [6.87882, 51.01112], [6.87716, 51.01187], [6.87523, 51.01219], [6.87321, 51.01362], [6.87532, 51.01405], [6.87514, 51.01424]]], [[[6.82755, 50.97504], [6.82306, 50.97213], [6.81919, 50.97628], [6.81733, 50.98216], [6.81806, 50.98209], [6.81916, 50.98118], [6.82104, 50.98044], [6.82486, 50.98042], [6.82533, 50.97816], [6.82755, 50.97666], [6.82755, 50.97504]]], [[[6.82697, 51.00142], [6.82728, 51.00149], [6.82726, 51.00121], [6.82698, 51.00132], [6.82697, 51.00142]]], [[[6.82275, 51.01195], [6.82381, 51.01383], [6.82323, 51.01567], [6.82618, 51.01716], [6.83042, 51.01604], [6.83163, 51.01515], [6.83388, 51.0144], [6.83608, 51.01428], [6.83835, 51.01478], [6.8393, 51.01448], [6.83937, 51.01398], [6.83405, 51.01248], [6.83091, 51.01334], [6.82686, 51.01278], [6.82418, 51.01154], [6.82279, 51.01003], [6.82175, 51.01129], [6.82275, 51.01195]], [[6.83355, 51.01399], [6.83333, 51.01389], [6.83414, 51.01322], [6.83435, 51.01331], [6.83355, 51.01399]]], [[[6.83713, 51.00694], [6.83532, 51.00717], [6.83562, 51.00824], [6.83736, 51.00717], [6.83713, 51.00694]]], [[[6.8447, 51.00745], [6.84485, 51.0075], [6.84483, 51.00737], [6.8447, 51.00745]]], [[[6.84343, 51.01863], [6.84247, 51.01779], [6.84117, 51.0182], [6.83998, 51.02011], [6.84091, 51.02224], [6.83983, 51.02415], [6.83617, 51.02585], [6.83364, 51.02635], [6.82933, 51.02973], [6.82948, 51.03058], [6.83323, 51.03241], [6.83652, 51.03532], [6.84027, 51.03066], [6.84503, 51.02631], [6.84464, 51.02501], [6.84493, 51.02344], [6.8472, 51.02205], [6.85071, 51.02125], [6.84924, 51.01985], [6.8462, 51.01962], [6.84343, 51.01863]]], [[[6.83243, 51.04422], [6.83392, 51.04], [6.82952, 51.03565], [6.82641, 51.03885], [6.83243, 51.04422]]], [[[6.86624, 51.05634], [6.86531, 51.05436], [6.86593, 51.05351], [6.86739, 51.05287], [6.86972, 51.05299], [6.8715, 51.05421], [6.87486, 51.05438], [6.87478, 51.05296], [6.87592, 51.05126], [6.87167, 51.04853], [6.86947, 51.04763], [6.86697, 51.04827], [6.86502, 51.04819], [6.86341, 51.04761], [6.86066, 51.04989], [6.86065, 51.05143], [6.86189, 51.05334], [6.86624, 51.05634]], [[6.86989, 51.04832], [6.87001, 51.04838], [6.87004, 51.04848], [6.86962, 51.04837], [6.86989, 51.04832]]], [[[6.88254, 51.04992], [6.88538, 51.05131], [6.89037, 51.04723], [6.88904, 51.04661], [6.88558, 51.04853], [6.8845, 51.0477], [6.88308, 51.0475], [6.88189, 51.04907], [6.88254, 51.04992]]], [[[6.87889, 51.04471], [6.87837, 51.04453], [6.87833, 51.04451], [6.87835, 51.04472], [6.87889, 51.04471]]], [[[6.86771, 51.01732], [6.86691, 51.01783], [6.8674, 51.01801], [6.86771, 51.01732]]], [[[6.86216, 51.02083], [6.86011, 51.02211], [6.86504, 51.02313], [6.86416, 51.02507], [6.86044, 51.0244], [6.85974, 51.02234], [6.85819, 51.02326], [6.85751, 51.02434], [6.85707, 51.02601], [6.85808, 51.02697], [6.86291, 51.02657], [6.86397, 51.02557], [6.86496, 51.02342], [6.86779, 51.02407], [6.86508, 51.0232], [6.8686, 51.02403], [6.87034, 51.02419], [6.87057, 51.02396], [6.87011, 51.02262], [6.865, 51.02187], [6.86216, 51.02083]]], [[[6.85614, 51.02764], [6.85507, 51.02906], [6.8548, 51.02962], [6.85687, 51.02843], [6.85614, 51.02764]]], [[[6.85344, 51.03618], [6.85323, 51.03909], [6.85415, 51.03959], [6.85747, 51.0394], [6.8646, 51.03214], [6.86234, 51.03133], [6.85344, 51.03618]]], [[[6.87297, 51.03183], [6.87084, 51.03421], [6.87009, 51.03396], [6.86853, 51.03553], [6.87031, 51.03551], [6.873, 51.0345], [6.87606, 51.03456], [6.87681, 51.0334], [6.87635, 51.03325], [6.8766, 51.03296], [6.87702, 51.03309], [6.8785, 51.03187], [6.88138, 51.03066], [6.88123, 51.02976], [6.88014, 51.02971], [6.87876, 51.03129], [6.87801, 51.03111], [6.8765, 51.0328], [6.87249, 51.0315], [6.87297, 51.03183]]], [[[6.89917, 51.05869], [6.8979, 51.05664], [6.89322, 51.05853], [6.88762, 51.0598], [6.88895, 51.06085], [6.88959, 51.06222], [6.89917, 51.05869]]], [[[6.94391, 50.86403], [6.94146, 50.86362], [6.93953, 50.8626], [6.93847, 50.86425], [6.94089, 50.86537], [6.94396, 50.86754], [6.94573, 50.86687], [6.94391, 50.86403]], [[6.94428, 50.86677], [6.94414, 50.86633], [6.9442, 50.86626], [6.94447, 50.86671], [6.94428, 50.86677]]], [[[6.9237, 51.00617], [6.92242, 51.00661], [6.92378, 51.00811], [6.92548, 51.00577], [6.9237, 51.00617]]], [[[6.89283, 51.0451], [6.89304, 51.04516], [6.89325, 51.04493], [6.89288, 51.04508], [6.89283, 51.0451]]], [[[6.89184, 51.05379], [6.8925, 51.05432], [6.89506, 51.05319], [6.89303, 51.05311], [6.8915, 51.05369], [6.89285, 51.05308], [6.89125, 51.05261], [6.88885, 51.05474], [6.88906, 51.05552], [6.89233, 51.05439], [6.89184, 51.05379]]], [[[6.9075, 51.05293], [6.90633, 51.0534], [6.90837, 51.0547], [6.90906, 51.05426], [6.90765, 51.05254], [6.9059, 51.05326], [6.9075, 51.05293]]], [[[6.93309, 51.08981], [6.93346, 51.08946], [6.93225, 51.08811], [6.93173, 51.08961], [6.93309, 51.08981]]], [[[7.00521, 50.99317], [7.00436, 50.99351], [7.00378, 50.99583], [7.00486, 50.99594], [7.00374, 50.99628], [7.00424, 50.99698], [7.00515, 50.99593], [7.00569, 50.99343], [7.00555, 50.99299], [7.00521, 50.99317]]], [[[7.00635, 50.99244], [7.00578, 50.99286], [7.006, 50.99418], [7.00867, 50.99414], [7.00868, 50.99571], [7.00918, 50.99573], [7.00896, 50.99252], [7.00635, 50.99244]]], [[[7.0093, 50.99637], [7.0056, 50.99601], [7.00502, 50.99691], [7.00946, 50.99713], [7.0093, 50.99637]]], [[[7.0099, 50.99912], [7.00962, 50.99783], [7.00888, 50.99767], [7.0089, 50.99732], [7.00708, 50.99731], [7.009, 50.9988], [7.00853, 50.99875], [7.009, 50.99969], [7.01015, 51.00013], [7.00925, 50.99885], [7.0099, 50.99912]]], [[[7.00857, 51.00003], [7.01025, 51.00054], [7.01016, 51.00016], [7.00954, 51.00027], [7.00867, 50.99967], [7.00857, 51.00003]]], [[[7.01407, 51.08478], [7.0131, 51.08444], [7.01298, 51.08554], [7.01424, 51.08769], [7.01435, 51.08665], [7.0155, 51.0867], [7.01616, 51.08632], [7.01407, 51.08478]]], [[[7.06201, 51.01343], [7.06199, 51.01331], [7.06269, 51.01267], [7.06174, 51.01335], [7.0625, 51.0137], [7.06201, 51.01343]]], [[[7.09852, 50.8908], [7.09813, 50.89024], [7.09785, 50.88892], [7.09689, 50.8922], [7.09852, 50.8908]]], [[[7.0964, 50.89167], [7.09577, 50.89134], [7.09607, 50.89165], [7.09511, 50.89225], [7.09631, 50.89221], [7.0964, 50.89167]]], [[[7.09659, 50.89085], [7.0967, 50.89007], [7.09613, 50.89084], [7.09659, 50.89085]]], [[[6.80365, 50.9794], [6.80512, 50.98348], [6.81091, 50.98276], [6.81342, 50.97495], [6.81759, 50.9704], [6.81544, 50.97077], [6.81275, 50.97045], [6.81106, 50.97163], [6.80854, 50.97223], [6.80586, 50.97201], [6.80354, 50.97115], [6.80122, 50.97212], [6.79802, 50.9722], [6.80014, 50.97491], [6.80224, 50.97483], [6.80404, 50.97577], [6.80427, 50.97724], [6.80283, 50.97836], [6.80365, 50.9794]]], [[[7.0214, 50.99304], [7.0214, 50.99306], [7.02141, 50.99304], [7.0214, 50.99304]]], [[[6.97195, 51.07345], [6.97076, 51.07482], [6.96873, 51.0758], [6.96925, 51.07588], [6.97077, 51.07498], [6.97277, 51.07444], [6.97795, 51.07478], [6.97616, 51.07312], [6.97378, 51.07287], [6.97213, 51.07314], [6.97195, 51.07345]]], [[[6.90058, 51.04883], [6.89981, 51.04875], [6.89999, 51.05003], [6.89932, 51.05137], [6.90338, 51.04969], [6.90281, 51.04889], [6.90058, 51.04883]]], [[[6.84526, 51.03826], [6.84715, 51.03842], [6.8481, 51.03034], [6.84452, 51.03395], [6.84174, 51.03774], [6.84526, 51.03826]]], [[[6.83997, 50.91187], [6.83997, 50.91189], [6.84001, 50.91189], [6.83997, 50.91187]]], [[[6.83736, 50.90201], [6.83771, 50.90181], [6.83808, 50.90156], [6.83722, 50.90209], [6.83736, 50.90201]]], [[[6.85381, 50.90683], [6.85025, 50.90716], [6.8505, 50.90894], [6.85423, 50.90804], [6.85417, 50.90684], [6.85381, 50.90683]]], [[[6.85347, 50.8949], [6.85349, 50.89491], [6.85349, 50.89488], [6.85347, 50.8949]]], [[[6.81372, 50.95457], [6.80751, 50.95539], [6.81917, 50.95903], [6.8202, 50.95771], [6.81529, 50.95497], [6.81372, 50.95457]]], [[[6.8078, 50.94881], [6.80637, 50.95069], [6.80627, 50.95161], [6.81479, 50.95046], [6.81145, 50.94796], [6.80897, 50.94761], [6.8078, 50.94881]]], [[[6.86975, 50.9109], [6.87104, 50.91236], [6.87209, 50.91288], [6.87467, 50.91172], [6.86999, 50.90895], [6.86975, 50.9109]]], [[[6.87984, 50.89867], [6.87905, 50.89839], [6.87746, 50.89988], [6.87794, 50.90109], [6.87984, 50.89867]]], [[[6.94091, 51.06571], [6.94133, 51.06589], [6.94115, 51.06451], [6.94054, 51.06552], [6.94091, 51.06571]]], [[[6.9509, 50.88068], [6.95079, 50.88072], [6.9505, 50.88082], [6.95119, 50.88089], [6.9509, 50.88068]]], [[[6.93621, 50.86799], [6.93639, 50.86845], [6.93689, 50.86833], [6.93665, 50.86815], [6.93621, 50.86799]]], [[[6.96666, 50.8692], [6.96643, 50.86925], [6.96667, 50.86938], [6.96666, 50.8692]]], [[[7.01135, 51.00888], [7.01082, 51.00886], [7.01134, 51.00965], [7.01136, 51.00928], [7.01135, 51.00888]]], [[[7.01111, 51.01151], [7.01112, 51.01144], [7.01117, 51.01108], [7.01088, 51.01144], [7.01111, 51.01151]]], [[[7.03483, 50.88888], [7.03739, 50.88817], [7.0378, 50.88843], [7.03905, 50.88783], [7.03736, 50.88674], [7.03513, 50.88771], [7.03483, 50.88888]]], [[[7.03602, 50.8845], [7.035, 50.88389], [7.03354, 50.88426], [7.03464, 50.88551], [7.03602, 50.8845]]], [[[7.03664, 50.88394], [7.03735, 50.88353], [7.03699, 50.88333], [7.03613, 50.88364], [7.03664, 50.88394]]], [[[7.04482, 50.88167], [7.04523, 50.88139], [7.04556, 50.88123], [7.04498, 50.88124], [7.04482, 50.88167]]], [[[7.02197, 50.8601], [7.0241, 50.86181], [7.02472, 50.86225], [7.02474, 50.86175], [7.02176, 50.85992], [7.02197, 50.8601]]], [[[6.98001, 51.07552], [6.97968, 51.07545], [6.97997, 51.07563], [6.98001, 51.07552]]], [[[7.06975, 50.95373], [7.07116, 50.95146], [7.06377, 50.95239], [7.0616, 50.95369], [7.06109, 50.95334], [7.06041, 50.95374], [7.06051, 50.95887], [7.0631, 50.95916], [7.06401, 50.95815], [7.06435, 50.95844], [7.06408, 50.95815], [7.06515, 50.95687], [7.06605, 50.95738], [7.06545, 50.95808], [7.06805, 50.95786], [7.07158, 50.95847], [7.07189, 50.95776], [7.07104, 50.95731], [7.06964, 50.95722], [7.07004, 50.95644], [7.06946, 50.95509], [7.06975, 50.95373]], [[7.06863, 50.95466], [7.06925, 50.9544], [7.06901, 50.95501], [7.06767, 50.95572], [7.06863, 50.95466]]], [[[7.06375, 50.86695], [7.06329, 50.86766], [7.06397, 50.86817], [7.0673, 50.86663], [7.06564, 50.86609], [7.06375, 50.86695]]], [[[7.0608, 51.08364], [7.06003, 51.08251], [7.05796, 51.08465], [7.05864, 51.08351], [7.05636, 51.08494], [7.05924, 51.08591], [7.06282, 51.08491], [7.0608, 51.08364]]], [[[7.07438, 50.93472], [7.07368, 50.93531], [7.07575, 50.93566], [7.07631, 50.93526], [7.07591, 50.93348], [7.07438, 50.93472]]], [[[7.08236, 50.95934], [7.08212, 50.95888], [7.08148, 50.9589], [7.08223, 50.95936], [7.08236, 50.95934]]], [[[7.08434, 50.90753], [7.0843, 50.90755], [7.08434, 50.90756], [7.08434, 50.90753]]], [[[7.11877, 51.04892], [7.11793, 51.04965], [7.11757, 51.04955], [7.11885, 51.05068], [7.11957, 51.04918], [7.11877, 51.04892]]], [[[7.11723, 51.04816], [7.11707, 51.0481], [7.11722, 51.04846], [7.11723, 51.04816]]], [[[7.13055, 51.04448], [7.13052, 51.04425], [7.12858, 51.04501], [7.12875, 51.04537], [7.12998, 51.04529], [7.13102, 51.04457], [7.13055, 51.04448]]], [[[7.14347, 51.04315], [7.14198, 51.04284], [7.14, 51.04368], [7.14169, 51.04481], [7.14347, 51.04315]]], [[[7.13889, 51.04015], [7.13885, 51.03936], [7.13911, 51.03856], [7.13827, 51.03896], [7.13889, 51.04015]]], [[[7.14115, 51.04276], [7.13912, 51.04355], [7.13925, 51.04385], [7.14179, 51.04277], [7.14115, 51.04276]]], [[[7.14971, 51.03376], [7.14867, 51.03158], [7.1477, 51.0318], [7.14988, 51.03413], [7.14971, 51.03376]]], [[[7.15382, 51.01452], [7.15312, 51.01313], [7.15294, 51.01308], [7.15324, 51.01468], [7.15382, 51.01452]]], [[[6.8377, 50.90653], [6.83938, 50.90736], [6.84422, 50.90903], [6.84355, 50.90647], [6.84214, 50.90446], [6.8377, 50.90653]]], [[[7.16034, 51.02243], [7.15954, 51.02342], [7.16063, 51.02397], [7.16178, 51.02213], [7.16034, 51.02243]]], [[[7.09592, 50.90222], [7.09563, 50.90187], [7.0947, 50.90187], [7.09473, 50.90289], [7.09541, 50.90334], [7.09589, 50.9033], [7.09592, 50.90222]]]]}, "properties": {"kind": "windland", "area_km2": 7.34}}, {"type": "Feature", "geometry": {"type": "MultiPolygon", "coordinates": [[[[6.92522, 50.93701], [6.92523, 50.93717], [6.92531, 50.93739], [6.9253, 50.93701], [6.92522, 50.93701]]], [[[6.92638, 50.93828], [6.92551, 50.93812], [6.92599, 50.93942], [6.92712, 50.93921], [6.92687, 50.93823], [6.92638, 50.93828]]], [[[6.92727, 50.9418], [6.9269, 50.94191], [6.92697, 50.94211], [6.92758, 50.94177], [6.92727, 50.9418]]], [[[6.89158, 50.94951], [6.89155, 50.94956], [6.89191, 50.94942], [6.89161, 50.94939], [6.89158, 50.94951]]], [[[6.88865, 50.95183], [6.88861, 50.95205], [6.88879, 50.95125], [6.88871, 50.95157], [6.88865, 50.95183]]], [[[6.91576, 50.95714], [6.91581, 50.95712], [6.91543, 50.95677], [6.91538, 50.95679], [6.91576, 50.95714]]], [[[6.91522, 50.95736], [6.91553, 50.95725], [6.91515, 50.95687], [6.91445, 50.95712], [6.91479, 50.95749], [6.91522, 50.95736]]], [[[6.91601, 50.95739], [6.91527, 50.95768], [6.91512, 50.95793], [6.91653, 50.95745], [6.91638, 50.9573], [6.91601, 50.95739]]], [[[6.91074, 50.95977], [6.91039, 50.95932], [6.9094, 50.95956], [6.90978, 50.96006], [6.91074, 50.95977]]], [[[6.90796, 50.96083], [6.90809, 50.96078], [6.90805, 50.96078], [6.90796, 50.96083]]], [[[6.91018, 50.96157], [6.90917, 50.96178], [6.90841, 50.96136], [6.90909, 50.962], [6.91091, 50.96177], [6.91113, 50.96134], [6.91163, 50.96125], [6.91123, 50.96037], [6.90981, 50.96056], [6.91037, 50.96107], [6.91018, 50.96157]]], [[[6.90784, 50.96179], [6.90711, 50.9619], [6.90731, 50.96274], [6.90594, 50.96337], [6.90599, 50.96352], [6.90725, 50.96361], [6.90917, 50.96305], [6.90784, 50.96179]]], [[[6.91714, 50.96449], [6.91599, 50.96459], [6.91711, 50.96526], [6.91738, 50.96487], [6.91714, 50.96449]]], [[[6.92174, 50.96508], [6.92093, 50.96527], [6.92102, 50.96561], [6.92069, 50.96607], [6.91809, 50.96818], [6.91779, 50.96853], [6.91821, 50.96907], [6.91868, 50.96872], [6.91923, 50.96889], [6.92061, 50.96679], [6.92217, 50.965], [6.92174, 50.96508]]], [[[6.92648, 50.96508], [6.92712, 50.96458], [6.9247, 50.96649], [6.92648, 50.96508]]], [[[6.90253, 50.96557], [6.90259, 50.96585], [6.90372, 50.96575], [6.90361, 50.96511], [6.9031, 50.96496], [6.90317, 50.96551], [6.90253, 50.96557]]], [[[6.92025, 50.96934], [6.92078, 50.96955], [6.92075, 50.97003], [6.92062, 50.97025], [6.92034, 50.97023], [6.91972, 50.97036], [6.92059, 50.9703], [6.9203, 50.97068], [6.92073, 50.97036], [6.9206, 50.97087], [6.92087, 50.97107], [6.92108, 50.97003], [6.92307, 50.96982], [6.92431, 50.97093], [6.92471, 50.97096], [6.92525, 50.97065], [6.92456, 50.96957], [6.92478, 50.9695], [6.92534, 50.97047], [6.92594, 50.96996], [6.92537, 50.96929], [6.92593, 50.96919], [6.9266, 50.96736], [6.92544, 50.96723], [6.92467, 50.96945], [6.9252, 50.96714], [6.92482, 50.96699], [6.92514, 50.96667], [6.92274, 50.96571], [6.9209, 50.96797], [6.92008, 50.96936], [6.92025, 50.96934]]], [[[6.89648, 50.97014], [6.8966, 50.97011], [6.89573, 50.96997], [6.89604, 50.97031], [6.89648, 50.97014]]], [[[6.90649, 50.97069], [6.90651, 50.97054], [6.90581, 50.96996], [6.90567, 50.97114], [6.9064, 50.97137], [6.90649, 50.97069]]], [[[6.91792, 50.97107], [6.91804, 50.9712], [6.91815, 50.97098], [6.91789, 50.97105], [6.91792, 50.97107]]], [[[6.9203, 50.97216], [6.91973, 50.97229], [6.92017, 50.97167], [6.92012, 50.97154], [6.91965, 50.97222], [6.91966, 50.97122], [6.91961, 50.97227], [6.91914, 50.97238], [6.91861, 50.97221], [6.91905, 50.97243], [6.91972, 50.97235], [6.91829, 50.97279], [6.92013, 50.97227], [6.92082, 50.97225], [6.9203, 50.97216]]], [[[6.89585, 50.97128], [6.89538, 50.97073], [6.89465, 50.97088], [6.89396, 50.97059], [6.89384, 50.97017], [6.89434, 50.96965], [6.89296, 50.9702], [6.89354, 50.97064], [6.89356, 50.97179], [6.89518, 50.97212], [6.89729, 50.97416], [6.89829, 50.97348], [6.89585, 50.97128]]], [[[6.8996, 50.97322], [6.89949, 50.97271], [6.89863, 50.97264], [6.89825, 50.9721], [6.8987, 50.97168], [6.89928, 50.9716], [6.89982, 50.97177], [6.89981, 50.97161], [6.89951, 50.97145], [6.8986, 50.97152], [6.89809, 50.9712], [6.89726, 50.97147], [6.9029, 50.97675], [6.9031, 50.97638], [6.90219, 50.97579], [6.90191, 50.97527], [6.90118, 50.97482], [6.8996, 50.97322]]], [[[6.91621, 50.98042], [6.91634, 50.98], [6.91864, 50.97838], [6.92085, 50.97621], [6.91913, 50.97508], [6.91899, 50.97514], [6.91967, 50.97596], [6.91981, 50.97663], [6.91889, 50.97726], [6.91799, 50.97721], [6.91711, 50.97677], [6.91646, 50.97727], [6.91569, 50.97729], [6.91452, 50.97983], [6.91241, 50.98222], [6.91221, 50.98292], [6.91147, 50.98326], [6.911, 50.98379], [6.91179, 50.98404], [6.91245, 50.98369], [6.91271, 50.98349], [6.91275, 50.98284], [6.91524, 50.98087], [6.91621, 50.98042]]], [[[6.89647, 50.98097], [6.89632, 50.98093], [6.89713, 50.98135], [6.8967, 50.98109], [6.89647, 50.98097]]], [[[6.90054, 50.98261], [6.90068, 50.98239], [6.90064, 50.98238], [6.9006, 50.98245], [6.90054, 50.98261]]], [[[6.91012, 50.98368], [6.91064, 50.9831], [6.90974, 50.98259], [6.90923, 50.98296], [6.91012, 50.98368]]], [[[6.90275, 50.98298], [6.90246, 50.98338], [6.90142, 50.98375], [6.90139, 50.98571], [6.90186, 50.98506], [6.90245, 50.98485], [6.903, 50.98498], [6.9035, 50.98551], [6.90283, 50.98669], [6.90216, 50.98675], [6.90158, 50.98638], [6.90155, 50.98691], [6.90202, 50.98793], [6.90802, 50.98284], [6.90675, 50.9826], [6.90568, 50.9826], [6.90355, 50.983], [6.90275, 50.98298]]], [[[6.8904, 50.98328], [6.89012, 50.98354], [6.8902, 50.9836], [6.89092, 50.98324], [6.89057, 50.98304], [6.8904, 50.98328]]], [[[6.8932, 50.98594], [6.89263, 50.9864], [6.89371, 50.98639], [6.89386, 50.98526], [6.89357, 50.98477], [6.89214, 50.98512], [6.89286, 50.98537], [6.8932, 50.98594]]], [[[6.90827, 50.98574], [6.90952, 50.98433], [6.90861, 50.98343], [6.90457, 50.98716], [6.90352, 50.98785], [6.90315, 50.98851], [6.90449, 50.98908], [6.90827, 50.98574]]], [[[6.92328, 50.98706], [6.92391, 50.98665], [6.92494, 50.98656], [6.92509, 50.98634], [6.92378, 50.98625], [6.92317, 50.98672], [6.92346, 50.98681], [6.92311, 50.98706], [6.92268, 50.98698], [6.92246, 50.98729], [6.92274, 50.98741], [6.92328, 50.98706]]], [[[6.92011, 50.98698], [6.92011, 50.98698], [6.92001, 50.98708], [6.92011, 50.98698]]], [[[6.92244, 50.98728], [6.92244, 50.98728], [6.92246, 50.98729], [6.92244, 50.98728]]], [[[6.92548, 50.9868], [6.92544, 50.98759], [6.92477, 50.98801], [6.925, 50.98857], [6.92436, 50.98872], [6.9249, 50.98953], [6.92417, 50.9893], [6.92373, 50.98891], [6.92323, 50.98907], [6.92344, 50.98953], [6.92528, 50.98966], [6.9265, 50.98999], [6.92652, 50.98914], [6.92797, 50.98829], [6.92876, 50.98704], [6.9257, 50.98628], [6.92588, 50.98585], [6.92282, 50.98567], [6.9226, 50.98593], [6.92538, 50.98633], [6.92524, 50.98664], [6.92548, 50.9868]], [[6.92636, 50.98874], [6.92622, 50.98874], [6.92651, 50.98828], [6.92659, 50.9883], [6.92636, 50.98874]], [[6.9252, 50.98894], [6.92513, 50.98872], [6.92601, 50.98919], [6.92558, 50.98945], [6.9252, 50.98894]]], [[[6.91456, 50.98795], [6.91433, 50.98804], [6.91456, 50.9882], [6.9154, 50.98759], [6.91526, 50.98748], [6.91456, 50.98795]]], [[[6.91607, 50.9893], [6.9165, 50.98945], [6.91734, 50.98875], [6.91669, 50.98827], [6.91532, 50.98914], [6.91607, 50.9893]]], [[[6.91389, 50.99005], [6.91399, 50.99003], [6.91416, 50.99001], [6.91408, 50.98993], [6.91389, 50.99005]]], [[[6.90355, 50.98999], [6.90328, 50.98995], [6.9029, 50.98964], [6.90323, 50.99028], [6.90355, 50.98999]]], [[[6.91966, 50.99026], [6.91946, 50.99041], [6.91997, 50.9902], [6.91976, 50.9901], [6.91966, 50.99026]]], [[[6.91293, 50.99137], [6.91332, 50.9911], [6.9134, 50.99036], [6.91224, 50.99111], [6.91271, 50.99133], [6.91273, 50.99187], [6.91293, 50.99137]]], [[[6.89481, 50.9915], [6.89608, 50.992], [6.89633, 50.99237], [6.89759, 50.9914], [6.89685, 50.99178], [6.89636, 50.99181], [6.8946, 50.99094], [6.89422, 50.99116], [6.89481, 50.9915]]], [[[6.90157, 50.99234], [6.90194, 50.99244], [6.90173, 50.99234], [6.90217, 50.99184], [6.90064, 50.99126], [6.8998, 50.99218], [6.9001, 50.99228], [6.8986, 50.99404], [6.89822, 50.99388], [6.89702, 50.99467], [6.89824, 50.9955], [6.89914, 50.99472], [6.899, 50.99437], [6.89924, 50.99402], [6.90055, 50.9937], [6.90021, 50.99324], [6.90069, 50.9926], [6.90157, 50.99234]]], [[[6.90988, 50.99262], [6.90989, 50.99262], [6.9099, 50.99261], [6.9099, 50.99261], [6.90988, 50.99262]]], [[[6.90906, 50.99316], [6.90927, 50.99303], [6.90929, 50.993], [6.90905, 50.99315], [6.90906, 50.99316]]], [[[6.89689, 50.99298], [6.89689, 50.99298], [6.89689, 50.99297], [6.89689, 50.99298]]], [[[6.89723, 50.99293], [6.89768, 50.99332], [6.89654, 50.99435], [6.89689, 50.99458], [6.89807, 50.99343], [6.89819, 50.99224], [6.89859, 50.99166], [6.89691, 50.99296], [6.89723, 50.99293]]], [[[6.90832, 50.99362], [6.90832, 50.99362], [6.90829, 50.99365], [6.90834, 50.99361], [6.90832, 50.99362]]], [[[6.88921, 50.9936], [6.88931, 50.99298], [6.88864, 50.99201], [6.88879, 50.99168], [6.88793, 50.99161], [6.88772, 50.99225], [6.88677, 50.99188], [6.88663, 50.99495], [6.88732, 50.99461], [6.88848, 50.99452], [6.88899, 50.99402], [6.88953, 50.99418], [6.88981, 50.99389], [6.88926, 50.99382], [6.88921, 50.9936]], [[6.88744, 50.99278], [6.88785, 50.99239], [6.88844, 50.99265], [6.88804, 50.99304], [6.88744, 50.99278]]], [[[6.90798, 50.99391], [6.90801, 50.99387], [6.90806, 50.99381], [6.90788, 50.99391], [6.90798, 50.99391]]], [[[6.8962, 50.99558], [6.89492, 50.99502], [6.89439, 50.99557], [6.89565, 50.99611], [6.8962, 50.99558]]], [[[6.89082, 50.99664], [6.89169, 50.99597], [6.89114, 50.99548], [6.89279, 50.99507], [6.89271, 50.99519], [6.89368, 50.99445], [6.89245, 50.99497], [6.89043, 50.99436], [6.8898, 50.99507], [6.88848, 50.99542], [6.88661, 50.99521], [6.88782, 50.99571], [6.89, 50.99566], [6.88988, 50.99634], [6.89082, 50.99664]], [[6.8901, 50.99623], [6.89013, 50.99585], [6.89043, 50.99566], [6.89128, 50.9958], [6.89138, 50.99597], [6.89081, 50.99651], [6.8906, 50.99652], [6.89052, 50.99626], [6.8901, 50.99623]]], [[[6.89332, 50.99732], [6.89373, 50.99709], [6.89387, 50.99767], [6.89525, 50.99819], [6.89401, 50.99714], [6.89373, 50.99605], [6.89418, 50.99506], [6.89368, 50.99545], [6.89361, 50.99639], [6.89299, 50.99622], [6.89306, 50.99593], [6.89176, 50.99695], [6.89324, 50.99744], [6.89332, 50.99732]], [[6.89236, 50.997], [6.89202, 50.99688], [6.89229, 50.99662], [6.89316, 50.9966], [6.8931, 50.99713], [6.89236, 50.997]]], [[[6.88659, 50.99779], [6.88675, 50.99787], [6.88737, 50.9971], [6.88654, 50.99686], [6.88659, 50.99779]]], [[[6.89097, 50.99757], [6.89113, 50.99754], [6.89124, 50.99753], [6.89108, 50.99747], [6.89097, 50.99757]]], [[[6.8869, 50.99969], [6.89014, 50.99717], [6.88987, 50.99708], [6.88944, 50.99751], [6.88881, 50.99766], [6.88848, 50.99719], [6.88878, 50.99695], [6.88925, 50.9969], [6.88879, 50.99676], [6.88823, 50.99709], [6.88789, 50.99648], [6.88658, 50.99608], [6.88759, 50.99688], [6.88769, 50.9979], [6.8869, 50.99969]]], [[[6.8925, 50.99809], [6.8918, 50.99855], [6.89119, 50.99864], [6.89061, 50.99843], [6.89044, 50.99796], [6.88806, 50.9998], [6.89048, 50.99885], [6.89249, 50.99859], [6.89474, 50.99876], [6.8926, 50.99796], [6.8925, 50.99809]]], [[[6.90977, 51.00038], [6.91056, 51.0009], [6.91035, 51.00108], [6.9098, 51.00081], [6.90934, 51.00107], [6.91005, 51.00153], [6.91162, 51.00141], [6.91133, 51.00108], [6.91103, 51.0012], [6.91062, 51.00109], [6.91066, 51.00087], [6.91118, 51.00064], [6.90977, 51.00038]]], [[[6.90233, 51.00244], [6.90183, 51.00214], [6.90171, 51.00218], [6.90188, 51.00231], [6.90233, 51.00244]]], [[[6.90751, 51.00398], [6.9084, 51.00427], [6.90775, 51.00495], [6.91099, 51.00725], [6.91182, 51.00554], [6.91057, 51.0052], [6.91093, 51.00495], [6.91207, 51.00501], [6.91244, 51.00376], [6.91205, 51.0021], [6.90992, 51.00258], [6.90913, 51.00215], [6.90719, 51.00378], [6.90684, 51.00434], [6.90723, 51.00395], [6.90751, 51.00398]]], [[[6.90605, 51.00487], [6.90601, 51.00485], [6.90601, 51.00489], [6.90605, 51.00487]]], [[[6.90602, 51.00491], [6.90612, 51.00544], [6.90715, 51.00593], [6.90915, 51.00734], [6.90957, 51.0073], [6.90602, 51.00491]]], [[[6.92139, 51.00774], [6.92153, 51.0085], [6.92476, 51.00966], [6.92812, 51.00592], [6.92727, 51.00562], [6.92548, 51.00577], [6.92515, 51.00664], [6.92378, 51.00811], [6.92316, 51.0072], [6.92242, 51.00661], [6.92368, 51.00616], [6.92261, 51.00529], [6.9211, 51.00452], [6.91474, 51.00462], [6.91487, 51.0059], [6.91769, 51.00796], [6.92007, 51.00892], [6.91992, 51.00922], [6.92321, 51.01012], [6.92061, 51.00853], [6.91988, 51.00645], [6.92051, 51.00599], [6.92137, 51.00644], [6.92133, 51.00678], [6.92194, 51.00709], [6.92139, 51.00774]]], [[[6.92202, 51.01039], [6.91965, 51.00974], [6.91914, 51.01075], [6.91912, 51.01162], [6.92097, 51.01267], [6.923, 51.01064], [6.92202, 51.01039]]], [[[6.91727, 51.01092], [6.91718, 51.01117], [6.91751, 51.01137], [6.91822, 51.01142], [6.91859, 51.01073], [6.91843, 51.01018], [6.91823, 51.01012], [6.91727, 51.01092]]], [[[6.92397, 51.01502], [6.92382, 51.01515], [6.92303, 51.01493], [6.9237, 51.01525], [6.92399, 51.01502], [6.92373, 51.01476], [6.92397, 51.01502]]], [[[6.92175, 51.01804], [6.92197, 51.01824], [6.92212, 51.01807], [6.92308, 51.01792], [6.92356, 51.01736], [6.9233, 51.01716], [6.92222, 51.01694], [6.92135, 51.01749], [6.92175, 51.01804]]], [[[6.93815, 50.92309], [6.9382, 50.92308], [6.93767, 50.92288], [6.938, 50.92315], [6.93815, 50.92309]]], [[[6.9394, 50.92304], [6.93944, 50.92301], [6.93898, 50.92313], [6.93914, 50.92322], [6.9394, 50.92304]]], [[[6.93274, 50.92897], [6.93337, 50.92818], [6.93282, 50.92786], [6.93273, 50.9273], [6.93237, 50.9278], [6.9323, 50.92921], [6.93175, 50.9292], [6.93212, 50.92953], [6.93206, 50.9299], [6.93147, 50.93022], [6.93067, 50.93011], [6.93018, 50.93082], [6.93078, 50.93094], [6.9312, 50.93063], [6.93184, 50.93057], [6.93274, 50.92897]]], [[[6.92837, 50.94132], [6.92837, 50.94131], [6.92836, 50.94133], [6.92837, 50.94132]]], [[[6.93124, 50.94227], [6.931, 50.94193], [6.93095, 50.94169], [6.93071, 50.94179], [6.93124, 50.94238], [6.93124, 50.94227]]], [[[6.92968, 50.94667], [6.92926, 50.94631], [6.9285, 50.94665], [6.92772, 50.94667], [6.92824, 50.94707], [6.92809, 50.94714], [6.92769, 50.94669], [6.92765, 50.94685], [6.92819, 50.94749], [6.92801, 50.94723], [6.9288, 50.94775], [6.92936, 50.94779], [6.9301, 50.94817], [6.93049, 50.94783], [6.92978, 50.94723], [6.93053, 50.94777], [6.9308, 50.94756], [6.92968, 50.94667]], [[6.92956, 50.94715], [6.92987, 50.94751], [6.92898, 50.94677], [6.92906, 50.94673], [6.92956, 50.94715]], [[6.92978, 50.94686], [6.92976, 50.94697], [6.92962, 50.94712], [6.92946, 50.94698], [6.92978, 50.94686]]], [[[6.93639, 50.94803], [6.93753, 50.94823], [6.93765, 50.94813], [6.93704, 50.94762], [6.93658, 50.94772], [6.93639, 50.94803]]], [[[6.93539, 50.94903], [6.93563, 50.9491], [6.93559, 50.94965], [6.93646, 50.94962], [6.93725, 50.94999], [6.93774, 50.95029], [6.93803, 50.95082], [6.93903, 50.95102], [6.93947, 50.95086], [6.93927, 50.95065], [6.93885, 50.95073], [6.93834, 50.95035], [6.93923, 50.94954], [6.93814, 50.94992], [6.93773, 50.94992], [6.93747, 50.94965], [6.93737, 50.94938], [6.93811, 50.94873], [6.93727, 50.94931], [6.93675, 50.94921], [6.93644, 50.94881], [6.93605, 50.94907], [6.93594, 50.94867], [6.93614, 50.94849], [6.93561, 50.94842], [6.93587, 50.94832], [6.93566, 50.94789], [6.93535, 50.94799], [6.93525, 50.94835], [6.93488, 50.94818], [6.93421, 50.94842], [6.93409, 50.94906], [6.93516, 50.94964], [6.93531, 50.94999], [6.93539, 50.94903]], [[6.93445, 50.94865], [6.93479, 50.94845], [6.93507, 50.94876], [6.93468, 50.9488], [6.93445, 50.94865]]], [[[6.93694, 50.95081], [6.93677, 50.95091], [6.93694, 50.95097], [6.93704, 50.95091], [6.93694, 50.95081]]], [[[6.94221, 50.95495], [6.94153, 50.95489], [6.94145, 50.95538], [6.94256, 50.95562], [6.94329, 50.95525], [6.94333, 50.95506], [6.94221, 50.95495]]], [[[6.93375, 50.9566], [6.93361, 50.95683], [6.9343, 50.957], [6.93438, 50.95664], [6.93387, 50.95644], [6.93375, 50.9566]]], [[[6.92869, 50.95924], [6.92852, 50.95955], [6.92874, 50.95966], [6.92903, 50.95856], [6.92869, 50.95924]]], [[[6.92775, 50.9607], [6.92746, 50.96105], [6.92834, 50.96037], [6.92802, 50.96041], [6.92808, 50.96023], [6.92775, 50.9607]]], [[[6.92726, 50.96128], [6.92723, 50.96131], [6.92726, 50.96132], [6.92729, 50.96129], [6.92726, 50.96128]]], [[[6.93569, 50.96206], [6.93591, 50.96207], [6.93548, 50.96197], [6.93536, 50.96208], [6.93569, 50.96206]]], [[[6.92992, 50.96205], [6.92977, 50.96283], [6.93025, 50.96441], [6.93077, 50.96389], [6.93148, 50.96375], [6.93216, 50.96403], [6.93269, 50.96465], [6.93291, 50.96452], [6.93098, 50.96229], [6.93028, 50.96169], [6.92992, 50.96205]]], [[[6.94285, 50.96406], [6.94308, 50.96408], [6.9431, 50.96397], [6.94269, 50.96397], [6.94285, 50.96406]]], [[[6.92839, 50.96489], [6.92813, 50.96506], [6.92716, 50.96459], [6.92668, 50.9651], [6.92817, 50.9657], [6.9288, 50.96504], [6.92839, 50.96489]]], [[[6.92536, 50.96685], [6.92684, 50.96725], [6.92721, 50.9671], [6.92731, 50.96674], [6.92818, 50.96592], [6.92643, 50.96536], [6.92536, 50.96685]]], [[[6.94386, 50.96927], [6.94421, 50.97012], [6.94493, 50.97075], [6.94552, 50.97031], [6.9453, 50.96959], [6.94386, 50.96927]]], [[[6.93845, 50.97223], [6.93803, 50.97255], [6.93808, 50.97258], [6.93831, 50.97237], [6.93845, 50.97223]]], [[[6.93563, 50.97266], [6.9353, 50.9725], [6.9352, 50.97302], [6.93397, 50.97362], [6.93422, 50.97383], [6.93594, 50.97283], [6.93563, 50.97266]]], [[[6.93143, 50.9749], [6.93164, 50.97477], [6.93151, 50.97469], [6.93149, 50.97479], [6.93143, 50.9749]]], [[[6.93012, 50.9758], [6.93024, 50.97572], [6.93049, 50.97555], [6.93027, 50.9756], [6.93012, 50.9758]]], [[[6.92965, 50.976], [6.92954, 50.97606], [6.92945, 50.97626], [6.93, 50.97588], [6.92965, 50.976]]], [[[6.92877, 50.97662], [6.92805, 50.97715], [6.92813, 50.9772], [6.92908, 50.97652], [6.92877, 50.97662]]], [[[6.92811, 50.97751], [6.92815, 50.97754], [6.92879, 50.97708], [6.928, 50.97744], [6.92811, 50.97751]]], [[[6.92701, 50.97789], [6.92699, 50.97793], [6.92732, 50.97776], [6.92725, 50.97771], [6.92701, 50.97789]]], [[[6.94331, 50.97876], [6.94402, 50.97852], [6.94417, 50.97818], [6.94321, 50.97814], [6.94297, 50.97864], [6.94331, 50.97876]]], [[[6.92897, 50.98099], [6.93008, 50.98107], [6.93065, 50.98066], [6.93182, 50.98069], [6.9324, 50.98098], [6.9324, 50.98151], [6.93323, 50.98165], [6.93239, 50.98046], [6.93149, 50.98037], [6.93107, 50.97994], [6.93043, 50.97977], [6.92848, 50.98103], [6.92897, 50.98099]]], [[[6.93989, 50.981], [6.93996, 50.98097], [6.93994, 50.98094], [6.93982, 50.98103], [6.93989, 50.981]]], [[[6.93865, 50.98218], [6.93903, 50.9818], [6.93917, 50.98153], [6.93832, 50.98223], [6.93858, 50.98236], [6.93865, 50.98218]]], [[[6.93357, 50.98214], [6.93358, 50.98224], [6.93368, 50.9823], [6.93357, 50.98214]]], [[[6.93443, 50.98364], [6.93411, 50.98369], [6.93393, 50.98404], [6.93419, 50.98412], [6.93379, 50.98457], [6.93348, 50.98449], [6.93326, 50.98477], [6.93386, 50.98463], [6.93457, 50.98484], [6.93481, 50.98523], [6.93458, 50.98562], [6.9341, 50.98584], [6.93347, 50.98579], [6.93048, 50.98714], [6.92985, 50.98909], [6.92946, 50.98945], [6.92881, 50.98953], [6.92791, 50.98923], [6.92771, 50.98889], [6.92791, 50.98838], [6.92679, 50.99002], [6.92897, 50.99003], [6.93036, 50.99037], [6.93449, 50.99032], [6.93505, 50.98999], [6.93442, 50.98963], [6.93405, 50.98908], [6.93414, 50.98749], [6.93456, 50.98708], [6.9348, 50.98634], [6.93569, 50.98542], [6.93519, 50.98526], [6.93628, 50.98487], [6.93633, 50.98429], [6.93737, 50.98386], [6.93455, 50.98292], [6.93443, 50.9832], [6.93468, 50.98327], [6.93443, 50.98364]], [[6.93403, 50.9897], [6.93221, 50.98937], [6.93233, 50.98913], [6.93395, 50.98948], [6.93403, 50.9897]]], [[[6.93507, 50.98921], [6.93594, 50.98961], [6.93759, 50.98875], [6.93858, 50.98857], [6.93843, 50.98792], [6.93892, 50.9875], [6.93744, 50.98708], [6.93633, 50.98734], [6.93593, 50.98806], [6.93499, 50.98819], [6.93507, 50.98921]]], [[[6.93965, 50.98952], [6.93961, 50.98954], [6.93971, 50.98954], [6.93965, 50.98952]]], [[[6.94123, 50.99033], [6.94205, 50.99042], [6.94231, 50.99024], [6.94091, 50.99009], [6.94076, 50.99035], [6.94123, 50.99033]]], [[[6.93634, 50.99055], [6.93662, 50.99045], [6.93654, 50.9902], [6.9358, 50.9903], [6.93634, 50.99055]]], [[[6.92405, 50.99007], [6.92568, 50.99064], [6.92783, 50.99078], [6.93003, 50.99067], [6.9298, 50.9904], [6.92872, 50.99015], [6.92683, 50.99013], [6.92519, 50.98977], [6.92445, 50.98972], [6.92405, 50.99007]]], [[[6.94303, 50.99576], [6.9447, 50.9956], [6.94505, 50.99547], [6.94241, 50.99584], [6.94303, 50.99576]]], [[[6.937, 50.99651], [6.93703, 50.99648], [6.93697, 50.99647], [6.93697, 50.99648], [6.937, 50.99651]]], [[[6.93774, 50.99682], [6.93782, 50.99679], [6.93777, 50.99677], [6.93774, 50.99682]]], [[[6.92844, 50.99918], [6.92777, 50.99946], [6.928, 50.99966], [6.93103, 50.99929], [6.93086, 50.99891], [6.93027, 50.99887], [6.92854, 50.99902], [6.92844, 50.99918]]], [[[6.93625, 50.99778], [6.93631, 50.99767], [6.93549, 50.99778], [6.93553, 50.998], [6.93082, 50.99994], [6.92975, 50.99973], [6.92892, 50.99979], [6.92901, 51.00003], [6.92756, 51.0002], [6.92767, 51.00146], [6.92822, 51.00101], [6.93195, 51.00027], [6.93217, 51.00044], [6.93238, 51.00011], [6.93608, 50.99804], [6.93625, 50.99778]]], [[[6.93406, 51.00236], [6.93409, 51.00236], [6.93407, 51.00234], [6.93406, 51.00236]]], [[[6.9376, 51.00351], [6.93764, 51.00349], [6.93758, 51.00347], [6.93759, 51.00349], [6.9376, 51.00351]]], [[[6.9422, 51.00298], [6.9414, 51.00296], [6.94135, 51.00333], [6.9409, 51.00376], [6.94312, 51.00462], [6.94371, 51.00509], [6.94444, 51.00495], [6.94438, 51.0044], [6.94475, 51.00406], [6.94438, 51.00407], [6.94418, 51.00295], [6.9422, 51.00298]]], [[[6.92891, 51.00392], [6.92865, 51.00298], [6.92409, 51.00344], [6.9246, 51.00469], [6.92577, 51.0053], [6.92828, 51.00498], [6.92893, 51.00453], [6.92891, 51.00392]]], [[[6.93856, 51.00435], [6.93857, 51.00457], [6.9385, 51.00471], [6.93901, 51.00424], [6.93856, 51.00435]]], [[[6.9332, 51.00556], [6.93343, 51.00566], [6.93406, 51.00511], [6.93399, 51.00486], [6.9332, 51.00556]]], [[[6.93546, 51.00384], [6.9363, 51.00432], [6.93601, 51.005], [6.93659, 51.00532], [6.93651, 51.00588], [6.9369, 51.00606], [6.93594, 51.00693], [6.9353, 51.00698], [6.93574, 51.00717], [6.93615, 51.00681], [6.93638, 51.00683], [6.93649, 51.0065], [6.93828, 51.00491], [6.9377, 51.00506], [6.93716, 51.00495], [6.93679, 51.00464], [6.93681, 51.00431], [6.93612, 51.00414], [6.93585, 51.00366], [6.93564, 51.00357], [6.93546, 51.00384]]], [[[6.93509, 51.0069], [6.93505, 51.00692], [6.93503, 51.00693], [6.93512, 51.00694], [6.93509, 51.0069]]], [[[6.93454, 51.00698], [6.93458, 51.00697], [6.93449, 51.00696], [6.93454, 51.00698]]], [[[6.93441, 51.00703], [6.93439, 51.00701], [6.93441, 51.00703], [6.93441, 51.00703]]], [[[6.94172, 51.00665], [6.94146, 51.00684], [6.94107, 51.00681], [6.93945, 51.00833], [6.94412, 51.0104], [6.94451, 51.01016], [6.94497, 51.01037], [6.94595, 51.01139], [6.94598, 51.00508], [6.94516, 51.00526], [6.94518, 51.00579], [6.94463, 51.00611], [6.94381, 51.00604], [6.94317, 51.00551], [6.94275, 51.00564], [6.94172, 51.00665]]], [[[6.93345, 51.0094], [6.93365, 51.00924], [6.93353, 51.00919], [6.93333, 51.00935], [6.93345, 51.0094]]], [[[6.9276, 51.01054], [6.92761, 51.01042], [6.92722, 51.01084], [6.92755, 51.01067], [6.9276, 51.01054]]], [[[6.9267, 51.0114], [6.927, 51.01127], [6.92705, 51.01101], [6.92666, 51.01142], [6.9267, 51.0114]]], [[[6.928, 51.01197], [6.92792, 51.01205], [6.92831, 51.01178], [6.92808, 51.01178], [6.928, 51.01197]]], [[[6.92809, 51.0128], [6.92786, 51.01248], [6.92667, 51.01208], [6.92653, 51.01156], [6.92606, 51.01206], [6.92795, 51.01289], [6.92809, 51.0128]]], [[[6.92634, 51.01535], [6.92623, 51.01537], [6.92698, 51.01603], [6.92634, 51.01535]]], [[[6.93827, 51.02132], [6.93847, 51.02141], [6.93862, 51.021], [6.93359, 51.01912], [6.92444, 51.01527], [6.92433, 51.01539], [6.9277, 51.01688], [6.9382, 51.02101], [6.93827, 51.02132]]], [[[6.92653, 51.01807], [6.92439, 51.01742], [6.92437, 51.01718], [6.92342, 51.01842], [6.92352, 51.01863], [6.92476, 51.01902], [6.92632, 51.01904], [6.92702, 51.01797], [6.92672, 51.01815], [6.92653, 51.01807]]], [[[6.92868, 51.02132], [6.92861, 51.02107], [6.92821, 51.02114], [6.92818, 51.02189], [6.92896, 51.0216], [6.92868, 51.02132]]], [[[6.94072, 51.02228], [6.94042, 51.02223], [6.93968, 51.02197], [6.94059, 51.02241], [6.94072, 51.02228]]], [[[6.92855, 51.02238], [6.92815, 51.02252], [6.92814, 51.02286], [6.92949, 51.02222], [6.92936, 51.02208], [6.92855, 51.02238]]], [[[6.94042, 51.02462], [6.94195, 51.02405], [6.94042, 51.02326], [6.93962, 51.02367], [6.93991, 51.023], [6.93693, 51.02161], [6.93924, 51.02288], [6.9395, 51.02383], [6.94042, 51.02462]]], [[[6.93665, 51.02275], [6.93719, 51.02478], [6.93835, 51.02467], [6.9381, 51.02345], [6.93783, 51.02313], [6.93757, 51.02317], [6.93716, 51.02225], [6.93671, 51.02208], [6.9364, 51.02231], [6.93665, 51.02275]]], [[[6.94125, 51.02507], [6.94296, 51.02555], [6.94452, 51.02568], [6.94614, 51.02678], [6.94604, 51.02716], [6.94765, 51.02752], [6.9436, 51.02498], [6.94331, 51.02534], [6.94206, 51.02507], [6.94303, 51.02524], [6.94339, 51.02513], [6.94339, 51.02485], [6.94275, 51.02449], [6.94223, 51.02493], [6.94196, 51.02483], [6.94125, 51.02507]], [[6.94229, 51.02497], [6.94313, 51.02479], [6.94336, 51.02501], [6.94304, 51.02518], [6.94229, 51.02497]]], [[[6.93636, 51.02499], [6.93631, 51.02469], [6.93515, 51.02485], [6.93426, 51.0254], [6.93481, 51.02535], [6.93511, 51.02503], [6.93636, 51.02499]]], [[[6.93991, 51.02632], [6.94064, 51.02642], [6.94099, 51.02682], [6.94192, 51.02693], [6.94219, 51.02727], [6.94318, 51.02776], [6.94378, 51.02849], [6.94469, 51.02799], [6.94384, 51.02738], [6.94362, 51.02751], [6.94321, 51.02723], [6.94276, 51.02721], [6.94252, 51.02678], [6.94069, 51.0256], [6.93956, 51.02581], [6.93991, 51.02632]]], [[[6.95775, 50.91484], [6.95787, 50.91482], [6.95784, 50.91481], [6.95775, 50.91484]]], [[[6.95931, 50.91539], [6.95999, 50.91525], [6.96003, 50.91503], [6.95884, 50.91521], [6.95879, 50.91543], [6.95931, 50.91539]]], [[[6.95202, 50.91543], [6.95202, 50.91543], [6.95252, 50.91521], [6.95202, 50.91541], [6.95202, 50.91543]]], [[[6.94731, 50.91767], [6.94726, 50.9179], [6.94835, 50.9175], [6.94714, 50.91552], [6.94706, 50.91722], [6.94731, 50.91767]]], [[[6.94814, 50.91872], [6.94803, 50.91855], [6.94733, 50.91899], [6.94742, 50.91911], [6.94814, 50.91872]]], [[[6.94642, 50.95546], [6.94567, 50.95559], [6.94525, 50.95598], [6.94596, 50.95614], [6.94665, 50.95689], [6.94716, 50.95708], [6.94853, 50.95685], [6.94679, 50.95597], [6.94754, 50.95541], [6.94743, 50.95529], [6.94642, 50.95546]]], [[[6.95083, 50.95769], [6.95091, 50.95807], [6.95124, 50.95819], [6.95222, 50.95812], [6.95303, 50.95781], [6.95165, 50.95728], [6.95082, 50.95721], [6.95065, 50.9576], [6.95083, 50.95769]]], [[[6.957, 50.95842], [6.95733, 50.95843], [6.95734, 50.95842], [6.95709, 50.95833], [6.957, 50.95842]]], [[[6.96175, 50.9586], [6.96138, 50.95855], [6.96131, 50.95877], [6.96168, 50.95882], [6.96175, 50.9586]]], [[[6.95074, 50.96868], [6.95078, 50.96868], [6.95075, 50.96865], [6.95074, 50.96868]]], [[[6.96221, 50.96939], [6.9621, 50.96943], [6.9621, 50.96944], [6.96222, 50.96943], [6.96221, 50.96939]]], [[[6.9479, 50.9693], [6.94808, 50.96949], [6.94812, 50.96972], [6.94833, 50.96937], [6.9479, 50.9693]]], [[[6.95751, 50.97227], [6.95735, 50.97257], [6.95758, 50.97259], [6.95751, 50.97246], [6.95751, 50.97227]]], [[[6.94457, 50.97456], [6.94457, 50.97461], [6.94464, 50.97458], [6.94457, 50.97456]]], [[[6.95882, 50.98189], [6.95933, 50.98112], [6.95994, 50.9809], [6.95957, 50.97786], [6.95876, 50.97752], [6.95771, 50.97767], [6.95676, 50.97714], [6.95597, 50.97769], [6.95564, 50.97909], [6.95475, 50.97938], [6.95396, 50.97904], [6.95381, 50.97798], [6.95294, 50.9779], [6.95253, 50.97908], [6.95308, 50.97893], [6.95364, 50.97903], [6.9547, 50.98012], [6.9547, 50.98085], [6.95375, 50.98221], [6.95366, 50.98299], [6.95405, 50.98447], [6.95338, 50.9849], [6.95697, 50.98514], [6.95722, 50.98365], [6.95818, 50.98301], [6.9583, 50.98235], [6.95882, 50.98189]], [[6.95694, 50.98361], [6.95665, 50.98396], [6.95715, 50.98286], [6.95719, 50.98289], [6.95694, 50.98361]], [[6.95773, 50.97964], [6.95783, 50.97962], [6.95767, 50.97996], [6.95754, 50.97965], [6.95773, 50.97964]]], [[[6.95187, 50.98457], [6.95128, 50.98461], [6.95251, 50.9848], [6.95226, 50.98459], [6.95187, 50.98457]]], [[[6.95423, 50.98697], [6.95422, 50.98698], [6.95415, 50.98707], [6.95425, 50.98702], [6.95423, 50.98697]]], [[[6.95377, 50.98743], [6.95377, 50.98741], [6.9538, 50.98735], [6.95373, 50.9874], [6.95377, 50.98743]]], [[[6.95028, 50.98982], [6.95131, 50.98952], [6.95126, 50.989], [6.95194, 50.98855], [6.95114, 50.98817], [6.95127, 50.98759], [6.95041, 50.98775], [6.94977, 50.98747], [6.94886, 50.98759], [6.94824, 50.98734], [6.94781, 50.98773], [6.94731, 50.98891], [6.94799, 50.98923], [6.94799, 50.98976], [6.94841, 50.98985], [6.94867, 50.98937], [6.94954, 50.99005], [6.95028, 50.98982]]], [[[6.95343, 50.99204], [6.95366, 50.99179], [6.9536, 50.99122], [6.95404, 50.99091], [6.95496, 50.99073], [6.95582, 50.99093], [6.95584, 50.99073], [6.95615, 50.99071], [6.95721, 50.99085], [6.95675, 50.9903], [6.95695, 50.98976], [6.95732, 50.98951], [6.9572, 50.98923], [6.95601, 50.98867], [6.95356, 50.99024], [6.95042, 50.99275], [6.95083, 50.99251], [6.95078, 50.99317], [6.95103, 50.99344], [6.95261, 50.994], [6.9538, 50.99403], [6.95384, 50.99298], [6.9534, 50.99239], [6.95343, 50.99204]]], [[[6.94647, 50.99176], [6.94562, 50.99112], [6.94408, 50.99259], [6.94396, 50.9932], [6.94303, 50.99378], [6.94608, 50.99352], [6.94674, 50.99251], [6.94647, 50.99176]]], [[[6.94914, 50.99225], [6.94823, 50.99268], [6.94845, 50.99286], [6.94953, 50.99201], [6.9494, 50.99194], [6.94914, 50.99225]]], [[[6.95004, 50.99397], [6.94958, 50.99408], [6.95019, 50.99401], [6.94981, 50.99328], [6.95004, 50.99397]]], [[[6.95624, 50.99531], [6.95612, 50.99536], [6.95619, 50.9955], [6.95643, 50.99538], [6.95624, 50.99531]]], [[[6.95064, 50.99561], [6.95081, 50.99556], [6.95108, 50.99554], [6.95032, 50.99549], [6.95064, 50.99561]]], [[[6.95892, 51.00076], [6.95659, 51.00091], [6.95659, 51.00153], [6.95701, 51.00184], [6.95701, 51.00233], [6.95844, 51.00233], [6.95871, 51.00188], [6.95956, 51.00171], [6.9594, 51.00083], [6.95892, 51.00076]]], [[[6.95799, 51.0035], [6.95904, 51.00335], [6.95953, 51.00354], [6.95974, 51.0039], [6.96026, 51.00378], [6.96002, 51.0032], [6.95883, 51.00287], [6.95746, 51.00286], [6.95799, 51.0035]]], [[[6.95581, 51.00287], [6.95583, 51.00363], [6.95675, 51.00334], [6.95639, 51.00287], [6.95581, 51.00287]]], [[[6.94562, 51.00292], [6.94528, 51.00292], [6.94534, 51.00351], [6.94612, 51.00363], [6.94615, 51.00291], [6.94562, 51.00292]]], [[[6.94469, 51.0034], [6.94463, 51.00294], [6.9443, 51.00296], [6.94468, 51.00377], [6.94606, 51.00384], [6.94525, 51.00373], [6.94469, 51.0034]]], [[[6.95442, 51.00908], [6.95443, 51.00768], [6.95391, 51.00768], [6.95368, 51.00935], [6.95442, 51.00957], [6.95442, 51.00908]]], [[[6.95617, 51.01174], [6.95625, 51.01157], [6.95596, 51.01118], [6.956, 51.01135], [6.95617, 51.01174]]], [[[6.95396, 51.0121], [6.95391, 51.01376], [6.95442, 51.01389], [6.95442, 51.01189], [6.95397, 51.01193], [6.95396, 51.0121]]], [[[6.95706, 51.01339], [6.95707, 51.0134], [6.95726, 51.01348], [6.95715, 51.01335], [6.95706, 51.01339]]], [[[6.94666, 51.01532], [6.94657, 51.0169], [6.94672, 51.01692], [6.94671, 51.01454], [6.94666, 51.01532]]], [[[6.94424, 51.01601], [6.94422, 51.01601], [6.94424, 51.01602], [6.94424, 51.01601]]], [[[6.94509, 51.01628], [6.94552, 51.0166], [6.94552, 51.01573], [6.94544, 51.01572], [6.94509, 51.01628]]], [[[6.95923, 51.0164], [6.95892, 51.01651], [6.95893, 51.0166], [6.95939, 51.01645], [6.95923, 51.0164]]], [[[6.95111, 51.0172], [6.95211, 51.01714], [6.95212, 51.01697], [6.95119, 51.01689], [6.95111, 51.0172]]], [[[6.95401, 51.0176], [6.954, 51.01763], [6.95436, 51.01766], [6.95437, 51.0176], [6.95401, 51.0176]]], [[[6.95591, 51.01779], [6.95612, 51.01769], [6.95621, 51.01766], [6.95591, 51.0176], [6.95591, 51.01779]]], [[[6.94752, 51.01962], [6.94753, 51.01961], [6.94753, 51.0196], [6.94752, 51.01962]]], [[[6.95989, 51.02025], [6.95996, 51.02026], [6.95986, 51.02023], [6.95989, 51.02025]]], [[[6.94561, 51.0203], [6.94624, 51.02026], [6.94637, 51.01995], [6.94566, 51.02012], [6.94539, 51.02039], [6.94561, 51.0203]]], [[[6.9575, 51.02097], [6.95843, 51.02109], [6.95854, 51.02087], [6.95809, 51.02036], [6.95844, 51.01992], [6.95772, 51.02027], [6.95683, 51.02019], [6.95673, 51.02092], [6.9575, 51.02097]]], [[[6.94736, 51.02043], [6.94728, 51.02033], [6.94679, 51.02124], [6.94709, 51.02133], [6.94736, 51.02043]]], [[[6.94558, 51.02267], [6.94598, 51.0223], [6.94652, 51.02216], [6.9468, 51.02184], [6.94643, 51.02173], [6.94558, 51.02267]]], [[[6.94183, 51.02226], [6.94185, 51.02267], [6.94148, 51.02285], [6.94288, 51.02359], [6.94383, 51.02303], [6.94183, 51.02226]]], [[[6.95312, 51.0232], [6.95364, 51.02349], [6.95398, 51.02321], [6.95336, 51.02297], [6.95312, 51.0232]]], [[[6.94483, 51.02476], [6.9465, 51.02589], [6.94867, 51.0273], [6.95124, 51.0255], [6.95017, 51.02534], [6.95, 51.02549], [6.9496, 51.02535], [6.94916, 51.0258], [6.94814, 51.02627], [6.94725, 51.02626], [6.9464, 51.02579], [6.94633, 51.02526], [6.94602, 51.02498], [6.94624, 51.02382], [6.94527, 51.02375], [6.94491, 51.0232], [6.94365, 51.02403], [6.94483, 51.02476]]], [[[6.94735, 51.02808], [6.94563, 51.02764], [6.94534, 51.02787], [6.94637, 51.02821], [6.94646, 51.02852], [6.94679, 51.02858], [6.94735, 51.02808]]], [[[6.95109, 51.02872], [6.95105, 51.02872], [6.95151, 51.02898], [6.95123, 51.02871], [6.95109, 51.02872]]], [[[6.95185, 51.02917], [6.9518, 51.0291], [6.95155, 51.02901], [6.95186, 51.02919], [6.95185, 51.02917]]], [[[6.95678, 51.02926], [6.95686, 51.02941], [6.95712, 51.02918], [6.95689, 51.02911], [6.95678, 51.02926]]], [[[6.95235, 51.02945], [6.95234, 51.02945], [6.9523, 51.02944], [6.95235, 51.02946], [6.95235, 51.02945]]], [[[6.94741, 51.02952], [6.94738, 51.02946], [6.94738, 51.02945], [6.94731, 51.02954], [6.94741, 51.02952]]], [[[6.94566, 51.03012], [6.94604, 51.02987], [6.9463, 51.0298], [6.94613, 51.02976], [6.94541, 51.03019], [6.94566, 51.03012]]], [[[6.95538, 51.03005], [6.9547, 51.02973], [6.95368, 51.0302], [6.95551, 51.03122], [6.9557, 51.03012], [6.95538, 51.03005]]], [[[6.95109, 51.03078], [6.95124, 51.03062], [6.95065, 51.03018], [6.94996, 51.03042], [6.95042, 51.031], [6.9498, 51.03151], [6.94891, 51.0315], [6.94841, 51.03097], [6.94751, 51.03129], [6.94874, 51.03214], [6.95109, 51.03078]]], [[[6.95398, 51.03176], [6.95493, 51.03242], [6.95494, 51.03242], [6.95526, 51.03192], [6.95395, 51.03118], [6.95362, 51.0315], [6.95398, 51.03176]]], [[[6.94704, 51.03271], [6.94641, 51.03223], [6.94648, 51.03162], [6.94585, 51.03185], [6.94527, 51.03181], [6.94465, 51.03128], [6.94407, 51.03119], [6.94367, 51.03087], [6.94388, 51.03025], [6.94547, 51.02929], [6.94546, 51.02928], [6.94223, 51.03119], [6.94263, 51.03162], [6.94241, 51.03186], [6.942, 51.03189], [6.94185, 51.03525], [6.94744, 51.03278], [6.94704, 51.03271]]], [[[6.94908, 51.03633], [6.95415, 51.03268], [6.95299, 51.03186], [6.95214, 51.03195], [6.95133, 51.03143], [6.94787, 51.03325], [6.94182, 51.03593], [6.94176, 51.0373], [6.94806, 51.03741], [6.94908, 51.03633]]], [[[6.97373, 50.91219], [6.97383, 50.91215], [6.97396, 50.91195], [6.97392, 50.91195], [6.97373, 50.91219]]], [[[6.97314, 50.91295], [6.97289, 50.91335], [6.97273, 50.91378], [6.97318, 50.91309], [6.97314, 50.91295]]], [[[6.96661, 50.91322], [6.96664, 50.91343], [6.96644, 50.91398], [6.96724, 50.91304], [6.96661, 50.91322]]], [[[6.97654, 50.9175], [6.97745, 50.91779], [6.97866, 50.91757], [6.97942, 50.91667], [6.9788, 50.91633], [6.9788, 50.91587], [6.97937, 50.91548], [6.9802, 50.91554], [6.98253, 50.91319], [6.98211, 50.91267], [6.98264, 50.9121], [6.98044, 50.91207], [6.97903, 50.91431], [6.97719, 50.91613], [6.97644, 50.91732], [6.97654, 50.9175]]], [[[6.97177, 50.91525], [6.97188, 50.91508], [6.97134, 50.91598], [6.97177, 50.91526], [6.97177, 50.91525]]], [[[6.96792, 50.91621], [6.96705, 50.91602], [6.96902, 50.91649], [6.9688, 50.91641], [6.96792, 50.91621]]], [[[6.98082, 50.9184], [6.9812, 50.9178], [6.98176, 50.91751], [6.98112, 50.91738], [6.98062, 50.91675], [6.98005, 50.91707], [6.97975, 50.91755], [6.98061, 50.91779], [6.98068, 50.91849], [6.98082, 50.9184]]], [[[6.97025, 50.91796], [6.97029, 50.91789], [6.97042, 50.91758], [6.97021, 50.91795], [6.97025, 50.91796]]], [[[6.96791, 50.91847], [6.96822, 50.91857], [6.96844, 50.91872], [6.96855, 50.91849], [6.96785, 50.91836], [6.96791, 50.91847]]], [[[6.97633, 50.92036], [6.97753, 50.91879], [6.97713, 50.91832], [6.97624, 50.91812], [6.97583, 50.91829], [6.97537, 50.91899], [6.97495, 50.91911], [6.97367, 50.92171], [6.97148, 50.92729], [6.97225, 50.92699], [6.97225, 50.92634], [6.97293, 50.92569], [6.97281, 50.92532], [6.97328, 50.92449], [6.97399, 50.92389], [6.97493, 50.92199], [6.97553, 50.92152], [6.97633, 50.92036]]], [[[6.97374, 50.92861], [6.97394, 50.92852], [6.97412, 50.92848], [6.9739, 50.9284], [6.97374, 50.92861]]], [[[6.97159, 50.92804], [6.97134, 50.92772], [6.97061, 50.93041], [6.97167, 50.9281], [6.97159, 50.92804]]], [[[6.98124, 50.92949], [6.98124, 50.92952], [6.98123, 50.92956], [6.98129, 50.92953], [6.98124, 50.92949]]], [[[6.97859, 50.92944], [6.97852, 50.92953], [6.97857, 50.92955], [6.97859, 50.92946], [6.97859, 50.92944]]], [[[6.97853, 50.92976], [6.97852, 50.92984], [6.97862, 50.92988], [6.97861, 50.92979], [6.97853, 50.92976]]], [[[6.97859, 50.93006], [6.97864, 50.93012], [6.97885, 50.93016], [6.9785, 50.92993], [6.97859, 50.93006]]], [[[6.98391, 50.93047], [6.98383, 50.93047], [6.98383, 50.93073], [6.98451, 50.93114], [6.98462, 50.93086], [6.98402, 50.93082], [6.98391, 50.93047]]], [[[6.98611, 50.93123], [6.98558, 50.93109], [6.98606, 50.93132], [6.98652, 50.93116], [6.98664, 50.93094], [6.98611, 50.93123]]], [[[6.97283, 50.93107], [6.97264, 50.93099], [6.9726, 50.93104], [6.97283, 50.93107]]], [[[6.97329, 50.93185], [6.97331, 50.93187], [6.97332, 50.93188], [6.97335, 50.93186], [6.97329, 50.93185]]], [[[6.97423, 50.93226], [6.97425, 50.93213], [6.97397, 50.93234], [6.97407, 50.93241], [6.97423, 50.93226]]], [[[6.96963, 50.93461], [6.96948, 50.93502], [6.96992, 50.93408], [6.96989, 50.93407], [6.96963, 50.93461]]], [[[6.98107, 50.93774], [6.98099, 50.93783], [6.98083, 50.93793], [6.9811, 50.9379], [6.98107, 50.93774]]], [[[6.97163, 50.94712], [6.97151, 50.94716], [6.97182, 50.94716], [6.97182, 50.94712], [6.97163, 50.94712]]], [[[6.97211, 50.94874], [6.97197, 50.94874], [6.97336, 50.9499], [6.97211, 50.94874]]], [[[6.97755, 50.95274], [6.97665, 50.95238], [6.97736, 50.95286], [6.97755, 50.95274]]], [[[6.97879, 50.95324], [6.97844, 50.95309], [6.97826, 50.9532], [6.97841, 50.95356], [6.98106, 50.95507], [6.97914, 50.95394], [6.97879, 50.95324]]], [[[6.98179, 50.95429], [6.98162, 50.95432], [6.9818, 50.95444], [6.98178, 50.95437], [6.98179, 50.95429]]], [[[6.96973, 50.95733], [6.96975, 50.95734], [6.96988, 50.95728], [6.96973, 50.95733]]], [[[6.96865, 50.95736], [6.9682, 50.9571], [6.96787, 50.95733], [6.96869, 50.95782], [6.96921, 50.95759], [6.96893, 50.95752], [6.96938, 50.95751], [6.96936, 50.95737], [6.96865, 50.95736]]], [[[6.97733, 50.95763], [6.97753, 50.95778], [6.97769, 50.95782], [6.97736, 50.95765], [6.97733, 50.95763]]], [[[6.96676, 50.95784], [6.96677, 50.95769], [6.96659, 50.9577], [6.96656, 50.95772], [6.96676, 50.95784]]], [[[6.96274, 50.9583], [6.96274, 50.9585], [6.96292, 50.9585], [6.96298, 50.95829], [6.96274, 50.9583]]], [[[6.96678, 50.95854], [6.96688, 50.95851], [6.96687, 50.95844], [6.96684, 50.95847], [6.96678, 50.95854]]], [[[6.97889, 50.95844], [6.98106, 50.95949], [6.98143, 50.95957], [6.97816, 50.95806], [6.97889, 50.95844]]], [[[6.96584, 50.95877], [6.96583, 50.95878], [6.96587, 50.95877], [6.96584, 50.95877]]], [[[6.96226, 50.95895], [6.96313, 50.95896], [6.96292, 50.95854], [6.96245, 50.95866], [6.96226, 50.95895]]], [[[6.98751, 50.96144], [6.9853, 50.96033], [6.98468, 50.96034], [6.98148, 50.95912], [6.98124, 50.95935], [6.9815, 50.95956], [6.98234, 50.95966], [6.98383, 50.96037], [6.98413, 50.96079], [6.98481, 50.96095], [6.98506, 50.96172], [6.9859, 50.96217], [6.9858, 50.96233], [6.98632, 50.96242], [6.98863, 50.9637], [6.99008, 50.96492], [6.99046, 50.96543], [6.99029, 50.96552], [6.99312, 50.96465], [6.99109, 50.96322], [6.98751, 50.96144]]], [[[6.98424, 50.9633], [6.9841, 50.96332], [6.98428, 50.96339], [6.98429, 50.96336], [6.98424, 50.9633]]], [[[6.98321, 50.96946], [6.98011, 50.96906], [6.97959, 50.96843], [6.97936, 50.96894], [6.98033, 50.96932], [6.98053, 50.96989], [6.98381, 50.9697], [6.98321, 50.96946]]], [[[6.96547, 50.96915], [6.96533, 50.96874], [6.96479, 50.9686], [6.9644, 50.96903], [6.96331, 50.96907], [6.96275, 50.9694], [6.96548, 50.96935], [6.96547, 50.96915]]], [[[6.98066, 50.97087], [6.98187, 50.97085], [6.98281, 50.97052], [6.98042, 50.97077], [6.98066, 50.97087]]], [[[6.98213, 50.98051], [6.98144, 50.98094], [6.98065, 50.98098], [6.97604, 50.98254], [6.97567, 50.9829], [6.97186, 50.98445], [6.97191, 50.98484], [6.9731, 50.98466], [6.97367, 50.98416], [6.97536, 50.98381], [6.97641, 50.9832], [6.97737, 50.98316], [6.97966, 50.98261], [6.97997, 50.98237], [6.98078, 50.9823], [6.98126, 50.98188], [6.98341, 50.98154], [6.98498, 50.98088], [6.98597, 50.98088], [6.98675, 50.98013], [6.98718, 50.98016], [6.9887, 50.97953], [6.98789, 50.98009], [6.98819, 50.98016], [6.99095, 50.97875], [6.98934, 50.97924], [6.98964, 50.97905], [6.9906, 50.97877], [6.99107, 50.97828], [6.99137, 50.97834], [6.99211, 50.97805], [6.99209, 50.97769], [6.99341, 50.97697], [6.99478, 50.97495], [6.99493, 50.97437], [6.9957, 50.97355], [6.99631, 50.97195], [6.99594, 50.97128], [6.99639, 50.97069], [6.99524, 50.96861], [6.9953, 50.96737], [6.99367, 50.96522], [6.99071, 50.96613], [6.99069, 50.96637], [6.99146, 50.9668], [6.99163, 50.96731], [6.99233, 50.96752], [6.99259, 50.96785], [6.99242, 50.96826], [6.99197, 50.96849], [6.992, 50.97106], [6.9926, 50.97159], [6.99238, 50.97197], [6.99191, 50.97215], [6.992, 50.9731], [6.99271, 50.97256], [6.99224, 50.97256], [6.99241, 50.97206], [6.99277, 50.97209], [6.99283, 50.97247], [6.99324, 50.97175], [6.99446, 50.97181], [6.9945, 50.97331], [6.99333, 50.97542], [6.99231, 50.97655], [6.99126, 50.97723], [6.99058, 50.97703], [6.99061, 50.97654], [6.99024, 50.97634], [6.98985, 50.97639], [6.98892, 50.97742], [6.98774, 50.97802], [6.98808, 50.97827], [6.98213, 50.98051]]], [[[6.96984, 50.98627], [6.97117, 50.98572], [6.97129, 50.98524], [6.97039, 50.98513], [6.96972, 50.98556], [6.96945, 50.98597], [6.96984, 50.98627]]], [[[6.98295, 50.98829], [6.98396, 50.98875], [6.98414, 50.98856], [6.98321, 50.98815], [6.98295, 50.98829]]], [[[6.97761, 50.98911], [6.97801, 50.98927], [6.97876, 50.98921], [6.97937, 50.98952], [6.98041, 50.98818], [6.97969, 50.98794], [6.97884, 50.98795], [6.97827, 50.98749], [6.97711, 50.98906], [6.97761, 50.98911]]], [[[6.98189, 50.98896], [6.98209, 50.98879], [6.98193, 50.98872], [6.98185, 50.98895], [6.98189, 50.98896]]], [[[6.97984, 50.99059], [6.9807, 50.99074], [6.98079, 50.99062], [6.97951, 50.98999], [6.9793, 50.99034], [6.97984, 50.99059]]], [[[6.97743, 50.99066], [6.97721, 50.99023], [6.97655, 50.99001], [6.97597, 50.99086], [6.97663, 50.99076], [6.97752, 50.99105], [6.97778, 50.99081], [6.97743, 50.99066]]], [[[6.97554, 50.99147], [6.97563, 50.99144], [6.9756, 50.99136], [6.97553, 50.99148], [6.97554, 50.99147]]], [[[6.97513, 50.99205], [6.97513, 50.99206], [6.97514, 50.99206], [6.97513, 50.99205]]], [[[6.98042, 50.99319], [6.97967, 50.99323], [6.97979, 50.9935], [6.97815, 50.99376], [6.97804, 50.99436], [6.97741, 50.99463], [6.97732, 50.99579], [6.97893, 50.99525], [6.97948, 50.99523], [6.98005, 50.99544], [6.98047, 50.99616], [6.9821, 50.99544], [6.98222, 50.99519], [6.98167, 50.99491], [6.98166, 50.99459], [6.98287, 50.99366], [6.98325, 50.99275], [6.98042, 50.99319]]], [[[6.97723, 50.99329], [6.97716, 50.99334], [6.97739, 50.99334], [6.9773, 50.99332], [6.97723, 50.99329]]], [[[6.9833, 50.99545], [6.98351, 50.99532], [6.9835, 50.99521], [6.9831, 50.99522], [6.98293, 50.99557], [6.9833, 50.99545]]], [[[6.97198, 50.9967], [6.97077, 50.99972], [6.97188, 50.99977], [6.97218, 50.99875], [6.97256, 50.99846], [6.97334, 50.99829], [6.97478, 50.99837], [6.97332, 50.99826], [6.97333, 50.99804], [6.97478, 50.99806], [6.97526, 50.9977], [6.97359, 50.99764], [6.97359, 50.99691], [6.9766, 50.99683], [6.97698, 50.996], [6.9757, 50.99569], [6.97597, 50.99501], [6.97494, 50.9953], [6.97421, 50.99516], [6.97391, 50.99484], [6.97398, 50.99448], [6.9736, 50.9942], [6.9727, 50.99557], [6.97441, 50.99595], [6.9745, 50.99632], [6.97284, 50.99651], [6.97289, 50.99672], [6.97204, 50.99663], [6.97211, 50.99651], [6.97198, 50.9967]], [[6.97206, 50.9967], [6.9735, 50.99691], [6.97323, 50.99822], [6.97146, 50.99803], [6.97206, 50.9967]]], [[[6.9751, 51.00618], [6.975, 51.0055], [6.97447, 51.00509], [6.9747, 51.0045], [6.97374, 51.00485], [6.9732, 51.00473], [6.97286, 51.00438], [6.97263, 51.00443], [6.97564, 51.00765], [6.9759, 51.00978], [6.97606, 51.00707], [6.97854, 51.0073], [6.97857, 51.00719], [6.97573, 51.00692], [6.97579, 51.00646], [6.9751, 51.00618]]], [[[6.97577, 51.01192], [6.97564, 51.01188], [6.9756, 51.0121], [6.97577, 51.01195], [6.97577, 51.01192]]], [[[6.97507, 51.01336], [6.97495, 51.0132], [6.97406, 51.01349], [6.97419, 51.01366], [6.97507, 51.01336]]], [[[6.9683, 51.01396], [6.96859, 51.01447], [6.96951, 51.01482], [6.96889, 51.01399], [6.9683, 51.01396]]], [[[6.96691, 51.01698], [6.96637, 51.01705], [6.96636, 51.01712], [6.96641, 51.01705], [6.96691, 51.01698]]], [[[6.96049, 51.02026], [6.96028, 51.02029], [6.96014, 51.02028], [6.96044, 51.02038], [6.96049, 51.02026]]], [[[6.97272, 51.0298], [6.97288, 51.02977], [6.97302, 51.02976], [6.97253, 51.02965], [6.97272, 51.0298]]], [[[6.97012, 51.03167], [6.97011, 51.03166], [6.97011, 51.03167], [6.97012, 51.03167]]], [[[6.96878, 51.0334], [6.96877, 51.0334], [6.96876, 51.03342], [6.96878, 51.0334]]], [[[6.96649, 51.03362], [6.96623, 51.03366], [6.96625, 51.03379], [6.96701, 51.03354], [6.96694, 51.03335], [6.96649, 51.03362]]], [[[6.96805, 51.03411], [6.96814, 51.03403], [6.9684, 51.03377], [6.96795, 51.03387], [6.96805, 51.03411]]], [[[6.96667, 51.03475], [6.96615, 51.03434], [6.9661, 51.03399], [6.96428, 51.0352], [6.96331, 51.03468], [6.96293, 51.03489], [6.96296, 51.03536], [6.96391, 51.03586], [6.9647, 51.03528], [6.96538, 51.03506], [6.96634, 51.03497], [6.96706, 51.03516], [6.96741, 51.03478], [6.96667, 51.03475]]], [[[6.96988, 51.03505], [6.97061, 51.03551], [6.97137, 51.03547], [6.97112, 51.0349], [6.97073, 51.0347], [6.96988, 51.03505]]], [[[6.96867, 51.03562], [6.96893, 51.03525], [6.96829, 51.03491], [6.96782, 51.03541], [6.96893, 51.03608], [6.96867, 51.03562]]], [[[6.96926, 51.03626], [6.96915, 51.03622], [6.9697, 51.03654], [6.96971, 51.03635], [6.96926, 51.03626]]], [[[6.96933, 51.03704], [6.96703, 51.03573], [6.96674, 51.03608], [6.96602, 51.03623], [6.96652, 51.03643], [6.96646, 51.03629], [6.96693, 51.03633], [6.96696, 51.03621], [6.9673, 51.03643], [6.96713, 51.03659], [6.96614, 51.03651], [6.96538, 51.03616], [6.96516, 51.03623], [6.96503, 51.03589], [6.96462, 51.03624], [6.96779, 51.03751], [6.97217, 51.03784], [6.97073, 51.03755], [6.96933, 51.03704]]], [[[6.97333, 51.03694], [6.97185, 51.03629], [6.97095, 51.03702], [6.97275, 51.03736], [6.97333, 51.03694]]], [[[6.96193, 51.03724], [6.96189, 51.03738], [6.96332, 51.03639], [6.96271, 51.03607], [6.9624, 51.03649], [6.96257, 51.03659], [6.96193, 51.03724]]], [[[6.96369, 51.03706], [6.96274, 51.03767], [6.96629, 51.03773], [6.96404, 51.03677], [6.96369, 51.03706]]], [[[6.97547, 51.03718], [6.9747, 51.03699], [6.97431, 51.03709], [6.97452, 51.03761], [6.97534, 51.03789], [6.9751, 51.03771], [6.97531, 51.03751], [6.97576, 51.03779], [6.97549, 51.03789], [6.97586, 51.0379], [6.97547, 51.03718]]], [[[6.97849, 51.03774], [6.97813, 51.03791], [6.97897, 51.03762], [6.97876, 51.03768], [6.97849, 51.03774]]], [[[6.99452, 50.91263], [6.99453, 50.91332], [6.99508, 50.91396], [6.99498, 50.91307], [6.99632, 50.91247], [6.99479, 50.91231], [6.99452, 50.91263]]], [[[6.99756, 50.91629], [6.99777, 50.91633], [6.99778, 50.9162], [6.9976, 50.91627], [6.99756, 50.91629]]], [[[6.99574, 50.91884], [6.99631, 50.91891], [6.99677, 50.91864], [6.99663, 50.91856], [6.99574, 50.91884]]], [[[6.99377, 50.91858], [6.9931, 50.9189], [6.99321, 50.91914], [6.99417, 50.91874], [6.99377, 50.91858]]], [[[6.99504, 50.92094], [6.99533, 50.92062], [6.99668, 50.92009], [6.99704, 50.91961], [6.99536, 50.91923], [6.99584, 50.91909], [6.99697, 50.91916], [6.99753, 50.9195], [6.99725, 50.91918], [6.9958, 50.91904], [6.99531, 50.91916], [6.99515, 50.91902], [6.99419, 50.91943], [6.99465, 50.92046], [6.99441, 50.92097], [6.99466, 50.92144], [6.995, 50.92133], [6.9948, 50.92112], [6.99504, 50.92094]]], [[[6.99606, 50.92508], [6.99678, 50.92487], [6.9966, 50.92469], [6.99623, 50.92483], [6.99606, 50.92508]]], [[[6.99541, 50.92532], [6.99513, 50.92534], [6.9949, 50.92553], [6.99521, 50.9254], [6.99541, 50.92532]]], [[[6.99156, 50.92548], [6.9916, 50.92547], [6.99159, 50.92546], [6.99156, 50.92548]]], [[[6.9962, 50.92623], [6.99679, 50.92573], [6.99673, 50.92563], [6.99535, 50.92616], [6.99621, 50.92637], [6.9962, 50.92623]]], [[[6.9946, 50.92671], [6.99466, 50.9267], [6.99506, 50.92655], [6.9946, 50.92671]]], [[[6.99132, 50.92639], [6.99113, 50.9258], [6.9897, 50.92684], [6.99053, 50.92732], [6.9903, 50.92743], [6.99214, 50.92667], [6.99132, 50.92639]]], [[[6.98705, 50.92857], [6.98737, 50.92868], [6.98567, 50.92708], [6.98611, 50.92764], [6.98705, 50.92857]]], [[[6.98703, 50.92961], [6.98672, 50.92975], [6.98719, 50.92995], [6.98709, 50.93038], [6.98733, 50.93001], [6.98703, 50.92961]]], [[[6.98759, 50.93046], [6.98732, 50.93038], [6.98727, 50.93044], [6.9876, 50.93057], [6.98759, 50.93046]]], [[[6.98691, 50.93104], [6.98674, 50.93097], [6.98657, 50.93117], [6.98708, 50.9311], [6.98691, 50.93104]]], [[[6.98582, 50.93238], [6.98594, 50.93269], [6.98703, 50.93264], [6.98695, 50.93181], [6.98791, 50.93151], [6.98735, 50.93124], [6.9854, 50.93154], [6.98518, 50.9321], [6.98582, 50.93238]]], [[[6.99143, 50.9332], [6.99161, 50.93342], [6.9917, 50.93339], [6.9915, 50.93323], [6.99143, 50.9332]]], [[[6.99044, 50.93347], [6.99045, 50.93347], [6.99044, 50.93347], [6.99044, 50.93347]]], [[[6.99085, 50.93483], [6.99005, 50.93489], [6.98991, 50.93552], [6.99195, 50.93537], [6.99175, 50.93506], [6.99138, 50.93506], [6.99132, 50.93433], [6.99085, 50.93483]]], [[[6.98753, 50.93782], [6.98794, 50.93788], [6.98802, 50.9377], [6.9867, 50.93752], [6.98666, 50.93763], [6.98753, 50.93782]]], [[[6.99267, 50.9387], [6.99319, 50.93881], [6.99361, 50.93759], [6.99223, 50.93816], [6.99267, 50.9387]]], [[[6.98687, 50.94468], [6.98681, 50.94472], [6.98697, 50.9447], [6.98687, 50.94468]]], [[[6.98691, 50.94479], [6.98702, 50.94479], [6.98754, 50.94471], [6.98676, 50.94475], [6.98691, 50.94479]]], [[[6.98822, 50.94479], [6.98794, 50.94488], [6.98779, 50.94512], [6.98851, 50.94541], [6.98948, 50.94525], [6.98854, 50.94484], [6.98806, 50.94511], [6.98822, 50.94479]]], [[[6.99498, 50.94558], [6.99503, 50.9457], [6.99513, 50.94558], [6.995, 50.94532], [6.99498, 50.94558]]], [[[6.99576, 50.94586], [6.99563, 50.94598], [6.99588, 50.94603], [6.9958, 50.94592], [6.99576, 50.94586]]], [[[6.98549, 50.94538], [6.98503, 50.94596], [6.98559, 50.94668], [6.98729, 50.94577], [6.98541, 50.94515], [6.98549, 50.94538]]], [[[6.99105, 50.94594], [6.99101, 50.94584], [6.98981, 50.9459], [6.98985, 50.94606], [6.99115, 50.94671], [6.99158, 50.9465], [6.99095, 50.9466], [6.99151, 50.9463], [6.99105, 50.94594]]], [[[6.98815, 50.94631], [6.9876, 50.94646], [6.98656, 50.947], [6.98838, 50.94667], [6.98855, 50.94655], [6.98815, 50.94631]]], [[[6.98823, 50.94677], [6.98822, 50.94678], [6.98823, 50.94678], [6.98823, 50.94677]]], [[[6.99258, 50.94666], [6.99184, 50.94653], [6.99139, 50.94681], [6.99456, 50.94883], [6.99321, 50.94707], [6.99258, 50.94666]]], [[[6.9962, 50.94818], [6.99634, 50.94838], [6.99642, 50.94845], [6.99631, 50.94832], [6.9962, 50.94818]]], [[[6.98728, 50.95032], [6.98691, 50.94996], [6.98671, 50.95002], [6.98745, 50.95066], [6.98745, 50.95107], [6.98789, 50.9512], [6.98728, 50.95032]]], [[[6.98685, 50.95205], [6.98628, 50.95245], [6.98685, 50.95284], [6.98768, 50.95255], [6.98765, 50.95218], [6.98795, 50.9519], [6.98664, 50.95148], [6.98685, 50.95205]]], [[[6.98612, 50.95636], [6.98956, 50.95786], [6.9908, 50.95846], [6.98483, 50.95581], [6.98612, 50.95636]]], [[[6.99252, 50.958], [6.99244, 50.9579], [6.9924, 50.95791], [6.99252, 50.958]]], [[[6.98742, 50.96129], [6.98735, 50.96123], [6.98713, 50.96114], [6.98742, 50.96129]]], [[[6.99123, 50.96724], [6.99114, 50.96734], [6.99156, 50.9673], [6.9914, 50.96679], [6.99123, 50.96724]]], [[[6.98951, 50.96778], [6.99065, 50.96766], [6.99079, 50.96751], [6.99013, 50.96751], [6.98965, 50.9673], [6.98919, 50.96793], [6.98951, 50.96778]]], [[[6.99188, 50.96861], [6.99189, 50.96863], [6.99188, 50.96856], [6.99188, 50.96857], [6.99188, 50.96861]]], [[[6.98759, 50.96965], [6.98772, 50.96963], [6.98773, 50.96961], [6.98747, 50.96965], [6.98759, 50.96965]]], [[[6.99177, 50.96917], [6.99104, 50.9694], [6.98873, 50.96919], [6.98842, 50.97011], [6.98896, 50.97024], [6.98923, 50.96957], [6.98923, 50.9702], [6.9904, 50.97014], [6.99096, 50.97037], [6.99105, 50.97121], [6.99191, 50.97105], [6.99192, 50.9688], [6.99177, 50.96917]]], [[[6.98903, 50.98359], [6.98901, 50.98359], [6.98903, 50.9836], [6.98903, 50.98359]]], [[[6.98921, 50.99072], [6.9897, 50.9904], [6.98939, 50.99027], [6.98915, 50.99048], [6.98921, 50.99072]]], [[[6.98785, 50.99118], [6.9878, 50.99151], [6.98813, 50.99164], [6.98804, 50.99122], [6.98785, 50.99118]]], [[[6.98589, 50.99189], [6.98583, 50.99189], [6.98594, 50.99193], [6.98594, 50.99193], [6.98589, 50.99189]]], [[[6.98703, 50.99241], [6.9872, 50.99222], [6.98805, 50.99171], [6.98778, 50.9916], [6.987, 50.99215], [6.98617, 50.99207], [6.98703, 50.99241]]], [[[6.98917, 50.9931], [6.98904, 50.99315], [6.98968, 50.99316], [6.98937, 50.99298], [6.98917, 50.9931]]], [[[6.9847, 50.99328], [6.9843, 50.99365], [6.98488, 50.99397], [6.98588, 50.99339], [6.98501, 50.99295], [6.9847, 50.99328]]], [[[6.98894, 50.99318], [6.98895, 50.99318], [6.98896, 50.99317], [6.98895, 50.99318], [6.98894, 50.99318]]], [[[6.9894, 51.00137], [6.98926, 51.00154], [6.99089, 51.00178], [6.99054, 51.00139], [6.98945, 51.00126], [6.9894, 51.00137]]], [[[6.99477, 51.00182], [6.99273, 51.00161], [6.9926, 51.00189], [6.99453, 51.00212], [6.99514, 51.00258], [6.99533, 51.0019], [6.99477, 51.00182]]], [[[6.98409, 51.00185], [6.98413, 51.00205], [6.98524, 51.00253], [6.98471, 51.00185], [6.98409, 51.00185]]], [[[6.98672, 51.00191], [6.98637, 51.00232], [6.98714, 51.00254], [6.98728, 51.00211], [6.98672, 51.00191]]], [[[6.9849, 51.0027], [6.98511, 51.00273], [6.98512, 51.00272], [6.9849, 51.00269], [6.9849, 51.0027]]], [[[6.99234, 51.01622], [6.99217, 51.01633], [6.99209, 51.01662], [6.99229, 51.01638], [6.99234, 51.01622]]], [[[6.99254, 51.01933], [6.99226, 51.02055], [6.99271, 51.0206], [6.99301, 51.01932], [6.99254, 51.01933]]], [[[6.991, 51.02006], [6.99148, 51.02019], [6.99166, 51.0194], [6.99117, 51.01948], [6.991, 51.02006]]], [[[6.99134, 51.02187], [6.99114, 51.02216], [6.99155, 51.02221], [6.99152, 51.02214], [6.99134, 51.02187]]], [[[6.99311, 51.02194], [6.99236, 51.02202], [6.99241, 51.02247], [6.99332, 51.02257], [6.9935, 51.0218], [6.99311, 51.02194]]], [[[6.99185, 51.02532], [6.99161, 51.02613], [6.99236, 51.02645], [6.99265, 51.02535], [6.99185, 51.02532]]], [[[6.98993, 51.03354], [6.9896, 51.03346], [6.98945, 51.03366], [6.98993, 51.03354]]], [[[6.98799, 51.03667], [6.98795, 51.03716], [6.98954, 51.03718], [6.98977, 51.03631], [6.98799, 51.03667]]], [[[6.9866, 51.03718], [6.98689, 51.03718], [6.98684, 51.03684], [6.98476, 51.0372], [6.98179, 51.03734], [6.98198, 51.03749], [6.98561, 51.03712], [6.9866, 51.03718]]], [[[6.98477, 51.03788], [6.98437, 51.0379], [6.98424, 51.03791], [6.98429, 51.03795], [6.98477, 51.03788]]], [[[6.98851, 51.03803], [6.98834, 51.03811], [6.98931, 51.03813], [6.98937, 51.03787], [6.9882, 51.03786], [6.98851, 51.03803]]], [[[6.98491, 51.03805], [6.9849, 51.03806], [6.98491, 51.03806], [6.98491, 51.03805]]], [[[7.00632, 50.91285], [7.00736, 50.9134], [7.00801, 50.91414], [7.0079, 50.91565], [7.01105, 50.91533], [7.01055, 50.91473], [7.011, 50.91406], [7.00693, 50.91252], [7.00649, 50.91251], [7.00614, 50.9128], [7.00632, 50.91285]]], [[[6.99801, 50.9154], [6.99761, 50.91527], [6.99751, 50.91528], [6.99775, 50.91552], [6.99801, 50.9154]]], [[[7.00577, 50.91577], [7.00562, 50.91578], [7.00501, 50.91594], [7.00641, 50.9158], [7.00624, 50.91564], [7.00577, 50.91577]]], [[[7.00474, 50.91655], [7.00475, 50.91656], [7.0048, 50.91654], [7.00474, 50.91655]]], [[[7.00585, 50.91651], [7.0066, 50.91666], [7.00928, 50.9165], [7.00964, 50.91796], [7.01029, 50.91774], [7.01083, 50.91779], [7.01037, 50.91688], [7.0108, 50.91685], [7.01085, 50.9163], [7.0113, 50.91643], [7.01397, 50.91661], [7.0141, 50.91649], [7.01111, 50.91634], [7.01093, 50.91593], [7.00555, 50.91647], [7.00585, 50.91651]]], [[[7.01233, 50.9189], [7.00963, 50.91834], [7.00914, 50.91871], [7.00836, 50.91876], [7.00751, 50.91812], [7.00617, 50.91808], [7.00558, 50.9184], [7.00697, 50.91944], [7.00684, 50.91996], [7.00747, 50.92103], [7.0073, 50.92112], [7.00752, 50.92122], [7.00747, 50.92167], [7.00768, 50.92179], [7.00784, 50.92138], [7.00847, 50.92148], [7.00903, 50.92201], [7.00972, 50.92176], [7.01002, 50.922], [7.01043, 50.92193], [7.01031, 50.92229], [7.01102, 50.9224], [7.01142, 50.92189], [7.01083, 50.92181], [7.01084, 50.92143], [7.01207, 50.92018], [7.01233, 50.9189]]], [[[7.00708, 50.92121], [7.00676, 50.92061], [7.00676, 50.92061], [7.00708, 50.92121]]], [[[6.99855, 50.92446], [6.99915, 50.92428], [6.99915, 50.92417], [6.99843, 50.92451], [6.99855, 50.92446]]], [[[7.00133, 50.92493], [7.00033, 50.92496], [7.00008, 50.92526], [7.00216, 50.92503], [7.00383, 50.92506], [7.00133, 50.92493]]], [[[7.00124, 50.92623], [7.00154, 50.92633], [7.00137, 50.92582], [7.00035, 50.92593], [7.00035, 50.9263], [7.00124, 50.92623]]], [[[7.00623, 50.92692], [7.00713, 50.92661], [7.00598, 50.92649], [7.00589, 50.92698], [7.00514, 50.92699], [7.0057, 50.92709], [7.00623, 50.92692]]], [[[7.00508, 50.93067], [7.00511, 50.93065], [7.00501, 50.93067], [7.00503, 50.93069], [7.00508, 50.93067]]], [[[7.00333, 50.94666], [7.00331, 50.94674], [7.00389, 50.94677], [7.00334, 50.9465], [7.00333, 50.94666]]], [[[7.00833, 50.94685], [7.00817, 50.94698], [7.00804, 50.94705], [7.00843, 50.94709], [7.00833, 50.94685]]], [[[7.00293, 50.94778], [7.00334, 50.94756], [7.0034, 50.94743], [7.00269, 50.94739], [7.00293, 50.94778]]], [[[6.99702, 50.94795], [6.99758, 50.94728], [6.99541, 50.94663], [6.99653, 50.94845], [6.99704, 50.94827], [6.99702, 50.94795]]], [[[6.99935, 50.94799], [6.99918, 50.94821], [6.99978, 50.94827], [7.00022, 50.94796], [7.00103, 50.9478], [7.00122, 50.94729], [7.0004, 50.94722], [6.99983, 50.94754], [6.99924, 50.94741], [6.99935, 50.94799]]], [[[7.0073, 50.94791], [7.00757, 50.94802], [7.00767, 50.94797], [7.00767, 50.94794], [7.0073, 50.94791]]], [[[6.99901, 50.95106], [6.9993, 50.95025], [6.99964, 50.95], [6.99841, 50.94932], [6.99724, 50.94941], [6.99838, 50.95089], [6.99877, 50.95122], [6.99901, 50.95106]]], [[[6.99964, 50.95572], [6.9997, 50.95586], [6.99981, 50.95583], [6.99972, 50.95567], [6.99964, 50.95572]]], [[[7.00169, 50.95702], [7.00158, 50.9569], [7.00218, 50.95817], [7.00316, 50.9582], [7.00237, 50.95789], [7.00169, 50.95702]]], [[[6.99773, 50.96322], [6.99759, 50.96317], [6.9975, 50.96312], [6.9976, 50.96326], [6.99773, 50.96322]]], [[[7.00932, 50.96745], [7.00907, 50.96748], [7.0088, 50.96746], [7.00888, 50.96755], [7.00976, 50.9674], [7.00932, 50.96745]]], [[[7.00543, 50.9762], [7.00535, 50.97603], [7.00515, 50.9764], [7.00574, 50.97651], [7.00543, 50.9762]]], [[[7.00422, 50.98603], [7.00382, 50.98634], [7.00401, 50.98644], [7.00444, 50.98606], [7.00422, 50.98603]]], [[[7.00461, 50.98765], [7.00362, 50.98684], [7.00326, 50.98719], [7.00305, 50.98827], [7.00368, 50.98833], [7.0041, 50.98864], [7.00423, 50.989], [7.00392, 50.98935], [7.00462, 50.98997], [7.00805, 50.99021], [7.00806, 50.98993], [7.00731, 50.98983], [7.008, 50.98886], [7.00637, 50.9883], [7.00618, 50.98843], [7.00461, 50.98765]]], [[[7.00287, 50.98971], [7.00286, 50.98985], [7.00354, 50.98991], [7.0028, 50.98942], [7.00287, 50.98971]]], [[[7.00016, 50.99042], [6.99976, 50.99017], [6.99893, 50.99307], [6.9994, 50.99312], [6.99818, 50.99749], [6.99959, 50.99766], [7.00121, 50.99079], [7.00016, 50.99042]]], [[[7.01043, 50.99104], [7.00472, 50.99052], [7.0051, 50.99196], [7.00454, 50.99093], [7.00409, 50.99069], [7.00351, 50.99054], [7.00334, 50.99112], [7.00277, 50.99109], [7.0008, 50.99711], [7.00404, 50.99766], [7.00393, 50.99788], [7.0017, 50.99761], [7.00165, 50.99829], [7.00058, 50.99848], [7.00038, 50.99927], [7.00134, 50.99979], [7.00424, 51.00055], [7.00402, 50.99784], [7.00456, 50.99694], [7.00424, 50.99698], [7.00374, 50.99628], [7.00252, 50.99664], [7.00281, 50.99574], [7.00378, 50.99583], [7.00436, 50.99351], [7.00555, 50.99299], [7.00536, 50.99251], [7.00565, 50.99253], [7.00578, 50.99286], [7.00649, 50.9923], [7.00896, 50.99252], [7.00918, 50.99573], [7.01136, 50.99576], [7.0114, 50.99536], [7.01035, 50.99461], [7.01038, 50.99447], [7.01142, 50.99518], [7.01129, 50.99145], [7.01091, 50.9913], [7.01078, 50.99201], [7.01059, 50.99202], [7.01043, 50.99104]]], [[[6.99653, 50.99143], [6.99547, 50.99188], [6.99372, 50.99218], [6.99354, 50.99234], [6.99398, 50.99249], [6.99425, 50.99228], [6.99472, 50.99231], [6.99502, 50.99255], [6.995, 50.99307], [6.99598, 50.9932], [6.99657, 50.99303], [6.99679, 50.99325], [6.99734, 50.99236], [6.99678, 50.99223], [6.99695, 50.99203], [6.99671, 50.99152], [6.99713, 50.99121], [6.99653, 50.99143]]], [[[6.9945, 50.99374], [6.99636, 50.99404], [6.99756, 50.99412], [6.99759, 50.99401], [6.99434, 50.99359], [6.99408, 50.99374], [6.9945, 50.99374]]], [[[7.00478, 50.99729], [7.00514, 50.99729], [7.00667, 50.99715], [7.00502, 50.99691], [7.00478, 50.99729]]], [[[7.00859, 50.99898], [7.00853, 50.99875], [7.0076, 50.99855], [7.00866, 50.99924], [7.00859, 50.99898]]], [[[6.99864, 50.99945], [6.99906, 50.99979], [6.99946, 50.99819], [6.99804, 50.99804], [6.99775, 50.99933], [6.99864, 50.99945]]], [[[7.00455, 50.99947], [7.00468, 50.99929], [7.0046, 50.9991], [7.00442, 50.99914], [7.00455, 50.99947]]], [[[7.00446, 51.0], [7.00456, 50.99982], [7.00448, 50.99972], [7.00446, 51.0]]], [[[6.99928, 51.00324], [6.99759, 51.01004], [6.99898, 51.01031], [7.00011, 51.00715], [7.00042, 51.00693], [7.00109, 51.00697], [7.00191, 51.00053], [7.00012, 50.99985], [6.99928, 51.00324]]], [[[7.0019, 51.00164], [7.00286, 51.00105], [7.0034, 51.00098], [7.00379, 51.00124], [7.00412, 51.00111], [7.00258, 51.00067], [7.00227, 51.00072], [7.00245, 51.00087], [7.00187, 51.00141], [7.0019, 51.00164]]], [[[7.00889, 51.00147], [7.00657, 51.00079], [7.0062, 51.00115], [7.00912, 51.00203], [7.00889, 51.00147]]], [[[7.00353, 51.00162], [7.00392, 51.00282], [7.00389, 51.00376], [7.00334, 51.00413], [7.00258, 51.00394], [7.00255, 51.00237], [7.00203, 51.00217], [7.00189, 51.00228], [7.00189, 51.00533], [7.00161, 51.00604], [7.00228, 51.00565], [7.00309, 51.00599], [7.00342, 51.00638], [7.00361, 51.00736], [7.00391, 51.00567], [7.00325, 51.00533], [7.00381, 51.00512], [7.00371, 51.00487], [7.00405, 51.00451], [7.00427, 51.00144], [7.00353, 51.00162]]], [[[7.00177, 51.00691], [7.00213, 51.00658], [7.00168, 51.00637], [7.00159, 51.00611], [7.00128, 51.00701], [7.00165, 51.00709], [7.00177, 51.00691]]], [[[6.99655, 51.00853], [6.9966, 51.00904], [6.99611, 51.0094], [6.99486, 51.00934], [6.99431, 51.00913], [6.99378, 51.01097], [6.99556, 51.01107], [6.9963, 51.01055], [6.99696, 51.00826], [6.99666, 51.00824], [6.99655, 51.00853]]], [[[7.00053, 51.01036], [7.00011, 51.01159], [6.99951, 51.01199], [6.99979, 51.01234], [6.99889, 51.0124], [6.99816, 51.01525], [6.99998, 51.01528], [7.00024, 51.01502], [7.00043, 51.01511], [7.00021, 51.01537], [7.00007, 51.02004], [7.00364, 51.01865], [7.00412, 51.01775], [7.00509, 51.01718], [7.00581, 51.01701], [7.0065, 51.01564], [7.00763, 51.01512], [7.00767, 51.0147], [7.00835, 51.01417], [7.00917, 51.0142], [7.00988, 51.01471], [7.00957, 51.01527], [7.00904, 51.01557], [7.00874, 51.01643], [7.00892, 51.01667], [7.00957, 51.01722], [7.01138, 51.01704], [7.01059, 51.01622], [7.01053, 51.01575], [7.01089, 51.0154], [7.01154, 51.0153], [7.01212, 51.01549], [7.01246, 51.01589], [7.01262, 51.01521], [7.01177, 51.01506], [7.01336, 51.01311], [7.01357, 51.01223], [7.01289, 51.01184], [7.01345, 51.0086], [7.01034, 51.00733], [7.01001, 51.00809], [7.00855, 51.00989], [7.00769, 51.00957], [7.00758, 51.00975], [7.00815, 51.00977], [7.00847, 51.00996], [7.00847, 51.0104], [7.0081, 51.01087], [7.00771, 51.01107], [7.00723, 51.01097], [7.00688, 51.01136], [7.00663, 51.01118], [7.00728, 51.00856], [7.00592, 51.0087], [7.00367, 51.00825], [7.00334, 51.00992], [7.00273, 51.01044], [7.0038, 51.01058], [7.00457, 51.00916], [7.00509, 51.00881], [7.00514, 51.00901], [7.00454, 51.00952], [7.00452, 51.01034], [7.00417, 51.01041], [7.00337, 51.01121], [7.0036, 51.01134], [7.00212, 51.01244], [7.00313, 51.01412], [7.00317, 51.01462], [7.00276, 51.01461], [7.00301, 51.01437], [7.00199, 51.01326], [7.0016, 51.01401], [7.00195, 51.01412], [7.0026, 51.01524], [7.00275, 51.0148], [7.00383, 51.01442], [7.00394, 51.0141], [7.00448, 51.01377], [7.0051, 51.01391], [7.00505, 51.01453], [7.00582, 51.01364], [7.00532, 51.01344], [7.00516, 51.01314], [7.00602, 51.01206], [7.00562, 51.01208], [7.00531, 51.01245], [7.00544, 51.01199], [7.00598, 51.01196], [7.00649, 51.01133], [7.00753, 51.01163], [7.00892, 51.01008], [7.00943, 51.01032], [7.00344, 51.01675], [7.00321, 51.01641], [7.004, 51.01555], [7.00358, 51.01531], [7.00316, 51.01541], [7.00344, 51.01614], [7.00321, 51.01639], [7.00131, 51.01405], [7.00232, 51.01049], [7.00053, 51.01036]], [[7.00298, 51.01264], [7.00266, 51.01281], [7.00239, 51.01261], [7.00315, 51.01236], [7.00366, 51.01256], [7.00393, 51.01163], [7.00442, 51.01144], [7.004, 51.01235], [7.00412, 51.0129], [7.00298, 51.01264]], [[7.00594, 51.0092], [7.00565, 51.00922], [7.00543, 51.00902], [7.00612, 51.00903], [7.00625, 51.00925], [7.00597, 51.00932], [7.00594, 51.0092]], [[7.00512, 51.0102], [7.00522, 51.00973], [7.00532, 51.00973], [7.00544, 51.01034], [7.00512, 51.01067], [7.00512, 51.0102]], [[7.01061, 51.00806], [7.01085, 51.00755], [7.01152, 51.00782], [7.01078, 51.00871], [7.01089, 51.00828], [7.01061, 51.00806]], [[7.01133, 51.00963], [7.01114, 51.00922], [7.01082, 51.00886], [7.01135, 51.00888], [7.01133, 51.00963]], [[7.01111, 51.01151], [7.01088, 51.01144], [7.01117, 51.01108], [7.01112, 51.01144], [7.01111, 51.01151]]], [[[6.99409, 51.01167], [6.99431, 51.01158], [6.99362, 51.0115], [6.99357, 51.01163], [6.99409, 51.01167]]], [[[6.99812, 51.0119], [6.99744, 51.01177], [6.9967, 51.01366], [6.99768, 51.01373], [6.99812, 51.0119]]], [[[7.00475, 51.01487], [7.00439, 51.01493], [7.00371, 51.01526], [7.00427, 51.01542], [7.00475, 51.01487]]], [[[6.99669, 51.01667], [6.99696, 51.01665], [6.99727, 51.01534], [6.99657, 51.01533], [6.99651, 51.01598], [6.996, 51.01644], [6.99594, 51.01668], [6.99669, 51.01667]]], [[[7.00343, 51.01996], [7.00369, 51.01952], [7.00444, 51.01936], [7.00526, 51.01975], [7.00671, 51.02007], [7.00609, 51.01963], [7.00559, 51.01876], [7.00459, 51.0187], [7.00361, 51.01938], [7.00083, 51.02038], [7.00149, 51.02072], [7.00148, 51.02125], [7.00205, 51.0207], [7.00342, 51.0206], [7.00343, 51.01996]]], [[[6.99603, 51.0193], [6.99536, 51.01903], [6.99506, 51.02021], [6.99605, 51.02029], [6.99629, 51.01933], [6.99603, 51.0193]]], [[[6.99699, 51.02028], [6.99715, 51.02036], [6.99758, 51.02006], [6.99815, 51.01998], [6.9991, 51.02042], [6.99973, 51.02015], [6.99973, 51.01969], [6.99708, 51.01964], [6.99699, 51.02028]]], [[[6.99379, 51.01968], [6.99363, 51.02038], [6.99384, 51.02039], [6.99407, 51.01949], [6.99379, 51.01968]]], [[[7.00318, 51.0355], [7.00317, 51.03544], [7.00307, 51.03543], [7.00315, 51.03548], [7.00318, 51.0355]]], [[[7.00174, 51.03536], [7.00167, 51.03533], [7.00107, 51.03567], [7.00129, 51.03576], [7.00174, 51.03536]]], [[[6.99622, 51.03624], [6.99619, 51.03625], [6.99622, 51.03626], [6.99622, 51.03624]]], [[[6.99362, 51.03634], [6.99365, 51.03682], [6.99524, 51.0363], [6.99474, 51.03573], [6.99295, 51.03603], [6.99362, 51.03634]]], [[[6.99673, 51.03679], [6.99706, 51.03697], [6.99774, 51.03694], [6.99787, 51.03592], [6.99655, 51.03568], [6.99637, 51.03631], [6.99673, 51.03679]]], [[[6.9994, 51.03655], [6.99951, 51.03639], [6.99796, 51.03594], [6.9979, 51.03698], [6.9984, 51.0374], [6.99863, 51.03695], [6.99935, 51.03673], [6.9994, 51.03655]]], [[[6.99291, 51.03742], [6.99305, 51.03744], [6.99341, 51.03748], [6.99334, 51.03727], [6.99291, 51.03742]]], [[[6.99822, 51.0379], [6.99786, 51.03807], [6.99731, 51.03817], [6.99855, 51.03829], [6.99822, 51.0379]]], [[[6.99722, 51.0381], [6.99717, 51.03809], [6.99712, 51.03813], [6.99719, 51.03815], [6.99722, 51.0381]]], [[[7.01211, 50.91269], [7.01465, 50.91312], [7.01552, 50.91284], [7.01623, 50.91307], [7.01704, 50.91293], [7.01765, 50.91321], [7.01813, 50.91289], [7.01802, 50.91271], [7.01061, 50.91258], [7.01161, 50.91298], [7.01211, 50.91269]]], [[[7.01899, 50.9134], [7.01846, 50.91334], [7.01752, 50.91404], [7.01639, 50.91451], [7.01681, 50.91458], [7.01723, 50.91442], [7.01926, 50.91338], [7.01899, 50.9134]]], [[[7.02406, 50.91578], [7.02418, 50.91579], [7.02433, 50.9158], [7.0242, 50.9157], [7.02406, 50.91578]]], [[[7.01296, 50.91775], [7.01306, 50.91761], [7.01278, 50.91764], [7.01288, 50.91768], [7.01296, 50.91775]]], [[[7.02414, 50.91755], [7.02462, 50.91815], [7.02431, 50.91852], [7.02373, 50.91866], [7.02384, 50.91894], [7.02502, 50.91882], [7.02509, 50.91815], [7.02433, 50.91708], [7.02324, 50.91686], [7.02344, 50.91699], [7.02325, 50.91702], [7.02336, 50.91752], [7.02414, 50.91755]]], [[[7.0136, 50.92307], [7.01508, 50.92226], [7.01372, 50.92227], [7.01331, 50.92167], [7.01303, 50.92166], [7.0131, 50.92336], [7.0136, 50.92307]]], [[[7.01491, 50.92327], [7.01558, 50.92331], [7.01555, 50.92291], [7.01514, 50.92313], [7.01491, 50.92327]]], [[[7.01168, 50.92398], [7.0122, 50.92381], [7.01207, 50.92306], [7.01178, 50.92351], [7.01125, 50.92372], [7.01168, 50.92398]]], [[[7.01858, 50.92547], [7.01882, 50.92561], [7.0201, 50.92489], [7.01738, 50.92546], [7.01858, 50.92547]]], [[[7.01615, 50.92531], [7.0148, 50.92527], [7.01488, 50.92575], [7.0144, 50.92609], [7.01516, 50.92728], [7.01603, 50.92718], [7.01567, 50.9259], [7.01607, 50.92546], [7.01679, 50.92532], [7.01666, 50.92496], [7.01615, 50.92531]]], [[[7.0104, 50.92898], [7.01128, 50.92857], [7.0119, 50.92857], [7.01241, 50.92883], [7.01343, 50.9284], [7.0124, 50.92823], [7.01125, 50.92831], [7.01023, 50.92864], [7.00934, 50.92929], [7.0104, 50.92898]]], [[[7.01711, 50.93827], [7.01701, 50.9378], [7.01687, 50.93873], [7.01695, 50.93873], [7.01711, 50.93827]]], [[[7.01202, 50.9445], [7.01135, 50.94454], [7.01121, 50.94489], [7.0124, 50.9452], [7.01264, 50.94409], [7.01202, 50.9445]]], [[[7.01678, 50.94677], [7.01676, 50.94667], [7.01664, 50.94679], [7.01648, 50.94727], [7.01678, 50.94677]]], [[[7.01038, 50.94736], [7.01078, 50.94734], [7.0106, 50.94713], [7.01051, 50.94715], [7.01038, 50.94736]]], [[[7.01183, 50.94817], [7.01061, 50.94815], [7.01059, 50.94869], [7.0114, 50.9489], [7.01183, 50.94817]]], [[[7.02336, 50.94917], [7.0235, 50.94946], [7.02361, 50.94917], [7.02397, 50.94959], [7.02458, 50.94976], [7.02361, 50.94903], [7.02149, 50.9489], [7.02336, 50.94917]]], [[[7.0195, 50.94944], [7.01951, 50.94945], [7.01951, 50.94944], [7.0195, 50.94944]]], [[[7.02095, 50.95025], [7.02145, 50.95025], [7.02241, 50.9499], [7.02114, 50.95016], [7.02069, 50.95014], [7.02132, 50.94996], [7.02148, 50.94965], [7.02129, 50.9496], [7.02114, 50.94996], [7.02053, 50.94998], [7.02061, 50.95021], [7.02095, 50.95025]]], [[[7.02082, 50.95349], [7.01977, 50.95339], [7.01776, 50.95394], [7.01804, 50.95392], [7.01853, 50.95424], [7.01978, 50.9541], [7.01966, 50.95359], [7.02099, 50.9535], [7.02082, 50.95349]]], [[[7.01485, 50.97193], [7.01442, 50.97175], [7.01322, 50.97199], [7.0141, 50.97286], [7.01521, 50.97323], [7.0154, 50.97313], [7.01534, 50.97223], [7.01559, 50.97204], [7.0155, 50.97189], [7.01485, 50.97193]]], [[[7.01668, 50.97505], [7.01721, 50.97474], [7.01714, 50.97449], [7.01687, 50.97478], [7.01668, 50.97505]]], [[[7.01671, 50.97512], [7.01672, 50.9755], [7.01665, 50.97567], [7.01719, 50.97529], [7.01671, 50.97512]]], [[[7.01138, 50.97803], [7.01176, 50.97795], [7.01175, 50.9781], [7.01197, 50.97789], [7.01169, 50.97777], [7.01138, 50.97803]]], [[[7.01146, 50.97827], [7.0115, 50.97832], [7.01157, 50.97826], [7.01146, 50.97827]]], [[[7.01463, 50.98254], [7.01463, 50.98254], [7.01481, 50.98262], [7.01463, 50.98254]]], [[[7.01596, 50.98345], [7.01651, 50.98291], [7.01588, 50.98294], [7.0146, 50.98257], [7.01431, 50.98272], [7.01596, 50.98345]]], [[[7.01739, 50.98377], [7.01757, 50.98339], [7.01756, 50.98323], [7.01702, 50.98374], [7.01739, 50.98377]]], [[[7.01468, 50.98354], [7.01465, 50.98364], [7.01494, 50.98377], [7.01468, 50.98351], [7.01468, 50.98354]]], [[[7.019, 50.98496], [7.01869, 50.98507], [7.01869, 50.98514], [7.01917, 50.98489], [7.019, 50.98496]]], [[[7.01586, 50.98662], [7.01637, 50.98679], [7.01715, 50.98594], [7.01678, 50.98553], [7.01601, 50.98546], [7.01567, 50.98526], [7.01481, 50.98646], [7.01536, 50.98643], [7.01586, 50.98662]]], [[[7.02206, 50.98852], [7.02186, 50.98854], [7.02206, 50.98885], [7.02223, 50.98847], [7.02206, 50.98852]]], [[[7.01439, 50.98827], [7.01397, 50.98797], [7.0138, 50.98831], [7.01417, 50.98864], [7.01424, 50.98911], [7.01496, 50.98851], [7.01439, 50.98827]]], [[[7.00987, 50.98999], [7.00996, 50.9904], [7.00954, 50.9882], [7.00953, 50.9882], [7.00987, 50.98999]]], [[[7.01777, 50.9886], [7.01774, 50.98703], [7.01741, 50.98692], [7.01686, 50.98783], [7.01456, 50.98976], [7.01384, 50.99142], [7.01584, 50.99219], [7.01788, 50.99375], [7.01777, 50.9886]], [[7.01689, 50.98823], [7.01582, 50.98934], [7.01538, 50.98915], [7.01666, 50.98811], [7.01689, 50.98823]]], [[[7.01268, 50.99356], [7.01281, 50.99362], [7.01477, 51.00235], [7.01643, 51.00133], [7.01802, 51.00071], [7.0179, 50.99465], [7.01526, 50.99259], [7.01277, 50.99169], [7.01268, 50.99356]]], [[[7.01182, 50.99579], [7.01182, 50.99574], [7.012, 50.9966], [7.0119, 50.99614], [7.01182, 50.99579]]], [[[7.02259, 50.99754], [7.02061, 50.99668], [7.01882, 50.99541], [7.01892, 51.00037], [7.01974, 50.99985], [7.02007, 50.99932], [7.02121, 50.99879], [7.02259, 50.99754]]], [[[7.01134, 50.99735], [7.01156, 50.99825], [7.00962, 50.99783], [7.00992, 50.99913], [7.01105, 50.9996], [7.01158, 50.99926], [7.01127, 50.99925], [7.01129, 50.99904], [7.01154, 50.99904], [7.01161, 50.99847], [7.01209, 51.00041], [7.01237, 50.99983], [7.01138, 50.99585], [7.00925, 50.99615], [7.00946, 50.99713], [7.01134, 50.99735]]], [[[7.02145, 50.99992], [7.0213, 51.00015], [7.02198, 51.00026], [7.02167, 51.00014], [7.02145, 50.99992]]], [[[7.01105, 51.00087], [7.01111, 51.00035], [7.01038, 50.99948], [7.00997, 50.99934], [7.01025, 51.00054], [7.00857, 51.00003], [7.00867, 50.99967], [7.00836, 50.9992], [7.00715, 50.99895], [7.00698, 50.99806], [7.00765, 50.99799], [7.00795, 50.99814], [7.00793, 50.99842], [7.00847, 50.99859], [7.00803, 50.99793], [7.0072, 50.99736], [7.00536, 50.99729], [7.00481, 50.99749], [7.00476, 50.99772], [7.00421, 50.99765], [7.0046, 50.99906], [7.00483, 50.99879], [7.00532, 50.99877], [7.00578, 50.99946], [7.0054, 51.00031], [7.00485, 51.00047], [7.00444, 51.00024], [7.00442, 51.00057], [7.00593, 51.00107], [7.00712, 50.9999], [7.00754, 50.99973], [7.00666, 51.0007], [7.00761, 51.0009], [7.00804, 51.00023], [7.00773, 50.9997], [7.00882, 51.00038], [7.00938, 51.00211], [7.01085, 51.00253], [7.01114, 51.00202], [7.01092, 51.00255], [7.0119, 51.00285], [7.01284, 51.00343], [7.01309, 51.00338], [7.01273, 51.00048], [7.01209, 51.00041], [7.01122, 51.00204], [7.01083, 51.00151], [7.01105, 51.00087]], [[7.00578, 51.0004], [7.00556, 51.00086], [7.00536, 51.00051], [7.00618, 50.9996], [7.00602, 50.99922], [7.00635, 50.9992], [7.0065, 50.99948], [7.00578, 51.0004]], [[7.01018, 51.00099], [7.00974, 51.00122], [7.0095, 51.00095], [7.01023, 51.00062], [7.01018, 51.00099]]], [[[7.01944, 51.00035], [7.01958, 51.00033], [7.01969, 51.00021], [7.01931, 51.00037], [7.01944, 51.00035]]], [[[7.02105, 51.00226], [7.02091, 51.0012], [7.01957, 51.00155], [7.01896, 51.00222], [7.01909, 51.00861], [7.0202, 51.00858], [7.0217, 51.0069], [7.0214, 51.00646], [7.02144, 51.00533], [7.02095, 51.00477], [7.02195, 51.00285], [7.02105, 51.00226]]], [[[7.01337, 51.00268], [7.01346, 51.00329], [7.0133, 51.00232], [7.01337, 51.00268]]], [[[7.01446, 51.00257], [7.01445, 51.00247], [7.01442, 51.00239], [7.01446, 51.00257]]], [[[7.01084, 51.00411], [7.01134, 51.00409], [7.01182, 51.00437], [7.01236, 51.00392], [7.01222, 51.00383], [7.01181, 51.0041], [7.01211, 51.00371], [7.01083, 51.00312], [7.01056, 51.00409], [7.01084, 51.00411]]], [[[7.01255, 51.00462], [7.01271, 51.00439], [7.0124, 51.00433], [7.01217, 51.00448], [7.01255, 51.00462]]], [[[7.01278, 51.00521], [7.01326, 51.00542], [7.01312, 51.00437], [7.01276, 51.00481], [7.01278, 51.00521]]], [[[7.00751, 51.00533], [7.00811, 51.00531], [7.008, 51.00423], [7.00823, 51.00435], [7.00822, 51.00532], [7.00866, 51.00539], [7.00869, 51.00636], [7.00819, 51.00665], [7.00843, 51.00645], [7.00814, 51.0055], [7.0076, 51.00553], [7.00802, 51.00676], [7.0084, 51.00679], [7.00851, 51.00654], [7.00865, 51.00647], [7.00859, 51.00667], [7.00898, 51.00669], [7.00925, 51.00639], [7.00968, 51.00671], [7.01061, 51.00677], [7.01344, 51.00792], [7.01327, 51.00568], [7.01269, 51.00532], [7.01178, 51.00588], [7.01084, 51.00584], [7.01026, 51.00632], [7.00968, 51.00626], [7.00931, 51.00598], [7.00965, 51.00466], [7.01023, 51.00415], [7.0107, 51.00308], [7.00975, 51.00281], [7.0094, 51.00322], [7.00929, 51.00268], [7.00872, 51.00251], [7.00716, 51.00259], [7.00683, 51.0027], [7.00698, 51.00338], [7.00712, 51.00378], [7.00759, 51.00415], [7.00702, 51.00422], [7.00751, 51.00533]], [[7.00684, 51.0027], [7.00808, 51.00255], [7.00822, 51.00332], [7.00699, 51.00339], [7.00684, 51.0027]], [[7.00987, 51.00408], [7.00971, 51.00419], [7.0095, 51.00479], [7.00919, 51.00442], [7.00957, 51.0039], [7.00988, 51.00393], [7.00987, 51.00408]]], [[[7.01511, 51.00956], [7.01514, 51.00957], [7.01508, 51.00926], [7.01507, 51.00955], [7.01511, 51.00956]]], [[[7.01401, 51.01548], [7.01366, 51.01705], [7.0139, 51.01707], [7.01404, 51.01599], [7.0167, 51.01273], [7.01817, 51.01305], [7.01821, 51.01015], [7.01755, 51.01068], [7.01538, 51.01167], [7.01449, 51.01342], [7.01401, 51.01548]]], [[[7.01375, 51.01085], [7.01375, 51.01149], [7.01391, 51.01037], [7.01375, 51.01085]]], [[[7.01499, 51.01103], [7.01494, 51.01101], [7.0149, 51.01126], [7.015, 51.0111], [7.01499, 51.01103]]], [[[7.01835, 51.01727], [7.01856, 51.01632], [7.0186, 51.01592], [7.01834, 51.01727], [7.01835, 51.01727]]], [[[7.01271, 51.02135], [7.01296, 51.02112], [7.01339, 51.01827], [7.01312, 51.0195], [7.01271, 51.02135]]], [[[7.01401, 51.02102], [7.01457, 51.02116], [7.01553, 51.02067], [7.01549, 51.02032], [7.01403, 51.01981], [7.01401, 51.02102]]], [[[7.00798, 51.02014], [7.00816, 51.02023], [7.00815, 51.02004], [7.00804, 51.02011], [7.00798, 51.02014]]], [[[7.01275, 51.02189], [7.01263, 51.0217], [7.01249, 51.02235], [7.01297, 51.02211], [7.01275, 51.02189]]], [[[7.01267, 51.02251], [7.0127, 51.02248], [7.0126, 51.02248], [7.0126, 51.02255], [7.01267, 51.02251]]], [[[7.01245, 51.02268], [7.01246, 51.02267], [7.01245, 51.02254], [7.01241, 51.02275], [7.01245, 51.02268]]], [[[7.01067, 51.02346], [7.01135, 51.0225], [7.0115, 51.02182], [7.01048, 51.02343], [7.01067, 51.02346]]], [[[7.01232, 51.02359], [7.01232, 51.02358], [7.01231, 51.02357], [7.01231, 51.02359], [7.01232, 51.02359]]], [[[7.01058, 51.02405], [7.01032, 51.02404], [7.0104, 51.02478], [7.01068, 51.02498], [7.01058, 51.02405]]], [[[7.01698, 51.02478], [7.01715, 51.02464], [7.01715, 51.02459], [7.01704, 51.02458], [7.01698, 51.02478]]], [[[7.01561, 51.0329], [7.01559, 51.033], [7.01601, 51.03307], [7.01603, 51.03298], [7.01561, 51.0329]]], [[[7.0163, 51.03306], [7.01627, 51.03313], [7.01636, 51.03314], [7.01639, 51.03309], [7.0163, 51.03306]]], [[[7.01512, 51.03526], [7.01461, 51.03727], [7.01545, 51.03736], [7.01589, 51.03568], [7.01579, 51.03532], [7.01512, 51.03526]]], [[[7.02547, 50.91588], [7.02594, 50.91573], [7.02591, 50.91603], [7.02622, 50.91621], [7.02613, 50.91585], [7.02638, 50.91563], [7.02701, 50.91562], [7.02734, 50.91588], [7.02762, 50.91541], [7.02677, 50.91538], [7.02796, 50.91499], [7.02863, 50.91436], [7.02572, 50.91564], [7.02417, 50.91586], [7.0249, 50.91599], [7.02547, 50.91588]]], [[[7.02988, 50.91653], [7.02954, 50.91675], [7.0292, 50.9167], [7.02959, 50.91621], [7.02873, 50.91543], [7.02834, 50.916], [7.02901, 50.91594], [7.02935, 50.91622], [7.02921, 50.91656], [7.02881, 50.91667], [7.03031, 50.91694], [7.02988, 50.91653]]], [[[7.02588, 50.9184], [7.02565, 50.91766], [7.02612, 50.91779], [7.0261, 50.91816], [7.0265, 50.91761], [7.02602, 50.91764], [7.02566, 50.91743], [7.02571, 50.91708], [7.02612, 50.91691], [7.02575, 50.91685], [7.02542, 50.91728], [7.02503, 50.91675], [7.02559, 50.91682], [7.02459, 50.91665], [7.02559, 50.91795], [7.0256, 50.91866], [7.02588, 50.9184]]], [[[7.02997, 50.91758], [7.02969, 50.91752], [7.02897, 50.91786], [7.02919, 50.91744], [7.02857, 50.91733], [7.02869, 50.91773], [7.028, 50.91801], [7.02755, 50.91768], [7.02764, 50.91795], [7.02821, 50.91818], [7.02742, 50.91842], [7.02726, 50.91815], [7.02673, 50.91876], [7.02997, 50.91758]]], [[[7.03108, 50.92358], [7.03083, 50.92286], [7.02998, 50.92301], [7.02969, 50.92323], [7.03006, 50.92385], [7.03108, 50.92358]]], [[[7.02575, 50.92377], [7.02547, 50.92355], [7.02461, 50.92355], [7.02474, 50.92413], [7.02575, 50.92377]]], [[[7.0286, 50.92522], [7.02813, 50.92529], [7.02857, 50.92532], [7.0286, 50.92522]]], [[[7.02658, 50.9255], [7.02699, 50.92548], [7.02767, 50.92535], [7.02658, 50.9255]]], [[[7.02787, 50.92673], [7.02812, 50.92673], [7.02774, 50.92657], [7.02716, 50.92683], [7.02787, 50.92673]]], [[[7.02875, 50.92673], [7.02892, 50.92675], [7.02902, 50.92678], [7.02899, 50.92668], [7.02875, 50.92673]]], [[[7.02689, 50.927], [7.02599, 50.92723], [7.02616, 50.92744], [7.02642, 50.92747], [7.02689, 50.927]]], [[[7.03083, 50.92747], [7.03065, 50.92757], [7.03125, 50.92793], [7.03141, 50.92831], [7.03221, 50.92846], [7.03214, 50.92776], [7.03135, 50.92783], [7.03083, 50.92747]]], [[[7.02682, 50.92946], [7.02641, 50.92962], [7.02644, 50.92966], [7.02684, 50.92948], [7.02682, 50.92946]]], [[[7.02685, 50.92956], [7.02646, 50.9297], [7.02631, 50.93019], [7.02731, 50.93133], [7.02898, 50.93125], [7.02822, 50.93072], [7.02745, 50.93102], [7.0282, 50.93067], [7.02685, 50.92956]]], [[[7.03514, 50.93275], [7.03554, 50.93243], [7.03552, 50.9319], [7.03513, 50.93197], [7.03518, 50.93217], [7.03485, 50.93219], [7.03471, 50.93252], [7.03385, 50.93249], [7.03401, 50.93301], [7.03451, 50.93302], [7.03486, 50.93323], [7.03514, 50.93275]]], [[[7.03457, 50.93651], [7.03469, 50.93637], [7.03476, 50.93629], [7.03447, 50.93648], [7.03457, 50.93651]]], [[[7.03008, 50.93614], [7.02958, 50.9368], [7.03032, 50.93696], [7.03072, 50.93625], [7.03008, 50.93614]]], [[[7.03317, 50.93633], [7.03258, 50.93649], [7.03288, 50.93689], [7.03329, 50.93676], [7.03317, 50.93633]]], [[[7.03045, 50.93801], [7.03076, 50.93795], [7.03125, 50.93795], [7.03034, 50.93767], [7.03045, 50.93801]]], [[[7.03465, 50.93798], [7.03476, 50.93789], [7.03449, 50.93798], [7.03441, 50.93784], [7.0341, 50.93819], [7.03449, 50.93827], [7.03465, 50.93798]]], [[[7.03634, 50.94112], [7.03617, 50.94072], [7.03436, 50.94067], [7.03404, 50.94112], [7.03634, 50.94112]]], [[[7.02755, 50.94358], [7.02755, 50.94349], [7.02662, 50.94412], [7.02758, 50.94421], [7.02755, 50.94358]]], [[[7.03633, 50.95193], [7.03687, 50.95058], [7.03849, 50.94633], [7.03746, 50.94868], [7.03529, 50.9505], [7.03388, 50.95102], [7.03099, 50.95117], [7.03471, 50.95157], [7.03561, 50.9519], [7.03633, 50.95193]], [[7.03483, 50.95139], [7.03392, 50.95123], [7.03544, 50.95081], [7.03606, 50.95085], [7.03617, 50.9516], [7.03594, 50.9518], [7.03483, 50.95139]]], [[[7.02864, 50.9522], [7.02925, 50.95238], [7.02948, 50.95276], [7.02911, 50.95332], [7.02837, 50.95345], [7.02866, 50.95437], [7.02938, 50.95447], [7.03019, 50.95174], [7.02816, 50.95149], [7.02811, 50.95222], [7.02864, 50.9522]]], [[[7.02629, 50.95169], [7.02578, 50.95301], [7.02624, 50.95335], [7.02639, 50.95411], [7.02594, 50.95467], [7.02507, 50.95472], [7.02522, 50.95512], [7.02587, 50.95553], [7.02599, 50.95596], [7.02657, 50.95639], [7.02721, 50.95594], [7.02858, 50.95592], [7.02799, 50.95501], [7.027, 50.95115], [7.02665, 50.95105], [7.02629, 50.95169]]], [[[7.03449, 50.95676], [7.03559, 50.95388], [7.03487, 50.95533], [7.03495, 50.95473], [7.03585, 50.95319], [7.03473, 50.95462], [7.03472, 50.95383], [7.03422, 50.95303], [7.03312, 50.95219], [7.032, 50.95201], [7.03281, 50.95234], [7.03397, 50.95328], [7.03428, 50.95416], [7.03449, 50.95676]]], [[[7.02464, 50.95724], [7.02562, 50.95757], [7.02596, 50.95709], [7.02667, 50.95678], [7.02559, 50.95593], [7.02466, 50.95464], [7.02358, 50.95469], [7.02351, 50.95497], [7.02068, 50.95525], [7.02167, 50.95573], [7.02171, 50.9555], [7.02464, 50.95724]]], [[[7.03392, 50.95722], [7.03284, 50.95692], [7.03162, 50.95677], [7.03156, 50.95694], [7.03279, 50.95718], [7.0341, 50.95777], [7.03422, 50.95747], [7.03392, 50.95722]]], [[[7.03002, 50.95729], [7.02948, 50.957], [7.02891, 50.95751], [7.03204, 50.95833], [7.03269, 50.9576], [7.03311, 50.95748], [7.03149, 50.95705], [7.03096, 50.95734], [7.03002, 50.95729]]], [[[7.0307, 50.95812], [7.02882, 50.9577], [7.02882, 50.95872], [7.02806, 50.9591], [7.03066, 50.96062], [7.03096, 50.96067], [7.03147, 50.96039], [7.03206, 50.96033], [7.03299, 50.96063], [7.03395, 50.95816], [7.03293, 50.95768], [7.0323, 50.95845], [7.0307, 50.95812]]], [[[7.03551, 50.95905], [7.03505, 50.9585], [7.03487, 50.95909], [7.03547, 50.95949], [7.03524, 50.96007], [7.03487, 50.96016], [7.03474, 50.96045], [7.03523, 50.96041], [7.03551, 50.96013], [7.03551, 50.95905]]], [[[7.02576, 50.95993], [7.0257, 50.96032], [7.02646, 50.96035], [7.02648, 50.95981], [7.02571, 50.95963], [7.02576, 50.95993]]], [[[7.03029, 50.96461], [7.03061, 50.96492], [7.03119, 50.96505], [7.03094, 50.96568], [7.02929, 50.96595], [7.03082, 50.9663], [7.03164, 50.96415], [7.03072, 50.96402], [7.03029, 50.96461]]], [[[7.0331, 50.96498], [7.0327, 50.96506], [7.03278, 50.96517], [7.03513, 50.96563], [7.03524, 50.96546], [7.03313, 50.9644], [7.03296, 50.96488], [7.03374, 50.96482], [7.03342, 50.96517], [7.03333, 50.96496], [7.0331, 50.96498]]], [[[7.02838, 50.96577], [7.02878, 50.96579], [7.02872, 50.96494], [7.02865, 50.96523], [7.02838, 50.96577]]], [[[7.02727, 50.96546], [7.0275, 50.96545], [7.02753, 50.9654], [7.02709, 50.96537], [7.02727, 50.96546]]], [[[7.02914, 50.96686], [7.02899, 50.96733], [7.0291, 50.96772], [7.02964, 50.96672], [7.02917, 50.96663], [7.02914, 50.96686]]], [[[7.03142, 50.96788], [7.03184, 50.96717], [7.0317, 50.96714], [7.03142, 50.96788]]], [[[7.0329, 50.96741], [7.03249, 50.96732], [7.03223, 50.96809], [7.03244, 50.96835], [7.0329, 50.96741]]], [[[7.029, 50.9679], [7.02898, 50.96794], [7.02899, 50.96795], [7.02901, 50.96789], [7.029, 50.9679]]], [[[7.03216, 50.96942], [7.03244, 50.96936], [7.03286, 50.96879], [7.03286, 50.96819], [7.03216, 50.96942]]], [[[7.03211, 50.96913], [7.03211, 50.96917], [7.03219, 50.96898], [7.0321, 50.96903], [7.03211, 50.96913]]], [[[7.02911, 50.9693], [7.02907, 50.96962], [7.02939, 50.97005], [7.02956, 50.96959], [7.02924, 50.96936], [7.02935, 50.96937], [7.02954, 50.96938], [7.02965, 50.96937], [7.02965, 50.96937], [7.02911, 50.9693]]], [[[7.03107, 50.97042], [7.03189, 50.9706], [7.03241, 50.96949], [7.0314, 50.96988], [7.03068, 50.96983], [7.03047, 50.97037], [7.03107, 50.97042]]], [[[7.03132, 50.97106], [7.03128, 50.97115], [7.03168, 50.97115], [7.03169, 50.97113], [7.03132, 50.97106]]], [[[7.02395, 50.97068], [7.02322, 50.97182], [7.02382, 50.97175], [7.02468, 50.97198], [7.02509, 50.97073], [7.02462, 50.9706], [7.02451, 50.97035], [7.02418, 50.97036], [7.02395, 50.97068]]], [[[7.02709, 50.97151], [7.02668, 50.97215], [7.02665, 50.97296], [7.02789, 50.97201], [7.02778, 50.97141], [7.02721, 50.97124], [7.02709, 50.97151]]], [[[7.03418, 50.97461], [7.03573, 50.97487], [7.036, 50.97432], [7.03533, 50.97411], [7.03513, 50.97368], [7.03438, 50.97389], [7.03258, 50.97361], [7.03274, 50.9742], [7.03418, 50.97461]]], [[[7.02818, 50.97559], [7.02821, 50.97556], [7.02806, 50.97547], [7.02797, 50.97558], [7.02818, 50.97559]]], [[[7.02649, 50.97739], [7.02721, 50.9768], [7.02809, 50.97647], [7.02788, 50.97612], [7.02755, 50.97608], [7.02623, 50.97731], [7.02632, 50.97747], [7.02649, 50.97739]]], [[[7.02495, 50.97893], [7.02557, 50.97899], [7.02588, 50.97842], [7.02482, 50.97832], [7.0243, 50.97864], [7.02495, 50.97893]]], [[[7.02677, 50.98518], [7.0266, 50.98538], [7.02706, 50.9858], [7.02724, 50.98552], [7.027, 50.985], [7.02677, 50.98518]]], [[[7.02646, 50.98639], [7.02634, 50.98667], [7.02646, 50.98714], [7.0273, 50.98602], [7.02682, 50.98588], [7.02646, 50.98639]]], [[[7.02639, 50.98733], [7.02325, 50.98817], [7.02406, 50.98834], [7.02486, 50.98905], [7.02461, 50.98944], [7.02324, 50.99016], [7.02674, 50.99172], [7.02729, 50.99088], [7.02693, 50.99058], [7.02698, 50.99019], [7.02658, 50.99006], [7.02828, 50.98786], [7.02757, 50.98715], [7.02742, 50.98624], [7.02639, 50.98733]]], [[[7.02612, 50.99249], [7.0263, 50.99218], [7.02271, 50.9906], [7.02164, 50.98991], [7.02087, 50.98847], [7.01868, 50.98832], [7.01881, 50.99451], [7.02074, 50.99601], [7.02233, 50.99682], [7.02424, 50.99534], [7.02629, 50.99286], [7.02612, 50.99249]], [[7.0214, 50.99304], [7.02141, 50.99304], [7.0214, 50.99306], [7.0214, 50.99304]]], [[[7.02605, 50.99591], [7.02628, 50.9957], [7.02578, 50.99621], [7.02589, 50.99603], [7.02605, 50.99591]]], [[[7.02572, 50.99678], [7.02577, 50.99644], [7.02545, 50.99637], [7.02493, 50.99669], [7.02553, 50.99704], [7.02572, 50.99678]]], [[[7.02561, 50.99747], [7.02527, 50.99739], [7.02526, 50.9974], [7.02572, 50.99758], [7.02561, 50.99747]]], [[[7.02274, 50.99781], [7.02347, 50.99797], [7.02395, 50.99774], [7.02286, 50.9976], [7.02274, 50.99781]]], [[[7.025, 50.99793], [7.02493, 50.9979], [7.02519, 50.998], [7.02511, 50.99797], [7.025, 50.99793]]], [[[7.02963, 50.99906], [7.03014, 50.99947], [7.03055, 50.99939], [7.03058, 50.99908], [7.03003, 50.99889], [7.03021, 50.99841], [7.03158, 50.99784], [7.03389, 50.99808], [7.03379, 50.99699], [7.03248, 50.99749], [7.0269, 50.99801], [7.02963, 50.99906]]], [[[7.02289, 50.99931], [7.02298, 50.99853], [7.02249, 50.9984], [7.02197, 50.99921], [7.02289, 50.99931]]], [[[7.02938, 50.99975], [7.02905, 50.99946], [7.02659, 50.99854], [7.02585, 50.99927], [7.02456, 50.9998], [7.02423, 51.00015], [7.02183, 51.00096], [7.02191, 51.00217], [7.02223, 51.00234], [7.02312, 51.00117], [7.02404, 51.00111], [7.02501, 51.00069], [7.02601, 51.00075], [7.02678, 50.99997], [7.02774, 50.99999], [7.02857, 51.00038], [7.02938, 50.99975]]], [[[7.02504, 51.0121], [7.02525, 51.0122], [7.02532, 51.01225], [7.02521, 51.0121], [7.02504, 51.0121]]], [[[7.02209, 51.02363], [7.02254, 51.02391], [7.02281, 51.02353], [7.02211, 51.02306], [7.02073, 51.02297], [7.02065, 51.02307], [7.02209, 51.02363]]], [[[7.02308, 51.02451], [7.02281, 51.02482], [7.02297, 51.02494], [7.02459, 51.02515], [7.02344, 51.02462], [7.02351, 51.02433], [7.02308, 51.02451]]], [[[7.02537, 51.0252], [7.02612, 51.02505], [7.02742, 51.02522], [7.02746, 51.02511], [7.02599, 51.02495], [7.02508, 51.02522], [7.02537, 51.0252]]], [[[7.02553, 51.02526], [7.02553, 51.02524], [7.02549, 51.02525], [7.02553, 51.02526]]], [[[7.0241, 51.02568], [7.0241, 51.02568], [7.02411, 51.02568], [7.02409, 51.02567], [7.0241, 51.02568]]], [[[7.03139, 51.02567], [7.02903, 51.02579], [7.02904, 51.02608], [7.03126, 51.02583], [7.03139, 51.02567]]], [[[7.02624, 51.026], [7.02731, 51.02585], [7.0251, 51.02588], [7.02522, 51.02601], [7.02624, 51.026]]], [[[7.02355, 51.03803], [7.02343, 51.03808], [7.02371, 51.03814], [7.02369, 51.03798], [7.02355, 51.03803]]], [[[7.04591, 50.92227], [7.04552, 50.92217], [7.04616, 50.92285], [7.04644, 50.92244], [7.04591, 50.92227]]], [[[7.05247, 50.93214], [7.0529, 50.93194], [7.05302, 50.93155], [7.05193, 50.9325], [7.05208, 50.93258], [7.05247, 50.93214]]], [[[7.05144, 50.93296], [7.05145, 50.93296], [7.05144, 50.93296], [7.05144, 50.93296]]], [[[7.04348, 50.937], [7.04351, 50.93651], [7.04313, 50.93645], [7.04286, 50.93593], [7.04193, 50.93535], [7.03897, 50.93658], [7.03832, 50.93656], [7.03731, 50.93613], [7.03663, 50.93641], [7.0358, 50.93624], [7.03534, 50.93677], [7.03692, 50.93686], [7.03746, 50.93735], [7.03918, 50.93703], [7.03971, 50.93729], [7.03981, 50.9377], [7.04079, 50.93783], [7.04164, 50.93756], [7.04248, 50.93797], [7.04325, 50.93804], [7.04456, 50.9374], [7.04386, 50.93728], [7.04348, 50.937]]], [[[7.04728, 50.937], [7.04729, 50.93698], [7.04632, 50.93788], [7.04637, 50.93787], [7.04728, 50.937]]], [[[7.03706, 50.938], [7.03666, 50.9377], [7.03701, 50.93862], [7.0371, 50.93832], [7.03706, 50.938]]], [[[7.04441, 50.93815], [7.04368, 50.93853], [7.04234, 50.94075], [7.04492, 50.9379], [7.04441, 50.93815]]], [[[7.0545, 50.93925], [7.05458, 50.93921], [7.05458, 50.93921], [7.05449, 50.93923], [7.0545, 50.93925]]], [[[7.03994, 50.94386], [7.04075, 50.94279], [7.04085, 50.94266], [7.04064, 50.94276], [7.03951, 50.94445], [7.03994, 50.94386]]], [[[7.03905, 50.94522], [7.03908, 50.94516], [7.03875, 50.94576], [7.03905, 50.94522]]], [[[7.05524, 50.94656], [7.05465, 50.94644], [7.05454, 50.94719], [7.05354, 50.94771], [7.05426, 50.94873], [7.0563, 50.94789], [7.05667, 50.94668], [7.05524, 50.94656]]], [[[7.05179, 50.94777], [7.05189, 50.94782], [7.05196, 50.94779], [7.05193, 50.94778], [7.05179, 50.94777]]], [[[7.05354, 50.9481], [7.05368, 50.94818], [7.05342, 50.94781], [7.05324, 50.94791], [7.05354, 50.9481]]], [[[7.0539, 50.94879], [7.05407, 50.94871], [7.05393, 50.94851], [7.05395, 50.94863], [7.0539, 50.94879]]], [[[7.03871, 50.94868], [7.03885, 50.9484], [7.03885, 50.94832], [7.03871, 50.94868]]], [[[7.04004, 50.9486], [7.04003, 50.9483], [7.03916, 50.94824], [7.03838, 50.95054], [7.03863, 50.95061], [7.03877, 50.9499], [7.03891, 50.9508], [7.03979, 50.95024], [7.04004, 50.9486]]], [[[7.05559, 50.9489], [7.05345, 50.94973], [7.05331, 50.9506], [7.05531, 50.94942], [7.05583, 50.94881], [7.05559, 50.9489]]], [[[7.05077, 50.94915], [7.05077, 50.9492], [7.05076, 50.94931], [7.05097, 50.94915], [7.05075, 50.94904], [7.05077, 50.94915]]], [[[7.05306, 50.94922], [7.05304, 50.94922], [7.05298, 50.94922], [7.05303, 50.94924], [7.05306, 50.94922]]], [[[7.05655, 50.94937], [7.05654, 50.94929], [7.0564, 50.94945], [7.05656, 50.94949], [7.05655, 50.94937]]], [[[7.03816, 50.95051], [7.03824, 50.95028], [7.03841, 50.94951], [7.03805, 50.9505], [7.03816, 50.95051]]], [[[7.05536, 50.95029], [7.0554, 50.95099], [7.05563, 50.95121], [7.05598, 50.95115], [7.05666, 50.95058], [7.05657, 50.9496], [7.05568, 50.95006], [7.05492, 50.95055], [7.05536, 50.95029]]], [[[7.05293, 50.95084], [7.05275, 50.95089], [7.05281, 50.95097], [7.05301, 50.95081], [7.05293, 50.95084]]], [[[7.03934, 50.95155], [7.03966, 50.95187], [7.03978, 50.95193], [7.03947, 50.95159], [7.03934, 50.95155]]], [[[7.04025, 50.95227], [7.0397, 50.95214], [7.03807, 50.95223], [7.03824, 50.95175], [7.03794, 50.95174], [7.03776, 50.95221], [7.04086, 50.95253], [7.04025, 50.95227]]], [[[7.03593, 50.95262], [7.03603, 50.95272], [7.03606, 50.95264], [7.03593, 50.95262]]], [[[7.04861, 50.95439], [7.04862, 50.95438], [7.04861, 50.95438], [7.04861, 50.95439]]], [[[7.03733, 50.95481], [7.03735, 50.95478], [7.03706, 50.95503], [7.03746, 50.9541], [7.03714, 50.95301], [7.03718, 50.95435], [7.03656, 50.95547], [7.03685, 50.95543], [7.03733, 50.95481]]], [[[7.04703, 50.95429], [7.04626, 50.95437], [7.04591, 50.95446], [7.04751, 50.9544], [7.04753, 50.95462], [7.04773, 50.95458], [7.04773, 50.95439], [7.04703, 50.95429]]], [[[7.04218, 50.95351], [7.04287, 50.9534], [7.03976, 50.95347], [7.03929, 50.9534], [7.03919, 50.95309], [7.03897, 50.95306], [7.03911, 50.95339], [7.03745, 50.95284], [7.03758, 50.95354], [7.03805, 50.95385], [7.03873, 50.95386], [7.03925, 50.95352], [7.04014, 50.95363], [7.03853, 50.95408], [7.0398, 50.95382], [7.03893, 50.95418], [7.03907, 50.95426], [7.04059, 50.95382], [7.04159, 50.95389], [7.04176, 50.95584], [7.0419, 50.95587], [7.04217, 50.95579], [7.0419, 50.95559], [7.04164, 50.95441], [7.04183, 50.95385], [7.04231, 50.95371], [7.04115, 50.95383], [7.04073, 50.95366], [7.04218, 50.95351]], [[7.03765, 50.95338], [7.03767, 50.95297], [7.03908, 50.95348], [7.03881, 50.95372], [7.03829, 50.9538], [7.03765, 50.95338]]], [[[7.05537, 50.95273], [7.05473, 50.95251], [7.05501, 50.95312], [7.0546, 50.95353], [7.05453, 50.95436], [7.05525, 50.95485], [7.05586, 50.95492], [7.05587, 50.95527], [7.05423, 50.95551], [7.05348, 50.95508], [7.05314, 50.95511], [7.05316, 50.95548], [7.05272, 50.9559], [7.05089, 50.95609], [7.05166, 50.95768], [7.05248, 50.95761], [7.05313, 50.95805], [7.05302, 50.95847], [7.05227, 50.95901], [7.05254, 50.96048], [7.05214, 50.96063], [7.05176, 50.96046], [7.05073, 50.95766], [7.0491, 50.95801], [7.05022, 50.95855], [7.05041, 50.959], [7.04976, 50.9597], [7.04921, 50.9599], [7.0487, 50.96068], [7.04776, 50.96087], [7.04719, 50.9608], [7.04827, 50.96166], [7.04941, 50.9611], [7.05095, 50.96085], [7.05196, 50.96112], [7.05326, 50.96104], [7.05433, 50.96144], [7.05511, 50.96145], [7.05541, 50.96056], [7.05685, 50.95979], [7.05715, 50.95722], [7.05695, 50.95403], [7.05654, 50.95392], [7.05617, 50.95308], [7.05537, 50.95273]]], [[[7.04302, 50.95588], [7.04286, 50.95588], [7.04562, 50.95579], [7.04305, 50.95588], [7.04302, 50.95588]]], [[[7.04553, 50.95596], [7.04554, 50.95593], [7.04551, 50.95593], [7.04553, 50.95597], [7.04553, 50.95596]]], [[[7.0358, 50.9565], [7.03578, 50.95646], [7.03571, 50.95665], [7.03582, 50.95653], [7.0358, 50.9565]]], [[[7.03823, 50.95788], [7.03731, 50.9576], [7.03706, 50.95815], [7.03626, 50.95834], [7.03619, 50.95871], [7.03564, 50.95883], [7.03585, 50.95988], [7.03658, 50.95998], [7.03603, 50.96074], [7.03675, 50.96192], [7.03803, 50.96306], [7.0386, 50.96335], [7.03884, 50.96308], [7.0387, 50.96271], [7.03672, 50.96061], [7.03698, 50.96013], [7.03776, 50.9598], [7.0401, 50.96015], [7.04096, 50.96055], [7.04174, 50.96152], [7.04255, 50.96145], [7.0442, 50.96206], [7.04417, 50.96166], [7.04198, 50.96128], [7.04104, 50.96018], [7.04138, 50.95976], [7.0421, 50.95964], [7.04261, 50.95981], [7.04307, 50.96028], [7.04426, 50.96055], [7.04443, 50.96], [7.04226, 50.95938], [7.04157, 50.95952], [7.04078, 50.95921], [7.04, 50.95915], [7.03935, 50.95868], [7.03929, 50.9583], [7.03823, 50.95788]]], [[[7.04754, 50.95834], [7.04755, 50.95833], [7.04758, 50.9583], [7.04753, 50.95832], [7.04754, 50.95834]]], [[[7.04531, 50.96276], [7.04524, 50.9631], [7.04566, 50.96317], [7.04568, 50.96271], [7.046, 50.96222], [7.04625, 50.96221], [7.04622, 50.9619], [7.04745, 50.96186], [7.04521, 50.96038], [7.04497, 50.96236], [7.04531, 50.96276]]], [[[7.04486, 50.96361], [7.04495, 50.96413], [7.04537, 50.96424], [7.04558, 50.96323], [7.04533, 50.9632], [7.04563, 50.96319], [7.04521, 50.96314], [7.04486, 50.96361]]], [[[7.04684, 50.96376], [7.0474, 50.96386], [7.04748, 50.96371], [7.04628, 50.96362], [7.04626, 50.96383], [7.04684, 50.96376]]], [[[7.0402, 50.96452], [7.04023, 50.96473], [7.04055, 50.9646], [7.04037, 50.9645], [7.0402, 50.96452]]], [[[7.05479, 50.9652], [7.05466, 50.9656], [7.05518, 50.9655], [7.05523, 50.96532], [7.05458, 50.96464], [7.05479, 50.9652]]], [[[7.05544, 50.9654], [7.05545, 50.96549], [7.05566, 50.96548], [7.05564, 50.96547], [7.05544, 50.9654]]], [[[7.0429, 50.96529], [7.04258, 50.96571], [7.04297, 50.96583], [7.04356, 50.96533], [7.04303, 50.96508], [7.0429, 50.96529]]], [[[7.04584, 50.96572], [7.04581, 50.9657], [7.04579, 50.9657], [7.04578, 50.96572], [7.04584, 50.96572]]], [[[7.05434, 50.96664], [7.05433, 50.96586], [7.05373, 50.96594], [7.05269, 50.96571], [7.05258, 50.96601], [7.05308, 50.96649], [7.05321, 50.96702], [7.05443, 50.967], [7.05434, 50.96664]]], [[[7.04376, 50.96629], [7.04333, 50.9674], [7.04393, 50.9675], [7.04436, 50.96714], [7.04519, 50.96709], [7.04594, 50.96668], [7.04583, 50.96626], [7.04611, 50.96588], [7.04367, 50.96545], [7.04321, 50.96595], [7.04376, 50.96629]]], [[[7.04125, 50.96646], [7.04136, 50.96631], [7.04107, 50.96628], [7.04099, 50.96636], [7.04125, 50.96646]]], [[[7.04122, 50.96653], [7.04124, 50.96649], [7.04096, 50.96639], [7.04093, 50.96641], [7.04122, 50.96653]]], [[[7.04054, 50.9669], [7.04113, 50.96703], [7.04079, 50.96672], [7.04091, 50.96643], [7.04054, 50.9669]]], [[[7.04545, 50.97574], [7.04579, 50.97514], [7.04647, 50.97502], [7.0463, 50.97557], [7.04707, 50.97467], [7.04671, 50.97457], [7.04641, 50.97502], [7.04593, 50.97463], [7.04537, 50.97478], [7.04494, 50.97574], [7.04532, 50.97589], [7.04545, 50.97574]]], [[[7.05073, 50.97691], [7.05051, 50.9769], [7.05086, 50.97702], [7.05087, 50.97698], [7.05073, 50.97691]]], [[[7.05286, 50.97954], [7.05258, 50.97958], [7.05254, 50.97959], [7.0528, 50.97967], [7.05286, 50.97954]]], [[[7.03663, 50.98008], [7.03676, 50.97996], [7.03635, 50.97977], [7.03618, 50.97992], [7.03663, 50.98008]]], [[[7.04589, 50.98147], [7.04573, 50.98181], [7.04618, 50.98202], [7.04633, 50.98132], [7.04589, 50.98147]]], [[[7.047, 50.98268], [7.04789, 50.98289], [7.04781, 50.98343], [7.04836, 50.98343], [7.04882, 50.98366], [7.04899, 50.98407], [7.0487, 50.98441], [7.04892, 50.98481], [7.04941, 50.98486], [7.0498, 50.98237], [7.04806, 50.98221], [7.04796, 50.98267], [7.047, 50.98268]]], [[[7.04295, 50.98488], [7.0428, 50.98489], [7.04348, 50.98508], [7.04295, 50.98488]]], [[[7.0442, 50.98919], [7.0443, 50.98904], [7.04534, 50.98888], [7.04416, 50.98832], [7.04365, 50.98859], [7.0438, 50.98916], [7.0442, 50.98919]]], [[[7.04353, 50.99003], [7.04344, 50.98981], [7.043, 50.98985], [7.0432, 50.99052], [7.04353, 50.99003]]], [[[7.05213, 50.99111], [7.05207, 50.99058], [7.0517, 50.99016], [7.05128, 50.99023], [7.05103, 50.99007], [7.05074, 50.99041], [7.05022, 50.98996], [7.04962, 50.99004], [7.05007, 50.99072], [7.0509, 50.99081], [7.05141, 50.99121], [7.05213, 50.99111]]], [[[7.04729, 50.99158], [7.04709, 50.99192], [7.04722, 50.99206], [7.04734, 50.99159], [7.04729, 50.99158]]], [[[7.04662, 50.9933], [7.04579, 50.99366], [7.04634, 50.99395], [7.0468, 50.99376], [7.04662, 50.9933]]], [[[7.0545, 50.9951], [7.05428, 50.99499], [7.05413, 50.99518], [7.05461, 50.99549], [7.0545, 50.9951]]], [[[7.05458, 50.9961], [7.05478, 50.99576], [7.05405, 50.99524], [7.05317, 50.99541], [7.05419, 50.99616], [7.05419, 50.99647], [7.05471, 50.9964], [7.05458, 50.9961]]], [[[7.05119, 50.99609], [7.0513, 50.99609], [7.05108, 50.99577], [7.05087, 50.99587], [7.05119, 50.99609]]], [[[7.03461, 50.99571], [7.03477, 50.99624], [7.03548, 50.99587], [7.03512, 50.99555], [7.03461, 50.99571]]], [[[7.03555, 50.99773], [7.03566, 50.99787], [7.0354, 50.99705], [7.03504, 50.99705], [7.03555, 50.99773]]], [[[7.03576, 50.99885], [7.03558, 50.99905], [7.03635, 50.99905], [7.03593, 50.99874], [7.03576, 50.99885]]], [[[7.03427, 51.00729], [7.0341, 51.00702], [7.0336, 51.00721], [7.03354, 51.00743], [7.03427, 51.00729]]], [[[7.04819, 51.00753], [7.04823, 51.00798], [7.0495, 51.00771], [7.04911, 51.00698], [7.04802, 51.00721], [7.04819, 51.00753]]], [[[7.03487, 51.01087], [7.03414, 51.01003], [7.03404, 51.00903], [7.03302, 51.00933], [7.03255, 51.01101], [7.03314, 51.01183], [7.03543, 51.01113], [7.03487, 51.01087]]], [[[7.03589, 51.02047], [7.03695, 51.02008], [7.03451, 51.01868], [7.03308, 51.01838], [7.0314, 51.01834], [7.03131, 51.01902], [7.031, 51.01935], [7.03029, 51.01927], [7.03102, 51.01939], [7.03157, 51.01914], [7.0326, 51.0191], [7.03408, 51.01921], [7.03443, 51.01942], [7.03464, 51.0201], [7.03417, 51.0207], [7.0336, 51.02247], [7.0337, 51.02343], [7.03306, 51.02381], [7.03296, 51.02517], [7.03632, 51.02551], [7.03656, 51.02487], [7.0347, 51.02417], [7.03419, 51.02369], [7.03459, 51.02254], [7.03447, 51.02198], [7.03589, 51.02047]]], [[[7.03954, 51.02067], [7.0397, 51.02042], [7.03652, 51.01846], [7.03631, 51.01863], [7.03574, 51.01854], [7.03546, 51.01896], [7.03919, 51.02108], [7.03954, 51.02067]]], [[[7.0687, 50.94066], [7.06887, 50.94054], [7.06806, 50.94053], [7.06843, 50.94076], [7.0687, 50.94066]]], [[[7.06495, 50.94094], [7.06503, 50.94089], [7.06493, 50.94083], [7.06491, 50.94097], [7.06495, 50.94094]]], [[[7.06362, 50.94169], [7.06333, 50.94183], [7.06293, 50.94235], [7.06334, 50.94244], [7.06378, 50.94216], [7.0643, 50.94212], [7.0641, 50.94123], [7.06362, 50.94169]]], [[[7.05809, 50.94499], [7.05792, 50.94539], [7.05816, 50.94593], [7.05925, 50.945], [7.05816, 50.94479], [7.05809, 50.94499]]], [[[7.05684, 50.94582], [7.05675, 50.94602], [7.05734, 50.94609], [7.0571, 50.94556], [7.05684, 50.94582]]], [[[7.06807, 50.94741], [7.06782, 50.9474], [7.06754, 50.94733], [7.06845, 50.94739], [7.06807, 50.94741]]], [[[7.0597, 50.94727], [7.05985, 50.94761], [7.06001, 50.94756], [7.0597, 50.94727]]], [[[7.06824, 50.9488], [7.06846, 50.94858], [7.06908, 50.94851], [7.06941, 50.94865], [7.06955, 50.94904], [7.07275, 50.9488], [7.07295, 50.94905], [7.07212, 50.94788], [7.07071, 50.94824], [7.0697, 50.94829], [7.06936, 50.94806], [7.06957, 50.94747], [7.06912, 50.94741], [7.069, 50.9476], [7.06675, 50.94817], [7.06693, 50.94787], [7.06641, 50.94712], [7.06298, 50.94689], [7.06353, 50.9471], [7.06383, 50.94769], [7.06289, 50.94788], [7.06274, 50.94776], [7.06302, 50.94744], [7.06259, 50.94706], [7.06172, 50.94729], [7.06108, 50.94779], [7.06034, 50.94776], [7.05805, 50.9483], [7.05808, 50.94848], [7.06254, 50.94782], [7.06275, 50.94797], [7.06034, 50.94844], [7.0605, 50.94859], [7.06121, 50.94847], [7.06216, 50.9486], [7.0624, 50.94892], [7.06207, 50.94921], [7.05829, 50.9495], [7.05761, 50.94933], [7.05774, 50.95089], [7.05983, 50.95058], [7.05836, 50.94981], [7.05947, 50.94951], [7.06065, 50.95045], [7.06841, 50.94936], [7.06824, 50.9488]]], [[[7.06095, 50.95109], [7.05944, 50.95173], [7.05925, 50.95138], [7.05886, 50.95141], [7.05914, 50.95176], [7.05878, 50.95226], [7.05826, 50.95244], [7.05781, 50.95223], [7.05801, 50.95278], [7.0588, 50.95272], [7.06046, 50.95139], [7.06321, 50.95077], [7.06095, 50.95109]]], [[[7.07445, 50.95401], [7.07653, 50.95118], [7.07582, 50.95063], [7.06651, 50.95103], [7.06531, 50.95141], [7.06377, 50.95239], [7.07116, 50.95146], [7.07009, 50.95286], [7.0695, 50.9544], [7.06952, 50.95543], [7.07004, 50.95644], [7.07141, 50.95376], [7.07436, 50.95437], [7.07445, 50.95401]]], [[[7.07358, 50.95434], [7.07336, 50.95427], [7.07364, 50.95437], [7.07358, 50.95434]]], [[[7.05924, 50.9539], [7.0578, 50.9539], [7.05801, 50.95722], [7.05782, 50.95955], [7.0591, 50.9598], [7.05992, 50.96024], [7.06067, 50.9615], [7.06166, 50.96203], [7.06203, 50.96159], [7.06254, 50.95992], [7.06329, 50.95902], [7.0631, 50.95916], [7.06051, 50.95887], [7.06058, 50.95611], [7.06032, 50.95764], [7.05917, 50.95718], [7.05939, 50.95507], [7.06051, 50.95512], [7.06041, 50.95374], [7.05988, 50.95408], [7.05924, 50.9539]]], [[[7.08505, 50.9557], [7.08383, 50.95707], [7.08072, 50.95784], [7.08141, 50.95865], [7.0778, 50.95944], [7.07634, 50.96108], [7.07439, 50.96186], [7.07588, 50.96171], [7.07729, 50.96133], [7.07893, 50.95965], [7.08068, 50.95964], [7.08097, 50.95945], [7.08223, 50.95936], [7.08148, 50.9589], [7.08212, 50.95888], [7.08236, 50.95934], [7.08297, 50.95907], [7.08217, 50.95888], [7.08344, 50.95904], [7.08408, 50.95885], [7.08642, 50.95938], [7.08731, 50.95938], [7.08726, 50.95901], [7.08599, 50.95793], [7.08773, 50.95643], [7.0878, 50.95474], [7.08726, 50.95422], [7.08521, 50.9553], [7.08505, 50.9557]]], [[[7.08058, 50.9574], [7.08059, 50.95772], [7.08226, 50.95735], [7.08324, 50.95705], [7.08414, 50.95646], [7.08307, 50.95587], [7.08058, 50.9574]]], [[[7.07164, 50.9583], [7.07158, 50.95847], [7.06805, 50.95786], [7.06545, 50.95808], [7.06479, 50.95884], [7.0643, 50.95846], [7.06498, 50.95919], [7.06368, 50.9609], [7.06519, 50.96177], [7.06752, 50.96013], [7.06811, 50.96037], [7.06867, 50.9603], [7.06996, 50.96105], [7.07277, 50.96075], [7.07366, 50.95746], [7.07104, 50.95731], [7.07189, 50.95776], [7.07164, 50.9583]]], [[[7.07973, 50.95806], [7.07725, 50.95904], [7.07552, 50.96065], [7.07416, 50.96075], [7.07366, 50.96197], [7.07469, 50.96143], [7.07591, 50.96119], [7.07776, 50.95921], [7.08098, 50.95856], [7.0805, 50.95793], [7.07973, 50.95806]]], [[[7.08535, 50.96123], [7.08542, 50.96138], [7.08552, 50.96158], [7.08552, 50.96158], [7.08535, 50.96123]]], [[[7.07096, 50.96173], [7.07215, 50.96209], [7.07284, 50.96181], [7.07319, 50.9608], [7.07007, 50.96113], [7.07096, 50.96173]]], [[[7.05761, 50.96003], [7.05611, 50.96087], [7.05599, 50.96148], [7.05607, 50.96171], [7.05845, 50.9627], [7.05904, 50.96221], [7.06046, 50.96184], [7.05889, 50.96004], [7.05776, 50.95974], [7.05761, 50.96003]]], [[[7.06657, 50.96238], [7.06647, 50.9622], [7.06533, 50.96219], [7.06264, 50.96223], [7.06245, 50.96242], [7.06331, 50.96259], [7.06679, 50.96255], [7.06657, 50.96238]]], [[[7.07097, 50.96299], [7.07, 50.9629], [7.06953, 50.96266], [7.06857, 50.96287], [7.06769, 50.96263], [7.06596, 50.96291], [7.06568, 50.96263], [7.0636, 50.96282], [7.06468, 50.96324], [7.06693, 50.96356], [7.06869, 50.96408], [7.06928, 50.96391], [7.07014, 50.96407], [7.0712, 50.96314], [7.07097, 50.96299]]], [[[7.06547, 50.96407], [7.06564, 50.96383], [7.06522, 50.96381], [7.06535, 50.96392], [7.06547, 50.96407]]], [[[7.07346, 50.9653], [7.07381, 50.96535], [7.0738, 50.96513], [7.07364, 50.96518], [7.07346, 50.9653]]], [[[7.05806, 50.96573], [7.05807, 50.96573], [7.05805, 50.96573], [7.05806, 50.96573]]], [[[7.05753, 50.96577], [7.05745, 50.96593], [7.05787, 50.96576], [7.05779, 50.96576], [7.05753, 50.96577]]], [[[7.05655, 50.9676], [7.05625, 50.96761], [7.05676, 50.96795], [7.05707, 50.96777], [7.05706, 50.96748], [7.05655, 50.9676]]], [[[7.0864, 50.96875], [7.08672, 50.96894], [7.08722, 50.96889], [7.08724, 50.96848], [7.08625, 50.96867], [7.0864, 50.96875]]], [[[7.05927, 50.96855], [7.05941, 50.96807], [7.05902, 50.96808], [7.05902, 50.96857], [7.05927, 50.96855]]], [[[7.05872, 50.96883], [7.05892, 50.96886], [7.05903, 50.96881], [7.0588, 50.96879], [7.05872, 50.96883]]], [[[7.06256, 50.96934], [7.06257, 50.96897], [7.06304, 50.96856], [7.06273, 50.96813], [7.06206, 50.96813], [7.06194, 50.96851], [7.06237, 50.96911], [7.06169, 50.96961], [7.06248, 50.96982], [7.06256, 50.96934]]], [[[7.0823, 50.96957], [7.08256, 50.96921], [7.08241, 50.96883], [7.08143, 50.96979], [7.08054, 50.97002], [7.08142, 50.97026], [7.0823, 50.96957]]], [[[7.08006, 50.96968], [7.07975, 50.96906], [7.07822, 50.96963], [7.07967, 50.97019], [7.08005, 50.97018], [7.0803, 50.96982], [7.08006, 50.96968]]], [[[7.07513, 50.96957], [7.07509, 50.96955], [7.0751, 50.96957], [7.07513, 50.96957]]], [[[7.0843, 50.969], [7.08262, 50.9689], [7.08273, 50.96934], [7.08187, 50.97036], [7.07949, 50.97032], [7.07767, 50.96969], [7.07584, 50.96967], [7.07616, 50.97002], [7.07678, 50.97007], [7.07865, 50.97066], [7.07618, 50.97009], [7.07593, 50.9706], [7.07661, 50.97057], [7.07739, 50.97088], [7.0781, 50.97064], [7.07878, 50.97078], [7.07969, 50.97065], [7.08039, 50.97103], [7.08131, 50.97097], [7.08235, 50.97059], [7.08323, 50.97086], [7.08394, 50.97059], [7.08445, 50.97064], [7.08492, 50.97091], [7.08662, 50.97066], [7.08592, 50.96972], [7.08604, 50.96927], [7.08515, 50.96879], [7.0843, 50.969]]], [[[7.0737, 50.97048], [7.07372, 50.97054], [7.07427, 50.97049], [7.07387, 50.97049], [7.0737, 50.97048]]], [[[7.07168, 50.97042], [7.07135, 50.97039], [7.07146, 50.97058], [7.07203, 50.97045], [7.07168, 50.97042]]], [[[7.07927, 50.97618], [7.07902, 50.976], [7.07827, 50.97638], [7.07967, 50.9766], [7.07927, 50.97618]]], [[[7.0763, 50.97664], [7.07661, 50.97699], [7.07654, 50.97736], [7.07802, 50.97858], [7.0812, 50.97939], [7.0817, 50.97852], [7.08179, 50.97767], [7.07674, 50.97659], [7.0763, 50.97664]]], [[[7.06308, 50.97787], [7.06278, 50.97815], [7.06302, 50.97824], [7.06338, 50.97784], [7.06313, 50.97776], [7.06308, 50.97787]]], [[[7.08338, 50.97953], [7.08428, 50.9796], [7.08477, 50.97894], [7.08314, 50.97871], [7.08245, 50.97882], [7.08215, 50.97938], [7.08338, 50.97953]]], [[[7.07809, 50.97875], [7.07766, 50.97925], [7.07924, 50.97991], [7.07989, 50.97926], [7.07959, 50.97904], [7.07809, 50.97875]]], [[[7.07939, 50.98018], [7.08007, 50.98036], [7.08085, 50.97975], [7.08083, 50.97956], [7.08001, 50.97927], [7.07921, 50.98004], [7.07939, 50.98018]]], [[[7.05809, 50.98432], [7.05749, 50.98423], [7.05589, 50.98398], [7.05888, 50.98456], [7.05809, 50.98432]]], [[[7.08102, 50.98463], [7.08048, 50.98453], [7.08115, 50.98498], [7.08136, 50.98487], [7.08102, 50.98463]]], [[[7.06223, 50.98655], [7.06196, 50.9865], [7.06159, 50.98728], [7.06243, 50.9867], [7.06223, 50.98655]]], [[[7.06525, 50.98792], [7.06583, 50.98823], [7.06616, 50.98799], [7.06575, 50.98777], [7.06525, 50.98792]]], [[[7.0613, 50.98848], [7.06121, 50.98824], [7.06129, 50.98848], [7.0613, 50.98848]]], [[[7.05761, 50.98878], [7.05762, 50.98875], [7.0575, 50.9888], [7.05761, 50.98878]]], [[[7.05932, 50.99085], [7.06051, 50.99054], [7.06155, 50.99053], [7.06233, 50.99014], [7.06229, 50.98968], [7.06187, 50.98947], [7.05857, 50.99012], [7.05694, 50.99011], [7.05842, 50.99082], [7.05912, 50.99072], [7.05932, 50.99085]], [[7.06122, 50.98984], [7.06062, 50.99018], [7.05996, 50.98997], [7.06017, 50.98987], [7.06122, 50.98984]]], [[[7.07945, 50.99247], [7.08, 50.99266], [7.08014, 50.99291], [7.07931, 50.99342], [7.07966, 50.99353], [7.08042, 50.99339], [7.08031, 50.99325], [7.08108, 50.9927], [7.08022, 50.99249], [7.08003, 50.99192], [7.0798, 50.99192], [7.07984, 50.99234], [7.07945, 50.99247]]], [[[7.07653, 50.99352], [7.07665, 50.99346], [7.07619, 50.99342], [7.07641, 50.99356], [7.07653, 50.99352]]], [[[7.06222, 50.9933], [7.06228, 50.99346], [7.0623, 50.99347], [7.06235, 50.99331], [7.06222, 50.9933]]], [[[7.08199, 50.99389], [7.08199, 50.99417], [7.08209, 50.99408], [7.08199, 50.99389]]], [[[7.07379, 50.9942], [7.07347, 50.99375], [7.07365, 50.99335], [7.07294, 50.99349], [7.07279, 50.99391], [7.07117, 50.99454], [7.07152, 50.99491], [7.0713, 50.99543], [7.07081, 50.99564], [7.07019, 50.99558], [7.07129, 50.99734], [7.07179, 50.99741], [7.07191, 50.99456], [7.07432, 50.9946], [7.07379, 50.9942]]], [[[7.0593, 50.99596], [7.05934, 50.99557], [7.0588, 50.99512], [7.05898, 50.99461], [7.05839, 50.9949], [7.05928, 50.99642], [7.05966, 50.99632], [7.0593, 50.99596]]], [[[7.06478, 51.00188], [7.06529, 51.0016], [7.06452, 51.0012], [7.06398, 51.00155], [7.06478, 51.00188]]], [[[7.06833, 51.00558], [7.06833, 51.00523], [7.06751, 51.0052], [7.06689, 51.00491], [7.06597, 51.0051], [7.06499, 51.00487], [7.06468, 51.00446], [7.06446, 51.00462], [7.06463, 51.00466], [7.06439, 51.00493], [7.06837, 51.00587], [7.06833, 51.00558]]], [[[7.06609, 51.0112], [7.06653, 51.01047], [7.06728, 51.00999], [7.06791, 51.00927], [7.06749, 51.00958], [7.06689, 51.0093], [7.06655, 51.00923], [7.0682, 51.00777], [7.0689, 51.0078], [7.0696, 51.00735], [7.06979, 51.0064], [7.06945, 51.0068], [7.06911, 51.00697], [7.06761, 51.00823], [7.06284, 51.01239], [7.06433, 51.01115], [7.06587, 51.01149], [7.06646, 51.01032], [7.06691, 51.01011], [7.06649, 51.01046], [7.06618, 51.01089], [7.06601, 51.01126], [7.0656, 51.01198], [7.06553, 51.01244], [7.06609, 51.0112]], [[7.06599, 51.00971], [7.06652, 51.00925], [7.06746, 51.0096], [7.06697, 51.01007], [7.06599, 51.00971]]], [[[7.05549, 51.01868], [7.05602, 51.01871], [7.05665, 51.01881], [7.05602, 51.01869], [7.05549, 51.01868]]]]}, "properties": {"kind": "pv", "area_km2": 11.14, "mw": 557.2}}, {"type": "Feature", "geometry": {"type": "Point", "coordinates": [6.92411, 51.00705]}, "properties": {"kind": "turbine", "i": 0, "mw": 6.0, "hub_m": 120.0, "rotor_m": 150.0}}, {"type": "Feature", "geometry": {"type": "Point", "coordinates": [7.06687, 50.95367]}, "properties": {"kind": "turbine", "i": 1, "mw": 6.0, "hub_m": 120.0, "rotor_m": 150.0}}, {"type": "Feature", "geometry": {"type": "Point", "coordinates": [6.877, 51.01277]}, "properties": {"kind": "turbine", "i": 2, "mw": 6.0, "hub_m": 120.0, "rotor_m": 150.0}}, {"type": "Feature", "geometry": {"type": "Point", "coordinates": [6.86614, 51.02242]}, "properties": {"kind": "turbine", "i": 3, "mw": 6.0, "hub_m": 120.0, "rotor_m": 150.0}}, {"type": "Feature", "geometry": {"type": "Point", "coordinates": [7.03846, 50.88751]}, "properties": {"kind": "turbine", "i": 4, "mw": 6.0, "hub_m": 120.0, "rotor_m": 150.0}}, {"type": "Feature", "geometry": {"type": "Point", "coordinates": [6.84135, 50.99569]}, "properties": {"kind": "turbine", "i": 5, "mw": 6.0, "hub_m": 120.0, "rotor_m": 150.0}}, {"type": "Feature", "geometry": {"type": "Point", "coordinates": [6.87125, 50.91086]}, "properties": {"kind": "turbine", "i": 6, "mw": 6.0, "hub_m": 120.0, "rotor_m": 150.0}}, {"type": "Feature", "geometry": {"type": "Point", "coordinates": [6.88576, 51.04905]}, "properties": {"kind": "turbine", "i": 7, "mw": 6.0, "hub_m": 120.0, "rotor_m": 150.0}}, {"type": "Feature", "geometry": {"type": "Point", "coordinates": [6.97326, 51.07359]}, "properties": {"kind": "turbine", "i": 8, "mw": 6.0, "hub_m": 120.0, "rotor_m": 150.0}}, {"type": "Feature", "geometry": {"type": "Point", "coordinates": [6.86034, 51.03545]}, "properties": {"kind": "turbine", "i": 9, "mw": 6.0, "hub_m": 120.0, "rotor_m": 150.0}}, {"type": "Feature", "geometry": {"type": "Point", "coordinates": [6.84533, 51.02204]}, "properties": {"kind": "turbine", "i": 10, "mw": 6.0, "hub_m": 120.0, "rotor_m": 150.0}}, {"type": "Feature", "geometry": {"type": "Point", "coordinates": [6.89573, 51.05908]}, "properties": {"kind": "turbine", "i": 11, "mw": 6.0, "hub_m": 120.0, "rotor_m": 150.0}}, {"type": "Feature", "geometry": {"type": "Point", "coordinates": [6.82147, 50.97562]}, "properties": {"kind": "turbine", "i": 12, "mw": 6.0, "hub_m": 120.0, "rotor_m": 150.0}}, {"type": "Feature", "geometry": {"type": "Point", "coordinates": [6.86494, 51.04867]}, "properties": {"kind": "turbine", "i": 13, "mw": 6.0, "hub_m": 120.0, "rotor_m": 150.0}}, {"type": "Feature", "geometry": {"type": "Point", "coordinates": [6.82483, 51.01509]}, "properties": {"kind": "turbine", "i": 14, "mw": 6.0, "hub_m": 120.0, "rotor_m": 150.0}}, {"type": "Feature", "geometry": {"type": "Point", "coordinates": [6.83447, 51.03169]}, "properties": {"kind": "turbine", "i": 15, "mw": 6.0, "hub_m": 120.0, "rotor_m": 150.0}}, {"type": "Feature", "geometry": {"type": "Point", "coordinates": [6.81231, 50.94918]}, "properties": {"kind": "turbine", "i": 16, "mw": 6.0, "hub_m": 120.0, "rotor_m": 150.0}}, {"type": "Feature", "geometry": {"type": "Point", "coordinates": [6.80604, 50.97205]}, "properties": {"kind": "turbine", "i": 17, "mw": 6.0, "hub_m": 120.0, "rotor_m": 150.0}}, {"type": "Feature", "geometry": {"type": "Point", "coordinates": [6.80557, 50.98189]}, "properties": {"kind": "turbine", "i": 18, "mw": 6.0, "hub_m": 120.0, "rotor_m": 150.0}}]}